ax_mean,ax_std,ax_min,ax_max,ax_range,ax_rms,ax_energy,ax_median,ax_dominant_frequency,ax_dominant_frequency_power,ax_band_energy_0_5_3hz,ax_spectral_entropy,ay_mean,ay_std,ay_min,ay_max,ay_range,ay_rms,ay_energy,ay_median,ay_dominant_frequency,ay_dominant_frequency_power,ay_band_energy_0_5_3hz,ay_spectral_entropy,az_mean,az_std,az_min,az_max,az_range,az_rms,az_energy,az_median,az_dominant_frequency,az_dominant_frequency_power,az_band_energy_0_5_3hz,az_spectral_entropy,gx_mean,gx_std,gx_min,gx_max,gx_range,gx_rms,gx_energy,gx_median,gx_dominant_frequency,gx_dominant_frequency_power,gx_band_energy_0_5_3hz,gx_spectral_entropy,gy_mean,gy_std,gy_min,gy_max,gy_range,gy_rms,gy_energy,gy_median,gy_dominant_frequency,gy_dominant_frequency_power,gy_band_energy_0_5_3hz,gy_spectral_entropy,gz_mean,gz_std,gz_min,gz_max,gz_range,gz_rms,gz_energy,gz_median,gz_dominant_frequency,gz_dominant_frequency_power,gz_band_energy_0_5_3hz,gz_spectral_entropy,acc_mag_mean,acc_mag_std,acc_mag_min,acc_mag_max,acc_mag_range,acc_mag_rms,acc_mag_energy,acc_mag_median,acc_mag_dominant_frequency,acc_mag_dominant_frequency_power,acc_mag_band_energy_0_5_3hz,acc_mag_spectral_entropy,gyro_mag_mean,gyro_mag_std,gyro_mag_min,gyro_mag_max,gyro_mag_range,gyro_mag_rms,gyro_mag_energy,gyro_mag_median,gyro_mag_dominant_frequency,gyro_mag_dominant_frequency_power,gyro_mag_band_energy_0_5_3hz,gyro_mag_spectral_entropy,label,source_file,start_time_ms,end_time_ms
0.108303255,0.06686503042398152,-0.246582,0.26123,0.507812,0.12728129217286804,0.016200527337195,0.116455,0.5,31.26417580337787,41.66970904604257,0.7159090277677757,-1.74480714,0.036776303179226706,-1.890137,-1.597656,0.292481,1.7451946746052458,3.0457044522705097,-1.74707,1.5,7.202274274042786,11.587823159323605,0.7230425041682905,1.099187,0.049335138434284345,0.97168,1.250977,0.279297,1.1002936048406944,1.21064601685333,1.097168,1.5,27.108372067647256,40.91045679260188,0.38585704173502283,0.026514324999999995,0.44479363479972306,-0.547047,1.558006,2.105053,0.44558319872786384,0.198544386988555,-0.010392,1.5,2010.2714064072384,2676.842544000975,0.4629933773968976,0.11621626000000002,0.2709250423935602,-0.464178,1.149786,1.613964,0.2947992498028785,0.08690659768433999,0.048629000000000006,0.5,494.78077685526273,1130.5353764522288,0.4918904878927681,-0.003145584999999995,0.32956696164960586,-1.123939,1.352564,2.476503,0.329581972983877,0.108624276915945,0.0102585,1.5,685.78125707498,1137.4975079324659,0.5991306551335821,2.0668687720926844,0.024586081613650303,2.0101400199212494,2.190721766168858,0.1805817462476087,2.0670149966705695,4.272550996461035,2.0658932489267094,10.5,1.4005373211557852,1.176817106926452,0.8364651430680221,0.4967295771594323,0.38384240094581995,0.0643241080000337,1.7943443632148763,1.7300202552148427,0.6277541410367916,0.39407526158884,0.3866878864343999,3.0,956.8028072667652,1511.4935293791514,0.5669301960661122,chewing,chewing_01.csv,1867800.0,1869790.0
0.056733415,0.12548611887978994,-0.246582,0.224609,0.471191,0.13771509143545235,0.018965446409075,0.10693349999999999,0.5,215.1985536726537,271.01738621127623,0.350243616093692,-1.734499515,0.03643579278703532,-1.890137,-1.597656,0.292481,1.734882167333348,3.0098161345312553,-1.736084,0.5,6.315897973218054,12.351321192384784,0.7273226855412513,1.11219481,0.04936068236768916,1.008301,1.250977,0.2426760000000001,1.1132896174647189,1.23941377235474,1.1193849999999999,0.5,18.552946654166036,44.67342347107735,0.4088955944806401,-0.012579709999999996,0.48556370042587194,-0.885721,1.558006,2.443727,0.48572662710103715,0.23593035627495,-0.020916999999999998,1.5,2113.889126522212,3388.7184014017057,0.46725622372468417,0.14363658499999998,0.285482882263583,-0.286181,1.149786,1.435967,0.3195808890030582,0.102131944615985,0.0544915,0.5,689.6640269041451,1251.1296800685543,0.45688196572612094,0.0723419,0.3629763626803817,-0.938214,1.352564,2.290778,0.37011510420447585,0.13698519036029,0.04783,1.5,738.2625391934853,1799.2625675051595,0.5312209620955065,2.065809318206047,0.02504424301385241,2.000720277240674,2.190721766168858,0.19000148892818425,2.0659611209543782,4.268195353295071,2.066405351338573,10.5,1.372318432684313,2.6577278976416734,0.8048071258801964,0.559176545787862,0.4029504707677859,0.07316687877038353,1.7943443632148763,1.721177484444493,0.6892368905182201,0.47504749125122503,0.42309876345520214,3.0,688.1918740375534,1859.4317583147956,0.5967783862650912,chewing,chewing_01.csv,1868300.0,1870290.0
-0.0036254600000000005,0.13975133759563232,-0.246582,0.206543,0.453125,0.13979835592731413,0.019543580319980002,-0.0336915,0.5,318.1660286848556,351.0828819842319,0.24855011573664879,-1.7294311499999997,0.03386987037954973,-1.890137,-1.597656,0.292481,1.729762778738706,2.9920792707098496,-1.7304685000000002,0.5,4.064425485301541,10.565484390719703,0.73163209003518,1.120051255,0.04459500408139879,1.01709,1.250977,0.23388699999999996,1.1209386817378082,1.2565035282160952,1.128418,1.5,17.100351301149615,35.309265295447695,0.43566262526284427,-0.07344507,0.4253290298555521,-0.885721,1.386404,2.272125,0.43162363459983283,0.18629896194517,-0.068481,1.5,1479.865270227071,2652.7317935640135,0.4918089576022462,0.14646108000000002,0.2744873191024015,-0.262199,1.149786,1.411985,0.3111175602610531,0.09679413630279,0.051294,0.5,659.4315118142732,1242.2538593030415,0.41960638029202857,0.10083739,0.32462724825990485,-0.757819,1.352564,2.110383,0.3399279769816101,0.11555102953481003,0.05609,1.5,532.9298687887158,1482.4093177107868,0.5387157778908559,2.065816129058481,0.023023904268338943,2.000720277240674,2.190721766168858,0.19000148892818425,2.065944427918119,4.268126379245925,2.0658147083197105,3.0,1.1811781504947358,2.561189833439916,0.8221877697116933,0.5086084705623037,0.3741143561199493,0.07060440217153602,1.6734403952140033,1.6028359930424674,0.631382711026181,0.39864412778277,0.3915169156496478,0.5,740.2370410103217,1798.4757142105786,0.5603065286653547,chewing,chewing_01.csv,1868800.0,1870790.0
-0.063989225,0.10321171267586046,-0.246582,0.166016,0.412598,0.1214383734640126,0.014747278549584998,-0.095215,0.5,136.97807220735604,178.3357638595947,0.3686283732599049,-1.72932373,0.032112560558714406,-1.799316,-1.597656,0.20165999999999995,1.7296218603170896,2.99159177968675,-1.728516,0.5,6.124893260748028,9.632675267306718,0.6683388458464162,1.118720685,0.04613263266285347,1.01709,1.250977,0.23388699999999996,1.1196714655841127,1.253664190843275,1.128906,0.5,18.649397080035328,37.421855392141744,0.3989786906295962,0.015693299999999997,0.4435831745887574,-0.885721,1.386404,2.272125,0.44386069035580294,0.19701231244313,0.024114999999999998,1.5,1125.1813319446026,2695.995840599673,0.5199596099212966,0.161588145,0.2727043416114492,-0.185724,1.149786,1.33551,0.3169832590820452,0.100478386538275,0.0739435,0.5,599.5792039424667,1159.4821891107038,0.44033163435345046,0.03693305499999999,0.3511479799845244,-0.757819,1.352564,2.110383,0.35308491103252343,0.124668954398845,-0.027579,0.5,665.3335236449266,1774.7983833981011,0.5130696813105013,2.06387571333643,0.020500950701201327,2.000720277240674,2.1680384990363986,0.16731822179572475,2.0639775311469863,4.26000324907961,2.063732207742433,10.0,0.9682349108315634,1.794360657305213,0.8135017288960064,0.5015899606073781,0.41299777820000305,0.01656768976049467,1.6734403952140033,1.6568727054535086,0.6497381421620945,0.42215965338025,0.32692933240287503,2.5,847.3624900968108,2244.203236683494,0.5385002507742932,chewing,chewing_01.csv,1869300.0,1871290.0
-0.10602293,0.041699256588638364,-0.229004,-0.030762,0.198242,0.11392844107522054,0.01297968968583,-0.1030275,0.5,19.23706647823025,29.113790529649343,0.40136364003394454,-1.73761473,0.029529162028867333,-1.796875,-1.63623,0.16064499999999993,1.737865622343425,3.0201769213231002,-1.7380369999999998,1.5,3.0864978145843467,8.943993877430433,0.6945467221671534,1.1036694349999998,0.03951781998840238,1.01709,1.200195,0.18310499999999985,1.104376692913181,1.219647879849855,1.11084,1.5,10.2334858736438,26.990156740698783,0.4504482315849904,-0.07383942500000001,0.42035045539245514,-0.885721,1.15698,2.042701,0.42678655793379316,0.18214676603297497,-0.062885,1.5,1258.8411809048766,2578.7768003088445,0.44337141442944344,0.07376612999999999,0.19784054992092268,-0.185724,0.990974,1.176698,0.2111452702008501,0.044582325128190006,0.026513000000000002,1.0,153.61352340322472,326.21651744537945,0.6390227853986546,-0.0007127500000000086,0.29546871514968803,-0.757819,0.83989,1.597709,0.29546957482077574,0.08730226964477,-0.0434335,1.5,543.9035446178829,1273.4082112062852,0.5101382573862854,2.0621531137466143,0.018139082775282648,2.000720277240674,2.112128637510983,0.11140836027030909,2.0622328895783775,4.252804490858785,2.0627978333485624,2.5,0.4302325457821985,1.200364166192284,0.8398786550297775,0.4372035551971782,0.3505487300346173,0.01656768976049467,1.5172359980181065,1.5006683082576118,0.5603850112252602,0.314031360805935,0.3082358603652716,2.0,594.0110904400782,1502.7070891066608,0.5927188070400199,chewing,chewing_01.csv,1869800.0,1871790.0
-0.09320311,0.02876346251180306,-0.175781,-0.03418,0.14160099999999998,0.09754053767198538,0.009514156489339998,-0.089355,0.5,7.27119792461142,12.215914995459013,0.4923559062850156,-1.74464598,0.023235987814155874,-1.796875,-1.682617,0.11425799999999997,1.7448007068602018,3.04432950665986,-1.7458495,1.5,2.4993903966739555,5.284474720468593,0.66561046498873,1.09628663,0.03230281145787624,1.01709,1.156738,0.139648,1.0967624386095833,1.20288784674484,1.098633,1.0,8.511202890876804,18.848138751827264,0.3897239602271353,-0.064786365,0.35464935280135756,-0.809513,1.10955,1.919063,0.3605182887626299,0.129973436532335,-0.0398365,1.5,666.7665784684503,2099.946945161077,0.4521255569615183,0.02815043,0.10797344507273582,-0.185724,0.444726,0.63045,0.11158275650861113,0.012450711550059999,0.0115915,2.5,39.16168340217315,94.21379437359299,0.6051675051690398,-0.027293739999999997,0.19257276852803568,-0.722113,0.396763,1.118876,0.194497350680517,0.03782921942174,-0.024115,1.5,217.4726595112713,543.1859828406698,0.5142003303389119,2.0631417893313606,0.013321674392901833,2.0305063986491154,2.094188970723273,0.0636825720741574,2.0631847978050923,4.25673150989404,2.0629355458967487,8.0,0.492462377139133,0.24732869378239808,0.8444111787833752,0.3248909078403143,0.2733116636860406,0.014085223782389827,1.3953035866079468,1.381218362825557,0.42456256017710153,0.18025336750413498,0.23627346137209398,2.5,522.1269812516066,978.5311461942077,0.524936458177245,chewing,chewing_01.csv,1870300.0,1872290.0
-0.08155514999999999,0.019591648228199178,-0.133301,-0.031738,0.101563,0.0838753549728405,0.00703507517182,-0.078613,1.5,2.365905116768637,3.633242627426139,0.6961075082686085,-1.7441430749999998,0.02023623758358691,-1.79248,-1.687012,0.10546800000000012,1.744260465464374,3.0424445713819948,-1.7443849999999999,1.5,2.4732068403787895,3.391827576834753,0.6940724973052577,1.100622565,0.025857566915040073,1.026367,1.150391,0.12402399999999991,1.1009262665382933,1.212038644353945,1.1037599999999999,1.5,7.614953953462762,11.59786853017213,0.40466408538627674,-0.018862885000000006,0.34610198072371934,-0.863871,1.10955,1.973421,0.34661562211101365,0.12014238949140502,0.005063,1.5,855.0596344815913,1931.3108594009796,0.40681195851197643,0.049695275,0.11374663265274877,-0.185724,0.444726,0.63045,0.12412863004627497,0.015407916797165,0.050894,3.0,46.66496625014147,104.30732615302598,0.5833109623767032,-0.04233555,0.19565990495182578,-0.722113,0.396763,1.118876,0.2001876549629372,0.04007509719956,-0.022916,3.0,168.99354735207817,528.9491398399327,0.5262998570193913,2.064305770898892,0.012648127975783949,2.0305063986491154,2.093119246638614,0.06261284798949873,2.064344518462885,4.26151829090776,2.063821615144027,8.0,0.28819404648346136,0.1447424844160649,0.8418926295425394,0.31395867656235676,0.2775884595932321,0.014085223782389827,1.3953035866079468,1.381218362825557,0.4190768467574056,0.17562540348813002,0.21365293885036385,1.5,561.2385641774254,829.7896506905586,0.5143293298160193,chewing,chewing_01.csv,1870800.0,1872790.0
-0.076330545,0.019735384048150038,-0.124512,-0.010742,0.11377,0.07884058271933941,0.006215837483525,-0.076904,1.5,1.4505926109900484,4.304858322130414,0.7149422749253308,-1.75253906,0.021818665056698584,-1.80957,-1.702148,0.1074219999999999,1.7526748731497634,3.0718692109705397,-1.751465,1.5,2.444353339106457,5.154372158354736,0.6336297703023125,1.083942905,0.03287457663006438,0.998047,1.134766,0.13671899999999992,1.0844413119613459,1.1760129590884452,1.0878904999999999,1.5,8.203295962316673,19.526320884925376,0.4095461206422454,-0.06966127999999999,0.3350919683436647,-0.863871,0.850548,1.714419,0.34225622153537255,0.11713932117967002,-0.0203845,1.5,1079.4725489003245,1892.8788743772416,0.3896689822672585,0.047078590000000003,0.1022271551575309,-0.159078,0.349066,0.5081439999999999,0.1125468119850136,0.01266678488799,0.038637,1.5,54.91081349262655,110.2471982897531,0.5469977866707794,-0.02955337000000001,0.18764609201092652,-0.459914,0.396763,0.8566769999999999,0.18995909434751998,0.03608445752533,-0.014256,1.5,166.4679024104981,548.5718775137516,0.48751980429340025,2.0625050411798713,0.013075268644567931,2.0305063986491154,2.1017912979905975,0.07128489934148208,2.0625464861531024,4.2540980075425106,2.0621194193505508,8.0,0.33675139463606807,0.3318988381284085,0.8082384839655158,0.32976511520487733,0.23905131747577546,0.014085223782389827,1.0040633087594626,0.9899780849770727,0.4072966530589099,0.16589056359299,0.30084625786054736,1.5,286.26992740931064,732.5612450135684,0.5471581324946297,chewing,chewing_01.csv,1871300.0,1873290.0
-0.06368404500000001,0.026378099851827368,-0.124512,0.003906,0.128418,0.06893084751658722,0.004751461739354999,-0.06958,0.5,8.174115713871686,10.45496416683968,0.46376969030568466,-1.754501975,0.019929461579138934,-1.80957,-1.706055,0.1035149999999998,1.7546151611443848,3.0786743637177354,-1.75293,1.5,1.9751789619938502,4.680989157865448,0.6132162729823978,1.081474645,0.03099091229891393,0.998047,1.130859,0.13281200000000004,1.0819185941756408,1.170547844422995,1.085449,0.5,7.0692046672979165,17.801010565454366,0.3886328450922267,-0.030160865000000005,0.29925733882342265,-0.863871,0.850548,1.714419,0.3007733908064758,0.09046463261722501,0.0279785,1.5,617.226268801616,1472.209394647974,0.4567054336336644,0.060225860000000006,0.0923132683230336,-0.159078,0.349066,0.5081439999999999,0.11022202012855689,0.01214889372122,0.059288,1.5,22.451910040525576,77.47074768123248,0.6414880360490491,-0.034625505,0.1659474305691413,-0.459914,0.282983,0.7428969999999999,0.1695213122560258,0.028737475309005004,-0.0191855,1.5,134.37310461789835,421.23027257490753,0.5268055632084858,2.06248436428062,0.01148551165829595,2.0331098335608924,2.1017912979905975,0.06868146442970513,2.062516344148595,4.253973669880085,2.0617712940963413,5.0,0.16804312628382015,0.39758666355862704,0.8416587493143022,0.28684315004098443,0.22152202807399385,0.014085223782389827,1.0040633087594626,0.9899780849770727,0.362423787364254,0.13135100164745,0.2184330457674031,1.5,169.08423706616185,653.7796305395278,0.5830687282251265,chewing,chewing_01.csv,1871800.0,1873790.0
-0.056938434999999996,0.024704696726245697,-0.103516,0.003906,0.107422,0.062066959169794995,0.0038523074205849992,-0.05542,0.5,6.929439652924463,8.919934736591486,0.4769097531950174,-1.75557865,0.019849576818096147,-1.80957,-1.706055,0.1035149999999998,1.7556908617509177,3.08245040203568,-1.753906,1.5,1.9614144656080723,4.47958643359797,0.639824259741193,1.079555705,0.030692025597506185,0.998047,1.130859,0.13281200000000004,1.079991907670296,1.166382520633325,1.0837400000000001,1.5,5.91438711733802,17.035076776306262,0.4167494968288657,-0.05435700000000001,0.2888838549041292,-0.863871,0.850548,1.714419,0.29395333825842157,0.08640856507327001,-0.022916,1.5,548.0591312942403,1304.2227876706972,0.48248153013795686,0.0597915,0.09516965853705686,-0.212904,0.349066,0.56197,0.11239344900086481,0.01263228737831,0.069014,5.5,28.520228831187445,82.77832319277798,0.5963976255485527,-0.02560439499999999,0.16253906510946523,-0.459914,0.320821,0.780735,0.16454340682620802,0.027074532729975,-0.013323499999999999,1.5,137.53715344388826,397.85595627336755,0.5231467404567545,2.062167997595665,0.012181123998845732,2.0331098335608924,2.1017912979905975,0.06868146442970513,2.06220397392925,4.2526852300895905,2.061551200530851,3.0,0.23582080196801733,0.45756062781168216,0.827197177716089,0.27593603193576827,0.22355019897351397,0.03129667702808079,1.0040633087594626,0.9727666317313818,0.3551272802553403,0.126115385181555,0.18884872318398044,0.5,184.27816002088792,630.5750637416498,0.5842318665804582,chewing,chewing_01.csv,1872300.0,1874290.0
-0.050952120000000004,0.020260102283443684,-0.096191,0.003906,0.100097,0.054832383470263264,0.00300659027703,-0.052246,0.5,2.2954720062012304,5.250299496109086,0.5975073206253062,-1.760107445,0.018099872630407507,-1.80957,-1.712402,0.09716799999999992,1.7602005065712443,3.098305823333665,-1.759766,1.5,1.5179179209730576,3.105052046257061,0.6973028332233653,1.0708740700000001,0.0266872412370612,0.998047,1.113281,0.11523399999999995,1.071206554611766,1.14748348264321,1.0754394999999999,1.5,5.043901419375264,12.526330496933644,0.4467004354468077,-0.010975595,0.2591467384269595,-0.77887,0.850548,1.6294179999999998,0.2593790579883715,0.067277495722935,-0.012524,1.5,409.402480858816,892.1062826739194,0.5295368084002522,0.058291319999999994,0.0833851850307811,-0.212904,0.349066,0.56197,0.10173970252541532,0.01035096706996,0.061019500000000004,3.0,28.969176023479427,64.72351787375143,0.6131922662252194,-0.01307,0.15336413003981733,-0.429538,0.320821,0.750359,0.15392004834611378,0.023691381282870003,-0.004397,1.5,221.81307395932083,377.2337671837019,0.4638040774568945,2.0612237469120966,0.012351575590229246,2.0331098335608924,2.1017912979905975,0.06868146442970513,2.061260754066284,4.248795896253905,2.0604415693708837,3.0,0.3312495481179933,0.5058123090021824,0.8317363780167013,0.2447713121096757,0.20348672891339306,0.03129667702808079,1.0040633087594626,0.9727666317313818,0.31830778199058374,0.101319844075765,0.16312288263892544,3.5,127.30429337873814,311.18861451019467,0.6167279158252361,chewing,chewing_01.csv,1872800.0,1874790.0
-0.056091274999999996,0.024515136160123095,-0.116699,0.003906,0.120605,0.06121456552222682,0.0037472230320750007,-0.054687,0.5,2.3614743994986718,8.381507977051594,0.6134461205928121,-1.7572485500000001,0.015693974735467745,-1.794434,-1.711426,0.08300800000000019,1.7573186299928933,3.0881687673201,-1.758301,1.0,0.9451362240025278,1.663130188432857,0.7789086440231007,1.077529345,0.01996234818466943,1.028809,1.113281,0.08447199999999988,1.0777142407341451,1.161467984681175,1.081543,1.0,3.512887108620349,6.761077394429667,0.45544209325880103,-0.032372540000000005,0.21000144424491085,-0.673084,0.56117,1.234254,0.21248197083752776,0.045148587931,-0.0222495,2.5,255.66465625098766,674.8347097542438,0.456055758819029,0.04993907,0.07777087269154886,-0.212904,0.201712,0.414616,0.09242412754075637,0.008542219351669999,0.06515,5.5,26.19290139626952,59.947739503878886,0.5689672306365564,0.015007169999999998,0.14712254819551318,-0.423942,0.488159,0.912101,0.1478859673496779,0.021870259338950003,0.002265,1.5,135.88981267622648,311.675541205549,0.46463060475533585,2.0623396131996174,0.01180232438979315,2.0281658664944047,2.09347208432403,0.06530621782962553,2.0623733840004217,4.25338397503335,2.0617120445774626,2.5,0.19525048191890465,0.523368440270317,0.8474656369035249,0.221280450083206,0.163082890066965,0.025958144656350154,0.7754329747392743,0.7494748300829241,0.27488373291560925,0.07556106662162,0.16782567683834337,4.0,131.4768850866195,220.7740936490539,0.5843831404833103,chewing,chewing_01.csv,1873300.0,1875290.0
-0.06073240500000001,0.020467944873899163,-0.116699,-0.024414,0.09228499999999999,0.06408870247122343,0.004107361784445,-0.055664,0.5,2.0612795073477557,4.87342196816028,0.623736803938842,-1.75466311,0.01692191618398755,-1.805176,-1.711426,0.09375,1.7547447053181866,3.0791289808422095,-1.75293,1.0,1.0983340497744567,2.308088574858189,0.767586082585159,1.08138676,0.021889999792425764,1.028809,1.121582,0.092773,1.081608291755481,1.16987649679421,1.087402,1.0,3.8552005751710263,8.145438556977988,0.4624121932704718,-0.031266739999999994,0.2177258205414838,-0.673084,0.677081,1.350165,0.2199594098025588,0.048382141960689996,-0.02598,1.5,239.41443884637818,688.9254698452654,0.4788591849116672,0.010422669999999998,0.09463688167607331,-0.212904,0.191587,0.40449100000000004,0.09520909317549453,0.0090647714233,0.025847000000000002,1.5,52.80243914051689,113.0102453822619,0.5619944070961925,0.012133389999999999,0.14568685584097113,-0.476435,0.488159,0.964594,0.14619124159032237,0.02137187911772,0.0238485,1.5,115.23253567396924,277.9945558196597,0.4964367689090393,2.062271654272706,0.01218455596978662,2.0281658664944047,2.1054172481019053,0.07725138160750067,2.0623076490719967,4.253112839420865,2.0612801860727963,2.5,0.22702943525183455,0.5552298003491437,0.8387900295660183,0.213662514262667,0.182118429876456,0.025958144656350154,0.8333840681354546,0.8074259234791045,0.28074684771464486,0.07881879250171,0.14474237893503933,1.0,142.99494584149673,324.4079849688766,0.5548732954401155,chewing,chewing_01.csv,1873800.0,1875790.0
-0.05344236,0.026815513052343413,-0.116699,0.015137,0.131836,0.059792621473138304,0.0035751575826299996,-0.05249,0.5,7.328607455606939,10.103313684011237,0.4779995218558118,-1.7569287200000003,0.016718133979652147,-1.805176,-1.711426,0.09375,1.757008259276148,3.0870780231646,-1.755859,1.0,0.8118022688872476,2.312669527310638,0.7374137193137744,1.07922611,0.021044506213449155,1.028809,1.121582,0.092773,1.0794312705066034,1.1651718677475,1.083496,1.5,2.7427473930405695,7.100434387105702,0.5040384052353954,-0.005754310000000002,0.2247997017062387,-0.389302,0.677081,1.066383,0.2248733376165125,0.050568017970790004,-0.0214505,2.5,353.92441203869026,749.0229091134444,0.4500870029787125,-0.016875060000000004,0.09680989842379961,-0.207841,0.191587,0.399428,0.09826964985604661,0.00965692408283,-0.023315500000000003,0.5,69.37426839620669,119.6276862230449,0.5490233332718519,-0.0107171,0.1450389458110476,-0.476435,0.488159,0.964594,0.14543435644437666,0.02115115203439,0.013057,1.0,101.81553061637385,260.71567622190537,0.5022945972413626,2.0629329329561696,0.01152226625217508,2.0281658664944047,2.1054172481019053,0.07725138160750067,2.0629651108282783,4.255825048494731,2.0620521293475074,12.0,0.1782314872889981,0.45723555650970693,0.8561043067638668,0.23004123241610513,0.16869239898848284,0.025958144656350154,0.8333840681354546,0.8074259234791045,0.28526495418822484,0.08137609408801001,0.1672281858798103,3.5,96.20063246153244,284.2393862524184,0.5899997584633672,chewing,chewing_01.csv,1874300.0,1876290.0
-0.041625955,0.03327651166518172,-0.116699,0.026367,0.143066,0.05329208532479284,0.0028400463582650003,-0.040039,0.5,14.671388912283916,18.46492533729836,0.3441666043358189,-1.757011715,0.01701579397923514,-1.805176,-1.711426,0.09375,1.757094107864455,3.087379703891985,-1.755859,1.5,1.0955068902789358,1.9280095949703775,0.7294787525830092,1.080644565,0.019902011600985838,1.028809,1.121582,0.092773,1.0808278151166377,1.168188765929805,1.083984,1.5,2.1839110147931486,6.008189033810166,0.5792727357079928,-0.05925863,0.22070008307529723,-0.442328,0.677081,1.119409,0.22851720263236203,0.05222011189892,-0.054092,2.5,320.460980634157,717.7276565792629,0.4777850066064975,-0.025572415,0.09491953655593127,-0.207841,0.18226,0.39010100000000003,0.09830395123760285,0.009663666828925,-0.035173,0.5,41.82834825332312,112.40856737456144,0.5827060888051449,0.008697345,0.14673454481749,-0.476435,0.488159,0.964594,0.14699207615665885,0.021606670452845,0.024114999999999998,1.0,94.49183057590469,254.93742310416022,0.5562477069318128,2.0635545845568677,0.012287910090313965,2.0281658664944047,2.1054172481019053,0.07725138160750067,2.063591169825083,4.258408516180055,2.0626823733844866,11.5,0.36102058522465497,0.3941633052627314,0.8159725381291973,0.24277222648077537,0.15669108216569672,0.025958144656350154,0.8333840681354546,0.8074259234791045,0.2889471390768388,0.08349044918069001,0.1942577984901791,3.5,99.88879434887461,242.76317902395238,0.5748147044443116,chewing,chewing_01.csv,1874800.0,1876790.0
-0.023913544999999998,0.02509995355429916,-0.092773,0.026367,0.11914,0.034667929025181184,0.001201865302895,-0.025146500000000002,0.5,5.524884078092956,9.349554932681807,0.49570581753835086,-1.756264665,0.016664264799047535,-1.805176,-1.715332,0.08984399999999981,1.7563437224099543,3.0847432712488545,-1.755371,1.5,0.8597780650260937,1.713263826077503,0.7375799411167714,1.0833838,0.017793887361394634,1.026367,1.121582,0.09521500000000005,1.0835299167673544,1.17403708052987,1.0852050000000002,1.5,2.2054320690074367,4.083646112441797,0.649832252749836,-0.04578094,0.24489380608828473,-0.442328,0.677081,1.119409,0.2491362493249226,0.06206887072769,-0.041568499999999994,1.5,342.7523047315393,692.8665068149415,0.5166107647139445,-0.0201792,0.10605374190234874,-0.207841,0.245145,0.452986,0.1079564555000302,0.01165459628413,-0.037970500000000004,0.5,70.08817957553465,139.15963813432415,0.5640667372157387,0.019931400000000002,0.15601616476971225,-0.476435,0.505746,0.982181,0.15728415169816062,0.024738304375410004,0.027046,1.5,119.6002845818452,264.2357149099733,0.5904091626159328,2.063935799826361,0.012297612643941878,2.0273098097547897,2.1054172481019053,0.07810743834711564,2.06397243612448,4.25998221708162,2.062905912319944,11.5,0.556611167745383,0.13408671092207838,0.7888334695212601,0.254627695510646,0.18337532022103667,0.0122131918023095,0.8333840681354546,0.8211708763331451,0.31378618737482694,0.09846177138723,0.1894405978165632,1.5,183.48861446007018,437.5742566368296,0.5571926261666157,chewing,chewing_01.csv,1875300.0,1877290.0
-0.01923581,0.021072632135162896,-0.076172,0.026367,0.102539,0.028531950712490727,0.00081407221146,-0.021484,1.5,3.0905637743649543,5.96695528708493,0.5494959932622269,-1.7598706,0.015472325975431103,-1.804199,-1.715332,0.08886700000000003,1.7599386130247412,3.09738392161545,-1.76123,1.5,1.257401367844226,1.6537228791424265,0.7232518612828948,1.0776831150000001,0.019576517840560272,1.020508,1.114258,0.09375,1.0778609077273678,1.161784136406865,1.080566,1.5,4.3894244489817975,5.840395481361762,0.4702397742779691,-0.03212473999999999,0.2478453191430744,-0.442328,0.666956,1.109284,0.24991858902690692,0.0624593011412,-0.03051,1.5,555.8950647257986,935.5339251397352,0.4023556505494263,0.013080669999999996,0.10402576075218628,-0.207841,0.245145,0.452986,0.10484494660077805,0.01099246282772,0.02185,3.0,49.17707090366333,153.26316956040745,0.5556836651959508,0.004643115000000001,0.15874348489859913,-0.40902,0.505746,0.914766,0.1588113740090898,0.025221052514654996,0.0042635,1.5,209.78528902492212,363.7160972375966,0.4658865968712533,2.0639412325029287,0.011345439967897497,2.0273098097547897,2.1000343864532316,0.0727245766984419,2.063972415085477,4.259982130233775,2.0640536790219617,11.5,0.35701407120676376,0.18444113271915386,0.8311520710560797,0.257303326549284,0.18018827550716926,0.0122131918023095,0.8167394004705539,0.8045262086682444,0.3141222954258023,0.098672816483575,0.20837329378726266,1.5,211.84936326683956,402.23657629376527,0.5300042199182154,chewing,chewing_01.csv,1875800.0,1877790.0
-0.02689939,0.025927435583140496,-0.083496,0.026367,0.109863,0.037360528613631795,0.00139580909829,-0.026855,1.5,6.028124075921281,10.729259978074666,0.4570818972174544,-1.762187485,0.01706662027730666,-1.804199,-1.715332,0.08886700000000003,1.76227012736933,3.1055960018183146,-1.763428,1.5,1.9949918083656137,2.497621991035234,0.6685511427035061,1.0721069349999999,0.023552572659494647,1.015137,1.114258,0.09912100000000001,1.0723656110459598,1.149968003753975,1.077637,1.5,7.712072887474681,9.471771073783541,0.3433590975814685,-0.031807634999999994,0.2812957036861953,-0.517204,0.776205,1.293409,0.28308832288988006,0.08013899855660499,-0.0273125,1.5,886.1113668246238,1312.9000465190013,0.34234059545734896,0.046016765,0.09539246626411216,-0.13856,0.322686,0.46124599999999993,0.10591159181607554,0.011217265281015,0.0342405,1.5,48.18801192804055,112.5599595451292,0.5234108688507296,0.013526965,0.19142224457858542,-0.547314,0.505746,1.0530599999999999,0.19189959484484329,0.036825454501615,0.009725500000000002,1.5,414.7593858299792,599.2693421530971,0.37865847675789094,2.063207231817012,0.011650461302475084,2.0273098097547897,2.1000343864532316,0.0727245766984419,2.063240125305482,4.25695981467058,2.0628851907982173,11.5,0.3918299528262674,0.2339471827507867,0.8294310228098951,0.2863496175903648,0.21490838709805357,0.0122131918023095,0.9863490295417744,0.9741358377394649,0.35802474542862955,0.128181718339235,0.22378710370323712,1.5,189.69546633656032,511.93048828709584,0.5496794297316064,chewing,chewing_01.csv,1876300.0,1878290.0
-0.034357885000000005,0.023481562320931182,-0.083496,0.016113,0.099609,0.04161547825875608,0.001731848030705,-0.036377,1.5,5.384288807537384,8.306291183876503,0.45871815405671557,-1.760998525,0.016260962062232816,-1.803711,-1.715332,0.08837899999999999,1.7610735998076188,3.101380223939365,-1.760986,1.5,2.5497436370356463,3.0062516581496217,0.5677526244321155,1.072915055,0.02407786962091902,1.015137,1.115723,0.10058600000000006,1.0731851932686804,1.1517264590511351,1.077637,1.5,8.024971702435645,10.000148715303403,0.3388255511697005,-0.0248956,0.27588696252936634,-0.517204,0.776205,1.293409,0.2770079547468628,0.07673340699303999,-0.01772,1.5,892.1738709846977,1297.3568909623602,0.34266799178984425,0.04584623499999999,0.09007449885228214,-0.13856,0.322686,0.46124599999999993,0.10107073071451003,0.010215292607165001,0.034640500000000005,3.0,38.1081085830806,96.35626656774414,0.525975770386351,0.011840260000000002,0.18883397487489478,-0.547314,0.505746,1.0530599999999999,0.18920481448398715,0.03579846182392,0.0066615,1.5,404.8118482508472,595.3501488327131,0.38912600296318556,2.062702036032745,0.009941909654253206,2.0273098097547897,2.0944599473320085,0.06715013757721877,2.062725995138764,4.254838531021205,2.0624692713214783,3.0,0.12443484572113017,0.17731906364940314,0.8627627655391682,0.27341591952565336,0.21906824592821852,0.0122131918023095,0.9863490295417744,0.9741358377394649,0.3503529098268273,0.12274716142412499,0.21417470348756024,3.0,239.61199069510909,534.5861470541099,0.5304861996854617,chewing,chewing_01.csv,1876800.0,1878790.0
-0.042529304999999996,0.017261686261254287,-0.083496,0.006836,0.090332,0.04589888447843803,0.002106707596365,-0.042480500000000004,1.5,3.0809501692870014,4.167397216278104,0.48761620063033523,-1.7604272100000002,0.016110946175377155,-1.803711,-1.720703,0.08300799999999997,1.760500929933026,3.09936352429505,-1.760742,1.5,2.72954533669118,3.0427008613590307,0.5285742799856534,1.07413331,0.024322540299358125,1.015137,1.117188,0.10205100000000011,1.0744086529892478,1.15435395361817,1.0788575,1.5,8.933134886300357,10.477567237977672,0.29807496541876016,-0.017863675000000002,0.2555531021959611,-0.517204,0.776205,1.293409,0.2561766947372165,0.06562649892648499,-0.0030645,1.5,759.0028543994725,1117.7958495426017,0.33987355681348674,0.04747298,0.07930813095553066,-0.098058,0.322686,0.420744,0.09243085775724469,0.00854346346574,0.038503499999999996,1.5,41.7703127773438,73.09704683339045,0.5543787851281848,-0.0027951999999999977,0.16281051249851772,-0.547314,0.301636,0.84895,0.1628345053208011,0.026515076123069997,-0.0054625,1.5,293.79320959741165,447.9486789014502,0.37226539121806007,2.062944227699164,0.009235741025230053,2.0321727219375325,2.0944599473320085,0.062287225394475954,2.0629649016669154,4.255824185509585,2.0628803417143584,6.0,0.20302315290236225,0.15732321791784473,0.8180554444374535,0.24820672795846177,0.19768272233923012,0.026675513059733265,0.9863490295417744,0.9596735164820411,0.31730905835682505,0.10068503851529499,0.19388268201889558,3.0,173.88850957769046,446.2924240355689,0.5089349980535531,chewing,chewing_01.csv,1877300.0,1879290.0
-0.04750978,0.016813902955637634,-0.083496,0.006836,0.090332,0.05039728691358296,0.0025398865282500005,-0.046387,1.5,2.9210974115361577,3.4218254013575913,0.5324030637441673,-1.7608324949999998,0.017598453174071146,-1.81543,-1.696289,0.11914100000000016,1.7609204357386636,3.1008407810020446,-1.760254,1.5,2.3031961408726915,2.6185175988109433,0.6148683697542908,1.073381355,0.02303148090416626,1.015137,1.117188,0.10205100000000011,1.0736284191349794,1.1526779823742752,1.076172,1.5,7.965736351050679,9.258399211400754,0.3038073243450698,-0.033454384999999996,0.26799318797153554,-0.517204,0.776205,1.293409,0.27007322095105063,0.07293954467487501,-0.0347735,1.5,900.7478198661969,1170.2940246647863,0.33523568547067095,0.04145490499999999,0.07536964430389714,-0.109783,0.322686,0.432469,0.0860179773713321,0.007399092431055,0.037438,1.5,28.705680456284355,51.81437442932429,0.6214124645578036,0.004922875,0.16609550442284515,-0.547314,0.301636,0.84895,0.1661684425146514,0.027611951287745004,0.0046630000000000005,1.5,344.44197992683127,441.98720262911365,0.3641391635072978,2.062992701740792,0.010943604013206926,2.0271379621441654,2.1032987763981605,0.07616081425399512,2.063021727928373,4.2560586499045705,2.0630303089902378,6.0,0.2603963190992228,0.11064093112023078,0.7929607395226987,0.254029814921066,0.20837332248837404,0.014383970661816577,0.9863490295417744,0.9719650588799578,0.3285583485374782,0.107950588393675,0.18738819499968357,3.0,321.11264503980175,509.96752720307154,0.5089390115246278,chewing,chewing_01.csv,1877800.0,1879790.0
-0.045678745,0.015130795652574752,-0.08252,0.006836,0.08935599999999999,0.048119525370217436,0.0023154887218549995,-0.04541,1.5,1.891943908294413,2.5775945243611003,0.6109945246865089,-1.7565429600000002,0.015445677631894299,-1.81543,-1.696289,0.11914100000000016,1.7566108673474243,3.0856817392830704,-1.7570800000000002,1.5,0.9275013232865417,1.6203512068041888,0.6983039812135902,1.08261721,0.018657724615448158,1.038086,1.117188,0.079102,1.082777970812119,1.17240813407601,1.086182,1.5,2.363890047969891,5.6545157608395655,0.512506817255473,-0.023986955000000004,0.19376073651979384,-0.433268,0.715985,1.1492529999999999,0.19523984487513044,0.038118597026865,-0.010525,1.5,309.7548421634863,572.6579659293118,0.46422352981333487,0.012269245,0.09398746372386571,-0.245945,0.200913,0.446858,0.09478490233214887,0.008984177710115,0.028378,2.0,38.51171902028442,122.79935909977591,0.5563893889861397,0.003570605,0.11285637385761149,-0.409819,0.252073,0.6618919999999999,0.11291284400082659,0.012749310340355001,0.00013349999999999994,1.5,105.7006718913744,185.3891741507553,0.4807598437060043,2.064046492500898,0.010836921872733635,2.0271379621441654,2.1032987763981605,0.07616081425399512,2.064074941004065,4.260405362080935,2.0642824530882287,8.0,0.2860261296653276,0.19925873631716398,0.7967121362135408,0.18960383259230199,0.1546042423209833,0.014383970661816577,0.8421497055761523,0.8277657349143357,0.2446468578938528,0.059852085077335,0.1438211083682302,3.0,131.3494229043022,274.7788682702472,0.5483678299396274,chewing,chewing_01.csv,1878300.0,1880290.0
-0.036213415,0.02885161935078818,-0.093262,0.050293,0.143555,0.046301483400912766,0.002143827365125,-0.0427245,0.5,5.847794403516122,13.557413835587997,0.49285823052517913,-1.7538379050000001,0.019643654221044887,-1.81543,-1.687012,0.12841800000000014,1.7539479097641255,3.076333270165945,-1.755859,1.5,0.9613603995804259,2.1315766323482115,0.7226065532882069,1.08879394,0.021232479400352656,1.038086,1.147461,0.109375,1.0890009467223662,1.18592306196221,1.09082,0.5,3.168596977704229,7.432661995153151,0.4539525818860364,-0.016005065,0.1962916799714414,-0.433268,0.715985,1.1492529999999999,0.19694310277759158,0.038786585731665,-0.003597,1.5,241.62675638410332,586.5024376973154,0.4706476285017551,0.013367075,0.1180524106077863,-0.245945,0.395164,0.641109,0.11880677735030523,0.014115050344364999,0.0226495,2.0,78.65129016772956,188.34588512244574,0.550887689064289,0.005503799999999999,0.14165997668530092,-0.409819,0.393832,0.803651,0.14176685370325462,0.02009784080892,-0.002931,2.0,145.4610916938448,313.6598568471585,0.48165787314701825,2.064997638202155,0.01359829815825046,2.0271379621441654,2.1124172643587724,0.085279302214607,2.0650424110640633,4.26440015949328,2.0645974633472477,14.5,0.3394982701570607,0.20760756986911522,0.76905210969118,0.21389057494737343,0.1650766453306828,0.014383970661816577,0.8421497055761523,0.8277657349143357,0.2701841536525597,0.07299947688495,0.16365039740384257,0.5,93.6560101014427,305.6989306879577,0.56268704950223,chewing,chewing_01.csv,1878800.0,1880790.0
-0.03811039,0.030974212010927735,-0.098145,0.050293,0.148438,0.049110117446917186,0.0024118036356499998,-0.0441895,1.5,5.398311646404541,15.561591892255214,0.5048685074060885,-1.7518628250000001,0.019441686201417167,-1.81543,-1.687012,0.12841800000000014,1.7519707008906669,3.0694013367793347,-1.75293,0.5,0.8992268234931193,1.9264672836109817,0.7156636413505807,1.0921679699999998,0.02061555374660355,1.038086,1.147461,0.109375,1.0923625202972682,1.1932558757501999,1.092773,0.5,2.5552761289880443,6.722610864813158,0.5057996333822877,-0.003593234999999999,0.19513765130481553,-0.385038,0.715985,1.101023,0.19517073114205677,0.038091614294525004,-0.0139895,2.0,222.76945072456888,488.53581463282484,0.49036201375113136,0.028908474999999996,0.13709911942754913,-0.245945,0.475369,0.721314,0.1401137697538504,0.019631868474635,0.0267795,2.0,108.69596096504966,243.64935325307724,0.5170353534313326,-0.003122920000000001,0.14929492074733688,-0.41808,0.393832,0.811912,0.14932757946970143,0.02229872599028,0.005329,2.0,174.16231914970905,342.87539343458633,0.4600382553682776,2.0651593013141256,0.013640980937477145,2.0271379621441654,2.1124172643587724,0.085279302214607,2.0652043521562664,4.265069016165184,2.063961425615858,11.0,0.4668136666983299,0.3107113986802307,0.7703400366411505,0.21804781800943185,0.18021475472548215,0.014383970661816577,0.8421497055761523,0.8277657349143357,0.2828819696612706,0.08002220875944001,0.15746741060197747,0.5,137.56695888920396,312.91725714120076,0.585937622802435,chewing,chewing_01.csv,1879300.0,1881290.0
-0.040009800000000005,0.03173341308526393,-0.098145,0.050293,0.148438,0.05106656050763552,0.0026077936020799997,-0.046875,0.5,6.59719617931348,16.717325179253564,0.4763077824023016,-1.748474145,0.016260681731525735,-1.800781,-1.687012,0.11376900000000001,1.7485497549408924,3.0574262455038546,-1.75,11.5,0.4550141186422184,0.8431105899207896,0.7931519955102712,1.0984546,0.014366529878157768,1.072754,1.147461,0.07470700000000008,1.098548544872688,1.2068089054419,1.0964355000000001,1.5,1.2749709913052059,2.49195863963543,0.6470674885497545,-0.018902839999999997,0.20358103177593534,-0.504147,0.610199,1.114346,0.20445672857360309,0.04180255385902,-0.012657000000000002,1.5,306.04184433483755,577.4292624105225,0.4332290832087777,0.04021849,0.14321687344492584,-0.245945,0.475369,0.721314,0.14875684783303256,0.022128599777220002,0.03957,0.5,76.49269340030445,263.34751931336393,0.5586762641603484,0.005529125,0.15264653426890953,-0.41808,0.393832,0.811912,0.15274663874395075,0.023331535647574998,0.0054625,1.5,161.3291007138867,363.9424952541145,0.4242339974064266,2.0655948494579257,0.012683155787284864,2.031853035504537,2.1124172643587724,0.08056422885423542,2.0656337876176973,4.266842944547835,2.0645255498699715,11.0,0.29883067004039754,0.33342626030883316,0.8172738808459512,0.23794575250720712,0.17505572869116265,0.021812105308750003,0.8322068607894315,0.8103947554806815,0.29540258848529916,0.087262689283815,0.17648501048765164,0.5,124.04790163931958,337.8669070753874,0.5659552633653689,chewing,chewing_01.csv,1879800.0,1881790.0
-0.04709721,0.0365545472957319,-0.168945,0.050293,0.21923800000000002,0.05961863901314756,0.00355438211778,-0.055176,1.5,9.086567734425161,22.17981052450842,0.47758841520511575,-1.749145535,0.017796262875075058,-1.800781,-1.687012,0.11376900000000001,1.74923606456726,3.059826809582755,-1.750488,1.5,1.0936511222352856,1.8573963002318987,0.7629518967287304,1.0947167899999999,0.02086075730830259,1.036621,1.147461,0.11084000000000005,1.094915531675106,1.19884002150338,1.096191,1.5,4.9953536442361495,7.028266685226207,0.42021552261260264,-0.03558606,0.2656317951840412,-0.515072,0.671485,1.186557,0.26800488480440054,0.07182661827902,-0.02598,1.5,771.2468109926283,1074.897668381013,0.37168355140074566,0.073095995,0.12078926951925396,-0.207041,0.475369,0.68241,0.1411845321415735,0.019933072116035,0.076608,2.5,72.94895018108792,124.13872122245084,0.5591380031063011,0.004307384999999999,0.17219337907122553,-0.41808,0.393832,0.811912,0.1722472448589672,0.029669113361505,0.0026645,1.5,282.1935545713019,466.89845350917784,0.424542032246546,2.0644754440227886,0.012741829963731029,2.031853035504537,2.1124172643587724,0.08056422885423542,2.0645147645885014,4.262221213203915,2.063139901006516,11.0,0.26384606767671825,0.3349000992298314,0.847242378334369,0.2914985781327551,0.19093816460608934,0.021812105308750003,0.8322068607894315,0.8103947554806815,0.34846635957658806,0.12142880375655998,0.25141651567129053,1.5,111.66153135142355,315.2503292926399,0.5889683660863029,chewing,chewing_01.csv,1880300.0,1882290.0
-0.06322025999999999,0.020726011512406335,-0.168945,-0.00293,0.16601500000000002,0.06653096142158176,0.00442636882768,-0.062256,1.5,3.198631301864691,5.172011146323307,0.5963471050292296,-1.750024435,0.013715466547506687,-1.793457,-1.714355,0.079102,1.750078180287865,3.062773637119685,-1.7507325,1.5,0.8308716369189375,1.4232904423867236,0.7511235589711979,1.092155765,0.019402060971705427,1.036621,1.129883,0.09326199999999996,1.0923280894459708,1.1931806549926849,1.094238,1.5,4.245799603789163,5.942121788876644,0.43395792008197565,-0.03999734,0.27565223877119954,-0.515072,0.671485,1.186557,0.2785389451165671,0.07758394394665,-0.026913,1.5,883.7227583813275,1262.160321902429,0.3259566745204093,0.075387565,0.1009688428061636,-0.095394,0.475369,0.570763,0.12600790520536798,0.015877992174245,0.0759415,2.5,34.077869653005244,87.78146315020604,0.5830652776453079,-0.001492190000000001,0.15294511073680617,-0.41808,0.273391,0.691471,0.15295238974690784,0.02339443352929,0.000533,1.5,238.01602237566817,359.3627390854774,0.39070785486112786,2.064047074123845,0.009504564211288053,2.039110453766053,2.0904729738128642,0.05136252004681108,2.064068957409139,4.26038066094005,2.0637968356226626,10.0,0.12628679432434442,0.18635944746234626,0.8714323102992946,0.28206166872118743,0.193125826052354,0.01703288293272751,0.8322068607894315,0.815173977856704,0.34184260947135453,0.11685636965018499,0.22402077516108157,3.0,145.47402881252745,376.28373208237156,0.5219912835882209,chewing,chewing_01.csv,1880800.0,1882790.0
-0.06903811,0.01649638115823892,-0.168945,-0.035156,0.13378900000000002,0.0709816259583422,0.005038391223689999,-0.067871,1.5,1.2823727893377057,2.771356773969435,0.738140074822184,-1.75229984,0.014319678150866379,-1.793457,-1.714355,0.079102,1.752358348753579,3.0707597824463697,-1.752441,1.5,1.3315078238130988,2.013784268350682,0.6964286763526648,1.087783215,0.021487708432235745,1.036621,1.126953,0.09033200000000008,1.0879954248292614,1.183734044449405,1.0925289999999999,1.5,5.4108441891178005,7.745692102433841,0.3922399963940425,-0.033716825,0.26710252956427494,-0.515072,0.671485,1.186557,0.269222186284331,0.072480585587715,-0.006129,1.5,840.0430990770399,1245.9477108121207,0.3090210808754221,0.06241752999999999,0.07893192526506053,-0.095394,0.33894,0.434334,0.10062900614310966,0.01012619687735,0.055957,2.5,21.41899504004101,54.129051770289436,0.6102909722417431,-0.0024434499999999994,0.13567844535115922,-0.388236,0.273391,0.661627,0.13570044576496423,0.01841461098081,-0.0089265,1.5,186.26279153856603,299.5425774873244,0.3744392221323999,2.0638426414544604,0.009261178852607037,2.039110453766053,2.0834370910910653,0.044326637325012186,2.0638634204131496,4.259532218119465,2.0639067285955615,3.5,0.08528387543469948,0.12458517105251987,0.8930138525289285,0.26093738699686525,0.18147471866109385,0.014391458473691957,0.790310595833056,0.775919137359364,0.31783862799520607,0.10102139344587499,0.20404240917426406,1.5,163.07177343883873,360.8572059275908,0.5162253314862911,chewing,chewing_01.csv,1881300.0,1883290.0
-0.07514649999999999,0.018147968666492677,-0.168945,-0.039063,0.129882,0.07730682524182454,0.005976345228970001,-0.07202149999999999,1.5,2.1193696799058883,3.6740953505277396,0.6909576295587804,-1.7561084299999998,0.01634160310786858,-1.799805,-1.714355,0.08545000000000003,1.756184462381216,3.0841838659092002,-1.756348,1.5,1.7690437798304208,2.691800289998302,0.706749063099641,1.08005615,0.025716840311506003,1.020996,1.126953,0.10595700000000008,1.0803622739749987,1.16718264302843,1.0854495,1.5,7.548500807408596,11.442851377550985,0.41651275493392853,-0.060049975,0.27403170817026695,-0.515072,0.999767,1.5148389999999998,0.28053409165414284,0.078699376580215,-0.032508499999999996,1.5,628.5936851810452,1246.3833211296771,0.46456367662220455,0.04848818499999999,0.07571322624113157,-0.175599,0.199314,0.374913,0.08990882444140286,0.008083596712435,0.039969500000000005,1.5,21.25659648413522,39.13004763805178,0.6375833704199085,0.0037744549999999977,0.14146974014635771,-0.6523,0.217167,0.869467,0.14152008298338792,0.020027933887625,-0.002665,1.5,161.3612725518594,305.6486038197936,0.5092142639266586,2.063309237561126,0.009891630882970646,2.0085423725911284,2.086821809404435,0.07827943681330662,2.063332947967099,4.2573428541666,2.063834795253223,10.5,0.09121550904205249,0.13480057230647532,0.9056133363084883,0.2700110118372015,0.18413299722463006,0.014391458473691957,1.2065920408696553,1.1922005823959634,0.3268193800561328,0.10681090718027499,0.24174561071690195,4.0,116.55516866201397,291.03452309430486,0.6556829378239999,chewing,chewing_01.csv,1881800.0,1883790.0
-0.073466795,0.016943016770132026,-0.147461,-0.035645,0.111816,0.07539519735928145,0.005684435784845,-0.0705565,1.5,1.2492335199535614,3.127398089617129,0.6951030291846787,-1.755673865,0.015128960457241438,-1.799805,-1.719238,0.08056700000000006,1.75573904828951,3.0826196056885546,-1.7561035,1.5,1.263384809362925,2.479005851320364,0.6996678911331601,1.08261962,0.023312550728644004,1.020996,1.126465,0.10546900000000003,1.0828705908973704,1.17260871663042,1.0886230000000001,1.5,4.871885628239511,9.527878360448433,0.4121274899543643,-0.043464024999999996,0.2665461839921449,-0.456983,1.04773,1.504713,0.2700666393132906,0.072935989669975,-0.006262,1.5,630.9278648973386,1041.7171214508146,0.4133895815062557,0.045454495000000004,0.07413851631048449,-0.175599,0.285648,0.461247,0.08696338721798387,0.007562630716425001,0.0355725,4.0,16.20235068076983,33.469495432922535,0.646137600553864,-0.0018692349999999988,0.13964586658834474,-0.6523,0.213703,0.866003,0.13965837638571843,0.019504462094695,-0.012657,1.5,168.94719138289378,274.73738800990077,0.46676653230555887,2.06417555334683,0.009593907917454394,2.0085423725911284,2.086821809404435,0.07827943681330662,2.064197848585213,4.260912758103821,2.0643589008221044,6.0,0.10512583116665886,0.20583248769101928,0.8935038306275347,0.2511841796068692,0.19211868830574258,0.014391458473691957,1.2523760015766032,1.2379845431029113,0.3162326398098321,0.10000308248109499,0.198733443139518,2.5,197.9265510212001,415.96480583080654,0.575682333594652,chewing,chewing_01.csv,1882300.0,1884290.0
-0.07169187,0.01734016295693613,-0.147461,-0.035156,0.11230500000000002,0.07375910435647928,0.005440405475470001,-0.069824,1.5,1.449127911620607,3.141939427261429,0.6606151832435708,-1.7563843000000003,0.016324021548319523,-1.856934,-1.719238,0.13769600000000004,1.7564601569537521,3.0851522829659994,-1.754883,1.5,1.2606749911873363,2.195641287589187,0.7911319590063817,1.0824951150000002,0.022762428382133902,1.020996,1.124512,0.10351599999999994,1.0827344097906537,1.172313802144715,1.089111,1.5,5.510580082083105,8.777829198341,0.4247970555183898,-0.005655674999999998,0.25388126879324785,-0.456983,1.04773,1.504713,0.2539442562921536,0.06448768530377501,-0.0054625,1.5,505.8777934123697,937.1227294506684,0.4604424168633557,0.05251841499999999,0.06811518625771183,-0.175599,0.285648,0.461247,0.0860108278825114,0.007397862513035001,0.0520935,4.0,17.05382392573227,23.025816574654108,0.6770893263374613,-0.024156155,0.13168952849927354,-0.6523,0.212637,0.864937,0.13388671233824886,0.017925651740744997,-0.024780999999999997,1.5,142.14526581713295,242.01198427651502,0.4845599550164995,2.0646471062969654,0.011782064579388815,2.0085423725911284,2.157321103749046,0.1487787311579174,2.0646807236437756,4.262906490586185,2.064139479844952,3.0,0.11667455962835739,0.3311283765557544,0.9112052429107448,0.2313306082933476,0.19051863222316281,0.014391458473691957,1.2523760015766032,1.2379845431029113,0.29968516739664475,0.089811199557555,0.17444936227412833,2.5,136.62677324726056,412.93928963283474,0.5783619915408483,chewing,chewing_01.csv,1882800.0,1884790.0
-0.073173795,0.018518304583653847,-0.147461,-0.035156,0.11230500000000002,0.07548067222378853,0.005697331879355,-0.070801,0.5,2.225748093772849,3.9577696243468754,0.6361155645966285,-1.7591357300000001,0.01674226027324567,-1.856934,-1.719238,0.13769600000000004,1.7592153989326293,3.09483881984169,-1.759277,1.5,1.2427622988158955,2.519521407470268,0.7709066574374784,1.077514635,0.02492404252186581,1.020996,1.124512,0.10351599999999994,1.0778028560617265,1.161658996534815,1.0842285,0.5,4.186762678547007,10.307602443029323,0.45762119851438476,-0.071571835,0.24834313126556928,-0.456983,1.04773,1.504713,0.2584508433185216,0.066796838412055,-0.08806549999999999,1.5,365.74904912643655,907.7404589691915,0.47660941751445285,0.04369185999999999,0.06905464972056842,-0.175599,0.285648,0.461247,0.08171611394510878,0.006677523278290001,0.0452985,4.0,11.103486296895964,28.75190195767527,0.6761022339676689,0.011483180000000003,0.13598236183894438,-0.6523,0.212637,0.864937,0.13646635539285865,0.01862306615421,0.018386,1.5,116.76223613472418,265.19652764981083,0.507785943374704,2.0644759851466916,0.011578212662483302,2.0085423725911284,2.157321103749046,0.1487787311579174,2.064508451970071,4.262195148255859,2.064056837159204,8.5,0.12488148893248588,0.3781105873544143,0.9094766929445319,0.244914833065113,0.1792042197863735,0.020004076684516085,1.2523760015766032,1.2323719248920872,0.303475580310105,0.092097427844555,0.20778869217063067,0.5,86.95976396008642,335.40452577532017,0.5875368194514935,chewing,chewing_01.csv,1883300.0,1885290.0
-0.068530225,0.016367965490688665,-0.121094,-0.035156,0.08593799999999999,0.07045780320770015,0.004964302032855001,-0.065918,1.0,1.298933742215338,2.641558869566291,0.6967766965087429,-1.7567358450000001,0.01595568746594691,-1.856934,-1.722656,0.13427800000000012,1.7568083028806458,3.086375413070375,-1.755859,1.0,1.0950725630199851,2.4716760840795797,0.7515458370885194,1.0829272449999998,0.02250483773625074,1.024414,1.124512,0.10009800000000002,1.0831610617469707,1.173237885684825,1.090332,1.0,4.249454482378881,8.60618254396302,0.42813109972500124,-0.0030483550000000004,0.23973524949798053,-0.456983,1.04773,1.504713,0.23975462940278128,0.057482282320065,-0.009326500000000001,2.0,254.01555382020848,780.4695241469124,0.5847413963858036,0.036113655,0.07748121938564193,-0.12204,0.295507,0.417547,0.08548412387657138,0.007307535434945001,0.032908,1.5,16.670999355902755,36.513519942247406,0.6780171858325276,-0.02131437,0.12695293022354032,-0.623789,0.212637,0.836426,0.12872975126535435,0.01657134886084,-0.032908,1.0,62.56623959284191,211.69560533918744,0.5993492484272591,2.0650558891937396,0.011035184380395328,2.042091592328072,2.157321103749046,0.11522951142097382,2.065085373728664,4.264577600788056,2.064300689713521,8.5,0.16838026610042953,0.27652115849135583,0.9020070480485383,0.21128975075797127,0.19161891305527326,0.019955868560400974,1.2523760015766032,1.2324201330162023,0.2852387887645192,0.08136116661585,0.14089214149421864,2.5,128.37336027892326,309.7498845667555,0.6863311498234704,chewing,chewing_01.csv,1883800.0,1885790.0
0.13885982500000002,0.080627630715992,-0.080566,0.259766,0.34033199999999997,0.16057043885443237,0.025782865833905003,0.16430650000000002,0.5,72.20285266111723,109.36423468453857,0.4021599113669108,-1.894125995,0.03539144288899472,-1.992676,-1.755371,0.23730499999999988,1.8944566078864158,3.588965839164505,-1.89502,0.5,5.931238337438429,14.317475268656391,0.6459205748876635,0.7758593349999999,0.06605132813345069,0.679687,0.977539,0.297852,0.7786658369639925,0.606320485654835,0.7609859999999999,0.5,34.17926144407489,76.67228298014501,0.4135625466457462,-0.12057562499999999,0.2321339780085293,-0.81804,0.253139,1.0711789999999999,0.26158108702695804,0.06842466509020499,-0.0643505,0.5,579.5838236326215,985.9061439783652,0.3461077295915711,0.16734378500000002,0.36412839996862206,-0.747161,1.05306,1.800221,0.4007411060046561,0.16059343404183501,0.17240149999999999,0.5,1110.443313497829,2397.4113515675663,0.3836060032265533,-0.18059093500000004,0.32992996262438906,-1.401326,0.279786,1.6811120000000002,0.37612081309268836,0.14146686604150502,-0.122173,0.5,601.4786064626278,1818.5806954084237,0.47194900212018703,2.0544357208032658,0.019054126608408873,1.973138042638173,2.1084845593046206,0.1353465166664476,2.054524078869178,4.221069190653245,2.0541489881777526,5.5,0.6669909770186987,0.8725551626177834,0.8156217346816326,0.4814825706504262,0.37237011068747494,0.06409422755599758,1.8235879046815924,1.7594936771255947,0.6086747614067344,0.370484965173545,0.3369432932513402,1.0,1096.246137093005,2520.264892803204,0.40055736756103805,non_chewing,hand_micro_01.csv,1953392.0,1955382.0
0.155688435,0.05910883657860113,0.022461,0.259766,0.237305,0.16653150859349408,0.027732743354424997,0.169434,0.5,50.62181136710911,59.047616951728,0.3211160575661619,-1.9030273749999997,0.028354874092726547,-1.992676,-1.816406,0.17626999999999993,1.9032386053472656,3.622317188884205,-1.900879,0.5,1.3429789199491544,4.8447031668793175,0.7831561384336827,0.748981915,0.028409281956919906,0.679687,0.822266,0.142579,0.7495205109257351,0.5617809962983751,0.751953,0.5,4.422404723393583,12.458781774426555,0.5331307970857049,-0.038860905,0.21402146550744852,-0.81804,0.67042,1.48846,0.2175209360851847,0.047315357635375,-0.033441,1.5,212.6015051922316,603.4991683769284,0.5421931857578208,0.016824455000000006,0.318294044734186,-0.747161,0.600873,1.348034,0.3187383899050991,0.101594161199295,0.057023000000000004,1.0,915.7956413730366,1700.662892994406,0.38956814693984515,0.0501749,0.23237611935689523,-0.409286,0.70426,1.113546,0.23773132195270358,0.05651618143738,0.039969000000000005,0.5,406.92919654488236,826.9593527876228,0.5164936548108674,2.052171738775844,0.02054466127084089,1.973138042638173,2.1084845593046206,0.1353465166664476,2.0522745743532966,4.211830928537005,2.052032398829785,5.0,0.6391256387020825,1.043180789851187,0.8273952906688531,0.3898803928583478,0.231125462761398,0.06409422755599758,0.9894492745547899,0.9253550469987923,0.4532391204122279,0.20542570027205,0.3161130776181812,1.0,437.149182978605,649.9516712050477,0.5200524151231554,non_chewing,hand_micro_01.csv,1953892.0,1955882.0
0.128032215,0.08932696936468165,-0.039551,0.259766,0.299317,0.15611391844958925,0.024371555533685002,0.168457,0.5,121.01217222672548,147.088820081463,0.2603423575189877,-1.90251957,0.022224238493705473,-1.973145,-1.816406,0.15673899999999996,1.9026493715368604,3.6200746310096097,-1.90332,2.5,1.281314740854255,3.149322149616636,0.7826670951644049,0.7525024300000002,0.022512187814050857,0.706055,0.822266,0.11621100000000006,0.7528390968567453,0.56676670575608,0.7507325,2.5,4.021358681283555,7.769142435687038,0.4946805946065709,-0.022433490000000004,0.1605423017848564,-0.438331,0.67042,1.108751,0.16210210404544415,0.026277092135960002,-0.031842,2.5,143.5560503793098,317.2828993388784,0.5447112611992482,0.03866237,0.30680023621829744,-0.747161,0.600873,1.348034,0.3092267190875006,0.09562116379762,0.129101,1.0,785.752812049593,1651.6391972800586,0.345395933682813,0.07704764000000001,0.2224703509558305,-0.409286,0.70426,1.113546,0.23543448320919344,0.05542939588397999,0.072744,0.5,406.95139674561887,772.3485337983592,0.46393605351617445,2.0520620720756515,0.01594191481469008,1.9941300285590708,2.1081388917585575,0.11400886319948667,2.0521239953519803,4.211212892299375,2.050927751457013,5.0,0.43257118016015284,0.3953491919600493,0.8533917655570652,0.35954714004220667,0.21921109895493382,0.06409422755599758,0.9565303514065824,0.8924361238505848,0.4211028993221966,0.17732765181756002,0.2837872404376752,1.0,541.3948225413748,689.3084596687148,0.4237328458989395,non_chewing,hand_micro_01.csv,1954392.0,1956382.0
0.06921387,0.09474621401809731,-0.049316,0.229004,0.27832,0.11733458514496056,0.01376740487114,0.033447000000000005,0.5,131.7859852140735,166.9605996300463,0.26582941851229913,-1.9056665449999999,0.02035770404387428,-1.973145,-1.816406,0.15673899999999996,1.9057752797342542,3.6319794168461748,-1.908447,0.5,0.8001259462519686,2.425705637440065,0.7662315672815022,0.74838624,0.019965506620980098,0.706055,0.822266,0.11621100000000006,0.7486525133037156,0.56048058567597,0.745605,2.5,1.5888115432479066,5.410079362747101,0.6173442556826665,-0.04640576999999999,0.15332497546768792,-0.438331,0.67042,1.108751,0.16019376889086542,0.025662043591460005,-0.0423675,2.0,93.53400338858266,303.4593738988694,0.5545873964153384,0.09654201500000001,0.2109138051663873,-0.707724,0.600873,1.308597,0.23195903489630448,0.053804993870025,0.1364285,1.0,182.3714824496643,649.5420500075686,0.5036819388179968,0.10886057,0.17595827374205822,-0.19132,0.70426,0.89558,0.20691045840896974,0.04281193779901,0.0723445,0.5,215.63504464262869,457.1397976797732,0.5204110035798869,2.0508558748280876,0.014750866971275428,1.9941300285590708,2.1081388917585575,0.11400886319948667,2.0509089222569794,4.206227407393285,2.0505104699341854,9.5,0.3008846039575539,0.3468401014690504,0.8189054766018707,0.2896608776955431,0.1958967870924447,0.06521230135488242,0.9565303514065824,0.8913180500517,0.34968410781803483,0.122278975260495,0.22112155295206096,0.5,358.1840758057155,603.7562291578911,0.4246210040131096,non_chewing,hand_micro_01.csv,1954892.0,1956882.0
-0.0001366999999999985,0.07255257575682617,-0.106445,0.209961,0.316406,0.07255270453842504,0.00526389493584,-0.017578,0.5,44.96686257037807,91.87302442647258,0.44980479900038683,-1.91104496,0.019643051773041792,-1.973145,-1.816406,0.15673899999999996,1.9111459098206918,3.65247868862436,-1.9123535,1.0,0.9357156314301625,1.8753827860881367,0.7662647254347938,0.7335644450000001,0.026517627186024302,0.662109,0.822266,0.1601570000000001,0.7340435814852787,0.538819979519735,0.7370605,1.0,5.0985083136537765,10.76945958017783,0.5286006371710948,-0.06366586,0.16056512837372378,-0.438331,0.67042,1.108751,0.17272666898661018,0.029834502179210007,-0.052226999999999996,2.5,97.28360733549883,347.1783785125418,0.5670508196592414,0.09688575,0.2036056652430072,-0.707724,0.600873,1.308597,0.22548196263140427,0.05084211547211,0.1293675,1.0,151.42297930347266,641.5578681674245,0.5314882974365237,0.10376981499999999,0.18255336687432192,-0.332812,0.70426,1.037072,0.20998549059943403,0.044093906262285,0.074876,1.5,132.65008495205936,449.76180075179775,0.5932190728579327,2.0485004183320474,0.014442962762588144,1.9941300285590708,2.1081388917585575,0.11400886319948667,2.048551332791037,4.196562563079935,2.048354877732847,10.5,0.558914491768687,0.4567975344636469,0.8068039625907686,0.29521076294079984,0.19396166981523916,0.10170406220009111,0.9565303514065824,0.8548262892064913,0.35322871331986166,0.12477052391360502,0.22167622026902167,0.5,373.8306339327595,604.9539649403104,0.3938231455778891,non_chewing,hand_micro_01.csv,1955392.0,1957382.0
-0.03708006,0.033380193279793934,-0.106445,0.041016,0.147461,0.049891563946222406,0.0024891681529999998,-0.035889000000000004,0.5,14.270557517200492,17.968018299520995,0.3768958851288713,-1.9189990399999999,0.015462371622050743,-1.967285,-1.877441,0.08984400000000003,1.9190613331671036,3.6827964004571005,-1.916016,0.5,1.439894216998401,2.0248489164292756,0.7103736251459096,0.7090673650000001,0.03630224204304433,0.616699,0.765625,0.148926,0.7099960428660114,0.504094380885395,0.720215,0.5,20.295646586638245,24.037035791842527,0.26669760082538174,-0.07284547999999999,0.09529917687440748,-0.359991,0.169204,0.529195,0.1199516447130676,0.014388397069369998,-0.058089,0.5,55.86195733099849,135.33512256930612,0.5135564385923971,0.08448590999999998,0.12499251771250909,-0.354129,0.297372,0.6515010000000001,0.15086748646623632,0.022760998472639998,0.1231055,0.5,100.15122484716657,259.0160908759003,0.4506904365507711,0.027906610000000002,0.11014970235142672,-0.332812,0.26966,0.602472,0.11362981919285095,0.012911735809799998,0.033174499999999996,1.0,53.00824570070726,157.5892852639351,0.5546647455671735,2.0467647251637224,0.011580557886665958,2.006249248187523,2.0823396299420036,0.07609038175448068,2.0467974861953233,4.189379949495495,2.0468663887233363,0.5,0.15851005608031288,0.6449695246755689,0.8502749984195326,0.2101185443105445,0.07688516559537187,0.07260788872429771,0.44214173162007675,0.36953384289577906,0.22374344985230296,0.050061131351810007,0.1927555076616698,4.5,14.367572992062005,39.21749410571647,0.6685644656083278,non_chewing,hand_micro_01.csv,1955892.0,1957882.0
-0.085148895,0.07769428376318283,-0.373535,-0.003906,0.369629,0.11526810508200001,0.013286736049194997,-0.058105,1.0,43.557441163707374,96.05265250341367,0.5055630283825592,-1.9239648500000002,0.023566464051857673,-2.018066,-1.86084,0.1572260000000001,1.9241091762848153,3.7021961222634303,-1.918457,0.5,2.803782697528675,7.590198685205882,0.634492422498045,0.6782226299999999,0.05437874087667992,0.561035,0.765625,0.20459000000000005,0.6803991352900517,0.46294298330345,0.675537,0.5,39.2240784243583,55.814051991317186,0.27236302663589146,-0.05734934,0.18808860279058484,-0.536123,0.474303,1.010426,0.1966374056433567,0.03866626929815,-0.09166350000000001,1.5,174.99440177144575,630.1349237478437,0.4629810759594185,0.16233158499999997,0.2548235819355084,-0.354129,0.900377,1.2545060000000001,0.3021367263327234,0.091286601399055,0.125237,0.5,487.23454881589987,1171.2905006455276,0.3878183255913479,0.135887855,0.25115519069976233,-0.332812,0.849749,1.182561,0.2855598692952758,0.081544438951935,0.0560905,0.5,626.8977738850524,1105.064512087155,0.3941475202127129,2.0440709221683027,0.014138838781928174,2.0002347745694755,2.097454062001359,0.09721928743188357,2.044119820758087,4.178425841616074,2.0448893496517697,3.0,0.5586693592687003,1.5003151906175094,0.7915517359081287,0.3589849935220297,0.2874492721770717,0.07260788872429771,1.2358131934677667,1.163205304743469,0.4598883665077211,0.21149730964914,0.22847316861057998,0.5,665.8325605275711,1488.1141327645778,0.39261430877773174,non_chewing,hand_micro_01.csv,1956392.0,1958382.0
-0.173237275,0.13966732521985725,-0.452637,-0.01416,0.438477,0.222526661736285,0.049518115183495,-0.097168,0.5,302.80037738133683,357.57996007244685,0.24574193116260096,-1.9231860299999999,0.025702531628014776,-2.018066,-1.86084,0.1572260000000001,1.92335777382141,3.69930512611925,-1.919434,0.5,3.0907986755641073,8.348973945046412,0.6530298472272149,0.6476781800000001,0.04246723743190273,0.561035,0.737305,0.17627000000000004,0.6490689417182199,0.42129049110321004,0.6467285,0.5,17.896845308805926,32.39371640518202,0.35826319463181133,-0.05681774,0.18912706258146242,-0.536123,0.474303,1.010426,0.19747734396482042,0.038997301379399996,-0.098325,1.5,234.8757501575839,624.089753947503,0.46630212078817956,0.19219936,0.2958868599432567,-0.354129,0.900377,1.2545060000000001,0.35283087715149025,0.12448962787149,0.127502,0.5,916.8229804098538,1584.4691043910443,0.31810189210942774,0.11788432499999998,0.2649079414666336,-0.332812,0.849749,1.182561,0.2899533264730636,0.084072931532795,0.035972,0.5,583.6301113782832,1226.9855362538126,0.4124058402095074,2.042024563954208,0.015792802587987896,2.0002347745694755,2.097454062001359,0.09721928743188357,2.0420856329757466,4.170113732405955,2.041679953925475,1.5,0.419646178941297,1.4490338766301623,0.8211311263528346,0.4105506651988691,0.28108363895547367,0.07260788872429771,1.2358131934677667,1.163205304743469,0.49755387726726136,0.247559860783685,0.30870926604308585,0.5,991.1835363734247,1433.8450261480923,0.2982304207661041,non_chewing,hand_micro_01.csv,1956892.0,1958882.0
-0.22789305,0.13670096480532792,-0.452637,-0.01416,0.438477,0.26574874603092674,0.07062239601701,-0.2480465,0.5,343.0940491738983,360.94671386314167,0.11196177951763843,-1.9213769600000001,0.02675675753932827,-2.018066,-1.86084,0.1572260000000001,1.9215632559176552,3.69240534649286,-1.9177245,0.5,3.7212101252719987,9.201670370775185,0.6152940758726648,0.6339941,0.029816025478255823,0.561035,0.700195,0.13916000000000006,0.6346948197442059,0.4028375142101301,0.637695,0.5,5.595186155790915,15.107388416983259,0.4225860893437932,-2.794499999999811e-05,0.18651178325669393,-0.536123,0.474303,1.010426,0.18651178535018906,0.034786646074514996,-0.00906,1.5,219.9245641034056,580.2436222679383,0.4657794685441869,0.16073017,0.31162213393603977,-0.354129,0.900377,1.2545060000000001,0.3506316327815846,0.12294254190708001,0.0718115,0.5,1207.5612964281145,1743.2168590072258,0.29673586811863933,0.04347737500000001,0.3230896571915207,-0.520401,0.849749,1.37015,0.32600185386133157,0.106277208721025,-0.015321499999999998,0.5,1425.0123894420124,1838.9549980153122,0.30862113669073926,2.0409821504785053,0.016034904057573445,2.0002347745694755,2.097454062001359,0.09721928743188357,2.04104513833477,4.16586525672,2.040384422235283,1.5,0.8462129274361461,1.5949290187239844,0.7876838180165325,0.4377368082822356,0.26905925625687244,0.07260788872429771,1.2358131934677667,1.163205304743469,0.5138155278916938,0.26400639670262005,0.3571961067945222,0.5,749.6875632323043,1291.8095615680159,0.34062920299174965,non_chewing,hand_micro_01.csv,1957392.0,1959382.0
-0.25908445500000005,0.10155684874703416,-0.452637,-0.036621,0.416016,0.2782778258325212,0.077438548350075,-0.2480465,0.5,179.3774274110816,196.46149652655527,0.15874506570676888,-1.917714865,0.025000115787267366,-2.018066,-1.86084,0.1572260000000001,1.9178778139473183,3.6782553092313446,-1.915039,1.5,2.6776171808297935,7.977072219014963,0.6344098395435434,0.637587835,0.03241198661603104,0.561035,0.692383,0.13134800000000002,0.6384111404231485,0.40756878421638504,0.641113,0.5,7.77513103049732,18.483722852828677,0.39444551001369427,0.015705320000000002,0.17432283047385846,-0.536123,0.474303,1.010426,0.17502887276309587,0.03063510630072,0.009326000000000001,1.5,208.62385079168615,542.8919973237001,0.4275470074147107,0.18201253500000003,0.2883613295590773,-0.257936,0.900377,1.158313,0.34099973501779296,0.11628081928220502,0.058755,0.5,1026.291854666917,1510.1083993426994,0.3024682525073409,-0.00428469999999999,0.33585936761055213,-0.520401,0.849749,1.37015,0.3358866973636348,0.11281987346585,-0.1139125,0.5,1483.998255699709,2009.0031388698364,0.32166695615902247,2.04035371432134,0.014810882921580051,2.0002347745694755,2.097454062001359,0.09721928743188357,2.040407469550581,4.163262641797806,2.0401638102313293,2.5,0.6861317679204245,1.3249086640623124,0.7696926174624296,0.42862448868185793,0.2757115281430772,0.03680121334956227,1.2358131934677667,1.1990119801182044,0.5096428151644787,0.25973579904877503,0.34222342174708914,0.5,703.3411394004003,1355.9205210870357,0.3435021043104837,non_chewing,hand_micro_01.csv,1957892.0,1959882.0
-0.24548339000000002,0.10408587019964767,-0.452637,-0.11377,0.33886700000000003,0.2666382627101932,0.07109596314111001,-0.2194825,0.5,173.58415522018169,203.5187972898017,0.21253077042559035,-1.9139746250000003,0.016094885173693382,-1.966797,-1.871582,0.09521499999999983,1.9140422958943841,3.6635579104726452,-1.9157715,0.5,0.7049454443271848,1.9971721405139617,0.7631880580050094,0.65448236,0.026955360519206564,0.572266,0.69873,0.1264639999999999,0.6550372134557624,0.42907375101189005,0.664062,0.5,8.965775327836363,12.568570403179546,0.3561413671038731,-0.006443055,0.07806631914450671,-0.234753,0.195317,0.43006999999999995,0.07833175053900557,0.006135863142505,-0.0025315,1.0,31.95854735641672,77.89801660904773,0.5653888817163272,0.08335348,0.19239055992087972,-0.257936,0.641908,0.8998440000000001,0.20967100461146268,0.04396193017478,0.0347735,0.5,248.9174498102378,600.296707937058,0.4452570332654998,-0.13347636999999998,0.15325588724226258,-0.520401,0.259002,0.7794030000000001,0.20323215376212003,0.04130330832279,-0.1139125,0.5,242.05000686236184,315.914124155771,0.46523865371679757,2.040487312258301,0.011796318855484201,2.0043164060140306,2.082702308904708,0.07838590289067726,2.0405214099895264,4.163727624625645,2.0411395128583156,11.5,0.1901618507621395,0.4845732054719729,0.8584885190043835,0.25650072601951984,0.1600264952797949,0.01653588624779452,0.6781882449357258,0.6616523586879313,0.30232615110187705,0.091401101640075,0.23649608073594763,0.5,198.1734695806288,394.5754891382719,0.503743185472643,non_chewing,hand_micro_01.csv,1958392.0,1960382.0
-0.18905759500000002,0.0702740373166433,-0.420898,-0.11377,0.307128,0.20169584663042767,0.040681214547965,-0.15918,0.5,60.354896720187675,88.4644421116888,0.37029065492089863,-1.91960209,0.013242873443173127,-1.952637,-1.882813,0.06982399999999989,1.9196477691569878,3.6850475576293995,-1.92041,0.5,0.48951732809378795,1.5162175867061947,0.8010031184092409,0.6639843249999999,0.016930721828362045,0.607422,0.69873,0.09130799999999994,0.6642001454285711,0.44116183318733504,0.6672359999999999,0.5,2.182095496537468,4.349651516845489,0.5258354980864317,-0.00577423,0.07584320111913195,-0.306698,0.195317,0.502015,0.07606269051308927,0.0057855328880899995,-0.005196,0.5,29.45248423495827,84.50759365802678,0.565329336323392,0.031122840000000002,0.07248244904950715,-0.16041,0.235819,0.396229,0.07888178870867471,0.006222336589880001,0.029977,0.5,29.26575679854928,53.18059692523633,0.5493015382060407,-0.1191327,0.15405273019115892,-0.520401,0.18306,0.703461,0.19474302012816788,0.03792484388864,-0.090864,0.5,301.4482126745832,374.09516006436036,0.37842993962104426,2.041273550412878,0.0096383478617588,2.016414262231102,2.0690381681924093,0.05262390596130739,2.0412963051366892,4.1668906053647,2.041720228522239,2.5,0.1788991743515307,0.36229053099462266,0.8786430003329833,0.18603259618424356,0.12379251400452353,0.01653588624779452,0.5816299329315849,0.5650940466837904,0.2234562896107648,0.049932713366609996,0.14127170727552957,0.5,129.43426104360233,214.25703134183192,0.4858424938613495,non_chewing,hand_micro_01.csv,1958892.0,1960882.0
-0.15520017,0.019577333703318746,-0.222656,-0.11377,0.108886,0.15643006348832056,0.024470364762960002,-0.15380850000000001,0.5,3.217304477651312,5.855683192322183,0.509307237075728,-1.923781765,0.010562162262045356,-1.952637,-1.887695,0.06494200000000006,1.9238107595650267,3.7010478386181647,-1.923584,2.5,0.19582032469792784,0.5981071691662907,0.8655697993890228,0.6657030949999999,0.011965136559854846,0.638672,0.69873,0.060057999999999945,0.6658106151042315,0.443303775185475,0.6657715,0.5,1.22431028930452,1.8490217268696973,0.6083604938889038,-0.03067115,0.05234178231878907,-0.306698,0.050095,0.356793,0.06066614886928294,0.0036803816186299996,-0.0203845,1.5,12.416465757203007,32.86836971482989,0.6476732344624198,0.044118195,0.05100256347495658,-0.091663,0.235819,0.327482,0.06743646351251673,0.004547676611075,0.039037,0.5,13.528056174307288,39.11506306087749,0.5067281836911772,-0.047403690000000005,0.09891328248119108,-0.350931,0.18306,0.533991,0.10968567489339709,0.012030947276820001,-0.02638,0.5,94.19346776759645,139.48784991587758,0.4969818968388257,2.041751348884777,0.0085678406727239,2.016414262231102,2.0680593073437232,0.05164504511262136,2.041769325503398,4.1688219785666005,2.041542283241834,10.0,0.0866426205462854,0.1432307965736613,0.9027591451853274,0.11733255537162401,0.08057342587038102,0.01653588624779452,0.4262239362060746,0.4096880499582801,0.14233413331497474,0.020259005506525,0.0931695744580747,1.0,39.77287127810207,81.50418339059908,0.6001756476277585,non_chewing,hand_micro_01.csv,1959392.0,1961382.0
-0.152587875,0.013467211308187564,-0.177734,-0.11377,0.06396400000000001,0.15318102159678593,0.023464425377435,-0.156494,0.5,1.4306817976124522,2.43212012930843,0.5822050038093344,-1.9263403449999998,0.009270034475986325,-1.952637,-1.898438,0.054198999999999886,1.9263626497401534,3.710873058313905,-1.92627,2.5,0.19126027571997933,0.37603359600778463,0.8761317959012083,0.660776345,0.011992692188411034,0.630859,0.69873,0.06787100000000001,0.6608851661048877,0.436769202777485,0.658447,0.5,0.9764081685365511,1.8713236216722853,0.6362488514250882,-0.03139595,0.042257787326450254,-0.306698,0.050095,0.356793,0.052644337455513675,0.00277142626613,-0.023982,1.0,6.040551875835534,22.842285228046396,0.6285374180221196,0.053332455,0.04457071988680433,-0.091663,0.235819,0.327482,0.06950467486115593,0.004830899827555,0.049029500000000004,1.5,11.304225407793771,29.109745543719903,0.5237726439931368,-0.00565434,0.04883679071370681,-0.143623,0.18306,0.326683,0.04916303172150798,0.0024170036880500003,-0.005862,2.0,6.706726155651826,17.46654659032901,0.7393833180400676,2.0423132877121195,0.007944891650527633,2.02104899543826,2.0680593073437232,0.04701031190546301,2.042328741037746,4.171106686468826,2.0424258803987607,2.5,0.06796563039747654,0.12567992495714855,0.91244103017865,0.08554204443137464,0.05197969234456593,0.01653588624779452,0.4126764229926396,0.3961405367448451,0.10009660224870273,0.010019329781735,0.07364103573430497,0.5,14.217082980803937,36.69899648187728,0.6169292984280554,non_chewing,hand_micro_01.csv,1959892.0,1961882.0
-0.15815917499999999,0.008085769459635551,-0.177734,-0.132324,0.045410000000000006,0.15836572957693532,0.025079704304435003,-0.15918,9.0,0.08648141222013765,0.22905976711310294,0.8703783941165508,-1.9278027450000002,0.008545715373798442,-1.950195,-1.903809,0.046385999999999816,1.9278216859659987,3.7164964528807856,-1.927734,11.0,0.14183393515218576,0.19880918780114007,0.869742153402408,0.6545898250000001,0.008566518257984107,0.630859,0.680176,0.049317000000000055,0.654645876966009,0.428561224228595,0.653809,0.5,0.12924819755205474,0.3415437116511588,0.8464610369531501,-0.034213775,0.035930591151334755,-0.306698,0.014123,0.320821,0.049614411013686334,0.002461589780235,-0.0287775,3.5,3.296883668369606,8.75353683742118,0.7602380752149988,0.043535955,0.03658518991180687,-0.047164,0.235819,0.282983,0.056866998326314006,0.003233855498645,0.0411685,1.5,8.455517219133325,16.058317901679676,0.5896953958584142,-0.01015357,0.042552938433615836,-0.143623,0.18306,0.326683,0.04374754339480104,0.00191384755308,-0.009859,1.0,4.626893963562561,10.307393992213438,0.7536862351159695,2.0420771312914883,0.00764010930158283,2.02104899543826,2.0680593073437232,0.04701031190546301,2.042091423373061,4.170137381413815,2.0416809290176987,11.0,0.08254885430327749,0.12518958224907925,0.8891300398838683,0.07391507307218756,0.04632337212135116,0.014079499245356704,0.4126764229926396,0.3985969237472829,0.08723126063493523,0.007609292831960001,0.06446924969629082,3.0,4.958725132029434,17.419209267929794,0.7434159884463055,non_chewing,hand_micro_01.csv,1960392.0,1962382.0
-0.15509278,0.011523872289365238,-0.177734,-0.101563,0.076171,0.15552032034647434,0.02418657004067,-0.157715,0.5,0.573469887589459,1.3151124564374126,0.74318625945599,-1.9288110299999999,0.008504257344947884,-1.964844,-1.90332,0.061524000000000134,1.9288297778297205,3.720384311842649,-1.928711,16.0,0.07770236123597096,0.1561186131214443,0.9094730116169587,0.651772445,0.007948817911927222,0.623047,0.674316,0.05126900000000001,0.6518209138770211,0.42487050376747504,0.651855,0.5,0.07094312993026092,0.1881396012839974,0.8845319329464141,-0.02803986,0.02556325919773142,-0.190521,0.037838,0.22835899999999998,0.037943562953813396,0.0014397139696300002,-0.026779499999999998,3.5,1.4217781882357092,2.640147423087577,0.7886306631326832,0.028909820000000003,0.03501983180895648,-0.116711,0.089531,0.20624199999999998,0.045411081382851916,0.0020621663123599997,0.035306500000000005,1.5,6.444166580033573,15.393782705746622,0.5787255536148846,-0.03119342,0.07408907618538375,-0.590214,0.058888,0.6491020000000001,0.08038793853122495,0.0064622206613,-0.021051,1.5,10.783108672958829,42.43148890771226,0.7465548944021368,2.041906980172343,0.007567692796312612,2.0161092196617227,2.068925525156476,0.05281630549475347,2.0419210037733575,4.169441385650796,2.0411796913838147,16.0,0.045679389678739045,0.08036124648847659,0.9209633291333549,0.071808533532786,0.06933711455750627,0.006829467988064664,0.6185846109862417,0.6117551429981771,0.09982034333386156,0.009964100943289998,0.05849931069357693,2.5,8.30860560346648,34.52768220802829,0.7647126797898308,non_chewing,hand_micro_01.csv,1960892.0,1962882.0
-0.14709472999999998,0.022169838879592698,-0.202637,-0.072266,0.13037100000000001,0.14875604643079218,0.022128361349720002,-0.154053,0.5,4.26934754688555,8.225573659788928,0.47859978243029083,-1.92907713,0.008781262543797444,-1.964844,-1.900391,0.0644530000000001,1.9290971162854658,3.7214156840608994,-1.929199,8.5,0.09191869470436927,0.1703720928023895,0.9258972775537405,0.652380335,0.007989921250724251,0.623047,0.679687,0.056640000000000024,0.6524292607910109,0.42566394033630495,0.652344,0.5,0.11563899986541736,0.2665022814258902,0.888741718387574,-0.03168506,0.039644278958840956,-0.190521,0.145755,0.336276,0.050750486513628616,0.00257561188137,-0.0302435,3.5,7.900987651341021,10.410538331203991,0.6298831642126991,-0.04164275,0.13447028885976076,-0.492956,0.089531,0.582487,0.1407706546606572,0.019816377213590003,0.016920499999999998,0.5,157.02516238605392,343.9616445698526,0.3430471319744324,0.00840558,0.1140906561030464,-0.590214,0.317357,0.907571,0.11439987580919832,0.013087331585159998,-0.0043965,1.0,66.83163111454097,176.6960463850137,0.5416848968040171,2.0418490253927346,0.0077809542900975125,2.0156284512295417,2.068925525156476,0.0532970739269345,2.0418638509329963,4.169207985746925,2.0415168830998507,8.5,0.06517177104586747,0.09202652852013175,0.919811692050195,0.12883189816816287,0.13741056252889775,0.006829467988064664,0.6185846109862417,0.6117551429981771,0.1883595516030976,0.03547932068012,0.0662198350680542,0.5,137.33845742347094,308.9032381107602,0.48985883873364383,non_chewing,hand_micro_01.csv,1961392.0,1963382.0
-0.1437109,0.021955270299861943,-0.202637,-0.072266,0.13037100000000001,0.14537832256822197,0.02113485667275,-0.147949,1.0,2.5552362167229714,7.618527260343157,0.5188709334976607,-1.9289892599999998,0.009040626842337867,-1.964844,-1.900391,0.0644530000000001,1.9290104453136199,3.7210812981290498,-1.929199,3.0,0.06168886118673961,0.1709317715835164,0.9192630007280768,0.653762165,0.008111287500007319,0.623047,0.679687,0.056640000000000024,0.6538124818098803,0.42747076137039497,0.65332,0.5,0.2749634278611211,0.33027534179022866,0.8220903113965934,-0.027688075,0.041541322941131456,-0.190521,0.145755,0.336276,0.04992305087737527,0.002492311008905,-0.026779499999999998,3.5,9.347491746939024,11.503947372932172,0.6187668120987653,-0.04872664,0.13117117729291905,-0.492956,0.09193,0.584886,0.13992913634443685,0.0195801631981,0.005729,0.5,171.79493997678185,328.1196933730528,0.3241057656548387,0.002723250000000004,0.1165917680094847,-0.590214,0.317357,0.907571,0.11662356733585198,0.01360105645814,-0.008527,1.0,83.7624021650258,186.39125215804546,0.532180950440306,2.041965615446571,0.00795873772043315,2.0156284512295417,2.068925525156476,0.0532970739269345,2.041981125322219,4.1696869161721954,2.0412475771501604,18.0,0.06744674363026483,0.09988857042130743,0.9137975718407859,0.1295361972285903,0.13745509911495007,0.006829467988064664,0.6185846109862417,0.6117551429981771,0.1888743780006833,0.035673530665145,0.06684369653780006,0.5,133.09067785140428,307.08425980290895,0.49431562497881215,non_chewing,hand_micro_01.csv,1961892.0,1963882.0
-0.140078095,0.02054947104589252,-0.202637,-0.072266,0.13037100000000001,0.14157737622620006,0.020044153459095,-0.143066,1.0,3.236820260442795,6.498054522826983,0.5365770964750035,-1.9289526399999999,0.00882099020407573,-1.964844,-1.900391,0.0644530000000001,1.9289728088366487,3.7209360972311503,-1.929199,17.0,0.07090802310605722,0.16025887975153072,0.9131059256921493,0.65678951,0.008839143193766011,0.623047,0.684082,0.06103499999999995,0.6568489863723929,0.43145059089843996,0.65625,0.5,0.2828803048909018,0.5806373874483957,0.7945912302454664,-0.026314460000000005,0.04173070766316334,-0.190521,0.145755,0.336276,0.04933460010134875,0.00243390276716,-0.026646,3.5,9.160339205681694,11.739366711958406,0.612782643467843,-0.033933990000000004,0.1412526821635253,-0.492956,0.15215,0.645106,0.14527159356085415,0.021103835895709997,0.0157215,0.5,246.26033649157145,383.62576743708263,0.28639969749852684,0.007185175000000001,0.11554300220287844,-0.590214,0.317357,0.907571,0.11576619583382274,0.013401812097834998,-0.005196,1.0,97.6255117209379,182.1681111428947,0.528937436684257,2.0426378167562493,0.007848002672429933,2.0156284512295417,2.068925525156476,0.0532970739269345,2.042652893075249,4.172430841588685,2.0425667382302106,3.0,0.056713756567601095,0.10316294074808025,0.9104176920864402,0.13775547395172866,0.13402604283138264,0.006829467988064664,0.6185846109862417,0.6117551429981771,0.19219664607038542,0.036939550760704994,0.08534618721288881,0.5,103.4870353899542,292.28929086423324,0.5204149195598725,non_chewing,hand_micro_01.csv,1962392.0,1964382.0
-0.14173091,0.02029725422543404,-0.202637,-0.072266,0.13037100000000001,0.14317691636056423,0.020499629378520002,-0.145508,1.0,2.565938295506794,6.385803011425473,0.5207107886485169,-1.9282617249999998,0.007690249835302818,-1.948242,-1.900391,0.04785100000000009,1.928277059979324,3.7182524200425053,-1.928711,3.0,0.0537764113676618,0.12203482496598435,0.9036931358158328,0.66030512,0.007851030642253284,0.637207,0.684082,0.046875,0.66035179274411,0.43606449018036003,0.659668,2.5,0.11795887208172622,0.32074072009970744,0.8826463502175869,-0.024888890000000004,0.03585437314300586,-0.13856,0.145755,0.284315,0.04364622456650747,0.00190499291891,-0.0251805,2.5,4.4237529474746236,13.214288002069605,0.6202455204792681,-0.014247724999999996,0.14905587880949003,-0.492956,0.153482,0.6464380000000001,0.14973527532063044,0.022420652675345,0.041035,0.5,227.5481569431013,428.79786691330173,0.2967143494768316,0.020364395,0.08781539278878718,-0.12657,0.317357,0.44392699999999996,0.09014572532497035,0.008126251794365,-0.0029315,1.0,51.932895350156066,125.2407660444667,0.4577952524259068,2.043224670686235,0.0070345362683876846,2.0156284512295417,2.0603729550527983,0.044744503823256565,2.0432367801117386,4.174816539601385,2.0433427815626066,25.5,0.041442713836439896,0.0700230830595452,0.9073471198065587,0.13434682185424088,0.1200117862807019,0.020613852866458515,0.5427080747031502,0.5220942218366916,0.18014410173141945,0.03245189738862,0.08767796595267216,0.5,105.42799124919635,270.2601549818296,0.3857510301355022,non_chewing,hand_micro_01.csv,1962892.0,1964882.0
-0.14610833999999998,0.010286582142500006,-0.183105,-0.113281,0.06982399999999998,0.1464699996235748,0.02145346078973,-0.146484,1.0,0.20034487287806785,0.6074416199144087,0.8127744745173883,-1.9278198450000001,0.006588975811230077,-1.948242,-1.90918,0.03906199999999993,1.927831104992879,3.7165327693780648,-1.927734,18.0,0.05208856664692441,0.05168599957946103,0.8915873062842735,0.6611450000000001,0.0074615027353744255,0.637207,0.684082,0.046875,0.6611871029051232,0.43716838504807,0.661133,2.5,0.075601499341638,0.2560761637721757,0.8874828771195692,-0.021820570000000004,0.0173873311254229,-0.068214,0.037038,0.105252,0.027900834374441207,0.00077845655879,-0.023315500000000003,3.0,0.7407069925684847,2.8032994784344805,0.7321056547090627,0.06175399000000001,0.03820673490106031,-0.066882,0.153482,0.220364,0.07261755898348553,0.00527330987272,0.0647505,1.0,8.605975093717444,21.536779395902062,0.5503095724510942,-0.01644074,0.03430740387325162,-0.12657,0.062619,0.189189,0.038043342285740356,0.0014472958922700002,-0.0118575,2.5,2.2931357560420453,8.20411529009391,0.7405218388063909,2.0433100745001878,0.006209240042319586,2.0271768279254774,2.0603729550527983,0.033196127127320896,2.04331950884238,4.175154615215865,2.0430131458274294,18.0,0.046228323316816484,0.031238430273007402,0.8907944269613988,0.08152905633025254,0.02919032883813591,0.020613852866458515,0.17447115640414607,0.15385730353768756,0.0865971265330438,0.007499062323779999,0.08003148493172897,1.0,4.087258425003493,8.474383148171778,0.6675394349327384,non_chewing,hand_micro_01.csv,1963392.0,1965382.0
-0.14791989,0.00867238404119075,-0.170898,-0.122559,0.04833899999999999,0.14817389818240592,0.02195550410257,-0.148437,1.0,0.2888677263752133,0.5189823437409485,0.8454468584220489,-1.92766848,0.006232551049899235,-1.948242,-1.90918,0.03906199999999993,1.9276785555372296,3.7159446134781002,-1.927734,5.0,0.035256500951146026,0.05506876381948757,0.9145250349958252,0.6615283,0.007218355830104249,0.637207,0.684082,0.046875,0.661567680862495,0.43767179636178,0.661133,3.0,0.055392911631199616,0.21801842943768987,0.9139847743110319,-0.024617109999999998,0.013303709472846287,-0.068214,0.017853,0.086067,0.027981972598264047,0.00078299079049,-0.0257135,2.5,0.638368615594279,1.7026983287186557,0.7528748605339917,0.069085695,0.02838514726088232,0.014123,0.153482,0.139359,0.07468969031034337,0.005578549838655,0.0659495,2.5,3.1992753110665983,10.700839336095752,0.6120256093399301,-0.009224935,0.028954521492692207,-0.088199,0.063951,0.15215,0.03038854620782311,0.0009234637406250001,-0.0078605,8.5,3.0584884443574314,4.128571239033316,0.744062713548774,2.043413132374787,0.00588934467595122,2.0277094283158523,2.0603729550527983,0.03266352673694595,2.0434216192314425,4.17557191394245,2.043721869427447,5.0,0.03249995957947006,0.04451403857142951,0.925168780021595,0.08043766498825088,0.028544463929244104,0.01748527769296216,0.17447115640414607,0.1569858787111839,0.08535223705193672,0.00728500436977,0.0767965719020097,1.0,3.1786974536119854,10.263598379172473,0.638074891217102,non_chewing,hand_micro_01.csv,1963892.0,1965882.0
-0.15192867,0.009122058280404704,-0.174316,-0.122559,0.051757,0.15220227565723188,0.023165532715240002,-0.151855,0.5,0.32456669712136255,0.5733685696125957,0.8063683850983572,-1.92724369,0.006118265256091799,-1.943359,-1.912109,0.03125,1.9272534015573977,3.71430567381456,-1.9274900000000001,11.5,0.037515629612021074,0.02671558010480854,0.9191593686959282,0.6606616,0.006980943558001313,0.637207,0.681641,0.044434000000000085,0.6606984813721914,0.43652248328752,0.660156,41.5,0.03767594958885798,0.11569543241012495,0.9219107467711415,-0.025573725000000002,0.013079601298180882,-0.068214,0.004796,0.07300999999999999,0.028724403918880544,0.000825091380495,-0.0262465,8.0,0.38641593391308954,1.0526199134796468,0.7483837880117487,0.06276656000000001,0.025608993127930666,0.01359,0.153482,0.13989200000000002,0.06778983392264655,0.0045954615832600005,0.061019500000000004,0.5,3.8480210217323214,7.699085545430826,0.6059541033682945,-0.006540305,0.03110400128266418,-0.088199,0.076208,0.164407,0.031784186088131945,0.0010102344852850002,-0.007327500000000001,8.5,3.7366179209206916,5.694877628396032,0.7092115925389145,2.0430271536432225,0.005808553502682506,2.0303939575634087,2.0594109488931536,0.02901699132974489,2.0430354108084665,4.17399368981732,2.043352635919221,38.0,0.027835945897517148,0.0416407816441234,0.9232847434921408,0.07591053685188047,0.02585300454297909,0.01748527769296216,0.17447115640414607,0.1569858787111839,0.08019219069859608,0.00643078744904,0.07134564211932429,0.5,3.312159018723888,7.93779496581463,0.6427096019005446,non_chewing,hand_micro_01.csv,1964392.0,1966382.0
-0.154621575,0.01211314142179373,-0.195801,-0.088867,0.106934,0.15509532439949633,0.024054559650585002,-0.155029,0.5,0.5748494782430998,1.1668132502312003,0.7877520143216806,-1.9260034400000001,0.008533903488814481,-1.95752,-1.859863,0.09765699999999988,1.926022346287963,3.70956207840059,-1.926758,15.5,0.06467545176346971,0.12689634453519294,0.9087893344395932,0.659511705,0.006778650421579136,0.632812,0.67627,0.043458,0.659546540536409,0.435001639133545,0.659668,3.5,0.04605663307428358,0.07072860436271597,0.9057385314423494,-0.032580359999999996,0.023439361221466767,-0.168404,0.003198,0.171602,0.04013581333671962,0.0016108835122,-0.029311,0.5,2.147110357440457,5.495573398238757,0.6948591111008714,0.02749492,0.09229935694761691,-0.444193,0.116977,0.56117,0.0963075382239106,0.00927514191875,0.054891,1.0,32.25830608987872,130.9523765706492,0.5715828557280789,-0.017519905000000002,0.0694611703833586,-0.316557,0.167072,0.483629,0.07163659164306325,0.005131801262234999,-0.008126999999999999,3.0,11.949558514662085,57.63224822663348,0.6490359524779976,2.0417037173807655,0.008012965636002557,1.978655610029699,2.07436345376407,0.0957078437343708,2.0417194413495503,4.16861827718472,2.042697062871173,26.5,0.04982749947732502,0.13914027675057683,0.9033293155409579,0.09586740771406209,0.08262727655787033,0.01748527769296216,0.47314230714447847,0.4556570294515163,0.12656155298187916,0.016017826693185,0.07367614197355359,0.5,31.807498909883215,110.17193128666871,0.548822682062572,non_chewing,hand_micro_01.csv,1964892.0,1966882.0
-0.15127195499999999,0.019464047016819884,-0.195801,-0.050293,0.145508,0.1525190266681341,0.023262053495795004,-0.154785,0.5,1.4727126414704983,4.688109176800913,0.6875011448161933,-1.9280224849999998,0.012478281941428273,-1.994141,-1.859863,0.1342779999999999,1.9280628646871931,3.7174264101857855,-1.927734,6.0,0.20057613043128436,0.6279755941981584,0.8548531696292958,0.65733885,0.010900253864360223,0.601074,0.674316,0.07324200000000003,0.6574292199572742,0.43221317925363,0.65918,2.5,0.3699836133990544,1.3192024476890374,0.7577062270023529,-0.028359614999999998,0.03070958050457178,-0.168404,0.043966,0.21237,0.04180126909215796,0.0017473460977149998,-0.027579,1.5,4.344327763080247,12.47637078280133,0.6242994167601797,0.036318835,0.11066760520060862,-0.444193,0.291243,0.735436,0.11647478961816156,0.013566376616594997,0.050761,1.5,72.85441580546056,222.1392529062206,0.4393687483323281,-0.0067361800000000005,0.0885981794265977,-0.316557,0.249142,0.565699,0.08885388859639178,0.0078950135187,0.0014655,1.5,25.722998855051806,107.38838478674798,0.612588263800128,2.0427447432984738,0.009775308775788773,1.978655610029699,2.0863483978746213,0.10769278784492231,2.0427681324455818,4.17290164293521,2.0429253762220494,6.0,0.14198302779260483,0.12902858143668605,0.87344972360505,0.1167019544466815,0.09792543112662144,0.01748527769296216,0.47314230714447847,0.4556570294515163,0.15234413750784767,0.023208736233009997,0.0765991781077071,0.5,79.56606548841074,155.46982608968912,0.45741334322369065,non_chewing,hand_micro_01.csv,1965392.0,1967382.0
-0.14974853000000002,0.019757396568604375,-0.195801,-0.050293,0.145508,0.15104627422194167,0.02281497695633,-0.152832,0.5,1.5103427731742498,4.899692394357209,0.6825920305696538,-1.928269065,0.012510477323458724,-1.994141,-1.859863,0.1342779999999999,1.9283096481319684,3.7183780990788353,-1.927734,6.0,0.2599196533932217,0.6462544108418409,0.8435829016159427,0.6562329349999999,0.01137784888899369,0.601074,0.674316,0.07324200000000003,0.6563315628735639,0.43077112042405497,0.657471,1.5,0.40086352928844204,1.3608256962535836,0.7563515451812132,-0.027945279999999996,0.03243602121009295,-0.168404,0.043966,0.21237,0.04281394803355561,0.00183303414622,-0.028378,1.5,6.393354834585193,14.631193398529046,0.589377415080502,0.030123584999999998,0.1120045408339893,-0.444193,0.291243,0.735436,0.1159846866645981,0.013452447540685,0.0429005,1.5,91.49903478851255,226.40107102999488,0.4328031333148317,-0.003322815000000001,0.09279413325302831,-0.316557,0.249142,0.565699,0.09285360663811072,0.008621792265705,0.0025315,1.5,43.978719829930476,120.46413378827249,0.5964717788857612,2.042514761974017,0.009881476481018624,1.978655610029699,2.0863483978746213,0.10769278784492231,2.0425386646179358,4.1719641964592205,2.042016498953407,6.0,0.17920893676161898,0.1258815009714765,0.8666765299616717,0.11965466637580895,0.09792872289121235,0.015307031260175828,0.47314230714447847,0.4578352758843026,0.15461977219168965,0.02390727395261,0.07711742224433377,0.5,70.24328017717711,150.31839133575343,0.4817289205779726,non_chewing,hand_micro_01.csv,1965892.0,1967882.0
-0.15109863499999998,0.02073189243223529,-0.195801,-0.050293,0.145508,0.15251429068347988,0.023260608862685,-0.154297,0.5,2.1950029036473175,5.646046091299784,0.6554987677766967,-1.928291025,0.012503754283189308,-1.994141,-1.859863,0.1342779999999999,1.9283315640643144,3.718462620966725,-1.9274900000000001,5.5,0.22276826243316483,0.6264907287705064,0.8457355449168525,0.656352575,0.01129691915454718,0.601074,0.674316,0.07324200000000003,0.656449787182169,0.43092632309151496,0.658203,1.5,0.4069547240593848,1.3899276381678736,0.7554525550475439,-0.025978795,0.032508470191828086,-0.168404,0.043966,0.21237,0.04161368072959901,0.0017316984238650002,-0.0243815,1.5,6.07295983682557,15.064912181662207,0.5893634589163581,0.033093315,0.11309153913593968,-0.444193,0.291243,0.735436,0.11783405162271642,0.013884863721824998,0.051161,1.5,86.58930314176953,230.5508365115229,0.4355580309535193,0.0013749050000000007,0.09302153001916262,-0.316557,0.249142,0.565699,0.09303169035799037,0.008654895410865,0.012257,1.5,34.05586726705269,123.99460911864553,0.5972182166713694,2.042682470594958,0.009893292930194484,1.978655610029699,2.0863483978746213,0.10769278784492231,2.042706428472022,4.172649552920925,2.0423083828432604,5.5,0.16472017777257097,0.11310880483381887,0.8690934524469333,0.12157205706688998,0.0974253175364589,0.015307031260175828,0.47314230714447847,0.4578352758843026,0.15579299585204398,0.024271457556554993,0.08471011263453129,0.5,67.26685549887338,146.96409076368073,0.48741049003567416,non_chewing,hand_micro_01.csv,1966392.0,1968382.0
-0.155766575,0.022896634339884432,-0.203125,-0.050293,0.152832,0.1574404069841189,0.024787481751325,-0.156738,0.5,3.1868614045334005,6.8723491184586525,0.6379711033394494,-1.9281982399999997,0.011169799998316892,-1.994141,-1.904785,0.08935599999999999,1.9282305923232055,3.7180732171710997,-1.926758,1.5,0.28867303523208615,0.9299054166900855,0.7976072315109868,0.6570386100000001,0.011260356131930285,0.601074,0.674316,0.07324200000000003,0.6571350931512865,0.43182653065094995,0.658691,1.5,0.4342652032528581,1.1115179458949362,0.7827457618856681,-0.017899655,0.02342896488656669,-0.126836,0.043966,0.170802,0.02948413208447893,0.0008693140447749998,-0.021317,1.5,2.9819146555784455,6.277205091625567,0.6580880986231934,0.066006735,0.06670360352660698,-0.118842,0.291243,0.410085,0.09384167405153747,0.008806259788795002,0.063152,1.5,23.057770704589483,71.21931072364,0.5289600370623242,0.018551075,0.06537486275227945,-0.295773,0.249142,0.544915,0.06795597886525512,0.004618015063535001,0.0191855,3.0,11.648602051858518,37.79435111235442,0.7113992413224259,2.0431889627526156,0.008129702286350609,2.0258542888169426,2.0863483978746213,0.06049410905767871,2.0432051364396515,4.174687229573375,2.0419960427554464,8.5,0.07082873450342791,0.24649763999280033,0.8770856893290037,0.10044764380288232,0.06483717877540844,0.015307031260175828,0.3430633460295635,0.32775631476938766,0.11955579825798915,0.014293588897105,0.08663998795694033,0.5,16.52453353607792,53.3053210540735,0.606221021586318,non_chewing,hand_micro_01.csv,1966892.0,1968882.0
-0.169089345,0.017385718218295584,-0.203125,-0.12207,0.081055,0.1699807924163639,0.028893469790494997,-0.172119,0.5,3.896681870918979,4.89311601315332,0.38750237269380056,-1.9254809599999998,0.006866522673697374,-1.940918,-1.904785,0.03613299999999997,1.9254932034302668,3.7075240764561506,-1.9255369999999998,10.5,0.07356624864893392,0.1803840782680225,0.8168137012141997,0.6608154500000001,0.008483726152905924,0.640137,0.681152,0.041015000000000024,0.6608699059331874,0.43674903256813996,0.6604005,1.5,0.14913718749436514,0.478972891078904,0.839553330079682,-0.017000349999999997,0.01633508416132283,-0.058888,0.023982,0.08287,0.02357640504148162,0.0005558468746799999,-0.019185,1.5,1.1779797578272229,2.9998768192501157,0.6414086800299327,0.051908209999999996,0.03578033831569931,-0.05276,0.121773,0.174533,0.06304518122259622,0.00397469487539,0.05649,0.5,7.43542234165107,15.20244467611747,0.5953235100625086,0.008861165,0.04459850811773612,-0.109783,0.14762,0.257403,0.04547028888719534,0.002067547171485,0.010392,3.0,5.404415095889616,17.097071751755067,0.6657429800106403,2.0428234092237925,0.006252802736969411,2.0262585484545155,2.0560529801337806,0.0297944316792651,2.042832978687877,4.173166578814785,2.0425317247016803,8.5,0.04516588412525548,0.08414690341646901,0.8907854886896922,0.07619890861599232,0.028139211916588053,0.015307031260175828,0.17658485162946452,0.1612778203692887,0.08122862132004335,0.006598088921555001,0.07434596046852457,4.5,2.0084013202533395,3.5203935888831435,0.695966852369618,non_chewing,hand_micro_01.csv,1967392.0,1969382.0
-0.17890624500000002,0.012758259410475044,-0.216309,-0.146973,0.06933600000000001,0.17936058007038505,0.032170217683185,-0.180664,0.5,0.9482885852484426,1.7351811178519332,0.7056356779635206,-1.9231689399999998,0.007300721437392349,-1.940918,-1.904785,0.03613299999999997,1.923182797425723,3.6986320723142296,-1.92334,1.0,0.10847525880320594,0.23532921128304327,0.8436645538204608,0.665742175,0.008885893117429166,0.644531,0.691895,0.04736400000000007,0.6658014739171317,0.443291602670225,0.666016,0.5,0.580516135973005,0.793115029506952,0.695739243400685,-0.017787745,0.01614668547752061,-0.095394,0.019718,0.115112,0.024023307934066863,0.0005771193240949999,-0.017187,1.0,0.7917602840630255,1.751029612751257,0.7148425142848499,0.06832361,0.033602257767565265,-0.000266,0.215835,0.216101,0.07613952594093294,0.0057972274105099995,0.06861400000000001,0.5,4.008208189633662,10.467020902870187,0.6994495150377616,0.015254975000000002,0.04436949894132651,-0.078074,0.167338,0.245412,0.04691872439181398,0.002201366698555,0.017187,0.5,7.5450798422471985,19.37280407981819,0.6653968693109544,2.0430501058287756,0.006337013545006926,2.0262585484545155,2.0578986314660885,0.03164008301157306,2.043059933694467,4.174093892667639,2.042303819631069,8.5,0.06110201270248468,0.09177059461027115,0.894300384510467,0.08565099852832145,0.035208236028825377,0.018068634812846263,0.23897729572911316,0.2209086609162669,0.09260514798411587,0.00857571343316,0.08469198757184154,1.0,3.896901425025417,12.113841349762184,0.7042352649590806,non_chewing,hand_micro_01.csv,1967892.0,1969882.0
-0.199030755,0.029085031963279242,-0.269531,-0.162598,0.10693300000000003,0.20114467559489363,0.040459180520175,-0.187012,0.5,7.3377006455633715,14.635174575375107,0.39124684647042424,-1.9210839799999997,0.00752168327767131,-1.94043,-1.904785,0.03564500000000015,1.9210987048905035,3.6906202339319703,-1.920898,0.5,0.12733213386734865,0.2786821850903193,0.8143926735929145,0.6660229200000001,0.009166912639684097,0.632812,0.691895,0.059083,0.6660860021443702,0.44367056225266993,0.666504,0.5,0.5732717131121675,0.7611464745710278,0.7182823825252223,-0.021711394999999998,0.01856148800578701,-0.095394,0.019718,0.115112,0.02856419979336022,0.0008159135098350001,-0.019985,0.5,2.1928657595198526,3.7262586547331247,0.5959121917572057,0.078599715,0.04134875248618482,-0.000266,0.215835,0.216101,0.08881235572962244,0.007887634530245,0.07474249999999999,0.5,17.075204656600192,23.200016152415948,0.47300860799406075,0.023591255,0.05850466419842075,-0.078074,0.210505,0.28857900000000003,0.0630820342525905,0.003979343045445001,0.01772,0.5,20.893183100420355,44.62849913135969,0.5722656236542452,2.0432104152066715,0.006416844691627523,2.0249989977498752,2.0578986314660885,0.032899633716213295,2.043220491455784,4.174749976704815,2.042267842161856,8.5,0.08058270007056002,0.10132023597127379,0.8788843008584252,0.10064871662802202,0.05052451807446679,0.018068634812846263,0.24859634482228413,0.23052771000943786,0.11261834258026086,0.012682891085524998,0.08892915760834391,0.5,23.99509858222033,41.09262119472059,0.4360357374778872,non_chewing,hand_micro_01.csv,1968392.0,1970382.0
-0.21895019000000002,0.03531722695093572,-0.282715,-0.166504,0.11621099999999998,0.22178027915155127,0.04918649222054,-0.204346,0.5,20.13599411782035,23.49921684853507,0.20880831226296168,-1.9188720899999998,0.007933749577715454,-1.94043,-1.897461,0.042969000000000035,1.9188884913312,3.6821330421633296,-1.917969,0.5,0.15246790980774108,0.3725444140886569,0.8664653479775872,0.6653857149999999,0.010046922657897545,0.632812,0.691895,0.059083,0.6654615619109454,0.44283909038095504,0.666504,0.5,0.7740204822278184,0.9292924019313299,0.6984370558196149,-0.023683215,0.01884818165125684,-0.095394,0.019718,0.115112,0.030267947143719543,0.000916148624295,-0.0209175,0.5,2.2869614434044068,3.7889735109948233,0.6051958580135226,0.07468007,0.04179040025885251,0.003198,0.215835,0.212637,0.08557774482305548,0.007323550409,0.0650165,0.5,17.131447345081785,24.393524593925154,0.442381390989183,0.024697075000000002,0.06054055027507906,-0.078074,0.210505,0.28857900000000003,0.06538427747681395,0.004275103741165001,0.0165205,0.5,18.69874586262334,46.309907274391726,0.5845325815877979,2.0430651409734724,0.006592003024174086,2.0249989977498752,2.0578986314660885,0.032899633716213295,2.0430757755807356,4.174158624764825,2.0423787257582813,7.0,0.03642006629230599,0.08293065316930832,0.929098284700178,0.0993157418428677,0.051489670776388344,0.020629848472540947,0.24859634482228413,0.22796649634974317,0.11186957930760265,0.012514802774459998,0.08227789740710148,0.5,22.538935651711178,42.90014491254105,0.4325683200699512,non_chewing,hand_micro_01.csv,1968892.0,1970882.0
-0.23885987,0.03486322438835943,-0.30127,-0.17041,0.13085999999999998,0.24139072457567629,0.058269481911170005,-0.252441,0.5,11.14637871395038,20.68841926091563,0.44471949295594754,-1.9170581150000001,0.009985140764745135,-1.946777,-1.86084,0.08593699999999993,1.9170841190003753,3.6752115193234456,-1.91748,0.5,0.14989549925215095,0.45016316765620656,0.8800835724639342,0.662451135,0.012481391023711062,0.631348,0.691895,0.06054700000000002,0.6625687069162526,0.43899729138467497,0.6623535,1.0,0.5127044233308117,1.7941688325602163,0.7203409204317015,-0.025059460000000002,0.024401768811674288,-0.098858,0.070346,0.16920400000000002,0.03497746212391631,0.00122342285663,-0.023982,4.0,1.8012365847912388,4.368036395751233,0.6872704893671627,0.08304033000000001,0.048243356403251,0.003198,0.215835,0.212637,0.0960370649466132,0.00922311784356,0.07261100000000001,0.5,17.477363627784502,33.87242415960825,0.5236112197302573,0.030382045,0.05868724318310561,-0.075142,0.210505,0.285647,0.06608525683399438,0.004367261170815001,0.021583,0.5,15.573922771811569,43.65890121826864,0.595471964468349,2.0426474858411403,0.008339137015309367,1.994152283687482,2.072844358976814,0.07869207528933186,2.0426645080921366,4.1724782926192905,2.042267842161856,7.0,0.06434129082551224,0.1638181310076104,0.9150361480993283,0.10867851694031147,0.05479764435319671,0.020352373178575515,0.24859634482228413,0.2282439716437086,0.12171196272760126,0.014813801871005,0.09540609978809543,0.5,19.02311981621898,45.689292390416576,0.5227714149865733,non_chewing,hand_micro_01.csv,1969392.0,1971382.0
-0.25805663500000003,0.022352383249706842,-0.307617,-0.194336,0.11328099999999997,0.25902288683524666,0.067092855904465,-0.25708,1.0,2.946499160788724,7.668460018663594,0.5384733089096255,-1.91481203,0.01210961164691502,-1.946777,-1.86084,0.08593699999999993,1.914850321285442,3.66665175292696,-1.916016,2.5,0.19643534885957525,0.6683385296821517,0.8529547850665669,0.6627245700000001,0.015711236949237952,0.631348,0.709961,0.07861299999999993,0.6629107772907,0.43945069864816005,0.660645,1.0,1.1290602589594052,3.27663060135194,0.6582240226426826,-0.0013003350000000014,0.05073965127553376,-0.098858,0.152949,0.251807,0.05075631076698739,0.0025762030826749997,-0.019584999999999998,0.5,21.74013792747025,39.54555195679445,0.4868107425049433,0.076670555,0.05272081545525424,-0.063951,0.211571,0.275522,0.09304761354422263,0.008657858386275,0.065816,1.5,19.582402657929453,39.649514815569844,0.5294036820535766,-0.006527029999999996,0.08695346140136745,-0.253939,0.210505,0.464444,0.08719808811149474,0.0076035065703,0.0037305000000000003,1.5,52.77422770147349,122.16732963721762,0.4974499619689204,2.042818414317663,0.009393274415980151,1.994152283687482,2.072844358976814,0.07869207528933186,2.0428400102503343,4.173195307479586,2.0427630557736207,12.0,0.07265351095128236,0.20089617871372956,0.9032055056959607,0.12317816537546979,0.06053682857553256,0.020352373178575515,0.2843651873155362,0.2640128141369607,0.13725002017941562,0.018837568039249998,0.10917711068897222,0.5,43.66932681706078,56.991153661717576,0.4074801721591918,non_chewing,hand_micro_01.csv,1969892.0,1971882.0
-0.25192625,0.027932862626975776,-0.307617,-0.179199,0.12841799999999998,0.2534700776296879,0.06424708025359999,-0.253906,0.5,7.698581736404053,12.63627351335156,0.4635061381667004,-1.911423375,0.013548332596831794,-1.965332,-1.86084,0.10449200000000003,1.91147139026786,3.6537228758125457,-1.9123535,0.5,0.3476366554375035,0.8926310109972603,0.8511600902842845,0.677421845,0.02995203780097399,0.631348,0.768555,0.13720699999999997,0.6780836826318969,0.459797480651635,0.66748,0.5,10.222623020727887,14.528987482306093,0.44064161800325424,0.019501044999999998,0.05301005322703398,-0.098858,0.152949,0.251807,0.05648324087041217,0.003190356499225,0.008660000000000001,0.5,32.277218149796646,44.52423654967763,0.4317465739699225,0.05874432,0.056207563242570834,-0.063951,0.193185,0.257136,0.08130304605566756,0.00661018529793,0.054890999999999995,1.0,17.606722125871755,47.22737627048292,0.5315426711608633,-0.048071205,0.08277569107765259,-0.253939,0.159078,0.413017,0.09572176232986415,0.009162655783535,-0.037838,0.5,73.71528183952555,106.86764856847206,0.43189990992658955,2.04393098680414,0.010656354894257319,1.994152283687482,2.0920165176541987,0.09786423396671662,2.0439587659044838,4.1777674367177795,2.0441363746418624,9.5,0.12987457966596236,0.32939317367833265,0.8785959606471689,0.12564610427756231,0.056358265237336204,0.020352373178575515,0.2843651873155362,0.2640128141369607,0.13770692640782453,0.01896319758069,0.12414553730836869,0.5,30.95151229914884,41.18806973117031,0.5203051618161207,non_chewing,hand_micro_01.csv,1970392.0,1972382.0
-0.236088855,0.03698501647889284,-0.307617,-0.150391,0.15722599999999998,0.23896828011088625,0.05710583889915499,-0.23266599999999998,0.5,20.411845752932482,22.975274150025314,0.3197865886346701,-1.905637255,0.017853631584637757,-1.965332,-1.852539,0.11279300000000014,1.9057208871722782,3.631772099804695,-1.906494,0.5,1.5066739601081713,2.6306514667825587,0.7607366029665287,0.7028857,0.043567773990301595,0.631348,0.784668,0.15332,0.7042346613132302,0.49594645819496,0.700684,0.5,28.57467598460238,34.77835653682271,0.2557420040923161,0.030905649999999996,0.05693304043644165,-0.108717,0.155881,0.264598,0.06478063209987997,0.00419653029526,0.034907,0.5,23.221498481894226,51.58551772217114,0.5107506805237183,0.04674550999999999,0.07057470687399205,-0.113513,0.193185,0.306698,0.08465182783324882,0.00716593195551,0.0401025,1.0,41.78750234490376,83.47360356365422,0.45335611971402795,-0.048621439999999995,0.08859046990210855,-0.253939,0.245945,0.499884,0.101056003211833,0.010212315785150002,-0.044499,0.5,66.67741752914016,116.2021059976169,0.5220984379227758,2.045643808669043,0.012876527203488352,1.994152283687482,2.0961431816605467,0.1019908979730646,2.045684334617345,4.18482439689881,2.046296157308986,2.0,0.273158833936348,0.7302618347466343,0.8519850190438748,0.13728629849919066,0.052223081872971824,0.020352373178575515,0.2948515722901949,0.27449919911161935,0.14688355263922506,0.021574778035920002,0.1379236342786511,0.5,14.75175419735792,27.40346538484412,0.680017207024507,non_chewing,hand_micro_01.csv,1970892.0,1972882.0
-0.22054437999999998,0.03339173880985535,-0.307617,-0.150391,0.15722599999999998,0.22305791124802096,0.049754831770329994,-0.2128905,0.5,12.085151088592164,16.638117110295106,0.4752636723912578,-1.9007153850000003,0.0157098511277725,-1.965332,-1.852539,0.11279300000000014,1.9007803066630702,3.612965774198155,-1.901855,0.5,0.6905365943393464,1.770957644016624,0.7850262929993584,0.727236295,0.03659806771317271,0.636719,0.784668,0.147949,0.7281566090654298,0.5302120473256651,0.738281,0.5,17.898557338727187,23.59666452968917,0.349840080597358,0.025750905000000004,0.06188964436693731,-0.121507,0.155881,0.27738799999999997,0.06703310516591783,0.004493437188185,0.033174999999999996,0.5,32.80957997553485,62.54528715374198,0.45914371659922737,0.041855925,0.06768015590185483,-0.113513,0.185991,0.299504,0.07957714471193975,0.006332521960505,0.039303000000000005,1.5,21.889404667408947,63.72979325487792,0.5720606987284145,-0.05868304,0.0839384799802117,-0.253939,0.245945,0.499884,0.10241761374407236,0.01048936760503,-0.059688,0.5,58.90880173863438,94.633314802925,0.5546232427774562,2.047630112811829,0.011982253559622253,2.0100163549033625,2.0961431816605467,0.0861268267571842,2.047665171187455,4.19293265329415,2.047341984237374,6.0,0.23736749068463095,0.694187810889593,0.8557133565452514,0.13629589096071437,0.05233313349060096,0.01233231352990995,0.2948515722901949,0.28251925876028494,0.14599769434384915,0.021315326753720002,0.1369554363463295,0.5,7.86623685819011,21.562355550604146,0.7177429001904283,non_chewing,hand_micro_01.csv,1971392.0,1973382.0
-0.199465285,0.021726525928775983,-0.269043,-0.150391,0.11865199999999998,0.20064506435261495,0.040258441849065,-0.19873,1.0,2.827516673000536,6.803112660843287,0.5988199901028146,-1.8969824749999997,0.013418409339760622,-1.965332,-1.852539,0.11279300000000014,1.8970299323327333,3.598722564166335,-1.897461,1.0,0.3574198948609932,1.0848334934880148,0.8244158591057504,0.7489477149999999,0.02173865488602676,0.692383,0.791504,0.09912100000000001,0.7492631373022264,0.5613952489199749,0.7541505,1.0,3.6345105575954895,6.99754002797583,0.5450972392518592,0.00752354,0.05540954767310775,-0.121507,0.155881,0.27738799999999997,0.05591799019519568,0.00312682162747,0.007994,0.5,19.053720400832276,47.42648577436612,0.5512350679342157,0.02266797,0.0667971121571816,-0.113513,0.185991,0.299504,0.07053857849758527,0.00497569105646,0.0141225,1.5,43.293861261447226,72.22637762621898,0.4282583447822407,-0.040121269999999994,0.07186873087300973,-0.218499,0.245945,0.46444399999999997,0.08230936024359563,0.00677483078371,-0.0417015,0.5,21.14696616464548,65.49816779566912,0.6460184554858196,2.0494514427977792,0.011182063739536981,2.0100163549033625,2.0961431816605467,0.0861268267571842,2.049481947940839,4.200376254935375,2.0489163988295815,6.0,0.1759225516953097,0.6268085250520862,0.8613464912925508,0.11072883860833507,0.05115142000071245,0.01233231352990995,0.2948515722901949,0.28251925876028494,0.12197271607880182,0.01487734346764,0.10909332892501604,0.5,14.913523677030243,21.80260652749182,0.6839897623543361,non_chewing,hand_micro_01.csv,1971892.0,1973882.0
-0.185522405,0.020358103294535447,-0.229492,-0.130859,0.098633,0.1866360499119476,0.034833015126735,-0.182373,0.5,4.147627045883967,5.313430656509145,0.5246116958201708,-1.8934424300000001,0.011885978610745519,-1.935547,-1.852539,0.08300799999999997,1.893479736414372,3.5852655122118398,-1.8947755,0.5,0.33550244326683804,0.7648839845304911,0.8057085881120851,0.7623656950000001,0.01434855661841897,0.725586,0.801758,0.07617200000000002,0.7625007108126949,0.581407333989865,0.761719,0.5,1.147610720552123,2.47347262502138,0.6239990802828729,-0.01164043,0.049023581998718736,-0.121507,0.155881,0.27738799999999997,0.05038661729636154,0.00253881120257,-0.016654000000000002,1.0,16.68808402912086,31.826276321323846,0.55381221644656,0.010654485,0.06150847063429373,-0.113513,0.185991,0.299504,0.06242443440180295,0.0038968100103850003,0.0030645,1.5,26.579725017409224,55.632058394173896,0.52839727063365,-0.01594245,0.0577244957663339,-0.166273,0.245945,0.412218,0.059885550206038855,0.00358627912348,-0.020784,2.0,18.13876137639023,34.607451658993405,0.6752287619773407,2.049731397040232,0.010347043826052211,2.0100163549033625,2.0961431816605467,0.0861268267571842,2.0497575128118055,4.20150586132844,2.0500233235674674,6.5,0.1482048922425613,0.5411547376773989,0.836926022612244,0.08834751184247965,0.047080967361322536,0.01233231352990995,0.2948515722901949,0.28251925876028494,0.10010944179464293,0.010021900336435002,0.08349786971755031,0.5,15.62799853003873,23.156299012718005,0.6311953017982964,non_chewing,hand_micro_01.csv,1972392.0,1974382.0
-0.17847894,0.020119267124485425,-0.229492,-0.130859,0.098633,0.17960934533912762,0.032259516933150004,-0.175293,0.5,5.078737535967909,6.673721269732603,0.3822916879743404,-1.8943433149999998,0.009011884850894119,-1.919434,-1.875488,0.04394600000000004,1.8943647508211703,3.5886178091537544,-1.895508,11.0,0.156393462594395,0.34373104025054013,0.8483551616478981,0.7641992000000001,0.013823198142976893,0.725586,0.801758,0.07617200000000002,0.7643242100624185,0.58419149808754,0.764404,0.5,1.2569260180356479,2.2286941193800915,0.6366247598011728,-0.024413305000000003,0.03256408272993384,-0.121507,0.085002,0.206509,0.0406992499324619,0.001656428945065,-0.0243815,0.5,3.8387789898244,7.744923968089615,0.6386887600818008,0.015107065,0.051979734049250145,-0.10472,0.185991,0.290711,0.05413054742698433,0.002930116164745,0.008660000000000001,0.5,12.639903808195367,40.388548868891455,0.5439976900448444,-0.005874175000000001,0.05633199897841701,-0.166273,0.216368,0.382641,0.05663744380562209,0.0032078000408350005,-0.007194,0.5,16.675758840998004,28.6218207788698,0.6432756151964528,2.050613628256169,0.007250640283000362,2.0331723135349353,2.0732366168930163,0.04006430335808098,2.050626446765584,4.205068824174445,2.05066789481495,11.0,0.09920374172503435,0.05651254217891679,0.8737072893361578,0.07756570268878277,0.042165233511037965,0.01233231352990995,0.21765330909958616,0.2053209955696762,0.08828558857845939,0.007794345150645,0.07114292499536123,0.5,9.131423178391753,17.369091532735126,0.6122512698954494,non_chewing,hand_micro_01.csv,1972892.0,1974882.0
-0.17475582000000003,0.01510821594324095,-0.210449,-0.130859,0.07959,0.1754076817384575,0.03076785481286,-0.174072,0.5,2.480802315421169,3.1297550531344664,0.5039042969677163,-1.893437565,0.0085392150889748,-1.919434,-1.874023,0.04541100000000009,1.8934568204074436,3.5851787307474656,-1.893799,11.0,0.13250903129157832,0.20113253771548434,0.8645840775097641,0.767509755,0.011024020176186856,0.738281,0.801758,0.063477,0.7675889219113347,0.5891927530410049,0.766602,3.0,0.4500805416706495,0.94675459348628,0.7221030578314759,-0.024417285,0.026799274474018416,-0.071678,0.085002,0.15667999999999999,0.036254722714496104,0.001314404919105,-0.0302435,5.0,2.3113431930481734,6.2523226499195514,0.643796889906438,0.014779325000000001,0.04485508231593578,-0.10472,0.128701,0.233421,0.04722718345428828,0.0022304068570250003,0.019718,0.5,10.30402455627615,29.601176478171944,0.5536752493897447,-0.0036758650000000026,0.050754144623338646,-0.12204,0.216368,0.338408,0.05088708264328974,0.002589495179945,-0.0083935,0.5,16.42787417952862,28.750696736135474,0.6111503213828882,2.050630816104928,0.00725221636245497,2.0331723135349353,2.0732366168930163,0.04006430335808098,2.0506436400801897,4.20513933860133,2.05093833293805,11.0,0.08583906445754738,0.05528405075427577,0.8925329125959587,0.07156175415750554,0.03183115294763508,0.01750938822460682,0.21765330909958616,0.20014392087497934,0.07832181660351731,0.0061343069560749995,0.0706729638831732,0.5,3.5137413265342143,7.837756949573708,0.6741583919670489,non_chewing,hand_micro_01.csv,1973392.0,1975382.0
-0.17528557500000003,0.014624212869565835,-0.202637,-0.130859,0.07177800000000001,0.1758945718467031,0.030938900405135,-0.176514,0.5,2.359352505433503,3.297821155625331,0.47238327513767897,-1.89292486,0.007744672250676584,-1.913574,-1.874023,0.039551000000000114,1.892940703126828,3.58322450555429,-1.893555,4.0,0.05959056237632649,0.11007539855031359,0.879572866156692,0.7680688499999999,0.009729716465421792,0.74707,0.801758,0.05468799999999996,0.7681304744135725,0.59002442572282,0.766602,3.0,0.18667224984491324,0.5604513640029158,0.7980312374267715,-0.030721810000000002,0.018314597851547276,-0.071678,0.031176,0.102854,0.03576666190938148,0.0012792541041399999,-0.032242,5.0,1.3683684842522124,1.5503463029523483,0.6716080304511166,0.02812375,0.0372755413054928,-0.07834,0.128701,0.20704100000000003,0.04669487438338388,0.0021804112936799997,0.037305,0.5,12.174579231835557,20.026139170908994,0.49686727702259353,0.0009819250000000002,0.04764729080377367,-0.12204,0.216368,0.338408,0.047657407584183596,0.002271228497645,-0.0058625,0.5,10.322232115484866,25.871346284514793,0.6335150343720802,2.0504003574935594,0.006797475452611821,2.0331723135349353,2.0682987359095395,0.03512642237460417,2.0504116249383304,4.204187831682245,2.051093415374452,5.0,0.036074033813694145,0.03274089977808142,0.9023459891623782,0.06963795893816732,0.02968919955793893,0.018066367011660093,0.21765330909958616,0.19958694208792607,0.07570266769054443,0.005730893895465,0.0689671798181303,0.5,3.790402123334574,8.885312783887327,0.6670128640349348,non_chewing,hand_micro_01.csv,1973892.0,1975882.0
-0.17959957000000004,0.012768231093424806,-0.205566,-0.14209,0.063476,0.1800528624305651,0.03241903326944,-0.181152,1.0,0.7891624337798657,2.0633610941095952,0.6370169739545054,-1.8936792450000002,0.007480591268407526,-1.913574,-1.874023,0.039551000000000114,1.8936940202127415,3.586077042189495,-1.8942869999999998,7.5,0.07998831037241606,0.032668922581598536,0.8849346511311171,0.7659106449999998,0.007553250097075762,0.744629,0.789062,0.044433000000000056,0.7659478883784099,0.586676167711345,0.765137,3.0,0.09434659993147217,0.2471494671152083,0.8741679205830808,-0.03039005,0.012855335280244542,-0.065283,0.009593,0.074876,0.03299719358021224,0.00108881478417,-0.029977,2.0,0.6233474228711464,1.3425945798360603,0.7354977125445077,0.042560694999999996,0.026533965499185665,-0.071412,0.128701,0.200113,0.05015440243881887,0.002515464083995,0.0446325,3.0,2.3901294648980045,7.227737667843283,0.6598727032290396,0.0030736600000000015,0.04611606185858025,-0.074609,0.216368,0.290977,0.0462183788891389,0.00213613854714,-0.002265,0.5,9.301739469296827,22.963444005709114,0.6320654082624723,2.050640928878606,0.006635056756905209,2.0356783306703936,2.0682987359095395,0.03262040523914589,2.0506516630501337,4.20517224317028,2.051192658556332,7.5,0.05126029663477375,0.04807662295931266,0.9058477958352938,0.07071751359608278,0.027192842552643266,0.029702060904927118,0.21765330909958616,0.18795124819465905,0.07576554240091599,0.005740417415304999,0.06924788666534641,0.5,3.076652652252775,8.736286946980893,0.6548082810139194,non_chewing,hand_micro_01.csv,1974392.0,1976382.0
-0.18306638,0.009258721335346472,-0.205566,-0.158691,0.046875,0.1833003639032667,0.03359902340707,-0.183105,2.5,0.21185354354812666,0.6153209371433036,0.7752416253670051,-1.8937939549999998,0.0068036190827364075,-1.912109,-1.874023,0.038086000000000064,1.8938061762564733,3.5865018332271648,-1.893555,7.5,0.08112582258950628,0.051425805125294,0.8793317704191826,0.764653325,0.00795013153157701,0.740234,0.789062,0.048828000000000094,0.7646946528026236,0.584757912024925,0.76416,3.5,0.09846745643280559,0.2324148255846807,0.8870884803341328,-0.028392915000000005,0.012281036739533638,-0.055691,0.007994,0.06368499999999999,0.030935117352209933,0.0009569814855950002,-0.028378,3.5,0.4036238257937059,1.020811770155862,0.7342949618509029,0.04805517,0.020464299089661,-0.027446,0.128701,0.156147,0.05223109132461239,0.00272808690096,0.046231,0.5,0.8366355237444965,2.28630147839182,0.7503470766285207,-0.01237451,0.029822069571039164,-0.074609,0.060221,0.13483,0.03228752593866554,0.00104248433124,-0.0129235,2.5,2.1843488500266064,6.224270362879755,0.7024175931543435,2.05056570487469,0.006249692066383962,2.0356783306703936,2.0682987359095395,0.03262040523914589,2.0505752287246524,4.20485876865916,2.0506035584933664,7.5,0.07309789250503988,0.04562383733746599,0.8912497047981363,0.06620497824944921,0.01855946046589058,0.0318429211442669,0.14986083832008948,0.11801791717582258,0.06875720120681905,0.004727552717794999,0.06573472230360886,0.5,0.9346444145036622,2.5390841867895526,0.746396213949914,non_chewing,hand_micro_01.csv,1974892.0,1976882.0
-0.18105467,0.00893407635746975,-0.206543,-0.158691,0.047852000000000006,0.18127496034800283,0.03286061124917,-0.180664,2.5,0.28678484406239513,0.4455631028053051,0.7523650952226997,-1.8940576100000002,0.006427715379347469,-1.912109,-1.875,0.03710900000000006,1.8940685165864275,3.5874955455239097,-1.894531,10.0,0.07469176022531557,0.040505151123436736,0.8983978015095968,0.7638842800000001,0.00807443850070084,0.740234,0.789062,0.048828000000000094,0.7639269531756423,0.58358438978822,0.763428,3.0,0.11336969943281813,0.30072798803709333,0.8545720295677025,-0.027359045000000002,0.011624867078077711,-0.054358,0.007994,0.062352,0.029726333071790068,0.000883654877895,-0.027979,2.5,0.38049598573640653,0.8812628998514995,0.7477867270738078,0.04666955,0.023005326149991876,-0.027446,0.117243,0.144689,0.052031643530355644,0.0027072919284700002,0.045432,3.5,1.2636622250081844,3.6898400800293727,0.6903002265668357,-0.013732135000000001,0.029438575410620248,-0.074609,0.060221,0.13483,0.032483861437104425,0.001055201253865,-0.0183855,2.5,2.5732119818573094,6.230268620980802,0.6931813845167835,2.050342883578922,0.005882713538151176,2.0356783306703936,2.0682229597219446,0.03254462905155098,2.0503513227155246,4.2039405465613005,2.0504817804618325,10.0,0.040498204029381056,0.03281827327039941,0.9001407406673607,0.06520751045103207,0.019852673397014936,0.0318429211442669,0.1251651663523043,0.09332224520803739,0.06816265884067317,0.00464614806023,0.06347405295474971,5.0,1.1430414818077064,1.527555378797514,0.7097342419521318,non_chewing,hand_micro_01.csv,1975392.0,1977382.0
-0.176525885,0.01401172026097349,-0.206543,-0.123047,0.083496,0.1770811011364708,0.031357716379705,-0.178711,0.5,0.7718170249902345,2.6070098733301323,0.6383364309235844,-1.8947265500000001,0.006715444743834912,-1.914551,-1.875,0.03955099999999989,1.8947384506767708,3.5900337964730102,-1.894531,9.5,0.04717650560639406,0.05781508739657122,0.8889670720701626,0.762814965,0.007932765720338337,0.740234,0.788086,0.047852000000000006,0.7628562116152198,0.581949599599925,0.762695,2.5,0.09797449112079966,0.16785514864648782,0.8832515274112926,-0.028439530000000005,0.011534472130925628,-0.05649,0.007994,0.064484,0.030689589667507775,0.00094185091396,-0.028511,4.5,0.40610912915609243,0.8335027117237985,0.7170464819624948,0.04375846,0.025249226517626237,-0.027446,0.117243,0.144689,0.05052055286029637,0.0025523262613100003,0.0411685,3.5,3.296843123543206,4.15626720919981,0.6311633003632582,-0.021871244999999997,0.03554081356194558,-0.14309,0.060221,0.203311,0.04173129265305593,0.001741500786495,-0.024114999999999998,1.0,4.936412560962094,13.450458073670042,0.627936226326359,2.050196544541549,0.005936430116953551,2.035947096038107,2.0682229597219446,0.03227586368383761,2.0502051391147766,4.20334111245264,2.050323141692836,12.5,0.0365059668969333,0.03375307466288906,0.8885544548816128,0.06835499814473592,0.023733356071111163,0.021393118636608362,0.14964120022573996,0.1282480815891316,0.07235798478236524,0.0052356779617649995,0.06572350890020584,3.5,1.822349411228298,3.872890615368334,0.6968664225052325,non_chewing,hand_micro_01.csv,1975892.0,1977882.0
-0.16909666999999998,0.01692714065461441,-0.206543,-0.123047,0.083496,0.16994178972762997,0.02888021189583,-0.171387,0.5,2.6766208577003696,4.292877209210521,0.5242476253820181,-1.8962280149999997,0.006661411028811767,-1.91748,-1.875977,0.04150300000000007,1.8962397156656474,3.595725059267735,-1.895996,0.5,0.0518339362554735,0.12364559126317051,0.8976369695006049,0.7617969000000001,0.007982055842951743,0.740234,0.783691,0.04345700000000008,0.7618387165700428,0.58039823006509,0.761963,2.5,0.1180609437690417,0.2580110965116101,0.8797057471301676,-0.02557774,0.014320660250924187,-0.05649,0.028511,0.085001,0.02931385497559132,0.00085930209353,-0.027579,0.5,0.8225143867460458,2.539091493218618,0.6207592403220196,0.039484415,0.027208053631650592,-0.027446,0.117243,0.144689,0.047950987584355335,0.002299297210315,0.036905,3.5,2.9947499281731913,5.655499635601205,0.642793634214158,-0.030639205,0.032523777710668465,-0.14309,0.060221,0.203311,0.04468284905425123,0.001996556999605,-0.029844,0.5,3.3436662693117736,10.252460943060294,0.6624542875317508,2.0506022998792792,0.005805941651971741,2.036323101034067,2.0676694560303877,0.031346354996320436,2.050610519145129,4.205003501228655,2.050340659349364,5.5,0.035058501178618175,0.033419978059132625,0.8967243787650694,0.0673166116702895,0.024972586904072284,0.01890362557817944,0.14964120022573996,0.13073757464756053,0.07179941715257862,0.0051551563034500005,0.06407248684523434,0.5,1.8186805647561892,4.362319026452855,0.680546116610976,non_chewing,hand_micro_01.csv,1976392.0,1978382.0
-0.15568604500000002,0.023128698292013212,-0.206543,-0.101563,0.10498,0.15739466729347917,0.024773081292425,-0.15625,0.5,5.363832771563789,9.407172486336155,0.39262577928031434,-1.8964111449999999,0.007951608612348511,-1.92334,-1.875977,0.047363000000000044,1.8964278153833685,3.596438458959735,-1.895996,5.5,0.12925814208997372,0.23069596024904473,0.8570868214027951,0.7638672200000001,0.009127578675179965,0.743652,0.789551,0.04589900000000002,0.7639217515446199,0.583576442483,0.763184,0.5,0.2842773079617738,0.6374012482561217,0.7833870436651348,-0.02225097,0.017051789198178003,-0.05649,0.062619,0.11910899999999999,0.02803335835749973,0.0007858691808,-0.025314,0.5,2.080570894441432,2.761646429861034,0.6359264800517738,0.035271615,0.03023866371463486,-0.034907,0.117243,0.15215,0.04645926826753732,0.002158463607955,0.031709,2.0,2.8510949068341445,8.942595556008998,0.6269210212755526,-0.028995135,0.058980622646058724,-0.273124,0.134564,0.40768799999999994,0.0657223835643915,0.004319431701384999,-0.029977,1.0,13.828261439183436,46.4164201538553,0.608115061535705,2.0505469252388577,0.006729794099825593,2.033226329985179,2.0716022521022226,0.03837592211704344,2.0505579686356494,4.20478798273516,2.0502745293514266,5.5,0.07127922249854629,0.112911502849287,0.8882941489374304,0.0757270104666668,0.03910478712282343,0.01890362557817944,0.2753457622354119,0.2564421366572325,0.08522772137127685,0.0072637644901400004,0.06910487525413013,1.0,5.796788023137353,10.297166021435409,0.701653615767006,non_chewing,hand_micro_01.csv,1976892.0,1978882.0
-0.14595947000000004,0.01857577867786705,-0.20459,-0.101563,0.103027,0.1471367609952387,0.02164922643617,-0.146973,0.5,3.2419070564546897,5.0110521229144345,0.5198409099703142,-1.8963256949999998,0.00811062091223447,-1.92334,-1.875977,0.047363000000000044,1.8963430395603047,3.596116923688815,-1.895508,3.0,0.10816014409639643,0.2684130543991816,0.8641734795818417,0.7661377,0.010380349240752934,0.746094,0.79248,0.04638599999999993,0.766208018107126,0.58707472701165,0.765869,0.5,0.4947619057444415,0.9968699064967739,0.7580299922010933,-0.01722149,0.02315470156166777,-0.073011,0.062619,0.13563,0.028856886911619556,0.0008327199222299999,-0.02185,1.0,2.2994874211917087,6.998447275417718,0.6098414936245937,0.023701835,0.028282995588122823,-0.058089,0.114845,0.172934,0.03690128482593797,0.001361704821805,0.025446999999999997,2.0,2.3897800835324143,8.865037736424503,0.6425286106753627,-0.021839294999999995,0.062373961816834876,-0.273124,0.134564,0.40768799999999994,0.06608680593601872,0.004367465918825,-0.0251805,2.0,17.59885555696468,55.49816869337461,0.5832468253856802,2.050558984570535,0.0069805396418840295,2.033226329985179,2.0716022521022226,0.03837592211704344,2.050570866158162,4.204840877136635,2.049733132393877,6.5,0.045893416222870013,0.10635743279976624,0.8927716711793672,0.07099284276560262,0.03901162568925349,0.013537107002605839,0.2753457622354119,0.26180865523280605,0.08100549773231444,0.0065618906628599994,0.0640342025481809,1.0,5.76048786755263,12.028047196716605,0.682338385905463,non_chewing,hand_micro_01.csv,1977392.0,1979382.0
-0.137761215,0.01729483161810993,-0.175781,-0.09082,0.084961,0.13884258553835346,0.019277263558975,-0.139648,1.0,2.156387506867011,3.7766480285664628,0.5674121193839279,-1.8955053949999998,0.008742226743168763,-1.92334,-1.87207,0.05127000000000015,1.8955255548270868,3.593017129002535,-1.895508,6.0,0.1648232972217228,0.46610695951960673,0.8180924747080197,0.772062985,0.01300066867183281,0.747559,0.808594,0.06103500000000006,0.7721724355304488,0.596250270193025,0.770996,1.0,0.8301199986774314,2.1653692832930003,0.6512012423385143,-0.011813625000000001,0.024729531984337572,-0.073011,0.062619,0.13563,0.02740641326049434,0.000751111487805,-0.010125499999999999,1.0,2.1410345520176537,5.9964972215355665,0.6255137159748351,0.02773077,0.03381021449912881,-0.058089,0.134297,0.192386,0.043727865363747176,0.00191212620927,0.0279785,1.0,5.080855325241483,16.352668253953446,0.5678602958915075,-0.01906142,0.06542929235184804,-0.273124,0.134564,0.40768799999999994,0.06814932156727607,0.00464433003008,-0.0163875,2.0,17.819876298359397,54.005518632309105,0.5905702387861527,2.051461747352747,0.007025802655048894,2.033226329985179,2.0716022521022226,0.03837592211704344,2.0514737782273835,4.2085446627545355,2.0511947767623333,6.0,0.1052299120683861,0.16223548535622723,0.8624016907028667,0.07235082789940404,0.04552939083082288,0.013142971886145082,0.2753457622354119,0.2622027903492668,0.08548431275476806,0.007307567727155001,0.061539192523078295,1.0,8.647704199040499,21.121708005542764,0.6405475191022832,non_chewing,hand_micro_01.csv,1977892.0,1979882.0
-0.126479495,0.022776501923912174,-0.175781,-0.048828,0.12695299999999998,0.12851393580209503,0.016515831695345,-0.128174,0.5,3.992295998341567,6.884974322908286,0.5732471546425768,-1.8918555000000001,0.01031641162274945,-1.92334,-1.859375,0.06396500000000005,1.8918836278241378,3.5792236612290207,-1.89209,3.0,0.2296856773655259,0.7780765569571549,0.8156335033161303,0.78346923,0.01772843192832068,0.748047,0.825684,0.07763699999999996,0.7836697848299563,0.61413833165543,0.779053,0.5,2.528152797389097,4.794886041111942,0.5366711400457165,-0.00444458,0.031858114334084496,-0.080205,0.073011,0.15321600000000002,0.032166655721414375,0.0010346937403,-0.0004000000000000001,3.5,3.9968840405679718,11.038440587910461,0.5896719648546467,0.013532299999999999,0.04368453063785853,-0.115378,0.134297,0.24967499999999998,0.045732497858087744,0.0020914613603399998,0.014522,1.0,18.446976137773273,30.317668915432865,0.4416695826373391,-0.024846309999999996,0.07940072850549862,-0.273124,0.134564,0.40768799999999994,0.0831974447192941,0.006921814807819999,-0.0090595,2.0,30.643438571984174,89.0622607612587,0.5526634217875416,2.051783824048738,0.007807941581046253,2.030479297704362,2.072893012753432,0.04241371504906999,2.0517986803241186,4.209877824579795,2.0518744185498057,6.0,0.10445152532306413,0.20851730436358637,0.8792545686627619,0.08389158006780623,0.05486504080183353,0.011472893532147851,0.2753457622354119,0.26387286870326404,0.10023956259112467,0.010047969908459999,0.0689286183198098,2.0,18.11554249120221,35.38708854865578,0.6046522686662993,non_chewing,hand_micro_01.csv,1978392.0,1980382.0
-0.12267086,0.025076130113524296,-0.175781,-0.048828,0.12695299999999998,0.12520763632706275,0.015676952194610003,-0.125244,0.5,6.554864806654733,9.188369516572392,0.4926710416209217,-1.8901147600000001,0.010881396994981855,-1.911621,-1.836426,0.07519500000000012,1.8901460818599234,3.5726522107704204,-1.8918460000000001,1.5,0.4079852985690397,0.6377305775369231,0.827425850107551,0.79066891,0.017497693786379397,0.748535,0.825684,0.07714900000000002,0.7908625003933554,0.62546349452843,0.7912600000000001,0.5,2.781910792104688,3.879818542742092,0.5145137689661857,-0.021927149999999996,0.04819514208784429,-0.26513,0.073011,0.33814099999999997,0.05294876417811845,0.0028035716279899998,-0.013456,0.5,15.689630043054825,36.92953852582959,0.480932399349807,0.0019398700000000013,0.04300064114537247,-0.115378,0.134297,0.24967499999999998,0.04304437517876174,0.0018528182345299998,0.001865,0.5,15.954375421181595,29.88746263050952,0.48198463209104414,0.009031745,0.1032987207087773,-0.242481,0.356527,0.599008,0.10369280649020451,0.010752198117815,0.0073279999999999994,0.5,82.15890037970267,168.31310484659699,0.4759280870628373,2.052736047511697,0.008208333540640995,2.0165388794965,2.080660929819417,0.06412205032291718,2.0527524588935364,4.21379265749346,2.05248701921525,1.5,0.08030886362548584,0.21049348180392916,0.913297260923,0.10051086718095065,0.07284334944844519,0.011472893532147851,0.4253899515233052,0.41391705799115736,0.12413133359605462,0.015408587980334999,0.08107152150702768,1.5,23.7546172241886,77.89740943051031,0.5498359585826048,non_chewing,hand_micro_01.csv,1978892.0,1980882.0
-0.127436495,0.031341679518015225,-0.218262,-0.048828,0.169434,0.13123399381598885,0.017222361132895003,-0.127441,0.5,11.523949812079199,14.420969767656583,0.4413667141712067,-1.88956545,0.012465820319477582,-1.937988,-1.836426,0.10156200000000015,1.889606569238671,3.57061298650994,-1.8898925,3.5,0.38020654417179855,0.5777748224126337,0.8402177624364149,0.7917187450000001,0.017058052030345522,0.742187,0.825684,0.08349699999999993,0.7919024866253704,0.627109548323445,0.793457,0.5,2.448849962977548,3.0027281951424243,0.5038843704519075,-0.036134925,0.05226748404973569,-0.26513,0.073011,0.33814099999999997,0.06354229059173898,0.004037622693645,-0.036372,0.5,23.083856519888272,41.538977009653,0.504876890571281,-0.0014708549999999988,0.06474880366465449,-0.215568,0.134297,0.349865,0.06476550772158741,0.0041945709904349995,-0.001066,1.5,24.95581377647547,66.94968643316761,0.531978321096183,0.03785367,0.12488703322331386,-0.242481,0.356527,0.599008,0.13049778312212817,0.01702967139979,0.0290445,0.5,121.03965493844963,235.66095382068494,0.4529764840604097,2.053011164102933,0.009489785824717144,2.0165388794965,2.0920337628654564,0.0754948833689566,2.05303309665633,4.21494489596628,2.052589382177663,1.5,0.12219524060255116,0.25422729941266914,0.8978709674138806,0.1322773573670171,0.08811677372593964,0.011472893532147851,0.4253899515233052,0.41391705799115736,0.1589398159174409,0.025261865083870003,0.1167286763149642,1.5,31.458410469892264,81.61936060682832,0.5938475229909848,non_chewing,hand_micro_01.csv,1979392.0,1981382.0
-0.13718016,0.04123530812634241,-0.253906,-0.048828,0.205078,0.1432436628053751,0.0205187469339,-0.135254,0.5,24.4385008022501,28.189782899159024,0.3007329204826579,-1.8916211049999998,0.014035847940683,-1.937988,-1.836426,0.10156200000000015,1.8916731773508961,3.578427409908835,-1.89209,0.5,0.47725210294774795,1.1533447464481514,0.8257829269199296,0.7821215499999999,0.02649272685997989,0.71875,0.825684,0.10693399999999997,0.7825701141436976,0.6124159835508799,0.7875975,0.5,8.505251611272424,10.856739327488876,0.38273273768556254,-0.06641973000000001,0.06283447028667545,-0.26513,0.073011,0.33814099999999997,0.09143167497907932,0.00835975118948,-0.070213,1.0,32.497886297560925,63.992510749263126,0.4309248152640149,-0.01886822,0.06771016456398256,-0.215568,0.125237,0.340805,0.07028994317290349,0.004940676111250001,-0.023049,2.0,25.76256103534929,75.85779614824006,0.49479507642232606,0.016785805,0.1590734466567157,-0.388769,0.356527,0.745296,0.15995663375035435,0.025586124680745,0.029977,0.5,195.5171044410301,458.37774594212317,0.3883265416750308,2.052132910844712,0.010613982364063242,2.0165388794965,2.0920337628654564,0.0754948833689566,2.0521603593271203,4.211362140393615,2.0525214942436953,1.0,0.17501153126141802,0.5177361910369346,0.8803418780377713,0.1705269348600893,0.09903088643800909,0.011472893532147851,0.4329590926981439,0.42148619916599606,0.19719673420590667,0.038886551981475004,0.14200502378560176,0.5,49.59963671769472,131.09323631613623,0.5192774697261323,non_chewing,hand_micro_01.csv,1979892.0,1981882.0
-0.14174803,0.03675891444220164,-0.253906,-0.080566,0.17334000000000002,0.1464367501682894,0.02144372179985,-0.135742,0.5,16.620200264575573,21.763217137007448,0.35333751186518736,-1.8989160099999998,0.015836566162520847,-1.937988,-1.836426,0.10156200000000015,1.8989820456924125,3.60613280986214,-1.897949,0.5,1.6349394411172162,2.349701777177492,0.6986996421403472,0.758850075,0.03453248261433538,0.696777,0.824707,0.12793,0.7596353919368258,0.5770459286830151,0.758545,0.5,14.684443010067703,20.52296925830151,0.3678520343418123,-0.082356855,0.04574796715717514,-0.26513,0.012257,0.277387,0.0942100210407842,0.008875528064505001,-0.075942,0.5,12.766132515122546,31.62563399716259,0.5433761343557177,-0.014916594999999998,0.07547511805436925,-0.215568,0.125237,0.340805,0.07693502616958676,0.0059189982517149995,-0.018119499999999997,1.5,36.840733805233235,89.92605197522269,0.4914312445129469,0.025194020000000008,0.15253871120692478,-0.388769,0.356527,0.745296,0.15460529441267526,0.023902797060429998,0.0303765,0.5,149.64023584862076,400.7490416573754,0.4216544643173719,2.0504897570351552,0.010687218483580813,2.0165388794965,2.0920337628654564,0.0754948833689566,2.0505176079090384,4.204622460345004,2.050476748400974,1.0,0.1886726818508959,0.5720420997970397,0.8636348462444605,0.17156347446255055,0.09624602644778524,0.039625642177761614,0.4329590926981439,0.3933334505203823,0.19671635259085607,0.03869732337665,0.14289410155062565,0.5,57.469056025238295,130.25618217090098,0.48511585038814536,non_chewing,hand_micro_01.csv,1980392.0,1982382.0
-0.14173829999999998,0.035358469333244616,-0.253906,-0.089355,0.164551,0.14608205584697936,0.021339967040479996,-0.132324,0.5,14.353140291479027,21.078024831596675,0.3942708505946244,-1.90588625,0.015237422855177976,-1.937988,-1.867188,0.07079999999999997,1.9059471600740485,3.6326345769943305,-1.908691,0.5,1.2598513600364962,2.1789220440414714,0.7290787152176744,0.737182595,0.028404850139385967,0.696289,0.803711,0.1074219999999999,0.7377296346781624,0.544245013882375,0.730713,0.5,10.369545383616538,13.849560493944512,0.3594643833003022,-0.06197915999999999,0.05694509383752388,-0.193985,0.051427,0.245412,0.08416745206117386,0.00708415998647,-0.0544915,0.5,49.563691914445016,55.99092669135482,0.27935245445973883,0.009335500000000002,0.08579203787718298,-0.215568,0.145489,0.361057,0.0862984665180674,0.007447425323370001,0.0313095,0.5,54.4829344773296,127.84973698413786,0.4412240247396979,-0.011144825,0.13472843336402443,-0.388769,0.340273,0.729042,0.13518860115041134,0.018275957881005,-0.011325,1.0,90.35926302066655,321.41659433681116,0.4545944578823111,2.048931296447494,0.010005016500473826,2.0184239003009252,2.0920337628654564,0.07360986256453117,2.0489557237571496,4.198219557917185,2.048922501531143,0.5,0.1663262163913621,0.41530393573881047,0.8821601247093899,0.15444011489536663,0.09463505746789057,0.028780940012445737,0.4329590926981439,0.4041781526856982,0.18112852671748036,0.032807543190844994,0.1329060784153419,0.5,100.01225286021904,137.4160588354628,0.3964957313055873,non_chewing,hand_micro_01.csv,1980892.0,1982882.0
0.055693324999999995,0.049911396573221384,-0.077148,0.181152,0.2583,0.07478565341992406,0.005592893957445,0.0493165,0.5,16.935247920369427,39.04894146899193,0.5112253570583895,-1.76602048,0.043649549491943204,-1.87207,-1.666992,0.20507799999999987,1.7665598260320194,3.120733618950279,-1.7595215,0.5,12.928863354108708,24.680048962317517,0.6188186435695603,1.0734643400000001,0.06544909789335832,0.925293,1.190918,0.2656249999999999,1.0754577042667415,1.15660927366669,1.102051,0.5,52.72631893046806,76.3269013589451,0.34315414928587107,-0.12195188499999998,0.12707050299975906,-0.431136,0.129501,0.560637,0.17612261350452701,0.031019174987665,-0.0872665,0.5,169.53333798117052,271.6398007134511,0.4148256383942427,0.109111005,0.18197197775268856,-0.438864,0.487893,0.926757,0.21217684157168284,0.045019012099335,0.101789,0.5,168.07647041045095,551.4885785142737,0.49614659531836713,-0.08847487500000001,0.1599911408063877,-0.618726,0.228625,0.847351,0.18282496723039499,0.033424968642795004,-0.050894,0.5,303.18911346294743,421.52587573220376,0.3948087167469934,2.069399578918799,0.02282913369167062,2.0126287113973604,2.157007031121132,0.14437831972377158,2.0695254979280673,4.282935786574415,2.071134790821512,1.5,0.7827629779148675,2.1768718818896913,0.8747683638090884,0.28964728783559496,0.15989873163749313,0.042794747820264115,0.7357631766580874,0.6929684288378233,0.33085216597416284,0.10946315572979501,0.29662338076520767,0.5,297.2082208074011,420.77893766761395,0.39370601610283495,non_chewing,talking_01.csv,1902931.0,1904921.0
0.072055615,0.05370987713053136,-0.077148,0.181152,0.2583,0.08987081035800779,0.008076762554405,0.077881,0.5,28.341726091515817,45.11261260518961,0.4965627205589214,-1.7860937000000001,0.04476290104215767,-1.87207,-1.666992,0.20507799999999987,1.7866545336156625,3.1921344224894,-1.799316,0.5,16.951919243328703,29.414545708736988,0.5316606849452725,1.033435035,0.07319319861840835,0.925293,1.190918,0.2656249999999999,1.0360237525701064,1.073345215889445,1.0100099999999999,0.5,76.48413468622289,96.53944924775331,0.3045166119702936,-0.116849135,0.13484976711172614,-0.431136,0.154282,0.585418,0.1784325644055339,0.031838180040335,-0.094461,0.5,190.86935698463586,296.1440027294367,0.39327664768173415,0.126203265,0.1801224186484147,-0.438864,0.487893,0.926757,0.21993487626207672,0.048371349796415004,0.14522200000000002,1.5,167.51849766794572,545.6490073162593,0.49131617367541075,-0.09596914499999999,0.16197290567444908,-0.618726,0.228625,0.847351,0.18826921937654864,0.035445298964655,-0.074476,0.5,223.04446343994485,430.4946626454331,0.44243796459628815,2.067145497669413,0.021584540725404867,2.010786840787954,2.116308677423263,0.10552183663530901,2.0672581843914055,4.27355640093325,2.067279458264239,2.0,0.956449245736137,2.1126143249389893,0.8433220071119321,0.3099511070012558,0.13994691875886758,0.045959489129014486,0.7357631766580874,0.689803687529073,0.34008062103184444,0.115654828801405,0.29662338076520767,0.5,187.2028129342752,297.58675513690434,0.4686625613412309,non_chewing,talking_01.csv,1903431.0,1905421.0
0.08701900500000001,0.053606390050860306,-0.077148,0.192871,0.270019,0.10220544156489418,0.010445952285475,0.104736,0.5,18.356861023234874,44.890845237928545,0.5333808181249211,-1.803664515,0.03954594941684641,-1.994141,-1.666504,0.32763699999999996,1.8040979920130351,3.254769564785465,-1.814209,0.5,8.889167569713406,17.08067680580403,0.7104915457315965,0.9983593550000001,0.052766284878973384,0.925293,1.141113,0.21582,0.9997528107167016,0.999505682535945,0.982422,0.5,33.06314394713998,48.07587313054769,0.39816547342113306,-0.10563905499999998,0.13981503316296848,-0.431136,0.246478,0.677614,0.1752365642200708,0.030707853439655,-0.0690135,0.5,200.8319332319977,323.3350295065624,0.4103072854404358,0.158743695,0.11847941938422038,-0.070879,0.487893,0.558772,0.19808314799567125,0.039236933519875,0.141625,1.0,81.16501585701202,214.51446228619096,0.5205609551675942,-0.111619815,0.15894616585891833,-0.618726,0.388769,1.007495,0.19422375431930308,0.037722866741885,-0.1087165,0.5,167.72816098827965,371.5216714869271,0.5396779053136945,2.064963345736775,0.025447600485500373,1.9275506516348668,2.2420404464177266,0.31448979478285977,2.0651201416883436,4.264721199606885,2.0636549587937782,13.5,0.6739590844846309,0.9646009743526379,0.8965631762017799,0.2948237911483896,0.1440367518180891,0.045959489129014486,0.7357631766580874,0.689803687529073,0.32812749610694775,0.107667653701415,0.2673823217910778,0.5,219.39537089751389,350.8952622040614,0.4272787086758941,non_chewing,talking_01.csv,1903931.0,1905921.0
0.11281734,0.026258375102705803,0.041016,0.192871,0.151855,0.11583287300119081,0.013417254467710001,0.112793,2.0,1.4173787166548586,4.355043656771851,0.8426275242234846,-1.8150097399999998,0.026116630933801545,-1.994141,-1.666504,0.32763699999999996,1.8151976296552947,3.2949424347062006,-1.8161619999999998,1.5,1.337094557473471,2.8692755776010324,0.8682955707475406,0.976965335,0.0216405076881938,0.925293,1.034668,0.10937499999999989,0.9772049822655762,0.9549295773646651,0.977051,0.5,3.343951293139158,5.803709743005543,0.6475390491769537,-0.046245890000000005,0.08757219170580292,-0.300037,0.246478,0.546515,0.09903318182331616,0.00980757110205,-0.042234499999999994,1.5,41.405652197918165,110.94497383504196,0.48674835486103923,0.18281990999999997,0.09882924915449828,0.025047,0.487893,0.46284600000000004,0.207822857214624,0.04319033998085,0.1625425,1.5,50.58717322498131,162.04839893901712,0.48972099857346046,-0.102818575,0.14564238127751267,-0.594478,0.388769,0.983247,0.17827888991469237,0.031783362589215,-0.10445299999999999,1.5,161.41672884180565,327.78379062417406,0.5246755855493703,2.0646363005134987,0.023795233567027417,1.9275506516348668,2.2420404464177266,0.31448979478285977,2.0647734177237402,4.263289266538575,2.0637253520923844,12.5,0.5529524412203957,0.9992797317960885,0.898735696719814,0.26180281652795556,0.12743845153698566,0.045959489129014486,0.6053347399877195,0.559375250858705,0.29117224055894303,0.08478127367211499,0.22867804079642673,0.5,106.59301392001161,279.0152050471047,0.47616374013518453,non_chewing,talking_01.csv,1904431.0,1906421.0
0.111103485,0.027364942483399723,0.028809,0.192871,0.16406199999999999,0.11442388062054616,0.013092824456265,0.112793,1.0,2.5988766494773747,6.692598466839958,0.7798294783649702,-1.81596921,0.023305120589816736,-1.994141,-1.666504,0.32763699999999996,1.8161187462040387,3.2982873003137296,-1.814453,12.5,0.5788470199096855,1.0702203130432841,0.9087389425847047,0.9777002100000002,0.01890327401975383,0.925781,1.027832,0.10205100000000011,0.9778829349174215,0.9562550344027101,0.978027,0.5,1.46542994996308,4.123258565854558,0.716766911328946,-0.012610325000000002,0.06692987989888653,-0.103654,0.246478,0.350132,0.06810748211382506,0.004638629119885,-0.033441,3.5,20.30168982700501,41.76651207179823,0.5496785307204798,0.13158586,0.07933605696623951,-0.090064,0.337075,0.42713900000000005,0.1536523624513792,0.02360904848689,0.13136599999999998,2.0,30.12244424621232,75.68736455592921,0.5830235093890705,-0.026275899999999998,0.1581480646411773,-0.354928,0.486827,0.841755,0.16031604183786474,0.02570123327056,-0.049429,2.0,106.10766633268894,357.7876566346625,0.5324174326002665,2.06570127759514,0.022658131311109556,1.9275506516348668,2.2420404464177266,0.31448979478285977,2.065825539384366,4.2676351591727055,2.064710511510932,12.5,0.512387668486731,1.0520183236174128,0.9040201299758293,0.2111501550647504,0.09677046498527768,0.026800008134327123,0.6007038320079205,0.5739038238735934,0.2322690484703784,0.053948910877335,0.19993227954353565,1.5,54.75718906587845,119.08517033959505,0.5557969108857501,non_chewing,talking_01.csv,1904931.0,1906921.0
0.10507811499999999,0.02788487884323285,0.028809,0.192871,0.16406199999999999,0.10871511725631812,0.011818976720054998,0.10498,0.5,4.889075127670011,7.976860176687184,0.7113494945451743,-1.813579115,0.02285000099588127,-1.994141,-1.666504,0.32763699999999996,1.8137230573904317,3.289591328909695,-1.8125,12.5,0.5078418907403197,1.084914076449064,0.9078521358265208,0.982724625,0.015637402034045653,0.926758,1.027832,0.10107400000000011,0.9828490305859618,0.965992216923765,0.982666,1.0,0.6576593011089212,2.138548012790748,0.7870588134768112,-0.03467341,0.06878154922820437,-0.145489,0.246478,0.391967,0.07702692305460475,0.00593314687526,-0.049295500000000006,1.0,23.05528776838622,72.03481747334105,0.5445802702929059,0.099219965,0.09482326681323407,-0.106052,0.337075,0.443127,0.13724450219857626,0.018836053383735,0.1040535,0.5,49.7099209698301,139.2969005755114,0.5125439314965007,-0.005458495000000001,0.15270713500301805,-0.354928,0.486827,0.841755,0.15280466042793,0.023349264248494997,-0.018519,2.0,127.55874263831434,316.5870840951564,0.5236087189113405,2.0656496506277673,0.02222708741377014,1.9275506516348668,2.2420404464177266,0.31448979478285977,2.0657692326476145,4.267402522553515,2.0654805546399064,12.5,0.46624330057721874,1.139824353091754,0.8924928215818797,0.19424266087249775,0.10192278059718465,0.026800008134327123,0.6007038320079205,0.5739038238735934,0.2193592134091705,0.04811846450749,0.16897903455529162,1.5,65.84542203826852,141.53481784183197,0.5691292609649271,non_chewing,talking_01.csv,1905431.0,1907421.0
0.09699462,0.028610664429991835,0.028809,0.168457,0.139648,0.10112628950015916,0.01022652642807,0.091553,0.5,7.808124533850222,11.01411820982069,0.5597271840864909,-1.816376935,0.015560315477546563,-1.86084,-1.738281,0.12255900000000008,1.8164435838797073,3.2994672934177554,-1.817383,0.5,0.788774772417765,1.8299767105124378,0.8293411916453396,0.9749218599999999,0.020439783259379247,0.916992,1.027832,0.11084000000000005,0.9751361022162752,0.9508904178455501,0.978027,0.5,3.628980935004959,6.05164971607631,0.5159256775538382,-0.04897444,0.061974806569011574,-0.145489,0.200646,0.34613499999999997,0.07898969820539892,0.0062393724225800005,-0.06568299999999999,2.0,25.912123578550286,65.43970685710471,0.45593273539293355,0.06304900999999999,0.09589590236991308,-0.115112,0.314959,0.430071,0.1147658562174308,0.013171201753319999,0.030643,0.5,76.82199518528118,151.65379139139003,0.4505710920285306,0.003521280000000002,0.14206463359306426,-0.354928,0.486827,0.841755,0.14210826693324355,0.02019475953077,0.003464,2.0,129.638745343998,298.4867738202508,0.4999833706572927,2.064070891017678,0.0139855119628512,1.9946803175902648,2.105341229397268,0.11066091180700321,2.064118271245951,4.260584237691375,2.06458776997542,1.5,0.2789318074984814,1.0041321644467511,0.8652274583099391,0.1706429226435676,0.10240276684900369,0.026800008134327123,0.6007038320079205,0.5739038238735934,0.19901088841234288,0.03960533370666999,0.13939144252173105,1.5,61.27283419807044,164.00827271485105,0.48472707955780103,non_chewing,talking_01.csv,1905931.0,1907921.0
0.084328605,0.025233904727349963,0.028809,0.168457,0.139648,0.08802308543237393,0.007748063569035,0.078125,0.5,2.8912059848581504,8.367299285791798,0.6570579523637801,-1.8209228450000001,0.014760704836184992,-1.86084,-1.738281,0.12255900000000008,1.820982670387106,3.315977885850155,-1.821289,0.5,1.42160006981234,1.7637143409366707,0.7464856080675241,0.965952135,0.021687263599328873,0.916992,1.027832,0.11084000000000005,0.9661955622509788,0.933533864513485,0.964355,0.5,5.817489570155903,7.164677783163557,0.4290720050873866,-0.048293645,0.06208338104999578,-0.145489,0.200646,0.34613499999999997,0.07865508470521788,0.006186622349985,-0.066216,1.0,23.513027417924675,67.81415439597416,0.4668940819557193,0.03730873999999999,0.07567894948215388,-0.115112,0.314959,0.430071,0.08437562133169746,0.00711924547511,0.025047,0.5,30.608158567318657,86.21902029649469,0.533591846835127,0.030318105,0.1060564629298657,-0.170802,0.486827,0.657629,0.11030485401823892,0.012167160819985,0.0130565,1.5,51.52272825778203,157.44783591442385,0.5440060187779452,2.063279646769332,0.011700989705847587,1.9946803175902648,2.1001676760299404,0.1054873584396756,2.0633128250298536,4.2572598139326745,2.063204850159421,7.0,0.3325003591057539,0.23683631805068156,0.8581336952395475,0.13127516373821788,0.09077367476633347,0.026800008134327123,0.6007038320079205,0.5739038238735934,0.1596027212959729,0.025473028645079995,0.11078647801978998,0.5,48.95019843023881,122.16930262762016,0.5405719453577597,non_chewing,talking_01.csv,1906431.0,1908421.0
0.072478025,0.015913645298119942,0.023926,0.121582,0.09765599999999999,0.07420450265701536,0.005506308214575001,0.071777,1.5,1.028626636843937,2.254139062940211,0.7427458368457921,-1.8249902500000001,0.015683652210104003,-1.876953,-1.758301,0.1186520000000002,1.8250576400600915,3.3308353895417104,-1.824707,0.5,0.6952609988077693,1.4929495674034314,0.7828114677926324,0.9565112049999999,0.018365811637196295,0.916992,1.002441,0.08544899999999989,0.9566875081904461,0.915250988327645,0.955322,0.5,1.921669596915348,4.196643985028127,0.6162149559590445,-0.048793265,0.06512893098995848,-0.145489,0.213703,0.359192,0.08137911501887324,0.006622560361255,-0.0659495,1.0,15.16096830897662,60.42000902036469,0.5309977139811568,0.014319675,0.0656583147089489,-0.195583,0.146821,0.34240400000000004,0.06720169181296703,0.004516067382525,0.0209175,3.0,22.00931619513006,53.83861009091618,0.6082766340897635,0.009929745,0.060118960357693936,-0.165473,0.195583,0.36105600000000004,0.060933482013216675,0.003712889230255,0.00866,1.5,17.79354356735948,33.59699602478707,0.6143737839365461,2.0618952353186195,0.013443387010180222,2.005243423513963,2.1010799596424214,0.09583653612845833,2.0619390597405953,4.25159268608393,2.0612137624615676,6.0,0.4850527616283929,0.10956642304842744,0.7974738271650054,0.10958264643055557,0.053321295701725446,0.012650604096247735,0.32896894725642417,0.31631834316017643,0.12186680013044981,0.014851516974035002,0.10254950322934386,0.5,14.41310898869467,40.66869463473219,0.574662736674585,non_chewing,talking_01.csv,1906931.0,1908921.0
0.06931395,0.014721502973456887,0.023926,0.11377,0.089844,0.07086004737791247,0.0050211463144,0.070801,1.5,0.8717703909207744,1.693001642237071,0.738338551973887,-1.830798335,0.014707862934593021,-1.876953,-1.758301,0.1186520000000002,1.830857412435735,3.352038864670875,-1.830566,5.0,0.4800268622676159,0.35796441652244426,0.832288645053593,0.9468945149999999,0.015515827064960956,0.902344,0.993652,0.09130799999999994,0.9470216277501772,0.8968499634265951,0.948242,2.0,0.7352272580491943,1.7432536412580009,0.767214582684387,-0.055649335,0.08350283340613524,-0.356793,0.213703,0.570496,0.10034725543229871,0.010069571672795001,-0.053558999999999996,1.0,25.963216517389263,85.09774458836284,0.5116534269143155,0.03627089,0.07644713391957804,-0.195583,0.18759,0.383173,0.08461525716979179,0.00715974174591,0.036905,3.0,51.70373350498885,89.66718329086552,0.4854015166626588,0.0072397899999999986,0.07438031493248667,-0.16574,0.256337,0.422077,0.07473182594249922,0.0055848458087,0.004396499999999999,1.5,20.651171354636134,45.573161760204286,0.6276497586533923,2.0624464567345973,0.014986244185094682,2.005243423513963,2.115122621377068,0.10987919786310485,2.0625009028875283,4.25390997441187,2.061464624565588,5.0,0.4202414956120827,0.23498318324357917,0.8030497122024137,0.12918130920151794,0.07827099450234946,0.012650604096247735,0.45176110548275406,0.4391105013865063,0.15104356731554308,0.022814159227404998,0.11306026464532665,0.5,45.12625440849457,81.76315746411387,0.5397805647943843,non_chewing,talking_01.csv,1907431.0,1909421.0
0.073874505,0.02111643838127005,0.023926,0.196289,0.172363,0.0768332379826921,0.005903346458905001,0.071533,1.5,1.6247690855988024,4.160261146346714,0.7401315936894246,-1.8356396350000004,0.018688629887227564,-1.900879,-1.758301,0.1425780000000001,1.8357347669175945,3.3699221344699954,-1.833008,0.5,0.9753200443548615,1.687767673983791,0.8445041632851759,0.9349316400000001,0.026924812041319805,0.805664,0.993652,0.18798799999999993,0.9353192593850241,0.87482211697655,0.940918,0.5,6.254907237230155,9.844108440668299,0.5519843341824009,-0.050855695,0.09996038771624476,-0.356793,0.213703,0.570496,0.11215338080644294,0.012578380826315003,-0.045432,4.5,43.51734684167668,102.06933251741572,0.5511118015984399,0.045202705,0.08215908367696159,-0.231023,0.18759,0.418613,0.09377312818689051,0.008793399569955,0.057023000000000004,2.5,33.13677667608259,97.36476022966005,0.5191728311610402,-0.01126201,0.12680393131287335,-0.428738,0.261666,0.690404,0.12730306306464115,0.01620606986564,-0.014389,1.5,99.19182546865427,218.5285191130926,0.5468504069389284,2.0616434059685815,0.01655489449429215,2.005243423513963,2.115122621377068,0.10987919786310485,2.061709872388802,4.25064759790545,2.0608945193621135,4.5,0.4373625879781761,0.48114895349147146,0.8484283487576921,0.16589826732289306,0.1002776902464946,0.012650604096247735,0.4675101263908622,0.45485952229461446,0.1938500716066672,0.03757785026191,0.15770834089146007,0.5,66.45580516876238,130.5658036108386,0.5630246249480464,non_chewing,talking_01.csv,1907931.0,1909921.0
0.066074225,0.03907412556058516,-0.202637,0.196289,0.398926,0.07676321057430441,0.005892590497675001,0.069824,0.5,5.521841912597542,14.538007832242071,0.7742783255034583,-1.834367665,0.0308196567396974,-2.04541,-1.671875,0.37353499999999995,1.8346265510013489,3.365854581639105,-1.834961,0.5,1.9142938828218135,3.567681382678632,0.9051980749926795,0.933154285,0.03183601608530463,0.805664,1.061523,0.25585899999999995,0.9336971947767889,0.8717904515340449,0.929687,0.5,9.987083750103546,13.790241312834132,0.55233130484067,-0.007258435000000003,0.16123161090371135,-0.356793,0.825501,1.1822940000000002,0.1613949108034544,0.026048317233255,-0.0217165,0.5,182.28883937243052,315.0759088936565,0.5365803087853533,0.04907042,0.08405619108592538,-0.231023,0.18759,0.418613,0.09733113262903088,0.00947334937885,0.065017,2.5,34.69323913238794,95.15040628697086,0.5701312274332244,0.04007598,0.22063097477736351,-0.428738,1.629951,2.0586889999999998,0.224241189802788,0.05028411120417,0.0203845,0.5,209.38435197372382,595.1882304598778,0.6070441763801848,2.059785453881134,0.028661954757392485,1.9460411930801977,2.3133514435549993,0.3673102504748016,2.0599848600586426,4.243537623670825,2.0591818282629237,4.5,1.060650609683949,0.8771424450537172,0.9387432615839472,0.21670982915156892,0.19708533117757093,0.012650604096247735,1.8291996137663598,1.816549009670112,0.29292623272126894,0.085805777816275,0.17448497110048689,1.5,120.18471817206893,382.3400222293497,0.6866914599902377,non_chewing,talking_01.csv,1908431.0,1910421.0
0.05003175499999999,0.04917830064179704,-0.202637,0.196289,0.398926,0.0701546987905657,0.004921681762395,0.062012,0.5,25.21683147400112,31.0489505153819,0.5560126608035796,-1.832741685,0.03078198413302455,-2.04541,-1.671875,0.37353499999999995,1.8330001676169605,3.359889614483805,-1.8342285,0.5,2.9261376927990113,4.131057284708059,0.8880392894058504,0.939648425,0.036264734130341765,0.805664,1.061523,0.25585899999999995,0.9403479640784709,0.8842542935465251,0.9375,0.5,18.794596081229706,20.42186389486254,0.37934248082607497,-0.021526145000000003,0.15801245001914874,-0.356793,0.825501,1.1822940000000002,0.15947197020045561,0.025431309279615,-0.046764,0.5,174.4747719336717,329.8003889994357,0.5424000256077265,0.06565637499999999,0.06594852852114574,-0.231023,0.18759,0.418613,0.09305894901751793,0.008659967992245,0.076075,3.0,22.04628057717391,50.11446034767768,0.6288620351712034,0.027116555,0.22826527710428707,-0.428738,1.629951,2.0586889999999998,0.22987027708376084,0.05284034428656499,0.008127,2.0,268.89726750446994,630.3011479548466,0.5935673323759466,2.0611320165264075,0.028291345717554622,1.9460411930801977,2.3133514435549993,0.3673102504748016,2.0613261725871346,4.249065589792725,2.0609443352279184,4.5,0.5893467448789992,1.048008160278786,0.9420016302369547,0.22348940120447636,0.19231252977299634,0.028449861739558595,1.8291996137663598,1.8007497520268012,0.2948416889763471,0.086931621558425,0.18117880153752466,2.5,134.21441866374272,354.64287930644826,0.6892270366303438,non_chewing,talking_01.csv,1908931.0,1910921.0
0.03080813,0.05307053671438701,-0.202637,0.196289,0.398926,0.061364670138851066,0.0037656227412499995,0.020508,0.5,29.836625705234137,39.445734457162104,0.5119813999994821,-1.82770263,0.0327389166870729,-2.04541,-1.671875,0.37353499999999995,1.8279958261371276,3.34156874037476,-1.828125,0.5,2.8850130418888615,4.818813732048383,0.8836034708553667,0.9494531,0.03979833653357889,0.805664,1.061523,0.25585899999999995,0.9502868496882665,0.9030450966904501,0.963867,0.5,17.450703726677418,24.895228364537576,0.45559805497258443,0.01572397,0.14442579550419343,-0.329614,0.825501,1.1551150000000001,0.14527922645574626,0.02110605363958,-0.016121,1.0,97.79491154310548,267.25074408390077,0.6079716574450335,0.03641078,0.07356498945586548,-0.241948,0.176931,0.418879,0.08208259604721332,0.0067375525738500005,0.047963,0.5,25.68362930791166,46.86977984889884,0.6887280313256392,0.030435335,0.2255925057632961,-0.428738,1.629951,2.0586889999999998,0.2276363070187289,0.051818288273125,0.022916,2.0,202.19343691535215,614.9036469328829,0.6162698021423793,2.0609561857548755,0.02896653595401669,1.9460411930801977,2.3133514435549993,0.3673102504748016,2.061159736606181,4.24837945980646,2.061390944902746,4.5,0.7495657179123103,1.2333779122176978,0.931947540550654,0.20200789434719657,0.19711596867825515,0.020424248456185602,1.8291996137663598,1.8087753653101741,0.2822443878743296,0.079661894486555,0.15870367152670245,2.5,142.36823376285875,407.3254280842107,0.6863468286656915,non_chewing,talking_01.csv,1909431.0,1911421.0
0.0021289100000000004,0.05392466945120665,-0.204102,0.111816,0.31591800000000003,0.053966677062887616,0.00291240223321,-0.000488,1.5,16.489532709610877,38.432550197030565,0.6649598368835882,-1.81691653,0.03504644861978314,-2.04541,-1.671875,0.37353499999999995,1.8172545035157017,3.3024139305481,-1.817383,8.5,2.0404715168457512,3.163541462016113,0.8876968518243616,0.9736181399999999,0.03406699458699578,0.873535,1.061523,0.18798800000000004,0.9742139614362186,0.94909284265725,0.977051,1.5,3.469926345073923,11.286997067655841,0.659735151828535,0.024935590000000004,0.1338964159284777,-0.155881,0.825501,0.981382,0.13619850897546568,0.01855003384714,-0.0094595,1.5,77.23771343735751,230.74320961156545,0.6030611858489879,0.06679285500000001,0.13960917697620734,-0.248609,0.639776,0.888385,0.15476436209613958,0.023952007775025007,0.047297,1.0,92.33429783988845,277.596543031829,0.5218075280189521,0.031435885,0.2507025861723045,-0.620058,1.629951,2.250009,0.2526657902827666,0.06384000157921499,0.0337075,1.5,370.95337325654515,757.0088238409458,0.5827279395490145,2.0623880769450365,0.03121851235266664,1.9460411930801977,2.3133514435549993,0.3673102504748016,2.062624341812769,4.25441917543856,2.0625919665260053,8.5,1.0211276195459646,1.2289186465280328,0.9203562961187935,0.2303785415621981,0.2307981169530084,0.020424248456185602,1.8291996137663598,1.8087753653101741,0.326101277521846,0.10634204320138001,0.16008460026952315,0.5,192.1365626808725,610.940871729537,0.6358300972490692,non_chewing,talking_01.csv,1909931.0,1911921.0
-0.00956787,0.041338229383381914,-0.204102,0.100586,0.304688,0.0424310422319556,0.00180039334489,-0.007568500000000001,2.0,8.013378217817845,25.218924744524337,0.59021076212635,-1.810656765,0.02755895882285423,-1.919434,-1.716309,0.203125,1.8108664823370235,3.2792374168516654,-1.812988,0.5,1.6851444940139617,3.70406514120151,0.8014358417368502,0.99063962,0.02637275994763536,0.910156,1.06543,0.15527400000000013,0.9909906049912885,0.982062379181,0.9868165,0.5,5.3016171336311775,7.603947143749674,0.5706378252816839,-0.01525362,0.06887552075988682,-0.155881,0.268861,0.424742,0.07054438519861096,0.004976510283050001,-0.023182,0.5,19.255160754598176,50.08403305541527,0.6433637787293482,0.04405425000000001,0.15111034094468023,-0.248609,0.639776,0.888385,0.15740111843147747,0.02477511208348,0.010125499999999999,1.0,175.68300762968332,338.27884025223597,0.4426485321204998,-0.024722415000000005,0.1751366582768233,-0.620058,0.359724,0.9797819999999999,0.1768729681884855,0.031284046875805,-0.013722999999999999,1.5,169.25493904376822,454.5982735478922,0.5429240366055161,2.064616153900008,0.021455219241344643,1.9831220971251367,2.128208851249332,0.14508675412419514,2.0647276307972326,4.263100189377554,2.065071331562823,5.5,0.8426693102555287,0.7724777849022022,0.832322896025335,0.1889226497309359,0.15919768107914478,0.020424248456185602,0.8442921083588311,0.8238678599026454,0.24705398042196164,0.061035669242335,0.1476186112990901,1.0,168.03340800898667,390.48151569455376,0.49476575813434703,non_chewing,talking_01.csv,1910431.0,1912421.0
-0.001552745,0.048819479431984676,-0.204102,0.121094,0.325196,0.048844166376804915,0.002385752589045,-0.001953,2.0,15.901447482337833,36.67176912972211,0.5559376872501008,-1.80197024,0.03090450934916133,-1.919434,-1.672852,0.24658200000000008,1.8022352328549596,3.2480518345437703,-1.806152,1.0,3.115735568801919,4.737451019379523,0.7534030203347388,1.00590816,0.0320209732327798,0.910156,1.083984,0.1738280000000001,1.0064176911607625,1.01287656908136,1.0029295,1.0,4.740473326136819,12.623109528911337,0.5851825590155265,0.030942965,0.09862373432355812,-0.155881,0.349332,0.5052129999999999,0.1033639591681501,0.010684108054915,0.0014655,0.5,40.86347581313334,122.8462085424865,0.5418562859752012,-0.019966014999999993,0.1967843325824868,-0.502815,0.639776,1.142591,0.1977946291103856,0.039122715304915,-0.0203845,0.5,302.26377382598776,625.7676940620094,0.3736008884104964,-0.036272229999999996,0.17180227360924855,-0.620058,0.359724,0.9797819999999999,0.17558956656498698,0.030831695886479996,-0.027046,2.0,208.1554916448658,461.7881184416226,0.5124986811122384,2.0646543996037052,0.02272369712963461,1.9717118319840756,2.128208851249332,0.15649701926525617,2.0647794449321157,4.263314156214175,2.0668454958505396,5.5,1.5456729678765562,1.0068296756824644,0.796208398985959,0.215713824657862,0.18467827456901142,0.020424248456185602,0.8442921083588311,0.8238678599026454,0.2839692223574766,0.08063851924631,0.1590778814934451,1.0,334.5357584019487,558.5981176786678,0.41057703952707936,non_chewing,talking_01.csv,1910931.0,1912921.0
0.026894519999999998,0.07060182317511071,-0.204102,0.214844,0.41894600000000004,0.07555086129012693,0.0057079326416800006,0.015380999999999999,0.5,45.82189840713705,88.8130306106385,0.40453945331393515,-1.793188505,0.029332902468729122,-1.919434,-1.672852,0.24658200000000008,1.7934284021480689,3.216385433631375,-1.794434,1.0,1.9230683838423257,6.437123520641483,0.7499942543928668,1.024165005,0.03382435150575655,0.910156,1.083984,0.1738280000000001,1.024723398884516,1.050058044221435,1.026855,0.5,5.893018853906891,11.801822993185175,0.5741972384545592,-0.0007474300000000012,0.11388201993938771,-0.246744,0.349332,0.5960759999999999,0.11388447267770968,0.012969673117080001,-0.0182525,1.0,71.0843601536667,222.41452043403535,0.48038479128751743,0.023744480000000005,0.21804584084960119,-0.502815,0.639776,1.142591,0.2193348787636841,0.04810778904228,-0.0007995000000000001,0.5,339.775123457801,822.7117538175121,0.3847877862433762,-0.032516415,0.17492086849673705,-0.620058,0.359724,0.9797819999999999,0.17791747379081405,0.031654627480105,-0.016920499999999998,2.0,243.1337729146373,497.3500613813828,0.4720107309142151,2.066798683040542,0.022239925278007475,1.9717118319840756,2.128208851249332,0.15649701926525617,2.0669183366776953,4.27215141049449,2.0686695026984347,5.5,1.1821860151154298,1.6188077389695368,0.7819843072063055,0.24927621106736986,0.17490986317346738,0.024707663426556548,0.8442921083588311,0.8195844449322746,0.3045194404951267,0.09273208963946501,0.20972755799825868,1.0,261.80900471457204,480.4959985252084,0.4523095570450195,non_chewing,talking_01.csv,1911431.0,1913421.0
0.047836915,0.05532123326271546,-0.065918,0.214844,0.280762,0.07313555418826742,0.0053488092864249995,0.044922,0.5,28.546940168901276,54.89641340925869,0.4015012665269571,-1.7891870399999998,0.023173668896150218,-1.837891,-1.672852,0.16503899999999994,1.7893371071528332,3.20172728303407,-1.792236,1.0,1.6459627361570146,5.323285155060131,0.7474201115000176,1.035244115,0.025400139464612694,0.974609,1.083984,0.10937500000000011,1.0355556695450783,1.0723755447269552,1.036133,0.5,5.6931736386412455,8.834893049287269,0.5475383986702437,-0.010722465000000004,0.11039400719350112,-0.246744,0.349332,0.5960759999999999,0.11091351621833562,0.012301808079914999,-0.031709,1.0,50.48897439680975,224.6441468471722,0.4479940386170916,-0.009856464999999997,0.1704195017054057,-0.502815,0.323219,0.8260339999999999,0.1707042953877113,0.029139956463815002,-0.0018655,0.5,173.0201319433289,547.8610860951484,0.41647502054882957,-0.030114254999999996,0.09508520023652459,-0.304034,0.184658,0.488692,0.0997399802397464,0.009948063658225,-0.032375,2.0,51.123506184510646,130.7262927480394,0.5466833885976639,2.068600332091159,0.01855540675375577,1.9717118319840756,2.1072931332099953,0.13558130122591971,2.0686835516935522,4.27945163704745,2.07148816896162,5.5,0.7612966680987618,1.8562654127089904,0.8152863636010684,0.1850108741820929,0.13099925433502593,0.01428301624307695,0.6187626302638194,0.6044796140207425,0.2266932469262263,0.05138982820195501,0.13747887670944742,0.5,123.12969011554357,270.1764235346107,0.46572384634684594,non_chewing,talking_01.csv,1911931.0,1913921.0
0.069562985,0.04549281960007288,-0.065918,0.214844,0.280762,0.08311802161550165,0.006908605517275,0.06958,1.0,24.432260269840643,35.68756101179589,0.3984324813155308,-1.787229035,0.020718651810476843,-1.837891,-1.672852,0.16503899999999994,1.7873491226058424,3.194616886079875,-1.789551,1.0,1.0815617255611318,3.3783501688947974,0.7838355992023157,1.04310057,0.019410614306484483,0.978027,1.083984,0.10595700000000008,1.0432811562958855,1.08843557108208,1.04248,1.0,1.0266769495732724,3.708189853611694,0.690728657805276,-0.013812085,0.10967568432222237,-0.246744,0.349332,0.5960759999999999,0.11054198036761871,0.012219529423595,-0.036638500000000004,1.0,54.47181274497486,216.38205452036698,0.462781112588908,-0.000951259999999996,0.16491027742806813,-0.502815,0.323219,0.8260339999999999,0.16491302100498312,0.027196304496990006,0.015455,1.0,203.77341308199826,507.5152922825647,0.40317219250408254,-0.016664575,0.09019660176217491,-0.263531,0.184658,0.448189,0.09172314336837242,0.008413135029375001,0.0003994999999999999,1.0,70.49030943726505,128.8622568576083,0.46689532213742607,2.0711466427869625,0.017681819802429097,1.9717118319840756,2.1072931332099953,0.13558130122591971,2.0712221181416615,4.28996106267923,2.073567417869826,2.5,0.91988637879532,1.585863265762618,0.7961200341460425,0.17309503597027096,0.13366778771420815,0.01428301624307695,0.6187626302638194,0.6044796140207425,0.21869835150261194,0.04782896894996,0.12238989378762005,0.5,176.3633826971777,316.0480488610531,0.38439843660177736,non_chewing,talking_01.csv,1912431.0,1914421.0
0.08068114000000001,0.03452489529542994,0.010254,0.214844,0.20459,0.08775770477205976,0.007701414746859999,0.074463,1.0,7.736813758390517,18.45891449788084,0.5511195926350454,-1.7881592,0.015178842248999104,-1.817383,-1.70752,0.10986300000000004,1.7882236218651906,3.1977437217966598,-1.789063,1.5,0.5618984672392596,1.1619059615824436,0.7885501014372803,1.043630375,0.01720120728304776,0.999023,1.081055,0.0820320000000001,1.0437721212767828,1.089460241154635,1.04248,2.5,0.7811293550910803,2.8551178094572336,0.7177141955227574,-0.054419635,0.05262690964869375,-0.246744,0.05276,0.299504,0.07570395163203172,0.005731088292705,-0.042101,0.5,13.52593752275177,47.762652808863386,0.4729463110185765,0.06449859,0.09316696955424654,-0.286181,0.323219,0.6093999999999999,0.11331439594292511,0.012840152327910002,0.056357000000000004,0.5,44.46105764112223,104.61837529073645,0.5526097035194315,0.009392795000000002,0.07083058839281921,-0.170536,0.184658,0.355194,0.07145066024876888,0.005105196849985001,0.01319,1.0,19.731073106989854,61.30417163054673,0.5821105191451307,2.072360793071475,0.015037321514235716,2.016503921645083,2.1072931332099953,0.09078921156491226,2.072415348741211,4.2949053776981545,2.074262277906656,5.0,0.4581588101052419,0.9240946961292642,0.7604772643363693,0.1303491541375389,0.08176512389905692,0.01428301624307695,0.3885261238552692,0.37424310761219226,0.1538714966151951,0.023676437470599998,0.10803935713106172,0.5,62.874044529387014,115.54003432733934,0.4229894604473472,non_chewing,talking_01.csv,1912931.0,1914921.0
0.06839840999999999,0.022401014296944237,0.010254,0.126465,0.116211,0.07197324455698798,0.00518014793206,0.0688475,1.5,2.7592321528884667,6.496370514057294,0.584700364279583,-1.7909302,0.014667331339408682,-1.817871,-1.70752,0.11035100000000009,1.7909902601300376,3.20764611188066,-1.7912599999999999,1.5,0.6939007305580704,0.8684542394189132,0.8151567797773579,1.039133315,0.01656774751152899,0.994629,1.084473,0.08984400000000003,1.039265383143543,1.080072536600495,1.038574,1.5,0.5684953247090934,1.5130735127857098,0.8052463750779838,-0.027404320000000003,0.03658351299872116,-0.107384,0.063685,0.171069,0.04570941016891379,0.0020893501779899997,-0.0309095,1.0,5.297045491875877,18.91394659021479,0.5660668603164529,0.033831429999999996,0.04842537362287564,-0.104453,0.157479,0.261932,0.05907268798996707,0.00348958246636,0.03504,0.5,12.935440369462325,27.492361526549296,0.6063681119029702,-0.0018905650000000012,0.05682961391445286,-0.135629,0.1303,0.26592899999999997,0.05686105216829003,0.003233179253685,0.003464,1.5,16.497075224135894,39.574812727878154,0.5911142952995672,2.07187556721157,0.015179934286763988,2.016503921645083,2.1072931332099953,0.09078921156491226,2.071931175597591,4.292898796413215,2.0737443980253136,5.0,0.4580925494628812,0.3130986114017317,0.8497871616837939,0.08711479367985218,0.034973198597666004,0.010449917511636155,0.16864404148679552,0.15819412397515936,0.09387284963201553,0.008812111898035,0.08776160084633378,1.0,6.0559201094021,11.096524717014551,0.6454639903467438,non_chewing,talking_01.csv,1913431.0,1915421.0
0.06432127,0.024705174424947903,-0.00293,0.132324,0.13525399999999999,0.06890262272061928,0.00474757141778,0.064941,1.5,1.8450241995121384,5.211812408786059,0.7318270093025491,-1.7896777350000002,0.015666456505054844,-1.842285,-1.71582,0.12646500000000005,1.7897463040928887,3.203191833014155,-1.789551,1.5,0.5074648709741457,0.8880007495956079,0.8794855457636175,1.039516615,0.016661481685815792,0.994629,1.112305,0.11767600000000011,1.0396501324162013,1.080872397833025,1.039307,5.5,0.4859037187198903,0.7391563613173703,0.8370789892068723,-0.020645495,0.054230113687230776,-0.314426,0.143357,0.457783,0.058027077251271236,0.003367141694325,-0.025847000000000002,1.5,16.74658701068728,38.43811274844241,0.6343590494475367,0.027649525,0.06156105860387209,-0.31256,0.167338,0.479898,0.06748525890262999,0.004554260169155,0.034374,0.5,21.913232487591124,41.1533125167931,0.5948076359597344,0.044072895,0.10385378423198634,-0.087133,0.710389,0.7975220000000001,0.1128185648418956,0.012728028572985002,0.0210505,0.5,40.092897851553445,112.2265440780002,0.6449421553729854,2.07088110508587,0.01622500734311319,2.0192185541661907,2.1166106740924273,0.09739211992623664,2.0709446642208866,4.28881180226496,2.0712395568662787,14.5,0.23621844773952277,0.33986263331115457,0.9104078250877393,0.10874528306832498,0.09393558349664345,0.010449917511636155,0.8373828242787167,0.8269329067670805,0.14369909685333795,0.020649430436465003,0.08885264908458149,1.0,41.34754937303907,95.84640503307246,0.6869255021753937,non_chewing,talking_01.csv,1913931.0,1915921.0
0.046730935,0.03235281767544792,-0.069336,0.132324,0.20166,0.056837356531730075,0.0032304850975149995,0.050293000000000004,0.5,5.860073732488986,15.138752234821796,0.5891485363001968,-1.7875341699999998,0.01597881746128605,-1.842285,-1.71582,0.12646500000000005,1.7876055861193345,3.1955337315250496,-1.787842,0.5,0.33310742399030635,0.9077806833214678,0.8838234955075259,1.041557615,0.017762382197970376,0.994629,1.112305,0.11767600000000011,1.0417090609118436,1.085157767585835,1.041504,0.5,0.6868571863242442,1.2440399363984922,0.8055022546170819,-0.01983014,0.06238046639261685,-0.314426,0.143357,0.457783,0.06545652786223846,0.00428455703978,-0.0202515,1.5,20.628388024373677,52.51335690049579,0.5708601004256465,0.047419689999999994,0.07563319742536276,-0.31256,0.219565,0.532125,0.08926929792756298,0.00796900755248,0.0422345,1.5,28.53520193324165,84.14361853575438,0.5777579543339405,0.027594854999999998,0.10963039249188145,-0.118043,0.710389,0.8284320000000001,0.11304998443341335,0.012780298980395,0.00373,1.0,62.230397641145494,137.0952903730763,0.6363698228308093,2.0696992025051326,0.01634611140361373,2.0192185541661907,2.1166106740924273,0.09739211992623664,2.0697637508199818,4.2839219842083995,2.0700170800171254,9.0,0.32327188922429734,0.45809212185426895,0.8944063565180652,0.1232578195106801,0.09920369701844589,0.010449917511636155,0.8373828242787167,0.8269329067670805,0.15822093278910665,0.025033863572655007,0.09353458207278112,1.0,41.029007192165146,116.84728334986815,0.6547951780190533,non_chewing,talking_01.csv,1914431.0,1916421.0
0.032099595,0.028654605780763676,-0.069336,0.132324,0.20166,0.043028716360298265,0.0018514704316149998,0.030029,0.5,8.514888271986017,10.947563327268815,0.5454104857262027,-1.78655763,0.015996523870300695,-1.842285,-1.71582,0.12646500000000005,1.7866292436001237,3.19204405408715,-1.786621,2.0,0.567522145158485,1.013807156442647,0.8803887212052927,1.04501708,0.01755278875573907,0.994629,1.112305,0.11767600000000011,1.045164483650698,1.09236879788483,1.044678,0.5,0.6492896993949296,1.305919659152818,0.833573402589667,-0.016222245,0.06095509944889742,-0.314426,0.143357,0.457783,0.06307682127108975,0.003978685381665,-0.015988,2.5,19.72613676320031,48.18920544133402,0.617246189872891,0.04914503,0.07758292817610779,-0.31256,0.219565,0.532125,0.0918386885690339,0.00843434471808,0.0422345,2.0,30.54209827317801,90.22624987133278,0.5570770142770868,0.01494857,0.11349213242875075,-0.17027,0.710389,0.8806590000000001,0.11447237163730818,0.01310392386827,-0.0099925,0.5,52.94504588214834,159.65282332829966,0.6251553725099553,2.0702657360127974,0.01625129825537463,2.0192185541661907,2.1166106740924273,0.09739211992623664,2.070329520246377,4.286264322403595,2.070064801118228,2.0,0.3371292481580727,0.8256004238361248,0.8892218405689561,0.12420716457487323,0.10044667359492479,0.010449917511636155,0.8373828242787167,0.8269329067670805,0.15974027033911956,0.025516953968015,0.09470555716014215,0.5,48.440887964898714,120.44903923255242,0.6536648690804755,non_chewing,talking_01.csv,1914931.0,1916921.0
0.020720225000000002,0.024056581159931575,-0.069336,0.132324,0.20166,0.03174975308809503,0.0010080468211549998,0.018555,1.0,2.255077529802542,6.103310694130282,0.7361307403892424,-1.7853198449999998,0.015538590241748931,-1.842285,-1.71582,0.12646500000000005,1.7853874640361753,3.187608396737525,-1.7863769999999999,2.5,0.36694330895875116,1.102994788391447,0.8605375099114387,1.04706542,0.01535183006301203,1.008789,1.112305,0.10351600000000016,1.0471779564362782,1.09658167244606,1.046387,3.5,0.67952930897827,0.8357884939726542,0.8059863255759241,-0.026399785,0.05963259442677951,-0.314426,0.143357,0.457783,0.06521499034819372,0.004252994966115,-0.0335745,2.0,18.281986691480274,44.5756768145996,0.6290989096619837,0.04793529999999999,0.07785255881119131,-0.31256,0.219565,0.532125,0.09142654920503125,0.008358813899540001,0.044632500000000006,2.0,30.9861405344682,79.80794295100455,0.5699209732214935,0.01779703,0.11372765607722292,-0.17027,0.710389,0.8806590000000001,0.11511174585436536,0.01325071403364,-0.0078605,0.5,48.558727421710834,157.96247970436121,0.6360467537955192,2.0700153874257836,0.01531051355186832,2.0192185541661907,2.1166106740924273,0.09739211992623664,2.070072007444364,4.285198116004739,2.069855130558797,2.0,0.2996900893726724,0.9785622990234517,0.8725992425551203,0.1256835922021499,0.10033024245190823,0.021716261441601773,0.8373828242787167,0.8156665628371149,0.16081829155694635,0.025862522899295,0.09809689837873671,0.5,52.425314601664425,119.2317479936953,0.6553993270293189,non_chewing,talking_01.csv,1915431.0,1917421.0
0.015588375000000002,0.018045198963834535,-0.069336,0.080566,0.14990199999999998,0.023845893583277603,0.000568626640785,0.015869,2.0,0.7564895639502093,1.932732515101975,0.8321805761700061,-1.7852075250000001,0.015898293955936747,-1.846191,-1.70459,0.14160099999999987,1.7852783152963392,3.187218663067335,-1.786621,1.5,0.5704953484757627,1.0631844108691304,0.8519712837884225,1.046931125,0.014422925105171095,1.005371,1.080566,0.0751949999999999,1.0470304681633458,1.096272801262355,1.046875,3.5,0.5509147222978066,1.266944431409695,0.7694077377851286,-0.029450779999999996,0.04430056912559476,-0.156147,0.075409,0.231556,0.05319669977977957,0.0028298888674599997,-0.032775,3.0,12.99234829341161,25.15006555187464,0.5066374954352706,0.042769890000000005,0.094350810856176,-0.269127,0.219565,0.488692,0.10359217634469313,0.01073133899983,0.0464975,1.5,38.71089513528007,152.89791760407073,0.5013651756178955,-0.013776110000000003,0.06452563556361068,-0.17027,0.261133,0.431403,0.06597983670501162,0.004353338851619999,-0.0139895,2.0,14.624491731862676,42.74233828909223,0.6358078670336157,2.0697390062789824,0.015509250715797843,2.0033284969891985,2.121771163085218,0.11844266609601961,2.069797113480081,4.284060090970476,2.070100136029204,4.5,0.3450599710941138,1.0232885652234374,0.8598972404411375,0.11404873777566898,0.07005320928185013,0.007253543754607123,0.3675976933809569,0.36034414962634975,0.1338453089163382,0.017914566718909997,0.0970675361114945,2.0,21.980727288694123,63.45981591323245,0.5501786884700935,non_chewing,talking_01.csv,1915931.0,1917921.0
0.026411129999999998,0.02281774529315068,-0.041016,0.108398,0.149414,0.034902683108036264,0.00121819728814,0.021973,0.5,2.8909865309335423,5.102759262682599,0.7332910590136664,-1.7829345799999998,0.020770308222402476,-1.846191,-1.676758,0.16943299999999994,1.783055557817375,3.17928712226343,-1.78418,4.5,0.7507196726301643,1.2126222280380918,0.8194832952032988,1.0516137700000001,0.018558094873318755,1.005371,1.104004,0.09863299999999997,1.051777506956172,1.1062359241389401,1.049072,0.5,1.5951109563695232,3.353477565377463,0.688886587899219,-0.0032082050000000017,0.06845842297039112,-0.098325,0.274723,0.373048,0.06853355568562747,0.0046968482549150006,-0.011325,0.5,23.92884117462272,57.27323992575909,0.5362354168335323,0.025876194999999998,0.09121647504802505,-0.269127,0.23502,0.504147,0.09481573069836566,0.008990022787865,0.037971,3.0,39.62188850312973,126.51859789366983,0.507321067786969,-0.03839191,0.1073676921257596,-0.504413,0.261133,0.7655460000000001,0.11402526064806867,0.013001760065859999,-0.024248,0.5,41.73191773030865,115.53495901325957,0.6223970856853436,2.070357374202621,0.01901543518669759,2.0033284969891985,2.1360607389072532,0.13273224191805477,2.070444697085752,4.286741243690511,2.0694906566022864,4.5,1.0236601330605317,1.0978831290797537,0.8036968153254631,0.1272086842676462,0.10250161830690435,0.007253543754607123,0.5639328741774148,0.5566793304228077,0.16336655443706952,0.026688631108639997,0.09814596085605878,1.0,33.100003475262625,123.91461095968285,0.6258669642764048,non_chewing,talking_01.csv,1916431.0,1918421.0
0.03774168000000001,0.030642774984775776,-0.041016,0.114746,0.155762,0.048614957245584414,0.0023634140679900002,0.03125,0.5,8.26692373312635,13.189399303217009,0.5412115047461225,-1.77939209,0.021817950062320242,-1.846191,-1.676758,0.16943299999999994,1.779525844965307,3.1667122328994903,-1.7805175,0.5,1.1256952501258255,2.6194419049577804,0.8037201012319005,1.0584570500000001,0.022353713708408725,1.005371,1.123535,0.11816399999999994,1.058693069407399,1.12083101521126,1.055176,0.5,5.4895189853276785,6.911283331890599,0.48968299889115874,-0.020481634999999998,0.09731742722745898,-0.391433,0.274723,0.666156,0.09944937915565386,0.009890179014445,-0.0098595,1.5,44.15741456276166,163.9050966287347,0.4542205775254643,0.015606729999999997,0.0960852364557485,-0.269127,0.23502,0.504147,0.09734445380220694,0.009475942686050001,0.029044,1.5,53.206776059118226,127.82334065086155,0.5466262265004779,-0.013760145,0.1420484686852483,-0.504413,0.310695,0.8151079999999999,0.1427133807540309,0.020367109046245,-0.0163875,2.0,91.96739707360331,266.72187634831323,0.5531971636529351,2.071117966359676,0.01941730158649425,2.0033284969891985,2.1360607389072532,0.13273224191805477,2.071208985635863,4.2899066621787405,2.0705159218514217,4.5,0.9305196807979345,1.1172803326389884,0.8070571540694202,0.16015147344363595,0.11867913169792052,0.007253543754607123,0.5639328741774148,0.5566793304228077,0.199331961177178,0.03973323074674,0.12547794500326687,1.0,64.37501868853273,179.812750473796,0.5308834240697188,non_chewing,talking_01.csv,1916931.0,1918921.0
0.054934039999999996,0.03217017920183846,-0.041016,0.115234,0.15625,0.06366057791600702,0.0040526691806,0.050781,1.0,5.095981653653634,13.401754939995122,0.6338719483839238,-1.7745458600000001,0.0222477057408264,-1.846191,-1.676758,0.16943299999999994,1.7746853156697584,3.1495079696538704,-1.774414,4.5,1.3028243525288756,2.405213938590159,0.8069127508648372,1.06468996,0.0210616551704371,1.005371,1.123535,0.11816399999999994,1.064898260043334,1.1340083042433202,1.064941,0.5,3.4032071228570313,5.966782165347895,0.5632417824925875,-0.0035985749999999993,0.10503333336786173,-0.391433,0.274723,0.666156,0.1050949611560659,0.011044950860395,0.0038634999999999997,1.0,78.98754901035528,188.11299830958322,0.44653805516336936,0.020015329999999998,0.10600751117067649,-0.269127,0.266729,0.535856,0.10788051658946578,0.01163820585961,0.031709,1.5,103.34868963123536,169.23938323952615,0.45597082601253947,-0.028486169999999995,0.1443557187547175,-0.504413,0.310695,0.8151079999999999,0.14713951005239892,0.02165003541846,-0.036905,1.0,110.76513336272957,274.04110925099906,0.5575910938597695,2.0705493588754114,0.019856876350861828,2.0033284969891985,2.1360607389072532,0.13273224191805477,2.0706445718852353,4.28756894307779,2.070181254376554,4.5,1.1394621143660315,1.1385665404839862,0.7831767445871944,0.17759403888360942,0.11310857390786967,0.007253543754607123,0.5639328741774148,0.5566793304228077,0.21055448733870524,0.04433319213846499,0.1518100740616913,1.0,59.44522963746013,151.80500405635988,0.5228947244032488,non_chewing,talking_01.csv,1917431.0,1919421.0
0.0634692,0.028874958479623826,-0.020508,0.126953,0.147461,0.06972877867738686,0.00486210257584,0.062256000000000006,1.0,5.794917932625993,11.190329657262192,0.6047099374752668,-1.7721337949999998,0.02054245932971452,-1.835938,-1.676758,0.1591800000000001,1.772252854424677,3.1408801800164152,-1.7722165,1.0,1.4966521059578966,2.8970029631017566,0.7733267402032468,1.07292239,0.01889791069187015,1.026367,1.124023,0.09765599999999997,1.0730888062000414,1.1515195859918301,1.0710449999999998,1.0,3.3238264111039286,4.120852908347085,0.5780224845376921,-0.028411555,0.11700106857681675,-0.391433,0.274723,0.666156,0.12040127285720448,0.014496466505635002,-0.019185,1.0,135.32950941070507,248.84335546680902,0.37365002093710764,0.04811382,0.09048191866228081,-0.193718,0.266729,0.460447,0.10247886260005037,0.010501917279800002,0.0451655,1.5,39.71275337346917,112.40602925906285,0.5566000828620122,-0.023732484999999998,0.14352678229201607,-0.504413,0.310695,0.8151079999999999,0.14547566146739116,0.021163168079375,-0.036905,1.0,124.61765438106845,288.5232615302374,0.5344682526589284,2.0729029106555488,0.018313699239594045,2.0040463371631403,2.1360607389072532,0.13201440174411294,2.072983808085361,4.297261868584084,2.0720333511109414,10.5,0.6057836056972933,0.9866845168678797,0.8070234775570658,0.186575386413747,0.10654190278651392,0.023116181107613775,0.5639328741774148,0.540816693069801,0.2148523955296054,0.046161551864809997,0.16155812566066097,1.0,72.64534817940115,126.00119792235577,0.5364359036533943,non_chewing,talking_01.csv,1917931.0,1919921.0
0.069460405,0.026837370659231412,-0.020508,0.126953,0.147461,0.07446470524124164,0.005544992326665,0.071289,1.0,7.276514588745279,9.882169789759155,0.5295859029332176,-1.7723022449999999,0.016237929823255642,-1.814941,-1.715332,0.09960899999999984,1.7723766298383041,3.141318917996985,-1.773438,1.0,0.7837316484951866,1.5704893815948777,0.7937201533818984,1.0708179000000002,0.018411193053411837,1.035645,1.124023,0.08837800000000007,1.070976165463107,1.14698994699006,1.068848,1.0,1.6949198506536574,4.2916429829184795,0.6497430096100217,-0.049137015,0.09867077924905009,-0.391433,0.173201,0.564634,0.11022871187093224,0.012150368920724998,-0.053026000000000004,1.0,90.04344758695075,175.3839135675501,0.3325917665680736,0.03403525,0.09421355624567783,-0.180395,0.266729,0.44712399999999997,0.10017281279379152,0.010034592423020001,0.0381045,1.0,68.29320622644705,146.7301323589491,0.4695812995482888,0.014707385000000002,0.11456221326919612,-0.433002,0.310695,0.743697,0.11550241505126635,0.013340807882675,-0.00413,1.0,69.22767889328061,154.42931391913342,0.6009592217526886,2.0721074628964553,0.014983975524714789,2.031673616607254,2.1050171442344596,0.07334352762720542,2.0721616387998574,4.29385385731371,2.072532637346474,3.5,0.5033977279495941,0.6608755066332428,0.8172624027727103,0.16912051597453362,0.08321069824804686,0.04507423918381762,0.47631206272463855,0.4312378235408209,0.18848280883523566,0.03552576922641999,0.14462151185770233,1.0,54.29599318897548,81.05981995851097,0.5891002713394669,non_chewing,talking_01.csv,1918431.0,1920421.0
0.062285114999999995,0.02762566147337969,0.00293,0.126953,0.12402300000000001,0.06813672080754254,0.004642612722405,0.063721,1.0,6.533617332192158,10.999040163967539,0.5501940003140315,-1.778063975,0.01971668255499325,-1.854492,-1.715332,0.13915999999999995,1.7781732892954432,3.161900246763776,-1.7770995,0.5,1.3521718784953618,3.5227811377857385,0.770404716787274,1.0617261,0.021035406952089136,1.008301,1.124023,0.1157220000000001,1.0619344611447779,1.12770479976685,1.061523,0.5,3.7442191846563313,5.74742479586561,0.5985086891581392,-0.04213041000000001,0.10736360664755958,-0.287779,0.233688,0.521467,0.11533393030301188,0.013301915479140001,-0.062086,1.0,74.88339012941991,208.41712659813314,0.4166992501756463,0.07048864999999999,0.13322192176754358,-0.181461,0.499884,0.681345,0.1507207026863264,0.022716730218259998,0.055824,1.0,191.10376558544286,329.0035008242927,0.3403525337976762,-0.0008140449999999999,0.09499391391706616,-0.166273,0.367985,0.534258,0.09499740180944424,0.009024506350545,-0.018519,1.5,37.61259139937889,89.34512335227782,0.6441315370959639,2.072190143356543,0.016603283681798496,2.029170322957144,2.1303985931463623,0.10122827018921843,2.072256658634019,4.29424765925303,2.071285110343596,2.5,0.45381059852595007,1.043244732162205,0.8604724995213145,0.18421235916048254,0.10539904544384823,0.04507423918381762,0.5787277362853797,0.5336534971015621,0.2122337203366727,0.045043152047945,0.15009053782017198,1.0,75.89120653798825,148.37231685857358,0.5235510568257746,non_chewing,talking_01.csv,1918931.0,1920921.0
0.052080070000000006,0.02879556481031584,-0.030273,0.126953,0.157226,0.05951065655788046,0.0035415182439500004,0.050537,0.5,2.5322424290160703,9.606803781184876,0.702316410306352,-1.784252985,0.022450762210107146,-1.854492,-1.703613,0.15087899999999999,1.7843942252779303,3.1840627512052255,-1.783447,0.5,1.2522007146403167,3.9642829172406313,0.7856254135115893,1.050422385,0.02821112638528946,0.973145,1.124023,0.15087799999999996,1.0508011489149673,1.1041830545610152,1.050293,0.5,3.1909430550986997,11.467137005827398,0.6146183395731112,-0.07313598,0.10166433605301123,-0.287779,0.233688,0.521467,0.12523780897021475,0.01568450879566,-0.08673349999999999,1.5,57.7309264191403,186.05750900275646,0.44523242623291703,0.06639046,0.14265992439076364,-0.280319,0.499884,0.780203,0.1573516673130285,0.02475954720619,0.0640845,1.0,118.81605149414845,368.69541916026526,0.4483275477214747,-0.0021250499999999973,0.11139907453119843,-0.368251,0.367985,0.736236,0.11141934142647766,0.01241426964391,-0.0065285,2.5,67.11479053752633,154.21096408937376,0.6080155454447985,2.0715689212419237,0.01973647776989459,1.9949838016091759,2.1303985931463623,0.13541479153718639,2.0716629368722583,4.2917873240101905,2.071875061369915,2.5,0.9491108739300954,1.5746383553851264,0.8379376621526188,0.2025261751882588,0.10881853706687426,0.04507423918381762,0.5787277362853797,0.5336534971015621,0.22990938572785583,0.05285832564575999,0.17044753860478506,0.5,60.33973688549639,147.81821621510596,0.563520677649202,non_chewing,talking_01.csv,1919431.0,1921421.0
0.052023925,0.026548335990403897,-0.030273,0.112305,0.142578,0.05840636023811961,0.003411302916265,0.054931499999999994,0.5,3.46459405569009,7.39414728214544,0.7124515465793209,-1.79087895,0.022018968515975037,-1.854492,-1.703613,0.15087899999999999,1.79101430718116,3.20773224852761,-1.790039,3.5,0.9593440186614303,2.6454450442710775,0.8307210183572099,1.03589848,0.02793370514735917,0.956543,1.096191,0.13964799999999988,1.0362750372124043,1.07386595274957,1.0407715,0.5,2.6427422216641308,9.444486443558697,0.6802049513960635,-0.072266,0.1576583755709477,-0.786864,0.256337,1.043201,0.1734316526579563,0.030078538143669994,-0.059288,1.5,166.93158027541034,311.6823918526149,0.5082374136644732,0.043316135000000006,0.14612907510607454,-0.280319,0.499884,0.780203,0.15241389091121255,0.023229994142695,0.011325,0.5,99.97647879102274,370.41738587548525,0.49464777612122024,-1.0670000000000262e-05,0.12088048640653751,-0.368251,0.367985,0.736236,0.12088048687745263,0.014612092107729999,-0.0038634999999999997,3.0,53.63440918943194,175.10217628462632,0.5966609729777356,2.069932480347382,0.019723868697073894,1.9949838016091759,2.1303985931463623,0.13541479153718639,2.070026450119284,4.285009504193445,2.0705290595185804,2.5,1.4702297145959076,1.8163432610591497,0.8334443242070039,0.21672916398915198,0.14473801805558295,0.02845760276270649,0.8256701928457875,0.797212590083081,0.2606158559913326,0.067920624394095,0.17044753860478506,4.0,85.55284535631073,180.79487634816553,0.5779661868142145,non_chewing,talking_01.csv,1919931.0,1921921.0
0.048039544999999996,0.0239461568554951,-0.030273,0.120605,0.150878,0.0536769625813067,0.002881216311955,0.0510255,0.5,2.208870331284558,4.902271103512152,0.7654341489785118,-1.798042025,0.022354162409367405,-1.861816,-1.703613,0.15820299999999987,1.7981809787235334,3.2334548322431247,-1.79541,3.0,1.541759950507209,4.044867263643131,0.811867199970969,1.021381865,0.03015057863253664,0.939941,1.096191,0.1562499999999999,1.0218267815744286,1.044129971542755,1.0231935,0.5,5.553355509051961,14.081990344665599,0.5622609386505988,-0.04460719,0.20801032206093498,-0.786864,0.630184,1.4170479999999999,0.21273950146503118,0.04525809548359,-0.055824,1.5,190.33048146567495,505.5385858585442,0.4726213562428972,0.059447770000000004,0.1410036512551611,-0.280319,0.499884,0.780203,0.15302309311100729,0.02341606702526,0.0494285,2.0,131.08779579655703,331.2245256931581,0.4833187043017114,-0.019976709999999998,0.12895579389075895,-0.368251,0.367985,0.736236,0.13049392982211855,0.017028665720420003,-0.019718,3.0,90.81832372222861,208.86241789577667,0.5563375040482016,2.068831304941383,0.020076149839299756,1.9949838016091759,2.1303985931463623,0.13541479153718639,2.068928713150319,4.280466020097835,2.0680511089290556,3.0,0.6851662653088143,1.7386711104877746,0.8583879770412994,0.24276012836531308,0.16361646709707037,0.02845760276270649,0.8256701928457875,0.797212590083081,0.2927504538498104,0.08570282822926999,0.1902547951370444,1.5,151.57784208055733,310.44573955421293,0.5660209216451519,non_chewing,talking_01.csv,1920431.0,1922421.0
0.058588865000000004,0.024163864790773332,-0.030273,0.120605,0.150878,0.06337623737344306,0.004016547463615,0.061523,1.0,1.3855347941305072,4.286391480200845,0.7754776181930062,-1.7964111400000002,0.021500305113193154,-1.861816,-1.703613,0.15820299999999987,1.796539798344601,3.22755524703606,-1.795166,3.0,1.5180806412217054,4.2040036644827925,0.7623353449071527,1.021506375,0.02970957550730698,0.939941,1.083496,0.143555,1.0219383215451239,1.044357933042465,1.023926,0.5,6.038298044026462,14.151690992206372,0.5420090151655742,-0.02501685,0.1957894033392704,-0.786864,0.630184,1.4170479999999999,0.1973811876645543,0.03895933324387,-0.0266465,3.5,138.49808897456356,409.10612718425455,0.5096715087737035,0.026810105,0.09323975198843021,-0.280319,0.233954,0.514273,0.09701769467975932,0.009412433080975,0.033308,3.0,31.321505413835357,98.19790575662846,0.5894281974986544,-0.027359045000000002,0.11523620580495947,-0.368251,0.264597,0.6328480000000001,0.11843943799104673,0.014027900471635001,-0.0163875,3.0,72.9512398437572,158.8507679166392,0.5685983154744118,2.067755727740297,0.01777576831913353,1.9949838016091759,2.1092001005435685,0.11421629893439267,2.0678321323410516,4.27592972754214,2.068818457849439,3.0,0.7361628842515618,1.3398746447345506,0.8395005317202882,0.19195967858957297,0.15984726645228514,0.014718210794794318,0.8256701928457875,0.8109519820509932,0.24979925299423933,0.06239966679647999,0.1423505827305035,1.0,114.38145775292192,327.19988546470347,0.579553324802127,non_chewing,talking_01.csv,1920931.0,1922921.0
0.068552245,0.017621787620584212,0.027344,0.120605,0.09326100000000001,0.07078091334169827,0.005009937693485,0.067383,0.5,1.7592741055474903,2.478575724823357,0.7111922737477162,-1.79397705,0.018593917696319403,-1.861816,-1.75293,0.10888599999999982,1.7940734069992788,3.218699389702,-1.791992,0.5,2.1880268054605945,3.9582572311263107,0.6839575606346012,1.02976811,0.031274382677167256,0.939941,1.076172,0.13623099999999988,1.0302429069810721,1.06140044738481,1.035889,0.5,11.403503419583732,16.155866177670507,0.42330254640596626,-0.00806851,0.18790789052479914,-0.786864,0.630184,1.4170479999999999,0.18808103619211589,0.035374476175100006,-0.005195999999999999,3.0,136.62892956388623,378.57994422589525,0.5102166958073202,0.041826585000000006,0.07081784930286132,-0.172401,0.184658,0.357059,0.08224737681315435,0.006764630992645,0.047963,1.5,21.122356368074122,64.65431295065187,0.5915617299477828,-0.012541055,0.09520084143284645,-0.364254,0.264597,0.628851,0.09602332149032859,0.009220478270035,-0.011058,1.5,27.601846779240734,85.90962394418649,0.6188864179824304,2.0700071259205926,0.013426593695449388,2.027709940269564,2.1044673403913876,0.07675740012182342,2.0700506696166387,4.285109774780295,2.069658597469032,5.5,0.20399554144201473,0.5022200426633086,0.867582811622509,0.16359624965142863,0.15683064922956683,0.014718210794794318,0.8256701928457875,0.8109519820509932,0.22662653295185892,0.05135958543777999,0.11561443717663789,0.5,124.54680613608406,334.10937013270734,0.5439771582164231,non_chewing,talking_01.csv,1921431.0,1923421.0
0.07100828499999999,0.01687796084228705,0.032715,0.120605,0.08789,0.07298658849977166,0.005327042100835,0.069336,0.5,0.9116290525863635,2.0409957176735127,0.7517456014330074,-1.7904126100000002,0.01819364873102424,-1.861816,-1.75293,0.10888599999999982,1.7905050468795558,3.20590832290116,-1.7888185,0.5,0.9603404599893446,1.984078409609911,0.8080064481684934,1.0382715050000002,0.028485883672618877,0.939941,1.078613,0.13867200000000002,1.038662199015433,1.078819163663575,1.04541,0.5,6.2751471466762,10.944679673306656,0.5806205771952263,0.014439594999999998,0.13382860254434017,-0.569697,0.630184,1.199881,0.13460533705145203,0.018118596762735,0.0031975,0.5,50.80693768508181,152.65241729770634,0.6294107979593287,0.058242015,0.062426953160752405,-0.172401,0.184658,0.357059,0.08537714443687491,0.007289256792195001,0.0630185,1.5,19.417154810869544,54.75451756834244,0.5492580628202655,-0.028327635,0.0728996935230305,-0.364254,0.203577,0.567831,0.07821010305865223,0.006116820220445001,-0.0198515,1.0,20.220194729300193,40.88263582479995,0.6451514548576001,2.071201396577829,0.013390424923051638,2.027709940269564,2.1257907016397453,0.09808076137018107,2.0712446810228795,4.29005452866557,2.0714962862317394,0.5,0.20592568063949876,0.3986245408783854,0.8801043878651489,0.13473329052626168,0.11563569604296488,0.014718210794794318,0.7398507825609161,0.7251325717661218,0.17755189037398333,0.031524673775374996,0.1098252018758186,2.0,35.432211076326716,176.87497492059637,0.65221704387984,non_chewing,talking_01.csv,1921931.0,1923921.0
0.07486328499999999,0.016923540425211714,0.013184,0.116699,0.103515,0.0767523137209231,0.005890917661515001,0.076172,2.0,1.158919266176693,1.7840169998184499,0.7407476253798067,-1.78682619,0.01596453026630912,-1.861816,-1.745605,0.11621099999999984,1.7868975067128332,3.1930026994965397,-1.785889,13.0,0.42319785867700077,0.513344827066322,0.86800238031315,1.04834962,0.013832667571571285,1.01123,1.078613,0.06738299999999997,1.0484408750360175,1.09922826844629,1.048584,0.5,0.8711852373354247,1.4318415256073536,0.7625569418825779,-0.02086669,0.06656140944191236,-0.292576,0.154815,0.447391,0.0697555730995739,0.004865839978449999,-0.0202515,2.0,17.896829770791225,53.54300318152427,0.5909759137335818,0.04520534,0.08892437241102351,-0.377844,0.180395,0.558239,0.09975503382391286,0.00995106677321,0.0534255,1.5,32.825804343376824,107.79145566738494,0.5549514669523266,-0.009128995,0.07378582137988961,-0.16494,0.299504,0.46444399999999997,0.07434840944105664,0.005527685986414999,-0.011058,3.5,22.207378168265038,41.13483598390434,0.6034841322681673,2.0731430373681565,0.014136202328770655,2.018546608285526,2.1322921899573237,0.1137455816717976,2.073191232280405,4.298121885604345,2.0729135170630038,13.0,0.38100511664422365,0.1606883002430482,0.8552156642157814,0.11902792714419769,0.07859354488652721,0.014718210794794318,0.5429025011049406,0.5281842903101464,0.14263447247448632,0.020344592738075,0.10580717966730042,1.5,21.166307367951394,53.94859531908136,0.647173709433707,non_chewing,talking_01.csv,1922431.0,1924421.0
0.07454102000000001,0.01755473688010162,0.013184,0.116699,0.103515,0.07658023537160225,0.005864532449569999,0.07641600000000001,2.0,1.3004812913440256,2.2898436710731724,0.7506430650332935,-1.786425815,0.016110781439172186,-1.861816,-1.745605,0.11621099999999984,1.786498460614225,3.191576749776995,-1.785889,13.0,0.5190308452205208,0.46781682299154076,0.8463727674280854,1.0486352600000002,0.014310890369309655,1.004883,1.084961,0.0800780000000001,1.0487329069398128,1.09984071009843,1.049316,0.5,0.5845071861533726,1.3995804293472847,0.7646177816553524,-0.03168107,0.06631369681472374,-0.292576,0.154815,0.447391,0.07349283353892405,0.00540119658158,-0.0290445,3.0,22.57852455137998,59.178009648404995,0.5194635798722662,0.045160035,0.0938817993827013,-0.377844,0.18226,0.560104,0.10417879350681211,0.010853221016534999,0.055424,2.5,46.49425935568252,129.84268591624465,0.5362037326686357,-0.00951538,0.07311541464667762,-0.16494,0.299504,0.46444399999999997,0.07373198977038392,0.0054364063155,-0.013722999999999999,3.5,23.39009528061459,41.99829861668256,0.5886687024788123,2.072934803405776,0.014942996822956363,2.018546608285526,2.1322921899573237,0.1137455816717976,2.072988661890121,4.2972819923249945,2.0724790895209475,13.0,0.5172049160147912,0.3260368665720925,0.8596781409591298,0.12295667820430677,0.08107082828352966,0.011389589193645222,0.5429025011049406,0.5315129119112955,0.14727804966665942,0.021690823913615,0.1098252018758186,2.0,21.50431404357415,64.14230960068708,0.6236303038274104,non_chewing,talking_01.csv,1922931.0,1924921.0
0.08125975499999999,0.02416565237884082,0.013184,0.148437,0.135253,0.08477692219911619,0.007187126537555,0.0788575,2.0,2.149428521925477,7.163600812949935,0.6528602926080722,-1.78655276,0.017752640985847706,-1.861816,-1.740723,0.1210929999999999,1.7866409601611595,3.1920859205255896,-1.7854005,4.0,0.5643185380596116,0.4856179577422372,0.8076189621441374,1.0437036050000001,0.014893621516910352,0.996582,1.084961,0.0883790000000001,1.0438098653739027,1.089539035051885,1.0441894999999999,3.0,0.6345788513544975,1.7431371404384381,0.7824046750772611,-0.031284034999999995,0.06462519527393147,-0.292576,0.154815,0.447391,0.07179907179117986,0.005155106710075,-0.0253135,2.0,17.10250330247991,50.74689876905895,0.5168787488257138,0.03432834,0.10990810791508696,-0.377844,0.18226,0.560104,0.1151443750802878,0.013258227112630002,0.046098,1.0,77.47145402364437,183.82822337167323,0.46348861337827735,-0.021331670000000004,0.09035473072313979,-0.255538,0.299504,0.555042,0.09283866386931686,0.008619017509039999,-0.0191855,2.0,42.45661445573391,92.39475317062562,0.5590481679342367,2.0708762771041815,0.01683826125693985,2.013500507905076,2.1322921899573237,0.11879168205224788,2.0709447317866863,4.28881208211503,2.0707932874252433,4.0,0.6461562703363253,0.5547050864432596,0.8213169175917857,0.14033449623922267,0.08566551521486693,0.011389589193645222,0.5429025011049406,0.5315129119112955,0.16441517974854086,0.027032351331745003,0.12746923899779283,2.0,23.549961617343282,66.9111205018392,0.6273630734941408,non_chewing,talking_01.csv,1923431.0,1925421.0
0.09144531,0.031023487228129268,0.013184,0.215332,0.202148,0.09656449389289004,0.00932470148079,0.085449,0.5,4.055333255180809,12.728394072545607,0.5802866031842325,-1.7860327399999998,0.01869635296501432,-1.861816,-1.739258,0.12255799999999994,1.7861305948799209,3.1902625019661004,-1.78418,4.0,0.7523036042905122,1.0640957632364212,0.785955278078049,1.041486835,0.017305794662129073,0.995117,1.101074,0.10595700000000008,1.041630605352591,1.0849943180072052,1.040283,2.0,0.7165160265732545,2.2633188163772107,0.7694376339125503,-0.034109864999999996,0.06735686129487312,-0.292576,0.154815,0.447391,0.07550118975099002,0.005700429653815,-0.027845500000000002,2.5,21.96016441000029,64.07336375477608,0.5023725631222703,0.035150364999999996,0.10870984479504041,-0.377844,0.18226,0.560104,0.11425138298941943,0.013053378514995,0.0435665,3.0,55.683755221419425,188.39980339581896,0.4817695492559327,-0.02129302,0.10675231402423836,-0.32162,0.299504,0.621124,0.10885517557860995,0.01184944925025,-0.017586499999999998,2.0,99.2390571405197,167.04379741122034,0.4540852981306602,2.069852087460652,0.017142271986988554,2.013500507905076,2.1322921899573237,0.11879168205224788,2.0699230713855274,4.284581521454095,2.0688941525521276,4.5,0.7149781828662585,0.44458962059539114,0.7800310153787616,0.15093426764373225,0.08844266091604323,0.011389589193645222,0.5429025011049406,0.5315129119112955,0.1749378673102539,0.03060325741906,0.14813008352304938,5.0,19.991712850795114,56.14929940811121,0.6375482943952848,non_chewing,talking_01.csv,1923931.0,1925921.0
0.09997070000000001,0.033789595805809806,0.016113,0.215332,0.199219,0.10552666792432139,0.01113587764321,0.09106449999999999,2.0,7.975671832700235,14.582777789164837,0.5597399620588419,-1.78576175,0.017948395968372766,-1.836426,-1.739258,0.09716799999999992,1.7858519459017033,3.1892671726809,-1.7849119999999998,4.0,1.2614240864391797,1.7687199671965108,0.7258463891120777,1.0410766900000001,0.019170971865659293,0.995117,1.101074,0.10595700000000008,1.041253187569493,1.08420820062363,1.040283,2.0,2.1287926454658392,3.6994640993011636,0.6589448075430823,-0.018435205,0.06974702933081076,-0.13936,0.175865,0.315225,0.07214225449668869,0.005204504883865,-0.019052,2.0,38.39339138147506,85.44485945355349,0.4016147880811799,0.030292770000000004,0.09098357471152198,-0.209972,0.18226,0.392232,0.09589401848686914,0.00919566278156,0.0301105,1.5,60.055373831194935,119.94160439016788,0.43473647932302917,-0.03153051,0.11139054234808222,-0.32162,0.206242,0.527862,0.11576711962150565,0.01340202598546,-0.024648,2.0,152.309764369773,198.39018217978162,0.36870720400977863,2.069874506415941,0.015191400103471586,2.013500507905076,2.1288510706331714,0.11535056272809552,2.0699302526770653,4.28461125094774,2.0692513053736015,4.0,0.8054597301854806,0.33887013162547636,0.7778828999146845,0.1519877037252989,0.06857063195855614,0.011389589193645222,0.36195354814810143,0.3505639589544562,0.16673989819741705,0.027802193650884998,0.15241115911214348,2.5,18.91225185741611,46.85118756662572,0.6213130441938444,non_chewing,talking_01.csv,1924431.0,1926421.0
0.11281249500000001,0.032005079142379496,0.049316,0.215332,0.166016,0.11726459021816858,0.013750984119035,0.11084,2.0,9.34409517137072,14.775891231768163,0.5055187954362274,-1.7842920199999996,0.01785019881344743,-1.836426,-1.739258,0.09716799999999992,1.7843813051680855,3.18401664223336,-1.7839355000000001,2.0,1.4169275383540703,2.331179841702024,0.7128784739098092,1.04498782,0.02034805249594172,0.995117,1.101074,0.10595700000000008,1.0451859103474033,1.09241358718873,1.045898,2.0,3.117196160857613,5.61218651227312,0.5521862602368574,-0.02310361,0.07386586267050498,-0.180928,0.175865,0.356793,0.07739471857362103,0.00598994246309,-0.0245145,2.0,61.551685762055335,103.646132279968,0.341109056674249,0.037516555,0.08935002623601727,-0.209972,0.180662,0.390634,0.09690675460175623,0.009390919087445,0.045032,1.5,36.375220391567815,121.96650995357932,0.5040540064424828,-0.017634489999999996,0.12217599262940285,-0.32162,0.216634,0.538254,0.12344208525677132,0.015237948412539998,-0.017586499999999998,2.0,209.59021394672203,257.6697235519101,0.2962530955459825,2.071225515843372,0.014355349542328843,2.013500507905076,2.1288510706331714,0.11535056272809552,2.0712752626198974,4.290181213541125,2.070899963721546,4.0,0.5131255111820578,0.7232904780528493,0.7943522679920235,0.16468396330983817,0.05914391085850579,0.029464123302755843,0.36195354814810143,0.3324894248453456,0.17498231328644331,0.030618809963075,0.1563582867125104,4.0,18.244579821933424,19.74692965474863,0.608942888069441,non_chewing,talking_01.csv,1924931.0,1926921.0
0.113276365,0.032250177250083056,0.049316,0.215332,0.166016,0.11777779417307406,0.013871608800275,0.109863,2.0,7.351775697688216,14.612553850102472,0.551227971988299,-1.78509768,0.01731160394468404,-1.822266,-1.739258,0.08300799999999997,1.785181620668474,3.1868734187725196,-1.785156,2.0,1.6726650436913693,2.8867785927061766,0.6980325763569012,1.04868654,0.01921441076635971,0.995117,1.101074,0.10595700000000008,1.0488625518905088,1.10011265275827,1.049805,2.0,1.7970826123797614,4.835662822209426,0.6133892766275991,-0.023994920000000003,0.07602380751661679,-0.180928,0.175865,0.356793,0.07972060897365248,0.00635537549513,-0.032508,2.0,82.59211102607372,110.16272130690575,0.2658371638674886,0.040395690000000005,0.06628529571657578,-0.144956,0.163341,0.308297,0.07762443042502792,0.006025552198810001,0.038503499999999996,1.0,24.17201271288606,68.8113581034164,0.4826287414687387,-0.001990479999999999,0.11529770037246884,-0.32162,0.216634,0.538254,0.11531488074749936,0.01329752172181,0.010925,2.0,181.40882128840286,230.05477530547043,0.30934202123229504,2.073809727997789,0.013072581719112847,2.043684119714688,2.1288510706331714,0.08516695091848314,2.073850930113123,4.300857680331066,2.0734125127945995,3.5,0.18257287487640458,0.4740769394072578,0.8555649716841822,0.14833783161993122,0.06061631072613155,0.029464123302755843,0.36195354814810143,0.3324894248453456,0.1602449668967796,0.025678449415749996,0.145707787626392,4.0,17.010739517726925,27.71387510653098,0.5713779410862381,non_chewing,talking_01.csv,1925431.0,1927421.0
0.11212891000000001,0.02807099615923703,0.049316,0.174805,0.125489,0.1155892438039111,0.013360873283160001,0.11206050000000001,2.0,4.2555571676372805,11.66786115413303,0.5514663086687519,-1.7841894550000001,0.018192973724984463,-1.837891,-1.741211,0.09667999999999988,1.7842822073949387,3.183662995626155,-1.785156,2.0,2.093403073177727,3.277911325404553,0.6651789844739261,1.052341315,0.01842686522948966,1.000488,1.109863,0.109375,1.0525026330694451,1.1077617926181151,1.051758,2.0,1.4594394363364664,4.205107370725368,0.6628874233158358,-0.013674830000000002,0.07904242608562252,-0.180928,0.175865,0.356793,0.08021661983049398,0.00643470609703,-0.0243815,2.0,79.47265470067161,118.89697374370635,0.30250383270851916,0.05050262,0.07826180387849235,-0.144956,0.184126,0.329082,0.09314195925134923,0.008675424573180001,0.0491625,1.0,34.18250000207424,97.34040048394641,0.5040521770756216,-0.0029657350000000006,0.10729738750302718,-0.23502,0.216634,0.451654,0.10733836662193533,0.011521524949065,-0.0049295,2.0,154.7726100501245,199.82104203335945,0.3130678334463863,2.0747448324545434,0.014816940662588242,2.0269202357456004,2.124413850247404,0.09749361450180372,2.0747977399080204,4.30478566152743,2.074371137303099,4.5,0.5397112445923259,0.6046696085004815,0.8181242411278584,0.1533299099195306,0.05587123001459362,0.04329930792749464,0.28572286400636543,0.24242355607887078,0.1631920819748158,0.026631655619275003,0.15106807672596662,0.5,13.563868950856504,28.814035831294166,0.5654677187833823,non_chewing,talking_01.csv,1925931.0,1927921.0
0.10185301500000002,0.03561429867700296,0.007324,0.168945,0.16162100000000001,0.10790002286767598,0.011642414934845,0.109131,1.5,6.651280009989011,18.965315708046685,0.5250950561491853,-1.78380127,0.01918606569511061,-1.837891,-1.727051,0.11084000000000005,1.7839044469843306,3.1823150759704704,-1.7839355000000001,2.5,1.0996911191384409,2.8142149372077334,0.7483066711392979,1.054826685,0.017633988955303763,1.005371,1.109863,0.10449200000000003,1.0549740721717122,1.112970292954565,1.052246,1.0,1.2468392546963325,3.1521549147877055,0.7232958829472106,-0.041814605,0.07939273860989414,-0.232089,0.14842,0.380509,0.08973108789758988,0.008051668135285,-0.038637000000000005,2.0,28.993793759906968,113.1232350790699,0.46703897171126857,0.07009425500000001,0.06901930996076369,-0.148686,0.184126,0.332812,0.09837108178456207,0.009676869731464999,0.085801,3.0,17.57193073501398,50.59723278210506,0.5647834857728694,0.026146634999999998,0.10582980893832217,-0.155881,0.27419,0.430071,0.1090119029360785,0.011883594981745,0.0151885,2.0,85.07052584016346,189.38777088331253,0.4679192187016636,2.0752500808906627,0.016275307160829228,2.0269202357456004,2.1263416692081734,0.09942143346257293,2.075313900078704,4.30692778385988,2.074278327689653,4.5,0.6139765276691977,0.7996583334710985,0.811018588366188,0.15863466610088234,0.06668714688421279,0.010794223825731983,0.322994243858927,0.312200020033195,0.1720817621030625,0.029612132848495,0.15168451707099262,0.5,26.050689986718655,64.31319184212211,0.5356469970610492,non_chewing,talking_01.csv,1926431.0,1928421.0
0.08391357500000002,0.035909587353858234,0.007324,0.157715,0.150391,0.09127423805874799,0.008330986533205,0.085449,0.5,11.868337451698423,20.33783841120939,0.447583227498897,-1.78645263,0.019497194769840614,-1.837891,-1.727051,0.11084000000000005,1.7865590222094005,3.1917931398378094,-1.786621,1.5,1.0750084009919565,2.565502309423192,0.738839650166815,1.04935306,0.018659099145896627,1.005371,1.109863,0.10449200000000003,1.0495189405209893,1.1014900065123,1.047852,1.5,1.3963375817721637,3.7618134764880087,0.70110879081491,-0.035243645000000004,0.07307997780971869,-0.232089,0.14842,0.380509,0.08113444194394265,0.006582797669555,-0.032375,1.0,31.655184945403278,96.30966114992813,0.4625887688057787,0.06307831,0.06876233958755258,-0.148686,0.184126,0.332812,0.09331201711467822,0.00870713253801,0.0650165,3.0,32.278305488506405,54.74888591250911,0.5097100357930721,0.02015522,0.09751244785949946,-0.155881,0.27419,0.430071,0.09957364300255364,0.0099149103808,0.009726,1.5,68.18237848564009,148.7159994900745,0.4963018690829604,2.0739642174576143,0.016928011954758473,2.0269202357456004,2.1263416692081734,0.09942143346257293,2.0740333008134932,4.301614132883315,2.072994907887397,4.5,0.5925346868753602,0.7692907030807516,0.8279865191750023,0.1426850263991361,0.06961195177441037,0.010794223825731983,0.322994243858927,0.312200020033195,0.15876032435204016,0.025204840588365,0.12213800917107867,0.5,42.14530269342394,76.36978507283251,0.45875218658550154,non_chewing,talking_01.csv,1926931.0,1928921.0
0.06885497,0.03406294232724325,0.007324,0.157715,0.150391,0.07681986028163551,0.00590129093369,0.0595705,0.5,10.268465669180568,19.499776573407658,0.45595866675091107,-1.78873781,0.019272345547802428,-1.837891,-1.727051,0.11084000000000005,1.7888416297220135,3.1999543762265095,-1.788574,0.5,0.7482272641181184,2.9503471135083896,0.7608281323478633,1.0437134399999999,0.020509088072764237,1.005371,1.109863,0.10449200000000003,1.0439149235115905,1.08975836753021,1.040039,0.5,2.523209052219291,5.377549059031266,0.6221592043217717,-0.040988594999999996,0.07503294220434766,-0.232089,0.14842,0.380509,0.08549858090000675,0.007310007335915,-0.0342405,1.0,49.63289597971161,102.53870555179999,0.3878653800816219,0.06222431999999999,0.06873049153932771,-0.148686,0.184126,0.332812,0.09271324860396167,0.008595746466700001,0.07381,3.0,21.150550495033805,50.05185974280802,0.5451476031131693,0.018098145,0.09152455363553529,-0.155881,0.27419,0.430071,0.09329676720350497,0.008704286770625,0.0049295,1.5,56.14902268799929,133.72558440636973,0.47075104018745856,2.0725238092891685,0.01609641636898233,2.0269202357456004,2.1263416692081734,0.09942143346257293,2.072586315377579,4.29561403469041,2.0717866841621606,7.0,0.39264062713217707,0.765980817492226,0.8209342966498641,0.1405158078029217,0.06975204893572926,0.010794223825731983,0.322994243858927,0.312200020033195,0.15687587632660413,0.024610040573239997,0.12134603553703364,0.5,52.58702915416116,83.08785327111187,0.41328870582086186,non_chewing,talking_01.csv,1927431.0,1929421.0
0.05576902,0.025871330692672147,0.007324,0.157715,0.150391,0.06147771420254661,0.0037795093435700005,0.05127,2.0,2.3829901808241827,8.844312088558352,0.6042188891554763,-1.7928564800000002,0.01621672554493046,-1.824219,-1.727051,0.09716800000000014,1.792929820172945,3.2145973400653896,-1.794678,2.0,1.1836139288620118,2.3100025170455933,0.7104521468074292,1.0378565,0.018138593715059617,1.005371,1.105957,0.10058600000000006,1.0380149917868287,1.07747512317421,1.0363769999999999,2.0,1.3967884164648994,3.5797158773950626,0.6796226898116715,-0.053320490000000005,0.06386693790154574,-0.232089,0.047697,0.279786,0.08319892073074026,0.0069220604107600005,-0.0382375,1.0,31.341130615403873,74.37870705133389,0.41756832504563407,0.04809779499999999,0.05636206803483151,-0.148686,0.164407,0.313093,0.07409507808906743,0.005490080597025,0.0586215,3.0,15.1160644088719,23.417768971976034,0.5763908064206053,0.02025782,0.0807023409480642,-0.119642,0.27419,0.39383199999999996,0.08320605209748867,0.00692324710565,0.007994,1.0,34.706245844924744,105.02920132686621,0.4998453753090665,2.0726005027094683,0.01338389896962849,2.0411138648681506,2.1263416692081734,0.08522780434002275,2.0726437157850284,4.29585197258317,2.0717166480084233,5.5,0.3042076924620881,0.7061565511664147,0.7943752060274697,0.12132882923270326,0.06793160759511384,0.010794223825731983,0.322994243858927,0.312200020033195,0.13905174617182986,0.019335388113435,0.10555467631617738,0.5,22.995015897293865,73.37674355461343,0.5231139640137703,non_chewing,talking_01.csv,1927931.0,1929921.0
0.05220212,0.014011802939864662,0.019043,0.094238,0.075195,0.054049902443205206,0.00292139195412,0.0510255,4.0,0.594560909155755,1.1692733553796477,0.7499392887770736,-1.7967334199999998,0.012354024867774871,-1.822266,-1.761719,0.060546999999999906,1.7967758915555747,3.2284036044753304,-1.7980960000000001,2.0,0.5658339918160373,1.0084239239818171,0.739456647119392,1.029040555,0.015085315814293548,0.995605,1.07666,0.08105499999999999,1.029151121355812,1.0591520305879252,1.0261230000000001,1.0,0.8266588501821163,2.1713358451700797,0.7323354391345108,-0.038972805,0.054783532425875706,-0.222496,0.078074,0.30057,0.06723180017391324,0.004520114954625,-0.027179,1.5,12.91389434596239,31.22561993685871,0.5321435144289309,0.04747294,0.041468651925115674,-0.083669,0.117776,0.20144499999999999,0.06303434876898467,0.00397332912473,0.054358,4.0,7.241338452653329,15.340541422653583,0.591741845037442,-0.006604260000000001,0.04390568962460788,-0.119642,0.106319,0.225961,0.04439961521860296,0.0019713258315599996,-0.0054625,2.0,10.039065388655962,18.543840459164358,0.6107615857075711,2.0713186913565274,0.010765958130039542,2.0411138648681506,2.1043149227040616,0.06320105783591101,2.0713466699269283,4.290477027017375,2.0705787085176266,6.5,0.25498986388446193,0.206043337607207,0.8177979069157276,0.09476045982919082,0.03853861912258027,0.015429246838391043,0.2267932825592504,0.21136403572085938,0.10229745798852971,0.010464769910915,0.09105377788703023,1.5,5.435285022788135,13.205650430943004,0.6135050630978659,non_chewing,talking_01.csv,1928431.0,1930421.0
0.052468219999999996,0.013900124945539155,0.019043,0.094238,0.075195,0.05427824226584718,0.0029461275834699995,0.051758,3.5,0.6324186785770509,1.0870665436031353,0.7465544849151132,-1.798728065,0.011517419769669548,-1.825195,-1.761719,0.06347599999999987,1.7987649381664061,3.235555302776795,-1.798828,2.0,0.5069322239566751,1.0606475301673854,0.7767906557041496,1.025200235,0.014079889114967313,0.995605,1.07666,0.08105499999999999,1.0252969155915495,1.0512337651215449,1.022949,2.0,0.635887460130469,1.977394719695973,0.7502026258583582,-0.036657235,0.05477525479529762,-0.222496,0.078074,0.30057,0.06590964584744026,0.004344081415735,-0.021983000000000003,1.0,14.611599260776371,34.00277262883368,0.551591320966062,0.04246343,0.03820242324192406,-0.063418,0.117776,0.18119400000000002,0.057118893799862756,0.00326256802892,0.043433,4.5,4.595015259015045,12.073984705728872,0.6462999653869004,-0.007474235,0.039964939885101476,-0.119642,0.09566,0.215302,0.04065784805981497,0.0016530606088549999,-0.0071945,2.0,4.1025084125918845,13.879216815012498,0.678174495828851,2.0711450336760904,0.00966669336834595,2.0468233330453804,2.0979958853231815,0.05117255227780104,2.0711675923212516,4.28973519548181,2.0707780531898576,4.0,0.16511650193587213,0.19346672436152035,0.8698117759134925,0.08685332534303711,0.04142716416032536,0.015429246838391043,0.2267932825592504,0.21136403572085938,0.09622738723206611,0.00925971005351,0.077308722276082,0.5,8.052011530711926,18.662635265605367,0.5952701154068759,non_chewing,talking_01.csv,1928931.0,1930921.0
0.053454545000000006,0.011740267148918503,0.022461,0.094238,0.07177700000000001,0.05472862371634244,0.0029952222538850003,0.053467,3.5,0.29038993068435875,0.6106437663938784,0.8082655369170498,-1.8004980549999998,0.01020799398128618,-1.827148,-1.775879,0.05126900000000001,1.8005269920775708,3.241897449199905,-1.800293,2.0,0.32330251669313415,0.7268338831409844,0.795206009439518,1.02287111,0.01339678321045392,0.995117,1.07666,0.08154299999999992,1.0229588366464313,1.04644478147302,1.021973,2.0,0.5452792910239088,1.8450839235254557,0.7388181916461974,-0.031446575,0.047682602208818,-0.222496,0.078074,0.30057,0.05711845264566435,0.0032625176326350003,-0.022916,1.0,8.3373688086653,20.86463047467956,0.582029578211495,0.046830745,0.0370853142084569,-0.063418,0.1311,0.194518,0.059736414415287764,0.003568439207195,0.046098,2.0,8.156756854188421,15.942258184107873,0.5840057670420471,-0.011801599999999999,0.03921449086409257,-0.122306,0.09566,0.217966,0.040951850462341746,0.0016770540562899999,-0.007994,7.0,3.9621972929643823,9.585723285461992,0.6616673350020601,2.071532578248753,0.00949895683136371,2.048808158066782,2.0979958853231815,0.049187727256399416,2.071554356739598,4.29133745292681,2.0707162012028846,3.5,0.14692518434361962,0.30478976847388795,0.8566702746518999,0.08380274051761444,0.038537145429538316,0.025253886077196117,0.2267932825592504,0.2015393964820543,0.09223887952550161,0.00850801089612,0.07603250623784269,2.0,4.699052895789293,15.860098972784563,0.5735381457419021,non_chewing,talking_01.csv,1929431.0,1931421.0
0.05542720500000001,0.010639006747482352,0.024902,0.07959,0.054687999999999994,0.05643902478502796,0.003185363518685,0.056152,1.0,0.3617624266226163,0.8259940211504966,0.799590438670254,-1.79966065,0.01040251173166846,-1.827148,-1.771484,0.055663999999999936,1.79969071437532,3.2388866674087495,-1.7995605000000001,2.0,0.3234323781289413,0.8777548453978671,0.7695371698464167,1.019521515,0.01028783446065182,0.995117,1.053711,0.058594000000000035,1.019573420154618,1.0395299590857852,1.0197755,2.0,0.4484328013721885,0.8658317893548121,0.7915184271469893,-0.028759290000000003,0.03987199061491538,-0.222496,0.078074,0.30057,0.049161696440419955,0.0024168723969,-0.0237155,3.5,4.42538364933346,12.916824706900073,0.6277554342203885,0.039856119999999995,0.032014083033184,-0.038104,0.1311,0.169204,0.05112153962773421,0.0026134118139099997,0.035838999999999996,2.0,5.898833247057923,14.056143902216306,0.5662921510012161,-0.008714625,0.03565054690301924,-0.122306,0.09566,0.217966,0.03670022048128594,0.0013469061833750002,-0.0083935,7.0,4.219447771720351,6.230837173197361,0.6463553689359485,2.069181979407461,0.009376892269904452,2.0410477667886657,2.092352074659282,0.05130430787061613,2.06920322588508,4.28160199001322,2.068196506618916,2.0,0.11371992180799224,0.4806924423731588,0.8342210348595742,0.07156894509795275,0.03542705875106236,0.023157500599157933,0.2267932825592504,0.20363578196009247,0.0798573127157745,0.006377190394184999,0.06268002294421297,1.0,6.672893915131101,17.51239161023063,0.5331399004444003,non_chewing,talking_01.csv,1929931.0,1931921.0
0.057805155,0.011044911166278116,0.024902,0.09082,0.065918,0.05885087940927476,0.003463426007245,0.059082,3.0,0.3369897626592193,1.0578090429353808,0.7856420682322943,-1.79838382,0.01104973097534958,-1.827148,-1.76416,0.06298800000000004,1.7984177658687706,3.23430646059242,-1.79834,1.0,0.25644331779378493,0.8731042713955127,0.7858506929219129,1.021230515,0.012276965706141528,0.995117,1.086914,0.0917969999999999,1.0213043075666113,1.043062488654115,1.02002,2.0,0.41396256923743074,1.011488298620551,0.812436947066872,-0.01892685,0.03257566176868092,-0.076208,0.102055,0.178263,0.037674917260559444,0.0014193993905899998,-0.0217165,0.5,4.596688449557557,16.678431059223893,0.5328181947320959,0.03031276499999999,0.060511342100549835,-0.246478,0.1311,0.37757799999999997,0.06767928962950927,0.004580486244755,0.0354395,2.0,16.58699124674448,43.09480002790634,0.576104315746411,-0.008048475,0.03872508942893967,-0.122306,0.09566,0.217966,0.03955262950936385,0.001564410501105,-0.0142555,3.5,3.1097233246426743,7.884229701988012,0.6858505351805624,2.068990191280247,0.010581287251917244,2.0410477667886657,2.0951276032693094,0.05407983648064363,2.069017248660286,4.280832375253779,2.068067415164648,2.0,0.18121424218872428,0.47672854045582996,0.8213140722334777,0.07737264783685786,0.03972114680071025,0.023157500599157933,0.2507856577179006,0.22762815711874268,0.08697296210001129,0.0075642961364500005,0.07061522095842923,1.5,6.2149403251591275,22.14184252967224,0.5546271087454006,non_chewing,talking_01.csv,1930431.0,1932421.0
0.0575,0.017464297056852877,0.001953,0.114746,0.112793,0.06009369078106286,0.0036112516716899994,0.059082,2.0,0.9685356076908568,3.465381506361634,0.704002587379339,-1.800195325,0.014923264126168075,-1.878906,-1.75,0.12890599999999997,1.8002571793952205,3.2409259119640352,-1.800293,2.5,0.46172182213074814,1.423304460748983,0.8257829540432091,1.01882328,0.015190339297119082,0.970703,1.086914,0.11621099999999995,1.0189365153324912,1.03823162227792,1.0183105000000001,3.0,0.9192837663466633,2.43293381057153,0.6869945595331894,-0.036526715,0.05667513989425853,-0.24408,0.102055,0.34613499999999997,0.06742605127637981,0.004546272390724999,-0.032242,1.5,14.672053973249964,54.90682537505542,0.46422337605914277,0.063432755,0.10573630315220489,-0.246478,0.418346,0.664824,0.12330401538954439,0.015203880211185,0.045965,2.0,50.93536456328472,182.75306137322775,0.4707841301793511,-0.00524664,0.043230110364078415,-0.122306,0.112447,0.234753,0.04354732682243538,0.0018963696733800002,-0.012524,3.0,8.97134856696718,23.04731687717186,0.609932641221489,2.0694374582919575,0.014049631018897658,2.018828037381094,2.1474876024948317,0.12865956511373788,2.0694851499620976,4.282768785913645,2.068323987548464,3.5,0.2866834767195868,0.9294169285287852,0.8519129576492847,0.11613782679365135,0.090324567327709,0.023157500599157933,0.43804712956598635,0.4148896289668284,0.1471275714313602,0.02164652227529,0.0884413893210329,0.5,79.49516060082522,136.2663271266553,0.41682755576870895,non_chewing,talking_01.csv,1930931.0,1932921.0
0.05799806999999999,0.022525159717637966,0.001953,0.114746,0.112793,0.062218638236705245,0.00387115894403,0.061035,1.0,3.050419354884254,7.022720363118529,0.5887389935161147,-1.801301305,0.016262861476443034,-1.878906,-1.75,0.12890599999999997,1.8013747172806953,3.2449508720581046,-1.801514,2.5,0.67439326646514,1.6198507893072382,0.809300410296855,1.0171606850000001,0.01568498528101876,0.970703,1.086914,0.11621099999999995,1.01728161188185,1.0348618778729348,1.01709,3.0,0.9801243009174251,2.2432299300208336,0.6980288199609389,-0.026197285,0.06580692462912832,-0.24408,0.10472,0.3488,0.07082971883690489,0.005016849070515,-0.028911,2.5,31.034512634667973,78.23397082870498,0.39665973005221405,0.0393099,0.11733529972578584,-0.246478,0.418346,0.664824,0.12374506373892254,0.01531284079975,0.03091,2.5,52.09444587146297,227.41575865399363,0.4760208509662097,-0.016740495,0.06068066654347145,-0.206508,0.112447,0.318955,0.06294749768660388,0.003962387465005001,-0.015588,1.0,20.634160911256277,53.46449369741052,0.5447226324557207,2.0696573597409462,0.014223998917492355,2.018828037381094,2.1474876024948317,0.12865956511373788,2.0697062373378183,4.283683908875069,2.069196294227667,2.5,0.5189804427676902,0.9543577510110544,0.8500609120981675,0.12646440079917545,0.09109792898730194,0.023157500599157933,0.43804712956598635,0.4148896289668284,0.15585915865059072,0.024292077335270005,0.0977996208688218,0.5,60.5040889691343,137.12652866596162,0.45613539114393875,non_chewing,talking_01.csv,1931431.0,1933421.0
