time_ms,l_ax,l_ay,l_az,l_gx,l_gy,l_gz,r_ax,r_ay,r_az,r_gx,r_gy,r_gz,activity_label
5297395.0,-0.638672,1.824707,-0.021973,0.225694,0.093262,0.359458,0.142578,-1.872559,0.812012,0.109516,0.018652,-0.159611,chewing
5297405.0,-0.630371,1.838379,-0.040527,0.244346,0.055424,0.272591,0.126953,-1.876953,0.816406,0.094861,-0.037305,-0.142291,chewing
5297415.0,-0.611328,1.848633,-0.058105,0.212904,0.03917,0.246211,0.119629,-1.868164,0.822266,0.034907,-0.089531,-0.108983,chewing
5297425.0,-0.599609,1.844238,-0.053711,0.180395,-0.003997,0.22596,0.143066,-1.854004,0.838867,0.058622,-0.00453,-0.066882,chewing
5297435.0,-0.61084,1.834961,-0.043457,0.114579,-0.004263,0.203044,0.146484,-1.847656,0.850098,0.035173,0.103121,-0.112447,chewing
5297445.0,-0.645508,1.812988,-0.040527,0.075409,-0.072211,0.129501,0.138184,-1.834473,0.850586,0.032242,0.187323,-0.176398,chewing
5297455.0,-0.643066,1.814941,-0.029785,0.045032,-0.141492,0.032508,0.11084,-1.854004,0.852051,0.047963,0.197449,-0.201179,chewing
5297465.0,-0.63623,1.829102,-0.033203,0.037305,-0.129234,-0.010658,0.11377,-1.874023,0.805664,0.03091,0.162809,-0.166806,chewing
5297475.0,-0.634277,1.833008,-0.031738,0.038904,-0.084202,-0.006928,0.111816,-1.868164,0.821777,0.010126,0.155614,-0.120708,chewing
5297485.0,-0.638672,1.836914,-0.070312,0.059155,-0.092462,0.032775,0.113281,-1.877441,0.828125,-0.013057,0.128168,-0.089798,chewing
5297495.0,-0.629883,1.853027,-0.080078,0.001066,-0.124172,0.03917,0.124023,-1.859863,0.854004,-0.047963,0.112447,-0.010126,chewing
5297505.0,-0.626465,1.858398,-0.060547,-0.054358,-0.133764,0.035706,0.130371,-1.851563,0.845215,-0.074343,0.131366,0.002398,chewing
5297515.0,-0.629883,1.860352,-0.05127,-0.102855,-0.132965,0.023982,0.124512,-1.879395,0.816406,-0.121507,0.138028,-0.006129,chewing
5297525.0,-0.637207,1.869629,-0.049316,-0.122306,-0.142025,0.026113,0.154297,-1.849121,0.838379,-0.097525,0.111381,-0.020251,chewing
5297535.0,-0.635742,1.867188,-0.050293,-0.096992,-0.127103,0.019452,0.147949,-1.845703,0.848633,-0.116977,0.136695,-0.057556,chewing
5297545.0,-0.643066,1.87207,-0.052734,-0.083403,-0.101522,0.009593,0.128418,-1.865234,0.828613,-0.100989,0.102588,-0.073011,chewing
5297555.0,-0.644531,1.856934,-0.043945,-0.11751,-0.106585,0.000533,0.141113,-1.87207,0.851074,-0.03544,0.043167,-0.075942,chewing
5297565.0,-0.628906,1.831055,-0.028809,-0.12657,-0.124172,-0.005063,0.131836,-1.852051,0.842773,-0.037305,0.021583,-0.055424,chewing
5297575.0,-0.623047,1.839844,-0.03125,-0.106052,-0.110049,0.049296,0.135254,-1.874023,0.833008,-0.013856,-0.02558,0.012524,chewing
5297585.0,-0.655273,1.85791,-0.035156,-0.128435,-0.159345,-0.001332,0.138184,-1.881836,0.841309,-0.004796,-0.092995,0.010925,chewing
5297595.0,-0.618164,1.88916,-0.036621,-0.096992,-0.148953,-0.025047,0.134766,-1.885742,0.801758,-0.017054,-0.127103,0.011191,chewing
5297605.0,-0.614746,1.906738,-0.034668,-0.099124,-0.148686,-0.015988,0.126953,-1.897949,0.762695,-0.038104,-0.199847,0.009326,chewing
5297615.0,-0.62793,1.879883,-0.035156,-0.114845,-0.173467,-0.031443,0.141113,-1.883301,0.803223,-0.045832,-0.272591,-0.006395,chewing
5297625.0,-0.628418,1.851074,-0.006348,-0.05276,-0.208907,-0.029577,0.189453,-1.817383,0.872559,-0.049562,-0.193452,-0.054092,chewing
5297635.0,-0.644531,1.847656,-0.011719,0.042101,-0.269127,-0.053559,0.13623,-1.84668,0.850586,-0.093528,-0.032508,-0.083669,chewing
5297645.0,-0.628906,1.829102,-0.016602,0.085268,-0.338141,-0.078606,0.132324,-1.842285,0.87207,-0.088466,0.006662,-0.057556,chewing
5297655.0,-0.640137,1.836426,-0.005859,0.079139,-0.3051,-0.033841,0.129883,-1.851074,0.837402,-0.089265,0.023715,0.010392,chewing
5297665.0,-0.652832,1.833984,-0.022461,0.063685,-0.276588,0.017853,0.153809,-1.873535,0.836914,-0.057822,-0.019185,0.018919,chewing
5297675.0,-0.644531,1.852539,-0.009277,0.038104,-0.221697,0.074077,0.164551,-1.861328,0.810059,-0.072211,-0.044766,0.029044,chewing
5297685.0,-0.630859,1.846191,-0.004883,0.008527,-0.19585,0.077807,0.163574,-1.858398,0.814453,-0.032508,-0.079406,0.014389,chewing
5297695.0,-0.617187,1.844238,0.011719,-0.026646,-0.138028,0.108184,0.157227,-1.864258,0.816895,-0.027446,-0.060753,-0.013057,chewing
5297705.0,-0.591797,1.824219,0.018066,-0.043433,-0.115112,0.152683,0.139648,-1.873535,0.811523,-0.034907,-0.033841,-0.046098,chewing
5297715.0,-0.60791,1.806641,0.015625,-0.130833,-0.161743,0.159078,0.135742,-1.880859,0.816895,-0.027979,0.007727,-0.041035,chewing
5297725.0,-0.573242,1.832031,0.009277,-0.154015,-0.133498,0.227825,0.116211,-1.88916,0.808594,-0.046364,0.047164,-0.03464,chewing
5297735.0,-0.621094,1.84375,0.008301,-0.282184,-0.129767,0.264064,0.134766,-1.852051,0.827148,-0.054891,0.086334,-0.055957,chewing
5297745.0,-0.633301,1.859375,0.016113,-0.288046,-0.050095,0.268861,0.144043,-1.871582,0.823242,-0.067681,0.116178,-0.043433,chewing
5297755.0,-0.64209,1.914551,0.004883,-0.277121,0.062352,0.258469,0.153809,-1.85791,0.812012,-0.062086,0.131632,-0.051427,chewing
5297765.0,-0.61377,1.926758,0.023926,-0.230224,0.242747,0.286447,0.147949,-1.859375,0.809082,-0.054092,0.121507,-0.058089,chewing
5297775.0,-0.640137,1.898438,0.011719,-0.138827,0.330946,0.245945,0.154785,-1.868652,0.796875,-0.047963,0.087666,-0.047164,chewing
5297785.0,-0.632324,1.887207,0.020508,-0.088199,0.329614,0.206242,0.164062,-1.866211,0.789062,-0.015188,0.050095,-0.050361,chewing
5297795.0,-0.595215,1.898438,0.021484,-0.064484,0.330413,0.168671,0.162109,-1.864746,0.798828,-0.009326,0.021051,-0.052493,chewing
5297805.0,-0.591309,1.887207,0.014648,0.011991,0.342404,0.165207,0.149902,-1.873047,0.812012,-0.007727,0.028511,-0.049562,chewing
5297815.0,-0.575684,1.890137,0.026855,0.054358,0.323752,0.127636,0.156738,-1.859863,0.819336,-0.015188,0.037571,-0.060487,chewing
5297825.0,-0.584473,1.886719,0.013184,0.131632,0.239017,0.093528,0.146973,-1.885254,0.804687,-0.053825,0.08287,-0.04823,chewing
5297835.0,-0.606934,1.835938,0.025391,0.021583,0.341338,0.095926,0.145996,-1.859375,0.830566,-0.059688,0.098058,-0.026113,chewing
5297845.0,-0.583496,1.826172,0.024414,0.103654,0.300037,0.208374,0.17334,-1.789063,0.871582,-0.037038,0.142557,-0.025314,chewing
5297855.0,-0.609863,1.848145,0.006836,0.098858,0.218766,0.177198,0.140137,-1.878418,0.811523,-0.10472,0.134031,-0.024781,chewing
5297865.0,-0.605957,1.869141,0.007324,0.116178,0.09193,0.073011,0.143066,-1.87207,0.783203,-0.085268,0.093262,0.033841,chewing
5297875.0,-0.614258,1.861328,0.014648,0.142025,-0.070879,-0.0437,0.145508,-1.883301,0.779297,-0.059688,0.047164,0.059954,chewing
5297885.0,-0.599609,1.861816,0.020508,0.154282,-0.163075,-0.133231,0.159668,-1.86377,0.80957,-0.062086,0.018119,0.050095,chewing
5297895.0,-0.597168,1.855469,-0.006348,0.123905,-0.165207,-0.16494,0.143555,-1.887207,0.810059,-0.067415,0.025314,0.044766,chewing
5297905.0,-0.619629,1.84668,0.012207,0.079939,-0.113779,-0.131366,0.14209,-1.883301,0.793945,-0.076208,0.050628,-0.007994,chewing
5297915.0,-0.632812,1.832031,0.000488,0.041035,0.002931,-0.076741,0.15918,-1.876953,0.812988,-0.092462,0.071412,-0.059954,chewing
5297925.0,-0.644043,1.831543,0.004883,0.006662,0.075942,-0.037571,0.149902,-1.867188,0.812988,-0.090597,0.091397,-0.088998,chewing
5297935.0,-0.630371,1.844238,0.010254,-0.016254,0.097525,-0.014389,0.154297,-1.876953,0.80957,-0.092196,0.092729,-0.118842,chewing
5297945.0,-0.632324,1.850586,0.019043,-0.040502,0.088732,-0.015721,0.138672,-1.866211,0.818848,-0.082337,0.093795,-0.117243,chewing
5297955.0,-0.61377,1.848633,0.029785,-0.023982,0.040236,-0.020784,0.137207,-1.864258,0.814453,-0.076208,0.066349,-0.128968,chewing
5297965.0,-0.591797,1.855469,0.017578,-0.037838,0.010126,-0.051694,0.138672,-1.872559,0.806152,-0.094328,0.053292,-0.155614,chewing
5297975.0,-0.606445,1.859375,0.007813,-0.045299,-0.08287,-0.104986,0.15625,-1.87207,0.810547,-0.135629,0.051161,-0.223562,chewing
5297985.0,-0.594727,1.851563,0.013184,-0.061286,-0.094328,-0.139626,0.177734,-1.873047,0.791504,-0.149752,0.067149,-0.33521,chewing
5297995.0,-0.594727,1.869141,0.007813,-0.081271,-0.097792,-0.227292,0.180664,-1.861328,0.783203,-0.191587,0.067681,-0.503081,chewing
5298005.0,-0.63623,1.830078,0.008301,-0.069014,-0.066349,-0.153216,0.149414,-1.848145,0.811035,-0.231289,0.10019,-0.631516,chewing
5298015.0,-0.625488,1.852539,0.008301,-0.092729,-0.028778,-0.087666,0.179199,-1.834961,0.802246,-0.211038,0.115911,-0.727975,chewing
5298025.0,-0.613281,1.878906,0.014648,-0.089531,-0.03917,-0.098325,0.115723,-1.895508,0.820801,-0.311228,0.373047,-0.696799,chewing
5298035.0,-0.607422,1.885742,0.025879,-0.087933,-0.064484,-0.12204,0.186523,-1.891113,0.788574,-0.291776,0.270992,-0.872665,chewing
5298045.0,-0.615723,1.88623,0.020508,-0.065283,-0.13936,-0.170536,0.204102,-1.864746,0.79248,-0.285914,0.255005,-0.953936,chewing
5298055.0,-0.599609,1.907227,0.039063,-0.049828,-0.190787,-0.193452,0.203125,-1.868164,0.802734,-0.493489,0.292842,-0.954202,chewing
5298065.0,-0.620605,1.886719,0.045898,0.003997,-0.254738,-0.211305,0.23877,-1.849121,0.790039,-0.441528,0.237951,-0.933418,chewing
5298075.0,-0.644531,1.867676,0.030273,0.063951,-0.283783,-0.197982,0.234863,-1.870117,0.765137,-0.411685,0.234221,-0.720781,chewing
5298085.0,-0.646973,1.876953,0.025879,0.087933,-0.266729,-0.181461,0.151855,-1.860352,0.797852,-0.339207,0.165473,-0.378377,chewing
5298095.0,-0.65625,1.869629,0.021484,0.094861,-0.233688,-0.132965,0.178711,-1.865234,0.792969,-0.319488,0.119908,-0.182793,chewing
5298105.0,-0.656738,1.868164,0.02002,0.124971,-0.2169,-0.103387,0.225098,-1.873047,0.779297,-0.332545,0.064484,-0.120974,chewing
5298115.0,-0.650391,1.858398,0.040039,0.135363,-0.207041,-0.112447,0.239746,-1.889648,0.783691,-0.348266,0.057023,-0.124971,chewing
5298125.0,-0.645508,1.866211,0.032227,0.118309,-0.217966,-0.074876,0.233887,-1.876465,0.762695,-0.305366,0.088998,-0.211038,chewing
5298135.0,-0.620605,1.869141,0.04248,0.092729,-0.208107,-0.007194,0.223633,-1.885742,0.770996,-0.265663,0.15668,-0.235819,chewing
5298145.0,-0.616211,1.868164,0.030762,0.08287,-0.222763,0.015988,0.257813,-1.882813,0.746582,-0.229424,0.134297,-0.21317,chewing
5298155.0,-0.625,1.862793,0.035645,0.057822,-0.272591,-0.014389,0.236328,-1.894531,0.736816,-0.260067,0.150285,-0.359458,chewing
5298165.0,-0.621582,1.839355,0.044434,0.057822,-0.328282,-0.038904,0.222168,-1.884766,0.755859,-0.24328,0.138294,-0.421277,chewing
5298175.0,-0.66748,1.801758,0.05127,0.041302,-0.359724,-0.122839,0.205566,-1.87207,0.753418,-0.249675,0.095127,-0.315492,chewing
5298185.0,-0.637207,1.825195,0.023926,0.021583,-0.445525,-0.181727,0.224609,-1.887695,0.76123,-0.264597,-0.010126,-0.31709,chewing
5298195.0,-0.63623,1.866211,0.035156,-0.011458,-0.438331,-0.17027,0.454102,-1.747559,0.663086,-0.342671,-0.027979,-0.199847,chewing
5298205.0,-0.620605,1.886719,0.057617,-0.074609,-0.418613,-0.090064,0.308594,-1.922363,0.719238,-0.059954,0.02558,-0.286181,chewing
5298215.0,-0.643066,1.883301,0.069336,-0.110315,-0.433534,0.032508,0.192383,-1.849609,0.797852,-0.253672,0.086067,-0.313893,chewing
5298225.0,-0.639648,1.894531,0.061523,-0.015988,-0.333078,0.142025,0.259766,-1.895996,0.736816,-0.321354,0.129234,-0.250208,chewing
5298235.0,-0.655273,1.85498,0.036621,0.001332,-0.343737,0.172668,0.284668,-1.885742,0.742187,-0.288579,0.074876,-0.197182,chewing
5298245.0,-0.660156,1.86084,0.05127,-0.005596,-0.370116,0.264864,0.283691,-1.891113,0.733887,-0.332545,0.093795,-0.237951,chewing
5298255.0,-0.675293,1.84375,0.023926,-0.002665,-0.488159,0.240882,0.276855,-1.882324,0.748047,-0.353596,0.118842,-0.316291,chewing
5298265.0,-0.611816,1.873535,0.04248,-0.031176,-0.454052,0.333877,0.24707,-1.871094,0.756836,-0.414616,0.17027,-0.366386,chewing
5298275.0,-0.679199,1.826172,0.046387,0.012257,-0.484962,0.31256,0.241699,-1.874023,0.73584,-0.447657,0.213969,-0.358925,chewing
5298285.0,-0.589355,1.886719,0.0625,0.063685,-0.514805,0.15215,0.257813,-1.889648,0.742187,-0.454585,0.23049,-0.3043,chewing
5298295.0,-0.588379,1.900879,0.047363,0.158812,-0.541985,0.058355,0.266113,-1.876953,0.726074,-0.484695,0.264331,-0.316291,chewing
5298305.0,-0.652344,1.875,0.058105,0.205176,-0.529461,0.027179,0.274902,-1.879883,0.721191,-0.522,0.2606,-0.337075,chewing
5298315.0,-0.60791,1.893066,0.05957,0.201446,-0.567032,0.013856,0.26416,-1.88623,0.724609,-0.451121,0.208374,-0.280585,chewing
5298325.0,-0.624512,1.878906,0.044922,0.164674,-0.494288,0.034907,0.292969,-1.886719,0.727539,-0.459648,0.120441,-0.288579,chewing
5298335.0,-0.630859,1.872559,0.051758,0.130034,-0.374913,0.132698,0.276855,-1.893555,0.714844,-0.43007,0.067948,-0.309363,chewing
5298345.0,-0.663574,1.852051,0.052246,0.110848,-0.285381,0.213436,0.258789,-1.892578,0.704102,-0.33521,0.049828,-0.316824,chewing
5298355.0,-0.677734,1.841309,0.049316,0.134564,-0.150285,0.212637,0.254395,-1.893066,0.70166,-0.249409,-0.023182,-0.246211,chewing
5298365.0,-0.695312,1.831543,0.051758,0.16947,-0.010658,0.264597,0.285645,-1.87793,0.70459,-0.220897,-0.066349,-0.19132,chewing
5298375.0,-0.663086,1.842285,0.050781,0.184925,0.074343,0.284848,0.287598,-1.882813,0.705078,-0.200113,-0.038371,-0.163341,chewing
5298385.0,-0.655762,1.839844,0.043945,0.216101,0.073011,0.272591,0.299805,-1.891113,0.690918,-0.129234,0.014123,-0.223562,chewing
5298395.0,-0.658203,1.825684,0.054199,0.238217,0.023449,0.205176,0.300293,-1.893555,0.706543,-0.094328,0.05196,-0.297372,chewing
5298405.0,-0.637695,1.836426,0.047363,0.274456,-0.078074,0.067948,0.273438,-1.873535,0.708496,-0.075409,0.067415,-0.269394,chewing
5298415.0,-0.640625,1.854004,0.050781,0.241681,-0.160144,0.019718,0.285645,-1.908691,0.721191,-0.17853,0.038104,-0.187323,chewing
5298425.0,-0.631348,1.86084,0.044922,0.222496,-0.189721,-0.001066,0.274902,-1.882813,0.710937,-0.221164,-0.017853,-0.15668,chewing
5298435.0,-0.661621,1.842773,0.033691,0.203844,-0.196916,-0.00453,0.27832,-1.894531,0.701172,-0.226227,-0.03544,-0.168404,chewing
5298445.0,-0.65625,1.837402,0.053223,0.221164,-0.273391,-0.040769,0.277832,-1.891113,0.686523,-0.236352,-0.023982,-0.14842,chewing
5298455.0,-0.617676,1.856934,0.04248,0.193718,-0.318156,-0.076208,0.277832,-1.893066,0.705078,-0.179063,-0.063152,-0.186524,chewing
5298465.0,-0.629883,1.859375,0.045898,0.177198,-0.366119,-0.163874,0.268555,-1.888672,0.680176,-0.106052,-0.015721,-0.091663,chewing
5298475.0,-0.629883,1.85791,0.042969,0.211305,-0.43087,-0.246744,0.292969,-1.895996,0.691406,-0.057023,-0.016254,-0.066882,chewing
5298485.0,-0.638672,1.862793,0.031738,0.188123,-0.443127,-0.245412,0.303223,-1.912598,0.693359,-0.05649,0.001865,-0.05276,chewing
5298495.0,-0.662109,1.848633,0.04541,0.192386,-0.375179,-0.222496,0.304199,-1.924805,0.695312,-0.129767,0.001865,-0.082337,chewing
5298505.0,-0.665527,1.851563,0.039551,0.186257,-0.292842,-0.198515,0.262207,-1.908691,0.700684,-0.152683,0.038904,-0.144956,chewing
5298515.0,-0.669922,1.856445,0.049805,0.152417,-0.222496,-0.151084,0.270996,-1.909668,0.691895,-0.150018,0.060487,-0.16574,chewing
5298525.0,-0.682617,1.849121,0.047363,0.127103,-0.131632,-0.098058,0.29248,-1.908203,0.694824,-0.144423,0.053026,-0.129767,chewing
5298535.0,-0.681641,1.850098,0.039551,0.110582,-0.028245,-0.060221,0.285156,-1.904785,0.686523,-0.105786,0.020518,-0.116444,chewing
5298545.0,-0.661133,1.876953,0.030273,0.10019,-0.014922,-0.042101,0.297852,-1.914063,0.699219,-0.074343,0.033841,-0.088732,chewing
5298555.0,-0.637207,1.88623,0.032715,0.030643,-0.079672,0.017054,0.296387,-1.88916,0.694336,-0.04823,0.062086,-0.087933,chewing
5298565.0,-0.657715,1.866699,0.029785,0.001599,-0.071945,0.054092,0.3125,-1.89209,0.70459,-0.019718,0.079672,-0.092462,chewing
5298575.0,-0.665039,1.859375,0.02832,0.009859,-0.044766,0.111381,0.303223,-1.88916,0.69043,0.017054,0.104453,-0.115112,chewing
5298585.0,-0.67041,1.861816,0.052734,-0.015188,0.003997,0.176132,0.308105,-1.88916,0.690918,0.059421,0.094594,-0.173467,chewing
5298595.0,-0.644043,1.882324,0.045898,-0.070346,-0.0429,0.227026,0.318359,-1.907715,0.70166,0.062619,0.086334,-0.225694,chewing
5298605.0,-0.665039,1.890137,0.038086,-0.098858,-0.042634,0.233155,0.311523,-1.88916,0.695801,0.071678,0.062352,-0.237418,chewing
5298615.0,-0.65918,1.827148,0.05127,-0.036505,-0.116444,0.17773,0.297363,-1.884766,0.711914,0.109516,0.047963,-0.171335,chewing
5298625.0,-0.630859,1.858398,0.050781,-0.084202,-0.137228,0.176931,0.313965,-1.868164,0.698242,0.114312,0.020251,-0.076475,chewing
5298635.0,-0.625488,1.87207,0.054687,-0.049296,-0.184126,0.167605,0.336914,-1.876465,0.689453,0.115911,0.000533,-0.085002,chewing
5298645.0,-0.622559,1.879395,0.064941,-0.026646,-0.198781,0.117243,0.336426,-1.879883,0.703613,0.112181,0.004263,-0.12124,chewing
5298655.0,-0.625488,1.879395,0.061035,-0.036505,-0.20491,0.066616,0.344238,-1.873047,0.702148,0.09193,0.020518,-0.114312,chewing
5298665.0,-0.626953,1.865723,0.044434,-0.02558,-0.202245,0.001332,0.336914,-1.888184,0.700684,0.113779,0.037305,-0.116977,chewing
5298675.0,-0.623047,1.868164,0.063477,0.030643,-0.1311,-0.058622,0.329102,-1.882813,0.705566,0.122306,0.031709,-0.090597,chewing
5298685.0,-0.622559,1.873047,0.067383,-0.045565,-0.200646,0.029844,0.34375,-1.88623,0.706055,0.1311,0.046631,-0.06102,chewing
5298695.0,-0.641602,1.855469,0.058105,-0.052493,-0.183593,0.026113,0.34375,-1.886719,0.696777,0.140959,0.063418,-0.052493,chewing
5298705.0,-0.62793,1.875977,0.062012,-0.064217,-0.141225,0.032775,0.353027,-1.874023,0.706543,0.146821,0.103121,-0.067948,chewing
5298715.0,-0.611816,1.884766,0.055176,-0.02638,-0.070346,0.023982,0.335938,-1.869629,0.707031,0.164407,0.14762,-0.031176,chewing
5298725.0,-0.628418,1.876953,0.05957,-0.105519,-0.102855,0.085801,0.35498,-1.868652,0.70752,0.147887,0.157479,0.017054,chewing
5298735.0,-0.632324,1.862793,0.063477,-0.135096,-0.101256,0.152683,0.339355,-1.878418,0.718262,0.152949,0.155348,0.040236,chewing
5298745.0,-0.632324,1.866211,0.083008,-0.136962,-0.004263,0.202778,0.355469,-1.880371,0.70459,0.148686,0.146021,0.011724,chewing
5298755.0,-0.611816,1.87207,0.094238,-0.13483,0.080738,0.253672,0.368164,-1.870605,0.712402,0.185458,0.152683,0.042368,chewing
5298765.0,-0.604004,1.84668,0.080566,-0.134564,0.097525,0.271792,0.349121,-1.875977,0.719238,0.228358,0.153482,0.032242,chewing
5298775.0,-0.58252,1.872559,0.084473,-0.149485,0.085268,0.269394,0.338867,-1.873047,0.702637,0.241681,0.153482,0.031443,chewing
5298785.0,-0.617187,1.858887,0.080078,-0.171335,0.024515,0.23502,0.353027,-1.865723,0.722656,0.250208,0.149752,0.079139,chewing
5298795.0,-0.600098,1.859375,0.098633,-0.216101,-0.000266,0.144423,0.340332,-1.875488,0.708008,0.193985,0.158012,0.081804,chewing
5298805.0,-0.596191,1.882324,0.109863,-0.193185,-0.002931,0.103654,0.318359,-1.878418,0.699219,0.153216,0.189988,0.101522,chewing
5298815.0,-0.603027,1.889648,0.096191,-0.108184,0.041835,0.094594,0.318359,-1.877441,0.708984,0.102855,0.197715,0.105253,chewing
5298825.0,-0.622559,1.873535,0.100586,-0.037305,0.116977,0.073544,0.315918,-1.865723,0.712402,0.044499,0.233954,0.082603,chewing
5298835.0,-0.622559,1.849121,0.101563,0.068214,0.140959,0.032775,0.314453,-1.865723,0.709961,0.018652,0.29604,0.065816,chewing
5298845.0,-0.608398,1.859863,0.092285,0.174,0.202245,-0.065283,0.289063,-1.86377,0.711914,0.011724,0.341871,-0.002132,chewing
5298855.0,-0.595215,1.884766,0.092773,0.136429,0.123905,-0.034374,0.287598,-1.879883,0.715332,-0.024781,0.324551,-0.022116,chewing
5298865.0,-0.632324,1.832031,0.09082,0.107917,0.081005,-0.162809,0.288574,-1.882813,0.723633,-0.067149,0.256603,-0.001865,chewing
5298875.0,-0.635254,1.87793,0.086914,0.123106,0.025047,-0.205709,0.28125,-1.885742,0.719238,-0.122839,0.203044,0.027179,chewing
5298885.0,-0.632324,1.870605,0.079102,0.178263,0.021583,-0.237152,0.286621,-1.903809,0.71582,-0.167338,0.158279,0.022649,chewing
5298895.0,-0.630371,1.883301,0.080566,0.189988,0.008793,-0.217966,0.277344,-1.903809,0.736328,-0.192652,0.106319,0.007994,chewing
5298905.0,-0.629395,1.890137,0.077148,0.162009,-0.024781,-0.180928,0.285645,-1.902344,0.738281,-0.233688,0.066349,0.017853,chewing
5298915.0,-0.640625,1.895996,0.072754,0.145489,-0.002665,-0.145222,0.286621,-1.897949,0.748535,-0.222763,0.037571,0.021051,chewing
5298925.0,-0.658691,1.871094,0.0625,0.118842,0.022649,-0.083403,0.290039,-1.902344,0.73291,-0.193185,0.017853,-0.013057,chewing
5298935.0,-0.657715,1.875977,0.066895,0.102322,0.016787,-0.046098,0.310059,-1.901367,0.729004,-0.134297,0.01732,-0.038637,chewing
5298945.0,-0.663086,1.858887,0.060059,0.120441,0.05276,-0.049029,0.307617,-1.897949,0.733887,-0.085268,0.007194,-0.075942,chewing
5298955.0,-0.644531,1.868652,0.062988,0.07008,-0.03544,-0.007727,0.297852,-1.893066,0.730957,-0.028778,0.014922,-0.058888,chewing
5298965.0,-0.654297,1.861328,0.065918,-0.001066,-0.061553,0.00826,0.311035,-1.877441,0.729004,0.018386,-0.002665,-0.066349,chewing
5298975.0,-0.657715,1.855469,0.060059,-0.022116,-0.062086,0.032242,0.318359,-1.885742,0.726562,0.029577,0.010925,-0.047164,chewing
5298985.0,-0.649902,1.878418,0.071289,-0.044233,-0.027979,0.051161,0.319336,-1.87793,0.725586,0.037571,0.014123,-0.030377,chewing
5298995.0,-0.666992,1.862305,0.076172,-0.063951,-0.005329,0.074077,0.292969,-1.881836,0.735352,0.05276,0.066616,-0.001865,chewing
5299005.0,-0.656738,1.860352,0.068848,-0.080738,0.009859,0.066616,0.325684,-1.869629,0.726562,0.068481,0.051161,-0.027446,chewing
5299015.0,-0.660645,1.833984,0.075684,-0.10472,0.014655,0.046098,0.322266,-1.884766,0.723145,0.044499,0.084469,-0.006928,chewing
5299025.0,-0.649414,1.842773,0.080078,-0.119908,0.005063,-0.019718,0.312012,-1.874023,0.730469,0.035173,0.096193,0.008527,chewing
5299035.0,-0.614746,1.864258,0.075195,-0.15215,-0.046364,0.00826,0.312012,-1.867676,0.730469,0.035972,0.129234,0.024781,chewing
5299045.0,-0.637695,1.874512,0.085449,-0.181194,-0.072478,-0.041035,0.34082,-1.855469,0.712402,0.027712,0.128435,0.034374,chewing
5299055.0,-0.604492,1.919434,0.079102,-0.121507,-0.090597,-0.068747,0.314941,-1.874512,0.725586,-0.00826,0.138294,0.048496,chewing
5299065.0,-0.623047,1.924316,0.099121,-0.058089,-0.059688,-0.075142,0.319336,-1.879395,0.720215,-0.005063,0.137761,0.057023,chewing
5299075.0,-0.653809,1.891113,0.099121,0.011991,0.009326,-0.074609,0.293945,-1.896973,0.713379,-0.059688,0.134564,0.071145,chewing
5299085.0,-0.626465,1.913086,0.102051,0.141225,0.015721,-0.066349,0.280273,-1.876465,0.717285,-0.066616,0.103121,0.087666,chewing
5299095.0,-0.660645,1.868164,0.100586,0.184925,0.019452,-0.062352,0.30957,-1.893555,0.727539,-0.103121,0.080738,0.081804,chewing
5299105.0,-0.630371,1.798828,0.097168,0.217167,0.07008,-0.223029,0.291504,-1.887695,0.720703,-0.12577,0.060221,0.050361,chewing
5299115.0,-0.631348,1.864258,0.098145,0.273923,0.055691,-0.240616,0.293457,-1.875488,0.722656,-0.122573,0.044233,0.06102,chewing
5299125.0,-0.669922,1.852539,0.087891,0.316291,0.129234,-0.277387,0.280273,-1.885742,0.715332,-0.126037,0.005063,0.054092,chewing
5299135.0,-0.674805,1.855957,0.080566,0.255538,0.073011,-0.235819,0.291016,-1.888184,0.721191,-0.147887,-0.009859,0.03091,chewing
5299145.0,-0.677734,1.85791,0.07959,0.224894,0.13483,-0.168138,0.289063,-1.884766,0.722656,-0.150818,-0.036505,0.013057,chewing
5299155.0,-0.677246,1.836426,0.053711,0.239816,0.229158,-0.095926,0.294434,-1.890137,0.719727,-0.180928,-0.031176,-0.004796,chewing
5299165.0,-0.66748,1.852539,0.067871,0.268594,0.260067,-0.110049,0.280762,-1.901855,0.733398,-0.176398,-0.039703,-0.01732,chewing
5299175.0,-0.652344,1.83252,0.068848,0.313093,0.145222,-0.123639,0.299805,-1.902832,0.727539,-0.174799,-0.057822,-0.027179,chewing
5299185.0,-0.621094,1.854492,0.080078,0.128168,-0.066882,-0.045299,0.291016,-1.896973,0.724609,-0.148686,-0.075675,-0.020251,chewing
5299195.0,-0.592285,1.867188,0.062012,0.03464,-0.180662,-0.019718,0.300781,-1.895996,0.748535,-0.083936,-0.09113,-0.038637,chewing
5299205.0,-0.606934,1.857422,0.063965,-0.034107,-0.227559,-0.014655,0.3125,-1.88916,0.728516,-0.042368,-0.048496,-0.044499,chewing
5299215.0,-0.631836,1.867676,0.05957,-0.084735,-0.228625,0.006662,0.313477,-1.889648,0.720215,-0.007461,-0.035972,-0.061286,chewing
5299225.0,-0.660156,1.861816,0.071777,-0.114046,-0.213703,0.005596,0.331055,-1.878906,0.70459,0.023715,-0.038104,-0.077807,chewing
5299235.0,-0.708496,1.827637,0.058594,-0.100456,-0.163608,0.010392,0.320313,-1.894531,0.726074,0.023182,-0.002665,-0.047697,chewing
5299245.0,-0.691895,1.836914,0.064453,-0.051161,-0.186257,-0.077807,0.321289,-1.869141,0.742676,0.032508,-0.035972,-0.049562,chewing
5299255.0,-0.660645,1.848145,0.067871,-0.058355,-0.191587,-0.043433,0.328613,-1.856445,0.737793,0.05276,-0.038371,0.01279,chewing
5299265.0,-0.648926,1.870605,0.071777,-0.088466,-0.197182,-0.032775,0.329102,-1.87207,0.72998,0.071945,-0.056757,0.053292,chewing
5299275.0,-0.666504,1.847656,0.07959,-0.089531,-0.147887,0.034374,0.319824,-1.86377,0.709473,0.084469,-0.065816,0.054891,chewing
5299285.0,-0.63623,1.878906,0.087891,-0.096726,-0.169204,0.02558,0.328613,-1.874512,0.706543,0.081271,-0.071412,0.058622,chewing
5299295.0,-0.64209,1.897949,0.085937,-0.059688,-0.137761,0.083403,0.330078,-1.87207,0.715332,0.073011,-0.044233,0.06475,chewing
5299305.0,-0.625,1.875977,0.081543,-0.015455,0.001066,0.071412,0.313477,-1.877441,0.737305,0.063951,-0.019985,0.069014,chewing
5299315.0,-0.619141,1.909668,0.098633,-0.020518,0.150818,-0.01359,0.324707,-1.865723,0.736328,0.070346,-0.001865,0.057289,chewing
5299325.0,-0.716797,1.814941,0.09082,0.012524,0.027712,0.095127,0.333496,-1.872559,0.729004,0.033308,0.007727,0.041302,chewing
5299335.0,-0.654785,1.82666,0.076172,0.090331,0.276322,0.027179,0.323242,-1.883789,0.709473,0.037305,0.027712,0.038371,chewing
5299345.0,-0.61377,1.875977,0.080078,-0.009326,0.203577,0.051427,0.334961,-1.878418,0.711914,0.03544,0.024781,0.019718,chewing
5299355.0,-0.577637,1.911133,0.072754,-0.022116,0.083936,0.109516,0.325195,-1.871094,0.721191,-0.002665,0.051161,0.042101,chewing
5299365.0,-0.587891,1.919922,0.094727,0.019985,0.103121,0.069547,0.308105,-1.870117,0.721191,-0.020518,0.089531,0.060487,chewing
5299375.0,-0.652832,1.869141,0.093262,0.144156,0.16041,0.06475,0.297363,-1.871582,0.706055,-0.014922,0.094328,0.094594,chewing
5299385.0,-0.660645,1.864258,0.095215,0.140692,0.268328,0.079139,0.296875,-1.875977,0.713379,-0.038104,0.087933,0.121773,chewing
5299395.0,-0.701172,1.828125,0.083008,0.231023,0.340539,0.065283,0.287109,-1.891113,0.722168,-0.043966,0.097525,0.13856,chewing
5299405.0,-0.666504,1.814453,0.099121,0.259534,0.324818,-0.044233,0.27832,-1.892578,0.714844,-0.075142,0.105519,0.109783,chewing
5299415.0,-0.634766,1.733398,0.083984,0.231023,0.319755,-0.602738,0.271973,-1.895508,0.724609,-0.144689,0.146288,0.124438,chewing
5299425.0,-0.646484,1.857422,0.067871,0.338141,0.233954,-0.372515,0.263184,-1.898926,0.733887,-0.192919,0.181727,0.136962,chewing
5299435.0,-0.623535,1.867676,0.079102,0.349865,0.176931,-0.371715,0.255371,-1.895508,0.714355,-0.224361,0.176665,0.102588,chewing
5299445.0,-0.665039,1.878418,0.061035,0.323219,0.130833,-0.325617,0.282227,-1.891113,0.729004,-0.22596,0.175332,0.067149,chewing
5299455.0,-0.702637,1.842285,0.067871,0.274989,0.154015,-0.306698,0.27002,-1.891602,0.711914,-0.247011,0.168937,0.060753,chewing
5299465.0,-0.648437,1.844238,0.044434,0.248876,0.177997,-0.33441,0.257813,-1.890137,0.723633,-0.22676,0.128968,0.079939,chewing
5299475.0,-0.691406,1.839844,0.04541,0.204377,0.187323,-0.227559,0.259766,-1.912598,0.719727,-0.225427,0.070879,0.087666,chewing
5299485.0,-0.683105,1.83252,0.059082,0.127902,0.155881,-0.190787,0.265137,-1.922852,0.708496,-0.229957,0.007994,0.064484,chewing
5299495.0,-0.722656,1.824707,0.041504,0.111648,0.175332,-0.145222,0.266602,-1.914551,0.70752,-0.198248,-0.014922,0.016254,chewing
5299505.0,-0.690918,1.851563,0.032227,0.067948,0.202511,-0.043966,0.279297,-1.910156,0.728516,-0.15668,-0.052493,-0.016254,chewing
5299515.0,-0.711426,1.829102,0.041016,-0.010925,0.330413,0.050894,0.287598,-1.904297,0.724121,-0.127636,-0.026646,-0.040769,chewing
5299525.0,-0.692871,1.859863,0.027832,-0.015455,0.410086,0.081271,0.284668,-1.894531,0.714355,-0.094328,-0.036772,-0.063152,chewing
5299535.0,-0.691895,1.857422,0.031738,-0.05196,0.36079,0.191853,0.313477,-1.875,0.760254,-0.019185,-0.060487,-0.137761,chewing
5299545.0,-0.682617,1.862305,0.029297,-0.076208,0.312827,0.166006,0.285645,-1.873535,0.736328,0.014922,-0.054625,-0.138827,chewing
5299555.0,-0.69043,1.881836,0.018555,0.031443,0.273657,0.090064,0.299316,-1.878906,0.717285,0.103654,-0.086867,-0.141492,chewing
5299565.0,-0.700684,1.841797,0.043457,0.138827,0.23875,-0.012257,0.316406,-1.866699,0.71875,0.143623,-0.111115,-0.177464,chewing
5299575.0,-0.696289,1.859863,0.040527,0.063951,0.226493,-0.080738,0.323242,-1.905273,0.678711,0.158812,-0.1303,-0.180928,chewing
5299585.0,-0.651367,1.842773,0.06543,-0.022649,0.185991,-0.140692,0.348633,-1.864746,0.73877,0.264597,-0.116178,-0.240882,chewing
5299595.0,-0.669434,1.843262,0.053711,-0.080205,0.208374,-0.201179,0.325684,-1.857422,0.756348,0.301636,-0.114845,-0.26966,chewing
5299605.0,-0.689941,1.856445,0.072266,-0.102322,0.201446,-0.195317,0.284668,-1.906738,0.695312,0.267528,-0.126303,-0.205709,chewing
5299615.0,-0.702148,1.85791,0.056152,0.002132,0.174799,-0.191587,0.301758,-1.900879,0.697266,0.256603,-0.140159,-0.162542,chewing
5299625.0,-0.662598,1.868652,0.062988,0.151351,0.150551,-0.13483,0.317383,-1.870117,0.728516,0.236352,-0.147087,-0.103121,chewing
5299635.0,-0.644531,1.854492,0.059082,0.162809,0.095394,-0.097792,0.333008,-1.870605,0.719238,0.205443,-0.083669,-0.097792,chewing
5299645.0,-0.665527,1.840332,0.053711,0.085268,0.098858,-0.010925,0.31543,-1.887207,0.70166,0.187856,-0.045565,-0.045299,chewing
5299655.0,-0.651855,1.840332,0.067871,-0.022916,0.047963,0.046897,0.334473,-1.869141,0.728516,0.207308,-0.026913,-0.059421,chewing
5299665.0,-0.666016,1.842285,0.058105,-0.019185,0.054625,0.063152,0.327637,-1.874512,0.71582,0.147354,-0.003464,-0.028511,chewing
5299675.0,-0.682129,1.83252,0.054687,-0.027712,0.042634,0.074876,0.314453,-1.87207,0.721191,0.155348,0.02558,-0.02185,chewing
5299685.0,-0.695801,1.837402,0.049805,-0.064217,0.069813,0.081804,0.320313,-1.859375,0.719238,0.129501,0.04743,-0.022116,chewing
5299695.0,-0.706543,1.825684,0.069824,-0.04743,0.036239,0.108717,0.330078,-1.86084,0.739746,0.081538,0.070879,0.00453,chewing
5299705.0,-0.684082,1.847168,0.05957,-0.094328,0.015455,0.078074,0.314941,-1.868164,0.705078,0.01279,0.119375,0.028778,chewing
5299715.0,-0.672363,1.847168,0.059082,-0.052493,0.014389,0.087666,0.303711,-1.854004,0.719238,0.025847,0.10019,0.054891,chewing
5299725.0,-0.665527,1.850586,0.067383,-0.038637,0.009859,0.050361,0.308105,-1.868164,0.742187,-0.009593,0.085268,0.066349,chewing
5299735.0,-0.705566,1.858887,0.066895,-0.005063,0.009326,0.104187,0.313477,-1.866699,0.740234,-0.03011,0.095394,0.053825,chewing
5299745.0,-0.210937,1.896484,0.054687,-0.249942,0.375179,-0.435133,0.297363,-1.872559,0.726562,-0.091663,0.12204,0.069813,chewing
5299755.0,-0.805664,1.841309,0.062988,-0.240083,0.553709,0.259534,0.286133,-1.873047,0.748047,-0.114312,0.183593,0.031443,chewing
5299765.0,-0.645508,1.861816,0.076172,0.076475,0.288312,0.230224,0.289551,-1.875977,0.756348,-0.127902,0.20864,0.023449,chewing
5299775.0,-0.658691,1.84668,0.063965,0.025314,0.260867,0.268061,0.277832,-1.89502,0.731934,-0.145222,0.23049,-0.005063,chewing
5299785.0,-0.629883,1.85791,0.056641,0.092196,0.133764,0.19585,0.29541,-1.885254,0.736328,-0.129234,0.265397,-0.028778,chewing
5299795.0,-0.635254,1.85791,0.054687,0.158545,0.037305,0.136962,0.285156,-1.879883,0.766602,-0.130833,0.24328,-0.010126,chewing
5299805.0,-0.647949,1.854004,0.052246,0.235286,-0.057289,0.090064,0.306152,-1.87793,0.746582,-0.145755,0.259801,-0.004263,chewing
5299815.0,-0.65918,1.84375,0.043457,0.314959,-0.113247,0.022649,0.287109,-1.890137,0.73877,-0.154815,0.239283,0.049029,chewing
5299825.0,-0.645508,1.874023,0.047363,0.401825,-0.210772,-0.013057,0.290039,-1.894043,0.719238,-0.126836,0.153482,0.080738,chewing
5299835.0,-0.67041,1.868164,0.037598,0.464977,-0.281651,0.006129,0.294434,-1.879883,0.732422,-0.114312,0.110049,0.123639,chewing
5299845.0,-0.685059,1.854492,0.026367,0.484962,-0.291243,0.026913,0.297852,-1.883789,0.729004,-0.095127,0.102855,0.077274,chewing
5299855.0,-0.695801,1.856445,0.025391,0.439663,-0.277121,-0.005063,0.301758,-1.884277,0.737793,-0.059688,0.118309,0.021317,chewing
5299865.0,-0.693359,1.852539,0.016113,0.355194,-0.259534,-0.057023,0.291992,-1.869629,0.736328,-0.061819,0.110049,-0.009326,chewing
5299875.0,-0.694336,1.82959,0.025879,0.304567,-0.214769,-0.079939,0.293945,-1.888672,0.73584,-0.049029,0.137761,0.008793,chewing
5299885.0,-0.686035,1.824707,0.035645,0.247277,-0.146021,-0.098591,0.291504,-1.898926,0.745117,-0.046897,0.132965,0.023449,chewing
5299895.0,-0.682617,1.868652,0.041016,0.164407,-0.027712,-0.087666,0.297363,-1.895996,0.731934,-0.090864,0.127636,0.044766,chewing
5299905.0,-0.680176,1.836426,0.039551,0.071945,0.067948,-0.070879,0.309082,-1.891113,0.72168,-0.113247,0.123106,0.079939,chewing
5299915.0,-0.697266,1.855469,0.018066,-0.004796,0.117776,-0.073011,0.304688,-1.882324,0.726074,-0.129767,0.123905,0.082337,chewing
5299925.0,-0.705566,1.853516,0.01123,-0.079939,0.186524,-0.077807,0.298828,-1.878418,0.737305,-0.144423,0.114046,0.142025,chewing
5299935.0,-0.680176,1.825195,0.041504,-0.119908,0.228625,-0.130034,0.296387,-1.880859,0.73291,-0.141492,0.108184,0.144423,chewing
5299945.0,-0.661621,1.819824,0.02002,-0.116444,0.334943,-0.19958,0.282227,-1.882324,0.721191,-0.155614,0.151351,0.145489,chewing
5299955.0,-0.728027,1.842773,0.038574,-0.126303,0.444459,-0.101256,0.270508,-1.883301,0.728516,-0.148953,0.197449,0.120974,chewing
5299965.0,-0.665039,1.822754,0.031738,-0.152683,0.440196,-0.164141,0.26123,-1.890137,0.729492,-0.156946,0.24408,0.096459,chewing
5299975.0,-0.751953,1.864746,0.033691,-0.189188,0.447923,-0.027712,0.260742,-1.891113,0.731445,-0.181727,0.251274,0.100989,chewing
5299985.0,-0.662109,1.835449,0.034668,-0.210772,0.436998,-0.025847,0.263184,-1.907715,0.729004,-0.215835,0.259534,0.10472,chewing
5299995.0,-0.666504,1.836426,0.038086,-0.195583,0.384772,-0.014922,0.272461,-1.891602,0.745117,-0.200913,0.227292,0.072211,chewing
5300005.0,-0.681152,1.858398,0.037598,-0.127636,0.284315,0.002398,0.32959,-1.863281,0.705078,-0.210239,0.279786,0.14309,chewing
5300015.0,-0.647949,1.87793,0.04834,-0.106585,0.186524,-0.085801,0.26709,-1.88916,0.719727,-0.204643,0.22676,0.069547,chewing
5300025.0,-0.65332,1.880371,0.05127,-0.090064,0.111914,-0.108983,0.296875,-1.875977,0.721191,-0.182793,0.171602,0.083669,chewing
5300035.0,-0.69043,1.844238,0.039063,-0.063685,0.195583,-0.123905,0.288086,-1.887695,0.708984,-0.179596,0.126836,0.087133,chewing
5300045.0,-0.703613,1.827148,0.044434,-0.044499,0.224628,-0.084469,0.290527,-1.883301,0.714355,-0.147354,0.099923,0.071678,chewing
5300055.0,-0.721191,1.839844,0.041992,-0.083936,0.243813,-0.141225,0.276855,-1.89209,0.723145,-0.141492,0.115911,0.066083,chewing
5300065.0,-0.687988,1.839355,0.046387,0.01359,0.111914,-0.191054,0.274902,-1.898926,0.722168,-0.091397,0.109783,0.030643,chewing
5300075.0,-0.675781,1.83252,0.039551,0.043966,0.030377,-0.218499,0.270508,-1.88916,0.733398,-0.079406,0.136962,0.015188,chewing
5300085.0,-0.65625,1.862793,0.041992,0.046098,-0.038371,-0.230757,0.276855,-1.878418,0.736816,-0.048496,0.172668,-0.031443,chewing
5300095.0,-0.667969,1.847656,0.04834,0.068214,-0.03544,-0.177997,0.251465,-1.901855,0.723633,-0.034907,0.201446,-0.031443,chewing
5300105.0,-0.665039,1.843262,0.046875,0.097525,0.048763,-0.112181,0.276367,-1.894531,0.711914,-0.00373,0.174,-0.009859,chewing
5300115.0,-0.702148,1.819336,0.038086,0.09193,0.110582,-0.069547,0.279785,-1.89502,0.694336,0.01732,0.123372,-0.031176,chewing
5300125.0,-0.722168,1.791016,0.045898,0.114312,0.149752,-0.076475,0.262695,-1.885254,0.700684,0.039436,0.101256,-0.048763,chewing
5300135.0,-0.706055,1.809082,0.040039,0.132165,0.129767,-0.038637,0.259766,-1.895508,0.691406,0.054092,0.038904,-0.027979,chewing
5300145.0,-0.740723,1.823242,0.032715,0.086334,0.182527,-0.059155,0.270996,-1.87793,0.717773,0.033041,0.049562,0.025047,chewing
5300155.0,-0.707031,1.845703,0.026367,0.041568,0.142025,-0.015721,0.270996,-1.896484,0.730957,0.004263,0.063418,0.042634,chewing
5300165.0,-0.694336,1.851074,0.036133,-0.011991,0.102322,-0.001865,0.260742,-1.896484,0.728027,-0.040236,0.046098,0.046631,chewing
5300175.0,-0.672363,1.865723,0.031738,-0.041835,0.09113,0.006129,0.277344,-1.90332,0.70752,-0.07381,0.025047,0.024515,chewing
5300185.0,-0.657715,1.849609,0.026367,-0.080738,0.10472,0.057822,0.271973,-1.899902,0.690918,-0.090864,-0.059954,0.05196,chewing
5300195.0,-0.648437,1.84668,0.03125,-0.091663,0.053292,0.076741,0.277832,-1.899414,0.680176,-0.070879,-0.128968,0.053825,chewing
5300205.0,-0.65918,1.833496,0.046875,0.012257,-0.067415,0.115911,0.269043,-1.908691,0.685547,-0.020518,-0.249142,0.025314,chewing
5300215.0,-0.682129,1.831055,0.050293,0.097792,-0.177997,0.176132,0.30957,-1.893555,0.718262,0.107384,-0.279519,-0.07834,chewing
5300225.0,-0.691895,1.847168,0.072266,0.134031,-0.266729,0.309363,0.289063,-1.899414,0.716309,0.118043,-0.154015,-0.16947,chewing
5300235.0,-0.711914,1.832031,0.053711,0.189721,-0.264064,0.144689,0.240234,-1.929688,0.695801,0.162009,-0.120974,-0.230757,chewing
5300245.0,-0.708008,1.841309,0.043457,0.259002,-0.287513,0.183326,0.26123,-1.890625,0.724609,0.159078,-0.12657,-0.275789,chewing
5300255.0,-0.677246,1.862305,0.056641,0.230757,-0.30883,0.155614,0.26709,-1.895996,0.719238,0.09566,-0.081005,-0.179596,chewing
5300265.0,-0.66748,1.856934,0.058105,0.174533,-0.27792,0.160144,0.290039,-1.896484,0.693359,0.074609,-0.042368,-0.167338,chewing
5300275.0,-0.647949,1.864746,0.04541,0.151884,-0.293375,0.171868,0.29541,-1.887207,0.693848,0.097525,-0.029844,-0.197982,chewing
5300285.0,-0.669922,1.867676,0.029297,0.117776,-0.36159,0.167338,0.314453,-1.86084,0.70459,0.105253,0.033841,-0.219299,chewing
5300295.0,-0.655273,1.882324,0.056152,0.142291,-0.457516,0.180395,0.32959,-1.870605,0.724609,0.142824,0.092462,-0.257403,chewing
5300305.0,-0.674805,1.864258,0.054199,-0.006395,-0.341072,0.087933,0.291016,-1.881348,0.738281,0.148153,0.041035,-0.287779,chewing
5300315.0,-0.670898,1.876953,0.066406,-0.395697,-0.111914,-0.013856,0.270508,-1.887207,0.739746,0.268861,-0.074343,-0.264864,chewing
5300325.0,-0.696777,1.838867,0.090332,-0.489758,0.046897,-0.016254,0.254883,-1.892578,0.725586,0.304567,-0.183593,-0.236352,chewing
5300335.0,-0.707031,1.831055,0.061523,-0.62592,0.229158,0.01732,0.233398,-1.985352,0.594238,0.175066,-0.212904,-0.055158,chewing
5300345.0,-0.707031,1.82373,0.068848,-0.623256,0.247011,0.086867,0.255371,-1.972168,0.59375,0.193718,-0.418613,-0.023982,chewing
5300355.0,-0.686035,1.858887,0.092285,-0.774073,0.042368,0.210239,0.390625,-1.825684,0.787109,0.159345,-0.420478,-0.037571,chewing
5300365.0,-0.682129,1.816895,0.072266,-0.348799,0.141758,0.055957,0.336914,-1.781738,0.829102,0.055424,-0.196649,-0.10392,chewing
5300375.0,-0.695312,1.851563,0.069824,-0.081804,0.06928,0.064217,0.275391,-1.856445,0.771484,0.025047,-0.065017,-0.08207,chewing
5300385.0,-0.668945,1.860352,0.070312,0.007461,-0.005063,-0.003198,0.27002,-1.855957,0.767578,0.030643,0.034907,-0.033574,chewing
5300395.0,-0.65625,1.861328,0.077148,0.028245,-0.002665,0.007727,0.29541,-1.876465,0.760254,-0.01279,0.090064,-0.023982,chewing
5300405.0,-0.652832,1.87207,0.080566,0.080205,-0.009326,0.001865,0.30127,-1.874023,0.736816,-0.021583,0.174799,-0.076475,chewing
5300415.0,-0.65918,1.852051,0.082031,0.129501,0.023982,0.000799,0.310059,-1.872559,0.736816,-0.038371,0.183859,-0.058355,chewing
5300425.0,-0.6875,1.853516,0.089844,0.155614,0.01359,0.009593,0.332031,-1.873047,0.736816,-0.048763,0.155348,-0.051427,chewing
5300435.0,-0.707031,1.850098,0.071777,0.186257,-0.013057,0.001865,0.320801,-1.868164,0.75,-0.043433,0.136695,-0.027712,chewing
5300445.0,-0.706543,1.850586,0.063965,0.223029,-0.049562,0.015455,0.311035,-1.880371,0.746094,-0.058355,0.123372,-0.014922,chewing
5300455.0,-0.70459,1.847656,0.07373,0.237685,-0.047697,0.042368,0.317871,-1.869141,0.748535,-0.076475,0.113513,-0.009859,chewing
5300465.0,-0.672852,1.864258,0.0625,0.254472,-0.037305,0.035706,0.298828,-1.86377,0.771484,-0.083936,0.17853,0.006129,chewing
5300475.0,-0.671387,1.858887,0.055176,0.279253,0.028511,0.084735,0.274902,-1.879395,0.731445,-0.123372,0.233155,0.027979,chewing
5300485.0,-0.654785,1.869141,0.053711,0.271259,0.045299,0.103121,0.269531,-1.902344,0.728516,-0.132432,0.211571,0.041835,chewing
5300495.0,-0.679687,1.840332,0.042969,0.253406,0.086867,0.145755,0.273926,-1.882324,0.749023,-0.138294,0.203311,0.038371,chewing
5300505.0,-0.691406,1.825195,0.054199,0.259268,0.055957,0.14762,0.299316,-1.889648,0.726562,-0.135096,0.16041,0.016787,chewing
5300515.0,-0.691895,1.82373,0.058594,0.327482,-0.06102,0.144156,0.307129,-1.86377,0.750488,-0.127369,0.158279,-0.030643,chewing
5300525.0,-0.656738,1.870117,0.015625,0.392766,-0.129767,0.189721,0.317383,-1.883301,0.733398,-0.133498,0.119375,-0.043433,chewing
5300535.0,-0.689453,1.856445,0.05957,0.40902,-0.24328,0.167605,0.289551,-1.852051,0.73291,-0.067948,0.067149,-0.048763,chewing
5300545.0,-0.681152,1.871094,0.056152,0.305632,-0.143623,0.148153,0.307129,-1.88623,0.722656,-0.025314,0.017587,-0.035173,chewing
5300555.0,-0.648926,1.853027,0.040527,0.290178,-0.151351,0.1303,0.312012,-1.871094,0.748535,0.025847,0.035706,-0.057023,chewing
5300565.0,-0.643555,1.861328,0.04248,0.212637,-0.111914,0.089531,0.293457,-1.896484,0.719727,0.015188,0.017587,-0.029844,chewing
5300575.0,-0.669434,1.842773,0.03125,0.137495,-0.106319,0.031975,0.3125,-1.893555,0.734375,0.035972,-0.009593,-0.01732,chewing
5300585.0,-0.672363,1.86084,0.047852,0.088732,-0.095926,0.002132,0.303223,-1.879883,0.73291,0.029311,0.030643,-0.033841,chewing
5300595.0,-0.679199,1.840332,0.052246,0.075409,-0.070613,0.023182,0.310547,-1.880371,0.727539,0.010392,0.065816,-0.044499,chewing
5300605.0,-0.644531,1.86084,0.039551,0.112714,-0.03917,0.075409,0.288574,-1.851563,0.740723,-0.008527,0.107917,-0.035173,chewing
5300615.0,-0.696777,1.844238,0.036133,-0.038371,0.133764,0.060487,0.287109,-1.903809,0.71582,-0.092196,0.120974,-0.002665,chewing
5300625.0,-0.689453,1.833008,0.04248,-0.034374,0.153482,0.053825,0.305176,-1.878418,0.708008,-0.067948,0.099391,0.013323,chewing
5300635.0,-0.661133,1.833496,0.046387,-0.026913,0.137228,-0.006928,0.304199,-1.872559,0.723145,-0.117776,0.090864,0.03011,chewing
5300645.0,-0.673828,1.839355,0.036133,-0.018652,0.087933,-0.020518,0.286621,-1.89502,0.696777,-0.143357,0.053026,0.074077,chewing
5300655.0,-0.659668,1.83252,0.054687,-0.040236,0.088732,-0.071678,0.290039,-1.885742,0.728027,-0.159078,0.034107,0.142291,chewing
5300665.0,-0.654297,1.848145,0.044922,-0.045565,0.136429,-0.080738,0.289063,-1.87793,0.742187,-0.181727,0.034907,0.185191,chewing
5300675.0,-0.661621,1.855469,0.061035,-0.066882,0.162276,-0.064217,0.298828,-1.872559,0.734375,-0.205443,0.10925,0.162276,chewing
5300685.0,-0.659668,1.849121,0.056152,-0.078606,0.193985,-0.077008,0.286621,-1.883301,0.714844,-0.240083,0.198515,0.142291,chewing
5300695.0,-0.662109,1.849609,0.036621,-0.101789,0.223828,-0.058888,0.297852,-1.875977,0.739258,-0.201979,0.253672,0.094594,chewing
5300705.0,-0.674805,1.836914,0.061523,-0.106585,0.212904,-0.070346,0.295898,-1.870117,0.737793,-0.213969,0.248876,0.108184,chewing
5300715.0,-0.674316,1.847168,0.052246,-0.084735,0.175332,-0.076741,0.310547,-1.877441,0.735352,-0.188123,0.196916,0.107118,chewing
5300725.0,-0.666504,1.851074,0.04541,-0.079406,0.162276,-0.072744,0.308105,-1.885742,0.702148,-0.184658,0.163341,0.094328,chewing
5300735.0,-0.66748,1.865234,0.04834,-0.055424,0.146288,-0.093528,0.290039,-1.899414,0.723145,-0.163608,0.126037,0.076208,chewing
5300745.0,-0.65918,1.856445,0.055664,-0.022649,0.089265,-0.093528,0.281738,-1.898438,0.730469,-0.140959,0.065816,0.07834,chewing
5300755.0,-0.661621,1.846191,0.040527,0.002665,0.075409,-0.094061,0.288574,-1.874512,0.737305,-0.101256,0.060221,0.06102,chewing
5300765.0,-0.678223,1.838379,0.061523,-0.001599,0.070613,-0.074609,0.26416,-1.881348,0.736328,-0.10392,0.092729,0.081538,chewing
5300775.0,-0.675781,1.839355,0.054687,-0.021583,0.06102,-0.086867,0.266113,-1.88916,0.716797,-0.108184,0.122839,0.086334,chewing
5300785.0,-0.670898,1.846191,0.048828,-0.026113,0.085534,-0.054358,0.278809,-1.887695,0.71582,-0.09193,0.130034,0.055691,chewing
5300795.0,-0.694336,1.846191,0.060547,-0.005862,0.106585,-0.021583,0.276855,-1.888672,0.722656,-0.080472,0.113513,0.03544,chewing
5300805.0,-0.70166,1.86377,0.05127,0.019718,0.086334,-0.022649,0.281738,-1.885742,0.719238,-0.081271,0.102322,0.03917,chewing
5300815.0,-0.692871,1.851074,0.050781,0.047697,0.102855,-0.01359,0.268555,-1.888184,0.723633,-0.061286,0.069547,0.030377,chewing
5300825.0,-0.696777,1.868164,0.068848,0.033574,0.196383,0.026913,0.283691,-1.884766,0.723633,-0.064484,0.06928,0.016521,chewing
5300835.0,-0.672852,1.847168,0.058105,0.040502,0.155881,-0.002931,0.275879,-1.908691,0.694824,-0.071145,0.061553,0.029577,chewing
5300845.0,-0.666504,1.845703,0.049316,0.039703,0.12204,-0.002931,0.272461,-1.89502,0.714844,-0.041302,0.02185,0.014389,chewing
5300855.0,-0.676758,1.860352,0.058594,0.018119,0.115911,-0.029044,0.278809,-1.88916,0.716797,-0.044766,0.03091,-0.017853,chewing
5300865.0,-0.671387,1.85791,0.074707,0.047963,0.090064,-0.047697,0.270996,-1.885742,0.711914,-0.034107,0.046897,-0.00453,chewing
5300875.0,-0.669434,1.849609,0.04834,0.080472,0.089798,-0.089531,0.27002,-1.892578,0.714844,-0.019985,0.043167,0.016254,chewing
5300885.0,-0.685059,1.830566,0.063965,0.005862,0.007461,-0.061553,0.28418,-1.88916,0.712891,-0.031176,0.026646,0.031176,chewing
5300895.0,-0.666504,1.854004,0.056641,0.129234,0.141225,-0.095394,0.282715,-1.896973,0.713867,-0.049296,0.040236,0.01359,chewing
5300905.0,-0.673828,1.849609,0.049805,0.150285,0.09193,-0.098858,0.271973,-1.894531,0.722168,-0.040236,0.061553,0.007727,chewing
5300915.0,-0.669922,1.84375,0.063965,0.144423,0.015988,-0.097525,0.266602,-1.894043,0.701172,-0.081005,0.061286,-0.00826,chewing
5300925.0,-0.66748,1.84668,0.042969,0.198781,0.002931,-0.14762,0.263672,-1.88916,0.717773,-0.055691,0.023449,0.005596,chewing
5300935.0,-0.683594,1.835938,0.040039,0.19585,0.005063,-0.153482,0.273926,-1.88916,0.702148,-0.061819,0.014922,0.002398,chewing
5300945.0,-0.695801,1.831055,0.055664,0.188123,0.020784,-0.136695,0.275879,-1.887207,0.704102,-0.036239,-0.007727,0.007194,chewing
5300955.0,-0.71582,1.831055,0.062988,0.190254,0.060221,-0.085268,0.268066,-1.878906,0.720215,-0.006928,-0.031443,0.004796,chewing
5300965.0,-0.708496,1.82666,0.0625,0.133231,0.120441,-0.063951,0.272461,-1.895996,0.702148,0.001599,-0.026913,0.00373,chewing
5300975.0,-0.713379,1.811523,0.054687,0.174266,0.10392,-0.07834,0.242187,-1.913086,0.714355,0.053559,-0.106052,-0.00453,chewing
5300985.0,-0.651367,1.833984,0.012695,0.301103,0.00826,-0.126037,0.285156,-1.88623,0.737793,0.083669,-0.166273,-0.028511,chewing
5300995.0,-0.674805,1.897949,0.016113,0.309896,-0.090597,-0.025314,0.304199,-1.866211,0.745117,0.046897,-0.141758,-0.023715,chewing
5301005.0,-0.678223,1.874023,0.027832,0.227825,-0.09566,0.072744,0.3125,-1.88916,0.708984,-0.029844,-0.060753,-0.016254,chewing
5301015.0,-0.668945,1.845703,0.041992,0.176132,-0.038371,0.146288,0.319824,-1.898438,0.698242,-0.017853,-0.041035,-0.083403,chewing
5301025.0,-0.684082,1.834961,0.061523,0.245945,-0.086867,0.142824,0.31543,-1.879883,0.735352,0.077541,-0.049029,-0.18679,chewing
5301035.0,-0.699219,1.825195,0.055664,0.2606,-0.119642,0.050628,0.265625,-1.905273,0.706055,0.110315,-0.056757,-0.23049,chewing
5301045.0,-0.709961,1.83252,0.019043,0.272325,-0.119642,0.05196,0.246094,-1.905273,0.713867,0.188655,-0.134031,-0.163341,chewing
5301055.0,-0.703613,1.831543,0.019043,0.200646,-0.150285,0.055957,0.253906,-1.898926,0.728027,0.129501,-0.13856,-0.099923,chewing
5301065.0,-0.680176,1.84375,0.012207,0.165473,-0.201712,0.085801,0.270508,-1.910645,0.710449,0.10019,-0.050361,-0.100723,chewing
5301075.0,-0.670898,1.847168,0.021973,0.169204,-0.201979,0.140159,0.285156,-1.898438,0.691406,0.021317,0.084469,-0.109783,chewing
5301085.0,-0.664062,1.864746,0.030762,0.098325,-0.240083,0.102322,0.303711,-1.910645,0.701172,-0.021583,0.193718,-0.144689,chewing
5301095.0,-0.669922,1.846191,0.044922,0.064217,-0.17773,0.0866,0.317871,-1.858887,0.746094,0.085268,0.189188,-0.205975,chewing
5301105.0,-0.681152,1.848633,0.088379,-0.196916,0.068214,-0.019718,0.279785,-1.883301,0.71582,0.096992,0.181994,-0.248077,chewing
5301115.0,-0.69043,1.841309,0.05127,-0.310962,0.19132,-0.034374,0.29541,-1.861816,0.769531,0.27792,0.0429,-0.302435,chewing
5301125.0,-0.712891,1.850586,0.029297,-0.369583,0.229424,-0.06555,0.27832,-1.861816,0.75293,0.278986,-0.093528,-0.238484,chewing
5301135.0,-0.695312,1.854492,0.019043,-0.45272,0.18679,-0.013323,0.245117,-1.970703,0.564941,0.128168,-0.120974,-0.101789,chewing
5301145.0,-0.70752,1.830078,0.051758,-0.629651,-0.011724,0.03091,0.247559,-1.956055,0.577637,0.163874,-0.297639,-0.055691,chewing
5301155.0,-0.681641,1.849609,0.078125,-0.490025,-0.065017,0.011724,0.40625,-1.838379,0.772949,0.167338,-0.324551,-0.066616,chewing
5301165.0,-0.67041,1.825684,0.086914,-0.261666,0.070346,-0.024248,0.340332,-1.822266,0.835449,0.023182,-0.147354,-0.086867,chewing
5301175.0,-0.703613,1.837402,0.064453,-0.146288,-0.011991,-0.022916,0.27002,-1.883789,0.778809,0.000266,-0.039969,-0.050628,chewing
5301185.0,-0.687988,1.85498,0.032715,-0.05649,0.011991,-0.00906,0.270996,-1.866699,0.779297,-0.056757,0.071945,0.067415,chewing
5301195.0,-0.678223,1.858398,0.044434,-0.009859,0.063685,0.019452,0.233887,-1.873535,0.693359,-0.086334,0.115378,0.030377,chewing
5301205.0,-0.674805,1.856934,0.065918,0.029577,0.090864,0.047697,0.304199,-1.847168,0.743164,-0.061286,0.158279,0.003464,chewing
5301215.0,-0.666992,1.859863,0.047363,0.085002,0.09193,0.093528,0.324707,-1.884766,0.736328,-0.057289,0.112714,-0.015188,chewing
5301225.0,-0.680664,1.828125,0.070312,0.102055,0.080738,0.079139,0.34375,-1.869629,0.741699,-0.044499,0.101789,-0.014655,chewing
5301235.0,-0.683594,1.832031,0.061035,0.148953,0.074876,0.052493,0.317383,-1.876953,0.731934,-0.050894,0.06555,0.00373,chewing
5301245.0,-0.688965,1.846191,0.04541,0.16121,0.025847,0.001332,0.292969,-1.868164,0.736816,-0.051694,0.059954,0.010658,chewing
5301255.0,-0.703613,1.86377,0.047363,0.16494,0.006129,-0.019452,0.271484,-1.881348,0.743164,-0.058089,0.054358,0.001332,chewing
5301265.0,-0.704102,1.861816,0.043945,0.173734,0.010925,-0.011458,0.26416,-1.879883,0.766113,-0.05649,0.079939,0.022649,chewing
5301275.0,-0.703125,1.855957,0.041992,0.188123,0.028778,0.005862,0.283691,-1.896484,0.749512,-0.069014,0.118309,-0.001865,chewing
5301285.0,-0.717285,1.845215,0.04541,0.195051,0.059688,0.025847,0.306641,-1.883789,0.748047,-0.065816,0.145489,-0.023982,chewing
5301295.0,-0.67627,1.855957,0.051758,0.217966,0.037571,0.016254,0.310059,-1.883301,0.753906,-0.079139,0.200913,-0.044499,chewing
5301305.0,-0.686523,1.851074,0.041504,0.223562,0.019718,0.025047,0.311035,-1.880371,0.756348,-0.090864,0.228625,-0.063152,chewing
5301315.0,-0.702148,1.841309,0.034668,0.231556,0.030377,0.042368,0.299316,-1.879883,0.726074,-0.101789,0.203311,-0.034374,chewing
5301325.0,-0.693848,1.842773,0.038574,0.264331,0.00906,0.066882,0.302246,-1.87207,0.748047,-0.088199,0.150285,-0.019185,chewing
5301335.0,-0.689453,1.846191,0.046387,0.327216,-0.074609,0.10472,0.308105,-1.852539,0.744629,-0.068747,0.155348,-0.051694,chewing
5301345.0,-0.696777,1.855957,0.025391,0.346135,-0.06928,0.099657,0.266602,-1.890625,0.722168,-0.06475,0.074077,-0.026113,chewing
5301355.0,-0.682617,1.847656,0.036621,0.362922,-0.120708,0.101789,0.305664,-1.883789,0.717773,-0.03091,0.079139,-0.024515,chewing
5301365.0,-0.65332,1.851074,0.047852,0.364787,-0.171335,0.107384,0.305176,-1.88916,0.727051,-0.045565,0.102855,-0.027979,chewing
5301375.0,-0.668945,1.84668,0.039551,0.277654,-0.099391,0.070346,0.291992,-1.919922,0.713379,-0.054358,0.099391,-0.03917,chewing
5301385.0,-0.685059,1.838867,0.030762,0.197715,-0.088998,0.089265,0.292969,-1.891113,0.736328,-0.036772,0.078606,-0.021051,chewing
5301395.0,-0.674805,1.834961,0.042969,0.160677,-0.075409,0.096459,0.308594,-1.884277,0.731934,-0.043167,0.068747,-0.01732,chewing
5301405.0,-0.660645,1.839355,0.031738,0.204377,-0.085534,0.139626,0.322266,-1.841797,0.771973,0.043433,0.046897,-0.034907,chewing
5301415.0,-0.682129,1.830078,0.036133,-0.066616,0.148686,0.033041,0.275391,-1.910645,0.669434,-0.089798,0.072211,-0.010126,chewing
5301425.0,-0.72998,1.804688,0.044434,-0.013323,0.062885,0.020251,0.275879,-1.909668,0.67041,0.010126,-0.021051,-0.001332,chewing
5301435.0,-0.70166,1.82666,0.034668,0.007461,0.026913,-0.121773,0.282227,-1.867676,0.727051,-0.034374,-0.0437,0.066616,chewing
5301445.0,-0.682129,1.838867,0.026855,-0.003997,0.026113,-0.115378,0.291992,-1.880371,0.725586,-0.112714,-0.021051,0.166273,chewing
5301455.0,-0.662109,1.858887,0.01709,-0.071145,0.088466,-0.046364,0.30127,-1.89502,0.744629,-0.164407,0.037571,0.190787,chewing
5301465.0,-0.658691,1.847168,0.016602,-0.092196,0.143623,0.044499,0.303711,-1.88916,0.728516,-0.212104,0.123905,0.16041,chewing
5301475.0,-0.686035,1.846191,0.03125,-0.112447,0.211838,0.10019,0.322754,-1.873047,0.72998,-0.214769,0.17853,0.100456,chewing
5301485.0,-0.685059,1.837891,0.049805,-0.118043,0.186524,0.051694,0.290039,-1.879395,0.704102,-0.227825,0.224361,0.085002,chewing
5301495.0,-0.679199,1.839355,0.037598,-0.105786,0.172668,-0.009859,0.293457,-1.884766,0.714355,-0.175865,0.172934,0.077008,chewing
5301505.0,-0.690918,1.844727,0.053223,-0.085268,0.106052,-0.077807,0.293457,-1.881348,0.717285,-0.154548,0.129501,0.10019,chewing
5301515.0,-0.680664,1.837891,0.044922,-0.077807,0.069014,-0.141225,0.282715,-1.890625,0.70752,-0.120974,0.104187,0.096193,chewing
5301525.0,-0.677734,1.855469,0.041992,-0.058622,0.050361,-0.09113,0.275879,-1.877441,0.742187,-0.12577,0.111914,0.119908,chewing
5301535.0,-0.657715,1.858887,0.046875,-0.036772,0.059155,-0.053559,0.270996,-1.882324,0.75,-0.154015,0.135629,0.143357,chewing
5301545.0,-0.655762,1.866699,0.037109,-0.034907,0.079939,-0.010392,0.287598,-1.897461,0.717773,-0.206508,0.168404,0.159345,chewing
5301555.0,-0.65625,1.871094,0.055176,-0.020784,0.107118,0.012257,0.293945,-1.890625,0.711914,-0.202511,0.183326,0.139893,chewing
5301565.0,-0.682129,1.861816,0.043457,-0.03011,0.113513,0.031975,0.286621,-1.906738,0.711914,-0.220897,0.184925,0.117776,chewing
5301575.0,-0.673828,1.851074,0.052734,-0.007994,0.099923,0.005329,0.287598,-1.896973,0.701172,-0.170003,0.173201,0.079672,chewing
5301585.0,-0.674805,1.839355,0.041992,-0.034107,0.090597,-0.031975,0.283203,-1.885742,0.705078,-0.157213,0.202511,0.048496,chewing
5301595.0,-0.693848,1.843262,0.046387,-0.026913,0.07834,-0.046098,0.26416,-1.902344,0.728516,-0.130833,0.214236,0.048763,chewing
5301605.0,-0.709473,1.831543,0.028809,-0.03917,0.06475,-0.044233,0.254395,-1.88623,0.736816,-0.127902,0.201712,0.059421,chewing
5301615.0,-0.702148,1.84668,0.046387,-0.048496,0.082603,-0.023182,0.265625,-1.888184,0.716797,-0.112181,0.160943,0.084735,chewing
5301625.0,-0.70459,1.846191,0.040527,-0.071678,0.107917,0.026113,0.269043,-1.885742,0.725098,-0.131899,0.159078,0.100989,chewing
5301635.0,-0.703125,1.836914,0.045898,-0.080738,0.11298,0.036239,0.265137,-1.888672,0.72168,-0.101522,0.173201,0.095127,chewing
5301645.0,-0.683594,1.849121,0.046875,-0.072211,0.086067,0.055158,0.273926,-1.879883,0.723145,-0.096459,0.156413,0.062619,chewing
5301655.0,-0.67627,1.850098,0.033691,-0.050361,0.03917,0.036772,0.281738,-1.87793,0.71875,-0.069547,0.140426,0.042634,chewing
5301665.0,-0.67627,1.851563,0.053223,-0.033041,0.001066,0.024781,0.274902,-1.894531,0.712402,-0.06102,0.104187,0.022383,chewing
5301675.0,-0.680664,1.84375,0.041016,-0.00373,0.000266,0.02638,0.260742,-1.900391,0.6875,-0.025847,0.101256,0.011991,chewing
5301685.0,-0.675293,1.846191,0.049316,0.000799,0.03917,0.041302,0.266602,-1.892578,0.703613,0.001865,0.045299,-0.015988,chewing
5301695.0,-0.682129,1.853516,0.044922,-0.002398,0.059155,0.062352,0.263672,-1.902832,0.706055,0.010126,0.001066,0.024248,chewing
5301705.0,-0.688477,1.837891,0.056152,0.013323,0.054625,0.065283,0.254883,-1.903809,0.711914,0.017587,-0.002931,-0.008793,chewing
5301715.0,-0.681152,1.842285,0.054687,0.002132,0.052493,0.074609,0.241211,-1.901855,0.705078,0.027179,-0.012257,-0.012257,chewing
5301725.0,-0.663086,1.844238,0.053223,0.009593,0.058888,0.043966,0.251465,-1.900391,0.700195,0.008527,-0.052493,0.00906,chewing
5301735.0,-0.665527,1.841797,0.04834,0.019718,0.063152,0.030643,0.259766,-1.890625,0.728027,0.031975,-0.109783,0.098858,chewing
5301745.0,-0.674805,1.855957,0.043457,0.052493,0.033841,0.015188,0.255371,-1.881348,0.719238,-0.002931,-0.046098,0.066882,chewing
5301755.0,-0.665039,1.847656,0.054687,0.076475,-0.006928,-0.001865,0.278809,-1.877441,0.711914,-0.013057,-0.012524,0.037038,chewing
5301765.0,-0.668457,1.863281,0.05127,0.076741,-0.010126,-0.040502,0.285156,-1.89209,0.706055,-0.019452,0.003198,-0.010126,chewing
5301775.0,-0.680176,1.845703,0.052734,0.077274,-0.031443,-0.043433,0.262695,-1.896973,0.69873,0.003464,-0.03544,-0.012257,chewing
5301785.0,-0.678223,1.844238,0.032227,0.114046,-0.011458,-0.00906,0.260742,-1.895508,0.71582,0.035972,-0.120708,-0.013057,chewing
5301795.0,-0.690918,1.855957,0.022949,0.1311,-0.005329,0.031709,0.261719,-1.887695,0.71582,0.061819,-0.188123,-0.026646,chewing
5301805.0,-0.688477,1.858398,0.035156,0.16574,-0.056757,0.10392,0.29541,-1.872559,0.735352,0.080738,-0.181461,-0.060221,chewing
5301815.0,-0.675781,1.853027,0.065918,0.169204,-0.083136,0.119109,0.293457,-1.884277,0.72998,0.065816,-0.086334,-0.107651,chewing
5301825.0,-0.687988,1.834473,0.080566,0.138028,-0.03464,0.074609,0.278809,-1.895996,0.711426,0.05196,0.000266,-0.129767,chewing
5301835.0,-0.663574,1.844727,0.053223,0.129234,-0.006129,0.04823,0.269043,-1.906738,0.710937,0.079406,-0.031975,-0.102588,chewing
5301845.0,-0.683594,1.851074,0.043945,0.150018,-0.013057,0.074343,0.280273,-1.878418,0.714844,0.061553,-0.112181,-0.055424,chewing
5301855.0,-0.686523,1.860352,-0.000488,0.239017,-0.084469,0.12204,0.277832,-1.870605,0.733398,0.06555,-0.206242,-0.064217,chewing
5301865.0,-0.467773,1.746582,0.027832,0.183593,0.045299,-0.083936,0.300781,-1.885254,0.72168,0.048763,-0.172934,-0.092462,chewing
5301875.0,-0.679687,1.860352,0.058594,0.157746,-0.08207,0.060221,0.278809,-1.921875,0.678711,0.033041,-0.112447,-0.122573,chewing
5301885.0,-0.665527,1.846191,0.058105,0.136429,-0.047963,0.029577,0.278809,-1.918457,0.67334,0.074343,-0.089798,-0.216634,chewing
5301895.0,-0.651367,1.850098,0.059082,0.129234,-0.005063,-0.010392,0.294922,-1.901367,0.737793,0.14762,0.010658,-0.277387,chewing
5301905.0,-0.661621,1.835938,0.07666,0.267262,-0.100989,0.00906,0.282227,-1.87207,0.769043,0.130567,0.057822,-0.301636,chewing
5301915.0,-0.673828,1.857422,0.055664,0.234487,-0.159345,-0.042634,0.226562,-1.91748,0.694824,0.047164,0.051427,-0.194251,chewing
5301925.0,-0.694824,1.842773,0.024414,0.272591,-0.203311,-0.003464,0.253906,-1.912598,0.708496,0.10472,-0.001865,-0.095127,chewing
5301935.0,-0.703125,1.836426,0.036621,0.116444,-0.128168,-0.046364,0.281738,-1.864258,0.750977,0.081538,0.015988,-0.078873,chewing
5301945.0,-0.691406,1.839355,0.057617,-0.013323,-0.029577,-0.079139,0.27832,-1.876465,0.737793,0.062885,0.009859,-0.073277,chewing
5301955.0,-0.703125,1.831055,0.036133,-0.116178,0.061553,-0.072744,0.287598,-1.888672,0.746094,0.154282,-0.019985,-0.128968,chewing
5301965.0,-0.700684,1.845703,0.040527,-0.236352,0.123905,-0.069813,0.311523,-1.850098,0.754883,0.234221,-0.056224,-0.205176,chewing
5301975.0,-0.701172,1.831055,0.030273,-0.309896,0.148153,-0.055957,0.256836,-1.907715,0.690918,0.231289,-0.173734,-0.194784,chewing
5301985.0,-0.680176,1.84375,0.045898,-0.333611,0.189988,-0.011191,0.263184,-1.972656,0.569824,0.150285,-0.3043,-0.075142,chewing
5301995.0,-0.675293,1.837891,0.049316,-0.403957,0.146554,-0.02638,0.322266,-1.915039,0.658691,0.174799,-0.533991,-0.067681,chewing
5302005.0,-0.650879,1.825684,0.088379,-0.393565,0.089531,-0.033841,0.392578,-1.780762,0.851074,0.119109,-0.254738,-0.14762,chewing
5302015.0,-0.62793,1.81543,0.044922,-0.330413,0.068747,-0.014389,0.28125,-1.840332,0.786133,0.018919,-0.084202,-0.059421,chewing
5302025.0,-0.662109,1.813477,0.092773,-0.31256,-0.069813,0.029577,0.27832,-1.891113,0.77832,0.043167,-0.02185,-0.005063,chewing
5302035.0,-0.685059,1.853027,0.061523,-0.169204,0.010658,0.01359,0.271973,-1.876465,0.751465,0.016254,-0.011458,0.021583,chewing
5302045.0,-0.676758,1.849121,0.057129,-0.081271,0.070613,0.003997,0.287109,-1.86084,0.753906,-0.006662,0.036505,0.040769,chewing
5302055.0,-0.708984,1.856934,0.062012,-0.024515,0.041302,0.025847,0.319824,-1.862305,0.741699,-0.002398,0.058888,-0.011991,chewing
5302065.0,-0.685059,1.852539,0.053223,0.038637,0.027979,0.030377,0.322754,-1.857422,0.718262,-0.023182,0.06102,-0.024248,chewing
5302075.0,-0.678223,1.850098,0.072266,0.080738,0.054891,0.036505,0.318359,-1.866211,0.73291,-0.033041,0.068747,-0.023715,chewing
5302085.0,-0.678711,1.859863,0.071777,0.099391,0.060221,0.053825,0.3125,-1.870117,0.734375,-0.037305,0.067681,-0.015188,chewing
5302095.0,-0.679687,1.864258,0.053711,0.124172,0.065283,0.060753,0.305176,-1.881348,0.745117,-0.033574,0.069014,-0.014655,chewing
5302105.0,-0.679687,1.87207,0.0625,0.117776,0.06102,0.055424,0.289551,-1.87793,0.749512,-0.046364,0.094328,-0.001332,chewing
5302115.0,-0.663574,1.854492,0.061035,0.126037,0.050628,0.038104,0.287109,-1.88916,0.742187,-0.055424,0.121773,0.005329,chewing
5302125.0,-0.678711,1.858887,0.05127,0.132165,0.027979,0.016787,0.300781,-1.875488,0.746094,-0.07381,0.163874,-0.004263,chewing
5302135.0,-0.682129,1.848145,0.058594,0.130567,0.032242,0.027979,0.305664,-1.873047,0.748047,-0.089798,0.199314,0.029311,chewing
5302145.0,-0.697266,1.840332,0.064941,0.151084,0.035173,0.022383,0.301758,-1.882324,0.725586,-0.124704,0.20038,0.02558,chewing
5302155.0,-0.691406,1.84668,0.058594,0.147354,0.038637,0.052227,0.305664,-1.878418,0.723145,-0.1303,0.155881,0.036239,chewing
5302165.0,-0.686035,1.859863,0.052734,0.16041,0.033574,0.063685,0.29541,-1.871094,0.742676,-0.1311,0.11751,0.036505,chewing
5302175.0,-0.675293,1.846191,0.05957,0.200913,-0.039703,0.089265,0.28418,-1.856445,0.757812,-0.135629,0.105519,0.022649,chewing
5302185.0,-0.672363,1.851563,0.049805,0.236352,-0.092462,0.09113,0.258301,-1.869141,0.732422,-0.177198,0.110049,0.051161,chewing
5302195.0,-0.674316,1.848145,0.036133,0.223562,-0.140959,0.053825,0.266602,-1.902344,0.714355,-0.1311,0.074077,0.033574,chewing
5302205.0,-0.69043,1.850586,0.047363,0.16121,-0.1303,0.037571,0.306641,-1.888672,0.75293,-0.09193,0.054625,0.037305,chewing
5302215.0,-0.673828,1.847168,0.057129,0.176132,-0.154548,0.053292,0.322754,-1.877441,0.760254,-0.035972,0.040769,0.003198,chewing
5302225.0,-0.632812,1.899414,0.083496,0.18306,-0.09566,0.154548,0.343262,-1.76709,0.725586,-0.0437,0.102055,-0.114579,chewing
5302235.0,-0.736816,1.817871,0.051758,-0.110582,0.167338,0.085534,0.21582,-2.026855,0.546875,-0.141758,-0.010658,0.061286,chewing
5302245.0,-0.744141,1.790527,0.050781,-0.03011,0.094328,-0.028778,0.312988,-1.893066,0.695801,0.058355,-0.181461,0.059688,chewing
5302255.0,-0.691406,1.84082,0.045898,0.033574,0.045832,-0.136695,0.320801,-1.853027,0.769531,-0.065017,-0.120708,0.107384,chewing
5302265.0,-0.676758,1.861816,0.059082,0.035972,0.0874,-0.009593,0.285645,-1.899414,0.731934,-0.136695,-0.020784,0.122839,chewing
5302275.0,-0.660156,1.867676,0.040527,0.037305,0.090597,0.081804,0.296387,-1.913086,0.736816,-0.174533,0.05276,0.049562,chewing
5302285.0,-0.626953,1.864258,0.05957,0.074609,0.098858,0.127369,0.291504,-1.880859,0.746094,-0.17853,0.157213,-0.042634,chewing
5302295.0,-0.631348,1.869141,0.058105,0.07834,0.125237,0.098591,0.296387,-1.864258,0.721191,-0.20491,0.19132,-0.041568,chewing
5302305.0,-0.648437,1.866699,0.064941,0.041302,0.122573,0.026113,0.289551,-1.875488,0.694336,-0.138294,0.103387,0.000799,chewing
5302315.0,-0.666016,1.85498,0.058594,0.012524,0.104453,-0.068214,0.294922,-1.876465,0.70459,-0.0437,-0.023715,0.028511,chewing
5302325.0,-0.69043,1.833984,0.051758,-0.019718,0.078074,-0.092462,0.299805,-1.888672,0.727051,0.009593,-0.10845,0.022649,chewing
5302335.0,-0.69873,1.836914,0.063965,0.007727,0.033308,-0.046631,0.301758,-1.902832,0.714844,0.019985,-0.080205,0.007461,chewing
5302345.0,-0.689941,1.835938,0.071289,-0.003464,0.029844,-0.005063,0.282227,-1.905762,0.739746,0.041302,-0.012524,-0.004796,chewing
5302355.0,-0.671387,1.84668,0.04834,0.029311,0.010658,0.089265,0.274414,-1.89209,0.730469,-0.036505,0.060487,0.002665,chewing
5302365.0,-0.660645,1.847168,0.056152,0.077807,0.011458,0.133764,0.290527,-1.883301,0.720703,-0.062885,0.096726,0.033041,chewing
5302375.0,-0.651367,1.864746,0.045898,0.114845,-0.0429,0.130567,0.299805,-1.875977,0.714355,-0.111648,0.127636,0.033574,chewing
5302385.0,-0.666016,1.86377,0.054199,0.137761,-0.074609,0.0866,0.311523,-1.872559,0.709473,-0.094861,0.101789,0.020518,chewing
5302395.0,-0.674316,1.865234,0.058594,0.132165,-0.080738,0.027712,0.31543,-1.877441,0.715332,-0.069547,0.06475,0.002398,chewing
5302405.0,-0.672852,1.858398,0.060547,0.105786,-0.068214,-0.023449,0.306152,-1.863281,0.722656,-0.050894,0.069014,-0.001599,chewing
5302415.0,-0.67627,1.850098,0.038086,0.11298,-0.044766,-0.023449,0.274902,-1.891602,0.720215,-0.085534,0.087133,0.024248,chewing
5302425.0,-0.685059,1.847656,0.057617,0.094061,-0.019985,-0.029577,0.258301,-1.876465,0.740723,-0.063152,0.087666,0.041568,chewing
5302435.0,-0.67627,1.855469,0.049805,0.088199,-0.016521,-0.019718,0.273438,-1.884277,0.736328,-0.094328,0.098058,0.079939,chewing
5302445.0,-0.69043,1.84082,0.04834,0.079939,0.015988,-0.009593,0.269043,-1.887207,0.722656,-0.094594,0.113513,0.075409,chewing
5302455.0,-0.683594,1.829102,0.067383,0.067681,0.001599,-0.017054,0.294434,-1.894531,0.712891,-0.129501,0.141492,0.075409,chewing
5302465.0,-0.680664,1.839844,0.048828,0.028245,0.04743,-0.019185,0.296875,-1.897949,0.710449,-0.114579,0.132432,0.046098,chewing
5302475.0,-0.668457,1.849609,0.052734,0.001865,0.067681,-0.004796,0.303711,-1.876953,0.732422,-0.105519,0.118576,0.03464,chewing
5302485.0,-0.656738,1.850586,0.062012,-0.034107,0.08287,0.00826,0.29834,-1.886719,0.713379,-0.120441,0.127103,0.042368,chewing
5302495.0,-0.672363,1.844238,0.053711,-0.038904,0.097259,0.036505,0.287598,-1.888184,0.721191,-0.096459,0.096726,0.039969,chewing
5302505.0,-0.682129,1.837891,0.055176,-0.018652,0.084469,0.034107,0.283203,-1.884766,0.726074,-0.054092,0.057822,0.028511,chewing
5302515.0,-0.666992,1.86084,0.030762,0.000533,0.038637,0.022383,0.279297,-1.876953,0.734863,-0.007194,0.037838,0.041035,chewing
5302525.0,-0.664062,1.861816,0.052246,0.022116,0.005596,0.009326,0.27832,-1.887695,0.734375,0.031975,0.001599,0.013323,chewing
5302535.0,-0.677734,1.844238,0.057129,0.053559,-0.047164,0.004796,0.292969,-1.889648,0.722656,0.034907,-0.040502,-0.011458,chewing
5302545.0,-0.66748,1.839355,0.041504,0.053559,-0.019185,0.005596,0.291504,-1.89209,0.724121,0.02638,-0.001599,-0.011458,chewing
5302555.0,-0.67334,1.858398,0.058105,0.053292,-0.007727,0.007194,0.290527,-1.891602,0.720703,0.02185,0.020518,-0.033574,chewing
5302565.0,-0.680664,1.852051,0.054687,0.067948,-0.015988,0.00373,0.280273,-1.883789,0.705566,0.019718,0.043966,-0.046631,chewing
5302575.0,-0.676758,1.849121,0.068359,0.085534,0.025314,-0.001066,0.265137,-1.892578,0.717773,0.018119,0.054092,-0.040236,chewing
5302585.0,-0.662109,1.853516,0.055664,0.107917,0.078873,-0.001865,0.273438,-1.893555,0.725586,-0.004796,0.055957,-0.042634,chewing
5302595.0,-0.685059,1.841309,0.066406,0.088998,0.086867,0.000266,0.266602,-1.883789,0.718262,0.000799,0.067948,-0.028245,chewing
5302605.0,-0.673828,1.838379,0.057129,0.077274,0.104187,0.010658,0.266113,-1.892578,0.716797,-0.025847,0.080738,-0.009593,chewing
5302615.0,-0.683594,1.847656,0.062012,0.081804,0.099657,-0.00373,0.272461,-1.895508,0.722168,-0.027712,0.074343,0.00906,chewing
5302625.0,-0.696289,1.862793,0.051758,0.079672,0.124438,0.007194,0.290527,-1.883789,0.72168,-0.027179,0.058355,0.011724,chewing
5302635.0,-0.660156,1.861816,0.056641,0.107917,0.075409,-0.000266,0.302734,-1.88623,0.723145,-0.038104,0.036505,-0.014123,chewing
5302645.0,-0.665039,1.867676,0.039551,0.146288,0.0437,0.028511,0.296875,-1.879883,0.731445,-0.023449,-0.003198,-0.025847,chewing
5302655.0,-0.661621,1.864258,0.046387,0.179596,0.008793,0.010658,0.306641,-1.887207,0.724609,-0.014123,-0.026113,-0.031176,chewing
5302665.0,-0.677734,1.85791,0.027832,0.18759,-0.012524,-0.03011,0.299316,-1.89502,0.726562,0.010392,-0.038904,-0.031709,chewing
5302675.0,-0.665527,1.852539,0.039063,0.171602,-0.035706,-0.0429,0.286133,-1.888672,0.714355,0.028245,-0.051694,-0.022916,chewing
5302685.0,-0.66748,1.837891,0.054199,0.18226,-0.06102,-0.009593,0.280273,-1.887207,0.720703,0.049029,-0.002931,-0.058622,chewing
5302695.0,-0.678223,1.842773,0.047363,0.158279,-0.017054,0.00373,0.27002,-1.883789,0.722168,0.045299,0.041568,-0.081804,chewing
5302705.0,-0.687988,1.837402,0.04541,0.152683,0.004263,0.025847,0.27002,-1.889648,0.730957,0.050894,0.057023,-0.069014,chewing
5302715.0,-0.706543,1.833984,0.044434,0.163341,0.003198,0.055957,0.274902,-1.885742,0.720703,0.033308,0.039703,-0.062086,chewing
5302725.0,-0.680176,1.849609,0.044434,0.16574,0.002931,0.050628,0.293945,-1.889648,0.724609,0.034107,0.021583,-0.057822,chewing
5302735.0,-0.687988,1.841309,0.03418,0.168671,0.022116,0.033041,0.294922,-1.882324,0.717285,0.040236,0.001865,-0.045032,chewing
5302745.0,-0.673828,1.849121,0.029785,0.180395,-0.042101,0.038904,0.297852,-1.885742,0.708984,0.037838,-0.024781,-0.054358,chewing
5302755.0,-0.686523,1.845215,0.023926,0.145755,-0.115112,0.050628,0.289551,-1.88916,0.729492,0.026646,-0.032508,-0.082603,chewing
5302765.0,-0.678711,1.851563,0.023437,0.131632,-0.14762,0.052227,0.280273,-1.899902,0.716797,0.006928,-0.053825,-0.039969,chewing
5302775.0,-0.685059,1.854492,0.032227,0.09113,-0.126836,0.050894,0.319336,-1.899902,0.720215,-0.005862,-0.027446,-0.05276,chewing
5302785.0,-0.689941,1.836914,0.044922,0.030643,-0.104986,0.050095,0.327148,-1.876953,0.738281,0.013856,0.040769,-0.107651,chewing
5302795.0,-0.689941,1.851563,0.042969,-0.005329,-0.047164,0.039703,0.283691,-1.893066,0.705566,0.01359,0.083669,-0.147354,chewing
5302805.0,-0.696777,1.844238,0.046875,-0.10472,0.00453,0.017853,0.283691,-1.883301,0.738281,0.093262,0.075142,-0.163341,chewing
5302815.0,-0.697266,1.832031,0.072754,-0.17027,0.045032,-0.021317,0.280273,-1.882813,0.751465,0.140959,0.035173,-0.154815,chewing
5302825.0,-0.696289,1.827637,0.04834,-0.201179,0.117243,-0.041568,0.257324,-1.899414,0.740234,0.172668,0.010126,-0.134031,chewing
5302835.0,-0.682129,1.854004,0.068359,-0.282983,0.164674,-0.074077,0.281738,-1.876465,0.72168,0.258202,-0.083936,-0.194784,chewing
5302845.0,-0.686035,1.856934,0.037598,-0.350132,0.202778,-0.094061,0.261719,-1.946289,0.595703,0.155881,-0.141758,-0.081005,chewing
5302855.0,-0.680176,1.859375,0.039551,-0.369583,0.2177,-0.069813,0.263672,-1.950684,0.592285,0.186257,-0.379975,-0.075942,chewing
5302865.0,-0.662109,1.839844,0.07959,-0.362389,0.151351,-0.102855,0.366211,-1.839355,0.756348,0.167605,-0.348266,-0.197182,chewing
5302875.0,-0.648926,1.847656,0.072266,-0.184925,0.058622,-0.10019,0.350098,-1.802246,0.821777,0.053559,-0.050095,-0.188655,chewing
5302885.0,-0.646973,1.860352,0.084473,-0.069813,0.041035,-0.08287,0.277344,-1.863281,0.76709,0.010126,0.088732,-0.137761,chewing
5302895.0,-0.657227,1.849121,0.074219,-0.028245,0.046098,-0.040236,0.279297,-1.883301,0.762695,-0.010925,0.100456,-0.055424,chewing
5302905.0,-0.67041,1.845703,0.06543,-0.018386,0.046364,-0.009326,0.279785,-1.868652,0.749512,-0.057822,0.10925,-0.032508,chewing
5302915.0,-0.687988,1.840332,0.060547,-0.01359,0.054092,0.022916,0.30957,-1.863281,0.754395,-0.046631,0.132698,-0.040502,chewing
5302925.0,-0.680176,1.854492,0.060547,0.019718,0.054625,0.037571,0.333008,-1.855957,0.746582,-0.034107,0.131899,-0.033041,chewing
5302935.0,-0.697266,1.835938,0.060059,0.044233,0.054891,0.042101,0.342773,-1.852539,0.744141,-0.031443,0.099391,-0.012257,chewing
5302945.0,-0.696289,1.835938,0.052734,0.080738,0.059421,0.045299,0.327637,-1.85498,0.744629,-0.032775,0.088466,0.002931,chewing
5302955.0,-0.702637,1.84375,0.064941,0.065283,0.059688,0.076741,0.310547,-1.876953,0.740723,-0.051161,0.084469,0.011458,chewing
5302965.0,-0.691895,1.858398,0.062988,0.089798,0.040502,0.063951,0.297363,-1.884277,0.750488,-0.065017,0.079139,0.004263,chewing
5302975.0,-0.676758,1.858887,0.061035,0.087133,0.033041,0.066083,0.288574,-1.879395,0.758789,-0.072478,0.098858,0.013323,chewing
5302985.0,-0.674316,1.861816,0.044922,0.100989,0.029311,0.04743,0.302734,-1.888672,0.749512,-0.07834,0.082603,-0.015188,chewing
5302995.0,-0.668457,1.855469,0.055664,0.08207,0.007461,0.053559,0.3125,-1.888672,0.764648,-0.065283,0.077541,-0.014389,chewing
5303005.0,-0.673828,1.856445,0.050781,0.108717,-0.015455,0.038371,0.309082,-1.869141,0.757324,-0.03917,0.088466,-0.033308,chewing
5303015.0,-0.69043,1.849609,0.05957,0.132698,-0.022116,0.046364,0.31543,-1.86377,0.765625,-0.032508,0.099391,-0.066882,chewing
5303025.0,-0.678711,1.858887,0.040527,0.177464,-0.046098,0.0437,0.306641,-1.863281,0.75293,-0.006129,0.096459,-0.056757,chewing
5303035.0,-0.687988,1.859863,0.053223,0.159877,-0.014123,0.057556,0.302246,-1.875977,0.739746,0.013856,0.079672,-0.032775,chewing
5303045.0,-0.698242,1.853516,0.047852,0.157479,-0.007994,0.075409,0.306641,-1.87207,0.750488,0.017853,0.093528,-0.052227,chewing
5303055.0,-0.694824,1.844727,0.055664,0.154282,0.01359,0.096726,0.309082,-1.882813,0.741699,-0.000799,0.101789,-0.062352,chewing
5303065.0,-0.678711,1.848145,0.052734,0.143623,0.030377,0.096193,0.316406,-1.878906,0.75,-0.03544,0.145489,-0.055424,chewing
5303075.0,-0.673828,1.84668,0.037109,0.163075,0.029311,0.095926,0.302246,-1.883789,0.745605,-0.048496,0.175599,-0.067681,chewing
5303085.0,-0.658691,1.855469,0.055664,0.175599,-0.004796,0.108717,0.302734,-1.864258,0.742187,-0.049029,0.172934,-0.062885,chewing
5303095.0,-0.649414,1.850098,0.068359,0.193452,-0.040236,0.110049,0.29834,-1.862793,0.76416,-0.071678,0.159345,-0.015455,chewing
5303105.0,-0.647949,1.84668,0.053223,0.248609,-0.116711,0.148153,0.320801,-1.876953,0.796875,-0.037571,0.127902,-0.007461,chewing
5303115.0,-0.63916,1.857422,0.052734,0.320821,-0.210239,0.209972,0.310547,-1.861328,0.762207,-0.039969,0.126303,-0.041568,chewing
5303125.0,-0.67334,1.844238,0.021484,0.194251,-0.092196,0.145489,0.272461,-1.909668,0.714844,-0.095394,0.099124,0.030643,chewing
5303135.0,-0.641113,1.916504,0.111816,0.057023,-0.023449,0.080472,0.339355,-1.822754,0.658203,-0.1303,0.183593,-0.019185,chewing
5303145.0,-0.676758,1.87207,0.055176,0.129767,-0.10392,0.167871,0.297852,-1.89502,0.654785,-0.050894,0.067149,0.020251,chewing
5303155.0,-0.70459,1.825195,0.043945,-0.043433,0.01359,-0.064484,0.299316,-1.912598,0.693359,-0.068214,0.014922,0.111381,chewing
5303165.0,-0.693848,1.834961,0.05127,-0.049828,0.001332,-0.145222,0.308105,-1.878906,0.730957,-0.100723,-0.016521,0.144689,chewing
5303175.0,-0.695801,1.835938,0.04248,-0.07008,0.048763,-0.170802,0.303711,-1.875977,0.741211,-0.171868,-0.015988,0.209706,chewing
5303185.0,-0.678223,1.865723,0.053223,-0.090331,0.120974,-0.105253,0.324707,-1.877441,0.767578,-0.208107,0.014389,0.223562,chewing
5303195.0,-0.669434,1.85791,0.022949,-0.126303,0.181727,-0.021317,0.296387,-1.862305,0.755859,-0.240616,0.106052,0.166539,chewing
5303205.0,-0.666992,1.856445,0.046875,-0.133764,0.259268,0.062086,0.30127,-1.868652,0.740723,-0.236619,0.181461,0.111914,chewing
5303215.0,-0.658203,1.852539,0.057617,-0.100456,0.301902,0.073011,0.318848,-1.872559,0.72168,-0.223562,0.233155,0.072478,chewing
5303225.0,-0.680176,1.849121,0.04541,-0.06475,0.298971,0.007727,0.293945,-1.890625,0.724609,-0.173201,0.186524,0.029044,chewing
5303235.0,-0.681152,1.849609,0.044922,-0.016521,0.20411,-0.083936,0.291016,-1.874023,0.73877,-0.125504,0.10845,0.024781,chewing
5303245.0,-0.65918,1.847168,0.042969,0.035706,0.09193,-0.124704,0.28418,-1.879395,0.746094,-0.093795,0.04743,0.036239,chewing
5303255.0,-0.662109,1.847656,0.056152,0.069014,0.043966,-0.098858,0.274902,-1.888184,0.741699,-0.104187,0.038904,0.071145,chewing
5303265.0,-0.655273,1.847656,0.067871,0.071145,0.038904,-0.070346,0.273926,-1.886719,0.714844,-0.114579,0.076475,0.089531,chewing
5303275.0,-0.668945,1.844238,0.055176,0.050095,0.091397,-0.027979,0.276367,-1.893555,0.734863,-0.141492,0.108184,0.06928,chewing
5303285.0,-0.686035,1.846191,0.044922,0.029311,0.108983,0.002132,0.269043,-1.886719,0.731934,-0.176132,0.157213,0.075675,chewing
5303295.0,-0.661621,1.84668,0.035645,0.03011,0.107384,0.009859,0.294922,-1.882813,0.722656,-0.198515,0.186257,0.058622,chewing
5303305.0,-0.668457,1.84668,0.041504,0.053292,0.092995,0.006662,0.299316,-1.877441,0.716797,-0.176132,0.188655,0.03091,chewing
5303315.0,-0.662109,1.842773,0.04834,0.05276,0.054092,-0.012257,0.299316,-1.884277,0.729004,-0.159877,0.160677,0.014389,chewing
5303325.0,-0.675781,1.849609,0.05957,0.037038,0.020518,-0.02638,0.28418,-1.885742,0.717773,-0.12577,0.135629,0.00453,chewing
5303335.0,-0.686523,1.85498,0.049316,0.027712,0.003198,-0.026913,0.293945,-1.874512,0.717285,-0.092462,0.086334,-0.020784,chewing
5303345.0,-0.673828,1.861816,0.033203,0.005596,0.033041,0.025314,0.28418,-1.886719,0.717773,-0.081271,0.067681,0.008527,chewing
5303355.0,-0.683105,1.851563,0.045898,0.006395,0.054358,0.042368,0.28418,-1.88916,0.732422,-0.060487,0.060221,0.023449,chewing
5303365.0,-0.691895,1.838379,0.054687,0.032508,0.054092,0.023982,0.291504,-1.887207,0.731934,-0.065283,0.05649,0.023982,chewing
5303375.0,-0.670898,1.845703,0.043945,0.050361,0.029844,0.03091,0.278809,-1.893555,0.72168,-0.0429,0.052227,0.015721,chewing
5303385.0,-0.664551,1.850098,0.053223,0.05276,0.018386,0.027446,0.290527,-1.875,0.722656,-0.023182,0.013323,-0.003464,chewing
5303395.0,-0.665039,1.84082,0.047852,0.066882,0.018919,0.047963,0.287109,-1.885254,0.703125,-0.013323,-0.003464,0.017587,chewing
5303405.0,-0.656738,1.839355,0.044922,0.078074,0.022116,0.046897,0.287109,-1.891602,0.706055,0.011991,0.000266,0.005063,chewing
5303415.0,-0.665527,1.853516,0.063965,0.100989,0.024248,0.037571,0.286621,-1.893555,0.717773,0.004263,-0.014123,-0.002398,chewing
5303425.0,-0.665039,1.863281,0.058594,0.101522,0.017853,0.011991,0.287109,-1.886719,0.707031,0.004263,-0.007994,-0.023182,chewing
5303435.0,-0.67041,1.853027,0.050293,0.083669,0.029044,0.000266,0.276855,-1.888672,0.722168,0.017054,-0.005596,-0.010925,chewing
5303445.0,-0.657227,1.855469,0.047363,0.082337,0.041568,0.009859,0.27002,-1.884277,0.724121,0.012257,0.021317,-0.007461,chewing
5303455.0,-0.65625,1.855469,0.037109,0.081804,0.046897,0.047164,0.275879,-1.883301,0.73291,-0.015988,0.038104,0.019718,chewing
5303465.0,-0.664062,1.859375,0.033691,0.081005,0.028511,0.064484,0.304688,-1.87793,0.741211,-0.031975,0.02558,0.023982,chewing
5303475.0,-0.663086,1.864258,0.054687,0.058355,0.019985,0.074343,0.302734,-1.896973,0.713867,-0.016521,0.009326,0.013057,chewing
5303485.0,-0.666992,1.852051,0.042969,0.100723,0.018386,0.061553,0.304199,-1.896973,0.716309,0.035972,-0.041035,-0.032242,chewing
5303495.0,-0.682129,1.847168,0.043945,0.1311,0.001332,0.014922,0.299316,-1.888184,0.722168,0.079939,-0.095394,-0.046631,chewing
5303505.0,-0.688965,1.855469,0.05127,0.158812,-0.014123,-0.006395,0.298828,-1.88916,0.725586,0.093795,-0.126836,-0.058089,chewing
5303515.0,-0.67627,1.849121,0.061035,0.148953,-0.037305,-0.009859,0.274902,-1.888184,0.719727,0.073544,-0.079406,-0.057289,chewing
5303525.0,-0.67334,1.835938,0.046875,0.124704,0.007727,0.003997,0.261719,-1.88916,0.716309,0.053825,-0.031975,-0.06475,chewing
5303535.0,-0.662109,1.840332,0.053711,0.137495,0.057822,0.031176,0.26416,-1.89209,0.734375,0.03544,-0.012257,-0.046364,chewing
5303545.0,-0.661621,1.848145,0.045898,0.123372,0.059155,0.04823,0.273438,-1.881836,0.725586,0.009326,0.016254,-0.025314,chewing
5303555.0,-0.661133,1.855469,0.04834,0.110315,0.051427,0.03464,0.268066,-1.886719,0.725586,-0.001865,0.043966,-0.003464,chewing
5303565.0,-0.662598,1.861816,0.029785,0.100989,0.024781,0.026113,0.279785,-1.883301,0.72168,0.015988,0.027979,0.0,chewing
5303575.0,-0.677734,1.85498,0.041016,0.095127,0.002665,0.023715,0.293945,-1.878906,0.739746,0.003997,0.023182,-0.008527,chewing
5303585.0,-0.672852,1.848145,0.040039,0.090597,-0.001066,0.000533,0.299316,-1.883789,0.726562,0.013856,-0.040769,0.003198,chewing
5303595.0,-0.669922,1.842773,0.037109,0.106052,-0.045832,-0.036772,0.305176,-1.879883,0.71875,0.003997,-0.039969,-0.019452,chewing
5303605.0,-0.67041,1.833984,0.041016,0.13936,-0.067948,-0.038371,0.308105,-1.883301,0.731934,0.031975,-0.060753,-0.049562,chewing
5303615.0,-0.674316,1.84375,0.047852,0.145222,-0.063951,-0.023982,0.304199,-1.878418,0.731445,0.013856,-0.025047,-0.043433,chewing
5303625.0,-0.687988,1.843262,0.043945,0.127369,-0.024781,0.031443,0.279785,-1.879883,0.740234,-0.010126,0.011724,-0.049296,chewing
5303635.0,-0.693359,1.847656,0.024902,0.127636,0.030377,0.05276,0.265625,-1.901855,0.717285,-0.002398,-0.003997,-0.049828,chewing
5303645.0,-0.67334,1.854004,0.024414,0.171069,0.033574,0.06928,0.267578,-1.886719,0.726562,0.022383,-0.011191,-0.060487,chewing
5303655.0,-0.689453,1.842285,-0.006836,0.134031,0.033841,0.058089,0.274414,-1.901367,0.702148,-0.03091,0.006129,-0.048763,chewing
5303665.0,-0.669922,1.846191,0.033203,0.128435,-0.027446,0.069547,0.300293,-1.89502,0.716309,-0.034374,0.096726,-0.070346,chewing
5303675.0,-0.625977,1.819824,0.029297,0.185191,-0.119375,0.039703,0.314453,-1.880859,0.761719,0.003997,0.164407,-0.135096,chewing
5303685.0,-0.676758,1.864746,0.043457,0.131366,-0.083403,0.019185,0.283203,-1.897461,0.743164,0.058089,0.135096,-0.210772,chewing
5303695.0,-0.672852,1.844238,0.073242,-0.096726,-0.018386,-0.093262,0.285156,-1.869629,0.75293,0.169204,0.070879,-0.241415,chewing
5303705.0,-0.662598,1.851074,0.028809,-0.179063,0.067948,-0.09113,0.307129,-1.854492,0.827637,0.271792,-0.019985,-0.199314,chewing
5303715.0,-0.683105,1.862305,0.036621,-0.303767,0.136962,-0.079406,0.27002,-1.873535,0.708496,0.238217,-0.124438,-0.157479,chewing
5303725.0,-0.70752,1.842285,0.04248,-0.383706,0.156413,-0.07834,0.231934,-2.003418,0.547852,0.157479,-0.2169,-0.04823,chewing
5303735.0,-0.69043,1.836426,0.050293,-0.342937,0.136695,-0.080205,0.321777,-1.922363,0.649414,0.234753,-0.423675,-0.016787,chewing
5303745.0,-0.68457,1.828613,0.065918,-0.310429,0.121773,-0.112181,0.368652,-1.80957,0.808105,0.157213,-0.197982,-0.133231,chewing
5303755.0,-0.666504,1.82959,0.062012,-0.140159,0.070879,-0.075409,0.311523,-1.833984,0.796387,0.039969,-0.019985,-0.207574,chewing
5303765.0,-0.67627,1.856445,0.07373,-0.005063,0.033308,-0.108717,0.273926,-1.871094,0.760254,0.019985,0.070879,-0.173734,chewing
5303775.0,-0.663574,1.853516,0.056641,0.03011,0.017054,-0.06928,0.272461,-1.867676,0.760742,-0.02558,0.113513,-0.075142,chewing
5303785.0,-0.661621,1.867676,0.050781,0.060221,0.048496,-0.038104,0.287598,-1.868164,0.756836,-0.047164,0.146288,-0.039436,chewing
5303795.0,-0.672363,1.844727,0.049316,0.076475,0.050628,0.022916,0.32666,-1.878906,0.751465,-0.040502,0.12577,-0.032775,chewing
5303805.0,-0.668945,1.835938,0.054687,0.145489,0.029844,0.009859,0.330566,-1.858887,0.72998,-0.017853,0.100456,-0.057822,chewing
5303815.0,-0.670898,1.839355,0.058105,0.156413,0.009593,0.012524,0.32373,-1.864746,0.728516,-0.007994,0.045032,-0.045565,chewing
5303825.0,-0.666504,1.843262,0.055176,0.180928,0.006395,-0.013057,0.335449,-1.856934,0.753906,-0.009859,0.060487,-0.037571,chewing
5303835.0,-0.680664,1.848633,0.044922,0.191054,0.027446,0.001865,0.314453,-1.859863,0.77002,-0.027446,0.075942,-0.027179,chewing
5303845.0,-0.672363,1.848633,0.04834,0.189721,0.043167,0.003198,0.292969,-1.873535,0.755371,-0.06102,0.101522,-0.010126,chewing
5303855.0,-0.681152,1.850586,0.045898,0.166539,0.03544,0.015721,0.29541,-1.866699,0.771484,-0.070879,0.158812,0.00453,chewing
5303865.0,-0.685059,1.841797,0.05127,0.174266,0.023715,0.032508,0.307129,-1.866699,0.754395,-0.113513,0.284582,-0.027979,chewing
5303875.0,-0.669922,1.847168,0.041992,0.197182,0.017853,0.041035,0.309082,-1.883789,0.728516,-0.137761,0.305366,-0.011724,chewing
5303885.0,-0.683594,1.828125,0.031738,0.181194,0.022649,0.056757,0.311523,-1.895508,0.727051,-0.158279,0.259801,0.016254,chewing
5303895.0,-0.694824,1.829102,0.03418,0.188922,-0.011991,0.082337,0.314453,-1.881836,0.740234,-0.16494,0.212104,0.032508,chewing
5303905.0,-0.664551,1.835449,0.052734,0.244879,-0.105786,0.14309,0.343262,-1.842285,0.812988,-0.111648,0.151084,0.036505,chewing
5303915.0,-0.646973,1.853027,0.020996,0.276322,-0.132965,0.116444,0.26709,-1.876465,0.767578,-0.159078,0.137228,0.028245,chewing
5303925.0,-0.666504,1.837402,0.015137,0.236619,-0.12577,0.131899,0.273926,-1.903809,0.72168,-0.100723,0.048496,0.027979,chewing
5303935.0,-0.63623,1.899902,0.061523,0.288046,-0.210239,0.235553,0.367676,-1.783691,0.803711,-0.041835,0.130833,-0.047697,chewing
5303945.0,-0.663086,1.867676,0.017578,0.115378,-0.087133,0.158279,0.272949,-1.92627,0.670898,-0.094861,0.076475,0.000799,chewing
5303955.0,-0.706543,1.82373,0.041992,0.057023,-0.104986,0.057556,0.290527,-1.908691,0.632812,-0.006928,-0.02638,0.013323,chewing
5303965.0,-0.710937,1.821777,0.034668,0.00826,-0.06555,-0.181194,0.29248,-1.904785,0.682129,-0.031709,-0.109783,0.085002,chewing
5303975.0,-0.709961,1.830078,0.029785,0.015188,0.006928,-0.18226,0.302246,-1.896973,0.714844,-0.121507,-0.098325,0.177464,chewing
5303985.0,-0.692871,1.864258,0.016113,-0.021051,0.062086,-0.113513,0.293945,-1.890625,0.742676,-0.177198,-0.03464,0.183326,chewing
5303995.0,-0.674805,1.854492,0.018066,-0.056224,0.127369,0.018386,0.274902,-1.887207,0.758789,-0.251541,0.110848,0.155348,chewing
5304005.0,-0.683105,1.844727,0.016602,-0.065283,0.200646,0.133764,0.288086,-1.883301,0.747559,-0.294974,0.235819,0.092729,chewing
5304015.0,-0.661621,1.858887,0.047363,-0.060487,0.240882,0.151351,0.305664,-1.864746,0.742187,-0.306432,0.310695,0.05196,chewing
5304025.0,-0.665527,1.861816,0.04248,-0.077541,0.255271,0.106585,0.352539,-1.858398,0.700684,-0.208907,0.294441,0.147087,chewing
5304035.0,-0.657227,1.875,0.03125,-0.063951,0.20411,0.052227,0.31543,-1.888672,0.725586,-0.150551,0.111381,0.070346,chewing
5304045.0,-0.666504,1.854004,0.037598,-0.040502,0.099124,-0.026113,0.317871,-1.886719,0.722168,-0.092995,0.007994,0.092729,chewing
5304055.0,-0.662109,1.850586,0.025391,-0.030377,0.059954,-0.085002,0.314453,-1.897461,0.72168,-0.066616,-0.026913,0.118309,chewing
5304065.0,-0.660645,1.861816,0.030762,-0.006662,0.036239,-0.086334,0.296875,-1.894531,0.744141,-0.063951,-0.011458,0.096193,chewing
5304075.0,-0.682129,1.850586,0.024414,-0.002398,0.018386,-0.092729,0.263184,-1.883301,0.742187,-0.110315,0.054625,0.070613,chewing
5304085.0,-0.70166,1.83252,0.033203,0.020784,0.073544,-0.09566,0.260254,-1.887207,0.737793,-0.171602,0.110582,0.077274,chewing
5304095.0,-0.687012,1.841797,0.019531,0.036505,0.11751,-0.06928,0.270996,-1.867676,0.737305,-0.184392,0.151351,0.074609,chewing
5304105.0,-0.697266,1.837402,0.036133,0.053559,0.161476,-0.015988,0.283203,-1.863281,0.726562,-0.176931,0.196649,0.047164,chewing
5304115.0,-0.686035,1.839844,0.040527,0.059155,0.159611,-0.002398,0.285645,-1.879883,0.723145,-0.171069,0.198248,0.039703,chewing
5304125.0,-0.677734,1.848633,0.040039,0.076741,0.14762,-0.021583,0.285645,-1.885254,0.708496,-0.157746,0.175599,0.046364,chewing
5304135.0,-0.669922,1.844238,0.043945,0.067149,0.127902,-0.053292,0.28418,-1.907715,0.708008,-0.127369,0.13936,0.037838,chewing
5304145.0,-0.671387,1.854492,0.045898,0.064217,0.080738,-0.094861,0.291992,-1.892578,0.725098,-0.143623,0.102322,0.089531,chewing
5304155.0,-0.67041,1.878906,0.040527,0.058888,0.096726,-0.109783,0.276367,-1.880371,0.73877,-0.142824,0.079139,0.104453,chewing
5304165.0,-0.675293,1.859863,0.036133,0.044233,0.053559,-0.052493,0.26416,-1.898926,0.730469,-0.14389,0.059421,0.117776,chewing
5304175.0,-0.679199,1.842773,0.039063,0.029044,0.067415,-0.045299,0.279785,-1.90332,0.725586,-0.138294,0.057289,0.106052,chewing
5304185.0,-0.673828,1.854004,0.034668,0.032508,0.062086,-0.053825,0.298828,-1.91748,0.708008,-0.150551,0.09113,0.036772,chewing
5304195.0,-0.677734,1.836426,0.037109,0.006662,0.063152,-0.037305,0.28125,-1.894531,0.716797,-0.083403,0.057556,0.028245,chewing
5304205.0,-0.672852,1.849121,0.033203,0.017587,0.062352,-0.024248,0.282715,-1.883301,0.715332,-0.074609,0.076475,0.037305,chewing
5304215.0,-0.683105,1.833496,0.033691,0.003198,0.087933,-0.027446,0.271484,-1.90332,0.724609,-0.054358,0.058355,0.019985,chewing
5304225.0,-0.678711,1.844727,0.026855,0.037571,0.069547,-0.037305,0.278809,-1.888672,0.730469,-0.031443,0.049562,0.01732,chewing
5304235.0,-0.686523,1.845215,0.039063,0.039436,0.057289,-0.035706,0.280273,-1.887695,0.70459,-0.06475,0.072211,0.026913,chewing
5304245.0,-0.694824,1.845703,0.037109,0.037838,0.063152,-0.034107,0.276855,-1.899414,0.70752,-0.04823,0.098591,-0.007994,chewing
5304255.0,-0.701172,1.837402,0.030762,0.033041,0.045565,-0.036239,0.268066,-1.898438,0.714844,-0.039969,0.087666,-0.015188,chewing
5304265.0,-0.688477,1.854004,0.04248,0.057289,0.047164,-0.031176,0.267578,-1.879883,0.708496,-0.036772,0.090064,-0.003198,chewing
5304275.0,-0.681152,1.842773,0.047363,0.077008,0.056757,-0.025847,0.26416,-1.893555,0.705078,-0.03091,0.088732,0.008527,chewing
5304285.0,-0.678711,1.838867,0.069336,0.074609,0.118043,-0.066349,0.276855,-1.905762,0.70459,-0.031709,0.092462,-0.015188,chewing
5304295.0,-0.662598,1.855957,0.041992,0.083136,0.083136,-0.019185,0.271484,-1.897949,0.696289,-0.028778,0.09113,-0.024515,chewing
5304305.0,-0.672363,1.839844,0.046875,0.041302,0.104453,0.001332,0.275879,-1.900879,0.702637,-0.041568,0.073011,-0.010658,chewing
5304315.0,-0.671387,1.833008,0.032715,0.029311,0.137761,0.017054,0.275879,-1.890137,0.689453,-0.056224,0.014123,-0.000533,chewing
5304325.0,-0.67334,1.847168,0.029785,0.021317,0.132165,-0.006928,0.273438,-1.894531,0.694336,-0.039969,-0.027979,0.05276,chewing
5304335.0,-0.683594,1.850098,0.035156,0.009859,0.085002,-0.023715,0.281738,-1.905762,0.695801,-0.022116,-0.068747,0.068481,chewing
5304345.0,-0.696777,1.842285,0.022461,0.009859,0.067948,-0.001865,0.288086,-1.908203,0.70166,-0.005596,-0.122839,0.06555,chewing
5304355.0,-0.705566,1.846191,0.033691,0.035706,-0.006395,0.016787,0.272949,-1.89502,0.721191,0.01732,-0.141225,0.046631,chewing
5304365.0,-0.682129,1.842285,0.035156,0.06102,-0.046631,0.037838,0.27002,-1.890625,0.721191,0.03464,-0.089531,0.003464,chewing
5304375.0,-0.664551,1.841797,0.041504,0.088466,-0.034374,0.022916,0.272461,-1.895508,0.709961,0.046631,-0.080205,-0.023982,chewing
5304385.0,-0.680176,1.842773,0.022949,0.114579,-0.029844,0.047164,0.287109,-1.889648,0.71582,0.048763,-0.062352,-0.010925,chewing
5304395.0,-0.676758,1.855469,0.021484,0.138028,-0.015188,0.042634,0.282227,-1.883789,0.716309,0.054092,-0.091397,-0.028778,chewing
5304405.0,-0.683105,1.85498,0.023926,0.156147,-0.027712,0.092729,0.294434,-1.885254,0.708984,0.060221,-0.123905,-0.017853,chewing
5304415.0,-0.692871,1.847168,0.013672,0.172401,-0.051427,0.101522,0.275879,-1.884766,0.710937,0.063685,-0.137495,-0.053825,chewing
5304425.0,-0.687012,1.853516,0.014648,0.255271,-0.088998,0.121773,0.295898,-1.885254,0.731934,0.112447,-0.173467,-0.109783,chewing
5304435.0,-0.678711,1.847168,0.02832,0.254738,-0.107651,0.095127,0.308594,-1.880859,0.724121,0.10019,-0.10392,-0.140692,chewing
5304445.0,-0.678223,1.836426,0.028809,0.236086,-0.112714,0.090864,0.278809,-1.90332,0.717285,0.090331,-0.078074,-0.153216,chewing
5304455.0,-0.678711,1.834961,0.049316,0.223828,-0.094861,0.022649,0.267578,-1.90918,0.717773,0.105253,-0.056224,-0.157213,chewing
5304465.0,-0.689453,1.837891,0.03418,0.224095,-0.10392,0.043167,0.271484,-1.898926,0.72168,0.080738,-0.034907,-0.145222,chewing
5304475.0,-0.679199,1.838379,0.020996,0.225694,-0.074077,0.048763,0.252441,-1.905273,0.730957,0.07008,-0.055691,-0.088732,chewing
5304485.0,-0.665039,1.853027,0.005371,0.210772,-0.076208,0.080472,0.280762,-1.873047,0.721191,0.054092,-0.05196,-0.025847,chewing
5304495.0,-0.672852,1.85498,0.000977,0.184925,-0.056757,0.09566,0.271484,-1.874512,0.717773,0.037305,-0.050628,-0.028245,chewing
5304505.0,-0.697754,1.83252,0.005371,0.127636,-0.006662,0.094061,0.29248,-1.900879,0.713379,0.015721,-0.032508,-0.02185,chewing
5304515.0,-0.701172,1.833008,0.026367,0.10392,-0.00373,0.054092,0.300781,-1.894043,0.715332,0.033308,-0.016787,-0.052227,chewing
5304525.0,-0.688477,1.829102,0.021484,0.079406,0.009859,0.06102,0.303711,-1.888672,0.724121,0.036239,0.029044,-0.107651,chewing
5304535.0,-0.695312,1.850098,0.033203,0.086867,0.013057,0.049828,0.289063,-1.899902,0.717285,0.062086,0.015721,-0.130567,chewing
5304545.0,-0.679199,1.84375,0.037598,0.120974,-0.015988,0.041302,0.305664,-1.861328,0.746094,0.101256,0.032775,-0.164674,chewing
5304555.0,-0.667969,1.839844,0.039551,0.189455,-0.061553,0.03544,0.26416,-1.88623,0.732422,0.078606,0.030643,-0.13483,chewing
5304565.0,-0.675781,1.848633,0.003418,0.221164,-0.096992,0.03011,0.254883,-1.908691,0.724609,0.077807,-0.037838,-0.099923,chewing
5304575.0,-0.664062,1.85791,-0.003906,0.293642,-0.193718,0.053292,0.288086,-1.870605,0.737793,0.090331,-0.053292,-0.088199,chewing
5304585.0,-0.665039,1.855957,-0.007324,0.248077,-0.221963,0.057023,0.286621,-1.885254,0.720215,0.03544,-0.02185,-0.030377,chewing
5304595.0,-0.669434,1.864258,-0.006836,0.170003,-0.219299,0.03091,0.311523,-1.890625,0.728027,0.040769,-0.000799,-0.038371,chewing
5304605.0,-0.6875,1.838867,0.022949,0.090864,-0.175066,-0.02185,0.334473,-1.874512,0.740234,0.081271,0.031443,-0.096726,chewing
5304615.0,-0.691895,1.82959,0.032227,-0.067681,-0.031443,-0.069014,0.299316,-1.904297,0.699219,0.128168,-0.007994,-0.124172,chewing
5304625.0,-0.685547,1.847168,0.037598,-0.19585,0.073544,-0.192652,0.287598,-1.925781,0.682617,0.213969,-0.102322,-0.179862,chewing
5304635.0,-0.716797,1.818359,-0.000977,-0.41355,0.171602,-0.300303,0.277344,-1.894043,0.705078,0.207841,-0.131899,-0.133231,chewing
5304645.0,-0.702637,1.827148,-0.01123,-0.385571,0.196116,-0.262199,0.259277,-1.921387,0.651855,0.152949,-0.236352,-0.084735,chewing
5304655.0,-0.686035,1.824707,0.03125,-0.508144,0.234221,-0.20411,0.228516,-1.981934,0.652832,0.149752,-0.475902,0.012524,chewing
5304665.0,-0.670898,1.797852,0.095215,-0.341605,0.176665,-0.125504,0.371582,-1.81543,0.791016,0.123639,-0.314159,-0.017853,chewing
5304675.0,-0.665527,1.86084,0.04541,-0.160677,0.178796,-0.114046,0.3125,-1.841309,0.780762,0.04823,-0.216101,-0.065283,chewing
5304685.0,-0.660645,1.833008,0.0625,-0.047963,0.079672,-0.094328,0.324219,-1.864746,0.790527,0.0874,-0.195317,0.037038,chewing
5304695.0,-0.658691,1.851074,0.053711,-0.015721,0.074343,-0.017587,0.341309,-1.864258,0.765137,0.072478,-0.148153,0.066616,chewing
5304705.0,-0.663574,1.853027,0.032227,-0.002132,0.059421,-0.020784,0.319336,-1.876953,0.765625,0.044766,-0.078873,0.028778,chewing
5304715.0,-0.66748,1.859375,0.04834,0.002665,0.036239,-0.006395,0.30957,-1.865234,0.742676,0.036505,0.013856,-0.029311,chewing
5304725.0,-0.679199,1.846191,0.035156,0.023715,0.010392,0.007994,0.309082,-1.873047,0.759277,0.004796,0.03917,-0.046098,chewing
5304735.0,-0.687012,1.853027,0.01416,0.046631,-0.002931,-0.013323,0.303223,-1.874512,0.752441,-0.030377,0.055158,-0.014922,chewing
5304745.0,-0.706543,1.835449,0.032227,0.042634,0.006662,-0.02185,0.301758,-1.876953,0.754395,-0.052493,0.044233,0.018919,chewing
5304755.0,-0.713867,1.833496,0.027344,0.073277,0.050628,-0.01359,0.308594,-1.873047,0.760254,-0.081005,0.045032,0.033041,chewing
5304765.0,-0.710449,1.842285,0.041016,0.095926,0.06555,-0.015188,0.310059,-1.875488,0.753418,-0.085534,0.073277,0.037305,chewing
5304775.0,-0.719238,1.836914,0.037109,0.152949,0.053292,-0.026113,0.299805,-1.874512,0.755859,-0.079139,0.084469,0.009593,chewing
5304785.0,-0.690918,1.845703,0.039063,0.168937,0.047164,-0.016787,0.307617,-1.862305,0.750977,-0.075942,0.099391,0.000266,chewing
5304795.0,-0.692871,1.856934,0.037109,0.163075,0.056224,0.005862,0.310059,-1.870605,0.755371,-0.065283,0.173734,-0.007461,chewing
5304805.0,-0.693359,1.83252,0.044434,0.166273,0.06475,0.046631,0.290039,-1.887695,0.73877,-0.08207,0.229424,-0.019718,chewing
5304815.0,-0.678223,1.851563,0.030762,0.159611,0.038104,0.050894,0.290527,-1.896973,0.73584,-0.106319,0.250475,-0.011991,chewing
5304825.0,-0.678223,1.847656,0.012207,0.144156,0.012524,0.051427,0.291992,-1.905273,0.737305,-0.1303,0.227825,0.013323,chewing
5304835.0,-0.667969,1.841309,0.04248,0.171868,-0.031443,0.081538,0.300293,-1.869629,0.750977,-0.142824,0.198781,0.00826,chewing
5304845.0,-0.664062,1.845215,-0.010742,0.327749,-0.17773,0.197715,0.302246,-1.827148,0.784668,-0.156413,0.224628,-0.031975,chewing
5304855.0,-0.680176,1.854004,0.006348,0.292043,-0.206508,0.191587,0.290039,-1.895508,0.792969,-0.077541,0.106052,-0.002931,chewing
5304865.0,-0.666992,1.848145,0.010742,0.198248,-0.181194,0.157213,0.292969,-1.898438,0.725586,-0.141492,0.076741,0.057822,chewing
5304875.0,-0.686035,1.838379,0.037109,0.176132,-0.189188,0.130567,0.311523,-1.888184,0.730957,-0.066349,0.007461,0.063418,chewing
5304885.0,-0.682129,1.839355,0.020996,0.156413,-0.158812,0.041568,0.320801,-1.862305,0.763184,-0.040502,-0.010658,0.081538,chewing
5304895.0,-0.667969,1.851074,0.0,0.146554,-0.136962,0.098591,0.310547,-1.848633,0.770996,0.006662,0.031975,0.054358,chewing
5304905.0,-0.726562,1.819336,0.035156,-0.043433,0.11751,-0.009593,0.227051,-1.966797,0.643066,-0.132165,0.022916,0.113247,chewing
5304915.0,-0.74707,1.80957,0.01416,-0.056224,0.151084,-0.092462,0.277344,-1.893066,0.705078,-0.122306,-0.055957,0.189721,chewing
5304925.0,-0.717285,1.829102,0.017578,-0.034107,0.203044,-0.206775,0.262695,-1.885742,0.719238,-0.266995,-0.033841,0.30057,chewing
5304935.0,-0.726562,1.835449,0.01123,-0.065017,0.244613,-0.191587,0.272949,-1.875977,0.754883,-0.274723,0.008793,0.271259,chewing
5304945.0,-0.716309,1.832031,0.007813,-0.124971,0.285648,-0.154815,0.269043,-1.870605,0.733887,-0.345868,0.10925,0.225427,chewing
5304955.0,-0.691895,1.833008,0.005859,-0.138827,0.321354,-0.031975,0.280762,-1.874512,0.757812,-0.314959,0.166539,0.167338,chewing
5304965.0,-0.69043,1.847168,0.023437,-0.099657,0.35626,0.031709,0.300293,-1.867676,0.748535,-0.295773,0.219832,0.120175,chewing
5304975.0,-0.672852,1.853027,0.029297,-0.039436,0.335476,0.057023,0.303223,-1.878906,0.712891,-0.25607,0.223296,0.07834,chewing
5304985.0,-0.688477,1.856445,0.021973,-0.012257,0.23875,0.044766,0.307617,-1.895996,0.697754,-0.180129,0.138827,0.051694,chewing
5304995.0,-0.67627,1.848633,0.030762,0.028245,0.131632,-0.023715,0.299316,-1.897461,0.701172,-0.153482,0.0866,0.03917,chewing
5305005.0,-0.661621,1.844727,0.022461,0.067415,0.063685,-0.079939,0.288574,-1.897461,0.710937,-0.110315,0.039703,0.001599,chewing
5305015.0,-0.676758,1.842773,0.036621,0.085268,0.006662,-0.071145,0.276367,-1.89209,0.720215,-0.113247,0.055424,0.029577,chewing
5305025.0,-0.676758,1.841797,0.018066,0.088998,0.001599,-0.056757,0.264648,-1.906738,0.718262,-0.107917,0.055691,0.048496,chewing
5305035.0,-0.682129,1.840332,0.011719,0.107917,0.0,-0.02638,0.260254,-1.890137,0.725098,-0.135096,0.104986,0.037838,chewing
5305045.0,-0.692871,1.836914,0.027832,0.105786,0.041835,-0.029577,0.265625,-1.882324,0.733398,-0.131366,0.145222,0.019985,chewing
5305055.0,-0.694336,1.820801,0.021973,0.11751,0.093262,-0.023182,0.280762,-1.895996,0.692871,-0.123372,0.167605,0.005862,chewing
5305065.0,-0.686523,1.83252,0.033691,0.118842,0.128701,-0.048763,0.288086,-1.880859,0.709961,-0.115911,0.161476,0.021317,chewing
5305075.0,-0.695312,1.822266,0.027832,0.113247,0.135096,-0.039703,0.291016,-1.878418,0.703125,-0.071678,0.13856,-0.008793,chewing
5305085.0,-0.686035,1.827148,0.022461,0.095127,0.101522,-0.066616,0.279785,-1.895996,0.697266,-0.063418,0.134297,-0.019718,chewing
5305095.0,-0.676758,1.845703,0.028809,0.083936,0.091663,-0.038104,0.287109,-1.883789,0.697754,-0.051161,0.111381,-0.001066,chewing
5305105.0,-0.683105,1.852051,0.02832,0.079139,0.081005,-0.033041,0.29834,-1.889648,0.725098,-0.055158,0.095127,-0.005862,chewing
5305115.0,-0.688477,1.838867,0.011719,0.065283,0.03917,-0.019452,0.291992,-1.886719,0.711426,-0.039969,0.074609,0.003997,chewing
5305125.0,-0.678711,1.838867,0.011719,0.069014,0.002398,-0.029311,0.279297,-1.888672,0.722168,-0.054358,0.058089,0.009859,chewing
5305135.0,-0.693359,1.831055,0.016113,0.081804,-0.005596,-0.013856,0.278809,-1.899414,0.70166,-0.05276,0.042368,0.022383,chewing
5305145.0,-0.686523,1.831543,0.022949,0.075942,-0.004796,0.004796,0.292969,-1.890137,0.719238,-0.027179,0.029844,0.01359,chewing
5305155.0,-0.655762,1.850098,0.023926,0.056757,-0.003997,-0.026646,0.285645,-1.890625,0.704102,-0.000533,0.01732,0.01279,chewing
5305165.0,-0.687988,1.834961,0.020508,0.057289,0.021317,-0.02638,0.282227,-1.896484,0.717285,0.029577,0.010126,0.004263,chewing
5305175.0,-0.692383,1.834961,0.024414,0.056757,0.063951,-0.011991,0.258789,-1.893555,0.71582,0.030643,0.011991,-0.022649,chewing
5305185.0,-0.705078,1.821777,0.023437,0.057289,0.080738,-0.033041,0.265137,-1.902832,0.696777,0.056224,-0.023449,-0.014389,chewing
5305195.0,-0.701172,1.827637,0.023437,0.083403,0.051694,-0.055424,0.272949,-1.884766,0.72998,0.083403,-0.004263,-0.030377,chewing
5305205.0,-0.691895,1.849609,0.019531,0.10019,0.023182,-0.035706,0.28125,-1.889648,0.728516,0.049029,0.020784,-0.045299,chewing
5305215.0,-0.693848,1.845215,0.005859,0.087933,-0.01279,-0.003198,0.277832,-1.881836,0.71582,0.01732,0.03011,-0.050894,chewing
5305225.0,-0.67627,1.850098,0.004883,0.098858,-0.031176,0.0,0.290527,-1.893066,0.716309,0.018119,0.031975,-0.035173,chewing
5305235.0,-0.693848,1.836426,0.013672,0.112447,-0.038104,-0.00826,0.289551,-1.888672,0.70166,0.018919,0.01279,-0.025847,chewing
5305245.0,-0.699707,1.821777,0.007324,0.135896,-0.040236,0.01359,0.280273,-1.895996,0.709473,0.042368,-0.023715,-0.015721,chewing
5305255.0,-0.706055,1.829102,0.012695,0.120441,-0.034374,0.024248,0.283691,-1.878906,0.717285,0.054891,-0.059688,-0.018386,chewing
5305265.0,-0.706055,1.829102,0.016602,0.111115,-0.024248,0.030643,0.278809,-1.892578,0.724609,0.054625,-0.058888,0.00453,chewing
5305275.0,-0.699707,1.835938,0.006348,0.122839,-0.018919,0.033041,0.270996,-1.89502,0.715332,0.035173,-0.024515,-0.00453,chewing
5305285.0,-0.693848,1.84668,0.014648,0.104453,-0.011724,0.031975,0.269531,-1.900879,0.720703,0.002132,0.005329,-0.032508,chewing
5305295.0,-0.703125,1.834961,0.020996,0.10019,-0.008793,0.053026,0.27002,-1.895996,0.715332,-0.013323,0.022383,-0.014655,chewing
5305305.0,-0.695801,1.836426,0.01709,0.116444,0.006928,0.076208,0.268066,-1.896973,0.707031,-0.019985,0.048496,-0.041035,chewing
5305315.0,-0.691406,1.836914,0.006348,0.132432,-0.03091,0.072478,0.288574,-1.879883,0.725098,-0.006928,0.03091,-0.063418,chewing
5305325.0,-0.698242,1.842285,-0.001465,0.134031,-0.038637,0.049562,0.277832,-1.883301,0.714355,0.018119,0.012524,-0.081538,chewing
5305335.0,-0.701172,1.835938,-0.004883,0.121773,-0.050095,0.008793,0.277832,-1.890137,0.713379,0.036239,-0.006928,-0.0874,chewing
5305345.0,-0.692383,1.833496,0.013672,0.116711,-0.068747,-0.018652,0.280273,-1.895508,0.713867,0.065816,-0.02638,-0.084735,chewing
5305355.0,-0.713867,1.826172,0.020996,0.096193,-0.027446,-0.024515,0.273438,-1.898438,0.717285,0.047697,-0.027712,-0.077807,chewing
5305365.0,-0.711426,1.818848,0.012207,0.101256,-0.011991,0.011458,0.271484,-1.887207,0.727051,0.054092,0.0,-0.054625,chewing
5305375.0,-0.686035,1.834473,0.018555,0.118842,0.006928,0.009593,0.267578,-1.88916,0.714355,0.007727,0.026113,-0.045032,chewing
5305385.0,-0.703125,1.820313,-0.01416,0.078873,0.052493,0.044233,0.280762,-1.884277,0.720703,0.001865,0.037038,-0.040502,chewing
5305395.0,-0.715332,1.828125,0.005859,0.0429,0.074343,0.062086,0.274902,-1.890625,0.736328,-0.00826,0.041835,-0.026646,chewing
5305405.0,-0.69873,1.831055,0.005859,0.0437,0.057556,0.0437,0.289063,-1.890137,0.733398,-0.012524,0.027446,-0.027712,chewing
5305415.0,-0.713867,1.812988,0.0,0.045565,0.038371,0.035173,0.299805,-1.890137,0.718262,-0.008793,0.013323,-0.049562,chewing
5305425.0,-0.719727,1.828613,0.024414,0.089531,0.009593,-0.012524,0.299805,-1.888672,0.701172,0.029311,0.014123,-0.074609,chewing
5305435.0,-0.703125,1.808594,0.018066,0.080205,-0.090064,-0.084469,0.279297,-1.899414,0.700195,0.041035,0.009326,-0.054092,chewing
5305445.0,-0.702148,1.834473,0.003418,0.110582,-0.059954,-0.055691,0.278809,-1.88623,0.741211,0.076475,-0.038104,-0.07008,chewing
5305455.0,-0.676758,1.853516,-0.00293,0.12657,-0.005596,-0.03464,0.293457,-1.882324,0.73584,0.07381,-0.056224,-0.071945,chewing
5305465.0,-0.712891,1.837402,-0.005371,0.074876,-0.002398,0.038104,0.295898,-1.889648,0.708008,0.038371,-0.05649,-0.066083,chewing
5305475.0,-0.643555,1.812988,0.002441,0.092196,0.074077,-0.02558,0.297363,-1.893066,0.717285,0.030377,0.001599,-0.096726,chewing
5305485.0,-0.748535,1.852051,0.006348,0.046098,0.080205,0.024515,0.302734,-1.891602,0.717285,0.03011,0.042634,-0.138028,chewing
5305495.0,-0.683105,1.86084,0.027832,0.006129,0.113247,0.001865,0.313477,-1.871582,0.741699,0.07381,0.070613,-0.177198,chewing
5305505.0,-0.67334,1.843262,0.028809,0.030643,0.034907,-0.031443,0.283691,-1.909668,0.712402,0.106052,0.088998,-0.173467,chewing
5305515.0,-0.657715,1.859863,0.019043,0.130567,-0.049562,-0.00373,0.284668,-1.894531,0.728516,0.165207,0.073544,-0.199314,chewing
5305525.0,-0.681152,1.859375,0.023926,0.14389,-0.026113,0.040236,0.272949,-1.890137,0.72998,0.121507,0.081804,-0.18226,chewing
5305535.0,-0.685547,1.842285,-0.004395,0.133231,-0.017054,0.07834,0.282227,-1.883301,0.72168,0.0866,0.076475,-0.151084,chewing
5305545.0,-0.682129,1.864746,0.000488,0.185724,-0.05196,0.114046,0.290527,-1.884766,0.722168,0.072478,0.071145,-0.124704,chewing
5305555.0,-0.686523,1.843262,0.01123,0.182527,-0.097259,0.078873,0.305176,-1.889648,0.722168,0.095127,0.058089,-0.13483,chewing
5305565.0,-0.714355,1.836426,0.012207,0.192652,-0.158545,0.007994,0.307617,-1.884766,0.711426,0.132698,0.010126,-0.134564,chewing
5305575.0,-0.692383,1.820801,0.026855,-0.00906,-0.128168,-0.228358,0.313965,-1.862305,0.76709,0.201712,-0.035972,-0.168404,chewing
5305585.0,-0.706543,1.821289,-0.004883,-0.203577,-0.024515,-0.359724,0.312988,-1.84375,0.772949,0.210239,-0.059954,-0.203844,chewing
5305595.0,-0.683105,1.825195,0.004883,-0.252606,-0.045832,-0.348533,0.30957,-1.877441,0.729492,0.163874,-0.059421,-0.124172,chewing
5305605.0,-0.711914,1.839844,0.013672,-0.345069,-0.080205,-0.248343,0.287109,-1.943359,0.631836,0.129767,-0.132965,-0.067149,chewing
5305615.0,-0.696289,1.841797,0.027344,-0.345868,0.013057,-0.197982,0.339844,-1.92334,0.64502,0.159877,-0.266729,0.006395,chewing
5305625.0,-0.705566,1.824219,0.039063,-0.721847,-0.27792,-0.014655,0.356445,-1.810059,0.80957,0.114845,-0.132432,-0.068481,chewing
5305635.0,-0.720703,1.79834,0.03125,-0.335476,-0.124971,-0.029044,0.308594,-1.850098,0.782227,0.035972,0.016521,-0.112714,chewing
5305645.0,-0.689453,1.84668,0.049805,-0.083936,0.027712,-0.053825,0.314453,-1.851074,0.78125,0.018119,0.124704,-0.074609,chewing
5305655.0,-0.671875,1.81543,0.078125,0.002931,0.028245,-0.10019,0.311035,-1.890625,0.791504,-0.029577,0.106319,0.021317,chewing
5305665.0,-0.72168,1.830078,0.034668,-0.01359,0.043433,-0.007461,0.290527,-1.875,0.749023,-0.070613,0.150818,-0.020518,chewing
5305675.0,-0.681152,1.827637,0.036133,0.078074,0.074343,0.007194,0.259766,-1.897949,0.742676,-0.060221,0.081804,0.015455,chewing
5305685.0,-0.730957,1.82666,0.043457,0.109783,0.078606,0.022383,0.342773,-1.831543,0.77832,-0.031176,0.154282,-0.031975,chewing
5305695.0,-0.695801,1.81543,0.018555,0.137761,0.103654,0.035706,0.321289,-1.855469,0.749023,-0.017853,0.136429,-0.007461,chewing
5305705.0,-0.736816,1.821289,0.015625,0.166806,0.124704,0.081005,0.322266,-1.855957,0.747559,-0.014655,0.126303,-0.023982,chewing
5305715.0,-0.715332,1.831055,0.016113,0.154815,0.124438,0.100723,0.305664,-1.87207,0.766113,-0.033841,0.116711,0.0,chewing
5305725.0,-0.730957,1.820313,0.004883,0.153482,0.105253,0.085268,0.291016,-1.879395,0.758789,-0.058355,0.123905,0.005329,chewing
5305735.0,-0.745605,1.831543,0.01709,0.167871,0.012524,0.066882,0.299805,-1.876465,0.767578,-0.100723,0.13936,0.00373,chewing
5305745.0,-0.719238,1.841797,0.014648,0.171602,-0.082603,0.028778,0.307617,-1.862305,0.785645,-0.112714,0.201712,-0.001865,chewing
5305755.0,-0.697754,1.842285,0.023926,0.170003,-0.148153,0.053026,0.303223,-1.867676,0.756348,-0.144423,0.243813,0.007194,chewing
5305765.0,-0.691406,1.837402,0.005371,0.166006,-0.094861,0.090064,0.303223,-1.867188,0.744629,-0.138294,0.251274,0.01279,chewing
5305775.0,-0.69873,1.85498,0.01709,0.142824,-0.050628,0.075942,0.306641,-1.870117,0.740723,-0.096459,0.192919,0.009326,chewing
5305785.0,-0.708984,1.824219,0.017578,0.097792,-0.02638,0.121507,0.317383,-1.871094,0.748047,-0.062619,0.152949,0.00373,chewing
5305795.0,-0.705078,1.844727,0.006348,0.089265,-0.007994,0.144956,0.29834,-1.875,0.76123,-0.049296,0.101256,-0.007461,chewing
5305805.0,-0.713867,1.829102,0.005859,0.157746,-0.001599,0.203311,0.287109,-1.87793,0.742676,-0.105253,0.122306,-0.043966,chewing
5305815.0,-0.698242,1.839355,0.008789,0.182793,-0.039436,0.176132,0.293945,-1.902832,0.746582,-0.045832,0.060487,-0.021317,chewing
5305825.0,-0.711914,1.827637,-0.002441,0.210505,-0.046897,0.146288,0.302246,-1.874512,0.755371,-0.05649,0.056757,-0.007727,chewing
5305835.0,-0.638672,1.864258,0.016602,0.378377,-0.140959,0.157479,0.339844,-1.826172,0.737305,-0.139093,0.232888,-0.136429,chewing
5305845.0,-0.783691,1.842773,-0.011719,0.104453,0.076475,0.08287,0.225098,-2.00293,0.588379,-0.092462,0.043167,-0.043433,chewing
5305855.0,-0.716309,1.824219,0.002441,0.053559,0.046364,-0.053559,0.358398,-1.833984,0.746582,0.015455,-0.082603,0.041302,chewing
5305865.0,-0.701172,1.82959,0.018066,0.083136,0.012524,-0.073544,0.302734,-1.863281,0.763184,-0.059954,-0.025314,0.095127,chewing
5305875.0,-0.681152,1.854492,0.019043,0.114046,-0.003464,-0.073011,0.312988,-1.885254,0.737793,-0.013057,-0.031709,0.057023,chewing
5305885.0,-0.708984,1.837891,0.010742,0.107118,0.022116,-0.045299,0.313965,-1.885742,0.736328,-0.016254,-0.008527,0.025847,chewing
5305895.0,-0.707031,1.84375,0.00293,0.083936,0.077541,-0.033308,0.310059,-1.870117,0.732422,-0.055691,0.031176,-0.015455,chewing
5305905.0,-0.706055,1.837402,0.015137,0.059688,0.126836,-0.059688,0.297363,-1.870605,0.732422,-0.088998,0.055158,-0.009326,chewing
5305915.0,-0.701172,1.826172,0.016602,0.094328,0.093262,-0.117776,0.305664,-1.873047,0.757324,-0.060487,0.00373,-0.000799,chewing
5305925.0,-0.725586,1.820801,0.005371,0.139893,0.066616,-0.160943,0.299316,-1.87793,0.748535,-0.078606,-0.010925,0.019985,chewing
5305935.0,-0.736328,1.824219,0.009766,0.191853,0.037305,-0.162542,0.304199,-1.87207,0.742676,-0.044499,-0.023449,0.010925,chewing
5305945.0,-0.678711,1.817383,0.005859,0.237685,-0.083936,-0.323219,0.315918,-1.878906,0.746094,-0.059954,0.006928,-0.015988,chewing
5305955.0,-0.730469,1.835449,0.006348,0.266729,0.018119,-0.154282,0.317871,-1.88623,0.744629,-0.085002,0.041302,-0.020251,chewing
5305965.0,-0.642578,1.801758,0.006836,0.251008,0.131899,-0.139893,0.302734,-1.884766,0.748535,-0.090864,0.058089,-0.017054,chewing
5305975.0,-0.747559,1.830078,0.003418,0.240349,0.146821,-0.118043,0.307129,-1.888184,0.733398,-0.086334,0.028778,-0.004796,chewing
5305985.0,-0.700684,1.807617,-0.002441,0.228092,0.272858,-0.162276,0.309082,-1.881348,0.723145,-0.085801,0.030377,0.014389,chewing
5305995.0,-0.74707,1.8125,0.008789,0.211838,0.275522,-0.166006,0.309082,-1.873047,0.733887,-0.091663,0.05196,0.010658,chewing
5306005.0,-0.701172,1.835938,0.005371,0.218233,0.231822,-0.177198,0.293457,-1.890625,0.740723,-0.102588,0.055691,0.005862,chewing
5306015.0,-0.697266,1.813477,-0.008301,0.207574,0.193452,-0.194251,0.286621,-1.882813,0.73584,-0.098858,0.063152,0.015721,chewing
5306025.0,-0.709961,1.786133,-0.021484,0.151884,0.144689,-0.152683,0.288086,-1.885254,0.738281,-0.108184,0.075675,0.018386,chewing
5306035.0,-0.709473,1.806152,-0.008301,0.195583,0.198248,-0.158545,0.289551,-1.884766,0.743652,-0.12657,0.07381,0.009859,chewing
5306045.0,-0.719727,1.796387,0.009766,0.152949,0.256603,-0.10845,0.295898,-1.880371,0.736328,-0.12204,0.054891,0.0429,chewing
5306055.0,-0.71582,1.803711,-0.008789,-0.193452,0.00826,-0.016254,0.318359,-1.868652,0.740234,-0.124172,0.060487,0.057822,chewing
5306065.0,-0.720215,1.836914,-0.025879,-0.093795,0.134564,-0.010126,0.325684,-1.882324,0.733887,-0.142824,0.085801,0.049562,chewing
5306075.0,-0.700684,1.830566,-0.021973,-0.003198,0.264597,-0.094061,0.319336,-1.869629,0.733398,-0.158012,0.090597,0.053026,chewing
5306085.0,-0.745117,1.801758,-0.02832,0.000799,0.187057,-0.005596,0.309082,-1.870117,0.729004,-0.162009,0.10019,0.045299,chewing
5306095.0,-0.70459,1.814941,-0.002441,-0.011724,0.080205,-0.080738,0.314941,-1.859375,0.736816,-0.111115,0.074343,0.046631,chewing
5306105.0,-0.714355,1.841309,-0.016113,-0.00453,0.059954,-0.111115,0.303711,-1.872559,0.750977,-0.092729,0.060221,0.044233,chewing
5306115.0,-0.702637,1.827148,-0.018555,-0.038637,-0.007994,-0.067681,0.302734,-1.887207,0.737305,-0.088732,0.039703,0.073277,chewing
5306125.0,-0.677246,1.836426,-0.016113,-0.033841,-0.027446,-0.110848,0.296875,-1.880859,0.732422,-0.058622,0.027712,0.046631,chewing
5306135.0,-0.733887,1.832031,-0.009277,-0.083136,-0.041568,-0.093795,0.300293,-1.882324,0.744141,-0.063685,0.023449,0.025847,chewing
5306145.0,-0.739746,1.811035,-0.005371,-0.036505,0.038371,-0.082603,0.29541,-1.887207,0.717285,-0.089798,0.040769,0.042101,chewing
5306155.0,-0.751465,1.819824,0.00293,-0.018919,0.08207,-0.051694,0.300781,-1.884766,0.713867,-0.098058,0.059954,0.038104,chewing
5306165.0,-0.726562,1.796387,-0.001465,-0.030643,0.069547,-0.052493,0.304199,-1.881836,0.73291,-0.095127,0.042634,0.047963,chewing
5306175.0,-0.711426,1.79248,0.000977,-0.020518,0.050095,-0.054625,0.302734,-1.876953,0.717285,-0.113247,0.060753,0.038904,chewing
5306185.0,-0.716309,1.838379,-0.010254,0.009859,0.097259,-0.049562,0.298828,-1.876465,0.714844,-0.10925,0.08207,0.028511,chewing
5306195.0,-0.710449,1.815918,0.001953,0.03464,0.050894,-0.027446,0.278809,-1.890137,0.723145,-0.12204,0.103654,0.018919,chewing
5306205.0,-0.72998,1.820801,0.005859,-0.008527,-0.000533,-0.010925,0.290039,-1.891113,0.725098,-0.111115,0.119109,0.00453,chewing
5306215.0,-0.691895,1.82959,0.005371,0.009593,-0.048763,0.000266,0.286133,-1.883789,0.729492,-0.116711,0.118842,0.010392,chewing
5306225.0,-0.730469,1.808105,0.005371,0.000533,-0.018652,-0.029844,0.293457,-1.874512,0.72998,-0.128435,0.12657,0.021583,chewing
5306235.0,-0.757812,1.818359,0.009277,-0.00373,-0.016787,0.018386,0.288086,-1.887207,0.714844,-0.134031,0.131366,0.019452,chewing
5306245.0,-0.683594,1.844727,-0.002441,0.010658,0.024248,-0.022649,0.300293,-1.888672,0.713379,-0.127103,0.111381,0.045565,chewing
5306255.0,-0.734375,1.813477,0.001953,-0.00906,0.037305,-0.006395,0.296387,-1.892578,0.729004,-0.130833,0.114579,0.060487,chewing
5306265.0,-0.716797,1.815918,-0.003418,-0.041035,0.055957,-0.03011,0.283691,-1.880371,0.736328,-0.100989,0.083136,0.040502,chewing
5306275.0,-0.744141,1.816406,0.0,-0.060221,0.000799,-0.013323,0.287109,-1.893555,0.717285,-0.097792,0.076741,0.025314,chewing
5306285.0,-0.755371,1.804199,-0.006348,-0.12124,-0.040502,0.045565,0.286621,-1.899902,0.72998,-0.084469,0.06555,0.023182,chewing
5306295.0,-0.768066,1.820313,0.008301,-0.023982,0.00906,0.051694,0.287109,-1.882324,0.727051,-0.074343,0.074609,0.014389,chewing
5306305.0,-0.741211,1.822266,0.007324,0.03011,0.041568,0.027446,0.280273,-1.888184,0.70752,-0.081005,0.074609,0.015455,chewing
5306315.0,-0.740234,1.807129,0.003906,0.104453,0.043167,0.02558,0.29541,-1.896973,0.694824,-0.055691,0.062619,0.020784,chewing
5306325.0,-0.717285,1.817383,0.01123,0.114312,0.007194,-0.03464,0.297363,-1.885254,0.698242,-0.049296,0.047164,0.011458,chewing
5306335.0,-0.727051,1.818359,0.005371,0.139093,-0.050361,-0.061819,0.293945,-1.900391,0.712891,-0.011191,0.016521,-0.003997,chewing
5306345.0,-0.687988,1.850098,0.000488,0.120708,-0.042101,-0.095926,0.290039,-1.898438,0.728516,0.007994,-0.008793,0.00906,chewing
5306355.0,-0.72998,1.833496,0.002441,0.062086,-0.015188,-0.036239,0.287598,-1.889648,0.72168,0.017054,0.004796,-0.000799,chewing
5306365.0,-0.752441,1.825684,0.000977,0.031975,0.054358,-0.004263,0.274902,-1.897461,0.722168,-0.003997,0.001332,0.015455,chewing
5306375.0,-0.763672,1.802246,0.003418,0.066083,0.091663,0.01732,0.276855,-1.891602,0.731934,0.014123,0.008793,-0.01279,chewing
5306385.0,-0.772949,1.79248,0.009766,0.100723,0.091397,-0.005063,0.280762,-1.88623,0.687012,0.001865,0.014123,-0.021051,chewing
5306395.0,-0.725098,1.816895,-0.014648,0.09566,0.042634,-0.054625,0.277832,-1.898926,0.700195,0.029311,-0.045299,-0.009326,chewing
5306405.0,-0.734375,1.814941,-0.016602,0.153216,-0.001599,-0.034107,0.310059,-1.869141,0.74707,0.082337,-0.088466,-0.016521,chewing
5306415.0,-0.739258,1.825684,0.010742,0.197982,-0.051161,-0.035173,0.29834,-1.88623,0.716797,0.035706,-0.060753,-0.030643,chewing
5306425.0,-0.707031,1.833496,0.004883,0.197449,-0.06928,-0.014922,0.289063,-1.902832,0.699707,0.069813,-0.025047,-0.041035,chewing
5306435.0,-0.731445,1.816895,0.007324,0.180395,-0.045032,0.027712,0.288086,-1.899902,0.700195,0.067415,-0.013856,-0.06102,chewing
5306445.0,-0.769531,1.804688,-0.01416,0.11298,0.005596,0.010126,0.275391,-1.897461,0.686035,0.036772,-0.018652,-0.027446,chewing
5306455.0,-0.762207,1.76416,-0.018555,0.173734,-0.038371,0.073011,0.299316,-1.866699,0.742187,0.102322,-0.041835,-0.031709,chewing
5306465.0,-0.723633,1.800781,-0.005859,0.144689,-0.052493,0.005329,0.302246,-1.875977,0.730957,0.055424,-0.001332,-0.054092,chewing
5306475.0,-0.724609,1.820801,-0.004395,0.087133,-0.037038,0.016254,0.292969,-1.901855,0.713379,0.049296,0.032242,-0.079939,chewing
5306485.0,-0.742187,1.80957,-0.006836,0.00826,-0.053825,0.033041,0.297363,-1.882324,0.733887,0.083936,0.049562,-0.122306,chewing
5306495.0,-0.727539,1.82959,-0.01709,-0.385038,-0.24408,0.119375,0.298828,-1.886719,0.744629,0.100989,0.049029,-0.121773,chewing
5306505.0,-0.739746,1.843262,-0.019531,-0.280319,-0.184658,0.058622,0.287109,-1.875,0.730469,0.116977,0.041835,-0.138827,chewing
5306515.0,-0.754883,1.798828,-0.010254,-0.087133,-0.135629,0.12124,0.276367,-1.912598,0.712891,0.159078,0.007194,-0.151884,chewing
5306525.0,-0.735352,1.825684,-0.01709,0.116178,-0.206508,0.132965,0.281738,-1.892578,0.728516,0.174799,-0.009593,-0.13483,chewing
5306535.0,-0.763184,1.783691,-0.016113,0.288845,-0.362389,0.124438,0.265137,-1.89209,0.711426,0.136162,0.009593,-0.119375,chewing
5306545.0,-0.805176,1.78418,0.00293,0.136695,-0.26593,0.067149,0.277344,-1.880371,0.723633,0.063152,0.024248,-0.083936,chewing
5306555.0,-0.783203,1.810547,0.036621,-0.297905,-0.386637,-0.002665,0.306152,-1.869141,0.764648,0.047697,0.025314,-0.038371,chewing
5306565.0,-0.692383,1.849121,0.020996,-0.673617,-0.444459,0.048763,0.290527,-1.844727,0.796387,0.085534,0.007994,-0.051427,chewing
5306575.0,-0.692383,1.861328,-0.004395,-0.656297,-0.336276,0.136695,0.270996,-1.89502,0.705078,0.092196,-0.089265,-0.06555,chewing
5306585.0,-0.725586,1.858887,0.029785,-0.64777,-0.288579,0.168138,0.27832,-1.977051,0.598633,0.09193,-0.264064,0.002665,chewing
5306595.0,-0.699219,1.866211,0.056152,-0.674949,-0.284315,0.084469,0.415527,-1.867188,0.747559,0.161743,-0.292043,0.0,chewing
5306605.0,-0.708984,1.823242,0.055664,-0.630717,-0.348533,0.091397,0.290039,-1.857422,0.834473,0.023715,-0.097525,-0.174799,chewing
5306615.0,-0.746582,1.814941,0.074219,-0.35706,-0.244879,0.033041,0.314453,-1.844238,0.806152,0.084202,0.013057,-0.106052,chewing
5306625.0,-0.794922,1.800781,0.066406,-0.080472,-0.078606,0.010126,0.273926,-1.878906,0.756348,0.019185,-0.010392,-0.006662,chewing
5306635.0,-0.763184,1.797852,0.058594,0.06475,-0.014389,0.003997,0.263672,-1.877441,0.744629,0.011991,-0.010658,0.027179,chewing
5306645.0,-0.706543,1.847656,0.056152,0.115112,0.040769,-0.000533,0.275391,-1.873047,0.743652,-0.023715,0.040236,-0.023449,chewing
5306655.0,-0.743652,1.836914,0.048828,0.118842,0.068481,0.02638,0.305664,-1.871582,0.733398,-0.029044,0.059954,-0.036772,chewing
5306665.0,-0.689453,1.875488,0.059082,0.084735,0.074609,0.041835,0.32373,-1.866211,0.745117,-0.046897,0.065816,-0.059421,chewing
5306675.0,-0.731445,1.82666,0.055664,0.083136,0.070879,0.053026,0.318359,-1.854492,0.749512,-0.053292,0.081538,-0.047963,chewing
5306685.0,-0.749512,1.819336,0.041992,0.112714,0.115378,0.032775,0.319824,-1.85498,0.730957,-0.063685,0.088732,-0.041035,chewing
5306695.0,-0.771484,1.782715,0.045898,0.172401,0.144956,0.089265,0.305176,-1.874512,0.73584,-0.067948,0.085268,-0.028511,chewing
5306705.0,-0.736816,1.821777,0.049316,0.201446,0.171335,0.072211,0.299316,-1.884766,0.759766,-0.067149,0.100989,-0.002665,chewing
5306715.0,-0.756348,1.805176,0.033691,0.216101,0.19958,0.071945,0.292969,-1.884766,0.749512,-0.062086,0.120175,-0.00826,chewing
5306725.0,-0.726074,1.853516,0.043945,0.212371,0.166539,0.053026,0.319824,-1.874023,0.796875,-0.054092,0.152683,-0.02558,chewing
5306735.0,-0.724609,1.83252,0.041504,0.266462,0.104986,0.055691,0.312988,-1.85498,0.779297,-0.086334,0.223029,-0.063152,chewing
5306745.0,-0.703613,1.848633,0.041504,0.268594,0.096992,0.086334,0.296387,-1.881348,0.759766,-0.096459,0.185991,-0.045299,chewing
5306755.0,-0.744141,1.820801,0.027344,0.316025,0.059954,0.108717,0.320801,-1.86377,0.761719,-0.090864,0.136695,-0.027712,chewing
5306765.0,-0.685547,1.859863,0.039551,0.374913,-0.021317,0.114046,0.320313,-1.865234,0.76709,-0.087933,0.122306,-0.022116,chewing
5306775.0,-0.71582,1.824219,0.021484,0.376778,-0.033308,0.120175,0.29248,-1.896973,0.724609,-0.085801,0.104187,-0.003997,chewing
5306785.0,-0.733887,1.83252,0.022461,0.311495,-0.023182,0.100989,0.300293,-1.883789,0.732422,-0.071678,0.069547,0.006395,chewing
5306795.0,-0.732422,1.825684,0.019531,0.293908,-0.044766,0.127636,0.315918,-1.856934,0.761719,-0.065283,0.06475,-0.000266,chewing
5306805.0,-0.695801,1.84082,0.037109,0.457516,-0.178263,0.282717,0.32959,-1.837402,0.71875,-0.127636,0.152417,-0.062885,chewing
5306815.0,-0.743652,1.830566,0.008301,0.00826,0.207841,0.096193,0.265625,-1.975098,0.63623,-0.094061,0.062619,-0.015188,chewing
5306825.0,-0.781738,1.773926,-0.003418,0.019452,0.117776,0.029577,0.315918,-1.878906,0.722168,-0.029311,-0.029311,0.015721,chewing
5306835.0,-0.737793,1.806641,0.006348,0.078606,0.086067,-0.013057,0.303711,-1.868652,0.753906,-0.103387,-0.008527,0.073544,chewing
5306845.0,-0.735352,1.821777,-0.000977,0.129234,0.072211,0.048763,0.307129,-1.883301,0.741211,-0.14309,0.022116,0.087666,chewing
5306855.0,-0.70752,1.819824,0.008789,0.14389,0.059155,0.090331,0.303711,-1.893066,0.719727,-0.171069,0.062352,0.046631,chewing
5306865.0,-0.705566,1.82373,0.012695,0.103121,0.116711,0.114312,0.299316,-1.887207,0.727539,-0.215302,0.104453,0.037838,chewing
5306875.0,-0.69043,1.849609,0.010742,0.026913,0.180928,0.106851,0.298828,-1.872559,0.727051,-0.249142,0.122573,0.051694,chewing
5306885.0,-0.705078,1.824707,0.023926,-0.045032,0.204377,0.067415,0.302734,-1.882324,0.712891,-0.23502,0.062885,0.135096,chewing
5306895.0,-0.710449,1.803223,0.023437,-0.025314,0.148953,0.00826,0.304688,-1.883789,0.725586,-0.203311,0.032508,0.147087,chewing
5306905.0,-0.687012,1.82666,0.01709,-0.015721,0.077008,-0.066616,0.302246,-1.907715,0.711914,-0.206775,0.012524,0.169204,chewing
5306915.0,-0.708496,1.820801,0.020996,-0.051161,0.099124,-0.102588,0.303223,-1.884277,0.728027,-0.178796,-0.00373,0.156413,chewing
5306925.0,-0.744141,1.794922,0.013184,-0.033574,0.13483,-0.067415,0.294434,-1.87793,0.739746,-0.203311,0.031443,0.118043,chewing
5306935.0,-0.729004,1.823242,0.01416,0.023182,0.104453,-0.028511,0.273926,-1.888184,0.727539,-0.243547,0.077807,0.127369,chewing
5306945.0,-0.724609,1.8125,0.008789,0.041302,0.109516,-0.016787,0.277832,-1.88623,0.725098,-0.237685,0.0866,0.120441,chewing
5306955.0,-0.73291,1.814453,0.01709,0.050628,0.117776,0.018386,0.289551,-1.875,0.734863,-0.249675,0.116178,0.140959,chewing
5306965.0,-0.694824,1.849121,0.015137,0.05196,0.150018,0.039436,0.293457,-1.866699,0.724121,-0.235553,0.145222,0.133231,chewing
5306975.0,-0.69873,1.857422,0.002441,0.011191,0.155081,0.00906,0.30127,-1.875,0.736816,-0.231023,0.168671,0.088199,chewing
5306985.0,-0.707031,1.853027,0.023437,-0.001599,0.122839,-0.036772,0.286133,-1.883789,0.722168,-0.226493,0.19958,0.037305,chewing
5306995.0,-0.702637,1.835938,0.007813,-0.03464,0.130833,-0.041035,0.291504,-1.891602,0.714355,-0.177464,0.18226,0.013323,chewing
5307005.0,-0.72998,1.828125,0.027344,-0.014123,0.116178,-0.039436,0.275879,-1.901855,0.713379,-0.154548,0.172668,0.053292,chewing
5307015.0,-0.773926,1.797363,0.016602,0.001599,0.07834,-0.055424,0.291504,-1.897461,0.707031,-0.14389,0.12577,0.061819,chewing
5307025.0,-0.740723,1.818848,0.013184,0.016787,0.059954,-0.055424,0.293457,-1.891602,0.722656,-0.119642,0.072744,0.078873,chewing
5307035.0,-0.698242,1.845215,0.023437,0.03091,0.067415,-0.064217,0.293457,-1.898926,0.711914,-0.095127,0.058355,0.053292,chewing
5307045.0,-0.717773,1.835449,0.029785,0.042368,0.078074,-0.002665,0.28418,-1.898926,0.717773,-0.10019,0.069813,0.04743,chewing
5307055.0,-0.70459,1.852539,0.021484,0.059954,0.022116,-0.006395,0.28418,-1.908203,0.692383,-0.077274,0.088199,0.012257,chewing
5307065.0,-0.691895,1.848145,0.031738,0.049562,0.014922,-0.000533,0.283691,-1.900391,0.707031,-0.028511,0.082337,-0.020518,chewing
5307075.0,-0.740723,1.807617,0.029297,0.072478,0.014922,0.011191,0.264648,-1.896484,0.706543,-0.02185,0.059421,0.0,chewing
5307085.0,-0.731934,1.822266,0.023437,0.079939,0.01359,0.031709,0.265137,-1.899414,0.706055,-0.00826,0.029844,0.00373,chewing
5307095.0,-0.746582,1.792969,0.027344,0.107917,0.007461,0.002132,0.272949,-1.907715,0.692871,-0.002665,-0.005063,-0.020784,chewing
5307105.0,-0.737305,1.796875,0.008301,0.111648,-0.003464,0.005329,0.274902,-1.910645,0.681152,0.009593,-0.015988,-0.022649,chewing
5307115.0,-0.711426,1.851074,0.027832,0.092462,-0.005063,0.045032,0.269531,-1.891602,0.706543,0.046897,-0.042634,-0.03091,chewing
5307125.0,-0.681152,1.845703,0.023437,0.070879,-0.015721,-0.008793,0.27002,-1.913086,0.679199,0.040236,-0.041568,-0.037838,chewing
5307135.0,-0.695801,1.845703,0.011719,0.041035,-0.010658,-0.049029,0.266602,-1.906738,0.701172,0.039969,-0.068214,-0.01279,chewing
5307145.0,-0.699219,1.849609,0.02002,-0.000533,-0.044499,-0.022649,0.269531,-1.901855,0.70752,0.06102,-0.092729,-0.004796,chewing
5307155.0,-0.709961,1.827148,0.013672,-0.042368,-0.001332,-0.00906,0.282715,-1.881348,0.705566,0.065816,-0.08287,-0.023982,chewing
5307165.0,-0.737793,1.812988,0.022461,-0.0866,0.060487,0.080472,0.284668,-1.876953,0.717773,0.075675,-0.083936,-0.039436,chewing
5307175.0,-0.752441,1.818359,0.008301,-0.066083,0.090597,0.182527,0.300293,-1.876953,0.71875,0.07834,-0.098591,-0.039436,chewing
5307185.0,-0.760254,1.815918,0.011719,-0.05196,0.069547,0.077541,0.304688,-1.883301,0.714355,0.066882,-0.088732,-0.057822,chewing
5307195.0,-0.730957,1.82666,0.010742,-0.006395,0.020784,0.026913,0.307617,-1.90625,0.701172,0.085534,-0.120441,-0.043167,chewing
5307205.0,-0.722168,1.831055,0.017578,0.041568,-0.010126,-0.042368,0.302734,-1.883789,0.716797,0.116444,-0.156946,-0.054092,chewing
5307215.0,-0.719238,1.825195,0.025391,0.065283,0.002931,-0.089798,0.302734,-1.878906,0.713867,0.118309,-0.177198,-0.051161,chewing
5307225.0,-0.70752,1.827637,0.027344,0.120708,-0.059954,-0.049562,0.29541,-1.874512,0.712402,0.139093,-0.174266,-0.066616,chewing
5307235.0,-0.713379,1.826172,0.018555,0.123372,-0.043167,0.00373,0.277344,-1.881836,0.731934,0.137228,-0.118576,-0.096726,chewing
5307245.0,-0.727539,1.812012,0.033691,0.104453,-0.00826,0.034107,0.267578,-1.901367,0.698242,0.115112,-0.057023,-0.13936,chewing
5307255.0,-0.70459,1.813477,0.020996,0.08207,0.023715,0.029044,0.262695,-1.900879,0.70166,0.100456,-0.031443,-0.126303,chewing
5307265.0,-0.706055,1.806152,0.02002,0.132698,-0.005596,-0.023182,0.274414,-1.892578,0.726562,0.104187,-0.03091,-0.102855,chewing
5307275.0,-0.704102,1.834473,0.020508,0.161476,-0.083136,-0.056224,0.287109,-1.88916,0.723633,0.07381,-0.00826,-0.071678,chewing
5307285.0,-0.703613,1.848145,0.016602,0.152949,-0.130034,0.031176,0.29834,-1.901855,0.716797,0.095127,-0.027712,-0.076475,chewing
5307295.0,-0.708008,1.841797,0.022461,0.122573,-0.091397,0.089531,0.315918,-1.891602,0.718262,0.085534,-0.059155,-0.081271,chewing
5307305.0,-0.727539,1.825195,0.003418,0.098058,-0.077541,0.060487,0.317871,-1.880859,0.740723,0.135896,-0.098058,-0.088199,chewing
5307315.0,-0.724609,1.821289,0.007813,0.106851,-0.087133,-0.023449,0.353516,-1.871582,0.733887,0.122839,-0.075675,-0.082337,chewing
5307325.0,-0.730957,1.817871,0.007813,0.114046,-0.077274,-0.02558,0.314453,-1.880859,0.71875,0.120441,-0.085801,-0.089531,chewing
5307335.0,-0.734863,1.829102,0.017578,0.115645,-0.054092,0.03091,0.309082,-1.881836,0.729004,0.136695,-0.092196,-0.08287,chewing
5307345.0,-0.743164,1.813965,0.007813,0.119109,-0.022116,0.006395,0.29834,-1.874512,0.749023,0.139893,-0.032508,-0.120441,chewing
5307355.0,-0.737305,1.821777,0.018555,0.106585,-0.011191,0.031443,0.285156,-1.873535,0.739258,0.129767,0.01359,-0.115112,chewing
5307365.0,-0.728027,1.815918,0.039063,0.128701,-0.013856,0.007727,0.270996,-1.893066,0.717285,0.07008,0.063152,-0.104986,chewing
5307375.0,-0.708008,1.809082,0.012695,0.151617,-0.055424,0.00906,0.28125,-1.880859,0.739746,0.055424,0.087933,-0.098058,chewing
5307385.0,-0.681641,1.843262,0.026855,0.133231,-0.059155,0.013057,0.289063,-1.887695,0.724121,-0.026113,0.10019,-0.06555,chewing
5307395.0,-0.739746,1.815918,0.005371,0.061819,-0.006395,0.043167,0.304199,-1.874023,0.733887,-0.057023,0.114579,-0.037838,chewing
5307405.0,-0.736816,1.826172,0.017578,0.042368,0.000799,0.033574,0.307617,-1.883301,0.72998,-0.051161,0.100723,-0.015721,chewing
5307415.0,-0.748535,1.831055,0.01123,0.043167,0.035706,0.010925,0.308594,-1.874023,0.734863,-0.042101,0.075675,-0.025047,chewing
5307425.0,-0.724121,1.82373,0.018066,0.03544,0.029311,0.045565,0.316406,-1.880859,0.722168,-0.014123,0.045299,-0.036505,chewing
5307435.0,-0.727539,1.814453,0.01709,0.023982,0.037838,0.015988,0.32373,-1.883301,0.726562,0.019985,0.005329,-0.038104,chewing
5307445.0,-0.704102,1.828613,0.021973,0.016254,0.054625,0.040236,0.313965,-1.882813,0.727051,0.04743,0.002665,-0.050894,chewing
5307455.0,-0.699707,1.845703,0.027344,-0.007461,0.035972,-0.038371,0.311523,-1.890625,0.739258,0.064484,-0.009859,-0.080205,chewing
5307465.0,-0.740234,1.808105,0.021973,-0.001066,0.031975,-0.086867,0.28418,-1.890137,0.72998,0.073277,-0.003198,-0.087666,chewing
5307475.0,-0.699707,1.836426,0.024414,-0.028778,0.018386,-0.288046,0.287109,-1.895508,0.727539,0.065017,0.007194,-0.091397,chewing
5307485.0,-0.703613,1.842285,0.006348,-0.116178,0.087933,-0.31256,0.291504,-1.892578,0.727051,0.073544,0.005329,-0.058888,chewing
5307495.0,-0.766113,1.807617,0.004883,-0.162542,0.148953,-0.335743,0.303223,-1.848145,0.760742,0.111381,-0.001066,-0.09113,chewing
5307505.0,-0.724121,1.805176,0.032227,-0.300836,0.218233,-0.266462,0.280762,-1.876953,0.714844,0.127636,-0.03917,-0.105519,chewing
5307515.0,-0.726562,1.795898,0.023926,-0.51827,0.101522,-0.189988,0.290039,-1.915527,0.665527,0.1303,-0.134031,-0.051427,chewing
5307525.0,-0.691895,1.824707,0.043945,-0.938747,-0.325884,-0.115645,0.314941,-1.919922,0.674316,0.16121,-0.256337,-0.095926,chewing
5307535.0,-0.751953,1.824707,0.027832,-0.567299,0.029577,0.11298,0.352539,-1.865723,0.71582,0.155348,-0.268594,-0.118576,chewing
5307545.0,-0.737793,1.809082,0.053223,-0.318423,0.140959,0.081538,0.350098,-1.818359,0.807617,0.060487,-0.056757,-0.107651,chewing
5307555.0,-0.71582,1.813965,0.06543,-0.242214,0.029311,0.065816,0.291992,-1.873535,0.800781,-0.002665,0.083669,-0.050894,chewing
5307565.0,-0.70752,1.815918,0.058594,-0.080472,0.015988,-0.021317,0.294922,-1.89209,0.745117,-0.00906,0.089798,-0.000266,chewing
5307575.0,-0.729492,1.825684,0.056152,-0.021583,0.002665,-0.083403,0.302734,-1.881836,0.765137,-0.016521,0.095394,0.007994,chewing
5307585.0,-0.748535,1.817383,0.057617,0.033308,0.023182,-0.108717,0.334961,-1.861328,0.746582,-0.01279,0.07008,0.032242,chewing
5307595.0,-0.736816,1.818848,0.063477,0.069813,0.036505,-0.164407,0.345215,-1.864258,0.734863,-0.006662,0.07008,0.029044,chewing
5307605.0,-0.749023,1.842285,0.061035,0.12577,0.058622,-0.116444,0.346191,-1.867188,0.750977,0.007461,0.083669,-0.011458,chewing
5307615.0,-0.744629,1.844238,0.042969,0.151351,0.064217,-0.112714,0.308594,-1.865234,0.755371,-0.008527,0.110582,-0.01732,chewing
5307625.0,-0.743652,1.84375,0.052246,0.201712,0.067948,-0.058089,0.30957,-1.87207,0.764648,-0.013057,0.118576,-0.01279,chewing
5307635.0,-0.744629,1.837402,0.041504,0.207574,0.091397,0.029844,0.312012,-1.867188,0.754883,-0.024781,0.145755,0.0,chewing
5307645.0,-0.753906,1.834473,0.023926,0.215835,0.057023,0.00826,0.319336,-1.853516,0.767578,-0.049828,0.24408,-0.054092,chewing
5307655.0,-0.749023,1.819336,0.027832,0.233954,0.046364,0.019985,0.289551,-1.869629,0.765137,-0.10845,0.321087,-0.058888,chewing
5307665.0,-0.741211,1.844727,0.037598,0.246478,0.050095,0.096992,0.300781,-1.887695,0.740723,-0.145755,0.289645,-0.022116,chewing
5307675.0,-0.753418,1.828125,0.019531,0.257403,0.061553,0.107651,0.310547,-1.873535,0.750977,-0.149485,0.248609,0.007994,chewing
5307685.0,-0.736328,1.830566,0.047852,0.260867,0.03544,0.115645,0.318359,-1.860352,0.752441,-0.14762,0.218499,0.026913,chewing
5307695.0,-0.731934,1.822266,0.031738,0.258202,0.014655,0.10845,0.326172,-1.875977,0.750488,-0.149485,0.173734,0.030643,chewing
5307705.0,-0.719727,1.825195,0.010254,0.281384,-0.03464,0.099124,0.304199,-1.890625,0.733398,-0.125504,0.149752,0.015721,chewing
5307715.0,-0.729004,1.810547,0.038086,0.277654,-0.062352,0.085002,0.297363,-1.885254,0.742676,-0.114845,0.12577,0.018119,chewing
5307725.0,-0.714355,1.815918,0.022949,0.262199,-0.076741,0.024515,0.293457,-1.884277,0.753906,-0.118576,0.119109,0.013856,chewing
5307735.0,-0.707031,1.825684,0.027344,0.355994,-0.157746,0.017054,0.297363,-1.871582,0.736328,-0.114845,0.135629,0.019452,chewing
5307745.0,-0.736328,1.830566,0.029785,0.249675,-0.079672,-0.011191,0.286621,-1.895508,0.731934,-0.11298,0.111381,0.02185,chewing
5307755.0,-0.719727,1.821777,0.017578,0.221697,-0.077008,0.060753,0.30957,-1.865723,0.748535,-0.093795,0.083669,0.025314,chewing
5307765.0,-0.740723,1.821289,0.01416,0.176132,-0.072478,0.116711,0.296387,-1.888672,0.737305,-0.115911,0.083403,0.036505,chewing
5307775.0,-0.736328,1.807617,0.02002,0.1311,-0.069014,0.16574,0.307617,-1.878906,0.735352,-0.090864,0.052493,0.055424,chewing
5307785.0,-0.745117,1.796875,0.033203,0.115112,-0.088998,0.137495,0.326172,-1.874512,0.76709,-0.052227,0.03917,0.010126,chewing
5307795.0,-0.72998,1.793945,0.012207,0.185191,-0.146288,0.130833,0.302246,-1.858887,0.748047,-0.016254,0.043433,-0.035972,chewing
5307805.0,-0.748535,1.790039,0.026855,-0.000533,0.025314,0.075675,0.293945,-1.919434,0.704102,-0.066616,0.020251,0.008527,chewing
5307815.0,-0.773437,1.790039,0.02002,-0.02558,0.0429,0.092995,0.32373,-1.862793,0.750977,-0.01279,0.005329,0.027179,chewing
5307825.0,-0.754395,1.808594,0.040039,-0.051427,0.078873,0.062619,0.303711,-1.881836,0.708984,-0.118576,0.060221,0.085801,chewing
5307835.0,-0.755371,1.810547,0.019531,0.007727,0.027979,-0.002132,0.321777,-1.896973,0.748047,-0.084735,0.037038,0.08207,chewing
5307845.0,-0.73877,1.836914,0.03125,-0.148686,0.176132,-0.040236,0.302734,-1.898438,0.712891,-0.162276,0.053559,0.092196,chewing
5307855.0,-0.722656,1.837891,0.030762,-0.130833,0.105253,-0.033574,0.283203,-1.894531,0.718262,-0.135896,0.057023,0.073011,chewing
5307865.0,-0.734863,1.818359,0.01709,-0.123372,0.18306,0.001865,0.290039,-1.871094,0.73584,-0.150018,0.037305,0.074077,chewing
5307875.0,-0.753906,1.815918,0.016602,-0.124172,0.214236,0.01359,0.279297,-1.891602,0.734863,-0.199847,0.045032,0.152683,chewing
5307885.0,-0.73877,1.833496,0.024902,-0.118309,0.2177,0.03091,0.289551,-1.883301,0.743164,-0.181194,0.069014,0.127636,chewing
5307895.0,-0.745117,1.82959,0.01709,-0.075409,0.171602,0.019452,0.293945,-1.881348,0.748047,-0.196116,0.106052,0.11298,chewing
5307905.0,-0.721191,1.827637,0.02002,-0.054891,0.171868,0.057289,0.303711,-1.881836,0.722168,-0.196116,0.146821,0.062352,chewing
5307915.0,-0.724609,1.833496,0.021973,-0.061819,0.238217,0.138827,0.317871,-1.883789,0.708008,-0.199047,0.180395,0.027979,chewing
5307925.0,-0.726562,1.836426,0.022461,-0.045032,0.253406,0.212371,0.324707,-1.891602,0.710937,-0.150551,0.155881,0.022383,chewing
5307935.0,-0.737793,1.822266,0.028809,-0.00826,0.192652,0.155348,0.310547,-1.879883,0.714844,-0.116444,0.115112,0.002398,chewing
5307945.0,-0.720215,1.830566,0.037109,0.043167,0.08207,0.070613,0.291992,-1.895996,0.728027,-0.067415,0.066349,-0.016254,chewing
5307955.0,-0.696777,1.845703,0.038574,0.060753,0.009593,-0.003198,0.286621,-1.897949,0.717285,-0.061286,0.041568,-0.025047,chewing
5307965.0,-0.70166,1.833008,0.037598,0.069547,-0.002931,-0.010925,0.290527,-1.884277,0.726074,-0.057289,0.046631,-0.00906,chewing
5307975.0,-0.700684,1.829102,0.035156,0.088732,-0.006928,-0.03464,0.279785,-1.891602,0.722168,-0.050361,0.063685,0.005596,chewing
5307985.0,-0.716309,1.833984,0.029785,0.094594,-0.001599,-0.00453,0.279785,-1.889648,0.727539,-0.027979,0.071145,-0.010126,chewing
5307995.0,-0.722656,1.824707,0.035156,0.083669,-0.007194,0.001865,0.292969,-1.88916,0.722168,-0.034107,0.090331,-0.010658,chewing
5308005.0,-0.731445,1.812988,0.032227,0.085002,-0.010392,0.005329,0.314941,-1.89209,0.70166,-0.029044,0.090864,-0.011458,chewing
5308015.0,-0.722656,1.814453,0.020508,0.092995,-0.018119,0.029044,0.311523,-1.873535,0.71875,-0.001599,0.053825,-0.030377,chewing
5308025.0,-0.719238,1.830566,0.041016,0.073544,-0.021317,0.004263,0.287109,-1.881836,0.717773,-0.020518,0.039436,0.006662,chewing
5308035.0,-0.717773,1.826172,0.029785,0.075942,0.005862,0.030643,0.286133,-1.883301,0.729492,-0.025047,0.025847,-0.008527,chewing
5308045.0,-0.736328,1.819824,0.019043,0.081005,0.002665,0.019185,0.280762,-1.880859,0.725098,-0.020784,0.039436,-0.034907,chewing
5308055.0,-0.743652,1.822754,0.021484,0.088732,-0.038104,0.03011,0.285645,-1.89209,0.719727,-0.001599,0.053825,-0.05649,chewing
5308065.0,-0.730469,1.835449,0.036133,0.101789,-0.066083,0.0,0.281738,-1.883301,0.722656,-0.01279,0.09113,-0.030643,chewing
5308075.0,-0.714355,1.845703,0.024414,0.07834,-0.070346,0.015455,0.289551,-1.900879,0.721191,-0.009593,0.053292,-0.019718,chewing
5308085.0,-0.719727,1.819336,0.031738,0.04743,-0.053825,0.012524,0.308105,-1.882324,0.712891,0.005063,0.034374,-0.013856,chewing
5308095.0,-0.703125,1.833008,0.036133,0.041568,-0.078074,-0.017853,0.312988,-1.893066,0.729004,0.023715,0.027446,0.002665,chewing
5308105.0,-0.707031,1.839844,0.023437,0.033041,-0.083136,-0.0437,0.303223,-1.896484,0.714355,0.031975,0.0,-0.014655,chewing
5308115.0,-0.710449,1.829102,0.027832,0.009859,-0.062352,-0.087933,0.291504,-1.88623,0.72998,0.06102,-0.01732,-0.023449,chewing
5308125.0,-0.738281,1.818359,0.023437,0.021051,-0.027179,-0.073544,0.29541,-1.895996,0.731445,0.038904,-0.001865,-0.02185,chewing
5308135.0,-0.741211,1.824707,0.023437,0.019452,-0.025047,-0.002931,0.296387,-1.87793,0.740234,0.063685,-0.008527,-0.037038,chewing
5308145.0,-0.740723,1.824219,0.015625,0.049562,-0.011191,0.031709,0.306152,-1.866211,0.732422,0.057289,-0.001066,-0.040502,chewing
5308155.0,-0.738281,1.832031,0.018066,0.045832,0.017853,0.13856,0.286133,-1.873535,0.734863,0.041568,0.007461,-0.034374,chewing
5308165.0,-0.749023,1.820801,0.019531,0.035706,0.034107,0.129767,0.291016,-1.895508,0.719238,0.049029,0.027979,-0.042634,chewing
5308175.0,-0.734863,1.821289,0.043945,0.057822,0.006928,0.096726,0.27832,-1.884766,0.712891,0.069813,0.02185,-0.036772,chewing
5308185.0,-0.736816,1.822266,0.020996,0.079672,-0.026113,0.053292,0.284668,-1.885254,0.740234,0.090864,0.00373,-0.043433,chewing
5308195.0,-0.72998,1.830078,0.01416,0.093528,-0.032775,0.030643,0.292969,-1.879395,0.756836,0.068481,0.00906,-0.043966,chewing
5308205.0,-0.711914,1.824219,0.036621,0.074077,-0.03544,0.024515,0.289551,-1.882324,0.745117,0.027712,0.006129,-0.034107,chewing
5308215.0,-0.726074,1.823242,0.022949,0.071678,-0.02638,0.031709,0.311523,-1.880859,0.740723,0.016787,0.004796,-0.038637,chewing
5308225.0,-0.703613,1.838379,0.023926,0.06102,0.006662,0.101789,0.313965,-1.885742,0.73291,-0.014389,0.007194,-0.039436,chewing
5308235.0,-0.728027,1.818359,0.024902,0.041302,0.035173,0.097259,0.30957,-1.893066,0.720215,0.002398,0.006395,-0.066083,chewing
5308245.0,-0.738281,1.806641,0.019043,0.070879,0.016521,0.077274,0.311035,-1.888184,0.72168,0.061819,-0.050095,-0.081005,chewing
5308255.0,-0.766113,1.83252,0.019531,0.05276,0.014123,0.035706,0.303223,-1.871582,0.743164,0.081538,-0.034374,-0.088466,chewing
5308265.0,-0.735352,1.828125,0.02832,0.085268,-0.061286,0.008793,0.281738,-1.891113,0.74707,0.07381,-0.000266,-0.092196,chewing
5308275.0,-0.724121,1.821289,0.034668,0.103121,-0.058622,0.007994,0.278809,-1.886719,0.732422,0.066349,0.030377,-0.086334,chewing
5308285.0,-0.719238,1.825684,0.024414,0.127103,-0.067681,0.010658,0.285156,-1.90625,0.723633,0.037305,0.062086,-0.070346,chewing
5308295.0,-0.701172,1.838379,0.030273,0.132165,-0.04823,0.01359,0.299316,-1.879883,0.739746,0.023982,0.096193,-0.097525,chewing
5308305.0,-0.713867,1.833984,0.024902,0.146821,-0.052493,0.04823,0.300781,-1.88916,0.715332,-0.010126,0.108983,-0.105786,chewing
5308315.0,-0.725586,1.822754,0.03418,0.172401,-0.069014,-0.004796,0.319336,-1.871582,0.734863,0.032775,0.077541,-0.086067,chewing
5308325.0,-0.722656,1.824219,0.036133,0.153749,-0.124971,-0.031443,0.310547,-1.871094,0.731934,0.028511,0.102855,-0.114046,chewing
5308335.0,-0.714355,1.822266,0.021973,0.107384,-0.078873,-0.045299,0.291504,-1.882813,0.714355,0.039703,0.116178,-0.139893,chewing
5308345.0,-0.736328,1.814941,0.018555,-0.023715,0.010392,-0.071945,0.302734,-1.893555,0.742676,0.066616,0.079406,-0.115911,chewing
5308355.0,-0.751953,1.819824,0.031738,-0.098325,0.028245,-0.096193,0.312012,-1.848145,0.764648,0.084469,0.067948,-0.135363,chewing
5308365.0,-0.749023,1.827637,0.021484,-0.202245,0.054625,-0.147887,0.305664,-1.849609,0.826172,0.172934,-0.008527,-0.101256,chewing
5308375.0,-0.737793,1.82666,0.021973,-0.341871,0.1303,-0.151351,0.282227,-1.876953,0.730957,0.17853,-0.061553,-0.070879,chewing
5308385.0,-0.720215,1.827637,0.033203,-0.460447,0.167871,-0.129501,0.289551,-1.992676,0.588867,0.101789,-0.169737,0.001066,chewing
5308395.0,-0.727539,1.810547,0.05957,-0.459115,0.15668,-0.001332,0.342285,-1.943359,0.628906,0.200646,-0.448456,0.011724,chewing
5308405.0,-0.720703,1.808594,0.048828,-0.446858,0.181994,-0.000266,0.414551,-1.779297,0.81543,0.138294,-0.258469,-0.037305,chewing
5308415.0,-0.711914,1.807617,0.109375,-0.484162,-0.037038,0.080472,0.362305,-1.813477,0.806641,0.019185,-0.037305,-0.108983,chewing
5308425.0,-0.729004,1.84082,0.078125,-0.850015,-0.249409,0.405289,0.265137,-1.884766,0.77832,0.02638,0.01732,-0.061553,chewing
5308435.0,-0.713867,1.817871,0.057129,-0.380242,-0.018652,0.188922,0.259766,-1.877441,0.76416,0.00826,0.065017,-0.008793,chewing
5308445.0,-0.742676,1.855957,0.070312,-0.117776,0.106585,0.116178,0.263672,-1.888184,0.757812,0.00373,0.108983,-0.031709,chewing
5308455.0,-0.714844,1.841797,0.080078,-0.066882,0.040502,0.067681,0.297363,-1.86084,0.748535,0.004796,0.116711,-0.048496,chewing
5308465.0,-0.70459,1.85791,0.075684,0.00373,0.019985,0.064217,0.334473,-1.868164,0.746582,0.011991,0.098325,-0.032508,chewing
5308475.0,-0.714844,1.84375,0.066895,0.022383,0.044233,0.111381,0.356445,-1.848633,0.744629,0.006395,0.06555,-0.019452,chewing
5308485.0,-0.730469,1.824707,0.069336,0.040502,0.071678,0.138294,0.350098,-1.847168,0.744141,-0.020251,0.068481,-0.020784,chewing
5308495.0,-0.736816,1.826172,0.058105,0.082337,0.075142,0.065283,0.344238,-1.865723,0.759277,-0.02185,0.06928,-0.015988,chewing
5308505.0,-0.736328,1.83252,0.067383,0.105786,0.04743,0.067681,0.316406,-1.878906,0.767578,-0.040502,0.093528,-0.010658,chewing
5308515.0,-0.713379,1.841797,0.07959,0.089265,0.034107,0.076475,0.296875,-1.887207,0.768555,-0.041568,0.134297,-0.035972,chewing
5308525.0,-0.710449,1.851074,0.068359,0.086067,0.024781,0.048496,0.296875,-1.887695,0.762207,-0.051161,0.177464,-0.036239,chewing
5308535.0,-0.707031,1.844727,0.069824,0.113247,0.029844,0.051427,0.318359,-1.883789,0.766602,-0.072211,0.238217,-0.047697,chewing
5308545.0,-0.704102,1.85498,0.071777,0.118576,0.022916,0.093528,0.314941,-1.867188,0.769043,-0.102855,0.28245,-0.04743,chewing
5308555.0,-0.708984,1.84082,0.065918,0.140159,0.067415,0.124438,0.316406,-1.873535,0.739258,-0.133764,0.2614,-0.011724,chewing
5308565.0,-0.71582,1.828613,0.060059,0.157746,0.078074,0.079139,0.318359,-1.861328,0.747559,-0.162009,0.200913,0.03464,chewing
5308575.0,-0.720215,1.826172,0.054199,0.180662,0.042101,0.051427,0.314453,-1.872559,0.730957,-0.190787,0.159078,0.071412,chewing
5308585.0,-0.710449,1.825195,0.062012,0.320021,-0.128435,0.085268,0.319824,-1.812012,0.788086,-0.191054,0.181461,0.049828,chewing
5308595.0,-0.718262,1.849121,0.046875,0.204377,-0.058622,0.033041,0.268555,-1.90332,0.71582,-0.21317,0.155881,0.056757,chewing
5308605.0,-0.708008,1.834961,0.052734,0.176398,-0.056224,0.106585,0.300781,-1.883789,0.747559,-0.176398,0.128435,0.087666,chewing
5308615.0,-0.718262,1.828125,0.029297,0.240083,-0.118043,0.196116,0.317383,-1.865234,0.800293,-0.126836,0.117776,0.066349,chewing
5308625.0,-0.726074,1.82959,0.060547,0.224894,-0.143623,0.209706,0.308105,-1.885742,0.74707,-0.135629,0.109516,0.02558,chewing
5308635.0,-0.724609,1.837891,0.0625,0.244879,-0.148953,0.224894,0.337402,-1.862305,0.789062,-0.059155,0.059954,0.00826,chewing
5308645.0,-0.708984,1.84668,0.070801,0.136162,-0.103654,0.074077,0.323242,-1.89502,0.725586,-0.047697,0.011458,0.000799,chewing
5308655.0,-0.720215,1.828125,0.02832,0.174266,-0.148686,0.072478,0.319336,-1.880371,0.777832,0.089265,-0.064484,-0.006928,chewing
5308665.0,-0.748047,1.816895,0.049805,0.035972,-0.021317,-0.036772,0.271484,-1.919922,0.66748,-0.036239,-0.075675,0.071678,chewing
5308675.0,-0.738281,1.821289,0.043945,0.028245,0.005329,-0.065017,0.286621,-1.898926,0.719727,-0.012524,-0.132698,0.123905,chewing
5308685.0,-0.710937,1.84082,0.029297,0.039703,-0.019718,-0.09193,0.287109,-1.875,0.762207,-0.11298,-0.059155,0.133231,chewing
5308695.0,-0.707031,1.833496,0.049316,0.025047,0.03917,-0.032242,0.275879,-1.899414,0.753418,-0.191054,0.020518,0.112181,chewing
5308705.0,-0.696289,1.84668,0.052246,-0.022116,0.133498,0.030377,0.293945,-1.875,0.74707,-0.215302,0.110848,0.053292,chewing
5308715.0,-0.705078,1.830566,0.046387,-0.052227,0.201179,0.041302,0.290039,-1.882324,0.730469,-0.258735,0.200913,0.034374,chewing
5308725.0,-0.705078,1.841309,0.058594,-0.039703,0.202245,0.03544,0.310059,-1.880371,0.726074,-0.229691,0.209972,0.006662,chewing
5308735.0,-0.716309,1.842285,0.047852,-0.000266,0.146021,0.026646,0.321289,-1.868652,0.73584,-0.156413,0.133498,0.03011,chewing
5308745.0,-0.723633,1.825195,0.066895,0.014389,0.091397,-0.014123,0.325684,-1.876465,0.720215,-0.105519,0.057023,0.018652,chewing
5308755.0,-0.720215,1.82666,0.043457,0.022649,0.040236,-0.015188,0.311523,-1.874023,0.731934,-0.059954,0.000533,0.038104,chewing
5308765.0,-0.723145,1.824707,0.046387,0.037571,0.015988,-0.031443,0.29834,-1.882813,0.72998,-0.086334,0.006395,0.062086,chewing
5308775.0,-0.709961,1.827148,0.049805,0.040236,-0.000266,-0.057023,0.287598,-1.893555,0.741699,-0.108983,0.031443,0.06928,chewing
5308785.0,-0.70459,1.837402,0.056152,0.017054,-0.006395,-0.048496,0.285156,-1.875488,0.739258,-0.136962,0.038637,0.062352,chewing
5308795.0,-0.699707,1.835938,0.056641,-0.020518,0.025047,-0.00373,0.291016,-1.874023,0.744629,-0.163075,0.074609,0.046897,chewing
5308805.0,-0.709473,1.825195,0.074707,-0.039436,0.034374,0.011191,0.295898,-1.883789,0.724609,-0.168404,0.129501,0.020784,chewing
5308815.0,-0.706055,1.831543,0.068848,-0.098325,0.092462,-0.001066,0.300781,-1.889648,0.73291,-0.172401,0.173734,-0.003198,chewing
5308825.0,-0.714844,1.822266,0.057129,-0.130034,0.066616,-0.005329,0.310547,-1.883301,0.71582,-0.14842,0.177464,0.007727,chewing
5308835.0,-0.70459,1.827148,0.065918,-0.132965,0.032508,-0.029311,0.367676,-1.851074,0.729004,-0.144156,0.18679,0.112714,chewing
5308845.0,-0.700684,1.839355,0.062012,-0.138028,0.045565,0.021317,0.296387,-1.893555,0.700195,-0.140159,0.081804,0.060753,chewing
5308855.0,-0.713867,1.849121,0.07666,-0.145755,0.083403,0.030377,0.297852,-1.896973,0.711914,-0.122573,0.07381,0.050628,chewing
5308865.0,-0.725586,1.858887,0.071289,-0.127103,0.089531,0.092995,0.29248,-1.890137,0.710937,-0.087133,0.078606,0.026913,chewing
5308875.0,-0.723145,1.852539,0.054687,-0.092462,0.057289,0.088732,0.280273,-1.882813,0.731934,-0.088466,0.059155,0.043966,chewing
5308885.0,-0.703613,1.855469,0.065918,-0.049562,-0.024248,0.076741,0.277344,-1.876953,0.73584,-0.090864,0.073544,0.038371,chewing
5308895.0,-0.70166,1.84375,0.079102,-0.032242,-0.041568,0.065283,0.28125,-1.897949,0.724609,-0.112714,0.116444,0.041035,chewing
5308905.0,-0.708496,1.868164,0.072754,-0.072478,0.082337,0.199847,0.303223,-1.882813,0.72998,-0.090064,0.115911,0.014389,chewing
5308915.0,-0.683105,1.854492,0.078613,-0.03544,0.016521,0.023715,0.300293,-1.890137,0.731934,-0.094328,0.109783,0.009859,chewing
5308925.0,-0.713867,1.853516,0.080566,-0.031709,-0.006395,0.016254,0.304688,-1.890137,0.729492,-0.070879,0.060753,0.006928,chewing
5308935.0,-0.685059,1.85498,0.06543,-0.037038,0.016521,0.040502,0.299316,-1.882324,0.71875,-0.034374,-0.000266,0.032508,chewing
5308945.0,-0.706055,1.847168,0.059082,-0.040769,0.052227,0.018386,0.294434,-1.879883,0.714355,-0.006928,-0.023449,0.044233,chewing
5308955.0,-0.716797,1.833008,0.073242,-0.011191,0.015988,0.009326,0.284668,-1.89209,0.731934,0.026646,-0.040236,0.024781,chewing
5308965.0,-0.693848,1.834473,0.070801,0.007727,-0.006662,0.033308,0.277344,-1.896484,0.719238,0.031709,-0.044766,0.00906,chewing
5308975.0,-0.710937,1.82373,0.072754,0.016254,-0.022649,0.012257,0.276855,-1.899414,0.720215,0.047697,-0.052493,0.006928,chewing
5308985.0,-0.726074,1.83252,0.057617,-0.008527,-0.034374,-0.001066,0.264648,-1.893555,0.726074,0.057556,-0.079672,-0.017587,chewing
5308995.0,-0.717285,1.839844,0.06543,0.014922,-0.043167,0.020784,0.280762,-1.879395,0.729004,0.080738,-0.088732,-0.041835,chewing
5309005.0,-0.719727,1.842773,0.055664,0.088199,-0.079939,0.040502,0.286133,-1.872559,0.745605,0.088199,-0.106052,-0.051427,chewing
5309015.0,-0.751465,1.897461,0.070312,0.10925,-0.09566,0.170536,0.29541,-1.878906,0.719727,0.062885,-0.090331,-0.057822,chewing
5309025.0,-0.680664,1.876465,0.078613,0.148686,-0.116977,0.039969,0.314941,-1.896973,0.71582,0.085002,-0.10925,-0.065017,chewing
5309035.0,-0.674805,1.859863,0.056641,0.120175,-0.085534,0.049296,0.318359,-1.885742,0.721191,0.113247,-0.132165,-0.096726,chewing
5309045.0,-0.692871,1.856445,0.079102,0.132432,-0.113779,-0.042368,0.312988,-1.876465,0.723145,0.114579,-0.140959,-0.072478,chewing
5309055.0,-0.695801,1.847656,0.084961,0.108717,-0.090864,-0.051427,0.282227,-1.896973,0.719238,0.098591,-0.135363,-0.041568,chewing
5309065.0,-0.720215,1.836426,0.048828,0.095394,-0.026646,-0.017587,0.29248,-1.87793,0.754395,0.111381,-0.134297,-0.027979,chewing
5309075.0,-0.730957,1.837891,0.05957,0.088466,-0.031443,-0.029311,0.294434,-1.874023,0.749023,0.040769,-0.082337,-0.015455,chewing
5309085.0,-0.751465,1.833984,0.064941,0.099391,-0.029844,-0.006129,0.280273,-1.879395,0.743164,0.019185,-0.022116,-0.0437,chewing
5309095.0,-0.740234,1.825195,0.05957,0.135096,-0.009859,0.015988,0.288086,-1.888672,0.745605,0.019985,-0.004263,-0.087666,chewing
5309105.0,-0.733398,1.810547,0.066406,0.15668,0.000266,0.002665,0.29834,-1.88916,0.736816,0.049029,-0.012257,-0.116444,chewing
5309115.0,-0.712891,1.828613,0.064941,0.181994,-0.02185,-0.012524,0.314941,-1.878418,0.718262,0.063685,-0.068214,-0.10472,chewing
5309125.0,-0.706543,1.8125,0.076172,0.168937,-0.058622,0.001599,0.312012,-1.879883,0.703613,0.09566,-0.125504,-0.092729,chewing
5309135.0,-0.722168,1.803711,0.075684,0.171335,-0.064484,0.028245,0.328613,-1.873047,0.713867,0.111648,-0.135096,-0.086067,chewing
5309145.0,-0.705566,1.814453,0.078125,0.124172,-0.055424,0.007461,0.327148,-1.881348,0.726074,0.144956,-0.051694,-0.126836,chewing
5309155.0,-0.696777,1.813477,0.067383,0.131899,-0.03464,0.031176,0.306152,-1.875488,0.764648,0.133498,0.012524,-0.149485,chewing
5309165.0,-0.68457,1.816406,0.083496,0.16041,-0.068747,0.008793,0.260254,-1.88916,0.736328,0.093795,0.064217,-0.151351,chewing
5309175.0,-0.687012,1.837891,0.077637,0.20038,-0.100456,0.032242,0.265137,-1.899414,0.731934,0.072211,0.057556,-0.125504,chewing
5309185.0,-0.708008,1.847168,0.060059,0.198515,-0.185458,-0.01359,0.275879,-1.882813,0.723633,0.052227,0.024248,-0.083136,chewing
5309195.0,-0.721191,1.84375,0.055176,0.075409,-0.270726,-0.067681,0.293457,-1.891113,0.734863,0.065816,0.014655,-0.038637,chewing
5309205.0,-0.714844,1.851563,0.086426,-0.041568,-0.241681,-0.106319,0.322266,-1.873535,0.742187,0.099923,-0.01732,-0.102588,chewing
5309215.0,-0.737793,1.841309,0.095215,-0.179063,-0.121773,-0.166273,0.32373,-1.882813,0.740234,0.150018,-0.052493,-0.089798,chewing
5309225.0,-0.68457,1.851563,0.097168,-0.192652,-0.015988,-0.120974,0.333984,-1.876465,0.739258,0.156946,-0.062619,-0.09566,chewing
5309235.0,-0.725098,1.832031,0.074219,-0.315225,0.149752,0.051161,0.305176,-1.895508,0.698242,0.116444,-0.094061,-0.114579,chewing
5309245.0,-0.730469,1.822266,0.07959,-0.404224,0.045299,-0.05196,0.32959,-1.862793,0.688965,0.141758,-0.197982,-0.080472,chewing
5309255.0,-0.694824,1.847168,0.069824,-0.807381,-0.31256,0.120175,0.311523,-1.877441,0.704102,0.111115,-0.233688,0.032242,chewing
5309265.0,-0.732422,1.851563,0.08252,-0.559038,-0.072744,0.011724,0.326172,-1.884277,0.748047,0.124971,-0.284315,0.032242,chewing
5309275.0,-0.728516,1.83252,0.104004,-0.413816,-0.027446,-0.011991,0.344727,-1.839355,0.796875,0.04743,-0.137228,-0.003198,chewing
5309285.0,-0.71582,1.862305,0.107422,-0.306165,-0.094328,0.108983,0.29248,-1.86084,0.789062,0.010658,0.016521,-0.051694,chewing
5309295.0,-0.720703,1.851074,0.110352,-0.140426,-0.092196,0.073011,0.268066,-1.895508,0.734863,-0.005329,0.054625,-0.037571,chewing
5309305.0,-0.716309,1.866211,0.112793,0.037571,-0.044766,0.03917,0.247559,-1.878906,0.724609,-0.023982,0.070879,-0.02558,chewing
5309315.0,-0.694336,1.856934,0.112793,0.044766,-0.013323,0.044499,0.296875,-1.895996,0.758789,-0.046631,0.070879,-0.001599,chewing
5309325.0,-0.722168,1.853516,0.102539,0.116178,-0.033308,-0.052493,0.328125,-1.856445,0.739746,-0.054891,0.045032,-0.002132,chewing
5309335.0,-0.716309,1.849121,0.078613,0.148686,-0.004796,-0.035173,0.357422,-1.875488,0.779785,-0.057023,-0.029577,0.035173,chewing
5309345.0,-0.716797,1.828613,0.099609,0.131632,0.022916,-0.029044,0.319824,-1.848145,0.746582,-0.028245,0.024781,-0.001599,chewing
5309355.0,-0.717285,1.835938,0.097656,0.126037,0.058089,-0.003464,0.328613,-1.874512,0.762207,-0.029311,0.014123,-0.004263,chewing
5309365.0,-0.695801,1.847656,0.109863,0.114845,0.101256,0.081804,0.311523,-1.867676,0.753906,-0.027979,0.018652,-0.016787,chewing
5309375.0,-0.717773,1.83252,0.095215,0.111914,0.102855,0.090864,0.303711,-1.873047,0.765625,-0.038637,0.051161,-0.016787,chewing
5309385.0,-0.718262,1.82666,0.104004,0.146821,0.054092,0.051161,0.312988,-1.885742,0.753418,-0.065017,0.082337,-0.007194,chewing
5309395.0,-0.720215,1.835938,0.095215,0.188123,-0.004263,-0.023715,0.319824,-1.858398,0.764648,-0.081005,0.154548,-0.007194,chewing
5309405.0,-0.710937,1.842773,0.094238,0.18679,-0.039969,-0.033041,0.30957,-1.875977,0.755371,-0.115112,0.187057,0.00373,chewing
5309415.0,-0.711914,1.827148,0.094727,0.193185,-0.018119,0.007461,0.31543,-1.867676,0.745117,-0.109516,0.163341,0.009326,chewing
5309425.0,-0.724121,1.840332,0.101074,0.156946,-0.018386,-0.00906,0.321289,-1.871582,0.763672,-0.102855,0.155881,0.017587,chewing
5309435.0,-0.726562,1.824707,0.102051,0.266729,-0.149219,0.028511,0.334473,-1.816406,0.816406,-0.080205,0.144423,0.017587,chewing
5309445.0,-0.729004,1.835449,0.072754,0.196116,-0.049029,-0.00826,0.282715,-1.92041,0.735352,-0.1311,0.110848,0.014655,chewing
5309455.0,-0.709961,1.852051,0.078125,0.246211,-0.112181,0.050894,0.319336,-1.86377,0.750488,-0.088732,0.106585,0.012257,chewing
5309465.0,-0.703125,1.850098,0.089844,0.244346,-0.126037,0.064217,0.303223,-1.870605,0.737793,-0.106052,0.105253,0.013323,chewing
5309475.0,-0.708496,1.827148,0.072754,0.304567,-0.174533,0.074609,0.365234,-1.84082,0.915039,0.017853,0.03464,0.046364,chewing
5309485.0,-0.708008,1.847656,0.133789,0.287247,-0.136429,0.018919,0.220703,-1.923828,0.592285,-0.341072,0.270193,-0.037571,chewing
5309495.0,-0.720215,1.853027,0.078125,0.069547,0.018919,0.03011,0.287109,-1.970215,0.602051,-0.043966,-0.083936,0.060487,chewing
5309505.0,-0.729492,1.844238,0.07373,0.070346,0.05649,-0.036239,0.380859,-1.808594,0.777832,-0.089531,-0.080738,0.164407,chewing
5309515.0,-0.70752,1.88623,0.077148,0.055691,0.096459,-0.029844,0.305176,-1.902344,0.724121,-0.121773,-0.066083,0.196116,chewing
5309525.0,-0.72168,1.864746,0.095703,0.057822,0.110315,-0.038371,0.326172,-1.883301,0.744629,-0.111648,-0.059954,0.159078,chewing
5309535.0,-0.694824,1.897949,0.086914,0.031709,0.166539,-0.001865,0.318848,-1.898926,0.743652,-0.131632,-0.005063,0.08207,chewing
5309545.0,-0.724609,1.851563,0.078613,0.035706,0.194784,-0.03464,0.315918,-1.881348,0.736816,-0.195051,0.076208,0.040769,chewing
5309555.0,-0.733887,1.842773,0.078613,0.071945,0.194518,-0.049296,0.30127,-1.888672,0.694336,-0.251008,0.10392,0.068214,chewing
5309565.0,-0.729492,1.847656,0.07373,0.109783,0.205709,-0.034907,0.314453,-1.893066,0.710449,-0.220631,0.053825,0.098858,chewing
5309575.0,-0.748535,1.813477,0.078125,0.110582,0.27792,-0.019718,0.297363,-1.881836,0.721191,-0.207841,-0.018119,0.145755,chewing
5309585.0,-0.753906,1.810059,0.080566,0.091397,0.359458,-0.022916,0.285156,-1.881348,0.712402,-0.223296,0.000533,0.170536,chewing
5309595.0,-0.73877,1.788574,0.084961,0.10845,0.351198,-0.008527,0.28418,-1.909668,0.706055,-0.22676,0.026646,0.14842,chewing
5309605.0,-0.721191,1.812988,0.081055,0.069014,0.312294,-0.051427,0.283691,-1.902344,0.713379,-0.234753,0.067149,0.138827,chewing
5309615.0,-0.686035,1.835938,0.083008,0.212104,0.165207,-0.057556,0.286133,-1.875488,0.752441,-0.207041,0.084735,0.119908,chewing
5309625.0,-0.703125,1.853027,0.060547,0.227026,0.095926,-0.09193,0.294434,-1.862305,0.757324,-0.205443,0.102588,0.077541,chewing
5309635.0,-0.681152,1.859375,0.081055,0.113513,0.156946,-0.081538,0.289551,-1.882813,0.717285,-0.241415,0.101256,0.094861,chewing
5309645.0,-0.693848,1.820801,0.088867,0.123639,0.148153,-0.059421,0.297363,-1.886719,0.71875,-0.207308,0.121773,0.06475,chewing
5309655.0,-0.700195,1.786133,0.082031,0.127902,0.158545,-0.008527,0.29834,-1.89502,0.718262,-0.179596,0.154282,0.011724,chewing
5309665.0,-0.694824,1.796875,0.080566,0.081271,0.224361,0.041302,0.279297,-1.896484,0.709961,-0.129767,0.156946,-0.027979,chewing
5309675.0,-0.73877,1.783203,0.071777,0.003997,0.252073,0.003997,0.277832,-1.909668,0.71582,-0.107917,0.14309,-0.023449,chewing
5309685.0,-0.725098,1.812012,0.064941,0.0,0.152417,-0.079406,0.288574,-1.88623,0.72168,-0.086867,0.123905,-0.000799,chewing
5309695.0,-0.709473,1.82666,0.069336,0.023982,0.064484,-0.116977,0.294922,-1.89502,0.71875,-0.131632,0.138028,0.018652,chewing
5309705.0,-0.708496,1.839355,0.069824,0.053292,0.049828,-0.128168,0.308105,-1.885254,0.720703,-0.084202,0.135629,0.016521,chewing
5309715.0,-0.724121,1.838379,0.07373,0.014123,0.042634,-0.089798,0.293457,-1.888184,0.722168,-0.09193,0.147087,0.001332,chewing
5309725.0,-0.717773,1.84668,0.077148,-0.03091,0.117243,-0.049029,0.306152,-1.893066,0.719238,-0.070346,0.163075,-0.024515,chewing
5309735.0,-0.718262,1.847168,0.076172,-0.063152,0.131632,-0.00906,0.294922,-1.88916,0.723145,-0.055158,0.160943,-0.03011,chewing
5309745.0,-0.745117,1.853516,0.078613,-0.045032,0.099124,-0.034907,0.291992,-1.885254,0.716797,-0.057023,0.166273,-0.027446,chewing
5309755.0,-0.724609,1.850586,0.071777,-0.010658,0.078074,-0.016521,0.289551,-1.874512,0.725098,-0.038104,0.157213,-0.002931,chewing
5309765.0,-0.729492,1.86084,0.05957,0.011724,0.119109,-0.016254,0.296875,-1.876465,0.733398,-0.064217,0.215035,0.001066,chewing
5309775.0,-0.722656,1.861328,0.068848,0.022916,0.104986,-0.003997,0.282715,-1.887695,0.722656,-0.051161,0.25687,-0.063951,chewing
5309785.0,-0.736328,1.833984,0.064453,0.018652,0.141492,0.00906,0.283691,-1.884766,0.740723,-0.040236,0.280319,-0.083136,chewing
5309795.0,-0.727539,1.830078,0.075195,0.047963,0.147087,-0.001332,0.280762,-1.888184,0.711426,-0.042101,0.24408,-0.072211,chewing
5309805.0,-0.714844,1.836914,0.086426,0.044233,0.172135,0.011458,0.292969,-1.901367,0.70166,0.007727,0.192119,-0.088466,chewing
5309815.0,-0.712891,1.849121,0.074707,0.068481,0.162276,-0.000533,0.294434,-1.902832,0.702148,0.011991,0.110049,-0.058622,chewing
5309825.0,-0.722168,1.854004,0.070312,0.079939,0.123106,0.034907,0.294922,-1.911133,0.687988,0.024248,0.006662,-0.015455,chewing
5309835.0,-0.711426,1.859375,0.056641,0.067149,0.114312,0.025847,0.322754,-1.893555,0.703613,0.007194,-0.016787,-0.016787,chewing
5309845.0,-0.707031,1.858887,0.061523,0.099391,0.115112,0.015188,0.28418,-1.898926,0.709961,0.006662,-0.053825,0.00826,chewing
5309855.0,-0.719238,1.825195,0.086914,0.091663,0.100723,0.028778,0.27832,-1.919434,0.696777,0.008793,-0.075409,0.03091,chewing
5309865.0,-0.696777,1.82373,0.072266,0.085268,0.108717,0.019718,0.28418,-1.898438,0.699219,0.021051,-0.079139,0.038104,chewing
5309875.0,-0.713867,1.821777,0.058105,0.061286,0.147887,0.028778,0.280273,-1.90332,0.702637,0.045032,-0.088732,0.031443,chewing
5309885.0,-0.724121,1.818848,0.06543,0.059421,0.147354,0.029311,0.287109,-1.88916,0.705078,0.067415,-0.092995,0.002132,chewing
5309895.0,-0.733398,1.813477,0.066406,0.060487,0.124704,-0.041302,0.284668,-1.897461,0.717773,0.067948,-0.111648,-0.005063,chewing
5309905.0,-0.723633,1.824219,0.058594,0.062619,0.087666,-0.040502,0.29834,-1.894043,0.708008,0.044499,-0.127103,0.046897,chewing
5309915.0,-0.737793,1.79834,0.067383,0.058888,0.091663,-0.029044,0.304688,-1.902344,0.69873,0.059155,-0.128701,0.045565,chewing
5309925.0,-0.723633,1.793457,0.077637,0.074343,0.151617,0.002665,0.30957,-1.874023,0.724609,0.077807,-0.070613,-0.01359,chewing
5309935.0,-0.72168,1.820313,0.050293,0.029577,0.214236,0.051161,0.29834,-1.867188,0.743164,0.095926,-0.012257,-0.079939,chewing
5309945.0,-0.738281,1.828125,0.056152,0.01732,0.201179,0.044233,0.308105,-1.854492,0.765137,0.144689,-0.041302,-0.093795,chewing
5309955.0,-0.712402,1.837402,0.061523,-0.025847,0.140426,0.025847,0.299805,-1.851563,0.734863,0.133498,-0.049029,-0.093262,chewing
5309965.0,-0.702637,1.827637,0.085937,0.018919,0.113513,-0.015188,0.300293,-1.887207,0.719727,0.146021,-0.054092,-0.076475,chewing
5309975.0,-0.698242,1.835938,0.084473,0.055957,0.093528,-0.019985,0.303223,-1.888672,0.711914,0.147887,-0.07008,-0.07381,chewing
5309985.0,-0.713867,1.846191,0.072754,0.07834,0.038104,0.006395,0.297852,-1.884766,0.725098,0.133498,-0.084735,-0.059954,chewing
5309995.0,-0.70166,1.839844,0.064941,0.11298,-0.013856,-0.014123,0.287598,-1.881348,0.743652,0.095394,-0.069014,-0.024515,chewing
5310005.0,-0.705078,1.86377,0.058105,0.146288,-0.017853,-0.000266,0.275879,-1.88623,0.747559,0.083936,-0.077807,-0.019452,chewing
5310015.0,-0.743652,1.859375,0.061523,0.14309,-0.03011,0.025314,0.282715,-1.873047,0.761719,0.09193,-0.067415,-0.027979,chewing
5310025.0,-0.753418,1.834961,0.052246,0.141758,-0.040236,0.044233,0.322266,-1.887695,0.745605,0.058622,-0.031176,-0.037038,chewing
5310035.0,-0.747559,1.845703,0.048828,0.191853,-0.0437,0.041835,0.290527,-1.879395,0.748535,0.066349,0.006129,-0.093795,chewing
5310045.0,-0.73877,1.837402,0.061035,0.237951,-0.081538,0.043167,0.28125,-1.878418,0.726562,0.108184,-0.019452,-0.134031,chewing
5310055.0,-0.711914,1.850098,0.058105,0.312028,-0.14309,0.090064,0.276855,-1.889648,0.719238,0.150018,-0.069547,-0.1303,chewing
5310065.0,-0.731445,1.850586,0.0625,0.273391,-0.197715,0.05649,0.287109,-1.870117,0.732422,0.180662,-0.136695,-0.114312,chewing
5310075.0,-0.734863,1.851074,0.086914,0.136429,-0.236885,0.039703,0.287109,-1.887207,0.722656,0.169204,-0.108717,-0.139893,chewing
5310085.0,-0.722656,1.811035,0.08252,-0.006662,-0.242747,-0.031709,0.308105,-1.912109,0.695312,0.11298,-0.008527,-0.175865,chewing
5310095.0,-0.680664,1.855957,0.068359,-0.074876,-0.107651,-0.098858,0.328613,-1.891113,0.68457,0.044233,0.090597,-0.185191,chewing
5310105.0,-0.689941,1.852539,0.018555,-0.252073,-0.029577,-0.03091,0.303711,-1.915527,0.678223,-0.028511,0.164674,-0.151084,chewing
5310115.0,-0.706543,1.837402,0.034668,-0.110315,-0.129501,0.033574,0.317871,-1.85498,0.790039,0.071145,0.074343,-0.136962,chewing
5310125.0,-0.723633,1.83252,0.02002,-0.13483,-0.072478,-0.002665,0.322266,-1.81543,0.814941,0.019985,0.108184,-0.127902,chewing
5310135.0,-0.730957,1.846191,0.031738,-0.142557,-0.015455,0.010392,0.3125,-1.866211,0.79541,0.077541,0.063418,-0.10925,chewing
5310145.0,-0.75293,1.821289,0.061035,-0.140692,-0.085268,0.050095,0.337891,-1.88623,0.731445,0.037305,0.121507,-0.128701,chewing
5310155.0,-0.745117,1.817383,0.071777,-0.14389,-0.106052,0.098591,0.347168,-1.883301,0.742187,0.0874,0.121507,-0.1311,chewing
5310165.0,-0.75,1.836914,0.048828,-0.188123,-0.101256,0.177198,0.344727,-1.838867,0.787598,0.136162,0.039436,-0.143623,chewing
5310175.0,-0.742187,1.832031,0.062988,-0.074876,-0.030643,0.075942,0.267578,-1.893066,0.680176,0.1311,-0.138827,-0.107384,chewing
5310185.0,-0.723145,1.85791,0.05127,-0.035706,-0.092462,0.064217,0.316895,-1.881836,0.738281,0.115378,-0.188389,-0.103654,chewing
5310195.0,-0.696777,1.855469,0.055664,-0.09113,-0.094328,0.065816,0.327637,-1.835938,0.770996,0.041835,0.000266,-0.0437,chewing
5310205.0,-0.710937,1.849121,0.07373,-0.163874,-0.140692,0.141758,0.286133,-1.895508,0.725098,-0.012257,0.105786,-0.080738,chewing
5310215.0,-0.706055,1.837402,0.062988,-0.05649,-0.23875,0.214769,0.333984,-1.939941,0.748535,-0.016787,0.165207,-0.253139,chewing
5310225.0,-0.687988,1.872559,0.054199,0.150818,-0.341605,0.285381,0.288574,-1.858398,0.787109,-0.026113,0.246744,-0.155081,chewing
5310235.0,-0.699707,1.840332,0.030762,0.469773,-0.585951,0.379443,0.302734,-1.870605,0.756836,-0.048496,0.244346,-0.116444,chewing
5310245.0,-0.726074,1.865723,0.148437,0.346934,-0.564101,0.292043,0.34668,-1.850586,0.765625,-0.028511,0.223029,-0.082337,chewing
5310255.0,-0.706543,1.833984,0.097168,-0.015188,-0.255005,0.058355,0.341309,-1.847168,0.754883,-0.032775,0.217966,-0.074609,chewing
5310265.0,-0.71875,1.82373,0.100586,-0.053292,-0.022916,0.061286,0.324707,-1.891602,0.716797,-0.027712,0.105519,-0.009859,chewing
5310275.0,-0.763672,1.781738,0.094727,-0.054625,0.058089,0.061553,0.359375,-1.875977,0.712402,0.014922,0.009859,0.048763,chewing
5310285.0,-0.773437,1.782227,0.098145,0.046098,0.020518,0.040236,0.33252,-1.874023,0.748047,0.022649,-0.032775,0.044233,chewing
5310295.0,-0.73584,1.8125,0.082031,0.075942,0.021583,0.029311,0.313965,-1.87793,0.744629,0.026646,-0.029311,0.036505,chewing
5310305.0,-0.733398,1.816895,0.080566,0.084735,0.03917,0.036772,0.291504,-1.881348,0.760254,-0.009326,0.009859,0.035706,chewing
5310315.0,-0.696777,1.84375,0.080078,0.08207,0.013323,0.054092,0.281738,-1.883789,0.748047,-0.03544,0.056757,-0.009859,chewing
5310325.0,-0.707031,1.841309,0.083496,0.096992,0.041302,0.024248,0.290527,-1.882324,0.751465,-0.069813,0.10019,-0.03544,chewing
5310335.0,-0.701172,1.840332,0.07666,0.114579,0.043167,0.03544,0.302734,-1.86377,0.754395,-0.081271,0.146288,-0.0429,chewing
5310345.0,-0.709961,1.833008,0.09082,0.138028,0.042101,-0.002132,0.325195,-1.869141,0.754883,-0.079939,0.128435,-0.026646,chewing
5310355.0,-0.710937,1.835449,0.080078,0.132432,0.023982,-0.035706,0.324707,-1.859863,0.762695,-0.051427,0.107384,-0.019718,chewing
5310365.0,-0.711426,1.830566,0.07373,0.143623,0.0,-0.0429,0.322754,-1.860352,0.744629,-0.045832,0.079139,-0.036772,chewing
5310375.0,-0.709961,1.839844,0.085937,0.119642,0.020784,-0.033574,0.335938,-1.859863,0.746582,-0.022383,0.07381,-0.03544,chewing
5310385.0,-0.723633,1.842773,0.085449,0.046631,0.07834,-0.04743,0.326172,-1.858398,0.764648,-0.005862,0.087933,-0.046897,chewing
5310395.0,-0.718262,1.841309,0.089355,-0.019718,0.161476,-0.059954,0.34082,-1.866211,0.769531,0.007727,0.096193,-0.041302,chewing
5310405.0,-0.724121,1.848633,0.083496,-0.03917,0.222763,-0.051694,0.316406,-1.867676,0.767578,-0.008527,0.118842,-0.037038,chewing
5310415.0,-0.712891,1.839844,0.08252,-0.041835,0.264331,-0.014922,0.317383,-1.882813,0.757324,-0.019452,0.123372,-0.029577,chewing
5310425.0,-0.732422,1.827637,0.072754,-0.007461,0.260867,-0.010126,0.317871,-1.86377,0.745605,-0.027712,0.125504,-0.011458,chewing
5310435.0,-0.721191,1.843262,0.067383,0.059421,0.193452,-0.041035,0.30127,-1.882324,0.739258,-0.041035,0.131899,-0.001066,chewing
5310445.0,-0.710449,1.848633,0.066406,0.089798,0.123106,-0.044499,0.300781,-1.887207,0.724121,-0.03011,0.111381,0.009326,chewing
5310455.0,-0.704102,1.853516,0.068848,0.096726,0.082603,-0.029044,0.303223,-1.880371,0.740234,-0.027712,0.088466,-0.037305,chewing
5310465.0,-0.689453,1.870605,0.061523,0.074876,0.090864,0.010392,0.30957,-1.863281,0.759766,-0.028778,0.091397,-0.037038,chewing
5310475.0,-0.694824,1.865234,0.062012,0.056224,0.099657,0.038104,0.314941,-1.872559,0.751465,-0.029844,0.094061,-0.026913,chewing
5310485.0,-0.690918,1.870605,0.071777,0.035706,0.113247,0.027179,0.353516,-1.854492,0.753906,-0.122573,0.16121,0.026913,chewing
5310495.0,-0.651367,1.867676,0.064453,0.040236,0.092462,0.049562,0.407715,-1.839844,0.789551,-0.058622,0.102588,0.071412,chewing
5310505.0,-0.703613,1.827148,0.080566,0.0866,0.057289,0.093528,0.301758,-1.876465,0.741211,-0.033041,0.051427,-0.029844,chewing
5310515.0,-0.743164,1.811035,0.064453,0.140959,-0.033574,0.027979,0.283691,-1.902832,0.695312,0.024781,-0.061553,0.03917,chewing
5310525.0,-0.72168,1.831055,0.066406,0.129767,-0.033308,-0.019452,0.319824,-1.888184,0.730957,-0.000533,-0.116977,0.183326,chewing
5310535.0,-0.72168,1.823242,0.05957,0.135896,-0.030377,0.009593,0.30127,-1.883789,0.761719,-0.013323,-0.101522,0.176665,chewing
5310545.0,-0.740234,1.825195,0.064941,0.140959,-0.006395,0.041302,0.288086,-1.884277,0.760254,-0.084202,0.000266,0.103387,chewing
5310555.0,-0.712402,1.841797,0.057129,0.086334,0.060221,0.069813,0.301758,-1.867676,0.75293,-0.140959,0.105786,0.031176,chewing
5310565.0,-0.710937,1.830566,0.074707,0.173467,0.089798,0.079139,0.310059,-1.865234,0.75293,-0.180129,0.170536,-0.016521,chewing
5310575.0,-0.716309,1.831543,0.059082,0.158545,0.093262,0.06555,0.30127,-1.851563,0.75293,-0.154815,0.174799,-0.02185,chewing
5310585.0,-0.706543,1.838867,0.068359,0.169737,0.050628,0.058355,0.305664,-1.858887,0.748047,-0.116444,0.107118,0.002931,chewing
5310595.0,-0.706543,1.835449,0.057617,0.087933,0.060221,0.018386,0.309082,-1.86084,0.756348,-0.061553,0.041035,0.044766,chewing
5310605.0,-0.721191,1.83252,0.055176,0.058355,0.042368,-0.011991,0.316406,-1.873047,0.75293,-0.037838,-0.015188,0.080205,chewing
5310615.0,-0.722168,1.818848,0.062012,0.078873,-0.007994,-0.019452,0.312012,-1.888672,0.760254,-0.006395,-0.04823,0.097525,chewing
5310625.0,-0.722656,1.84082,0.052246,0.029311,0.028245,-0.015988,0.329102,-1.882324,0.762695,0.002665,-0.056757,0.098858,chewing
5310635.0,-0.719727,1.837891,0.065918,0.046897,0.073277,0.023449,0.310547,-1.876953,0.746094,-0.005596,-0.060487,0.106319,chewing
5310645.0,-0.716797,1.832031,0.050293,0.024515,0.096726,0.049029,0.304199,-1.876953,0.743652,-0.006928,-0.04743,0.078873,chewing
5310655.0,-0.704102,1.827148,0.05957,0.06475,0.107118,0.045032,0.310547,-1.871094,0.742676,0.009593,-0.055691,0.044499,chewing
5310665.0,-0.706543,1.828613,0.068359,0.013323,0.087666,0.018919,0.290039,-1.864258,0.751465,0.017853,-0.049296,0.028778,chewing
5310675.0,-0.709961,1.82373,0.074219,-0.012524,0.067415,0.010658,0.289551,-1.870117,0.748535,0.033841,-0.022383,0.005329,chewing
5310685.0,-0.698242,1.833496,0.078613,-0.030643,0.079406,0.017853,0.283691,-1.885742,0.743652,0.026646,0.004263,0.003464,chewing
5310695.0,-0.725098,1.829102,0.066895,-0.03544,0.083936,0.034907,0.294434,-1.875,0.744141,0.018386,0.0,-0.000799,chewing
5310705.0,-0.713379,1.827148,0.063477,-0.029844,0.090597,0.01359,0.309082,-1.879395,0.751953,0.002931,-0.023182,0.012257,chewing
5310715.0,-0.707031,1.835938,0.076172,-0.036505,0.095926,0.035706,0.31543,-1.881348,0.737305,-0.017853,-0.011724,0.043167,chewing
5310725.0,-0.698242,1.828613,0.054199,-0.016787,0.09193,0.009593,0.321777,-1.870605,0.747559,-0.016254,-0.039703,0.031975,chewing
5310735.0,-0.710937,1.833496,0.060547,0.000266,0.076475,0.041568,0.319824,-1.87793,0.736328,0.001865,-0.051161,0.033041,chewing
5310745.0,-0.722656,1.845703,0.068848,0.030377,0.067415,0.023449,0.303711,-1.867188,0.731445,0.007461,-0.068214,-0.001066,chewing
5310755.0,-0.689941,1.857422,0.063965,0.02638,0.024248,-0.001599,0.30127,-1.858887,0.756348,0.009593,-0.03917,0.012257,chewing
5310765.0,-0.702637,1.863281,0.07666,0.045299,0.002398,0.00906,0.313477,-1.86377,0.776855,0.003997,0.010658,-0.020518,chewing
5310775.0,-0.686035,1.871094,0.061523,0.038104,0.05649,0.053559,0.321289,-1.863281,0.768066,-0.028245,0.077541,-0.04743,chewing
5310785.0,-0.723633,1.82959,0.050293,0.056757,0.083936,0.045832,0.313965,-1.87207,0.755859,-0.070346,0.085002,-0.035706,chewing
5310795.0,-0.705078,1.857422,0.063477,0.059155,0.048763,0.020784,0.311523,-1.879395,0.730469,-0.067415,0.066083,-0.017054,chewing
5310805.0,-0.718262,1.835938,0.067871,0.063418,0.031443,0.006129,0.317871,-1.880371,0.741211,-0.047164,0.018386,-0.007994,chewing
5310815.0,-0.71875,1.839355,0.071289,0.057023,0.030377,-0.026113,0.311523,-1.88623,0.754883,-0.018386,-0.034374,0.005596,chewing
5310825.0,-0.716797,1.84668,0.07373,0.017054,0.022383,-0.044766,0.311523,-1.879883,0.755859,-0.010658,-0.070613,0.040769,chewing
5310835.0,-0.712891,1.851563,0.077148,0.021317,0.017054,-0.041035,0.331055,-1.871582,0.77002,-0.030643,-0.058622,0.019718,chewing
5310845.0,-0.713867,1.822754,0.090332,0.05649,0.014389,-0.033308,0.308594,-1.885742,0.748535,-0.064217,-0.027446,0.019185,chewing
5310855.0,-0.693359,1.848633,0.071289,0.092462,0.055691,0.022383,0.301758,-1.880371,0.74707,-0.077541,0.007727,-0.020251,chewing
5310865.0,-0.694336,1.844727,0.069824,0.097792,0.07834,0.043167,0.303711,-1.865723,0.753906,-0.0874,0.042634,-0.044233,chewing
5310875.0,-0.697266,1.849609,0.077637,0.105786,0.05276,0.053292,0.287598,-1.873535,0.748047,-0.059421,0.064217,-0.05649,chewing
5310885.0,-0.694824,1.834961,0.060059,0.107651,0.053292,0.03091,0.29248,-1.874023,0.751465,-0.026913,0.100989,-0.107651,chewing
5310895.0,-0.70459,1.835449,0.077148,0.107917,0.018919,0.02558,0.29541,-1.885742,0.740723,-0.003464,0.097259,-0.097792,chewing
5310905.0,-0.720703,1.827637,0.069336,0.088732,-0.019185,0.010658,0.3125,-1.882324,0.742676,-0.003997,0.105519,-0.102855,chewing
5310915.0,-0.708984,1.830078,0.052246,0.088732,-0.028245,0.001599,0.335938,-1.87793,0.752441,-0.000799,0.094328,-0.085268,chewing
5310925.0,-0.712402,1.837891,0.054687,0.06475,-0.011991,0.009859,0.332031,-1.882813,0.746094,-0.001865,0.083136,-0.090597,chewing
5310935.0,-0.710449,1.833984,0.0625,0.060487,-0.043433,0.017054,0.334961,-1.865234,0.770996,0.029311,0.061819,-0.098325,chewing
5310945.0,-0.703613,1.839355,0.044434,0.039436,-0.03544,-0.001066,0.322266,-1.864746,0.756836,0.032508,0.057023,-0.088466,chewing
5310955.0,-0.704102,1.853027,0.052734,0.006662,-0.026113,0.02185,0.308594,-1.865234,0.761719,0.061553,0.03917,-0.108184,chewing
5310965.0,-0.703613,1.842773,0.060547,-0.015721,-0.064484,0.029044,0.308105,-1.875488,0.743652,0.084202,0.009859,-0.104187,chewing
5310975.0,-0.710449,1.842773,0.072266,-0.03544,-0.034374,0.00906,0.303223,-1.886719,0.746582,0.074343,0.011191,-0.095394,chewing
5310985.0,-0.71875,1.845703,0.062988,-0.028778,-0.059954,0.031709,0.310059,-1.876953,0.763672,0.055957,0.01279,-0.078873,chewing
5310995.0,-0.711426,1.843262,0.059082,0.007194,-0.081804,0.042368,0.304688,-1.87793,0.77002,0.033041,0.026913,-0.080472,chewing
5311005.0,-0.726074,1.833008,0.049316,-0.017054,-0.026646,0.045832,0.318359,-1.877441,0.768066,-0.001865,0.055691,-0.06555,chewing
5311015.0,-0.710937,1.848145,0.050293,-0.03917,0.01732,0.0429,0.344238,-1.848145,0.773926,-0.004263,0.044499,-0.071945,chewing
5311025.0,-0.727539,1.842285,0.052246,-0.038637,0.015988,0.057289,0.322754,-1.837402,0.775879,-0.010658,0.048496,-0.056757,chewing
5311035.0,-0.719238,1.844238,0.064453,-0.072478,0.061819,0.063685,0.310059,-1.865723,0.72998,-0.013856,0.005063,-0.053026,chewing
5311045.0,-0.736328,1.830566,0.069336,-0.057023,0.07008,0.054625,0.331055,-1.871094,0.756348,0.056757,-0.04743,-0.023182,chewing
5311055.0,-0.724609,1.82666,0.056641,-0.022383,0.060487,0.061553,0.309082,-1.870605,0.772461,0.056224,-0.123106,-0.120708,chewing
5311065.0,-0.72168,1.833496,0.070801,-0.001066,0.059688,0.052493,0.310547,-1.890625,0.75,0.063951,-0.090064,-0.053825,chewing
5311075.0,-0.728516,1.844727,0.063477,-0.024781,0.076208,0.049296,0.33252,-1.885742,0.744629,0.021583,-0.057822,-0.046631,chewing
5311085.0,-0.711914,1.850586,0.062988,-0.056224,0.062619,0.053559,0.299805,-1.871582,0.766602,-0.015188,-0.038104,-0.073011,chewing
5311095.0,-0.713867,1.842773,0.077148,-0.088998,0.01732,0.038637,0.314453,-1.875488,0.734863,-0.060753,0.063951,-0.04743,chewing
5311105.0,-0.687012,1.834473,0.064453,-0.120175,-0.061553,0.02558,0.316895,-1.876953,0.774414,-0.050628,0.097792,-0.070613,chewing
5311115.0,-0.677734,1.861816,0.084961,-0.263798,-0.104453,0.016787,0.317871,-1.866211,0.762207,-0.058622,0.120708,-0.061286,chewing
5311125.0,-0.666016,1.872559,0.072266,-0.543051,-0.316291,0.221697,0.326172,-1.853027,0.780273,-0.055691,0.160943,-0.051427,chewing
5311135.0,-0.684082,1.846191,0.059082,-0.200913,-0.272858,0.120974,0.32666,-1.85498,0.755859,-0.035972,0.157213,-0.05276,chewing
5311145.0,-0.687988,1.839844,0.037598,0.176665,-0.515338,0.217966,0.338867,-1.866699,0.756348,0.00453,0.119908,-0.061553,chewing
5311155.0,-0.695312,1.908691,0.115723,0.401026,-0.733305,0.307231,0.342285,-1.858887,0.787109,0.041302,0.06928,-0.117776,chewing
5311165.0,-0.705566,1.849609,0.168457,-0.117243,-0.295507,-0.049296,0.327637,-1.847168,0.77002,0.017853,0.036239,-0.03464,chewing
5311175.0,-0.664062,1.836426,0.087402,-0.168404,-0.083136,-0.090331,0.31543,-1.879395,0.762695,0.010392,0.022649,0.01279,chewing
5311185.0,-0.716797,1.834473,0.105469,-0.118309,0.021317,-0.001066,0.336426,-1.88623,0.748535,-0.006928,0.011724,0.02185,chewing
5311195.0,-0.734375,1.822754,0.094238,-0.075142,0.014123,0.027446,0.343262,-1.883301,0.73584,-0.019718,0.011191,0.000533,chewing
5311205.0,-0.726074,1.833984,0.10498,0.00906,-0.005862,-0.018386,0.330566,-1.876465,0.739258,-0.02638,0.016254,-0.009593,chewing
5311215.0,-0.722656,1.850586,0.102051,0.069813,-0.011724,-0.047963,0.325195,-1.875488,0.749023,-0.015188,0.017054,-0.038637,chewing
5311225.0,-0.696289,1.864746,0.097168,0.09566,0.014922,-0.00453,0.322754,-1.865723,0.750488,-0.038371,0.023449,-0.022116,chewing
5311235.0,-0.700684,1.856445,0.103516,0.124971,0.080205,0.03091,0.304688,-1.878418,0.758789,-0.033574,0.027179,-0.000266,chewing
5311245.0,-0.703613,1.858398,0.109375,0.140692,0.114046,0.045032,0.307129,-1.877441,0.765625,-0.046631,0.07008,0.000799,chewing
5311255.0,-0.700684,1.856934,0.098145,0.135096,0.139093,0.050628,0.3125,-1.873535,0.754395,-0.053026,0.088998,0.005329,chewing
5311265.0,-0.692871,1.855469,0.108398,0.114845,0.097259,0.056224,0.320801,-1.865723,0.76709,-0.035173,0.075142,-0.02558,chewing
5311275.0,-0.691895,1.854004,0.108887,0.088199,0.093795,0.015721,0.334473,-1.846191,0.757324,-0.019718,0.055158,-0.055424,chewing
5311285.0,-0.704102,1.853027,0.094727,0.081005,0.046631,-0.023182,0.349609,-1.851563,0.777832,-0.015455,0.032508,-0.040236,chewing
5311295.0,-0.689941,1.875977,0.110352,0.062352,0.04823,-0.064217,0.34375,-1.863281,0.768066,-0.012257,-0.003198,0.0,chewing
5311305.0,-0.683594,1.867188,0.087891,0.033308,0.062885,-0.058355,0.355957,-1.858887,0.771484,-0.001066,-0.006129,0.006928,chewing
5311315.0,-0.702148,1.852051,0.09082,0.028511,0.116977,-0.068214,0.342285,-1.859863,0.784668,0.005862,0.018919,0.012524,chewing
5311325.0,-0.71582,1.833984,0.086426,-0.022916,0.17853,-0.036239,0.32373,-1.85791,0.790039,0.001332,0.0429,-0.019452,chewing
5311335.0,-0.739258,1.824707,0.083496,-0.073011,0.216634,0.00373,0.300293,-1.875,0.755859,-0.025314,0.068481,-0.043966,chewing
5311345.0,-0.758789,1.798828,0.093262,-0.094861,0.228891,0.008527,0.349121,-1.853027,0.802246,-0.017054,0.0866,-0.019185,chewing
5311355.0,-0.727051,1.819336,0.082031,-0.06555,0.240083,0.10845,0.297852,-1.87793,0.753418,-0.035972,0.093528,-0.03544,chewing
5311365.0,-0.730469,1.903809,0.078125,-0.208107,0.326949,0.184925,0.364258,-1.835938,0.838867,-0.055424,0.10392,0.081804,chewing
5311375.0,-0.633789,1.831543,0.10498,0.056757,0.080205,0.058355,0.306152,-1.877441,0.758301,-0.114845,0.129767,-0.000533,chewing
5311385.0,-0.70752,1.817871,0.105469,0.195317,-0.035972,0.124438,0.27002,-1.907227,0.711426,-0.028778,0.050361,-0.048496,chewing
5311395.0,-0.699707,1.849121,0.081543,0.220098,-0.09113,-0.010126,0.304199,-1.896973,0.733887,-0.015721,-0.040769,0.059155,chewing
5311405.0,-0.677246,1.870117,0.092285,0.184925,-0.136162,-0.017853,0.321289,-1.880859,0.751465,-0.075409,-0.045565,0.138827,chewing
5311415.0,-0.69873,1.871094,0.078125,0.145222,-0.110049,-0.006129,0.321289,-1.888184,0.760742,-0.13856,-0.018652,0.146821,chewing
5311425.0,-0.703125,1.876953,0.085449,0.111914,-0.067149,0.059155,0.339844,-1.884766,0.751465,-0.188922,-0.001332,0.130567,chewing
5311435.0,-0.707031,1.841309,0.079102,0.090864,0.019718,0.067681,0.36084,-1.860352,0.75,-0.197715,-0.001865,0.075409,chewing
5311445.0,-0.700684,1.847168,0.090332,0.114312,0.062086,0.049296,0.349609,-1.850098,0.744629,-0.162542,0.027979,0.039969,chewing
5311455.0,-0.717285,1.83252,0.080078,0.113513,0.0429,0.052227,0.339844,-1.855469,0.739258,-0.144423,0.029311,0.031176,chewing
5311465.0,-0.711426,1.839355,0.078125,0.123639,0.027179,0.038904,0.320313,-1.869141,0.76709,-0.081804,-0.029844,0.063418,chewing
5311475.0,-0.716797,1.845703,0.087891,0.152683,0.003464,0.026646,0.317871,-1.875488,0.760742,-0.056224,-0.087666,0.092729,chewing
5311485.0,-0.70166,1.855957,0.082031,0.174266,-0.048496,0.00826,0.303223,-1.880371,0.775391,-0.045832,-0.069547,0.087666,chewing
5311495.0,-0.701172,1.853516,0.075684,0.159078,-0.031443,-0.00826,0.310547,-1.880859,0.773926,-0.045565,-0.050628,0.058888,chewing
5311505.0,-0.684082,1.858398,0.080566,0.158012,-0.002931,0.03544,0.298828,-1.865723,0.770996,-0.063152,-0.015455,0.018652,chewing
5311515.0,-0.69043,1.847656,0.091309,0.147887,0.038104,0.037305,0.307129,-1.875977,0.744629,-0.07834,0.000533,0.000533,chewing
5311525.0,-0.699219,1.832031,0.075195,0.146288,0.051694,0.013323,0.308594,-1.870605,0.746582,-0.078873,0.019718,-0.016254,chewing
5311535.0,-0.705566,1.83252,0.085449,0.14762,0.022383,-0.006662,0.328125,-1.859863,0.747559,-0.053559,0.040769,-0.021583,chewing
5311545.0,-0.702148,1.833008,0.089355,0.093262,0.027979,0.016254,0.321289,-1.872559,0.757324,-0.047963,0.037038,-0.011724,chewing
5311555.0,-0.703125,1.835449,0.09082,0.057822,0.045565,0.060487,0.326172,-1.875977,0.753418,-0.022383,0.017853,-0.001599,chewing
5311565.0,-0.685547,1.839355,0.080078,0.029577,0.094861,0.042101,0.321289,-1.881836,0.745117,-0.028778,-0.000266,-0.015455,chewing
5311575.0,-0.692871,1.824707,0.074219,-0.015455,0.096193,0.007194,0.332031,-1.870117,0.74707,-0.018119,0.003198,-0.023715,chewing
5311585.0,-0.693848,1.818848,0.099121,0.007461,0.044499,-0.018652,0.333496,-1.866211,0.751953,-0.0437,0.007461,-0.006928,chewing
5311595.0,-0.674805,1.833496,0.080566,0.025314,-0.029577,-0.02638,0.327148,-1.883789,0.739258,-0.032508,-0.024781,-0.006395,chewing
5311605.0,-0.67334,1.844727,0.089844,-0.001865,-0.055957,-0.023715,0.320801,-1.876465,0.746094,-0.021317,-0.023449,0.02638,chewing
5311615.0,-0.674805,1.853516,0.092285,-0.044499,-0.032508,-0.013057,0.320313,-1.873535,0.740723,-0.013057,-0.019985,0.014922,chewing
5311625.0,-0.693848,1.856445,0.098145,-0.044233,-0.020784,-0.03011,0.318359,-1.869141,0.748047,-0.004796,0.002132,0.008527,chewing
5311635.0,-0.682129,1.865234,0.075195,-0.052227,0.023982,-0.050894,0.326172,-1.89209,0.748047,-0.038637,0.029577,-0.010392,chewing
5311645.0,-0.688477,1.871582,0.086914,-0.034907,0.041302,-0.015188,0.319824,-1.879883,0.756836,-0.066349,0.053026,-0.016254,chewing
5311655.0,-0.705078,1.861328,0.080566,-0.022649,0.075142,-0.007727,0.324707,-1.873535,0.744629,-0.10925,0.099124,-0.006129,chewing
5311665.0,-0.708008,1.859863,0.087402,-0.054625,0.119908,0.011724,0.327637,-1.874023,0.731445,-0.135896,0.092995,0.013856,chewing
5311675.0,-0.722168,1.840332,0.084473,0.041302,0.097525,0.02185,0.319336,-1.87793,0.733887,-0.130567,0.068481,0.034374,chewing
5311685.0,-0.716797,1.862793,0.086426,0.061553,0.103121,0.005862,0.32373,-1.871582,0.749023,-0.10392,0.058355,0.019185,chewing
5311695.0,-0.691406,1.846191,0.097168,0.011191,0.181994,-0.005329,0.324219,-1.864746,0.768066,-0.095127,0.050628,0.007461,chewing
5311705.0,-0.690918,1.854004,0.094727,-0.033841,0.224628,0.006129,0.311523,-1.871582,0.764648,-0.115112,0.063685,-0.014123,chewing
5311715.0,-0.701172,1.838379,0.075195,0.012524,0.197715,-0.019718,0.319336,-1.861816,0.771973,-0.113779,0.073011,-0.027712,chewing
5311725.0,-0.692871,1.844727,0.087402,0.066083,0.112181,-0.057289,0.311035,-1.875488,0.746094,-0.115378,0.056757,-0.010925,chewing
5311735.0,-0.676758,1.85498,0.083496,0.090331,0.053559,-0.041035,0.324707,-1.865234,0.761719,-0.07008,0.011724,0.006662,chewing
5311745.0,-0.688477,1.854492,0.078125,0.101522,0.047164,-0.007194,0.327637,-1.858887,0.777832,-0.009326,-0.020518,0.005063,chewing
5311755.0,-0.700684,1.842285,0.066895,0.208107,-0.020518,0.035972,0.328613,-1.86377,0.806641,0.127103,-0.058888,-0.0429,chewing
5311765.0,-0.694336,1.852051,0.095703,0.316291,-0.150551,0.103654,0.33252,-1.856934,0.781738,0.200113,-0.07834,-0.083403,chewing
5311775.0,-0.6875,1.856934,0.107422,0.333611,-0.239816,0.088466,0.315918,-1.886719,0.725586,0.174533,-0.085002,-0.062619,chewing
5311785.0,-0.683105,1.838379,0.091797,0.33068,-0.259002,0.100989,0.32666,-1.890137,0.724609,0.185724,-0.077008,-0.051161,chewing
5311795.0,-0.679199,1.846191,0.086914,0.245678,-0.209173,0.134031,0.336914,-1.870605,0.740723,0.163608,-0.06102,-0.065017,chewing
5311805.0,-0.705566,1.84375,0.059082,-0.011991,0.041835,0.027712,0.328125,-1.855957,0.752441,0.099657,-0.027979,-0.051694,chewing
5311815.0,-0.717773,1.842285,0.054687,-0.104986,0.116711,-0.009326,0.330078,-1.853027,0.75,0.06102,-0.028778,-0.022649,chewing
5311825.0,-0.738281,1.826172,0.060547,-0.092729,0.070613,0.015455,0.317383,-1.871094,0.773437,0.068747,-0.004796,-0.023182,chewing
5311835.0,-0.717285,1.837402,0.07959,-0.031975,0.030643,-0.016787,0.313965,-1.893555,0.759277,0.060753,0.02638,-0.023449,chewing
5311845.0,-0.687012,1.853516,0.083496,0.022649,0.021583,0.004263,0.325195,-1.884277,0.748047,0.079672,0.045299,-0.035173,chewing
5311855.0,-0.706055,1.854004,0.087891,0.028245,0.025847,0.03011,0.318848,-1.875488,0.756836,0.07834,0.037571,-0.033041,chewing
5311865.0,-0.700684,1.866211,0.070312,0.021051,0.067948,0.014389,0.32959,-1.861328,0.754395,0.064217,0.008793,-0.01279,chewing
5311875.0,-0.713867,1.844727,0.089355,-0.017853,0.099923,0.023449,0.328125,-1.86377,0.762695,0.060753,-0.010392,-0.02638,chewing
5311885.0,-0.720215,1.822266,0.071289,-0.11298,0.186524,0.01279,0.319336,-1.853516,0.754883,0.039969,-0.007727,-0.006395,chewing
5311895.0,-0.69873,1.837891,0.07959,-0.090864,0.156413,0.00453,0.334473,-1.857422,0.777344,0.019185,0.014389,-0.018119,chewing
5311905.0,-0.686523,1.849121,0.077148,-0.019718,0.128435,-0.004263,0.310547,-1.881836,0.76709,-0.005063,0.055691,-0.034374,chewing
5311915.0,-0.639648,1.859375,0.082031,-0.014655,0.150285,0.047963,0.310059,-1.894043,0.756348,-0.002132,0.060753,-0.070346,chewing
5311925.0,-0.711426,1.85791,0.085937,-0.031443,0.120708,0.001332,0.312988,-1.899414,0.747559,0.02185,0.046364,-0.07008,chewing
5311935.0,-0.686523,1.853516,0.073242,-0.024515,0.111914,0.038371,0.311523,-1.874023,0.754395,0.015988,0.025047,-0.076741,chewing
5311945.0,-0.696777,1.836914,0.100098,-0.055957,0.122573,0.016521,0.300781,-1.883301,0.734375,0.027179,-0.006395,-0.084469,chewing
5311955.0,-0.710937,1.832031,0.078613,-0.141492,0.142557,-0.007461,0.337402,-1.862793,0.760742,0.034907,-0.001066,-0.026646,chewing
5311965.0,-0.709473,1.831543,0.077148,-0.13936,0.150285,-0.050095,0.334473,-1.854492,0.780273,0.014123,0.014655,-0.043966,chewing
5311975.0,-0.701172,1.814453,0.07373,-0.118043,0.109783,-0.026113,0.315918,-1.861328,0.759277,-0.000533,0.041035,-0.053559,chewing
5311985.0,-0.69043,1.833984,0.105957,-0.114046,0.120708,-0.012257,0.306152,-1.890137,0.714844,-0.011724,0.02638,-0.043433,chewing
5311995.0,-0.680664,1.832031,0.116699,-0.072211,0.113247,0.006662,0.338379,-1.866699,0.756836,0.00826,0.037571,-0.063951,chewing
5312005.0,-0.666504,1.865723,0.102051,-0.058089,0.115378,0.026646,0.34082,-1.864258,0.754395,-0.003464,0.034374,-0.075675,chewing
5312015.0,-0.672852,1.860352,0.098633,-0.063418,0.072211,0.059688,0.325684,-1.847168,0.796875,-0.002398,0.102855,-0.098591,chewing
5312025.0,-0.691406,1.850098,0.095703,-0.081538,0.044766,0.025047,0.306152,-1.870605,0.75,-0.050361,0.134564,-0.060487,chewing
5312035.0,-0.67627,1.847656,0.104492,-0.124438,-0.029311,0.023449,0.336914,-1.884277,0.76709,-0.033308,0.132432,-0.032508,chewing
5312045.0,-0.693359,1.844238,0.078125,-0.074609,-0.058888,0.024781,0.33252,-1.865723,0.776855,-0.061553,0.174266,-0.060487,chewing
5312055.0,-0.687988,1.861328,0.075684,-0.055424,-0.150285,0.03011,0.32373,-1.860352,0.785156,-0.068481,0.20491,-0.057289,chewing
5312065.0,-0.695312,1.852051,0.055176,0.135363,-0.385838,0.108717,0.335449,-1.859863,0.770508,-0.061553,0.195583,-0.037038,chewing
5312075.0,-0.677734,1.865234,0.064453,0.54385,-0.759685,0.232888,0.349609,-1.850586,0.818848,-0.02638,0.162276,-0.014922,chewing
5312085.0,-0.687988,1.9375,0.124512,0.137228,-0.356527,0.120974,0.350098,-1.839355,0.80957,-0.029044,0.154015,-0.016254,chewing
5312095.0,-0.683594,1.845215,0.136719,-0.097792,-0.160677,-0.067415,0.363281,-1.85498,0.768555,-0.039969,0.121773,-0.00826,chewing
5312105.0,-0.680664,1.853027,0.088379,-0.126303,0.03464,-0.066616,0.357422,-1.862793,0.745117,-0.037838,0.075675,0.03091,chewing
5312115.0,-0.715332,1.83252,0.10498,-0.105786,0.107118,0.002665,0.362793,-1.875,0.749512,-0.025847,0.039703,0.028511,chewing
5312125.0,-0.712402,1.830566,0.106445,0.015988,0.111648,0.081538,0.339844,-1.875,0.75293,-0.020251,0.046364,0.028778,chewing
5312135.0,-0.723145,1.820801,0.088379,0.021051,0.167605,0.049296,0.322266,-1.864746,0.773437,-0.018119,0.053559,0.023982,chewing
5312145.0,-0.713379,1.837402,0.09375,0.06928,0.120708,0.045565,0.297363,-1.854492,0.769531,-0.035972,0.098591,0.023982,chewing
5312155.0,-0.685059,1.848145,0.105957,0.140959,0.06102,0.050894,0.293945,-1.863281,0.761719,-0.052227,0.151084,-0.023449,chewing
5312165.0,-0.677734,1.861816,0.106445,0.185458,0.059688,0.058888,0.29248,-1.863281,0.785156,-0.089265,0.179329,-0.045832,chewing
5312175.0,-0.692383,1.861328,0.089355,0.207841,0.075142,0.07381,0.302734,-1.866699,0.764648,-0.103121,0.215568,-0.055691,chewing
5312185.0,-0.67627,1.851074,0.089844,0.197982,0.066083,0.071145,0.326172,-1.883301,0.76709,-0.084735,0.197449,-0.075409,chewing
5312195.0,-0.69043,1.841797,0.085937,0.155614,0.077008,0.088732,0.345703,-1.871094,0.770996,-0.078873,0.188389,-0.067149,chewing
5312205.0,-0.678711,1.839355,0.103516,0.089531,0.108184,0.059954,0.354492,-1.851074,0.768066,-0.06475,0.168404,-0.057289,chewing
5312215.0,-0.702148,1.822266,0.103516,0.080738,0.124704,0.042634,0.345703,-1.85791,0.766113,-0.059688,0.140426,-0.044233,chewing
5312225.0,-0.70459,1.824219,0.091797,0.048763,0.130567,0.008527,0.347168,-1.86377,0.76123,-0.043966,0.096992,-0.029044,chewing
5312235.0,-0.701172,1.844727,0.083008,0.015188,0.143623,-0.011991,0.335449,-1.861816,0.774902,-0.034374,0.055158,0.001599,chewing
5312245.0,-0.699219,1.847656,0.075195,-0.017853,0.187856,-0.051427,0.345703,-1.833496,0.793457,-0.041302,0.093795,0.004796,chewing
5312255.0,-0.708984,1.863281,0.08252,-0.033041,0.204643,-0.05276,0.273926,-1.871582,0.713379,-0.075409,0.08287,-0.005329,chewing
5312265.0,-0.706055,1.846191,0.04248,0.000799,0.193452,-0.023715,0.34082,-1.852051,0.793945,-0.045299,0.076475,0.045832,chewing
5312275.0,-0.678711,1.808105,0.072754,0.10392,0.192652,-0.121507,0.298828,-1.875,0.796875,-0.051161,0.072744,0.027979,chewing
5312285.0,-0.729492,1.82959,0.081055,0.247277,-0.032775,0.053292,0.265625,-1.899414,0.751953,-0.054092,0.085534,-0.015721,chewing
5312295.0,-0.710937,1.843262,0.084961,0.234487,-0.038371,0.02558,0.30127,-1.890137,0.744629,-0.062352,0.029844,0.027179,chewing
5312305.0,-0.714355,1.86084,0.070801,0.205709,-0.03917,0.026113,0.328613,-1.881836,0.764648,-0.090864,0.031443,0.086067,chewing
5312315.0,-0.696289,1.868652,0.078125,0.171868,0.013057,0.007194,0.332031,-1.876465,0.755859,-0.13483,0.083136,0.034374,chewing
5312325.0,-0.683594,1.874512,0.085449,0.149752,0.07381,0.032508,0.342285,-1.866211,0.762695,-0.147887,0.118309,0.026113,chewing
5312335.0,-0.663086,1.861816,0.084961,0.147087,0.107651,0.071678,0.340332,-1.854492,0.768066,-0.167871,0.150285,-0.01279,chewing
5312345.0,-0.669434,1.839355,0.071777,0.167605,0.114579,0.050095,0.345215,-1.856445,0.750977,-0.173734,0.144423,-0.0429,chewing
5312355.0,-0.676758,1.849121,0.078613,0.219299,0.036505,0.063951,0.336426,-1.869629,0.745605,-0.121507,0.106052,-0.033041,chewing
5312365.0,-0.706543,1.852051,0.077637,0.229691,-0.022116,0.03011,0.330078,-1.871582,0.754883,-0.096992,0.054358,-0.001332,chewing
5312375.0,-0.69873,1.844727,0.078125,0.194518,-0.014655,0.000266,0.321777,-1.891602,0.749023,-0.091663,0.024515,0.063152,chewing
5312385.0,-0.686523,1.85791,0.089355,0.147354,0.004796,0.004263,0.314453,-1.89502,0.758789,-0.105786,0.007994,0.103654,chewing
5312395.0,-0.693848,1.839355,0.081543,0.132165,0.028245,0.010126,0.319336,-1.901855,0.745117,-0.116977,0.036505,0.080472,chewing
5312405.0,-0.695312,1.833008,0.075684,0.110582,0.042368,0.010392,0.314941,-1.882813,0.74707,-0.169204,0.08287,0.060753,chewing
5312415.0,-0.688965,1.835449,0.068359,0.12124,0.011991,0.009593,0.314453,-1.875,0.753906,-0.170003,0.097259,0.024781,chewing
5312425.0,-0.682129,1.82666,0.079102,0.120175,0.00453,0.015455,0.314453,-1.866699,0.744141,-0.168138,0.107917,0.036505,chewing
5312435.0,-0.690918,1.839844,0.076172,0.0866,0.019185,0.011191,0.314453,-1.856445,0.766113,-0.116444,0.087133,0.029044,chewing
5312445.0,-0.67334,1.845703,0.074219,0.074343,0.018919,0.016787,0.307129,-1.866699,0.73584,-0.1303,0.104187,0.012257,chewing
5312455.0,-0.693359,1.851563,0.070801,0.014389,0.053026,-0.006129,0.310059,-1.875488,0.731934,-0.093262,0.09193,0.002931,chewing
5312465.0,-0.708008,1.844727,0.061523,0.010126,0.047164,-0.002132,0.306152,-1.878418,0.750488,-0.090597,0.075942,-0.00373,chewing
5312475.0,-0.698242,1.850098,0.087402,0.002665,0.039969,0.005596,0.312988,-1.883789,0.756348,-0.107651,0.071412,0.003997,chewing
5312485.0,-0.698242,1.842285,0.072754,0.012524,0.059954,0.009326,0.314941,-1.893066,0.737793,-0.115911,0.064484,-0.003464,chewing
5312495.0,-0.695312,1.830566,0.091797,0.00906,0.054625,0.000799,0.330566,-1.893555,0.730469,-0.124172,0.080472,-0.019185,chewing
5312505.0,-0.686035,1.839355,0.082031,-0.02185,0.068747,-0.011724,0.33252,-1.879883,0.73291,-0.111648,0.090864,-0.020251,chewing
5312515.0,-0.696777,1.842773,0.081055,-0.017054,0.054092,0.006928,0.317383,-1.868652,0.750977,-0.081005,0.062086,-0.028511,chewing
5312525.0,-0.693848,1.851563,0.077637,-0.036239,0.074343,0.018386,0.327148,-1.865234,0.753906,-0.080472,0.044766,-0.003464,chewing
5312535.0,-0.695801,1.862793,0.066895,-0.019985,0.092462,0.006662,0.318359,-1.870117,0.746582,-0.026646,0.01732,0.0,chewing
5312545.0,-0.694336,1.868164,0.071777,0.031443,0.050628,0.007461,0.316406,-1.863281,0.737793,-0.00373,0.01279,-0.005596,chewing
5312555.0,-0.697266,1.863281,0.070312,0.06928,0.031443,0.007994,0.312988,-1.861328,0.750977,0.03011,-0.002931,-0.034107,chewing
5312565.0,-0.694824,1.855957,0.069824,0.066349,0.022383,-0.004796,0.3125,-1.864746,0.750977,0.024781,0.00373,-0.027179,chewing
5312575.0,-0.672363,1.859375,0.088867,0.075942,0.023449,0.01732,0.31543,-1.887207,0.749512,0.019452,0.008527,-0.034107,chewing
5312585.0,-0.693359,1.838867,0.088867,0.084469,0.009859,0.023715,0.308594,-1.876953,0.750488,0.015988,0.014123,-0.021051,chewing
5312595.0,-0.689453,1.855957,0.086914,0.059155,0.011191,0.036505,0.322266,-1.87793,0.745605,0.001599,0.036772,-0.037571,chewing
5312605.0,-0.698242,1.847656,0.097168,0.066882,0.015988,0.009859,0.338867,-1.883301,0.729004,-0.032775,0.049828,-0.031709,chewing
5312615.0,-0.700195,1.839355,0.072754,0.07008,0.03011,0.020251,0.327148,-1.886719,0.742676,-0.038104,0.059421,-0.032775,chewing
5312625.0,-0.699219,1.844727,0.067871,0.067149,0.044233,0.041035,0.322754,-1.883789,0.732422,-0.058355,0.07008,-0.041302,chewing
5312635.0,-0.680664,1.844238,0.07373,0.073011,0.053825,0.038371,0.322266,-1.872559,0.739746,-0.038104,0.057023,-0.009593,chewing
5312645.0,-0.690918,1.84082,0.073242,0.073011,0.04743,0.053292,0.319824,-1.869629,0.741211,-0.010925,0.030643,-0.003997,chewing
5312655.0,-0.695312,1.839355,0.080566,0.068481,0.009859,0.049562,0.304688,-1.858887,0.749023,0.023182,0.008793,0.009859,chewing
5312665.0,-0.717773,1.838379,0.072754,0.102055,-0.035173,0.027979,0.301758,-1.868652,0.752441,0.048496,-0.014123,0.006662,chewing
5312675.0,-0.711426,1.841797,0.08252,0.10925,-0.072744,-0.00453,0.306641,-1.877441,0.755859,0.059421,-0.003997,0.002398,chewing
5312685.0,-0.703613,1.863281,0.071777,0.055424,-0.023182,-0.018652,0.320801,-1.882813,0.74707,0.030377,0.011991,-0.006928,chewing
5312695.0,-0.692383,1.844727,0.080566,0.052493,-0.00906,-0.006395,0.32373,-1.883789,0.736328,0.014123,0.020251,-0.001599,chewing
5312705.0,-0.685547,1.839355,0.070801,0.061286,0.018386,0.023182,0.342773,-1.881348,0.743652,0.0,0.020518,-0.022649,chewing
5312715.0,-0.681641,1.836914,0.070312,0.060221,0.017587,0.001599,0.334473,-1.883789,0.746094,-0.01359,0.015988,-0.007194,chewing
5312725.0,-0.694824,1.832031,0.069336,0.077541,-0.018119,-0.007194,0.324219,-1.871094,0.752441,0.006928,0.003198,-0.018119,chewing
5312735.0,-0.683594,1.828613,0.083008,0.088998,-0.050361,-0.015988,0.319824,-1.862305,0.751953,0.031709,-0.001066,-0.027179,chewing
5312745.0,-0.695801,1.851074,0.073242,0.057289,-0.022649,-0.018919,0.308105,-1.856934,0.76709,0.047697,0.002931,-0.044499,chewing
5312755.0,-0.69873,1.854492,0.064941,0.050894,0.03091,-0.014389,0.311523,-1.85498,0.757812,0.061819,0.01279,-0.05649,chewing
5312765.0,-0.701172,1.837402,0.060059,0.033574,0.054625,0.006928,0.314453,-1.858887,0.757324,0.062086,0.029577,-0.054358,chewing
5312775.0,-0.709961,1.836426,0.067383,0.075409,0.049828,0.006662,0.317383,-1.868164,0.747559,0.058355,0.044766,-0.062086,chewing
5312785.0,-0.688477,1.851074,0.061035,0.077541,0.031176,-0.017054,0.314941,-1.881348,0.758789,0.055158,0.032242,-0.057023,chewing
5312795.0,-0.681152,1.851074,0.076172,0.05649,0.017587,-0.015188,0.330078,-1.879395,0.76123,0.018119,0.033841,-0.035706,chewing
5312805.0,-0.689941,1.84668,0.07373,0.011191,0.025047,-0.016787,0.331543,-1.877441,0.76123,0.009593,0.047963,-0.026113,chewing
5312815.0,-0.711914,1.842285,0.072754,-0.002132,0.043167,-0.006662,0.338379,-1.869141,0.774902,0.033574,0.015721,-0.029577,chewing
5312825.0,-0.70752,1.853516,0.059082,-0.029577,0.110049,0.012257,0.323242,-1.86084,0.775391,0.068214,-0.03544,-0.016254,chewing
5312835.0,-0.705078,1.859863,0.07666,-0.032242,0.156413,0.023982,0.318359,-1.86377,0.766602,0.10019,-0.042368,-0.032775,chewing
5312845.0,-0.708008,1.848145,0.080566,-0.051161,0.196649,-0.001332,0.32666,-1.874023,0.752441,0.130034,-0.031443,-0.05196,chewing
5312855.0,-0.699707,1.863281,0.085937,-0.056224,0.208374,0.014123,0.319336,-1.883301,0.735352,0.147354,-0.015188,-0.100989,chewing
5312865.0,-0.675781,1.858398,0.080078,-0.062086,0.205975,0.060487,0.313477,-1.871582,0.757812,0.157213,-0.001865,-0.091397,chewing
5312875.0,-0.681641,1.854492,0.108398,-0.066616,0.179329,0.055424,0.294434,-1.872559,0.748047,0.142025,-0.026913,-0.071145,chewing
5312885.0,-0.673828,1.839844,0.095703,-0.102322,0.131632,-0.035972,0.291016,-1.910645,0.716309,0.144956,-0.081271,-0.022916,chewing
5312895.0,-0.688965,1.846191,0.073242,-0.055424,0.032508,-0.053559,0.327637,-1.871582,0.755859,0.145222,-0.098858,-0.03544,chewing
5312905.0,-0.654297,1.853516,0.08252,-0.042368,-0.022916,-0.04743,0.340332,-1.884277,0.759277,0.083403,-0.047963,-0.06555,chewing
5312915.0,-0.647949,1.868164,0.089355,0.002665,-0.022383,-0.005596,0.333008,-1.892578,0.749023,0.062352,0.005063,-0.106851,chewing
5312925.0,-0.668457,1.865723,0.098633,-0.032508,0.010392,0.015188,0.325684,-1.876465,0.732422,0.027979,0.007727,-0.090064,chewing
5312935.0,-0.690918,1.842285,0.072266,-0.071945,0.034107,0.002665,0.331055,-1.875488,0.756348,0.029844,-0.02185,-0.058089,chewing
5312945.0,-0.701172,1.84668,0.072754,-0.096992,0.046897,-0.01732,0.34668,-1.847656,0.765625,0.036772,-0.020251,-0.088732,chewing
5312955.0,-0.714355,1.841309,0.070801,-0.058888,-0.022116,-0.038104,0.315918,-1.847168,0.757812,0.014389,-0.03544,-0.053026,chewing
5312965.0,-0.687012,1.852539,0.071289,-0.097792,-0.033041,-0.049296,0.342773,-1.843262,0.799805,0.019452,0.015721,-0.075675,chewing
5312975.0,-0.710449,1.835938,0.075195,-0.102322,0.014389,0.006928,0.335449,-1.842285,0.80127,-0.033041,0.128168,-0.089531,chewing
5312985.0,-0.699707,1.868652,0.058105,-0.127636,0.0437,0.03091,0.33252,-1.845215,0.811035,-0.046364,0.164407,-0.075675,chewing
5312995.0,-0.705566,1.863281,0.075195,-0.148953,-0.039436,0.009593,0.327148,-1.864258,0.778809,-0.086867,0.247011,-0.080472,chewing
5313005.0,-0.690918,1.848633,0.075684,-0.088998,-0.10845,-0.007727,0.325684,-1.85498,0.794922,-0.089798,0.209706,-0.033308,chewing
5313015.0,-0.683594,1.864746,0.075195,-0.078606,-0.10472,-0.005862,0.352051,-1.874023,0.773437,-0.070346,0.177198,0.001599,chewing
5313025.0,-0.687988,1.852051,0.062012,0.094061,-0.211038,0.075409,0.352051,-1.842285,0.790527,-0.059688,0.143357,0.021051,chewing
5313035.0,-0.693848,1.861816,0.044434,0.213969,-0.324818,0.171868,0.348633,-1.854004,0.78125,-0.058888,0.121773,0.009326,chewing
5313045.0,-0.696777,1.837891,0.041992,0.539587,-0.544116,0.261133,0.342285,-1.866211,0.791016,-0.027179,0.08207,0.031176,chewing
5313055.0,-0.687988,1.861816,0.112305,0.370383,-0.40076,0.150018,0.338379,-1.854492,0.785156,-0.031975,0.054625,0.014655,chewing
5313065.0,-0.701172,1.835449,0.124512,0.057556,-0.110582,0.022116,0.330566,-1.862793,0.792969,-0.041035,0.050628,0.031176,chewing
5313075.0,-0.692383,1.830078,0.114258,0.003464,0.056224,-0.012524,0.321777,-1.875,0.775391,-0.043966,0.065017,0.036772,chewing
5313085.0,-0.717285,1.824219,0.08252,0.012257,0.111115,0.014389,0.317871,-1.875488,0.771973,-0.061553,0.07381,0.00826,chewing
5313095.0,-0.726562,1.800293,0.084473,0.069547,0.08287,0.036772,0.318848,-1.879883,0.760742,-0.033308,0.083669,0.015988,chewing
5313105.0,-0.717773,1.82373,0.095703,0.103121,0.032242,0.021583,0.311035,-1.87207,0.751465,-0.035972,0.075675,0.0,chewing
5313115.0,-0.710449,1.825684,0.097168,0.131632,0.006129,0.025314,0.318359,-1.875,0.762695,-0.038637,0.046897,-0.009326,chewing
5313125.0,-0.702637,1.833496,0.092285,0.181194,-0.03464,-0.006928,0.317383,-1.867188,0.768066,-0.034374,0.027979,-0.007194,chewing
5313135.0,-0.671387,1.862793,0.08252,0.203577,-0.059688,-0.009593,0.331543,-1.86377,0.772461,-0.046364,0.065017,-0.016254,chewing
5313145.0,-0.699219,1.851074,0.091309,0.197182,-0.015455,-0.003997,0.306641,-1.859863,0.773926,-0.061819,0.089265,-0.021583,chewing
5313155.0,-0.673828,1.852539,0.090332,0.16574,0.024248,-0.002132,0.307617,-1.85791,0.783203,-0.050361,0.116444,-0.057556,chewing
5313165.0,-0.704102,1.848633,0.07373,0.126303,0.067415,0.000266,0.324707,-1.862305,0.783691,-0.033041,0.128168,-0.055424,chewing
5313175.0,-0.686523,1.847168,0.084473,0.069813,0.09566,-0.01279,0.330566,-1.867188,0.772461,-0.031709,0.111914,-0.047697,chewing
5313185.0,-0.706543,1.84082,0.089844,0.044766,0.125237,-0.034907,0.330078,-1.852539,0.787109,-0.036505,0.125504,-0.0429,chewing
5313195.0,-0.710937,1.851074,0.077637,-0.006129,0.172135,-0.019718,0.354004,-1.851563,0.796875,-0.056757,0.146021,-0.035706,chewing
5313205.0,-0.716309,1.849609,0.080078,-0.04823,0.203311,0.006395,0.342285,-1.867188,0.774902,-0.063685,0.12577,-0.021583,chewing
5313215.0,-0.699219,1.848145,0.067383,-0.029044,0.171069,0.054092,0.328613,-1.879883,0.75293,-0.083136,0.114845,-0.024781,chewing
5313225.0,-0.681152,1.854492,0.063965,0.017054,0.131366,0.076741,0.331055,-1.86377,0.741211,-0.103654,0.105519,0.023449,chewing
5313235.0,-0.674316,1.855957,0.094238,0.021583,0.1311,0.063418,0.32666,-1.896973,0.748047,-0.128168,0.065017,0.022649,chewing
5313245.0,-0.65625,1.868652,0.064941,0.062885,0.101256,0.038371,0.322266,-1.884766,0.774902,-0.074077,-0.00826,0.057289,chewing
5313255.0,-0.679687,1.862305,0.071289,0.043966,0.067681,-0.014655,0.29834,-1.887207,0.746094,-0.119375,-0.020251,0.083403,chewing
5313265.0,-0.706055,1.848145,0.068848,0.074077,0.02185,-0.028511,0.297852,-1.874023,0.747559,-0.143357,-0.020784,0.112714,chewing
5313275.0,-0.710449,1.850586,0.072754,0.135096,-0.027179,-0.015455,0.317383,-1.878906,0.769531,-0.170802,0.002665,0.145222,chewing
5313285.0,-0.714355,1.84375,0.072266,0.212637,-0.019718,0.033308,0.322266,-1.869629,0.76123,-0.175599,0.018652,0.114579,chewing
5313295.0,-0.706543,1.854492,0.077637,0.208107,0.039436,0.041302,0.317871,-1.871582,0.760742,-0.220364,0.055957,0.112181,chewing
5313305.0,-0.725098,1.821777,0.072754,0.216634,0.045832,0.045832,0.32373,-1.859863,0.762695,-0.228092,0.08287,0.097259,chewing
5313315.0,-0.678711,1.836426,0.076172,0.208107,0.07008,0.061286,0.338379,-1.875,0.73877,-0.227026,0.072744,0.101522,chewing
5313325.0,-0.68457,1.84375,0.09668,0.183859,0.085534,0.031975,0.327637,-1.882324,0.725586,-0.193985,0.038104,0.085268,chewing
5313335.0,-0.683594,1.857422,0.074219,0.10845,0.095127,0.000266,0.32666,-1.87793,0.73291,-0.184392,0.022383,0.075942,chewing
5313345.0,-0.692383,1.854492,0.06543,0.096459,0.074343,-0.015188,0.317871,-1.888184,0.748047,-0.130034,-0.026113,0.0866,chewing
5313355.0,-0.702148,1.862793,0.068359,0.111381,0.066349,-0.0429,0.307129,-1.870117,0.767578,-0.10472,-0.020518,0.059155,chewing
5313365.0,-0.690918,1.852539,0.074707,0.040769,0.131632,-0.050361,0.297852,-1.876953,0.751953,-0.100456,-0.033841,0.049296,chewing
5313375.0,-0.693359,1.841309,0.078613,0.019985,0.163608,-0.031975,0.303711,-1.884277,0.756836,-0.106585,0.003198,0.024248,chewing
5313385.0,-0.692383,1.832031,0.072754,0.015455,0.18679,-0.018386,0.311523,-1.880859,0.743652,-0.131899,0.02185,0.032775,chewing
5313395.0,-0.696289,1.825684,0.063477,-0.028245,0.19132,-0.006662,0.307129,-1.877441,0.744629,-0.104453,0.010126,0.031975,chewing
5313405.0,-0.701172,1.835449,0.065918,-0.048496,0.191587,-0.00453,0.315918,-1.872559,0.75,-0.086067,-0.013856,0.047963,chewing
5313415.0,-0.707031,1.828613,0.075684,-0.074077,0.185991,-0.005596,0.319824,-1.866211,0.744629,-0.057822,-0.021317,0.033308,chewing
5313425.0,-0.703125,1.827637,0.069824,-0.03917,0.14762,-0.005596,0.317383,-1.866699,0.752441,-0.049562,-0.041035,0.025047,chewing
5313435.0,-0.689453,1.84668,0.063477,-0.055691,0.132698,0.03464,0.321777,-1.868652,0.770996,-0.005063,-0.031176,-0.03011,chewing
5313445.0,-0.681641,1.841797,0.068848,-0.033308,0.117776,0.01279,0.32373,-1.862793,0.754395,0.008793,-0.032508,-0.019185,chewing
5313455.0,-0.678711,1.848145,0.083496,0.010392,0.090864,-0.013856,0.318359,-1.869141,0.761719,0.037305,-0.024248,-0.026113,chewing
5313465.0,-0.674805,1.847656,0.073242,0.005596,0.046098,-0.019185,0.334473,-1.868164,0.748047,0.054625,-0.049562,-0.021051,chewing
5313475.0,-0.694824,1.828613,0.085937,-0.007727,0.005862,-0.012257,0.327637,-1.888184,0.740723,0.077807,-0.090331,-0.018652,chewing
5313485.0,-0.700684,1.84082,0.079102,-0.046098,0.031443,-0.022116,0.320313,-1.882324,0.742187,0.107118,-0.115112,-0.007461,chewing
5313495.0,-0.713379,1.84375,0.071289,-0.063418,0.074876,0.010658,0.315918,-1.879395,0.741211,0.083403,-0.099391,-0.013057,chewing
5313505.0,-0.672852,1.896973,0.072754,-0.116711,0.082603,0.032242,0.29834,-1.877441,0.754883,0.093528,-0.09566,-0.021051,chewing
5313515.0,-0.762207,1.803223,0.072266,-0.125504,0.071412,-0.005329,0.304688,-1.875977,0.756348,0.103121,-0.083403,-0.025047,chewing
5313525.0,-0.667969,1.866211,0.08252,-0.121773,0.11751,-0.016787,0.31543,-1.870117,0.757324,0.116444,-0.075942,-0.022116,chewing
5313535.0,-0.666992,1.881836,0.083984,-0.151351,0.090597,-0.023982,0.335938,-1.873535,0.76123,0.129234,-0.064484,-0.038637,chewing
5313545.0,-0.686035,1.847656,0.091309,-0.10845,0.059688,-0.033308,0.320801,-1.865234,0.754883,0.14309,-0.069547,-0.032242,chewing
5313555.0,-0.67334,1.852051,0.093262,-0.086334,0.042101,-0.014655,0.328125,-1.861328,0.765625,0.145489,-0.071945,-0.02558,chewing
5313565.0,-0.69043,1.861328,0.104492,-0.054891,0.014389,0.001066,0.330078,-1.875488,0.749512,0.112714,-0.037571,-0.020518,chewing
5313575.0,-0.686035,1.870117,0.084961,-0.009326,0.029311,0.012257,0.311035,-1.860352,0.740234,0.059155,0.02185,-0.066083,chewing
5313585.0,-0.681641,1.866211,0.092285,0.037838,0.013856,0.001066,0.301758,-1.875,0.743164,0.032775,0.029311,-0.051161,chewing
5313595.0,-0.688477,1.855957,0.077148,0.054358,-0.004796,0.010658,0.303223,-1.876953,0.755859,-0.010392,0.027979,-0.053026,chewing
5313605.0,-0.704102,1.855957,0.081543,0.081804,-0.021583,0.005063,0.309082,-1.883789,0.756836,-0.038637,0.035173,-0.027446,chewing
5313615.0,-0.700195,1.833496,0.079102,0.102322,-0.046897,0.010925,0.320801,-1.869629,0.751953,-0.055424,0.016787,0.019985,chewing
5313625.0,-0.700195,1.839844,0.079102,0.088199,-0.019185,0.025847,0.334961,-1.85498,0.75,-0.053825,0.010658,0.010658,chewing
5313635.0,-0.712891,1.840332,0.074707,0.058888,0.021051,0.015721,0.333496,-1.86377,0.741699,-0.043167,-0.000266,0.008793,chewing
5313645.0,-0.713379,1.833984,0.070801,0.049296,0.039969,0.014655,0.322266,-1.852051,0.775879,-0.019718,-0.02185,0.013057,chewing
5313655.0,-0.70166,1.851563,0.058594,0.0437,0.064484,0.040769,0.325195,-1.861328,0.765137,0.006395,-0.024248,-0.006928,chewing
5313665.0,-0.685547,1.851074,0.076172,0.020784,0.079139,0.054358,0.316895,-1.871094,0.754883,0.02638,-0.016787,-0.008793,chewing
5313675.0,-0.681641,1.858398,0.095215,0.03464,0.080472,0.075409,0.308105,-1.870117,0.771484,0.033574,0.006662,-0.015188,chewing
5313685.0,-0.683105,1.861328,0.085449,0.024248,0.018652,0.081804,0.321777,-1.877441,0.768066,0.032242,0.00826,-0.009859,chewing
5313695.0,-0.662598,1.862793,0.075195,-0.006129,0.03544,0.062352,0.358887,-1.867676,0.75,0.022916,0.018386,-0.055158,chewing
5313705.0,-0.675781,1.855469,0.080566,-0.004263,0.000266,0.051427,0.349609,-1.865723,0.76123,0.01359,0.022116,-0.058622,chewing
5313715.0,-0.67627,1.84668,0.086914,0.011191,-0.0429,0.026113,0.349121,-1.865723,0.749512,0.019985,0.010658,-0.060221,chewing
5313725.0,-0.67334,1.845703,0.090332,0.0,-0.066882,0.018652,0.342773,-1.868652,0.750488,0.044766,-0.024781,-0.049296,chewing
5313735.0,-0.67627,1.835449,0.102051,0.010392,-0.084202,0.01732,0.333008,-1.862793,0.766113,0.086867,-0.032242,-0.060487,chewing
5313745.0,-0.674316,1.845215,0.084473,0.027179,-0.130034,0.046897,0.319336,-1.868652,0.759766,0.114312,-0.055424,-0.035706,chewing
5313755.0,-0.684082,1.865234,0.07959,0.076741,-0.157479,0.072211,0.300293,-1.860352,0.77002,0.143623,-0.058888,-0.042101,chewing
5313765.0,-0.695312,1.854004,0.085937,0.09193,-0.174,0.040502,0.304688,-1.871094,0.762695,0.118043,-0.037838,-0.049828,chewing
5313775.0,-0.69873,1.869629,0.071777,0.074343,-0.148686,0.033308,0.327637,-1.870117,0.782227,0.08207,0.010392,-0.077807,chewing
5313785.0,-0.705566,1.858887,0.071777,0.042368,-0.097259,0.035706,0.314453,-1.868164,0.768066,0.03917,0.021051,-0.087133,chewing
5313795.0,-0.717285,1.845215,0.07959,-0.012524,-0.027712,0.028245,0.332031,-1.866211,0.765137,0.002398,-0.03544,0.027712,chewing
5313805.0,-0.731934,1.842285,0.059082,-0.065283,0.067681,-0.023449,0.363281,-1.866211,0.755371,-0.030377,-0.016254,-0.021051,chewing
5313815.0,-0.695801,1.859375,0.091797,-0.076741,0.061553,-0.019985,0.331543,-1.867676,0.76709,-0.005063,-0.017054,-0.027712,chewing
5313825.0,-0.712891,1.844238,0.102051,-0.067415,0.074343,-0.022916,0.304199,-1.890625,0.728027,0.012257,-0.107917,0.027446,chewing
5313835.0,-0.681152,1.839355,0.098633,0.025047,0.048496,0.02185,0.34375,-1.860352,0.774414,0.080472,-0.176132,0.066083,chewing
5313845.0,-0.67627,1.862793,0.108398,0.080205,0.037038,0.036505,0.363281,-1.850098,0.781738,0.085534,-0.23049,0.119908,chewing
5313855.0,-0.681641,1.854492,0.07666,0.079672,0.020784,0.058355,0.333984,-1.848145,0.791016,0.09566,-0.236885,0.075942,chewing
5313865.0,-0.686035,1.853516,0.100098,0.031975,0.018919,0.032775,0.320801,-1.865234,0.746094,0.055158,-0.189455,0.042634,chewing
5313875.0,-0.690918,1.840332,0.094238,-0.015455,-0.013057,0.005329,0.342773,-1.861816,0.771973,0.043433,-0.117243,0.055424,chewing
5313885.0,-0.675293,1.848145,0.08252,0.025047,-0.057289,-0.04823,0.329102,-1.847168,0.801758,-0.010392,0.002132,-0.015988,chewing
5313895.0,-0.686523,1.85498,0.098633,-0.034107,-0.070879,-0.064484,0.298828,-1.865723,0.754395,-0.062352,0.083936,-0.045565,chewing
5313905.0,-0.691895,1.845703,0.097656,-0.05276,-0.099923,-0.008527,0.321777,-1.862305,0.777832,-0.062086,0.103121,-0.02558,chewing
5313915.0,-0.69043,1.836914,0.09082,-0.045565,-0.113247,0.032508,0.310059,-1.875488,0.764648,-0.060487,0.129234,-0.053559,chewing
5313925.0,-0.707031,1.848145,0.098145,-0.099391,-0.116977,0.063152,0.321777,-1.85498,0.758789,-0.067948,0.121773,-0.039969,chewing
5313935.0,-0.676758,1.84082,0.060059,0.050628,-0.284848,0.154815,0.333984,-1.84668,0.771973,-0.045032,0.110848,-0.003997,chewing
5313945.0,-0.681152,1.855957,0.05957,0.285115,-0.512407,0.239816,0.348633,-1.850098,0.814941,-0.02638,0.077541,-0.002132,chewing
5313955.0,-0.716797,1.879395,0.155273,0.210239,-0.507877,0.137228,0.322266,-1.838867,0.811035,-0.022116,0.102322,-0.028778,chewing
5313965.0,-0.688965,1.843262,0.171875,-0.135363,-0.120974,-0.021583,0.330566,-1.859375,0.775879,-0.037038,0.070613,0.012524,chewing
5313975.0,-0.681152,1.852051,0.109863,-0.104453,0.037571,0.007194,0.356445,-1.876465,0.77002,-0.034374,0.038904,0.049562,chewing
5313985.0,-0.716309,1.836426,0.102051,-0.094861,0.151884,0.07834,0.355957,-1.864258,0.75293,-0.058089,0.023182,0.016787,chewing
5313995.0,-0.724121,1.828125,0.09082,-0.029844,0.151884,0.16121,0.355957,-1.864258,0.765625,-0.02638,0.000266,0.027979,chewing
5314005.0,-0.676758,1.87793,0.112305,0.031443,0.167072,0.231556,0.334473,-1.865723,0.760254,-0.023182,-0.010392,0.017587,chewing
5314015.0,-0.699219,1.856934,0.120605,0.011991,0.247544,0.294441,0.324219,-1.862305,0.771973,0.003997,-0.028778,0.016521,chewing
5314025.0,-0.661621,1.874512,0.116699,0.075942,0.219565,0.244346,0.310059,-1.870605,0.771484,-0.004263,-0.010925,0.032775,chewing
5314035.0,-0.650391,1.882813,0.108887,0.149219,0.107917,0.123106,0.297363,-1.867676,0.772949,-0.018919,0.002931,0.025314,chewing
5314045.0,-0.655273,1.874023,0.118652,0.216368,0.006129,0.040236,0.305664,-1.875488,0.776855,-0.02185,0.027712,0.019452,chewing
5314055.0,-0.652344,1.875,0.09668,0.209706,-0.022649,-0.003997,0.32666,-1.861816,0.782227,-0.038371,0.035972,-0.000266,chewing
5314065.0,-0.670898,1.85791,0.09668,0.190521,-0.00906,-0.031709,0.344727,-1.866211,0.783691,-0.026113,0.021583,0.003464,chewing
5314075.0,-0.685547,1.857422,0.094238,0.152949,0.026913,-0.027446,0.345703,-1.856445,0.769531,-0.005329,0.000266,-0.006662,chewing
5314085.0,-0.708984,1.856445,0.101563,0.076741,0.091397,-0.003464,0.359863,-1.851563,0.785645,0.000533,-0.005596,0.010126,chewing
5314095.0,-0.712891,1.844727,0.100098,0.009593,0.170536,0.006395,0.351074,-1.844238,0.791016,-0.00453,0.017054,-0.014922,chewing
5314105.0,-0.702148,1.842285,0.095215,0.001865,0.194784,0.032775,0.340332,-1.866699,0.793945,-0.02558,0.072478,-0.031176,chewing
5314115.0,-0.689941,1.832031,0.071777,0.011991,0.181194,0.037038,0.316406,-1.865234,0.772949,-0.033841,0.119908,-0.053825,chewing
5314125.0,-0.685547,1.851563,0.079102,-0.019452,0.216368,0.034907,0.315918,-1.881348,0.778809,-0.038371,0.102855,-0.050361,chewing
5314135.0,-0.675293,1.867676,0.101074,-0.011724,0.154815,0.028778,0.345215,-1.858887,0.786133,-0.046098,0.104187,-0.033308,chewing
5314145.0,-0.663574,1.84668,0.085937,0.00373,0.145755,0.026913,0.33252,-1.861816,0.78125,-0.049029,0.084735,0.000266,chewing
5314155.0,-0.680664,1.848145,0.101074,0.025314,0.091663,-0.010925,0.342285,-1.853516,0.768555,-0.072478,0.069813,0.023715,chewing
5314165.0,-0.646973,1.860352,0.106934,-0.023182,0.102055,-0.01359,0.356934,-1.834961,0.772461,-0.148953,0.118309,0.04823,chewing
5314175.0,-0.647461,1.890137,0.105469,-0.053026,0.111648,-0.025847,0.290527,-1.84375,0.597656,-0.296573,0.166006,0.033841,chewing
5314185.0,-0.686523,1.833496,0.073242,0.138028,-0.066882,0.010658,0.308105,-1.879395,0.715332,-0.051427,-0.009326,0.054891,chewing
5314195.0,-0.696289,1.847656,0.093262,0.177198,-0.106585,-0.02638,0.293457,-1.871582,0.742676,-0.054092,-0.10925,0.161743,chewing
5314205.0,-0.680664,1.853516,0.089355,0.22143,-0.149219,-0.03917,0.316895,-1.88623,0.765137,-0.072211,-0.134031,0.261933,chewing
5314215.0,-0.679199,1.851074,0.090332,0.207041,-0.10392,-0.016521,0.313965,-1.888672,0.75,-0.137228,-0.092995,0.243014,chewing
5314225.0,-0.709961,1.847656,0.091797,0.206775,-0.068481,0.016254,0.310059,-1.877441,0.76709,-0.172934,-0.019985,0.175865,chewing
5314235.0,-0.705566,1.833008,0.09375,0.188389,-0.008527,0.05649,0.319824,-1.853516,0.77832,-0.227559,0.096726,0.093262,chewing
5314245.0,-0.682617,1.852539,0.084473,0.223296,-0.00826,0.077541,0.320313,-1.851074,0.775391,-0.243813,0.160677,0.051427,chewing
5314255.0,-0.681152,1.85498,0.087891,0.225161,0.010658,0.063152,0.326172,-1.850586,0.75293,-0.240616,0.184126,0.003464,chewing
5314265.0,-0.656738,1.870605,0.086914,0.196383,0.02638,0.015988,0.328613,-1.870117,0.742676,-0.188123,0.175865,-0.005329,chewing
5314275.0,-0.661133,1.86377,0.089355,0.205443,0.002931,0.033308,0.32373,-1.866699,0.742676,-0.155348,0.120974,-0.012524,chewing
5314285.0,-0.67334,1.858887,0.095703,0.135363,0.032242,0.011724,0.317871,-1.881836,0.744141,-0.120708,0.074609,0.029044,chewing
5314295.0,-0.67627,1.853516,0.103516,0.0866,0.02638,-0.007194,0.326172,-1.891602,0.758789,-0.095127,0.041568,0.032508,chewing
5314305.0,-0.70459,1.838379,0.069824,0.057556,0.030377,-0.031443,0.305176,-1.89209,0.75293,-0.12657,0.026113,0.04743,chewing
5314315.0,-0.69043,1.851074,0.092773,0.072478,0.013856,-0.04743,0.303711,-1.890137,0.76416,-0.114312,0.024515,0.055158,chewing
5314325.0,-0.693359,1.851563,0.07666,0.042101,0.061819,-0.043167,0.308105,-1.857422,0.76123,-0.142025,0.064217,0.054891,chewing
5314335.0,-0.688477,1.850586,0.081055,0.046098,0.07834,-0.029577,0.296875,-1.866211,0.766113,-0.139893,0.083403,0.032508,chewing
5314345.0,-0.677734,1.854004,0.074219,0.045832,0.109783,-0.003198,0.310059,-1.870117,0.763184,-0.128701,0.075675,0.019452,chewing
5314355.0,-0.680664,1.854004,0.095215,0.060487,0.088998,0.000799,0.32373,-1.876465,0.755859,-0.078606,0.065816,-0.001599,chewing
5314365.0,-0.668457,1.878418,0.079102,0.075409,0.070613,0.02185,0.331543,-1.867188,0.771484,-0.037305,0.03011,-0.015188,chewing
5314375.0,-0.677246,1.863281,0.081543,0.026113,0.068481,0.030377,0.319336,-1.861816,0.755859,-0.001599,0.014922,-0.007461,chewing
5314385.0,-0.674805,1.859863,0.086426,0.017853,0.081271,0.031975,0.310547,-1.867676,0.746094,-0.014123,0.005596,0.018919,chewing
5314395.0,-0.661133,1.865723,0.077148,0.033041,0.073544,0.053026,0.323242,-1.869629,0.748047,0.007461,-0.011191,0.028511,chewing
5314405.0,-0.689453,1.84668,0.082031,0.040769,0.06928,0.075142,0.317871,-1.874023,0.745605,0.022916,-0.009859,0.008793,chewing
5314415.0,-0.674316,1.849609,0.079102,0.026913,0.067415,0.072211,0.307617,-1.875977,0.760254,0.028245,-0.021317,0.005329,chewing
5314425.0,-0.687012,1.845703,0.089844,0.043966,0.031709,0.02638,0.297852,-1.874512,0.750488,0.049828,-0.022116,-0.001599,chewing
5314435.0,-0.680664,1.832031,0.083984,0.022649,-0.006395,-0.017587,0.306641,-1.873535,0.756836,0.039969,0.007461,-0.051161,chewing
5314445.0,-0.672852,1.831543,0.068359,-0.006662,-0.00906,-0.022916,0.288574,-1.884766,0.742187,0.024515,0.06475,-0.059954,chewing
5314455.0,-0.65625,1.85498,0.09375,-0.028778,-0.014123,0.029044,0.288086,-1.872559,0.762207,0.007994,0.092995,-0.087933,chewing
5314465.0,-0.657227,1.864258,0.102539,-0.045299,-0.001332,0.053825,0.300781,-1.868652,0.75293,0.002665,0.10019,-0.077541,chewing
5314475.0,-0.670898,1.863281,0.084961,-0.006928,-0.037838,0.045032,0.316406,-1.869629,0.751953,0.020784,0.087133,-0.078074,chewing
5314485.0,-0.666504,1.856445,0.081055,0.043966,-0.12577,0.027979,0.336426,-1.865723,0.749512,0.066616,0.049029,-0.033308,chewing
5314495.0,-0.664062,1.874023,0.085449,0.083669,-0.185191,0.034907,0.335938,-1.866211,0.756836,0.108184,-0.005063,-0.042634,chewing
5314505.0,-0.662109,1.875,0.089844,0.096193,-0.204377,0.03917,0.342285,-1.86377,0.76123,0.163874,-0.069014,-0.035706,chewing
5314515.0,-0.666504,1.87793,0.085937,0.073011,-0.163874,0.03091,0.333984,-1.861328,0.760254,0.188655,-0.10392,-0.044499,chewing
5314525.0,-0.682617,1.854492,0.088379,0.026913,-0.092729,0.031176,0.326172,-1.858398,0.762207,0.196916,-0.090331,-0.065017,chewing
5314535.0,-0.683594,1.853516,0.09375,0.008793,-0.034107,0.036505,0.311035,-1.867188,0.771973,0.195317,-0.053825,-0.088466,chewing
5314545.0,-0.68457,1.84668,0.094238,-0.018919,0.039703,0.069014,0.296387,-1.869141,0.768066,0.179596,-0.017853,-0.113513,chewing
5314555.0,-0.684082,1.852539,0.10498,-0.04743,0.102322,0.062885,0.345703,-1.857422,0.743652,0.170802,0.014655,-0.132165,chewing
5314565.0,-0.663086,1.84375,0.095215,-0.028245,0.135896,0.059421,0.296387,-1.874512,0.78125,0.171335,-0.003464,-0.142291,chewing
5314575.0,-0.689453,1.847656,0.097656,-0.041835,0.106851,0.036772,0.304688,-1.873535,0.751465,0.116444,0.032242,-0.144156,chewing
5314585.0,-0.644043,1.839844,0.104492,-0.07834,0.141758,0.012524,0.322754,-1.879883,0.748047,0.04743,0.06555,-0.116444,chewing
5314595.0,-0.663086,1.853027,0.077148,-0.090064,0.154015,0.003198,0.331055,-1.856445,0.769043,0.025314,0.075409,-0.077807,chewing
5314605.0,-0.696777,1.848145,0.068848,-0.057289,0.060221,-0.017054,0.346191,-1.854492,0.771973,-0.018919,0.076208,-0.055424,chewing
5314615.0,-0.669922,1.866699,0.081055,-0.0437,0.027179,-0.045832,0.340332,-1.849121,0.784668,-0.021051,0.070346,-0.03544,chewing
5314625.0,-0.661133,1.867188,0.091309,-0.057289,0.014123,-0.066616,0.33252,-1.85498,0.760742,0.001865,0.021317,-0.020251,chewing
5314635.0,-0.692871,1.862793,0.088867,-0.070879,0.00373,-0.068214,0.33252,-1.877441,0.779297,0.027979,-0.004796,-0.003464,chewing
5314645.0,-0.679199,1.857422,0.092773,-0.074343,0.021317,-0.06102,0.345215,-1.863281,0.780273,0.031709,-0.024781,0.016521,chewing
5314655.0,-0.685059,1.864258,0.083984,-0.06475,0.050361,-0.039703,0.325684,-1.848633,0.786133,0.022116,-0.011991,-0.006928,chewing
5314665.0,-0.680664,1.869141,0.078613,-0.089798,0.085002,-0.003997,0.319336,-1.876465,0.774414,0.023449,-0.057289,-0.053825,chewing
5314675.0,-0.70166,1.853516,0.095215,-0.110582,0.137495,0.001599,0.321289,-1.867188,0.770996,0.001865,-0.023182,0.02185,chewing
5314685.0,-0.696289,1.834473,0.09082,-0.112181,0.170003,0.029311,0.329102,-1.857422,0.782715,-0.019985,0.023182,0.011191,chewing
5314695.0,-0.691895,1.834473,0.080078,-0.046098,0.180395,0.039703,0.319824,-1.858398,0.773437,-0.051161,0.06475,-0.005596,chewing
5314705.0,-0.668457,1.849609,0.108887,-0.055424,0.184392,0.006129,0.306152,-1.877441,0.750488,-0.045565,0.059421,-0.009326,chewing
5314715.0,-0.65332,1.868652,0.080566,0.011191,0.134564,0.012257,0.323242,-1.855469,0.784668,-0.030377,0.063152,-0.017853,chewing
5314725.0,-0.661133,1.871582,0.085937,0.005596,0.13856,0.019185,0.320801,-1.851563,0.787109,-0.042101,0.062619,-0.058089,chewing
5314735.0,-0.644531,1.871582,0.106445,-0.029577,0.121773,0.02638,0.338867,-1.858398,0.774414,-0.031443,0.085801,-0.058622,chewing
5314745.0,-0.64209,1.863281,0.103516,-0.028778,0.075675,0.054358,0.34082,-1.853027,0.782227,-0.048496,0.108983,-0.076741,chewing
5314755.0,-0.629395,1.875,0.092773,-0.066083,0.070613,0.08207,0.333008,-1.865234,0.789551,-0.045832,0.101789,-0.053825,chewing
5314765.0,-0.637207,1.873535,0.09668,-0.05276,0.071678,0.129767,0.335938,-1.855469,0.821777,-0.057556,0.130034,-0.025047,chewing
5314775.0,-0.634766,1.875488,0.113281,-0.114312,0.090064,0.152683,0.328125,-1.880371,0.791016,-0.081005,0.154548,-0.022383,chewing
5314785.0,-0.65625,1.869141,0.109375,-0.094061,0.066616,0.213703,0.348145,-1.864258,0.765625,-0.104453,0.184658,-0.035706,chewing
5314795.0,-0.651367,1.862305,0.088867,-0.000266,-0.039969,0.276322,0.347168,-1.856445,0.771973,-0.081005,0.182527,-0.059421,chewing
5314805.0,-0.669434,1.861816,0.046875,0.33521,-0.36159,0.389302,0.330078,-1.849609,0.776367,-0.057822,0.186257,-0.072478,chewing
5314815.0,-0.684082,1.914551,0.13916,0.463645,-0.507877,0.383173,0.335449,-1.821777,0.805664,-0.032242,0.17773,-0.09193,chewing
5314825.0,-0.704102,1.865234,0.155762,0.03464,-0.145755,0.097259,0.304688,-1.853027,0.782227,-0.0437,0.128968,-0.028245,chewing
5314835.0,-0.661133,1.868164,0.129883,0.018919,0.022383,0.05276,0.321289,-1.879395,0.766602,-0.048496,0.106585,0.002132,chewing
5314845.0,-0.70166,1.824219,0.061035,-0.057822,0.292576,0.010925,0.322266,-1.874512,0.765137,-0.052227,0.095926,-0.025047,chewing
5314855.0,-0.698242,1.8125,0.11377,0.068214,0.090597,-0.015455,0.320801,-1.878906,0.764648,-0.062352,0.100989,-0.037038,chewing
5314865.0,-0.711914,1.853516,0.130859,0.064484,0.148953,0.105253,0.333008,-1.869629,0.753906,-0.063685,0.108983,-0.036505,chewing
5314875.0,-0.663086,1.881836,0.111816,0.114579,0.122839,0.135896,0.329102,-1.861328,0.76123,-0.07381,0.10845,-0.043167,chewing
5314885.0,-0.65332,1.882813,0.100586,0.126836,0.082603,0.12657,0.334961,-1.86084,0.769531,-0.067681,0.084202,-0.03091,chewing
5314895.0,-0.647461,1.858887,0.107422,0.13936,0.039436,0.07008,0.332031,-1.85498,0.760742,-0.060221,0.073544,-0.01732,chewing
5314905.0,-0.634277,1.861328,0.107422,0.156147,0.003997,-0.002398,0.324219,-1.870117,0.771484,-0.060221,0.063951,-0.007994,chewing
5314915.0,-0.636719,1.876953,0.11377,0.136429,-0.012257,-0.038104,0.325195,-1.871094,0.769043,-0.051427,0.058622,-0.00453,chewing
5314925.0,-0.652344,1.85498,0.102051,0.122573,-0.000266,-0.041302,0.32373,-1.871094,0.771973,-0.034907,0.062885,0.001599,chewing
5314935.0,-0.664551,1.844727,0.106934,0.132698,-0.017054,-0.03917,0.333008,-1.870605,0.772461,-0.03917,0.06102,-0.014655,chewing
5314945.0,-0.687012,1.84668,0.119141,0.151351,-0.015988,-0.021051,0.333008,-1.862793,0.778809,-0.038371,0.070879,-0.027446,chewing
5314955.0,-0.67334,1.85791,0.094727,0.149752,-0.017853,-0.015188,0.325195,-1.862793,0.768555,-0.033574,0.076741,-0.035706,chewing
5314965.0,-0.675781,1.838867,0.091309,0.112447,0.026646,0.013323,0.343262,-1.858887,0.767578,-0.03091,0.079139,-0.033841,chewing
5314975.0,-0.665039,1.857422,0.095703,0.046098,0.098591,0.010126,0.325684,-1.856934,0.769043,-0.015721,0.077274,-0.035706,chewing
5314985.0,-0.658691,1.86084,0.101074,0.013856,0.147354,0.018652,0.32373,-1.839355,0.795898,-0.011724,0.098858,-0.07008,chewing
5314995.0,-0.667969,1.853516,0.089844,0.009859,0.185724,-0.010392,0.318359,-1.84082,0.794434,-0.042101,0.151617,-0.091663,chewing
5315005.0,-0.670898,1.859863,0.096191,0.012257,0.158279,-0.012524,0.303711,-1.859863,0.791504,-0.055424,0.198781,-0.104187,chewing
5315015.0,-0.673828,1.861328,0.099121,-0.006928,0.175332,0.002398,0.3125,-1.871582,0.788086,-0.063418,0.195583,-0.072478,chewing
5315025.0,-0.672852,1.858887,0.103027,0.00453,0.16947,0.036505,0.314453,-1.873047,0.759277,-0.080738,0.194518,-0.021583,chewing
5315035.0,-0.67041,1.860352,0.070312,-0.002132,0.193185,0.066083,0.332031,-1.871094,0.776855,-0.092462,0.180928,0.00373,chewing
5315045.0,-0.666504,1.855957,0.112305,0.084469,0.094328,0.159611,0.336914,-1.859863,0.73877,-0.168671,0.223562,-0.017853,chewing
5315055.0,-0.629395,1.894531,0.091309,0.057822,0.110315,0.146288,0.36084,-1.850098,0.716797,-0.145222,0.168937,-0.006129,chewing
5315065.0,-0.666504,1.868164,0.072754,0.022649,0.1311,0.079672,0.330078,-1.89502,0.728516,-0.145755,0.05196,0.05649,chewing
5315075.0,-0.671875,1.835449,0.069336,0.112181,0.039703,0.00906,0.308105,-1.86377,0.727539,-0.090064,-0.03544,0.105253,chewing
5315085.0,-0.655273,1.859863,0.087891,0.232089,-0.083669,-0.027979,0.291504,-1.874512,0.75,-0.114579,-0.087133,0.201179,chewing
5315095.0,-0.642578,1.90332,0.061523,0.305632,-0.129501,0.005596,0.297363,-1.886719,0.766113,-0.132965,-0.090331,0.225694,chewing
5315105.0,-0.661621,1.867676,0.078613,0.232355,-0.081005,0.00373,0.299316,-1.879395,0.789551,-0.183593,-0.050095,0.179862,chewing
5315115.0,-0.625977,1.859863,0.077637,0.206508,-0.034107,0.071145,0.305664,-1.859375,0.783691,-0.249142,0.062885,0.116178,chewing
5315125.0,-0.645508,1.868652,0.082031,0.236352,0.017054,0.10392,0.328613,-1.864746,0.772461,-0.314959,0.151084,0.067415,chewing
5315135.0,-0.662109,1.86084,0.091797,0.224628,0.038371,0.115378,0.338867,-1.864746,0.746094,-0.283783,0.169737,0.026113,chewing
5315145.0,-0.651855,1.864746,0.083496,0.170802,0.07834,0.101256,0.333496,-1.862793,0.744629,-0.24781,0.145755,0.009859,chewing
5315155.0,-0.675781,1.848633,0.075684,0.138827,0.083936,0.032775,0.330566,-1.869629,0.756348,-0.153482,0.077008,0.014922,chewing
5315165.0,-0.668457,1.867188,0.084961,0.16494,-0.002132,-0.030377,0.325195,-1.877441,0.76123,-0.098858,0.031975,0.043167,chewing
5315175.0,-0.652832,1.869629,0.070312,0.120441,-0.031709,-0.026113,0.305664,-1.884766,0.755371,-0.058622,-0.001332,0.04823,chewing
5315185.0,-0.65918,1.858398,0.068848,0.076208,0.009326,-0.0429,0.303711,-1.879395,0.752441,-0.073277,0.008793,0.048763,chewing
5315195.0,-0.671387,1.858398,0.077148,0.074876,0.016521,-0.032775,0.303711,-1.885254,0.770996,-0.060487,-0.001865,0.060221,chewing
5315205.0,-0.657227,1.859863,0.076172,-0.007194,0.084469,-0.033574,0.316895,-1.880371,0.758789,-0.112447,0.063418,0.047164,chewing
5315215.0,-0.652344,1.867188,0.064941,-0.016254,0.102055,-0.031443,0.318848,-1.850586,0.775879,-0.082337,0.067415,0.008793,chewing
5315225.0,-0.666992,1.861816,0.071777,-0.030377,0.10845,-0.024781,0.303711,-1.858887,0.741699,-0.096193,0.041835,0.024781,chewing
5315235.0,-0.662109,1.859375,0.075684,-0.044766,0.140159,-0.039703,0.319336,-1.86377,0.746094,-0.020251,0.003464,0.035173,chewing
5315245.0,-0.650879,1.858887,0.083984,-0.03917,0.132432,-0.090331,0.318848,-1.879883,0.751465,0.022116,-0.033574,0.00906,chewing
5315255.0,-0.637207,1.865234,0.080078,-0.008793,0.077807,-0.093262,0.296875,-1.884277,0.756348,0.056224,-0.029577,-0.006928,chewing
5315265.0,-0.632812,1.875977,0.084473,-0.023982,0.082603,-0.063418,0.291016,-1.879395,0.758301,0.072744,-0.040502,-0.008793,chewing
5315275.0,-0.653809,1.857422,0.084473,-0.062619,0.120708,-0.051694,0.298828,-1.882813,0.755371,0.083669,-0.062352,0.01359,chewing
5315285.0,-0.643555,1.865234,0.100586,-0.068747,0.118842,-0.053825,0.321777,-1.878418,0.750977,0.105519,-0.078606,-0.004796,chewing
5315295.0,-0.65918,1.86377,0.083496,-0.101522,0.12577,-0.072744,0.331543,-1.882324,0.751465,0.132432,-0.074343,-0.010658,chewing
5315305.0,-0.664551,1.86377,0.096191,-0.097259,0.125237,-0.088199,0.342773,-1.869629,0.764648,0.189188,-0.101789,-0.046897,chewing
5315315.0,-0.669922,1.846191,0.085937,-0.087933,0.098325,-0.095394,0.321777,-1.875977,0.764648,0.231822,-0.114579,-0.054092,chewing
5315325.0,-0.649414,1.856445,0.099121,-0.076475,0.11298,-0.077807,0.320801,-1.865723,0.76709,0.232888,-0.104187,-0.071678,chewing
5315335.0,-0.65625,1.852051,0.104492,-0.032508,0.096992,-0.055691,0.30957,-1.861328,0.762695,0.194518,-0.069547,-0.065283,chewing
5315345.0,-0.662598,1.855957,0.095703,-0.013856,0.065816,-0.047164,0.299805,-1.859863,0.780273,0.137228,-0.027979,-0.059421,chewing
5315355.0,-0.662109,1.867188,0.084961,-0.008793,0.031975,-0.041035,0.300781,-1.866211,0.764648,0.086867,0.033308,-0.040236,chewing
5315365.0,-0.645508,1.868164,0.084961,0.028245,-0.014655,-0.028245,0.291992,-1.855469,0.771484,0.015188,0.062619,-0.026646,chewing
5315375.0,-0.672363,1.869629,0.091797,0.051427,-0.054891,-0.019452,0.311035,-1.863281,0.764648,-0.023449,0.08287,-0.031709,chewing
5315385.0,-0.674316,1.875488,0.078125,0.059155,-0.075675,-0.01732,0.318359,-1.865234,0.779785,-0.039703,0.081005,-0.057556,chewing
5315395.0,-0.669922,1.870117,0.091309,0.077008,-0.073011,0.01359,0.32373,-1.866699,0.76123,-0.05196,0.090064,-0.053026,chewing
5315405.0,-0.678711,1.870117,0.092285,0.082337,-0.080205,0.032508,0.341309,-1.864258,0.770996,-0.055957,0.081538,-0.05196,chewing
5315415.0,-0.66748,1.874023,0.088867,0.119109,-0.084202,0.018119,0.341797,-1.864258,0.763672,-0.041568,0.078873,-0.024515,chewing
5315425.0,-0.668945,1.859863,0.06543,0.130034,-0.090864,0.013856,0.335449,-1.861816,0.766602,-0.031709,0.060221,-0.012524,chewing
5315435.0,-0.676758,1.864746,0.080078,0.117243,-0.095127,0.005596,0.335449,-1.854492,0.783691,-0.002398,0.019452,0.010925,chewing
5315445.0,-0.669922,1.853027,0.075684,0.147887,-0.098325,0.031176,0.312012,-1.863281,0.770508,-0.015455,0.002665,0.051694,chewing
5315455.0,-0.66748,1.849121,0.071777,0.16947,-0.092729,0.055957,0.314453,-1.874512,0.782715,0.009326,-0.018919,0.055424,chewing
5315465.0,-0.666992,1.854004,0.083008,0.180928,-0.088199,0.069014,0.314941,-1.874512,0.766113,0.005596,-0.01732,0.03544,chewing
5315475.0,-0.668457,1.866699,0.080566,0.144956,-0.04823,0.069014,0.312988,-1.882813,0.769531,-0.020251,0.006395,-0.006395,chewing
5315485.0,-0.719238,1.808105,0.061523,0.152417,-0.05276,0.08287,0.319336,-1.870605,0.769043,-0.009326,0.027979,-0.024248,chewing
5315495.0,-0.692383,1.853516,0.07373,0.119375,-0.000799,0.102588,0.308594,-1.859375,0.774902,-0.019452,0.022649,-0.033841,chewing
5315505.0,-0.626953,1.894043,0.077148,0.075409,0.011191,0.100723,0.311035,-1.861328,0.770996,-0.014655,0.024515,-0.048496,chewing
5315515.0,-0.666504,1.876953,0.080078,0.103654,0.02558,0.061286,0.311523,-1.855957,0.766602,0.011991,0.011724,-0.054358,chewing
5315525.0,-0.679199,1.849121,0.085937,0.080205,-0.014123,0.040769,0.302246,-1.874023,0.749023,0.041835,-0.037305,-0.015721,chewing
5315535.0,-0.644531,1.856445,0.091309,0.077008,-0.002931,0.006129,0.327148,-1.885254,0.755371,0.073011,-0.06475,-0.014389,chewing
5315545.0,-0.650879,1.858398,0.094238,0.084202,0.022116,0.02558,0.338379,-1.865723,0.782227,0.071945,-0.053026,-0.02638,chewing
5315555.0,-0.666504,1.86084,0.077148,0.063685,0.023715,0.043966,0.307617,-1.859863,0.783691,0.034107,-0.020251,-0.024248,chewing
5315565.0,-0.646484,1.859375,0.0625,0.039703,0.028511,0.009326,0.313477,-1.86377,0.756836,-0.017054,0.001332,-0.006662,chewing
5315575.0,-0.665527,1.848633,0.066406,0.003198,0.020784,-0.020251,0.328613,-1.86084,0.778809,-0.040769,0.013323,-0.003464,chewing
5315585.0,-0.647461,1.855469,0.083008,-0.036505,0.041568,-0.031975,0.316895,-1.878906,0.765625,-0.021583,-0.023982,-0.00906,chewing
5315595.0,-0.663574,1.848145,0.100098,-0.092462,0.044233,-0.074077,0.31543,-1.894531,0.72998,0.002665,-0.086867,0.017853,chewing
5315605.0,-0.661133,1.845215,0.097656,-0.057023,0.0437,-0.061553,0.34375,-1.86084,0.76709,0.047697,-0.099124,0.03091,chewing
5315615.0,-0.65918,1.869141,0.076172,-0.01732,0.032775,-0.049296,0.321777,-1.851074,0.795898,0.015455,-0.035972,-0.007194,chewing
5315625.0,-0.664062,1.872559,0.088379,-0.03464,0.035173,-0.036505,0.322266,-1.867188,0.780762,-0.006129,-0.005862,-0.021583,chewing
5315635.0,-0.665039,1.85791,0.082031,-0.031443,0.027446,-0.018386,0.328613,-1.871094,0.773437,-0.02638,0.024248,-0.029844,chewing
5315645.0,-0.656738,1.86084,0.069824,-0.027712,0.03544,-0.017054,0.315918,-1.851074,0.778809,-0.052493,0.032242,-0.027712,chewing
5315655.0,-0.681152,1.861328,0.079102,-0.045299,0.041302,-0.063685,0.308105,-1.866699,0.771973,-0.077008,0.053026,-0.014123,chewing
5315665.0,-0.657227,1.845215,0.073242,-0.014389,0.003997,-0.054891,0.339844,-1.850098,0.782227,-0.061553,0.083669,-0.037838,chewing
5315675.0,-0.654785,1.872559,0.089844,-0.003997,0.006129,-0.059688,0.324219,-1.855469,0.790039,-0.081538,0.084735,-0.033308,chewing
5315685.0,-0.666504,1.852051,0.085937,-0.040236,-0.009593,-0.032508,0.304688,-1.86377,0.749023,-0.083669,0.10392,0.001865,chewing
5315695.0,-0.65625,1.856934,0.081055,-0.000266,-0.051161,0.028511,0.324219,-1.866211,0.773926,-0.063152,0.111381,-0.010392,chewing
5315705.0,-0.645996,1.879395,0.080078,-0.002398,-0.069014,0.039436,0.330566,-1.841797,0.776855,-0.067681,0.122839,-0.007461,chewing
5315715.0,-0.651855,1.887695,0.059082,0.039969,-0.099923,0.011991,0.324219,-1.85791,0.787598,-0.077807,0.122839,0.009326,chewing
5315725.0,-0.654785,1.88623,0.051758,0.132965,-0.253139,0.041568,0.32666,-1.86084,0.787109,-0.06928,0.10845,0.009593,chewing
5315735.0,-0.637695,1.872559,0.027832,0.483363,-0.577957,0.177997,0.313477,-1.85498,0.800293,-0.046631,0.101256,-0.002132,chewing
5315745.0,-0.677246,1.885742,0.137207,0.450588,-0.567032,0.147354,0.316895,-1.831543,0.81543,-0.031443,0.098591,-0.022116,chewing
5315755.0,-0.669922,1.831055,0.137207,0.000799,-0.101522,-0.040769,0.320313,-1.849121,0.777832,-0.053026,0.049029,0.02558,chewing
5315765.0,-0.654785,1.854004,0.122559,0.054358,-0.006662,0.001066,0.32959,-1.871094,0.76416,-0.054358,0.017853,0.042634,chewing
5315775.0,-0.68457,1.862305,0.09082,-0.002132,0.133498,-0.009326,0.317871,-1.878906,0.76709,-0.053292,-0.003997,0.037038,chewing
5315785.0,-0.685547,1.835938,0.083496,0.063685,0.078074,0.028778,0.319824,-1.878906,0.76123,-0.025314,-0.011458,0.041035,chewing
5315795.0,-0.671875,1.847168,0.097168,0.056224,0.069813,0.035706,0.319336,-1.872559,0.771484,-0.006395,-0.005063,0.022383,chewing
5315805.0,-0.657227,1.850098,0.085937,0.067415,0.070346,0.054625,0.302734,-1.867676,0.752441,-0.031709,-0.002665,0.023449,chewing
5315815.0,-0.658203,1.851563,0.078613,0.068481,0.09113,0.071945,0.306152,-1.87207,0.775391,-0.027979,0.017587,0.022649,chewing
5315825.0,-0.647949,1.87207,0.09668,0.079139,0.163608,0.272325,0.317871,-1.865723,0.776855,-0.048496,0.029577,0.022916,chewing
5315835.0,-0.628418,1.825684,0.100586,0.055158,0.078873,0.127103,0.314941,-1.87207,0.777832,-0.056224,0.027979,0.011991,chewing
5315845.0,-0.722168,1.810059,0.083496,0.063951,0.116178,0.092995,0.320313,-1.876465,0.772949,-0.061286,0.025847,0.013057,chewing
5315855.0,-0.685547,1.894531,0.120117,0.044233,0.420478,0.23502,0.314941,-1.866211,0.770508,-0.050628,0.013057,0.008527,chewing
5315865.0,-0.66748,1.927734,0.092773,0.110582,0.12204,0.126037,0.317383,-1.869629,0.773926,-0.040769,0.014123,-0.018919,chewing
5315875.0,-0.702148,1.83252,0.090332,0.118043,0.090597,0.092196,0.324219,-1.87207,0.763184,-0.033041,0.00453,-0.017853,chewing
5315885.0,-0.62207,1.869141,0.098633,0.109516,0.057556,0.054358,0.32373,-1.86377,0.766113,-0.015988,-0.010392,0.003997,chewing
5315895.0,-0.648926,1.878906,0.09375,0.019985,0.132698,0.007727,0.322266,-1.855469,0.782227,-0.00453,-0.001332,-0.016787,chewing
5315905.0,-0.624512,1.871094,0.09082,0.004263,0.168671,0.005862,0.333496,-1.854492,0.795898,-0.011458,0.039703,-0.032775,chewing
5315915.0,-0.645996,1.875,0.078125,0.036772,0.186257,0.011458,0.318848,-1.84375,0.811035,-0.041568,0.10472,-0.058355,chewing
5315925.0,-0.672852,1.868164,0.067871,0.055424,0.179862,0.03091,0.308105,-1.872559,0.782715,-0.067149,0.15215,-0.07381,chewing
5315935.0,-0.695312,1.870605,0.084961,0.094061,0.119642,0.022916,0.306641,-1.855957,0.770508,-0.09113,0.178796,-0.078074,chewing
5315945.0,-0.653809,1.86084,0.057129,0.157479,0.094594,0.075142,0.285645,-1.865723,0.770996,-0.103121,0.153216,-0.019985,chewing
5315955.0,-0.657715,1.864258,0.084473,0.139626,0.108717,0.075142,0.34375,-1.861816,0.792969,-0.097525,0.089531,0.082337,chewing
5315965.0,-0.658203,1.869141,0.071777,0.037838,0.229424,0.06102,0.316406,-1.891113,0.68457,-0.18679,0.059155,0.102588,chewing
5315975.0,-0.662598,1.867676,0.083984,0.020518,0.206242,0.038104,0.334961,-1.867188,0.682129,-0.149485,-0.006928,0.111115,chewing
5315985.0,-0.661133,1.870605,0.078125,0.10019,0.164407,0.005596,0.321289,-1.870605,0.755859,-0.093262,-0.079139,0.137761,chewing
5315995.0,-0.649902,1.871094,0.053711,0.263531,0.017853,0.003464,0.287598,-1.889648,0.734863,-0.124704,-0.103121,0.181461,chewing
5316005.0,-0.644531,1.861816,0.058594,0.29151,-0.024248,0.025847,0.305664,-1.886719,0.754883,-0.139093,-0.096992,0.190787,chewing
5316015.0,-0.635742,1.86377,0.080566,0.310695,-0.016787,0.03091,0.284668,-1.87793,0.768066,-0.189988,-0.019718,0.176931,chewing
5316025.0,-0.642578,1.872559,0.069336,0.295507,-0.042101,0.053292,0.294434,-1.867188,0.751953,-0.213703,0.025314,0.143623,chewing
5316035.0,-0.649902,1.851563,0.062012,0.228625,0.002398,0.024781,0.302734,-1.853027,0.75,-0.225427,0.044499,0.109516,chewing
5316045.0,-0.652832,1.837402,0.058594,0.199314,0.014389,0.010126,0.315918,-1.861816,0.761719,-0.207041,0.053559,0.072478,chewing
5316055.0,-0.663574,1.833496,0.071777,0.158812,0.006129,0.002132,0.320313,-1.864746,0.74707,-0.16041,0.051694,0.054358,chewing
5316065.0,-0.638672,1.862793,0.046875,0.098325,0.03544,-0.006129,0.303711,-1.895508,0.741211,-0.156147,0.045832,0.055691,chewing
5316075.0,-0.663574,1.853516,0.059082,0.078074,0.019185,-0.019452,0.316406,-1.890137,0.746582,-0.138028,0.018919,0.054625,chewing
5316085.0,-0.664062,1.848145,0.048828,0.023449,0.036505,-0.023182,0.309082,-1.887207,0.75293,-0.133764,0.007461,0.078074,chewing
5316095.0,-0.664062,1.85498,0.057617,-0.014655,0.0429,-0.039969,0.301758,-1.880859,0.758789,-0.101789,-0.001332,0.078873,chewing
5316105.0,-0.657227,1.858887,0.043945,-0.046631,0.047697,-0.043433,0.310059,-1.865234,0.775879,-0.096726,-0.010392,0.056757,chewing
5316115.0,-0.663086,1.843262,0.057617,-0.088998,0.06928,-0.057289,0.30957,-1.872559,0.742187,-0.110315,-0.021317,0.062086,chewing
5316125.0,-0.652832,1.854492,0.054199,-0.097259,0.082603,-0.075942,0.308594,-1.887695,0.731934,-0.100989,-0.007994,0.049828,chewing
5316135.0,-0.659668,1.870117,0.072754,-0.106052,0.107118,-0.081804,0.313965,-1.875977,0.740234,-0.079139,-0.019185,0.058622,chewing
5316145.0,-0.651855,1.863281,0.068848,-0.089798,0.140159,-0.057556,0.302246,-1.869141,0.769043,-0.061286,-0.009859,0.059954,chewing
5316155.0,-0.655762,1.863281,0.068359,-0.045032,0.164407,-0.041568,0.291992,-1.877441,0.774414,-0.056757,0.015188,0.031975,chewing
5316165.0,-0.661621,1.864746,0.068848,-0.006129,0.166006,-0.010925,0.276367,-1.868652,0.755371,-0.058355,0.035706,0.007727,chewing
5316175.0,-0.640137,1.864746,0.060547,0.043167,0.157213,0.013856,0.28418,-1.876953,0.759766,-0.05276,0.065283,-0.028511,chewing
5316185.0,-0.637695,1.864746,0.057129,0.06928,0.168138,0.040769,0.29541,-1.876465,0.752441,-0.045832,0.049828,-0.028511,chewing
5316195.0,-0.631836,1.872559,0.069336,0.066349,0.142557,0.051161,0.291992,-1.882324,0.765625,-0.034907,0.032242,-0.028511,chewing
5316205.0,-0.628418,1.876465,0.060059,0.077274,0.113513,0.063951,0.314453,-1.880859,0.756836,0.007994,-0.01359,-0.02185,chewing
5316215.0,-0.652832,1.872559,0.09082,0.084735,0.090331,0.062352,0.32373,-1.882813,0.753418,0.053292,-0.057556,-0.031443,chewing
5316225.0,-0.681152,1.856445,0.069336,0.135896,0.074343,0.06555,0.324219,-1.873535,0.752441,0.09193,-0.07381,-0.049562,chewing
5316235.0,-0.670898,1.837402,0.060059,0.155614,0.063951,0.077807,0.313477,-1.877441,0.76709,0.158012,-0.128168,-0.057822,chewing
5316245.0,-0.663574,1.854004,0.062988,0.205443,0.073277,0.108184,0.311035,-1.875488,0.771484,0.175332,-0.134564,-0.089265,chewing
5316255.0,-0.637207,1.868652,0.053711,0.138028,0.015721,0.136695,0.310547,-1.878906,0.777344,0.210772,-0.148953,-0.094594,chewing
5316265.0,-0.655762,1.860352,0.070801,0.095394,-0.002132,0.097259,0.308594,-1.867188,0.763184,0.227825,-0.088466,-0.130833,chewing
5316275.0,-0.600098,1.861816,0.074219,0.072744,-0.019452,0.065816,0.307129,-1.858887,0.766602,0.210505,-0.001599,-0.179862,chewing
5316285.0,-0.594238,1.868164,0.062988,0.106319,-0.043167,0.100723,0.302734,-1.874512,0.757812,0.219565,0.038104,-0.238217,chewing
5316295.0,-0.614258,1.850586,0.071289,0.127369,-0.071678,0.101522,0.29834,-1.85791,0.762695,0.227559,0.026113,-0.210239,chewing
5316305.0,-0.619141,1.862793,0.061523,0.124971,-0.111115,0.063951,0.302246,-1.87207,0.751953,0.165207,0.011458,-0.145222,chewing
5316315.0,-0.620605,1.851563,0.074219,0.159877,-0.172401,0.047697,0.329102,-1.858887,0.73877,0.134031,0.011724,-0.125237,chewing
5316325.0,-0.630859,1.860352,0.056641,0.135896,-0.133231,0.043167,0.313477,-1.866211,0.757324,0.070879,0.042101,-0.115378,chewing
5316335.0,-0.635254,1.866211,0.054687,0.014389,0.001066,0.001865,0.311523,-1.859863,0.744629,0.022916,0.059688,-0.095394,chewing
5316345.0,-0.661621,1.856934,0.049316,-0.099657,0.060221,0.002931,0.319824,-1.867188,0.765625,0.011458,0.058089,-0.039969,chewing
5316355.0,-0.655762,1.861816,0.0625,-0.134564,0.045832,-0.031709,0.312988,-1.869629,0.749023,-0.023449,0.039969,-0.019985,chewing
5316365.0,-0.665039,1.860352,0.054687,-0.141758,0.071145,-0.062619,0.325684,-1.875,0.772949,-0.026913,0.026913,0.001599,chewing
5316375.0,-0.640137,1.874023,0.079102,-0.104986,0.060221,-0.067948,0.343262,-1.873535,0.773437,-0.042368,0.025047,-0.011724,chewing
5316385.0,-0.643555,1.856934,0.067383,-0.067681,0.096726,-0.025047,0.338867,-1.872559,0.769531,-0.062619,0.069014,-0.03917,chewing
5316395.0,-0.647461,1.87793,0.075684,-0.04743,0.114579,-0.000533,0.314453,-1.887695,0.748047,-0.056224,0.026113,-0.024781,chewing
5316405.0,-0.659668,1.851563,0.085937,-0.088998,0.148953,-0.006662,0.343262,-1.870117,0.752441,-0.014123,-0.00826,0.001332,chewing
5316415.0,-0.651855,1.847656,0.083984,-0.041035,0.123639,0.005063,0.337891,-1.84668,0.789062,-0.01732,0.033841,0.003464,chewing
5316425.0,-0.659668,1.846191,0.075684,-0.03011,0.103387,0.013057,0.304688,-1.861328,0.774902,-0.024781,0.055957,-0.014922,chewing
5316435.0,-0.635254,1.848145,0.062988,-0.031443,0.098058,0.00373,0.30127,-1.868164,0.777344,-0.026913,0.063685,0.020784,chewing
5316445.0,-0.621582,1.860352,0.060059,-0.03091,0.090597,0.001599,0.312988,-1.856445,0.79834,-0.053026,0.10925,0.000533,chewing
5316455.0,-0.629395,1.88916,0.067871,-0.003198,0.066616,-0.028245,0.309082,-1.865234,0.772949,-0.060221,0.143623,-0.034107,chewing
5316465.0,-0.628906,1.878418,0.05957,0.015188,0.038371,-0.029844,0.314941,-1.865234,0.771973,-0.061553,0.172135,-0.075675,chewing
5316475.0,-0.629883,1.883301,0.0625,0.014389,0.045832,-0.014389,0.330078,-1.863281,0.770996,-0.038904,0.160943,-0.068481,chewing
5316485.0,-0.647461,1.864258,0.059082,0.016787,0.066882,0.011991,0.329102,-1.862793,0.765137,-0.03917,0.122839,-0.049029,chewing
5316495.0,-0.677246,1.839844,0.074219,0.005063,0.080472,0.049296,0.319336,-1.878418,0.766602,-0.040769,0.090331,-0.01732,chewing
5316505.0,-0.680664,1.846191,0.060059,0.004796,0.091397,0.046631,0.32959,-1.881836,0.755371,-0.039969,0.084735,-0.015188,chewing
5316515.0,-0.6875,1.838867,0.064941,-0.000799,0.095394,0.050894,0.320801,-1.878906,0.765625,-0.055957,0.07008,0.004263,chewing
5316525.0,-0.665039,1.85791,0.081055,-0.023182,0.106319,0.039436,0.323242,-1.880371,0.753418,-0.078606,0.098058,0.004796,chewing
5316535.0,-0.637695,1.876465,0.058594,-0.022916,0.098858,0.035173,0.326172,-1.861816,0.777832,-0.064217,0.112447,0.007994,chewing
5316545.0,-0.630859,1.874023,0.070801,-0.00453,0.06928,0.033308,0.316895,-1.852539,0.768555,-0.069014,0.126303,-0.02638,chewing
5316555.0,-0.614746,1.876953,0.062988,-0.008793,0.044233,0.006662,0.30127,-1.860352,0.763184,-0.07834,0.115112,-0.001865,chewing
5316565.0,-0.631836,1.878906,0.066895,0.001066,-0.022916,-0.01359,0.309082,-1.873047,0.760742,-0.071678,0.094061,0.006395,chewing
5316575.0,-0.628906,1.88916,0.0625,-0.003464,-0.018919,-0.00826,0.306641,-1.853027,0.776367,-0.069547,0.085801,0.023715,chewing
5316585.0,-0.641602,1.876465,0.062012,0.006395,-0.045299,0.024781,0.306641,-1.887207,0.75293,-0.093262,0.108983,0.015188,chewing
5316595.0,-0.663086,1.87793,0.053223,0.029844,-0.085801,0.04743,0.307129,-1.886719,0.757324,-0.103121,0.147887,0.008527,chewing
5316605.0,-0.658203,1.855469,0.062988,0.146821,-0.21317,0.092196,0.319824,-1.867676,0.775391,-0.056757,0.143357,0.002665,chewing
5316615.0,-0.630371,1.880859,0.027832,0.403957,-0.443394,0.169204,0.321777,-1.867676,0.774414,-0.071412,0.158012,-0.034907,chewing
5316625.0,-0.647949,1.870117,0.050293,0.656031,-0.723979,0.275256,0.322754,-1.845215,0.791992,-0.013323,0.144956,-0.058089,chewing
5316635.0,-0.662598,1.841309,0.074219,0.131366,-0.244346,0.016521,0.295898,-1.845703,0.775391,-0.03544,0.11298,-0.046098,chewing
5316645.0,-0.64209,1.83252,0.103516,-0.028245,-0.03464,-0.079672,0.310547,-1.868164,0.763672,-0.041035,0.062086,0.036505,chewing
5316655.0,-0.661133,1.849609,0.07666,-0.025847,0.078606,-0.077541,0.325195,-1.880371,0.750977,-0.04823,0.024515,0.041835,chewing
5316665.0,-0.672363,1.851074,0.070312,-0.011991,0.101522,-0.011458,0.310059,-1.888184,0.743164,-0.04743,0.028245,0.029577,chewing
5316675.0,-0.667969,1.849609,0.066895,0.057023,0.040502,0.046897,0.312012,-1.883789,0.748535,-0.047963,0.045299,0.001066,chewing
5316685.0,-0.65625,1.865234,0.07666,0.00906,0.087133,0.02638,0.316406,-1.869141,0.752441,-0.042101,0.049296,0.002132,chewing
5316695.0,-0.661133,1.853027,0.070801,0.057822,0.040502,0.009859,0.311035,-1.879395,0.753906,-0.039703,0.054625,-0.018386,chewing
5316705.0,-0.644043,1.855957,0.088867,0.067415,0.034374,0.031709,0.307617,-1.867188,0.748535,-0.033574,0.064484,-0.002132,chewing
5316715.0,-0.651367,1.85498,0.078613,0.119375,0.012257,0.015455,0.302734,-1.873535,0.742187,-0.045032,0.058888,-0.016254,chewing
5316725.0,-0.640625,1.864258,0.078613,0.142824,-0.001599,-0.013856,0.310059,-1.884766,0.758301,-0.045299,0.047164,-0.021051,chewing
5316735.0,-0.632812,1.870605,0.07373,0.128435,-0.00453,-0.014389,0.316895,-1.88623,0.759277,-0.039703,0.054358,-0.03011,chewing
5316745.0,-0.631348,1.869629,0.070312,0.13936,0.013057,0.00906,0.318848,-1.874023,0.755859,-0.037838,0.080472,-0.063951,chewing
5316755.0,-0.649902,1.852539,0.067383,0.128968,0.007461,0.003997,0.310059,-1.870605,0.770508,-0.025847,0.085534,-0.045832,chewing
5316765.0,-0.633301,1.859375,0.074707,0.116444,-0.008793,-0.017054,0.31543,-1.866699,0.763672,-0.029577,0.077541,-0.071145,chewing
5316775.0,-0.62793,1.860352,0.07959,0.067948,-0.016521,-0.031176,0.320801,-1.858887,0.745605,-0.011991,0.075409,-0.089798,chewing
5316785.0,-0.63623,1.855957,0.086426,0.010658,0.039436,-0.0437,0.318848,-1.867676,0.76123,0.000533,0.096726,-0.099657,chewing
5316795.0,-0.632812,1.868164,0.087891,-0.028511,0.081005,-0.041568,0.314453,-1.852051,0.789062,0.001066,0.12204,-0.102322,chewing
5316805.0,-0.640625,1.865234,0.082031,-0.059421,0.151351,-0.038904,0.321777,-1.850586,0.778809,-0.004263,0.153482,-0.118309,chewing
5316815.0,-0.643555,1.871582,0.070801,-0.067415,0.197715,-0.036505,0.302734,-1.863281,0.771973,-0.029044,0.192919,-0.096726,chewing
5316825.0,-0.655273,1.859375,0.066895,-0.114046,0.226227,-0.058888,0.317871,-1.868164,0.77002,-0.042101,0.189721,-0.06102,chewing
5316835.0,-0.635742,1.857422,0.069824,-0.041568,0.189721,-0.050095,0.32373,-1.878418,0.746582,-0.062352,0.181194,-0.04743,chewing
5316845.0,-0.64502,1.860352,0.083008,-0.040502,0.179862,-0.051427,0.342285,-1.865723,0.773926,-0.066083,0.157479,-0.057289,chewing
5316855.0,-0.625977,1.861328,0.084961,0.109783,0.079939,0.030377,0.305664,-1.851074,0.731934,-0.062619,0.148153,-0.052227,chewing
5316865.0,-0.652832,1.887695,0.089355,0.015188,0.146821,-0.033041,0.342285,-1.891113,0.741699,-0.102588,0.099923,0.041302,chewing
5316875.0,-0.605957,1.88623,0.026855,-0.047963,0.259534,-0.084735,0.359863,-1.901855,0.820312,-0.110315,0.035173,0.222496,chewing
5316885.0,-0.633301,1.882324,0.04834,0.046098,0.132698,-0.066882,0.28125,-1.888672,0.751953,-0.173201,0.076208,0.126303,chewing
5316895.0,-0.67041,1.858887,0.050781,0.097525,0.016254,-0.108717,0.274902,-1.914551,0.709961,-0.151084,-0.022649,0.163608,chewing
5316905.0,-0.664062,1.851074,0.044434,0.18306,-0.054625,-0.120708,0.331543,-1.862793,0.775879,-0.15668,-0.045832,0.227292,chewing
5316915.0,-0.658691,1.855957,0.048828,0.232622,-0.098058,-0.075675,0.303223,-1.867188,0.778809,-0.219832,0.021317,0.20038,chewing
5316925.0,-0.663574,1.856445,0.065918,0.254205,-0.092995,-0.004796,0.296875,-1.875488,0.760254,-0.237951,0.066083,0.142557,chewing
5316935.0,-0.655762,1.870605,0.050781,0.239017,-0.037038,0.051694,0.308105,-1.864746,0.760254,-0.249942,0.141758,0.10472,chewing
5316945.0,-0.652832,1.868652,0.0625,0.232888,-0.004263,0.085534,0.314453,-1.862793,0.755859,-0.253406,0.164141,0.0866,chewing
5316955.0,-0.661621,1.861328,0.063477,0.207841,-0.005596,0.070613,0.303711,-1.866699,0.742187,-0.218766,0.150818,0.079672,chewing
5316965.0,-0.678711,1.855469,0.067871,0.246211,-0.054358,0.023182,0.299316,-1.885742,0.720703,-0.196649,0.105786,0.08207,chewing
5316975.0,-0.656738,1.848145,0.047852,0.175865,-0.024781,-0.008793,0.293457,-1.888672,0.730957,-0.186524,0.065816,0.088466,chewing
5316985.0,-0.63916,1.85498,0.047852,0.168937,-0.034907,-0.015721,0.291016,-1.88623,0.756836,-0.157479,0.057822,0.0866,chewing
5316995.0,-0.67041,1.847168,0.036621,0.129767,0.008527,0.010392,0.277344,-1.878418,0.76416,-0.188123,0.078873,0.094594,chewing
5317005.0,-0.670898,1.847656,0.051758,0.102855,0.027179,0.022116,0.289551,-1.878418,0.767578,-0.180395,0.105519,0.076208,chewing
5317015.0,-0.677734,1.853516,0.046875,0.040769,0.056224,0.032508,0.285645,-1.873047,0.75,-0.184658,0.132432,0.033041,chewing
5317025.0,-0.668945,1.85498,0.053711,0.018119,0.066616,0.015188,0.300781,-1.872559,0.742187,-0.183859,0.113513,0.00453,chewing
5317035.0,-0.660156,1.858887,0.033691,0.015188,0.057289,-0.006928,0.284668,-1.882813,0.758301,-0.154548,0.117776,0.007194,chewing
5317045.0,-0.655762,1.855469,0.029785,-0.000799,0.020784,-0.028245,0.303711,-1.881348,0.745605,-0.106851,0.082603,-0.025847,chewing
5317055.0,-0.646973,1.859375,0.052734,0.013856,-0.010392,-0.021583,0.304688,-1.879395,0.75293,-0.057289,0.066616,-0.02185,chewing
5317065.0,-0.657715,1.847656,0.049805,0.047697,-0.058888,-0.011191,0.292969,-1.881836,0.751953,-0.04743,0.070346,-0.03544,chewing
5317075.0,-0.649414,1.857422,0.056152,0.063418,-0.06928,0.002931,0.289551,-1.89209,0.750977,-0.039703,0.052227,-0.022916,chewing
5317085.0,-0.648437,1.876465,0.049805,0.034107,0.001599,0.00453,0.300781,-1.879883,0.726074,-0.045032,0.062885,-0.037038,chewing
5317095.0,-0.654297,1.878906,0.066895,0.027446,0.049029,0.010658,0.300781,-1.884277,0.726074,-0.046897,0.041835,-0.023715,chewing
5317105.0,-0.644043,1.875488,0.050781,0.050095,0.095394,0.031176,0.307129,-1.870605,0.730957,-0.035173,0.019985,-0.045565,chewing
5317115.0,-0.65332,1.85791,0.060547,0.081538,0.12124,0.058355,0.313965,-1.873047,0.734863,-0.012524,-0.010392,-0.051694,chewing
5317125.0,-0.655273,1.853516,0.063477,0.109783,0.1311,0.092462,0.306152,-1.880371,0.72168,-0.013856,-0.002398,-0.038904,chewing
5317135.0,-0.643555,1.852539,0.062012,0.095394,0.129501,0.108983,0.28418,-1.888184,0.738281,0.023182,0.011458,-0.037305,chewing
5317145.0,-0.658691,1.853027,0.069824,0.069813,0.144423,0.108717,0.282227,-1.87207,0.739258,0.01279,0.042101,-0.058355,chewing
5317155.0,-0.656738,1.845703,0.069336,0.061286,0.162009,0.07381,0.277832,-1.895508,0.726074,-0.017054,0.061286,-0.027179,chewing
5317165.0,-0.657227,1.862305,0.057129,0.073544,0.102855,0.041835,0.299316,-1.886719,0.724121,-0.022383,0.056224,-0.036505,chewing
5317175.0,-0.648437,1.847168,0.054687,0.115378,0.02185,0.004796,0.314941,-1.882813,0.753906,-0.011991,0.053026,-0.063951,chewing
5317185.0,-0.633789,1.862793,0.060547,0.173734,-0.049828,-0.009593,0.3125,-1.881348,0.728027,0.024248,0.001865,-0.067149,chewing
5317195.0,-0.652832,1.86377,0.057129,0.189721,-0.093795,-0.045832,0.308594,-1.881348,0.726074,0.059688,-0.044233,-0.08207,chewing
5317205.0,-0.651855,1.869629,0.060547,0.161476,-0.118309,-0.039436,0.312012,-1.893555,0.72168,0.114046,-0.093262,-0.089531,chewing
5317215.0,-0.646484,1.869629,0.057129,0.106585,-0.079939,-0.013323,0.344238,-1.866699,0.728027,0.141758,-0.074876,-0.105253,chewing
5317225.0,-0.651367,1.864258,0.058105,0.020518,0.026113,0.021317,0.30957,-1.875977,0.737305,0.120708,0.002665,-0.119109,chewing
5317235.0,-0.646484,1.866699,0.071777,-0.007727,0.085268,0.000533,0.29248,-1.891602,0.726074,0.114312,0.03011,-0.155081,chewing
5317245.0,-0.647949,1.860352,0.063965,-0.031176,0.099391,-0.012524,0.287598,-1.878906,0.735352,0.120441,0.049296,-0.128701,chewing
5317255.0,-0.654297,1.862793,0.050293,-0.044233,0.107651,-0.000533,0.279785,-1.880371,0.740234,0.112714,0.058888,-0.096992,chewing
5317265.0,-0.669922,1.855957,0.049316,-0.062086,0.094594,-0.023715,0.29248,-1.884277,0.746094,0.102588,0.074077,-0.094328,chewing
5317275.0,-0.655273,1.85791,0.063965,-0.050894,0.089265,-0.024781,0.304199,-1.880859,0.766113,0.114845,0.085534,-0.139093,chewing
5317285.0,-0.648926,1.866699,0.044922,-0.088732,0.09193,-0.0429,0.299805,-1.864258,0.738281,0.094328,0.10472,-0.175865,chewing
5317295.0,-0.652832,1.871582,0.039063,-0.155881,0.126836,-0.038637,0.313965,-1.874512,0.744629,0.110049,0.076475,-0.140959,chewing
5317305.0,-0.663086,1.86377,0.040039,-0.161476,0.132165,-0.049562,0.324707,-1.871582,0.755371,0.118576,0.030377,-0.118576,chewing
5317315.0,-0.63916,1.871094,0.064453,-0.171868,0.10392,-0.068214,0.31543,-1.870605,0.721191,0.118576,-0.010658,-0.085002,chewing
5317325.0,-0.649902,1.861328,0.052734,-0.139893,0.068747,-0.067948,0.324219,-1.904785,0.737793,0.131632,-0.062352,-0.075142,chewing
5317335.0,-0.64209,1.859375,0.064941,-0.094594,0.070613,-0.040502,0.335449,-1.867676,0.755371,0.111648,-0.053292,-0.041835,chewing
5317345.0,-0.660156,1.841797,0.056641,-0.045032,0.088199,-0.002132,0.310059,-1.871582,0.760254,0.056224,-0.033308,-0.011191,chewing
5317355.0,-0.655762,1.849609,0.071777,0.008793,0.091397,0.042368,0.300781,-1.866211,0.775391,0.032242,-0.009326,-0.020251,chewing
5317365.0,-0.654297,1.860352,0.068848,0.047164,0.084469,0.068481,0.292969,-1.864258,0.772949,0.012257,0.020518,-0.035173,chewing
5317375.0,-0.647949,1.85791,0.051758,0.055158,0.077008,0.049296,0.300293,-1.866211,0.755859,-0.013323,0.049562,-0.032242,chewing
5317385.0,-0.672852,1.853516,0.056641,0.077541,0.028245,-0.002398,0.304688,-1.868164,0.75,-0.001599,0.028778,-0.018652,chewing
5317395.0,-0.659668,1.867676,0.075684,0.093262,-0.01359,-0.018919,0.313965,-1.870117,0.761719,-0.006662,0.049296,-0.013057,chewing
5317405.0,-0.65625,1.852051,0.045898,0.102055,-0.017587,-0.023715,0.319824,-1.880371,0.768066,-0.012524,0.076475,-0.033308,chewing
5317415.0,-0.678711,1.852539,0.046875,0.069547,0.020251,0.001865,0.327148,-1.875977,0.759277,-0.033308,0.101256,-0.042368,chewing
5317425.0,-0.674316,1.853027,0.057617,0.06475,0.044766,0.014655,0.334961,-1.868164,0.74707,-0.061819,0.094861,0.014123,chewing
5317435.0,-0.675781,1.841797,0.058105,0.069547,0.033841,0.023982,0.328125,-1.867676,0.76709,-0.060487,0.095926,-0.014123,chewing
5317445.0,-0.646973,1.851074,0.057129,0.08287,0.034374,0.010925,0.321289,-1.859375,0.763184,-0.063152,0.085801,-0.006662,chewing
5317455.0,-0.627441,1.859863,0.058594,0.083669,0.026913,-0.014655,0.321777,-1.867676,0.759277,-0.062086,0.066616,0.00826,chewing
5317465.0,-0.632324,1.86377,0.046387,0.091397,0.005596,-0.027446,0.310059,-1.866699,0.766113,-0.042101,0.067948,-0.022116,chewing
5317475.0,-0.631348,1.862793,0.0625,0.061553,0.003198,-0.019718,0.300781,-1.876953,0.772461,-0.028778,0.05196,-0.011191,chewing
5317485.0,-0.654785,1.862305,0.047852,0.057023,0.011458,-0.012524,0.293945,-1.885254,0.750488,-0.019718,0.050894,-0.033308,chewing
5317495.0,-0.650879,1.86084,0.048828,0.032775,0.010925,0.001066,0.307129,-1.889648,0.760742,0.009593,0.019718,-0.045032,chewing
5317505.0,-0.675293,1.84375,0.066406,-0.012257,0.013057,0.000799,0.311523,-1.894043,0.748047,-0.013057,0.036505,-0.028511,chewing
5317515.0,-0.662109,1.851074,0.070312,-0.015188,-0.000799,-0.036772,0.320313,-1.885254,0.73584,-0.020251,0.042101,-0.017853,chewing
5317525.0,-0.649414,1.854492,0.05127,-0.042634,-0.026646,-0.036772,0.310547,-1.874023,0.745605,-0.031176,0.046098,-0.013323,chewing
5317535.0,-0.647461,1.852539,0.054687,-0.096459,-0.07008,-0.046364,0.310059,-1.87793,0.753906,-0.024515,0.038904,-0.005329,chewing
5317545.0,-0.646973,1.867188,0.031738,-0.06475,-0.136162,-0.002931,0.310547,-1.850098,0.774414,-0.023982,0.0437,-0.015188,chewing
5317555.0,-0.655762,1.871094,0.039063,-0.007727,-0.20864,0.029844,0.299316,-1.860352,0.769043,-0.046897,0.059155,-0.012257,chewing
5317565.0,-0.648437,1.878418,0.028809,0.134297,-0.312827,0.07381,0.312988,-1.856445,0.795898,-0.0437,0.083669,-0.016254,chewing
5317575.0,-0.643555,1.883789,0.024414,0.324818,-0.505746,0.161476,0.305176,-1.874512,0.765137,-0.048763,0.096726,0.00453,chewing
5317585.0,-0.681641,1.883301,0.123535,0.244346,-0.444992,0.094328,0.311035,-1.850586,0.774902,-0.006395,0.115645,-0.023715,chewing
5317595.0,-0.688965,1.857422,0.112793,-0.01359,-0.120175,-0.037838,0.30957,-1.869629,0.76123,-0.037838,0.110848,-0.019185,chewing
5317605.0,-0.67041,1.855957,0.083496,-0.06928,0.008527,-0.058355,0.324707,-1.874023,0.743652,-0.013323,0.05649,0.007194,chewing
5317615.0,-0.682617,1.853027,0.086426,-0.068214,0.118309,-0.006662,0.333496,-1.875488,0.73877,0.010392,-0.003464,-0.003198,chewing
5317625.0,-0.678711,1.856445,0.078613,-0.028511,0.12204,0.031176,0.332031,-1.867676,0.743164,0.032508,-0.017853,-0.006662,chewing
5317635.0,-0.668945,1.841309,0.065918,0.027712,0.085002,0.040769,0.310059,-1.873535,0.742187,0.030377,-0.017054,-0.014389,chewing
5317645.0,-0.657715,1.871094,0.080078,0.084202,0.045032,0.046631,0.30127,-1.875488,0.766113,0.00826,0.001865,-0.008793,chewing
5317655.0,-0.655762,1.858398,0.077148,0.116977,0.016521,0.023182,0.293457,-1.870605,0.754883,-0.007194,0.019452,0.001066,chewing
5317665.0,-0.64209,1.856934,0.080078,0.142824,-0.000266,0.014922,0.291504,-1.870605,0.750977,-0.01732,0.041302,-0.015721,chewing
5317675.0,-0.635742,1.835938,0.078125,0.176398,-0.019452,0.00453,0.306641,-1.874512,0.751465,-0.013057,0.050095,-0.024248,chewing
5317685.0,-0.637695,1.84668,0.075195,0.180928,-0.038904,0.022383,0.308594,-1.876465,0.75,-0.000799,0.047963,-0.019985,chewing
5317695.0,-0.625,1.880371,0.062988,0.153749,-0.017054,0.007727,0.319336,-1.873535,0.751465,0.006395,0.046631,-0.045032,chewing
5317705.0,-0.674316,1.85498,0.076172,0.089265,-0.041835,-0.039969,0.32373,-1.860352,0.769531,0.024781,0.032508,-0.040769,chewing
5317715.0,-0.683105,1.849609,0.07959,0.052493,0.050894,-0.049029,0.328125,-1.864258,0.76709,0.00906,0.02558,-0.048496,chewing
5317725.0,-0.687988,1.837402,0.064453,0.011724,-0.015988,-0.158279,0.331055,-1.855957,0.777832,0.007727,0.029311,-0.035972,chewing
5317735.0,-0.662598,1.834961,0.075195,-0.03091,0.090064,-0.16041,0.331055,-1.855957,0.800781,-0.02638,0.059954,-0.075409,chewing
5317745.0,-0.644531,1.851074,0.061523,-0.041302,0.116178,-0.131366,0.324219,-1.84375,0.797363,-0.041035,0.103387,-0.062352,chewing
5317755.0,-0.63916,1.835938,0.066895,0.023715,0.099391,-0.211838,0.303711,-1.876465,0.760742,-0.062352,0.121773,-0.074609,chewing
5317765.0,-0.693359,1.819336,0.041992,-0.01359,0.107651,-0.151617,0.325195,-1.888672,0.744629,-0.053825,0.104453,-0.061286,chewing
5317775.0,-0.713867,1.85791,0.090332,0.001332,0.133764,-0.17853,0.311035,-1.862793,0.740234,-0.060221,0.124704,-0.035972,chewing
5317785.0,-0.538086,1.912598,0.07959,0.021583,0.09566,-0.099124,0.324219,-1.846191,0.772949,-0.134031,0.163075,0.035706,chewing
5317795.0,-0.716309,1.851563,0.049316,-0.079939,0.252873,-0.015721,0.297852,-1.898926,0.689941,-0.158279,0.130833,0.040502,chewing
5317805.0,-0.694824,1.839844,0.068359,-0.198781,0.252873,-0.064484,0.250977,-1.891602,0.605957,-0.193985,0.045032,0.075942,chewing
5317815.0,-0.686035,1.834961,0.03418,-0.262732,0.301636,-0.140426,0.306152,-1.878906,0.669434,-0.180928,-0.045565,0.13936,chewing
5317825.0,-0.693359,1.857422,0.046387,-0.136162,0.161476,-0.136162,0.288086,-1.880859,0.780762,-0.098325,-0.15668,0.209972,chewing
5317835.0,-0.672852,1.85791,0.047363,-0.038371,0.073544,-0.066349,0.316895,-1.833008,0.852051,-0.158012,-0.084202,0.188655,chewing
5317845.0,-0.660645,1.856445,0.057617,0.006928,0.076208,0.005862,0.296875,-1.884277,0.80127,-0.235553,0.01732,0.096459,chewing
5317855.0,-0.663086,1.855469,0.06543,0.075942,0.048496,0.085268,0.322266,-1.851074,0.798828,-0.229158,0.107118,0.024781,chewing
5317865.0,-0.657715,1.864258,0.054687,0.125237,0.034374,0.13856,0.323242,-1.849121,0.770996,-0.210505,0.129767,0.005329,chewing
5317875.0,-0.658203,1.863281,0.071777,0.151617,-0.007727,0.103654,0.339844,-1.860352,0.730957,-0.132432,0.059688,0.010126,chewing
5317885.0,-0.665039,1.869141,0.087402,0.143357,-0.025847,0.054625,0.334961,-1.860352,0.711426,-0.084202,-0.037305,0.048496,chewing
5317895.0,-0.690918,1.862305,0.064941,0.152417,-0.077541,-0.005596,0.325684,-1.88623,0.737305,0.001332,-0.130034,0.070879,chewing
5317905.0,-0.668457,1.852051,0.067383,0.164141,-0.098858,-0.063418,0.297852,-1.889648,0.755859,0.005329,-0.146288,0.078074,chewing
5317915.0,-0.65332,1.878418,0.058594,0.186524,-0.106851,-0.024248,0.286621,-1.901855,0.769043,-0.033041,-0.090331,0.05649,chewing
5317925.0,-0.661621,1.869141,0.067383,0.150551,-0.021317,0.040502,0.272949,-1.896484,0.763184,-0.099923,-0.023182,0.038104,chewing
5317935.0,-0.657715,1.870117,0.069336,0.146021,0.066349,0.107118,0.283203,-1.876465,0.777344,-0.122839,0.035173,0.00453,chewing
5317945.0,-0.679687,1.833984,0.068359,0.134564,0.1311,0.139093,0.291504,-1.864746,0.758301,-0.151351,0.071678,-0.000799,chewing
5317955.0,-0.695312,1.825684,0.063965,0.1311,0.150551,0.118309,0.308105,-1.849609,0.731445,-0.165473,0.084202,-0.000799,chewing
5317965.0,-0.684082,1.836426,0.062012,0.142291,0.099657,0.06102,0.320313,-1.884766,0.71582,-0.142824,0.049296,0.011991,chewing
5317975.0,-0.657227,1.835449,0.074707,0.124172,0.079406,0.028778,0.332031,-1.875,0.746094,-0.09566,0.02185,0.005063,chewing
5317985.0,-0.652344,1.841309,0.060059,0.10472,0.083936,0.001865,0.321289,-1.875488,0.742676,-0.111648,0.031709,0.037838,chewing
5317995.0,-0.654297,1.840332,0.058594,0.071678,0.083136,-0.005329,0.303223,-1.89502,0.742187,-0.135896,0.035972,0.062086,chewing
5318005.0,-0.65332,1.836426,0.055664,0.053825,0.052227,-0.036772,0.308105,-1.892578,0.745605,-0.136429,0.019452,0.085534,chewing
5318015.0,-0.654297,1.850586,0.053711,0.032775,0.053825,-0.043433,0.306641,-1.88916,0.72998,-0.203577,0.043433,0.067948,chewing
5318025.0,-0.661621,1.854004,0.064941,0.007461,0.068481,-0.051694,0.315918,-1.892578,0.727539,-0.211571,0.049828,0.051694,chewing
5318035.0,-0.667969,1.839355,0.055664,-0.034374,0.112714,-0.055691,0.314941,-1.870117,0.729004,-0.210239,0.067415,0.038637,chewing
5318045.0,-0.673828,1.858398,0.062988,-0.052227,0.110315,-0.072744,0.29834,-1.873047,0.717773,-0.226227,0.058089,0.038904,chewing
5318055.0,-0.665527,1.854492,0.071289,-0.039969,0.094861,-0.078873,0.285645,-1.884766,0.720703,-0.187057,0.063418,0.034107,chewing
5318065.0,-0.66748,1.869141,0.08252,-0.006395,0.090864,-0.070613,0.290039,-1.885742,0.721191,-0.1303,0.053559,0.004263,chewing
5318075.0,-0.660645,1.868164,0.059082,0.024781,0.111115,-0.063418,0.278809,-1.891113,0.740234,-0.106585,0.049828,-0.001865,chewing
5318085.0,-0.679199,1.873535,0.052246,0.041835,0.124971,-0.036772,0.28418,-1.869629,0.749023,-0.104453,0.072478,-0.029577,chewing
5318095.0,-0.677246,1.865234,0.061523,0.063418,0.134031,-0.02185,0.294434,-1.887207,0.734863,-0.09113,0.074609,-0.035706,chewing
5318105.0,-0.678223,1.875488,0.054687,0.017853,0.147887,0.00906,0.313965,-1.882813,0.725586,-0.093795,0.081005,-0.045299,chewing
5318115.0,-0.670898,1.876953,0.061035,0.042634,0.143623,0.038904,0.317871,-1.874023,0.73584,-0.045832,0.047697,-0.055158,chewing
5318125.0,-0.666992,1.854492,0.052734,0.091663,0.128701,0.034107,0.325195,-1.875977,0.739746,-0.031709,0.043167,-0.046897,chewing
5318135.0,-0.667969,1.862305,0.049316,0.149485,0.076741,0.052227,0.306152,-1.876953,0.72998,-0.026913,0.036505,-0.056224,chewing
5318145.0,-0.659668,1.863281,0.053223,0.210239,0.023715,0.060753,0.310547,-1.870605,0.741211,0.002398,0.015188,-0.063418,chewing
5318155.0,-0.647461,1.865723,0.052734,0.255271,0.002665,0.071945,0.298828,-1.887695,0.744141,0.018919,-0.001066,-0.054891,chewing
5318165.0,-0.665039,1.86377,0.038574,0.245145,-0.045032,0.073277,0.289063,-1.880859,0.745605,0.049562,-0.030377,-0.060487,chewing
5318175.0,-0.661133,1.862305,0.049805,0.258735,-0.088199,0.072478,0.285645,-1.880859,0.75,0.099391,-0.043433,-0.080205,chewing
5318185.0,-0.671387,1.861816,0.047363,0.278986,-0.124704,0.068747,0.302246,-1.889648,0.754395,0.136162,-0.075675,-0.093795,chewing
5318195.0,-0.6875,1.852539,0.065918,0.271792,-0.168937,0.063685,0.313965,-1.886719,0.744141,0.162276,-0.107384,-0.106851,chewing
5318205.0,-0.681641,1.850098,0.059082,0.195051,-0.145755,0.052493,0.331543,-1.871582,0.723145,0.187856,-0.11298,-0.12204,chewing
5318215.0,-0.65918,1.851074,0.049805,0.102855,-0.133231,0.055957,0.32959,-1.86377,0.730957,0.193452,-0.081005,-0.140159,chewing
5318225.0,-0.672363,1.843262,0.050781,-0.007461,-0.081005,0.028778,0.310547,-1.871582,0.716309,0.161743,-0.019985,-0.124704,chewing
5318235.0,-0.677246,1.859863,0.03418,-0.051161,-0.025047,-0.007727,0.296875,-1.87793,0.750488,0.213969,-0.042368,-0.124438,chewing
5318245.0,-0.666992,1.854492,0.035645,-0.021583,-0.05196,-0.00453,0.299316,-1.859863,0.780273,0.2614,-0.048496,-0.124172,chewing
5318255.0,-0.655762,1.852051,0.064453,-0.02185,-0.049828,0.017054,0.270508,-1.905762,0.728027,0.213969,-0.02185,-0.113513,chewing
5318265.0,-0.645996,1.842773,0.071289,0.027979,-0.053026,0.059954,0.302246,-1.924805,0.690918,0.220364,-0.038104,-0.128435,chewing
5318275.0,-0.655273,1.848145,0.064453,0.087933,-0.064484,0.115645,0.325684,-1.874512,0.739258,0.241948,-0.016521,-0.144156,chewing
5318285.0,-0.660645,1.84668,0.057129,0.117776,-0.117776,0.10472,0.305664,-1.870117,0.756348,0.20038,-0.003198,-0.132165,chewing
5318295.0,-0.664551,1.857422,0.04248,-0.075675,-0.007727,0.017054,0.30957,-1.871582,0.749023,0.145222,-0.045832,-0.041835,chewing
5318305.0,-0.690918,1.845703,0.027344,-0.18759,0.030377,-0.049029,0.334473,-1.84375,0.765625,0.096459,-0.077008,0.030377,chewing
5318315.0,-0.694824,1.838379,0.029785,-0.163075,-0.004263,-0.047963,0.335449,-1.853516,0.765137,0.079672,-0.059155,0.0437,chewing
5318325.0,-0.693359,1.845215,0.049805,-0.088998,-0.018919,-0.039703,0.322266,-1.878418,0.75,0.055158,-0.054358,0.042368,chewing
5318335.0,-0.684082,1.848633,0.054687,-0.055957,0.012524,0.00373,0.334473,-1.888184,0.741211,0.049296,-0.051427,0.003997,chewing
5318345.0,-0.664062,1.853027,0.051758,0.008527,0.055691,0.055691,0.343262,-1.873535,0.759766,0.054891,-0.031975,-0.045299,chewing
5318355.0,-0.677246,1.865723,0.059082,-0.001332,0.083936,0.079139,0.316895,-1.864258,0.770996,0.06555,-0.046631,-0.039703,chewing
5318365.0,-0.681152,1.867188,0.052246,0.02185,0.070346,0.054891,0.306152,-1.86084,0.761719,0.047963,-0.04743,-0.015455,chewing
5318375.0,-0.660156,1.862793,0.0625,-0.005329,0.057289,0.032242,0.297363,-1.880859,0.748047,0.015721,-0.023182,0.007461,chewing
5318385.0,-0.654785,1.856934,0.072266,0.009593,0.043167,0.022649,0.306641,-1.869141,0.770996,0.005596,0.016254,0.018652,chewing
5318395.0,-0.65332,1.84668,0.053711,0.008527,0.038637,0.009326,0.306152,-1.873047,0.754883,-0.018919,0.071145,-0.020251,chewing
5318405.0,-0.664062,1.841797,0.064941,0.045032,0.03011,0.002931,0.31543,-1.881836,0.75,-0.037305,0.099124,-0.058355,chewing
5318415.0,-0.650879,1.852539,0.063965,0.075409,0.033041,0.014123,0.331055,-1.87793,0.733398,-0.044233,0.092995,-0.045832,chewing
5318425.0,-0.650391,1.865234,0.062988,0.081005,0.042101,0.023715,0.337891,-1.863281,0.74707,-0.041302,0.083936,-0.058622,chewing
5318435.0,-0.677246,1.850586,0.053223,0.053825,0.05196,0.004263,0.321289,-1.868164,0.759277,-0.048763,0.072478,-0.037838,chewing
5318445.0,-0.677246,1.835449,0.062012,0.046098,0.029311,-0.027712,0.323242,-1.871582,0.768555,-0.048763,0.077807,-0.005329,chewing
5318455.0,-0.655762,1.830078,0.055664,0.05649,0.008527,-0.014655,0.330566,-1.87207,0.757812,-0.028245,0.064217,-0.033041,chewing
5318465.0,-0.651855,1.830566,0.055664,0.052227,0.016521,-0.00373,0.317871,-1.876953,0.751953,-0.030643,0.058089,-0.007727,chewing
5318475.0,-0.631836,1.834961,0.067871,0.028245,0.019985,0.007727,0.294434,-1.873535,0.744629,-0.011191,0.029577,0.00453,chewing
5318485.0,-0.618164,1.845703,0.079102,-0.00453,0.036239,0.007461,0.312012,-1.874023,0.742187,-0.005862,0.04743,0.013323,chewing
5318495.0,-0.638672,1.870605,0.063965,-0.008793,-0.019185,-0.015988,0.318848,-1.87207,0.749023,-0.017054,0.080472,0.010392,chewing
5318505.0,-0.630371,1.87207,0.054687,-0.065017,-0.06475,-0.055158,0.312988,-1.872559,0.758301,-0.041035,0.111914,0.001332,chewing
5318515.0,-0.643555,1.855469,0.038086,-0.106319,-0.156946,-0.064217,0.304199,-1.868164,0.780762,-0.037838,0.112714,0.004796,chewing
5318525.0,-0.660645,1.867188,0.049805,-0.087666,-0.228092,-0.062352,0.32373,-1.860352,0.780762,-0.047963,0.119375,-0.022649,chewing
5318535.0,-0.669434,1.838867,0.024414,0.047697,-0.369317,-0.037838,0.335449,-1.875488,0.788574,-0.045565,0.130833,-0.021051,chewing
5318545.0,-0.663086,1.839355,-0.028809,0.373047,-0.653632,0.083936,0.350098,-1.853516,0.80957,-0.033574,0.099391,0.015721,chewing
5318555.0,-0.703125,1.855469,0.106445,0.22223,-0.580089,-0.016787,0.336914,-1.861328,0.76709,-0.036239,0.074609,0.013057,chewing
5318565.0,-0.687988,1.86084,0.113281,-0.011991,-0.342671,-0.133231,0.356445,-1.855469,0.759277,-0.031176,0.051427,0.005329,chewing
5318575.0,-0.680176,1.858398,0.071777,-0.061286,-0.151884,-0.145489,0.354492,-1.870117,0.768555,-0.021583,0.034907,0.031176,chewing
5318585.0,-0.713379,1.833008,0.058594,-0.115911,-0.038371,-0.104187,0.311035,-1.856445,0.758301,0.007194,0.041302,0.015455,chewing
5318595.0,-0.670898,1.843262,0.072754,-0.063685,0.015188,-0.076475,0.30957,-1.870117,0.759766,-0.007194,0.055158,-0.006662,chewing
5318605.0,-0.666016,1.857422,0.090332,-0.003198,0.032508,-0.037838,0.284668,-1.881348,0.761719,0.002931,0.076741,0.001066,chewing
5318615.0,-0.655762,1.87207,0.074219,0.021051,0.077274,0.049562,0.288574,-1.884766,0.75293,-0.023449,0.10472,-0.027446,chewing
5318625.0,-0.666016,1.881348,0.078125,0.061553,0.072744,0.043966,0.29248,-1.887207,0.742676,-0.051427,0.120974,-0.037305,chewing
5318635.0,-0.673828,1.86377,0.072754,0.122573,0.034107,0.023715,0.29248,-1.880859,0.754395,-0.070346,0.135363,-0.05276,chewing
5318645.0,-0.665039,1.87207,0.083496,0.169204,-0.002398,-0.002931,0.313965,-1.883789,0.746094,-0.082337,0.126037,-0.03464,chewing
5318655.0,-0.678223,1.859863,0.082031,0.208374,-0.028245,-0.011191,0.330566,-1.87793,0.746094,-0.078074,0.104453,-0.043433,chewing
5318665.0,-0.674805,1.869629,0.081543,0.237152,-0.043167,0.00826,0.328125,-1.868652,0.754395,-0.045032,0.080205,-0.054092,chewing
5318675.0,-0.682617,1.855957,0.077148,0.24408,-0.039969,0.020251,0.321289,-1.859863,0.76709,-0.027179,0.046631,-0.034374,chewing
5318685.0,-0.668945,1.860352,0.073242,0.211038,-0.028511,0.031176,0.32666,-1.859863,0.764648,-0.009593,0.037305,-0.025314,chewing
5318695.0,-0.665039,1.851563,0.056641,0.161476,0.022383,0.045832,0.323242,-1.866699,0.767578,-0.013323,0.041035,-0.036772,chewing
5318705.0,-0.677734,1.845703,0.062988,0.10392,0.067415,0.063152,0.312012,-1.862793,0.78125,-0.016787,0.073011,-0.046364,chewing
5318715.0,-0.673828,1.835938,0.076172,0.121773,0.074609,0.082603,0.32373,-1.852539,0.818359,-0.038904,0.158545,-0.075409,chewing
5318725.0,-0.6875,1.832031,0.067871,0.178263,0.038637,0.062086,0.307129,-1.85498,0.803711,-0.080205,0.222763,-0.092729,chewing
5318735.0,-0.686035,1.845215,0.058594,0.206508,-0.027446,0.024248,0.30957,-1.868652,0.795898,-0.099923,0.261666,-0.108983,chewing
5318745.0,-0.668945,1.845215,0.066895,0.229424,-0.073011,0.049029,0.337402,-1.836914,0.79541,-0.13936,0.301636,-0.07834,chewing
5318755.0,-0.642578,1.855957,0.066895,0.292043,-0.088199,0.094594,0.289063,-1.906738,0.70752,-0.185191,0.279786,-0.048763,chewing
5318765.0,-0.685547,1.835938,0.044434,0.243547,-0.091663,0.116977,0.297363,-1.902832,0.70752,-0.110315,0.126836,0.013323,chewing
5318775.0,-0.681641,1.852051,0.047363,0.187856,-0.099923,0.049828,0.316406,-1.871094,0.734375,-0.092995,0.059688,0.066882,chewing
5318785.0,-0.677734,1.853516,0.04834,0.143357,-0.103121,-0.002931,0.311523,-1.873047,0.745605,-0.135896,0.045832,0.094328,chewing
5318795.0,-0.688965,1.837891,0.038574,0.124704,-0.124704,-0.039703,0.317871,-1.884766,0.751465,-0.166273,0.062352,0.100989,chewing
5318805.0,-0.67041,1.852539,0.04248,0.061286,-0.071678,-0.036239,0.318848,-1.875,0.750488,-0.194251,0.092462,0.058355,chewing
5318815.0,-0.69043,1.842773,0.045898,0.005063,0.012257,-0.00373,0.328613,-1.874023,0.737305,-0.232355,0.130833,0.044233,chewing
5318825.0,-0.686035,1.84082,0.057617,0.000266,0.056757,0.021583,0.324707,-1.877441,0.740723,-0.240882,0.120175,0.066882,chewing
5318835.0,-0.681641,1.852051,0.056641,-0.001066,0.069547,0.038104,0.32959,-1.875,0.751465,-0.210505,0.060221,0.119908,chewing
5318845.0,-0.683594,1.849609,0.049316,0.017853,0.049296,0.014655,0.305176,-1.873047,0.750488,-0.180395,0.019452,0.137761,chewing
5318855.0,-0.680176,1.854004,0.049805,0.037305,0.036505,0.001332,0.291504,-1.892578,0.742676,-0.153482,0.000799,0.116444,chewing
5318865.0,-0.662109,1.871582,0.047852,0.034107,0.058622,0.010126,0.287598,-1.89209,0.751465,-0.136162,0.006662,0.093795,chewing
5318875.0,-0.66748,1.85498,0.0625,0.029844,0.112181,0.018119,0.28418,-1.884766,0.749023,-0.162276,0.089265,0.055691,chewing
5318885.0,-0.662598,1.859863,0.060059,0.00373,0.167605,0.018119,0.272461,-1.891602,0.745117,-0.205975,0.133498,0.073544,chewing
5318895.0,-0.669922,1.849121,0.052734,0.027979,0.181727,-0.009326,0.285645,-1.889648,0.756836,-0.21317,0.123905,0.071945,chewing
5318905.0,-0.676758,1.845215,0.05957,0.061553,0.129501,-0.000799,0.310059,-1.867188,0.766113,-0.230757,0.148953,0.055691,chewing
5318915.0,-0.691406,1.830566,0.05127,0.068481,0.107384,-0.007461,0.305664,-1.888672,0.741699,-0.225694,0.167605,0.054358,chewing
5318925.0,-0.66748,1.84668,0.061523,0.036772,0.137228,0.011191,0.305664,-1.874512,0.748047,-0.203044,0.161743,0.011191,chewing
5318935.0,-0.68457,1.844238,0.057129,-0.022916,0.196116,0.018386,0.312012,-1.899414,0.731934,-0.174533,0.138827,-0.001066,chewing
5318945.0,-0.685547,1.846191,0.060547,-0.053559,0.199847,0.011458,0.306152,-1.88623,0.72998,-0.166273,0.139626,-0.02558,chewing
5318955.0,-0.666016,1.857422,0.047363,-0.108717,0.202511,-0.016787,0.297852,-1.896973,0.72998,-0.170802,0.131632,0.019185,chewing
5318965.0,-0.674316,1.852539,0.048828,-0.090331,0.159877,-0.024781,0.303711,-1.876953,0.741211,-0.179596,0.157213,0.034374,chewing
5318975.0,-0.668945,1.831543,0.057617,-0.060753,0.111648,-0.033574,0.293945,-1.893555,0.731445,-0.171602,0.156413,0.02185,chewing
5318985.0,-0.682129,1.834961,0.04834,-0.00826,0.088998,-0.014922,0.289551,-1.885254,0.732422,-0.172668,0.16947,0.031443,chewing
5318995.0,-0.679687,1.841797,0.056641,-0.009326,0.109516,-0.029044,0.309082,-1.873535,0.742187,-0.16121,0.188922,-0.024248,chewing
5319005.0,-0.680176,1.856445,0.052734,-0.048763,0.162542,-0.026646,0.29541,-1.888184,0.713867,-0.166273,0.208907,-0.009593,chewing
5319015.0,-0.699707,1.847168,0.066406,-0.005329,0.148953,-0.007194,0.322754,-1.901367,0.734375,-0.140692,0.201712,-0.007461,chewing
5319025.0,-0.671387,1.864258,0.068359,0.023715,0.14389,0.009326,0.281738,-1.888184,0.746582,-0.173201,0.207574,0.016254,chewing
5319035.0,-0.663086,1.86377,0.056641,0.037838,0.163341,0.00373,0.287598,-1.891602,0.729492,-0.132965,0.200913,-0.010658,chewing
5319045.0,-0.65918,1.85791,0.056641,0.054625,0.135363,-0.01359,0.285156,-1.88916,0.718262,-0.13856,0.186257,-0.037038,chewing
5319055.0,-0.662598,1.866211,0.074707,0.096193,0.088466,-0.00373,0.284668,-1.905762,0.717285,-0.108184,0.16494,-0.037571,chewing
5319065.0,-0.652344,1.861816,0.071777,0.063418,0.124971,-0.015721,0.299316,-1.889648,0.714844,-0.08287,0.118842,-0.031975,chewing
5319075.0,-0.666992,1.856934,0.066406,0.043433,0.139093,-0.006928,0.302734,-1.894043,0.70166,-0.058089,0.066083,-0.007194,chewing
5319085.0,-0.658203,1.854492,0.064941,0.052227,0.141758,-0.033574,0.301758,-1.888672,0.698242,-0.037305,0.026646,-0.001865,chewing
5319095.0,-0.659668,1.85791,0.064941,0.056224,0.124438,-0.014123,0.291992,-1.896484,0.699707,0.005862,-0.007461,0.005063,chewing
5319105.0,-0.672852,1.852051,0.058105,0.06928,0.114845,0.001066,0.294922,-1.897461,0.701172,0.012257,-0.049296,0.005596,chewing
5319115.0,-0.666504,1.844238,0.070312,0.075409,0.11298,-0.005329,0.28418,-1.901367,0.71875,0.037038,-0.053026,0.011724,chewing
5319125.0,-0.672852,1.842285,0.062012,0.074876,0.098058,0.005063,0.269531,-1.89502,0.708008,0.052227,-0.053559,0.01279,chewing
5319135.0,-0.67334,1.84082,0.050781,0.06475,0.077541,0.029577,0.288574,-1.88916,0.72998,0.039436,-0.062619,-0.010126,chewing
5319145.0,-0.683594,1.844727,0.054687,0.113513,0.02185,-0.011724,0.285645,-1.891602,0.709473,0.054092,-0.074343,-0.022116,chewing
5319155.0,-0.6875,1.849609,0.036133,0.165473,-0.044499,-0.015455,0.306641,-1.883789,0.722656,0.069813,-0.106851,-0.020251,chewing
5319165.0,-0.6875,1.847656,0.054687,0.205443,-0.118576,0.020518,0.313965,-1.885742,0.727051,0.107118,-0.167605,-0.010126,chewing
5319175.0,-0.686035,1.861328,0.036621,0.201179,-0.142557,0.025314,0.342285,-1.863281,0.719238,0.127902,-0.172135,-0.046364,chewing
5319185.0,-0.692871,1.859863,0.063965,0.211838,-0.155881,0.06102,0.347656,-1.855469,0.750488,0.139893,-0.083403,-0.111115,chewing
5319195.0,-0.679687,1.852539,0.051758,0.176398,-0.123639,0.057556,0.306152,-1.870117,0.73584,0.114046,-0.03464,-0.13936,chewing
5319205.0,-0.688965,1.852539,0.052734,0.134564,-0.067149,0.057289,0.296875,-1.884766,0.751953,0.153482,-0.047697,-0.142025,chewing
5319215.0,-0.681152,1.854492,0.045898,0.146554,-0.094328,0.050628,0.285156,-1.871094,0.750488,0.13936,-0.045832,-0.127369,chewing
5319225.0,-0.666504,1.84082,0.047852,0.144956,-0.126303,0.070879,0.278809,-1.898438,0.733398,0.136162,-0.053292,-0.095127,chewing
5319235.0,-0.654785,1.86377,0.05957,0.167072,-0.154282,0.086334,0.290039,-1.888184,0.739746,0.153216,-0.033308,-0.094594,chewing
5319245.0,-0.662598,1.855957,0.046875,0.239283,-0.218766,0.10392,0.300293,-1.869629,0.748047,0.174,-0.023182,-0.107384,chewing
5319255.0,-0.655762,1.864258,0.046387,0.244879,-0.235553,0.095394,0.288086,-1.865234,0.756348,0.162542,-0.013057,-0.122573,chewing
5319265.0,-0.671875,1.880859,0.04834,0.124438,-0.160943,0.026913,0.300781,-1.867188,0.742676,0.153749,-0.024248,-0.11298,chewing
5319275.0,-0.682129,1.871582,0.037109,0.013057,-0.078074,-0.039436,0.307617,-1.860352,0.756348,0.167871,0.027712,-0.11298,chewing
5319285.0,-0.705078,1.853027,0.032715,-0.119109,0.006129,-0.070346,0.321777,-1.86084,0.764648,0.184126,0.077008,-0.12657,chewing
5319295.0,-0.694336,1.830078,0.053223,-0.16121,0.10019,-0.060221,0.312988,-1.874512,0.73877,0.208107,0.094061,-0.184392,chewing
5319305.0,-0.687012,1.833496,0.053223,-0.124438,0.160943,-0.00373,0.288574,-1.911621,0.715332,0.229424,0.039436,-0.149485,chewing
5319315.0,-0.69873,1.818848,0.056641,-0.019985,0.135629,0.03091,0.292969,-1.893555,0.717773,0.242747,-0.029577,-0.10472,chewing
5319325.0,-0.69043,1.824707,0.061035,0.028511,0.070879,0.017587,0.297363,-1.894531,0.717773,0.188655,-0.045565,-0.046098,chewing
5319335.0,-0.678711,1.838867,0.070801,0.063951,-0.004796,-0.00453,0.288574,-1.899414,0.733887,0.154548,-0.050628,0.007994,chewing
5319345.0,-0.662109,1.850586,0.037109,0.052493,-0.029577,-0.010925,0.283691,-1.895508,0.750488,0.128701,-0.05276,0.022116,chewing
5319355.0,-0.661133,1.855957,0.054199,-0.021051,0.011991,-0.009593,0.276855,-1.890137,0.736328,0.080472,-0.071945,0.027712,chewing
5319365.0,-0.661621,1.873047,0.045898,-0.106052,0.073277,-0.009326,0.314941,-1.865234,0.762695,0.034374,-0.046098,0.053026,chewing
5319375.0,-0.679687,1.86084,0.030762,-0.131366,0.096992,-0.054625,0.331055,-1.868164,0.770508,-0.009593,-0.001865,0.02185,chewing
5319385.0,-0.686523,1.847168,0.031738,-0.106851,0.058888,-0.045032,0.331055,-1.846191,0.749023,-0.024781,0.001599,0.004796,chewing
5319395.0,-0.692871,1.84082,0.055664,-0.144156,0.062352,-0.062885,0.314941,-1.875488,0.724121,-0.016521,-0.017853,0.007727,chewing
5319405.0,-0.675781,1.835449,0.056641,-0.140426,0.089265,-0.040502,0.332031,-1.875488,0.734375,0.046098,-0.051427,-0.010925,chewing
5319415.0,-0.692383,1.836914,0.054199,-0.144689,0.128701,-0.029577,0.334473,-1.871094,0.761719,0.053292,-0.057289,-0.018919,chewing
5319425.0,-0.680176,1.838867,0.054687,-0.126303,0.123639,-0.003997,0.306641,-1.877441,0.761719,0.049029,-0.059155,-0.019452,chewing
5319435.0,-0.68457,1.82959,0.069824,-0.196116,0.132432,-0.00373,0.303223,-1.883301,0.745605,-0.005862,-0.005063,-0.009326,chewing
5319445.0,-0.655762,1.849121,0.064453,-0.201446,0.073011,-0.005596,0.312988,-1.860352,0.765137,-0.021583,0.059155,-0.037571,chewing
5319455.0,-0.637695,1.858887,0.046387,-0.229424,0.037571,-0.005596,0.316406,-1.868652,0.80957,-0.010925,0.06555,-0.045832,chewing
5319465.0,-0.645508,1.870605,0.067383,-0.20411,-0.008527,-0.023715,0.297852,-1.865723,0.776855,-0.051427,0.118576,0.00826,chewing
5319475.0,-0.654785,1.879395,0.056641,-0.16041,-0.149752,0.003464,0.311523,-1.845703,0.797852,-0.063418,0.183326,-0.034374,chewing
5319485.0,-0.655762,1.844727,0.020996,0.149485,-0.454319,0.086334,0.309082,-1.849121,0.795898,-0.055424,0.200113,-0.059155,chewing
5319495.0,-0.682129,1.891113,0.052246,0.678413,-0.913433,0.296573,0.322754,-1.848145,0.793457,-0.001599,0.155081,-0.049562,chewing
5319505.0,-0.727051,1.824219,0.084473,-0.076208,-0.237152,-0.025314,0.320313,-1.847168,0.776855,-0.017587,0.087133,-0.039436,chewing
5319515.0,-0.69873,1.838379,0.106934,-0.153749,-0.038637,-0.089798,0.330078,-1.884277,0.74707,-0.028245,0.036239,0.033574,chewing
5319525.0,-0.729492,1.825684,0.084473,-0.135629,0.083669,-0.035706,0.335938,-1.880859,0.737793,-0.015721,0.009859,0.031443,chewing
5319535.0,-0.711914,1.833008,0.083496,-0.049029,0.10845,0.031709,0.329102,-1.881348,0.748047,0.006662,0.006129,0.016521,chewing
5319545.0,-0.704102,1.833496,0.074219,0.030377,0.074876,0.054625,0.32373,-1.873047,0.756348,-0.010658,0.017054,-0.01732,chewing
5319555.0,-0.664062,1.856934,0.084961,0.054625,0.056757,0.051427,0.296387,-1.878418,0.736816,-0.011458,0.026113,-0.024248,chewing
5319565.0,-0.660156,1.861328,0.084473,0.083403,0.029577,0.046897,0.291504,-1.87207,0.759277,-0.013057,0.032775,-0.012257,chewing
5319575.0,-0.628418,1.85791,0.091309,0.103121,0.031176,0.053825,0.293945,-1.878906,0.763184,-0.019985,0.046897,-0.027179,chewing
5319585.0,-0.651367,1.853027,0.087891,0.132165,0.013323,0.053026,0.281738,-1.871094,0.757812,-0.022649,0.08207,-0.033841,chewing
5319595.0,-0.65625,1.844238,0.080078,0.155081,0.00826,0.023449,0.294922,-1.885742,0.754883,-0.03464,0.079139,-0.023982,chewing
5319605.0,-0.675293,1.84082,0.077148,0.170536,-0.013057,-0.001599,0.306641,-1.878906,0.75293,-0.028511,0.058089,-0.026646,chewing
5319615.0,-0.685547,1.853516,0.081055,0.125504,-0.002132,0.003198,0.311035,-1.875977,0.745605,-0.024248,0.0429,-0.034374,chewing
5319625.0,-0.696289,1.834961,0.080078,0.106319,0.049029,0.002398,0.325195,-1.866699,0.771973,-0.020784,0.042101,-0.027179,chewing
5319635.0,-0.706055,1.838379,0.066406,0.057556,0.149752,0.010126,0.320801,-1.862793,0.772461,-0.015721,0.042101,-0.018119,chewing
5319645.0,-0.6875,1.841797,0.055664,-0.000266,0.234753,0.00826,0.336914,-1.855957,0.78418,-0.011991,0.03917,-0.010658,chewing
5319655.0,-0.682617,1.847168,0.060059,-0.016254,0.258202,-0.003997,0.31543,-1.844727,0.786621,-0.026113,0.074609,-0.031176,chewing
5319665.0,-0.696289,1.855469,0.049316,-0.10845,0.34427,-0.057556,0.327637,-1.861328,0.782715,-0.027446,0.078074,-0.032775,chewing
5319675.0,-0.685547,1.827637,0.068848,-0.042101,0.202245,-0.013323,0.329102,-1.86084,0.766602,-0.030643,0.085534,-0.038371,chewing
5319685.0,-0.688477,1.852539,0.054199,-0.026646,0.187323,-0.029044,0.320313,-1.878906,0.746094,-0.022916,0.071145,-0.045032,chewing
5319695.0,-0.665527,1.852051,0.04834,0.013323,0.136162,-0.035972,0.330566,-1.85791,0.799316,-0.027979,0.068481,0.027446,chewing
5319705.0,-0.677246,1.876465,0.087402,-0.078074,0.190521,-0.055158,0.331543,-1.85791,0.776855,-0.144156,0.098058,0.108184,chewing
5319715.0,-0.675781,1.85791,0.087402,0.008793,0.118043,0.004263,0.273438,-1.880859,0.70752,-0.204377,0.136429,0.034107,chewing
5319725.0,-0.675293,1.824707,0.070312,0.132432,-0.005329,0.047697,0.311523,-1.881836,0.744141,-0.126303,0.058888,0.045565,chewing
5319735.0,-0.681641,1.845215,0.056641,0.285648,-0.088199,0.069547,0.291504,-1.88916,0.748535,-0.166539,0.031975,0.099124,chewing
5319745.0,-0.674316,1.868164,0.061035,0.299237,-0.12577,0.023449,0.29541,-1.892578,0.736816,-0.202245,-0.017853,0.176398,chewing
5319755.0,-0.669434,1.870605,0.056152,0.282717,-0.137228,0.011991,0.302246,-1.870117,0.742676,-0.257936,-0.00373,0.20411,chewing
5319765.0,-0.666016,1.859375,0.058105,0.281118,-0.144156,0.021317,0.29541,-1.874023,0.744629,-0.282983,0.037571,0.159078,chewing
5319775.0,-0.666504,1.85791,0.062988,0.207308,-0.083136,0.041302,0.308105,-1.86377,0.774414,-0.26593,0.050095,0.120708,chewing
5319785.0,-0.668945,1.853516,0.062988,0.193718,-0.037305,0.068481,0.309082,-1.869141,0.749512,-0.293642,0.085268,0.107118,chewing
5319795.0,-0.683105,1.847168,0.083984,0.161743,-0.013323,0.05196,0.307129,-1.882324,0.728027,-0.277654,0.070346,0.116977,chewing
5319805.0,-0.692383,1.84375,0.072266,0.094061,-0.007194,0.021051,0.302734,-1.893066,0.733398,-0.224628,0.024781,0.113779,chewing
5319815.0,-0.712891,1.836426,0.052246,-0.005063,0.033574,-0.017853,0.299805,-1.875977,0.728027,-0.23875,0.03091,0.077008,chewing
5319825.0,-0.703125,1.852539,0.041504,-0.046364,0.083403,-0.029044,0.277344,-1.918945,0.71582,-0.219032,-0.009859,0.111115,chewing
5319835.0,-0.712402,1.843262,0.0625,-0.083936,0.120441,-0.041035,0.303711,-1.882813,0.766602,-0.15668,-0.066882,0.140426,chewing
5319845.0,-0.682129,1.842773,0.059082,-0.045565,0.158012,-0.025847,0.300781,-1.870605,0.76709,-0.173734,-0.021317,0.126303,chewing
5319855.0,-0.686523,1.842773,0.043457,-0.05276,0.180662,-0.020518,0.307129,-1.882324,0.744141,-0.153482,-0.007461,0.087133,chewing
5319865.0,-0.6875,1.836914,0.059082,-0.048496,0.180662,-0.013856,0.30127,-1.870605,0.738281,-0.152417,0.033574,0.063951,chewing
5319875.0,-0.673828,1.848633,0.050781,-0.041835,0.173467,-0.038637,0.300293,-1.884766,0.737793,-0.128435,0.042368,0.001865,chewing
5319885.0,-0.671387,1.855469,0.04834,-0.010925,0.13856,-0.03464,0.29541,-1.868164,0.753418,-0.098858,0.02638,0.002665,chewing
5319895.0,-0.663574,1.864258,0.061035,0.017054,0.142025,-0.018119,0.286621,-1.874512,0.744141,-0.10019,0.025047,0.03091,chewing
5319905.0,-0.663574,1.858398,0.072266,0.023982,0.150018,-0.014655,0.282227,-1.88916,0.731934,-0.092196,0.011191,0.020784,chewing
5319915.0,-0.676758,1.855469,0.071777,0.025314,0.157746,0.007194,0.294434,-1.880371,0.736816,-0.066083,0.000266,-0.000533,chewing
5319925.0,-0.686523,1.844238,0.06543,0.03464,0.177464,0.017853,0.298828,-1.884766,0.73584,-0.023982,-0.0429,-0.00373,chewing
5319935.0,-0.689453,1.836914,0.047363,0.041035,0.170003,0.014922,0.302734,-1.894043,0.748047,0.023182,-0.086867,-0.030377,chewing
5319945.0,-0.671387,1.853516,0.056641,0.02638,0.132698,0.015988,0.305664,-1.884277,0.735352,0.090064,-0.147354,-0.046364,chewing
5319955.0,-0.680664,1.862305,0.071777,0.034107,0.090864,0.00906,0.30127,-1.896973,0.705566,0.122839,-0.174799,-0.063685,chewing
5319965.0,-0.677246,1.862793,0.069336,0.031443,0.079406,0.00453,0.314941,-1.901855,0.707031,0.14309,-0.16121,-0.065283,chewing
5319975.0,-0.676758,1.857422,0.073242,0.044233,0.083936,-0.00453,0.314453,-1.89502,0.709961,0.12577,-0.142291,-0.063418,chewing
5319985.0,-0.660156,1.851074,0.070801,0.115112,0.0429,0.022916,0.319336,-1.871094,0.742676,0.149219,-0.131899,-0.114845,chewing
5319995.0,-0.663086,1.858398,0.068848,0.225161,-0.046364,0.08287,0.309082,-1.868164,0.779297,0.195583,-0.122839,-0.138028,chewing
5320005.0,-0.661621,1.863281,0.07666,0.305632,-0.123372,0.094861,0.288574,-1.856934,0.775879,0.200113,-0.09113,-0.147087,chewing
5320015.0,-0.658691,1.87207,0.059082,0.091663,-0.081271,0.039436,0.282715,-1.888672,0.734375,0.185724,-0.049828,-0.146821,chewing
5320025.0,-0.676758,1.862305,0.077148,-0.074609,-0.038104,0.016787,0.307617,-1.882324,0.745605,0.242214,-0.00453,-0.175599,chewing
5320035.0,-0.686035,1.831055,0.084961,-0.275256,-0.025047,-0.02558,0.26709,-1.93457,0.669434,0.220631,-0.016787,-0.161476,chewing
5320045.0,-0.698242,1.84082,0.113281,-0.406089,0.005329,-0.089798,0.294922,-1.943848,0.607422,0.226493,-0.036772,-0.136962,chewing
5320055.0,-0.669922,1.807129,0.065918,-0.291776,0.003464,-0.045565,0.364746,-1.878906,0.739258,0.303501,-0.115378,-0.07834,chewing
5320065.0,-0.666016,1.824707,0.069824,0.03011,-0.142025,0.028511,0.345703,-1.786621,0.897461,0.258735,-0.029577,-0.128435,chewing
5320075.0,-0.675781,1.861816,0.050781,0.170003,-0.260334,0.104187,0.258789,-1.833008,0.818848,0.182793,0.020518,-0.127369,chewing
5320085.0,-0.68457,1.891113,0.039063,0.022116,-0.161476,0.090597,0.254395,-1.876953,0.764648,0.135896,-0.03917,-0.06475,chewing
5320095.0,-0.6875,1.878906,0.063965,-0.136429,-0.074077,-0.005329,0.271973,-1.894043,0.704102,0.086334,-0.126836,0.011724,chewing
5320105.0,-0.709961,1.860352,0.062988,-0.288579,0.011458,-0.105519,0.331055,-1.883789,0.716309,0.050095,-0.071412,0.035173,chewing
5320115.0,-0.71582,1.859375,0.062012,-0.306965,0.033041,-0.14842,0.380371,-1.845215,0.768066,0.046897,-0.038371,0.036772,chewing
5320125.0,-0.689453,1.862793,0.055664,-0.253672,0.06475,-0.087133,0.37793,-1.836914,0.774902,-0.042634,0.051694,0.025847,chewing
5320135.0,-0.689941,1.859863,0.081055,-0.200913,0.071945,-0.001599,0.347656,-1.899414,0.731445,-0.074609,0.098325,-0.005063,chewing
5320145.0,-0.679199,1.871094,0.07666,-0.107917,0.083669,0.055957,0.359863,-1.861816,0.79248,-0.002398,0.057023,-0.038904,chewing
5320155.0,-0.668457,1.87793,0.072266,-0.110315,0.101789,0.05649,0.289063,-1.870605,0.765625,-0.027179,0.127103,-0.081271,chewing
5320165.0,-0.658691,1.874023,0.068848,-0.085534,0.076741,0.066349,0.272461,-1.852539,0.779297,0.002398,0.114046,-0.076208,chewing
5320175.0,-0.646484,1.849609,0.083008,-0.031176,-0.011191,0.103387,0.269531,-1.868164,0.769531,-0.021583,0.094594,-0.019185,chewing
5320185.0,-0.638672,1.845703,0.069824,0.168671,-0.192652,0.148153,0.29248,-1.880859,0.755859,0.003464,0.098591,0.009326,chewing
5320195.0,-0.645996,1.856445,-0.034668,0.53932,-0.539587,0.257936,0.304688,-1.874023,0.766602,0.009593,0.114046,-0.012257,chewing
5320205.0,-0.685059,1.887207,0.120605,0.554508,-0.710655,0.208907,0.314941,-1.867188,0.78418,0.004263,0.083136,-0.025314,chewing
5320215.0,-0.682617,1.842773,0.122559,0.147354,-0.365054,-0.018919,0.310547,-1.864258,0.77002,-0.010126,0.038904,0.02185,chewing
5320225.0,-0.67627,1.849121,0.11377,0.047164,-0.142557,-0.075409,0.35498,-1.868652,0.75293,-0.001066,0.001066,0.066882,chewing
5320235.0,-0.685547,1.841797,0.094238,0.138827,-0.099391,-0.010925,0.364258,-1.864258,0.75,-0.001599,0.004263,0.026113,chewing
5320245.0,-0.727051,1.791016,0.051758,-0.057289,0.184126,-0.073277,0.336426,-1.867188,0.768066,0.007461,0.006662,-0.008793,chewing
5320255.0,-0.675293,1.827148,0.087402,0.073544,0.006662,-0.026113,0.313965,-1.870605,0.750488,0.016254,-0.016521,0.021583,chewing
5320265.0,-0.681152,1.837402,0.082031,0.077807,0.002132,-0.007727,0.31543,-1.867188,0.746094,0.018652,-0.020784,0.019718,chewing
5320275.0,-0.685547,1.842773,0.08252,0.098325,0.011191,-0.017587,0.268555,-1.875488,0.762207,0.007194,-0.043167,0.016521,chewing
5320285.0,-0.694824,1.835938,0.083984,0.152417,-0.048763,-0.089798,0.282715,-1.873535,0.766113,0.0,-0.014922,0.052227,chewing
5320295.0,-0.67041,1.86377,0.074219,0.113779,-0.041835,-0.032508,0.262695,-1.882813,0.753418,0.004263,-0.053026,0.010126,chewing
5320305.0,-0.665039,1.852051,0.09668,0.126303,0.026646,0.025314,0.282715,-1.879395,0.759277,-0.000266,-0.101522,0.079406,chewing
5320315.0,-0.693848,1.834961,0.085937,0.128435,0.06102,0.066616,0.336914,-1.861328,0.760742,-0.005862,-0.084202,0.066616,chewing
5320325.0,-0.680664,1.849609,0.073242,0.114579,0.015721,0.049296,0.333984,-1.870605,0.76416,-0.015988,0.005862,-0.037038,chewing
5320335.0,-0.708984,1.837402,0.077637,0.098325,-0.047697,-0.006395,0.314453,-1.871582,0.762695,-0.011724,0.010925,-0.016521,chewing
5320345.0,-0.68457,1.85498,0.071289,0.087133,-0.086334,-0.052493,0.308105,-1.884277,0.771973,-0.006129,-0.010925,0.024515,chewing
5320355.0,-0.702148,1.849121,0.084961,0.060487,-0.061286,-0.076208,0.333984,-1.860352,0.769043,-0.017054,-0.009593,0.005596,chewing
5320365.0,-0.69043,1.864258,0.086914,0.014922,0.001332,-0.043433,0.320313,-1.869629,0.781738,-0.026646,0.019985,-0.007727,chewing
5320375.0,-0.68457,1.864258,0.079102,-0.040502,0.126037,-0.044766,0.327148,-1.855957,0.785156,-0.031176,0.046098,-0.035173,chewing
5320385.0,-0.692871,1.864746,0.085449,-0.06555,0.211038,-0.029311,0.318359,-1.864746,0.778809,-0.046897,0.087933,-0.056224,chewing
5320395.0,-0.692871,1.861816,0.075195,-0.091663,0.250475,-0.002665,0.293457,-1.871582,0.764648,-0.063152,0.116178,-0.06475,chewing
5320405.0,-0.681641,1.856445,0.060059,-0.129767,0.302968,0.019452,0.306152,-1.849121,0.788574,-0.055424,0.105253,-0.049029,chewing
5320415.0,-0.702637,1.848145,0.086426,-0.03544,0.222496,0.064217,0.289063,-1.879883,0.76416,-0.063951,0.12577,-0.05649,chewing
5320425.0,-0.70459,1.844727,0.084473,0.053026,0.180662,0.057822,0.319336,-1.873047,0.773926,-0.078606,0.102588,-0.03011,chewing
5320435.0,-0.661133,1.856934,0.074219,0.062086,0.166273,0.064484,0.345215,-1.873047,0.771484,-0.147087,0.098325,0.038371,chewing
5320445.0,-0.661133,1.835449,0.085449,0.113247,0.162276,0.107917,0.30127,-1.907227,0.712402,-0.163341,0.076741,0.023182,chewing
5320455.0,-0.662598,1.847656,0.071289,0.04823,0.168671,0.010925,0.334473,-1.881348,0.715332,-0.15215,0.009326,0.059421,chewing
5320465.0,-0.654785,1.85498,0.072754,0.100723,0.064484,-0.011724,0.328125,-1.876465,0.72168,-0.121773,0.011191,0.06928,chewing
5320475.0,-0.681152,1.842285,0.063477,0.185991,-0.07834,0.006928,0.309082,-1.88916,0.741699,-0.071412,-0.053026,0.078873,chewing
5320485.0,-0.660156,1.85498,0.074707,0.138827,-0.058622,-0.046897,0.303223,-1.882324,0.743164,-0.127636,-0.074077,0.167605,chewing
5320495.0,-0.669922,1.859375,0.07666,0.182793,-0.084469,-0.030377,0.296387,-1.888672,0.743652,-0.166806,-0.04823,0.213436,chewing
5320505.0,-0.6875,1.849609,0.092773,0.20944,-0.072211,-0.014389,0.303223,-1.882813,0.74707,-0.206242,-0.010925,0.186257,chewing
5320515.0,-0.660645,1.855957,0.084473,0.175599,-0.003997,0.041568,0.306641,-1.883789,0.741699,-0.2169,0.010126,0.13856,chewing
5320525.0,-0.669434,1.850586,0.067383,0.187323,0.044499,0.068747,0.320801,-1.857422,0.740723,-0.215568,0.050095,0.101789,chewing
5320535.0,-0.678223,1.855469,0.085449,0.181727,0.03091,0.046631,0.331543,-1.870605,0.751465,-0.180928,0.052227,0.078606,chewing
5320545.0,-0.674316,1.864258,0.07959,0.110582,0.038637,0.003997,0.3125,-1.875977,0.736328,-0.134564,0.03544,0.074077,chewing
5320555.0,-0.686523,1.862305,0.087891,0.065283,0.043966,-0.046364,0.302734,-1.876465,0.744629,-0.103121,0.006662,0.080205,chewing
5320565.0,-0.680664,1.855957,0.064941,0.045299,0.038104,-0.05196,0.292969,-1.879395,0.746094,-0.087133,0.010925,0.066083,chewing
5320575.0,-0.69873,1.850586,0.073242,-0.012524,0.10472,-0.082337,0.277832,-1.878906,0.758789,-0.096459,0.023449,0.036239,chewing
5320585.0,-0.686035,1.862305,0.07666,-0.045565,0.172668,-0.064217,0.291016,-1.87793,0.745605,-0.136695,0.069547,0.023449,chewing
5320595.0,-0.681152,1.859375,0.065918,-0.070879,0.215035,-0.016787,0.287598,-1.876953,0.745117,-0.14762,0.089798,0.003464,chewing
5320605.0,-0.679199,1.866211,0.07666,-0.03917,0.231822,0.010392,0.289551,-1.869141,0.744141,-0.14762,0.085534,-0.004263,chewing
5320615.0,-0.674805,1.856934,0.0625,-0.029044,0.211038,0.007727,0.300781,-1.862305,0.743164,-0.11751,0.061553,0.018652,chewing
5320625.0,-0.67041,1.851074,0.086426,0.018652,0.170802,-0.021051,0.311523,-1.878906,0.73877,-0.085801,0.053559,-0.00373,chewing
5320635.0,-0.683105,1.839355,0.079102,0.049562,0.151351,-0.018119,0.298828,-1.887695,0.729004,-0.053825,0.029311,-0.01359,chewing
5320645.0,-0.685059,1.847168,0.064941,0.053825,0.170802,-0.006928,0.295898,-1.883789,0.729492,-0.041568,0.016521,0.001066,chewing
5320655.0,-0.677734,1.850098,0.07959,0.046098,0.171602,-0.014922,0.29541,-1.887207,0.729004,-0.023982,-0.021317,0.009859,chewing
5320665.0,-0.695801,1.84668,0.055176,0.065283,0.16121,0.005063,0.294434,-1.871582,0.758789,0.01359,-0.03917,0.001332,chewing
5320675.0,-0.679199,1.858398,0.057617,0.050628,0.125504,0.011991,0.288086,-1.88916,0.757812,0.048763,-0.045032,0.002665,chewing
5320685.0,-0.675293,1.850586,0.070801,0.072744,0.113779,0.014655,0.283691,-1.879395,0.738281,0.062086,-0.053292,-0.038904,chewing
5320695.0,-0.668945,1.850586,0.05957,0.068214,0.102322,0.001599,0.303223,-1.878906,0.753418,0.085801,-0.045832,-0.043433,chewing
5320705.0,-0.666504,1.850586,0.062988,0.064217,0.062885,0.002132,0.30127,-1.875488,0.753906,0.068481,0.007194,-0.105786,chewing
5320715.0,-0.669434,1.854492,0.07959,0.120175,0.00826,-0.010925,0.303223,-1.874512,0.768555,0.095127,0.029044,-0.12657,chewing
5320725.0,-0.677734,1.862305,0.071777,0.17027,-0.083136,0.007194,0.290039,-1.861816,0.757324,0.126303,0.03544,-0.140959,chewing
5320735.0,-0.6875,1.858398,0.078613,0.154015,-0.147354,-0.006662,0.299805,-1.882324,0.746582,0.135096,0.053559,-0.131632,chewing
5320745.0,-0.685059,1.85498,0.069336,0.095926,-0.162809,-0.014655,0.311035,-1.870117,0.749512,0.140159,0.041302,-0.118309,chewing
5320755.0,-0.719238,1.833008,0.064941,0.015721,-0.101789,-0.029844,0.311035,-1.882813,0.729004,0.09113,0.061286,-0.086867,chewing
5320765.0,-0.686523,1.85498,0.050293,-0.02638,-0.059421,-0.007194,0.314941,-1.873047,0.733887,0.070613,0.038371,-0.049296,chewing
5320775.0,-0.692383,1.855469,0.060547,0.016787,-0.072211,0.045032,0.341309,-1.869141,0.759766,0.067948,0.034107,-0.040236,chewing
5320785.0,-0.694336,1.852051,0.050781,0.135363,-0.128168,0.077008,0.302734,-1.853516,0.763672,0.095127,0.024248,-0.090064,chewing
5320795.0,-0.676758,1.856934,0.055176,0.183859,-0.155881,0.115112,0.291992,-1.875,0.757812,0.075409,0.009326,-0.047697,chewing
5320805.0,-0.669434,1.866211,0.066895,0.184658,-0.130833,0.147887,0.306641,-1.868164,0.76416,0.066349,0.014389,-0.0429,chewing
5320815.0,-0.666992,1.875977,0.062988,0.117243,-0.041302,0.114312,0.304688,-1.85498,0.765625,0.042368,0.060221,-0.055691,chewing
5320825.0,-0.682129,1.873535,0.040039,0.037038,0.050095,0.076208,0.303223,-1.866211,0.76709,0.007194,0.074876,-0.045032,chewing
5320835.0,-0.687012,1.862305,0.03418,0.024515,0.057023,0.045832,0.299805,-1.868652,0.74707,-0.012524,0.060221,0.007994,chewing
5320845.0,-0.705566,1.838379,0.054687,0.050628,0.079406,0.046897,0.325684,-1.876465,0.754883,-0.036505,0.060221,0.051427,chewing
5320855.0,-0.706543,1.834961,0.054687,0.07834,0.091663,0.056224,0.322266,-1.885742,0.734375,-0.038371,0.076475,0.023182,chewing
5320865.0,-0.685547,1.836914,0.067871,0.109516,0.090331,0.066083,0.317871,-1.880371,0.755859,-0.037838,0.081271,0.002665,chewing
5320875.0,-0.686035,1.83252,0.05127,0.045299,0.140159,0.083669,0.299316,-1.893555,0.75,-0.032242,0.070879,-0.034374,chewing
5320885.0,-0.666504,1.837402,0.069824,-0.031709,0.155081,0.063685,0.287598,-1.88916,0.746582,-0.018652,0.041302,-0.010925,chewing
5320895.0,-0.65625,1.830078,0.070312,-0.068747,0.14842,0.027712,0.286133,-1.889648,0.754395,-0.032508,0.038904,0.005596,chewing
5320905.0,-0.634277,1.853027,0.068359,-0.115645,0.10925,-0.014123,0.291504,-1.885742,0.73584,-0.049296,0.062086,-0.004263,chewing
5320915.0,-0.655273,1.824707,0.067383,-0.219832,0.12124,-0.063418,0.307617,-1.887207,0.737305,-0.019985,0.035173,-0.023182,chewing
5320925.0,-0.643066,1.864746,0.063477,-0.291776,0.10845,-0.084202,0.316406,-1.875488,0.753418,-0.028245,0.038904,-0.016787,chewing
5320935.0,-0.656738,1.843262,0.040039,-0.292309,0.027979,-0.060487,0.324707,-1.875,0.794922,0.002931,0.02558,-0.028245,chewing
5320945.0,-0.661621,1.866699,0.061035,-0.290711,-0.02558,-0.040502,0.323242,-1.847168,0.791016,-0.031975,0.131366,-0.027979,chewing
5320955.0,-0.666992,1.865234,0.035156,-0.137228,-0.174266,0.026646,0.304199,-1.872559,0.782227,-0.027979,0.151884,-0.045832,chewing
5320965.0,-0.683105,1.85791,0.021484,0.296573,-0.548913,0.180129,0.310547,-1.870117,0.754395,-0.018386,0.143357,-0.017054,chewing
5320975.0,-0.692383,1.936523,0.161621,0.625387,-0.909703,0.244879,0.319336,-1.870117,0.774902,0.013323,0.114312,-0.03011,chewing
5320985.0,-0.689941,1.867676,0.155273,0.142557,-0.346401,-0.010925,0.304199,-1.854492,0.769531,-0.023182,0.079139,-0.01732,chewing
5320995.0,-0.742676,1.84375,0.094727,0.005862,-0.030643,-0.067149,0.305664,-1.87793,0.746094,-0.024781,0.059421,0.024248,chewing
5321005.0,-0.717773,1.861328,0.105957,0.074077,0.246211,-0.054625,0.312988,-1.894043,0.74707,-0.021051,0.055158,0.019718,chewing
5321015.0,-0.714355,1.848633,0.07373,0.072744,0.188389,0.101522,0.30957,-1.889648,0.742187,-0.03091,0.091397,-0.014655,chewing
5321025.0,-0.689453,1.84082,0.074707,0.094861,0.181194,0.149219,0.296387,-1.87793,0.747559,-0.037038,0.136962,-0.037838,chewing
5321035.0,-0.658203,1.867188,0.086914,0.11298,0.172668,0.15668,0.295898,-1.872559,0.760742,-0.044766,0.150818,-0.077541,chewing
5321045.0,-0.657715,1.86377,0.066895,0.105253,0.146021,0.241948,0.29541,-1.879883,0.762695,-0.057822,0.136162,-0.078074,chewing
5321055.0,-0.650879,1.921387,0.066895,0.042368,0.4354,0.229158,0.317383,-1.859863,0.767578,-0.067149,0.125504,-0.058622,chewing
5321065.0,-0.621582,1.879883,0.068359,0.27872,-0.053026,-0.046631,0.318848,-1.862305,0.760254,-0.067149,0.119109,-0.0429,chewing
5321075.0,-0.663086,1.802734,0.084473,0.341871,-0.034107,-0.213436,0.305664,-1.883789,0.752441,-0.045832,0.092196,-0.014389,chewing
5321085.0,-0.670898,1.854492,0.056641,0.297106,-0.034907,-0.169737,0.308105,-1.883789,0.743652,-0.018386,0.080472,-0.052493,chewing
5321095.0,-0.665039,1.876465,0.006836,0.397562,-0.074077,-0.339473,0.310547,-1.876465,0.76123,-0.006662,0.096992,-0.058622,chewing
5321105.0,-0.711426,1.811523,0.077148,0.255271,-0.004796,-0.135896,0.307129,-1.86377,0.777832,-0.007727,0.115645,-0.085002,chewing
5321115.0,-0.670898,1.900391,0.069824,0.208907,0.117243,-0.083936,0.306152,-1.867676,0.781738,-0.024781,0.146288,-0.074609,chewing
5321125.0,-0.722168,1.819824,0.049316,0.105253,0.093795,-0.024248,0.288574,-1.86377,0.780273,-0.037038,0.146288,-0.056757,chewing
5321135.0,-0.682617,1.874023,0.003418,0.197449,0.139093,-0.185191,0.30127,-1.880371,0.758301,-0.056757,0.155881,-0.050361,chewing
5321145.0,-0.693359,1.821289,0.051758,0.019452,0.108717,0.01359,0.304688,-1.878906,0.738281,-0.07381,0.122839,-0.045299,chewing
5321155.0,-0.710937,1.822266,0.040527,0.036505,0.155348,0.012524,0.309082,-1.89502,0.735352,-0.058089,0.085268,-0.027712,chewing
5321165.0,-0.688477,1.869629,0.078125,0.066616,0.113247,0.088732,0.328125,-1.885742,0.75,-0.038104,0.063152,-0.030643,chewing
5321175.0,-0.687988,1.847656,0.044922,0.014922,0.158812,0.032508,0.336914,-1.856934,0.753418,-0.102855,0.074609,0.022116,chewing
5321185.0,-0.654785,1.856445,0.05127,0.092196,0.071145,0.112714,0.306641,-1.86377,0.80957,-0.045565,0.071145,-0.002665,chewing
5321195.0,-0.730469,1.811035,0.05957,0.010925,0.146288,0.098858,0.276367,-1.916992,0.737305,-0.05649,0.029311,0.026913,chewing
5321205.0,-0.65918,1.837891,0.060547,0.021583,0.067681,0.017587,0.313965,-1.859375,0.729004,-0.070613,0.014123,0.08207,chewing
5321215.0,-0.664062,1.851074,0.039551,0.088732,-0.02185,0.002398,0.290039,-1.874023,0.764648,-0.079939,0.017587,0.126303,chewing
5321225.0,-0.666016,1.849609,0.053223,0.145489,-0.11751,-0.083403,0.286133,-1.890625,0.729492,-0.086334,0.010392,0.081271,chewing
5321235.0,-0.677734,1.854492,0.050781,0.13483,-0.125504,-0.085268,0.302734,-1.884766,0.733398,-0.096726,0.011724,0.083936,chewing
5321245.0,-0.674805,1.853027,0.047363,0.149485,-0.070879,-0.06555,0.313477,-1.879883,0.726562,-0.129501,0.036505,0.110049,chewing
5321255.0,-0.695312,1.841309,0.054199,0.188655,-0.027446,-0.005329,0.306641,-1.891602,0.733887,-0.163075,0.046897,0.093262,chewing
5321265.0,-0.695312,1.850098,0.049805,0.230224,0.007194,0.016787,0.302246,-1.887207,0.731934,-0.187856,0.066349,0.070879,chewing
5321275.0,-0.675293,1.878906,0.039551,0.220631,0.05649,0.045032,0.285156,-1.87207,0.734375,-0.194518,0.070613,0.085002,chewing
5321285.0,-0.72168,1.838867,0.065918,0.161476,0.058888,0.027712,0.270996,-1.877441,0.745117,-0.175865,0.074343,0.082337,chewing
5321295.0,-0.668945,1.848633,0.049316,0.136962,0.0866,0.050095,0.283691,-1.888672,0.751953,-0.164407,0.073277,0.05649,chewing
5321305.0,-0.706543,1.845703,0.048828,0.084469,0.110315,-0.048763,0.285156,-1.884766,0.747559,-0.174,0.082603,0.070346,chewing
5321315.0,-0.718262,1.833496,0.049805,0.092995,0.079406,-0.046897,0.29248,-1.875977,0.745605,-0.187323,0.071945,0.084469,chewing
5321325.0,-0.714355,1.828125,0.04248,0.094861,0.110582,-0.073277,0.315918,-1.900391,0.725098,-0.196916,0.065017,0.071412,chewing
5321335.0,-0.709473,1.839355,0.056152,0.06555,0.157213,-0.045832,0.330078,-1.89502,0.723633,-0.19585,0.05649,0.076208,chewing
5321345.0,-0.692871,1.851074,0.042969,0.015188,0.238484,-0.029311,0.322266,-1.894043,0.731934,-0.156413,0.037838,0.079139,chewing
5321355.0,-0.695312,1.844727,0.027832,-0.023449,0.289911,0.005329,0.307129,-1.891113,0.743164,-0.118576,0.000266,0.059421,chewing
5321365.0,-0.684082,1.82373,0.037598,-0.044499,0.315492,0.007727,0.282227,-1.883301,0.750977,-0.074077,-0.012524,0.024781,chewing
5321375.0,-0.677246,1.82666,0.036621,-0.056757,0.301636,-0.031176,0.286133,-1.873535,0.739258,-0.041302,-0.024248,0.005329,chewing
5321385.0,-0.661621,1.82666,0.027832,-0.114046,0.256603,-0.045299,0.283691,-1.886719,0.751953,-0.003997,-0.035173,-0.036772,chewing
5321395.0,-0.663086,1.835938,0.037109,-0.181194,0.274456,-0.036239,0.280273,-1.883789,0.745605,0.045832,-0.041568,-0.054891,chewing
5321405.0,-0.686523,1.825195,0.053711,-0.208107,0.280585,-0.016521,0.280273,-1.888672,0.742187,0.087666,-0.042634,-0.05196,chewing
5321415.0,-0.682129,1.844727,0.046387,-0.199314,0.287779,0.025314,0.294434,-1.882813,0.762695,0.12124,-0.05649,-0.044499,chewing
5321425.0,-0.632324,1.902832,0.037109,-0.275256,0.446058,0.407421,0.287598,-1.883301,0.739746,0.130833,-0.07834,-0.011724,chewing
5321435.0,-0.698242,1.804688,0.026855,-0.299237,0.360257,0.110049,0.298828,-1.891602,0.734375,0.172135,-0.09113,0.03091,chewing
5321445.0,-0.70752,1.842285,0.04834,-0.326949,0.348,0.104453,0.284668,-1.894043,0.754395,0.221963,-0.130034,0.040502,chewing
5321455.0,-0.730957,1.796387,0.061035,-0.355461,0.428472,0.271259,0.280273,-1.884766,0.771484,0.288046,-0.155614,-0.010925,chewing
5321465.0,-0.602051,1.879883,0.080078,-0.155614,0.13483,0.032242,0.276855,-1.894531,0.743652,0.324018,-0.179329,-0.06475,chewing
5321475.0,-0.654785,1.835449,0.074219,-0.019185,0.067149,0.028245,0.297852,-1.878418,0.724121,0.289645,-0.183859,-0.088199,chewing
5321485.0,-0.630371,1.87207,0.062012,0.077274,-0.066349,0.03917,0.316895,-1.854492,0.752441,0.201712,-0.100723,-0.069547,chewing
5321495.0,-0.637207,1.895508,0.066895,0.029844,-0.157746,-0.011991,0.316895,-1.85498,0.738281,0.124172,-0.021317,-0.095926,chewing
5321505.0,-0.673828,1.890625,0.043457,-0.016254,-0.201446,-0.070613,0.31543,-1.849121,0.73584,0.047164,0.008527,-0.058355,chewing
5321515.0,-0.688965,1.868652,0.043457,-0.055424,-0.235286,-0.091663,0.310059,-1.86377,0.759766,0.013057,0.038637,-0.008793,chewing
5321525.0,-0.693848,1.861816,0.050293,-0.02185,-0.245678,-0.113247,0.307129,-1.870605,0.748535,0.001865,0.036505,-0.001599,chewing
5321535.0,-0.708008,1.871582,0.055176,0.021051,-0.229691,-0.072478,0.300293,-1.878418,0.750977,0.007994,0.0437,-0.018119,chewing
5321545.0,-0.717773,1.853027,0.055664,0.100456,-0.227559,-0.01732,0.3125,-1.874023,0.774902,0.00453,0.100456,-0.054891,chewing
5321555.0,-0.700195,1.870117,0.055664,0.167072,-0.190254,0.071412,0.317871,-1.865723,0.765137,0.002931,0.158012,-0.079939,chewing
5321565.0,-0.717773,1.869629,0.04541,0.128701,-0.102322,0.096726,0.312012,-1.858398,0.767578,-0.007194,0.150551,-0.107384,chewing
5321575.0,-0.708984,1.887207,0.045898,-0.001066,0.059421,0.095394,0.296387,-1.864258,0.76123,-0.002398,0.106052,-0.059954,chewing
5321585.0,-0.708496,1.843262,0.047363,-0.043167,0.086334,0.075142,0.30957,-1.852051,0.777344,0.011724,0.041035,-0.020518,chewing
5321595.0,-0.691895,1.84375,0.07666,-0.003997,0.066882,0.041835,0.317383,-1.872559,0.759277,-0.002931,0.051694,-0.013057,chewing
5321605.0,-0.686035,1.832031,0.059082,0.051427,0.023715,0.033308,0.310547,-1.884277,0.753418,-0.004796,0.053026,-0.031975,chewing
5321615.0,-0.664062,1.849121,0.057617,0.069813,0.046897,0.030643,0.288574,-1.882813,0.758789,-0.013323,0.074609,-0.066349,chewing
5321625.0,-0.665527,1.852539,0.071777,0.061819,0.045832,0.05196,0.271973,-1.883789,0.757812,-0.017853,0.058089,-0.046098,chewing
5321635.0,-0.664062,1.845703,0.076172,0.021317,0.076475,0.043966,0.283203,-1.888184,0.756348,-0.023715,0.08287,-0.067948,chewing
5321645.0,-0.662598,1.833496,0.077148,0.045565,0.051694,0.041302,0.290527,-1.869629,0.76416,-0.010392,0.110049,-0.060221,chewing
5321655.0,-0.672852,1.827637,0.060547,0.057289,0.029577,-0.013057,0.283203,-1.85791,0.769043,-0.008527,0.117776,-0.076475,chewing
5321665.0,-0.660156,1.84668,0.048828,0.024248,-0.003198,-0.038637,0.276367,-1.887695,0.752441,-0.011991,0.091663,-0.040769,chewing
5321675.0,-0.675293,1.833984,0.077148,-0.049296,0.013057,-0.027446,0.318848,-1.870605,0.76416,-0.006662,0.070879,-0.051161,chewing
5321685.0,-0.681641,1.833008,0.068359,-0.051161,0.051427,-0.029311,0.316895,-1.864258,0.763672,-0.018386,0.089798,-0.077008,chewing
5321695.0,-0.687012,1.832031,0.081543,-0.105519,0.060753,-0.017853,0.308594,-1.893066,0.728027,-0.029844,0.098058,-0.071412,chewing
5321705.0,-0.672363,1.833496,0.078613,-0.170802,0.089798,-0.027446,0.312012,-1.884766,0.73584,-0.007994,0.069547,-0.06102,chewing
5321715.0,-0.666016,1.845703,0.060547,-0.216368,0.056224,-0.061553,0.310059,-1.872559,0.769043,0.012524,0.063418,-0.049828,chewing
5321725.0,-0.664551,1.874023,0.066895,-0.293642,-0.028511,-0.032508,0.297852,-1.861328,0.775391,0.000533,0.086334,-0.024781,chewing
5321735.0,-0.660156,1.876465,0.056641,-0.163341,-0.144423,-0.055957,0.291992,-1.852539,0.781738,-0.018652,0.119375,-0.006928,chewing
5321745.0,-0.666016,1.870605,0.028809,0.066616,-0.349599,-0.005862,0.300293,-1.873047,0.773437,-0.029311,0.129501,-0.028511,chewing
5321755.0,-0.666504,1.877441,0.007324,0.589415,-0.797789,0.122573,0.318848,-1.87207,0.777344,-0.031443,0.149752,-0.027712,chewing
5321765.0,-0.671387,1.879883,0.121582,0.394098,-0.658429,0.06928,0.314453,-1.856445,0.77832,-0.017853,0.153482,-0.077274,chewing
5321775.0,-0.679199,1.840332,0.130371,0.006395,-0.173467,-0.076475,0.331055,-1.855469,0.768066,-0.041302,0.127902,-0.053026,chewing
5321785.0,-0.70459,1.827148,0.103516,-0.036772,0.053292,-0.029577,0.329102,-1.872559,0.751953,-0.046098,0.071145,0.013856,chewing
5321795.0,-0.739258,1.816406,0.072754,0.024248,0.095127,0.018386,0.325195,-1.859863,0.755371,-0.034374,0.038904,0.011458,chewing
5321805.0,-0.72998,1.854492,0.082031,-0.056757,0.177464,-0.020251,0.317383,-1.883789,0.761719,-0.029311,0.023182,0.023449,chewing
5321815.0,-0.693848,1.835938,0.079102,0.03091,0.036239,-0.00906,0.319336,-1.880371,0.754395,-0.033308,0.034907,0.000533,chewing
5321825.0,-0.679199,1.856934,0.087402,0.036505,0.049029,0.031975,0.283203,-1.885254,0.753906,-0.028245,0.044499,-0.003997,chewing
5321835.0,-0.669434,1.862793,0.083984,0.083403,0.060753,0.043167,0.277344,-1.876465,0.765137,-0.015455,0.050894,-0.036772,chewing
5321845.0,-0.668457,1.854492,0.086426,0.135363,0.063685,0.046897,0.268555,-1.875,0.76416,-0.028778,0.058888,-0.013856,chewing
5321855.0,-0.665527,1.858398,0.086914,0.143623,0.043966,0.064217,0.286133,-1.892578,0.750488,-0.062885,0.058622,0.002931,chewing
5321865.0,-0.67334,1.865234,0.078125,0.140159,0.018652,0.057822,0.291016,-1.888184,0.755859,-0.064217,0.071412,-0.015988,chewing
5321875.0,-0.661133,1.858887,0.087891,0.093262,0.022916,0.030643,0.305664,-1.871094,0.762207,-0.056224,0.088732,-0.033041,chewing
5321885.0,-0.677734,1.847168,0.081055,0.011191,0.04823,0.010658,0.305664,-1.870605,0.762207,-0.030377,0.081538,-0.053026,chewing
5321895.0,-0.66748,1.849121,0.102539,-0.053026,0.121507,-0.002398,0.334961,-1.867188,0.762207,-0.012524,0.090331,-0.066349,chewing
5321905.0,-0.688477,1.853027,0.082031,-0.12657,0.19585,-0.005596,0.337402,-1.859863,0.773926,0.00906,0.078074,-0.066882,chewing
5321915.0,-0.682617,1.850586,0.073242,-0.149485,0.248876,0.029311,0.30957,-1.867676,0.779297,-0.008527,0.088466,-0.043167,chewing
5321925.0,-0.692871,1.852051,0.070312,-0.164141,0.283516,0.059155,0.308105,-1.881836,0.756348,-0.005862,0.096726,-0.087133,chewing
5321935.0,-0.681152,1.834473,0.081543,-0.26593,0.297639,0.038104,0.310547,-1.88916,0.759766,0.012524,0.067415,-0.074876,chewing
5321945.0,-0.684082,1.847168,0.062012,-0.254205,0.302968,0.029311,0.291504,-1.881348,0.759277,-0.013856,0.085801,-0.066349,chewing
5321955.0,-0.697754,1.851563,0.073242,-0.200646,0.211038,0.138028,0.294434,-1.87793,0.776855,-0.025047,0.091663,-0.06555,chewing
5321965.0,-0.664551,1.847168,0.067871,-0.127369,0.149219,-0.021317,0.300781,-1.864258,0.760254,-0.057822,0.096459,-0.029311,chewing
5321975.0,-0.718262,1.84375,0.112793,0.044766,0.020784,-0.018386,0.299805,-1.840332,0.780273,-0.087933,0.140426,-0.027979,chewing
5321985.0,-0.705078,1.844727,0.069824,0.135629,-0.021317,-0.033308,0.251465,-1.903809,0.714355,-0.054358,0.090331,-0.060753,chewing
5321995.0,-0.710449,1.865723,0.069336,0.136162,-0.042368,-0.06475,0.308594,-1.855469,0.761719,-0.003464,0.001599,0.007994,chewing
5322005.0,-0.699219,1.872559,0.062012,0.085801,-0.000799,-0.071145,0.315918,-1.856445,0.775391,-0.041568,0.012524,0.059155,chewing
5322015.0,-0.705566,1.871094,0.078613,0.029844,0.033308,-0.054358,0.324707,-1.864746,0.769043,-0.05649,0.000799,0.05649,chewing
5322025.0,-0.69873,1.859863,0.085449,0.050095,0.01732,-0.001332,0.331543,-1.867676,0.76416,-0.0866,0.006662,0.068481,chewing
5322035.0,-0.672852,1.87207,0.070801,0.071412,0.053026,0.073011,0.344727,-1.879883,0.743164,-0.110848,-0.001332,0.045299,chewing
5322045.0,-0.677734,1.860352,0.07959,0.093262,0.080738,0.107651,0.349609,-1.87207,0.750488,-0.111115,-0.001066,0.053292,chewing
5322055.0,-0.662109,1.877441,0.078613,0.15215,0.090597,0.123106,0.311035,-1.869141,0.75293,-0.10472,-0.029044,0.071945,chewing
5322065.0,-0.678223,1.854004,0.074219,0.182527,0.057023,0.105519,0.287598,-1.870117,0.761719,-0.099391,-0.062352,0.107917,chewing
5322075.0,-0.664551,1.852051,0.084473,0.218499,0.017853,0.085002,0.28125,-1.895996,0.782227,-0.078873,-0.075942,0.132165,chewing
5322085.0,-0.682129,1.866699,0.066895,0.197715,0.029577,0.059155,0.276367,-1.888672,0.760742,-0.094594,-0.058888,0.106319,chewing
5322095.0,-0.680176,1.847656,0.076172,0.150551,0.065816,0.066616,0.289551,-1.891602,0.770996,-0.103121,-0.03917,0.109783,chewing
5322105.0,-0.686523,1.830078,0.060547,0.179862,0.023449,0.059155,0.288086,-1.877441,0.763184,-0.106585,-0.02558,0.097259,chewing
5322115.0,-0.687988,1.831055,0.066406,0.239816,-0.007727,0.076741,0.296875,-1.864258,0.765137,-0.114845,0.00826,0.066882,chewing
5322125.0,-0.686035,1.834473,0.080078,0.252073,0.0,0.059421,0.312988,-1.86084,0.756348,-0.125504,0.005862,0.083936,chewing
5322135.0,-0.669434,1.844727,0.0625,0.27792,-0.016521,0.066616,0.306641,-1.857422,0.762695,-0.118576,-0.002398,0.075675,chewing
5322145.0,-0.662598,1.850098,0.052246,0.210505,0.022383,0.049828,0.302734,-1.865234,0.755371,-0.133231,-0.008793,0.091663,chewing
5322155.0,-0.650879,1.847168,0.082031,0.171868,0.018386,0.055957,0.297363,-1.870605,0.758789,-0.111914,0.002398,0.068214,chewing
5322165.0,-0.664551,1.845703,0.060547,0.081538,0.083936,0.039436,0.287109,-1.878906,0.746094,-0.104986,0.006928,0.051427,chewing
5322175.0,-0.678711,1.844727,0.067871,0.095926,0.044499,0.034374,0.287598,-1.898926,0.763672,-0.119908,0.017587,0.050361,chewing
5322185.0,-0.660645,1.855469,0.071289,0.046631,0.065017,0.013856,0.297363,-1.904785,0.739746,-0.120974,0.010392,0.050894,chewing
5322195.0,-0.66748,1.864746,0.081055,0.029044,0.067149,0.014389,0.304688,-1.891602,0.75293,-0.112714,0.00826,0.039969,chewing
5322205.0,-0.670898,1.852051,0.063965,0.03091,0.040236,-0.023449,0.294922,-1.875977,0.768066,-0.088998,-0.022116,0.043966,chewing
5322215.0,-0.676758,1.863281,0.049316,-0.001599,0.062619,-0.0437,0.287598,-1.879883,0.742676,-0.059954,-0.048496,0.051694,chewing
5322225.0,-0.694336,1.857422,0.049316,-0.019452,0.071412,-0.057556,0.293457,-1.876465,0.76709,-0.005063,-0.066349,0.05196,chewing
5322235.0,-0.677734,1.858398,0.055664,-0.059688,0.091397,-0.038904,0.291992,-1.884277,0.763184,0.038371,-0.080472,0.032242,chewing
5322245.0,-0.680176,1.841797,0.055176,-0.090864,0.151617,-0.02638,0.293457,-1.880371,0.754883,0.058089,-0.081804,0.024515,chewing
5322255.0,-0.675781,1.861816,0.07373,-0.101522,0.150551,-0.005596,0.291992,-1.89502,0.739746,0.085268,-0.067681,-0.015988,chewing
5322265.0,-0.668945,1.852539,0.063477,-0.068214,0.152683,0.006928,0.297852,-1.886719,0.752441,0.079139,-0.044766,-0.044499,chewing
5322275.0,-0.665039,1.861328,0.073242,-0.039703,0.159078,0.040236,0.30127,-1.892578,0.73877,0.078074,-0.037305,-0.078873,chewing
5322285.0,-0.655273,1.84082,0.071777,-0.007461,0.151084,0.025847,0.291504,-1.873535,0.749023,0.098325,-0.045299,-0.078606,chewing
5322295.0,-0.661621,1.853516,0.056641,0.013323,0.099124,0.010392,0.283691,-1.863281,0.784668,0.145222,-0.071412,-0.086334,chewing
5322305.0,-0.684082,1.84375,0.078613,-0.019718,0.044233,-0.02638,0.273926,-1.874512,0.772461,0.168937,-0.089265,-0.102055,chewing
5322315.0,-0.676758,1.835449,0.07666,-0.078606,-0.014922,-0.045032,0.284668,-1.901855,0.722656,0.199314,-0.1311,-0.106052,chewing
5322325.0,-0.669922,1.841309,0.088379,-0.135363,-0.007727,-0.037305,0.310547,-1.907227,0.717773,0.220098,-0.134297,-0.116711,chewing
5322335.0,-0.665039,1.85791,0.088379,-0.119642,0.016521,0.005329,0.337891,-1.884277,0.738281,0.195583,-0.117776,-0.123372,chewing
5322345.0,-0.658203,1.85791,0.075195,0.027712,-0.053559,0.060753,0.338379,-1.852051,0.759766,0.162276,-0.061553,-0.148686,chewing
5322355.0,-0.655762,1.862793,0.08252,0.150818,-0.145489,0.127902,0.309082,-1.855957,0.751953,0.100456,-0.029577,-0.126303,chewing
5322365.0,-0.64209,1.882813,0.064453,0.196916,-0.192386,0.152417,0.310547,-1.849609,0.775391,0.053825,-0.020784,-0.085002,chewing
5322375.0,-0.645508,1.880859,0.0625,0.055691,-0.057289,0.071678,0.382324,-1.837891,0.764648,0.003997,0.009593,-0.050361,chewing
5322385.0,-0.677246,1.871582,0.03418,-0.175865,0.06102,-0.027179,0.3125,-1.865234,0.785645,-0.004263,0.014922,-0.049296,chewing
5322395.0,-0.685059,1.863281,0.062988,-0.217167,0.037038,-0.052493,0.309082,-1.870605,0.774902,-0.031176,0.024248,-0.039969,chewing
5322405.0,-0.688965,1.867188,0.080078,-0.198248,0.036772,-0.076208,0.29834,-1.870117,0.77832,-0.042101,-0.000799,0.014389,chewing
5322415.0,-0.702637,1.839844,0.07373,-0.182793,0.076208,-0.047164,0.351074,-1.864258,0.76416,-0.028511,0.011191,0.045032,chewing
5322425.0,-0.716797,1.837402,0.070312,-0.1311,0.105786,0.005596,0.331055,-1.866699,0.779785,-0.012257,0.040769,-0.025847,chewing
5322435.0,-0.706055,1.854004,0.05957,-0.149219,0.16947,0.03091,0.312012,-1.84668,0.800781,-0.045299,0.063152,-0.029311,chewing
5322445.0,-0.695312,1.860352,0.088379,-0.168404,0.182793,0.084202,0.317383,-1.870605,0.77002,-0.070879,0.124704,-0.076475,chewing
5322455.0,-0.666504,1.864746,0.090332,-0.169737,0.134297,0.084202,0.288574,-1.909668,0.757812,-0.074876,0.162009,-0.069014,chewing
5322465.0,-0.644531,1.866211,0.078613,-0.17027,0.109783,0.061553,0.318848,-1.856445,0.776367,-0.041835,0.134297,-0.068214,chewing
5322475.0,-0.635254,1.875,0.089355,-0.152683,-0.006129,0.038371,0.296875,-1.873047,0.773926,-0.04823,0.14762,-0.069813,chewing
5322485.0,-0.630371,1.877441,0.068359,-0.00373,-0.189455,0.069547,0.299805,-1.875977,0.77002,-0.055957,0.112181,-0.03464,chewing
5322495.0,-0.631348,1.883789,0.027832,0.119375,-0.552643,0.246478,0.30957,-1.873535,0.750977,-0.041302,0.10392,-0.010658,chewing
5322505.0,-0.631836,1.861328,0.075684,0.616861,-1.12687,0.448456,0.290039,-1.853027,0.781738,0.000799,0.079939,0.063951,chewing
5322515.0,-0.690918,1.931641,0.146484,0.287779,-0.405289,0.009593,0.324707,-1.794434,0.785645,-0.024248,0.090864,0.018652,chewing
5322525.0,-0.649414,1.818848,0.150879,0.010925,-0.078606,-0.027712,0.313965,-1.868164,0.766602,-0.056757,0.045032,0.044499,chewing
5322535.0,-0.685547,1.79834,0.129883,0.417014,-0.236086,0.157213,0.324707,-1.882324,0.749023,-0.033574,0.016521,0.053026,chewing
5322545.0,-0.702637,1.829102,0.079102,-0.053026,0.157213,0.094594,0.315918,-1.870117,0.755371,-0.018652,0.013856,0.037305,chewing
5322555.0,-0.680664,1.82959,0.091797,0.00373,0.154548,0.098058,0.306641,-1.888672,0.74707,-0.032508,0.018652,0.011191,chewing
5322565.0,-0.652832,1.842285,0.095703,0.019985,0.10925,0.099391,0.296387,-1.886719,0.755859,-0.034107,0.015455,-0.016254,chewing
5322575.0,-0.637207,1.854004,0.087402,0.011458,0.100723,0.10019,0.291504,-1.882813,0.75,-0.041035,0.010658,-0.017853,chewing
5322585.0,-0.643066,1.852051,0.087891,0.013856,0.123639,0.078606,0.28125,-1.882324,0.765625,-0.045565,0.023182,-0.010392,chewing
5322595.0,-0.634766,1.858887,0.101074,0.014922,0.099657,0.031975,0.289551,-1.874512,0.757812,-0.044233,0.016521,-0.013856,chewing
5322605.0,-0.649902,1.858887,0.093262,0.00906,0.093262,0.007994,0.305176,-1.874512,0.773926,-0.0429,0.014655,-0.030643,chewing
5322615.0,-0.657227,1.865723,0.103027,0.018386,0.083936,-0.025847,0.314941,-1.868652,0.763672,-0.042101,0.027979,-0.036239,chewing
5322625.0,-0.67334,1.857422,0.085937,0.079139,0.007461,-0.066616,0.311523,-1.870117,0.778809,-0.023182,0.022916,-0.051427,chewing
5322635.0,-0.677246,1.873535,0.089844,0.06102,0.033574,-0.066083,0.329102,-1.865723,0.767578,0.002398,0.015188,-0.061819,chewing
5322645.0,-0.686035,1.858398,0.091309,-0.035173,0.130567,-0.078074,0.339844,-1.852051,0.774414,0.002132,0.007994,-0.07834,chewing
5322655.0,-0.67627,1.86377,0.094727,-0.022116,0.167338,-0.050628,0.325684,-1.859375,0.772461,0.011991,0.038104,-0.106585,chewing
5322665.0,-0.672363,1.866699,0.086426,-0.019452,0.188389,-0.037038,0.321289,-1.840332,0.785645,-0.012257,0.076741,-0.127369,chewing
5322675.0,-0.678711,1.851074,0.075195,0.026913,0.166806,-0.014123,0.300781,-1.861816,0.762207,-0.029844,0.100456,-0.166006,chewing
5322685.0,-0.666992,1.860352,0.082031,0.055957,0.170536,-0.008793,0.311035,-1.873047,0.764648,-0.038371,0.093262,-0.154815,chewing
5322695.0,-0.658691,1.87793,0.083496,0.035173,0.171602,-0.015455,0.336914,-1.878906,0.755859,-0.059688,0.111381,-0.10019,chewing
5322705.0,-0.684082,1.870605,0.078125,0.018119,0.133764,-0.029311,0.307129,-1.88623,0.750977,-0.026913,0.074609,-0.106585,chewing
5322715.0,-0.680664,1.856445,0.082031,0.057822,0.074609,-0.044766,0.305664,-1.865723,0.75293,0.008527,0.038637,-0.086067,chewing
5322725.0,-0.675293,1.861328,0.089844,0.021317,0.064484,-0.063685,0.341797,-1.856934,0.775879,0.006395,0.011458,-0.050628,chewing
5322735.0,-0.624512,1.873535,0.087402,-0.002931,0.090064,-0.047164,0.376465,-1.858398,0.824219,-0.047697,0.065283,0.036239,chewing
5322745.0,-0.645508,1.856445,0.074707,-0.031176,0.106585,-0.040236,0.330078,-1.889648,0.76123,-0.01279,-0.020251,0.010126,chewing
5322755.0,-0.687012,1.834961,0.092773,0.138827,-0.073277,0.004263,0.283203,-1.899902,0.742676,0.05649,-0.122306,0.02185,chewing
5322765.0,-0.683105,1.853027,0.07666,0.240349,-0.11751,-0.037305,0.311035,-1.87207,0.755371,0.03544,-0.162009,0.084469,chewing
5322775.0,-0.65332,1.868652,0.077148,0.260334,-0.13936,-0.044766,0.319336,-1.874512,0.772461,-0.05276,-0.087666,0.17773,chewing
5322785.0,-0.669922,1.862793,0.087891,0.282983,-0.144423,-0.008793,0.308105,-1.876953,0.774414,-0.132432,0.009326,0.162009,chewing
5322795.0,-0.649414,1.855469,0.065918,0.312294,-0.10845,0.074343,0.297852,-1.868652,0.768066,-0.245412,0.141492,0.086067,chewing
5322805.0,-0.654785,1.85791,0.080566,0.275789,-0.022116,0.150818,0.308594,-1.856934,0.757812,-0.287779,0.206775,-0.01732,chewing
5322815.0,-0.662109,1.850586,0.088867,0.289911,0.004263,0.157479,0.317871,-1.842285,0.754395,-0.276855,0.197982,-0.023982,chewing
5322825.0,-0.670898,1.822754,0.038574,0.238484,0.009326,0.110049,0.309082,-1.851074,0.753418,-0.227026,0.151884,-0.002665,chewing
5322835.0,-0.661621,1.854492,0.07373,0.222496,-0.040769,0.080472,0.307129,-1.873535,0.740723,-0.203044,0.099391,0.013856,chewing
5322845.0,-0.666016,1.851074,0.081055,0.16121,-0.027712,0.037571,0.319824,-1.888184,0.744629,-0.175599,0.048763,0.053559,chewing
5322855.0,-0.664062,1.852051,0.061523,0.105786,-0.013057,0.014389,0.316406,-1.888184,0.75293,-0.145489,-0.002398,0.096193,chewing
5322865.0,-0.678711,1.845703,0.083496,0.065816,-0.01732,0.006129,0.291016,-1.901367,0.750977,-0.173467,0.002665,0.125237,chewing
5322875.0,-0.678711,1.83252,0.083008,0.006129,0.006662,-0.036239,0.312988,-1.882813,0.738281,-0.177997,0.016521,0.124172,chewing
5322885.0,-0.666992,1.838379,0.08252,-0.011991,0.009593,-0.046631,0.314453,-1.879395,0.747559,-0.196649,0.027179,0.114579,chewing
5322895.0,-0.674316,1.850586,0.071289,-0.026646,0.024781,-0.03091,0.312012,-1.885742,0.73877,-0.17853,0.017587,0.090331,chewing
5322905.0,-0.682617,1.851563,0.07373,-0.021051,0.037305,-0.019718,0.301758,-1.876953,0.747559,-0.172401,0.013323,0.085534,chewing
5322915.0,-0.68457,1.869141,0.07666,0.001332,0.045299,-0.022649,0.299805,-1.870117,0.77002,-0.14389,0.022383,0.046631,chewing
5322925.0,-0.678223,1.874023,0.078613,0.039436,0.032775,-0.039436,0.296875,-1.876465,0.764648,-0.110582,0.016787,0.01279,chewing
5322935.0,-0.677734,1.867676,0.065918,0.081271,-0.008793,-0.010658,0.290039,-1.882324,0.761719,-0.077008,0.001332,-0.010925,chewing
5322945.0,-0.666992,1.87207,0.077148,0.138827,-0.045299,0.021317,0.296875,-1.869629,0.761719,0.001599,-0.020784,-0.054358,chewing
5322955.0,-0.661133,1.873535,0.072754,0.185191,-0.05196,0.051694,0.304688,-1.887695,0.747559,0.03091,-0.039436,-0.045832,chewing
5322965.0,-0.663086,1.871582,0.073242,0.196916,-0.073544,0.062885,0.310547,-1.882324,0.758789,0.080205,-0.029844,-0.083136,chewing
5322975.0,-0.669434,1.867188,0.065918,0.157479,-0.05196,0.059954,0.315918,-1.883789,0.753418,0.120974,-0.033841,-0.12124,chewing
5322985.0,-0.660156,1.890137,0.050293,0.108184,-0.033308,0.059155,0.301758,-1.878906,0.757324,0.13856,-0.033041,-0.146554,chewing
5322995.0,-0.664551,1.868652,0.062988,0.050628,-0.022116,0.034907,0.309082,-1.877441,0.745605,0.158812,-0.022383,-0.168671,chewing
5323005.0,-0.657715,1.866699,0.097656,-0.014123,0.027712,0.034107,0.328125,-1.883301,0.733398,0.172401,-0.018119,-0.170003,chewing
5323015.0,-0.660645,1.858398,0.102539,-0.054625,0.04823,0.03464,0.331055,-1.875488,0.748535,0.224095,-0.021317,-0.175599,chewing
5323025.0,-0.666504,1.849121,0.104492,-0.075942,0.054358,0.043433,0.302246,-1.877441,0.73877,0.271525,-0.034107,-0.183859,chewing
5323035.0,-0.65332,1.841309,0.092285,-0.095127,0.0429,0.018652,0.301758,-1.90918,0.72168,0.306698,-0.09113,-0.139893,chewing
5323045.0,-0.648437,1.854004,0.095703,-0.005063,-0.005596,0.010392,0.337891,-1.862305,0.771973,0.341871,-0.057023,-0.164407,chewing
5323055.0,-0.634766,1.873047,0.087402,-0.012257,-0.026646,-0.03011,0.16748,-1.97998,0.802246,0.22596,-0.088732,-0.444193,chewing
5323065.0,-0.644531,1.864258,0.075195,-0.076208,-0.034907,-0.04823,0.326172,-1.860352,0.743652,0.203577,-0.000799,-0.177464,chewing
5323075.0,-0.632324,1.884277,0.087891,-0.178263,0.018652,-0.077807,0.330566,-1.863281,0.73291,0.101522,0.0,-0.117776,chewing
5323085.0,-0.672852,1.860352,0.066895,-0.193185,0.006928,-0.099657,0.333496,-1.84668,0.773437,0.060753,0.011991,-0.067415,chewing
5323095.0,-0.6875,1.867676,0.082031,-0.251541,0.059688,-0.125237,0.313965,-1.885742,0.732422,-0.010925,-0.01732,-0.017853,chewing
5323105.0,-0.696289,1.859863,0.070801,-0.270193,0.11298,-0.096992,0.341797,-1.860352,0.760742,0.016521,0.005596,0.005596,chewing
5323115.0,-0.697266,1.861328,0.07666,-0.237951,0.12577,-0.022116,0.34082,-1.852051,0.770996,-0.030643,0.06555,-0.025047,chewing
5323125.0,-0.707031,1.845215,0.089355,-0.230224,0.159611,0.033841,0.339844,-1.869141,0.768066,-0.043966,0.111914,-0.042368,chewing
5323135.0,-0.671875,1.853516,0.104492,-0.202245,0.164674,0.086867,0.356934,-1.856445,0.763672,-0.047697,0.135363,-0.073277,chewing
5323145.0,-0.669922,1.860352,0.108887,-0.228625,0.139626,0.102322,0.335449,-1.889648,0.749023,-0.059688,0.125504,-0.047697,chewing
5323155.0,-0.64502,1.868164,0.079102,-0.151884,0.100456,0.084202,0.336914,-1.866211,0.775879,-0.039436,0.099923,-0.044233,chewing
5323165.0,-0.63623,1.870117,0.089844,-0.077807,-0.038371,0.088466,0.324707,-1.843262,0.791504,-0.049562,0.132965,-0.00826,chewing
5323175.0,-0.644043,1.90625,0.069336,-0.054625,-0.279253,0.13483,0.314453,-1.850586,0.790039,-0.083669,0.175599,-0.018386,chewing
5323185.0,-0.618164,1.875488,0.0625,0.307498,-0.524665,0.16574,0.301758,-1.874512,0.77832,-0.073277,0.207574,-0.035706,chewing
5323195.0,-0.652832,1.917969,0.140137,0.394897,-0.647504,0.119642,0.34082,-1.850586,0.828613,-0.036239,0.196383,-0.050628,chewing
5323205.0,-0.648437,1.867188,0.177734,0.010925,-0.19585,-0.046631,0.309082,-1.846191,0.793457,-0.079406,0.233954,-0.077541,chewing
5323215.0,-0.649902,1.828613,0.149414,0.26513,-0.272325,0.050628,0.32666,-1.885742,0.751465,-0.068747,0.137228,-0.03544,chewing
5323225.0,-0.694824,1.862793,0.115723,-0.139626,0.174799,-0.051694,0.347656,-1.860352,0.765137,-0.055691,0.086867,0.007461,chewing
5323235.0,-0.708496,1.841309,0.089355,0.001865,0.094861,0.011991,0.334961,-1.872559,0.760742,-0.031709,0.047963,0.031975,chewing
5323245.0,-0.697754,1.841797,0.092285,-0.010658,0.106052,0.043433,0.347656,-1.862305,0.756348,-0.024248,0.03544,0.050095,chewing
5323255.0,-0.674805,1.842285,0.114258,0.010925,0.099657,0.032775,0.336914,-1.856445,0.769043,-0.035972,0.058089,0.04743,chewing
5323265.0,-0.679687,1.840332,0.115723,-0.002665,0.086067,0.045299,0.320801,-1.866699,0.763672,-0.051161,0.057289,0.015721,chewing
5323275.0,-0.677734,1.833008,0.118652,0.022916,0.052493,0.027712,0.311035,-1.859863,0.775879,-0.054625,0.09566,0.022383,chewing
5323285.0,-0.657227,1.852051,0.123535,0.037838,0.034907,0.001066,0.305664,-1.874512,0.782227,-0.073011,0.111115,-0.010658,chewing
5323295.0,-0.656738,1.857422,0.119629,0.050628,0.01732,-0.009326,0.312012,-1.87793,0.766602,-0.092729,0.12124,-0.025314,chewing
5323305.0,-0.67041,1.864746,0.102539,0.031443,0.026646,-0.015455,0.303223,-1.875488,0.774902,-0.079406,0.144156,-0.0429,chewing
5323315.0,-0.662109,1.859863,0.116699,0.024781,0.039436,-0.024515,0.3125,-1.873535,0.76416,-0.080472,0.131899,-0.049296,chewing
5323325.0,-0.654785,1.861816,0.099609,0.030643,0.054625,-0.012257,0.32666,-1.867676,0.768066,-0.058888,0.096193,-0.03011,chewing
5323335.0,-0.650879,1.861328,0.109863,0.020784,0.053559,-0.024515,0.342285,-1.862793,0.762695,-0.04823,0.071412,-0.033841,chewing
5323345.0,-0.657715,1.867676,0.103027,-0.006129,0.07008,-0.039436,0.34082,-1.86084,0.768066,-0.023715,0.044233,-0.011458,chewing
5323355.0,-0.663086,1.872559,0.102539,-0.036239,0.105253,-0.029311,0.323242,-1.861328,0.78125,-0.023182,0.018919,-0.025314,chewing
5323365.0,-0.686035,1.867676,0.099609,-0.061286,0.147354,-0.031443,0.316406,-1.848145,0.806641,-0.001066,0.055957,-0.044233,chewing
5323375.0,-0.656738,1.89502,0.103516,-0.089531,0.20864,-0.057822,0.315918,-1.856445,0.797852,-0.029311,0.105253,-0.083669,chewing
5323385.0,-0.733398,1.82666,0.105469,-0.032508,0.160144,-0.051161,0.311523,-1.864258,0.791016,-0.024781,0.156147,-0.105519,chewing
5323395.0,-0.668945,1.890137,0.084961,-0.081804,0.161743,-0.066349,0.307617,-1.866211,0.783691,-0.042634,0.196116,-0.118842,chewing
5323405.0,-0.734375,1.834473,0.108398,-0.133231,0.138827,-0.121507,0.314453,-1.879395,0.747559,-0.048496,0.171069,-0.098058,chewing
5323415.0,-0.660156,1.84668,0.10498,-0.057556,0.132965,-0.081005,0.324219,-1.868164,0.732422,-0.047963,0.130833,-0.074609,chewing
5323425.0,-0.662109,1.871582,0.106934,-0.018386,0.124704,-0.002398,0.327637,-1.868164,0.747559,-0.016787,0.093795,-0.06102,chewing
5323435.0,-0.648926,1.870605,0.108398,-0.014655,0.172934,0.000266,0.336426,-1.864746,0.764648,-0.012524,0.063152,-0.035173,chewing
5323445.0,-0.649902,1.878906,0.134277,0.027446,0.081804,0.007727,0.334473,-1.875,0.753418,-0.044499,0.072478,-0.017054,chewing
5323455.0,-0.641602,1.882813,0.111816,0.022649,0.041035,-0.006662,0.323242,-1.875488,0.75,-0.046631,0.041035,0.002132,chewing
5323465.0,-0.655762,1.866699,0.10498,0.009859,0.04823,-0.021051,0.331543,-1.859863,0.741211,-0.092995,0.065283,0.024248,chewing
5323475.0,-0.645996,1.884277,0.118164,0.080205,-0.005862,-0.028511,0.323242,-1.870605,0.74707,-0.094061,0.053026,0.06102,chewing
5323485.0,-0.683594,1.869629,0.10498,0.088732,-0.01279,-0.016254,0.302734,-1.871094,0.743164,-0.084469,0.021317,0.090331,chewing
5323495.0,-0.678711,1.867188,0.116211,0.111381,-0.025847,0.001865,0.327637,-1.852051,0.758301,-0.086334,0.037838,0.075409,chewing
5323505.0,-0.688477,1.857422,0.102051,0.206508,-0.083936,0.041835,0.297363,-1.862305,0.77832,-0.101789,0.062086,0.064484,chewing
5323515.0,-0.697266,1.859375,0.106934,0.258469,-0.124971,0.067681,0.300293,-1.872559,0.76416,-0.122573,0.079939,0.073277,chewing
5323525.0,-0.695801,1.853516,0.108887,0.243813,-0.140426,0.041302,0.311523,-1.879883,0.748535,-0.166006,0.080205,0.094328,chewing
5323535.0,-0.680176,1.86377,0.108887,0.224894,-0.119908,0.045032,0.336426,-1.863281,0.758789,-0.19958,0.090597,0.10925,chewing
5323545.0,-0.668945,1.85498,0.094238,0.239816,-0.11298,0.065017,0.345703,-1.866699,0.748535,-0.212904,0.122306,0.087666,chewing
5323555.0,-0.663086,1.856934,0.107422,0.206242,-0.06102,0.064217,0.334961,-1.868164,0.750977,-0.207574,0.106052,0.07381,chewing
5323565.0,-0.67627,1.872559,0.089844,0.196116,-0.027179,0.058355,0.341309,-1.867188,0.75,-0.166273,0.064217,0.059688,chewing
5323575.0,-0.670898,1.874023,0.099609,0.237685,-0.026113,0.042634,0.318359,-1.883301,0.743164,-0.165207,0.060487,0.064217,chewing
5323585.0,-0.671387,1.858887,0.09668,0.272058,-0.036505,0.01732,0.299805,-1.894531,0.73291,-0.133764,0.029044,0.101789,chewing
5323595.0,-0.66748,1.875,0.108398,0.266196,-0.03011,-0.003997,0.300293,-1.889648,0.755859,-0.141225,0.017054,0.141225,chewing
5323605.0,-0.684082,1.87207,0.088867,0.199314,0.048763,-0.025314,0.293457,-1.887695,0.753418,-0.162809,0.00826,0.131899,chewing
5323615.0,-0.687012,1.86084,0.091797,0.134297,0.089265,-0.023715,0.282715,-1.866211,0.760742,-0.194518,0.061286,0.097259,chewing
5323625.0,-0.689941,1.84668,0.091797,0.135363,0.098591,-0.043167,0.272461,-1.905762,0.753418,-0.218499,0.087133,0.076208,chewing
5323635.0,-0.686523,1.85498,0.088867,0.156946,0.105519,-0.049828,0.303223,-1.885254,0.758301,-0.177997,0.090864,0.050628,chewing
5323645.0,-0.680664,1.849609,0.079102,0.138028,0.100456,-0.025314,0.308105,-1.875,0.771973,-0.149485,0.102588,0.006395,chewing
5323655.0,-0.670898,1.849609,0.072754,0.167871,0.071145,-0.049296,0.306152,-1.859375,0.769043,-0.144156,0.101256,-0.033574,chewing
5323665.0,-0.674805,1.858887,0.079102,0.153749,0.057023,-0.025047,0.322754,-1.865723,0.761719,-0.096726,0.071945,-0.051427,chewing
5323675.0,-0.673828,1.837891,0.092773,0.185191,0.027446,-0.01359,0.324707,-1.874023,0.744629,-0.036505,0.044499,-0.073011,chewing
5323685.0,-0.687988,1.835938,0.093262,0.208907,-0.023982,-0.038104,0.326172,-1.88916,0.728027,0.018386,-0.010658,-0.10472,chewing
5323695.0,-0.677734,1.837402,0.089844,0.248876,-0.068214,-0.019985,0.324707,-1.887695,0.737793,0.101256,-0.042101,-0.118576,chewing
5323705.0,-0.682617,1.849609,0.101563,0.327749,-0.213969,0.074343,0.324707,-1.868652,0.761719,0.200113,-0.022649,-0.174266,chewing
5323715.0,-0.663574,1.857422,0.080566,0.40449,-0.331213,0.13856,0.310059,-1.883301,0.737793,0.188389,-0.025847,-0.173467,chewing
5323725.0,-0.64209,1.881836,0.075684,0.477234,-0.423942,0.184126,0.32959,-1.858887,0.770508,0.25607,-0.00453,-0.184392,chewing
5323735.0,-0.645996,1.882324,0.08252,0.439397,-0.444992,0.153749,0.309082,-1.851563,0.785645,0.273124,0.007994,-0.232888,chewing
5323745.0,-0.656738,1.869141,0.101074,0.269127,-0.354928,0.055691,0.309082,-1.844238,0.784668,0.284315,0.049828,-0.265397,chewing
5323755.0,-0.665039,1.874023,0.09668,-0.082603,-0.102055,-0.054358,0.297363,-1.881348,0.72998,0.284315,0.02638,-0.227026,chewing
5323765.0,-0.697266,1.851563,0.08252,-0.348,0.178796,-0.132165,0.317383,-1.89209,0.706543,0.236086,-0.028245,-0.128701,chewing
5323775.0,-0.709961,1.837891,0.0625,-0.429005,0.294708,-0.163075,0.333984,-1.878906,0.722168,0.174,-0.034107,-0.051694,chewing
5323785.0,-0.715332,1.851074,0.063477,-0.423409,0.318423,-0.114046,0.327148,-1.879883,0.714355,0.096193,-0.025847,-0.017853,chewing
5323795.0,-0.70752,1.840332,0.098145,-0.41728,0.35706,-0.045032,0.324707,-1.911621,0.722656,0.071945,-0.083136,0.010925,chewing
5323805.0,-0.671875,1.836426,0.099121,-0.343737,0.387436,-0.016521,0.343262,-1.88916,0.748047,0.055691,-0.111914,0.036505,chewing
5323815.0,-0.656738,1.865234,0.108398,-0.269127,0.36159,0.004263,0.325195,-1.874512,0.741699,0.019185,-0.037571,0.002398,chewing
5323825.0,-0.63916,1.873535,0.102051,-0.203577,0.285381,0.014655,0.306152,-1.87207,0.746094,0.031176,-0.03011,-0.053825,chewing
5323835.0,-0.638672,1.867676,0.115723,-0.275522,0.272858,-0.034374,0.325195,-1.880371,0.736816,0.018119,-0.066882,0.003198,chewing
5323845.0,-0.644531,1.847656,0.091797,-0.236619,0.124438,-0.012524,0.335449,-1.83252,0.803711,0.002665,0.06102,-0.030643,chewing
5323855.0,-0.652832,1.848633,0.078613,-0.220897,0.065017,-0.088998,0.302246,-1.855469,0.785156,-0.040769,0.077541,0.019185,chewing
5323865.0,-0.634766,1.871582,0.07959,-0.172401,-0.081005,-0.078074,0.333984,-1.822754,0.825684,-0.01279,0.121773,-0.012524,chewing
5323875.0,-0.647949,1.868164,0.056152,-0.121507,-0.363721,0.050095,0.320801,-1.878906,0.780762,-0.04743,0.196649,-0.045032,chewing
5323885.0,-0.648437,1.875488,0.012207,0.455917,-0.7389,0.208374,0.345703,-1.882813,0.760254,-0.022116,0.190254,-0.077008,chewing
5323895.0,-0.689941,1.937012,0.202637,0.46924,-0.769011,0.205975,0.351074,-1.828613,0.823242,-0.006395,0.163341,-0.046364,chewing
5323905.0,-0.697266,1.826172,0.158203,-0.219565,-0.061553,-0.080738,0.330566,-1.848145,0.784668,-0.055424,0.125504,0.020251,chewing
5323915.0,-0.70459,1.844727,0.116699,-0.176132,0.092196,-0.095394,0.349121,-1.868652,0.756348,-0.045299,0.066616,0.081271,chewing
5323925.0,-0.725586,1.82959,0.119629,-0.111381,0.116977,-0.002398,0.325684,-1.875,0.765625,0.00906,0.086867,0.088466,chewing
5323935.0,-0.72998,1.821289,0.109375,-0.033041,0.094061,0.06475,0.352539,-1.833008,0.756836,-0.004796,0.092462,0.001066,chewing
5323945.0,-0.695801,1.861816,0.108398,0.023715,0.078074,0.07381,0.325684,-1.867676,0.75293,0.020518,0.082603,-0.027446,chewing
5323955.0,-0.670898,1.863281,0.106934,0.035173,0.075142,0.10019,0.318359,-1.868652,0.772461,0.025047,0.071945,-0.022383,chewing
5323965.0,-0.654785,1.881836,0.101563,0.083136,0.079406,0.109516,0.303223,-1.858398,0.783691,0.015721,0.070613,-0.000266,chewing
5323975.0,-0.647949,1.86377,0.117676,0.134031,0.045832,0.080472,0.303711,-1.86377,0.77832,0.004796,0.092995,0.001332,chewing
5323985.0,-0.641113,1.871582,0.106934,0.181727,0.035706,0.063951,0.306152,-1.871582,0.791992,-0.015188,0.112714,-0.045832,chewing
5323995.0,-0.65918,1.863281,0.114746,0.207041,0.019985,0.045299,0.305176,-1.883789,0.79248,-0.021051,0.127636,-0.067681,chewing
5324005.0,-0.649902,1.866211,0.103516,0.176665,0.046364,0.044766,0.337891,-1.862305,0.806641,-0.03464,0.158545,-0.079939,chewing
5324015.0,-0.688477,1.838379,0.117188,0.142824,0.076475,0.065283,0.343262,-1.828125,0.827637,-0.047697,0.253406,-0.081538,chewing
5324025.0,-0.693359,1.82666,0.118652,0.173201,0.066349,0.071412,0.320801,-1.84082,0.812988,-0.102855,0.330946,-0.08287,chewing
5324035.0,-0.679199,1.840332,0.10498,0.260067,0.009326,0.077807,0.305664,-1.87207,0.770996,-0.113779,0.302435,-0.071145,chewing
5324045.0,-0.652832,1.837891,0.114746,0.233954,-0.019718,0.083136,0.337402,-1.882813,0.746582,-0.157479,0.258202,0.007194,chewing
5324055.0,-0.641602,1.870605,0.087402,0.138827,0.127902,0.022116,0.347656,-1.888672,0.697754,-0.237152,0.199847,0.02558,chewing
5324065.0,-0.69043,1.845703,0.084473,0.206508,0.002132,0.058622,0.32959,-1.874512,0.680176,-0.196383,0.081804,0.075142,chewing
5324075.0,-0.708984,1.836426,0.09375,0.237152,-0.059421,-0.008527,0.283691,-1.906738,0.674316,-0.284315,-0.017054,0.207041,chewing
5324085.0,-0.700195,1.859375,0.085449,0.184658,-0.058888,-0.118043,0.283691,-1.923828,0.713379,-0.291243,-0.169737,0.396496,chewing
5324095.0,-0.712891,1.866699,0.118164,0.068481,-0.00826,-0.154548,0.305664,-1.887207,0.777832,-0.347467,-0.073544,0.377044,chewing
5324105.0,-0.70752,1.857422,0.097168,-0.120441,0.167605,-0.141492,0.257813,-1.921875,0.768066,-0.464977,0.044766,0.323485,chewing
5324115.0,-0.705078,1.869141,0.117676,-0.189455,0.252073,-0.087666,0.267578,-1.884766,0.777832,-0.510009,0.219032,0.236086,chewing
5324125.0,-0.673828,1.863281,0.071777,-0.271259,0.386904,-0.044233,0.27002,-1.876953,0.770996,-0.491357,0.274456,0.186257,chewing
5324135.0,-0.662598,1.878418,0.091309,-0.217966,0.369317,-0.021317,0.29248,-1.883301,0.748047,-0.410885,0.264064,0.148953,chewing
5324145.0,-0.671875,1.856445,0.100586,-0.232355,0.325084,-0.053026,0.30957,-1.899414,0.724609,-0.314959,0.217167,0.094861,chewing
5324155.0,-0.679687,1.849121,0.100098,-0.145489,0.220631,-0.051427,0.341797,-1.870605,0.759277,-0.159611,0.185458,0.044233,chewing
5324165.0,-0.668945,1.867188,0.103027,-0.021051,0.114312,-0.029044,0.333008,-1.84082,0.790527,-0.122306,0.228358,-0.035706,chewing
5324175.0,-0.66748,1.859863,0.116699,0.034907,0.067948,-0.007461,0.320801,-1.845703,0.784668,-0.184126,0.331479,-0.057822,chewing
5324185.0,-0.683105,1.85498,0.126953,0.070346,0.03464,0.015188,0.308105,-1.866699,0.777832,-0.201712,0.402625,-0.112714,chewing
5324195.0,-0.673828,1.855957,0.112793,0.093262,0.00906,0.014389,0.307129,-1.872559,0.771484,-0.192386,0.464711,-0.108983,chewing
5324205.0,-0.669922,1.855469,0.119141,0.097525,-0.002398,0.035706,0.305664,-1.880371,0.747559,-0.139626,0.392766,-0.208374,chewing
5324215.0,-0.669434,1.854004,0.114746,0.136162,-0.010126,0.012257,0.304199,-1.874512,0.713867,-0.111381,0.327749,-0.160677,chewing
5324225.0,-0.672852,1.851074,0.101074,0.146021,-0.059421,0.00453,0.29834,-1.875977,0.705078,-0.04823,0.221697,-0.095926,chewing
5324235.0,-0.666016,1.859863,0.100098,0.132965,-0.048496,0.063951,0.299316,-1.874512,0.716797,-0.026646,0.171868,-0.091663,chewing
5324245.0,-0.675781,1.865723,0.085937,0.129767,-0.137761,0.021317,0.293945,-1.887207,0.722656,-0.011458,0.146821,-0.062086,chewing
5324255.0,-0.674805,1.852051,0.11084,0.091663,-0.118842,0.039436,0.282715,-1.900879,0.705566,-0.029577,0.136429,-0.064484,chewing
5324265.0,-0.671387,1.856934,0.115723,0.03544,-0.104187,0.043167,0.277832,-1.911621,0.720703,-0.00453,0.088199,-0.037571,chewing
5324275.0,-0.687988,1.860352,0.104004,0.049828,-0.108184,0.067149,0.276855,-1.905273,0.725098,0.009326,0.036505,-0.01359,chewing
5324285.0,-0.67334,1.87207,0.100098,-0.041035,-0.057822,0.071145,0.292969,-1.911621,0.672852,-0.029577,-0.054358,0.059688,chewing
5324295.0,-0.674805,1.869629,0.085449,-0.212637,0.06928,0.028511,0.3125,-1.902832,0.671387,-0.028245,-0.220364,0.176132,chewing
5324305.0,-0.70459,1.863281,0.08252,-0.205709,0.090064,-0.000266,0.34375,-1.867188,0.717773,-0.001599,-0.366919,0.248876,chewing
5324315.0,-0.697754,1.868164,0.073242,-0.027979,-0.033574,0.01359,0.344238,-1.836914,0.77002,0.075675,-0.507078,0.231556,chewing
5324325.0,-0.682129,1.880859,0.07959,0.126303,-0.152949,0.093795,0.350586,-1.822266,0.803711,0.197982,-0.590747,0.178263,chewing
5324335.0,-0.665039,1.868164,0.107422,0.28325,-0.234487,0.152949,0.337402,-1.864258,0.780273,0.234487,-0.461779,-0.007194,chewing
5324345.0,-0.662109,1.865723,0.143555,0.280052,-0.184126,0.119908,0.313965,-1.896484,0.738281,0.255005,-0.259534,-0.175865,chewing
5324355.0,-0.654785,1.854492,0.133789,0.254738,-0.149219,0.08287,0.326172,-1.869629,0.779785,0.318689,-0.110315,-0.256603,chewing
5324365.0,-0.638672,1.859375,0.134766,0.199847,-0.094328,0.052493,0.253906,-1.913086,0.729492,0.257403,-0.107118,-0.174533,chewing
5324375.0,-0.629883,1.868652,0.134277,0.109783,0.008527,0.00826,0.25293,-1.957031,0.680664,0.246211,-0.10845,-0.114312,chewing
5324385.0,-0.63916,1.86377,0.125488,0.066882,0.037838,-0.005596,0.311035,-1.90625,0.708984,0.193185,-0.092995,-0.065816,chewing
5324395.0,-0.65625,1.867188,0.101563,0.03464,0.029044,-0.036772,0.297363,-1.866699,0.739746,0.10019,-0.028778,-0.012257,chewing
5324405.0,-0.680664,1.84375,0.085449,0.035706,-0.001066,-0.12204,0.265625,-1.851563,0.754883,0.02185,0.030643,-0.000266,chewing
5324415.0,-0.702148,1.837402,0.091309,-0.044233,0.011991,-0.166006,0.269043,-1.879883,0.734863,0.002398,0.019185,0.017853,chewing
5324425.0,-0.70459,1.841309,0.081055,-0.076741,0.063685,-0.165473,0.291016,-1.853516,0.764648,-0.001332,0.043167,-0.001066,chewing
5324435.0,-0.70459,1.84668,0.092773,-0.076475,0.106319,-0.131632,0.302246,-1.875977,0.749512,-0.057289,0.11751,-0.021583,chewing
5324445.0,-0.717773,1.822266,0.110352,-0.029577,0.113513,-0.072478,0.3125,-1.878906,0.775879,-0.063152,0.138827,-0.037305,chewing
5324455.0,-0.714844,1.82959,0.10498,0.062619,0.095127,-0.004263,0.329102,-1.861328,0.765137,-0.148953,0.186257,-0.016254,chewing
5324465.0,-0.696777,1.844238,0.090332,0.147887,0.063152,0.034107,0.299316,-1.894043,0.742187,-0.23049,0.180395,0.088466,chewing
5324475.0,-0.69043,1.83252,0.097656,0.236619,-0.011191,0.029311,0.297852,-1.887695,0.739258,-0.226227,0.109516,0.156147,chewing
5324485.0,-0.653809,1.864746,0.110352,0.241681,-0.018652,0.046364,0.266602,-1.880859,0.708496,-0.322686,0.162542,0.176665,chewing
5324495.0,-0.639648,1.875488,0.121582,0.170536,0.039436,0.003997,0.227051,-1.962402,0.664551,-0.33894,0.136695,0.224361,chewing
5324505.0,-0.626953,1.881836,0.098145,0.033841,0.111648,-0.030377,0.297852,-1.912598,0.765137,-0.223029,0.10925,0.202778,chewing
5324515.0,-0.664062,1.862793,0.102051,-0.055957,0.141758,-0.070613,0.248535,-1.878906,0.77002,-0.314959,0.203044,0.144156,chewing
5324525.0,-0.661621,1.864258,0.095215,-0.143357,0.153482,-0.119375,0.290039,-1.864258,0.804687,-0.25687,0.284315,0.069547,chewing
5324535.0,-0.679687,1.863281,0.087891,-0.031975,0.094594,-0.089265,0.313965,-1.829102,0.807617,-0.297905,0.439397,-0.038637,chewing
5324545.0,-0.692383,1.854004,0.088379,-0.001865,0.061286,-0.067149,0.310059,-1.873047,0.758301,-0.304034,0.496953,-0.046098,chewing
5324555.0,-0.69043,1.837402,0.09082,0.096992,0.018386,-0.019452,0.265137,-1.879883,0.741699,-0.266462,0.435666,-0.00826,chewing
5324565.0,-0.711426,1.82373,0.100098,0.182527,-0.027979,-0.004263,0.327148,-1.879395,0.727539,-0.174266,0.310162,0.053026,chewing
5324575.0,-0.664551,1.835449,0.116211,0.232888,-0.064484,0.015721,0.322266,-1.876953,0.706055,-0.094328,0.17027,0.114046,chewing
5324585.0,-0.663574,1.856445,0.114258,0.266995,-0.101256,0.033308,0.308594,-1.873535,0.703613,-0.06555,0.0874,0.169204,chewing
5324595.0,-0.662109,1.855957,0.102051,0.327749,-0.181727,0.037305,0.275879,-1.880371,0.715332,-0.06475,0.031176,0.192652,chewing
5324605.0,-0.666504,1.862793,0.105469,0.248609,-0.215568,0.050095,0.245605,-1.898926,0.713867,-0.046364,0.034107,0.152417,chewing
5324615.0,-0.664551,1.865723,0.108887,0.135629,-0.137761,0.028245,0.235352,-1.905762,0.730469,-0.03544,0.068481,0.078873,chewing
5324625.0,-0.691895,1.85791,0.083008,0.052227,-0.066349,-0.039703,0.241699,-1.899902,0.737305,-0.063951,0.104453,0.050095,chewing
5324635.0,-0.678223,1.891113,0.058594,0.014655,-0.02558,0.01732,0.270996,-1.898926,0.732422,-0.106052,0.111381,0.089531,chewing
5324645.0,-0.699219,1.869629,0.068359,-0.075142,0.004796,0.031176,0.25293,-1.90332,0.708496,-0.158279,0.083936,0.172668,chewing
5324655.0,-0.721191,1.839355,0.094727,-0.115378,0.014655,0.02558,0.28125,-1.942383,0.65625,-0.124971,0.003198,0.198248,chewing
5324665.0,-0.718262,1.85791,0.058105,-0.166539,0.065017,0.021051,0.268066,-1.947266,0.653809,-0.090597,-0.136695,0.112181,chewing
5324675.0,-0.758789,1.851074,0.064941,-0.282717,0.108983,-0.014655,0.250977,-1.925781,0.679199,-0.029577,-0.379709,0.149485,chewing
5324685.0,-0.714844,1.868652,0.058594,-0.359191,0.192386,0.023982,0.282227,-1.87793,0.725586,0.019185,-0.53026,0.205709,chewing
5324695.0,-0.681641,1.883301,0.056641,-0.197982,0.151884,0.105519,0.330566,-1.868164,0.794434,0.108983,-0.696266,0.210239,chewing
5324705.0,-0.65918,1.851563,0.101074,0.277387,-0.145755,0.239283,0.400391,-1.76123,0.92334,0.354129,-0.735703,-0.075675,chewing
5324715.0,-0.639648,1.859375,0.134277,0.629917,-0.437798,0.346668,0.368652,-1.855469,0.736816,0.367452,-0.372248,-0.524398,chewing
5324725.0,-0.608398,1.886719,0.163086,0.479366,-0.272058,0.237685,0.382324,-1.879395,0.69873,0.560637,-0.040769,-0.768744,chewing
5324735.0,-0.473633,1.702637,0.110352,0.043433,-0.088466,0.065816,0.245605,-1.964355,0.579102,0.641109,-0.235553,-0.627519,chewing
5324745.0,-0.648926,1.896484,0.084473,0.273391,-0.206775,0.031709,0.303711,-1.924805,0.65332,0.843354,-0.466576,-0.458582,chewing
5324755.0,-0.620605,1.888672,0.034668,0.367985,-0.477501,0.123905,0.3125,-1.83252,0.815918,0.79539,-0.27872,-0.310162,chewing
5324765.0,-0.658203,1.866211,0.209961,0.0866,-0.236619,0.00826,0.157227,-1.998047,0.67627,0.499351,-0.245945,-0.029044,chewing
5324775.0,-0.652832,1.827637,0.141602,-0.184658,0.136962,-0.106052,0.211914,-1.952148,0.688477,0.451654,-0.240349,-0.119642,chewing
5324785.0,-0.655273,1.847168,0.116699,-0.198781,0.222763,-0.083136,0.243164,-1.861816,0.790039,0.353063,-0.191587,-0.175599,chewing
5324795.0,-0.692383,1.825684,0.097656,-0.219832,0.263265,-0.051161,0.262695,-1.844238,0.781738,0.128701,0.015188,-0.232622,chewing
5324805.0,-0.729492,1.812012,0.111816,-0.221697,0.170003,-0.075142,0.240723,-1.866211,0.75293,-0.001865,0.161743,-0.19585,chewing
5324815.0,-0.738281,1.812988,0.095215,-0.166006,0.026913,-0.16574,0.307129,-1.836426,0.781738,0.014922,0.146554,-0.146821,chewing
5324825.0,-0.713379,1.836914,0.105957,-0.116977,-0.055957,-0.164674,0.311035,-1.835449,0.782227,-0.002665,0.095394,-0.021583,chewing
5324835.0,-0.716309,1.842773,0.09668,-0.083669,-0.03544,-0.158545,0.343262,-1.871094,0.756348,-0.00373,0.073277,0.032775,chewing
5324845.0,-0.709473,1.84668,0.098633,-0.049029,0.014655,-0.081271,0.368164,-1.871094,0.765137,-0.005063,0.018119,0.035173,chewing
5324855.0,-0.697754,1.857422,0.086426,-0.006662,0.037305,-0.018919,0.361328,-1.864258,0.768066,-0.03011,0.020784,0.033308,chewing
5324865.0,-0.703125,1.850098,0.083008,0.072478,0.046897,0.028511,0.328613,-1.858887,0.779785,-0.062885,0.040236,0.010392,chewing
5324875.0,-0.681152,1.864746,0.101074,0.086334,0.079672,0.039436,0.3125,-1.845703,0.776855,-0.085534,0.06102,0.007194,chewing
5324885.0,-0.663086,1.865723,0.091309,0.127103,0.049828,0.049296,0.289551,-1.861328,0.789551,-0.094861,0.074077,0.024248,chewing
5324895.0,-0.655762,1.87207,0.093262,0.129234,0.018652,0.030377,0.273438,-1.857422,0.784668,-0.089531,0.102322,0.005063,chewing
5324905.0,-0.665039,1.878418,0.109863,0.112714,0.011458,0.041835,0.276855,-1.878906,0.785156,-0.059155,0.126836,-0.027712,chewing
5324915.0,-0.660156,1.869629,0.102051,0.117243,0.00906,0.065283,0.292969,-1.888184,0.782715,-0.060221,0.147887,-0.05276,chewing
5324925.0,-0.656738,1.860352,0.099609,0.097525,0.056224,0.096459,0.30127,-1.882324,0.761719,-0.055424,0.13483,-0.060487,chewing
5324935.0,-0.676758,1.843262,0.108887,0.090064,0.053825,0.073011,0.323242,-1.869629,0.77002,-0.051427,0.115112,-0.021583,chewing
5324945.0,-0.672852,1.842285,0.105957,0.167605,-0.037838,0.040769,0.337402,-1.839355,0.796875,-0.077541,0.199314,-0.046364,chewing
5324955.0,-0.677246,1.840332,0.123535,0.251008,-0.158279,0.036239,0.384277,-1.779297,0.898926,-0.058622,0.293642,-0.0866,chewing
5324965.0,-0.667969,1.878906,0.085937,0.261933,-0.115645,0.08207,0.267578,-1.875977,0.787109,-0.119642,0.258202,-0.119642,chewing
5324975.0,-0.680176,1.866211,0.080078,0.344003,-0.175865,0.153482,0.269531,-1.894043,0.720703,-0.069547,0.189188,-0.078606,chewing
5324985.0,-0.726562,1.842285,0.091309,0.262998,-0.110049,0.091397,0.271973,-1.919922,0.706543,-0.059688,0.067948,0.020784,chewing
5324995.0,-0.714355,1.84668,0.121094,0.146288,0.007727,0.011458,0.305664,-1.883301,0.746582,-0.094061,0.025047,0.124704,chewing
5325005.0,-0.689941,1.862305,0.087891,0.081271,0.039703,-0.03544,0.306641,-1.886719,0.738281,-0.16574,0.026646,0.157213,chewing
5325015.0,-0.695801,1.845215,0.087891,0.040236,0.119109,-0.063152,0.31543,-1.882813,0.746582,-0.215302,0.035706,0.137761,chewing
5325025.0,-0.685547,1.853516,0.088867,0.032242,0.136162,-0.045565,0.329102,-1.867676,0.73584,-0.292309,0.090331,0.126303,chewing
5325035.0,-0.677734,1.86084,0.091309,0.055424,0.144423,-0.008793,0.312988,-1.879883,0.718262,-0.337341,0.120974,0.131632,chewing
5325045.0,-0.670898,1.864258,0.103027,0.092729,0.140959,0.009593,0.318848,-1.878418,0.729004,-0.294175,0.061553,0.125504,chewing
5325055.0,-0.684082,1.855469,0.094238,0.083136,0.13936,0.013323,0.299316,-1.869629,0.747559,-0.282983,0.042634,0.145222,chewing
5325065.0,-0.673828,1.867188,0.11377,0.054891,0.148953,-0.015188,0.292969,-1.887695,0.719238,-0.305899,0.055691,0.157746,chewing
5325075.0,-0.667969,1.855957,0.090332,-0.040236,0.208374,-0.043433,0.286133,-1.935547,0.710937,-0.263798,0.03091,0.200113,chewing
5325085.0,-0.67627,1.842773,0.079102,-0.075409,0.197982,-0.045832,0.290039,-1.890625,0.765137,-0.249942,0.059155,0.170003,chewing
5325095.0,-0.67627,1.849121,0.077148,-0.0437,0.150018,-0.047164,0.270508,-1.882324,0.762207,-0.293642,0.10472,0.159345,chewing
5325105.0,-0.67334,1.853027,0.082031,-0.027712,0.12577,-0.04743,0.259277,-1.890625,0.756836,-0.301369,0.106585,0.172668,chewing
5325115.0,-0.658203,1.873535,0.097656,-0.057023,0.130567,-0.081271,0.229004,-1.934082,0.785645,-0.33521,0.160144,0.220897,chewing
5325125.0,-0.674316,1.866211,0.077148,-0.046364,0.120974,-0.064484,0.286133,-1.896484,0.741211,-0.261666,0.146021,0.170003,chewing
5325135.0,-0.689453,1.846191,0.095215,-0.036772,0.128435,-0.033308,0.296387,-1.852539,0.759277,-0.243014,0.184392,0.133764,chewing
5325145.0,-0.687988,1.859863,0.108887,-0.016787,0.142824,-0.021583,0.300781,-1.84668,0.762695,-0.225694,0.238484,0.116178,chewing
5325155.0,-0.685059,1.857422,0.098633,-0.055691,0.155081,-0.005862,0.305664,-1.854004,0.770996,-0.2177,0.314692,0.0429,chewing
5325165.0,-0.687988,1.84082,0.069824,-0.020251,0.111115,0.015721,0.300781,-1.867676,0.756836,-0.188389,0.371182,-0.027446,chewing
5325175.0,-0.678223,1.849609,0.083496,-0.000533,0.058089,-0.005063,0.287109,-1.887207,0.758301,-0.166273,0.380775,-0.058622,chewing
5325185.0,-0.68457,1.840332,0.107422,0.031176,-0.006129,-0.009859,0.274414,-1.901855,0.746094,-0.149219,0.326417,-0.058622,chewing
5325195.0,-0.665527,1.849121,0.10498,0.080472,-0.066083,-0.022649,0.291992,-1.905273,0.722656,-0.101789,0.275256,-0.09193,chewing
5325205.0,-0.675781,1.865234,0.099121,0.090597,-0.085801,-0.023715,0.308594,-1.894531,0.716309,-0.12124,0.239283,-0.076741,chewing
5325215.0,-0.675293,1.875,0.087891,0.066083,-0.060487,-0.020518,0.314453,-1.879395,0.71582,-0.135363,0.216634,-0.041302,chewing
5325225.0,-0.688477,1.861328,0.083496,0.050894,-0.028778,0.002132,0.291992,-1.885254,0.733398,-0.110049,0.200913,-0.022116,chewing
5325235.0,-0.701172,1.856445,0.087891,0.037838,-0.00826,0.024248,0.27832,-1.889648,0.719727,-0.074609,0.126303,-0.019985,chewing
5325245.0,-0.708008,1.843262,0.085937,-0.002931,0.047697,0.059688,0.255859,-1.905273,0.695312,-0.037571,0.054092,-0.010392,chewing
5325255.0,-0.712402,1.834961,0.083008,-0.027712,0.085002,0.050361,0.239746,-1.926758,0.6875,0.033574,-0.066882,0.013323,chewing
5325265.0,-0.695312,1.846191,0.086914,-0.00826,0.049029,0.06102,0.257813,-1.900391,0.749023,0.118043,-0.212371,0.037038,chewing
5325275.0,-0.691895,1.859375,0.088867,0.044766,-0.029311,0.047697,0.261719,-1.89209,0.76123,0.107651,-0.181461,-0.022116,chewing
5325285.0,-0.669922,1.853027,0.102539,0.080205,-0.049296,0.062086,0.29541,-1.896484,0.737793,0.088466,-0.12124,-0.087666,chewing
5325295.0,-0.665039,1.861816,0.129395,0.127636,-0.031443,0.085002,0.296387,-1.896484,0.711426,0.066083,-0.062086,-0.101789,chewing
5325305.0,-0.680664,1.855469,0.099609,0.163075,-0.017853,0.074609,0.306152,-1.880859,0.710449,0.079939,-0.061286,-0.127902,chewing
5325315.0,-0.683105,1.847168,0.09375,0.16121,-0.037038,0.063152,0.291504,-1.88916,0.693848,0.117776,-0.12204,-0.06555,chewing
5325325.0,-0.67627,1.860352,0.074707,0.217433,-0.120175,0.062352,0.303711,-1.874023,0.732422,0.210505,-0.25687,-0.035972,chewing
5325335.0,-0.693359,1.868164,0.060547,0.257136,-0.213436,0.05196,0.311523,-1.856445,0.759766,0.211038,-0.268594,-0.064484,chewing
5325345.0,-0.681641,1.879883,0.087891,0.227559,-0.245945,0.081538,0.322266,-1.867188,0.754395,0.152417,-0.158279,-0.093262,chewing
5325355.0,-0.687988,1.844727,0.107422,0.18306,-0.162276,0.088998,0.313965,-1.88623,0.735352,0.125237,-0.019452,-0.174799,chewing
5325365.0,-0.683105,1.836426,0.129395,0.13483,-0.055158,0.070613,0.293945,-1.913086,0.698242,0.13483,0.067948,-0.238484,chewing
5325375.0,-0.675293,1.846191,0.112305,0.200913,-0.087933,0.075942,0.282715,-1.896973,0.711914,0.205443,0.038637,-0.219032,chewing
5325385.0,-0.687012,1.863281,0.085449,0.202511,-0.125237,0.033574,0.275391,-1.885742,0.737305,0.206775,-0.006928,-0.184658,chewing
5325395.0,-0.676758,1.873047,0.043945,0.137761,-0.1311,0.03011,0.266113,-1.866211,0.738281,0.159345,-0.054358,-0.079139,chewing
5325405.0,-0.682617,1.868164,0.072266,0.099923,-0.204377,0.05196,0.280762,-1.87793,0.745605,0.085268,-0.032242,0.017853,chewing
5325415.0,-0.692871,1.849609,0.072754,0.187323,-0.223562,0.066083,0.272461,-1.911621,0.714844,0.031975,0.006662,-0.011191,chewing
5325425.0,-0.675293,1.850586,0.108887,0.046631,-0.045299,0.049296,0.282227,-1.912109,0.702637,-0.017587,0.062352,-0.013057,chewing
5325435.0,-0.710449,1.833984,0.121582,-0.002665,0.057556,0.05649,0.314941,-1.873047,0.759766,0.05196,0.073011,-0.111648,chewing
5325445.0,-0.709473,1.834961,0.097168,-0.01359,0.074609,0.005329,0.301758,-1.859863,0.774414,0.054625,0.123905,-0.179063,chewing
5325455.0,-0.695312,1.84082,0.101074,-0.087933,0.103121,-0.016787,0.291992,-1.87793,0.778809,0.10392,0.110049,-0.174266,chewing
5325465.0,-0.683105,1.847656,0.104004,-0.121773,0.121773,-0.009859,0.321777,-1.865723,0.802246,0.135363,0.105786,-0.137228,chewing
5325475.0,-0.664551,1.866211,0.087891,-0.110582,0.116178,-0.011991,0.297363,-1.853516,0.814941,0.196916,0.067948,-0.175599,chewing
5325485.0,-0.663574,1.870605,0.084961,-0.188655,0.139093,-0.027979,0.269043,-1.869141,0.792969,0.239283,0.019185,-0.154015,chewing
5325495.0,-0.65918,1.861328,0.091797,-0.300836,0.219299,-0.084735,0.263184,-1.931641,0.660645,0.143357,-0.011724,-0.092729,chewing
5325505.0,-0.65918,1.850098,0.117676,-0.320821,0.241149,-0.055158,0.311523,-1.948242,0.639648,0.191853,-0.12577,-0.009859,chewing
5325515.0,-0.681641,1.871582,0.09668,-0.236619,0.206775,-0.063951,0.320313,-1.908203,0.668457,0.249409,-0.314959,-0.013057,chewing
5325525.0,-0.67627,1.853027,0.123047,-0.185724,0.120441,-0.071945,0.266113,-1.887695,0.754395,0.22143,-0.373047,-0.200913,chewing
5325535.0,-0.687012,1.837402,0.110352,-0.096726,0.065283,-0.053026,0.326172,-1.800293,0.838379,0.100989,-0.166273,-0.074077,chewing
5325545.0,-0.67334,1.862305,0.114746,-0.019718,0.060221,-0.015988,0.263672,-1.869141,0.799805,0.048496,-0.027712,-0.067149,chewing
5325555.0,-0.701172,1.86084,0.122559,0.018386,0.073277,0.011458,0.236328,-1.868164,0.806152,0.007194,0.130034,-0.053559,chewing
5325565.0,-0.692383,1.857422,0.103027,0.029577,0.039436,0.012257,0.244141,-1.888672,0.786621,0.000266,0.156413,-0.097792,chewing
5325575.0,-0.678711,1.865234,0.095703,0.029311,0.047697,0.021583,0.290039,-1.884277,0.777344,0.00373,0.140692,-0.077541,chewing
5325585.0,-0.677246,1.853027,0.101074,0.027179,0.051694,0.030377,0.341797,-1.868164,0.762207,-0.011458,0.095394,-0.066349,chewing
5325595.0,-0.687012,1.85791,0.105957,0.02558,0.041568,-0.003464,0.362305,-1.849121,0.760742,-0.014123,0.042368,-0.032242,chewing
5325605.0,-0.679199,1.863281,0.116699,0.019718,0.03011,-0.015188,0.356934,-1.84375,0.77002,-0.016521,0.023715,-0.013057,chewing
5325615.0,-0.662109,1.875,0.108398,0.026646,0.047164,0.007194,0.337402,-1.850098,0.777832,-0.00373,0.039969,-0.007994,chewing
5325625.0,-0.689453,1.868164,0.108887,0.064217,0.064217,0.015188,0.305664,-1.865234,0.78418,-0.032242,0.075942,-0.024248,chewing
5325635.0,-0.69043,1.853027,0.108398,0.108717,0.03011,0.017587,0.285156,-1.865723,0.783203,-0.045565,0.11751,-0.039969,chewing
5325645.0,-0.70166,1.851563,0.113281,0.117776,0.026913,0.017853,0.279785,-1.874512,0.773926,-0.080472,0.211038,-0.06475,chewing
5325655.0,-0.679199,1.859863,0.100098,0.163341,0.0437,0.036505,0.291992,-1.876465,0.786133,-0.144156,0.268061,-0.046098,chewing
5325665.0,-0.664551,1.856934,0.097656,0.201179,0.037305,0.064217,0.296875,-1.88623,0.759277,-0.196916,0.288046,-0.03544,chewing
5325675.0,-0.680176,1.85498,0.092773,0.246744,-0.005329,0.059421,0.311523,-1.875977,0.73291,-0.223562,0.220631,0.013057,chewing
5325685.0,-0.666016,1.866211,0.090332,0.290178,-0.06475,0.066882,0.322266,-1.855957,0.767578,-0.245145,0.190254,0.042101,chewing
5325695.0,-0.654297,1.859863,0.087891,0.379443,-0.164141,0.103121,0.299316,-1.861328,0.779297,-0.248343,0.174799,0.023182,chewing
5325705.0,-0.652832,1.851563,0.079102,0.448723,-0.238217,0.120708,0.294922,-1.877441,0.775879,-0.200913,0.135629,0.036505,chewing
5325715.0,-0.650879,1.864746,0.094238,0.510809,-0.333611,0.156946,0.303223,-1.830566,0.846191,-0.123905,0.093262,0.050361,chewing
5325725.0,-0.64209,1.894531,0.144043,0.19585,0.022649,-0.003997,0.221191,-1.870117,0.638184,-0.341072,0.245678,-0.039969,chewing
5325735.0,-0.734375,1.836426,0.101074,0.063418,0.07008,-0.051427,0.28125,-2.003906,0.594238,-0.163874,-0.091663,0.230224,chewing
5325745.0,-0.734375,1.82959,0.083496,-0.006662,0.138028,-0.106052,0.369141,-1.816406,0.781738,-0.135629,-0.147087,0.342671,chewing
5325755.0,-0.719727,1.849609,0.068359,-0.074343,0.193718,-0.123905,0.293945,-1.861816,0.77832,-0.239017,-0.096726,0.352796,chewing
5325765.0,-0.720703,1.839844,0.067383,-0.164141,0.276322,-0.141758,0.298828,-1.912598,0.744629,-0.3051,-0.06555,0.362123,chewing
5325775.0,-0.700195,1.845215,0.085937,-0.212904,0.300836,-0.094328,0.273926,-1.88916,0.764648,-0.329348,0.03917,0.237951,chewing
5325785.0,-0.686035,1.849121,0.089844,-0.205975,0.352796,-0.033308,0.27002,-1.877441,0.752441,-0.368251,0.163874,0.10925,chewing
5325795.0,-0.670898,1.859375,0.060547,-0.078606,0.298172,0.03091,0.27832,-1.882813,0.745605,-0.349332,0.209173,0.059155,chewing
5325805.0,-0.665039,1.866211,0.095215,-0.014123,0.185458,0.014123,0.272461,-1.925293,0.754395,-0.341338,0.267262,0.210239,chewing
5325815.0,-0.679199,1.856934,0.092285,0.007194,0.145222,0.000266,0.297363,-1.888184,0.733398,-0.245412,0.123905,0.127636,chewing
5325825.0,-0.672852,1.862793,0.100098,0.022116,0.110848,-0.015988,0.293457,-1.890137,0.712402,-0.230224,0.08207,0.10845,chewing
5325835.0,-0.674316,1.859863,0.089355,-0.006928,0.113779,-0.017054,0.274902,-1.902344,0.729492,-0.172401,0.074609,0.059688,chewing
5325845.0,-0.680664,1.856934,0.107422,0.008527,0.095926,0.007727,0.268066,-1.88916,0.747559,-0.133498,0.08207,0.019185,chewing
5325855.0,-0.681641,1.852539,0.087891,-0.012257,0.122306,-0.010658,0.253906,-1.895508,0.740234,-0.159877,0.116977,0.017054,chewing
5325865.0,-0.669922,1.862305,0.092285,0.000799,0.096726,0.008527,0.263184,-1.886719,0.746094,-0.122839,0.153749,-0.01359,chewing
5325875.0,-0.677246,1.85791,0.089844,-0.007194,0.045565,-0.000266,0.271973,-1.881836,0.764648,-0.133498,0.201446,-0.073011,chewing
5325885.0,-0.674316,1.853516,0.097168,0.00453,-0.000533,-0.005862,0.289063,-1.880371,0.747559,-0.096459,0.218233,-0.091397,chewing
5325895.0,-0.679199,1.852539,0.095703,0.018386,-0.030643,-0.025047,0.303711,-1.884277,0.725098,-0.104453,0.192652,-0.10472,chewing
5325905.0,-0.686035,1.849121,0.102051,0.036239,-0.045565,-0.000799,0.307129,-1.879395,0.728516,-0.096459,0.175599,-0.09566,chewing
5325915.0,-0.687988,1.853516,0.099121,0.0429,-0.054891,0.018919,0.307129,-1.876465,0.716797,-0.098325,0.163341,-0.088466,chewing
5325925.0,-0.70166,1.849609,0.103516,0.058355,-0.060221,0.010658,0.289063,-1.893066,0.722656,-0.067681,0.161743,-0.087666,chewing
5325935.0,-0.694336,1.865723,0.097168,0.038371,-0.051694,0.014922,0.276855,-1.898438,0.712891,-0.034107,0.114046,-0.087933,chewing
5325945.0,-0.685059,1.862793,0.106445,0.018652,-0.017853,0.029044,0.265625,-1.885742,0.728027,-0.020251,0.110582,-0.095394,chewing
5325955.0,-0.713867,1.859375,0.082031,-0.000799,-0.017054,0.041035,0.272949,-1.880859,0.742676,-0.016787,0.088998,-0.089265,chewing
5325965.0,-0.697266,1.867676,0.088379,0.021583,-0.041302,0.057822,0.266113,-1.902344,0.726562,-0.006129,0.058888,-0.083669,chewing
5325975.0,-0.684082,1.871582,0.095215,0.033308,-0.037571,0.070613,0.269043,-1.900391,0.709961,0.002931,-0.013057,-0.066882,chewing
5325985.0,-0.677246,1.872559,0.095215,0.037838,-0.005596,0.075942,0.289551,-1.884766,0.719238,0.049029,-0.145222,0.011458,chewing
5325995.0,-0.683594,1.864258,0.085449,0.021051,0.028778,0.0429,0.300781,-1.887207,0.700684,0.054358,-0.168404,0.074077,chewing
5326005.0,-0.686523,1.87793,0.092773,0.027979,0.00373,0.002398,0.296875,-1.892578,0.713867,0.108717,-0.215568,0.039436,chewing
5326015.0,-0.671875,1.856934,0.09668,0.06102,-0.054625,0.020518,0.302734,-1.888184,0.723145,0.177464,-0.275256,0.052493,chewing
5326025.0,-0.668457,1.85498,0.092285,0.099657,-0.050361,0.039703,0.301758,-1.887207,0.74707,0.191054,-0.26966,-0.001865,chewing
5326035.0,-0.66748,1.865234,0.099121,0.128701,-0.067149,0.036772,0.29834,-1.885254,0.745117,0.180928,-0.264597,-0.005063,chewing
5326045.0,-0.668457,1.861816,0.103027,0.117776,-0.099391,0.055424,0.3125,-1.87793,0.731934,0.163075,-0.222763,-0.021051,chewing
5326055.0,-0.67627,1.84082,0.093262,0.170003,-0.11298,0.089265,0.312012,-1.886719,0.726074,0.174799,-0.194518,-0.093528,chewing
5326065.0,-0.65918,1.859863,0.11084,0.179063,-0.142557,0.03091,0.317383,-1.879395,0.73584,0.188123,-0.117776,-0.144689,chewing
5326075.0,-0.676758,1.844727,0.125,0.15668,-0.122306,0.021051,0.295898,-1.891602,0.705078,0.171602,-0.059954,-0.141225,chewing
5326085.0,-0.673828,1.828613,0.104492,0.163075,-0.112181,0.015721,0.268555,-1.913086,0.705566,0.170003,-0.03917,-0.11298,chewing
5326095.0,-0.671875,1.855469,0.083008,0.162276,-0.086867,0.046364,0.266113,-1.883301,0.744629,0.16041,-0.042368,-0.103121,chewing
5326105.0,-0.681152,1.841797,0.091797,0.146821,-0.07381,0.065283,0.246582,-1.871582,0.759277,0.081271,-0.017587,-0.033574,chewing
5326115.0,-0.683594,1.856934,0.060547,0.171069,-0.127103,0.092462,0.26416,-1.86084,0.765137,0.055424,-0.011191,-0.059688,chewing
5326125.0,-0.696289,1.852539,0.065918,0.174,-0.136429,0.094328,0.285645,-1.871094,0.772461,0.034907,0.021317,-0.09566,chewing
5326135.0,-0.686035,1.864258,0.084473,0.162276,-0.140692,0.074876,0.296875,-1.885254,0.71582,0.041035,0.022383,-0.116178,chewing
5326145.0,-0.693848,1.846191,0.083984,0.166806,-0.159611,0.075942,0.322754,-1.887695,0.731934,0.103121,-0.001332,-0.125237,chewing
5326155.0,-0.686523,1.845215,0.105469,0.16574,-0.141492,0.055957,0.319824,-1.870605,0.729492,0.168404,-0.052493,-0.131632,chewing
5326165.0,-0.683594,1.856445,0.103516,0.119908,-0.10392,0.053026,0.312012,-1.885742,0.747559,0.161476,-0.058355,-0.110049,chewing
5326175.0,-0.657715,1.858398,0.086914,0.052493,-0.015988,0.054891,0.218262,-1.947266,0.732422,0.108717,-0.12577,-0.174,chewing
5326185.0,-0.666504,1.863281,0.084473,0.038904,-0.006662,0.084735,0.29541,-1.899414,0.748047,0.103654,-0.071145,-0.013856,chewing
5326195.0,-0.664062,1.86377,0.092285,-0.014123,0.013057,0.062352,0.291504,-1.878906,0.773437,0.066882,-0.037305,-0.01359,chewing
5326205.0,-0.655273,1.878418,0.099609,-0.063418,0.014922,0.021051,0.301758,-1.869629,0.739746,0.022383,0.013323,-0.037571,chewing
5326215.0,-0.671387,1.856934,0.112793,-0.119642,0.058355,-0.005063,0.306152,-1.864746,0.786133,0.092995,0.047164,-0.104453,chewing
5326225.0,-0.671387,1.85498,0.101563,-0.135629,0.09566,-0.053292,0.30957,-1.84082,0.813965,0.135896,0.094861,-0.19585,chewing
5326235.0,-0.693359,1.849121,0.094238,-0.200913,0.156946,-0.071678,0.282227,-1.865234,0.793945,0.212904,0.024248,-0.17853,chewing
5326245.0,-0.699707,1.853027,0.102051,-0.32162,0.248609,-0.101789,0.238281,-1.895996,0.717285,0.238217,-0.10472,-0.258202,chewing
5326255.0,-0.691406,1.843262,0.100586,-0.328282,0.256603,-0.088998,0.293945,-1.962891,0.656738,0.244346,-0.193985,-0.010126,chewing
5326265.0,-0.69873,1.840332,0.101074,-0.245678,0.194251,-0.065816,0.319336,-1.931152,0.668945,0.28245,-0.393299,0.065017,chewing
5326275.0,-0.688477,1.844727,0.130371,-0.189188,0.130833,-0.066083,0.398926,-1.845215,0.746094,0.272858,-0.376778,0.01359,chewing
5326285.0,-0.663086,1.856934,0.105469,-0.124438,0.108184,-0.045299,0.321777,-1.774414,0.825195,0.116444,-0.149219,-0.065017,chewing
5326295.0,-0.663086,1.859375,0.115723,-0.033574,0.103654,0.002931,0.265137,-1.875,0.796387,0.033574,-0.044766,-0.055691,chewing
5326305.0,-0.675781,1.862793,0.115234,-0.045565,0.062352,0.034374,0.272461,-1.855469,0.789551,-0.023715,0.065816,-0.038904,chewing
5326315.0,-0.685059,1.859375,0.124023,-0.075942,0.023449,0.026646,0.29541,-1.868652,0.78418,-0.041568,0.107384,-0.04823,chewing
5326325.0,-0.674316,1.867188,0.120117,-0.001066,0.012257,-0.008527,0.303223,-1.869629,0.76709,-0.04743,0.097259,-0.033308,chewing
5326335.0,-0.676758,1.866211,0.105469,0.015721,0.018652,-0.008527,0.344727,-1.865723,0.755371,-0.035972,0.053292,-0.024515,chewing
5326345.0,-0.691406,1.861328,0.114746,0.0429,0.018919,-0.024515,0.370605,-1.852539,0.756348,-0.022383,0.029311,-0.015455,chewing
5326355.0,-0.693359,1.861328,0.11377,0.045299,0.054092,-0.015188,0.360352,-1.84082,0.765625,-0.023449,0.036772,-0.013856,chewing
5326365.0,-0.67627,1.863281,0.106445,0.072744,0.075942,0.018386,0.325195,-1.85791,0.768555,-0.029044,0.064217,0.003997,chewing
5326375.0,-0.677734,1.869141,0.114746,0.068214,0.092995,0.033841,0.314941,-1.859375,0.776367,-0.019452,0.096726,-0.018919,chewing
5326385.0,-0.677734,1.866211,0.117676,0.075942,0.095127,0.030377,0.307617,-1.871582,0.796875,-0.057556,0.171335,-0.041835,chewing
5326395.0,-0.678223,1.86377,0.108887,0.093795,0.067948,0.040236,0.283691,-1.874512,0.762207,-0.089798,0.222496,-0.063685,chewing
5326405.0,-0.689453,1.844727,0.104492,0.123905,0.010126,0.029844,0.293945,-1.871582,0.738281,-0.119109,0.211838,-0.045832,chewing
5326415.0,-0.673828,1.861328,0.097168,0.143357,-0.000266,0.048496,0.319336,-1.871094,0.746094,-0.134297,0.171868,0.002132,chewing
5326425.0,-0.675781,1.866699,0.095215,0.142557,0.0,0.053026,0.324219,-1.864258,0.756348,-0.165207,0.128968,0.022649,chewing
5326435.0,-0.680664,1.85498,0.105469,0.187057,-0.049828,0.053026,0.320313,-1.859375,0.798828,-0.15668,0.140426,0.033308,chewing
5326445.0,-0.67334,1.861328,0.094238,0.260334,-0.151084,0.055691,0.288086,-1.884766,0.755371,-0.187856,0.140426,0.026913,chewing
5326455.0,-0.675293,1.862305,0.100586,0.205975,-0.144956,0.039969,0.306641,-1.875977,0.802734,-0.10019,0.07834,0.050361,chewing
5326465.0,-0.658203,1.862793,0.104004,0.227825,-0.174266,0.092729,0.312988,-1.86377,0.759766,-0.120175,0.080205,0.060487,chewing
5326475.0,-0.661133,1.853516,0.099121,0.223562,-0.162009,0.115645,0.316895,-1.848145,0.796875,-0.042634,0.06475,0.006662,chewing
5326485.0,-0.659668,1.859863,0.089355,0.267262,-0.206508,0.145489,0.330566,-1.820801,0.824707,0.021317,0.040236,-0.047164,chewing
5326495.0,-0.678223,1.824707,0.07959,0.130833,-0.066083,0.084735,0.277344,-1.879395,0.701172,-0.017054,-0.044499,0.011991,chewing
5326505.0,-0.654297,1.858887,0.116211,-0.029577,0.127103,-0.067149,0.321777,-1.875488,0.711426,-0.072211,-0.029311,0.053825,chewing
5326515.0,-0.69873,1.856934,0.092773,-0.019185,0.049562,-0.068214,0.290039,-1.905762,0.710937,-0.025314,-0.127103,0.131632,chewing
5326525.0,-0.702637,1.851563,0.10498,-0.028245,0.066616,-0.097259,0.30127,-1.875488,0.746582,-0.107118,-0.095926,0.205709,chewing
5326535.0,-0.689453,1.866211,0.081055,-0.015455,0.106585,-0.082337,0.28125,-1.891602,0.751953,-0.172668,-0.073011,0.244879,chewing
5326545.0,-0.696777,1.872559,0.081055,-0.018386,0.095394,-0.022383,0.287598,-1.876953,0.77832,-0.239283,-0.032508,0.233421,chewing
5326555.0,-0.691895,1.851074,0.085937,-0.010925,0.15215,0.041835,0.288574,-1.876465,0.758789,-0.329081,0.054358,0.146288,chewing
5326565.0,-0.692871,1.848145,0.105957,-0.015188,0.203577,0.057822,0.30957,-1.873047,0.745605,-0.304034,0.092729,0.108184,chewing
5326575.0,-0.682129,1.854492,0.094727,0.018119,0.212104,0.04823,0.31543,-1.876465,0.720215,-0.306698,0.097259,0.082337,chewing
5326585.0,-0.688477,1.850098,0.099121,0.085268,0.11298,0.027446,0.313965,-1.877441,0.725098,-0.202778,0.030643,0.062352,chewing
5326595.0,-0.65918,1.874512,0.102539,0.061819,0.083136,0.017054,0.309082,-1.881348,0.730957,-0.180395,0.010126,0.109783,chewing
5326605.0,-0.658691,1.868652,0.091797,0.055957,0.087933,-0.020518,0.299805,-1.88623,0.757324,-0.13936,-0.016254,0.073544,chewing
5326615.0,-0.671875,1.867676,0.107422,0.053026,0.05649,0.014922,0.279297,-1.886719,0.768066,-0.147087,-0.00453,0.093262,chewing
5326625.0,-0.690918,1.849609,0.097656,0.03091,0.092462,-0.001066,0.27002,-1.906738,0.739746,-0.221697,0.016254,0.114579,chewing
5326635.0,-0.681641,1.862305,0.088379,0.062352,0.054092,-0.017853,0.274902,-1.892578,0.746582,-0.199047,0.045565,0.088732,chewing
5326645.0,-0.692383,1.850098,0.069336,0.059155,0.032508,0.0,0.272461,-1.865723,0.759766,-0.20411,0.07008,0.015455,chewing
5326655.0,-0.692383,1.844238,0.097168,0.035706,0.068214,0.009859,0.276367,-1.886719,0.736328,-0.206775,0.096193,0.019185,chewing
5326665.0,-0.703125,1.836914,0.105957,0.014655,0.081538,-0.015721,0.300781,-1.888184,0.738281,-0.186524,0.098591,0.018386,chewing
5326675.0,-0.680664,1.842773,0.109863,-0.042101,0.115378,-0.027179,0.302246,-1.871582,0.742676,-0.165473,0.115378,0.023182,chewing
5326685.0,-0.679687,1.854004,0.107422,-0.021583,0.071145,-0.009326,0.303223,-1.867676,0.730469,-0.140692,0.131632,0.010925,chewing
5326695.0,-0.668945,1.861816,0.109375,-0.020518,0.068747,0.006928,0.305176,-1.859863,0.75293,-0.136695,0.14309,-0.001599,chewing
5326705.0,-0.669434,1.85791,0.123535,-0.003464,0.04743,-0.005596,0.282715,-1.879883,0.748535,-0.134031,0.141225,-0.009326,chewing
5326715.0,-0.672852,1.865234,0.103027,0.010925,-0.006662,0.006928,0.303223,-1.879883,0.732422,-0.097792,0.128435,-0.051694,chewing
5326725.0,-0.672852,1.874023,0.105469,0.049562,-0.017054,0.005862,0.311523,-1.891113,0.73291,-0.08207,0.139626,-0.076475,chewing
5326735.0,-0.687988,1.876953,0.099609,0.023449,-0.001066,-0.000533,0.3125,-1.874023,0.719727,-0.078606,0.177464,-0.111115,chewing
5326745.0,-0.679199,1.861816,0.114258,0.008793,0.009326,0.011458,0.293945,-1.865234,0.734863,-0.091397,0.175865,-0.099657,chewing
5326755.0,-0.686035,1.856445,0.109375,-0.006129,0.029577,0.023715,0.280762,-1.890137,0.728516,-0.066616,0.122839,-0.072478,chewing
5326765.0,-0.67627,1.849609,0.104004,0.003198,0.032242,0.038637,0.29248,-1.88623,0.726074,0.01279,-0.001865,-0.034907,chewing
5326775.0,-0.655762,1.870117,0.096191,0.075942,-0.012257,0.057289,0.308594,-1.868652,0.751465,0.103387,-0.16947,-0.014922,chewing
5326785.0,-0.658203,1.876465,0.092285,0.107118,-0.090864,0.062885,0.325195,-1.873535,0.738281,0.142025,-0.263798,0.018386,chewing
5326795.0,-0.65625,1.861328,0.098145,0.201712,-0.140692,0.076208,0.34668,-1.869629,0.730469,0.18306,-0.243014,-0.072211,chewing
5326805.0,-0.672852,1.849121,0.121094,0.185724,-0.129234,0.054891,0.341797,-1.894043,0.678223,0.202778,-0.141225,-0.143357,chewing
5326815.0,-0.67334,1.843262,0.133789,0.153749,-0.08287,0.038904,0.303223,-1.894531,0.674316,0.231023,-0.045032,-0.166273,chewing
5326825.0,-0.660645,1.857422,0.127441,0.154015,-0.033308,0.021583,0.282227,-1.904785,0.713379,0.244346,-0.036505,-0.123905,chewing
5326835.0,-0.660645,1.875488,0.088867,0.12124,-0.041302,0.027979,0.278809,-1.882813,0.760254,0.20038,-0.028511,-0.072478,chewing
5326845.0,-0.664062,1.868164,0.074219,0.115911,-0.105253,0.054625,0.275391,-1.882813,0.785645,0.177997,-0.014123,-0.107118,chewing
5326855.0,-0.662598,1.867676,0.080078,0.135629,-0.157213,0.037038,0.29248,-1.869629,0.776367,0.138827,0.031176,-0.146554,chewing
5326865.0,-0.655762,1.865234,0.108398,0.105786,-0.141758,0.01359,0.309082,-1.891113,0.756348,0.110582,0.087666,-0.16494,chewing
5326875.0,-0.65625,1.847168,0.119141,0.053026,-0.054358,-0.000266,0.328613,-1.908691,0.712402,0.13856,0.066083,-0.181994,chewing
5326885.0,-0.654785,1.839355,0.121094,0.027179,0.026913,0.001865,0.344238,-1.893066,0.711426,0.202245,0.008527,-0.164407,chewing
5326895.0,-0.682129,1.850586,0.122559,0.060221,0.018386,0.036239,0.344727,-1.867676,0.72998,0.248343,-0.005596,-0.173734,chewing
5326905.0,-0.675781,1.84668,0.112305,0.12204,-0.046364,0.023982,0.30127,-1.873047,0.72168,0.237418,0.024248,-0.113513,chewing
5326915.0,-0.689453,1.85791,0.101563,0.130034,-0.068747,0.014922,0.266113,-1.888672,0.734863,0.194251,0.007461,-0.044233,chewing
5326925.0,-0.709473,1.857422,0.084961,0.134031,-0.127902,0.02638,0.235352,-1.879395,0.745605,0.114579,0.011458,0.028778,chewing
5326935.0,-0.694824,1.858398,0.07959,0.098325,-0.100456,0.039703,0.263672,-1.875488,0.791504,0.042101,0.071678,0.017587,chewing
5326945.0,-0.695801,1.856934,0.088379,0.10019,-0.083403,0.057023,0.273926,-1.88916,0.773437,-0.031443,0.135363,-0.068481,chewing
5326955.0,-0.705078,1.84668,0.077148,0.10845,-0.122839,0.037038,0.291016,-1.912598,0.712891,-0.098058,0.174,-0.126303,chewing
5326965.0,-0.67627,1.871582,0.109863,0.057822,-0.080738,0.007461,0.359375,-1.862305,0.754883,-0.049828,0.201979,-0.158012,chewing
5326975.0,-0.672852,1.861816,0.112793,-0.018919,0.005329,-0.019985,0.352539,-1.856445,0.74707,-0.070879,0.220098,-0.166006,chewing
5326985.0,-0.666992,1.853516,0.11377,-0.137761,0.138827,-0.057289,0.353516,-1.844238,0.78418,0.008793,0.160943,-0.088998,chewing
5326995.0,-0.663574,1.854492,0.111816,-0.224628,0.196116,-0.062086,0.339844,-1.861816,0.801758,0.063418,0.090597,-0.090597,chewing
5327005.0,-0.666992,1.853516,0.080078,-0.224628,0.199847,-0.071145,0.3125,-1.822266,0.895508,0.203577,0.01732,-0.085534,chewing
5327015.0,-0.683105,1.869141,0.098633,-0.26966,0.158012,-0.125237,0.221191,-1.88623,0.691406,0.084469,0.034374,-0.096992,chewing
5327025.0,-0.70459,1.835449,0.11084,-0.337341,0.135896,-0.151884,0.296387,-1.993164,0.616211,0.149219,-0.157479,0.073011,chewing
5327035.0,-0.706543,1.838867,0.112793,-0.248077,0.105253,-0.150551,0.338867,-1.889648,0.68457,0.196383,-0.305632,0.055691,chewing
5327045.0,-0.694336,1.836914,0.119629,-0.20491,0.159078,-0.114312,0.34082,-1.840332,0.769043,0.146821,-0.164674,-0.036772,chewing
5327055.0,-0.683105,1.839844,0.113281,-0.104187,0.131366,-0.051427,0.304199,-1.815918,0.815918,0.015988,-0.05276,-0.06102,chewing
5327065.0,-0.719727,1.851563,0.111328,0.024781,0.14389,0.042368,0.26709,-1.867676,0.803223,-0.040502,0.000799,0.00826,chewing
5327075.0,-0.694336,1.857422,0.117676,0.015721,0.141492,0.062619,0.253906,-1.880371,0.78125,-0.085268,0.116977,0.022116,chewing
5327085.0,-0.678223,1.859863,0.133301,0.077807,0.081271,0.029311,0.263184,-1.891113,0.784668,-0.068481,0.175865,-0.06555,chewing
5327095.0,-0.65332,1.883301,0.116699,0.066349,0.054891,0.005862,0.300781,-1.867188,0.778809,-0.043433,0.179862,-0.118043,chewing
5327105.0,-0.662109,1.884277,0.128906,0.061286,0.049029,0.001332,0.316895,-1.858887,0.762695,-0.030377,0.155081,-0.115112,chewing
5327115.0,-0.665527,1.887695,0.108398,0.037838,0.046098,0.010925,0.358887,-1.847168,0.762207,-0.028511,0.103387,-0.055158,chewing
5327125.0,-0.679687,1.876465,0.109375,0.03917,0.037305,0.015988,0.379395,-1.848145,0.759766,-0.04743,0.080738,-0.022383,chewing
5327135.0,-0.695801,1.874023,0.100098,0.057023,0.063685,0.015721,0.363281,-1.856445,0.747559,-0.078074,0.076741,-0.022649,chewing
5327145.0,-0.6875,1.875,0.120605,0.0429,0.08207,0.020518,0.325195,-1.865234,0.791016,-0.083403,0.086067,-0.014655,chewing
5327155.0,-0.693359,1.841309,0.118164,0.039436,0.092462,0.014389,0.301758,-1.871094,0.777832,-0.089265,0.087933,-0.014655,chewing
5327165.0,-0.68457,1.850586,0.121094,0.075409,0.077541,0.023982,0.303223,-1.876953,0.776367,-0.062619,0.096193,-0.017853,chewing
5327175.0,-0.668457,1.856934,0.11377,0.124438,0.068481,0.037305,0.316406,-1.869141,0.763672,-0.037571,0.135096,-0.048763,chewing
5327185.0,-0.678223,1.862793,0.125,0.152949,0.057822,0.035706,0.322266,-1.855469,0.789551,-0.058089,0.218766,-0.076741,chewing
5327195.0,-0.673828,1.86084,0.11084,0.177464,0.058355,0.046897,0.308594,-1.867188,0.779297,-0.108184,0.281651,-0.085801,chewing
5327205.0,-0.682617,1.868164,0.10498,0.217433,0.036505,0.065017,0.308594,-1.887695,0.732422,-0.150285,0.250475,-0.047164,chewing
5327215.0,-0.67627,1.856934,0.115723,0.235819,0.014123,0.081005,0.324219,-1.876465,0.733398,-0.212371,0.218499,0.024781,chewing
5327225.0,-0.669434,1.848145,0.103516,0.266462,-0.033308,0.107384,0.312988,-1.858887,0.783691,-0.247011,0.20038,0.054625,chewing
5327235.0,-0.660645,1.85498,0.128418,0.32615,-0.12124,0.14309,0.298828,-1.851074,0.755859,-0.254472,0.213703,0.036505,chewing
5327245.0,-0.64209,1.865723,0.09668,0.532925,-0.364787,0.236619,0.29248,-1.822754,0.812988,-0.16494,0.179063,0.014123,chewing
5327255.0,-0.665039,1.862793,0.089355,0.351198,-0.220897,0.13483,0.279297,-1.907227,0.771973,-0.202511,0.10925,0.090864,chewing
5327265.0,-0.654785,1.844238,0.108398,0.159611,-0.064217,0.004263,0.304688,-1.897949,0.711914,-0.232089,0.055957,0.171602,chewing
5327275.0,-0.67041,1.865234,0.105957,0.050361,0.088199,-0.06555,0.32666,-1.891113,0.711914,-0.220631,-0.037571,0.261133,chewing
5327285.0,-0.703613,1.85498,0.101074,-0.061286,0.190521,-0.10845,0.322266,-1.888184,0.713867,-0.271259,-0.058888,0.291776,chewing
5327295.0,-0.711426,1.851563,0.093262,-0.105786,0.255271,-0.118576,0.317871,-1.887695,0.72998,-0.298971,-0.013323,0.297106,chewing
5327305.0,-0.723145,1.846191,0.091797,-0.062086,0.253406,-0.0874,0.308594,-1.895508,0.744629,-0.294175,0.002398,0.270992,chewing
5327315.0,-0.709473,1.840332,0.07959,-0.079139,0.289911,-0.042101,0.290039,-1.87207,0.788574,-0.300836,0.051427,0.217433,chewing
5327325.0,-0.687012,1.837402,0.083496,-0.041302,0.297106,0.011458,0.23584,-1.911133,0.751465,-0.371449,0.110049,0.207574,chewing
5327335.0,-0.680176,1.855469,0.079102,0.101789,0.175332,0.073277,0.270996,-1.878418,0.748047,-0.307231,0.109783,0.151884,chewing
5327345.0,-0.665527,1.862305,0.09082,0.118043,0.145222,0.065283,0.265625,-1.883789,0.740234,-0.314426,0.116711,0.135096,chewing
5327355.0,-0.650879,1.859375,0.09375,0.142557,0.072478,0.008793,0.276855,-1.898926,0.730957,-0.289911,0.104986,0.141492,chewing
5327365.0,-0.640625,1.878418,0.086426,0.099391,0.06475,-0.00453,0.269043,-1.911621,0.737793,-0.257403,0.108983,0.104453,chewing
5327375.0,-0.660156,1.877441,0.090332,0.114845,0.03544,0.000266,0.297363,-1.885742,0.733887,-0.18226,0.099657,0.046631,chewing
5327385.0,-0.670898,1.865234,0.095703,0.103387,0.018652,0.026646,0.291992,-1.879395,0.737305,-0.186524,0.096726,0.045032,chewing
5327395.0,-0.684082,1.850098,0.087402,0.108184,0.00373,0.032508,0.304688,-1.895508,0.737793,-0.15668,0.105519,0.010392,chewing
5327405.0,-0.691895,1.84082,0.102051,0.07834,0.022383,0.012257,0.282227,-1.870117,0.73291,-0.148153,0.108184,-0.007727,chewing
5327415.0,-0.701172,1.838379,0.087402,0.038371,0.02558,-0.009593,0.279297,-1.896484,0.736328,-0.116444,0.109783,0.004796,chewing
5327425.0,-0.697266,1.845703,0.085449,0.023715,0.037571,0.009326,0.300293,-1.876465,0.739258,-0.105786,0.12657,-0.033041,chewing
5327435.0,-0.697266,1.850098,0.092773,0.050095,0.01279,0.005063,0.30127,-1.879883,0.718262,-0.119642,0.151084,-0.055424,chewing
5327445.0,-0.692383,1.851563,0.095703,0.051161,-0.016521,-0.010658,0.29834,-1.880371,0.710937,-0.111914,0.158545,-0.058355,chewing
5327455.0,-0.702148,1.844727,0.09668,0.065017,-0.037571,-0.017853,0.286621,-1.89209,0.721191,-0.094861,0.141758,-0.059155,chewing
5327465.0,-0.678223,1.859863,0.109375,0.051694,-0.043966,-0.016787,0.291992,-1.885742,0.719727,-0.085534,0.144423,-0.075142,chewing
5327475.0,-0.683105,1.86084,0.088379,0.03544,-0.041035,-0.00906,0.286133,-1.882813,0.708496,-0.079939,0.099657,-0.072211,chewing
5327485.0,-0.670898,1.867188,0.111816,0.019185,-0.027179,-0.012524,0.264648,-1.887207,0.705566,-0.091397,0.102322,-0.056224,chewing
5327495.0,-0.672363,1.859375,0.103027,0.027179,-0.032775,-0.007994,0.283203,-1.904785,0.710449,-0.059954,0.075942,-0.062086,chewing
5327505.0,-0.662109,1.875977,0.09668,0.013856,-0.01732,-0.006662,0.303711,-1.890625,0.716797,-0.077274,0.075142,-0.015988,chewing
5327515.0,-0.686035,1.864746,0.098633,0.006928,0.014389,-0.00826,0.279785,-1.909668,0.699707,-0.074876,0.054891,0.017054,chewing
5327525.0,-0.684082,1.865234,0.102051,-0.010658,0.029577,0.009593,0.290527,-1.89502,0.695801,-0.045032,0.019718,0.003198,chewing
5327535.0,-0.670898,1.855469,0.114746,-0.025847,0.058355,0.017853,0.273926,-1.904785,0.706543,-0.010658,-0.019985,0.005596,chewing
5327545.0,-0.677246,1.861328,0.111328,-0.014389,0.065816,0.027712,0.280762,-1.885254,0.716309,0.024515,-0.085801,0.046897,chewing
5327555.0,-0.665039,1.863281,0.086914,-0.005862,0.061553,0.03917,0.290527,-1.880371,0.718262,0.058622,-0.167072,0.045299,chewing
5327565.0,-0.678223,1.847656,0.100586,0.018386,0.016254,0.019452,0.261719,-1.881836,0.726074,0.063152,-0.140426,0.020251,chewing
5327575.0,-0.67041,1.853516,0.091797,0.08207,-0.055957,-0.013856,0.276855,-1.904785,0.731934,0.05649,-0.155348,0.034907,chewing
5327585.0,-0.658691,1.864258,0.097168,0.107651,-0.10019,-0.009326,0.299316,-1.90918,0.719238,0.055957,-0.144956,0.003198,chewing
5327595.0,-0.651855,1.865723,0.095703,0.158012,-0.119908,0.011458,0.318359,-1.883789,0.727051,0.085801,-0.10925,-0.071678,chewing
5327605.0,-0.696289,1.853027,0.104004,0.172668,-0.13856,0.030643,0.300781,-1.896973,0.706543,0.083669,-0.087933,-0.096193,chewing
5327615.0,-0.663086,1.856934,0.080566,0.206508,-0.149219,0.074077,0.306641,-1.876465,0.71582,0.132432,-0.08207,-0.129501,chewing
5327625.0,-0.668457,1.861816,0.094727,0.208374,-0.119375,0.079939,0.314941,-1.865234,0.712891,0.129501,-0.060753,-0.128701,chewing
5327635.0,-0.675781,1.852539,0.108398,0.197449,-0.112714,0.078074,0.302734,-1.869629,0.715332,0.123905,-0.017853,-0.129501,chewing
5327645.0,-0.672363,1.850586,0.107422,0.1311,-0.07834,0.063951,0.276367,-1.90625,0.685547,0.133764,0.008527,-0.125237,chewing
5327655.0,-0.657715,1.851074,0.098633,0.100989,-0.057023,0.057023,0.294922,-1.907227,0.717285,0.166006,-0.036239,-0.110848,chewing
5327665.0,-0.643555,1.865723,0.089355,0.110848,-0.050628,0.057822,0.260742,-1.893555,0.73877,0.142291,-0.00826,-0.151884,chewing
5327675.0,-0.661621,1.861328,0.089844,0.082337,-0.072211,0.022916,0.285156,-1.884766,0.742676,0.097525,-0.008793,-0.0874,chewing
5327685.0,-0.669922,1.856445,0.087402,0.085534,-0.105253,-0.041835,0.275391,-1.90625,0.72168,0.050894,0.006395,-0.073544,chewing
5327695.0,-0.68457,1.871582,0.078613,0.117243,-0.17027,-0.034107,0.296875,-1.90332,0.71582,0.007994,0.037038,-0.090597,chewing
5327705.0,-0.699219,1.858887,0.053223,0.104453,-0.188123,-0.02185,0.29541,-1.916504,0.662598,-0.041035,0.066349,-0.046364,chewing
5327715.0,-0.702148,1.864258,0.092285,0.067948,-0.097792,-0.011991,0.342285,-1.876953,0.728516,0.04743,0.078074,-0.098325,chewing
5327725.0,-0.700684,1.865234,0.137695,-0.094328,0.063685,-0.073011,0.318359,-1.833984,0.762695,0.045565,0.167072,-0.13936,chewing
5327735.0,-0.723633,1.847168,0.109375,-0.089265,0.120708,-0.089265,0.273438,-1.877441,0.788086,0.065816,0.174266,-0.150818,chewing
5327745.0,-0.677734,1.85791,0.078125,-0.138294,0.161743,-0.073011,0.279785,-1.855469,0.85498,0.168937,0.128435,-0.156147,chewing
5327755.0,-0.697754,1.84375,0.065918,-0.18759,0.160144,-0.045565,0.268066,-1.841309,0.852051,0.205975,0.114579,-0.18679,chewing
5327765.0,-0.680664,1.869629,0.083008,-0.224361,0.168671,-0.064217,0.221191,-1.853516,0.749023,0.181194,0.090331,-0.20038,chewing
5327775.0,-0.697266,1.876953,0.084473,-0.332545,0.213969,-0.097792,0.225098,-2.059082,0.523437,0.115378,-0.107651,-0.010925,chewing
5327785.0,-0.688965,1.858887,0.085937,-0.294974,0.194784,-0.038371,0.370605,-1.917969,0.619141,0.260067,-0.404757,0.133231,chewing
5327795.0,-0.70459,1.833984,0.118164,-0.166806,0.154015,-0.033308,0.378906,-1.90625,0.753418,0.286181,-0.235286,-0.092995,chewing
5327805.0,-0.693359,1.839355,0.118164,-0.091397,0.106585,-0.022916,0.320801,-1.803711,0.814453,0.036505,-0.092462,-0.032775,chewing
5327815.0,-0.675781,1.833984,0.109375,-0.274723,-0.020251,0.154282,0.304688,-1.869141,0.808105,0.011991,-0.022116,0.017587,chewing
5327825.0,-0.693848,1.84082,0.108398,-0.113247,-0.00826,0.088732,0.252441,-1.899902,0.791016,-0.061819,0.066083,0.041835,chewing
5327835.0,-0.675781,1.859863,0.102539,-0.025847,-0.001066,0.085002,0.240234,-1.89502,0.769043,-0.070613,0.124172,-0.02185,chewing
5327845.0,-0.670898,1.866699,0.118164,0.063418,0.029044,0.050628,0.265137,-1.884766,0.754395,-0.045032,0.145755,-0.070879,chewing
5327855.0,-0.681152,1.866699,0.113281,0.081005,0.042368,0.069547,0.322754,-1.867188,0.735352,-0.027979,0.107651,-0.04823,chewing
5327865.0,-0.692871,1.853516,0.119629,0.092995,0.023982,0.044233,0.347168,-1.855469,0.728516,-0.000533,0.071412,-0.036772,chewing
5327875.0,-0.691406,1.85498,0.11084,0.117243,0.003198,0.030643,0.352051,-1.850098,0.727051,-0.018652,0.051427,-0.028245,chewing
5327885.0,-0.693848,1.856445,0.119629,0.148953,-0.025314,0.010925,0.329102,-1.859863,0.742676,-0.024248,0.046098,-0.020784,chewing
5327895.0,-0.6875,1.843262,0.116211,0.164141,-0.020251,0.019718,0.28418,-1.881348,0.751953,-0.032242,0.041035,0.00373,chewing
5327905.0,-0.675293,1.856934,0.103027,0.152417,-0.013057,0.041568,0.26709,-1.891113,0.770508,-0.0429,0.061553,0.034374,chewing
5327915.0,-0.678223,1.852539,0.120605,0.120441,0.037838,0.065017,0.289551,-1.884277,0.756348,-0.058622,0.127636,-0.010126,chewing
5327925.0,-0.666016,1.849121,0.112793,0.12124,0.070346,0.067948,0.28418,-1.873047,0.736328,-0.117243,0.236619,-0.066083,chewing
5327935.0,-0.676758,1.842285,0.117676,0.14842,0.038371,0.059421,0.294922,-1.884766,0.723633,-0.162809,0.253139,-0.025047,chewing
5327945.0,-0.662598,1.859863,0.108887,0.135629,0.017054,0.061819,0.305176,-1.88623,0.716309,-0.206775,0.221164,-0.001332,chewing
5327955.0,-0.67334,1.845215,0.106934,0.148953,0.005063,0.056224,0.319336,-1.881348,0.726562,-0.236885,0.17027,0.015188,chewing
5327965.0,-0.658203,1.855957,0.101563,0.170536,-0.034374,0.071678,0.320313,-1.869141,0.746094,-0.236352,0.112714,0.043433,chewing
5327975.0,-0.660645,1.851074,0.119629,0.206508,-0.10845,0.071145,0.297363,-1.850098,0.75293,-0.198781,0.108717,0.031443,chewing
5327985.0,-0.645508,1.871094,0.077637,0.220897,-0.157746,0.077274,0.291016,-1.874512,0.725098,-0.192919,0.115911,-0.009593,chewing
5327995.0,-0.65625,1.872559,0.082031,0.340539,-0.251274,0.110049,0.29541,-1.87793,0.759766,-0.111381,0.129767,-0.061553,chewing
5328005.0,-0.647461,1.889648,0.124023,0.2614,-0.173734,0.063685,0.266113,-1.860352,0.725098,-0.092196,0.104986,-0.053292,chewing
5328015.0,-0.691895,1.838867,0.102539,0.097792,0.026646,-0.00453,0.287598,-1.939941,0.660645,-0.094328,-0.041568,0.099923,chewing
5328025.0,-0.719238,1.863281,0.135742,0.033574,0.120708,-0.099391,0.336426,-1.847656,0.676758,-0.128968,-0.0429,0.16041,chewing
5328035.0,-0.72168,1.847656,0.104004,-0.037305,0.196916,-0.124971,0.290039,-1.915039,0.683105,-0.166806,-0.090864,0.254472,chewing
5328045.0,-0.728516,1.840332,0.095215,-0.051694,0.196649,-0.124971,0.305176,-1.894531,0.717285,-0.167871,-0.083403,0.273923,chewing
5328055.0,-0.716797,1.848145,0.07959,-0.079672,0.239283,-0.105519,0.262207,-1.911621,0.702637,-0.292576,0.005063,0.255804,chewing
5328065.0,-0.688477,1.861328,0.094727,-0.134297,0.297905,-0.096193,0.263672,-1.887207,0.754395,-0.306432,0.046897,0.282184,chewing
5328075.0,-0.692871,1.851563,0.085449,-0.121507,0.330413,-0.058089,0.247559,-1.89502,0.742676,-0.35706,0.082603,0.220897,chewing
5328085.0,-0.680176,1.868164,0.092773,-0.019185,0.246478,-0.005329,0.260254,-1.904297,0.731934,-0.344003,0.117243,0.185458,chewing
5328095.0,-0.675781,1.870605,0.097656,0.077008,0.15215,0.019452,0.280762,-1.887207,0.727051,-0.314959,0.134297,0.151617,chewing
5328105.0,-0.644043,1.879395,0.090332,0.088466,0.141758,0.018119,0.292969,-1.88916,0.716797,-0.282983,0.122573,0.122839,chewing
5328115.0,-0.648926,1.88623,0.097656,0.066083,0.147354,0.004796,0.30127,-1.889648,0.708496,-0.237418,0.096992,0.119642,chewing
5328125.0,-0.667969,1.880371,0.093262,0.099657,0.11298,0.013856,0.292969,-1.883301,0.720215,-0.192919,0.088998,0.096992,chewing
5328135.0,-0.665527,1.865234,0.105469,0.110848,0.088732,0.029577,0.296387,-1.891602,0.728516,-0.141225,0.059421,0.075942,chewing
5328145.0,-0.677734,1.85791,0.096191,0.123372,0.059688,0.031975,0.273438,-1.887695,0.720215,-0.169204,0.066349,0.038371,chewing
5328155.0,-0.684082,1.852539,0.108887,0.079939,0.07834,-0.001599,0.290039,-1.900879,0.725586,-0.150551,0.113779,0.014922,chewing
5328165.0,-0.673828,1.851563,0.091797,0.039436,0.091663,-0.00453,0.274414,-1.895508,0.724609,-0.142025,0.148953,-0.020784,chewing
5328175.0,-0.688477,1.84668,0.09375,0.048496,0.0429,0.01359,0.307129,-1.882324,0.729492,-0.192386,0.255804,0.015721,chewing
5328185.0,-0.676758,1.847168,0.093262,0.06102,0.018919,0.011458,0.266602,-1.894531,0.705566,-0.159345,0.220098,-0.059155,chewing
5328195.0,-0.683105,1.844238,0.089355,0.057822,-0.000533,0.005862,0.273438,-1.887207,0.702148,-0.12657,0.200113,-0.050628,chewing
5328205.0,-0.704102,1.837402,0.089844,0.057289,-0.045299,0.009593,0.273438,-1.883789,0.707031,-0.105253,0.180662,-0.031975,chewing
5328215.0,-0.695312,1.842773,0.092285,0.069813,-0.050894,-0.000799,0.279785,-1.904297,0.704102,-0.066882,0.144689,-0.03464,chewing
5328225.0,-0.688965,1.848633,0.086914,0.059954,-0.046631,0.005596,0.278809,-1.901367,0.710449,-0.027979,0.11751,-0.060753,chewing
5328235.0,-0.677246,1.866211,0.098145,0.027446,-0.010925,0.012524,0.288574,-1.898438,0.697266,-0.014123,0.089531,-0.069014,chewing
5328245.0,-0.699219,1.868652,0.099121,0.006395,-0.040502,0.028778,0.280273,-1.911621,0.705078,-0.023182,0.098325,-0.066882,chewing
5328255.0,-0.654297,1.856445,0.097168,-0.003198,0.049029,0.07008,0.282227,-1.902832,0.704102,-0.000533,0.05276,-0.070613,chewing
5328265.0,-0.689453,1.847168,0.085449,-0.021583,0.049828,0.049828,0.281738,-1.89209,0.701172,-0.005063,0.008793,-0.025314,chewing
5328275.0,-0.672852,1.884277,0.089844,-0.044499,0.0429,0.059954,0.267578,-1.881348,0.704102,-0.008527,-0.03464,0.007194,chewing
5328285.0,-0.689453,1.86377,0.089355,-0.044499,0.023182,0.020784,0.267578,-1.902832,0.702637,-0.000533,-0.092995,0.031443,chewing
5328295.0,-0.673828,1.870117,0.084473,0.000799,-0.007194,0.008527,0.286133,-1.887207,0.709473,0.051694,-0.150818,0.000266,chewing
5328305.0,-0.69873,1.852051,0.101563,0.029311,-0.042101,-0.000266,0.286133,-1.900879,0.687012,0.086067,-0.185991,-0.002665,chewing
5328315.0,-0.678711,1.850098,0.087402,0.077807,-0.035706,0.023715,0.286133,-1.908203,0.691406,0.151351,-0.25234,-0.031975,chewing
5328325.0,-0.67627,1.86084,0.098633,0.10925,-0.031975,0.072478,0.28125,-1.907227,0.713867,0.2169,-0.342937,-0.050361,chewing
5328335.0,-0.671875,1.863281,0.091797,0.195051,-0.092462,0.103654,0.308594,-1.88623,0.722656,0.275522,-0.370916,-0.06102,chewing
5328345.0,-0.67041,1.869141,0.098145,0.300836,-0.171069,0.134031,0.327148,-1.883301,0.724121,0.291776,-0.308031,-0.162276,chewing
5328355.0,-0.665527,1.865723,0.100586,0.290711,-0.205443,0.106585,0.319336,-1.880859,0.704102,0.249942,-0.205709,-0.221164,chewing
5328365.0,-0.658203,1.850098,0.120117,0.270726,-0.195583,0.082337,0.327148,-1.874023,0.709961,0.260334,-0.098058,-0.248343,chewing
5328375.0,-0.66748,1.84082,0.121094,0.243014,-0.184925,0.048763,0.297852,-1.883789,0.70166,0.255005,-0.081538,-0.249675,chewing
5328385.0,-0.65625,1.830078,0.128906,0.176398,-0.110049,-0.004263,0.271484,-1.908691,0.696777,0.250208,-0.063418,-0.210239,chewing
5328395.0,-0.679199,1.829102,0.09668,0.179862,-0.113513,-0.016787,0.250488,-1.909668,0.710449,0.251541,-0.07381,-0.171335,chewing
5328405.0,-0.684082,1.844727,0.07666,0.158545,-0.114579,0.022649,0.277832,-1.886719,0.721191,0.245945,-0.096992,-0.144689,chewing
5328415.0,-0.694336,1.848145,0.068359,0.118309,-0.140959,0.056224,0.27002,-1.899414,0.732422,0.177997,-0.070879,-0.073544,chewing
5328425.0,-0.683594,1.84668,0.083984,0.087933,-0.158012,0.062352,0.275879,-1.865723,0.736328,0.126037,0.005063,-0.094861,chewing
5328435.0,-0.661133,1.865234,0.100586,0.026913,-0.133764,0.005862,0.29248,-1.904297,0.705566,0.106052,0.034107,-0.119109,chewing
5328445.0,-0.673828,1.86084,0.092285,-0.035706,-0.081538,-0.054092,0.337402,-1.864746,0.718262,0.107917,0.086067,-0.146021,chewing
5328455.0,-0.663574,1.833984,0.132324,-0.075675,-0.002132,-0.072211,0.329102,-1.858398,0.732422,0.114312,0.139893,-0.20038,chewing
5328465.0,-0.671387,1.852539,0.121094,-0.130034,0.117776,-0.0874,0.280273,-1.884277,0.70752,0.103121,0.130034,-0.166806,chewing
5328475.0,-0.687988,1.87207,0.104492,-0.171602,0.170536,-0.05649,0.30127,-1.856934,0.82959,0.314959,-0.001066,-0.165207,chewing
5328485.0,-0.682129,1.882813,0.09082,-0.30057,0.239017,-0.063152,0.229004,-1.904297,0.688965,0.159877,-0.001599,-0.14389,chewing
5328495.0,-0.693359,1.857422,0.106934,-0.374913,0.251807,-0.062352,0.282715,-1.964844,0.631348,0.203577,-0.223562,0.066083,chewing
5328505.0,-0.686523,1.854492,0.117188,-0.364521,0.240083,-0.058622,0.32666,-1.952637,0.642578,0.231822,-0.436199,0.084202,chewing
5328515.0,-0.67041,1.842773,0.118164,-0.350398,0.250475,-0.032508,0.394043,-1.824219,0.775391,0.162542,-0.225694,-0.011724,chewing
5328525.0,-0.650391,1.844238,0.102051,-0.215835,0.174,0.010126,0.3125,-1.78125,0.823242,0.017853,-0.023982,-0.12204,chewing
5328535.0,-0.659668,1.865723,0.106445,-0.216368,0.061286,0.10019,0.283691,-1.848145,0.755859,-0.019452,0.018386,-0.019718,chewing
5328545.0,-0.661133,1.855469,0.114746,-0.086067,0.074343,0.040236,0.308594,-1.859375,0.770996,-0.020251,0.014922,0.054092,chewing
5328555.0,-0.649414,1.847656,0.139648,-0.258469,-0.116711,0.14762,0.281738,-1.869629,0.772461,-0.033841,0.075675,-0.012257,chewing
5328565.0,-0.683105,1.854004,0.103516,-0.092995,0.04743,0.05276,0.28418,-1.875977,0.761719,-0.026913,0.127902,-0.028511,chewing
5328575.0,-0.695801,1.855469,0.118164,0.018119,0.059688,0.039969,0.306152,-1.871582,0.75293,-0.02185,0.105253,-0.022649,chewing
5328585.0,-0.689941,1.859863,0.10791,0.027712,0.132965,0.118309,0.326172,-1.864746,0.741211,-0.016787,0.086067,0.026113,chewing
5328595.0,-0.717285,1.871094,0.125,0.056757,0.122306,0.085002,0.326172,-1.853027,0.747559,-0.042368,0.066616,0.025314,chewing
5328605.0,-0.715332,1.856445,0.116699,0.087666,0.085268,0.050894,0.307617,-1.86377,0.753418,-0.061286,0.097259,0.013856,chewing
5328615.0,-0.709473,1.86084,0.104492,0.074609,0.053825,0.023982,0.296387,-1.869141,0.753418,-0.071412,0.120175,0.00373,chewing
5328625.0,-0.671387,1.887207,0.103027,0.061819,0.054358,0.011724,0.302246,-1.884277,0.749023,-0.086334,0.118842,-0.005063,chewing
5328635.0,-0.683594,1.876465,0.131348,0.068481,0.120708,0.04823,0.296875,-1.881348,0.760742,-0.098858,0.140426,-0.008527,chewing
5328645.0,-0.64209,1.865723,0.128906,0.029044,0.131366,0.072211,0.303223,-1.868164,0.762695,-0.118309,0.205443,-0.046364,chewing
5328655.0,-0.713379,1.83252,0.123535,0.098591,0.092196,0.085801,0.3125,-1.877441,0.738281,-0.137228,0.251274,-0.079406,chewing
5328665.0,-0.63916,1.875488,0.105469,0.093795,0.034374,0.048763,0.304199,-1.888184,0.695312,-0.164407,0.209972,-0.035972,chewing
5328675.0,-0.6875,1.839355,0.118652,0.139893,-0.025047,0.03091,0.321289,-1.877441,0.713379,-0.171069,0.13856,0.007194,chewing
5328685.0,-0.666992,1.855469,0.11084,0.162542,-0.0874,-0.003464,0.3125,-1.882813,0.734375,-0.174,0.10392,0.044766,chewing
5328695.0,-0.671387,1.860352,0.096191,0.206508,-0.131632,0.017587,0.307129,-1.868652,0.767578,-0.156147,0.099657,0.04823,chewing
5328705.0,-0.67041,1.859863,0.106934,0.256603,-0.208107,0.038104,0.29248,-1.863281,0.79834,-0.115112,0.102855,0.039703,chewing
5328715.0,-0.671875,1.86377,0.09668,0.275789,-0.240616,0.065816,0.276855,-1.856445,0.799316,-0.097525,0.09113,0.010126,chewing
5328725.0,-0.690918,1.866211,0.088867,0.325884,-0.25607,0.080738,0.237305,-1.894531,0.740723,-0.120708,0.083136,-0.011724,chewing
5328735.0,-0.684082,1.879883,0.163574,0.289378,-0.252073,0.116977,0.276855,-1.853027,0.727539,-0.063951,0.038371,-0.010925,chewing
5328745.0,-0.654785,1.933105,0.231445,0.129501,-0.066349,0.072478,0.344238,-1.871094,0.688477,-0.156946,0.12204,-0.024248,chewing
5328755.0,-0.702148,1.863281,0.118652,0.074077,0.067415,0.06555,0.308105,-1.914063,0.684082,-0.103387,-0.038637,0.074077,chewing
5328765.0,-0.678223,1.841309,0.09375,0.044499,0.141758,0.023715,0.344238,-1.851563,0.710449,-0.143623,-0.053292,0.131899,chewing
5328775.0,-0.67041,1.86084,0.101563,-0.01732,0.217433,0.006928,0.311035,-1.882813,0.713379,-0.192119,-0.062352,0.216101,chewing
5328785.0,-0.681152,1.841797,0.094238,-0.050894,0.245678,-0.019718,0.303223,-1.896484,0.722656,-0.245145,-0.065816,0.280585,chewing
5328795.0,-0.667969,1.854004,0.101563,-0.023449,0.219565,-0.030643,0.288574,-1.88916,0.728027,-0.315492,-0.010126,0.279519,chewing
5328805.0,-0.652832,1.863281,0.097656,-0.033574,0.23049,-0.043433,0.277344,-1.897461,0.734863,-0.328015,0.005596,0.273391,chewing
5328815.0,-0.658203,1.857422,0.101563,-0.029844,0.213703,-0.043433,0.288574,-1.88623,0.741699,-0.315492,0.059954,0.216101,chewing
5328825.0,-0.661621,1.845703,0.089844,0.03091,0.153216,0.001332,0.28418,-1.897461,0.732422,-0.289378,0.06928,0.159877,chewing
5328835.0,-0.650391,1.862305,0.105469,0.090064,0.106851,0.009859,0.296875,-1.904297,0.702637,-0.257669,0.063951,0.123905,chewing
5328845.0,-0.648437,1.862793,0.109375,0.071412,0.07834,-0.00373,0.293945,-1.909668,0.712891,-0.214769,0.079939,0.078074,chewing
5328855.0,-0.652344,1.869141,0.094727,0.071145,0.029044,-0.018919,0.293945,-1.887695,0.749023,-0.16121,0.058089,0.056224,chewing
5328865.0,-0.661133,1.852051,0.100098,0.010658,0.026913,-0.023182,0.271973,-1.895508,0.713379,-0.189721,0.08287,0.075409,chewing
5328875.0,-0.660645,1.856934,0.099609,-0.003198,0.044233,-0.022116,0.275391,-1.884766,0.730469,-0.146021,0.081538,0.055691,chewing
5328885.0,-0.672852,1.861816,0.097168,-0.027446,0.059688,-0.00373,0.275879,-1.883301,0.71875,-0.158279,0.097259,0.066882,chewing
5328895.0,-0.671875,1.859375,0.099609,-0.035972,0.059954,0.032242,0.285156,-1.893066,0.723145,-0.142025,0.12124,0.015721,chewing
5328905.0,-0.698242,1.846191,0.105469,-0.039703,0.049296,0.030643,0.289551,-1.891602,0.723633,-0.1311,0.153482,-0.023449,chewing
5328915.0,-0.673828,1.858887,0.111328,-0.019718,0.037838,-0.005596,0.293945,-1.893555,0.712891,-0.122306,0.171602,-0.032775,chewing
5328925.0,-0.671387,1.852539,0.101563,-0.015188,0.033841,-0.012524,0.295898,-1.88916,0.716309,-0.118576,0.174,-0.041568,chewing
5328935.0,-0.666992,1.866211,0.110352,-0.043167,0.041568,0.001865,0.296387,-1.888672,0.706055,-0.126303,0.192119,-0.023715,chewing
5328945.0,-0.678223,1.859863,0.109375,-0.018919,0.0437,0.007461,0.289551,-1.88623,0.717285,-0.104453,0.190254,-0.007461,chewing
5328955.0,-0.682129,1.875488,0.117676,-0.039436,0.038104,0.013057,0.291016,-1.884766,0.712402,-0.099391,0.170003,-0.006662,chewing
5328965.0,-0.675781,1.87207,0.11377,-0.033574,0.033574,0.028778,0.285645,-1.894043,0.691406,-0.091663,0.171335,-0.015721,chewing
5328975.0,-0.668945,1.884766,0.100586,-0.001332,0.035173,0.024515,0.293945,-1.888672,0.704102,-0.078074,0.133498,-0.019718,chewing
5328985.0,-0.687988,1.871582,0.10791,0.011724,0.036505,0.023449,0.284668,-1.885254,0.700684,-0.06475,0.086067,0.014123,chewing
5328995.0,-0.692383,1.87207,0.099609,0.010658,0.02638,0.029044,0.280273,-1.891602,0.704102,-0.0437,0.044766,0.004263,chewing
5329005.0,-0.67627,1.875977,0.106934,0.046098,0.037305,0.026913,0.256348,-1.906738,0.700684,-0.001332,-0.033841,-0.021317,chewing
5329015.0,-0.677246,1.871094,0.106934,0.082337,0.001865,0.051161,0.276367,-1.888184,0.720703,0.070879,-0.10472,-0.018919,chewing
5329025.0,-0.677734,1.853027,0.103516,0.096193,0.021317,0.078074,0.28125,-1.901367,0.699707,0.085534,-0.110315,-0.049296,chewing
5329035.0,-0.672852,1.861816,0.122559,0.122573,0.015455,0.083936,0.283203,-1.90332,0.692871,0.098325,-0.108184,-0.070613,chewing
5329045.0,-0.666016,1.851563,0.124512,0.183593,-0.029044,0.086867,0.287598,-1.895508,0.717285,0.135896,-0.104187,-0.110049,chewing
5329055.0,-0.646484,1.86377,0.10498,0.20944,-0.050361,0.080738,0.288086,-1.904785,0.708008,0.138028,-0.075942,-0.139626,chewing
5329065.0,-0.637207,1.862793,0.116699,0.220631,-0.068481,0.080738,0.299316,-1.898926,0.712891,0.163341,-0.100989,-0.129767,chewing
5329075.0,-0.65332,1.873047,0.113281,0.257136,-0.117243,0.068747,0.304688,-1.894043,0.713867,0.16947,-0.097525,-0.153749,chewing
5329085.0,-0.651855,1.875,0.107422,0.225427,-0.139626,0.046098,0.302246,-1.882324,0.713867,0.142557,-0.0437,-0.138294,chewing
5329095.0,-0.657715,1.862793,0.111816,0.20038,-0.113247,0.06475,0.290039,-1.894531,0.686523,0.157746,-0.004263,-0.163341,chewing
5329105.0,-0.665039,1.86377,0.101074,0.190254,-0.075409,0.065816,0.287109,-1.887207,0.722168,0.172934,-0.000799,-0.155881,chewing
5329115.0,-0.681641,1.850586,0.10498,0.176398,-0.074876,0.067415,0.292969,-1.891113,0.732422,0.168404,0.014922,-0.143623,chewing
5329125.0,-0.673828,1.855469,0.108887,0.116178,-0.046098,0.04743,0.275391,-1.899902,0.708008,0.140959,0.03091,-0.124704,chewing
5329135.0,-0.659668,1.850098,0.105957,0.079672,-0.021317,0.04823,0.286133,-1.905273,0.716797,0.153216,0.035173,-0.133231,chewing
5329145.0,-0.683594,1.847656,0.083984,0.063418,-0.002931,0.054358,0.281738,-1.89209,0.732422,0.159611,0.010126,-0.120974,chewing
5329155.0,-0.686035,1.848145,0.087891,0.058355,-0.029311,0.028511,0.273926,-1.891113,0.732422,0.138294,0.001332,-0.110315,chewing
5329165.0,-0.661621,1.862305,0.091309,0.049562,-0.06475,0.029311,0.303711,-1.900879,0.72998,0.12124,-0.025047,-0.083136,chewing
5329175.0,-0.673828,1.86084,0.096191,0.006395,-0.056757,0.02638,0.309082,-1.884277,0.724121,0.092462,0.036239,-0.10019,chewing
5329185.0,-0.675293,1.856445,0.111816,0.079139,-0.090864,0.008527,0.307129,-1.876953,0.720703,0.091397,0.115645,-0.135096,chewing
5329195.0,-0.663086,1.881836,0.102539,0.120175,-0.106851,0.022649,0.296875,-1.897949,0.691895,0.088998,0.139093,-0.162809,chewing
5329205.0,-0.660156,1.875977,0.090332,0.136162,-0.134564,0.033041,0.30127,-1.88623,0.740234,0.154282,0.086067,-0.118576,chewing
5329215.0,-0.671875,1.871582,0.114746,0.009859,-0.038904,-0.006129,0.285156,-1.86377,0.768066,0.120175,0.0874,-0.098858,chewing
5329225.0,-0.667969,1.865234,0.109863,-0.083936,0.057023,-0.071678,0.282227,-1.884277,0.786133,0.124438,0.087133,-0.091397,chewing
5329235.0,-0.670898,1.873535,0.095703,-0.10925,0.124172,-0.06928,0.285645,-1.868164,0.79248,0.151084,0.089798,-0.155348,chewing
5329245.0,-0.672363,1.849609,0.095703,-0.254738,0.266995,-0.05196,0.264648,-1.902344,0.706055,0.135896,0.062619,-0.150551,chewing
5329255.0,-0.684082,1.843262,0.105469,-0.397296,0.376778,-0.054625,0.287109,-1.938477,0.624023,0.12657,-0.068481,-0.0437,chewing
5329265.0,-0.684082,1.830566,0.11377,-0.333345,0.307498,-0.041035,0.324219,-1.931641,0.620117,0.205975,-0.268328,-0.016521,chewing
5329275.0,-0.674316,1.835938,0.124512,-0.245678,0.24408,-0.05196,0.414551,-1.833008,0.737305,0.222496,-0.248876,-0.01732,chewing
5329285.0,-0.672852,1.86377,0.182617,-0.163341,0.133764,-0.077807,0.396484,-1.774414,0.856445,0.12204,-0.058622,-0.05649,chewing
5329295.0,-0.65332,1.871582,0.115723,-0.071678,0.067415,-0.051694,0.264648,-1.867676,0.77832,0.064217,0.065017,-0.08287,chewing
5329305.0,-0.651367,1.859375,0.123047,-0.039436,0.043433,-0.052227,0.276855,-1.906738,0.769531,0.000266,0.085801,-0.002931,chewing
5329315.0,-0.651367,1.882324,0.116211,-0.030643,0.031176,-0.047164,0.27002,-1.89209,0.760742,-0.032242,0.120175,-0.026913,chewing
5329325.0,-0.649902,1.867676,0.119141,-0.027712,0.036239,-0.051427,0.30957,-1.887695,0.754883,-0.034107,0.153749,-0.055158,chewing
5329335.0,-0.667969,1.85498,0.118164,-0.032508,0.030643,-0.033574,0.344238,-1.86377,0.734375,-0.027179,0.127369,-0.054092,chewing
5329345.0,-0.67041,1.850586,0.128906,-0.026913,0.029311,-0.051694,0.373047,-1.839844,0.750977,-0.013323,0.092462,-0.046631,chewing
5329355.0,-0.671875,1.86377,0.134277,-0.02185,0.0429,-0.048763,0.358887,-1.843262,0.759766,0.000266,0.076208,-0.047963,chewing
5329365.0,-0.685059,1.851074,0.112793,0.050894,0.029844,-0.044766,0.336914,-1.844238,0.754395,-0.009859,0.114046,-0.059421,chewing
5329375.0,-0.680664,1.861328,0.109375,0.075942,0.037571,-0.041835,0.286621,-1.856445,0.779785,-0.007194,0.158812,-0.046897,chewing
5329385.0,-0.681152,1.856445,0.119141,0.069813,0.064217,-0.013856,0.276367,-1.875488,0.771484,-0.051694,0.264597,-0.068214,chewing
5329395.0,-0.684082,1.85498,0.119629,0.067415,0.07834,0.015188,0.262207,-1.898438,0.739258,-0.107917,0.329081,-0.09193,chewing
5329405.0,-0.670898,1.86084,0.119629,0.068747,0.049562,0.052493,0.286133,-1.90332,0.737793,-0.161743,0.327216,-0.040769,chewing
5329415.0,-0.678711,1.852051,0.116211,0.082337,0.061553,0.057822,0.302734,-1.895996,0.722168,-0.259268,0.319488,-0.009859,chewing
5329425.0,-0.654785,1.871582,0.127441,0.12124,-0.002931,0.0437,0.317383,-1.875,0.734375,-0.321087,0.251274,0.034907,chewing
5329435.0,-0.656738,1.878418,0.104004,0.16494,-0.047164,0.049828,0.331055,-1.864746,0.744629,-0.314959,0.179862,0.073277,chewing
5329445.0,-0.645996,1.872559,0.085449,0.250475,-0.17027,0.090864,0.375,-1.840332,0.899414,-0.195317,0.114845,0.090597,chewing
5329455.0,-0.646484,1.874512,0.058594,0.401293,-0.255804,0.139626,0.285156,-1.890137,0.768555,-0.251807,0.099124,0.10019,chewing
5329465.0,-0.675781,1.877441,0.108398,0.351464,-0.286181,0.100989,0.277832,-1.882324,0.737793,-0.191054,0.036772,0.104453,chewing
5329475.0,-0.652832,1.854492,0.060059,0.390634,-0.313893,0.10472,0.350098,-1.816406,0.875488,-0.021317,0.015455,0.115911,chewing
5329485.0,-0.677734,1.838867,0.101074,0.081538,0.062885,-0.027179,0.216797,-1.971191,0.630371,-0.286447,0.068214,0.142824,chewing
5329495.0,-0.714844,1.834473,0.10791,-0.047963,0.20038,-0.097792,0.335938,-1.925781,0.673828,-0.132698,-0.081271,0.280851,chewing
5329505.0,-0.711426,1.835938,0.074707,-0.087933,0.267795,-0.112181,0.320313,-1.876953,0.714355,-0.278986,-0.013057,0.288579,chewing
5329515.0,-0.706055,1.839355,0.105469,-0.096193,0.302168,-0.079939,0.281738,-1.903809,0.715332,-0.313093,-0.027446,0.333877,chewing
5329525.0,-0.711426,1.84082,0.088867,-0.068214,0.303234,-0.063685,0.295898,-1.867188,0.754883,-0.307764,-0.028245,0.340806,chewing
5329535.0,-0.68457,1.851563,0.095703,-0.032242,0.257403,0.020251,0.265625,-1.890625,0.745605,-0.33441,0.044766,0.280851,chewing
5329545.0,-0.653809,1.856934,0.103516,0.021317,0.236619,0.059688,0.262207,-1.894043,0.718262,-0.336809,0.122306,0.19958,chewing
5329555.0,-0.637207,1.863281,0.10498,0.029311,0.222496,0.083403,0.268066,-1.910156,0.718262,-0.300303,0.17027,0.107651,chewing
5329565.0,-0.640137,1.858398,0.115234,0.020784,0.218233,0.057023,0.271484,-1.882324,0.694336,-0.257403,0.178263,0.084469,chewing
5329575.0,-0.626953,1.858398,0.119629,0.02185,0.176665,0.01359,0.280762,-1.881836,0.704102,-0.210772,0.148953,0.084202,chewing
5329585.0,-0.625,1.871582,0.098145,0.004796,0.118576,-0.031176,0.289063,-1.894043,0.713867,-0.214769,0.133498,0.110848,chewing
5329595.0,-0.644531,1.868652,0.105469,0.06102,0.03464,-0.067681,0.289063,-1.897949,0.720215,-0.197715,0.149752,0.084735,chewing
5329605.0,-0.678711,1.848633,0.106445,0.058355,0.033574,-0.059421,0.274902,-1.908203,0.737793,-0.198248,0.155081,0.082603,chewing
5329615.0,-0.679687,1.851563,0.09082,0.003464,0.059155,-0.083403,0.290039,-1.900879,0.723633,-0.185724,0.231289,0.046364,chewing
5329625.0,-0.697266,1.855957,0.108887,0.018652,0.046364,-0.067948,0.297363,-1.89209,0.722168,-0.209706,0.265397,0.03917,chewing
5329635.0,-0.686035,1.859863,0.097168,0.029044,0.052227,-0.024781,0.29541,-1.897461,0.703613,-0.203311,0.269926,0.008793,chewing
5329645.0,-0.692383,1.860352,0.108887,0.033041,0.055691,-0.001332,0.304199,-1.881348,0.700684,-0.175066,0.281384,-0.075675,chewing
5329655.0,-0.698242,1.874512,0.105957,0.043167,0.041835,-0.002665,0.29248,-1.88623,0.695801,-0.11751,0.261933,-0.083403,chewing
5329665.0,-0.692871,1.873535,0.092773,0.053825,0.027446,-0.007727,0.27832,-1.877441,0.706055,-0.077541,0.235553,-0.080205,chewing
5329675.0,-0.686035,1.882813,0.11084,0.081005,0.007994,0.002665,0.259277,-1.889648,0.711914,-0.06475,0.209173,-0.062619,chewing
5329685.0,-0.682617,1.88623,0.10791,0.094328,0.00826,0.020784,0.247559,-1.904297,0.71582,-0.066083,0.171069,-0.069813,chewing
5329695.0,-0.675293,1.871582,0.102051,0.100456,0.006662,0.038104,0.258301,-1.904297,0.706543,-0.042634,0.17853,-0.077274,chewing
5329705.0,-0.678711,1.863281,0.099609,0.109516,0.01279,0.047963,0.260254,-1.906738,0.708496,-0.053292,0.179329,-0.094061,chewing
5329715.0,-0.672852,1.870605,0.109375,0.126303,0.016787,0.036239,0.266602,-1.922852,0.691406,-0.043433,0.164407,-0.110582,chewing
5329725.0,-0.65332,1.876953,0.102051,0.158012,-0.019452,0.009593,0.271484,-1.916992,0.668945,-0.016254,0.120175,-0.117243,chewing
5329735.0,-0.660156,1.867188,0.108398,0.148686,-0.029844,-0.005596,0.27832,-1.910156,0.666016,0.01279,0.070613,-0.10472,chewing
5329745.0,-0.662598,1.867676,0.104004,0.135096,0.001332,0.014655,0.28418,-1.915039,0.656738,0.03011,-0.00373,-0.076741,chewing
5329755.0,-0.678223,1.863281,0.099121,0.09113,0.027979,0.00826,0.260254,-1.905273,0.679199,0.046897,-0.093795,-0.038104,chewing
5329765.0,-0.673828,1.850098,0.115234,0.075942,0.046631,0.002132,0.27002,-1.892578,0.678711,0.05649,-0.129234,-0.019985,chewing
5329775.0,-0.675293,1.853516,0.10498,0.093795,0.033041,0.005596,0.276855,-1.897461,0.707031,0.067149,-0.13936,-0.012257,chewing
5329785.0,-0.657715,1.867188,0.098633,0.093528,0.026113,0.009859,0.268066,-1.897461,0.716797,0.068214,-0.104453,-0.055158,chewing
5329795.0,-0.654297,1.862305,0.112793,0.059421,0.046098,0.030377,0.260254,-1.892578,0.714844,0.037571,-0.051161,-0.084735,chewing
5329805.0,-0.67334,1.852539,0.105957,0.019985,0.058089,0.008527,0.270508,-1.911133,0.694336,0.057822,-0.095926,-0.06928,chewing
5329815.0,-0.686035,1.842773,0.091797,0.063152,-0.005862,0.002931,0.287598,-1.902344,0.716309,0.092196,-0.165207,-0.034107,chewing
5329825.0,-0.675781,1.839844,0.087402,0.092196,-0.030643,0.009593,0.29248,-1.896973,0.702637,0.120708,-0.269127,-0.002132,chewing
5329835.0,-0.683594,1.850586,0.075684,0.232089,-0.16041,0.094328,0.317871,-1.87207,0.71582,0.217167,-0.394364,-0.007727,chewing
5329845.0,-0.670898,1.854492,0.091309,0.346135,-0.240882,0.140692,0.353027,-1.865234,0.708984,0.243014,-0.310429,-0.114046,chewing
5329855.0,-0.67041,1.841797,0.121094,0.292309,-0.16574,0.120708,0.341309,-1.896484,0.696289,0.192652,-0.153482,-0.246478,chewing
5329865.0,-0.667969,1.848633,0.131348,0.13483,-0.064217,0.044233,0.317871,-1.866699,0.69043,0.226227,-0.022116,-0.292576,chewing
5329875.0,-0.657715,1.844238,0.126465,0.096726,-0.024248,0.004263,0.253906,-1.914551,0.703613,0.229957,-0.020518,-0.279786,chewing
5329885.0,-0.658203,1.85791,0.089355,0.02638,0.041568,-0.045565,0.242187,-1.940918,0.706543,0.281651,-0.111115,-0.187856,chewing
5329895.0,-0.658691,1.861816,0.079102,0.085002,-0.041302,-0.03011,0.298828,-1.890137,0.775879,0.320554,-0.147087,-0.153216,chewing
5329905.0,-0.638184,1.889648,0.087402,0.113779,-0.118309,-0.040769,0.26123,-1.883301,0.77002,0.240882,-0.07008,-0.154815,chewing
5329915.0,-0.686035,1.86377,0.106445,-0.08207,0.004263,-0.140159,0.250488,-1.952148,0.669434,0.151617,0.000533,-0.124438,chewing
5329925.0,-0.659668,1.865723,0.114746,-0.172135,0.125237,-0.172934,0.334961,-1.887207,0.727539,0.202245,0.137495,-0.199314,chewing
5329935.0,-0.69043,1.833496,0.123535,-0.216368,0.174266,-0.134564,0.292969,-1.892578,0.716797,0.200113,0.176665,-0.261133,chewing
5329945.0,-0.695312,1.853516,0.108887,-0.098325,0.131366,-0.057822,0.268066,-1.906738,0.685059,0.282717,0.06102,-0.270459,chewing
5329955.0,-0.708008,1.86377,0.09082,0.040236,-0.047697,-0.009326,0.299316,-1.880371,0.700684,0.300836,-0.060221,-0.166806,chewing
5329965.0,-0.6875,1.870117,-0.066406,0.455384,-0.555574,0.181461,0.262207,-1.875488,0.75293,0.329348,-0.214502,-0.056757,chewing
5329975.0,-0.724121,1.90625,0.162598,-0.119375,-0.133764,-0.124971,0.264648,-1.896973,0.719238,0.183593,-0.226493,0.037571,chewing
5329985.0,-0.67041,1.842285,0.125488,-0.452986,0.192652,-0.24328,0.322266,-1.902344,0.706055,0.1311,-0.268594,0.165473,chewing
5329995.0,-0.662598,1.87207,0.132812,-0.431669,0.263531,-0.179596,0.410645,-1.814941,0.818359,0.019452,0.004263,0.040236,chewing
5330005.0,-0.70752,1.816406,0.111816,-0.191853,0.174266,-0.069014,0.26709,-1.912109,0.745117,-0.035173,0.133498,-0.14309,chewing
5330015.0,-0.703613,1.83252,0.129883,-0.063685,0.13936,-0.04823,0.300781,-1.879883,0.757812,0.006395,0.12124,-0.090864,chewing
5330025.0,-0.70166,1.854004,0.11084,-0.018919,0.092729,-0.034907,0.308105,-1.871094,0.767578,-0.020518,0.119642,-0.062086,chewing
5330035.0,-0.717285,1.851563,0.104004,-0.017853,0.079672,-0.030643,0.29248,-1.874023,0.73584,-0.017853,0.05276,0.003997,chewing
5330045.0,-0.706543,1.852539,0.097168,-0.001599,0.036239,-0.009326,0.319336,-1.875977,0.741699,-0.011724,0.055957,0.009859,chewing
5330055.0,-0.680664,1.868652,0.111816,0.03544,0.025047,-0.009859,0.323242,-1.883789,0.742676,-0.00453,0.06555,-0.006662,chewing
5330065.0,-0.672363,1.861328,0.118652,0.053559,0.046364,0.003464,0.327148,-1.872559,0.743164,-0.009326,0.062885,-0.032508,chewing
5330075.0,-0.669434,1.867188,0.126465,0.091397,0.051427,0.016787,0.313965,-1.866699,0.759277,0.007461,0.075942,-0.0429,chewing
5330085.0,-0.66748,1.864746,0.122559,0.12577,0.022116,0.014922,0.296875,-1.861816,0.735352,-0.021317,0.110049,-0.063152,chewing
5330095.0,-0.674805,1.866211,0.121582,0.154548,-0.002398,0.003997,0.287598,-1.878906,0.759277,-0.020784,0.118576,-0.077008,chewing
5330105.0,-0.672852,1.874512,0.095215,0.150285,-0.010126,0.007461,0.294922,-1.886719,0.755859,-0.028245,0.137761,-0.064217,chewing
5330115.0,-0.688477,1.858887,0.11377,0.101789,0.000533,0.000266,0.294922,-1.869629,0.77002,-0.050628,0.190254,-0.063951,chewing
5330125.0,-0.687012,1.841797,0.109375,0.067681,0.026646,0.019985,0.29248,-1.890137,0.749023,-0.103387,0.26593,-0.066616,chewing
5330135.0,-0.684082,1.831055,0.116699,0.080738,0.046897,0.038371,0.313477,-1.878418,0.761719,-0.153216,0.313093,-0.077541,chewing
5330145.0,-0.686035,1.838379,0.118164,0.079672,0.045032,0.044766,0.30957,-1.918457,0.701172,-0.212637,0.232888,-0.014655,chewing
5330155.0,-0.674805,1.842773,0.11084,0.106052,-0.014922,0.022649,0.338379,-1.874512,0.729004,-0.227026,0.145222,0.058622,chewing
5330165.0,-0.630859,1.87207,0.121582,0.188655,-0.157746,0.066882,0.387695,-1.822754,0.795898,-0.255804,0.176931,0.084469,chewing
5330175.0,-0.660156,1.87207,0.04834,0.226227,-0.120441,0.083669,0.321289,-1.848633,0.800781,-0.159078,0.091663,0.040769,chewing
5330185.0,-0.695801,1.865723,0.108398,0.141758,-0.120974,0.028511,0.268066,-1.842773,0.718262,-0.148953,0.077807,0.011191,chewing
5330195.0,-0.711426,1.833984,0.113281,0.077807,-0.059688,-0.060487,0.279785,-1.928711,0.670898,-0.090864,-0.051694,0.150285,chewing
5330205.0,-0.716309,1.842773,0.098145,0.123372,-0.041568,-0.096726,0.293457,-1.91748,0.697266,-0.129501,-0.100989,0.233954,chewing
5330215.0,-0.733887,1.856934,0.086426,0.086867,0.026113,-0.077008,0.283691,-1.921387,0.69873,-0.174533,-0.113247,0.245945,chewing
5330225.0,-0.73877,1.854004,0.082031,-0.011191,0.123106,-0.018652,0.286133,-1.896973,0.746582,-0.188655,-0.10392,0.2606,chewing
5330235.0,-0.716309,1.836914,0.08252,-0.050361,0.186524,0.019452,0.267578,-1.898926,0.727051,-0.337075,0.016521,0.2614,chewing
5330245.0,-0.700195,1.855957,0.087891,0.044233,0.123372,0.077274,0.297852,-1.879395,0.751465,-0.319755,0.066616,0.22596,chewing
5330255.0,-0.675781,1.871094,0.118164,0.011724,0.14309,0.063951,0.268066,-1.89502,0.72168,-0.41808,0.160677,0.19585,chewing
5330265.0,-0.672852,1.872559,0.098145,-0.005862,0.193452,0.022383,0.279297,-1.899902,0.708008,-0.313626,0.134564,0.102322,chewing
5330275.0,-0.661621,1.870605,0.080078,0.041302,0.1303,0.030377,0.281738,-1.885254,0.718262,-0.293908,0.107118,0.088998,chewing
5330285.0,-0.677246,1.857422,0.098633,0.01359,0.114845,-0.012524,0.291992,-1.904785,0.702637,-0.237152,0.052227,0.136162,chewing
5330295.0,-0.677246,1.858887,0.120117,-0.030377,0.121507,-0.0437,0.312012,-1.875,0.725586,-0.183593,0.005862,0.150818,chewing
5330305.0,-0.679687,1.851563,0.097168,-0.014655,0.116178,-0.087666,0.301758,-1.878418,0.730957,-0.151084,-0.016787,0.166539,chewing
5330315.0,-0.689941,1.852051,0.11377,-0.005862,0.096726,-0.071412,0.277344,-1.892578,0.731934,-0.164141,0.008527,0.151617,chewing
5330325.0,-0.693848,1.841309,0.097656,0.00373,0.094594,-0.034907,0.29834,-1.899414,0.752441,-0.153749,0.022116,0.124704,chewing
5330335.0,-0.683105,1.847656,0.109375,0.057023,0.061819,-0.016521,0.299805,-1.880859,0.73877,-0.143357,0.086334,0.079939,chewing
5330345.0,-0.702637,1.849609,0.115234,0.054092,0.079939,-0.022649,0.286621,-1.877441,0.730957,-0.136962,0.173734,0.04823,chewing
5330355.0,-0.689453,1.841797,0.10498,0.074609,0.087933,0.009326,0.288574,-1.880371,0.727051,-0.146288,0.233688,-0.018119,chewing
5330365.0,-0.687012,1.838867,0.092773,0.076741,0.079406,0.005329,0.288086,-1.884766,0.720215,-0.137228,0.277654,-0.062352,chewing
5330375.0,-0.675781,1.852539,0.106445,0.069813,0.073544,0.002665,0.272461,-1.877441,0.71582,-0.13936,0.322686,-0.044766,chewing
5330385.0,-0.682617,1.84082,0.115234,0.069547,0.039969,0.004796,0.272461,-1.882324,0.703613,-0.115645,0.300303,-0.080472,chewing
5330395.0,-0.672363,1.858398,0.121582,0.054358,0.023982,-0.006928,0.273438,-1.896484,0.706055,-0.096726,0.275256,-0.038371,chewing
5330405.0,-0.686035,1.848145,0.109375,0.050095,-0.007194,-0.000533,0.283691,-1.89502,0.725098,-0.099124,0.224894,-0.019718,chewing
5330415.0,-0.67334,1.868164,0.111816,0.014123,-0.03544,0.010925,0.29248,-1.904785,0.700684,-0.098325,0.210239,-0.02638,chewing
5330425.0,-0.694824,1.856445,0.091797,-0.000266,-0.040502,-0.011458,0.271484,-1.907227,0.70459,-0.085801,0.170802,-0.010925,chewing
5330435.0,-0.686035,1.865234,0.094238,0.008793,-0.036505,0.000799,0.277344,-1.897461,0.695801,-0.083403,0.143623,0.029311,chewing
5330445.0,-0.709961,1.845215,0.11084,0.013323,-0.047697,0.001332,0.284668,-1.902344,0.691406,-0.066349,0.094861,0.07834,chewing
5330455.0,-0.690918,1.864258,0.088379,0.012257,-0.007194,0.036239,0.30957,-1.898438,0.698242,-0.041302,0.086867,0.034374,chewing
5330465.0,-0.696777,1.866211,0.109863,-0.00906,-0.016787,0.066349,0.255371,-1.911621,0.69043,-0.03544,0.049562,0.01359,chewing
5330475.0,-0.671875,1.873047,0.104004,-0.006395,-0.00826,0.110582,0.240723,-1.916016,0.68457,-0.001066,0.033308,0.016254,chewing
5330485.0,-0.665527,1.884277,0.118164,-0.015721,0.020518,0.115378,0.243164,-1.931152,0.666504,0.010658,-0.027712,0.002398,chewing
5330495.0,-0.680664,1.883301,0.117188,-0.052493,0.033841,0.088199,0.233398,-1.93457,0.660645,0.023982,-0.135896,0.071412,chewing
5330505.0,-0.672363,1.874512,0.096191,-0.074609,0.025847,0.027179,0.258301,-1.915527,0.675781,0.035706,-0.253939,0.091663,chewing
5330515.0,-0.666992,1.876465,0.084473,-0.062885,-0.018652,-0.017587,0.265137,-1.893555,0.710937,0.036239,-0.300037,0.058089,chewing
5330525.0,-0.681641,1.887207,0.103027,-0.079672,-0.04743,0.014389,0.300781,-1.859863,0.742187,0.054358,-0.33521,0.031176,chewing
5330535.0,-0.692871,1.864746,0.10498,-0.061819,-0.05649,0.041568,0.319336,-1.848145,0.741211,0.053825,-0.331746,0.019718,chewing
5330545.0,-0.683105,1.847168,0.111816,0.051427,-0.075142,0.07834,0.309082,-1.858887,0.747559,0.155348,-0.367452,-0.018919,chewing
5330555.0,-0.693359,1.855469,0.096191,0.146021,-0.0874,0.113247,0.307129,-1.87793,0.734375,0.276588,-0.43913,-0.115645,chewing
5330565.0,-0.702148,1.853027,0.116699,0.220897,-0.127636,0.166006,0.331543,-1.880371,0.719238,0.341605,-0.371982,-0.210772,chewing
5330575.0,-0.674316,1.866211,0.120605,0.262199,-0.114046,0.185458,0.323242,-1.88623,0.727051,0.348533,-0.248609,-0.259268,chewing
5330585.0,-0.672852,1.861328,0.115234,0.288579,-0.143357,0.156147,0.317871,-1.867676,0.738281,0.370116,-0.161743,-0.324551,chewing
5330595.0,-0.662109,1.860352,0.121582,0.241948,-0.123106,0.101789,0.268066,-1.910156,0.72168,0.315758,-0.126836,-0.262199,chewing
5330605.0,-0.658691,1.859375,0.140625,0.21317,-0.120441,0.081804,0.258789,-1.924316,0.703125,0.310429,-0.118576,-0.219032,chewing
5330615.0,-0.654297,1.833008,0.12207,0.236086,-0.098591,0.100989,0.268555,-1.910156,0.700684,0.290178,-0.12577,-0.211305,chewing
5330625.0,-0.661133,1.86084,0.094238,0.236885,-0.072478,0.119109,0.281738,-1.89502,0.745605,0.301636,-0.109783,-0.226227,chewing
5330635.0,-0.703613,1.876465,0.116211,0.17027,-0.05649,0.088199,0.283691,-1.871582,0.71875,0.232355,-0.019452,-0.228358,chewing
5330645.0,-0.632324,1.874023,0.089844,0.100456,-0.084202,0.049562,0.293945,-1.884766,0.730957,0.202511,0.071945,-0.241415,chewing
5330655.0,-0.755371,1.818848,0.104004,0.178263,-0.093262,0.067149,0.291016,-1.871582,0.745605,0.167605,0.118043,-0.23875,chewing
5330665.0,-0.661133,1.868652,0.101074,0.185991,-0.179329,0.04743,0.280762,-1.884277,0.743652,0.144156,0.136429,-0.231023,chewing
5330675.0,-0.709961,1.839844,0.085449,0.176132,-0.19585,0.036772,0.287598,-1.885742,0.735352,0.108717,0.111381,-0.163341,chewing
5330685.0,-0.70459,1.855469,0.068359,0.16574,-0.195051,0.014655,0.291504,-1.890137,0.733887,0.105519,0.047963,-0.08287,chewing
5330695.0,-0.685059,1.866211,0.11377,0.039703,-0.092462,-0.004796,0.316895,-1.875,0.737305,0.059421,0.038371,-0.048496,chewing
5330705.0,-0.710937,1.855957,0.102051,-0.067415,0.007727,-0.024781,0.328613,-1.869141,0.76416,0.065017,0.022649,-0.060221,chewing
5330715.0,-0.678711,1.862305,0.102051,-0.14762,0.123106,-0.027712,0.305176,-1.866211,0.762695,0.094328,-0.005862,-0.064484,chewing
5330725.0,-0.698242,1.852539,0.103027,-0.218766,0.175332,-0.034907,0.296387,-1.910156,0.703613,0.097792,-0.083936,-0.016521,chewing
5330735.0,-0.691406,1.859863,0.106934,-0.311495,0.252873,-0.067149,0.297363,-1.928223,0.666992,0.124438,-0.242214,0.031709,chewing
5330745.0,-0.692383,1.831055,0.09375,-0.311495,0.243547,-0.073544,0.328613,-1.928711,0.69043,0.186257,-0.387703,0.038104,chewing
5330755.0,-0.682617,1.827637,0.13916,-0.372515,0.319755,-0.083936,0.365723,-1.844238,0.758301,0.098325,-0.218499,0.013323,chewing
5330765.0,-0.67627,1.837891,0.132812,-0.212637,0.196383,-0.050095,0.312988,-1.827637,0.807617,0.062352,-0.088199,-0.0437,chewing
5330775.0,-0.67627,1.848633,0.122559,-0.079139,0.140692,-0.025314,0.269531,-1.879395,0.768066,0.026913,-0.073277,0.016254,chewing
5330785.0,-0.659668,1.856445,0.126953,-0.043433,0.109516,-0.007194,0.283203,-1.885254,0.765137,0.010126,-0.009326,0.015721,chewing
5330795.0,-0.659668,1.858887,0.141113,-0.025847,0.077541,-0.003198,0.270996,-1.902344,0.756348,-0.000799,0.03544,-0.01359,chewing
5330805.0,-0.652832,1.861816,0.136719,0.00826,0.062619,-0.02185,0.303223,-1.882324,0.753418,0.01359,0.075675,-0.039969,chewing
5330815.0,-0.663574,1.865234,0.135254,0.040502,0.000799,-0.039436,0.310059,-1.87793,0.745605,0.002665,0.070613,-0.050095,chewing
5330825.0,-0.664551,1.873047,0.130371,0.029044,-0.006395,-0.049029,0.334473,-1.859375,0.744141,-0.001865,0.055957,-0.0437,chewing
5330835.0,-0.687012,1.863281,0.132812,0.055158,0.002132,-0.041568,0.338379,-1.85791,0.755859,-0.008793,0.0429,-0.044499,chewing
5330845.0,-0.691895,1.853516,0.117188,0.071145,0.02638,-0.017054,0.339844,-1.861328,0.75,-0.033841,0.047963,-0.061286,chewing
5330855.0,-0.691406,1.859863,0.119141,0.081271,0.039969,0.01359,0.315918,-1.87207,0.761719,-0.025047,0.045299,-0.03544,chewing
5330865.0,-0.687988,1.871582,0.123535,0.079672,0.063152,0.041835,0.305664,-1.875488,0.760742,-0.022383,0.036505,-0.031176,chewing
5330875.0,-0.674316,1.856445,0.124023,0.059688,0.062619,0.066083,0.306152,-1.879883,0.751953,-0.015455,0.045832,-0.041568,chewing
5330885.0,-0.661621,1.853027,0.129883,0.067415,0.0429,0.046897,0.316406,-1.882813,0.755859,-0.015988,0.095394,-0.074876,chewing
5330895.0,-0.67041,1.847168,0.126465,0.063152,0.020784,0.032508,0.336426,-1.848633,0.775879,-0.036772,0.176132,-0.083403,chewing
5330905.0,-0.654785,1.848633,0.125488,0.075142,0.007461,0.017853,0.299805,-1.886719,0.703125,-0.11298,0.214769,-0.101256,chewing
5330915.0,-0.671387,1.862305,0.131836,0.059954,0.020251,0.02558,0.318359,-1.887207,0.711914,-0.152949,0.206508,-0.033308,chewing
5330925.0,-0.668945,1.86084,0.116211,0.048496,0.018652,0.049828,0.330566,-1.869141,0.74707,-0.164674,0.139626,0.034907,chewing
5330935.0,-0.682617,1.872559,0.123535,0.083403,-0.015721,0.066083,0.362793,-1.854004,0.842773,-0.14389,0.136695,0.034907,chewing
5330945.0,-0.65918,1.885254,0.114258,0.182793,-0.112714,0.071678,0.293457,-1.895508,0.791992,-0.191587,0.190521,-0.048763,chewing
5330955.0,-0.675781,1.873535,0.064453,0.2606,-0.223828,0.097792,0.26709,-1.890625,0.75293,-0.055158,0.142557,-0.12657,chewing
5330965.0,-0.687012,1.867676,0.099609,0.171602,-0.197182,0.00906,0.279297,-1.937012,0.695312,-0.019452,0.03091,-0.065017,chewing
5330975.0,-0.682617,1.868164,0.116699,0.132965,-0.16494,-0.069014,0.351074,-1.888672,0.723145,0.044233,-0.053559,0.047164,chewing
5330985.0,-0.681641,1.870605,0.117676,0.068481,-0.049562,-0.099391,0.342285,-1.879883,0.725098,0.010126,-0.059155,0.060487,chewing
5330995.0,-0.69873,1.858887,0.12207,0.026646,0.016787,-0.060753,0.330078,-1.880859,0.708496,-0.034907,-0.039969,0.087666,chewing
5331005.0,-0.697266,1.845215,0.11084,0.058888,0.067149,-0.010126,0.337891,-1.879395,0.708984,-0.116977,0.000799,0.090864,chewing
5331015.0,-0.69043,1.856934,0.120117,0.062352,0.126836,0.033308,0.3125,-1.868652,0.735352,-0.157479,0.060753,0.042368,chewing
5331025.0,-0.694336,1.845215,0.115723,0.046364,0.145755,0.053559,0.293945,-1.875977,0.731934,-0.215035,0.089265,0.069813,chewing
5331035.0,-0.678223,1.847656,0.106445,0.050095,0.129234,0.053292,0.287109,-1.873047,0.740234,-0.236352,0.085002,0.116444,chewing
5331045.0,-0.674316,1.846191,0.112793,0.035173,0.100723,0.015455,0.285156,-1.885254,0.722656,-0.267528,0.052227,0.143623,chewing
5331055.0,-0.676758,1.850098,0.117188,-0.018919,0.103387,-0.029044,0.297363,-1.904297,0.713867,-0.270459,0.012257,0.217167,chewing
5331065.0,-0.671387,1.85498,0.111816,-0.057289,0.109783,-0.054891,0.325195,-1.884766,0.742187,-0.25687,0.027712,0.16574,chewing
5331075.0,-0.680664,1.84375,0.104492,-0.120708,0.140159,-0.062619,0.316895,-1.900879,0.728027,-0.269926,0.015188,0.168138,chewing
5331085.0,-0.668945,1.86084,0.102539,-0.155614,0.152417,-0.045565,0.338867,-1.858398,0.755859,-0.23502,0.021317,0.140959,chewing
5331095.0,-0.700684,1.849609,0.12207,-0.18759,0.178796,-0.043966,0.296387,-1.88916,0.719238,-0.282184,0.076741,0.140426,chewing
5331105.0,-0.702637,1.85498,0.118652,-0.184925,0.190521,-0.045565,0.282715,-1.885254,0.71582,-0.23955,0.038104,0.162009,chewing
5331115.0,-0.692871,1.863281,0.103027,-0.092462,0.146288,-0.034907,0.290527,-1.883301,0.729492,-0.242747,0.02638,0.166539,chewing
5331125.0,-0.691406,1.881836,0.105469,-0.0429,0.094328,-0.03464,0.29248,-1.899902,0.726074,-0.251008,0.06475,0.130833,chewing
5331135.0,-0.686035,1.86084,0.115234,-0.00453,0.079672,-0.012524,0.288574,-1.90625,0.703125,-0.230757,0.098058,0.084202,chewing
5331145.0,-0.686035,1.865234,0.124023,0.044499,0.070879,-0.004796,0.279297,-1.903809,0.749512,-0.192652,0.107651,0.039436,chewing
5331155.0,-0.686035,1.854004,0.129883,0.095394,0.029311,0.02558,0.278809,-1.891113,0.739746,-0.193718,0.125504,0.036239,chewing
5331165.0,-0.69043,1.858887,0.132324,0.141225,0.046631,0.045565,0.277832,-1.885742,0.730957,-0.177198,0.148153,0.014655,chewing
5331175.0,-0.681152,1.859863,0.122559,0.184392,0.062352,0.054092,0.299805,-1.866211,0.764648,-0.152683,0.153482,0.005862,chewing
5331185.0,-0.688477,1.87793,0.119629,0.140426,0.055957,0.048496,0.291016,-1.868164,0.737305,-0.164407,0.189721,-0.041035,chewing
5331195.0,-0.680176,1.850098,0.111816,0.133498,0.03091,0.021583,0.300781,-1.889648,0.72168,-0.107384,0.205709,-0.108717,chewing
5331205.0,-0.677734,1.849121,0.121094,0.154548,-0.006928,0.024781,0.304688,-1.884277,0.735352,-0.097525,0.215568,-0.14389,chewing
5331215.0,-0.672363,1.848633,0.124512,0.125504,0.002665,0.021051,0.303711,-1.882813,0.712402,-0.097259,0.20864,-0.15668,chewing
5331225.0,-0.676758,1.850098,0.128418,0.061553,0.034374,0.039969,0.317871,-1.890625,0.717285,-0.087933,0.179329,-0.134564,chewing
5331235.0,-0.667969,1.849121,0.107422,0.014655,0.04823,0.051161,0.313477,-1.900879,0.705566,-0.079139,0.116444,-0.084202,chewing
5331245.0,-0.652832,1.852539,0.111328,0.031975,0.078074,0.090597,0.310547,-1.902344,0.699219,-0.042101,0.023982,-0.052227,chewing
5331255.0,-0.665527,1.860352,0.111816,0.064484,0.064484,0.083136,0.277832,-1.910645,0.687988,0.06555,-0.223029,-0.001066,chewing
5331265.0,-0.651855,1.86084,0.099609,0.124172,-0.021583,0.095394,0.338867,-1.87207,0.71875,0.170536,-0.415415,0.022916,chewing
5331275.0,-0.646484,1.827637,0.122559,0.282184,-0.119642,0.102588,0.36377,-1.87207,0.717285,0.217966,-0.37438,-0.032775,chewing
5331285.0,-0.668945,1.835938,0.125488,0.410352,-0.206775,0.100989,0.36377,-1.859375,0.712891,0.29524,-0.207308,-0.207041,chewing
5331295.0,-0.650391,1.85498,0.124512,0.359458,-0.184126,0.090064,0.352051,-1.859863,0.71875,0.295507,-0.050361,-0.221963,chewing
5331305.0,-0.637695,1.853516,0.146484,0.208374,-0.077541,0.093795,0.321289,-1.90332,0.711426,0.294708,0.013856,-0.20411,chewing
5331315.0,-0.658203,1.851074,0.157715,0.111914,0.010392,0.098591,0.29248,-1.913574,0.695312,0.329881,0.023449,-0.228358,chewing
5331325.0,-0.661133,1.849609,0.154297,0.015188,0.029577,0.083403,0.283203,-1.897949,0.702148,0.348,0.023715,-0.220631,chewing
5331335.0,-0.668457,1.851563,0.110352,0.092995,-0.055957,0.087933,0.280273,-1.884766,0.749023,0.401825,-0.015455,-0.179329,chewing
5331345.0,-0.689941,1.880371,0.098633,0.025314,-0.062352,-0.045299,0.276367,-1.868164,0.729004,0.320554,0.023449,-0.198781,chewing
5331355.0,-0.675781,1.88623,0.086914,-0.176665,0.007194,-0.097525,0.287598,-1.871094,0.741699,0.185724,0.091663,-0.130567,chewing
5331365.0,-0.686035,1.868652,0.10791,-0.301902,0.099923,-0.109516,0.312012,-1.892578,0.731445,0.106319,0.181727,-0.166006,chewing
5331375.0,-0.694824,1.869629,0.118164,-0.301636,0.108983,-0.088998,0.291504,-1.915039,0.679687,0.09193,0.175332,-0.229957,chewing
5331385.0,-0.696289,1.874023,0.084961,-0.2169,0.037038,-0.035972,0.338867,-1.890137,0.703613,0.157746,0.097525,-0.190521,chewing
5331395.0,-0.693848,1.883789,0.07666,-0.060487,-0.125504,-0.016254,0.34375,-1.881348,0.720215,0.115112,0.052493,-0.123106,chewing
5331405.0,-0.704102,1.886719,0.100098,0.045565,-0.287513,0.003198,0.322754,-1.879883,0.71582,0.062352,0.0866,-0.033841,chewing
5331415.0,-0.717285,1.884277,0.125488,0.047164,-0.216101,-0.009859,0.307129,-1.896973,0.70459,0.031709,0.034107,0.017853,chewing
5331425.0,-0.71582,1.884766,0.140137,-0.060487,0.012524,-0.03917,0.307617,-1.87207,0.760742,0.025847,0.005329,0.049562,chewing
5331435.0,-0.724609,1.868652,0.12793,-0.096726,0.116178,0.020518,0.297852,-1.876465,0.781738,0.050095,-0.007994,-0.011458,chewing
5331445.0,-0.692383,1.862793,0.145508,0.011458,0.112714,0.137495,0.371582,-1.772949,0.92041,0.043167,0.109783,-0.058355,chewing
5331455.0,-0.629883,1.910645,0.166016,-0.078074,0.237152,0.154815,0.450195,-1.882324,0.801758,-0.067681,0.088998,-0.066882,chewing
5331465.0,-0.725586,1.853027,0.132812,-0.036505,0.128701,0.096726,0.337891,-1.886719,0.731934,0.046364,0.13936,-0.162809,chewing
5331475.0,-0.67041,1.84375,0.112305,0.041835,0.001066,-0.001599,0.282715,-1.859375,0.769531,0.074077,0.081271,-0.142291,chewing
5331485.0,-0.661133,1.881836,0.111328,0.033041,0.000266,-0.062086,0.31543,-1.875977,0.74707,0.045565,0.025314,0.026646,chewing
5331495.0,-0.683105,1.865234,0.118164,0.01279,0.009593,-0.059421,0.320313,-1.898438,0.738281,0.04823,-0.027446,0.117243,chewing
5331505.0,-0.682617,1.854004,0.140137,0.043167,0.007194,-0.023182,0.32373,-1.890137,0.767578,0.01279,-0.001332,0.051694,chewing
5331515.0,-0.687988,1.844238,0.141113,0.080472,0.045299,0.035173,0.307617,-1.883301,0.75293,-0.047697,0.048763,-0.012257,chewing
5331525.0,-0.686523,1.84082,0.11377,0.098325,0.069014,0.053026,0.305176,-1.874512,0.744141,-0.076741,0.100456,-0.050628,chewing
5331535.0,-0.688965,1.839355,0.129883,0.123905,0.045832,0.061819,0.327148,-1.853027,0.750488,-0.071145,0.107384,-0.048496,chewing
5331545.0,-0.693848,1.841797,0.135742,0.102588,0.0429,0.053292,0.33252,-1.855469,0.75293,-0.050628,0.097259,-0.038637,chewing
5331555.0,-0.689453,1.850586,0.119629,0.115112,0.029844,0.044233,0.318359,-1.867188,0.749023,-0.027979,0.086067,-0.059155,chewing
5331565.0,-0.675781,1.845215,0.120605,0.123639,0.00453,0.021051,0.312988,-1.87207,0.757812,-0.015721,0.079939,-0.051427,chewing
5331575.0,-0.686035,1.86084,0.100586,0.102588,-0.010925,0.012524,0.319336,-1.887695,0.746582,-0.014655,0.078606,-0.066083,chewing
5331585.0,-0.6875,1.853027,0.117676,0.091663,-0.002665,0.011724,0.319824,-1.898926,0.743164,-0.028245,0.089265,-0.073544,chewing
5331595.0,-0.686035,1.84668,0.104492,0.083136,0.002398,0.005063,0.331055,-1.876953,0.772461,-0.033308,0.091397,-0.092995,chewing
5331605.0,-0.671387,1.857422,0.121582,0.051161,0.008793,0.010392,0.330078,-1.880859,0.749512,-0.028511,0.11298,-0.087133,chewing
5331615.0,-0.677734,1.853516,0.123535,0.085002,-0.003198,-0.020251,0.325684,-1.868652,0.751465,-0.039436,0.094328,-0.085268,chewing
5331625.0,-0.663086,1.874512,0.135742,0.070879,-0.019452,-0.037838,0.32959,-1.860352,0.769531,-0.018652,0.114579,-0.083936,chewing
5331635.0,-0.658691,1.861328,0.115234,0.111115,-0.064484,0.002931,0.333496,-1.832031,0.820801,-0.067948,0.252873,-0.123639,chewing
5331645.0,-0.654297,1.86377,0.111816,0.145489,-0.075675,0.050894,0.295898,-1.879883,0.780273,-0.124172,0.324018,-0.119375,chewing
5331655.0,-0.647461,1.869629,0.094727,0.174533,-0.094594,0.092196,0.296387,-1.884277,0.748047,-0.153749,0.312294,-0.078606,chewing
5331665.0,-0.678223,1.874512,0.111328,0.181461,-0.139893,0.098058,0.312988,-1.890137,0.727051,-0.139893,0.220897,-0.037838,chewing
5331675.0,-0.688477,1.866699,0.124512,0.123106,-0.123372,0.065017,0.325195,-1.890625,0.703613,-0.170536,0.166806,-0.013057,chewing
5331685.0,-0.688477,1.847656,0.101074,0.048763,0.011991,-0.020518,0.342773,-1.883301,0.711426,-0.135096,0.060221,0.050894,chewing
5331695.0,-0.692871,1.864746,0.118652,0.088998,0.005596,-0.033308,0.34668,-1.865234,0.739746,-0.14842,0.035173,0.095926,chewing
5331705.0,-0.67627,1.853027,0.136719,0.127369,0.029311,0.029844,0.32373,-1.893555,0.724609,-0.173467,0.057023,0.09566,chewing
5331715.0,-0.673828,1.866211,0.129395,0.125237,0.086867,0.033308,0.333984,-1.876465,0.732422,-0.155614,0.030643,0.089265,chewing
5331725.0,-0.662109,1.873535,0.105957,0.064484,0.137761,0.053559,0.331543,-1.884766,0.742187,-0.192919,0.044766,0.107917,chewing
5331735.0,-0.645996,1.874023,0.09668,0.001599,0.182527,0.052227,0.327148,-1.871582,0.743652,-0.213969,0.037038,0.120974,chewing
5331745.0,-0.645996,1.862305,0.123535,0.003198,0.174799,0.037305,0.324219,-1.873047,0.729004,-0.224361,0.054625,0.140692,chewing
5331755.0,-0.644043,1.855957,0.118164,0.032775,0.131899,-0.025314,0.307617,-1.900391,0.713379,-0.241681,0.025314,0.171868,chewing
5331765.0,-0.661621,1.863281,0.135742,-0.019985,0.13856,-0.095926,0.314453,-1.902832,0.708496,-0.246211,0.028245,0.174799,chewing
5331775.0,-0.659668,1.884766,0.11377,-0.051427,0.160943,-0.120175,0.303711,-1.902344,0.721191,-0.249942,0.018919,0.201712,chewing
5331785.0,-0.663574,1.854492,0.103027,-0.101256,0.179063,-0.120175,0.298828,-1.899414,0.730469,-0.303767,0.06928,0.22596,chewing
5331795.0,-0.692383,1.856445,0.101563,-0.098858,0.189188,-0.114312,0.282715,-1.898438,0.717773,-0.334943,0.104453,0.175599,chewing
5331805.0,-0.712891,1.84375,0.128906,-0.105786,0.141758,-0.091663,0.276855,-1.890625,0.722656,-0.326683,0.111381,0.206508,chewing
5331815.0,-0.711426,1.845703,0.11084,-0.049562,0.147087,-0.08287,0.288574,-1.890625,0.731445,-0.308564,0.112447,0.239283,chewing
5331825.0,-0.690918,1.862305,0.089355,-0.008793,0.13856,-0.055424,0.291504,-1.865723,0.761719,-0.245678,0.137495,0.192919,chewing
5331835.0,-0.69873,1.852539,0.081055,0.035972,0.102322,-0.014655,0.292969,-1.849609,0.765625,-0.264331,0.200113,0.146821,chewing
5331845.0,-0.692871,1.870117,0.095215,0.032508,0.063152,0.017054,0.309082,-1.861328,0.777344,-0.278986,0.251541,0.077807,chewing
5331855.0,-0.675293,1.880859,0.097168,0.082603,-0.004796,0.031975,0.319824,-1.848145,0.76123,-0.260867,0.30057,-0.003464,chewing
5331865.0,-0.686035,1.867188,0.102539,0.105253,-0.012257,0.025314,0.307617,-1.883789,0.76416,-0.254205,0.308564,-0.007727,chewing
5331875.0,-0.681641,1.877441,0.126465,0.103121,-0.000533,0.0437,0.302246,-1.888672,0.728027,-0.230757,0.306965,-0.037038,chewing
5331885.0,-0.693848,1.862305,0.10791,0.120974,0.005329,0.06555,0.31543,-1.915527,0.711426,-0.176132,0.28325,-0.06102,chewing
5331895.0,-0.67627,1.873047,0.113281,0.106851,0.024515,0.081804,0.320801,-1.896973,0.711914,-0.123372,0.227825,-0.067415,chewing
5331905.0,-0.690918,1.861328,0.111328,0.095394,0.040502,0.09113,0.308594,-1.901367,0.707031,-0.093795,0.186524,-0.063685,chewing
5331915.0,-0.699219,1.84082,0.090332,0.077807,0.026646,0.080738,0.297852,-1.898438,0.712891,-0.071412,0.140959,-0.038371,chewing
5331925.0,-0.6875,1.845215,0.111328,0.07381,0.026113,0.053026,0.282227,-1.901367,0.698242,-0.049296,0.092995,-0.063418,chewing
5331935.0,-0.693359,1.820801,0.098145,0.079139,0.00453,0.040236,0.254883,-1.911133,0.692383,0.033574,-0.023982,-0.047697,chewing
5331945.0,-0.683594,1.864258,0.078613,0.034907,0.025847,0.014389,0.258789,-1.887207,0.70752,0.088466,-0.214502,0.001865,chewing
5331955.0,-0.679687,1.864746,0.118652,-0.01732,0.026646,0.016787,0.29248,-1.870117,0.721191,0.089531,-0.277654,0.067415,chewing
5331965.0,-0.679199,1.82959,0.121582,0.018119,-0.000533,0.052227,0.311035,-1.895508,0.705078,0.107917,-0.266196,0.031975,chewing
5331975.0,-0.655273,1.838379,0.124023,0.080205,-0.002398,0.074609,0.324707,-1.902344,0.697266,0.121773,-0.205176,-0.035706,chewing
5331985.0,-0.664551,1.837402,0.154297,0.099391,-0.001599,0.067415,0.27832,-1.917969,0.683105,0.136429,-0.118576,-0.070346,chewing
5331995.0,-0.660156,1.819336,0.14209,0.098058,-0.036505,0.062086,0.285645,-1.900391,0.699219,0.179329,-0.090864,-0.096459,chewing
5332005.0,-0.631836,1.845703,0.112793,0.138827,-0.066616,0.033308,0.287109,-1.884277,0.736328,0.195051,-0.115911,-0.12204,chewing
5332015.0,-0.655762,1.871582,0.104004,0.119109,-0.119375,0.037305,0.291992,-1.86084,0.754883,0.15668,-0.109516,-0.122573,chewing
5332025.0,-0.652344,1.876953,0.106934,0.10925,-0.149219,0.026646,0.301758,-1.874023,0.742676,0.109783,-0.054092,-0.145489,chewing
5332035.0,-0.638672,1.868164,0.114746,0.126037,-0.144956,0.046897,0.324219,-1.875488,0.744141,0.103121,0.011991,-0.150818,chewing
5332045.0,-0.652832,1.868652,0.131348,0.142025,-0.131632,0.050095,0.327148,-1.87793,0.731445,0.085801,0.058089,-0.177997,chewing
5332055.0,-0.660156,1.87207,0.13916,0.108717,-0.081005,0.043433,0.319336,-1.888672,0.695312,0.114579,0.058355,-0.18759,chewing
5332065.0,-0.673828,1.865723,0.118164,0.114046,-0.064217,-0.001865,0.312988,-1.92334,0.663086,0.10392,0.033308,-0.142824,chewing
5332075.0,-0.671875,1.887695,0.091797,0.13483,-0.072211,-0.014123,0.317383,-1.885742,0.703613,0.140692,-0.006395,-0.072478,chewing
5332085.0,-0.686035,1.892578,0.120605,0.111914,-0.069547,0.017853,0.306641,-1.884766,0.725586,0.105519,-0.014922,-0.063951,chewing
5332095.0,-0.689941,1.884766,0.103516,0.120441,-0.093262,0.037838,0.308594,-1.881836,0.746582,0.118309,-0.014922,-0.03917,chewing
5332105.0,-0.69043,1.876465,0.089355,0.123639,-0.083403,0.073011,0.304688,-1.87793,0.733887,0.083669,0.016521,-0.007194,chewing
5332115.0,-0.683594,1.882324,0.101074,0.159877,-0.096459,0.085002,0.30127,-1.895508,0.708496,0.084202,0.03464,-0.10392,chewing
5332125.0,-0.681641,1.859863,0.116211,0.153749,-0.096193,0.087933,0.312988,-1.894531,0.719727,0.110582,0.032242,-0.126037,chewing
5332135.0,-0.67627,1.862793,0.115234,0.170802,-0.085534,0.08207,0.324707,-1.871582,0.707031,0.136429,0.04743,-0.152949,chewing
5332145.0,-0.681641,1.882813,0.125977,0.171335,-0.063418,0.050628,0.308594,-1.892578,0.688965,0.118043,0.038904,-0.128701,chewing
5332155.0,-0.667969,1.881836,0.118164,0.094328,-0.005329,0.01359,0.316406,-1.887207,0.734375,0.10472,0.0,-0.038637,chewing
5332165.0,-0.675293,1.873047,0.116699,0.006662,0.079406,-0.01732,0.314453,-1.878418,0.762695,0.105519,0.045299,-0.03464,chewing
5332175.0,-0.665039,1.866699,0.101563,-0.057822,0.159611,-0.064217,0.300781,-1.897949,0.776367,0.121507,0.043433,-0.052493,chewing
5332185.0,-0.668945,1.841797,0.117676,-0.251274,0.330413,-0.132165,0.307129,-1.883789,0.757812,0.091663,0.072211,-0.074609,chewing
5332195.0,-0.686035,1.845215,0.10791,-0.20944,0.267795,-0.135629,0.281738,-1.898926,0.717285,0.128701,0.035706,-0.122306,chewing
5332205.0,-0.668945,1.846191,0.102051,-0.193718,0.21317,-0.092462,0.294922,-1.948242,0.638672,0.171602,-0.107651,-0.062619,chewing
5332215.0,-0.672852,1.848633,0.116211,-0.145755,0.208374,-0.058089,0.319336,-1.935059,0.646973,0.250741,-0.354662,0.012524,chewing
5332225.0,-0.70459,1.822754,0.166504,-0.114312,0.158012,-0.051161,0.352051,-1.825684,0.817383,0.187057,-0.276588,-0.093262,chewing
5332235.0,-0.677734,1.855957,0.128418,-0.058622,0.103387,-0.047697,0.306152,-1.841797,0.786133,0.076208,-0.079672,-0.022383,chewing
5332245.0,-0.696289,1.837402,0.115234,0.006395,0.022383,-0.079939,0.259766,-1.846191,0.803223,0.014655,0.059954,0.007194,chewing
5332255.0,-0.678223,1.852051,0.113281,0.007194,-0.002132,-0.083936,0.255859,-1.885742,0.781738,-0.020518,0.090064,0.015988,chewing
5332265.0,-0.678711,1.851074,0.123535,0.007994,-0.011991,-0.090331,0.272461,-1.877441,0.768066,-0.046897,0.113247,-0.017587,chewing
5332275.0,-0.679687,1.86377,0.118652,-0.01279,0.01359,-0.049296,0.321777,-1.867188,0.740234,-0.044233,0.122573,-0.046364,chewing
5332285.0,-0.685547,1.858398,0.11377,-0.01732,0.034907,-0.015721,0.350586,-1.861328,0.734863,-0.042634,0.115112,-0.067149,chewing
5332295.0,-0.687988,1.862305,0.114746,-0.005596,0.060487,0.003997,0.364258,-1.855957,0.71875,-0.02558,0.082337,-0.075675,chewing
5332305.0,-0.694824,1.862305,0.116699,0.012257,0.062086,-0.000533,0.360352,-1.863281,0.743164,-0.018119,0.050095,-0.045565,chewing
5332315.0,-0.699219,1.869629,0.116699,0.011724,0.052227,-0.000266,0.315918,-1.860352,0.750977,-0.018119,0.051694,-0.04823,chewing
5332325.0,-0.682617,1.86377,0.10791,0.041568,0.08287,0.009593,0.306152,-1.88916,0.747559,-0.042101,0.057023,-0.015721,chewing
5332335.0,-0.685059,1.864746,0.123535,0.089798,0.062619,0.032242,0.292969,-1.890625,0.75,-0.06102,0.037838,0.001066,chewing
5332345.0,-0.693359,1.847656,0.111328,0.135629,0.029844,0.045832,0.297363,-1.893066,0.754883,-0.077541,0.066616,-0.029311,chewing
5332355.0,-0.69873,1.851563,0.125,0.169204,0.008527,0.047963,0.310059,-1.88916,0.743164,-0.077807,0.075942,-0.043167,chewing
5332365.0,-0.686523,1.849609,0.120605,0.200646,-0.026913,0.059688,0.313477,-1.876953,0.743652,-0.058622,0.072744,-0.042634,chewing
5332375.0,-0.668457,1.86377,0.125,0.193452,-0.02558,0.047697,0.338379,-1.865723,0.736816,-0.045832,0.043433,-0.038904,chewing
5332385.0,-0.677734,1.870117,0.11084,0.196649,-0.057289,0.010925,0.32959,-1.869141,0.749512,-0.023982,0.022649,-0.022383,chewing
5332395.0,-0.667969,1.868164,0.109863,0.179063,-0.079139,-0.007994,0.327148,-1.865234,0.760742,-0.007727,-0.01279,0.003198,chewing
5332405.0,-0.66748,1.872559,0.112305,0.151084,-0.074876,0.000533,0.314453,-1.878418,0.765625,0.006129,-0.009326,-0.003198,chewing
5332415.0,-0.688477,1.866699,0.101074,0.140692,-0.061819,0.007461,0.311523,-1.884277,0.750977,0.018119,-0.010658,-0.005329,chewing
5332425.0,-0.691406,1.859863,0.118164,0.141225,-0.057289,0.015721,0.32959,-1.876465,0.764648,-0.01279,0.040236,-0.018919,chewing
5332435.0,-0.690918,1.856445,0.116699,0.134297,-0.028511,0.037038,0.34082,-1.851074,0.793945,-0.050628,0.182793,-0.055424,chewing
5332445.0,-0.69043,1.845703,0.137207,0.144956,-0.023182,0.057023,0.333008,-1.853516,0.79248,-0.109783,0.301636,-0.104453,chewing
5332455.0,-0.680176,1.879395,0.106445,0.215835,-0.074077,0.073011,0.274902,-1.91748,0.715332,-0.130833,0.229158,-0.104187,chewing
5332465.0,-0.668945,1.869629,0.095215,0.269394,-0.197715,0.066349,0.324707,-1.884277,0.719727,-0.105786,0.105519,0.017853,chewing
5332475.0,-0.645508,1.873535,0.094238,0.283516,-0.251008,0.052227,0.324707,-1.869629,0.71582,-0.128701,0.09113,0.076475,chewing
5332485.0,-0.68457,1.850586,0.110352,0.245412,-0.230757,0.011191,0.345215,-1.876465,0.741211,-0.0866,0.000266,0.103654,chewing
5332495.0,-0.680176,1.845703,0.10498,0.194784,-0.180129,-0.033574,0.329102,-1.878906,0.717773,-0.088199,-0.004796,0.099657,chewing
5332505.0,-0.662109,1.854492,0.09668,0.144956,-0.137761,-0.049562,0.346191,-1.853027,0.755371,-0.040769,-0.032775,0.10019,chewing
5332515.0,-0.694824,1.825195,0.100098,0.027179,0.015988,-0.105519,0.303711,-1.911621,0.695801,-0.119642,-0.015988,0.101522,chewing
5332525.0,-0.709473,1.832031,0.134277,-0.025847,0.079672,-0.122573,0.31543,-1.879883,0.728516,-0.097525,-0.025314,0.126037,chewing
5332535.0,-0.693359,1.86377,0.10498,-0.102322,0.189188,-0.145489,0.311523,-1.878418,0.724609,-0.174799,-0.006129,0.163341,chewing
5332545.0,-0.669922,1.838867,0.108398,-0.132965,0.263265,-0.115112,0.32373,-1.899414,0.716309,-0.248876,0.0437,0.17773,chewing
5332555.0,-0.690918,1.849609,0.10791,-0.092995,0.270459,-0.068214,0.320313,-1.891113,0.736328,-0.274456,0.087933,0.14842,chewing
5332565.0,-0.687988,1.85791,0.102051,-0.133498,0.290444,-0.103387,0.302246,-1.866211,0.730957,-0.313093,0.159345,0.113779,chewing
5332575.0,-0.68457,1.855469,0.084473,-0.149752,0.26513,-0.126037,0.307129,-1.889648,0.736328,-0.30057,0.13483,0.128435,chewing
5332585.0,-0.682129,1.84375,0.086914,-0.136429,0.209706,-0.131366,0.312012,-1.874023,0.765137,-0.315492,0.146554,0.132965,chewing
5332595.0,-0.682129,1.867676,0.083984,-0.033041,0.101256,-0.099124,0.286133,-1.873047,0.755371,-0.28245,0.114046,0.124438,chewing
5332605.0,-0.693848,1.866699,0.100586,-0.00906,0.034107,-0.06928,0.288574,-1.880371,0.741211,-0.258735,0.102055,0.111648,chewing
5332615.0,-0.694336,1.869629,0.106934,-0.03464,0.045032,-0.06928,0.280762,-1.895996,0.706543,-0.285914,0.101256,0.12577,chewing
5332625.0,-0.715332,1.854004,0.110352,-0.010925,0.051161,-0.049562,0.238281,-1.919922,0.714844,-0.234487,0.081005,0.10845,chewing
5332635.0,-0.711426,1.846191,0.103027,0.002132,0.078873,-0.047697,0.289551,-1.903809,0.727051,-0.201179,0.073544,0.112714,chewing
5332645.0,-0.700684,1.852539,0.101563,0.018652,0.074077,-0.032775,0.283203,-1.888184,0.723633,-0.203577,0.103387,0.115378,chewing
5332655.0,-0.675781,1.851074,0.098145,0.007727,0.065283,-0.027979,0.29834,-1.876465,0.715332,-0.228092,0.159345,0.170003,chewing
5332665.0,-0.677734,1.85498,0.113281,0.029844,0.025314,-0.046897,0.282715,-1.885742,0.736328,-0.182793,0.136962,0.081538,chewing
5332675.0,-0.671387,1.884766,0.108887,0.019452,-0.021583,-0.048496,0.274414,-1.875,0.728027,-0.200913,0.157213,0.046364,chewing
5332685.0,-0.674316,1.849121,0.124023,0.047963,-0.088199,-0.158812,0.29541,-1.892578,0.714844,-0.196116,0.159877,0.037305,chewing
5332695.0,-0.70459,1.842773,0.110352,0.049562,-0.111914,-0.154815,0.310059,-1.897461,0.723633,-0.162542,0.174799,0.053026,chewing
5332705.0,-0.718262,1.816895,0.120605,0.066616,-0.074609,-0.140692,0.312012,-1.890137,0.717773,-0.149485,0.159345,0.053292,chewing
5332715.0,-0.733398,1.817383,0.112305,0.111914,-0.110315,-0.155348,0.311523,-1.897461,0.721191,-0.136429,0.150018,0.014922,chewing
5332725.0,-0.736328,1.832031,0.110352,0.131899,-0.172934,-0.179862,0.320313,-1.900391,0.696289,-0.097525,0.132432,-0.01732,chewing
5332735.0,-0.708008,1.852051,0.11377,0.119375,-0.207308,-0.194251,0.311035,-1.893555,0.681641,-0.054092,0.12124,-0.058355,chewing
5332745.0,-0.703125,1.86084,0.099609,0.128435,-0.220098,-0.143623,0.296875,-1.876465,0.714355,-0.00453,0.077541,-0.059421,chewing
5332755.0,-0.673828,1.892578,0.104492,0.141492,-0.164141,-0.07834,0.288574,-1.870605,0.722168,0.014123,0.029844,-0.055424,chewing
5332765.0,-0.706055,1.853027,0.106934,0.141225,-0.133764,-0.021317,0.28418,-1.890137,0.719238,0.00453,-0.035706,-0.00906,chewing
5332775.0,-0.724609,1.849121,0.103516,0.119642,-0.062086,0.045299,0.285156,-1.899902,0.719727,0.051427,-0.113247,0.006662,chewing
5332785.0,-0.699219,1.859375,0.104492,0.122573,-0.095926,0.085002,0.291504,-1.893555,0.734375,0.104986,-0.201446,-0.016254,chewing
5332795.0,-0.711426,1.825684,0.105957,0.171069,-0.138028,0.110315,0.29834,-1.890137,0.731445,0.147087,-0.254738,-0.04823,chewing
5332805.0,-0.698242,1.844727,0.098633,0.261933,-0.209972,0.126836,0.349121,-1.874023,0.723145,0.207574,-0.22596,-0.107384,chewing
5332815.0,-0.70166,1.834961,0.099121,0.305632,-0.281651,0.128168,0.327148,-1.869629,0.707031,0.185191,-0.116178,-0.176398,chewing
5332825.0,-0.702148,1.850098,0.130859,0.268328,-0.249942,0.074876,0.316895,-1.895508,0.677734,0.168138,-0.01732,-0.214502,chewing
5332835.0,-0.67334,1.859375,0.128418,0.274456,-0.29604,0.085002,0.29834,-1.916016,0.671387,0.179329,-0.002398,-0.215302,chewing
5332845.0,-0.688965,1.865723,0.11084,0.269926,-0.288579,0.097792,0.280762,-1.90332,0.702148,0.155348,-0.034374,-0.132965,chewing
5332855.0,-0.693848,1.828613,0.095703,0.304567,-0.379709,0.065017,0.271484,-1.917969,0.695312,0.090864,-0.047164,-0.068747,chewing
5332865.0,-0.695801,1.865234,0.09668,0.390101,-0.48283,0.077008,0.276367,-1.910156,0.700195,0.059954,-0.098325,-0.014123,chewing
5332875.0,-0.708496,1.837891,0.126953,0.165473,-0.295773,-0.048763,0.286133,-1.888184,0.719727,-0.015988,-0.036772,0.01359,chewing
5332885.0,-0.682129,1.874512,0.125,0.053292,-0.136429,-0.08287,0.296875,-1.889648,0.719727,-0.01732,0.014655,-0.034107,chewing
5332895.0,-0.73584,1.845215,0.109375,0.033574,-0.044233,-0.044766,0.310547,-1.870117,0.750977,0.027446,0.045565,-0.112181,chewing
5332905.0,-0.724609,1.827637,0.108887,-0.020784,0.024248,0.017587,0.319336,-1.880859,0.751465,0.071678,0.080205,-0.163874,chewing
5332915.0,-0.735352,1.828125,0.124512,-0.033841,0.022649,-0.039703,0.302734,-1.882813,0.738281,0.100723,0.142824,-0.203844,chewing
5332925.0,-0.71582,1.840332,0.109863,-0.089531,0.013856,-0.109783,0.297363,-1.887207,0.739258,0.168937,0.120708,-0.184658,chewing
5332935.0,-0.703613,1.851563,0.112305,-0.086334,-0.018386,-0.17027,0.314941,-1.868652,0.775391,0.211305,0.104453,-0.163874,chewing
5332945.0,-0.704102,1.848633,0.11084,-0.200646,0.05276,-0.209173,0.295898,-1.868652,0.766602,0.237951,0.094328,-0.180662,chewing
5332955.0,-0.701172,1.856934,0.107422,-0.270193,0.058355,-0.244346,0.307129,-1.87793,0.770996,0.280851,0.043167,-0.16574,chewing
5332965.0,-0.729492,1.858887,0.116211,-0.364254,0.067681,-0.233688,0.25293,-1.988281,0.561523,0.151351,-0.014922,-0.113779,chewing
5332975.0,-0.723633,1.847168,0.126953,-0.288845,0.038104,-0.199314,0.350098,-1.930664,0.612305,0.248343,-0.252606,0.018119,chewing
5332985.0,-0.705078,1.867188,0.145508,-0.179063,0.043966,-0.079672,0.385254,-1.852539,0.716797,0.22596,-0.275522,-0.023449,chewing
5332995.0,-0.746094,1.84668,0.101074,-0.110582,0.054092,-0.028778,0.317871,-1.79834,0.808105,0.067948,-0.049296,-0.106319,chewing
5333005.0,-0.745117,1.843262,0.114746,-0.021051,0.060487,0.074343,0.276855,-1.882324,0.76709,0.010925,0.013856,-0.081271,chewing
5333015.0,-0.760742,1.819824,0.131836,0.016254,0.031975,0.057289,0.290039,-1.889648,0.771973,-0.029044,0.087933,-0.006129,chewing
5333025.0,-0.738281,1.85498,0.120605,0.058622,-0.028245,-0.003464,0.276367,-1.896484,0.758301,-0.038637,0.114312,-0.018386,chewing
5333035.0,-0.72168,1.853516,0.112305,0.044766,-0.012524,-0.020784,0.309082,-1.875,0.745117,-0.022916,0.110582,-0.040769,chewing
5333045.0,-0.711914,1.834473,0.113281,-0.001332,-0.013856,0.029311,0.339844,-1.869629,0.733887,-0.007727,0.081538,-0.000799,chewing
5333055.0,-0.729004,1.855469,0.129395,-0.04743,-0.010392,0.087133,0.37207,-1.861816,0.730957,-0.015188,0.033841,0.026646,chewing
5333065.0,-0.750977,1.864258,0.112305,-0.041568,0.002398,0.080738,0.371094,-1.84668,0.759277,-0.01732,0.033041,0.001599,chewing
5333075.0,-0.734863,1.839355,0.130371,0.12204,-0.010392,0.001066,0.318848,-1.862793,0.765137,-0.031709,0.070346,-0.023449,chewing
5333085.0,-0.726074,1.850098,0.125,0.136962,-0.066349,-0.018386,0.289551,-1.891602,0.739746,-0.039969,0.089531,-0.043966,chewing
5333095.0,-0.744141,1.841309,0.136719,0.130833,-0.081804,-0.03464,0.285156,-1.870117,0.763672,-0.035706,0.123905,-0.055691,chewing
5333105.0,-0.727051,1.851074,0.120117,0.124438,-0.055158,-0.002398,0.27832,-1.894531,0.750488,-0.055158,0.176931,-0.06555,chewing
5333115.0,-0.736816,1.86084,0.11084,0.123639,-0.044499,0.038637,0.283691,-1.897949,0.743164,-0.097525,0.24328,-0.071145,chewing
5333125.0,-0.704102,1.853516,0.128906,0.171069,-0.047164,0.052493,0.318359,-1.884277,0.730957,-0.136429,0.223562,-0.024248,chewing
5333135.0,-0.719727,1.842773,0.141602,0.195317,-0.040502,0.097259,0.334961,-1.883789,0.734863,-0.178263,0.179063,0.03917,chewing
5333145.0,-0.741699,1.834473,0.121582,0.264864,-0.118842,0.116977,0.338379,-1.867676,0.736816,-0.185191,0.148153,-0.010392,chewing
5333155.0,-0.70752,1.84375,0.101074,0.366386,-0.238484,0.145222,0.354004,-1.862305,0.782227,-0.167072,0.121773,0.007994,chewing
5333165.0,-0.70459,1.869141,0.09668,0.419678,-0.288046,0.173201,0.285156,-1.87793,0.719238,-0.169204,0.089265,-0.013856,chewing
5333175.0,-0.726562,1.86084,0.11377,0.272591,-0.190787,0.133764,0.305664,-1.879395,0.721191,-0.099923,-0.014655,0.056757,chewing
5333185.0,-0.70459,1.868652,0.094238,0.192919,-0.060487,0.086867,0.307617,-1.878418,0.747559,-0.110582,-0.015721,0.080205,chewing
5333195.0,-0.727539,1.847656,0.10791,0.092729,-0.000799,0.073277,0.300293,-1.883789,0.719238,-0.10019,-0.037038,0.084202,chewing
5333205.0,-0.687988,1.935059,0.218262,-0.172668,0.289645,-0.083669,0.305176,-1.884766,0.637207,-0.245678,0.048496,0.089798,chewing
5333215.0,-0.730469,1.832031,0.113281,-0.054891,0.128701,-0.059421,0.30957,-1.960449,0.636719,-0.116444,-0.10019,0.185991,chewing
5333225.0,-0.750488,1.810059,0.093262,-0.087133,0.189721,-0.046631,0.335938,-1.870117,0.748047,-0.118309,-0.136695,0.199314,chewing
5333235.0,-0.723633,1.821777,0.119629,-0.106585,0.232622,-0.065816,0.27832,-1.905273,0.71875,-0.244613,-0.099923,0.281384,chewing
5333245.0,-0.725098,1.815918,0.130859,-0.155348,0.288579,-0.095926,0.291504,-1.904785,0.694824,-0.300037,-0.078873,0.331746,chewing
5333255.0,-0.724121,1.838867,0.115723,-0.147887,0.270193,-0.074077,0.288574,-1.884766,0.745117,-0.296306,-0.018119,0.261933,chewing
5333265.0,-0.710937,1.836426,0.114258,-0.130833,0.253672,-0.021051,0.28125,-1.881348,0.75293,-0.326417,0.051161,0.180395,chewing
5333275.0,-0.686035,1.852539,0.096191,-0.063418,0.206775,0.020518,0.289063,-1.883301,0.719238,-0.308564,0.091397,0.131632,chewing
5333285.0,-0.683105,1.849609,0.127441,-0.024781,0.143357,0.039703,0.312012,-1.882324,0.70166,-0.249675,0.088466,0.083136,chewing
5333295.0,-0.686035,1.851074,0.140137,-0.081271,0.171335,0.003997,0.318359,-1.89209,0.69873,-0.214769,0.066882,0.052227,chewing
5333305.0,-0.686523,1.861328,0.106934,-0.110049,0.151084,-0.011724,0.302734,-1.88916,0.702148,-0.165473,0.049296,0.037038,chewing
5333315.0,-0.699707,1.84375,0.106934,-0.124172,0.114312,0.005329,0.299316,-1.874023,0.712891,-0.119109,0.018119,0.078074,chewing
5333325.0,-0.696777,1.840332,0.11377,-0.05196,0.083403,0.009859,0.291016,-1.887695,0.72998,-0.118043,0.055424,0.06102,chewing
5333335.0,-0.718262,1.836426,0.127441,-0.004263,0.035173,0.021583,0.28125,-1.89502,0.728516,-0.151351,0.108717,0.045032,chewing
5333345.0,-0.72168,1.851074,0.126465,-0.009593,0.025847,0.002931,0.27832,-1.901367,0.736328,-0.104986,0.151084,-0.009326,chewing
5333355.0,-0.705078,1.891113,0.135254,-0.051427,0.053559,0.000266,0.296875,-1.908203,0.730469,-0.13856,0.23875,-0.095394,chewing
5333365.0,-0.713867,1.852539,0.14209,-0.086334,0.097525,0.033308,0.31543,-1.859863,0.710449,-0.106585,0.279519,-0.068747,chewing
5333375.0,-0.712891,1.844238,0.127441,-0.063418,0.093528,0.039969,0.314941,-1.888184,0.710937,-0.127636,0.292043,-0.128435,chewing
5333385.0,-0.717773,1.849121,0.108398,-0.001066,0.045832,0.034107,0.322754,-1.870605,0.709473,-0.12124,0.239283,-0.099124,chewing
5333395.0,-0.705566,1.861328,0.115723,0.012257,0.011724,0.011458,0.317383,-1.880371,0.711426,-0.079672,0.174799,-0.071412,chewing
5333405.0,-0.71582,1.862793,0.141602,0.002132,-0.009859,0.044766,0.312988,-1.898926,0.703613,-0.042634,0.130567,-0.072478,chewing
5333415.0,-0.716797,1.843262,0.123047,-0.01732,0.025047,0.054891,0.29541,-1.916992,0.700195,0.00453,0.073277,-0.057289,chewing
5333425.0,-0.733887,1.842773,0.13623,-0.041568,0.050628,0.054891,0.289063,-1.893066,0.703125,0.02558,0.021317,-0.059954,chewing
5333435.0,-0.728027,1.849609,0.112305,0.000799,0.03011,0.044499,0.264648,-1.88916,0.713867,0.046364,-0.065283,0.00906,chewing
5333445.0,-0.728027,1.869141,0.110352,0.028245,-0.016254,0.050628,0.265625,-1.879395,0.731445,0.060221,-0.15215,0.022916,chewing
5333455.0,-0.705566,1.86084,0.111816,0.018652,-0.02185,0.060221,0.285156,-1.868652,0.736816,0.066349,-0.223296,0.065816,chewing
5333465.0,-0.702148,1.870605,0.108887,0.058355,-0.002665,0.106319,0.29541,-1.865723,0.727051,0.066616,-0.27872,0.089798,chewing
5333475.0,-0.728027,1.847168,0.117188,0.104986,-0.023449,0.124704,0.306641,-1.889648,0.718262,0.162809,-0.377844,0.053292,chewing
5333485.0,-0.737793,1.838379,0.114258,0.225161,-0.128435,0.161743,0.347656,-1.874512,0.751465,0.263531,-0.385838,-0.029577,chewing
5333495.0,-0.717773,1.839355,0.149414,0.265397,-0.129767,0.179862,0.336426,-1.89209,0.706055,0.223296,-0.236885,-0.120441,chewing
5333505.0,-0.710937,1.845215,0.146484,0.19958,-0.068214,0.172401,0.309082,-1.929688,0.687988,0.228625,-0.167605,-0.14389,chewing
5333515.0,-0.708984,1.836426,0.139648,0.168937,-0.057289,0.132165,0.323242,-1.90918,0.687988,0.212104,-0.111115,-0.184126,chewing
5333525.0,-0.684082,1.85498,0.125,0.17027,-0.070879,0.098591,0.30957,-1.897461,0.710449,0.194784,-0.056757,-0.176665,chewing
5333535.0,-0.677734,1.847656,0.120605,0.156413,-0.099923,0.05276,0.294922,-1.894043,0.715332,0.180395,-0.045565,-0.166273,chewing
5333545.0,-0.686523,1.84668,0.127441,0.149219,-0.14309,0.036772,0.283203,-1.883301,0.720703,0.19585,-0.069547,-0.151351,chewing
5333555.0,-0.68457,1.860352,0.126465,0.144423,-0.146288,0.034374,0.330566,-1.875,0.705566,0.224628,-0.045565,-0.160943,chewing
5333565.0,-0.694336,1.842285,0.111816,0.140159,-0.128701,0.031709,0.292969,-1.913086,0.703613,0.228358,-0.071945,-0.146021,chewing
5333575.0,-0.700684,1.854004,0.145996,0.142291,-0.141758,0.060753,0.311523,-1.907227,0.708008,0.240083,-0.103387,-0.16574,chewing
5333585.0,-0.713379,1.824707,0.109863,0.180928,-0.195583,0.075675,0.293457,-1.901367,0.684082,0.193985,-0.119375,-0.12204,chewing
5333595.0,-0.708008,1.831055,0.161621,0.145755,-0.165207,0.073544,0.335449,-1.895996,0.703613,0.160943,-0.050361,-0.101256,chewing
5333605.0,-0.708496,1.832031,0.152344,0.108983,-0.075675,0.044233,0.299316,-1.88916,0.694824,0.057289,0.009593,-0.077807,chewing
5333615.0,-0.714355,1.844727,0.128418,0.042634,0.007461,0.032775,0.300293,-1.863281,0.763184,0.050628,0.052493,-0.078606,chewing
5333625.0,-0.708008,1.842773,0.131348,-0.010925,0.045565,0.031709,0.272949,-1.859375,0.761719,0.009859,0.088998,-0.085002,chewing
5333635.0,-0.686035,1.850098,0.121582,-0.03917,0.073277,0.029044,0.300781,-1.86377,0.75293,0.004263,0.090331,-0.034107,chewing
5333645.0,-0.700195,1.847168,0.117676,-0.097792,0.10019,0.003464,0.339355,-1.869629,0.745605,0.036239,0.107118,-0.073277,chewing
5333655.0,-0.699219,1.849121,0.129883,-0.079406,0.07008,-0.006129,0.338867,-1.869141,0.754395,0.054092,0.113779,-0.121773,chewing
5333665.0,-0.70166,1.856445,0.138184,-0.144689,0.096193,-0.035706,0.342773,-1.882813,0.748047,0.10845,0.087933,-0.128701,chewing
5333675.0,-0.709473,1.856445,0.123047,-0.176931,0.127103,-0.022383,0.34668,-1.868164,0.777832,0.184126,0.02185,-0.097259,chewing
5333685.0,-0.696777,1.861816,0.125488,-0.189721,0.140692,-0.022383,0.309082,-1.86377,0.780273,0.193985,-0.015721,-0.080472,chewing
5333695.0,-0.709961,1.87207,0.124023,-0.284848,0.177464,-0.056224,0.285156,-1.897461,0.668457,0.113247,-0.073011,-0.002132,chewing
5333705.0,-0.645508,1.866211,0.112305,-0.412484,0.280319,-0.06475,0.314941,-1.936523,0.640625,0.127902,-0.262199,0.147887,chewing
5333715.0,-0.789062,1.799805,0.148437,-0.340806,0.283783,0.0866,0.337891,-1.931152,0.660156,0.203577,-0.43007,0.142824,chewing
5333725.0,-0.69873,1.865723,0.165039,-0.295507,0.243547,0.011991,0.386719,-1.812988,0.820801,0.092196,-0.171602,0.050095,chewing
5333735.0,-0.630371,1.867188,0.180176,-0.163608,0.112447,-0.038371,0.352539,-1.835449,0.772461,0.011724,0.032508,-0.074077,chewing
5333745.0,-0.720215,1.849609,0.146484,-0.067948,0.076475,0.019718,0.269531,-1.888184,0.795898,0.000266,0.027446,0.00826,chewing
5333755.0,-0.688965,1.87793,0.14209,-0.054625,0.052493,0.043433,0.297852,-1.881348,0.766602,-0.014922,0.065816,0.011458,chewing
5333765.0,-0.671387,1.794434,0.144043,-0.029044,0.01359,0.027712,0.301758,-1.879883,0.76123,-0.023449,0.095926,0.000799,chewing
5333775.0,-0.706055,1.866699,0.138672,0.025847,-0.006129,0.03091,0.324707,-1.864258,0.758789,-0.022383,0.074876,0.011191,chewing
5333785.0,-0.691895,1.876465,0.143066,0.010126,0.038104,0.048496,0.359863,-1.861328,0.75,-0.021051,0.031176,0.021583,chewing
5333795.0,-0.695801,1.858398,0.153809,0.043433,0.0874,0.072478,0.364746,-1.857422,0.73877,-0.016254,0.023449,-0.01279,chewing
5333805.0,-0.708008,1.849121,0.13623,0.080738,0.089265,0.091397,0.349121,-1.855957,0.749023,-0.033041,0.041302,-0.018386,chewing
5333815.0,-0.697266,1.865723,0.148926,0.079939,0.075142,0.091663,0.326172,-1.866211,0.754883,-0.02558,0.05649,-0.042368,chewing
5333825.0,-0.689453,1.85791,0.147949,0.105253,0.076475,0.07381,0.297852,-1.869629,0.761719,-0.031709,0.085534,-0.038904,chewing
5333835.0,-0.695312,1.861328,0.133789,0.097525,0.07008,0.064217,0.293457,-1.881836,0.768555,-0.03011,0.10925,-0.048496,chewing
5333845.0,-0.70752,1.844727,0.155273,0.103654,0.048763,0.066616,0.298828,-1.875,0.751953,-0.030377,0.140692,-0.055691,chewing
5333855.0,-0.693359,1.853516,0.145996,0.110582,0.049828,0.071945,0.322266,-1.86377,0.756348,-0.049562,0.229957,-0.090331,chewing
5333865.0,-0.691406,1.852051,0.141113,0.148153,0.018652,0.046897,0.320313,-1.878906,0.752441,-0.103387,0.281118,-0.079672,chewing
5333875.0,-0.700684,1.851074,0.134277,0.164674,-0.001066,0.055424,0.330078,-1.877441,0.732422,-0.145755,0.235286,-0.036505,chewing
5333885.0,-0.685547,1.855957,0.137695,0.144423,-0.001332,0.057289,0.348633,-1.870117,0.737793,-0.194251,0.177464,0.020784,chewing
5333895.0,-0.686523,1.855469,0.14209,0.177198,-0.016787,0.046364,0.330566,-1.863281,0.738281,-0.205443,0.138294,0.052493,chewing
5333905.0,-0.698242,1.848633,0.141602,0.232888,-0.097525,0.087933,0.313965,-1.861816,0.793457,-0.207308,0.147354,0.067149,chewing
5333915.0,-0.703613,1.849121,0.125977,0.292842,-0.154282,0.117776,0.281738,-1.876465,0.804687,-0.215568,0.183593,0.008527,chewing
5333925.0,-0.693359,1.861328,0.113281,0.421011,-0.298172,0.173201,0.304688,-1.858398,0.795898,-0.121773,0.130034,-0.001599,chewing
5333935.0,-0.683594,1.847656,0.091797,0.432735,-0.301103,0.212371,0.377441,-1.825684,0.958984,-0.018119,0.118842,-0.010925,chewing
5333945.0,-0.656738,1.855469,0.155273,0.090597,0.091397,0.076208,0.229004,-1.958984,0.586914,-0.328282,0.252606,-0.088199,chewing
5333955.0,-0.757812,1.828125,0.130859,-0.008793,0.073277,0.006395,0.35498,-1.946289,0.602539,-0.077274,-0.087933,0.181727,chewing
5333965.0,-0.723145,1.842285,0.109375,0.031443,0.062086,-0.070879,0.365234,-1.860352,0.727051,-0.146021,-0.106585,0.250208,chewing
5333975.0,-0.716309,1.859375,0.118164,-0.032508,0.128168,-0.071412,0.314941,-1.888184,0.69873,-0.212104,-0.119908,0.33521,chewing
5333985.0,-0.706543,1.846191,0.141602,-0.128701,0.26966,-0.074609,0.323242,-1.890625,0.716309,-0.290444,-0.031176,0.344802,chewing
5333995.0,-0.695801,1.855469,0.119141,-0.184658,0.379176,-0.049029,0.285156,-1.916992,0.723145,-0.344003,0.027179,0.297905,chewing
5334005.0,-0.696289,1.85498,0.138184,-0.171069,0.388502,-0.022383,0.282715,-1.86377,0.776855,-0.346401,0.138028,0.152949,chewing
5334015.0,-0.690918,1.854004,0.121582,-0.176665,0.376245,-0.015188,0.255859,-1.887207,0.73291,-0.391167,0.171069,0.105519,chewing
5334025.0,-0.663574,1.857422,0.14209,-0.132432,0.336009,-0.009326,0.292969,-1.922852,0.704102,-0.320821,0.107384,0.107917,chewing
5334035.0,-0.672363,1.856445,0.125488,0.026113,0.22143,0.002398,0.320801,-1.904297,0.696777,-0.238217,0.066616,0.098325,chewing
5334045.0,-0.693848,1.857422,0.140137,0.061286,0.137228,-0.01279,0.321289,-1.899414,0.707031,-0.170802,0.039436,0.099657,chewing
5334055.0,-0.679687,1.848633,0.118652,0.050894,0.116178,-0.004263,0.314941,-1.886719,0.716309,-0.133498,0.036772,0.099124,chewing
5334065.0,-0.69043,1.85498,0.12793,0.05276,0.095926,-0.014655,0.294922,-1.882813,0.739258,-0.120175,0.069813,0.042101,chewing
5334075.0,-0.68457,1.84082,0.138184,0.091397,0.036239,-0.004263,0.269531,-1.891113,0.730469,-0.124971,0.124172,0.018652,chewing
5334085.0,-0.687988,1.868164,0.155762,0.01279,0.077541,-0.00906,0.275879,-1.889648,0.736328,-0.116711,0.215835,-0.078074,chewing
5334095.0,-0.68457,1.858398,0.130859,-0.008527,0.067415,0.006395,0.301758,-1.870605,0.737305,-0.115378,0.3043,-0.162009,chewing
5334105.0,-0.691895,1.85498,0.131836,-0.023449,0.085534,-0.002398,0.317871,-1.878418,0.736816,-0.1311,0.359458,-0.197715,chewing
5334115.0,-0.697754,1.855469,0.137695,0.009593,0.035173,0.00906,0.351563,-1.883789,0.716797,-0.127369,0.365054,-0.202778,chewing
5334125.0,-0.691406,1.871582,0.14209,0.027179,0.015188,-0.003997,0.352051,-1.885742,0.703613,-0.110315,0.334677,-0.177198,chewing
5334135.0,-0.70166,1.86377,0.148926,0.045299,-0.015188,-0.033308,0.334961,-1.896973,0.681152,-0.076208,0.262732,-0.128168,chewing
5334145.0,-0.695312,1.868164,0.135254,0.080472,-0.056224,-0.0429,0.318359,-1.897949,0.695312,-0.031176,0.206775,-0.062086,chewing
5334155.0,-0.689941,1.853027,0.126465,0.082337,-0.031975,-0.047697,0.301758,-1.896973,0.702148,-0.002132,0.159078,-0.037571,chewing
5334165.0,-0.713867,1.852539,0.149902,0.098058,-0.024515,-0.003464,0.285156,-1.893066,0.710449,-0.000799,0.145489,-0.031709,chewing
5334175.0,-0.707031,1.855469,0.130859,0.093262,0.019985,0.030643,0.264648,-1.893555,0.712891,-0.028511,0.163341,-0.045032,chewing
5334185.0,-0.708008,1.871582,0.149414,0.096193,0.027979,0.046098,0.283203,-1.891113,0.71875,-0.038637,0.174533,-0.042101,chewing
5334195.0,-0.702637,1.858887,0.134277,0.085801,0.018652,0.039436,0.268555,-1.896484,0.708984,-0.049562,0.192119,-0.041568,chewing
5334205.0,-0.68457,1.857422,0.125488,0.060487,0.025047,0.03464,0.274414,-1.893066,0.713379,-0.063418,0.191853,-0.061553,chewing
5334215.0,-0.680176,1.854004,0.122559,0.05196,0.015988,0.017054,0.294922,-1.895996,0.702637,-0.071412,0.165473,-0.050095,chewing
5334225.0,-0.681152,1.855469,0.131348,0.040769,0.007727,0.006662,0.30957,-1.897461,0.692871,-0.063951,0.113779,-0.022649,chewing
5334235.0,-0.690918,1.849121,0.14209,0.013057,-0.009859,-0.014123,0.311523,-1.899414,0.690918,-0.057822,0.06102,0.011724,chewing
5334245.0,-0.705078,1.837891,0.121582,-0.023982,0.004796,-0.045032,0.312012,-1.900391,0.668457,-0.025847,-0.047164,0.058089,chewing
5334255.0,-0.71582,1.840332,0.123535,-0.036239,0.012524,-0.037838,0.32373,-1.888184,0.702148,0.015455,-0.124438,0.070613,chewing
5334265.0,-0.693848,1.844238,0.13916,-0.054891,-0.001332,0.001865,0.306641,-1.896484,0.694336,0.019452,-0.155081,0.089798,chewing
5334275.0,-0.695801,1.84668,0.130371,-0.084469,0.032242,0.010925,0.28418,-1.890137,0.720703,0.050894,-0.217167,0.099923,chewing
5334285.0,-0.688965,1.851563,0.143555,-0.124971,0.050628,0.005329,0.288574,-1.888672,0.739258,0.044499,-0.195583,0.080205,chewing
5334295.0,-0.683594,1.856934,0.124512,-0.14389,0.038637,-0.027446,0.27832,-1.901367,0.720215,0.044233,-0.190787,0.043433,chewing
5334305.0,-0.686035,1.855469,0.155273,-0.111914,-0.014655,-0.02558,0.291016,-1.895508,0.724121,0.086067,-0.163608,-0.009593,chewing
5334315.0,-0.686035,1.85791,0.161133,0.009326,-0.031443,-0.018386,0.294434,-1.898438,0.695801,0.118576,-0.101789,-0.094061,chewing
5334325.0,-0.714355,1.870117,0.148926,0.065283,-0.016521,0.010658,0.307129,-1.902832,0.683105,0.155614,-0.115645,-0.103654,chewing
5334335.0,-0.715332,1.875977,0.121582,0.150818,-0.04743,0.031176,0.313477,-1.883789,0.713867,0.174266,-0.156946,-0.065283,chewing
5334345.0,-0.730957,1.864746,0.12793,0.240616,-0.130034,0.069547,0.332031,-1.862305,0.731445,0.181461,-0.162809,-0.071678,chewing
5334355.0,-0.718262,1.866699,0.130371,0.33521,-0.204377,0.105253,0.314453,-1.866699,0.733887,0.152949,-0.114579,-0.086334,chewing
5334365.0,-0.707031,1.875488,0.118164,0.407155,-0.221963,0.1303,0.312012,-1.870605,0.739746,0.156946,-0.05196,-0.119642,chewing
5334375.0,-0.712402,1.866699,0.136719,0.373847,-0.191054,0.183326,0.325684,-1.856934,0.734375,0.142824,0.021051,-0.192119,chewing
5334385.0,-0.666016,1.872559,0.15625,0.269127,-0.041302,0.233954,0.320801,-1.89502,0.695801,0.131899,0.039436,-0.194251,chewing
5334395.0,-0.669922,1.858398,0.146484,0.248077,0.016254,0.196916,0.333008,-1.901855,0.712891,0.184392,-0.00906,-0.16494,chewing
5334405.0,-0.687012,1.86084,0.138672,0.274989,-0.003464,0.132698,0.309082,-1.913086,0.6875,0.184392,-0.071412,-0.123639,chewing
5334415.0,-0.678711,1.86084,0.116211,0.270726,-0.026913,0.084202,0.333984,-1.883789,0.746582,0.246744,-0.11751,-0.058355,chewing
5334425.0,-0.699219,1.85498,0.099121,0.287247,-0.088732,0.06102,0.289551,-1.874023,0.743652,0.243014,-0.073011,-0.06475,chewing
5334435.0,-0.700684,1.841797,0.112793,0.171335,-0.036505,-0.021051,0.282227,-1.915527,0.689941,0.188123,0.029044,-0.0874,chewing
5334445.0,-0.684082,1.854492,0.119629,0.114312,-0.051427,-0.040769,0.316895,-1.875977,0.759766,0.231289,0.120974,-0.16574,chewing
5334455.0,-0.676758,1.833984,0.13623,0.039969,0.014655,-0.018652,0.281738,-1.870605,0.790527,0.214502,0.188922,-0.294441,chewing
5334465.0,-0.69873,1.830566,0.171875,-0.210772,0.231289,-0.071145,0.274414,-1.922852,0.733398,0.255804,0.112714,-0.259534,chewing
5334475.0,-0.6875,1.854492,0.135742,-0.273923,0.301902,-0.084469,0.286621,-1.873047,0.764648,0.318156,-0.002398,-0.228092,chewing
5334485.0,-0.684082,1.848145,0.121094,-0.368784,0.303501,-0.08287,0.285645,-1.943359,0.635742,0.188922,-0.059688,-0.130567,chewing
5334495.0,-0.686035,1.84668,0.130371,-0.336276,0.244879,-0.069014,0.36084,-1.941406,0.632324,0.217433,-0.262732,0.019985,chewing
5334505.0,-0.696777,1.828125,0.156738,-0.329081,0.184925,-0.106319,0.26709,-1.90332,0.794922,0.109516,-0.218233,-0.202778,chewing
5334515.0,-0.702148,1.837402,0.203125,-0.26966,0.116977,-0.132165,0.368652,-1.830078,0.825684,0.055158,-0.016787,-0.017853,chewing
5334525.0,-0.679687,1.84668,0.128906,-0.134031,0.066616,-0.093795,0.308105,-1.869141,0.763184,0.047164,0.043966,-0.053292,chewing
5334535.0,-0.693359,1.849609,0.136719,-0.097525,0.074876,-0.074077,0.300781,-1.872559,0.774414,0.033841,0.075409,-0.066616,chewing
5334545.0,-0.673828,1.866699,0.139648,-0.053559,0.066083,-0.080205,0.304199,-1.873535,0.774414,0.006662,0.100456,-0.072211,chewing
5334555.0,-0.693359,1.852051,0.137695,-0.037038,0.027446,-0.110848,0.326172,-1.852539,0.758301,0.001599,0.07834,-0.058355,chewing
5334565.0,-0.680176,1.861328,0.149902,-0.051427,0.01279,-0.107384,0.335938,-1.854004,0.745117,-0.002398,0.059155,-0.018119,chewing
5334575.0,-0.708496,1.858398,0.141113,-0.055424,0.03917,-0.097259,0.352051,-1.848145,0.751953,-0.012257,0.054092,0.033308,chewing
5334585.0,-0.717773,1.855469,0.147461,-0.023449,0.033041,-0.057822,0.359863,-1.845215,0.754395,-0.020784,0.06928,-0.005862,chewing
5334595.0,-0.717285,1.872559,0.133789,0.042634,0.018652,-0.032242,0.342773,-1.855957,0.749512,-0.033574,0.096992,-0.032242,chewing
5334605.0,-0.717773,1.878418,0.148926,0.098058,-0.006395,-0.007194,0.314453,-1.870605,0.771484,-0.042368,0.111381,-0.03917,chewing
5334615.0,-0.713379,1.872559,0.13623,0.11298,0.005063,-0.002931,0.310059,-1.877441,0.785156,-0.052227,0.150818,-0.043433,chewing
5334625.0,-0.700684,1.867188,0.132812,0.15668,-0.005862,0.005329,0.30127,-1.87207,0.774414,-0.07834,0.251008,-0.073277,chewing
5334635.0,-0.716309,1.85791,0.13623,0.228092,-0.050894,-0.005596,0.306152,-1.884766,0.756348,-0.109783,0.280052,-0.093528,chewing
5334645.0,-0.699219,1.858887,0.125488,0.229957,-0.057556,0.015721,0.33252,-1.870605,0.750488,-0.146821,0.243813,-0.03917,chewing
5334655.0,-0.703125,1.866699,0.122559,0.235819,-0.044766,0.030377,0.330078,-1.869629,0.765625,-0.181194,0.23502,0.005596,chewing
5334665.0,-0.696289,1.867188,0.134277,0.257669,-0.057822,0.045299,0.338867,-1.870117,0.749023,-0.191054,0.194518,0.005862,chewing
5334675.0,-0.707031,1.86377,0.11084,0.37891,-0.141758,0.073544,0.331543,-1.876465,0.769043,-0.220364,0.212104,-0.000266,chewing
5334685.0,-0.688965,1.866211,0.136719,0.46924,-0.266196,0.171868,0.282715,-1.890625,0.733887,-0.198515,0.185991,0.00826,chewing
5334695.0,-0.692871,1.835449,0.09668,0.420744,-0.203044,0.223562,0.378906,-1.840332,0.851074,-0.075142,0.085268,0.050894,chewing
5334705.0,-0.694824,1.818359,0.152832,0.285648,-0.067149,0.171868,0.309082,-1.924316,0.729004,-0.180928,0.116178,0.027446,chewing
5334715.0,-0.711914,1.814453,0.101563,0.086867,0.027979,0.030643,0.341797,-1.907227,0.718262,-0.084735,0.007461,0.082603,chewing
5334725.0,-0.691406,1.833984,0.125,-0.004796,0.046631,-0.053026,0.352539,-1.869141,0.743164,-0.075409,-0.010925,0.094861,chewing
5334735.0,-0.706055,1.837891,0.119629,0.005862,0.000266,-0.06928,0.296875,-1.908691,0.694824,-0.076741,-0.059688,0.129234,chewing
5334745.0,-0.700684,1.850098,0.11377,-0.000799,0.023982,-0.067149,0.30957,-1.885254,0.74707,-0.099657,-0.092462,0.188655,chewing
5334755.0,-0.692383,1.85498,0.12207,-0.016521,0.074876,-0.029844,0.302734,-1.899902,0.739746,-0.172135,-0.045032,0.181727,chewing
5334765.0,-0.683105,1.866699,0.128906,-0.035972,0.115112,-0.019718,0.294922,-1.886719,0.753906,-0.224095,0.043966,0.135896,chewing
5334775.0,-0.708008,1.850098,0.137207,-0.057023,0.149752,-0.020251,0.283691,-1.894043,0.744141,-0.299237,0.109516,0.115911,chewing
5334785.0,-0.686035,1.87207,0.133301,-0.082337,0.185458,-0.013856,0.32373,-1.876953,0.744629,-0.273124,0.124172,0.084735,chewing
5334795.0,-0.710449,1.854004,0.129395,-0.092995,0.18759,-0.033841,0.325195,-1.878906,0.750977,-0.276055,0.135363,0.049296,chewing
5334805.0,-0.703125,1.852051,0.122559,-0.103387,0.192652,-0.05196,0.321289,-1.895508,0.699219,-0.236086,0.114579,0.068747,chewing
5334815.0,-0.705566,1.849121,0.120605,-0.124971,0.211038,-0.060221,0.311523,-1.887695,0.711914,-0.208107,0.0429,0.099923,chewing
5334825.0,-0.710937,1.846191,0.119629,-0.09566,0.212637,-0.053026,0.303711,-1.896973,0.721191,-0.162009,0.002931,0.107917,chewing
5334835.0,-0.705566,1.84375,0.122559,-0.034907,0.160144,-0.058355,0.289063,-1.889648,0.744141,-0.159877,-0.001332,0.146021,chewing
5334845.0,-0.714844,1.866211,0.125977,-0.022916,0.120175,-0.057556,0.27002,-1.881836,0.764648,-0.182527,0.038371,0.119908,chewing
5334855.0,-0.703125,1.849609,0.121094,-0.024515,0.122839,-0.057289,0.273926,-1.889648,0.759277,-0.192119,0.092995,0.12124,chewing
5334865.0,-0.694336,1.854492,0.125977,0.009593,0.087133,-0.027179,0.288574,-1.873047,0.758301,-0.186524,0.145222,0.046098,chewing
5334875.0,-0.69043,1.855957,0.117188,-0.033574,0.113247,0.007194,0.314941,-1.855469,0.748535,-0.233421,0.218233,-0.021317,chewing
5334885.0,-0.693848,1.841797,0.114258,-0.019452,0.110049,0.020251,0.336426,-1.877441,0.740723,-0.201179,0.247011,-0.062086,chewing
5334895.0,-0.688965,1.858887,0.14502,0.011991,0.07008,0.000266,0.339844,-1.876953,0.708496,-0.179329,0.266462,-0.082337,chewing
5334905.0,-0.68457,1.867188,0.139648,-0.027712,0.092462,-0.043966,0.332031,-1.904785,0.700684,-0.129767,0.267795,-0.092995,chewing
5334915.0,-0.691406,1.856445,0.132324,-0.024248,0.075142,-0.057289,0.327148,-1.895996,0.725098,-0.105786,0.243014,-0.084469,chewing
5334925.0,-0.690918,1.853516,0.135254,0.024781,0.024781,-0.023182,0.307129,-1.904785,0.713867,-0.073544,0.251008,-0.107384,chewing
5334935.0,-0.701172,1.853027,0.135742,0.075142,0.003464,-0.00826,0.297852,-1.895996,0.717773,-0.067149,0.246478,-0.113247,chewing
5334945.0,-0.708008,1.82373,0.126953,0.10019,0.014123,0.029844,0.279297,-1.893066,0.734375,-0.071678,0.251807,-0.105253,chewing
5334955.0,-0.718262,1.84668,0.126953,0.096459,-0.058355,-0.02185,0.272461,-1.892578,0.738281,-0.079672,0.242481,-0.095394,chewing
5334965.0,-0.710449,1.851074,0.132324,0.116711,-0.022649,0.020784,0.277832,-1.881348,0.727539,-0.089265,0.216101,-0.075942,chewing
5334975.0,-0.741211,1.855469,0.12793,0.131899,-0.05649,-0.00826,0.279785,-1.887695,0.729492,-0.074609,0.222763,-0.115645,chewing
5334985.0,-0.706055,1.855469,0.140625,0.115112,-0.044499,0.035706,0.304688,-1.882813,0.723633,-0.065017,0.237418,-0.141225,chewing
5334995.0,-0.709961,1.855957,0.121582,0.104453,-0.017587,0.074343,0.306152,-1.885742,0.703613,-0.062885,0.213436,-0.103387,chewing
5335005.0,-0.703613,1.863281,0.135254,0.101522,-0.035706,0.055691,0.321777,-1.88916,0.701172,-0.080738,0.181994,-0.079139,chewing
5335015.0,-0.711426,1.855469,0.131836,0.106319,-0.056224,0.028511,0.313965,-1.904785,0.693848,-0.054358,0.138028,-0.071945,chewing
5335025.0,-0.70752,1.854492,0.151855,0.038904,-0.037038,-0.001066,0.299805,-1.912598,0.66748,-0.038371,0.059155,-0.050095,chewing
5335035.0,-0.721191,1.845215,0.135742,-0.005329,-0.007994,-0.013323,0.305176,-1.913086,0.676758,0.015988,-0.057289,0.007727,chewing
5335045.0,-0.722656,1.861816,0.119141,-0.058355,0.012257,-0.010392,0.306152,-1.897461,0.70752,0.044766,-0.169737,0.063152,chewing
5335055.0,-0.710937,1.869629,0.136719,-0.096726,0.051694,0.00826,0.310059,-1.88623,0.711914,0.018652,-0.175865,0.070613,chewing
5335065.0,-0.722656,1.846191,0.140625,-0.055691,0.076208,0.025047,0.313965,-1.891602,0.727539,0.040769,-0.135896,0.037571,chewing
5335075.0,-0.709961,1.86084,0.136719,-0.044499,0.087666,0.033041,0.305176,-1.899414,0.702148,0.051161,-0.129767,-0.010126,chewing
5335085.0,-0.704102,1.851563,0.144043,0.038904,-0.002931,0.023182,0.299805,-1.888672,0.712402,0.11298,-0.166806,-0.048496,chewing
5335095.0,-0.72168,1.833984,0.130371,0.094861,0.042634,0.162542,0.28418,-1.883301,0.715332,0.175865,-0.254472,-0.045299,chewing
5335105.0,-0.707031,1.844727,0.107422,0.180129,-0.150818,0.123905,0.317871,-1.877441,0.75293,0.274456,-0.430603,-0.00826,chewing
5335115.0,-0.687012,1.858398,0.106445,0.319755,-0.270992,0.184392,0.365234,-1.839355,0.788574,0.307498,-0.402891,-0.055957,chewing
5335125.0,-0.666992,1.875,0.144531,0.335476,-0.29524,0.221697,0.342773,-1.87207,0.74707,0.264331,-0.171069,-0.171602,chewing
5335135.0,-0.685547,1.838379,0.164062,0.264064,-0.191587,0.229158,0.343262,-1.894043,0.705078,0.272591,-0.027979,-0.254738,chewing
5335145.0,-0.694336,1.833008,0.169434,0.215302,-0.13483,0.135363,0.330566,-1.899902,0.686035,0.26966,0.007194,-0.260867,chewing
5335155.0,-0.685547,1.847168,0.137207,0.256337,-0.191054,0.139626,0.300293,-1.926758,0.692871,0.331479,-0.08287,-0.203311,chewing
5335165.0,-0.697266,1.859375,0.151367,0.193185,-0.193452,0.084469,0.178711,-1.972168,0.742187,0.294175,-0.199047,-0.281651,chewing
5335175.0,-0.664062,1.878906,0.118652,0.232888,-0.259534,0.101789,0.285645,-1.891113,0.722168,0.300037,-0.189188,-0.0429,chewing
5335185.0,-0.667969,1.861328,0.10791,0.144956,-0.224628,0.090064,0.280273,-1.896484,0.710449,0.239816,-0.126037,-0.039436,chewing
5335195.0,-0.71582,1.845215,0.120117,0.020251,-0.177198,0.111648,0.315918,-1.881348,0.754883,0.174266,0.010658,-0.104453,chewing
5335205.0,-0.69873,1.824219,0.135742,-0.057556,-0.045565,0.085268,0.296875,-1.880859,0.755371,0.147354,0.126836,-0.20411,chewing
5335215.0,-0.720703,1.84082,0.166992,-0.205709,0.088466,0.028511,0.298828,-1.890137,0.75,0.125237,0.173734,-0.233155,chewing
5335225.0,-0.719727,1.806641,0.137695,-0.215302,0.141492,-0.02638,0.339355,-1.845215,0.839844,0.208907,0.136695,-0.225427,chewing
5335235.0,-0.726074,1.836914,0.148926,-0.302168,0.231822,-0.10925,0.29541,-1.870117,0.777832,0.20411,0.083136,-0.235553,chewing
5335245.0,-0.717285,1.85498,0.134766,-0.4791,0.260067,-0.164407,0.307617,-1.945801,0.643066,0.176931,-0.018919,-0.122306,chewing
5335255.0,-0.712402,1.844727,0.14502,-0.472172,0.272858,-0.163874,0.358887,-1.929688,0.652344,0.230757,-0.209173,0.015455,chewing
5335265.0,-0.700684,1.843262,0.152344,-0.321087,0.18759,-0.117776,0.345703,-1.907715,0.666504,0.268328,-0.393832,0.100456,chewing
5335275.0,-0.709473,1.854004,0.149414,-0.288312,0.184925,-0.079939,0.414551,-1.796875,0.793457,0.16041,-0.20491,0.014123,chewing
5335285.0,-0.700195,1.846191,0.147949,-0.210772,0.110582,-0.085002,0.326172,-1.807129,0.814941,0.038904,-0.080738,-0.042368,chewing
5335295.0,-0.677734,1.771484,0.152344,-0.136162,0.0866,-0.006395,0.284668,-1.872559,0.78418,-0.023715,-0.005596,0.005862,chewing
5335305.0,-0.69873,1.875,0.13623,-0.109516,0.086067,0.007194,0.291992,-1.883789,0.774414,-0.059155,0.083669,-0.011724,chewing
5335315.0,-0.694336,1.862793,0.152344,-0.077807,0.109516,0.016521,0.303711,-1.879395,0.765625,-0.046897,0.150818,-0.077274,chewing
5335325.0,-0.701172,1.853027,0.160645,-0.055691,0.105253,0.024248,0.326172,-1.869629,0.777832,-0.038104,0.118309,-0.0874,chewing
5335335.0,-0.702148,1.85498,0.166016,-0.016254,0.073277,-0.01279,0.361328,-1.855469,0.768555,-0.018652,0.067415,-0.059688,chewing
5335345.0,-0.686523,1.861816,0.147949,-0.002665,0.06928,-0.029577,0.366211,-1.846191,0.767578,-0.006395,0.042101,-0.026113,chewing
5335355.0,-0.708008,1.853516,0.149414,0.03464,0.051427,-0.022916,0.366211,-1.863281,0.756348,-0.003198,0.038371,-0.015721,chewing
5335365.0,-0.677246,1.866699,0.163086,0.085801,0.035972,-0.016254,0.339355,-1.854004,0.761719,0.002665,0.010126,-0.006129,chewing
5335375.0,-0.686035,1.865723,0.150879,0.120974,0.026913,-0.012257,0.32959,-1.868652,0.77002,-0.031709,0.019985,0.006928,chewing
5335385.0,-0.677734,1.857422,0.14209,0.118576,-0.011991,-0.017587,0.318359,-1.863281,0.783203,-0.029577,0.05649,0.012257,chewing
5335395.0,-0.680176,1.856445,0.161621,0.131899,-0.02638,-0.026646,0.307617,-1.856934,0.791504,-0.069547,0.173467,-0.042368,chewing
5335405.0,-0.678711,1.868652,0.151855,0.10925,-0.009859,-0.022916,0.297363,-1.875977,0.752441,-0.120175,0.233954,-0.047963,chewing
5335415.0,-0.695312,1.850098,0.147949,0.096459,0.01359,-0.022649,0.327148,-1.873535,0.743652,-0.156413,0.192119,-0.023715,chewing
5335425.0,-0.720703,1.839355,0.145996,0.098858,0.014922,-0.005862,0.345215,-1.862305,0.752441,-0.18306,0.152417,0.014922,chewing
5335435.0,-0.730957,1.84375,0.141113,0.17027,-0.049296,-0.010658,0.36377,-1.851563,0.776855,-0.198515,0.124438,0.040769,chewing
5335445.0,-0.724121,1.849121,0.12793,0.216368,-0.075675,0.00826,0.316406,-1.890625,0.742187,-0.211305,0.085534,0.04743,chewing
5335455.0,-0.716797,1.869629,0.132812,0.233688,-0.103387,0.043433,0.356445,-1.864258,0.760254,-0.158812,0.03011,0.103121,chewing
5335465.0,-0.699219,1.915039,0.196289,0.419678,-0.316025,0.159078,0.382813,-1.826172,0.779297,-0.147354,0.128435,0.037305,chewing
5335475.0,-0.708984,1.870117,0.145996,0.435933,-0.234487,0.167871,0.308105,-1.877441,0.744629,-0.105253,0.077274,-0.005063,chewing
5335485.0,-0.6875,1.883301,0.149414,0.330147,-0.115911,0.111381,0.313477,-1.883789,0.721191,-0.111914,0.016521,0.043966,chewing
5335495.0,-0.671875,1.890137,0.193848,0.382374,-0.172934,0.120974,0.349121,-1.830078,0.773437,-0.058888,-0.003464,0.0437,chewing
5335505.0,-0.664551,1.874023,0.187988,0.274989,-0.023182,0.023449,0.291504,-1.877441,0.664551,-0.193185,0.011991,0.055424,chewing
5335515.0,-0.69873,1.845215,0.129883,0.067681,0.093262,-0.08287,0.344727,-1.924805,0.682129,-0.11751,-0.154015,0.207574,chewing
5335525.0,-0.698242,1.837402,0.123535,0.085268,0.063152,-0.093795,0.337891,-1.866211,0.73877,-0.158012,-0.140159,0.20038,chewing
5335535.0,-0.706055,1.833984,0.133301,0.034907,0.123639,-0.081005,0.298828,-1.89502,0.730469,-0.235553,-0.105253,0.272591,chewing
5335545.0,-0.699219,1.841797,0.129883,-0.023182,0.212371,-0.077008,0.297852,-1.900879,0.73877,-0.321887,-0.043966,0.276055,chewing
5335555.0,-0.71582,1.836914,0.123535,-0.038637,0.261666,-0.032775,0.304688,-1.890625,0.766602,-0.350931,-0.007994,0.223029,chewing
5335565.0,-0.693848,1.843262,0.126465,-0.019185,0.259002,-0.00826,0.299316,-1.873535,0.757812,-0.365853,0.063951,0.158545,chewing
5335575.0,-0.695312,1.838867,0.131836,-0.023715,0.250475,0.015721,0.30127,-1.87793,0.746094,-0.336276,0.088466,0.078873,chewing
5335585.0,-0.681152,1.852051,0.146484,0.00453,0.192119,0.000799,0.318359,-1.890625,0.70752,-0.303234,0.085268,0.074609,chewing
5335595.0,-0.703125,1.842285,0.128906,-0.002398,0.169204,-0.006129,0.330078,-1.903809,0.706055,-0.230224,0.046098,0.07008,chewing
5335605.0,-0.710937,1.847656,0.126953,0.005862,0.13856,-0.022649,0.331543,-1.888184,0.71875,-0.20411,0.007994,0.071678,chewing
5335615.0,-0.702148,1.85498,0.125,0.030377,0.083669,0.016254,0.314941,-1.887695,0.727051,-0.175066,-0.004796,0.115378,chewing
5335625.0,-0.712402,1.855469,0.13916,0.062619,0.087933,0.026646,0.300293,-1.886719,0.738281,-0.180928,0.008793,0.122839,chewing
5335635.0,-0.693848,1.863281,0.130371,0.118842,0.043433,0.032242,0.29248,-1.867188,0.757324,-0.177198,0.069014,0.094328,chewing
5335645.0,-0.694336,1.868652,0.146484,0.064484,0.069014,0.011191,0.287109,-1.873535,0.736328,-0.192386,0.120441,0.060753,chewing
5335655.0,-0.691895,1.852539,0.142578,-0.061286,0.145755,-0.001599,0.301758,-1.876465,0.746094,-0.181194,0.16947,0.02558,chewing
5335665.0,-0.681641,1.858398,0.133301,-0.011458,0.120175,0.027712,0.320313,-1.870605,0.730469,-0.165473,0.19132,-0.032508,chewing
5335675.0,-0.69043,1.858398,0.127441,-0.046364,0.111914,0.043966,0.335938,-1.878906,0.729492,-0.171868,0.24408,-0.083403,chewing
5335685.0,-0.706543,1.853516,0.138672,-0.053559,0.078606,0.031443,0.344238,-1.88623,0.713867,-0.173467,0.272058,-0.082603,chewing
5335695.0,-0.700684,1.851563,0.124512,-0.000533,0.013057,-0.012257,0.324219,-1.896484,0.719727,-0.128968,0.276322,-0.112181,chewing
5335705.0,-0.710449,1.847656,0.137207,0.028245,-0.066616,-0.021317,0.332031,-1.888672,0.719727,-0.112447,0.266995,-0.122839,chewing
5335715.0,-0.694336,1.865723,0.132812,0.059421,-0.067415,-0.015455,0.300293,-1.898438,0.709961,-0.062352,0.232622,-0.133764,chewing
5335725.0,-0.701172,1.86377,0.157227,0.06475,-0.067948,0.022916,0.297852,-1.895996,0.71875,-0.049029,0.188655,-0.12577,chewing
5335735.0,-0.69873,1.859863,0.146973,0.050095,-0.026113,0.051161,0.296387,-1.900879,0.71875,-0.034374,0.179329,-0.105519,chewing
5335745.0,-0.711914,1.862305,0.148926,0.057822,-0.024248,0.070346,0.287109,-1.881836,0.72168,-0.029044,0.158812,-0.066349,chewing
5335755.0,-0.724609,1.859863,0.143066,0.079139,-0.030377,0.0437,0.291992,-1.88623,0.728027,-0.034107,0.144156,-0.06475,chewing
5335765.0,-0.717285,1.866211,0.133789,0.078873,-0.054891,0.011191,0.291992,-1.886719,0.721191,-0.053292,0.112181,-0.037838,chewing
5335775.0,-0.715332,1.858398,0.135742,0.080472,-0.046364,0.032508,0.298828,-1.884766,0.711914,-0.037305,0.075142,-0.02185,chewing
5335785.0,-0.721191,1.866699,0.13623,0.110315,-0.040502,0.055424,0.293945,-1.893066,0.713379,-0.034107,0.045032,0.011724,chewing
5335795.0,-0.713867,1.864746,0.141113,0.067415,-0.019985,0.024781,0.316406,-1.899414,0.692383,-0.037038,-0.012524,0.020518,chewing
5335805.0,-0.698242,1.858398,0.129883,0.06555,-0.034907,-0.004796,0.323242,-1.898926,0.69873,-0.038637,-0.04823,0.04743,chewing
5335815.0,-0.698242,1.855957,0.133301,0.035173,-0.010925,-0.011991,0.3125,-1.911133,0.688965,-0.022916,-0.033308,0.003198,chewing
5335825.0,-0.706543,1.82959,0.147461,0.040236,0.032508,0.000533,0.300781,-1.930664,0.679687,-0.009859,-0.097259,0.04743,chewing
5335835.0,-0.707031,1.841309,0.146484,0.053559,0.029311,0.00453,0.304688,-1.894531,0.702637,0.0429,-0.173201,0.084735,chewing
5335845.0,-0.700195,1.84082,0.14209,0.031176,0.029311,0.020251,0.297852,-1.89209,0.70459,0.037838,-0.186524,0.084735,chewing
5335855.0,-0.708008,1.840332,0.126953,0.007194,0.031443,0.010925,0.291016,-1.900879,0.72168,0.04743,-0.252073,0.124438,chewing
5335865.0,-0.708984,1.825684,0.118164,-0.009859,0.010126,0.023982,0.29541,-1.882324,0.727051,0.054092,-0.362123,0.147887,chewing
5335875.0,-0.69043,1.844238,0.117676,0.012257,-0.035972,0.049562,0.332031,-1.853516,0.765137,0.123639,-0.450055,0.124438,chewing
5335885.0,-0.667969,1.851563,0.116211,0.152683,-0.160677,0.104453,0.359375,-1.837891,0.772949,0.201712,-0.448456,0.006395,chewing
5335895.0,-0.665527,1.841797,0.142578,0.322953,-0.338407,0.168937,0.37793,-1.858887,0.740723,0.294974,-0.329881,-0.171335,chewing
5335905.0,-0.674316,1.84375,0.145996,0.354928,-0.331746,0.130567,0.391602,-1.871094,0.709473,0.333345,-0.149219,-0.303234,chewing
5335915.0,-0.659668,1.848145,0.168457,0.263265,-0.311228,0.09113,0.349609,-1.894531,0.677734,0.338407,-0.054358,-0.322953,chewing
5335925.0,-0.665527,1.85498,0.153809,0.2177,-0.26513,0.10925,0.277832,-1.942383,0.633301,0.331746,-0.111648,-0.184925,chewing
5335935.0,-0.665527,1.865723,0.11377,0.293375,-0.306432,0.123639,0.305176,-1.928223,0.709961,0.437798,-0.213436,-0.086067,chewing
5335945.0,-0.691406,1.880371,0.151855,0.145222,-0.181727,0.083403,0.27002,-1.908691,0.711914,0.315492,-0.208907,-0.066083,chewing
5335955.0,-0.688965,1.866211,0.150391,0.012524,-0.095127,-0.014922,0.286621,-1.9375,0.727051,0.246478,-0.095127,-0.077807,chewing
5335965.0,-0.683105,1.862793,0.172852,-0.058622,-0.004263,-0.097525,0.307129,-1.85791,0.827637,0.240616,0.137761,-0.215568,chewing
5335975.0,-0.70166,1.864258,0.145996,-0.1303,0.067681,-0.093262,0.26123,-1.831543,0.849121,0.247277,0.251008,-0.346135,chewing
5335985.0,-0.716309,1.85791,0.162598,-0.292309,0.208907,-0.14842,0.226562,-1.917969,0.736816,0.193718,0.192919,-0.355727,chewing
5335995.0,-0.729004,1.859863,0.148926,-0.429804,0.29524,-0.154815,0.300293,-1.973633,0.580566,0.195317,-0.054625,-0.163341,chewing
5336005.0,-0.730469,1.841797,0.146973,-0.412217,0.308297,-0.098591,0.418457,-1.911621,0.618164,0.260067,-0.250208,-0.000799,chewing
5336015.0,-0.727051,1.850098,0.157715,-0.297639,0.255005,-0.046631,0.446777,-1.849609,0.692383,0.310162,-0.362123,0.063685,chewing
5336025.0,-0.728516,1.852539,0.13623,-0.236086,0.248609,-0.007461,0.405762,-1.81543,0.770508,0.174,-0.221697,0.002665,chewing
5336035.0,-0.72168,1.853027,0.13916,-0.111381,0.168404,0.014123,0.324707,-1.838867,0.790527,0.071945,-0.079672,-0.022916,chewing
5336045.0,-0.688965,1.872559,0.131836,-0.037038,0.135363,0.029044,0.314453,-1.862793,0.779785,0.02558,0.018119,-0.001599,chewing
5336055.0,-0.698242,1.833984,0.138184,-0.027979,0.107118,0.037838,0.26123,-1.865723,0.783203,-0.03091,0.100723,-0.029044,chewing
5336065.0,-0.6875,1.85498,0.140625,-0.011191,0.075142,0.033308,0.27002,-1.876465,0.789062,-0.033574,0.13483,-0.07834,chewing
5336075.0,-0.678711,1.856934,0.157715,-0.028511,0.070346,0.022916,0.314941,-1.853516,0.779785,-0.054358,0.148153,-0.088199,chewing
5336085.0,-0.688965,1.855957,0.152832,-0.039436,0.084202,0.001865,0.358887,-1.854492,0.760254,-0.046897,0.122306,-0.073011,chewing
5336095.0,-0.686035,1.847656,0.150879,-0.018386,0.082337,-0.027179,0.379395,-1.84375,0.764648,-0.045565,0.136429,-0.061553,chewing
5336105.0,-0.696777,1.86084,0.152832,-0.009326,0.078074,-0.016787,0.353516,-1.871094,0.750488,-0.034107,0.123106,-0.024781,chewing
5336115.0,-0.711426,1.849609,0.149414,0.03464,0.057822,-0.010925,0.344238,-1.868164,0.769043,-0.025314,0.098591,0.000799,chewing
5336125.0,-0.716797,1.85498,0.151367,0.063152,0.042101,0.019985,0.33252,-1.857422,0.785645,-0.058888,0.198515,-0.024781,chewing
5336135.0,-0.731934,1.848633,0.144043,0.093262,0.037571,0.075142,0.299805,-1.882813,0.750977,-0.101256,0.227825,-0.045565,chewing
5336145.0,-0.724121,1.837891,0.149902,0.140959,0.031975,0.128701,0.314941,-1.887207,0.733398,-0.149485,0.207841,-0.010658,chewing
5336155.0,-0.70752,1.849609,0.134766,0.16574,0.013323,0.157746,0.320313,-1.86377,0.757324,-0.203311,0.191587,0.028245,chewing
5336165.0,-0.68457,1.855469,0.132812,0.248876,-0.092196,0.209173,0.350586,-1.855469,0.835937,-0.208907,0.171069,0.034107,chewing
5336175.0,-0.65625,1.865234,0.091309,0.467109,-0.29151,0.294175,0.328613,-1.866211,0.834473,-0.182793,0.164674,-0.045565,chewing
5336185.0,-0.682129,1.867676,0.165527,0.562502,-0.413283,0.289911,0.262207,-1.894531,0.758301,-0.163341,0.144423,-0.111914,chewing
5336195.0,-0.665527,1.908203,0.323242,0.338141,-0.275256,0.201979,0.288574,-1.899414,0.584473,-0.26966,0.133231,0.000533,chewing
5336205.0,-0.695801,1.875,0.17041,-0.102322,0.177198,0.055691,0.362305,-1.950195,0.634277,-0.226493,-0.155881,0.314692,chewing
5336215.0,-0.717285,1.859375,0.12793,-0.138827,0.253939,0.021317,0.391113,-1.832031,0.766602,-0.248077,-0.077541,0.290444,chewing
5336225.0,-0.717773,1.833008,0.135254,-0.150018,0.240083,0.036239,0.310547,-1.90918,0.705078,-0.388769,-0.010392,0.319222,chewing
5336235.0,-0.716797,1.840332,0.125977,-0.140959,0.254738,-0.010392,0.349609,-1.883789,0.743652,-0.370916,-0.032775,0.341072,chewing
5336245.0,-0.701172,1.849609,0.141602,-0.170802,0.242747,-0.06555,0.303223,-1.874023,0.753906,-0.403158,0.033308,0.276055,chewing
5336255.0,-0.678711,1.850586,0.141113,-0.197182,0.274989,-0.06102,0.28418,-1.867188,0.779785,-0.366119,0.085801,0.178796,chewing
5336265.0,-0.676758,1.858887,0.140625,-0.225694,0.34427,-0.021583,0.27832,-1.875,0.76416,-0.365853,0.137228,0.094061,chewing
5336275.0,-0.675781,1.861328,0.149414,-0.245412,0.363988,-0.000533,0.301758,-1.880371,0.734375,-0.258469,0.109783,0.05276,chewing
5336285.0,-0.681641,1.861328,0.160156,-0.199847,0.339473,0.010392,0.291016,-1.941895,0.769531,-0.245678,0.20411,0.181994,chewing
5336295.0,-0.689453,1.853027,0.150391,-0.096726,0.261133,0.015188,0.349121,-1.90332,0.710449,-0.196383,0.107118,0.03917,chewing
5336305.0,-0.681152,1.872559,0.158203,-0.030377,0.201446,0.053292,0.351074,-1.88623,0.711914,-0.170536,0.146021,0.018119,chewing
5336315.0,-0.680176,1.85498,0.154297,0.066616,0.122839,0.062885,0.341309,-1.902832,0.700684,-0.160144,0.162276,0.034107,chewing
5336325.0,-0.670898,1.865234,0.158691,0.128968,0.067415,0.055691,0.322754,-1.865723,0.723145,-0.165207,0.177997,0.014389,chewing
5336335.0,-0.662598,1.866211,0.155762,0.151084,0.042634,0.063152,0.305664,-1.884766,0.728027,-0.176398,0.224894,-0.005596,chewing
5336345.0,-0.663574,1.861328,0.147949,0.152417,0.029311,0.06555,0.301758,-1.863281,0.762695,-0.154815,0.241948,-0.03091,chewing
5336355.0,-0.658691,1.873535,0.150391,0.154015,0.007194,0.051694,0.291016,-1.871582,0.727539,-0.18226,0.268061,-0.064217,chewing
5336365.0,-0.668945,1.864746,0.156738,0.136162,0.000266,0.04823,0.295898,-1.881836,0.722656,-0.144156,0.217966,-0.07008,chewing
5336375.0,-0.683105,1.866699,0.162109,0.116711,0.018652,0.069813,0.303223,-1.897461,0.714355,-0.104453,0.141758,-0.071678,chewing
5336385.0,-0.683105,1.858398,0.147461,0.073011,0.043167,0.051161,0.293945,-1.899414,0.680664,-0.038104,-0.014123,0.002398,chewing
5336395.0,-0.695801,1.857422,0.160645,0.046364,0.05276,0.039436,0.300781,-1.898438,0.700195,0.047697,-0.193452,0.068747,chewing
5336405.0,-0.679687,1.864746,0.144043,0.06928,-0.002398,0.054625,0.332031,-1.87207,0.724609,0.094861,-0.24328,0.0866,chewing
5336415.0,-0.697754,1.858887,0.13916,0.097259,-0.046098,0.057822,0.329102,-1.873535,0.73291,0.085534,-0.169737,-0.005063,chewing
5336425.0,-0.693848,1.867188,0.151855,0.105253,-0.071412,0.045832,0.314941,-1.891602,0.710937,0.075942,-0.10472,-0.016787,chewing
5336435.0,-0.695801,1.856934,0.151367,0.133764,-0.106319,0.026646,0.315918,-1.89502,0.723633,0.111381,-0.126303,-0.046098,chewing
5336445.0,-0.680664,1.870605,0.11084,0.251807,-0.188389,0.058089,0.342773,-1.874023,0.777832,0.227559,-0.247011,-0.069547,chewing
5336455.0,-0.668945,1.908691,0.108398,0.410619,-0.358392,0.118576,0.376953,-1.827148,0.78418,0.237685,-0.159877,-0.178263,chewing
5336465.0,-0.674316,1.898926,0.148926,0.312028,-0.340273,0.120441,0.375488,-1.857422,0.748535,0.262466,-0.020518,-0.234753,chewing
5336475.0,-0.67627,1.87207,0.172852,0.2169,-0.212104,0.098858,0.341309,-1.90625,0.696289,0.333078,-0.003464,-0.241948,chewing
5336485.0,-0.687988,1.868164,0.176758,0.079139,-0.021317,0.081271,0.316406,-1.932617,0.644043,0.420211,-0.068747,-0.241948,chewing
5336495.0,-0.679687,1.877441,0.126953,0.083669,-0.002665,0.120708,0.330566,-1.905273,0.662598,0.478034,-0.110315,-0.209972,chewing
5336505.0,-0.681152,1.86377,0.113281,0.26966,-0.207041,0.194784,0.3125,-1.910645,0.660645,0.403424,-0.035173,-0.176931,chewing
5336515.0,-0.672852,1.884277,0.210449,0.272058,-0.270992,0.143357,0.28418,-1.890625,0.699219,0.318423,0.100989,-0.168671,chewing
5336525.0,-0.658203,1.827637,0.205078,0.088998,-0.03091,-0.005596,0.242676,-1.858398,0.819336,0.283516,0.170802,-0.136695,chewing
5336535.0,-0.67334,1.869629,0.16748,-0.107384,0.177464,-0.092729,0.247559,-1.861328,0.827148,0.29151,0.20944,-0.309096,chewing
5336545.0,-0.675293,1.830078,0.126465,-0.224628,0.251541,-0.076475,0.185059,-1.933105,0.678223,0.168138,0.168404,-0.252873,chewing
5336555.0,-0.718262,1.848145,0.127441,-0.375446,0.35253,-0.109783,0.284668,-1.991699,0.608398,0.130567,-0.025847,-0.046098,chewing
5336565.0,-0.705566,1.839355,0.157227,-0.315758,0.239816,-0.120708,0.380859,-1.925293,0.646484,0.205443,-0.25607,0.015721,chewing
5336575.0,-0.704102,1.830078,0.155762,-0.261666,0.163608,-0.106319,0.442383,-1.780762,0.781738,0.093262,-0.048496,-0.056224,chewing
5336585.0,-0.685547,1.834961,0.169434,-0.154282,0.115378,-0.064484,0.366211,-1.810547,0.76416,0.005063,0.032775,-0.055691,chewing
5336595.0,-0.694336,1.85498,0.14209,-0.07381,0.085801,-0.027979,0.349609,-1.853516,0.74707,0.009326,0.011724,-0.028778,chewing
5336605.0,-0.685547,1.855957,0.158203,-0.026913,0.054625,-0.035173,0.315918,-1.869141,0.779785,-0.008793,0.022383,0.0429,chewing
5336615.0,-0.667969,1.864258,0.156738,0.015188,0.009326,-0.056757,0.299805,-1.872559,0.780273,-0.015188,0.068747,-0.00826,chewing
5336625.0,-0.681152,1.864258,0.154785,0.050628,-0.009326,-0.075942,0.301758,-1.882324,0.769043,-0.036239,0.080205,-0.033041,chewing
5336635.0,-0.66748,1.864746,0.163086,0.045565,0.007461,-0.029044,0.307617,-1.875977,0.754395,-0.041835,0.09193,-0.041835,chewing
5336645.0,-0.669922,1.854004,0.144531,0.0437,0.069547,-0.000799,0.343262,-1.855469,0.773437,-0.046631,0.109516,-0.058089,chewing
5336655.0,-0.691895,1.853027,0.144043,0.062086,0.07834,0.025047,0.341309,-1.841309,0.777344,-0.054358,0.158279,-0.073544,chewing
5336665.0,-0.695312,1.853516,0.13623,0.071145,0.074609,0.039703,0.345215,-1.859863,0.77002,-0.058622,0.149752,-0.051427,chewing
5336675.0,-0.686523,1.871094,0.139648,0.095127,0.048763,0.027979,0.333008,-1.869141,0.762695,-0.059688,0.136429,-0.050894,chewing
5336685.0,-0.67627,1.871582,0.159668,0.115112,0.037305,0.019718,0.329102,-1.860352,0.760254,-0.064217,0.201446,-0.053292,chewing
5336695.0,-0.685059,1.875977,0.146484,0.139893,-0.010658,0.021317,0.321289,-1.870117,0.751465,-0.096992,0.244879,-0.067681,chewing
5336705.0,-0.677734,1.873047,0.148926,0.175066,-0.021051,0.035173,0.313965,-1.878906,0.735352,-0.131366,0.24328,-0.072211,chewing
5336715.0,-0.676758,1.87207,0.13623,0.164674,-0.015188,0.047164,0.334961,-1.877441,0.746582,-0.187057,0.206508,-0.011458,chewing
5336725.0,-0.6875,1.87207,0.132812,0.198248,-0.031176,0.079406,0.341797,-1.86377,0.75293,-0.212904,0.187323,0.010658,chewing
5336735.0,-0.685547,1.874512,0.126465,0.271792,-0.113513,0.10845,0.317871,-1.873047,0.746582,-0.25234,0.168138,0.0437,chewing
5336745.0,-0.688477,1.850586,0.130859,0.489492,-0.346934,0.197182,0.378418,-1.799805,0.908691,-0.135096,0.159078,0.041035,chewing
5336755.0,-0.636719,1.911133,0.176758,0.605136,-0.422876,0.236619,0.322754,-1.844238,0.770508,-0.193452,0.263265,-0.120175,chewing
5336765.0,-0.722656,1.850586,0.142578,0.309629,-0.168138,0.071145,0.26416,-2.003418,0.617187,-0.145755,-0.032775,0.063152,chewing
5336775.0,-0.690918,1.836914,0.13623,0.212371,-0.099923,-0.019452,0.410156,-1.825195,0.750488,-0.08287,-0.0874,0.174266,chewing
5336785.0,-0.68457,1.861328,0.148926,0.140692,0.024248,-0.05196,0.31543,-1.901855,0.689453,-0.220364,-0.058622,0.224095,chewing
5336795.0,-0.698242,1.843262,0.137207,0.00373,0.144689,-0.087666,0.351074,-1.88623,0.688965,-0.193718,-0.102855,0.249142,chewing
5336805.0,-0.705078,1.844238,0.123047,-0.032242,0.219832,-0.070879,0.34082,-1.870117,0.727539,-0.24781,-0.039436,0.240616,chewing
5336815.0,-0.703125,1.840332,0.132324,-0.022649,0.234753,-0.048763,0.316895,-1.893555,0.73877,-0.314959,0.055691,0.228625,chewing
5336825.0,-0.694336,1.851074,0.131348,-0.070879,0.275256,-0.028511,0.286621,-1.867676,0.766602,-0.370916,0.119908,0.202511,chewing
5336835.0,-0.67334,1.840332,0.133789,-0.042634,0.255538,-0.015188,0.279297,-1.873535,0.740234,-0.360257,0.125237,0.155881,chewing
5336845.0,-0.668457,1.851563,0.123047,0.044766,0.192919,0.021583,0.291992,-1.88916,0.72998,-0.353862,0.118576,0.13856,chewing
5336855.0,-0.663086,1.858398,0.118164,0.028511,0.154548,0.005063,0.303223,-1.885254,0.727051,-0.285381,0.11298,0.14842,chewing
5336865.0,-0.646973,1.858887,0.12207,0.013856,0.12577,0.014389,0.324707,-1.883789,0.739746,-0.23502,0.089798,0.136162,chewing
5336875.0,-0.662109,1.853027,0.125488,-0.030377,0.149752,-0.023715,0.338379,-1.87207,0.731934,-0.229691,0.111648,0.141758,chewing
5336885.0,-0.675781,1.853027,0.115723,0.065017,0.076208,-0.032242,0.327148,-1.871094,0.746582,-0.204643,0.120175,0.120175,chewing
5336895.0,-0.67334,1.847168,0.126465,0.069813,0.020251,-0.020784,0.329102,-1.870605,0.735352,-0.199847,0.139626,0.093528,chewing
5336905.0,-0.678711,1.844727,0.142578,0.077274,0.023449,-0.007461,0.325195,-1.885742,0.71582,-0.180129,0.177464,0.004796,chewing
5336915.0,-0.672852,1.871094,0.135742,0.080738,0.054092,-0.010126,0.327148,-1.874023,0.73877,-0.125237,0.203044,-0.079139,chewing
5336925.0,-0.70459,1.852539,0.128418,0.046098,0.063685,-0.003464,0.319824,-1.880371,0.708008,-0.150551,0.242214,-0.059954,chewing
5336935.0,-0.67334,1.862305,0.114746,0.055957,0.044233,0.013057,0.317383,-1.89209,0.72168,-0.142824,0.285648,-0.068481,chewing
5336945.0,-0.682129,1.851563,0.125,0.033841,0.056757,0.019718,0.298828,-1.87207,0.723145,-0.146288,0.264864,-0.119109,chewing
5336955.0,-0.688477,1.851074,0.131836,0.031709,0.029844,0.02638,0.279785,-1.885254,0.717285,-0.144956,0.207041,-0.084735,chewing
5336965.0,-0.688965,1.856934,0.131348,0.022916,0.034374,0.021051,0.298828,-1.889648,0.716309,-0.122573,0.162542,-0.051427,chewing
5336975.0,-0.700684,1.851074,0.123047,0.019452,0.015455,0.015721,0.28418,-1.887695,0.713867,-0.081005,0.063152,-0.017054,chewing
5336985.0,-0.689453,1.871094,0.117188,0.09566,-0.030377,0.043966,0.306152,-1.882813,0.730957,-0.01359,-0.118309,0.05649,chewing
5336995.0,-0.688477,1.865723,0.141602,0.101522,-0.048496,0.06928,0.317871,-1.89209,0.710937,0.027179,-0.239017,0.100723,chewing
5337005.0,-0.677246,1.865234,0.125977,0.172668,-0.083936,0.067681,0.353516,-1.905273,0.696777,0.106585,-0.285381,0.066882,chewing
5337015.0,-0.675781,1.87793,0.118164,0.248077,-0.136695,0.071945,0.347656,-1.888184,0.716309,0.176398,-0.28325,-0.028778,chewing
5337025.0,-0.671875,1.879883,0.128906,0.304034,-0.212104,0.097792,0.34668,-1.864258,0.723145,0.209173,-0.215035,-0.118043,chewing
5337035.0,-0.667969,1.857422,0.12207,0.316291,-0.222763,0.084469,0.319336,-1.882324,0.713379,0.198781,-0.1303,-0.138827,chewing
5337045.0,-0.675293,1.866699,0.133301,0.286447,-0.209972,0.087933,0.327637,-1.879395,0.718262,0.222763,-0.087133,-0.201979,chewing
5337055.0,-0.666992,1.872559,0.109863,0.268328,-0.207841,0.095127,0.340332,-1.857422,0.739746,0.253939,-0.018386,-0.243813,chewing
5337065.0,-0.679687,1.855957,0.116699,0.195583,-0.139093,0.103654,0.305176,-1.89502,0.697754,0.236885,-0.004263,-0.217966,chewing
5337075.0,-0.623047,1.868652,0.086426,0.168671,-0.155614,0.134031,0.279785,-1.933594,0.663574,0.324285,-0.070613,-0.214502,chewing
5337085.0,-0.735352,1.825684,0.156738,0.178796,-0.264331,0.053559,0.309082,-1.915527,0.696777,0.357859,-0.087133,-0.158545,chewing
5337095.0,-0.652832,1.852051,0.144531,0.171335,-0.295773,0.04823,0.309082,-1.931641,0.677246,0.301636,-0.00373,-0.14762,chewing
5337105.0,-0.692871,1.833008,0.158203,-0.037305,-0.076741,-0.053292,0.328613,-1.868164,0.794434,0.323485,0.086067,-0.154815,chewing
5337115.0,-0.67041,1.830566,0.157227,-0.290977,0.167605,-0.134564,0.149414,-1.885254,0.862305,0.267795,0.111648,-0.434334,chewing
5337125.0,-0.682129,1.870117,0.134766,-0.397562,0.321087,-0.156413,0.200684,-1.944824,0.626465,0.175599,0.115112,-0.215035,chewing
5337135.0,-0.695801,1.851074,0.140137,-0.515605,0.406888,-0.125237,0.321289,-1.946777,0.627441,0.20864,-0.079139,-0.03544,chewing
5337145.0,-0.708008,1.836914,0.134277,-0.377311,0.286181,-0.080738,0.323242,-1.919922,0.654785,0.24781,-0.241681,-0.014922,chewing
5337155.0,-0.699219,1.840332,0.140625,-0.292309,0.245145,-0.079672,0.28418,-1.901367,0.76123,0.203577,-0.205975,-0.171069,chewing
5337165.0,-0.696777,1.836426,0.129883,-0.158012,0.156946,-0.079939,0.375,-1.807617,0.787598,0.110848,-0.062086,-0.080738,chewing
5337175.0,-0.689453,1.867188,0.145508,-0.070613,0.090331,-0.068481,0.327148,-1.857422,0.762207,0.057556,-0.00373,-0.023715,chewing
5337185.0,-0.69043,1.868652,0.145508,-0.040769,0.025314,-0.059954,0.294922,-1.864258,0.772949,-0.004263,0.091397,-0.01732,chewing
5337195.0,-0.674805,1.878418,0.14502,0.000799,0.0,-0.056224,0.27832,-1.884766,0.768066,-0.043966,0.132698,-0.058622,chewing
5337205.0,-0.682617,1.872559,0.14502,0.019185,0.01732,-0.053559,0.317383,-1.875,0.754883,-0.057556,0.146821,-0.047164,chewing
5337215.0,-0.679687,1.865234,0.15625,0.029044,0.0429,-0.010126,0.335938,-1.870605,0.756836,-0.051161,0.109783,-0.023715,chewing
5337225.0,-0.685547,1.856445,0.150391,0.039969,0.081271,0.010925,0.373535,-1.848145,0.746582,-0.0437,0.103121,-0.001066,chewing
5337235.0,-0.692383,1.862305,0.152832,0.053559,0.075942,0.018386,0.362793,-1.857422,0.751465,-0.03011,0.123905,-0.029577,chewing
5337245.0,-0.68457,1.86084,0.140625,0.067415,0.045299,0.011191,0.334473,-1.85498,0.76709,-0.026113,0.132165,-0.034374,chewing
5337255.0,-0.671875,1.875,0.141113,0.067948,0.033308,0.019185,0.308594,-1.870605,0.757812,-0.041568,0.123372,-0.03011,chewing
5337265.0,-0.678711,1.862305,0.135742,0.070879,0.046631,0.024248,0.323242,-1.862793,0.787598,-0.059421,0.173201,-0.026913,chewing
5337275.0,-0.688477,1.862793,0.143066,0.090864,0.031709,0.002665,0.311523,-1.873535,0.759277,-0.10925,0.257136,-0.067681,chewing
5337285.0,-0.685547,1.862305,0.131348,0.119908,0.007194,-0.00453,0.317383,-1.887695,0.733398,-0.14842,0.244613,-0.04823,chewing
5337295.0,-0.689453,1.880859,0.137695,0.136429,0.001066,-0.031443,0.337402,-1.879395,0.759277,-0.167338,0.205443,-0.024781,chewing
5337305.0,-0.700195,1.878418,0.133789,0.160943,-0.038104,-0.021583,0.338379,-1.867676,0.745605,-0.205176,0.180395,0.012257,chewing
5337315.0,-0.680664,1.852051,0.144043,0.333078,-0.208107,0.087666,0.358887,-1.852539,0.831543,-0.188123,0.208907,0.03091,chewing
5337325.0,-0.687012,1.880371,0.14209,0.269926,-0.142824,0.082603,0.30127,-1.900391,0.723633,-0.202778,0.142025,0.035173,chewing
5337335.0,-0.688477,1.859863,0.114258,0.484695,-0.334144,0.205709,0.360352,-1.783691,0.875,-0.097792,0.141492,0.041302,chewing
5337345.0,-0.659668,1.899414,0.222656,0.290977,-0.119109,0.121507,0.238281,-1.902344,0.681152,-0.276855,0.234753,-0.085268,chewing
5337355.0,-0.709473,1.85791,0.121094,0.215568,-0.082603,0.069547,0.322754,-1.928711,0.660156,-0.059688,0.002398,0.062352,chewing
5337365.0,-0.698242,1.848633,0.128418,0.292309,-0.141225,0.045299,0.366211,-1.806152,0.793945,-0.063685,0.019185,0.069547,chewing
5337375.0,-0.699219,1.839844,0.119141,0.19585,-0.031709,-0.054891,0.277832,-1.926758,0.666992,-0.191853,-0.059688,0.19958,chewing
5337385.0,-0.715332,1.833496,0.115234,0.124438,0.019985,-0.088199,0.352051,-1.879395,0.716309,-0.176132,-0.148153,0.32615,chewing
5337395.0,-0.703125,1.845215,0.105957,0.065017,0.121507,-0.046098,0.330566,-1.890625,0.735352,-0.27792,-0.113779,0.352263,chewing
5337405.0,-0.681641,1.841309,0.118652,-0.018119,0.22223,-0.003198,0.311035,-1.88623,0.738281,-0.349865,-0.002398,0.313626,chewing
5337415.0,-0.698242,1.837402,0.118652,-0.045832,0.250208,0.017587,0.441406,-1.80957,0.704102,-0.349599,0.136962,0.431403,chewing
5337425.0,-0.672363,1.845215,0.121094,-0.053825,0.241948,-0.008527,0.283203,-1.88623,0.740723,-0.367985,0.112714,0.209706,chewing
5337435.0,-0.687988,1.830078,0.116211,-0.041835,0.208107,-0.041302,0.282227,-1.884277,0.740234,-0.298172,0.088998,0.156413,chewing
5337445.0,-0.671875,1.84668,0.10791,-0.025047,0.162809,-0.035972,0.294434,-1.897461,0.731934,-0.263531,0.07008,0.115911,chewing
5337455.0,-0.682617,1.847656,0.116699,-0.024781,0.13936,-0.013057,0.306152,-1.910645,0.693848,-0.236086,0.038904,0.098858,chewing
5337465.0,-0.680664,1.84668,0.109375,-0.036772,0.139093,-0.01359,0.308594,-1.900391,0.708984,-0.193985,0.026913,0.123905,chewing
5337475.0,-0.673828,1.850586,0.133301,-0.043167,0.129767,0.006395,0.30127,-1.898438,0.722168,-0.198248,0.033841,0.166006,chewing
5337485.0,-0.674316,1.844727,0.12793,-0.01279,0.124971,0.007461,0.293457,-1.874512,0.735352,-0.181994,0.063152,0.183593,chewing
5337495.0,-0.677246,1.850586,0.129395,0.000266,0.121773,0.040769,0.295898,-1.865234,0.742187,-0.18679,0.113779,0.119642,chewing
5337505.0,-0.687988,1.855469,0.118652,0.029844,0.074343,0.030643,0.303223,-1.869629,0.75,-0.181461,0.166806,0.040502,chewing
5337515.0,-0.683105,1.848145,0.131348,0.034107,0.017853,-0.027446,0.294922,-1.879883,0.717773,-0.171335,0.223296,-0.045032,chewing
5337525.0,-0.680176,1.862793,0.125977,0.001865,0.018919,-0.025847,0.306152,-1.878906,0.71875,-0.1303,0.23502,-0.101256,chewing
5337535.0,-0.668945,1.865234,0.133789,-0.008793,0.036239,0.002398,0.313477,-1.878418,0.705078,-0.144423,0.214236,-0.05196,chewing
5337545.0,-0.681641,1.854004,0.14502,-0.007461,0.026646,0.028778,0.310059,-1.893555,0.709961,-0.134297,0.172401,-0.032775,chewing
5337555.0,-0.677734,1.859863,0.140625,-0.039969,0.012257,0.024248,0.315918,-1.908691,0.696289,-0.106851,0.102322,0.00826,chewing
5337565.0,-0.666016,1.859375,0.124512,-0.065816,-0.000799,-0.002931,0.300293,-1.913086,0.714355,-0.053026,0.005329,0.00453,chewing
5337575.0,-0.677734,1.871094,0.122559,-0.0429,-0.032508,-0.03464,0.288574,-1.898926,0.690918,0.040769,-0.186524,0.034907,chewing
5337585.0,-0.666016,1.883789,0.088867,-0.023182,-0.097259,-0.021317,0.296387,-1.887695,0.744629,0.15215,-0.404224,0.074077,chewing
5337595.0,-0.687988,1.875488,0.095215,0.087133,-0.220897,0.000533,0.32373,-1.863281,0.76123,0.225694,-0.510542,0.05276,chewing
5337605.0,-0.685059,1.872559,0.094727,0.210505,-0.332545,0.067415,0.375488,-1.854004,0.762695,0.26513,-0.398894,-0.083936,chewing
5337615.0,-0.690918,1.89209,0.157227,0.215835,-0.322153,0.0866,0.37207,-1.871094,0.711426,0.288046,-0.187323,-0.231023,chewing
5337625.0,-0.69873,1.861816,0.156738,0.102855,-0.190254,0.091663,0.364746,-1.885254,0.704102,0.386104,-0.089798,-0.322153,chewing
5337635.0,-0.67627,1.893555,0.161621,0.003464,-0.064484,0.034374,0.295898,-1.937988,0.656738,0.416481,-0.12577,-0.320554,chewing
5337645.0,-0.686523,1.875977,0.123535,0.042634,-0.082337,0.10019,0.324219,-1.913086,0.658203,0.526263,-0.22596,-0.262466,chewing
5337655.0,-0.664062,1.873535,0.100586,0.040236,-0.083936,0.138827,0.293945,-1.959473,0.622559,0.395697,-0.147087,-0.172668,chewing
5337665.0,-0.674805,1.884766,0.174316,0.290711,-0.375446,0.196116,0.308594,-1.918945,0.743652,0.393832,-0.019985,-0.159877,chewing
5337675.0,-0.679199,1.833984,0.228027,-0.084202,0.088732,-0.023715,0.28125,-1.860352,0.796387,0.267795,0.122306,-0.256337,chewing
5337685.0,-0.648437,1.861816,0.161133,-0.197715,0.251008,-0.078606,0.224121,-1.869141,0.871094,0.314692,0.150551,-0.315758,chewing
5337695.0,-0.675293,1.877441,0.134277,-0.26593,0.308031,-0.078074,0.150391,-1.876465,0.687012,0.162542,0.118842,-0.332279,chewing
5337705.0,-0.71875,1.851074,0.134766,-0.341338,0.268328,-0.036505,0.269531,-2.01123,0.531738,0.202778,-0.201712,-0.034907,chewing
5337715.0,-0.722656,1.833008,0.179199,-0.298438,0.199847,-0.084202,0.475098,-1.839844,0.691406,0.207841,-0.253939,0.077807,chewing
5337725.0,-0.720215,1.808105,0.165039,-0.159078,0.092196,-0.112714,0.382324,-1.793945,0.79248,0.102855,-0.044766,-0.072744,chewing
5337735.0,-0.706055,1.838379,0.152344,-0.021317,0.020251,-0.082603,0.348633,-1.864258,0.756348,0.065017,-0.037038,-0.040236,chewing
5337745.0,-0.70166,1.840332,0.145508,-0.011458,0.021317,-0.034907,0.365234,-1.858398,0.735352,0.014123,-0.009326,0.053559,chewing
5337755.0,-0.6875,1.855469,0.144531,0.004263,0.026113,0.008793,0.3125,-1.866211,0.759766,-0.040769,0.020784,0.06102,chewing
5337765.0,-0.685547,1.858887,0.152344,0.011724,0.034374,0.011991,0.302246,-1.869141,0.759277,-0.074077,0.063418,0.03011,chewing
5337775.0,-0.69873,1.856934,0.164551,0.067948,0.016787,-0.009593,0.306152,-1.85791,0.758301,-0.083403,0.081804,0.016787,chewing
5337785.0,-0.680176,1.870605,0.154785,0.070346,0.018919,-0.001066,0.343262,-1.860352,0.756348,-0.091663,0.076741,0.014389,chewing
5337795.0,-0.674805,1.869629,0.151367,0.074609,0.043433,0.0,0.339355,-1.851074,0.755859,-0.099657,0.10392,-0.025847,chewing
5337805.0,-0.675781,1.870605,0.143555,0.071412,0.060221,0.024248,0.341797,-1.861816,0.746582,-0.094061,0.153482,-0.043167,chewing
5337815.0,-0.679199,1.851563,0.140137,0.062086,0.07008,0.024248,0.32666,-1.874512,0.755859,-0.085002,0.1303,-0.051427,chewing
5337825.0,-0.695312,1.846191,0.138672,0.06102,0.044499,0.007461,0.322754,-1.884277,0.744629,-0.073544,0.119109,-0.036772,chewing
5337835.0,-0.692383,1.856445,0.154297,0.03917,0.032508,0.006395,0.325195,-1.883301,0.763184,-0.06928,0.158012,-0.029311,chewing
5337845.0,-0.696289,1.844727,0.128418,0.045832,0.002398,0.011191,0.30957,-1.88916,0.746582,-0.088998,0.190254,-0.03091,chewing
5337855.0,-0.679199,1.851563,0.130859,0.078606,0.007727,0.023182,0.331055,-1.894043,0.727051,-0.126037,0.151351,-0.017054,chewing
5337865.0,-0.694336,1.858398,0.119141,0.071678,0.013856,0.028778,0.335938,-1.891602,0.730957,-0.145489,0.103387,0.040769,chewing
5337875.0,-0.701172,1.868652,0.137695,0.093795,-0.015721,0.005596,0.344238,-1.859863,0.762207,-0.157479,0.081271,0.057556,chewing
5337885.0,-0.671387,1.880859,0.138184,0.387703,-0.356527,0.135629,0.395996,-1.734863,0.855469,-0.211305,0.289112,-0.076741,chewing
5337895.0,-0.669922,1.895508,0.114746,0.31789,-0.206242,0.107651,0.26416,-1.901367,0.754883,-0.083669,0.06475,-0.087133,chewing
5337905.0,-0.72168,1.865723,0.161133,0.197715,-0.138827,0.03917,0.29248,-1.896484,0.708008,-0.068747,-0.006928,0.046897,chewing
5337915.0,-0.710937,1.874512,0.140137,0.158545,-0.088732,-0.030643,0.331055,-1.875,0.731934,-0.039436,-0.053026,0.09566,chewing
5337925.0,-0.710449,1.857422,0.151367,0.144156,-0.070613,-0.065283,0.336914,-1.895996,0.734863,-0.086067,-0.045565,0.153482,chewing
5337935.0,-0.719238,1.849121,0.141602,0.158279,-0.02185,-0.055957,0.349609,-1.88916,0.719238,-0.102322,-0.0874,0.175066,chewing
5337945.0,-0.697266,1.847168,0.140137,0.123106,0.072211,-0.027979,0.34375,-1.882813,0.712891,-0.171602,-0.046098,0.152417,chewing
5337955.0,-0.688965,1.839355,0.145508,0.101256,0.118309,0.031176,0.330566,-1.876465,0.710937,-0.196649,-0.042101,0.188389,chewing
5337965.0,-0.666504,1.855469,0.125488,0.110582,0.133764,0.040502,0.3125,-1.874023,0.720215,-0.219832,-0.05276,0.192919,chewing
5337975.0,-0.669434,1.860352,0.137207,0.073277,0.131632,0.035173,0.308105,-1.875488,0.750488,-0.216368,-0.067415,0.227825,chewing
5337985.0,-0.673828,1.854492,0.134766,0.050628,0.128968,0.018386,0.286621,-1.896484,0.724121,-0.270726,-0.051161,0.237685,chewing
5337995.0,-0.658691,1.852051,0.131348,0.02558,0.142291,-0.011458,0.311035,-1.915527,0.70752,-0.249675,-0.046631,0.192386,chewing
5338005.0,-0.665039,1.867188,0.135254,0.002665,0.142824,-0.017587,0.307617,-1.879395,0.733887,-0.240882,-0.00906,0.118576,chewing
5338015.0,-0.691895,1.841797,0.124023,0.018919,0.10392,-0.03091,0.303223,-1.887207,0.734375,-0.227559,0.002665,0.116711,chewing
5338025.0,-0.694824,1.839355,0.130371,0.058888,0.062619,-0.033308,0.308594,-1.882813,0.705566,-0.212637,-0.004263,0.147087,chewing
5338035.0,-0.695801,1.829102,0.12793,0.085002,0.04823,-0.02185,0.306641,-1.878906,0.70166,-0.17773,-0.01732,0.154282,chewing
5338045.0,-0.692871,1.82959,0.131836,0.062619,0.038371,-0.015188,0.296387,-1.887207,0.713867,-0.19585,0.0429,0.127902,chewing
5338055.0,-0.694824,1.840332,0.140137,0.017853,0.057556,-0.021583,0.299316,-1.87793,0.720703,-0.193452,0.065816,0.094328,chewing
5338065.0,-0.689453,1.843262,0.133789,-0.038637,0.024515,-0.03544,0.293945,-1.897461,0.715332,-0.227825,0.085268,0.079939,chewing
5338075.0,-0.681152,1.852539,0.135742,-0.061553,0.037838,-0.053825,0.312012,-1.878906,0.717773,-0.189721,0.101256,0.044766,chewing
5338085.0,-0.661621,1.871094,0.150391,-0.094328,0.028511,-0.059421,0.319336,-1.878418,0.723145,-0.184925,0.119375,0.042101,chewing
5338095.0,-0.668457,1.866699,0.148926,-0.09193,0.008527,-0.059954,0.303223,-1.891113,0.712402,-0.153216,0.112714,0.021051,chewing
5338105.0,-0.673828,1.86084,0.12793,-0.116711,0.014655,-0.079939,0.313477,-1.895508,0.720703,-0.099124,0.064217,0.02558,chewing
5338115.0,-0.689453,1.869629,0.150391,-0.091663,0.011991,-0.088466,0.303711,-1.896484,0.697266,-0.104187,0.07381,0.029044,chewing
5338125.0,-0.705566,1.871582,0.144043,-0.086867,0.003997,-0.100723,0.301758,-1.892578,0.708984,-0.089531,0.067681,0.045299,chewing
5338135.0,-0.708008,1.87207,0.142578,-0.056757,0.032775,-0.053292,0.298828,-1.880859,0.720215,-0.090864,0.100989,0.029577,chewing
5338145.0,-0.711426,1.876953,0.151367,-0.018386,0.041835,-0.020518,0.288086,-1.873047,0.726074,-0.097259,0.12657,0.02185,chewing
5338155.0,-0.716797,1.864746,0.132324,-0.02185,0.055691,0.000266,0.287109,-1.880859,0.730469,-0.080205,0.119375,-0.03011,chewing
5338165.0,-0.717285,1.87793,0.114258,0.076475,0.015455,0.028778,0.290039,-1.880859,0.754883,0.018919,0.012524,-0.061553,chewing
5338175.0,-0.712891,1.885742,0.11084,0.282184,-0.131899,0.088998,0.310059,-1.843262,0.760254,0.126037,-0.137761,-0.130034,chewing
5338185.0,-0.686523,1.895508,0.134766,0.346934,-0.163341,0.119109,0.321289,-1.888184,0.719238,0.092196,-0.074876,-0.165207,chewing
5338195.0,-0.674805,1.883789,0.175781,0.301902,-0.07008,0.105786,0.344727,-1.914551,0.658691,0.112447,-0.036239,-0.213436,chewing
5338205.0,-0.723633,1.824219,0.174805,-0.002398,0.1303,0.037305,0.349121,-1.937012,0.624512,0.14762,-0.049296,-0.169737,chewing
5338215.0,-0.682129,1.871582,0.151367,0.095127,0.053026,0.055957,0.396973,-1.849121,0.740723,0.299504,-0.022116,-0.252073,chewing
5338225.0,-0.697754,1.851563,0.146973,0.093262,-0.008527,0.057289,0.321777,-1.866211,0.748047,0.296839,0.007194,-0.24328,chewing
5338235.0,-0.671387,1.860352,0.132812,0.075942,-0.059688,0.031975,0.286621,-1.910645,0.720703,0.377044,-0.041302,-0.219565,chewing
5338245.0,-0.679199,1.856445,0.110352,-0.045299,-0.037571,-0.037838,0.273438,-1.919922,0.733398,0.420744,-0.111648,-0.194518,chewing
5338255.0,-0.659668,1.875977,0.115723,-0.073277,-0.083136,-0.051694,0.293457,-1.884766,0.744629,0.40902,-0.035706,-0.20864,chewing
5338265.0,-0.678223,1.864746,0.056641,0.041835,-0.263531,0.010392,0.260254,-1.908691,0.680176,0.275522,0.162542,-0.290711,chewing
5338275.0,-0.706055,1.860352,0.211426,0.228625,-0.537455,0.046364,0.291504,-1.920898,0.706543,0.212637,0.0874,-0.154282,chewing
5338285.0,-0.700684,1.789551,0.248047,-0.366386,0.196649,-0.150018,0.351074,-1.841797,0.833008,0.262199,0.154015,-0.214769,chewing
5338295.0,-0.668945,1.855469,0.160156,-0.276055,0.259268,-0.078606,0.236816,-1.90332,0.709473,0.192119,0.20944,-0.347201,chewing
5338305.0,-0.726074,1.850586,0.162109,-0.263531,0.322953,0.003464,0.29834,-1.972656,0.585449,0.203044,-0.155348,-0.062352,chewing
5338315.0,-0.712402,1.82959,0.171875,-0.183326,0.206775,0.051161,0.383301,-1.90332,0.648926,0.233155,-0.341871,0.114312,chewing
5338325.0,-0.696777,1.844727,0.166016,-0.12124,0.150018,-0.013057,0.36084,-1.744629,0.759766,0.151084,-0.150018,-0.28698,chewing
5338335.0,-0.688965,1.84668,0.174805,-0.044499,0.071945,-0.028778,0.286621,-1.856934,0.775391,0.079406,0.087133,-0.15215,chewing
5338345.0,-0.686035,1.859375,0.182129,-0.017054,0.07008,-0.011191,0.317383,-1.873535,0.779785,0.053292,0.09566,-0.067948,chewing
5338355.0,-0.691895,1.866211,0.171387,-0.014123,0.081271,0.018919,0.304199,-1.879883,0.760254,-0.007994,0.115645,-0.075942,chewing
5338365.0,-0.702637,1.873535,0.165039,-0.013323,0.073544,0.010925,0.322754,-1.871094,0.76123,-0.059421,0.158812,-0.081804,chewing
5338375.0,-0.710937,1.867676,0.162109,0.003464,0.038371,-0.015988,0.347168,-1.868164,0.743652,-0.085801,0.162809,-0.097792,chewing
5338385.0,-0.704102,1.854492,0.15332,0.002665,0.033574,-0.030643,0.37793,-1.848633,0.734375,-0.074876,0.116178,-0.047164,chewing
5338395.0,-0.706543,1.846191,0.158691,0.010126,0.027979,-0.034107,0.37793,-1.846191,0.743652,-0.049562,0.102588,-0.055424,chewing
5338405.0,-0.70752,1.850098,0.15332,0.039969,0.052493,-0.013057,0.359863,-1.858398,0.727539,-0.015188,0.096459,-0.046631,chewing
5338415.0,-0.715332,1.861328,0.159668,0.073544,0.053026,0.016787,0.335938,-1.87793,0.743164,-0.016254,0.10845,-0.0429,chewing
5338425.0,-0.708008,1.863281,0.153809,0.092196,0.052227,0.027446,0.32666,-1.871582,0.770508,-0.024515,0.16041,-0.026913,chewing
5338435.0,-0.709473,1.871094,0.157715,0.114312,0.049562,0.027446,0.289063,-1.903809,0.740234,-0.106052,0.246211,-0.057023,chewing
5338445.0,-0.695801,1.862305,0.15625,0.146288,0.041035,0.045832,0.304688,-1.894531,0.731934,-0.147887,0.233421,-0.023982,chewing
5338455.0,-0.70752,1.853027,0.151367,0.149752,0.024248,0.041568,0.300781,-1.870117,0.74707,-0.208107,0.22223,0.000266,chewing
5338465.0,-0.695312,1.85791,0.140625,0.192119,-0.031975,0.039703,0.320801,-1.861328,0.770508,-0.252073,0.197449,0.02558,chewing
5338475.0,-0.666016,1.853516,0.130371,0.429271,-0.309629,0.145222,0.526855,-1.732422,1.100098,-0.101522,0.278453,0.047963,chewing
5338485.0,-0.66748,1.845703,0.029297,0.559305,-0.272591,0.217167,0.244141,-1.915527,0.810547,-0.167338,0.164674,-0.058888,chewing
5338495.0,-0.696777,1.869141,0.135254,0.462046,-0.270459,0.167871,0.284668,-1.897461,0.720703,-0.171868,0.112714,0.005329,chewing
5338505.0,-0.683594,1.864258,0.137207,0.369583,-0.203577,0.125237,0.355469,-1.859375,0.747559,-0.120175,0.039969,0.122306,chewing
5338515.0,-0.705078,1.847656,0.13916,0.157213,0.040769,0.023182,0.326172,-1.930664,0.658203,-0.249409,-0.049828,0.239017,chewing
5338525.0,-0.721191,1.834961,0.148926,0.062619,0.135363,-0.017054,0.367188,-1.887207,0.690918,-0.227559,-0.099391,0.282717,chewing
5338535.0,-0.726074,1.834473,0.146973,0.006928,0.225161,-0.028511,0.356934,-1.872559,0.69043,-0.269127,-0.055957,0.255538,chewing
5338545.0,-0.710937,1.846191,0.11084,-0.024781,0.285914,-0.010126,0.330078,-1.891602,0.70752,-0.298971,-0.033041,0.279786,chewing
5338555.0,-0.70166,1.846191,0.138184,-0.06555,0.321887,-0.005862,0.286621,-1.894043,0.707031,-0.343204,0.000266,0.309363,chewing
5338565.0,-0.696777,1.838867,0.158203,-0.115911,0.348799,-0.011458,0.26416,-1.901855,0.744629,-0.356527,0.015455,0.294708,chewing
5338575.0,-0.668457,1.847168,0.135742,-0.06475,0.338674,-0.007727,0.239258,-1.924316,0.747559,-0.365853,0.051694,0.320021,chewing
5338585.0,-0.686035,1.862793,0.123047,0.021583,0.264331,-0.005862,0.280762,-1.907715,0.747559,-0.323219,0.077274,0.28245,chewing
5338595.0,-0.678223,1.861328,0.121582,0.070613,0.158812,-0.008527,0.284668,-1.882813,0.76416,-0.314159,0.121507,0.216368,chewing
5338605.0,-0.666992,1.855469,0.134766,0.062619,0.120175,-0.009593,0.304688,-1.885742,0.738281,-0.292309,0.167072,0.154815,chewing
5338615.0,-0.67627,1.847168,0.141113,0.082603,0.09193,-0.008793,0.322266,-1.889648,0.722656,-0.284848,0.185458,0.157746,chewing
5338625.0,-0.699219,1.841309,0.129395,0.119109,0.078873,-0.027179,0.338379,-1.867676,0.702148,-0.268594,0.215302,0.112714,chewing
5338635.0,-0.689941,1.861816,0.12207,0.073277,0.059688,-0.021317,0.333008,-1.866211,0.722168,-0.229424,0.254472,0.064217,chewing
5338645.0,-0.680176,1.856934,0.140137,0.10845,0.0,0.005063,0.313965,-1.881836,0.719727,-0.219832,0.297905,0.00453,chewing
5338655.0,-0.690918,1.84082,0.134277,0.032508,0.035706,-0.001865,0.295898,-1.903809,0.712891,-0.155881,0.273923,-0.059954,chewing
5338665.0,-0.692871,1.848633,0.140137,0.085268,0.001599,0.010658,0.295898,-1.898926,0.722656,-0.109516,0.236885,-0.133498,chewing
5338675.0,-0.697754,1.852051,0.139648,0.051427,0.016521,0.038637,0.296875,-1.897461,0.709961,-0.089265,0.213436,-0.153749,chewing
5338685.0,-0.704102,1.859375,0.145996,0.045832,0.041835,0.046631,0.283691,-1.904785,0.69873,-0.078606,0.183859,-0.134564,chewing
5338695.0,-0.704102,1.858887,0.120605,0.070613,0.025047,0.027979,0.277832,-1.890625,0.709473,-0.053825,0.127636,-0.13483,chewing
5338705.0,-0.726074,1.870605,0.130371,0.067948,-0.011991,0.043167,0.266602,-1.890137,0.708984,-0.050628,0.049562,-0.119109,chewing
5338715.0,-0.711426,1.844238,0.114258,0.180928,-0.079406,0.060487,0.262695,-1.896484,0.727539,0.054358,-0.150018,-0.046364,chewing
5338725.0,-0.696777,1.872559,0.126953,0.259268,-0.099391,0.116711,0.310059,-1.862793,0.741211,0.09113,-0.288845,-0.001066,chewing
5338735.0,-0.678711,1.87207,0.105469,0.31789,-0.097792,0.16041,0.326172,-1.891602,0.71582,0.153216,-0.336009,-0.04743,chewing
5338745.0,-0.693359,1.857422,0.131348,0.414349,-0.20944,0.201179,0.362305,-1.885742,0.692871,0.257669,-0.377844,-0.142824,chewing
5338755.0,-0.645996,1.866211,0.148437,0.41355,-0.265663,0.16494,0.395996,-1.891602,0.672363,0.338141,-0.264064,-0.26513,chewing
5338765.0,-0.649902,1.853516,0.152832,0.313626,-0.246744,0.119908,0.446777,-1.873535,0.740234,0.494554,-0.176931,-0.366386,chewing
5338775.0,-0.643066,1.876953,0.166992,0.129501,-0.15215,0.007994,0.303223,-1.893066,0.701172,0.419145,-0.03464,-0.393032,chewing
5338785.0,-0.63916,1.868652,0.131836,0.047963,-0.09193,-0.026646,0.260254,-1.965332,0.689941,0.488426,-0.12204,-0.247544,chewing
5338795.0,-0.65625,1.861816,0.125,-0.019718,-0.0429,-0.043167,0.286133,-1.892578,0.762207,0.49562,-0.148953,-0.193452,chewing
5338805.0,-0.671875,1.862793,0.124512,-0.157479,0.037305,-0.069014,0.272461,-1.902832,0.724609,0.382107,-0.059688,-0.19585,chewing
5338815.0,-0.690918,1.866699,0.084961,-0.109516,-0.029044,-0.023182,0.301758,-1.878906,0.711426,0.314426,0.06555,-0.188389,chewing
5338825.0,-0.708496,1.857422,0.089844,0.092995,-0.312294,0.107917,0.277344,-1.910645,0.638672,0.160144,0.167605,-0.186524,chewing
5338835.0,-0.744141,1.816895,0.232422,-0.136429,-0.086334,-0.019185,0.352051,-1.883789,0.726074,0.192919,0.119642,-0.128168,chewing
5338845.0,-0.699219,1.815918,0.180664,-0.3051,0.22223,-0.10845,0.317871,-1.868164,0.767578,0.227559,0.118309,-0.211305,chewing
5338855.0,-0.692383,1.875488,0.131836,-0.485761,0.424208,-0.074876,0.271484,-1.919434,0.652344,0.192386,-0.015721,-0.133764,chewing
5338865.0,-0.702637,1.847168,0.13916,-0.437265,0.349865,0.00906,0.305176,-1.946289,0.657227,0.221963,-0.23955,0.041835,chewing
5338875.0,-0.693359,1.842773,0.1875,-0.330147,0.237951,-0.023982,0.460937,-1.815918,0.772461,0.19585,-0.168138,0.072744,chewing
5338885.0,-0.661133,1.853027,0.139648,-0.18306,0.110582,-0.059421,0.349121,-1.804688,0.799805,0.061286,0.115112,-0.105253,chewing
5338895.0,-0.660645,1.874512,0.15625,-0.042634,0.059954,-0.036505,0.325195,-1.870117,0.776367,0.044766,0.116444,-0.096992,chewing
5338905.0,-0.69043,1.852051,0.151855,-0.033041,0.041568,-0.018119,0.333008,-1.855957,0.772949,0.005063,0.10845,-0.038904,chewing
5338915.0,-0.687988,1.864746,0.130371,-0.024248,0.023982,-0.006928,0.304688,-1.876465,0.763184,-0.005862,0.121507,-0.043167,chewing
5338925.0,-0.694336,1.871094,0.147949,0.006928,0.007994,-0.035706,0.316895,-1.866211,0.755859,-0.021317,0.110848,-0.047963,chewing
5338935.0,-0.687988,1.868652,0.145508,0.005862,0.031176,-0.028511,0.329102,-1.867676,0.757812,-0.027979,0.119908,-0.029311,chewing
5338945.0,-0.697266,1.853516,0.140625,0.034907,0.048496,-0.023449,0.335938,-1.871094,0.755371,-0.034374,0.125237,-0.034907,chewing
5338955.0,-0.705078,1.854004,0.140137,0.063685,0.053559,0.002665,0.335449,-1.852539,0.751465,-0.03917,0.135629,-0.033574,chewing
5338965.0,-0.701172,1.847656,0.133301,0.113779,0.041302,-0.00906,0.333496,-1.86084,0.759766,-0.062885,0.161743,-0.050628,chewing
5338975.0,-0.698242,1.864746,0.140137,0.15215,0.029311,0.035972,0.328125,-1.869141,0.758789,-0.074343,0.159611,-0.065017,chewing
5338985.0,-0.710937,1.864746,0.137695,0.128435,0.049029,0.043167,0.315918,-1.877441,0.753906,-0.074077,0.171335,-0.050095,chewing
5338995.0,-0.719238,1.852051,0.135742,0.115112,0.038904,0.04743,0.318848,-1.865234,0.75293,-0.106319,0.236619,-0.072211,chewing
5339005.0,-0.691895,1.864258,0.12793,0.114845,0.019452,0.037038,0.315918,-1.888184,0.75293,-0.132165,0.223828,-0.073011,chewing
5339015.0,-0.691406,1.85791,0.138184,0.117243,0.003997,0.0437,0.314453,-1.897949,0.728516,-0.156946,0.20491,-0.04743,chewing
5339025.0,-0.710449,1.85498,0.145508,0.111381,0.001066,0.039703,0.342773,-1.887695,0.74707,-0.185991,0.166539,-0.083669,chewing
5339035.0,-0.70752,1.844727,0.135742,0.13936,-0.035173,0.025314,0.330078,-1.875488,0.757812,-0.205975,0.151617,0.00906,chewing
5339045.0,-0.679687,1.848145,0.133301,0.158812,-0.068481,0.039436,0.315918,-1.854004,0.756348,-0.195051,0.144156,0.007727,chewing
5339055.0,-0.688965,1.858887,0.124512,0.142557,-0.066616,0.028778,0.32959,-1.862793,0.757324,-0.156147,0.113779,0.01732,chewing
5339065.0,-0.675781,1.865723,0.131348,0.136429,-0.079406,0.04743,0.342773,-1.868164,0.756836,-0.143623,0.099391,0.004263,chewing
5339075.0,-0.666504,1.865723,0.130371,0.1303,-0.052493,0.060487,0.348145,-1.892578,0.783691,-0.124172,0.071145,0.014389,chewing
5339085.0,-0.671387,1.875,0.120605,0.28698,-0.175865,0.118842,0.305176,-1.862793,0.779785,-0.10019,0.101522,-0.050095,chewing
5339095.0,-0.644043,1.982422,0.26123,0.306432,-0.179063,0.123639,0.339355,-1.794922,0.769531,-0.092729,0.164407,-0.132965,chewing
5339105.0,-0.712891,1.855957,0.146484,0.074876,0.017054,0.073277,0.298828,-1.98291,0.584961,-0.091397,-0.005862,0.028778,chewing
5339115.0,-0.737793,1.814941,0.141113,0.12657,0.007727,0.005329,0.350098,-1.893555,0.664551,-0.010126,-0.111115,0.14842,chewing
5339125.0,-0.725098,1.849121,0.129883,0.153482,0.012257,-0.028778,0.289551,-1.898926,0.688965,-0.079139,-0.184658,0.273124,chewing
5339135.0,-0.739258,1.853027,0.115723,0.104986,0.048496,-0.029311,0.310547,-1.886719,0.717285,-0.17027,-0.202511,0.386371,chewing
5339145.0,-0.712402,1.847656,0.11084,0.015721,0.139893,-0.012257,0.277832,-1.898926,0.725586,-0.315758,-0.095926,0.344802,chewing
5339155.0,-0.695801,1.86084,0.107422,-0.018919,0.223562,0.038371,0.293945,-1.912109,0.740234,-0.405556,0.02638,0.268328,chewing
5339165.0,-0.657715,1.858887,0.130859,0.007461,0.245145,0.10845,0.303711,-1.858398,0.757812,-0.448456,0.153749,0.171335,chewing
5339175.0,-0.670898,1.853027,0.137695,-0.002665,0.249142,0.085534,0.290039,-1.893555,0.729004,-0.458848,0.181461,0.206242,chewing
5339185.0,-0.66748,1.847168,0.140137,0.013856,0.181461,0.013323,0.330078,-1.878418,0.716797,-0.349865,0.105519,0.181994,chewing
5339195.0,-0.677246,1.836914,0.135254,-0.01359,0.095926,-0.083136,0.32373,-1.88623,0.693359,-0.261933,0.054891,0.163075,chewing
5339205.0,-0.672363,1.861328,0.116699,-0.000533,0.03464,-0.116444,0.33252,-1.894531,0.71875,-0.141492,-0.01732,0.149219,chewing
5339215.0,-0.697266,1.841797,0.139648,-0.064217,0.054358,-0.130833,0.320313,-1.893555,0.726074,-0.138294,-0.011724,0.173201,chewing
5339225.0,-0.710449,1.849609,0.130371,-0.037038,0.054092,-0.094861,0.306152,-1.88916,0.734863,-0.132165,0.023715,0.172668,chewing
5339235.0,-0.68457,1.858887,0.121094,0.044499,0.028778,-0.023715,0.294922,-1.897461,0.735352,-0.141225,0.06928,0.108717,chewing
5339245.0,-0.691895,1.852539,0.143555,0.055158,0.045299,0.023715,0.286133,-1.887207,0.748047,-0.146554,0.13936,0.021317,chewing
5339255.0,-0.679199,1.874512,0.143555,0.067681,0.031443,0.045832,0.292969,-1.882324,0.724609,-0.141225,0.172934,-0.049828,chewing
5339265.0,-0.682617,1.872559,0.134277,0.068481,0.024515,0.049562,0.301758,-1.879395,0.71875,-0.139626,0.18226,-0.088466,chewing
5339275.0,-0.685059,1.833496,0.150879,-0.063418,0.066882,0.014922,0.290039,-1.901367,0.691406,-0.118309,0.144956,-0.108184,chewing
5339285.0,-0.67334,1.849609,0.163574,0.051427,-0.034907,0.041302,0.303223,-1.88623,0.685059,-0.065283,0.106319,-0.103654,chewing
5339295.0,-0.674316,1.865723,0.143066,-0.012524,-0.023982,0.051161,0.29834,-1.897949,0.699707,-0.025047,0.051694,-0.092729,chewing
5339305.0,-0.695801,1.86377,0.12207,0.117243,-0.143357,0.068481,0.295898,-1.881836,0.719238,0.05649,-0.082337,-0.064484,chewing
5339315.0,-0.678223,1.870117,0.098633,0.104187,-0.160677,0.070613,0.28418,-1.866699,0.771484,0.183326,-0.3051,-0.031176,chewing
5339325.0,-0.69873,1.875,0.09375,0.212371,-0.285115,0.096193,0.353516,-1.835938,0.780273,0.250208,-0.359991,-0.088732,chewing
5339335.0,-0.664551,1.885254,0.101563,0.216634,-0.320021,0.085268,0.391113,-1.858887,0.730957,0.27872,-0.204643,-0.220631,chewing
5339345.0,-0.681641,1.876953,0.115723,0.156147,-0.316824,0.063951,0.417969,-1.862305,0.733887,0.369317,-0.120441,-0.282184,chewing
5339355.0,-0.687988,1.86377,0.132324,-0.055158,-0.123639,-0.001332,0.362305,-1.895508,0.65918,0.398628,-0.104986,-0.282184,chewing
5339365.0,-0.677246,1.850098,0.158691,-0.000533,-0.080738,-0.016787,0.354004,-1.929199,0.692383,0.575026,-0.216368,-0.229158,chewing
5339375.0,-0.67334,1.850098,0.149414,-0.001599,-0.063152,-0.03091,0.307617,-1.946289,0.632812,0.503614,-0.189988,-0.232089,chewing
5339385.0,-0.693848,1.891113,0.056152,0.269394,-0.29977,0.097792,0.270996,-1.922852,0.621094,0.368251,-0.105253,-0.157479,chewing
5339395.0,-0.693848,1.834961,0.179199,0.110049,-0.169204,0.06555,0.272949,-1.904785,0.708984,0.241149,-0.004263,-0.091663,chewing
5339405.0,-0.672363,1.835938,0.209473,-0.126037,0.182793,-0.016787,0.260254,-1.837891,0.852051,0.139893,0.160677,-0.130567,chewing
5339415.0,-0.672363,1.862793,0.162598,-0.123372,0.259268,0.000533,0.206055,-1.852051,0.867187,0.149485,0.268594,-0.332012,chewing
5339425.0,-0.706055,1.848633,0.132812,-0.256603,0.304034,-0.009859,0.233398,-1.830566,0.819336,0.251008,0.132965,-0.342404,chewing
5339435.0,-0.705078,1.850586,0.154297,-0.308297,0.212637,-0.049029,0.253906,-2.019531,0.541504,0.086334,0.027712,-0.121773,chewing
5339445.0,-0.70166,1.827637,0.157715,-0.185724,0.084735,-0.098058,0.410645,-1.930664,0.606445,0.268861,-0.286714,0.018919,chewing
5339455.0,-0.680664,1.830566,0.166016,-0.099923,0.041302,-0.099391,0.436035,-1.848145,0.70459,0.212371,-0.210239,0.004796,chewing
5339465.0,-0.688965,1.846191,0.163086,-0.05649,0.045832,-0.059688,0.391602,-1.84375,0.778809,0.118309,-0.151084,-0.09193,chewing
5339475.0,-0.68457,1.849121,0.151367,-0.02185,0.055691,-0.052227,0.376953,-1.84668,0.788086,0.038904,-0.077807,0.043966,chewing
5339485.0,-0.690918,1.856445,0.146484,0.008527,0.043167,-0.031975,0.278809,-1.870605,0.767578,-0.05196,-0.001332,0.101522,chewing
5339495.0,-0.683594,1.866699,0.161621,0.019452,0.035706,-0.02638,0.282715,-1.875488,0.765137,-0.068481,0.047963,0.045299,chewing
5339505.0,-0.684082,1.853516,0.134277,-0.01359,0.077008,-0.02185,0.275391,-1.884277,0.765625,-0.076741,0.098058,-0.026913,chewing
5339515.0,-0.704102,1.834961,0.150391,-0.029844,0.074876,-0.039703,0.306152,-1.858887,0.769531,-0.077807,0.104986,-0.034907,chewing
5339525.0,-0.706055,1.833984,0.136719,-0.011724,0.064484,-0.036239,0.334473,-1.864746,0.760742,-0.060221,0.091397,-0.038104,chewing
5339535.0,-0.714844,1.849121,0.140625,-0.001332,0.057556,-0.03091,0.352051,-1.869141,0.746094,-0.065283,0.093528,-0.047963,chewing
5339545.0,-0.71875,1.839844,0.141113,0.059155,0.004796,-0.019718,0.353516,-1.880371,0.744141,-0.041302,0.075675,-0.031975,chewing
5339555.0,-0.69873,1.865723,0.146484,0.068481,-0.008527,-0.007194,0.348145,-1.88623,0.748535,-0.039969,0.048496,-0.005596,chewing
5339565.0,-0.694336,1.867188,0.146973,0.081804,-0.016787,0.011991,0.338379,-1.885254,0.75,-0.031176,0.073544,-0.013323,chewing
5339575.0,-0.679199,1.884277,0.150391,0.083403,0.018119,0.016254,0.339355,-1.870605,0.777832,-0.072211,0.16947,-0.052493,chewing
5339585.0,-0.688965,1.873535,0.140137,0.115378,0.009326,0.024248,0.33252,-1.880371,0.758789,-0.10392,0.18759,-0.038104,chewing
5339595.0,-0.684082,1.877441,0.159668,0.128435,0.000266,0.049562,0.335938,-1.833984,0.775879,-0.141492,0.217966,-0.041302,chewing
5339605.0,-0.656738,1.896484,0.175781,0.297639,-0.217966,0.142557,0.296875,-1.80127,0.776855,-0.187323,0.280851,-0.091397,chewing
5339615.0,-0.675293,1.896973,0.119141,0.355461,-0.211838,0.167605,0.270996,-1.890137,0.733398,-0.132965,0.160144,-0.103387,chewing
5339625.0,-0.71582,1.87793,0.138672,0.264064,-0.172934,0.102055,0.295898,-1.905273,0.693359,-0.06555,-0.00373,0.030643,chewing
5339635.0,-0.70459,1.870117,0.144043,0.238217,-0.16574,0.042101,0.348145,-1.864746,0.736816,-0.062619,-0.041835,0.107384,chewing
5339645.0,-0.713867,1.859863,0.153809,0.190254,-0.04823,0.007727,0.330078,-1.898438,0.70752,-0.105253,-0.08287,0.158812,chewing
5339655.0,-0.729004,1.846191,0.144531,0.118576,0.059688,0.006129,0.338379,-1.883301,0.720215,-0.133231,-0.09566,0.175865,chewing
5339665.0,-0.726074,1.845215,0.119629,0.092729,0.131899,0.032775,0.364746,-1.879883,0.744141,-0.164407,-0.08207,0.193718,chewing
5339675.0,-0.710449,1.86084,0.13623,0.089798,0.147887,0.084469,0.339355,-1.868164,0.738281,-0.199047,-0.045032,0.182527,chewing
5339685.0,-0.699707,1.861816,0.143555,0.090597,0.138294,0.115378,0.331543,-1.878906,0.709961,-0.207308,-0.014922,0.176665,chewing
5339695.0,-0.684082,1.86377,0.12793,0.064217,0.166273,0.084202,0.326172,-1.881836,0.740234,-0.155348,-0.050894,0.180395,chewing
5339705.0,-0.672852,1.86084,0.133789,0.017853,0.171069,0.057289,0.314941,-1.882324,0.725098,-0.188389,-0.037038,0.169204,chewing
5339715.0,-0.656738,1.849121,0.149902,0.040769,0.127636,0.02638,0.327148,-1.895996,0.724121,-0.172401,-0.052227,0.19585,chewing
5339725.0,-0.64502,1.841797,0.122559,0.058622,0.107651,0.003997,0.328125,-1.906738,0.745605,-0.176132,-0.046897,0.147087,chewing
5339735.0,-0.65918,1.86377,0.125,0.09113,0.046364,0.004796,0.314941,-1.880371,0.742187,-0.178263,-0.038904,0.150285,chewing
5339745.0,-0.682129,1.859375,0.131348,0.079139,0.02638,0.004263,0.289551,-1.889648,0.732422,-0.215302,-0.031443,0.165473,chewing
5339755.0,-0.678711,1.853516,0.129883,0.058888,0.056224,-0.002931,0.279785,-1.902832,0.712891,-0.225694,-0.005596,0.173201,chewing
5339765.0,-0.705078,1.844727,0.132324,0.053559,0.091397,0.016254,0.287109,-1.885254,0.731934,-0.231822,0.025314,0.145755,chewing
5339775.0,-0.701172,1.836426,0.13916,0.09113,0.058888,0.055691,0.288086,-1.876953,0.744141,-0.224628,0.060487,0.095394,chewing
5339785.0,-0.692871,1.850098,0.142578,0.094861,0.055691,0.055957,0.378906,-1.844238,0.750977,-0.224361,0.158012,0.15215,chewing
5339795.0,-0.69043,1.844727,0.12207,0.073011,0.042634,0.039969,0.300293,-1.88623,0.742676,-0.187323,0.128435,0.016254,chewing
5339805.0,-0.698242,1.84375,0.140625,0.014655,0.05276,0.025847,0.310059,-1.888672,0.723145,-0.137495,0.122306,-0.03544,chewing
5339815.0,-0.701172,1.837891,0.143066,0.044233,0.009326,0.026113,0.298828,-1.890137,0.726074,-0.110848,0.073544,-0.031709,chewing
5339825.0,-0.680176,1.864258,0.133301,0.025047,-0.001599,0.022383,0.32373,-1.872559,0.72168,-0.083936,0.047164,0.0,chewing
5339835.0,-0.692383,1.877441,0.130859,0.042368,-0.031975,0.02185,0.334473,-1.896484,0.73584,-0.063951,0.033308,-0.030377,chewing
5339845.0,-0.686035,1.873047,0.125977,0.079139,-0.070879,0.041568,0.335938,-1.864258,0.74707,-0.027179,0.037305,-0.086867,chewing
5339855.0,-0.679199,1.869141,0.117676,0.113247,-0.068747,0.085268,0.30957,-1.875488,0.753906,0.053559,-0.011724,-0.119375,chewing
5339865.0,-0.687012,1.871094,0.118652,0.188123,-0.118043,0.131632,0.327148,-1.858887,0.750977,0.152417,-0.087933,-0.181994,chewing
5339875.0,-0.680664,1.865234,0.142578,0.18306,-0.151351,0.102322,0.34375,-1.891113,0.717773,0.204377,-0.093262,-0.200113,chewing
5339885.0,-0.671387,1.876953,0.149414,0.110315,-0.145489,0.083936,0.350098,-1.891113,0.700195,0.275789,-0.064484,-0.272858,chewing
5339895.0,-0.670898,1.86377,0.132812,0.034907,-0.081005,0.074876,0.356934,-1.880371,0.716309,0.346135,-0.074876,-0.288312,chewing
5339905.0,-0.677734,1.876953,0.117676,0.114579,-0.109516,0.074077,0.334473,-1.867188,0.732422,0.416747,-0.088732,-0.300836,chewing
5339915.0,-0.687012,1.86084,0.126953,0.071145,-0.1311,0.024515,0.32666,-1.896484,0.700195,0.462046,-0.12577,-0.264864,chewing
5339925.0,-0.658691,1.869141,0.137695,0.070879,-0.105519,0.021051,0.30957,-1.888184,0.706055,0.407954,-0.080472,-0.245145,chewing
5339935.0,-0.672363,1.868652,0.101563,0.114312,-0.152683,0.038371,0.374512,-1.876953,0.681152,0.359191,-0.057023,-0.273923,chewing
5339945.0,-0.68457,1.867676,0.098633,0.253139,-0.35626,0.107917,0.322754,-1.894043,0.734375,0.282717,0.073277,-0.217167,chewing
5339955.0,-0.688965,1.816895,0.192383,0.038904,-0.079406,0.029577,0.312012,-1.851563,0.768555,0.198248,0.128435,-0.240616,chewing
5339965.0,-0.660645,1.836914,0.185059,-0.154815,0.174799,-0.063951,0.271484,-1.907227,0.719238,0.101522,0.144689,-0.199847,chewing
5339975.0,-0.693848,1.845703,0.154297,-0.303234,0.311228,-0.082337,0.31543,-1.891602,0.70752,0.097792,0.016254,-0.069813,chewing
5339985.0,-0.686035,1.818848,0.15625,-0.480698,0.373847,-0.096992,0.347656,-1.908203,0.697754,0.081271,-0.006129,-0.019185,chewing
5339995.0,-0.677246,1.836914,0.13916,-0.493489,0.334943,-0.122839,0.333496,-1.931641,0.660645,0.168404,-0.237418,-0.001599,chewing
5340005.0,-0.700684,1.828125,0.163574,-0.410352,0.222763,-0.161476,0.433594,-1.813965,0.716797,0.190521,-0.284848,-0.072478,chewing
5340015.0,-0.689453,1.838379,0.17334,-0.275256,0.106585,-0.128701,0.403809,-1.805664,0.799316,0.108184,-0.119109,-0.053825,chewing
5340025.0,-0.697266,1.865723,0.149414,-0.124971,0.067681,-0.097525,0.326172,-1.859863,0.769531,0.069547,-0.049562,-0.064484,chewing
5340035.0,-0.707031,1.865234,0.134277,-0.075942,0.05276,-0.077274,0.284668,-1.862793,0.770996,0.0,0.061553,-0.029311,chewing
5340045.0,-0.693848,1.881348,0.164551,-0.038371,0.041568,-0.062086,0.314941,-1.873047,0.764648,-0.017054,0.099391,-0.039969,chewing
5340055.0,-0.683105,1.862305,0.162109,-0.01279,0.058355,-0.051161,0.312012,-1.875,0.745605,-0.015455,0.10019,-0.083669,chewing
5340065.0,-0.671875,1.868164,0.171387,0.001332,0.083669,-0.02638,0.375,-1.85498,0.75293,-0.002132,0.100989,-0.080205,chewing
5340075.0,-0.67334,1.864258,0.158203,0.008793,0.103121,0.012524,0.383301,-1.847168,0.739746,-0.03464,0.130034,-0.114312,chewing
5340085.0,-0.688965,1.869629,0.165527,0.019985,0.124971,0.029577,0.361328,-1.84668,0.754883,-0.035706,0.144689,-0.059155,chewing
5340095.0,-0.690918,1.858887,0.164551,0.080738,0.098058,0.011458,0.34668,-1.861816,0.752441,-0.045032,0.139626,-0.029311,chewing
5340105.0,-0.687988,1.859375,0.169434,0.146554,0.057556,0.027979,0.333496,-1.875,0.742187,-0.04743,0.107917,0.007194,chewing
5340115.0,-0.683105,1.855957,0.157715,0.205709,0.029577,0.030643,0.328613,-1.880371,0.756836,-0.068214,0.089531,0.032242,chewing
5340125.0,-0.667969,1.86084,0.148437,0.226493,0.011458,0.03544,0.335938,-1.864746,0.791992,-0.103121,0.13483,0.033041,chewing
5340135.0,-0.658691,1.861816,0.153809,0.240616,0.019185,0.042634,0.314453,-1.873535,0.751465,-0.176931,0.233155,-0.011991,chewing
5340145.0,-0.662598,1.871582,0.147461,0.244879,0.023449,0.045032,0.333496,-1.86377,0.761719,-0.20944,0.240349,0.011191,chewing
5340155.0,-0.666992,1.868164,0.149414,0.288046,-0.011991,0.076741,0.352051,-1.839355,0.786133,-0.229424,0.259002,0.001332,chewing
5340165.0,-0.660645,1.876465,0.125,0.398894,-0.148686,0.109783,0.340332,-1.840332,0.811035,-0.26513,0.310962,-0.058622,chewing
5340175.0,-0.655273,1.874023,0.072266,0.672018,-0.430603,0.231822,0.316895,-1.745117,0.893066,-0.094861,0.318156,-0.112181,chewing
5340185.0,-0.708496,1.874512,0.169922,0.385305,-0.211038,0.107917,0.261719,-1.932129,0.651855,-0.20038,0.192119,-0.09193,chewing
5340195.0,-0.704102,1.858887,0.123047,0.196383,-0.068481,0.004263,0.417969,-1.865723,0.720703,-0.125504,0.021317,0.107384,chewing
5340205.0,-0.718262,1.852539,0.136719,0.152949,-0.039703,-0.014123,0.389648,-1.867188,0.733398,-0.145489,0.077807,0.068214,chewing
5340215.0,-0.719727,1.828613,0.140625,0.082337,0.001865,-0.005329,0.366699,-1.876953,0.729492,-0.106052,0.017054,0.083669,chewing
5340225.0,-0.702148,1.845703,0.13623,0.00373,0.107118,-0.026646,0.358398,-1.852051,0.749023,-0.126303,-0.01279,0.099124,chewing
5340235.0,-0.699707,1.851563,0.154297,-0.115645,0.23955,-0.040502,0.344727,-1.890137,0.702637,-0.129501,-0.005063,0.116711,chewing
5340245.0,-0.70166,1.844238,0.141602,-0.075675,0.241415,-0.010925,0.289551,-1.905762,0.720215,-0.158012,0.001599,0.119908,chewing
5340255.0,-0.696777,1.847168,0.125,0.006395,0.195583,0.01359,0.287598,-1.889648,0.73291,-0.151884,-0.022383,0.142291,chewing
5340265.0,-0.682617,1.851563,0.108398,0.027179,0.215035,-0.028245,0.301758,-1.892578,0.737793,-0.200113,-0.057289,0.18679,chewing
5340275.0,-0.687012,1.85498,0.115723,0.080205,0.152683,-0.019185,0.32666,-1.885742,0.740234,-0.210239,-0.03917,0.192652,chewing
5340285.0,-0.692871,1.856445,0.118652,0.106052,0.12657,0.015455,0.329102,-1.896973,0.710449,-0.305899,0.037571,0.17027,chewing
5340295.0,-0.702148,1.857422,0.133789,-0.061819,0.205975,-0.014922,0.322754,-1.902344,0.699219,-0.320021,0.058622,0.145489,chewing
5340305.0,-0.672363,1.863281,0.115723,-0.026113,0.20864,-0.008793,0.34082,-1.864746,0.749023,-0.242747,0.066882,0.134564,chewing
5340315.0,-0.708008,1.850586,0.105957,0.010126,0.171069,-0.045299,0.316895,-1.888672,0.723633,-0.24328,0.071945,0.119908,chewing
5340325.0,-0.714844,1.854492,0.127441,-0.077541,0.164141,-0.111648,0.319824,-1.902344,0.716309,-0.236086,0.073011,0.121773,chewing
5340335.0,-0.679687,1.863281,0.123047,-0.028245,0.076741,-0.095127,0.307129,-1.912109,0.710449,-0.166806,0.049562,0.122306,chewing
5340345.0,-0.685547,1.865723,0.140137,-0.070613,0.118576,-0.10845,0.305664,-1.887695,0.71875,-0.143623,0.025047,0.099124,chewing
5340355.0,-0.669434,1.854004,0.136719,-0.047963,0.155081,-0.087133,0.300781,-1.908691,0.711914,-0.134297,0.019452,0.099923,chewing
5340365.0,-0.681641,1.851563,0.140137,0.074343,0.125504,-0.032508,0.320313,-1.887207,0.753418,-0.09566,0.018119,0.07834,chewing
5340375.0,-0.672363,1.869141,0.158691,0.059155,0.136429,-0.021317,0.306152,-1.870605,0.761719,-0.114312,0.044499,0.033041,chewing
5340385.0,-0.681152,1.867676,0.143555,0.062619,0.112714,-0.047164,0.306152,-1.875488,0.758789,-0.140692,0.098858,0.027712,chewing
5340395.0,-0.6875,1.855957,0.155762,0.054891,0.103654,-0.061553,0.320313,-1.880371,0.738281,-0.151084,0.132432,-0.029844,chewing
5340405.0,-0.705566,1.84668,0.13623,0.05276,0.120974,-0.053026,0.331543,-1.873047,0.726074,-0.136429,0.163341,-0.029311,chewing
5340415.0,-0.711914,1.849609,0.135254,0.053825,0.127636,-0.043433,0.317383,-1.859863,0.724121,-0.108983,0.149219,-0.030377,chewing
5340425.0,-0.71875,1.860352,0.13916,0.005063,0.148153,-0.019452,0.336914,-1.875977,0.706055,-0.060221,0.128701,-0.039703,chewing
5340435.0,-0.70459,1.854004,0.137695,-0.035972,0.20038,-0.002665,0.336914,-1.88916,0.719727,-0.024248,0.140426,-0.05649,chewing
5340445.0,-0.719238,1.864746,0.138672,-0.063418,0.210239,0.010126,0.349121,-1.902832,0.703125,-0.00373,0.112447,-0.10392,chewing
5340455.0,-0.700684,1.861328,0.125488,-0.0874,0.257936,0.002398,0.313477,-1.897461,0.711426,0.00453,0.06555,-0.116711,chewing
5340465.0,-0.691406,1.868164,0.13623,-0.073011,0.236086,-0.01279,0.312012,-1.884766,0.72168,0.026913,0.023982,-0.067149,chewing
5340475.0,-0.661621,1.864746,0.161133,-0.087666,0.214769,-0.043167,0.313965,-1.899414,0.703613,0.027179,-0.009593,-0.03091,chewing
5340485.0,-0.644531,1.876953,0.157715,-0.056224,0.213703,-0.071412,0.333984,-1.891113,0.713867,0.038904,-0.035972,-0.002132,chewing
5340495.0,-0.651855,1.851074,0.150391,-0.071145,0.24328,-0.112181,0.345703,-1.885742,0.731445,0.054891,-0.012257,-0.027446,chewing
5340505.0,-0.661621,1.862305,0.139648,-0.086334,0.216634,-0.084735,0.333496,-1.896484,0.700684,0.054092,-0.017853,-0.031975,chewing
5340515.0,-0.67041,1.851074,0.14209,-0.060221,0.209173,-0.077008,0.310059,-1.895508,0.694824,0.091397,-0.061553,0.00373,chewing
5340525.0,-0.681641,1.847168,0.138672,0.009859,0.215302,-0.092462,0.300781,-1.894043,0.708496,0.132432,-0.123905,0.046364,chewing
5340535.0,-0.68457,1.849609,0.132324,0.010658,0.167605,-0.084202,0.347656,-1.883789,0.727539,0.185724,-0.176931,0.032242,chewing
5340545.0,-0.703613,1.830078,0.144531,0.040769,0.118309,-0.084469,0.342773,-1.875488,0.734863,0.16041,-0.095926,-0.006129,chewing
5340555.0,-0.6875,1.83252,0.141602,0.066349,0.135896,-0.073277,0.336914,-1.859863,0.749023,0.16574,-0.021583,-0.078606,chewing
5340565.0,-0.691895,1.852051,0.156738,0.07381,0.122839,-0.01359,0.327148,-1.85498,0.74707,0.171602,0.027179,-0.088199,chewing
5340575.0,-0.691406,1.859375,0.154297,0.073277,0.127636,-0.002132,0.304199,-1.867676,0.728516,0.16041,0.011191,-0.038904,chewing
5340585.0,-0.691406,1.873535,0.154785,0.114845,0.106319,0.005063,0.306152,-1.884766,0.735352,0.203844,-0.027979,-0.024781,chewing
5340595.0,-0.71875,1.855957,0.135742,0.162009,0.063685,0.014655,0.305664,-1.872559,0.739746,0.211305,-0.053825,0.02638,chewing
5340605.0,-0.719238,1.857422,0.136719,0.20491,0.014655,0.018386,0.308105,-1.881348,0.72168,0.207041,-0.055691,0.020518,chewing
5340615.0,-0.724609,1.860352,0.141113,0.214236,-0.037838,0.014389,0.309082,-1.887207,0.748535,0.150018,-0.023982,-0.002132,chewing
5340625.0,-0.724609,1.841309,0.131836,0.219032,-0.046098,0.046631,0.311035,-1.878906,0.737793,0.093528,0.064484,-0.065283,chewing
5340635.0,-0.714355,1.856445,0.131836,0.201979,-0.012524,0.066083,0.299805,-1.888184,0.715332,-0.001066,0.133498,-0.120441,chewing
5340645.0,-0.700195,1.873047,0.115723,0.185458,0.01359,0.07381,0.313965,-1.878418,0.737305,-0.001865,0.114312,-0.088998,chewing
5340655.0,-0.699707,1.851074,0.108887,0.181194,-0.021051,0.073277,0.321289,-1.865723,0.757812,-0.002398,0.060753,-0.050894,chewing
5340665.0,-0.69873,1.86084,0.11084,0.252873,-0.129234,0.062885,0.320313,-1.884277,0.736328,0.017853,0.022916,-0.023715,chewing
5340675.0,-0.683594,1.865234,0.123535,0.354395,-0.236086,0.067948,0.333984,-1.880859,0.763672,0.070879,-0.005329,-0.031975,chewing
5340685.0,-0.683594,1.852539,0.126465,0.435666,-0.391433,0.087666,0.32959,-1.875,0.750977,0.118576,-0.023715,-0.055691,chewing
5340695.0,-0.669434,1.875,0.141113,0.285648,-0.40449,0.084469,0.343262,-1.862305,0.748047,0.135363,0.025047,-0.0866,chewing
5340705.0,-0.685059,1.875977,0.12207,0.034907,-0.180395,0.049296,0.315918,-1.855469,0.749512,0.086334,0.103387,-0.102322,chewing
5340715.0,-0.713867,1.854492,0.126465,-0.036239,-0.12657,0.047697,0.296387,-1.880859,0.719238,0.07008,0.134031,-0.097792,chewing
5340725.0,-0.713379,1.833008,0.125,-0.020784,-0.142557,0.057023,0.308105,-1.90332,0.706055,0.053825,0.133231,-0.094061,chewing
5340735.0,-0.712891,1.834473,0.123047,0.094061,-0.247277,0.056224,0.312988,-1.904785,0.71875,0.05196,0.090597,-0.086067,chewing
5340745.0,-0.708008,1.856445,0.108398,0.277654,-0.349599,0.099657,0.320801,-1.867676,0.771484,0.036239,0.083136,-0.081271,chewing
5340755.0,-0.6875,1.869629,0.105469,0.259534,-0.331746,0.09566,0.327637,-1.869141,0.795898,0.000533,0.12657,-0.114845,chewing
5340765.0,-0.68457,1.869629,0.097168,0.054358,-0.124172,0.037838,0.334961,-1.858398,0.787598,-0.0429,0.154815,-0.151351,chewing
5340775.0,-0.703125,1.859863,0.111816,-0.060753,-0.011458,0.006662,0.337402,-1.853516,0.777344,-0.021051,0.15215,-0.130833,chewing
5340785.0,-0.693848,1.873535,0.11084,-0.171335,0.088199,0.0,0.349121,-1.852051,0.753906,-0.021583,0.117243,-0.079672,chewing
5340795.0,-0.708496,1.856934,0.110352,-0.218499,0.154282,0.010925,0.371582,-1.867676,0.73291,0.02185,0.05276,-0.023449,chewing
5340805.0,-0.724121,1.837891,0.12207,-0.131899,0.128968,0.000799,0.35498,-1.866699,0.752441,0.088199,0.016521,-0.025847,chewing
5340815.0,-0.713379,1.829102,0.12207,-0.101789,0.0866,-0.005329,0.351563,-1.880859,0.745117,0.111648,-0.014655,-0.014123,chewing
5340825.0,-0.692871,1.84375,0.128418,-0.063951,0.083136,-0.011191,0.331055,-1.890137,0.756836,0.087133,0.015721,-0.026913,chewing
5340835.0,-0.678711,1.857422,0.12207,-0.02558,0.068214,0.006928,0.296387,-1.879883,0.774902,0.045565,0.067149,-0.053825,chewing
5340845.0,-0.676758,1.859863,0.14209,-0.023182,0.071678,-0.000533,0.285156,-1.894043,0.755859,-0.020784,0.097259,-0.063685,chewing
5340855.0,-0.672852,1.843262,0.148437,0.03544,0.043966,0.03464,0.303223,-1.868164,0.760742,-0.037305,0.148153,-0.061286,chewing
5340865.0,-0.654297,1.87207,0.12793,0.092196,0.031709,0.061553,0.312012,-1.845703,0.778809,-0.077541,0.192386,-0.099657,chewing
5340875.0,-0.700195,1.857422,0.114258,0.096459,0.016521,0.031443,0.330566,-1.866211,0.744629,-0.098325,0.193452,-0.094861,chewing
5340885.0,-0.688965,1.849609,0.120605,0.045299,0.033308,-0.004796,0.344238,-1.865723,0.759277,-0.074343,0.145755,-0.0429,chewing
5340895.0,-0.740234,1.846191,0.118652,0.016521,-0.000266,0.037838,0.352539,-1.865234,0.745117,-0.063418,0.097259,0.003198,chewing
5340905.0,-0.643066,1.86377,0.132812,0.006129,0.041568,-0.01359,0.359375,-1.873047,0.741699,-0.053825,0.071145,-0.011724,chewing
5340915.0,-0.712402,1.837891,0.137695,-0.008793,0.027179,-0.039969,0.351563,-1.876465,0.741211,-0.014655,0.045832,-0.007994,chewing
5340925.0,-0.692871,1.819824,0.131836,-0.002398,0.036772,-0.016521,0.338379,-1.873047,0.753906,-0.020251,0.058089,-0.02638,chewing
5340935.0,-0.712891,1.829102,0.116699,0.05196,-0.037038,-0.017853,0.333008,-1.858398,0.771973,-0.019452,0.06102,-0.005063,chewing
5340945.0,-0.683594,1.844238,0.132324,0.045832,-0.028778,-0.00453,0.304688,-1.875977,0.769043,-0.059421,0.077008,0.005862,chewing
5340955.0,-0.681152,1.842285,0.140137,0.064484,-0.016521,-0.007994,0.30127,-1.870605,0.767578,-0.083136,0.077807,0.066349,chewing
5340965.0,-0.672852,1.858398,0.115234,0.073277,-0.014389,-0.004263,0.320801,-1.862793,0.750488,-0.107651,0.097259,0.036239,chewing
5340975.0,-0.676758,1.857422,0.132324,0.099657,-0.002665,-0.036772,0.318848,-1.873535,0.750488,-0.129501,0.115911,0.015455,chewing
5340985.0,-0.69043,1.865234,0.121582,0.118576,0.006662,-0.061553,0.317383,-1.875977,0.731445,-0.143357,0.106052,0.024248,chewing
5340995.0,-0.702148,1.868164,0.115234,0.132965,0.020251,-0.059688,0.334473,-1.878906,0.75,-0.162542,0.092729,0.040769,chewing
5341005.0,-0.69873,1.859863,0.128418,0.183593,0.000533,-0.014655,0.334473,-1.884277,0.728516,-0.197982,0.100723,0.05276,chewing
5341015.0,-0.69873,1.870605,0.132324,0.212637,0.044766,0.034374,0.352539,-1.89502,0.72168,-0.174266,0.049296,0.06928,chewing
5341025.0,-0.708496,1.851074,0.13623,0.207574,0.05196,0.045565,0.345215,-1.880371,0.739746,-0.162009,0.009593,0.099124,chewing
5341035.0,-0.698242,1.847168,0.13916,0.180928,0.05196,0.035706,0.341309,-1.88623,0.739258,-0.192652,-0.007727,0.128701,chewing
5341045.0,-0.699219,1.841309,0.112305,0.142557,0.037305,0.005063,0.315918,-1.871094,0.731445,-0.217167,-0.015455,0.160677,chewing
5341055.0,-0.690918,1.845703,0.138672,0.123106,0.002665,-0.021583,0.293945,-1.870605,0.747559,-0.206775,-0.021583,0.13936,chewing
5341065.0,-0.702148,1.836426,0.134277,0.105519,-0.007461,-0.026913,0.286621,-1.887207,0.741699,-0.2169,-0.013323,0.156946,chewing
5341075.0,-0.693848,1.854492,0.129883,0.118842,-0.010126,-0.0429,0.293945,-1.896973,0.745605,-0.215835,-0.010925,0.138827,chewing
5341085.0,-0.696777,1.855957,0.123535,0.084202,0.027446,-0.057289,0.304199,-1.87793,0.754883,-0.204643,0.017853,0.084735,chewing
5341095.0,-0.705078,1.862305,0.109863,0.075942,0.034107,-0.03464,0.299316,-1.891602,0.744141,-0.195583,0.052227,0.068747,chewing
5341105.0,-0.70459,1.866211,0.121582,0.049562,0.062619,-0.046631,0.31543,-1.887695,0.734375,-0.18306,0.079939,0.006662,chewing
5341115.0,-0.714355,1.870117,0.124023,0.025847,0.100723,-0.030377,0.334473,-1.889648,0.731445,-0.158012,0.074343,-0.005329,chewing
5341125.0,-0.732422,1.850098,0.133301,0.024781,0.124971,-0.019985,0.330566,-1.885742,0.713379,-0.134297,0.04823,0.00453,chewing
5341135.0,-0.719727,1.853027,0.130859,0.01732,0.170003,-0.007727,0.334961,-1.889648,0.73584,-0.08287,0.005596,0.039703,chewing
5341145.0,-0.730469,1.856445,0.123535,0.006129,0.233688,0.00453,0.345703,-1.884766,0.72168,-0.05276,-0.03464,0.071145,chewing
5341155.0,-0.708496,1.855957,0.115234,-0.038637,0.290977,0.009593,0.325684,-1.890625,0.730957,-0.012524,-0.071945,0.059155,chewing
5341165.0,-0.697266,1.851074,0.116211,-0.029844,0.285648,0.017054,0.313477,-1.885254,0.73291,0.023982,-0.108983,0.038904,chewing
5341175.0,-0.686035,1.841797,0.118652,0.022383,0.218499,-0.00453,0.316895,-1.884277,0.739258,0.08287,-0.101522,0.004796,chewing
5341185.0,-0.686523,1.838379,0.133301,0.055158,0.124704,-0.025847,0.29834,-1.88916,0.741211,0.112714,-0.087933,-0.058888,chewing
5341195.0,-0.696289,1.853516,0.120605,0.000799,0.069813,-0.030643,0.296387,-1.887207,0.734375,0.143623,-0.102322,-0.060753,chewing
5341205.0,-0.694336,1.859375,0.117188,-0.026913,0.049562,-0.033041,0.318848,-1.863281,0.750977,0.150551,-0.081005,-0.075142,chewing
5341215.0,-0.686523,1.859863,0.120605,-0.008793,-0.00826,-0.023715,0.310059,-1.875488,0.75293,0.163075,-0.07008,-0.110049,chewing
5341225.0,-0.709473,1.833008,0.142578,-0.062352,-0.10019,-0.002665,0.317383,-1.924805,0.666016,0.143623,-0.070346,-0.09193,chewing
5341235.0,-0.70166,1.833008,0.140137,-0.081538,-0.067948,0.017587,0.362793,-1.870605,0.731445,0.214769,0.022916,-0.150285,chewing
5341245.0,-0.714844,1.828613,0.141113,-0.014655,-0.107917,0.033574,0.333008,-1.855469,0.788086,0.231822,0.128168,-0.220364,chewing
5341255.0,-0.6875,1.838867,0.134766,0.039703,-0.133498,0.051427,0.285156,-1.866699,0.755859,0.228358,0.128968,-0.224628,chewing
5341265.0,-0.694336,1.859863,0.129395,-0.039436,-0.080738,0.002398,0.279297,-1.884766,0.740234,0.256337,0.036239,-0.188389,chewing
5341275.0,-0.694336,1.878906,0.120605,-0.246744,0.002665,-0.081005,0.325195,-1.892578,0.740234,0.261133,-0.082603,-0.072211,chewing
5341285.0,-0.698242,1.87207,0.125488,-0.295773,-0.050894,-0.092729,0.299316,-1.888184,0.705078,0.252073,-0.192652,0.003464,chewing
5341295.0,-0.70166,1.871582,0.129395,-0.297905,-0.063951,-0.071412,0.378418,-1.887695,0.73877,0.239816,-0.167072,0.019718,chewing
5341305.0,-0.713379,1.891602,0.112305,-0.223828,-0.058888,-0.104453,0.362305,-1.850098,0.765625,0.116711,-0.068747,-0.058888,chewing
5341315.0,-0.740723,1.866699,0.127441,-0.314692,-0.071412,-0.120175,0.328613,-1.842285,0.717773,0.049296,-0.049562,-0.144956,chewing
5341325.0,-0.719238,1.866699,0.155762,-0.311228,-0.095127,-0.090864,0.352539,-1.883789,0.746582,-0.029844,0.07834,-0.045565,chewing
5341335.0,-0.686523,1.856934,0.125488,-0.133764,-0.111648,0.012257,0.319824,-1.862305,0.758301,-0.03544,0.119375,-0.06928,chewing
5341345.0,-0.704102,1.853027,0.125977,-0.154548,-0.154548,0.083936,0.29541,-1.845215,0.783691,-0.017054,0.144423,-0.077807,chewing
5341355.0,-0.702148,1.888184,0.09082,-0.188922,-0.623256,0.299237,0.285645,-1.856445,0.761719,-0.00906,0.1311,-0.08207,chewing
5341365.0,-0.708008,1.870605,0.118652,0.546515,-0.642707,0.270193,0.30127,-1.87207,0.771484,0.052493,0.118043,-0.083936,chewing
5341375.0,-0.713867,1.835938,0.242676,0.292043,-0.433268,0.125237,0.32959,-1.857422,0.79834,0.044233,0.144956,-0.123905,chewing
5341385.0,-0.692383,1.831055,0.208984,-0.01279,-0.08287,-0.05276,0.336426,-1.879883,0.746094,-0.009593,0.127369,-0.088998,chewing
5341395.0,-0.692383,1.78418,0.077148,0.614995,-0.367985,0.22596,0.362793,-1.885254,0.730957,-0.042368,0.054358,-0.001332,chewing
5341405.0,-0.756348,1.797852,0.160645,0.001865,0.088998,0.00826,0.382813,-1.881348,0.733398,-0.0429,0.036239,-0.037305,chewing
5341415.0,-0.703125,1.851074,0.147949,0.092462,-0.023715,-0.022383,0.36377,-1.865234,0.73877,-0.032242,0.027179,-0.04743,chewing
5341425.0,-0.709961,1.84375,0.15918,0.056757,-0.03091,-0.023982,0.364746,-1.858887,0.749023,-0.00906,0.011191,-0.05276,chewing
5341435.0,-0.690918,1.85498,0.15332,0.018386,0.000799,-0.020784,0.346191,-1.858887,0.737305,0.01732,0.002398,-0.050894,chewing
5341445.0,-0.685059,1.853516,0.163574,-0.012257,0.043966,-0.0437,0.334961,-1.855469,0.76709,0.033041,0.001066,-0.034907,chewing
5341455.0,-0.685059,1.857422,0.157715,-0.022916,0.049296,-0.086334,0.325684,-1.863281,0.765137,0.02558,0.004796,-0.014123,chewing
5341465.0,-0.705566,1.845215,0.150391,0.014922,0.036505,-0.100989,0.331055,-1.870117,0.76416,-0.001865,0.006129,-0.003198,chewing
5341475.0,-0.722656,1.851074,0.13916,0.078074,0.042634,-0.070879,0.323242,-1.867188,0.765625,-0.022649,0.016254,-0.005329,chewing
5341485.0,-0.724609,1.850098,0.140137,0.063152,0.084202,-0.027179,0.327148,-1.861328,0.788086,-0.041035,0.004796,-0.009859,chewing
5341495.0,-0.755859,1.819336,0.158691,0.056757,0.13856,-0.006395,0.328613,-1.849609,0.786621,-0.059688,0.019985,0.001066,chewing
5341505.0,-0.720215,1.834473,0.143555,-0.004263,0.20038,-0.019985,0.321777,-1.856445,0.775879,-0.054092,0.050894,-0.016521,chewing
5341515.0,-0.714355,1.833496,0.146484,-0.053559,0.277387,-0.068747,0.334961,-1.860352,0.788574,-0.067149,0.071678,-0.050894,chewing
5341525.0,-0.706543,1.854492,0.137695,-0.085268,0.292576,-0.087666,0.350098,-1.85791,0.771973,-0.066349,0.09113,-0.072211,chewing
5341535.0,-0.686523,1.855469,0.130859,-0.026913,0.244346,-0.044766,0.342285,-1.869141,0.768555,-0.05196,0.116178,-0.075142,chewing
5341545.0,-0.702148,1.885254,0.133301,-0.049296,0.29151,-0.015988,0.374023,-1.855957,0.798828,-0.049828,0.054358,-0.043433,chewing
5341555.0,-0.677246,1.847168,0.137207,0.01359,0.251807,0.03464,0.362305,-1.836426,0.783691,-0.097525,0.1311,-0.042634,chewing
5341565.0,-0.703613,1.865723,0.156738,-0.077274,0.304567,-0.012524,0.34375,-1.864258,0.740723,-0.124172,0.067415,0.0429,chewing
5341575.0,-0.658691,1.869629,0.121094,-0.02638,0.274456,-0.027712,0.353027,-1.907227,0.716797,-0.175066,-0.00453,0.181994,chewing
5341585.0,-0.734863,1.859375,0.13916,0.220098,0.005596,0.001865,0.306641,-1.902832,0.708496,-0.058888,-0.155081,0.252606,chewing
5341595.0,-0.734375,1.82666,0.151855,0.203844,-0.068214,-0.083403,0.31543,-1.869141,0.756836,-0.049296,-0.201712,0.278453,chewing
5341605.0,-0.712891,1.843262,0.161133,0.25687,-0.118309,-0.090331,0.314941,-1.885254,0.783203,-0.066349,-0.173734,0.276588,chewing
5341615.0,-0.706543,1.853516,0.16748,0.277387,-0.116977,-0.015721,0.295898,-1.889648,0.774902,-0.104187,-0.077541,0.18226,chewing
5341625.0,-0.71582,1.86377,0.163574,0.25687,-0.072744,0.051427,0.303711,-1.882813,0.759766,-0.131366,0.019718,0.020784,chewing
5341635.0,-0.70752,1.872559,0.126953,0.124704,0.066882,0.062619,0.327148,-1.859863,0.75,-0.159877,0.087933,-0.024781,chewing
5341645.0,-0.71875,1.875488,0.15625,0.05649,0.138294,0.023982,0.35498,-1.837891,0.743164,-0.150551,0.086867,-0.00906,chewing
5341655.0,-0.722656,1.867676,0.128418,0.053292,0.184392,0.010392,0.352539,-1.853027,0.733887,-0.117776,0.006662,0.064484,chewing
5341665.0,-0.732422,1.861816,0.119629,0.106319,0.176665,-0.028511,0.37207,-1.857422,0.753418,-0.040236,-0.053825,0.096193,chewing
5341675.0,-0.730469,1.853516,0.122559,0.102055,0.105519,-0.039436,0.327637,-1.862305,0.763672,0.012257,-0.085801,0.08287,chewing
5341685.0,-0.716797,1.870605,0.127441,0.039703,0.083669,-0.045032,0.3125,-1.887695,0.78125,0.042368,-0.10392,0.06555,chewing
5341695.0,-0.719727,1.854004,0.150879,0.00373,0.104453,-0.030377,0.306641,-1.901367,0.763184,0.041035,-0.074609,0.037571,chewing
5341705.0,-0.720215,1.830078,0.138184,0.023715,0.148686,-0.005063,0.314453,-1.895996,0.764648,0.031443,-0.053559,-0.001332,chewing
5341715.0,-0.722168,1.831055,0.158203,0.062619,0.142025,0.028511,0.325195,-1.884766,0.75,0.01279,-0.013323,-0.070613,chewing
5341725.0,-0.70752,1.842773,0.154785,0.056757,0.148953,0.032242,0.321289,-1.867188,0.739258,0.011191,-0.006395,-0.096459,chewing
5341735.0,-0.696777,1.845215,0.166504,0.084469,0.11298,0.028511,0.338867,-1.862305,0.729492,0.033308,0.003464,-0.088466,chewing
5341745.0,-0.703125,1.82373,0.15332,0.106319,0.044499,0.016787,0.336426,-1.871094,0.744629,0.038904,0.009326,-0.078873,chewing
5341755.0,-0.691406,1.857422,0.145508,0.114579,-0.050628,-0.002931,0.307617,-1.869629,0.758301,0.075675,0.006395,-0.080472,chewing
5341765.0,-0.720703,1.841797,0.150879,0.122306,-0.126303,-0.010126,0.308594,-1.866699,0.770508,0.078606,0.040502,-0.11751,chewing
5341775.0,-0.687988,1.848145,0.165527,0.052493,-0.12657,-0.006928,0.321777,-1.881348,0.743652,0.067681,0.045299,-0.124704,chewing
5341785.0,-0.70752,1.838867,0.172852,-0.119642,-0.101522,0.014655,0.339844,-1.912598,0.697754,0.052227,0.049562,-0.122839,chewing
5341795.0,-0.703613,1.850098,0.17041,-0.073011,-0.077274,0.045832,0.356445,-1.874023,0.735352,0.055158,0.057289,-0.134031,chewing
5341805.0,-0.706543,1.855469,0.112305,0.078074,-0.128701,0.070613,0.364258,-1.821289,0.807129,0.099124,0.017054,-0.094061,chewing
5341815.0,-0.723633,1.859375,0.134766,0.110848,-0.185458,0.079139,0.330566,-1.84082,0.789551,0.03544,0.046098,-0.124971,chewing
5341825.0,-0.71582,1.875977,0.111816,0.095127,-0.139093,0.038371,0.324219,-1.837402,0.806641,-0.02558,0.038371,-0.038904,chewing
5341835.0,-0.734863,1.868652,0.116211,0.004796,-0.089265,-0.000266,0.341309,-1.870117,0.772461,-0.046897,0.039703,-0.002931,chewing
5341845.0,-0.731934,1.862305,0.130371,-0.054625,-0.064217,-0.016521,0.340332,-1.883789,0.741211,-0.087666,0.106052,-0.003997,chewing
5341855.0,-0.715332,1.853516,0.153809,-0.054625,0.000266,-0.022383,0.344238,-1.888672,0.73291,-0.111914,0.154815,-0.079939,chewing
5341865.0,-0.729492,1.886719,0.122559,-0.153482,0.128168,-0.023182,0.389648,-1.84375,0.777832,-0.09566,0.146554,-0.073277,chewing
5341875.0,-0.711426,1.891602,0.155273,-0.241948,0.163075,-0.000533,0.354492,-1.868164,0.734375,-0.142557,0.198515,-0.075409,chewing
5341885.0,-0.703613,1.87793,0.134766,-0.234487,0.16574,0.033574,0.371094,-1.863281,0.766602,-0.106585,0.191054,-0.06555,chewing
5341895.0,-0.701172,1.860352,0.13623,-0.174,0.055957,0.074343,0.332031,-1.865723,0.756836,-0.133764,0.213969,-0.058089,chewing
5341905.0,-0.681641,1.866699,0.120605,-0.033041,-0.07008,0.085534,0.318359,-1.880371,0.756348,-0.099657,0.188123,-0.013057,chewing
5341915.0,-0.695312,1.855957,0.089355,0.353329,-0.371715,0.203844,0.3125,-1.881836,0.743652,-0.076208,0.158012,0.000799,chewing
5341925.0,-0.694824,1.885742,0.104004,0.820438,-0.786331,0.335743,0.312988,-1.849121,0.782227,-0.038904,0.135096,-0.002931,chewing
5341935.0,-0.701172,1.833008,0.165527,0.287779,-0.401825,0.020518,0.312988,-1.854004,0.774902,-0.073011,0.113513,0.041302,chewing
5341945.0,-0.695312,1.819824,0.211914,0.083669,-0.094861,-0.031443,0.333496,-1.869629,0.758789,-0.089798,0.099657,0.075942,chewing
5341955.0,-0.717285,1.822754,0.121094,0.205176,-0.028245,0.069547,0.349121,-1.880371,0.747559,-0.088199,0.100723,0.055424,chewing
5341965.0,-0.753906,1.756836,0.132324,0.013323,0.285914,0.033041,0.344727,-1.882324,0.729492,-0.071145,0.094328,0.02638,chewing
5341975.0,-0.720215,1.819336,0.153809,0.124704,0.120441,0.03917,0.342773,-1.867676,0.739258,-0.04823,0.083669,0.011724,chewing
5341985.0,-0.705566,1.82373,0.153809,0.077807,0.098858,-0.001066,0.336426,-1.869141,0.748535,-0.049828,0.085534,-0.045299,chewing
5341995.0,-0.697266,1.824707,0.145996,0.041035,0.081271,-0.017587,0.34375,-1.868652,0.733398,-0.057289,0.049828,-0.011991,chewing
5342005.0,-0.70459,1.822754,0.168945,0.007727,0.10845,-0.037838,0.327637,-1.876465,0.737793,-0.058089,0.052227,-0.009859,chewing
5342015.0,-0.692383,1.839355,0.162598,-0.005596,0.101522,-0.060487,0.308594,-1.876465,0.739258,-0.05649,0.043433,0.027979,chewing
5342025.0,-0.692871,1.829102,0.158203,-0.002398,0.098325,-0.07008,0.305176,-1.878418,0.755371,-0.043167,0.043167,-0.007461,chewing
5342035.0,-0.703613,1.84082,0.144043,0.020784,0.052227,-0.080472,0.316406,-1.883789,0.763184,-0.034374,0.058888,-0.023182,chewing
5342045.0,-0.722168,1.842285,0.148926,0.010658,0.038371,-0.091397,0.32959,-1.869629,0.759766,-0.011991,0.076208,-0.09113,chewing
5342055.0,-0.713379,1.866699,0.145996,-0.037305,0.070346,-0.112181,0.331055,-1.868652,0.779297,0.000533,0.066083,-0.076475,chewing
5342065.0,-0.722168,1.861816,0.144043,-0.132965,0.166806,-0.120175,0.349609,-1.850586,0.777344,0.00826,0.079939,-0.082337,chewing
5342075.0,-0.723633,1.875977,0.139648,-0.163075,0.23955,-0.09193,0.356934,-1.84082,0.787109,0.002665,0.081804,-0.070613,chewing
5342085.0,-0.723633,1.875488,0.132324,-0.159611,0.273391,-0.048496,0.361328,-1.838867,0.769531,0.001066,0.0874,-0.045299,chewing
5342095.0,-0.728027,1.875488,0.11377,-0.136695,0.268328,-0.006129,0.353516,-1.864258,0.752441,-0.017853,0.078873,-0.064217,chewing
5342105.0,-0.713867,1.859375,0.136719,-0.122573,0.229691,0.029577,0.338379,-1.876465,0.756348,0.014389,0.040769,-0.040236,chewing
5342115.0,-0.737305,1.851074,0.132812,-0.053825,0.194784,0.044499,0.328125,-1.897461,0.761719,0.028778,0.00826,-0.012257,chewing
5342125.0,-0.72168,1.893555,0.231934,-0.193185,0.229158,-0.092462,0.399902,-1.810059,0.706543,-0.217433,0.126836,0.083936,chewing
5342135.0,-0.668457,1.862793,0.097168,-0.050628,0.209173,-0.014389,0.311523,-1.900879,0.749512,-0.147887,0.082603,0.122839,chewing
5342145.0,-0.734375,1.842773,0.115723,0.228625,-0.054891,0.102322,0.231445,-1.92627,0.71582,-0.007727,-0.110848,0.128435,chewing
5342155.0,-0.733887,1.84375,0.157227,0.321354,-0.128701,0.027179,0.289063,-1.855957,0.757812,0.001332,-0.174,0.213969,chewing
5342165.0,-0.719238,1.860352,0.146973,0.410885,-0.169737,0.01359,0.287598,-1.885254,0.743164,-0.094328,-0.065017,0.231023,chewing
5342175.0,-0.708984,1.85498,0.150391,0.429804,-0.156147,0.031443,0.303711,-1.90918,0.731934,-0.127369,-0.008527,0.164674,chewing
5342185.0,-0.721191,1.849121,0.152832,0.422077,-0.080472,0.070613,0.307617,-1.894531,0.752441,-0.189455,0.08207,0.086867,chewing
5342195.0,-0.694824,1.84668,0.147461,0.38344,-0.039969,0.129234,0.358398,-1.871094,0.739258,-0.243813,0.119908,0.041568,chewing
5342205.0,-0.693359,1.858887,0.133789,0.299237,0.030643,0.132698,0.382324,-1.85791,0.726562,-0.255005,0.126303,0.006662,chewing
5342215.0,-0.691895,1.852539,0.155762,0.249942,0.060487,0.07008,0.371094,-1.855957,0.740234,-0.212637,0.081271,0.054092,chewing
5342225.0,-0.704102,1.850098,0.137207,0.173734,0.034907,-0.00373,0.345215,-1.859863,0.744141,-0.134031,0.013856,0.05276,chewing
5342235.0,-0.728027,1.845703,0.130371,0.081005,0.018386,-0.057822,0.321777,-1.883789,0.760742,-0.058622,-0.027979,0.04743,chewing
5342245.0,-0.725586,1.828125,0.129883,0.034907,0.040502,-0.066349,0.316895,-1.904785,0.748047,-0.016521,-0.068214,0.058355,chewing
5342255.0,-0.732422,1.827637,0.134766,0.036505,0.056224,-0.061553,0.303223,-1.911621,0.758301,-0.005596,-0.071678,0.069014,chewing
5342265.0,-0.739258,1.82959,0.126465,0.085268,0.069014,-0.02185,0.297363,-1.899902,0.754883,-0.011191,-0.057289,0.034907,chewing
5342275.0,-0.742676,1.840332,0.132324,0.097525,0.077008,0.001066,0.318848,-1.882324,0.756348,0.016254,-0.080205,0.002931,chewing
5342285.0,-0.714844,1.844238,0.120605,0.108717,0.062619,0.035972,0.324707,-1.879883,0.76416,0.046098,-0.058622,-0.058089,chewing
5342295.0,-0.712402,1.834473,0.133789,0.164407,0.006662,0.072744,0.326172,-1.87207,0.750977,0.095394,-0.021583,-0.142025,chewing
5342305.0,-0.69873,1.855957,0.162109,0.112447,-0.051427,0.069547,0.306641,-1.894043,0.685547,0.119375,-0.024781,-0.203311,chewing
5342315.0,-0.688965,1.840332,0.166992,-0.021583,-0.001865,0.037838,0.345703,-1.884277,0.723633,0.196116,-0.053559,-0.154015,chewing
5342325.0,-0.67334,1.838867,0.147461,-0.01732,0.011991,0.040236,0.34082,-1.862305,0.745117,0.203577,0.010658,-0.189455,chewing
5342335.0,-0.674316,1.859375,0.15625,-0.060753,0.057822,0.03917,0.338379,-1.865723,0.709961,0.163075,0.058888,-0.181461,chewing
5342345.0,-0.699219,1.847656,0.133789,-0.077008,0.0429,0.013323,0.332031,-1.911133,0.756348,0.141758,0.136162,-0.277387,chewing
5342355.0,-0.688965,1.846191,0.151367,-0.071145,-0.031176,-0.003198,0.298828,-1.883301,0.744629,0.092729,0.068747,-0.179063,chewing
5342365.0,-0.682617,1.855469,0.139648,-0.09566,-0.016521,-0.013057,0.351563,-1.876465,0.767578,0.094594,0.010925,-0.148153,chewing
5342375.0,-0.702148,1.885742,0.109863,-0.150551,0.00826,-0.047697,0.335449,-1.874512,0.753418,0.03544,0.002665,-0.129767,chewing
5342385.0,-0.726562,1.877441,0.112793,-0.36079,0.074077,-0.122306,0.379883,-1.839844,0.76416,-0.01732,0.05649,-0.075409,chewing
5342395.0,-0.724121,1.880371,0.126465,-0.50921,0.061553,-0.122306,0.384277,-1.852051,0.761719,-0.045032,0.140426,-0.050095,chewing
5342405.0,-0.716797,1.850586,0.149902,-0.461247,0.066616,-0.113247,0.396973,-1.833984,0.77002,-0.050628,0.150818,-0.017054,chewing
5342415.0,-0.722168,1.84668,0.131348,-0.364254,-0.001332,-0.065017,0.380859,-1.859375,0.760254,-0.078606,0.159078,0.011191,chewing
5342425.0,-0.750488,1.864746,0.131836,-0.293908,-0.203044,0.055691,0.342285,-1.838379,0.776367,-0.131632,0.168937,0.035972,chewing
5342435.0,-0.747559,1.85498,0.09668,-0.045299,-0.440196,0.187057,0.334473,-1.853516,0.78125,-0.11298,0.152417,0.040769,chewing
5342445.0,-0.71582,1.870605,-0.036621,0.79992,-0.713587,0.331746,0.32373,-1.869141,0.758789,-0.06475,0.167605,-0.001332,chewing
5342455.0,-0.754883,1.875488,0.217773,0.459381,-0.539587,0.180129,0.299316,-1.859863,0.791504,-0.036505,0.154015,-0.036772,chewing
5342465.0,-0.703125,1.853027,0.208984,0.158812,-0.201712,0.080738,0.297363,-1.866211,0.764648,-0.051694,0.128435,0.01279,chewing
5342475.0,-0.676758,1.830078,0.076172,0.433268,-0.179862,0.215035,0.339355,-1.883789,0.756836,-0.057023,0.096459,0.059421,chewing
5342485.0,-0.70752,1.837891,0.175293,0.028245,0.280585,0.111648,0.363281,-1.890625,0.760254,-0.07008,0.072744,0.074077,chewing
5342495.0,-0.693848,1.848145,0.162598,0.142824,0.150551,0.14762,0.354492,-1.881348,0.750977,-0.077274,0.078873,0.008527,chewing
5342505.0,-0.687988,1.849121,0.15918,0.164407,0.089531,0.123639,0.35791,-1.880859,0.73877,-0.086067,0.060487,0.004263,chewing
5342515.0,-0.677734,1.845215,0.158203,0.149485,0.078873,0.098325,0.331055,-1.872559,0.73584,-0.055158,0.047963,-0.00906,chewing
5342525.0,-0.685059,1.825684,0.148437,0.164141,0.063418,0.074876,0.312988,-1.883789,0.759766,-0.055957,0.050095,0.005596,chewing
5342535.0,-0.685059,1.839844,0.15332,0.135363,0.062352,0.039436,0.304688,-1.887207,0.757812,-0.031975,0.044499,0.006928,chewing
5342545.0,-0.683594,1.814941,0.14209,0.070346,0.07834,0.01359,0.310059,-1.885254,0.754395,-0.020784,0.048763,-0.01279,chewing
5342555.0,-0.695801,1.816895,0.160645,0.057556,0.092196,-0.011991,0.317871,-1.885742,0.766113,0.005063,0.042101,-0.015188,chewing
5342565.0,-0.70166,1.831543,0.140137,0.045032,0.084202,-0.031176,0.336426,-1.875488,0.772461,0.008793,0.015188,-0.014922,chewing
5342575.0,-0.707031,1.834473,0.145996,0.030643,0.090864,-0.041302,0.338379,-1.852051,0.77002,0.010126,0.017853,-0.038104,chewing
5342585.0,-0.720703,1.828125,0.137207,-0.003464,0.116178,-0.049029,0.341309,-1.855957,0.769043,0.005063,0.020784,-0.046631,chewing
5342595.0,-0.712891,1.841797,0.130859,-0.039703,0.155081,-0.047963,0.333496,-1.861328,0.778809,0.006662,0.062352,-0.051427,chewing
5342605.0,-0.714355,1.831055,0.146484,-0.06475,0.192386,-0.032508,0.334473,-1.850586,0.777344,-0.02558,0.120708,-0.08287,chewing
5342615.0,-0.702148,1.837891,0.126465,-0.040769,0.192652,-0.018919,0.314941,-1.856445,0.775391,-0.061819,0.169204,-0.099124,chewing
5342625.0,-0.719727,1.849121,0.134277,-0.03464,0.176132,-0.005862,0.325684,-1.880859,0.754883,-0.099923,0.169204,-0.123639,chewing
5342635.0,-0.698242,1.858398,0.134766,0.015455,0.114845,0.027712,0.326172,-1.876465,0.758301,-0.110582,0.178796,-0.087133,chewing
5342645.0,-0.716797,1.881348,0.137207,0.083936,0.093528,0.016787,0.32959,-1.878418,0.74707,-0.102588,0.126037,-0.076208,chewing
5342655.0,-0.680176,1.888672,0.193848,0.135896,0.029044,0.00826,0.348633,-1.824707,0.718262,-0.20944,0.17853,-0.042101,chewing
5342665.0,-0.680176,1.895996,0.16748,0.170536,0.035706,0.053825,0.343262,-1.848145,0.695312,-0.144689,0.132165,-0.011991,chewing
5342675.0,-0.723633,1.855957,0.129395,0.325884,-0.110315,0.081804,0.317871,-1.86377,0.703125,-0.018386,-0.003997,0.02185,chewing
5342685.0,-0.72998,1.870605,0.125,0.405023,-0.16574,0.045832,0.319336,-1.880859,0.743652,-0.018652,-0.120974,0.139093,chewing
5342695.0,-0.717285,1.875,0.119141,0.296306,-0.114046,0.000266,0.333984,-1.883789,0.742187,-0.092995,-0.133231,0.275256,chewing
5342705.0,-0.743164,1.85498,0.114746,0.349599,-0.06555,0.007194,0.341309,-1.890625,0.727051,-0.171602,-0.088466,0.264064,chewing
5342715.0,-0.714355,1.862305,0.147461,0.322153,-0.019718,0.040769,0.33252,-1.879883,0.744141,-0.228092,-0.015188,0.197449,chewing
5342725.0,-0.722656,1.86377,0.138672,0.310429,0.026913,0.08207,0.324219,-1.860352,0.742187,-0.264064,0.057556,0.103121,chewing
5342735.0,-0.691406,1.864258,0.137207,0.337075,0.124438,0.061819,0.333984,-1.853516,0.722656,-0.260067,0.085002,0.066083,chewing
5342745.0,-0.692871,1.865234,0.133789,0.319755,0.088466,0.059155,0.336426,-1.859375,0.745117,-0.211305,0.073277,0.065283,chewing
5342755.0,-0.703613,1.853027,0.129883,0.214502,0.062619,0.029311,0.328125,-1.865234,0.75,-0.148953,0.033041,0.04743,chewing
5342765.0,-0.694336,1.834473,0.137207,0.1303,0.077541,-0.016521,0.317383,-1.900391,0.721191,-0.138028,-0.022649,0.118043,chewing
5342775.0,-0.695801,1.830566,0.120117,0.042634,0.102055,-0.027446,0.323242,-1.90625,0.739746,-0.109783,-0.065283,0.164141,chewing
5342785.0,-0.709473,1.831055,0.121094,-0.019452,0.123905,-0.028245,0.300781,-1.899902,0.751465,-0.099657,-0.09113,0.174799,chewing
5342795.0,-0.708008,1.849121,0.12793,-0.047697,0.135629,-0.018119,0.3125,-1.891113,0.742676,-0.077274,-0.120175,0.179063,chewing
5342805.0,-0.709473,1.841797,0.129395,-0.041302,0.128701,-0.044499,0.318359,-1.877441,0.740723,-0.051694,-0.110848,0.144423,chewing
5342815.0,-0.705566,1.850586,0.112793,-0.028511,0.119375,-0.058089,0.312988,-1.874512,0.753906,-0.025047,-0.10019,0.0874,chewing
5342825.0,-0.703125,1.835449,0.114746,-0.005063,0.084469,-0.05649,0.3125,-1.869141,0.755859,0.022916,-0.094328,0.036505,chewing
5342835.0,-0.706055,1.836426,0.103516,0.037038,0.064217,-0.061819,0.310547,-1.872559,0.755859,0.076741,-0.071945,-0.059688,chewing
5342845.0,-0.708008,1.847656,0.123047,0.044233,0.027179,-0.060487,0.319336,-1.888672,0.737793,0.135363,-0.058622,-0.155614,chewing
5342855.0,-0.710937,1.842773,0.14209,-0.004796,0.042634,-0.034107,0.32373,-1.89209,0.710449,0.201179,-0.080472,-0.191587,chewing
5342865.0,-0.697266,1.856445,0.150879,-0.118043,0.089798,0.003198,0.353516,-1.898438,0.743652,0.286714,-0.077008,-0.16574,chewing
5342875.0,-0.695312,1.841309,0.166016,-0.322153,0.14842,0.031176,0.333984,-1.888184,0.692383,0.33521,-0.083403,-0.189188,chewing
5342885.0,-0.675781,1.830078,0.172852,-0.188389,0.100723,0.073544,0.348633,-1.894531,0.70459,0.375446,-0.144689,-0.189988,chewing
5342895.0,-0.669922,1.847168,0.155273,0.080205,-0.010925,0.10925,0.375488,-1.865723,0.727051,0.312028,-0.074077,-0.202778,chewing
5342905.0,-0.669434,1.868652,0.131348,0.181994,-0.118043,0.120175,0.359863,-1.844238,0.77832,0.23049,0.110582,-0.267795,chewing
5342915.0,-0.690918,1.87207,0.119141,0.144689,-0.149219,0.050095,0.287109,-1.850586,0.78418,0.143623,0.170536,-0.243547,chewing
5342925.0,-0.70752,1.886719,0.124512,-0.091397,-0.09566,-0.048763,0.267578,-1.903809,0.728027,0.0874,0.05649,-0.128968,chewing
5342935.0,-0.722168,1.855957,0.127441,-0.272858,-0.072478,-0.10925,0.293945,-1.897461,0.721191,0.066616,-0.038104,-0.016787,chewing
5342945.0,-0.728027,1.841309,0.09668,-0.358658,0.01279,-0.144956,0.323242,-1.872559,0.763184,0.03544,0.008527,-0.073011,chewing
5342955.0,-0.730469,1.875488,0.127441,-0.403158,0.124172,-0.120175,0.399414,-1.821777,0.77002,-0.080738,0.205176,-0.127369,chewing
5342965.0,-0.722168,1.864258,0.119629,-0.408487,0.099657,0.007727,0.361328,-1.85791,0.733887,-0.111648,0.235286,-0.127902,chewing
5342975.0,-0.720215,1.875977,0.164551,-0.315758,0.127902,0.046364,0.367676,-1.847168,0.744629,-0.092462,0.229957,-0.099391,chewing
5342985.0,-0.703613,1.883301,0.150879,-0.314159,0.135629,0.060753,0.37207,-1.838379,0.771484,-0.065816,0.232089,-0.063685,chewing
5342995.0,-0.702148,1.877441,0.152344,-0.395963,-0.082337,0.155081,0.317383,-1.853027,0.752441,-0.057822,0.216634,-0.067681,chewing
5343005.0,-0.705078,1.859375,0.085449,-0.133498,-0.320288,0.180928,0.330078,-1.867676,0.763672,-0.017853,0.151884,-0.012257,chewing
5343015.0,-0.69873,1.865723,0.096191,0.474037,-0.536922,0.178263,0.327637,-1.887695,0.766602,-0.024781,0.095127,0.016787,chewing
5343025.0,-0.71582,1.883301,0.155273,0.686141,-0.792459,0.249409,0.326172,-1.862305,0.804199,-0.045565,0.10925,0.031709,chewing
5343035.0,-0.726074,1.821777,0.190918,0.246478,-0.337075,0.085534,0.3125,-1.854004,0.804199,-0.096193,0.10472,0.028778,chewing
5343045.0,-0.689453,1.850586,0.188965,0.123905,-0.065283,0.045832,0.341309,-1.86084,0.769043,-0.121507,0.105519,0.00826,chewing
5343055.0,-0.733398,1.842773,0.294434,0.536655,-0.300303,0.240882,0.349609,-1.873047,0.737793,-0.094328,0.097259,-0.016521,chewing
5343065.0,-0.722168,1.831543,0.129883,0.118576,0.129501,0.132698,0.351563,-1.86377,0.75,-0.057023,0.091663,-0.044233,chewing
5343075.0,-0.68457,1.858398,0.154297,0.145222,0.092995,0.107917,0.344727,-1.876953,0.74707,-0.019185,0.071145,-0.03917,chewing
5343085.0,-0.688965,1.833008,0.166016,0.10472,0.068747,0.062885,0.34082,-1.880371,0.753906,-0.005596,0.038104,-0.014123,chewing
5343095.0,-0.669922,1.834473,0.163574,0.080205,0.08287,0.033308,0.334473,-1.877441,0.749023,-0.003997,0.022649,0.009326,chewing
5343105.0,-0.678223,1.820801,0.16748,0.054625,0.08287,0.007994,0.324219,-1.880859,0.749512,-0.009326,0.006129,-0.002931,chewing
5343115.0,-0.685547,1.809082,0.15625,0.043966,0.105786,-0.021051,0.306152,-1.882813,0.761719,-0.009593,0.029044,-0.014123,chewing
5343125.0,-0.700195,1.823242,0.149902,0.036505,0.123905,-0.045832,0.304688,-1.875,0.772461,-0.024781,0.031443,-0.027979,chewing
5343135.0,-0.71582,1.809082,0.15625,-0.021583,0.16121,-0.061819,0.31543,-1.86377,0.756348,-0.025847,0.06102,-0.054092,chewing
5343145.0,-0.721191,1.813965,0.151367,-0.076208,0.199047,-0.093528,0.32959,-1.85791,0.77002,-0.03917,0.118043,-0.096193,chewing
5343155.0,-0.711914,1.845703,0.137695,-0.142291,0.256603,-0.100723,0.347168,-1.859375,0.776367,-0.064484,0.159078,-0.111115,chewing
5343165.0,-0.714355,1.844238,0.136719,-0.146021,0.251541,-0.067415,0.355469,-1.854492,0.786133,-0.085801,0.184126,-0.122306,chewing
5343175.0,-0.706055,1.869141,0.134277,-0.132698,0.241948,-0.057556,0.367676,-1.858887,0.790527,-0.086867,0.165473,-0.084735,chewing
5343185.0,-0.704102,1.870117,0.119141,-0.031176,0.191587,-0.03091,0.348633,-1.873535,0.748535,-0.069813,0.1303,-0.071145,chewing
5343195.0,-0.68457,1.90332,0.175781,0.018652,0.132698,-0.006662,0.383789,-1.848145,0.762695,-0.057822,0.102055,-0.026913,chewing
5343205.0,-0.70459,1.888184,0.144043,0.073011,0.162809,0.010658,0.33252,-1.902832,0.727539,-0.067948,0.087666,-0.030643,chewing
5343215.0,-0.680176,1.898926,0.158691,0.066349,0.132965,0.006129,0.365723,-1.865234,0.720703,-0.105253,0.043433,0.051694,chewing
5343225.0,-0.679687,1.888184,0.108398,0.090331,0.171868,0.027446,0.361328,-1.92334,0.704102,-0.181194,-0.044766,0.166273,chewing
5343235.0,-0.711914,1.879883,0.098145,0.32242,0.038371,0.079672,0.322266,-1.900879,0.675293,-0.204377,-0.025314,0.189721,chewing
5343245.0,-0.741699,1.844238,0.136719,0.418879,-0.068214,0.072211,0.275879,-1.872559,0.742187,-0.113779,-0.063685,0.140426,chewing
5343255.0,-0.733398,1.858887,0.149902,0.419945,-0.003464,-0.029311,0.290039,-1.890137,0.725098,-0.148153,-0.120175,0.226493,chewing
5343265.0,-0.704102,1.855957,0.133301,0.37438,-0.036505,0.014655,0.330566,-1.882324,0.745117,-0.186257,-0.087133,0.244613,chewing
5343275.0,-0.691895,1.86084,0.146484,0.353862,0.005329,0.027446,0.303223,-1.875977,0.77002,-0.195317,-0.012257,0.176665,chewing
5343285.0,-0.681152,1.867676,0.138672,0.329614,0.061819,0.059954,0.331543,-1.872559,0.747559,-0.237418,0.042368,0.114046,chewing
5343295.0,-0.665527,1.852051,0.119629,0.18306,0.146821,0.060487,0.347168,-1.865723,0.736816,-0.266462,0.053559,0.087933,chewing
5343305.0,-0.666504,1.836914,0.135254,0.103121,0.189455,0.055424,0.358398,-1.867188,0.726074,-0.23502,0.035972,0.09566,chewing
5343315.0,-0.684082,1.851563,0.132324,0.091663,0.165473,0.009326,0.36084,-1.862793,0.737305,-0.193718,-0.011724,0.127636,chewing
5343325.0,-0.70752,1.838379,0.138672,0.016254,0.140692,-0.047963,0.335938,-1.894043,0.718262,-0.225161,-0.029044,0.16574,chewing
5343335.0,-0.702637,1.838867,0.123047,0.007461,0.098058,-0.071945,0.334961,-1.875977,0.741211,-0.155348,-0.040769,0.120441,chewing
5343345.0,-0.724121,1.842773,0.097656,0.001865,0.114312,-0.060753,0.281738,-1.880371,0.768066,-0.108983,-0.044499,0.103387,chewing
5343355.0,-0.731934,1.833496,0.113281,0.001066,0.094594,-0.031176,0.285156,-1.888672,0.767578,-0.061553,-0.045032,0.061819,chewing
5343365.0,-0.718262,1.842773,0.124512,0.003997,0.135629,-0.013323,0.293457,-1.88623,0.754395,0.010925,-0.058622,0.00373,chewing
5343375.0,-0.725098,1.825195,0.111328,-0.00373,0.116444,0.017587,0.327148,-1.887695,0.739258,0.108184,-0.078873,-0.051694,chewing
5343385.0,-0.705566,1.847656,0.119629,0.002398,0.108717,0.024781,0.331543,-1.874512,0.72998,0.13483,-0.069014,-0.098591,chewing
5343395.0,-0.688965,1.852051,0.129883,-0.053292,0.104453,0.011724,0.361816,-1.876465,0.741699,0.195051,-0.066882,-0.124971,chewing
5343405.0,-0.696777,1.846191,0.138672,-0.141758,0.058888,0.001066,0.350586,-1.862305,0.743164,0.237685,-0.038637,-0.133498,chewing
5343415.0,-0.693359,1.845703,0.163086,-0.239283,0.026113,-0.031709,0.315918,-1.885742,0.716309,0.250741,-0.053559,-0.12657,chewing
5343425.0,-0.680664,1.838867,0.186035,-0.274723,0.029844,-0.020518,0.323242,-1.920898,0.713379,0.241149,-0.080472,-0.114046,chewing
5343435.0,-0.683105,1.843262,0.164551,-0.243813,0.074609,0.009326,0.320313,-1.940918,0.661133,0.202778,-0.075409,-0.125237,chewing
5343445.0,-0.67041,1.863281,0.138184,-0.055957,0.006662,0.096193,0.366699,-1.833008,0.803223,0.197715,0.072478,-0.185724,chewing
5343455.0,-0.695801,1.864746,0.133301,0.187856,-0.152417,0.183326,0.29834,-1.828125,0.814941,0.102855,0.181194,-0.236086,chewing
5343465.0,-0.705078,1.88623,0.115234,0.212904,-0.219832,0.160943,0.29541,-1.84668,0.824707,0.093795,0.162276,-0.22596,chewing
5343475.0,-0.732422,1.88623,0.10791,0.091397,-0.179596,0.036505,0.287598,-1.88623,0.743652,0.064217,0.034907,-0.118842,chewing
5343485.0,-0.720703,1.897461,0.114258,-0.085534,-0.10392,-0.065283,0.333496,-1.898438,0.6875,0.017587,0.034107,-0.119109,chewing
5343495.0,-0.727539,1.884277,0.124512,-0.2614,-0.014123,-0.12204,0.37207,-1.863281,0.734375,-0.016254,0.036239,-0.06555,chewing
5343505.0,-0.73291,1.870605,0.10791,-0.287247,0.026113,-0.068747,0.37793,-1.848633,0.755859,-0.067415,0.123639,-0.099923,chewing
5343515.0,-0.717285,1.866699,0.134766,-0.375979,0.146288,-0.025314,0.37793,-1.868164,0.745117,-0.065283,0.099923,-0.015188,chewing
5343525.0,-0.703125,1.873535,0.147461,-0.287779,0.098591,0.067681,0.379395,-1.853516,0.768066,-0.06475,0.156147,-0.014922,chewing
5343535.0,-0.688965,1.864746,0.118164,-0.090864,-0.007461,0.098058,0.329102,-1.871582,0.750488,-0.033308,0.170536,-0.081804,chewing
5343545.0,-0.675293,1.863281,0.091797,0.302168,-0.357859,0.219832,0.304199,-1.881836,0.756348,0.003198,0.162542,-0.076208,chewing
5343555.0,-0.653809,1.904297,0.161621,0.852946,-0.816974,0.379709,0.294922,-1.848633,0.779297,0.020518,0.115645,-0.041835,chewing
5343565.0,-0.69873,1.831055,0.214844,0.251274,-0.359191,0.059421,0.321777,-1.867188,0.780762,-0.007994,0.082603,0.016521,chewing
5343575.0,-0.655273,1.821777,0.192383,0.126836,-0.060221,-0.032242,0.335938,-1.869141,0.75293,-0.061819,0.083936,0.029844,chewing
5343585.0,-0.70166,1.82373,0.158691,0.136962,0.103387,0.024515,0.370117,-1.867188,0.74707,-0.072744,0.0874,0.020518,chewing
5343595.0,-0.72998,1.810547,0.146484,0.109783,0.145489,0.104453,0.367188,-1.861328,0.73291,-0.103121,0.091397,0.002132,chewing
5343605.0,-0.708008,1.82959,0.149414,0.1311,0.086067,0.105519,0.370117,-1.854004,0.754883,-0.081538,0.074609,-0.001865,chewing
5343615.0,-0.689941,1.825684,0.129395,0.172401,-0.007194,0.074077,0.345703,-1.854492,0.745117,-0.06102,0.079406,-0.013323,chewing
5343625.0,-0.675293,1.839355,0.168945,0.073544,0.014655,0.028245,0.340332,-1.880371,0.746094,-0.035972,0.053026,0.002931,chewing
5343635.0,-0.66748,1.836914,0.14209,0.040769,0.014123,0.002931,0.317871,-1.894043,0.744629,-0.028778,0.046098,0.017853,chewing
5343645.0,-0.680176,1.845215,0.158691,-0.006662,0.042368,-0.024248,0.319336,-1.898438,0.742676,-0.035972,0.039436,0.03011,chewing
5343655.0,-0.6875,1.851074,0.156738,-0.01732,0.06102,-0.066882,0.324219,-1.885742,0.744629,-0.035173,0.041302,0.00826,chewing
5343665.0,-0.697754,1.853027,0.143066,-0.003198,0.061286,-0.062619,0.307617,-1.878418,0.754395,-0.03544,0.051427,0.006129,chewing
5343675.0,-0.691406,1.852539,0.164062,0.000266,0.083936,-0.037305,0.324707,-1.868652,0.755859,-0.048763,0.053026,0.009859,chewing
5343685.0,-0.698242,1.852051,0.129395,-0.023715,0.116444,-0.024781,0.33252,-1.869141,0.746582,-0.025314,0.05276,-0.023182,chewing
5343695.0,-0.710937,1.854004,0.166504,-0.101522,0.176665,-0.032242,0.343262,-1.864258,0.756348,-0.006662,0.058888,-0.03544,chewing
5343705.0,-0.706055,1.843262,0.134277,-0.116178,0.224361,-0.054358,0.335938,-1.859375,0.76709,0.018386,0.066083,-0.061819,chewing
5343715.0,-0.716797,1.841309,0.140137,-0.116711,0.204377,-0.068747,0.333496,-1.861816,0.782715,0.011191,0.092995,-0.071145,chewing
5343725.0,-0.704102,1.854492,0.137207,-0.066349,0.186524,-0.062086,0.336914,-1.876465,0.765625,-0.005596,0.1311,-0.097525,chewing
5343735.0,-0.703613,1.84668,0.154297,-0.0866,0.208907,-0.036772,0.378418,-1.870605,0.782715,-0.025047,0.132965,-0.08287,chewing
5343745.0,-0.683594,1.865234,0.114746,-0.070346,0.216368,-0.031709,0.325684,-1.881348,0.739258,-0.017054,0.111648,-0.077274,chewing
5343755.0,-0.66748,1.874512,0.09082,-0.120708,0.281917,-0.044233,0.392578,-1.87207,0.804687,0.010126,0.03917,0.037305,chewing
5343765.0,-0.649902,1.845703,0.166016,-0.07381,0.184126,-0.005329,0.343262,-1.830566,0.723633,-0.128968,0.145755,0.017587,chewing
5343775.0,-0.680664,1.871582,0.12207,-0.019985,0.194251,0.029044,0.285645,-1.905273,0.685059,-0.024248,0.089531,-0.041568,chewing
5343785.0,-0.736328,1.847656,0.118164,0.128968,0.023982,0.019452,0.288574,-1.884766,0.727539,0.05196,-0.114845,0.101789,chewing
5343795.0,-0.728027,1.855957,0.104492,0.237418,-0.065283,-0.015455,0.319336,-1.861816,0.772461,-0.018119,-0.133231,0.261933,chewing
5343805.0,-0.72168,1.858398,0.145996,0.308297,-0.13483,-0.025314,0.277832,-1.89502,0.755371,-0.097525,-0.07381,0.248343,chewing
5343815.0,-0.73877,1.848145,0.140625,0.276322,-0.129767,0.020251,0.297363,-1.897949,0.754883,-0.149219,-0.031975,0.20491,chewing
5343825.0,-0.71582,1.859863,0.138184,0.239017,-0.068747,0.055691,0.315918,-1.858398,0.774414,-0.220631,0.063418,0.1311,chewing
5343835.0,-0.699707,1.860352,0.135742,0.216101,0.01279,0.092729,0.349609,-1.850098,0.755859,-0.264597,0.092995,0.086334,chewing
5343845.0,-0.70459,1.84082,0.135742,0.276322,-0.00453,0.10845,0.372559,-1.848633,0.731934,-0.252073,0.110582,0.063685,chewing
5343855.0,-0.697266,1.854004,0.137207,0.289645,0.017853,0.091663,0.368652,-1.859863,0.72168,-0.193185,0.03544,0.071678,chewing
5343865.0,-0.688965,1.868164,0.152832,0.271525,0.022649,0.032242,0.354492,-1.864746,0.727539,-0.147087,-0.005596,0.125237,chewing
5343875.0,-0.698242,1.86377,0.12793,0.208907,0.0,0.013057,0.336426,-1.889648,0.722656,-0.096992,-0.070879,0.156413,chewing
5343885.0,-0.714355,1.845215,0.129883,0.168404,-0.014123,-0.021051,0.314941,-1.901367,0.73291,-0.081804,-0.098858,0.170536,chewing
5343895.0,-0.711426,1.837891,0.133789,0.130034,-0.014922,-0.022916,0.294922,-1.904785,0.756836,-0.066616,-0.073544,0.147087,chewing
5343905.0,-0.709473,1.824219,0.155762,0.046631,0.044499,-0.029044,0.297852,-1.885254,0.774414,-0.085002,-0.034907,0.128701,chewing
5343915.0,-0.709473,1.837891,0.135742,0.033041,0.073277,0.00373,0.303711,-1.891113,0.741211,-0.1303,0.009326,0.090331,chewing
5343925.0,-0.719727,1.834473,0.142578,0.011991,0.103387,0.018652,0.317871,-1.890137,0.736328,-0.112181,0.033308,0.055691,chewing
5343935.0,-0.731445,1.831055,0.125,0.007994,0.102855,0.006395,0.325195,-1.871582,0.743652,-0.047164,0.014655,0.011724,chewing
5343945.0,-0.721191,1.858398,0.12793,0.040502,0.086867,-0.024248,0.333984,-1.858398,0.742187,0.021317,-0.029311,-0.006395,chewing
5343955.0,-0.711426,1.865723,0.126953,0.020518,0.092729,-0.010925,0.321777,-1.869629,0.765137,0.120974,-0.067149,-0.027712,chewing
5343965.0,-0.704102,1.86377,0.13916,0.027979,0.05276,0.020784,0.30957,-1.874512,0.754883,0.19132,-0.060487,-0.083669,chewing
5343975.0,-0.702637,1.887695,0.138672,-0.002665,0.015455,0.058089,0.287598,-1.882324,0.744141,0.248876,-0.098325,-0.104453,chewing
5343985.0,-0.697754,1.866699,0.152344,-0.170536,0.015188,0.036772,0.280762,-1.90918,0.745117,0.284848,-0.165207,-0.06928,chewing
5343995.0,-0.678711,1.845215,0.177246,-0.22143,0.08287,0.009326,0.307617,-1.926758,0.709473,0.240616,-0.211038,-0.068481,chewing
5344005.0,-0.659668,1.830078,0.163574,-0.099657,0.035173,0.026913,0.355957,-1.913086,0.706055,0.234487,-0.162276,-0.135629,chewing
5344015.0,-0.639648,1.854004,0.166504,-0.003997,0.001066,0.049029,0.336426,-1.887695,0.728027,0.163341,-0.031443,-0.196916,chewing
5344025.0,-0.655273,1.838379,0.138672,0.006395,-0.023982,0.02558,0.347656,-1.844238,0.788574,0.12577,0.0866,-0.227292,chewing
5344035.0,-0.659668,1.88623,0.11377,-0.055691,-0.018119,-0.018919,0.300293,-1.848145,0.756348,0.027712,0.125504,-0.195317,chewing
5344045.0,-0.686523,1.88623,0.124512,-0.393299,0.095127,-0.13483,0.321777,-1.899414,0.72168,0.020784,0.099657,-0.119375,chewing
5344055.0,-0.691895,1.876465,0.133301,-0.47377,0.078606,-0.128968,0.38916,-1.847656,0.770508,-0.01359,0.120441,-0.110582,chewing
5344065.0,-0.716797,1.863281,0.124512,-0.433801,0.029577,-0.108717,0.353027,-1.853027,0.781738,-0.024781,0.245145,-0.210772,chewing
5344075.0,-0.698242,1.874512,0.140625,-0.411685,0.079139,-0.035173,0.386719,-1.847656,0.811035,-0.009326,0.249409,-0.181994,chewing
5344085.0,-0.708984,1.876953,0.147461,-0.266196,0.007194,0.060753,0.354004,-1.855957,0.748535,-0.041302,0.281917,-0.193452,chewing
5344095.0,-0.731445,1.862793,0.111816,-0.015721,-0.172135,0.144956,0.337891,-1.860352,0.756348,-0.010925,0.218233,-0.124704,chewing
5344105.0,-0.70752,1.875,0.106934,0.46924,-0.553176,0.264597,0.312012,-1.868652,0.74707,-0.014123,0.13856,-0.0437,chewing
5344115.0,-0.706543,1.914551,0.201172,0.43913,-0.588083,0.191587,0.311035,-1.852051,0.770508,-0.001599,0.092196,0.035972,chewing
5344125.0,-0.700195,1.851563,0.208008,0.163075,-0.270459,0.002931,0.310059,-1.869141,0.760254,-0.037305,0.060753,0.075675,chewing
5344135.0,-0.669434,1.839844,0.166992,0.157213,-0.08287,0.016787,0.325684,-1.894043,0.750488,-0.078606,0.092196,0.050095,chewing
5344145.0,-0.65918,1.895508,0.096191,0.119908,0.183593,0.012524,0.346191,-1.870605,0.745117,-0.098591,0.10472,-0.028778,chewing
5344155.0,-0.695801,1.833496,0.148437,0.152417,0.092196,0.091397,0.345703,-1.870605,0.753418,-0.096193,0.125237,-0.063685,chewing
5344165.0,-0.683105,1.855957,0.157227,0.160677,0.10392,0.094594,0.346191,-1.858398,0.742187,-0.095926,0.098058,-0.035706,chewing
5344175.0,-0.69043,1.84668,0.145508,0.106052,0.065017,0.055957,0.340332,-1.867676,0.742187,-0.070346,0.055691,0.018119,chewing
5344185.0,-0.702637,1.837402,0.169922,0.084202,0.066616,0.019452,0.330078,-1.873047,0.746582,-0.051161,0.023449,0.02558,chewing
5344195.0,-0.684082,1.839355,0.149414,0.064484,0.072744,-0.014655,0.318359,-1.891602,0.74707,-0.027979,0.014655,0.002398,chewing
5344205.0,-0.682129,1.849609,0.174316,0.050628,0.070346,-0.033041,0.311523,-1.883301,0.749023,-0.019185,0.025847,-0.002931,chewing
5344215.0,-0.688477,1.842285,0.164062,0.061553,0.092995,-0.031709,0.305176,-1.884277,0.76123,-0.024248,0.010392,-0.001599,chewing
5344225.0,-0.683594,1.852539,0.134277,0.031709,0.133231,-0.037571,0.316406,-1.884277,0.777344,-0.044233,0.015188,-0.005063,chewing
5344235.0,-0.706055,1.857422,0.145508,0.012257,0.15215,-0.036772,0.322754,-1.871582,0.777832,-0.04823,0.059421,-0.044499,chewing
5344245.0,-0.726074,1.848145,0.134277,-0.025314,0.17773,-0.037038,0.33252,-1.856445,0.780762,-0.05276,0.094861,-0.052227,chewing
5344255.0,-0.728516,1.84668,0.131348,-0.001332,0.162542,-0.033574,0.361328,-1.85498,0.775879,-0.057822,0.126303,-0.063152,chewing
5344265.0,-0.747559,1.84668,0.124512,-0.00373,0.16494,-0.011191,0.341797,-1.870117,0.751953,-0.065816,0.126303,-0.100456,chewing
5344275.0,-0.729492,1.851563,0.137207,0.053559,0.091397,0.007994,0.332031,-1.875488,0.742187,-0.031176,0.126037,-0.078606,chewing
5344285.0,-0.707031,1.872559,0.137207,0.069547,0.060753,0.014922,0.349609,-1.873047,0.763184,-0.014389,0.06102,-0.072478,chewing
5344295.0,-0.677246,1.870117,0.163574,0.102588,0.045032,0.023449,0.361328,-1.868652,0.753418,-0.034907,0.071678,-0.043167,chewing
5344305.0,-0.683105,1.866699,0.141602,0.085002,0.068481,0.050628,0.32666,-1.882324,0.733398,-0.058888,0.041835,-0.025314,chewing
5344315.0,-0.699219,1.870117,0.149902,0.089531,0.061286,0.045032,0.334961,-1.865723,0.753418,-0.037571,0.010392,-0.004263,chewing
5344325.0,-0.691895,1.878906,0.16748,0.043167,0.053292,0.025047,0.333984,-1.852051,0.728516,-0.172135,0.046897,0.053292,chewing
5344335.0,-0.697266,1.868164,0.135742,0.061286,0.078074,0.011991,0.300293,-1.895508,0.712891,-0.175066,0.03464,0.061819,chewing
5344345.0,-0.68457,1.873047,0.120605,0.111381,0.037838,0.037838,0.346191,-1.874023,0.736816,-0.111914,-0.067681,0.118842,chewing
5344355.0,-0.712891,1.853516,0.138184,0.24408,-0.064484,0.052227,0.307129,-1.881348,0.74707,-0.10019,-0.064484,0.133231,chewing
5344365.0,-0.719238,1.839355,0.145996,0.293642,-0.142557,0.02558,0.316406,-1.894043,0.720215,-0.062086,-0.155614,0.190787,chewing
5344375.0,-0.681641,1.863281,0.145508,0.327749,-0.145489,-0.008793,0.345215,-1.889648,0.740234,-0.092462,-0.159611,0.236086,chewing
5344385.0,-0.696777,1.839355,0.139648,0.262732,-0.108983,-0.009593,0.316406,-1.900879,0.751465,-0.112181,-0.120974,0.211305,chewing
5344395.0,-0.6875,1.862793,0.13623,0.240882,-0.03917,0.003198,0.323242,-1.875,0.756836,-0.13936,-0.075142,0.168937,chewing
5344405.0,-0.697754,1.863281,0.14209,0.231822,0.004263,0.050628,0.323242,-1.867188,0.747559,-0.180129,-0.017853,0.10019,chewing
5344415.0,-0.69873,1.873535,0.135254,0.200113,0.071678,0.069547,0.332031,-1.867676,0.737793,-0.181461,0.004796,0.079139,chewing
5344425.0,-0.70459,1.868652,0.145996,0.154015,0.120974,0.087133,0.330078,-1.870117,0.717773,-0.151084,-0.002931,0.067415,chewing
5344435.0,-0.708008,1.849121,0.135254,0.090331,0.155881,0.045832,0.331543,-1.874512,0.73291,-0.10019,-0.033841,0.086334,chewing
5344445.0,-0.701172,1.842773,0.13916,0.042634,0.148686,0.001066,0.330078,-1.884277,0.736328,-0.048763,-0.060221,0.076208,chewing
5344455.0,-0.700684,1.84082,0.130371,-0.015188,0.159345,-0.056757,0.318848,-1.888184,0.732422,-0.001066,-0.107118,0.100989,chewing
5344465.0,-0.69043,1.844238,0.125488,-0.092729,0.170536,-0.079939,0.316895,-1.899414,0.748047,0.039703,-0.14389,0.095127,chewing
5344475.0,-0.691895,1.835938,0.133789,-0.082603,0.150285,-0.093795,0.299316,-1.900391,0.748047,0.061286,-0.153216,0.088466,chewing
5344485.0,-0.673828,1.852539,0.144531,0.015721,0.090331,-0.055957,0.31543,-1.882324,0.76123,0.088199,-0.117776,0.020518,chewing
5344495.0,-0.671387,1.852539,0.135254,0.024781,0.09193,-0.029844,0.300293,-1.874023,0.735352,0.086067,-0.092462,-0.004796,chewing
5344505.0,-0.689941,1.849121,0.147949,-0.034107,0.126303,-0.028245,0.321777,-1.877441,0.721191,0.11298,-0.107917,-0.027712,chewing
5344515.0,-0.689453,1.86084,0.164551,-0.183326,0.125504,-0.053292,0.303711,-1.895996,0.698242,0.159078,-0.141758,-0.046631,chewing
5344525.0,-0.696777,1.82666,0.183594,-0.312294,0.065017,-0.066882,0.314941,-1.90918,0.678223,0.241415,-0.173734,-0.103387,chewing
5344535.0,-0.670898,1.833984,0.190918,-0.268061,0.087933,-0.040502,0.333496,-1.909668,0.6875,0.200913,-0.062619,-0.19585,chewing
5344545.0,-0.658691,1.842285,0.171875,-0.053559,0.017587,0.058089,0.347656,-1.879395,0.755371,0.185191,0.07834,-0.227825,chewing
5344555.0,-0.652344,1.847656,0.157715,0.194251,-0.112714,0.160144,0.340332,-1.788086,0.875488,0.159877,0.244879,-0.293908,chewing
5344565.0,-0.643555,1.887695,0.126465,0.201979,-0.140959,0.158812,0.257324,-1.830078,0.840332,0.075142,0.214236,-0.311495,chewing
5344575.0,-0.692383,1.895508,0.126953,-0.051161,-0.096726,0.029044,0.301758,-1.915039,0.684082,0.032508,0.07834,-0.151084,chewing
5344585.0,-0.688965,1.922363,0.118652,-0.315225,-0.026646,-0.12124,0.433105,-1.828125,0.740234,-0.028511,0.116711,-0.040236,chewing
5344595.0,-0.709961,1.910156,0.107422,-0.463112,-0.011191,-0.208107,0.40918,-1.83252,0.786133,-0.090864,0.219032,-0.111115,chewing
5344605.0,-0.70166,1.885254,0.144531,-0.549712,0.008527,-0.152949,0.405762,-1.858887,0.76416,-0.124704,0.242747,-0.069813,chewing
5344615.0,-0.714844,1.844727,0.121582,-0.301369,-0.0429,-0.044766,0.380371,-1.879883,0.751953,-0.089265,0.21317,-0.054891,chewing
5344625.0,-0.744141,1.862793,0.111816,-0.060221,-0.154815,0.048496,0.358398,-1.869629,0.764648,-0.049562,0.18679,-0.080472,chewing
5344635.0,-0.723145,1.866211,0.107422,0.334943,-0.420211,0.195317,0.304688,-1.880859,0.744629,-0.029577,0.165207,-0.074343,chewing
5344645.0,-0.708984,1.925781,0.146973,0.676548,-0.703461,0.314692,0.300293,-1.855957,0.786621,0.002398,0.131632,-0.016787,chewing
5344655.0,-0.736328,1.836426,0.182617,0.188922,-0.28698,0.06102,0.280762,-1.861328,0.79541,-0.036772,0.093795,0.029577,chewing
5344665.0,-0.671875,1.859375,0.20752,0.167871,-0.108184,0.017587,0.295898,-1.874023,0.751953,-0.070346,0.120441,0.054891,chewing
5344675.0,-0.696289,1.799805,0.206543,0.641908,-0.319755,0.236885,0.318359,-1.887695,0.757812,-0.098858,0.145489,0.024248,chewing
5344685.0,-0.697754,1.837402,0.149414,0.240882,0.063152,0.153749,0.333008,-1.887207,0.754883,-0.114579,0.144689,-0.019985,chewing
5344695.0,-0.677734,1.857422,0.158691,0.249942,0.065017,0.109516,0.35498,-1.883789,0.734863,-0.10392,0.121773,-0.014123,chewing
5344705.0,-0.678711,1.849121,0.156738,0.209706,0.028511,0.078074,0.360352,-1.879395,0.742676,-0.092729,0.091397,-0.008527,chewing
5344715.0,-0.658691,1.841797,0.158203,0.179862,0.03091,0.071412,0.34375,-1.878906,0.733398,-0.048763,0.045032,-0.008793,chewing
5344725.0,-0.666016,1.836426,0.166992,0.154548,0.046098,0.045565,0.328613,-1.874512,0.750977,-0.020518,0.017587,0.010658,chewing
5344735.0,-0.671387,1.836426,0.151855,0.128968,0.051694,0.050361,0.314453,-1.878906,0.748047,0.000533,-0.005063,0.02638,chewing
5344745.0,-0.681152,1.833984,0.149902,0.123639,0.0429,0.017587,0.310547,-1.882813,0.745117,0.001066,-0.007461,0.024781,chewing
5344755.0,-0.704102,1.824707,0.148437,0.101522,0.015721,-0.010126,0.311035,-1.873047,0.76416,-0.001599,0.00453,-0.007194,chewing
5344765.0,-0.714355,1.835449,0.130371,0.106851,-0.018119,-0.054358,0.313477,-1.873047,0.753906,0.007727,0.029311,-0.051694,chewing
5344775.0,-0.713379,1.851074,0.131348,0.055691,0.010126,-0.071945,0.327148,-1.869141,0.768555,-0.008793,0.058888,-0.085801,chewing
5344785.0,-0.709473,1.834961,0.152832,0.01359,0.077008,-0.053559,0.342285,-1.858398,0.772461,-0.014123,0.081271,-0.10392,chewing
5344795.0,-0.717773,1.834473,0.146484,-0.023182,0.147087,-0.045032,0.350586,-1.854492,0.770996,-0.026646,0.094594,-0.083136,chewing
5344805.0,-0.706543,1.854492,0.140137,-0.060487,0.18226,-0.027979,0.351074,-1.850586,0.765625,-0.042101,0.127636,-0.079139,chewing
5344815.0,-0.70166,1.860352,0.140625,-0.055158,0.223562,0.000266,0.354004,-1.866211,0.750488,-0.05276,0.14842,-0.122839,chewing
5344825.0,-0.695801,1.868652,0.151367,-0.078606,0.233688,0.020784,0.358887,-1.867188,0.770508,-0.037305,0.129234,-0.093528,chewing
5344835.0,-0.697266,1.883301,0.107422,-0.067948,0.213436,-0.028511,0.361328,-1.873535,0.779297,-0.037838,0.084202,-0.048763,chewing
5344845.0,-0.678223,1.880371,0.094727,-0.019718,0.175599,-0.053559,0.379883,-1.84668,0.784668,-0.059421,0.088732,-0.004796,chewing
5344855.0,-0.641113,1.857422,0.171875,0.157213,-0.018652,0.034374,0.328125,-1.822266,0.768066,-0.112447,0.208374,-0.054891,chewing
5344865.0,-0.6875,1.879395,0.137207,0.007194,0.172934,-0.001332,0.322754,-1.918945,0.721191,-0.071145,0.018919,0.0437,chewing
5344875.0,-0.708496,1.853516,0.143066,0.009326,0.1311,-0.037571,0.32373,-1.884277,0.728516,-0.047697,-0.078074,0.108983,chewing
5344885.0,-0.692383,1.862793,0.115723,0.113779,0.035706,-0.039703,0.325684,-1.883301,0.731934,-0.066882,-0.10019,0.198515,chewing
5344895.0,-0.714355,1.849609,0.11377,0.213969,-0.052493,-0.025047,0.324707,-1.875488,0.759766,-0.078074,-0.088466,0.190521,chewing
5344905.0,-0.704102,1.862793,0.143066,0.250741,-0.098858,-0.007727,0.322266,-1.875977,0.755371,-0.10845,-0.027712,0.151084,chewing
5344915.0,-0.69043,1.861816,0.132812,0.264597,-0.066616,0.020784,0.31543,-1.869629,0.756348,-0.167072,0.0429,0.111648,chewing
5344925.0,-0.681641,1.872559,0.132812,0.271792,0.000266,0.034907,0.332031,-1.85498,0.742187,-0.183326,0.075675,0.105253,chewing
5344935.0,-0.677246,1.872559,0.123535,0.301103,0.020518,0.061553,0.341309,-1.853027,0.746094,-0.203844,0.084735,0.097259,chewing
5344945.0,-0.697266,1.864258,0.128906,0.301369,0.030377,0.077274,0.341797,-1.855957,0.740234,-0.169204,0.050095,0.090064,chewing
5344955.0,-0.70166,1.864258,0.123535,0.26966,0.060487,0.078606,0.348633,-1.868164,0.736328,-0.160943,0.02638,0.095394,chewing
5344965.0,-0.711426,1.856934,0.138184,0.227825,0.073544,0.033308,0.319336,-1.881836,0.729492,-0.126303,0.015988,0.095394,chewing
5344975.0,-0.699707,1.845215,0.126465,0.170536,0.162809,-0.02638,0.30957,-1.90918,0.73584,-0.135629,-0.007727,0.113779,chewing
5344985.0,-0.695801,1.827637,0.129395,0.099923,0.180129,-0.014123,0.304688,-1.894531,0.744629,-0.147354,-0.008527,0.123905,chewing
5344995.0,-0.70459,1.84082,0.112793,0.06555,0.175865,-0.020518,0.301758,-1.890625,0.726562,-0.155881,-0.026913,0.138827,chewing
5345005.0,-0.692871,1.841797,0.111328,0.070879,0.172934,0.014389,0.316406,-1.878418,0.749512,-0.133764,-0.022116,0.129501,chewing
5345015.0,-0.68457,1.837402,0.107422,0.098325,0.176398,0.033041,0.319824,-1.876953,0.734863,-0.119375,-0.010392,0.100456,chewing
5345025.0,-0.6875,1.844727,0.143066,0.113779,0.157746,0.038104,0.315918,-1.877441,0.753418,-0.057023,-0.018652,0.06102,chewing
5345035.0,-0.680664,1.841797,0.128418,0.070879,0.119109,0.007994,0.329102,-1.878906,0.739258,-0.021317,-0.022116,0.017054,chewing
5345045.0,-0.687012,1.832031,0.129883,0.049562,0.069014,-0.028778,0.324219,-1.88916,0.742187,0.037838,-0.006129,-0.063685,chewing
5345055.0,-0.682617,1.836914,0.127441,0.018919,0.045032,-0.010392,0.309082,-1.889648,0.740234,0.082603,-0.000799,-0.090064,chewing
5345065.0,-0.719727,1.839844,0.113281,0.006928,0.013057,-0.013323,0.306641,-1.893066,0.76416,0.154015,-0.030643,-0.10845,chewing
5345075.0,-0.718262,1.849609,0.123535,-0.018919,-0.017853,-0.010392,0.292969,-1.891113,0.745117,0.178263,-0.015188,-0.128968,chewing
5345085.0,-0.710937,1.850098,0.158691,-0.088466,-0.042368,0.008527,0.304688,-1.906738,0.70459,0.211038,-0.029311,-0.140959,chewing
5345095.0,-0.706543,1.842285,0.155762,-0.131366,-0.005063,0.018386,0.30957,-1.925781,0.693359,0.174,-0.055957,-0.151351,chewing
5345105.0,-0.67627,1.854004,0.130371,-0.018386,-0.031975,0.06555,0.344238,-1.885742,0.723633,0.152417,-0.003997,-0.177997,chewing
5345115.0,-0.677734,1.855957,0.129395,0.25234,-0.193452,0.139893,0.337891,-1.820313,0.804687,0.146821,0.095127,-0.238484,chewing
5345125.0,-0.655762,1.87207,0.13623,0.325351,-0.224095,0.149752,0.309082,-1.853516,0.777344,0.073544,0.152683,-0.24408,chewing
5345135.0,-0.688965,1.918457,0.119141,0.039703,-0.063685,0.025047,0.282227,-1.910156,0.671875,0.014123,0.045299,-0.150551,chewing
5345145.0,-0.695801,1.90332,0.105469,-0.26966,0.032775,-0.068214,0.356934,-1.84668,0.72998,-0.015455,0.100456,-0.053292,chewing
5345155.0,-0.721191,1.876953,0.09082,-0.347201,0.054625,-0.092995,0.364258,-1.818359,0.781738,-0.101256,0.259534,-0.160943,chewing
5345165.0,-0.72168,1.864746,0.116211,-0.421544,0.054891,-0.086334,0.363281,-1.870605,0.739746,-0.102855,0.260867,-0.133764,chewing
5345175.0,-0.696289,1.843262,0.109375,-0.290178,0.005862,-0.010126,0.402344,-1.864258,0.758301,-0.064484,0.207841,-0.06102,chewing
5345185.0,-0.715332,1.850098,0.107422,-0.116977,-0.047963,0.03091,0.36377,-1.865234,0.763672,-0.054891,0.200113,-0.094861,chewing
5345195.0,-0.711914,1.870117,0.097656,0.073544,-0.268861,0.106319,0.333984,-1.878418,0.73877,-0.01732,0.14309,-0.023449,chewing
5345205.0,-0.69873,1.87793,0.070312,0.57023,-0.729041,0.263265,0.321777,-1.881348,0.760254,0.009859,0.086067,0.010126,chewing
5345215.0,-0.722168,1.865723,0.220215,0.325884,-0.568098,0.044233,0.298828,-1.855957,0.783203,0.005596,0.072478,0.048496,chewing
5345225.0,-0.666504,1.833496,0.203125,0.063152,-0.156147,-0.065816,0.287109,-1.868164,0.777832,-0.045832,0.0866,0.067415,chewing
5345235.0,-0.651367,1.993164,0.223145,0.124172,0.0437,-0.063418,0.308105,-1.880371,0.756348,-0.075675,0.111914,0.063418,chewing
5345245.0,-0.703125,1.844727,0.155273,0.077008,0.101256,0.088466,0.333008,-1.873047,0.747559,-0.0874,0.134564,-0.016254,chewing
5345255.0,-0.706543,1.836914,0.14209,0.138294,0.118309,0.126303,0.338379,-1.870605,0.734375,-0.085268,0.138028,-0.048496,chewing
5345265.0,-0.697754,1.824707,0.145996,0.146288,0.028778,0.078074,0.345215,-1.869629,0.733398,-0.070346,0.122573,-0.058888,chewing
5345275.0,-0.665527,1.847656,0.141113,0.149485,-0.008793,0.01732,0.337891,-1.880371,0.737793,-0.039969,0.086867,-0.042101,chewing
5345285.0,-0.647949,1.844238,0.145996,0.102588,0.005063,-0.009326,0.328613,-1.894531,0.733887,-0.017587,0.049296,-0.037305,chewing
5345295.0,-0.666016,1.848145,0.13623,0.056757,0.055158,-0.023982,0.322754,-1.884766,0.737305,-0.014922,0.02638,0.008527,chewing
5345305.0,-0.673828,1.844727,0.13623,0.052493,0.047697,-0.054625,0.325195,-1.898926,0.742676,-0.014922,0.022383,0.028778,chewing
5345315.0,-0.688477,1.836914,0.136719,0.037038,0.049029,-0.05196,0.321289,-1.883301,0.752441,-0.021317,0.010658,0.025047,chewing
5345325.0,-0.689453,1.844238,0.132324,-0.002398,0.096459,-0.043167,0.318848,-1.864258,0.761719,-0.014922,0.023715,0.00453,chewing
5345335.0,-0.702148,1.82959,0.133789,-0.035972,0.135896,-0.050361,0.32959,-1.856445,0.773437,-0.018386,0.048763,-0.03544,chewing
5345345.0,-0.706543,1.843262,0.129395,-0.108184,0.186257,-0.058622,0.325684,-1.856445,0.775391,-0.018652,0.0866,-0.078074,chewing
5345355.0,-0.700684,1.852539,0.120117,-0.168404,0.222763,-0.075409,0.314941,-1.870605,0.774414,-0.032775,0.131632,-0.105786,chewing
5345365.0,-0.702148,1.847656,0.125977,-0.149219,0.198781,-0.067415,0.32959,-1.877441,0.768555,-0.043433,0.158812,-0.104453,chewing
5345375.0,-0.70752,1.864746,0.102539,-0.164674,0.243813,-0.062885,0.341309,-1.862305,0.772461,-0.061553,0.148153,-0.0874,chewing
5345385.0,-0.690918,1.868164,0.159668,-0.183593,0.250208,-0.095394,0.378906,-1.850098,0.780273,-0.077541,0.16121,-0.028245,chewing
5345395.0,-0.701172,1.895996,0.152832,-0.259002,0.373847,-0.110049,0.378418,-1.880859,0.713867,-0.134297,0.093528,0.078074,chewing
5345405.0,-0.696289,1.870117,0.107422,-0.14842,0.300836,-0.070346,0.327148,-1.926758,0.697266,-0.048496,-0.008527,0.112714,chewing
5345415.0,-0.739746,1.850586,0.088379,0.053026,0.099391,-0.017054,0.277344,-1.92041,0.680664,0.06555,-0.185724,0.166539,chewing
5345425.0,-0.728516,1.871582,0.118164,0.137495,0.001865,-0.044233,0.312988,-1.882813,0.740723,0.073277,-0.249942,0.258469,chewing
5345435.0,-0.718262,1.864746,0.134766,0.18679,-0.03091,-0.065017,0.307617,-1.876465,0.781738,-0.017587,-0.118576,0.251274,chewing
5345445.0,-0.69043,1.868652,0.13916,0.24781,-0.055158,0.000799,0.285156,-1.893555,0.780762,-0.150018,0.043966,0.133764,chewing
5345455.0,-0.667969,1.850586,0.136719,0.317623,-0.035706,0.076208,0.314941,-1.874023,0.758789,-0.207041,0.17853,-0.007194,chewing
5345465.0,-0.650391,1.858887,0.118164,0.384239,0.010126,0.118842,0.327148,-1.853516,0.746094,-0.264864,0.233155,-0.049296,chewing
5345475.0,-0.638672,1.885742,0.126953,0.3909,0.006662,0.124704,0.34375,-1.840332,0.72168,-0.277654,0.181727,-0.010392,chewing
5345485.0,-0.673828,1.871582,0.118652,0.318423,0.019452,0.054358,0.35498,-1.854004,0.72168,-0.215035,0.076741,0.096193,chewing
5345495.0,-0.690918,1.85791,0.126953,0.185458,0.054625,-0.009593,0.336914,-1.869629,0.720215,-0.162009,-0.018652,0.163341,chewing
5345505.0,-0.72168,1.849609,0.109375,0.165473,0.020518,-0.032775,0.329102,-1.903809,0.736328,-0.130034,-0.076208,0.208374,chewing
5345515.0,-0.729004,1.838379,0.118652,0.205975,0.026646,-0.031443,0.328613,-1.906738,0.749512,-0.124971,-0.078074,0.207308,chewing
5345525.0,-0.734375,1.830566,0.105957,0.235286,0.067948,0.001599,0.313965,-1.899414,0.754883,-0.115378,-0.051694,0.176931,chewing
5345535.0,-0.723145,1.83252,0.115234,0.205176,0.096992,0.044233,0.298828,-1.866211,0.763672,-0.147887,0.00373,0.115911,chewing
5345545.0,-0.704102,1.848633,0.099609,0.185458,0.0874,0.047697,0.299316,-1.879883,0.734375,-0.179329,0.042368,0.054358,chewing
5345555.0,-0.674316,1.847168,0.111816,0.154548,0.072744,0.060487,0.330566,-1.871582,0.755371,-0.149219,0.064484,0.0,chewing
5345565.0,-0.665527,1.835449,0.098145,0.137495,0.074609,0.060753,0.324707,-1.867188,0.744629,-0.094861,0.063152,-0.061819,chewing
5345575.0,-0.681152,1.854004,0.103516,0.135096,0.03544,0.058355,0.33252,-1.87793,0.73877,-0.00826,0.059954,-0.118576,chewing
5345585.0,-0.678711,1.848145,0.105469,0.149752,-0.021317,0.056224,0.316406,-1.89209,0.756836,0.061553,0.066083,-0.165473,chewing
5345595.0,-0.682129,1.852539,0.12793,0.142557,-0.078873,0.055691,0.300293,-1.895508,0.728027,0.079672,0.057289,-0.140959,chewing
5345605.0,-0.700195,1.848145,0.124023,0.12577,-0.106319,0.061286,0.310547,-1.908203,0.730957,0.127103,0.027446,-0.106319,chewing
5345615.0,-0.702148,1.842285,0.120117,0.149752,-0.123106,0.072744,0.320313,-1.887695,0.749512,0.158812,0.022116,-0.118043,chewing
5345625.0,-0.707031,1.842773,0.117676,0.106319,-0.118842,0.082603,0.316895,-1.88916,0.743652,0.163874,0.014389,-0.105786,chewing
5345635.0,-0.702148,1.85498,0.092285,0.075142,-0.084202,0.088199,0.312012,-1.881348,0.734863,0.187323,-0.006662,-0.110315,chewing
5345645.0,-0.71582,1.845703,0.13916,-0.036239,-0.010925,0.045299,0.30127,-1.921387,0.675781,0.116444,-0.025047,-0.092729,chewing
5345655.0,-0.678223,1.866211,0.108887,-0.023982,0.002931,0.058888,0.346191,-1.855957,0.750488,0.149219,-0.025847,-0.103654,chewing
5345665.0,-0.669434,1.877441,0.121582,-0.055424,0.045299,0.020251,0.328125,-1.854492,0.762695,0.063152,0.054625,-0.137761,chewing
5345675.0,-0.678223,1.87793,0.102051,-0.08287,0.045032,0.012257,0.310547,-1.878418,0.715332,0.036239,0.026646,-0.122306,chewing
5345685.0,-0.67041,1.873535,0.107422,-0.189455,0.077008,-0.028245,0.34082,-1.883301,0.716797,0.040236,-0.004796,-0.05196,chewing
5345695.0,-0.679687,1.875,0.115723,-0.254205,0.104986,-0.043966,0.358398,-1.860352,0.748047,-0.000799,-0.000533,-0.032775,chewing
5345705.0,-0.693848,1.863281,0.120117,-0.276055,0.111115,-0.038904,0.345703,-1.871582,0.749023,-0.015721,0.028511,-0.05649,chewing
5345715.0,-0.713379,1.85791,0.08252,-0.305899,0.137495,-0.037838,0.355957,-1.858887,0.76416,-0.035706,0.099657,-0.045832,chewing
5345725.0,-0.695801,1.861328,0.10498,-0.315758,0.113779,-0.007994,0.336914,-1.86377,0.769531,-0.075675,0.144956,-0.027179,chewing
5345735.0,-0.685547,1.845215,0.108398,-0.225161,0.014655,0.063951,0.312012,-1.876953,0.765137,-0.058355,0.179329,-0.035706,chewing
5345745.0,-0.683594,1.848145,0.103027,0.016521,-0.166806,0.103121,0.311523,-1.884277,0.748047,-0.031709,0.180928,-0.050095,chewing
5345755.0,-0.687988,1.875,0.056152,0.446325,-0.580888,0.234753,0.307129,-1.876465,0.753906,-0.032242,0.137495,-0.011991,chewing
5345765.0,-0.683594,1.899902,0.184082,0.543317,-0.773008,0.235819,0.317383,-1.848633,0.77832,-0.028245,0.124704,-0.024781,chewing
5345775.0,-0.679199,1.849121,0.186035,0.130567,-0.284848,-0.013856,0.323242,-1.862793,0.770508,-0.064217,0.105519,0.014922,chewing
5345785.0,-0.668457,1.84375,0.13916,0.075942,-0.073544,-0.037038,0.344727,-1.873047,0.751465,-0.086067,0.117243,0.019985,chewing
5345795.0,-0.702637,1.833984,0.225098,0.41728,-0.237418,0.167871,0.353516,-1.881348,0.756836,-0.067948,0.098058,0.024781,chewing
5345805.0,-0.713379,1.856934,0.132324,0.066882,0.07834,0.057822,0.342285,-1.88916,0.735352,-0.060487,0.071945,0.034907,chewing
5345815.0,-0.687988,1.841309,0.119141,0.030377,0.090597,0.046631,0.34082,-1.880371,0.733398,-0.032775,0.045832,0.046897,chewing
5345825.0,-0.68457,1.840332,0.132812,0.003997,0.060221,0.037305,0.33252,-1.878906,0.739258,-0.016787,0.019985,0.03544,chewing
5345835.0,-0.674805,1.844727,0.149414,0.001865,0.067948,0.02558,0.308594,-1.87793,0.740723,-0.017054,0.023982,0.021317,chewing
5345845.0,-0.684082,1.84668,0.129395,0.023715,0.046897,0.023715,0.298828,-1.88623,0.740723,-0.027712,0.046098,-0.002665,chewing
5345855.0,-0.683594,1.848633,0.123047,0.053825,0.040502,0.004263,0.304199,-1.879883,0.76123,-0.038104,0.050628,0.015455,chewing
5345865.0,-0.69873,1.863281,0.121582,0.071412,0.006662,-0.022649,0.297363,-1.885742,0.753906,-0.056224,0.066083,-0.001066,chewing
5345875.0,-0.694824,1.858887,0.125,0.089265,0.014922,-0.013057,0.307129,-1.880859,0.753906,-0.065816,0.066349,-0.053026,chewing
5345885.0,-0.706055,1.856934,0.112793,0.037305,0.067415,0.004796,0.325195,-1.859863,0.76123,-0.052493,0.065017,-0.059954,chewing
5345895.0,-0.703613,1.862793,0.117188,-0.052493,0.196916,0.002398,0.331543,-1.86377,0.767578,-0.050361,0.036505,-0.038371,chewing
5345905.0,-0.677246,1.853516,0.114746,-0.107384,0.292842,0.02638,0.345703,-1.858398,0.763672,-0.017054,0.05196,-0.045565,chewing
5345915.0,-0.694336,1.845215,0.118164,-0.131899,0.342937,0.018652,0.345215,-1.86084,0.766602,-0.005862,0.074343,-0.057289,chewing
5345925.0,-0.686035,1.852539,0.110352,-0.090597,0.310695,0.011191,0.357422,-1.869629,0.785156,-0.006928,0.099124,-0.075142,chewing
5345935.0,-0.676758,1.873535,0.128906,-0.056224,0.256603,0.006662,0.328125,-1.878906,0.768555,-0.018652,0.101522,-0.067415,chewing
5345945.0,-0.665527,1.865723,0.119141,-0.012257,0.199847,0.030643,0.318359,-1.879395,0.752441,-0.02185,0.091397,-0.061819,chewing
5345955.0,-0.669434,1.871582,0.123047,0.040502,0.151884,0.053026,0.331543,-1.874023,0.760254,-0.036239,0.108983,-0.081005,chewing
5345965.0,-0.683105,1.870605,0.164062,0.118043,0.058355,0.106052,0.310547,-1.844238,0.743652,-0.067149,0.131632,-0.081804,chewing
5345975.0,-0.700684,1.860352,0.130859,0.076475,0.109516,0.080472,0.312988,-1.870117,0.741211,-0.098591,0.104453,-0.017054,chewing
5345985.0,-0.656738,1.899414,0.1875,-0.046897,0.113779,0.029311,0.338379,-1.849121,0.563477,-0.354662,0.163608,0.03544,chewing
5345995.0,-0.683105,1.888672,0.099121,0.257936,-0.031975,0.124704,0.329102,-1.868164,0.713379,-0.144956,0.031709,0.085534,chewing
5346005.0,-0.730469,1.84375,0.114746,0.328282,-0.110315,0.077274,0.285156,-1.891113,0.705078,-0.124438,-0.123639,0.192119,chewing
5346015.0,-0.686035,1.866699,0.11084,0.290444,-0.115911,-0.02185,0.326172,-1.896484,0.716797,-0.155081,-0.168138,0.29977,chewing
5346025.0,-0.690918,1.861816,0.115723,0.308297,-0.14309,-0.038637,0.302734,-1.899414,0.747559,-0.159877,-0.146021,0.294708,chewing
5346035.0,-0.70459,1.859375,0.136719,0.297106,-0.082603,-0.02185,0.297363,-1.893066,0.745117,-0.209706,-0.065816,0.201979,chewing
5346045.0,-0.686523,1.862793,0.134766,0.259002,-0.035173,0.054625,0.293945,-1.879395,0.748535,-0.241149,-0.020518,0.146821,chewing
5346055.0,-0.681641,1.855469,0.125,0.149752,0.098591,0.060221,0.318359,-1.875488,0.722656,-0.286181,0.004796,0.14389,chewing
5346065.0,-0.675781,1.85791,0.129883,0.052227,0.171868,0.05276,0.339844,-1.862305,0.734375,-0.242214,0.010126,0.120175,chewing
5346075.0,-0.682617,1.842773,0.120605,-0.001066,0.192919,0.022916,0.171875,-1.926758,0.730469,-0.285381,0.104986,0.220897,chewing
5346085.0,-0.688477,1.836914,0.112305,-0.029844,0.182793,-0.017853,0.314453,-1.904297,0.720703,-0.171335,0.002132,0.140159,chewing
5346095.0,-0.681152,1.859375,0.10498,0.00826,0.128701,-0.036239,0.294434,-1.898926,0.74707,-0.115645,-0.007727,0.116178,chewing
5346105.0,-0.698242,1.856445,0.100586,0.015988,0.078606,-0.046364,0.286133,-1.915527,0.737305,-0.093795,-0.011458,0.075675,chewing
5346115.0,-0.697266,1.850586,0.115234,0.018919,0.057556,-0.03464,0.307617,-1.898438,0.730469,-0.073277,-0.010658,0.047697,chewing
5346125.0,-0.712891,1.850098,0.116211,0.019985,0.074609,-0.022383,0.296875,-1.895508,0.73877,-0.065816,-0.011991,0.00373,chewing
5346135.0,-0.707031,1.854004,0.106934,0.014123,0.069547,0.006928,0.313965,-1.869141,0.754395,0.003198,-0.024515,-0.004796,chewing
5346145.0,-0.701172,1.85791,0.094727,0.017587,0.066882,0.002132,0.299316,-1.88916,0.754395,0.055424,-0.053825,-0.017587,chewing
5346155.0,-0.683594,1.848145,0.115234,-0.00453,0.050628,0.001066,0.30957,-1.894043,0.716797,0.117243,-0.080472,-0.032775,chewing
5346165.0,-0.674805,1.855469,0.106445,-0.010925,0.075142,0.0,0.303711,-1.882813,0.708984,0.141492,-0.109516,-0.03464,chewing
5346175.0,-0.6875,1.866211,0.114746,-0.081005,0.105253,-0.004263,0.327637,-1.886719,0.708984,0.190521,-0.126037,-0.05649,chewing
5346185.0,-0.677246,1.855469,0.112793,-0.136962,0.122839,-0.011458,0.305664,-1.881836,0.743164,0.229691,-0.105786,-0.049828,chewing
5346195.0,-0.677246,1.852539,0.135254,-0.166273,0.098058,-0.015188,0.284668,-1.888184,0.74707,0.299504,-0.123106,-0.063418,chewing
5346205.0,-0.675293,1.848145,0.143555,-0.148953,0.077541,-0.03544,0.285156,-1.898926,0.745605,0.32615,-0.131632,-0.09193,chewing
5346215.0,-0.66748,1.852539,0.159668,-0.150818,0.026113,-0.054891,0.283203,-1.929688,0.696289,0.291776,-0.147887,-0.100456,chewing
5346225.0,-0.668457,1.85498,0.161133,-0.176398,-0.027446,-0.063685,0.319824,-1.92041,0.682617,0.248609,-0.119908,-0.166273,chewing
5346235.0,-0.662598,1.866211,0.135742,-0.234487,-0.014655,-0.041035,0.358887,-1.904297,0.694824,0.194518,-0.03091,-0.192386,chewing
5346245.0,-0.636719,1.874512,0.127441,-0.083936,-0.070613,0.004263,0.368164,-1.859863,0.764648,0.120974,0.06555,-0.196116,chewing
5346255.0,-0.645508,1.877441,0.112793,0.193985,-0.240882,0.128435,0.332031,-1.807617,0.817871,0.11751,0.116444,-0.200646,chewing
5346265.0,-0.65625,1.889648,0.118652,0.257136,-0.282184,0.154815,0.294922,-1.844238,0.790527,0.055957,0.171069,-0.252073,chewing
5346275.0,-0.691895,1.898926,0.129395,0.105786,-0.177464,0.068747,0.274902,-1.879395,0.714844,0.071412,0.070879,-0.215035,chewing
5346285.0,-0.729492,1.873535,0.099609,-0.075942,-0.089798,-0.033308,0.336914,-1.869141,0.740234,0.042634,0.113247,-0.162542,chewing
5346295.0,-0.72168,1.867676,0.087402,-0.180928,-0.018652,-0.073277,0.357422,-1.828125,0.772461,-0.02185,0.218766,-0.169737,chewing
5346305.0,-0.738281,1.871094,0.101074,-0.285115,0.078873,-0.054891,0.373535,-1.84375,0.772461,-0.062885,0.218233,-0.093795,chewing
5346315.0,-0.722656,1.85791,0.115723,-0.250208,0.061553,0.021317,0.37793,-1.869629,0.745117,-0.100989,0.233688,-0.067415,chewing
5346325.0,-0.722168,1.854492,0.119629,-0.169204,0.035972,0.083669,0.353027,-1.860352,0.742187,-0.076208,0.21317,-0.059155,chewing
5346335.0,-0.703125,1.856445,0.103516,-0.049828,-0.058355,0.130833,0.320313,-1.867676,0.764648,-0.042368,0.181727,-0.062352,chewing
5346345.0,-0.684082,1.870605,0.074707,0.193985,-0.260867,0.193718,0.303223,-1.887695,0.763184,-0.028778,0.130833,-0.002398,chewing
5346355.0,-0.675293,1.859375,-0.026855,0.716784,-0.771409,0.335476,0.296387,-1.884766,0.752441,0.007194,0.062352,0.023715,chewing
5346365.0,-0.672852,1.854004,0.174316,0.267262,-0.472971,0.049828,0.296875,-1.875,0.790527,-0.028511,0.066349,0.03544,chewing
5346375.0,-0.622559,1.848633,0.199707,0.094594,-0.162276,-0.056757,0.291016,-1.89209,0.762695,-0.063418,0.066882,0.03464,chewing
5346385.0,-0.697266,1.883789,0.395996,0.443127,-0.316557,0.069547,0.325684,-1.900391,0.751953,-0.068747,0.070613,0.010925,chewing
5346395.0,-0.709961,1.834473,0.146973,0.120974,0.050095,0.094061,0.34668,-1.883301,0.73584,-0.039969,0.077008,-0.012257,chewing
5346405.0,-0.686035,1.835449,0.137695,0.093795,0.098591,0.077807,0.345215,-1.866699,0.734375,-0.036772,0.046364,-0.018919,chewing
5346415.0,-0.693359,1.83252,0.133301,0.074077,0.082603,0.088199,0.350098,-1.868652,0.741699,-0.012257,0.009593,-0.022116,chewing
5346425.0,-0.682617,1.837402,0.136719,0.05649,0.09193,0.068747,0.331543,-1.876465,0.747559,0.010126,-0.020784,-0.022116,chewing
5346435.0,-0.680176,1.82373,0.140625,0.025047,0.107651,0.069547,0.304688,-1.869629,0.756348,0.00373,-0.041568,-0.007727,chewing
5346445.0,-0.695801,1.837891,0.121094,0.083136,0.026113,0.008793,0.297363,-1.877441,0.754395,-0.006662,-0.025047,0.005063,chewing
5346455.0,-0.660156,1.867676,0.133789,0.10845,-0.009326,-0.046098,0.308594,-1.890625,0.763672,-0.004263,-0.005596,-0.018119,chewing
5346465.0,-0.665527,1.866211,0.132812,0.093528,-0.02558,-0.077008,0.314453,-1.897949,0.746094,-0.013057,0.028245,-0.036239,chewing
5346475.0,-0.678223,1.859375,0.130371,0.045565,0.040502,-0.088998,0.319824,-1.870605,0.752441,-0.018386,0.040769,-0.053292,chewing
5346485.0,-0.69043,1.852539,0.141602,-0.023715,0.14842,-0.085268,0.328125,-1.860352,0.769043,-0.022383,0.057023,-0.083936,chewing
5346495.0,-0.707031,1.85498,0.132812,-0.083136,0.248343,-0.070346,0.34375,-1.855957,0.76416,-0.031176,0.068481,-0.075409,chewing
5346505.0,-0.713867,1.844727,0.122559,-0.095394,0.267528,-0.026113,0.347168,-1.859863,0.76123,-0.038371,0.07008,-0.076475,chewing
5346515.0,-0.714844,1.844727,0.105957,-0.140426,0.315225,-0.034107,0.353516,-1.886719,0.746582,-0.01732,0.028511,-0.067149,chewing
5346525.0,-0.70459,1.856934,0.12793,-0.17027,0.303234,-0.027979,0.367188,-1.837891,0.751465,-0.018386,0.022383,-0.03544,chewing
5346535.0,-0.681152,1.875,0.13916,-0.251541,0.340273,-0.075942,0.381836,-1.86084,0.780762,-0.100723,0.068481,0.01279,chewing
5346545.0,-0.65332,1.883301,0.127441,-0.167072,0.288046,-0.039436,0.333984,-1.900879,0.717285,-0.116444,0.085801,0.011724,chewing
5346555.0,-0.696289,1.86377,0.125,-0.037571,0.210239,-0.040236,0.266602,-1.91748,0.679687,-0.011991,-0.102055,0.062619,chewing
5346565.0,-0.708008,1.85498,0.115723,0.085002,0.052227,-0.085801,0.290527,-1.894043,0.729004,0.013057,-0.221164,0.206242,chewing
5346575.0,-0.673828,1.887207,0.132324,0.207308,-0.082337,-0.09193,0.304199,-1.875488,0.765137,-0.058089,-0.176398,0.290977,chewing
5346585.0,-0.685059,1.863281,0.126465,0.213969,-0.084469,-0.058888,0.289063,-1.900391,0.754883,-0.111648,-0.097792,0.254472,chewing
5346595.0,-0.67627,1.881348,0.138184,0.240349,-0.033041,0.010392,0.303711,-1.886719,0.75293,-0.18679,0.015188,0.166806,chewing
5346605.0,-0.665527,1.861328,0.136719,0.277654,-0.001865,0.112181,0.318848,-1.874023,0.772949,-0.219832,0.096459,0.077541,chewing
5346615.0,-0.661133,1.842773,0.110352,0.305899,0.051694,0.15215,0.339355,-1.868164,0.730957,-0.234487,0.121507,0.029577,chewing
5346625.0,-0.656738,1.867188,0.130371,0.221963,0.071412,0.100989,0.349121,-1.862305,0.724121,-0.212637,0.079406,0.055691,chewing
5346635.0,-0.645508,1.859863,0.136719,0.144423,0.064217,0.039969,0.355957,-1.853027,0.734375,-0.15215,0.027979,0.082603,chewing
5346645.0,-0.662598,1.857422,0.133789,0.070879,0.084202,-0.022116,0.338867,-1.866699,0.735352,-0.100456,-0.039969,0.089531,chewing
5346655.0,-0.681152,1.857422,0.119141,-0.010658,0.083403,-0.045565,0.335449,-1.885254,0.747559,-0.07008,-0.067681,0.086867,chewing
5346665.0,-0.694336,1.851074,0.116211,0.00906,0.089798,-0.025847,0.32959,-1.895508,0.747559,-0.049296,-0.090064,0.087666,chewing
5346675.0,-0.701172,1.856934,0.133301,0.036239,0.075409,-0.001332,0.296875,-1.892578,0.760254,-0.035706,-0.086067,0.092729,chewing
5346685.0,-0.714355,1.849121,0.117188,0.046364,0.093528,0.008527,0.298828,-1.892578,0.746094,-0.038904,-0.062086,0.066616,chewing
5346695.0,-0.700195,1.851563,0.12793,0.042368,0.106319,0.017853,0.297852,-1.888672,0.742676,-0.00906,-0.070346,0.073544,chewing
5346705.0,-0.691406,1.845703,0.119629,0.011991,0.102855,0.02638,0.298828,-1.876465,0.739746,0.021051,-0.053026,0.023982,chewing
5346715.0,-0.685547,1.841797,0.135254,-0.002398,0.074077,0.01279,0.304688,-1.880371,0.742187,0.053825,-0.033041,-0.012257,chewing
5346725.0,-0.670898,1.851563,0.138672,-0.018919,0.059688,0.036772,0.319336,-1.881348,0.743164,0.099124,-0.019718,-0.0437,chewing
5346735.0,-0.672363,1.855957,0.132324,-0.024781,0.022383,0.041568,0.321777,-1.869629,0.746094,0.127902,-0.006129,-0.04743,chewing
5346745.0,-0.677734,1.851563,0.131348,0.007727,-0.031709,0.031443,0.303223,-1.879883,0.746582,0.129234,0.002398,-0.096193,chewing
5346755.0,-0.688965,1.848145,0.150879,-0.025847,-0.074343,0.025047,0.302734,-1.900391,0.715332,0.131632,-0.018919,-0.096459,chewing
5346765.0,-0.677734,1.85791,0.154297,-0.054625,-0.061819,0.025847,0.330078,-1.887207,0.718262,0.122306,0.006928,-0.118576,chewing
5346775.0,-0.674805,1.870117,0.125488,0.052493,-0.126303,0.060221,0.339355,-1.869629,0.740723,0.111914,0.06102,-0.152683,chewing
5346785.0,-0.67334,1.866211,0.135742,0.168937,-0.205443,0.101256,0.322266,-1.864258,0.773926,0.059954,0.145489,-0.22143,chewing
5346795.0,-0.668945,1.873047,0.119629,0.217433,-0.211571,0.107651,0.317383,-1.873535,0.762207,0.05276,0.15668,-0.199314,chewing
5346805.0,-0.671387,1.887207,0.117188,0.066882,-0.085002,0.063418,0.308594,-1.875,0.765625,0.03544,0.10019,-0.188389,chewing
5346815.0,-0.723145,1.880371,0.101074,-0.121773,0.03544,0.000533,0.308594,-1.882324,0.726074,0.015188,0.042634,-0.134297,chewing
5346825.0,-0.720215,1.883301,0.091797,-0.196383,0.049562,-0.037571,0.359863,-1.858887,0.75,-0.016521,0.05276,-0.070346,chewing
5346835.0,-0.728516,1.858887,0.110352,-0.138827,0.03091,-0.020251,0.346191,-1.868652,0.75293,-0.037305,0.094861,-0.076208,chewing
5346845.0,-0.708008,1.847168,0.133301,-0.077541,0.030643,0.008527,0.334961,-1.882813,0.743164,-0.057023,0.090331,-0.080738,chewing
5346855.0,-0.696777,1.855957,0.129883,-0.080472,0.078074,0.010925,0.349121,-1.856445,0.76123,-0.074876,0.132432,-0.042101,chewing
5346865.0,-0.674805,1.862793,0.112305,-0.14389,0.119109,0.023182,0.339844,-1.865723,0.760254,-0.069813,0.143357,-0.05196,chewing
5346875.0,-0.648926,1.878906,0.150391,-0.16041,0.070613,0.023449,0.308105,-1.889648,0.724121,-0.081271,0.16947,-0.032775,chewing
5346885.0,-0.643555,1.859375,0.123047,-0.099923,-0.045832,0.025314,0.319336,-1.881348,0.766602,-0.034107,0.148153,-0.021583,chewing
5346895.0,-0.642578,1.85791,0.09668,0.091663,-0.248876,0.079406,0.303223,-1.894043,0.744629,-0.058355,0.155348,-0.007461,chewing
5346905.0,-0.630371,1.858887,0.022461,0.616861,-0.694401,0.251008,0.317383,-1.885742,0.751465,-0.053026,0.136962,0.043167,chewing
5346915.0,-0.695801,1.885254,0.214844,0.534524,-0.737302,0.134031,0.328125,-1.860352,0.77832,-0.068214,0.104187,0.023982,chewing
5346925.0,-0.671387,1.842285,0.212402,0.135363,-0.259268,-0.08287,0.326172,-1.861328,0.754395,-0.101256,0.113247,0.047697,chewing
5346935.0,-0.669434,1.829102,0.08252,0.280319,-0.161476,0.01732,0.347168,-1.876465,0.729004,-0.113513,0.0866,0.028511,chewing
5346945.0,-0.728027,1.803223,0.160156,0.050628,0.22143,-0.000533,0.34375,-1.867188,0.735352,-0.086067,0.091397,0.023182,chewing
5346955.0,-0.712891,1.830566,0.136719,0.128701,0.138028,0.052493,0.34375,-1.880371,0.729004,-0.051161,0.066616,0.008793,chewing
5346965.0,-0.703125,1.843262,0.133789,0.120974,0.099657,0.049296,0.345703,-1.882324,0.73291,-0.029311,0.048763,0.000266,chewing
5346975.0,-0.683594,1.834961,0.132812,0.085801,0.06475,0.001066,0.325195,-1.883301,0.731934,-0.025314,0.018652,0.029844,chewing
5346985.0,-0.657227,1.852051,0.140625,0.073544,0.06102,-0.016521,0.308594,-1.87793,0.739258,-0.033308,0.023715,0.066083,chewing
5346995.0,-0.656738,1.860352,0.137695,0.086334,0.048496,-0.025847,0.307617,-1.879395,0.742676,-0.047697,0.050894,0.032775,chewing
5347005.0,-0.665039,1.874023,0.143066,0.098858,0.031709,-0.039436,0.290039,-1.887695,0.753418,-0.053026,0.084202,-0.003997,chewing
5347015.0,-0.685547,1.874512,0.127441,0.099657,-0.005329,-0.058089,0.285156,-1.882813,0.768555,-0.047697,0.117243,-0.046364,chewing
5347025.0,-0.677246,1.879883,0.133301,0.050894,0.018119,-0.059688,0.31543,-1.884766,0.73877,-0.041302,0.10845,-0.075142,chewing
5347035.0,-0.687988,1.860352,0.126465,-0.007461,0.090597,-0.047697,0.342773,-1.876953,0.749512,-0.023449,0.09566,-0.064484,chewing
5347045.0,-0.689453,1.865723,0.134277,-0.083136,0.198515,-0.039969,0.348633,-1.868164,0.75,-0.020251,0.079939,-0.042634,chewing
5347055.0,-0.693848,1.844238,0.127441,-0.136162,0.277387,-0.067681,0.358887,-1.85791,0.749512,-0.010925,0.071412,-0.046364,chewing
5347065.0,-0.672852,1.859375,0.131348,-0.092729,0.268061,-0.071678,0.360352,-1.87207,0.756348,-0.00826,0.085801,-0.05649,chewing
5347075.0,-0.679687,1.862793,0.120117,-0.080472,0.262732,-0.068214,0.328125,-1.882324,0.734863,-0.00826,0.070346,-0.055158,chewing
5347085.0,-0.680176,1.871094,0.105469,-0.108717,0.290711,-0.044499,0.30957,-1.874512,0.736328,0.010925,0.034907,-0.008527,chewing
5347095.0,-0.68457,1.901367,0.155762,-0.138028,0.289112,-0.083403,0.424805,-1.804688,0.839844,-0.028778,0.09193,0.08207,chewing
5347105.0,-0.700195,1.84668,0.189941,-0.017587,0.186257,-0.027712,0.273438,-1.858887,0.703125,-0.119642,0.114312,0.02185,chewing
5347115.0,-0.688477,1.868164,0.141113,-0.002398,0.184658,-0.034107,0.312988,-1.861816,0.713379,-0.055158,0.04743,0.072744,chewing
5347125.0,-0.740723,1.855957,0.108887,0.07008,0.139893,-0.033574,0.245117,-1.921875,0.689453,-0.00373,-0.094861,0.114312,chewing
5347135.0,-0.727539,1.847656,0.091797,0.180129,0.029844,-0.041035,0.310059,-1.870605,0.748535,-0.00373,-0.159877,0.238484,chewing
5347145.0,-0.696289,1.86084,0.118164,0.292043,-0.057289,-0.019452,0.301758,-1.880371,0.765625,-0.104453,-0.062619,0.224628,chewing
5347155.0,-0.680664,1.850098,0.110352,0.31709,-0.044766,0.041302,0.298828,-1.885254,0.766113,-0.205975,0.049828,0.163608,chewing
5347165.0,-0.643555,1.875977,0.133301,0.351464,-0.040236,0.107917,0.311523,-1.874023,0.730469,-0.290977,0.158545,0.093528,chewing
5347175.0,-0.649414,1.861816,0.127441,0.370649,-0.024515,0.158012,0.348145,-1.858887,0.739258,-0.288312,0.135096,0.066616,chewing
5347185.0,-0.649414,1.838867,0.119141,0.389302,-0.001865,0.14762,0.339355,-1.856445,0.719727,-0.275789,0.104453,0.110582,chewing
5347195.0,-0.65332,1.855957,0.125488,0.25607,0.010392,0.080738,0.355957,-1.857422,0.713379,-0.210239,0.023182,0.177198,chewing
5347205.0,-0.672363,1.849609,0.117676,0.206508,-0.014123,0.00453,0.339844,-1.885254,0.730957,-0.175599,-0.029044,0.18679,chewing
5347215.0,-0.712891,1.841309,0.11084,0.109783,0.022649,-0.071412,0.300781,-1.901855,0.730957,-0.146554,-0.070879,0.223828,chewing
5347225.0,-0.73584,1.832031,0.101074,0.074609,0.033308,-0.092462,0.295898,-1.89502,0.751953,-0.117776,-0.067415,0.178796,chewing
5347235.0,-0.710449,1.848633,0.099609,0.071145,0.079672,-0.055957,0.26709,-1.905762,0.756348,-0.144689,-0.034107,0.140959,chewing
5347245.0,-0.708008,1.85791,0.117188,0.107651,0.096726,-0.013057,0.276855,-1.893066,0.737793,-0.174533,0.007727,0.112181,chewing
5347255.0,-0.693359,1.855957,0.129395,0.117243,0.110848,0.027179,0.287109,-1.893555,0.719238,-0.182793,0.042368,0.069813,chewing
5347265.0,-0.694824,1.866699,0.109863,0.114046,0.120441,0.04743,0.318359,-1.882324,0.713867,-0.189455,0.069014,0.048496,chewing
5347275.0,-0.687988,1.853516,0.119141,0.102855,0.144156,0.061286,0.323242,-1.875977,0.717285,-0.152949,0.085268,0.013323,chewing
5347285.0,-0.694336,1.859375,0.118652,0.100723,0.125504,0.057822,0.307129,-1.874023,0.73584,-0.088466,0.043966,-0.029577,chewing
5347295.0,-0.695801,1.848145,0.112793,0.120708,0.100989,0.019985,0.298828,-1.895508,0.728516,-0.021051,0.010392,-0.073011,chewing
5347305.0,-0.691406,1.864746,0.11084,0.117776,0.027446,0.001865,0.307129,-1.885742,0.765137,0.102588,-0.003198,-0.106585,chewing
5347315.0,-0.686035,1.869141,0.112793,0.096992,-0.018386,0.014389,0.270508,-1.903809,0.727539,0.150551,-0.002931,-0.163075,chewing
5347325.0,-0.694824,1.864746,0.128906,-0.039436,-0.026913,-0.00373,0.304688,-1.924316,0.689941,0.208107,-0.060221,-0.124172,chewing
5347335.0,-0.678223,1.858398,0.131836,-0.141758,0.011458,-0.010925,0.33252,-1.901855,0.723633,0.225427,-0.057556,-0.120708,chewing
5347345.0,-0.672363,1.840332,0.144043,-0.087133,-0.006129,0.033308,0.333496,-1.889648,0.72168,0.240616,-0.020518,-0.160943,chewing
5347355.0,-0.652344,1.853516,0.145508,0.100723,-0.086334,0.113779,0.319336,-1.894043,0.69873,0.214236,0.053825,-0.212904,chewing
5347365.0,-0.635254,1.870117,0.125977,0.24328,-0.168937,0.152417,0.314453,-1.866211,0.742676,0.208907,0.087933,-0.249142,chewing
5347375.0,-0.643066,1.887695,0.123535,0.118576,-0.107917,0.112181,0.263184,-1.872559,0.751465,0.179596,0.062352,-0.226227,chewing
5347385.0,-0.65332,1.874512,0.104004,-0.181994,0.038104,0.001066,0.261719,-1.913086,0.692383,0.139626,-0.047164,-0.137495,chewing
5347395.0,-0.693848,1.876465,0.078613,-0.375179,0.123905,-0.123905,0.321777,-1.873535,0.736328,0.067681,0.013323,-0.049562,chewing
5347405.0,-0.705566,1.877441,0.077637,-0.353329,0.037838,-0.131899,0.337402,-1.818359,0.79834,-0.02558,0.20944,-0.092729,chewing
5347415.0,-0.712402,1.855957,0.078125,-0.33521,0.002132,-0.075409,0.327148,-1.897949,0.744629,-0.088466,0.236885,-0.075675,chewing
5347425.0,-0.717773,1.861816,0.096191,-0.265663,0.035972,-0.007994,0.376465,-1.846191,0.779785,-0.027446,0.206242,-0.033841,chewing
5347435.0,-0.732422,1.858398,0.105957,-0.162009,-0.016521,0.036239,0.341797,-1.864746,0.762207,-0.067415,0.22596,-0.053292,chewing
5347445.0,-0.701172,1.865723,0.094238,0.077807,-0.239283,0.130567,0.322754,-1.887207,0.726074,-0.050894,0.174799,-0.063152,chewing
5347455.0,-0.683594,1.871582,0.057129,0.488159,-0.598741,0.281118,0.32959,-1.887207,0.743652,-0.004796,0.094328,-0.000266,chewing
5347465.0,-0.709961,1.878906,0.192871,0.262732,-0.486827,0.104453,0.300781,-1.85791,0.782715,-0.003198,0.055424,0.022649,chewing
5347475.0,-0.654785,1.854492,0.195801,0.051161,-0.111115,-0.001066,0.283203,-1.879883,0.757812,-0.041035,0.058355,0.043167,chewing
5347485.0,-0.67334,1.846191,0.201172,0.481764,-0.286714,0.168138,0.283691,-1.898438,0.741211,-0.067415,0.072211,0.055158,chewing
5347495.0,-0.70166,1.816406,0.13623,0.128435,0.122573,0.103387,0.304199,-1.894531,0.737793,-0.062352,0.092729,0.03544,chewing
5347505.0,-0.689941,1.839844,0.141113,0.100989,0.100456,0.079939,0.296875,-1.878906,0.733887,-0.076208,0.124438,-0.00373,chewing
5347515.0,-0.675781,1.84082,0.113281,0.133231,0.018386,0.050095,0.305176,-1.878418,0.737305,-0.077807,0.098858,-0.005063,chewing
5347525.0,-0.646484,1.850098,0.131836,0.055158,0.042634,0.0429,0.314453,-1.87207,0.72998,-0.061286,0.051694,0.013856,chewing
5347535.0,-0.657227,1.840332,0.125488,0.021583,0.055957,0.013057,0.321289,-1.884277,0.727539,-0.040769,0.039436,0.003997,chewing
5347545.0,-0.664551,1.852051,0.126465,-0.010658,0.067149,-0.018386,0.316406,-1.893066,0.726074,-0.041568,0.00906,0.018386,chewing
5347555.0,-0.665527,1.84082,0.12207,-0.002398,0.058089,-0.02185,0.311035,-1.895996,0.746582,-0.040502,0.000533,0.006928,chewing
5347565.0,-0.694824,1.831543,0.114746,-0.00373,0.06475,-0.006928,0.296875,-1.899902,0.743652,-0.024781,-0.007461,0.005329,chewing
5347575.0,-0.697266,1.850098,0.116699,-0.007194,0.100456,0.000266,0.30127,-1.887207,0.75293,-0.03917,-0.001599,-0.03464,chewing
5347585.0,-0.710449,1.830078,0.122559,-0.051694,0.151351,-0.015721,0.317871,-1.862793,0.760254,-0.049828,0.023982,-0.060487,chewing
5347595.0,-0.711426,1.849121,0.112793,-0.062086,0.180129,-0.03544,0.316406,-1.851074,0.752441,-0.043167,0.053026,-0.064217,chewing
5347605.0,-0.688477,1.864746,0.119629,-0.135363,0.273923,-0.049562,0.320801,-1.848633,0.775391,-0.034374,0.079406,-0.088998,chewing
5347615.0,-0.694824,1.862793,0.110352,-0.123639,0.284582,-0.040769,0.308594,-1.871582,0.764648,-0.039436,0.11751,-0.102055,chewing
5347625.0,-0.685547,1.865723,0.107422,-0.079672,0.262466,-0.028778,0.319336,-1.875488,0.747559,-0.021583,0.099923,-0.10392,chewing
5347635.0,-0.681152,1.881836,0.093262,-0.064217,0.246211,-0.019185,0.32666,-1.890137,0.746094,-0.022116,0.097259,-0.08207,chewing
5347645.0,-0.67041,1.875,0.097656,-0.077541,0.246744,-0.011991,0.38623,-1.86084,0.796387,-0.031709,0.062619,-0.018652,chewing
5347655.0,-0.666992,1.858887,0.134766,-0.056757,0.25234,-0.012524,0.294922,-1.918457,0.700195,-0.082603,0.087933,-0.051161,chewing
5347665.0,-0.660156,1.884766,0.12793,0.001865,0.197715,-0.001066,0.321289,-1.860352,0.70752,-0.058622,0.042368,0.039703,chewing
5347675.0,-0.669434,1.874023,0.102539,0.126836,0.087666,0.021583,0.303223,-1.887695,0.630371,-0.211038,0.011458,0.12657,chewing
5347685.0,-0.671387,1.870605,0.10498,0.231023,0.010658,0.024515,0.317383,-1.859375,0.756348,-0.127902,-0.066349,0.179862,chewing
5347695.0,-0.686523,1.864258,0.101563,0.249675,-0.01279,-0.027712,0.268555,-1.892578,0.733398,-0.134564,-0.130833,0.2177,chewing
5347705.0,-0.677734,1.852051,0.119629,0.28245,-0.040502,-0.033574,0.291992,-1.883301,0.748047,-0.124704,-0.133764,0.244879,chewing
5347715.0,-0.692871,1.827148,0.106445,0.33521,-0.016787,-0.011191,0.271973,-1.894531,0.754883,-0.151084,-0.090331,0.243014,chewing
5347725.0,-0.677246,1.850586,0.138672,0.23955,0.028778,-0.02185,0.289063,-1.894531,0.722656,-0.180662,-0.03464,0.181194,chewing
5347735.0,-0.672852,1.844727,0.127441,0.119908,0.114312,-0.040769,0.316895,-1.895996,0.71582,-0.208374,0.005063,0.174,chewing
5347745.0,-0.668457,1.851563,0.105469,0.048763,0.152949,-0.04743,0.33252,-1.883301,0.726562,-0.248343,0.031443,0.124438,chewing
5347755.0,-0.661621,1.847656,0.118652,0.072478,0.12124,-0.009593,0.338867,-1.867188,0.724609,-0.202511,0.049562,0.126037,chewing
5347765.0,-0.67334,1.864746,0.116211,0.092196,0.123372,-0.015721,0.313965,-1.873047,0.71582,-0.169737,0.055424,0.088998,chewing
5347775.0,-0.675293,1.864746,0.119629,0.055691,0.111115,-0.038904,0.307129,-1.885742,0.72168,-0.129767,0.016787,0.0866,chewing
5347785.0,-0.693848,1.857422,0.095703,0.009593,0.081804,-0.044499,0.306152,-1.89209,0.730469,-0.093795,0.010126,0.052227,chewing
5347795.0,-0.692871,1.862793,0.125,-0.019718,0.103121,-0.024515,0.279297,-1.901367,0.730957,-0.051161,0.005063,0.027979,chewing
5347805.0,-0.699219,1.842285,0.125977,-0.017587,0.095127,-0.015721,0.279297,-1.898926,0.723145,-0.022916,-0.011991,-0.019718,chewing
5347815.0,-0.689453,1.858887,0.104492,0.006395,0.089265,-0.007461,0.290039,-1.894531,0.728516,0.003997,-0.002931,-0.039969,chewing
5347825.0,-0.681641,1.854492,0.111816,0.006928,0.083136,0.009593,0.300293,-1.894043,0.732422,0.025847,0.018919,-0.058622,chewing
5347835.0,-0.682129,1.849121,0.125,0.026646,0.044233,0.030377,0.296875,-1.898926,0.719238,0.06475,0.036505,-0.078074,chewing
5347845.0,-0.679199,1.872559,0.111328,0.037305,-0.018652,0.022383,0.296387,-1.894043,0.72998,0.106585,0.041568,-0.107651,chewing
5347855.0,-0.682617,1.86377,0.120117,-0.016787,-0.05649,0.015455,0.294922,-1.892578,0.720703,0.104986,0.052493,-0.116444,chewing
5347865.0,-0.665527,1.87207,0.124023,-0.0429,-0.036772,0.008527,0.32373,-1.872559,0.736328,0.106319,0.079406,-0.13936,chewing
5347875.0,-0.666504,1.871582,0.12793,-0.033308,-0.019718,0.035972,0.333984,-1.881836,0.725586,0.111648,0.12657,-0.163341,chewing
5347885.0,-0.66748,1.876465,0.12207,-0.005862,-0.019452,0.059421,0.329102,-1.89209,0.746094,0.172668,0.117243,-0.184658,chewing
5347895.0,-0.673828,1.874023,0.120605,0.06102,-0.075142,0.089798,0.321777,-1.871094,0.74707,0.193985,0.088199,-0.200113,chewing
5347905.0,-0.680176,1.865723,0.12207,0.183326,-0.180928,0.142557,0.303711,-1.860352,0.769043,0.238217,0.040236,-0.163608,chewing
5347915.0,-0.681641,1.877441,0.120605,0.195317,-0.173467,0.132965,0.254883,-1.89209,0.727539,0.215568,-0.010925,-0.14309,chewing
5347925.0,-0.696777,1.863281,0.114258,0.045032,-0.07381,0.07381,0.304199,-1.890625,0.733887,0.181461,-0.018919,-0.092462,chewing
5347935.0,-0.712891,1.858398,0.099121,-0.002132,-0.028245,0.011991,0.315918,-1.864746,0.771484,0.0866,0.051427,-0.067948,chewing
5347945.0,-0.714844,1.853516,0.099121,-0.04743,-0.004263,0.009859,0.302246,-1.878906,0.736328,0.00906,0.114845,-0.076208,chewing
5347955.0,-0.706543,1.859375,0.111328,-0.092196,0.017054,0.021583,0.318359,-1.885742,0.721191,-0.06555,0.175599,-0.10019,chewing
5347965.0,-0.70166,1.86377,0.111328,-0.141225,0.070346,0.033574,0.324707,-1.868652,0.756836,-0.079406,0.174,-0.101256,chewing
5347975.0,-0.689453,1.854492,0.117676,-0.113513,0.073544,0.027979,0.328613,-1.872559,0.747559,-0.106851,0.217433,-0.135629,chewing
5347985.0,-0.687012,1.858887,0.092773,-0.198248,0.072478,0.041035,0.297363,-1.882813,0.742187,-0.055158,0.170802,-0.095394,chewing
5347995.0,-0.666504,1.856445,0.110352,-0.200646,0.0437,0.005329,0.316406,-1.873535,0.745605,-0.023715,0.155614,-0.090064,chewing
5348005.0,-0.67334,1.865723,0.125977,-0.172135,-0.038371,0.006129,0.29541,-1.884766,0.74707,-0.011191,0.128168,-0.051694,chewing
5348015.0,-0.665039,1.865723,0.107422,-0.016787,-0.19585,0.062352,0.297852,-1.893066,0.738281,-0.005329,0.099923,-0.019185,chewing
5348025.0,-0.656738,1.865234,0.077148,0.363721,-0.553176,0.179596,0.312988,-1.885254,0.736328,-0.008527,0.091663,-0.00826,chewing
5348035.0,-0.686035,1.899902,0.112793,0.736236,-0.967525,0.326417,0.299805,-1.859863,0.760254,-0.006129,0.065017,-0.022916,chewing
5348045.0,-0.706543,1.82959,0.202637,0.196649,-0.397828,0.016787,0.310547,-1.875,0.779785,-0.040502,0.075409,-0.015188,chewing
5348055.0,-0.673828,1.845703,0.148437,0.083936,-0.073011,-0.033841,0.311523,-1.881836,0.744629,-0.079139,0.067948,-0.011191,chewing
5348065.0,-0.732422,1.872559,0.318359,0.23875,-0.06475,0.029044,0.330078,-1.891602,0.741699,-0.062086,0.055691,0.008793,chewing
5348075.0,-0.730957,1.839844,0.132324,0.076208,0.096193,0.068747,0.317871,-1.875,0.739746,-0.045032,0.059688,-0.010925,chewing
5348085.0,-0.704102,1.852051,0.115234,0.069813,0.111381,0.066882,0.311035,-1.884766,0.729492,-0.019185,0.050628,-0.026113,chewing
5348095.0,-0.67627,1.847168,0.13623,0.042101,0.087133,0.055158,0.317383,-1.884766,0.721191,-0.001599,0.024781,-0.025314,chewing
5348105.0,-0.672363,1.841797,0.14502,0.043167,0.074077,0.037838,0.30957,-1.880859,0.741699,-0.001066,0.008793,-0.028511,chewing
5348115.0,-0.654785,1.849609,0.128906,0.031975,0.082603,0.015988,0.300781,-1.884766,0.73291,-0.019452,0.021583,-0.033308,chewing
5348125.0,-0.658203,1.854004,0.134766,0.049296,0.075409,-0.000533,0.298828,-1.88916,0.737305,-0.035972,0.032508,-0.031975,chewing
5348135.0,-0.651855,1.866699,0.130859,0.055158,0.072211,-0.000533,0.307129,-1.896973,0.732422,-0.058089,0.041035,-0.026646,chewing
5348145.0,-0.661133,1.857422,0.130859,0.023449,0.071678,-0.023715,0.312012,-1.882813,0.744141,-0.037305,0.06555,-0.055424,chewing
5348155.0,-0.665527,1.858398,0.128418,-0.041568,0.10925,-0.045832,0.333496,-1.875488,0.742187,-0.039436,0.040236,-0.046364,chewing
5348165.0,-0.665039,1.876953,0.140625,-0.098058,0.182527,-0.066349,0.344238,-1.865723,0.751953,-0.017853,0.028511,-0.03464,chewing
5348175.0,-0.685059,1.858887,0.128906,-0.202245,0.267262,-0.088732,0.345215,-1.866699,0.755859,-0.01279,0.00906,-0.036239,chewing
5348185.0,-0.678711,1.861328,0.124023,-0.248876,0.360257,-0.102322,0.344727,-1.864258,0.757812,-0.014655,0.032242,-0.023182,chewing
5348195.0,-0.691895,1.861816,0.09082,-0.198515,0.326949,-0.075675,0.321777,-1.882813,0.737305,-0.009859,0.046364,-0.075675,chewing
5348205.0,-0.694824,1.877441,0.111328,-0.153216,0.278453,-0.04823,0.328125,-1.888184,0.735352,0.007727,0.018919,-0.047697,chewing
5348215.0,-0.695801,1.869629,0.118164,-0.139893,0.277387,-0.027179,0.325195,-1.875488,0.743164,0.013856,-0.016787,0.006129,chewing
5348225.0,-0.678223,1.865723,0.154785,-0.127103,0.272591,-0.033574,0.316406,-1.854004,0.708496,-0.083936,0.096992,-0.012524,chewing
5348235.0,-0.658203,1.88623,0.094727,-0.22223,0.398894,-0.05276,0.291016,-1.952148,0.618164,-0.120974,0.041035,0.084469,chewing
5348245.0,-0.717773,1.874023,0.107422,-0.052227,0.184392,-0.024248,0.27832,-1.943359,0.683594,0.092196,-0.274989,0.217167,chewing
5348255.0,-0.706055,1.842285,0.128418,0.010925,0.084469,-0.081538,0.320801,-1.848145,0.783691,0.03464,-0.272058,0.272325,chewing
5348265.0,-0.671387,1.872559,0.134766,0.157479,0.012524,-0.092729,0.294434,-1.854492,0.823242,-0.06555,-0.156413,0.228891,chewing
5348275.0,-0.678711,1.841797,0.144531,0.266729,-0.043167,-0.038637,0.288574,-1.876465,0.783203,-0.138294,-0.022383,0.178796,chewing
5348285.0,-0.652344,1.860352,0.143555,0.274456,-0.012524,0.04743,0.30957,-1.887207,0.745605,-0.198781,0.104986,0.0874,chewing
5348295.0,-0.647461,1.857422,0.151367,0.215835,0.08287,0.074876,0.313965,-1.881836,0.704102,-0.220098,0.131366,0.062352,chewing
5348305.0,-0.649414,1.868164,0.141602,0.200646,0.078074,0.06102,0.346191,-1.865234,0.695801,-0.197982,0.062086,0.085801,chewing
5348315.0,-0.673828,1.864258,0.126953,0.188389,0.035972,0.00373,0.335938,-1.861816,0.706055,-0.173467,-0.011458,0.151617,chewing
5348325.0,-0.678223,1.855469,0.109375,0.151617,-0.016521,-0.045032,0.330566,-1.876465,0.72168,-0.122573,-0.062086,0.158812,chewing
5348335.0,-0.709473,1.864746,0.112793,0.07834,-0.03544,-0.075409,0.304688,-1.895996,0.741211,-0.105253,-0.061553,0.134564,chewing
5348345.0,-0.69873,1.851074,0.119629,0.050894,-0.02185,-0.071678,0.274414,-1.897461,0.738281,-0.127902,-0.024248,0.109783,chewing
5348355.0,-0.726074,1.844727,0.105957,0.06475,-0.00373,-0.036239,0.264648,-1.910645,0.749512,-0.136429,0.015455,0.076475,chewing
5348365.0,-0.727539,1.859863,0.10498,0.081005,-0.00453,0.003464,0.291016,-1.888672,0.73877,-0.128435,0.038371,0.04823,chewing
5348375.0,-0.717773,1.857422,0.108887,0.094594,0.027446,0.038371,0.307129,-1.885254,0.723145,-0.121773,0.03011,0.031975,chewing
5348385.0,-0.722656,1.865723,0.102051,0.10019,0.04823,0.059688,0.335449,-1.868164,0.72168,-0.077807,0.026913,0.01279,chewing
5348395.0,-0.703613,1.870117,0.111816,0.127636,0.034107,0.073011,0.330078,-1.874023,0.732422,-0.032242,0.003997,-0.019452,chewing
5348405.0,-0.695312,1.864258,0.103516,0.15215,0.006662,0.062619,0.307617,-1.876953,0.741211,0.014389,-0.02638,-0.021583,chewing
5348415.0,-0.679199,1.87207,0.123535,0.167605,-0.012257,0.074876,0.288574,-1.896484,0.741699,0.0429,-0.03011,-0.05649,chewing
5348425.0,-0.668457,1.864258,0.120117,0.196383,-0.049562,0.084735,0.271484,-1.903809,0.755371,0.101522,0.005329,-0.119642,chewing
5348435.0,-0.6875,1.862305,0.137695,0.240616,-0.122306,0.103387,0.269531,-1.893066,0.779297,0.15668,0.043966,-0.197715,chewing
5348445.0,-0.675781,1.864746,0.136719,0.221963,-0.196383,0.100456,0.233887,-1.935547,0.703125,0.098858,0.067681,-0.19585,chewing
5348455.0,-0.663086,1.873535,0.130371,0.168138,-0.200113,0.087666,0.321289,-1.907715,0.694336,0.094061,0.068747,-0.18759,chewing
5348465.0,-0.651367,1.860352,0.116211,0.332812,-0.316557,0.143623,0.347168,-1.859375,0.745605,0.080738,0.127636,-0.191853,chewing
5348475.0,-0.65625,1.849609,0.128418,0.373847,-0.351997,0.200646,0.324219,-1.881348,0.736816,0.067149,0.143357,-0.208374,chewing
5348485.0,-0.658691,1.86084,0.116699,0.279519,-0.232888,0.14842,0.321777,-1.867676,0.725098,0.054625,0.09113,-0.172401,chewing
5348495.0,-0.68457,1.868164,0.100586,-0.033308,-0.033041,0.0437,0.333496,-1.858887,0.745117,0.10472,0.030377,-0.169204,chewing
5348505.0,-0.687012,1.871582,0.104492,-0.228358,0.053825,-0.025847,0.286621,-1.874023,0.726074,0.075142,-0.058089,-0.110582,chewing
5348515.0,-0.72168,1.845215,0.104004,-0.355994,0.135896,-0.074077,0.302734,-1.916504,0.705078,0.080472,-0.123905,-0.080205,chewing
5348525.0,-0.699219,1.849609,0.11377,-0.324285,0.14762,-0.067149,0.341309,-1.885742,0.708008,0.054092,-0.094594,-0.027712,chewing
5348535.0,-0.725586,1.853027,0.126953,-0.407155,0.259002,-0.077274,0.317383,-1.91748,0.687988,0.030377,-0.098325,-0.005063,chewing
5348545.0,-0.703613,1.836914,0.124023,-0.29151,0.206775,0.001066,0.335449,-1.871582,0.741699,0.01732,-0.043966,-0.023715,chewing
5348555.0,-0.671875,1.861816,0.144043,-0.264597,0.190787,0.022649,0.34082,-1.849121,0.776855,-0.029044,0.035173,-0.044766,chewing
5348565.0,-0.67334,1.868652,0.123535,-0.198248,0.106585,0.024248,0.325684,-1.869629,0.770508,-0.057289,0.140159,-0.080738,chewing
5348575.0,-0.63916,1.868652,0.121094,-0.119109,-0.106851,0.056224,0.307129,-1.871582,0.752441,-0.03011,0.185991,-0.097792,chewing
5348585.0,-0.62207,1.875488,0.050781,0.331479,-0.540652,0.216368,0.307129,-1.880371,0.731445,-0.010126,0.180928,-0.077541,chewing
5348595.0,-0.637207,1.94043,0.1875,0.709323,-0.94834,0.260867,0.307617,-1.859863,0.77002,0.045832,0.122573,-0.050894,chewing
5348605.0,-0.671387,1.842285,0.20752,0.063152,-0.329081,-0.074609,0.310059,-1.854004,0.75293,0.024248,0.077541,-0.00826,chewing
5348615.0,-0.647949,1.855957,0.15918,-0.006928,-0.045565,-0.111115,0.346191,-1.873047,0.737793,-0.003198,0.035972,0.031176,chewing
5348625.0,-0.726074,1.902832,0.311035,-0.034107,0.16121,-0.103387,0.362305,-1.874023,0.727539,-0.020251,0.027979,0.023182,chewing
5348635.0,-0.740234,1.826172,0.132812,0.035706,0.059954,0.027179,0.349121,-1.880859,0.713867,-0.039969,0.042634,0.016254,chewing
5348645.0,-0.713379,1.828125,0.122559,0.011458,0.071145,0.019985,0.34668,-1.87793,0.717285,-0.034107,0.017853,0.040502,chewing
5348655.0,-0.674316,1.836426,0.128906,0.001599,0.081271,0.010658,0.32666,-1.869629,0.733887,-0.039969,-0.00453,0.030377,chewing
5348665.0,-0.666992,1.838379,0.13623,-0.019452,0.10019,0.024248,0.310547,-1.861328,0.729492,-0.036239,0.005596,-0.026113,chewing
5348675.0,-0.650879,1.85498,0.14502,-0.020251,0.093528,0.016787,0.288574,-1.884766,0.73877,-0.020251,0.030643,-0.030643,chewing
5348685.0,-0.635742,1.872559,0.151367,-0.00906,0.0866,0.001865,0.287598,-1.897949,0.740723,-0.027179,0.070879,-0.031176,chewing
5348695.0,-0.649414,1.879883,0.136719,-0.003464,0.037305,-0.01279,0.287598,-1.89209,0.744141,-0.016521,0.094594,-0.043966,chewing
5348705.0,-0.658203,1.884277,0.135742,0.00826,0.01359,-0.028245,0.297363,-1.885742,0.760254,-0.012257,0.096193,-0.048763,chewing
5348715.0,-0.65625,1.878906,0.125977,0.002398,0.026646,-0.02185,0.331543,-1.881836,0.758301,-0.024248,0.096992,-0.05649,chewing
5348725.0,-0.685059,1.87207,0.123047,-0.000266,0.05196,-0.034374,0.364746,-1.876953,0.75293,-0.022916,0.06928,-0.044233,chewing
5348735.0,-0.678223,1.875,0.133789,0.007727,0.069014,-0.014389,0.355469,-1.861328,0.766113,-0.047164,0.104187,-0.051427,chewing
5348745.0,-0.689941,1.861816,0.124512,0.045299,0.086067,0.009859,0.333984,-1.851074,0.770996,-0.060221,0.146021,-0.060487,chewing
5348755.0,-0.700195,1.856445,0.128418,0.120974,0.067948,0.027446,0.314941,-1.856445,0.762695,-0.076741,0.181194,-0.059954,chewing
5348765.0,-0.67041,1.865234,0.12207,0.186524,0.02185,0.070346,0.322266,-1.851074,0.77832,-0.132432,0.184925,-0.001332,chewing
5348775.0,-0.659668,1.868164,0.126465,0.285115,-0.081804,0.106851,0.290039,-1.899414,0.716309,-0.152683,0.196649,-0.042368,chewing
5348785.0,-0.675293,1.865234,0.112305,0.347467,-0.203577,0.131899,0.254883,-1.922363,0.679687,-0.104986,0.086334,-0.015721,chewing
5348795.0,-0.691406,1.873047,0.117188,0.285381,-0.220897,0.056757,0.283691,-1.877441,0.71582,-0.094061,-0.028511,0.12204,chewing
5348805.0,-0.696289,1.875,0.124512,0.185724,-0.191054,-0.011458,0.30127,-1.897461,0.719727,-0.187856,-0.072744,0.22143,chewing
5348815.0,-0.708008,1.854004,0.114746,0.098591,-0.078606,-0.020518,0.317871,-1.885742,0.740234,-0.253672,-0.064484,0.245678,chewing
5348825.0,-0.725586,1.854004,0.100586,0.031709,0.014389,0.027712,0.328125,-1.88623,0.733887,-0.308297,-0.00453,0.206775,chewing
5348835.0,-0.723633,1.860352,0.126953,0.003997,0.064217,0.067948,0.333496,-1.861816,0.741211,-0.307498,0.038904,0.13856,chewing
5348845.0,-0.710937,1.847656,0.119629,-0.004796,0.120708,0.077274,0.340332,-1.851563,0.72168,-0.314692,0.08287,0.109516,chewing
5348855.0,-0.686523,1.859375,0.12793,-0.034107,0.155081,0.040502,0.331543,-1.885254,0.700684,-0.25607,0.015455,0.151351,chewing
5348865.0,-0.683105,1.852051,0.122559,-0.027979,0.16574,0.012524,0.314453,-1.889648,0.707031,-0.21317,-0.065017,0.196383,chewing
5348875.0,-0.665527,1.861328,0.144531,-0.033308,0.16041,-0.021051,0.304199,-1.898926,0.71582,-0.224628,-0.102055,0.229957,chewing
5348885.0,-0.667969,1.86084,0.112793,-0.021317,0.159877,-0.012524,0.276855,-1.907715,0.739258,-0.259534,-0.076475,0.22223,chewing
5348895.0,-0.67334,1.858887,0.116211,0.007727,0.140692,-0.020518,0.265137,-1.900391,0.74707,-0.270726,-0.018386,0.158012,chewing
5348905.0,-0.678711,1.850098,0.128418,0.002931,0.1303,-0.01359,0.248047,-1.913086,0.740234,-0.305366,0.033841,0.098591,chewing
5348915.0,-0.680176,1.84668,0.149902,-0.002398,0.146821,-0.019185,0.25293,-1.916016,0.689941,-0.302168,0.051694,0.104187,chewing
5348925.0,-0.669434,1.861328,0.10791,0.007727,0.191853,-0.02185,0.292969,-1.92041,0.705566,-0.266729,0.065816,0.176132,chewing
5348935.0,-0.677734,1.856934,0.121582,0.01732,0.194251,-0.029044,0.314453,-1.881348,0.685547,-0.210239,0.048763,0.078606,chewing
5348945.0,-0.689453,1.858887,0.128418,-0.023982,0.192652,-0.039703,0.301758,-1.882813,0.696777,-0.167338,0.057289,0.071945,chewing
5348955.0,-0.67334,1.870117,0.126465,0.018652,0.118309,-0.026113,0.325195,-1.878906,0.728027,-0.131632,0.075942,0.00826,chewing
5348965.0,-0.683105,1.860352,0.117676,0.076208,0.088998,0.002931,0.3125,-1.886719,0.726562,-0.105786,0.087933,-0.02638,chewing
5348975.0,-0.67334,1.869141,0.122559,0.128701,0.063685,0.002665,0.299805,-1.883301,0.723145,-0.077541,0.048763,-0.055424,chewing
5348985.0,-0.677734,1.871094,0.103516,0.050095,0.122573,-0.022649,0.288574,-1.881836,0.718262,-0.081538,-0.003997,-0.022383,chewing
5348995.0,-0.669922,1.85791,0.119629,0.113779,0.052493,0.003997,0.312012,-1.896973,0.688965,-0.03464,-0.087666,0.024248,chewing
5349005.0,-0.666504,1.854004,0.135254,0.179063,0.034107,-0.007461,0.333008,-1.900879,0.687988,0.005862,-0.140692,0.018386,chewing
5349015.0,-0.647461,1.875977,0.139648,0.150285,0.085801,-0.009326,0.323242,-1.88916,0.687012,0.027446,-0.153482,-0.010658,chewing
5349025.0,-0.651367,1.869141,0.133789,0.137495,0.099391,-0.033041,0.31543,-1.897461,0.679687,0.048763,-0.135096,-0.018119,chewing
5349035.0,-0.648926,1.864746,0.141602,0.115112,0.105786,-0.00826,0.293457,-1.900879,0.684082,0.067149,-0.121773,-0.017853,chewing
5349045.0,-0.663086,1.859375,0.126953,0.078074,0.113779,0.007727,0.296387,-1.918945,0.699707,0.088732,-0.103121,-0.03917,chewing
5349055.0,-0.677246,1.870605,0.122559,0.088732,0.092995,0.018652,0.287109,-1.890625,0.726562,0.127902,-0.09193,-0.11298,chewing
5349065.0,-0.717773,1.853027,0.115723,0.048763,0.029844,0.001332,0.273926,-1.912109,0.696289,0.128168,-0.109516,-0.124704,chewing
5349075.0,-0.704102,1.855469,0.138672,-0.116711,-0.014922,-0.054092,0.322266,-1.927246,0.704102,0.230757,-0.120441,-0.150551,chewing
5349085.0,-0.672363,1.83252,0.151367,-0.034374,-0.064484,-0.018652,0.358887,-1.833008,0.797852,0.315492,-0.039969,-0.277387,chewing
5349095.0,-0.662598,1.856445,0.133789,-0.032508,-0.023715,0.027712,0.299805,-1.940918,0.630859,0.278453,0.047164,-0.358658,chewing
5349105.0,-0.63916,1.864258,0.19043,-0.067948,-0.02558,0.079939,0.388672,-1.830566,0.771484,0.436199,0.299237,-0.431136,chewing
5349115.0,-0.621582,1.858398,0.155273,0.150018,-0.123905,0.147354,0.258789,-1.831543,0.804687,0.491623,0.286181,-0.419412,chewing
5349125.0,-0.63916,1.899902,0.128418,0.042101,-0.098591,0.055158,0.153809,-1.976563,0.648437,0.50468,0.025314,-0.322153,chewing
5349135.0,-0.658203,1.899414,0.082031,-0.298971,0.036239,-0.07834,0.260742,-1.955078,0.627441,0.493222,-0.326949,-0.046098,chewing
5349145.0,-0.725098,1.878906,0.084473,-0.618992,0.163608,-0.229424,0.353027,-1.942383,0.671875,0.256603,-0.158545,0.019452,chewing
5349155.0,-0.70166,1.874023,0.064453,-0.54758,0.048763,-0.178263,0.378418,-1.794434,0.833984,-0.010126,0.292309,-0.128435,chewing
5349165.0,-0.700195,1.860352,0.125,-0.435933,0.007727,-0.099124,0.33252,-1.899902,0.776367,-0.125237,0.299237,-0.113513,chewing
5349175.0,-0.706055,1.867676,0.111328,-0.138294,-0.09566,0.060487,0.366211,-1.853027,0.762207,-0.164407,0.380775,-0.146021,chewing
5349185.0,-0.699219,1.876953,0.05957,0.241415,-0.377844,0.199047,0.317871,-1.856445,0.72998,-0.112447,0.34347,-0.168138,chewing
5349195.0,-0.709961,1.904785,0.169922,0.557173,-0.717317,0.318156,0.34668,-1.832031,0.761719,-0.022116,0.252606,-0.124971,chewing
5349205.0,-0.712402,1.850098,0.17627,0.067415,-0.219299,0.057289,0.314453,-1.843262,0.76123,0.020784,0.137228,-0.019452,chewing
5349215.0,-0.681152,1.855469,0.161133,0.016254,-0.008527,-0.027179,0.324707,-1.880371,0.74707,0.000799,0.034374,0.079939,chewing
5349225.0,-0.700684,1.969727,0.240723,-0.02185,0.209706,-0.052227,0.325195,-1.898438,0.741699,0.013323,-0.018119,0.131899,chewing
5349235.0,-0.728027,1.842773,0.134766,0.10472,0.075675,0.089798,0.300293,-1.901855,0.738281,-0.033308,0.024781,0.102588,chewing
5349245.0,-0.711914,1.850098,0.126953,0.148953,0.087666,0.114845,0.290527,-1.899414,0.737793,-0.071678,0.057556,0.058888,chewing
5349255.0,-0.673828,1.850586,0.148437,0.136695,0.079139,0.106052,0.28125,-1.895508,0.737793,-0.102055,0.091663,0.019718,chewing
5349265.0,-0.654785,1.853516,0.135254,0.107118,0.084202,0.102855,0.299805,-1.886719,0.727051,-0.106052,0.097792,-0.021051,chewing
5349275.0,-0.642578,1.855957,0.149414,0.078606,0.107651,0.081271,0.29834,-1.878418,0.735352,-0.095127,0.102855,-0.026646,chewing
5349285.0,-0.643555,1.84375,0.15918,0.105786,0.075409,0.016787,0.311035,-1.871094,0.730469,-0.070879,0.09193,-0.014123,chewing
5349295.0,-0.657227,1.846191,0.157227,0.138827,0.023982,-0.007194,0.31543,-1.887695,0.726562,-0.026646,0.053292,-0.013057,chewing
5349305.0,-0.652344,1.868652,0.138672,0.13856,0.02185,-0.030377,0.328613,-1.893066,0.739258,0.01732,0.027179,-0.008527,chewing
5349315.0,-0.657227,1.864746,0.135742,0.069813,0.076475,-0.029577,0.32666,-1.885742,0.75,0.042368,-0.005596,-0.010126,chewing
5349325.0,-0.669434,1.849121,0.153809,0.0,0.140959,-0.052227,0.319824,-1.88623,0.739258,0.045032,0.007994,-0.041035,chewing
5349335.0,-0.681641,1.851074,0.14502,-0.062885,0.217966,-0.085801,0.320313,-1.870117,0.755371,0.018919,0.064217,-0.064484,chewing
5349345.0,-0.695312,1.848633,0.117188,-0.114046,0.28245,-0.095394,0.302246,-1.857422,0.756348,-0.02185,0.118842,-0.063418,chewing
5349355.0,-0.70459,1.854492,0.12793,-0.139626,0.274989,-0.087666,0.304199,-1.881836,0.748047,-0.037571,0.092995,-0.045299,chewing
5349365.0,-0.709473,1.860352,0.119629,-0.09566,0.228625,-0.061819,0.29834,-1.890137,0.719238,-0.038104,0.069547,-0.035706,chewing
5349375.0,-0.711426,1.876465,0.141113,-0.063951,0.219299,-0.03544,0.326172,-1.865234,0.689941,-0.06555,0.053292,-0.054092,chewing
5349385.0,-0.654785,1.914551,0.131348,-0.222496,0.362123,-0.084735,0.363281,-1.93457,0.634277,-0.182527,0.13936,-0.040236,chewing
5349395.0,-0.703613,1.866699,0.114746,-0.090597,0.224361,-0.023449,0.27832,-1.960449,0.635254,0.044233,-0.14762,0.097525,chewing
5349405.0,-0.701172,1.852539,0.117188,0.088199,0.033041,-0.032508,0.349121,-1.852539,0.747559,0.10925,-0.27872,0.174266,chewing
5349415.0,-0.67334,1.890137,0.123535,0.126836,0.027979,-0.078873,0.309082,-1.877441,0.767578,0.022649,-0.2177,0.249675,chewing
5349425.0,-0.661621,1.873047,0.154785,0.17027,0.001332,-0.03544,0.285645,-1.881836,0.770996,-0.050361,-0.081804,0.220364,chewing
5349435.0,-0.666992,1.865234,0.140625,0.2177,0.031975,0.007461,0.277344,-1.882813,0.776367,-0.123905,0.016787,0.123372,chewing
5349445.0,-0.672363,1.87207,0.143555,0.24408,0.00906,0.055957,0.275879,-1.879395,0.73291,-0.173201,0.114845,0.057023,chewing
5349455.0,-0.642578,1.882813,0.13623,0.176132,0.05276,0.05276,0.318848,-1.865234,0.72998,-0.173201,0.120441,0.035972,chewing
5349465.0,-0.650879,1.861328,0.136719,0.131899,0.039969,0.018386,0.345215,-1.863281,0.718262,-0.147354,0.096726,0.050628,chewing
5349475.0,-0.666504,1.854004,0.137207,0.094861,0.044233,-0.003198,0.347656,-1.874023,0.702148,-0.118309,0.044233,0.083669,chewing
5349485.0,-0.694336,1.852051,0.143555,0.145489,0.001599,-0.045299,0.319824,-1.893066,0.703613,-0.083669,0.014389,0.09193,chewing
5349495.0,-0.699219,1.861816,0.132324,0.149219,0.025847,-0.058622,0.308594,-1.911621,0.712402,-0.043966,-0.02185,0.092995,chewing
5349505.0,-0.688965,1.86084,0.128418,0.148953,0.031975,-0.024515,0.289063,-1.895996,0.740723,-0.049029,-0.005596,0.041835,chewing
5349515.0,-0.697266,1.866699,0.121094,0.105253,0.040769,0.000533,0.273438,-1.894043,0.748535,-0.063418,0.026113,-0.004796,chewing
5349525.0,-0.692383,1.862305,0.128418,0.089531,0.048763,0.018386,0.290527,-1.881348,0.750977,-0.064217,0.039703,-0.055424,chewing
5349535.0,-0.689941,1.855957,0.134277,0.074609,0.022116,0.039969,0.312012,-1.877441,0.738281,-0.025847,0.083136,-0.134031,chewing
5349545.0,-0.688477,1.866699,0.140625,0.098591,-0.005596,0.051161,0.330078,-1.88623,0.741699,0.022649,0.092462,-0.173467,chewing
5349555.0,-0.678223,1.864746,0.12207,0.085002,-0.00826,0.056757,0.334473,-1.881836,0.729004,0.053559,0.096992,-0.213436,chewing
5349565.0,-0.681641,1.876465,0.135742,0.030643,-0.014123,0.039703,0.32959,-1.891113,0.702148,0.111648,0.097792,-0.224361,chewing
5349575.0,-0.689941,1.876953,0.135742,-0.065816,-0.007461,0.023182,0.314453,-1.895508,0.731445,0.146821,0.059421,-0.190521,chewing
5349585.0,-0.685059,1.856934,0.135742,-0.045565,-0.064217,0.02185,0.305664,-1.907715,0.695312,0.151884,0.053292,-0.144423,chewing
5349595.0,-0.669922,1.848633,0.128418,0.086067,-0.110049,0.074077,0.316406,-1.891602,0.736816,0.192652,0.056224,-0.163874,chewing
5349605.0,-0.65625,1.86084,0.130371,0.188123,-0.122573,0.096992,0.304688,-1.870117,0.763184,0.176398,0.09193,-0.265397,chewing
5349615.0,-0.660645,1.875977,0.144043,0.136695,-0.092196,0.067149,0.282715,-1.896973,0.723145,0.139093,0.076741,-0.232888,chewing
5349625.0,-0.671387,1.864258,0.128906,-0.076741,0.01732,0.015188,0.302734,-1.878418,0.711914,0.099391,0.03464,-0.149485,chewing
5349635.0,-0.664062,1.885742,0.124512,-0.259801,0.079406,-0.0437,0.333496,-1.861816,0.765137,0.051694,0.05649,-0.116178,chewing
5349645.0,-0.686523,1.874023,0.104492,-0.372781,0.103654,-0.074609,0.315918,-1.855469,0.783691,-0.031709,0.131899,-0.107118,chewing
5349655.0,-0.702148,1.852539,0.12207,-0.430603,0.074609,-0.071678,0.331055,-1.878906,0.752441,-0.075675,0.238217,-0.147087,chewing
5349665.0,-0.711914,1.844727,0.144531,-0.407421,0.078074,-0.044766,0.334961,-1.89209,0.756348,-0.075142,0.251807,-0.140959,chewing
5349675.0,-0.694336,1.854004,0.119629,-0.342138,0.045832,-0.006129,0.327637,-1.865234,0.760254,-0.055957,0.237951,-0.116444,chewing
5349685.0,-0.692383,1.852051,0.116211,-0.199047,-0.093528,0.034107,0.321777,-1.883789,0.729492,-0.041835,0.196116,-0.088732,chewing
5349695.0,-0.680176,1.856445,0.095703,0.09113,-0.33068,0.075409,0.341797,-1.878906,0.72998,-0.00906,0.106319,-0.016521,chewing
5349705.0,-0.671875,1.873535,0.167969,0.690404,-0.802052,0.282184,0.342773,-1.878906,0.758789,0.024515,0.058089,0.026646,chewing
5349715.0,-0.692871,1.880859,0.180664,0.381574,-0.580089,0.115911,0.319336,-1.870117,0.758301,0.011191,0.072478,-0.009593,chewing
5349725.0,-0.674316,1.871094,0.195801,0.149219,-0.249409,-0.009593,0.335938,-1.870117,0.75293,-0.017587,0.06475,-0.016254,chewing
5349735.0,-0.682129,1.851074,0.129883,0.18226,-0.077274,0.065017,0.326172,-1.879883,0.743652,-0.034374,0.07834,0.007727,chewing
5349745.0,-0.720703,1.791504,0.106934,0.017587,0.336542,0.063951,0.318359,-1.874023,0.737793,-0.033041,0.078074,-0.002665,chewing
5349755.0,-0.705078,1.841797,0.14209,0.128435,0.146021,0.13483,0.325684,-1.87793,0.729492,-0.040502,0.077008,-0.022116,chewing
5349765.0,-0.685547,1.840332,0.146484,0.147887,0.119109,0.148153,0.332031,-1.883789,0.728516,-0.017587,0.067681,-0.046098,chewing
5349775.0,-0.657227,1.844727,0.15332,0.136429,0.077807,0.099391,0.32373,-1.877441,0.73584,-0.003997,0.073544,-0.065816,chewing
5349785.0,-0.625,1.845703,0.154785,0.116711,0.06555,0.068214,0.324219,-1.880371,0.727051,-0.013856,0.067948,-0.063152,chewing
5349795.0,-0.634277,1.849121,0.148437,0.090064,0.037571,0.028778,0.320313,-1.87207,0.743652,-0.045299,0.068747,-0.040769,chewing
5349805.0,-0.632812,1.848145,0.159668,0.111115,-0.005063,-0.016254,0.320801,-1.888672,0.752441,-0.074876,0.067948,-0.024248,chewing
5349815.0,-0.649902,1.861328,0.155273,0.090597,-0.001066,-0.048496,0.333008,-1.883789,0.73877,-0.068481,0.059688,-0.020251,chewing
5349825.0,-0.666504,1.852539,0.151855,0.060753,0.021583,-0.079939,0.338867,-1.886719,0.738281,-0.07008,0.027446,-0.00826,chewing
5349835.0,-0.681152,1.862793,0.145508,-0.031975,0.119375,-0.077541,0.344238,-1.87207,0.746094,-0.054625,0.034907,-0.022383,chewing
5349845.0,-0.689453,1.856445,0.135254,-0.088732,0.199314,-0.075142,0.34082,-1.844727,0.76709,-0.045565,0.060221,-0.057822,chewing
5349855.0,-0.694824,1.857422,0.125977,-0.10925,0.25607,-0.057289,0.346191,-1.862793,0.760254,-0.050361,0.0866,-0.055691,chewing
5349865.0,-0.690918,1.85791,0.141113,-0.080738,0.249942,-0.026913,0.327637,-1.86377,0.758301,-0.05649,0.116444,-0.075142,chewing
5349875.0,-0.694824,1.862793,0.115234,-0.01359,0.219565,-0.003198,0.321777,-1.887695,0.748535,-0.062619,0.131366,-0.080472,chewing
5349885.0,-0.682129,1.875,0.115723,-0.01732,0.218233,-0.001865,0.316895,-1.876465,0.74707,-0.055158,0.137761,-0.101256,chewing
5349895.0,-0.663086,1.888672,0.103027,-0.00453,0.196916,0.000266,0.32666,-1.874023,0.751953,-0.055424,0.141492,-0.089531,chewing
5349905.0,-0.654785,1.898926,0.139648,-0.062885,0.213436,-0.00906,0.351563,-1.852539,0.774414,-0.087666,0.162009,-0.088199,chewing
5349915.0,-0.666504,1.895996,0.161133,-0.121773,0.218766,-0.058355,0.378906,-1.897461,0.76709,-0.182527,0.18306,-0.045032,chewing
5349925.0,-0.672852,1.897949,0.168945,-0.131899,0.2177,-0.062086,0.251465,-1.942383,0.508301,-0.366386,0.175066,-0.062352,chewing
5349935.0,-0.67334,1.883789,0.123535,0.211838,-0.024515,0.038637,0.345703,-1.854004,0.721191,-0.109516,0.036505,0.011991,chewing
5349945.0,-0.719238,1.851074,0.13916,0.229158,-0.085268,-0.022916,0.26709,-1.915527,0.708984,-0.064217,-0.142025,0.119109,chewing
5349955.0,-0.692383,1.870117,0.135742,0.239017,-0.090597,-0.075142,0.33252,-1.890625,0.727051,-0.074077,-0.171868,0.189188,chewing
5349965.0,-0.691406,1.855469,0.141113,0.295773,-0.094861,-0.04823,0.309082,-1.912598,0.730469,-0.088466,-0.125504,0.168671,chewing
5349975.0,-0.685059,1.869629,0.137695,0.247011,0.007194,0.001066,0.29248,-1.90332,0.737305,-0.10925,-0.05196,0.091397,chewing
5349985.0,-0.68457,1.865234,0.124023,0.233954,0.018652,0.055957,0.312012,-1.881836,0.756836,-0.109516,0.016521,0.041835,chewing
5349995.0,-0.673828,1.864746,0.135742,0.124172,0.116711,0.032242,0.31543,-1.872559,0.736816,-0.174799,0.044499,0.047697,chewing
5350005.0,-0.661133,1.868164,0.121582,0.036239,0.151351,0.023182,0.350098,-1.856445,0.710449,-0.191054,0.026913,0.088998,chewing
5350015.0,-0.664551,1.850098,0.125488,-0.00826,0.150551,-0.011991,0.360352,-1.848145,0.733398,-0.177464,0.025047,0.078606,chewing
5350025.0,-0.684082,1.835449,0.119141,0.000533,0.121773,-0.038637,0.342773,-1.863281,0.725586,-0.147087,-0.016521,0.094594,chewing
5350035.0,-0.690918,1.842773,0.119629,0.041568,0.092995,-0.06102,0.319824,-1.871094,0.745605,-0.113247,-0.028511,0.077274,chewing
5350045.0,-0.70459,1.84082,0.129883,0.057023,0.055957,-0.071678,0.314941,-1.885254,0.736328,-0.096992,-0.031443,0.067948,chewing
5350055.0,-0.723633,1.833984,0.131836,0.047697,0.053292,-0.058888,0.299316,-1.881836,0.750488,-0.087133,-0.022383,0.051694,chewing
5350065.0,-0.702148,1.84082,0.132324,0.033841,0.081538,-0.022116,0.29834,-1.887207,0.741699,-0.046098,-0.040769,0.038637,chewing
5350075.0,-0.699707,1.852539,0.132812,0.007194,0.102055,0.015721,0.305664,-1.883301,0.746094,0.002132,-0.04823,0.027712,chewing
5350085.0,-0.695801,1.847656,0.134277,0.017054,0.094061,0.025047,0.303223,-1.90332,0.705078,0.03091,-0.065816,-0.015455,chewing
5350095.0,-0.687012,1.859863,0.117676,-0.006395,0.054891,0.041035,0.334961,-1.887695,0.730469,0.125504,-0.091397,-0.017853,chewing
5350105.0,-0.687988,1.852539,0.153809,-0.117776,0.006928,-0.011191,0.314941,-1.89502,0.721191,0.142025,-0.104453,-0.023449,chewing
5350115.0,-0.638184,1.859863,0.187012,-0.178796,0.019718,-0.016254,0.334473,-1.895996,0.683594,0.176398,-0.045565,-0.100989,chewing
5350125.0,-0.62793,1.847656,0.161621,-0.054358,0.065283,0.041035,0.355469,-1.905762,0.714844,0.187323,0.023449,-0.134031,chewing
5350135.0,-0.629883,1.848145,0.160156,0.127902,-0.011191,0.113513,0.336426,-1.875,0.759766,0.192919,0.089265,-0.210772,chewing
5350145.0,-0.635742,1.872559,0.139648,0.31336,-0.133498,0.171602,0.310059,-1.824707,0.813477,0.173467,0.176931,-0.293109,chewing
5350155.0,-0.640625,1.895508,0.120117,0.285914,-0.170536,0.126836,0.275391,-1.836914,0.818848,0.155881,0.105519,-0.221963,chewing
5350165.0,-0.67041,1.901855,0.087891,0.096193,-0.13483,0.006928,0.265137,-1.905273,0.702148,0.069547,-0.01359,-0.084469,chewing
5350175.0,-0.727539,1.867676,0.093262,-0.204377,-0.062352,-0.143357,0.349121,-1.907715,0.705566,0.015721,0.005329,-0.00453,chewing
5350185.0,-0.727051,1.877441,0.105957,-0.284315,-0.059688,-0.165473,0.390625,-1.84375,0.776855,-0.062086,0.15215,-0.000266,chewing
5350195.0,-0.727539,1.86084,0.130371,-0.305632,0.022916,-0.111115,0.370117,-1.878906,0.748535,-0.052227,0.141492,-0.022916,chewing
5350205.0,-0.725098,1.858887,0.14502,-0.256337,0.088466,-0.016787,0.393066,-1.87207,0.734863,-0.061286,0.154548,-0.022116,chewing
5350215.0,-0.717285,1.870117,0.134277,-0.185191,0.141758,0.041302,0.340332,-1.87207,0.73877,-0.050095,0.170802,-0.037305,chewing
5350225.0,-0.700195,1.887207,0.125977,-0.08287,0.003997,0.086067,0.322266,-1.880371,0.73291,-0.022916,0.121773,-0.038637,chewing
5350235.0,-0.671387,1.88623,0.100098,0.262466,-0.284582,0.201446,0.320313,-1.882324,0.742676,-0.002132,0.0874,0.021317,chewing
5350245.0,-0.631836,1.928223,0.153809,0.596077,-0.572095,0.298971,0.297363,-1.872559,0.761719,0.000266,0.084735,0.041035,chewing
5350255.0,-0.696289,1.865723,0.1875,0.312827,-0.397296,0.098325,0.292969,-1.866211,0.785156,-0.050095,0.071678,0.049828,chewing
5350265.0,-0.648437,1.866699,0.197266,0.222763,-0.190254,0.036505,0.302734,-1.880371,0.748535,-0.092196,0.080738,0.081271,chewing
5350275.0,-0.666504,1.865234,0.125977,0.206775,-0.016787,0.060753,0.331055,-1.880859,0.744629,-0.117776,0.113779,0.042368,chewing
5350285.0,-0.665039,1.855957,0.074707,0.197182,0.232888,0.071678,0.335449,-1.879395,0.741211,-0.103654,0.115378,0.025047,chewing
5350295.0,-0.695801,1.836914,0.163086,0.169204,0.115911,0.095926,0.337402,-1.881348,0.723633,-0.09566,0.090597,0.026913,chewing
5350305.0,-0.691406,1.833496,0.147949,0.136162,0.078606,0.055424,0.353027,-1.884277,0.719238,-0.057023,0.046631,0.040769,chewing
5350315.0,-0.650879,1.845215,0.161621,0.118043,0.065283,0.040236,0.339355,-1.879883,0.723633,-0.02558,0.014655,-0.002665,chewing
5350325.0,-0.640137,1.852539,0.140625,0.094328,0.077274,0.04743,0.306152,-1.894043,0.731934,-0.019985,-0.006928,0.032242,chewing
5350335.0,-0.662598,1.845703,0.146484,0.103387,0.063152,0.018919,0.299316,-1.895508,0.727051,-0.038104,-0.021317,0.063152,chewing
5350345.0,-0.645508,1.858398,0.155273,0.10925,0.032508,-0.002665,0.291504,-1.89502,0.739746,-0.038637,-0.000799,0.050361,chewing
5350355.0,-0.662109,1.859375,0.134277,0.054625,0.019452,-0.019985,0.288086,-1.900391,0.732422,-0.047164,0.021317,0.016521,chewing
5350365.0,-0.679687,1.84668,0.140625,0.017853,0.0437,-0.015455,0.293457,-1.888184,0.746094,-0.044766,0.0429,-0.002665,chewing
5350375.0,-0.697266,1.853516,0.138184,0.00453,0.075675,-0.005596,0.315918,-1.87207,0.749512,-0.050361,0.049029,-0.032242,chewing
5350385.0,-0.682129,1.856934,0.14502,-0.034374,0.12204,-0.010392,0.32373,-1.866211,0.739258,-0.050894,0.060221,-0.035972,chewing
5350395.0,-0.692383,1.854004,0.131836,-0.060753,0.175066,-0.027979,0.349121,-1.867188,0.750977,-0.044233,0.060753,-0.0429,chewing
5350405.0,-0.69043,1.857422,0.134766,-0.070613,0.188922,-0.050628,0.346191,-1.858398,0.768066,-0.045032,0.070879,-0.034374,chewing
5350415.0,-0.692871,1.875977,0.118652,-0.033308,0.158545,-0.058355,0.344727,-1.874023,0.75,-0.027712,0.077008,-0.032242,chewing
5350425.0,-0.698242,1.871094,0.079102,-0.062619,0.209972,-0.081271,0.340332,-1.87207,0.767578,-0.03917,0.024515,0.008793,chewing
5350435.0,-0.677246,1.879395,0.177246,-0.087933,0.170802,-0.077008,0.318848,-1.880371,0.73584,-0.095127,0.108184,-0.044233,chewing
5350445.0,-0.69873,1.871094,0.133301,0.00906,0.107917,-0.033841,0.329102,-1.870117,0.742676,-0.072211,0.09113,-0.017587,chewing
5350455.0,-0.678223,1.902832,0.106934,0.048763,0.14309,-0.048496,0.288574,-1.901367,0.720703,-0.127636,0.12204,-0.024781,chewing
5350465.0,-0.714844,1.88916,0.100586,0.046098,0.098591,-0.021583,0.266602,-1.927246,0.69043,-0.029044,-0.035706,0.035173,chewing
5350475.0,-0.720215,1.864746,0.112305,0.098858,0.03464,-0.031176,0.298828,-1.888672,0.717285,-0.065816,-0.115911,0.14389,chewing
5350485.0,-0.691406,1.888184,0.111328,0.128701,0.008527,-0.00453,0.325195,-1.872559,0.733887,-0.125237,-0.081271,0.181994,chewing
5350495.0,-0.694824,1.85791,0.132812,0.190521,-0.029577,0.050894,0.327637,-1.869141,0.736328,-0.204643,0.004263,0.134297,chewing
5350505.0,-0.665039,1.869629,0.139648,0.232888,0.025314,0.109783,0.332031,-1.865234,0.730957,-0.245412,0.080472,0.07834,chewing
5350515.0,-0.652832,1.870117,0.131348,0.243014,0.030643,0.146021,0.337402,-1.871582,0.711914,-0.239283,0.098058,0.022649,chewing
5350525.0,-0.65625,1.869141,0.130371,0.219032,0.058622,0.141758,0.343262,-1.859863,0.725098,-0.193185,0.069014,0.02558,chewing
5350535.0,-0.635254,1.859863,0.094238,0.196649,0.022649,0.116444,0.334473,-1.872559,0.726562,-0.158812,0.045565,0.005596,chewing
5350545.0,-0.638672,1.870117,0.130371,0.104187,0.020251,0.045032,0.32959,-1.887695,0.721191,-0.158012,-0.000533,0.035972,chewing
5350555.0,-0.645996,1.862305,0.130859,0.00826,0.054092,-0.001865,0.334473,-1.894043,0.717285,-0.175599,0.019985,0.034107,chewing
5350565.0,-0.673828,1.854004,0.125977,-0.080205,0.092995,-0.031176,0.322754,-1.902832,0.737793,-0.179063,0.041835,0.002132,chewing
5350575.0,-0.679199,1.853516,0.129883,-0.061553,0.095127,-0.020518,0.306641,-1.896973,0.730469,-0.190521,0.062352,-0.065283,chewing
5350585.0,-0.701172,1.844727,0.121094,-0.071678,0.094594,0.008793,0.321777,-1.885254,0.734863,-0.14309,0.077541,-0.112181,chewing
5350595.0,-0.727051,1.841797,0.128418,-0.066882,0.068747,0.046098,0.316895,-1.888672,0.723145,-0.137228,0.117243,-0.22596,chewing
5350605.0,-0.710937,1.853516,0.11084,-0.084469,0.06928,0.070346,0.299805,-1.87793,0.722168,-0.076208,0.125504,-0.293109,chewing
5350615.0,-0.715332,1.864746,0.108887,-0.102588,0.053825,0.11298,0.289063,-1.883301,0.73291,-0.015988,0.08207,-0.307231,chewing
5350625.0,-0.708496,1.85791,0.130859,-0.10925,0.025314,0.14389,0.267578,-1.891602,0.74707,0.079939,0.037571,-0.328015,chewing
5350635.0,-0.687988,1.862793,0.135254,-0.172401,0.060487,0.306965,0.285156,-1.906738,0.70166,0.126303,0.018386,-0.346934,chewing
5350645.0,-0.681152,1.862305,0.140625,-0.203577,0.063418,0.252606,0.319824,-1.932617,0.707031,0.154548,0.021051,-0.365853,chewing
5350655.0,-0.664062,1.866211,0.162598,-0.187057,0.048763,0.277387,0.320801,-1.905273,0.720215,0.20038,0.010126,-0.365054,chewing
5350665.0,-0.68457,1.863281,0.161621,-0.161743,-0.005063,0.280851,0.319336,-1.916016,0.694336,0.196649,-0.034907,-0.300303,chewing
5350675.0,-0.571289,1.914551,0.179199,-0.187323,0.077807,0.184392,0.353516,-1.893066,0.698242,0.205975,-0.057556,-0.270726,chewing
5350685.0,-0.69043,1.843262,0.159668,-0.062885,-0.029311,0.157746,0.336426,-1.888672,0.714844,0.199047,-0.078606,-0.245945,chewing
5350695.0,-0.627441,1.891602,0.15332,0.073544,-0.148686,0.152949,0.332031,-1.878906,0.711914,0.241149,-0.089531,-0.241415,chewing
5350705.0,-0.623535,1.879883,0.151855,0.232089,-0.234221,0.130833,0.323242,-1.865234,0.732422,0.224095,-0.076208,-0.249675,chewing
5350715.0,-0.651855,1.888184,0.144043,0.183326,-0.13936,0.087666,0.313965,-1.864258,0.75,0.183859,-0.032242,-0.233155,chewing
5350725.0,-0.637207,1.904297,0.144531,0.017853,-0.05196,0.028511,0.4375,-1.812988,0.726074,0.106052,-0.028778,-0.18679,chewing
5350735.0,-0.688477,1.86084,0.112793,-0.073544,-0.006662,0.017587,0.347656,-1.862793,0.727051,0.061286,-0.050095,-0.127369,chewing
5350745.0,-0.684082,1.842773,0.133301,-0.18226,-0.004263,-0.018386,0.390625,-1.87207,0.737793,0.019985,-0.046364,-0.079139,chewing
5350755.0,-0.671387,1.868164,0.137695,-0.218499,0.010126,0.019985,0.403809,-1.830078,0.746094,-0.015188,0.115378,-0.102855,chewing
5350765.0,-0.672363,1.87793,0.143555,-0.31256,0.131899,0.013057,0.392578,-1.84082,0.760254,0.001865,0.081804,-0.050628,chewing
5350775.0,-0.672852,1.856934,0.128418,-0.275522,0.097259,0.070879,0.392578,-1.822754,0.782715,-0.022116,0.124172,-0.077807,chewing
5350785.0,-0.661621,1.883301,0.138184,-0.270726,0.059954,0.044766,0.349121,-1.853027,0.757812,-0.011724,0.166806,-0.090331,chewing
5350795.0,-0.629395,1.867188,0.157227,-0.167871,-0.167605,0.145222,0.349609,-1.859375,0.754883,0.03011,0.151084,-0.082603,chewing
5350805.0,-0.617187,1.868164,0.099609,0.253139,-0.333345,0.20038,0.347656,-1.879395,0.730957,0.024248,0.110582,-0.040502,chewing
5350815.0,-0.650391,1.850586,0.164062,0.760217,-0.728242,0.392233,0.351074,-1.895996,0.742676,0.027179,0.067681,0.003464,chewing
5350825.0,-0.666504,1.82666,0.168457,0.270459,-0.371982,0.103121,0.342773,-1.874023,0.77002,-0.013057,0.064217,-0.018119,chewing
5350835.0,-0.586914,1.842773,0.083984,0.240882,-0.213436,0.071412,0.348633,-1.881836,0.744629,-0.055424,0.060487,0.009593,chewing
5350845.0,-0.686035,1.839844,0.318848,-0.038104,0.223029,-0.065816,0.355957,-1.882324,0.746582,-0.063951,0.057289,0.02638,chewing
5350855.0,-0.647461,1.868164,0.151855,0.065816,0.134564,0.050628,0.356445,-1.87793,0.730957,-0.055957,0.053026,0.021317,chewing
5350865.0,-0.656738,1.872559,0.141113,0.099124,0.125504,0.094594,0.36084,-1.867188,0.727539,-0.016521,0.043167,0.025314,chewing
5350875.0,-0.632324,1.856445,0.146484,0.071412,0.094061,0.068481,0.351074,-1.877441,0.735352,0.005329,0.01279,0.016787,chewing
5350885.0,-0.61377,1.869141,0.150879,0.052493,0.087933,0.006395,0.361328,-1.872559,0.725098,0.012257,0.01279,0.028245,chewing
5350895.0,-0.611816,1.859863,0.162109,0.004263,0.093528,-0.01279,0.361816,-1.868652,0.737305,0.00453,0.012257,0.034907,chewing
5350905.0,-0.625,1.87207,0.140625,-0.042634,0.10845,-0.029311,0.352539,-1.869629,0.744629,-0.019185,0.023982,0.03464,chewing
5350915.0,-0.64502,1.875488,0.14502,0.01359,0.103654,-0.020251,0.339355,-1.879395,0.759766,-0.033041,0.033308,0.007461,chewing
5350925.0,-0.666504,1.874023,0.149414,0.026646,0.075409,-0.000266,0.335449,-1.883789,0.750488,-0.035972,0.030643,-0.001865,chewing
5350935.0,-0.680176,1.866211,0.142578,0.03917,0.093795,0.006129,0.353027,-1.873047,0.746094,-0.018119,0.028245,-0.022383,chewing
5350945.0,-0.666504,1.883301,0.13916,-0.009326,0.140426,0.016521,0.364258,-1.845703,0.762207,-0.012257,0.058089,-0.023182,chewing
5350955.0,-0.683594,1.860352,0.149414,-0.023182,0.201979,-0.000799,0.375,-1.848145,0.766602,-0.015455,0.069547,-0.037038,chewing
5350965.0,-0.652344,1.874512,0.150391,-0.06475,0.230757,0.000266,0.368652,-1.849121,0.773437,-0.024781,0.076475,-0.039703,chewing
5350975.0,-0.652344,1.87207,0.138672,-0.023715,0.204643,-0.02558,0.348145,-1.862793,0.758789,-0.046364,0.104453,-0.051694,chewing
5350985.0,-0.638672,1.887695,0.138184,0.031176,0.167072,0.006928,0.375488,-1.860352,0.771973,-0.059954,0.093262,-0.031975,chewing
5350995.0,-0.628418,1.885254,0.125488,0.083136,0.137495,0.046098,0.355469,-1.867188,0.734863,-0.064217,0.103654,-0.033308,chewing
5351005.0,-0.649902,1.896973,0.146484,0.081271,0.187057,0.057289,0.383301,-1.865234,0.773437,-0.072744,0.066616,0.055158,chewing
5351015.0,-0.633789,1.889648,0.142578,0.170802,0.16494,0.103387,0.334473,-1.885742,0.709473,-0.168404,0.09113,0.033041,chewing
5351025.0,-0.596191,1.90918,0.104004,0.115378,0.17773,0.060221,0.404297,-1.896484,0.707031,-0.186524,0.054092,0.125237,chewing
5351035.0,-0.65332,1.86377,0.098145,0.372781,-0.016254,0.136429,0.29834,-1.913086,0.703125,-0.113513,-0.052493,0.083403,chewing
5351045.0,-0.669434,1.850586,0.123047,0.358925,-0.106052,0.100989,0.347656,-1.893555,0.708008,-0.131632,-0.136429,0.179862,chewing
5351055.0,-0.578125,1.911621,0.141113,0.398628,-0.059954,0.064484,0.343262,-1.913574,0.705566,-0.227292,-0.103121,0.271525,chewing
5351065.0,-0.659668,1.884766,0.140625,0.269394,-0.048496,0.073277,0.342285,-1.914551,0.722656,-0.270992,-0.077274,0.263531,chewing
5351075.0,-0.643555,1.833984,0.133789,0.282717,-0.028778,0.098858,0.350098,-1.87207,0.739746,-0.309363,-0.019185,0.223296,chewing
5351085.0,-0.641113,1.88623,0.17041,0.154815,0.021317,0.066349,0.343262,-1.85498,0.741211,-0.336542,0.011458,0.158012,chewing
5351095.0,-0.625977,1.876465,0.134277,0.120708,0.048763,0.06475,0.362305,-1.85498,0.727539,-0.337075,0.023715,0.163341,chewing
5351105.0,-0.622559,1.883301,0.130371,0.045032,0.062885,0.028245,0.362793,-1.850586,0.720215,-0.258735,-0.001066,0.163874,chewing
5351115.0,-0.652344,1.872559,0.125,-0.076741,0.117776,-0.052493,0.34668,-1.880371,0.712891,-0.244879,-0.003997,0.136429,chewing
5351125.0,-0.65332,1.874023,0.135742,-0.083136,0.105253,-0.063152,0.334961,-1.911133,0.714355,-0.187323,-0.046098,0.149485,chewing
5351135.0,-0.67334,1.873047,0.132812,-0.061819,0.118576,-0.063685,0.330078,-1.912109,0.709961,-0.175865,-0.061286,0.127103,chewing
5351145.0,-0.677246,1.870117,0.141113,0.009326,0.097792,-0.029844,0.328613,-1.893555,0.738281,-0.140159,-0.076475,0.096193,chewing
5351155.0,-0.684082,1.859863,0.121094,0.049828,0.102855,0.017853,0.316895,-1.874023,0.725098,-0.134564,-0.046897,0.055691,chewing
5351165.0,-0.664062,1.862793,0.13916,0.047963,0.14389,0.046631,0.315918,-1.868164,0.724121,-0.096992,-0.012257,0.014123,chewing
5351175.0,-0.655762,1.870117,0.142578,0.043167,0.135629,0.070346,0.329102,-1.86084,0.743164,-0.034907,-0.001865,-0.041302,chewing
5351185.0,-0.63623,1.868652,0.128906,0.071412,0.132165,0.086867,0.319336,-1.879883,0.732422,0.015455,-0.000533,-0.101522,chewing
5351195.0,-0.634277,1.872559,0.128906,0.108184,0.072744,0.087666,0.344238,-1.892578,0.705078,0.103387,-0.028245,-0.157746,chewing
5351205.0,-0.606445,1.887695,0.147949,0.133498,0.007461,0.102588,0.351563,-1.881348,0.725586,0.212371,-0.055158,-0.208374,chewing
5351215.0,-0.615723,1.904785,0.144531,0.019452,-0.036239,0.070613,0.371582,-1.875977,0.735352,0.272058,-0.059421,-0.205176,chewing
5351225.0,-0.628906,1.887695,0.174316,-0.156946,-0.037838,0.035173,0.364258,-1.894043,0.682129,0.294974,-0.003198,-0.225694,chewing
5351235.0,-0.60498,1.84375,0.169434,-0.105253,-0.053292,0.045832,0.364746,-1.928711,0.697266,0.390101,-0.016254,-0.212371,chewing
5351245.0,-0.59668,1.854492,0.181152,0.14389,-0.14762,0.115911,0.366699,-1.881836,0.741699,0.407421,0.042101,-0.311228,chewing
5351255.0,-0.596191,1.875,0.148926,0.245412,-0.180395,0.149752,0.325684,-1.870117,0.739258,0.371449,0.093528,-0.36159,chewing
5351265.0,-0.62793,1.897949,0.136719,-0.067149,-0.004263,0.022116,0.283691,-1.902344,0.674805,0.248343,0.043167,-0.257403,chewing
5351275.0,-0.658691,1.898926,0.117676,-0.32242,0.060753,-0.110848,0.34375,-1.870605,0.693359,0.150285,-0.009326,-0.118309,chewing
5351285.0,-0.67041,1.897949,0.087402,-0.431403,0.043433,-0.210505,0.364746,-1.85498,0.741699,0.048496,0.014922,-0.02185,chewing
5351295.0,-0.678711,1.876465,0.101074,-0.410619,-0.002132,-0.162276,0.379395,-1.83252,0.787109,-0.047164,0.191054,-0.102588,chewing
5351305.0,-0.653809,1.890625,0.147949,-0.362655,0.041835,-0.092462,0.383789,-1.865234,0.745605,-0.053825,0.221164,-0.103387,chewing
5351315.0,-0.649902,1.890137,0.145996,-0.229424,0.025314,0.014922,0.374023,-1.861328,0.762695,-0.060487,0.306165,-0.141492,chewing
5351325.0,-0.668457,1.890137,0.14209,-0.085534,-0.032508,0.126303,0.356445,-1.864258,0.727539,-0.027979,0.280851,-0.154815,chewing
5351335.0,-0.661621,1.897949,0.113281,0.236885,-0.270459,0.247277,0.36377,-1.866211,0.727539,0.025847,0.181194,-0.085268,chewing
5351345.0,-0.638672,1.882324,0.058105,0.595011,-0.539587,0.37811,0.365723,-1.880371,0.751465,0.044766,0.086334,0.020251,chewing
5351355.0,-0.67627,1.87207,0.274414,0.134031,-0.237152,0.102855,0.328613,-1.870605,0.76709,0.012524,0.059155,0.037571,chewing
5351365.0,-0.613281,1.876465,0.197754,0.075409,-0.066349,0.048763,0.337402,-1.895508,0.734375,-0.024248,0.039703,0.067149,chewing
5351375.0,-0.628418,1.869629,0.161621,0.157746,-0.000533,0.096726,0.350098,-1.892578,0.727539,-0.071678,0.054625,0.059421,chewing
5351385.0,-0.628906,1.862793,0.175293,0.084735,0.2177,0.028511,0.351074,-1.883789,0.752441,-0.089798,0.086067,0.034374,chewing
5351395.0,-0.607422,1.866699,0.14502,0.171069,0.043966,0.105253,0.35791,-1.868652,0.743652,-0.082337,0.090864,0.011458,chewing
5351405.0,-0.618164,1.862793,0.146973,0.139093,0.083669,0.090331,0.369629,-1.857422,0.736816,-0.062885,0.071945,0.006395,chewing
5351415.0,-0.628906,1.850586,0.166016,0.045299,0.098858,0.077008,0.363281,-1.855957,0.742676,-0.028245,0.047963,-0.02638,chewing
5351425.0,-0.627441,1.838867,0.161133,0.042634,0.102855,0.045299,0.365234,-1.871094,0.737793,-0.022383,0.020784,-0.017587,chewing
5351435.0,-0.632324,1.847168,0.162109,0.03464,0.105786,0.035972,0.347656,-1.871582,0.744141,-0.02185,0.019718,0.002132,chewing
5351445.0,-0.624512,1.84375,0.145508,0.059421,0.072211,-0.00373,0.333496,-1.883301,0.740723,-0.023715,0.009593,0.022916,chewing
5351455.0,-0.647949,1.857422,0.156738,0.008793,0.111914,-0.010126,0.331055,-1.893066,0.742676,-0.024781,0.029577,0.015988,chewing
5351465.0,-0.623535,1.87793,0.155762,-0.0437,0.157479,-0.020251,0.34082,-1.875488,0.763184,-0.035173,0.067149,-0.003997,chewing
5351475.0,-0.639648,1.864258,0.152832,-0.058355,0.199314,-0.019985,0.341797,-1.863281,0.751953,-0.037838,0.119908,-0.065283,chewing
5351485.0,-0.648437,1.881348,0.138672,-0.024781,0.177997,-0.033841,0.357422,-1.859863,0.758301,-0.050628,0.154282,-0.061819,chewing
5351495.0,-0.61377,1.894043,0.148437,-0.039703,0.192919,-0.062352,0.354492,-1.868652,0.731934,-0.06555,0.152949,-0.093262,chewing
5351505.0,-0.619629,1.893555,0.127441,0.02558,0.1303,-0.053026,0.380371,-1.874023,0.723145,-0.051161,0.121507,-0.051161,chewing
5351515.0,-0.617187,1.889648,0.134766,0.011458,0.1311,-0.063685,0.374512,-1.87793,0.731445,-0.051694,0.083403,-0.03011,chewing
5351525.0,-0.632812,1.905762,0.160156,-0.020518,0.152417,-0.081804,0.378906,-1.880371,0.726074,-0.043966,0.053559,0.033041,chewing
5351535.0,-0.625977,1.898926,0.125977,-0.007461,0.132965,-0.059954,0.373535,-1.873047,0.750977,-0.036505,0.050628,0.005063,chewing
5351545.0,-0.630371,1.916992,0.154297,-0.018652,0.118043,-0.041835,0.35498,-1.886719,0.739746,-0.083403,0.061286,0.02185,chewing
5351555.0,-0.63623,1.92041,0.197266,-0.15215,0.212104,-0.082337,0.380859,-1.903809,0.580566,-0.377311,0.157213,0.151351,chewing
5351565.0,-0.594238,1.937988,0.098145,0.192386,0.078606,0.028245,0.357422,-1.854004,0.755371,-0.142824,0.081538,0.072478,chewing
5351575.0,-0.694336,1.864258,0.129395,0.273124,-0.099923,0.044766,0.237793,-1.89502,0.712402,-0.024781,-0.040502,0.060753,chewing
5351585.0,-0.691406,1.861816,0.137695,0.251807,-0.092995,-0.062352,0.321777,-1.902344,0.691406,-0.061286,-0.143357,0.243547,chewing
5351595.0,-0.655762,1.873047,0.142578,0.24781,-0.082603,-0.078606,0.366699,-1.891113,0.730469,-0.114579,-0.102588,0.280052,chewing
5351605.0,-0.65918,1.892578,0.14502,0.282717,-0.013856,-0.014389,0.332031,-1.888672,0.746094,-0.190787,0.025047,0.157746,chewing
5351615.0,-0.635742,1.875977,0.135254,0.217966,0.065017,0.066349,0.343262,-1.884766,0.73584,-0.236086,0.097525,0.095926,chewing
5351625.0,-0.611816,1.885742,0.132324,0.142025,0.158545,0.088466,0.367188,-1.875,0.714844,-0.291776,0.132965,0.044499,chewing
5351635.0,-0.594238,1.882324,0.132812,0.083136,0.226493,0.06475,0.373535,-1.861328,0.702637,-0.262199,0.110049,0.061819,chewing
5351645.0,-0.59375,1.887695,0.120117,0.018919,0.214502,-0.000799,0.353516,-1.844238,0.726074,-0.223562,0.081538,0.083136,chewing
5351655.0,-0.614258,1.887695,0.123535,0.030643,0.111914,-0.055957,0.345215,-1.878906,0.739746,-0.152417,0.002931,0.10925,chewing
5351665.0,-0.625,1.878418,0.122559,0.011991,0.054092,-0.091663,0.335938,-1.881836,0.75293,-0.076741,-0.049029,0.104453,chewing
5351675.0,-0.665527,1.869629,0.124512,-0.017054,0.049828,-0.090064,0.310059,-1.897949,0.731934,-0.041035,-0.071145,0.077274,chewing
5351685.0,-0.673828,1.850098,0.148926,-0.024781,0.054625,-0.066083,0.328125,-1.904297,0.728516,-0.007461,-0.078873,0.047164,chewing
5351695.0,-0.67041,1.856934,0.124512,-0.005329,0.072478,-0.018386,0.349609,-1.883789,0.736816,0.044499,-0.050095,-0.016521,chewing
5351705.0,-0.668457,1.85791,0.131348,0.031443,0.067681,0.034907,0.339355,-1.887207,0.739258,0.087666,-0.050894,-0.047697,chewing
5351715.0,-0.657715,1.870117,0.14209,0.04743,0.013856,0.033041,0.337891,-1.874023,0.747559,0.153749,-0.065017,-0.061286,chewing
5351725.0,-0.646973,1.87793,0.157227,-0.020251,-0.01732,0.000266,0.320313,-1.900879,0.669434,0.125504,-0.069813,-0.047697,chewing
5351735.0,-0.615234,1.874023,0.150879,-0.023982,-0.022916,0.017587,0.355469,-1.890137,0.73291,0.191853,-0.00453,-0.123639,chewing
5351745.0,-0.589844,1.862793,0.154785,0.10019,-0.06102,0.085534,0.352051,-1.890625,0.762695,0.211038,0.0866,-0.21317,chewing
5351755.0,-0.57959,1.883301,0.140137,0.330413,-0.184925,0.161743,0.32959,-1.824219,0.810059,0.212371,0.18306,-0.302435,chewing
5351765.0,-0.612305,1.896484,0.131836,0.285914,-0.189988,0.119109,0.27832,-1.871582,0.751465,0.187856,0.103387,-0.294708,chewing
5351775.0,-0.62793,1.899414,0.132324,0.092729,-0.12124,0.042368,0.324219,-1.902832,0.690918,0.165473,0.0,-0.166806,chewing
5351785.0,-0.658691,1.897949,0.11084,-0.153749,-0.037038,-0.08207,0.373535,-1.892578,0.691406,0.137228,-0.036772,-0.072211,chewing
5351795.0,-0.688965,1.888184,0.104004,-0.264864,-0.006129,-0.151884,0.409668,-1.862793,0.736328,0.088199,-0.10392,0.023982,chewing
5351805.0,-0.69043,1.884277,0.095215,-0.304034,0.028245,-0.145222,0.40918,-1.831055,0.772949,-0.017587,0.001599,0.069014,chewing
5351815.0,-0.655273,1.869629,0.144043,-0.269127,0.064484,-0.062086,0.380859,-1.896973,0.745605,-0.081005,0.075675,0.059954,chewing
5351825.0,-0.648926,1.875488,0.137207,-0.167338,0.081005,0.020784,0.379883,-1.880859,0.744629,-0.081271,0.126303,0.044766,chewing
5351835.0,-0.632324,1.905273,0.108887,0.023449,-0.005329,0.069014,0.339844,-1.866211,0.731934,-0.094594,0.181994,-0.037838,chewing
5351845.0,-0.615723,1.896973,0.104004,0.369051,-0.309629,0.19958,0.341309,-1.869141,0.737305,-0.058089,0.171335,0.002665,chewing
5351855.0,-0.626953,1.938965,0.190918,0.72611,-0.742364,0.29524,0.333984,-1.857422,0.755371,-0.028778,0.099391,0.063418,chewing
5351865.0,-0.623047,1.862793,0.165527,0.145755,-0.193452,0.006662,0.340332,-1.849121,0.760742,-0.06928,0.059954,0.092729,chewing
5351875.0,-0.608887,1.850098,0.17334,0.106319,-0.033841,-0.054358,0.344238,-1.877441,0.723633,-0.133231,0.049562,0.118043,chewing
5351885.0,-0.637695,1.838379,0.114746,0.435666,-0.124172,0.157479,0.351074,-1.894043,0.731934,-0.153482,0.058355,0.114845,chewing
5351895.0,-0.671387,1.853027,0.17041,0.076208,0.17027,0.078873,0.347656,-1.882324,0.727539,-0.159877,0.074343,0.090064,chewing
5351905.0,-0.642578,1.864258,0.134766,0.139093,0.12124,0.073277,0.365723,-1.879883,0.733887,-0.143623,0.111115,0.047963,chewing
5351915.0,-0.623047,1.863281,0.150879,0.087933,0.113247,0.049029,0.374023,-1.883789,0.717773,-0.110315,0.09566,0.01359,chewing
5351925.0,-0.594238,1.874512,0.144531,0.058089,0.126303,0.02558,0.343262,-1.871582,0.733887,-0.090331,0.078606,0.012524,chewing
5351935.0,-0.603516,1.872559,0.148926,0.05276,0.104986,0.005596,0.343262,-1.881836,0.731445,-0.054092,0.054891,0.028511,chewing
5351945.0,-0.579102,1.870117,0.148926,0.057556,0.093795,-0.017853,0.336426,-1.891113,0.727051,-0.019452,0.046098,0.029044,chewing
5351955.0,-0.605469,1.869141,0.143555,0.067415,0.0437,-0.059421,0.326172,-1.891113,0.739746,0.001066,0.040769,-0.015188,chewing
5351965.0,-0.620117,1.866699,0.144531,0.034374,0.021583,-0.092995,0.317383,-1.884766,0.736816,0.004263,0.057023,-0.039703,chewing
5351975.0,-0.633789,1.875488,0.139648,-0.02185,0.07834,-0.114312,0.324707,-1.887207,0.741211,0.013856,0.080205,-0.087666,chewing
5351985.0,-0.661133,1.859375,0.14502,-0.066882,0.12657,-0.088998,0.33252,-1.871094,0.745605,-0.003464,0.111381,-0.097525,chewing
5351995.0,-0.668457,1.864746,0.126953,-0.100989,0.194784,-0.068214,0.347656,-1.87207,0.734863,-0.010925,0.114046,-0.080472,chewing
5352005.0,-0.668945,1.880859,0.132812,-0.081005,0.207041,-0.054625,0.352051,-1.866211,0.73877,-0.041035,0.158545,-0.092729,chewing
5352015.0,-0.665527,1.881836,0.129883,-0.045832,0.203311,-0.031709,0.365234,-1.881348,0.722168,-0.040769,0.158545,-0.106319,chewing
5352025.0,-0.646484,1.897461,0.10791,-0.081271,0.223562,-0.031443,0.347168,-1.864746,0.708496,-0.021583,0.164407,-0.135629,chewing
5352035.0,-0.644043,1.897949,0.111328,-0.086067,0.194518,-0.005063,0.341797,-1.866211,0.713379,0.004263,0.120441,-0.110582,chewing
5352045.0,-0.644043,1.921875,0.120117,-0.173467,0.237951,-0.066882,0.457031,-1.802246,0.855469,0.005063,0.140426,-0.034374,chewing
5352055.0,-0.625977,1.898926,0.135254,-0.1303,0.179329,-0.039703,0.335449,-1.885742,0.717285,-0.028511,0.11751,-0.081005,chewing
5352065.0,-0.602051,1.911133,0.131348,-0.332545,0.257136,-0.102055,0.427734,-1.84082,0.8125,-0.080472,0.097792,0.099124,chewing
5352075.0,-0.621582,1.869629,0.099609,0.102055,-0.007194,0.084202,0.280273,-1.884277,0.79541,-0.059688,0.094861,-0.06555,chewing
5352085.0,-0.692383,1.849609,0.133789,0.276855,-0.156413,0.057822,0.262207,-1.910645,0.705078,-0.034374,-0.006928,0.000533,chewing
5352095.0,-0.666504,1.883789,0.125,0.314426,-0.166806,0.020518,0.318848,-1.907715,0.713867,-0.118576,-0.016787,0.142824,chewing
5352105.0,-0.669922,1.890625,0.138672,0.296573,-0.158545,0.02558,0.327148,-1.911621,0.722656,-0.16947,0.010925,0.167605,chewing
5352115.0,-0.669434,1.864258,0.116211,0.238217,-0.068214,0.069014,0.321777,-1.893555,0.72998,-0.251274,0.075942,0.154015,chewing
5352125.0,-0.638672,1.852051,0.11377,0.237685,0.005596,0.090864,0.352539,-1.868164,0.726074,-0.273657,0.083403,0.110315,chewing
5352135.0,-0.620117,1.879395,0.121582,0.205443,0.07008,0.09193,0.386719,-1.847168,0.71875,-0.264064,0.116977,0.045832,chewing
5352145.0,-0.628418,1.873047,0.137695,0.143623,0.123639,0.054358,0.351563,-1.862305,0.699707,-0.251008,0.103121,0.054358,chewing
5352155.0,-0.625977,1.883301,0.143066,0.090064,0.129767,0.01732,0.343262,-1.882813,0.703613,-0.188389,0.043167,0.076475,chewing
5352165.0,-0.647949,1.859863,0.131836,0.065816,0.097525,-0.02638,0.32373,-1.871094,0.711914,-0.177997,-0.012524,0.13483,chewing
5352175.0,-0.65625,1.856934,0.128906,0.038637,0.088998,-0.058355,0.310059,-1.908203,0.728027,-0.171602,-0.038637,0.159877,chewing
5352185.0,-0.682617,1.84668,0.108887,0.036239,0.052227,-0.062619,0.310059,-1.898438,0.75293,-0.149219,-0.033308,0.13483,chewing
5352195.0,-0.669922,1.858887,0.12207,0.034107,0.038904,-0.060753,0.31543,-1.900879,0.744629,-0.158545,-0.009593,0.112714,chewing
5352205.0,-0.666992,1.850586,0.115723,0.026913,0.061286,-0.009326,0.320801,-1.896484,0.73291,-0.179063,0.03544,0.040502,chewing
5352215.0,-0.651367,1.85791,0.126953,0.049828,0.074609,0.031709,0.329102,-1.879883,0.753906,-0.150818,0.063685,-0.009593,chewing
5352225.0,-0.650391,1.87207,0.123535,0.048496,0.075409,0.039436,0.348145,-1.873047,0.728516,-0.110582,0.058888,-0.058089,chewing
5352235.0,-0.63623,1.864746,0.133789,0.08207,0.053825,0.03544,0.348145,-1.871582,0.706055,-0.046631,0.025314,-0.086867,chewing
5352245.0,-0.631836,1.875977,0.120117,0.123372,0.010925,0.028778,0.347168,-1.885742,0.706055,0.042634,-0.028245,-0.099124,chewing
5352255.0,-0.644531,1.879395,0.126953,0.179596,-0.044766,0.057023,0.343262,-1.869141,0.731934,0.157479,-0.093795,-0.14389,chewing
5352265.0,-0.648926,1.885254,0.134277,0.185458,-0.082603,0.075942,0.316406,-1.89502,0.73877,0.225694,-0.144156,-0.161476,chewing
5352275.0,-0.654785,1.894043,0.144043,0.07834,-0.111648,0.050894,0.308105,-1.925293,0.666504,0.231822,-0.19585,-0.121773,chewing
5352285.0,-0.64502,1.873535,0.142578,-0.019718,-0.090331,0.03091,0.373047,-1.887695,0.734863,0.285381,-0.092462,-0.128168,chewing
5352295.0,-0.61377,1.868652,0.174316,0.041568,-0.069014,0.074876,0.349121,-1.892578,0.741699,0.296839,0.033574,-0.234221,chewing
5352305.0,-0.598145,1.866211,0.170898,0.171868,-0.120175,0.115378,0.311035,-1.922363,0.6875,0.305366,0.087133,-0.310962,chewing
5352315.0,-0.597168,1.86377,0.152344,0.318956,-0.173467,0.11298,0.342773,-1.883301,0.700684,0.329881,0.07381,-0.299237,chewing
5352325.0,-0.604492,1.895508,0.126465,0.134564,-0.058089,0.047697,0.327148,-1.86377,0.727539,0.264064,0.072211,-0.243014,chewing
5352335.0,-0.618652,1.899902,0.111328,-0.032242,-0.040769,-0.027979,0.323242,-1.86377,0.733887,0.235286,-0.049029,-0.138294,chewing
5352345.0,-0.657227,1.899902,0.101074,-0.209706,0.002132,-0.116977,0.342773,-1.88623,0.678711,0.14389,-0.132165,0.006129,chewing
5352355.0,-0.683105,1.877441,0.109375,-0.27872,0.0437,-0.173201,0.378906,-1.890625,0.694336,0.096992,-0.120974,0.080205,chewing
5352365.0,-0.686523,1.870117,0.107422,-0.255271,0.009326,-0.1303,0.41748,-1.82666,0.773926,0.037305,0.031176,0.02638,chewing
5352375.0,-0.646973,1.875488,0.107422,-0.235553,0.080205,-0.02558,0.38623,-1.865723,0.748047,-0.048763,0.089798,0.006129,chewing
5352385.0,-0.644043,1.87207,0.142578,-0.197982,0.126303,0.031443,0.395508,-1.875488,0.750488,-0.036772,0.104187,0.017853,chewing
5352395.0,-0.604004,1.870605,0.134277,-0.132965,0.092995,0.076741,0.365723,-1.86377,0.737305,-0.040502,0.148953,-0.002132,chewing
5352405.0,-0.602051,1.89502,0.114258,-0.041035,0.047164,0.119375,0.348633,-1.86084,0.753418,-0.028778,0.142557,0.010126,chewing
5352415.0,-0.611816,1.870117,0.114258,0.211038,-0.155348,0.18759,0.322266,-1.867676,0.748047,-0.038371,0.120974,0.039703,chewing
5352425.0,-0.605957,1.901367,0.079102,0.545982,-0.475103,0.241948,0.343262,-1.867188,0.768066,-0.019718,0.091397,0.078074,chewing
5352435.0,-0.660645,1.881348,0.236328,0.259002,-0.337075,0.051427,0.318359,-1.868652,0.773926,-0.06555,0.096193,0.062619,chewing
5352445.0,-0.621582,1.854492,0.178711,0.096726,-0.098858,-0.063951,0.317871,-1.867676,0.742676,-0.136162,0.106052,0.06475,chewing
5352455.0,-0.624512,1.810547,0.019531,0.702662,-0.398628,0.228358,0.360352,-1.888672,0.733887,-0.171602,0.137495,0.067415,chewing
5352465.0,-0.666016,1.849609,0.122559,0.05649,0.154815,0.026646,0.367676,-1.87793,0.728516,-0.186524,0.116444,0.056224,chewing
5352475.0,-0.640137,1.859863,0.116699,0.083669,0.154282,0.046098,0.373047,-1.867676,0.717285,-0.158545,0.091397,0.062352,chewing
5352485.0,-0.65625,1.860352,0.134277,0.089265,0.096459,0.01359,0.374023,-1.862305,0.733398,-0.130567,0.053825,0.068747,chewing
5352495.0,-0.633789,1.867676,0.139648,0.066083,0.079139,-0.019718,0.360352,-1.867676,0.717773,-0.09193,0.015988,0.072478,chewing
5352505.0,-0.616211,1.862793,0.136719,0.01359,0.077541,-0.031975,0.335938,-1.874512,0.734375,-0.080472,0.003198,0.096193,chewing
5352515.0,-0.622559,1.873047,0.148926,0.037571,0.071145,-0.045032,0.318848,-1.88916,0.733887,-0.081804,0.023182,0.084735,chewing
5352525.0,-0.620117,1.877441,0.143066,0.065816,0.032242,-0.060753,0.300293,-1.908203,0.741699,-0.097259,0.039703,0.065017,chewing
5352535.0,-0.631836,1.87793,0.126465,0.090597,0.006129,-0.049828,0.314941,-1.901855,0.751465,-0.112714,0.063418,0.050361,chewing
5352545.0,-0.63623,1.875,0.122559,0.090064,0.024781,-0.037838,0.30957,-1.884766,0.742187,-0.12577,0.068747,0.006129,chewing
5352555.0,-0.645508,1.881348,0.11377,0.090331,0.057289,-0.017853,0.337402,-1.872559,0.744629,-0.120708,0.075409,-0.007994,chewing
5352565.0,-0.671387,1.864258,0.120605,0.069014,0.090331,0.003997,0.34082,-1.861328,0.736816,-0.098591,0.083136,-0.025047,chewing
5352575.0,-0.661621,1.865234,0.143555,0.038637,0.12577,-0.015721,0.35498,-1.860352,0.749512,-0.054891,0.071945,-0.027979,chewing
5352585.0,-0.663574,1.859375,0.130859,0.017853,0.1311,-0.017054,0.359375,-1.863281,0.767578,-0.042634,0.094061,-0.031443,chewing
5352595.0,-0.660645,1.86084,0.132324,0.034107,0.113513,-0.018919,0.339844,-1.881348,0.75293,-0.038637,0.122306,-0.066349,chewing
5352605.0,-0.655273,1.878418,0.109375,-0.00453,0.132432,0.002132,0.352051,-1.888184,0.762207,-0.031176,0.127103,-0.049562,chewing
5352615.0,-0.640137,1.884766,0.105469,0.057556,0.068481,0.053825,0.322754,-1.884766,0.742187,-0.098325,0.156413,-0.054092,chewing
5352625.0,-0.617187,1.891113,0.033691,0.075942,0.099923,0.043433,0.385742,-1.857422,0.788574,-0.166539,0.144156,0.049828,chewing
5352635.0,-0.647461,1.876953,0.097656,0.194784,0.035173,0.076475,0.274414,-1.943359,0.678223,-0.214769,0.149485,-0.029844,chewing
5352645.0,-0.627441,1.902832,0.135742,0.193985,-0.055691,0.080205,0.34668,-1.852051,0.667969,-0.159345,0.039969,0.0437,chewing
5352655.0,-0.634277,1.90332,0.12207,0.179063,-0.023449,0.07381,0.366699,-1.85791,0.72168,-0.160943,0.021317,0.110315,chewing
5352665.0,-0.686035,1.869629,0.124512,0.204643,-0.038904,0.045565,0.287598,-1.905273,0.65625,-0.188922,-0.035972,0.124704,chewing
5352675.0,-0.674316,1.88916,0.101074,0.249142,-0.084202,0.029311,0.324707,-1.897461,0.699707,-0.15668,-0.148153,0.247544,chewing
5352685.0,-0.678711,1.866211,0.123047,0.22143,-0.087133,0.032508,0.324707,-1.891602,0.727051,-0.199847,-0.149485,0.308564,chewing
5352695.0,-0.669434,1.885254,0.119141,0.175865,-0.029577,0.041302,0.316895,-1.889648,0.712891,-0.236619,-0.109783,0.3051,chewing
5352705.0,-0.657715,1.875977,0.137207,0.140959,0.031975,0.049828,0.321777,-1.88916,0.72998,-0.285914,-0.002931,0.228891,chewing
5352715.0,-0.638184,1.875977,0.130859,0.061553,0.131632,0.0429,0.333008,-1.895996,0.697754,-0.305899,0.005596,0.181727,chewing
5352725.0,-0.619629,1.878418,0.118652,-0.013057,0.168404,0.033841,0.337891,-1.858398,0.712402,-0.290977,0.038104,0.10392,chewing
5352735.0,-0.625488,1.873047,0.132812,0.027446,0.120441,0.025847,0.343262,-1.879395,0.706055,-0.251807,0.022649,0.055957,chewing
5352745.0,-0.633301,1.868652,0.126953,-0.027179,0.10392,-0.035173,0.318359,-1.885742,0.703613,-0.18226,0.00453,0.068214,chewing
5352755.0,-0.638672,1.847656,0.069336,-0.032775,0.093528,-0.062086,0.311523,-1.895996,0.687012,-0.119642,-0.04823,0.053559,chewing
5352765.0,-0.638184,1.876465,0.123047,-0.014123,0.070346,-0.074876,0.308105,-1.913086,0.70752,-0.080472,-0.057556,0.052227,chewing
5352775.0,-0.648926,1.87793,0.11084,0.00453,0.082337,-0.059954,0.302734,-1.914063,0.719238,-0.031443,-0.115112,0.053559,chewing
5352785.0,-0.663086,1.873047,0.110352,-0.038637,0.107651,-0.054625,0.313477,-1.900879,0.725098,0.002665,-0.151884,0.043966,chewing
5352795.0,-0.656738,1.859863,0.128418,-0.078873,0.14389,-0.043966,0.31543,-1.900391,0.704102,0.022116,-0.15215,0.053026,chewing
5352805.0,-0.646973,1.849609,0.123535,-0.03917,0.113513,-0.039969,0.324707,-1.880859,0.713379,0.059954,-0.156147,0.017587,chewing
5352815.0,-0.63916,1.859863,0.125,-0.017054,0.122306,-0.046364,0.346191,-1.882813,0.693359,0.055158,-0.100456,-0.017054,chewing
5352825.0,-0.62207,1.869141,0.135742,-0.047697,0.099923,-0.031709,0.32373,-1.876465,0.691406,0.045565,-0.067149,-0.043433,chewing
5352835.0,-0.628906,1.865234,0.121094,-0.06555,0.096726,-0.009326,0.314453,-1.893066,0.702637,0.049828,-0.087666,-0.025314,chewing
5352845.0,-0.626465,1.872559,0.121094,-0.04823,0.076208,0.001066,0.322266,-1.899414,0.701172,0.073011,-0.130833,-0.037038,chewing
5352855.0,-0.630859,1.875488,0.120605,-0.005862,0.05196,-0.015455,0.317871,-1.881348,0.709473,0.124971,-0.164674,-0.042101,chewing
5352865.0,-0.647949,1.882324,0.108887,0.022649,0.005063,-0.000799,0.327148,-1.89502,0.708008,0.158012,-0.169204,-0.086867,chewing
5352875.0,-0.659668,1.896973,0.128906,-0.029844,-0.013856,-0.010925,0.353516,-1.897461,0.716797,0.216101,-0.117243,-0.126836,chewing
5352885.0,-0.65332,1.89209,0.15332,-0.166539,0.002398,-0.00826,0.336426,-1.87207,0.746582,0.26966,-0.001332,-0.206242,chewing
5352895.0,-0.64502,1.860352,0.168945,-0.195583,0.03544,-0.009593,0.288086,-1.923828,0.700195,0.322153,-0.065017,-0.219032,chewing
5352905.0,-0.611816,1.860352,0.164551,-0.066882,0.01732,0.040236,0.319336,-1.941895,0.633301,0.345069,-0.153749,-0.195051,chewing
5352915.0,-0.598145,1.880859,0.15918,0.118576,-0.048496,0.110049,0.376953,-1.876953,0.714355,0.323219,-0.092196,-0.196116,chewing
5352925.0,-0.606934,1.889648,0.146484,0.293109,-0.16947,0.129234,0.322754,-1.86084,0.742187,0.228625,-0.031176,-0.18759,chewing
5352935.0,-0.617187,1.901855,0.137207,0.132698,-0.120708,0.032242,0.304688,-1.880859,0.728516,0.166006,-0.041035,-0.088466,chewing
5352945.0,-0.599121,1.906738,0.103516,-0.044233,-0.081271,-0.057556,0.34668,-1.857422,0.738281,0.066349,0.073544,-0.09193,chewing
5352955.0,-0.650879,1.888184,0.102051,-0.197715,-0.08287,-0.096726,0.315918,-1.890625,0.735352,0.000266,0.145222,-0.129501,chewing
5352965.0,-0.666016,1.864746,0.104004,-0.250741,-0.04823,-0.041035,0.339355,-1.863281,0.75293,-0.038904,0.294974,-0.197449,chewing
5352975.0,-0.657227,1.896973,0.113281,-0.271259,0.028245,0.006395,0.395996,-1.839844,0.755371,-0.042101,0.290711,-0.173467,chewing
5352985.0,-0.65625,1.879395,0.138672,-0.249409,0.027979,0.059954,0.380859,-1.85791,0.706543,-0.073544,0.320821,-0.151617,chewing
5352995.0,-0.658691,1.887207,0.149414,-0.246211,0.034107,0.083936,0.379395,-1.866699,0.720215,-0.019452,0.238484,-0.115112,chewing
5353005.0,-0.649414,1.861328,0.130371,0.029311,-0.217433,0.119642,0.362305,-1.853516,0.713867,0.01279,0.150818,-0.034907,chewing
5353015.0,-0.626953,1.893555,0.051758,0.53106,-0.652034,0.291776,0.320801,-1.878906,0.70459,0.010392,0.041835,0.048763,chewing
5353025.0,-0.675293,1.931641,0.302246,0.342138,-0.621124,0.074876,0.3125,-1.861816,0.776367,0.022383,0.016521,0.082337,chewing
5353035.0,-0.612305,1.849609,0.192383,-0.017853,-0.16041,-0.102055,0.281738,-1.895996,0.741211,-0.043167,0.038904,0.072478,chewing
5353045.0,-0.598633,1.923828,0.219727,0.03544,0.046631,-0.114312,0.317383,-1.90918,0.732422,-0.082337,0.045565,0.100723,chewing
5353055.0,-0.648926,1.845215,0.137695,0.062086,0.149485,0.057822,0.336426,-1.889648,0.718262,-0.130833,0.093528,0.067149,chewing
5353065.0,-0.644531,1.850586,0.148437,0.071412,0.158279,0.091663,0.36084,-1.888672,0.711426,-0.138028,0.096726,0.0437,chewing
5353075.0,-0.638184,1.865723,0.158691,0.074077,0.122573,0.072211,0.359863,-1.866211,0.69873,-0.12124,0.092995,0.019185,chewing
5353085.0,-0.62207,1.869629,0.144043,0.055957,0.058355,0.026913,0.364258,-1.860352,0.714844,-0.076475,0.030643,0.007994,chewing
5353095.0,-0.605469,1.875,0.155273,0.021583,0.049296,0.006928,0.328613,-1.879883,0.726562,-0.039436,0.008793,0.018119,chewing
5353105.0,-0.617187,1.871582,0.144531,0.007994,0.047697,-0.03464,0.315918,-1.886719,0.735352,-0.005063,-0.007194,0.029311,chewing
5353115.0,-0.623047,1.870605,0.151855,0.032242,0.033574,-0.046364,0.301758,-1.88916,0.729004,-0.005862,-0.015988,0.051161,chewing
5353125.0,-0.648437,1.865234,0.133301,0.043433,0.014389,-0.046631,0.302246,-1.891602,0.743164,-0.020251,0.000799,0.030377,chewing
5353135.0,-0.657715,1.874512,0.132812,0.042368,0.016787,-0.041302,0.324707,-1.893066,0.725098,-0.040769,0.023449,-0.008793,chewing
5353145.0,-0.68457,1.867676,0.132324,0.011991,0.07008,-0.031709,0.334473,-1.891602,0.73584,-0.045565,0.038104,-0.029844,chewing
5353155.0,-0.674805,1.882324,0.130371,-0.029044,0.148686,-0.022649,0.354492,-1.858398,0.745605,-0.037038,0.088466,-0.070879,chewing
5353165.0,-0.668457,1.867676,0.136719,-0.059954,0.225161,-0.050095,0.333984,-1.865234,0.757324,-0.045299,0.113247,-0.087933,chewing
5353175.0,-0.658691,1.888184,0.135254,-0.020784,0.169204,-0.055957,0.342285,-1.865234,0.742676,-0.054358,0.121507,-0.078873,chewing
5353185.0,-0.645996,1.897461,0.122559,-0.015455,0.177198,-0.059155,0.360352,-1.876465,0.757324,-0.041302,0.099657,-0.084202,chewing
5353195.0,-0.636719,1.880859,0.12793,-0.033574,0.20038,-0.03917,0.328125,-1.89209,0.713379,0.003997,0.042368,-0.063685,chewing
5353205.0,-0.62793,1.890137,0.12793,-0.034907,0.215568,-0.010126,0.34668,-1.885742,0.713379,0.008527,0.019718,-0.050095,chewing
5353215.0,-0.619141,1.895996,0.150879,-0.08287,0.253939,-0.009326,0.381836,-1.865234,0.726074,-0.03917,0.040769,0.002665,chewing
5353225.0,-0.62207,1.894531,0.150391,-0.079406,0.224361,0.041302,0.328613,-1.891602,0.693848,-0.054092,0.049029,-0.033574,chewing
5353235.0,-0.595215,1.884766,0.109375,-0.078606,0.201979,0.05649,0.421387,-1.902832,0.859375,-0.111914,-0.069014,0.314159,chewing
5353245.0,-0.602539,1.890625,0.108887,0.228625,0.039703,0.11751,0.252441,-1.904297,0.727051,-0.148686,0.053559,0.015988,chewing
5353255.0,-0.666016,1.87207,0.157715,0.161476,-0.02558,0.004263,0.249023,-1.928711,0.674805,-0.034907,-0.165207,0.141492,chewing
5353265.0,-0.65918,1.860352,0.141113,0.213703,-0.110315,-0.036772,0.331543,-1.879395,0.720215,-0.075942,-0.171335,0.257403,chewing
5353275.0,-0.65332,1.88916,0.158203,0.224894,-0.115112,-0.088998,0.302246,-1.920898,0.705078,-0.105786,-0.139626,0.220631,chewing
5353285.0,-0.648926,1.877441,0.140137,0.189988,-0.057822,-0.069014,0.308105,-1.910156,0.716309,-0.144689,-0.101789,0.183326,chewing
5353295.0,-0.65918,1.868164,0.14502,0.144423,0.008527,-0.003997,0.334473,-1.888184,0.722168,-0.174266,-0.031176,0.139093,chewing
5353305.0,-0.634766,1.869141,0.134766,0.094061,0.097525,0.037038,0.344727,-1.873047,0.706543,-0.213969,0.013856,0.113247,chewing
5353315.0,-0.626953,1.871094,0.123047,0.097259,0.088732,0.025047,0.356934,-1.883789,0.693848,-0.214769,-0.004796,0.124971,chewing
5353325.0,-0.609863,1.871094,0.119629,0.101522,0.040502,-0.018652,0.361328,-1.862793,0.707031,-0.161476,-0.022383,0.098591,chewing
5353335.0,-0.630859,1.875977,0.137207,0.055424,0.022916,-0.045832,0.334473,-1.881836,0.718262,-0.129501,-0.0429,0.103121,chewing
5353345.0,-0.657715,1.861328,0.139648,0.051694,0.031709,-0.081271,0.313477,-1.890625,0.728027,-0.107917,-0.05649,0.090064,chewing
5353355.0,-0.671387,1.858887,0.119141,0.057023,0.035706,-0.093262,0.320801,-1.900391,0.716309,-0.073277,-0.063951,0.077807,chewing
5353365.0,-0.649902,1.865723,0.142578,0.047697,0.022916,-0.062885,0.307129,-1.904785,0.709473,-0.079406,-0.054092,0.044233,chewing
5353375.0,-0.658691,1.881348,0.12793,0.076741,0.022649,0.001066,0.311035,-1.899902,0.727051,-0.030643,-0.032508,-0.029311,chewing
5353385.0,-0.681152,1.858398,0.132812,0.108717,0.011191,0.0429,0.31543,-1.893066,0.70166,-0.000533,-0.03464,-0.051427,chewing
5353395.0,-0.657227,1.868652,0.148926,0.144956,-0.03917,0.07008,0.31543,-1.882813,0.716797,0.090331,-0.029577,-0.10472,chewing
5353405.0,-0.650391,1.88623,0.136719,0.111115,-0.081538,0.075675,0.311035,-1.867188,0.733398,0.163874,-0.037305,-0.152683,chewing
5353415.0,-0.648926,1.895996,0.162598,-0.074609,-0.058089,0.011991,0.31543,-1.918457,0.67041,0.150818,-0.050361,-0.11298,chewing
5353425.0,-0.620117,1.872559,0.166504,-0.095394,-0.022649,0.025314,0.364746,-1.90918,0.706543,0.189988,-0.057556,-0.09566,chewing
5353435.0,-0.611328,1.874023,0.166016,0.081804,-0.053559,0.084202,0.351074,-1.886719,0.725586,0.18679,0.056757,-0.217167,chewing
5353445.0,-0.597168,1.88623,0.162598,0.133231,-0.04823,0.144689,0.342773,-1.875977,0.722656,0.159345,0.134564,-0.278453,chewing
5353455.0,-0.620117,1.900391,0.137695,0.110049,-0.045032,0.144689,0.331055,-1.877441,0.723633,0.145755,0.098858,-0.230757,chewing
5353465.0,-0.644043,1.895508,0.135254,0.010658,-0.054891,0.07008,0.322754,-1.876953,0.713867,0.148153,0.010925,-0.18759,chewing
5353475.0,-0.637695,1.870605,0.150879,-0.136695,-0.013856,-0.017054,0.323242,-1.907715,0.685059,0.123106,-0.075675,-0.08207,chewing
5353485.0,-0.646973,1.87207,0.129883,-0.225427,0.002398,-0.060221,0.364746,-1.878906,0.712402,0.107651,-0.085801,-0.053026,chewing
5353495.0,-0.672852,1.87207,0.131348,-0.227559,0.013057,-0.097525,0.347168,-1.87793,0.739258,0.040769,-0.029044,-0.061819,chewing
5353505.0,-0.660156,1.888184,0.115234,-0.214502,0.010126,-0.094061,0.344238,-1.869141,0.743652,-0.025314,0.121773,-0.082337,chewing
5353515.0,-0.655273,1.889648,0.153809,-0.324551,0.067948,-0.07381,0.330566,-1.901367,0.708984,-0.046098,0.18226,-0.053825,chewing
5353525.0,-0.629883,1.889648,0.128418,-0.236086,0.029044,0.017587,0.337402,-1.880859,0.708008,-0.0429,0.207308,-0.100456,chewing
5353535.0,-0.637207,1.913086,0.132812,-0.272858,0.100456,0.006129,0.336914,-1.870117,0.718262,-0.020518,0.212904,-0.103654,chewing
5353545.0,-0.630371,1.895508,0.140625,-0.179063,0.007994,0.039436,0.341797,-1.870605,0.727539,-0.008527,0.193185,-0.090331,chewing
5353555.0,-0.621094,1.885742,0.126465,0.06475,-0.254472,0.124172,0.328613,-1.876953,0.729004,0.006928,0.144956,-0.048496,chewing
5353565.0,-0.630859,1.898438,0.089844,0.533191,-0.607534,0.233155,0.335449,-1.888184,0.734863,0.025314,0.117243,-0.02638,chewing
5353575.0,-0.681641,1.890137,0.274414,0.359724,-0.531593,0.088998,0.32373,-1.867188,0.755371,-0.001332,0.116444,-0.026113,chewing
5353585.0,-0.648437,1.854492,0.20752,0.081804,-0.170802,-0.019452,0.336914,-1.877441,0.733398,-0.023182,0.126836,-0.024515,chewing
5353595.0,-0.634277,2.048828,0.420898,0.129767,-0.101522,-0.046631,0.349609,-1.888184,0.726074,-0.040502,0.105253,-0.026646,chewing
5353605.0,-0.65918,1.858887,0.175781,0.105519,0.062619,0.110848,0.35791,-1.869141,0.710449,-0.026913,0.082603,-0.024248,chewing
5353615.0,-0.65625,1.851563,0.149414,0.118043,0.141225,0.128435,0.344727,-1.876953,0.723633,-0.035173,0.078074,-0.021051,chewing
5353625.0,-0.637207,1.861816,0.15332,0.129767,0.085002,0.113513,0.347168,-1.870605,0.708496,-0.033308,0.060487,-0.002931,chewing
5353635.0,-0.594727,1.869629,0.148437,0.132165,0.063418,0.054625,0.344238,-1.876465,0.719727,-0.019985,0.053026,-0.009593,chewing
5353645.0,-0.61377,1.858887,0.154785,0.105786,0.075409,0.034374,0.328613,-1.885254,0.723633,-0.022116,0.051694,-0.015455,chewing
5353655.0,-0.613281,1.860352,0.17334,0.083936,0.072744,-0.010925,0.319824,-1.887695,0.736816,-0.032775,0.06102,0.010658,chewing
5353665.0,-0.613281,1.868164,0.156738,0.099124,0.087933,-0.018119,0.325684,-1.886719,0.739258,-0.058089,0.071678,0.007994,chewing
5353675.0,-0.628906,1.87207,0.158691,0.084469,0.090064,-0.021317,0.319824,-1.891602,0.71582,-0.068214,0.090597,-0.018386,chewing
5353685.0,-0.643066,1.866211,0.148926,0.047963,0.123106,-0.02185,0.33252,-1.885254,0.734375,-0.066882,0.115645,-0.051427,chewing
5353695.0,-0.65918,1.857422,0.129395,-0.013057,0.192119,-0.017853,0.350586,-1.868652,0.740723,-0.048496,0.155614,-0.082337,chewing
5353705.0,-0.650391,1.866211,0.131836,-0.078074,0.228092,-0.030643,0.351074,-1.859863,0.760742,-0.03917,0.150818,-0.102855,chewing
5353715.0,-0.640625,1.87207,0.131836,-0.07008,0.236352,-0.026113,0.370117,-1.853516,0.775391,-0.047164,0.181194,-0.099124,chewing
5353725.0,-0.630371,1.873047,0.132812,-0.039969,0.2169,-0.022383,0.366699,-1.868164,0.73584,-0.029044,0.177198,-0.104187,chewing
5353735.0,-0.629883,1.893555,0.114746,0.011458,0.163608,-0.026913,0.369629,-1.866211,0.733398,-0.034107,0.130034,-0.072478,chewing
5353745.0,-0.620605,1.888184,0.118652,0.083403,0.080205,-0.023982,0.363281,-1.881836,0.731445,-0.026913,0.105519,-0.031709,chewing
5353755.0,-0.618164,1.899414,0.126465,0.112714,0.063685,-0.027446,0.346191,-1.885742,0.734863,-0.046098,0.110049,-0.02558,chewing
5353765.0,-0.628906,1.905273,0.157227,0.113779,0.035972,-0.01732,0.347656,-1.866699,0.724609,-0.081005,0.118842,-0.016521,chewing
5353775.0,-0.597168,1.88916,0.108887,0.011724,0.141225,-0.012524,0.447754,-1.87207,0.851562,-0.088732,0.12204,0.119375,chewing
5353785.0,-0.625488,1.887695,0.107422,0.018919,0.154548,0.05276,0.306641,-1.900879,0.714355,-0.100989,0.102855,0.004796,chewing
5353795.0,-0.702637,1.861328,0.108887,0.226227,-0.055957,0.100456,0.263672,-1.870605,0.732422,-0.038637,-0.009859,0.01359,chewing
5353805.0,-0.702148,1.867188,0.123047,0.237951,-0.066616,0.02185,0.29834,-1.905762,0.697266,-0.107384,-0.114046,0.208374,chewing
5353815.0,-0.680176,1.864746,0.133789,0.226227,-0.088199,-0.024248,0.345703,-1.899414,0.711426,-0.140959,-0.112714,0.278986,chewing
5353825.0,-0.665039,1.86377,0.13916,0.190787,-0.043433,-0.018919,0.331055,-1.898438,0.722656,-0.181727,-0.035173,0.213703,chewing
5353835.0,-0.642578,1.870117,0.120117,0.195583,0.015721,0.0437,0.333496,-1.873535,0.731445,-0.246478,0.065283,0.125237,chewing
5353845.0,-0.617187,1.89209,0.140137,0.212104,0.056224,0.103387,0.337891,-1.87207,0.710449,-0.282717,0.138827,0.059954,chewing
5353855.0,-0.61084,1.907227,0.148437,0.154548,0.092462,0.096992,0.347168,-1.890137,0.691895,-0.292309,0.137761,0.038637,chewing
5353865.0,-0.60498,1.889648,0.13623,0.081804,0.138028,0.047697,0.34668,-1.867676,0.710449,-0.229691,0.070613,0.069547,chewing
5353875.0,-0.62207,1.876953,0.124023,0.029311,0.12577,-0.028778,0.337891,-1.874512,0.715332,-0.167072,0.019185,0.085002,chewing
5353885.0,-0.631836,1.875977,0.133789,-0.019985,0.122839,-0.062086,0.320313,-1.901855,0.721191,-0.123372,-0.0437,0.106585,chewing
5353895.0,-0.63916,1.868164,0.123047,-0.05276,0.11298,-0.066083,0.321289,-1.911133,0.71582,-0.09113,-0.075675,0.094061,chewing
5353905.0,-0.649902,1.868164,0.12207,-0.067415,0.146821,-0.040769,0.314941,-1.902832,0.711426,-0.072211,-0.089265,0.083669,chewing
5353915.0,-0.648437,1.862793,0.129395,-0.072744,0.159345,-0.021317,0.327637,-1.896484,0.725586,-0.047697,-0.067948,0.044233,chewing
5353925.0,-0.649414,1.861328,0.14209,-0.02638,0.151617,-0.011458,0.32373,-1.885742,0.705078,-0.018386,-0.056757,0.03917,chewing
5353935.0,-0.650391,1.859863,0.143555,-0.001066,0.136962,-0.01732,0.342773,-1.875977,0.715332,0.029577,-0.045032,0.008793,chewing
5353945.0,-0.64209,1.858887,0.139648,-0.010126,0.150551,-0.043167,0.319336,-1.874023,0.720215,0.028511,-0.017853,-0.005063,chewing
5353955.0,-0.647461,1.86377,0.122559,-0.026113,0.120175,-0.020518,0.323242,-1.895508,0.708496,0.061819,0.017054,-0.053559,chewing
5353965.0,-0.634277,1.874512,0.145508,-0.022649,0.093262,-0.034107,0.316406,-1.890625,0.727051,0.089798,0.036772,-0.091663,chewing
5353975.0,-0.633789,1.872559,0.155762,-0.005596,0.063418,-0.026113,0.297363,-1.900879,0.726562,0.125237,0.014389,-0.088466,chewing
5353985.0,-0.63623,1.882324,0.150879,0.003997,0.036772,-0.000533,0.305176,-1.913574,0.702148,0.137761,-0.005862,-0.116977,chewing
5353995.0,-0.647461,1.869629,0.167969,0.015455,-0.005329,0.003997,0.320313,-1.909668,0.688965,0.149485,-0.002398,-0.155348,chewing
5354005.0,-0.632812,1.876953,0.172363,-0.002665,0.02558,0.013856,0.352051,-1.899414,0.69043,0.120441,0.015455,-0.168138,chewing
5354015.0,-0.602539,1.890137,0.172363,0.013057,0.025847,0.029311,0.367676,-1.885254,0.691406,0.067149,0.088199,-0.168404,chewing
5354025.0,-0.616211,1.884766,0.135742,0.06928,0.002398,0.045565,0.365234,-1.873047,0.726562,0.083936,0.113779,-0.193452,chewing
5354035.0,-0.616699,1.897461,0.147461,0.133498,-0.07834,0.050628,0.356445,-1.857422,0.736816,0.069813,0.12204,-0.17853,chewing
5354045.0,-0.619629,1.899414,0.121582,0.214502,-0.146021,0.056757,0.326172,-1.83252,0.758789,0.107384,0.110582,-0.208107,chewing
5354055.0,-0.642578,1.900879,0.12207,0.168138,-0.131632,0.028511,0.29834,-1.859863,0.729004,0.064484,0.062086,-0.126037,chewing
5354065.0,-0.672363,1.87793,0.125488,0.090331,-0.115645,-0.014655,0.327637,-1.900391,0.721191,0.061819,0.069813,-0.142025,chewing
5354075.0,-0.658203,1.869629,0.135254,0.096193,-0.109516,0.020784,0.328613,-1.890137,0.717285,0.044499,0.087133,-0.126303,chewing
5354085.0,-0.657715,1.893066,0.130371,-0.001332,0.002132,0.01359,0.358887,-1.90332,0.706543,-0.025847,0.158545,-0.145489,chewing
5354095.0,-0.656738,1.90918,0.119629,-0.220364,0.12124,-0.018386,0.396484,-1.86377,0.748535,-0.062086,0.150551,-0.089531,chewing
5354105.0,-0.630859,1.904297,0.128906,-0.294175,0.086067,0.00826,0.368652,-1.85498,0.725098,-0.124704,0.210239,-0.069014,chewing
5354115.0,-0.623535,1.895508,0.130371,-0.289378,0.050095,0.016787,0.339844,-1.880371,0.721191,-0.119642,0.207841,-0.055691,chewing
5354125.0,-0.624512,1.881348,0.149902,-0.189988,-0.0429,0.0429,0.33252,-1.868164,0.719238,-0.090864,0.213703,-0.050628,chewing
5354135.0,-0.614746,1.875977,0.120605,0.095926,-0.251274,0.118043,0.321289,-1.894531,0.706543,-0.054358,0.152683,0.012257,chewing
5354145.0,-0.619629,1.869141,-0.064941,0.755155,-0.692802,0.362123,0.325195,-1.891602,0.702148,-0.023715,0.093528,0.025847,chewing
5354155.0,-0.692871,1.900391,0.254395,0.431403,-0.573161,0.11751,0.329102,-1.872559,0.748047,-0.019985,0.065283,0.03011,chewing
5354165.0,-0.638184,1.872559,0.206543,0.07008,-0.119642,-0.010658,0.327148,-1.880371,0.727539,-0.075409,0.067681,0.029044,chewing
5354175.0,-0.644531,1.831543,0.147949,0.243813,-0.107917,0.075409,0.34082,-1.894531,0.709473,-0.085002,0.05276,0.041835,chewing
5354185.0,-0.684082,1.775391,0.188477,0.076208,0.177464,0.041302,0.345215,-1.907227,0.700684,-0.072478,0.059421,0.007727,chewing
5354195.0,-0.641113,1.854492,0.150391,0.120441,0.098858,0.050628,0.351563,-1.905762,0.701172,-0.05196,0.049029,0.001332,chewing
5354205.0,-0.629395,1.867188,0.147461,0.116444,0.058089,0.038904,0.344238,-1.895996,0.709961,-0.03544,0.024248,0.008793,chewing
5354215.0,-0.611328,1.864746,0.157227,0.078074,0.045832,0.011991,0.338867,-1.893555,0.706543,-0.029311,-0.000799,0.027446,chewing
5354225.0,-0.622559,1.856934,0.148926,0.061553,0.027446,-0.002132,0.32959,-1.883789,0.710937,-0.006395,0.010925,0.020784,chewing
5354235.0,-0.620117,1.863281,0.133301,0.06102,0.028511,-0.018386,0.311523,-1.88623,0.719238,0.017853,-0.022649,0.026913,chewing
5354245.0,-0.642578,1.867676,0.143555,0.054358,0.010925,-0.034374,0.274414,-1.881348,0.728516,0.055691,-0.022649,-0.003198,chewing
5354255.0,-0.634277,1.876953,0.131836,0.044233,0.017587,-0.022649,0.283203,-1.874023,0.727539,0.118309,-0.022383,-0.023449,chewing
5354265.0,-0.667969,1.879395,0.129883,0.040236,-0.002132,-0.030643,0.273926,-1.888184,0.726074,0.192386,-0.002398,-0.075409,chewing
5354275.0,-0.665527,1.875488,0.144531,0.024515,-0.015988,-0.054625,0.324219,-1.881348,0.716309,0.267528,-0.022116,-0.039969,chewing
5354285.0,-0.650391,1.89502,0.138184,0.045032,-0.029577,-0.054891,0.307129,-1.870605,0.737305,0.276322,-0.046631,-0.0429,chewing
5354295.0,-0.65332,1.900879,0.144043,-0.007194,0.00373,-0.067415,0.302734,-1.854004,0.729004,0.344536,0.017054,-0.148953,chewing
5354305.0,-0.663574,1.89209,0.143555,-0.01359,0.03544,-0.053559,0.289063,-1.962402,0.735352,0.467642,-0.113779,-0.087933,chewing
5354315.0,-0.651367,1.893555,0.147949,-0.002665,0.054625,-0.041302,0.099609,-1.925781,0.758301,0.641642,-0.098591,0.127636,chewing
5354325.0,-0.641113,1.900879,0.136719,-0.010925,0.075675,-0.033841,0.553223,-1.789551,0.733398,0.832162,0.007727,-0.371182,chewing
5354335.0,-0.640625,1.890137,0.149902,-0.047164,0.141758,-0.06475,0.35791,-1.960938,0.730957,0.817773,-0.06102,-0.080472,chewing
5354345.0,-0.606445,1.922363,0.167969,-0.046897,0.119109,-0.047963,0.1875,-2.052734,0.734863,1.096227,-0.476435,-0.187856,chewing
5354355.0,-0.61377,1.875977,0.165039,0.085534,0.003464,0.021317,0.37793,-1.876953,0.748535,1.15698,-1.023482,0.586484,chewing
5354365.0,-0.630371,1.879395,0.154785,0.155881,-0.044233,0.00453,0.447754,-1.868652,0.662109,1.240116,-1.734138,0.866536,chewing
5354375.0,-0.629395,1.878418,0.145508,0.172668,-0.08207,-0.011458,0.515625,-1.740723,0.687012,1.398661,-1.660328,0.778337,chewing
5354385.0,-0.630371,1.873047,0.146973,0.159345,-0.113779,-0.013856,0.364258,-1.915527,0.675293,1.6526,-1.94864,0.960864,chewing
5354395.0,-0.650391,1.862305,0.140625,0.122306,-0.145755,-0.049296,0.35791,-1.959473,0.646973,1.711488,-1.948107,0.667755,chewing
5354405.0,-0.644531,1.855957,0.14502,0.076741,-0.150818,-0.069547,0.272461,-1.848633,0.72168,1.801286,-1.706159,0.375712,chewing
5354415.0,-0.645996,1.862305,0.12207,0.011991,-0.118576,-0.050894,0.169434,-1.824707,0.906738,1.848983,-1.41385,0.158012,chewing
5354425.0,-0.660156,1.867188,0.128418,-0.032775,-0.105253,-0.016254,-0.04248,-1.722656,1.09668,2.470906,-0.808447,0.506279,chewing
5354435.0,-0.661621,1.870117,0.128906,-0.081804,-0.094861,0.001865,0.28125,-1.820801,1.01416,1.680312,-0.539853,-0.195583,chewing
5354445.0,-0.657227,1.866699,0.135742,-0.093528,-0.108983,0.00453,0.34668,-1.83252,1.03418,1.497519,0.058089,-0.268061,chewing
5354455.0,-0.665039,1.873047,0.145508,-0.082603,-0.113779,-0.019985,0.449707,-1.706055,0.971191,1.232389,0.290178,-0.935017,chewing
5354465.0,-0.654297,1.883789,0.14209,-0.093528,-0.086067,-0.023982,0.418457,-1.808105,0.963379,0.909436,0.451121,-0.800453,chewing
5354475.0,-0.645508,1.878418,0.14502,-0.055957,-0.096992,-0.015455,0.337891,-1.841309,0.984863,0.889718,0.520934,-0.99657,chewing
5354485.0,-0.654297,1.869629,0.138672,-0.015188,-0.077274,0.016254,0.39209,-1.811523,0.967773,0.838557,0.367452,-0.81804,chewing
5354495.0,-0.666504,1.858887,0.141602,0.00453,-0.094328,0.034374,0.481934,-1.791504,0.953613,0.796456,0.159611,-0.877727,chewing
5354505.0,-0.654297,1.873535,0.150879,0.012524,-0.07381,0.065017,0.460937,-1.791992,0.937012,0.908371,0.00373,-0.824168,chewing
5354515.0,-0.662598,1.86084,0.15625,-0.00373,-0.083403,0.044499,0.519531,-1.803711,0.972168,0.8263,-0.15215,-0.438331,chewing
5354525.0,-0.638184,1.868652,0.168945,-0.022116,-0.118576,0.016787,0.491211,-1.742188,1.008789,0.762083,-0.209706,-0.199314,chewing
5354535.0,-0.648926,1.880859,0.160156,-0.050894,-0.12577,-0.002132,0.32666,-1.780273,0.998047,0.907038,-0.302701,-0.257403,chewing
5354545.0,-0.634277,1.890137,0.153809,-0.088998,-0.096459,0.007727,0.342285,-1.80127,0.937012,1.012557,-0.28245,-0.306965,chewing
5354555.0,-0.644043,1.891113,0.150879,-0.088998,-0.066616,0.011724,0.4375,-1.79834,0.916504,1.101556,-0.097259,-0.468974,chewing
5354565.0,-0.64209,1.882324,0.160645,-0.108717,-0.081804,0.040769,0.574219,-1.739258,1.01709,1.115412,0.092462,-0.271792,chewing
5354575.0,-0.648437,1.879395,0.144531,-0.098591,-0.072478,0.007727,0.361328,-1.674805,0.998047,0.956334,-0.015721,-0.662959,chewing
5354585.0,-0.671387,1.868652,0.145508,-0.07381,-0.076208,-0.005862,0.44873,-1.694336,0.983398,0.788729,-0.110315,-0.544916,chewing
5354595.0,-0.648926,1.882813,0.162109,-0.090331,-0.042368,0.010925,0.56543,-1.710449,0.873535,0.655231,-0.176398,-0.232089,chewing
5354605.0,-0.654297,1.883301,0.166504,-0.0437,-0.002931,0.049828,0.382813,-1.760742,1.007324,0.533458,-0.056757,-0.334144,chewing
5354615.0,-0.653809,1.884277,0.172852,-0.036239,-0.055158,0.097525,0.443359,-1.698242,1.058105,0.338407,0.100989,-0.20944,chewing
5354625.0,-0.64209,1.878906,0.164062,0.032242,0.015188,0.108184,0.429687,-1.691406,1.03418,0.297639,0.236885,-0.244613,chewing
5354635.0,-0.64502,1.868652,0.172852,0.041568,0.027979,0.110315,0.436523,-1.741699,1.081543,0.235819,0.068747,-0.215568,chewing
5354645.0,-0.642578,1.875488,0.166016,0.051427,-0.014389,0.132165,0.405273,-1.708984,1.0625,0.127636,0.187856,-0.121773,chewing
5354655.0,-0.632812,1.885742,0.13916,0.144689,0.040236,0.123106,0.375,-1.708008,1.063965,0.161476,0.179063,-0.046631,chewing
5354665.0,-0.724121,1.846191,0.12793,0.244613,0.174799,0.266462,0.498047,-1.668945,1.052734,0.202778,0.316557,-0.002665,chewing
5354675.0,-0.497559,2.05127,0.151367,0.146021,0.212904,0.364787,0.411621,-1.693359,1.059082,0.145489,0.052493,0.004263,chewing
5354685.0,-0.647949,1.898438,0.149414,0.054092,0.113247,0.197182,0.516602,-1.686523,1.060059,0.147087,-0.059421,0.011991,chewing
5354695.0,-0.658203,1.870605,0.159668,0.099391,0.06475,0.158812,0.471191,-1.692383,1.08252,0.074609,-0.072744,-0.033841,chewing
5354705.0,-0.645996,1.878418,0.165527,0.082603,0.010126,0.125237,0.467285,-1.707031,1.075684,0.085534,0.013323,-0.175599,chewing
5354715.0,-0.553223,1.901367,0.161133,0.084202,0.121773,0.149485,0.409668,-1.736816,1.049316,0.058622,0.202511,-0.398361,chewing
5354725.0,-0.641602,1.863281,0.157227,0.038637,0.086334,0.157746,0.411133,-1.718262,1.100586,0.009859,0.325884,-0.328015,chewing
5354735.0,-0.587402,1.86084,0.177246,0.078873,0.052227,0.140426,0.439941,-1.709961,1.117676,-0.073277,0.337608,-0.236352,chewing
5354745.0,-0.614746,1.854004,0.155762,0.051427,0.010658,0.157213,0.407227,-1.720215,1.086426,-0.069813,0.373847,-0.146021,chewing
5354755.0,-0.58252,1.901855,0.167969,0.014123,-0.016787,0.251274,0.355469,-1.808105,0.978516,0.027446,0.467642,-0.248876,chewing
5354765.0,-0.535156,1.907227,0.162109,-0.034374,0.027712,0.223562,0.442871,-1.793945,0.991699,0.23049,0.247011,0.010658,chewing
5354775.0,-0.685547,1.844727,0.163086,0.056224,-0.014922,0.272858,0.530762,-1.757324,1.006348,0.339473,0.005329,0.044233,chewing
5354785.0,-0.604492,1.861816,0.149902,0.138827,-0.026646,0.26966,0.543457,-1.681152,1.044922,0.358126,-0.282983,0.207841,chewing
5354795.0,-0.495605,1.942383,0.180664,0.084735,0.170003,0.335743,0.467285,-1.687988,1.0625,0.310429,-0.475369,0.276055,chewing
5354805.0,-0.726562,1.834961,0.165039,0.160677,0.046897,0.394364,0.370117,-1.688965,1.068848,0.259002,-0.597142,0.320021,chewing
5354815.0,-0.557129,1.891113,0.160645,0.066616,0.03011,0.366119,0.311523,-1.728516,1.054199,0.24781,-0.638711,0.233954,chewing
5354825.0,-0.60791,1.882813,0.15918,0.073277,-0.023982,0.333078,0.3125,-1.740723,1.057617,0.293642,-0.576891,0.099923,chewing
5354835.0,-0.513672,1.920898,0.172852,-0.064217,0.129234,0.3051,0.382324,-1.810059,0.992676,0.383972,-0.43913,-0.051161,chewing
5354845.0,-0.65625,1.894043,0.127441,-0.022116,-0.011991,0.26593,0.540527,-1.77832,1.008301,0.327749,-0.402092,-0.039703,chewing
5354855.0,-0.589355,1.892578,0.158203,-0.029311,0.02558,0.31336,0.577637,-1.687012,1.113281,0.218766,-0.041568,-0.20864,chewing
5354865.0,-0.647949,1.876953,0.141113,0.021317,0.061819,0.407155,0.474609,-1.649414,1.179199,0.046098,0.086067,-0.353862,chewing
5354875.0,-0.547363,1.960449,0.146484,0.000533,0.125237,0.419412,0.408203,-1.682617,1.175293,-0.099923,-0.053026,-0.286714,chewing
5354885.0,-0.600098,1.876465,0.15332,0.018919,0.053559,0.364787,0.387207,-1.694336,1.165527,-0.066882,-0.072478,-0.271259,chewing
5354895.0,-0.552246,1.891602,0.162598,-0.077541,0.053026,0.326417,0.375,-1.660645,1.101563,0.001332,-0.262998,-0.251008,chewing
5354905.0,-0.512207,1.949219,0.169434,-0.061819,0.075409,0.212904,0.464844,-1.703613,1.046875,0.101789,-0.288579,-0.31256,chewing
5354915.0,-0.584473,1.914063,0.175781,-0.174533,0.041568,0.205176,0.545898,-1.791992,1.020996,0.22596,-0.167871,-0.587816,chewing
5354925.0,-0.583496,1.911621,0.164551,-0.230224,-0.006662,0.220364,0.407227,-1.751953,0.909668,0.308297,-0.270193,-0.582753,chewing
5354935.0,-0.631348,1.912598,0.174805,-0.091663,0.00906,0.160144,0.476562,-1.761719,0.856445,0.358925,-0.471372,-0.488692,chewing
5354945.0,-0.634277,1.882324,0.196777,-0.119908,-0.050894,0.120175,0.454102,-1.778809,1.034668,0.637911,-0.610732,-0.451387,chewing
5354955.0,-0.660156,1.877441,0.203125,-0.114312,-0.065283,0.188123,0.467773,-1.754395,1.141602,0.711455,-0.485228,-0.312028,chewing
5354965.0,-0.559082,1.971191,0.212402,-0.242481,-0.070613,0.174266,0.491699,-1.617676,0.706543,0.719715,-0.572628,-0.499884,chewing
5354975.0,-0.603516,1.849609,0.248047,-0.401293,-0.537988,0.31789,0.375,-1.726074,0.964355,0.8263,-0.945409,-0.405556,chewing
5354985.0,-0.596191,1.905273,0.242676,-0.898511,-0.60034,0.31336,0.589355,-1.768066,0.582031,0.584885,-0.445525,-0.417813,chewing
5354995.0,-0.581055,1.990234,0.205078,-0.714386,-0.273391,0.25234,-1.4375,-1.806152,1.756348,1.615829,4.16321,-4.905041,chewing
5355005.0,-0.659668,1.961914,0.291992,-0.476168,-0.322686,0.132965,0.728516,-1.944336,0.570801,1.403724,-1.018952,0.410885,chewing
5355015.0,-0.619141,1.890625,0.209961,-0.528662,-0.171602,0.123106,0.587402,-1.67041,0.906738,1.597709,-0.677614,-0.446591,chewing
5355025.0,-0.628418,1.884766,0.221191,-0.618726,-0.277387,0.255538,0.73877,-1.648438,0.966309,1.438098,-0.587283,-0.292309,chewing
5355035.0,-0.595703,1.947266,0.223145,-0.627253,-0.252606,0.269926,0.71875,-1.612305,1.065918,1.427972,-0.210772,-0.58675,chewing
5355045.0,-0.546875,1.975098,0.169922,-0.480165,-0.23875,0.361057,0.694824,-1.51709,1.107422,1.404257,-0.126303,-0.468974,chewing
5355055.0,-0.600098,1.906738,0.269043,-0.50921,-0.036505,0.323485,0.618164,-1.533691,1.174316,1.315525,-0.015721,-0.42634,chewing
5355065.0,-0.54834,1.937012,0.276855,-0.551844,0.006129,0.367985,0.633789,-1.496582,1.253418,1.371216,0.035972,-0.39996,chewing
5355075.0,-0.608398,1.917969,0.267578,-0.526796,-0.181194,0.432469,0.70166,-1.450195,1.343262,1.280352,0.049029,-0.272325,chewing
5355085.0,-0.61084,1.924805,0.268066,-0.498285,-0.34347,0.40076,0.703125,-1.23877,1.410645,1.069847,-0.169737,0.205176,chewing
5355095.0,-0.59668,1.850098,0.240723,-0.413283,-0.322686,0.512674,0.818848,-1.557129,1.311035,1.325651,0.642441,-1.06505,chewing
5355105.0,-0.562988,1.966797,0.285645,-0.394098,-0.303234,0.387969,0.697266,-1.373047,1.507813,0.989109,0.498285,-0.423409,chewing
5355115.0,-0.651855,1.894531,0.275391,-0.402625,-0.155614,0.61313,0.564453,-1.210938,1.51416,0.66056,0.467109,0.066349,chewing
5355125.0,-0.522461,1.9375,0.297852,-0.3917,0.038371,0.445525,0.461426,-1.339355,1.521973,0.169737,-0.064484,0.458848,chewing
5355135.0,-0.585449,1.987305,0.248535,-0.215835,-0.15215,0.733305,0.400879,-1.351563,1.340332,1.889752,2.860208,-2.92789,chewing
5355145.0,-0.538574,1.913086,0.349121,-0.271525,-0.19958,0.349332,0.468262,-1.568848,1.296875,0.917963,1.260101,-0.179063,chewing
5355155.0,-0.534668,1.985352,0.348633,-0.457783,-0.354395,0.577158,0.440918,-1.505371,1.408691,0.733038,1.004564,-0.054891,chewing
5355165.0,-0.580566,2.004883,0.213379,-0.323752,-0.193452,0.923026,0.577148,-1.555664,1.358398,0.845485,1.088233,-0.340273,chewing
5355175.0,-0.504395,1.923828,0.36377,-0.265397,0.138294,0.62219,0.483887,-1.528809,1.405273,0.826567,1.007228,-0.486294,chewing
5355185.0,-0.509277,1.913574,0.318359,-0.257403,0.142025,0.580622,0.504395,-1.61084,1.356445,0.926224,0.866536,-0.789528,chewing
5355195.0,-0.34082,1.908691,0.25,-0.311495,0.30883,0.902775,0.507812,-1.650391,1.286621,0.941412,0.863072,-0.972055,chewing
5355205.0,-0.499512,1.929199,0.34375,-0.347201,-0.067149,0.431669,0.569336,-1.500977,1.285156,0.947008,0.85268,-0.925691,chewing
5355215.0,-0.381836,1.983398,0.357422,-0.336542,0.12657,0.434867,0.550293,-1.584961,1.230957,0.923825,0.894248,-1.324585,chewing
5355225.0,-0.441406,1.97998,0.23877,-0.219299,0.060221,0.61393,0.585937,-1.55127,1.20752,0.886254,1.100224,-1.245712,chewing
5355235.0,-0.461914,1.969727,0.346191,-0.081538,0.082603,0.392499,0.536621,-1.625488,1.243164,1.177498,1.095694,-0.73064,chewing
5355245.0,-0.475586,1.97168,0.317383,-0.098058,0.233421,0.674417,0.804687,-1.817871,1.411621,2.185259,1.689639,0.515605,chewing
5355255.0,-0.433105,1.968262,0.324707,0.067149,0.151351,0.611265,0.72998,-1.265137,1.254395,1.47034,1.197482,-0.737035,chewing
5355265.0,-0.416504,1.996582,0.304688,0.2177,0.224361,0.698398,0.572754,-1.371582,1.323242,1.802086,1.485528,-0.271525,chewing
5355275.0,-0.333984,1.969727,0.271484,0.119908,0.552377,0.782867,0.59375,-1.324707,1.319824,1.512441,1.409853,-0.438864,chewing
5355285.0,-0.523437,1.865723,0.296875,0.114845,0.516671,0.840689,0.583984,-1.456543,1.357422,1.514306,1.502848,-0.257403,chewing
5355295.0,-0.467773,1.93457,0.265137,0.238484,0.115112,0.70053,0.638672,-1.385254,1.360352,1.427439,1.625155,-0.815109,chewing
5355305.0,-0.388672,1.972656,0.283203,0.114579,-0.002665,0.573427,0.706055,-1.237793,1.38916,1.427972,1.773308,-0.573161,chewing
5355315.0,-0.407227,1.966309,0.306152,0.095926,-0.059421,0.463112,0.754883,-1.312012,1.445801,1.456217,1.987277,-0.188922,chewing
5355325.0,-0.402344,1.970703,0.287109,0.115645,-0.119908,0.471639,0.805176,-1.243164,1.529297,1.597975,2.238285,-0.122306,chewing
5355335.0,-0.421875,1.940918,0.292969,0.158279,-0.108717,0.440995,0.656738,-1.234863,1.581543,1.533758,2.327816,0.310162,chewing
5355345.0,-0.431152,1.944824,0.281738,0.209173,-0.232888,0.364254,0.539062,-1.266113,1.650391,1.866836,2.206576,0.580622,chewing
5355355.0,-0.416504,1.908203,0.266602,0.114845,-0.30883,0.232622,0.518066,-1.143555,1.614746,2.064551,2.060288,0.496153,chewing
5355365.0,-0.432617,1.949219,0.293457,-0.016787,-0.381841,0.080205,0.334961,-0.973145,1.764648,1.668854,1.77544,1.029611,chewing
5355375.0,-0.417969,1.939453,0.291016,-0.15215,-0.449256,0.121507,0.370117,-1.055664,1.805176,1.342971,1.639011,0.808447,chewing
5355385.0,-0.485352,1.9375,0.294922,-0.168671,-0.458315,0.126836,0.276855,-1.150391,1.838379,1.346435,1.396796,1.055991,chewing
5355395.0,-0.433594,1.958496,0.3125,-0.232355,-0.433002,0.095926,0.275391,-1.039063,1.873535,1.311795,1.015755,1.283816,chewing
5355405.0,-0.4375,1.970215,0.303711,-0.263798,-0.422343,0.112447,0.321289,-1.073242,1.877441,1.232123,0.941678,1.256371,chewing
5355415.0,-0.414551,1.962402,0.316895,-0.320288,-0.373847,0.08207,0.407715,-1.061523,1.913574,1.06505,0.815109,1.602239,chewing
5355425.0,-0.430176,1.969727,0.315918,-0.41355,-0.363721,0.090864,0.29541,-1.086914,1.903809,0.830564,0.967792,1.840456,chewing
5355435.0,-0.432129,1.959473,0.322266,-0.500683,-0.378377,0.068747,0.220215,-1.15332,1.861816,0.689605,1.042934,1.543351,chewing
5355445.0,-0.466797,1.970215,0.326172,-0.516138,-0.438597,0.157479,0.183594,-1.187012,1.67041,0.984312,1.194018,1.222263,chewing
5355455.0,-0.438965,1.975586,0.335938,-0.544916,-0.337341,0.3051,0.171387,-1.246582,1.791992,0.617394,1.185492,1.01389,chewing
5355465.0,-0.479492,1.941895,0.326172,-0.549979,-0.272325,0.373314,0.097656,-1.170898,1.795898,0.504147,1.240383,1.063985,chewing
5355475.0,-0.499023,1.9375,0.319824,-0.515605,-0.059421,0.436199,0.107422,-1.23877,1.760742,0.379975,1.247577,1.130867,chewing
5355485.0,-0.435547,1.988281,0.337891,-0.406888,0.168138,0.472971,0.004395,-1.298828,1.739746,0.381308,1.192153,1.19242,chewing
5355495.0,-0.449707,2.020996,0.352051,-0.356527,0.323219,0.651234,0.034668,-1.258301,1.751465,0.337341,1.081571,1.286214,chewing
5355505.0,-0.433594,2.022949,0.333984,-0.337075,0.47377,0.72611,0.030273,-1.287598,1.749512,0.29524,1.050129,1.255038,chewing
5355515.0,-0.366699,2.03418,0.339844,-0.349865,0.634447,0.915565,-0.001465,-1.262695,1.753418,0.133498,1.071446,1.325917,chewing
5355525.0,-0.332031,1.993652,0.356934,-0.263798,0.530793,0.903574,-0.144531,-1.121582,1.763672,-0.555841,0.402092,1.646472,chewing
5355535.0,-0.292969,2.013672,0.371094,-0.289378,0.332012,0.811911,0.044922,-1.427734,1.564941,-0.414349,0.332279,1.265164,chewing
5355545.0,-0.24707,1.971191,0.384277,-0.27419,0.209173,0.62592,0.036621,-1.463867,1.534668,-0.114845,0.347201,1.245179,chewing
5355555.0,-0.256836,1.950195,0.38916,-0.307498,0.047697,0.51294,0.030273,-1.378418,1.577148,0.002665,0.501749,0.867069,chewing
5355565.0,-0.222656,1.993652,0.406738,-0.362389,-0.011458,0.337341,-0.012207,-1.270508,1.652832,-0.184126,0.362922,1.211072,chewing
5355575.0,-0.347168,1.887207,0.363281,-0.403957,-0.030643,0.242481,0.023926,-1.234375,1.653809,-0.154015,0.353063,0.955268,chewing
5355585.0,-0.286133,1.941895,0.388184,-0.483363,-0.037571,0.133764,0.025879,-1.285156,1.67334,-0.172934,0.228092,0.918763,chewing
5355595.0,-0.29834,1.941895,0.382813,-0.560104,0.034374,0.08287,0.047363,-1.267578,1.709961,-0.16121,0.243014,0.606202,chewing
5355605.0,-0.373047,1.957031,0.366211,-0.451387,0.057822,0.150551,0.073242,-1.212402,1.737305,-0.257403,0.370383,0.647504,chewing
5355615.0,-0.34375,1.948242,0.394531,-0.420744,0.054891,0.229691,0.050293,-1.240723,1.749023,-0.305366,0.542518,0.763681,chewing
5355625.0,-0.351563,1.962891,0.380859,-0.363188,0.108983,0.349332,0.026367,-1.20752,1.742188,-0.321887,0.4791,0.731972,chewing
5355635.0,-0.365234,1.975586,0.369141,-0.350931,0.189455,0.515871,0.011719,-1.213379,1.727539,-0.252873,0.232622,0.7389,chewing
5355645.0,-0.326172,2.001465,0.393066,-0.332279,0.207041,0.614995,0.008789,-1.20459,1.706055,-0.300303,0.135363,0.63125,chewing
5355655.0,-0.3125,1.993164,0.399902,-0.278453,0.344003,0.743164,0.043457,-1.20752,1.704102,-0.384239,0.086867,0.606469,chewing
5355665.0,-0.301758,1.986816,0.401855,-0.238217,0.343204,0.749559,0.020996,-1.216797,1.716309,-0.455917,0.071145,0.516937,chewing
5355675.0,-0.29248,1.991211,0.413574,-0.229158,0.301103,0.622989,0.022461,-1.265625,1.727539,-0.465243,0.018119,0.400227,chewing
5355685.0,-0.266113,1.991699,0.433594,-0.284582,0.280851,0.551044,0.059082,-1.225098,1.728516,-0.49109,0.013323,0.259268,chewing
5355695.0,-0.137207,2.282227,0.399414,-1.025881,0.960864,1.685908,0.043945,-1.238281,1.720703,-0.603005,0.121507,0.252873,chewing
5355705.0,-0.253906,2.001953,0.438965,-0.522,0.621391,1.012291,0.016602,-1.295898,1.681152,-0.66589,0.181461,0.259002,chewing
5355715.0,-0.266113,1.942383,0.463379,-0.548913,0.636845,0.906505,0.054199,-1.304688,1.67041,-0.640043,0.282184,0.056224,chewing
5355725.0,-0.213379,1.933105,0.457031,-0.448989,0.465243,0.697599,0.058594,-1.282715,1.651367,-0.694401,0.313093,0.264331,chewing
5355735.0,-0.208496,1.953613,0.461914,-0.669087,0.600873,0.490557,0.046875,-1.330078,1.600098,-0.700263,0.414083,0.446058,chewing
5355745.0,-0.171875,1.986816,0.437988,-0.266729,-0.058355,0.294175,0.010742,-1.319824,1.615234,-0.611265,0.347734,0.482297,chewing
5355755.0,-0.243652,1.94043,0.482422,-0.433801,-0.219032,-0.090064,0.058105,-1.318359,1.615234,-0.641375,0.203311,0.605403,chewing
5355765.0,-0.271973,1.94873,0.408203,-0.463112,-0.401293,-0.29604,0.083008,-1.285156,1.634766,-0.614196,0.154548,0.501482,chewing
5355775.0,-0.291504,1.907227,0.459961,-0.456717,-0.489758,-0.216368,0.045898,-1.349121,1.629883,-0.677881,0.303767,0.713587,chewing
5355785.0,-0.25,1.918457,0.471191,-0.512674,-0.32242,-0.057289,0.003906,-1.289063,1.65918,-0.639243,0.288312,0.673617,chewing
5355795.0,-0.331055,1.946777,0.592285,-0.454319,-0.028778,0.305899,0.022949,-1.289551,1.666992,-0.75249,0.180395,0.62592,chewing
5355805.0,-0.202637,1.831055,0.436523,-0.705326,0.36532,0.176931,0.049316,-1.297363,1.619141,-0.845219,0.110315,0.415149,chewing
5355815.0,-0.231934,1.929199,0.525391,-0.89558,0.385838,0.458848,0.053223,-1.286621,1.60498,-0.879326,0.332812,0.409819,chewing
5355825.0,-0.275391,2.019531,0.662598,-0.965926,0.164674,0.500949,0.007324,-1.341797,1.558594,-0.878527,0.392766,0.487093,chewing
5355835.0,-0.161133,1.950684,0.523437,-1.107152,0.552377,0.261666,-0.020508,-1.337891,1.570801,-0.826833,0.437531,0.446591,chewing
5355845.0,-0.223633,2.036621,0.561035,-1.36642,0.734904,0.417547,-0.023437,-1.330078,1.60791,-0.791127,0.407155,0.368784,chewing
5355855.0,-0.155762,1.838379,0.604492,-1.727743,1.184426,0.275256,-0.02002,-1.337402,1.601074,-0.798055,0.384505,0.274456,chewing
5355865.0,-0.18457,1.97168,0.589355,-1.656331,0.971256,0.45725,-0.031738,-1.351563,1.600586,-0.803384,0.297372,0.317357,chewing
5355875.0,-0.141113,2.081055,0.663574,-0.97925,1.49219,0.071678,-0.085937,-1.421875,1.552246,-0.431936,0.019185,0.376245,chewing
5355885.0,-0.054199,1.97998,0.560059,-1.457283,0.376511,0.297372,0.072266,-1.34082,1.54541,-0.377311,0.588083,0.652567,chewing
5355895.0,-0.21875,1.970703,0.660156,-1.106619,0.560903,0.333611,-0.092773,-1.337891,1.583008,-0.445259,0.350931,0.66056,chewing
5355905.0,-0.193359,1.921387,0.674316,-1.623023,-0.052493,0.172934,-0.091797,-1.321777,1.567383,-0.714652,0.181194,0.672551,chewing
5355915.0,-0.121094,1.966797,0.571777,-1.812478,0.799121,-0.129767,-0.07373,-1.495117,1.577148,-0.676548,0.350132,0.928622,chewing
5355925.0,-0.349609,1.947754,0.634766,-1.50498,0.625387,0.321887,-0.137695,-1.358398,1.537598,-0.7826,0.193452,0.750092,chewing
5355935.0,-0.138184,1.993164,0.727539,-1.05759,0.570763,0.239816,-0.14502,-1.412598,1.524414,-0.863072,0.158545,0.845752,chewing
5355945.0,-0.158691,1.894043,0.714355,-0.890784,0.499884,0.461247,-0.140625,-1.466797,1.504883,-0.785265,0.196116,0.816441,chewing
5355955.0,-0.158203,1.922363,0.748535,-0.64324,0.282184,0.51374,-0.146484,-1.500977,1.48584,-0.770609,0.197982,0.600606,chewing
5355965.0,-0.158691,1.902344,0.677734,-0.675749,0.295773,0.418879,-0.192871,-1.477051,1.488281,-0.645639,0.307231,0.533724,chewing
5355975.0,-0.107422,1.948242,0.744629,-0.594744,0.481231,0.28325,-0.199219,-1.521973,1.443359,-0.598741,0.272058,0.338674,chewing
5355985.0,-0.112305,1.97168,0.714355,-0.551844,0.659495,0.224361,-0.188965,-1.54541,1.423828,-0.569164,0.206508,0.188655,chewing
5355995.0,-0.10498,1.968262,0.740723,-0.57849,0.72611,0.468974,-0.161133,-1.556152,1.418945,-0.442328,0.268861,0.06475,chewing
5356005.0,-0.17334,1.932129,0.730469,-0.580089,0.408753,0.391167,-0.197754,-1.560059,1.438965,-0.329348,0.283783,-0.083403,chewing
5356015.0,-0.105469,1.933105,0.725098,-0.346135,0.668021,0.235286,-0.187012,-1.521484,1.444824,-0.28698,0.234753,-0.012524,chewing
5356025.0,-0.214355,1.91748,0.665039,-0.528395,0.620058,0.172401,-0.17334,-1.514648,1.437988,-0.188389,0.252606,0.000266,chewing
5356035.0,-0.157715,1.865234,0.702148,-0.639776,0.429005,0.080472,-0.193848,-1.492676,1.476563,-0.138028,0.23875,-0.007461,chewing
5356045.0,-0.223633,1.930176,0.695312,-0.842554,0.331479,0.317357,-0.178223,-1.481445,1.473633,-0.11751,0.145489,0.126037,chewing
5356055.0,-0.163086,1.958496,0.689941,-0.89558,0.029044,-0.062352,-0.172852,-1.472656,1.491211,-0.094061,0.104187,0.115911,chewing
5356065.0,-0.194336,1.966797,0.624512,-1.233988,0.309096,0.180662,-0.178711,-1.470703,1.538086,-0.096193,0.01732,-0.084735,chewing
5356075.0,-0.098145,1.975098,0.788086,-1.41758,-0.049029,-0.28698,-0.166992,-1.448242,1.526855,-0.164141,-0.045832,-0.055957,chewing
5356085.0,-0.062988,1.914063,0.767578,-1.508178,-0.265397,-0.49109,-0.171387,-1.476563,1.533203,-0.159078,-0.099923,-0.025847,chewing
5356095.0,-0.149902,1.838379,0.802734,-1.645939,-0.330147,-0.462579,-0.137207,-1.472168,1.519043,-0.0866,-0.040236,0.016254,chewing
5356105.0,-0.15332,1.898438,0.822266,-1.733338,-0.220364,-0.373847,-0.132324,-1.430176,1.536133,-0.046631,-0.001599,-0.005329,chewing
5356115.0,-0.166016,1.875,0.87207,-1.807149,-0.419945,-0.235553,-0.138672,-1.453125,1.538574,-0.107118,0.017587,-0.122839,chewing
5356125.0,-0.160645,1.934082,0.857422,-2.005397,-0.810312,-0.257136,-0.088379,-1.431152,1.498047,-0.189188,0.081804,0.020518,chewing
5356135.0,-0.180664,1.911621,0.868164,-2.284916,-1.071179,-0.244613,-0.102051,-1.443359,1.496094,-0.149752,0.166539,0.024515,chewing
5356145.0,-0.212891,1.901855,0.922852,-2.334211,-1.613697,-0.071678,-0.117188,-1.431641,1.499023,-0.102322,0.049828,0.03011,chewing
5356155.0,-0.210937,1.873047,0.879883,-2.396564,-1.693369,0.010658,-0.103027,-1.445801,1.507324,-0.064484,-0.00373,0.152683,chewing
5356165.0,-0.152832,1.842773,0.889648,-2.385905,-1.241449,0.350665,-0.091797,-1.447754,1.523926,-0.035173,0.018386,0.28245,chewing
5356175.0,-0.191406,1.90625,0.947266,-2.814643,-0.921694,0.279786,-0.111816,-1.426758,1.518555,0.00906,-0.029311,0.254472,chewing
5356185.0,-0.180176,1.946777,1.010742,-3.092031,-0.601406,0.218233,-0.116699,-1.424805,1.54248,-0.024248,-0.042368,0.195051,chewing
5356195.0,-0.167969,1.938965,1.05957,-2.678214,-1.012824,-0.448723,-0.092285,-1.406738,1.547852,-0.0874,-0.047963,0.12577,chewing
5356205.0,-0.174316,1.947266,1.01123,-2.672086,-1.055724,-0.203311,-0.079102,-1.361328,1.522949,-0.187057,0.054625,0.252606,chewing
5356215.0,-0.133789,1.852539,1.071289,-2.334478,-1.30913,-0.72611,-0.122559,-1.423828,1.48877,-0.17773,0.098058,0.2169,chewing
5356225.0,-0.058105,1.92334,1.166992,-2.385638,-0.932086,-0.736502,-0.146484,-1.45459,1.499023,-0.150285,0.053559,0.212637,chewing
5356235.0,-0.220215,1.817871,1.149414,-2.242282,-0.742631,-0.734371,-0.145508,-1.44873,1.487305,-0.135629,-0.021583,0.200913,chewing
5356245.0,-0.228516,1.745605,1.09375,-1.763715,-0.87373,-0.534524,-0.129883,-1.449219,1.483887,-0.116977,0.007461,0.186257,chewing
5356255.0,-0.245605,1.802246,1.152832,-1.77091,-0.241149,-0.172934,-0.115234,-1.453613,1.511719,-0.112181,0.089531,0.089531,chewing
5356265.0,-0.237305,1.677734,1.195313,-1.592913,0.402092,-0.037838,-0.118652,-1.453613,1.513184,-0.12577,0.179862,0.022383,chewing
5356275.0,-0.247559,1.836426,1.150391,-1.759185,1.217201,0.527596,-0.140625,-1.466309,1.504883,-0.124438,0.228891,-0.080738,chewing
5356285.0,-0.26416,1.796875,1.164063,-1.706426,2.094661,0.933152,-0.154297,-1.480469,1.484375,-0.148153,0.166006,-0.069014,chewing
5356295.0,-0.150879,1.792969,1.247559,-1.580922,2.637179,0.942478,-0.161621,-1.466309,1.461426,-0.127636,0.070346,-0.018386,chewing
5356305.0,-0.124512,1.833008,1.29248,-1.358159,2.633449,0.76528,-0.125,-1.474609,1.440918,-0.0866,0.083669,0.079939,chewing
5356315.0,-0.128906,1.710938,1.390625,-1.196416,2.36672,0.458582,-0.134766,-1.474121,1.463867,-0.086067,0.155348,0.186257,chewing
5356325.0,-0.169922,1.758789,1.37207,-0.623522,1.597176,0.322953,-0.153809,-1.473145,1.461426,-0.035706,0.160943,0.210505,chewing
5356335.0,-0.212891,1.783203,1.320801,-0.165207,0.929155,-0.086867,-0.162109,-1.491211,1.460938,-0.003997,0.162276,0.137761,chewing
5356345.0,-0.168945,1.812988,1.29834,0.025314,0.287779,-0.223029,-0.163574,-1.476563,1.474121,-0.004263,0.158279,0.0429,chewing
5356355.0,-0.149902,1.719238,1.354004,0.111648,-0.431136,-0.440995,-0.146484,-1.488281,1.469727,-0.038904,0.203044,0.069813,chewing
5356365.0,-0.158691,1.817871,1.276367,0.155081,-0.874263,-0.674683,-0.149414,-1.491211,1.486816,0.013856,0.278986,0.102588,chewing
5356375.0,-0.200195,1.777344,1.211426,0.155081,-1.384273,-0.953936,-0.121582,-1.447266,1.494629,-0.015188,0.376511,0.174533,chewing
5356385.0,-0.188965,1.645508,1.367676,0.095127,-1.74826,-1.10049,-0.129883,-1.442383,1.496582,0.014389,0.336276,0.200646,chewing
5356395.0,-0.214355,1.74707,1.268555,-0.027979,-1.961963,-1.19162,-0.12207,-1.443359,1.495117,-0.038104,0.242214,0.111648,chewing
5356405.0,-0.208984,1.714844,1.319824,0.054358,-2.370717,-1.292876,-0.128418,-1.439941,1.496582,0.002665,0.218499,0.087933,chewing
5356415.0,-0.177734,1.694336,1.241699,0.081538,-2.442662,-1.558805,0.035156,-1.449707,1.530273,-0.115378,-0.00373,0.210772,chewing
5356425.0,-0.23291,1.731934,1.213867,-0.159345,-2.244946,-1.294208,-0.215332,-1.331543,1.532227,0.055957,0.166806,0.232888,chewing
5356435.0,-0.314941,1.668945,1.32666,-0.006395,-2.135963,-1.289945,-0.185059,-1.389648,1.530273,-0.150818,-0.053292,0.036505,chewing
5356445.0,-0.257324,1.694336,1.378906,-0.18306,-1.980349,-0.808714,-0.140137,-1.4375,1.506348,-0.159345,-0.004796,-0.018386,chewing
5356455.0,-0.224609,1.666504,1.322754,-0.196916,-1.308331,-0.711721,-0.17041,-1.452637,1.527832,-0.12124,0.080205,0.050095,chewing
5356465.0,-0.234863,1.762207,1.330078,-0.131899,-0.899311,-0.407688,-0.176758,-1.435059,1.517578,-0.085002,0.09193,0.133231,chewing
5356475.0,-0.291992,1.653809,1.358398,-0.247277,-0.10019,0.32242,-0.136719,-1.427734,1.52002,-0.083136,0.120708,0.188123,chewing
5356485.0,-0.212891,1.693359,1.335938,-0.2606,0.416747,0.599008,-0.092285,-1.368164,1.54834,-0.119375,0.251008,0.306432,chewing
5356495.0,-0.246094,1.704102,1.328613,-0.316025,0.768478,0.761283,-0.114258,-1.399902,1.515137,-0.131899,0.33974,0.316291,chewing
5356505.0,-0.221191,1.766113,1.293457,-0.500949,0.808714,0.884655,-0.15625,-1.438477,1.513672,-0.098858,0.271525,0.280319,chewing
5356515.0,-0.208008,1.859863,1.282227,-0.662159,0.725044,0.650435,-0.160156,-1.410645,1.512207,-0.102588,0.204377,0.394631,chewing
5356525.0,-0.246582,1.862793,1.259277,-0.889452,0.661093,0.599541,-0.166504,-1.438477,1.493164,-0.093795,0.12657,0.23049,chewing
5356535.0,-0.220703,1.780762,1.326172,-0.742364,0.445259,0.463378,-0.15918,-1.456543,1.50293,-0.130567,0.157479,0.249409,chewing
5356545.0,-0.182129,1.717773,1.390625,-0.579822,0.375446,0.211838,-0.179687,-1.442871,1.491699,-0.154282,0.228625,0.312827,chewing
5356555.0,-0.233887,1.704102,1.438965,-0.353329,0.377577,0.098325,-0.225586,-1.446777,1.486816,-0.1311,0.241948,0.343737,chewing
5356565.0,-0.212891,1.719727,1.421387,-0.111381,0.307764,-0.038637,0.020996,-1.39502,1.496094,-0.332279,-0.157213,0.179596,chewing
5356575.0,-0.254883,1.72998,1.403809,0.036505,0.231556,-0.028778,-0.274414,-1.388184,1.469727,0.017853,0.316291,0.347467,chewing
5356585.0,-0.230957,1.714355,1.355957,-0.032508,0.206242,0.009859,-0.232422,-1.458496,1.5,-0.210505,0.101522,0.294441,chewing
5356595.0,-0.233887,1.721191,1.390137,-0.085534,-0.015188,-0.175599,-0.181152,-1.514648,1.439941,-0.212371,0.232355,0.317623,chewing
5356605.0,-0.214844,1.713867,1.358398,-0.147354,-0.278187,-0.287779,-0.211914,-1.524414,1.458984,-0.162276,0.377044,0.299504,chewing
5356615.0,-0.213379,1.758301,1.350098,-0.282184,-0.569963,-0.4791,-0.290527,-1.499512,1.396973,-0.355461,-0.193185,-0.240083,chewing
5356625.0,-0.178711,1.786621,1.301758,-0.366386,-0.912368,-0.691737,-0.273926,-1.630859,1.435547,0.118043,0.33974,0.228891,chewing
5356635.0,-0.194824,1.807129,1.32959,-0.325351,-1.249176,-0.941678,-0.256348,-1.488281,1.44873,-0.016521,0.141225,0.306165,chewing
5356645.0,-0.206543,1.739258,1.344238,-0.25687,-1.57426,-1.242514,-0.196289,-1.506348,1.428711,-0.040236,0.115112,0.217966,chewing
5356655.0,-0.202637,1.691895,1.35791,-0.255538,-1.754922,-1.376012,-0.227051,-1.482422,1.434082,-0.002398,0.237418,0.176398,chewing
5356665.0,-0.231934,1.671387,1.424316,-0.287779,-1.977951,-1.545482,-0.25,-1.492676,1.434082,-0.001865,0.261933,0.215835,chewing
5356675.0,-0.182617,1.679688,1.426758,-0.313093,-2.098392,-1.484462,-0.249023,-1.487305,1.443359,0.019985,0.237152,0.146821,chewing
5356685.0,-0.185059,1.700684,1.413574,-0.105786,-2.118643,-1.407188,-0.248535,-1.452637,1.450195,-0.036239,0.071145,0.019985,chewing
5356695.0,-0.246094,1.584473,1.376465,-0.034907,-1.776772,-1.235587,-0.229004,-1.504883,1.471191,0.058355,0.277387,0.097525,chewing
5356705.0,-0.246094,1.638672,1.418945,-0.20411,-1.570263,-1.011758,-0.24707,-1.464355,1.465332,-0.003198,0.274723,0.20944,chewing
5356715.0,-0.27832,1.67334,1.35498,-0.40902,-1.324851,-0.834827,-0.23584,-1.482422,1.472168,0.067948,0.239816,0.247011,chewing
5356725.0,-0.237305,1.711426,1.345703,-0.663758,-1.172168,-0.721314,-0.233398,-1.44043,1.479492,0.256603,0.254472,0.292309,chewing
5356735.0,-0.203613,1.65625,1.356445,-0.856677,-0.663492,-0.382374,-0.227539,-1.400879,1.506836,0.245145,0.264064,0.393299,chewing
5356745.0,-0.308594,1.716309,1.428711,-1.216668,-0.284848,-0.143357,-0.264648,-1.398926,1.541016,0.157213,0.262998,0.432735,chewing
5356755.0,-0.305664,1.705078,1.395508,-1.558273,0.308564,0.410619,-0.272461,-1.401367,1.557129,0.06475,0.136429,0.354928,chewing
5356765.0,-0.269531,1.713867,1.455566,-1.728009,1.012557,0.942478,-0.256348,-1.411621,1.533691,-0.044233,0.068747,0.188389,chewing
5356775.0,-0.196777,1.678223,1.442383,-1.563868,1.626487,1.34377,-0.23291,-1.416504,1.529785,-0.097792,0.10925,0.172135,chewing
5356785.0,-0.177734,1.741699,1.385742,-2.195118,2.225761,1.738135,-0.259277,-1.4375,1.519043,-0.093262,0.13856,0.123372,chewing
5356795.0,-0.236816,1.650879,1.535156,-2.120775,2.607602,1.793559,-0.268066,-1.42041,1.512695,-0.126303,0.045032,0.056757,chewing
5356805.0,-0.203125,1.725098,1.450195,-2.084003,2.971856,1.822603,-0.226562,-1.434082,1.486328,-0.152417,0.06102,0.09193,chewing
5356815.0,-0.251953,1.641113,1.413574,-2.002199,3.089899,1.611032,-0.231934,-1.462891,1.480957,-0.119642,0.172401,0.167605,chewing
5356825.0,-0.32959,1.681152,1.564453,-2.054692,3.112282,1.980616,-0.261719,-1.452637,1.473633,-0.107917,0.172934,0.202778,chewing
5356835.0,-0.239746,1.593262,1.635742,-1.714952,3.278288,2.391234,-0.231934,-1.480469,1.460449,-0.093262,0.197982,0.170802,chewing
5356845.0,-0.355469,1.568848,1.602539,-1.116211,3.136796,3.011825,-0.243164,-1.456055,1.476563,-0.066349,0.227026,0.166806,chewing
5356855.0,-0.171387,1.691895,1.479492,-0.825501,3.084303,2.461047,-0.268066,-1.481445,1.447754,-0.085534,0.272591,0.039436,chewing
5356865.0,-0.265625,1.598633,1.549805,-0.864937,2.761084,2.173534,-0.279297,-1.507324,1.441895,-0.053825,0.236352,0.034374,chewing
5356875.0,-0.188965,1.607422,1.588867,-0.514006,2.183127,1.64807,-0.288574,-1.493652,1.435059,-0.006928,0.231023,0.027712,chewing
5356885.0,-0.20752,1.554688,1.631348,-0.072211,1.977951,1.502049,-0.306152,-1.473145,1.447266,0.023449,0.174266,0.015188,chewing
5356895.0,-0.219238,1.617676,1.628418,0.221963,1.50951,1.014423,-0.305664,-1.452148,1.455078,-0.014655,0.061553,-0.024781,chewing
5356905.0,-0.176758,1.623535,1.602539,0.420744,1.054392,0.433268,-0.320801,-1.462891,1.462402,-0.014922,0.071412,0.011991,chewing
5356915.0,-0.191406,1.583008,1.575684,0.461779,0.596077,-0.137495,-0.32373,-1.472168,1.462402,0.000799,0.049562,0.032508,chewing
5356925.0,-0.152344,1.713379,1.503906,0.480432,0.332012,-0.457783,-0.304199,-1.469727,1.470215,-0.008793,0.033574,0.042368,chewing
5356935.0,-0.23877,1.498047,1.635742,0.612597,-0.081804,-0.721847,-0.303223,-1.484863,1.459961,-0.002931,0.075675,0.140159,chewing
5356945.0,-0.193359,1.51123,1.610352,0.891583,-0.274989,-1.080239,-0.298828,-1.48584,1.477051,0.024515,0.077274,0.179596,chewing
5356955.0,-0.258301,1.561523,1.611816,1.022949,-0.245412,-1.122606,-0.286621,-1.464844,1.470703,0.03464,0.110582,0.19958,chewing
5356965.0,-0.330078,1.51709,1.560059,0.960597,-0.062352,-0.455384,-0.273438,-1.45166,1.481934,0.042634,0.128701,0.151617,chewing
5356975.0,-0.263672,1.730957,1.407227,0.599008,0.054092,-0.114845,-0.260742,-1.422852,1.489258,0.043167,0.203044,0.037838,chewing
5356985.0,-0.274414,1.634277,1.527344,0.381841,0.172934,-0.070613,-0.291504,-1.399414,1.492188,-0.006662,0.155348,-0.00373,chewing
5356995.0,-0.271973,1.612305,1.51709,0.466043,0.488959,0.254472,-0.276855,-1.429199,1.486328,-0.033041,0.096992,-0.01279,chewing
5357005.0,-0.258789,1.631348,1.494629,0.327482,0.936083,0.454851,-0.268066,-1.417969,1.46582,-0.016254,0.07834,0.006662,chewing
5357015.0,-0.272461,1.57666,1.503906,0.220364,1.253173,0.7834,-0.259277,-1.4375,1.494141,-0.02638,0.052227,-0.011191,chewing
5357025.0,-0.268066,1.608887,1.544922,-0.032242,1.219332,0.833495,-0.233398,-1.449707,1.471191,-0.030643,0.099124,0.038371,chewing
5357035.0,-0.276367,1.586426,1.508301,-0.205176,1.159112,0.968325,-0.269043,-1.447754,1.498535,-0.006928,0.140959,0.09566,chewing
5357045.0,-0.31543,1.487793,1.422852,-0.223296,1.082104,1.190021,-0.274902,-1.433105,1.49707,-0.023715,0.094061,0.071412,chewing
5357055.0,-0.186035,1.602051,1.524902,-0.001599,0.6086,1.059988,-0.273438,-1.431641,1.504883,-0.031709,0.075942,0.026113,chewing
5357065.0,-0.219238,1.626953,1.495117,-0.134031,0.714386,1.240649,-0.298828,-1.429199,1.489746,-0.052493,0.061286,0.096193,chewing
5357075.0,-0.247559,1.65332,1.400879,-0.186257,0.824168,1.376012,-0.311035,-1.423828,1.487305,-0.060221,0.047697,0.072211,chewing
5357085.0,-0.20752,1.637207,1.452637,-0.527862,0.825501,1.431969,-0.291992,-1.424805,1.47998,-0.062086,0.02185,0.066349,chewing
5357095.0,-0.20752,1.646484,1.44873,-0.662159,0.532392,1.224928,-0.310547,-1.437988,1.493652,-0.072478,0.072478,0.026646,chewing
5357105.0,-0.219727,1.617188,1.467773,-0.51827,0.301369,0.70959,-0.312988,-1.437988,1.491211,-0.070613,0.065017,0.011191,chewing
5357115.0,-0.206055,1.638672,1.524414,-0.272325,-0.063951,-0.070613,-0.305176,-1.468262,1.486816,-0.099124,0.006662,-0.018652,chewing
5357125.0,-0.189453,1.675781,1.510254,-0.077807,-0.144689,-0.451654,-0.285645,-1.458008,1.491211,-0.083403,0.075942,-0.054891,chewing
5357135.0,-0.202148,1.584961,1.539551,-0.014123,-0.333877,-0.649902,-0.322266,-1.463379,1.48584,-0.112447,0.057023,-0.022116,chewing
5357145.0,-0.203613,1.567383,1.551758,0.037571,-0.516671,-0.881191,-0.309082,-1.46582,1.474609,-0.102588,0.015988,-0.053292,chewing
5357155.0,-0.282715,1.61084,1.538086,-0.005329,-0.869467,-0.701329,-0.292969,-1.463379,1.461426,-0.099391,0.055158,0.006928,chewing
5357165.0,-0.297852,1.610352,1.492676,-0.053292,-1.00856,-0.991507,-0.291992,-1.456543,1.463867,-0.108717,0.070346,0.071412,chewing
5357175.0,-0.244629,1.658691,1.523438,-0.177464,-1.137262,-0.996836,-0.279785,-1.45166,1.46582,-0.123905,0.082337,0.039969,chewing
5357185.0,-0.231445,1.665039,1.563477,-0.187856,-1.306998,-1.265164,-0.27002,-1.463379,1.450195,-0.102588,0.096193,0.050894,chewing
5357195.0,-0.302734,1.596191,1.557129,-0.063951,-1.582254,-1.337642,-0.267578,-1.448242,1.45752,-0.085002,0.120441,0.046631,chewing
5357205.0,-0.272461,1.655273,1.542969,-0.006662,-1.55241,-1.254239,-0.26416,-1.453125,1.447754,-0.069014,0.093262,0.060221,chewing
5357215.0,-0.299316,1.641113,1.552246,-0.067948,-1.371216,-1.154049,-0.270508,-1.450195,1.464355,-0.062619,0.053292,0.078074,chewing
5357225.0,-0.3125,1.591309,1.57959,-0.050628,-1.12234,-0.886254,-0.27002,-1.45459,1.463867,-0.061553,0.078873,0.11751,chewing
5357235.0,-0.253906,1.563965,1.575684,-0.027979,-0.872132,-0.576625,-0.283203,-1.456055,1.458984,-0.05649,0.089265,0.12204,chewing
5357245.0,-0.226562,1.571289,1.572754,0.046098,-0.827632,-0.466043,-0.296875,-1.454102,1.467285,-0.044499,0.021317,0.050095,chewing
5357255.0,-0.199219,1.56543,1.553223,0.062352,-1.151118,-0.473504,-0.288086,-1.456055,1.460938,-0.046897,0.040236,0.10845,chewing
5357265.0,-0.226074,1.653809,1.572754,0.096992,-1.170836,-0.273657,-0.308105,-1.443359,1.472168,-0.034374,0.07008,0.111914,chewing
5357275.0,-0.23291,1.574219,1.575684,0.206775,-0.817773,-0.244613,-0.329102,-1.441895,1.493164,-0.035972,0.098325,0.115378,chewing
5357285.0,-0.221191,1.5625,1.574219,0.330946,-0.458582,-0.212904,-0.340332,-1.437988,1.489258,-0.055424,0.075142,0.058888,chewing
5357295.0,-0.255371,1.553711,1.563477,0.410086,-0.315225,-0.099657,-0.344238,-1.436523,1.479004,-0.092462,0.034374,-0.00373,chewing
5357305.0,-0.290039,1.536621,1.539063,0.535856,-0.240349,0.229158,-0.313965,-1.454102,1.48584,-0.104453,0.065816,-0.01359,chewing
5357315.0,-0.239258,1.597168,1.555176,0.637112,-0.331746,0.433002,-0.326172,-1.459473,1.457031,-0.087666,0.118842,0.027446,chewing
5357325.0,-0.222168,1.657227,1.571777,0.725577,-0.139093,0.494821,-0.337891,-1.456543,1.458008,-0.096992,0.07834,0.049562,chewing
5357335.0,-0.23584,1.62207,1.52002,0.812444,-0.135629,0.870799,-0.318848,-1.466797,1.458008,-0.066882,0.038637,0.051161,chewing
5357345.0,0.03125,1.525879,1.368164,0.890251,0.294441,0.644306,-0.30127,-1.472656,1.445801,-0.045299,0.090331,0.099923,chewing
5357355.0,-0.227539,1.591797,1.519531,0.871332,0.371182,0.847351,-0.311035,-1.477539,1.448242,-0.043433,0.105253,0.081271,chewing
5357365.0,-0.200195,1.562012,1.449707,0.883856,0.61313,0.824168,-0.314453,-1.467285,1.449707,-0.046631,0.059421,0.01359,chewing
5357375.0,-0.165527,1.615234,1.41748,0.724512,0.689338,0.911835,-0.272461,-1.453125,1.445801,-0.051694,0.0437,-0.049296,chewing
5357385.0,-0.174316,1.641113,1.452637,0.536922,0.63951,0.821504,-0.276855,-1.447754,1.459473,-0.055158,0.108717,-0.046897,chewing
5357395.0,-0.174316,1.633789,1.456055,0.428738,0.636579,0.739433,-0.288086,-1.443848,1.460938,-0.067948,0.080738,-0.041568,chewing
5357405.0,-0.182129,1.678223,1.506348,0.372248,0.423942,0.613397,-0.28125,-1.461426,1.458496,-0.067415,0.039969,-0.089798,chewing
5357415.0,-0.154297,1.623535,1.471191,0.37891,0.220897,0.307231,-0.270508,-1.450684,1.439941,-0.06102,0.054891,-0.009326,chewing
5357425.0,-0.169922,1.632324,1.493652,0.366386,0.017853,0.136695,-0.294922,-1.473145,1.45459,-0.062619,0.060753,0.062885,chewing
5357435.0,-0.168457,1.664551,1.459961,0.253139,-0.174533,0.003198,-0.289551,-1.460938,1.459961,-0.046364,0.055424,0.062885,chewing
5357445.0,-0.150879,1.664063,1.491699,0.090064,-0.246478,-0.055691,-0.304688,-1.453613,1.471191,-0.032775,0.077807,0.116711,chewing
5357455.0,-0.140137,1.64209,1.485352,0.032775,-0.223296,-0.082603,-0.304199,-1.442383,1.477051,-0.036239,0.100723,0.091397,chewing
5357465.0,-0.17041,1.638184,1.493652,-0.033574,-0.178263,-0.117243,-0.310547,-1.435059,1.482422,-0.059421,0.08207,0.062619,chewing
5357475.0,-0.185059,1.645508,1.472656,-0.073277,-0.181727,-0.099124,-0.308594,-1.433105,1.48584,-0.074077,0.099657,0.043966,chewing
5357485.0,-0.175781,1.628906,1.46875,-0.043966,-0.361057,-0.205443,-0.297363,-1.424805,1.483398,-0.10019,0.086067,0.006129,chewing
5357495.0,-0.202148,1.668457,1.462891,-0.019185,-0.553709,-0.423409,-0.309082,-1.422852,1.477539,-0.10392,0.06475,0.00453,chewing
5357505.0,-0.206055,1.577637,1.477539,0.02185,-0.669087,-0.563035,-0.293945,-1.451172,1.47998,-0.120708,0.061819,0.006662,chewing
5357515.0,-0.23291,1.58252,1.441406,0.207841,-0.894781,-0.918496,-0.310059,-1.436035,1.469727,-0.136695,0.098058,0.012257,chewing
5357525.0,-0.266602,1.649902,1.426758,0.516404,-1.091697,-1.613963,-0.328125,-1.469238,1.465332,-0.151617,0.043966,-0.000266,chewing
5357535.0,-0.152344,1.584473,1.499512,0.69227,-1.111948,-1.615829,-0.317383,-1.479492,1.445313,-0.12657,0.030643,-0.006395,chewing
5357545.0,-0.211914,1.640625,1.443359,0.672018,-1.167905,-1.579323,-0.314941,-1.47998,1.450195,-0.110049,0.046897,0.048763,chewing
5357555.0,-0.219238,1.683594,1.424316,0.560371,-1.010159,-1.414116,-0.316406,-1.484375,1.44873,-0.076208,0.081271,0.086867,chewing
5357565.0,-0.080566,1.661621,1.476563,0.53479,-0.636312,-0.941678,-0.301758,-1.494629,1.46582,-0.084735,0.131632,0.031443,chewing
5357575.0,-0.069824,1.6875,1.512695,0.453786,-0.247544,-0.4354,-0.287598,-1.48877,1.442383,-0.097259,0.117776,0.005063,chewing
5357585.0,-0.125,1.642578,1.490234,0.499617,0.125504,-0.206242,-0.27002,-1.477051,1.449219,-0.084735,0.194518,-0.03544,chewing
5357595.0,-0.165039,1.623047,1.462402,0.843354,0.281917,-0.248077,-0.272461,-1.453125,1.4375,-0.087133,0.185191,-0.007727,chewing
5357605.0,-0.199219,1.646484,1.463867,1.084502,0.577957,0.025047,-0.260254,-1.427734,1.421875,-0.112181,0.142557,0.025847,chewing
5357615.0,-0.174805,1.618164,1.432617,1.254239,0.850815,-0.008527,-0.285156,-1.421387,1.410645,-0.139093,0.15215,-0.024781,chewing
5357625.0,-0.232422,1.635742,1.413086,1.513507,0.81804,-0.025847,-0.306641,-1.436035,1.414063,-0.139093,0.140959,0.09113,chewing
5357635.0,-0.263672,1.719727,1.38916,1.510576,0.915299,0.247277,-0.338867,-1.431152,1.404785,-0.140159,0.056757,0.060487,chewing
5357645.0,-0.195801,1.73291,1.415039,1.361357,0.998701,0.39996,-0.357422,-1.470215,1.417969,-0.086867,0.046897,0.097259,chewing
5357655.0,-0.224609,1.712891,1.414551,1.055191,1.186024,0.634714,-0.389648,-1.484375,1.455078,-0.03464,0.005596,0.151617,chewing
5357665.0,-0.22168,1.752441,1.394531,0.732505,1.258769,0.993372,-0.408203,-1.504883,1.467773,-0.018386,-0.042368,0.097259,chewing
5357675.0,-0.214844,1.741699,1.385742,0.423675,1.385338,1.263032,-0.412598,-1.508789,1.483887,-0.002931,0.023715,0.035706,chewing
5357685.0,-0.177246,1.716309,1.374023,0.140426,1.4349,1.310995,-0.445801,-1.496582,1.500977,-0.036505,0.027979,-0.001332,chewing
5357695.0,-0.179687,1.70752,1.346191,-0.108983,1.568665,1.276089,-0.440918,-1.502441,1.501953,-0.063951,-0.023182,-0.078606,chewing
5357705.0,-0.197266,1.720703,1.367188,-0.437798,1.63608,1.304867,-0.424805,-1.481934,1.490723,-0.063951,-0.01279,-0.122306,chewing
5357715.0,-0.18457,1.666016,1.368164,-0.71785,1.603571,1.410919,-0.405273,-1.468262,1.494629,-0.099923,-0.011191,-0.159078,chewing
5357725.0,-0.183594,1.691895,1.354004,-0.989375,1.621691,1.403724,-0.37207,-1.469238,1.451172,-0.113247,-0.024781,-0.176132,chewing
5357735.0,-0.228027,1.744141,1.367188,-1.319789,1.582787,1.289945,-0.322266,-1.480469,1.444824,-0.087133,-0.010392,-0.139626,chewing
5357745.0,-0.22168,1.693359,1.377441,-1.406389,1.450622,1.156714,-0.291016,-1.481934,1.437012,-0.089265,0.00373,-0.140959,chewing
5357755.0,-0.207031,1.666016,1.415527,-1.413317,1.212138,0.850548,-0.245117,-1.476563,1.427246,-0.076741,0.001066,-0.10019,chewing
5357765.0,-0.21875,1.717285,1.433594,-1.486861,0.849482,0.594478,-0.236816,-1.478027,1.408691,-0.052493,0.010658,-0.041568,chewing
5357775.0,-0.245117,1.656738,1.422363,-1.57506,0.628052,0.343204,-0.228516,-1.473633,1.408203,-0.021051,0.000533,-0.06102,chewing
5357785.0,-0.195312,1.688965,1.474121,-1.628352,0.283516,-0.025847,-0.217773,-1.477539,1.416016,-0.007461,-0.028778,-0.0437,chewing
5357795.0,-0.20459,1.700195,1.443359,-1.566266,-0.003464,-0.259002,-0.224121,-1.472656,1.418945,0.005063,0.00373,-0.014389,chewing
5357805.0,-0.195312,1.655762,1.47168,-1.581721,-0.220364,-0.505479,-0.269531,-1.493164,1.413574,0.045299,0.034907,0.003198,chewing
5357815.0,-0.214355,1.627441,1.499023,-1.40932,-0.433534,-0.905972,-0.271973,-1.487793,1.420898,0.051427,0.036239,0.011191,chewing
5357825.0,-0.206543,1.627441,1.53418,-1.325917,-0.693602,-1.054126,-0.301758,-1.485352,1.446289,0.085534,0.101522,0.090064,chewing
5357835.0,-0.229004,1.632813,1.568848,-1.194818,-0.941945,-1.366153,-0.337402,-1.468262,1.467773,0.093262,0.073544,0.082337,chewing
5357845.0,-0.272461,1.600586,1.554688,-1.083436,-1.117277,-1.50498,-0.332031,-1.457031,1.468262,0.068214,0.067948,-0.001599,chewing
5357855.0,-0.299805,1.580566,1.57959,-1.037605,-1.20974,-1.414116,-0.331543,-1.439941,1.477539,0.020784,0.117243,-0.001332,chewing
5357865.0,-0.263672,1.61084,1.577637,-0.890518,-1.147654,-1.349899,-0.34668,-1.435059,1.481445,-0.025847,0.090597,-0.002132,chewing
5357875.0,-0.220215,1.628418,1.544434,-0.825501,-0.939813,-1.112481,-0.337402,-1.442871,1.48584,-0.040236,0.071412,-0.015188,chewing
5357885.0,-0.228516,1.569336,1.589844,-0.502815,-0.565966,-0.768478,-0.302734,-1.461426,1.462891,-0.059954,0.087933,-0.026646,chewing
5357895.0,-0.244629,1.5625,1.577637,-0.142824,-0.314959,-0.559305,-0.283691,-1.456543,1.455078,-0.057023,0.155081,-0.00906,chewing
5357905.0,-0.279785,1.577148,1.570801,0.137228,-0.109516,-0.242214,-0.277832,-1.458496,1.460449,-0.06928,0.127902,-0.042368,chewing
5357915.0,-0.254395,1.566406,1.614258,0.326683,0.007994,-0.050894,-0.26709,-1.467773,1.448242,-0.055424,0.126836,-0.087666,chewing
5357925.0,-0.258301,1.583984,1.591309,0.459115,0.118043,0.07008,-0.286621,-1.449219,1.427734,-0.049828,0.179862,-0.03464,chewing
5357935.0,-0.259766,1.594727,1.574707,0.490291,0.174,0.179329,-0.306152,-1.461426,1.419922,-0.053026,0.15668,-0.02558,chewing
5357945.0,-0.265137,1.615723,1.566895,0.484162,0.199847,0.249142,-0.311035,-1.45166,1.404785,-0.028511,0.132432,-0.057023,chewing
5357955.0,-0.245605,1.604004,1.547363,0.497485,0.237152,0.281651,-0.313965,-1.457031,1.422363,-0.013856,0.138827,-0.065816,chewing
5357965.0,-0.322266,1.625488,1.570801,0.451121,0.401293,0.283516,-0.341309,-1.445313,1.436035,-0.025847,0.1311,-0.06102,chewing
5357975.0,-0.289551,1.604492,1.535156,0.4783,0.245412,0.197982,-0.36084,-1.45459,1.452148,-0.034907,0.122573,0.018919,chewing
5357985.0,-0.254883,1.624512,1.53418,0.418879,0.171335,0.114845,-0.37207,-1.47998,1.476563,-0.013856,0.096726,0.090597,chewing
5357995.0,-0.266602,1.628906,1.510254,0.336542,0.07834,0.043966,-0.365234,-1.48291,1.492676,-0.026646,0.049296,0.052227,chewing
5358005.0,-0.257324,1.619141,1.50293,0.242214,0.015188,-0.059421,-0.361328,-1.494629,1.486328,-0.051427,0.000266,-0.011991,chewing
5358015.0,-0.258301,1.632813,1.511719,0.155614,-0.03464,-0.167605,-0.335938,-1.494629,1.477539,-0.077008,0.014389,-0.074609,chewing
5358025.0,-0.253418,1.612305,1.52002,0.081538,-0.073011,-0.24408,-0.342285,-1.481934,1.48291,-0.066882,0.040769,-0.129767,chewing
5358035.0,-0.246094,1.59375,1.534668,0.047963,-0.130034,-0.359724,-0.322266,-1.454102,1.45459,-0.068481,0.070879,-0.145222,chewing
5358045.0,-0.256348,1.589355,1.536133,0.088466,-0.174533,-0.503881,-0.308594,-1.450684,1.457031,-0.07381,0.073277,-0.138294,chewing
5358055.0,-0.266113,1.581055,1.524902,0.114046,-0.216634,-0.535057,-0.302246,-1.442871,1.438965,-0.088466,0.047697,-0.153749,chewing
5358065.0,-0.269531,1.59375,1.531738,0.104986,-0.240616,-0.429271,-0.278809,-1.451172,1.430176,-0.0866,0.07008,-0.10019,chewing
5358075.0,-0.256836,1.59668,1.538574,0.159611,-0.237418,-0.372515,-0.273438,-1.455566,1.429199,-0.062885,0.062619,-0.021051,chewing
5358085.0,-0.268066,1.593262,1.519043,0.191054,-0.178796,-0.27872,-0.277832,-1.467285,1.42334,-0.055691,0.059155,0.026913,chewing
5358095.0,-0.276367,1.598145,1.53418,0.218766,-0.106052,-0.178263,-0.296387,-1.464355,1.430664,-0.035972,0.054092,0.04823,chewing
5358105.0,-0.262695,1.590332,1.522461,0.285115,-0.06475,-0.124971,-0.310059,-1.474609,1.448242,-0.032775,0.032242,0.077008,chewing
5358115.0,-0.273926,1.591797,1.517578,0.344802,-0.02638,-0.093795,-0.333984,-1.489746,1.439453,-0.027179,0.007994,0.061819,chewing
5358125.0,-0.276367,1.606445,1.508301,0.38344,0.040769,-0.065017,-0.346191,-1.485352,1.444824,-0.003997,0.010658,0.051427,chewing
5358135.0,-0.304199,1.633301,1.490723,0.399161,0.126037,0.114845,-0.362305,-1.487793,1.453125,0.002398,-0.006395,0.051161,chewing
5358145.0,-0.289551,1.623535,1.501953,0.366386,0.248876,0.309629,-0.342773,-1.479004,1.454102,-0.008793,-0.000533,0.000799,chewing
5358155.0,-0.288574,1.605957,1.477539,0.337608,0.364787,0.426873,-0.343262,-1.469238,1.475098,-0.023449,0.040502,-0.060753,chewing
5358165.0,-0.227051,1.583008,1.458008,0.287247,0.600873,0.347467,-0.329102,-1.458008,1.472168,-0.046631,0.049828,-0.073011,chewing
5358175.0,-0.283203,1.603027,1.493164,0.234221,0.627786,0.42181,-0.327148,-1.446777,1.465332,-0.053292,0.043966,-0.085268,chewing
5358185.0,-0.248535,1.608887,1.504395,0.254472,0.668021,0.464178,-0.314941,-1.44873,1.451172,-0.079139,0.029844,-0.056757,chewing
5358195.0,-0.27002,1.590332,1.507324,0.309896,0.723712,0.484695,-0.304199,-1.463867,1.436523,-0.06928,0.042634,-0.011724,chewing
5358205.0,-0.260254,1.599609,1.520996,0.336542,0.677614,0.524931,-0.291992,-1.462891,1.44873,-0.058622,0.039436,-0.022916,chewing
5358215.0,-0.283691,1.591797,1.500977,0.384239,0.71332,0.611531,-0.293457,-1.467285,1.435059,-0.069813,0.05276,-0.0437,chewing
5358225.0,-0.294922,1.630371,1.509766,0.371182,0.571828,0.698665,-0.304199,-1.478027,1.431152,-0.06102,0.058888,-0.024515,chewing
5358235.0,-0.26123,1.641602,1.483398,0.290977,0.566499,0.662959,-0.303711,-1.489258,1.430176,-0.043966,0.044233,-0.005596,chewing
5358245.0,-0.253906,1.647949,1.48584,0.227026,0.358658,0.476968,-0.30127,-1.482422,1.425293,-0.016787,0.036505,0.003997,chewing
5358255.0,-0.225098,1.658203,1.512695,0.137495,0.16041,0.245945,-0.30127,-1.479004,1.437988,-0.016787,0.054891,0.006928,chewing
5358265.0,-0.219238,1.667969,1.499512,0.088199,-0.003997,-0.008527,-0.315918,-1.487305,1.435547,-0.014922,0.059688,0.000799,chewing
5358275.0,-0.213379,1.666992,1.50293,-0.037305,-0.038371,-0.203577,-0.308105,-1.47168,1.437012,-0.00826,0.061553,-0.000533,chewing
5358285.0,-0.225098,1.63916,1.500977,-0.072211,-0.106319,-0.423142,-0.313965,-1.47168,1.467285,0.010658,0.08207,-0.00826,chewing
5358295.0,-0.244629,1.635742,1.488281,-0.124172,-0.165473,-0.533458,-0.32666,-1.464844,1.45752,-0.018652,0.041035,-0.021583,chewing
5358305.0,-0.290039,1.615234,1.50293,-0.128968,-0.31336,-0.67415,-0.327637,-1.461426,1.463867,-0.017587,0.017587,-0.02638,chewing
5358315.0,-0.265137,1.641602,1.499512,-0.001066,-0.858276,-0.985911,-0.336426,-1.451172,1.464844,-0.042634,-0.003464,-0.023182,chewing
5358325.0,-0.26123,1.625488,1.51709,-0.018919,-1.009893,-1.049596,-0.331543,-1.451172,1.458008,-0.04743,-0.016254,-0.06555,chewing
5358335.0,-0.232422,1.630859,1.501953,-0.014655,-0.958466,-1.008827,-0.325684,-1.46875,1.460449,-0.062086,-0.021317,-0.073011,chewing
5358345.0,-0.244629,1.623535,1.50293,-0.110049,-0.738101,-0.839357,-0.318359,-1.467773,1.467773,-0.057023,-0.019185,-0.099923,chewing
5358355.0,-0.266602,1.588379,1.511719,-0.061553,-0.541185,-0.617926,-0.304199,-1.446289,1.471191,-0.070346,-0.015721,-0.12577,chewing
5358365.0,-0.272461,1.611816,1.501953,0.021051,-0.419678,-0.491357,-0.274902,-1.436523,1.46582,-0.096459,-0.02638,-0.167338,chewing
5358375.0,-0.260254,1.606934,1.49707,0.058888,-0.313093,-0.417813,-0.272949,-1.42627,1.459473,-0.12204,-0.034907,-0.16947,chewing
5358385.0,-0.27832,1.616211,1.513184,0.099391,-0.258469,-0.364521,-0.284668,-1.426758,1.466797,-0.169737,-0.10472,-0.158279,chewing
5358395.0,-0.296387,1.622559,1.512207,0.178796,-0.199047,-0.334943,-0.296875,-1.4375,1.45752,-0.189455,-0.211305,-0.188655,chewing
5358405.0,-0.305176,1.620605,1.53418,0.229691,-0.182527,-0.314426,-0.297363,-1.453125,1.45166,-0.186524,-0.340006,-0.290444,chewing
5358415.0,-0.303223,1.644531,1.505371,0.270193,-0.193985,-0.279786,-0.295898,-1.477539,1.448242,-0.204377,-0.405822,-0.379443,chewing
5358425.0,-0.311035,1.638184,1.496582,0.251274,-0.187057,-0.197715,-0.320313,-1.465332,1.447754,-0.309896,-0.54758,-0.463112,chewing
5358435.0,-0.312988,1.637207,1.492676,0.237685,-0.188389,-0.134564,-0.312012,-1.495117,1.432617,-0.279253,-0.460714,-0.451387,chewing
5358445.0,-0.29834,1.640137,1.507324,0.245945,-0.215035,-0.18306,-0.317383,-1.499023,1.437012,-0.234221,-0.429271,-0.319755,chewing
5358455.0,-0.31543,1.637695,1.486328,0.244613,-0.279253,-0.324551,-0.292969,-1.489746,1.430664,-0.176665,-0.402092,-0.243014,chewing
5358465.0,-0.34668,1.63623,1.47168,0.287247,-0.345335,-0.426873,-0.284668,-1.490723,1.450684,-0.165473,-0.343737,-0.202245,chewing
5358475.0,-0.460449,1.597168,1.437988,0.389568,-0.352796,-0.788196,-0.27832,-1.500977,1.448242,-0.179063,-0.248077,-0.136695,chewing
5358485.0,-0.190918,1.564453,1.549805,0.525198,-0.546781,-0.677081,-0.287109,-1.510254,1.474121,-0.174799,-0.189188,-0.086067,chewing
5358495.0,-0.404297,1.702148,1.464355,0.394364,-0.649635,-0.68321,-0.278809,-1.504883,1.470703,-0.171069,-0.23502,-0.119375,chewing
5358505.0,-0.306641,1.662109,1.477051,0.310429,-0.564634,-0.6523,-0.243164,-1.487305,1.461426,-0.205975,-0.240616,-0.117776,chewing
5358515.0,-0.338867,1.638672,1.487305,0.280585,-0.546248,-0.705593,-0.228027,-1.480469,1.439941,-0.224361,-0.188389,-0.090331,chewing
5358525.0,-0.381348,1.648926,1.466797,0.245678,-0.551577,-0.566233,-0.222656,-1.48584,1.436523,-0.241681,-0.14842,-0.084202,chewing
5358535.0,-0.322754,1.657227,1.46875,0.101522,-0.409553,-0.401559,-0.19873,-1.483887,1.402832,-0.244613,-0.073544,-0.065017,chewing
5358545.0,-0.297363,1.630859,1.488281,0.069813,-0.203311,-0.320021,-0.20459,-1.464844,1.398438,-0.240349,-0.097792,0.081804,chewing
5358555.0,-0.307617,1.593262,1.494141,0.032242,-0.089798,-0.155614,-0.175293,-1.512695,1.394531,-0.195051,0.033841,0.051427,chewing
5358565.0,-0.303711,1.593262,1.509766,0.094061,-0.061286,-0.10392,-0.162598,-1.524414,1.380859,-0.175865,0.075675,0.068214,chewing
5358575.0,-0.308594,1.575684,1.483398,0.22143,-0.098325,-0.158279,-0.193848,-1.544434,1.38623,-0.109783,0.083669,0.232089,chewing
5358585.0,-0.299316,1.582031,1.498535,0.239816,-0.156413,-0.243014,-0.210937,-1.521973,1.350586,-0.081271,0.08287,0.233954,chewing
5358595.0,-0.318359,1.575195,1.522461,0.257403,-0.383972,-0.462845,-0.218262,-1.492188,1.395508,-0.062086,0.060487,0.41808,chewing
5358605.0,-0.305176,1.602539,1.502441,0.249942,-0.52653,-0.535856,-0.30957,-1.502441,1.413086,-0.049828,0.059954,0.355194,chewing
5358615.0,-0.289551,1.623047,1.49707,0.268328,-0.677881,-0.614196,-0.34375,-1.51709,1.408691,-0.024515,-0.064217,0.331213,chewing
5358625.0,-0.283203,1.628418,1.480469,0.108983,-0.656297,-0.673084,-0.364258,-1.513184,1.400879,0.023182,-0.079939,0.343204,chewing
5358635.0,-0.284668,1.640625,1.480469,0.067415,-0.614462,-0.638444,-0.382813,-1.528809,1.430176,0.033841,-0.0874,0.353329,chewing
5358645.0,-0.305664,1.62793,1.493652,-0.070613,-0.532126,-0.658162,-0.397461,-1.538086,1.443359,0.046098,-0.085002,0.416481,chewing
5358655.0,-0.339355,1.632324,1.497559,-0.083669,-0.509743,-0.567032,-0.408203,-1.555664,1.450195,0.127636,-0.067681,0.386904,chewing
5358665.0,-0.314453,1.620117,1.493652,-0.119908,-0.488692,-0.532126,-0.424805,-1.53418,1.487305,0.138294,-0.136429,0.328815,chewing
5358675.0,-0.333496,1.598633,1.508301,-0.164674,-0.466043,-0.540386,-0.399414,-1.54248,1.469727,0.128968,-0.227292,0.305632,chewing
5358685.0,-0.338867,1.608887,1.48584,-0.146554,-0.475636,-0.497485,-0.370117,-1.496094,1.472168,0.146554,-0.178796,0.254205,chewing
5358695.0,-0.357422,1.62207,1.492676,-0.134031,-0.449789,-0.440196,-0.32666,-1.500488,1.479004,0.112447,-0.16947,0.165473,chewing
5358705.0,-0.343262,1.613281,1.503418,-0.153749,-0.516138,-0.456983,-0.289551,-1.456543,1.46582,0.083403,-0.168138,0.135629,chewing
5358715.0,-0.342773,1.605469,1.494629,-0.081538,-0.493755,-0.479632,-0.255371,-1.449707,1.454102,0.074609,-0.122573,0.174,chewing
5358725.0,-0.342285,1.647461,1.49707,-0.067149,-0.410086,-0.423409,-0.240723,-1.447266,1.445313,0.055158,-0.126836,0.224095,chewing
5358735.0,-0.32959,1.651367,1.498047,-0.104453,-0.270459,-0.282184,-0.209961,-1.441895,1.430176,0.063951,-0.174266,0.290977,chewing
5358745.0,-0.350586,1.655762,1.486816,-0.084735,-0.195583,-0.174533,-0.210449,-1.436523,1.43457,0.040236,-0.172135,0.158279,chewing
5358755.0,-0.324219,1.638672,1.487793,-0.096726,-0.168671,-0.133764,-0.164062,-1.429199,1.381836,-0.02638,-0.215835,0.215035,chewing
5358765.0,-0.340332,1.623047,1.492676,-0.08207,-0.197982,-0.097792,-0.213867,-1.454102,1.407227,-0.059688,-0.066349,-0.179329,chewing
5358775.0,-0.330566,1.601563,1.524414,0.013057,-0.323219,-0.248876,-0.249023,-1.48877,1.42041,-0.160144,-0.039969,0.060221,chewing
5358785.0,-0.35791,1.586914,1.517578,0.108983,-0.558505,-0.460447,-0.25,-1.482422,1.418457,-0.092729,0.021583,0.136429,chewing
5358795.0,-0.358887,1.581055,1.542969,0.280851,-0.83083,-0.769277,-0.287109,-1.491699,1.435547,-0.018119,0.012257,0.064217,chewing
5358805.0,-0.335449,1.600098,1.501465,0.439397,-1.034674,-1.143391,-0.294922,-1.52002,1.462891,-0.011191,-0.072478,0.160943,chewing
5358815.0,-0.334473,1.64209,1.51123,0.489492,-1.190021,-1.317124,-0.288574,-1.491699,1.460938,0.006395,-0.208907,0.29151,chewing
5358825.0,-0.327637,1.683105,1.49707,0.368251,-1.158046,-1.249176,-0.273438,-1.486816,1.463867,0.08207,-0.298438,0.50468,chewing
5358835.0,-0.345215,1.65918,1.501465,0.234753,-1.129534,-1.127936,-0.26123,-1.476563,1.447754,0.138294,-0.316025,0.620058,chewing
5358845.0,-0.36084,1.641113,1.499512,0.119908,-1.133531,-1.050928,-0.253418,-1.483398,1.431152,0.110049,-0.314426,0.680812,chewing
5358855.0,-0.358887,1.615723,1.492188,0.030643,-1.164974,-1.091164,-0.222168,-1.48877,1.424316,0.106319,-0.251274,0.679746,chewing
5358865.0,-0.390137,1.553711,1.515137,-0.01359,-1.265963,-1.200413,-0.243652,-1.475586,1.419434,0.166273,-0.164141,0.603804,chewing
5358875.0,-0.378906,1.539063,1.506836,0.156147,-1.397329,-1.384273,-0.227539,-1.488281,1.48291,0.166539,-0.050628,0.337075,chewing
5358885.0,-0.39209,1.536621,1.506348,0.277654,-1.329115,-1.399194,-0.220703,-1.368164,1.474609,-0.029844,0.062086,0.397029,chewing
5358895.0,-0.394043,1.555664,1.504883,0.442328,-1.270493,-1.296606,-0.265137,-1.37207,1.499023,-0.061553,0.164407,0.106851,chewing
5358905.0,-0.39209,1.588867,1.482422,0.488692,-1.059721,-0.995504,-0.30957,-1.376953,1.50293,-0.13856,0.150285,0.164141,chewing
5358915.0,-0.386719,1.604492,1.476074,0.420478,-0.719715,-0.629384,-0.333008,-1.362305,1.513184,-0.187323,0.106585,0.208374,chewing
5358925.0,-0.386719,1.584473,1.486816,0.414349,-0.41275,-0.254205,-0.313965,-1.353516,1.48877,-0.252873,0.054625,0.210239,chewing
5358935.0,-0.366699,1.563477,1.503418,0.476968,-0.255005,-0.11751,-0.333496,-1.390137,1.473145,-0.297106,0.081271,0.224361,chewing
5358945.0,-0.337891,1.59668,1.510254,0.534257,-0.227292,0.023182,-0.345703,-1.419922,1.45166,-0.332012,-0.031443,0.405822,chewing
5358955.0,-0.333984,1.592773,1.503418,0.581688,-0.219832,0.159877,-0.31543,-1.553223,1.484863,-0.215302,-0.057822,0.536123,chewing
5358965.0,-0.33252,1.613281,1.484375,0.627253,-0.200913,0.323219,-0.346191,-1.51709,1.491211,-0.210239,-0.089265,0.473504,chewing
5358975.0,-0.313477,1.576172,1.460449,0.808447,-0.147887,0.126303,-0.310059,-1.515625,1.459473,-0.188389,-0.200646,0.527063,chewing
5358985.0,-0.326172,1.590332,1.481445,0.844953,-0.185724,0.149485,-0.256836,-1.496582,1.461426,-0.153216,-0.130034,0.520934,chewing
5358995.0,-0.322266,1.533691,1.478027,1.106086,-0.187856,0.115645,-0.258789,-1.4375,1.458496,-0.237152,-0.061553,0.306165,chewing
5359005.0,-0.342285,1.557617,1.45752,1.3483,-0.293109,-0.201179,-0.274902,-1.432129,1.448242,-0.323485,-0.006395,0.306698,chewing
5359015.0,-0.363281,1.553711,1.462402,1.44476,-0.522266,-0.504946,-0.291016,-1.439453,1.443359,-0.293375,0.049296,0.372515,chewing
5359025.0,-0.400879,1.604004,1.434082,1.521234,-0.829231,-0.872931,-0.286133,-1.425781,1.446777,-0.316557,0.119642,0.338674,chewing
5359035.0,-0.403809,1.649902,1.42334,1.387737,-1.089832,-1.130067,-0.283691,-1.393555,1.424316,-0.446325,0.13483,0.220364,chewing
5359045.0,-0.405273,1.713867,1.413574,0.949672,-1.135397,-1.118077,-0.286621,-1.462402,1.428223,-0.422876,0.159611,0.233421,chewing
5359055.0,-0.407715,1.69043,1.40625,0.401825,-0.966193,-0.954735,-0.299805,-1.477539,1.454102,-0.363455,0.261933,0.110582,chewing
5359065.0,-0.398438,1.69873,1.42334,-0.045565,-0.821504,-0.850015,-0.314453,-1.47998,1.441895,-0.488692,0.197449,0.184392,chewing
5359075.0,-0.416992,1.692383,1.437012,-0.429005,-0.796989,-0.78793,-0.28125,-1.502441,1.40332,-0.477501,0.219832,0.246211,chewing
5359085.0,-0.423828,1.682129,1.444824,-0.648303,-0.947274,-0.831096,-0.286621,-1.476563,1.415039,-0.490291,0.310962,0.241948,chewing
5359095.0,-0.38916,1.684082,1.476074,-0.866003,-0.972588,-0.96113,-0.313477,-1.462402,1.411133,-0.629651,0.32242,0.201979,chewing
5359105.0,-0.373535,1.658691,1.478027,-1.083703,-1.173501,-0.775672,-0.32959,-1.472168,1.385254,-0.727975,0.367718,0.219832,chewing
5359115.0,-0.398438,1.674316,1.48584,-1.004564,-1.250775,-0.747694,-0.384766,-1.531738,1.364258,-0.76155,0.332812,0.237152,chewing
5359125.0,-0.358887,1.614746,1.496094,-0.828432,-0.942744,-0.767678,-0.378906,-1.586914,1.327148,-0.705593,0.23875,0.362123,chewing
5359135.0,-0.373535,1.606445,1.47168,-0.537455,-0.728508,-0.717317,-0.313965,-1.574707,1.322754,-0.61313,0.359191,0.550511,chewing
5359145.0,-0.377441,1.589844,1.490234,-0.162276,-0.447923,-0.70426,-0.389648,-1.572266,1.327637,-0.574493,0.577424,0.638711,chewing
5359155.0,-0.464844,1.391602,1.521973,0.132432,-0.33974,-0.457783,-0.456055,-1.575195,1.349121,-0.623256,0.495087,0.59581,chewing
5359165.0,-0.295898,1.672852,1.48877,0.227559,-0.197982,-0.901443,-0.463867,-1.56543,1.337402,-0.603005,0.325884,0.390368,chewing
5359175.0,-0.362793,1.692383,1.5,0.340806,-0.279786,-0.785531,-0.474609,-1.541016,1.304688,-0.555041,0.254738,0.319222,chewing
5359185.0,-0.393555,1.580566,1.505371,0.409286,-0.132965,-0.592613,-0.514648,-1.541992,1.293945,-0.546248,0.231289,0.289378,chewing
5359195.0,-0.421875,1.541992,1.491211,0.487626,-0.029311,-0.494821,-0.543457,-1.561523,1.286133,-0.502282,0.163341,0.241149,chewing
5359205.0,-0.371094,1.693359,1.49707,0.337874,0.06475,-0.330946,-0.541992,-1.611816,1.284668,-0.395697,0.143623,0.181727,chewing
5359215.0,-0.412598,1.661621,1.490723,0.365587,-0.234221,-0.101522,-0.519531,-1.628906,1.303223,-0.264597,0.146554,0.129501,chewing
5359225.0,-0.443848,1.61084,1.460938,0.473237,-0.308297,-0.111381,-0.501465,-1.626465,1.333984,-0.176931,0.165207,-0.01359,chewing
5359235.0,-0.427246,1.702637,1.453613,0.55211,-0.543051,-0.293908,-0.443359,-1.591309,1.379395,-0.147354,0.17853,-0.127369,chewing
5359245.0,-0.449707,1.644043,1.462402,0.591813,-0.391433,-0.273391,-0.422363,-1.575684,1.385742,-0.124704,0.244879,-0.114046,chewing
5359255.0,-0.42041,1.572754,1.442383,0.635513,-0.403957,-0.280052,-0.448242,-1.512207,1.414551,-0.118309,0.218499,-0.121507,chewing
5359265.0,-0.411621,1.599609,1.443848,0.656297,-0.345868,-0.346401,-0.452637,-1.501953,1.394043,-0.160144,0.165473,-0.127636,chewing
5359275.0,-0.405762,1.644531,1.450684,0.595277,-0.417014,-0.333078,-0.430664,-1.508301,1.375,-0.174,0.088998,-0.051427,chewing
5359285.0,-0.4375,1.623535,1.43457,0.527862,-0.331213,-0.240083,-0.419434,-1.505859,1.358398,-0.202778,0.102055,-0.016521,chewing
5359295.0,-0.464844,1.602539,1.435547,0.323219,-0.281384,-0.300303,-0.379395,-1.523438,1.345215,-0.209972,0.152949,-0.020518,chewing
5359305.0,-0.474121,1.594238,1.44873,0.175865,-0.430337,-0.471639,-0.342773,-1.553223,1.327148,-0.217966,0.186257,-0.070613,chewing
5359315.0,-0.478516,1.568848,1.471191,0.121773,-0.527596,-0.759418,-0.330566,-1.566895,1.327637,-0.207308,0.15668,-0.059421,chewing
5359325.0,-0.45752,1.601074,1.483887,0.031176,-0.613397,-0.906772,-0.312012,-1.563965,1.321289,-0.196383,0.192652,-0.124971,chewing
5359335.0,-0.285156,1.77832,1.522461,-0.211571,-0.70879,-1.491657,-0.319824,-1.554688,1.283691,-0.236086,0.146288,-0.159877,chewing
5359345.0,-0.293457,1.689453,1.522461,0.058888,-1.15698,-1.968625,-0.334473,-1.572754,1.253418,-0.23955,0.159611,-0.083936,chewing
5359355.0,-0.401855,1.534668,1.489746,0.271525,-1.523632,-2.354995,-0.365723,-1.566895,1.251465,-0.156413,0.12657,-0.01279,chewing
5359365.0,-0.495117,1.635254,1.452637,0.47457,-2.475436,-3.209008,-0.343262,-1.550781,1.257324,-0.122306,0.118043,0.120708,chewing
5359375.0,-0.346191,1.741211,1.466797,0.716251,-3.132533,-3.693969,-0.356445,-1.551758,1.273926,-0.069547,0.191853,0.260067,chewing
5359385.0,-0.493652,1.592285,1.438965,1.354962,-3.884223,-4.720649,-0.397461,-1.546387,1.314453,-0.085002,0.22676,0.155081,chewing
5359395.0,-0.516113,1.533691,1.700195,2.121841,-4.939415,-5.276224,-0.43457,-1.57959,1.327148,-0.130567,0.227825,0.107118,chewing
5359405.0,-0.574219,1.587891,1.405273,2.277455,-4.005731,-5.51524,-0.456055,-1.609863,1.314941,-0.116977,0.166273,0.111115,chewing
5359415.0,-0.475586,1.61084,1.436035,2.028312,-3.155449,-5.19815,-0.47168,-1.601074,1.300293,-0.080205,0.111648,0.079939,chewing
5359425.0,-0.509766,1.356934,1.567383,2.3931,-3.081905,-3.99294,-0.482422,-1.584473,1.288574,-0.070613,0.027712,0.08287,chewing
5359435.0,-0.546387,1.497559,1.506348,2.415482,-2.876462,-2.350199,-0.495605,-1.564941,1.299316,-0.053559,-0.006662,0.094861,chewing
5359445.0,-0.628418,1.5,1.480469,2.486361,-2.608934,-2.01872,-0.525391,-1.523926,1.284668,-0.040769,0.006129,0.113779,chewing
5359455.0,-0.564453,1.546387,1.404785,1.640876,-1.333911,-1.396796,-0.511719,-1.520996,1.303711,-0.047697,0.022383,0.077274,chewing
5359465.0,-0.684082,1.544922,1.376465,0.58675,-0.279519,-1.364021,-0.512695,-1.515625,1.314453,-0.047164,0.049296,0.066616,chewing
5359475.0,-0.703613,1.552734,1.458496,0.40449,-0.402358,-0.366386,-0.477539,-1.538086,1.341309,-0.057289,0.049562,0.013856,chewing
5359485.0,-0.656738,1.504883,1.455566,0.193452,-0.526263,0.058089,-0.408691,-1.539551,1.366211,-0.073544,0.132432,-0.076475,chewing
5359495.0,-0.675781,1.613281,1.366699,-0.009326,-0.617127,0.306965,-0.410156,-1.532227,1.396484,-0.12124,0.201979,-0.076741,chewing
5359505.0,-0.67627,1.586426,1.327148,-0.118842,-0.440196,0.753556,-0.413574,-1.566895,1.394531,-0.183859,0.162009,-0.11751,chewing
5359515.0,-0.637695,1.567383,1.324707,-0.307231,-0.261666,1.128469,-0.396973,-1.577637,1.36084,-0.192919,0.110582,-0.151084,chewing
5359525.0,-0.593262,1.560547,1.220703,-1.2617,-0.048763,1.49219,-0.367188,-1.579102,1.296875,-0.163874,0.05276,-0.138294,chewing
5359535.0,-0.529297,1.711914,1.339355,-2.604937,0.086067,1.419179,-0.343262,-1.578613,1.279297,-0.090331,0.050361,-0.094061,chewing
5359545.0,-0.383301,1.662598,1.429688,-2.6092,1.00483,0.939014,-0.321289,-1.55957,1.255371,-0.018919,0.094061,-0.071945,chewing
5359555.0,-0.418457,1.654785,1.31543,0.069813,-0.375446,0.438331,-0.332031,-1.552246,1.278809,0.030377,0.136695,-0.031443,chewing
5359565.0,-0.448242,1.664551,1.411621,0.419145,-0.049562,0.508677,-0.340332,-1.535645,1.302734,0.041835,0.134564,-0.068747,chewing
5359575.0,-0.429199,1.469238,1.521484,-0.811378,0.234753,0.74796,-0.338379,-1.533203,1.331055,0.01279,0.112447,-0.054625,chewing
5359585.0,-0.397949,1.464844,1.523926,-1.595844,-0.017853,0.640576,-0.358398,-1.566406,1.336914,0.011191,0.11298,0.055957,chewing
5359595.0,-0.519043,1.563477,1.487793,-1.096227,-0.384505,0.129767,-0.366699,-1.567871,1.336426,0.025047,0.084735,0.086867,chewing
5359605.0,-0.510742,1.523926,1.654785,-0.966193,-1.243047,0.6094,-0.367188,-1.562988,1.316406,0.028245,0.069014,0.060221,chewing
5359615.0,-0.530762,1.574219,1.543945,-1.310462,-0.926224,0.223029,-0.409668,-1.563477,1.284668,0.021051,0.077541,0.147354,chewing
5359625.0,-0.592285,1.674805,1.478516,-1.36562,-1.660861,-0.053292,-0.439941,-1.567871,1.271484,0.038371,0.064217,0.1303,chewing
5359635.0,-0.498535,1.677734,1.499023,-1.123139,-1.983014,-0.316291,-0.463867,-1.557617,1.274414,0.067149,0.036505,0.161743,chewing
5359645.0,-0.507324,1.682617,1.46582,-1.190554,-1.96143,-0.45645,-0.466797,-1.557129,1.287109,0.093528,0.027712,0.189188,chewing
5359655.0,-0.444336,1.628906,1.54541,-1.008294,-2.125038,-0.705859,-0.477051,-1.54541,1.322754,0.071945,0.033841,0.109783,chewing
5359665.0,-0.408691,1.631348,1.567383,-0.549979,-2.178064,-1.11408,-0.474121,-1.538086,1.342285,0.022916,0.067415,0.065017,chewing
5359675.0,-0.429687,1.591309,1.605957,-0.495087,-1.555608,-1.005096,-0.476562,-1.544434,1.325684,0.011991,0.063685,-0.00826,chewing
5359685.0,-0.413086,1.434082,1.484863,0.116977,-1.228658,-0.327482,-0.438965,-1.553711,1.341797,-0.003198,0.096726,-0.064217,chewing
5359695.0,-0.215332,1.460938,1.317383,0.570496,-0.269926,0.043966,-0.457031,-1.539063,1.338379,-0.001332,0.073544,-0.011458,chewing
5359705.0,1.845703,3.405762,0.477051,1.282484,8.731176,8.731176,-0.432617,-1.533203,1.340332,-0.017587,0.039703,-0.063951,chewing
5359715.0,-1.302246,1.353516,1.530762,2.154616,8.044236,6.414551,-0.40918,-1.524414,1.351563,-0.054092,0.056757,-0.08287,chewing
5359725.0,-1.623535,1.668945,1.587402,0.684276,3.572462,2.807449,-0.413086,-1.520508,1.333984,-0.127902,0.12657,-0.105519,chewing
5359735.0,-0.65918,1.782227,1.338379,-0.052493,-0.536922,0.220098,-0.437988,-1.576172,1.291992,-0.142291,0.110049,-0.06555,chewing
5359745.0,-0.239258,1.67334,1.418945,-0.051161,-0.044233,0.980582,-0.44043,-1.590332,1.262207,-0.094061,0.036772,0.002931,chewing
5359755.0,1.874023,1.25293,1.45166,-0.020784,5.738269,5.812879,-0.433594,-1.578613,1.248535,-0.012524,-0.014655,0.073277,chewing
5359765.0,-1.624512,1.906738,1.432129,0.055424,5.261302,4.36279,-0.42627,-1.582031,1.269043,0.042101,-0.033308,0.088732,chewing
5359775.0,-0.881348,1.363281,1.293945,0.508144,0.717051,1.499651,-0.435547,-1.594238,1.271484,0.107917,-0.034107,0.04743,chewing
5359785.0,-0.121582,1.759766,1.468262,-0.116178,0.010658,1.080239,-0.416504,-1.563477,1.303223,0.150551,-0.003198,0.022116,chewing
5359795.0,-0.118652,1.352539,1.476563,0.563568,-0.134564,0.812178,-0.400879,-1.524902,1.35498,0.119109,0.073277,0.00373,chewing
5359805.0,-0.244141,1.543945,1.419922,0.805783,0.039969,1.15698,-0.412109,-1.52002,1.373535,0.090864,0.098058,0.039703,chewing
5359815.0,-0.155762,1.72168,1.469727,0.475103,0.408753,1.119142,-0.404785,-1.533203,1.362305,0.055691,0.077541,0.113247,chewing
5359825.0,-0.193848,1.408691,1.48584,0.301902,0.886521,0.754622,-0.409668,-1.538574,1.362305,0.077008,0.071945,0.187856,chewing
5359835.0,-0.124023,1.133789,1.501953,0.593678,0.712521,-0.79619,-0.400879,-1.547852,1.356934,0.066083,0.035706,0.248077,chewing
5359845.0,-0.231445,1.567383,1.379395,1.324851,0.955534,-2.680879,-0.404785,-1.539063,1.336426,0.059954,0.040236,0.218233,chewing
5359855.0,-0.424805,2.134766,1.282227,2.30943,1.645939,-2.392034,-0.396484,-1.532227,1.331543,0.037571,0.067149,0.147354,chewing
5359865.0,-0.573242,2.04248,1.257813,1.24891,1.468741,-1.718417,-0.411621,-1.527344,1.314453,-0.000533,0.107917,0.034374,chewing
5359875.0,-0.494629,1.86084,1.231934,1.131133,1.128469,-1.872698,-0.435547,-1.531738,1.278809,-0.038904,0.074343,-0.018119,chewing
5359885.0,-0.338379,1.790039,1.312988,0.879593,0.672018,-2.183926,-0.441895,-1.543457,1.263184,-0.037571,0.087933,0.015721,chewing
5359895.0,-0.04541,1.905762,1.378418,1.435167,0.586217,-0.834294,-0.448242,-1.558594,1.25,0.015721,0.081804,0.133764,chewing
5359905.0,-0.706055,1.85791,1.236816,0.62672,0.855877,-0.554775,-0.439941,-1.550781,1.270508,0.058355,0.153482,0.200913,chewing
5359915.0,-0.696777,1.813477,1.277832,0.229691,-0.102855,-0.53932,-0.466797,-1.539063,1.275391,0.109516,0.149752,0.225694,chewing
5359925.0,-0.621582,1.698242,1.27832,0.087133,0.086867,0.174,-0.483398,-1.533691,1.31543,0.113513,0.122839,0.221963,chewing
5359935.0,-0.562012,1.750488,1.311523,0.025047,0.280585,0.118576,-0.518066,-1.559082,1.345215,0.087133,0.05276,0.20411,chewing
5359945.0,-0.589844,1.77002,1.309082,-0.305632,0.235286,0.025847,-0.535156,-1.570801,1.346191,0.087133,-0.016521,0.153749,chewing
5359955.0,-0.631836,1.67627,1.261719,-0.383972,-0.141758,0.501482,-0.51709,-1.601563,1.338867,0.071678,-0.064484,0.084469,chewing
5359965.0,-0.606934,1.583984,1.305176,-0.211571,-0.483096,0.213703,-0.515137,-1.618652,1.316406,0.06928,-0.066349,-0.019185,chewing
5359975.0,-0.345215,1.517578,1.313965,-0.212104,-0.153749,0.355194,-0.497559,-1.632813,1.286133,0.115378,-0.063951,-0.031443,chewing
5359985.0,-0.288086,1.581543,1.384766,0.02638,-0.196116,0.391167,-0.475586,-1.611816,1.267578,0.181994,-0.024248,-0.005329,chewing
5359995.0,-0.319824,1.672363,1.285645,-0.089531,0.123905,0.770609,-0.467773,-1.57959,1.28125,0.283783,-0.010925,0.049828,chewing
5360005.0,-0.487305,1.684082,1.251465,0.124438,0.302435,0.667755,-0.449707,-1.537598,1.298828,0.353329,-0.038371,0.073277,chewing
5360015.0,-0.553711,1.812988,1.21582,-0.036505,0.194251,0.521201,-0.431641,-1.513184,1.338867,0.400493,-0.085534,0.125237,chewing
5360025.0,-0.567871,1.786133,1.224609,-0.001865,-0.038371,0.347201,-0.402832,-1.471191,1.399902,0.407954,-0.094594,0.146821,chewing
5360035.0,-0.397949,1.88916,1.262207,-0.24328,-0.241415,-0.671219,-0.369629,-1.446777,1.427734,0.367718,-0.102055,0.148686,chewing
5360045.0,-0.517578,1.713379,1.286133,-0.528129,-0.112714,-0.424741,-0.342773,-1.42627,1.433594,0.295773,-0.088732,0.118576,chewing
5360055.0,-0.399414,1.582031,1.303223,-0.604337,0.128968,-0.724512,-0.342773,-1.446777,1.425781,0.205709,-0.06475,0.148153,chewing
5360065.0,-0.384766,1.577637,1.366699,-0.663758,0.14389,-1.03947,-0.378418,-1.460938,1.387695,0.21317,-0.123106,0.252073,chewing
5360075.0,-0.41748,1.569336,1.416016,-0.427406,-0.105253,-2.14902,-0.374023,-1.455566,1.393066,0.236619,-0.179329,0.274456,chewing
5360085.0,-0.414062,1.686035,1.285156,-0.533191,0.320288,-1.989409,-0.373535,-1.430664,1.390137,0.173467,-0.158545,0.263531,chewing
5360095.0,-0.544434,1.48584,1.327637,-0.454851,0.600873,-1.795957,-0.412598,-1.43457,1.389648,0.120974,-0.103654,0.242214,chewing
5360105.0,-0.578613,1.572754,1.381348,0.100723,0.892916,-1.959565,-0.43457,-1.457031,1.372559,0.106052,-0.118842,0.23502,chewing
5360115.0,-0.571289,1.683105,1.29834,0.607534,0.969124,-2.640377,-0.435059,-1.470703,1.40332,0.100989,-0.13483,0.25607,chewing
5360125.0,-0.481445,1.844727,1.217285,0.110315,2.06162,-1.288879,-0.409668,-1.464355,1.403809,0.072478,-0.146288,0.333078,chewing
5360135.0,-0.689941,1.551758,1.260254,-2.061354,2.054426,0.408221,-0.418945,-1.438965,1.418457,0.076741,-0.151617,0.401559,chewing
5360145.0,-0.70752,1.582031,1.347168,-2.284916,1.156714,1.14872,-0.46875,-1.387207,1.453613,0.003198,-0.240083,0.522,chewing
5360155.0,-0.729004,1.590332,1.521484,-2.242548,0.488426,1.083436,-0.521484,-1.371094,1.479492,-0.115112,-0.352796,0.647237,chewing
5360165.0,-0.707031,1.652344,1.407715,-2.301703,-0.243547,1.229191,-0.600098,-1.349609,1.492676,-0.314159,-0.539054,0.733838,chewing
5360175.0,-0.609863,1.645996,1.467773,-2.618793,-0.835093,1.382407,-0.531738,-1.336914,1.486328,-0.540919,-0.562502,0.937948,chewing
5360185.0,-0.532715,1.82373,1.261719,-4.455519,-1.640343,1.968358,-0.757324,-1.369629,1.583008,-0.886521,-0.622456,0.29151,chewing
5360195.0,-0.651367,1.745605,1.183594,-4.343871,-1.853779,2.24841,-0.773437,-1.375977,1.65625,-1.264098,-0.988576,0.041035,chewing
5360205.0,-0.323242,1.372559,1.425293,-3.435234,-1.210273,3.723547,-0.694824,-1.378418,1.678711,-1.392799,-1.097559,-0.156147,chewing
5360215.0,-0.091797,1.47998,1.403809,-2.794925,0.396763,4.387038,-0.685547,-1.309082,1.699219,-1.732539,-1.215335,-0.211038,chewing
5360225.0,-0.333008,1.389648,1.376465,-2.299571,0.903308,5.171237,-0.5,-1.256348,1.632813,-2.071746,-1.311528,-0.010658,chewing
5360235.0,-0.516602,1.71582,1.554199,-2.424542,0.756753,5.526698,-0.49707,-1.328613,1.607422,-2.300104,-0.973654,-0.550778,chewing
5360245.0,-0.521484,1.387207,1.349609,-2.859142,-0.045299,4.478701,-0.443848,-1.355469,1.558105,-2.735504,-0.45645,-0.536123,chewing
5360255.0,0.376953,0.359375,1.905273,-0.706126,0.162809,2.399495,-0.556641,-1.550781,1.506348,-2.676882,-0.102055,-0.25687,chewing
5360265.0,-0.383789,1.271973,1.646484,0.428205,1.210806,3.722481,-0.701172,-1.42627,1.654297,-2.765614,0.364521,-0.719182,chewing
5360275.0,-0.741699,1.566895,1.53125,-0.67042,0.786064,4.578092,-0.634766,-1.071289,1.724121,-3.516772,-0.215568,-0.004263,chewing
5360285.0,-0.229492,1.451172,1.772461,-0.788196,0.897712,2.187923,-0.828125,-1.042969,1.776855,-4.24528,-1.171636,0.220897,chewing
5360295.0,-0.219727,1.503906,1.508789,-0.724245,0.923026,2.325418,-0.744629,-1.008789,1.749023,-4.678282,-1.691237,0.669354,chewing
5360305.0,-0.057129,1.59375,1.45752,-0.631783,1.74906,3.137063,-0.81543,-1.077148,1.700195,-5.016689,-1.916132,1.545216,chewing
5360315.0,-0.134277,1.573242,1.437988,-0.26966,3.018487,3.542352,-0.768066,-1.156738,1.61084,-5.679914,-2.207375,1.585985,chewing
5360325.0,-0.219727,1.530273,1.866699,-0.222763,3.194086,2.207908,-0.574707,-1.135254,1.303223,-7.187293,-1.681378,1.147387,chewing
5360335.0,-0.152832,1.477539,1.756348,-0.187057,2.366453,0.407688,-0.756836,-1.538574,1.157715,-6.676484,-1.667256,0.668554,chewing
5360345.0,-0.222168,1.338867,1.685059,0.564634,1.488193,-0.830297,-0.689941,-1.501465,1.245605,-6.657032,-2.276922,0.324551,chewing
5360355.0,-0.355957,1.34375,1.746094,0.865737,0.364787,-1.912135,-0.550781,-1.16748,1.13623,-7.237121,-1.872698,1.414116,chewing
5360365.0,-0.611816,1.366699,2.48584,-0.587283,-0.867602,-3.254573,-0.709473,-1.393555,1.18457,-7.391935,-1.511109,1.620358,chewing
5360375.0,-0.65332,1.48291,1.831055,-0.892383,-1.629418,-1.93585,-0.586914,-1.42041,1.007813,-6.754291,1.151917,-1.288612,chewing
5360385.0,-0.561035,1.385254,1.517578,-0.767678,-1.068781,1.541485,-0.237305,-1.471191,0.757812,-7.812946,2.864205,-4.127237,chewing
5360395.0,-0.391602,1.286621,1.599121,-0.180928,0.280851,3.620426,-0.948242,-1.350586,0.673828,-7.84732,1.110882,-2.857544,chewing
5360405.0,-0.503906,1.289063,1.628418,0.444726,-0.093528,2.83596,-0.499512,-1.82666,0.461914,-8.185994,-0.721847,-1.418646,chewing
5360415.0,-0.427734,1.552246,1.688477,0.003464,-0.555574,3.127204,-0.472656,-1.894043,0.128418,-7.811614,-1.482064,-1.325384,chewing
5360425.0,-0.655273,1.439941,1.618652,-0.203577,-0.957666,2.313694,-0.317871,-2.081543,0.069336,-6.650371,-0.609133,-2.660361,chewing
5360435.0,-0.106934,1.513672,1.581055,-0.243014,-2.868469,1.948907,-0.430176,-1.607422,-0.068359,-6.893651,-1.219865,-2.109583,chewing
5360445.0,0.064941,1.486328,1.691406,-0.212637,-1.145789,2.538321,-0.603516,-1.525391,-0.382813,-6.314095,-2.325152,-0.01732,chewing
5360455.0,-0.468262,1.271973,1.940918,0.092462,-0.707724,0.847084,-0.446777,-1.666504,-0.344727,-6.445727,-3.260968,1.71362,chewing
5360465.0,-0.445312,1.664063,1.739258,-0.773807,-1.106885,-0.693868,-0.424805,-1.097656,-0.685059,-6.693005,-4.024117,1.397329,chewing
5360475.0,-0.009277,1.552246,1.758789,-0.421544,-0.567299,-0.144689,-0.223633,-2.580078,-0.223145,-6.857678,-3.966827,-0.193452,chewing
5360485.0,0.050781,1.57666,1.659668,-0.971789,-0.326417,-0.751158,0.099121,-2.265625,-0.59668,-6.849951,-2.07974,-3.499452,chewing
5360495.0,0.046875,1.621582,1.630859,-1.161243,-0.062352,-1.25344,0.165527,-2.294922,-0.622559,-5.930922,-0.801253,-3.498386,chewing
5360505.0,0.037598,1.621582,1.533691,-1.17883,0.914766,-1.675783,0.394043,-2.46875,-0.556641,-4.093663,1.700297,-6.713522,chewing
5360515.0,0.001465,1.566895,1.615723,-0.77434,1.38747,-1.246778,0.159668,-2.100098,-0.691895,-3.457084,1.303002,-3.081106,chewing
5360525.0,-0.087402,1.510254,1.791992,-0.424741,1.434368,-0.715718,-0.1875,-1.933594,-0.862793,-3.065917,1.661927,-2.932952,chewing
5360535.0,-0.111816,1.515625,1.794434,-0.22143,1.103421,-0.57849,-0.164062,-2.049805,-0.593262,-2.729908,0.370383,-0.630184,chewing
5360545.0,-0.123047,1.375488,1.833008,-0.358925,1.091164,-0.528662,0.071777,-1.950195,-0.587891,-3.09283,-0.396763,-0.077274,chewing
5360555.0,-0.176758,1.464844,1.84668,-0.514273,1.31819,-0.317623,0.206543,-2.071289,-0.775391,-2.6529,-0.469773,-0.417547,chewing
5360565.0,-0.207031,1.45459,1.82666,-0.471905,1.218799,-0.140426,0.185547,-2.205566,-0.841797,-2.499418,0.637911,-1.599841,chewing
5360575.0,-0.166504,1.428711,1.754395,-0.268328,0.80445,0.367185,0.022949,-2.052734,-0.941895,-1.835394,0.473237,-1.540953,chewing
5360585.0,-0.269531,1.474609,1.771484,0.034907,0.583286,0.706658,0.168945,-1.896973,-0.775879,-1.910536,0.43913,-1.584386,chewing
5360595.0,-0.019043,1.50293,1.628906,0.496686,0.906772,1.125804,0.168945,-1.942383,-0.774414,-1.818074,0.184658,-1.4349,chewing
5360605.0,-0.086426,1.434082,1.861328,0.608867,0.936882,2.088799,0.382813,-1.724609,-0.749512,-1.906806,0.703461,-1.565467,chewing
5360615.0,-0.382324,1.797852,1.661621,-0.00906,0.348799,2.955335,0.176758,-1.914551,-0.806641,-1.697899,0.899311,-2.061087,chewing
5360625.0,-0.21582,1.627441,1.780273,-0.374646,0.626187,1.254239,0.268555,-1.79541,-0.75293,-1.511109,0.892649,-2.336609,chewing
5360635.0,-0.227539,1.558105,1.76123,-0.592346,0.672285,0.596876,0.200684,-1.78125,-0.753418,-1.284882,0.943277,-2.341672,chewing
5360645.0,-0.149902,1.459961,1.721191,-0.748227,0.488426,0.490025,0.293945,-1.869629,-0.750977,-1.154315,0.754089,-1.982214,chewing
5360655.0,-0.199219,1.524902,1.801758,-0.742631,0.425541,0.288046,0.289551,-1.640625,-0.961914,-0.911035,0.874263,-1.869501,chewing
5360665.0,-0.321289,1.666504,1.744629,-0.809779,0.099124,-0.013323,0.227051,-1.564453,-0.896484,-0.955002,0.52653,-1.039737,chewing
5360675.0,-0.307129,1.566895,1.744629,-1.239583,-0.340006,-0.49562,0.176758,-1.54541,-0.80127,-1.200147,0.426073,-1.002965,chewing
5360685.0,1.393066,-0.728516,1.436523,-0.061819,1.723213,-2.4789,0.200195,-1.606445,-0.747559,-1.454086,0.053825,-0.699997,chewing
5360695.0,-0.439941,1.61084,1.787598,0.748227,0.798055,0.371715,0.408203,-1.659668,-0.752441,-1.502848,0.165473,-0.919562,chewing
5360705.0,-0.26416,1.356445,1.831543,-0.01279,0.359724,1.875096,0.153809,-1.570801,-0.617187,-1.172168,1.203345,-1.650735,chewing
5360715.0,-0.241211,1.270508,1.851563,0.125504,0.036772,1.083703,0.143066,-1.678223,-0.743652,-1.119942,-0.09113,-0.323219,chewing
5360725.0,-0.291504,1.301758,1.862305,0.212371,-0.310695,0.398628,0.206055,-1.836914,-0.429199,-1.359492,-0.956867,-0.147354,chewing
5360735.0,-0.246094,1.263184,1.847168,0.401293,-1.027479,-0.086867,0.131348,-1.718262,-0.827637,-1.272358,-1.588649,0.0,chewing
5360745.0,-0.271484,1.37207,1.824219,0.98298,-1.772242,-0.87826,-0.243164,-1.716309,-0.698242,-1.364821,-2.331813,1.488992,chewing
5360755.0,-0.224609,1.342285,1.813965,1.382674,-2.670753,-1.629152,0.075195,-1.781738,-0.64209,-1.548413,-2.245746,1.322187,chewing
5360765.0,-0.186035,1.213867,1.935059,2.006196,-3.10109,-1.825001,0.166504,-2.043457,-0.693359,-0.73517,-2.033109,0.436732,chewing
5360775.0,-0.115234,1.367188,1.633789,2.946276,-1.609433,-1.692836,0.220215,-1.976074,-0.54248,-0.571828,-1.898279,1.11408,chewing
5360785.0,-0.556152,1.112793,2.033691,2.593479,-2.514606,-2.234554,0.134766,-1.950684,-0.658203,-0.800986,-1.327783,0.761017,chewing
5360795.0,-0.027344,1.215332,1.69873,3.464545,-2.250542,-1.894548,-0.103516,-1.873047,-0.732422,-1.055191,-1.051994,0.989109,chewing
5360805.0,-0.056152,1.234863,1.801758,4.038772,-1.847118,-1.516704,-0.058594,-1.918457,-0.665039,-0.799387,-1.220665,1.316058,chewing
5360815.0,-0.074219,1.422852,1.59668,3.990542,-1.251041,-1.254505,-0.132812,-1.865234,-0.664551,-0.731173,-1.242514,1.124205,chewing
5360825.0,-0.015137,1.504883,1.404297,3.717152,-0.904374,-0.4346,-0.049316,-2.107422,-0.477051,-0.546781,-0.535856,1.06958,chewing
5360835.0,0.020996,1.445801,1.476074,3.396331,-0.201179,0.201979,-0.184082,-1.905762,-0.4375,-0.69147,0.527329,-0.232355,chewing
5360845.0,0.047363,1.434082,1.541992,3.171969,0.670153,0.386104,-0.071777,-1.857422,-0.515137,-0.399427,-0.471639,0.258735,chewing
5360855.0,0.011719,1.317871,1.611816,3.181562,0.930487,0.074343,0.003418,-1.915527,-0.484375,-0.764214,-0.701862,1.190021,chewing
5360865.0,-0.215332,1.364258,1.803223,3.444294,1.111415,0.321887,-0.01709,-2.083496,-0.553711,-0.605936,0.029044,0.594478,chewing
5360875.0,-0.411621,1.408691,2.137207,3.480266,0.494554,0.411685,-0.07959,-2.012207,-0.54834,0.137228,0.628585,-0.43087,chewing
5360885.0,-0.637695,1.490234,2.248535,3.122141,-0.752224,0.22676,-0.018555,-1.998535,-0.370605,-0.141225,0.733305,0.350398,chewing
5360895.0,-0.529785,1.5,2.11084,2.312894,-1.377877,-0.086867,-0.092773,-2.193359,-0.537109,-0.049562,0.174,-0.095926,chewing
5360905.0,-0.466797,1.699219,1.75,2.454919,-3.416848,-0.666689,0.044922,-2.007813,-0.662109,0.079939,0.212637,0.05276,chewing
5360915.0,-0.16748,1.672852,1.456543,0.28698,-3.44536,-1.35736,0.012207,-2.143555,-0.586914,0.440462,0.69973,-0.119908,chewing
5360925.0,0.156738,1.411621,1.330078,-5.108086,-2.907372,-3.35423,-0.041504,-1.946289,-0.718262,0.897179,1.746395,-1.206809,chewing
5360935.0,0.206055,1.418457,1.116699,-6.136364,-3.784034,-4.352931,0.029785,-2.215332,-0.219727,0.66962,2.538588,-1.630217,chewing
5360945.0,0.035156,1.57373,1.261719,-3.584187,-2.58815,-3.535691,-0.052246,-1.78418,-0.91748,0.956334,2.345936,-1.838591,chewing
5360955.0,-0.148437,1.660156,1.396484,-1.916132,-2.449323,-3.345703,-0.03125,-2.029297,-0.5625,1.223596,2.217501,-1.717084,chewing
5360965.0,-0.132324,1.611328,1.384277,-0.580089,-2.174334,-2.660894,0.049316,-1.821289,-0.664551,1.072245,1.597975,-0.578224,chewing
5360975.0,-0.293945,1.745605,1.495605,1.101822,-1.159112,-1.696567,0.003418,-1.896973,-0.650879,1.150851,1.561737,-0.893715,chewing
5360985.0,-0.382813,1.830078,1.414063,1.008294,-1.482064,-1.320055,0.183105,-1.326172,-0.271973,-0.921161,1.718949,0.980049,chewing
5360995.0,-0.402832,1.535156,1.75293,0.099124,-2.932686,-1.600907,-0.010254,-1.908203,-0.521484,-1.712288,1.94944,0.792992,chewing
5361005.0,-0.029297,1.426758,1.489258,-0.530527,-4.03211,-2.870334,-0.160645,-2.333496,-0.687988,-1.05679,0.907038,0.126836,chewing
5361015.0,0.083008,1.411621,1.227051,-0.041568,-4.004398,-2.469308,0.043457,-2.165527,-0.738281,-0.253406,0.203844,0.249675,chewing
5361025.0,0.142578,1.664551,1.013184,-0.356527,-2.907372,-2.873531,0.189453,-2.004395,-0.62207,0.066083,0.370649,0.107917,chewing
5361035.0,0.130371,1.705566,1.024902,-0.442061,-2.273724,-2.866337,0.194824,-1.909668,-0.69873,0.192119,0.735436,0.129767,chewing
5361045.0,-0.010254,1.735352,1.172852,-0.699997,-1.641942,-2.608135,0.168457,-1.92041,-0.734375,0.44366,0.965127,-0.204643,chewing
5361055.0,-0.145508,1.793945,1.237305,-0.760217,-1.194285,-2.418413,0.152344,-1.813477,-0.658691,0.486028,0.776472,0.063951,chewing
5361065.0,-0.327148,1.783691,1.505371,-0.971789,-1.502049,-1.958233,0.115723,-1.791504,-0.662598,0.275522,0.576358,0.273657,chewing
5361075.0,-0.41748,1.69043,1.728516,-0.783133,-1.445292,-1.594778,0.081543,-1.828125,-0.68457,0.166006,0.243014,0.59208,chewing
5361085.0,-0.411133,1.655273,1.726563,-0.620858,-1.685908,-1.528162,0.13916,-1.942871,-0.659668,0.323485,0.227825,0.50841,chewing
5361095.0,-0.328613,1.678711,1.592773,-0.637112,-2.252674,-1.860974,0.228027,-2.112305,-0.63916,0.25687,0.286447,0.527862,chewing
5361105.0,-0.132324,1.657715,1.391113,-0.056224,-2.697932,-2.111715,0.277344,-2.050781,-0.720703,1.162309,0.969124,-0.098058,chewing
5361115.0,-0.114258,1.685547,1.269043,0.197449,-2.840224,-2.378178,0.119141,-1.705566,-0.653809,1.04853,1.509776,0.07381,chewing
5361125.0,-0.174805,1.690918,1.258301,0.0874,-2.825035,-2.157813,-0.074219,-1.533203,-0.687012,0.432469,1.23159,0.562236,chewing
5361135.0,-0.143066,1.630859,1.303711,-0.041835,-1.971023,-1.887354,0.072266,-2.025879,-0.651855,0.813244,1.250508,-0.586217,chewing
5361145.0,-0.210937,1.608887,1.533203,-0.006395,-2.477834,-1.444493,0.001465,-1.53418,-0.569824,0.49642,1.395198,0.262732,chewing
5361155.0,-0.376953,1.581543,1.830566,-0.591547,-2.803985,-1.685109,-0.399414,-1.728516,-0.594727,-0.611531,0.041835,0.310429,chewing
5361165.0,-0.479492,1.598633,1.928223,-1.188423,-3.563936,-2.487427,-0.426758,-2.075684,-0.128906,-0.506545,-2.661427,1.961963,chewing
5361175.0,-0.411621,1.573242,1.859375,-1.497253,-4.525332,-2.866071,-0.46582,-1.534668,-0.973633,-0.415681,-2.008061,0.750891,chewing
5361185.0,-0.334473,1.589844,1.73877,-1.424775,-5.162444,-2.898845,-0.583008,-2.46582,-1.072754,-0.045832,-2.884989,-1.754655,chewing
5361195.0,-0.15918,1.578125,1.537598,-1.528695,-5.274358,-3.067782,0.804199,-2.458496,-0.725586,2.064285,-4.538123,4.095528,chewing
5361205.0,0.003906,1.513672,1.408691,-1.144456,-5.077709,-2.978251,-0.37793,-1.323242,0.018555,1.421844,0.467642,-5.536557,chewing
5361215.0,0.085937,1.474609,1.421387,-0.929155,-4.954603,-3.125338,0.065918,-0.926758,-0.612305,-0.06555,-1.774907,3.252175,chewing
5361225.0,0.106445,1.447754,1.470215,-1.183626,-4.546383,-3.123473,-0.495117,-3.554688,-1.439941,-2.326484,0.403957,-1.275822,chewing
5361235.0,0.033691,1.433105,1.628906,-1.395997,-4.285516,-2.957733,-0.09375,-3.358887,-1.084473,2.530861,-2.264665,-2.516738,chewing
5361245.0,-0.013672,1.416016,1.708008,-1.511375,-3.794426,-2.793326,0.312012,-2.5625,-1.165039,5.232523,-3.131467,-0.037571,chewing
5361255.0,-0.01709,1.32959,1.765137,-1.258769,-3.434968,-2.44053,0.998047,-3.546875,-1.349609,8.342407,2.795458,-6.412686,chewing
5361265.0,-0.140625,1.353516,1.962891,-1.333378,-3.3497,-2.572162,1.288086,-2.44043,-0.880371,8.731176,4.529862,-3.78883,chewing
5361275.0,-0.175293,1.377441,1.960938,-1.461547,-3.689706,-2.778138,0.943359,-1.825684,-0.509277,8.731176,7.378879,-3.154649,chewing
5361285.0,-0.190918,1.444824,1.885254,-1.57879,-3.857577,-3.058723,0.540039,-1.401367,0.024414,8.731176,8.731176,-4.193586,chewing
5361295.0,-0.185547,1.466797,1.836914,-1.783433,-3.857311,-3.166907,-1.623047,0.768066,2.631348,6.55471,5.765182,-3.137329,chewing
5361305.0,-0.148926,1.432617,1.82666,-1.736536,-3.569531,-2.984913,-0.702637,-0.591309,-0.408203,-1.008827,3.339841,-3.207142,chewing
5361315.0,-0.098145,1.376953,1.805176,-1.796757,-3.184493,-2.832762,0.09668,-2.546875,0.096191,-0.798588,-2.956401,5.215736,chewing
5361325.0,-0.040039,1.321777,1.791016,-1.724812,-2.556441,-2.582021,0.061523,-2.863281,-0.257324,1.427706,-0.701063,-0.968591,chewing
5361335.0,-0.073242,1.30127,1.862793,-1.640876,-2.122374,-2.525798,0.280762,-2.139648,0.01416,2.960398,-0.766613,0.070346,chewing
5361345.0,-0.158203,1.246582,2.004395,-1.576925,-1.824469,-2.233755,0.130371,-1.54541,0.46582,2.070147,-1.246511,0.832695,chewing
5361355.0,-0.296875,1.231445,2.21875,-1.263032,-1.688306,-2.027513,0.306152,-2.069336,0.158203,2.072545,0.126836,-0.386104,chewing
5361365.0,-0.453125,1.342773,2.258789,-1.029345,-1.977152,-1.911602,0.248047,-2.044922,0.293945,2.436266,0.099923,-0.663758,chewing
5361375.0,-0.443359,1.391602,2.196289,-0.748227,-2.262533,-1.807681,0.085937,-2.019043,0.122559,2.451188,-0.236086,-0.561436,chewing
5361385.0,-0.370605,1.349609,2.113281,-0.92649,-2.304368,-1.770643,0.23291,-1.809082,0.399902,2.046965,-1.395198,0.745562,chewing
5361395.0,-0.297852,1.34375,2.081055,-0.920361,-2.186591,-1.645672,0.322754,-1.953613,0.347656,1.598242,-1.119142,0.368784,chewing
5361405.0,-0.233887,1.337402,2.006836,-1.094095,-2.17913,-1.935317,0.49707,-2.007324,0.291992,1.503648,-0.489492,0.344003,chewing
5361415.0,-0.155762,1.25293,1.988281,-1.235054,-2.058423,-2.310496,0.355957,-2.101074,0.236328,1.847917,0.913966,-0.825234,chewing
5361425.0,-0.125,1.21582,2.020996,-1.306466,-2.068815,-2.232156,0.154297,-2.057617,0.396973,2.065084,0.86627,-0.788462,chewing
5361435.0,-0.144531,1.237793,1.98291,-1.552677,-1.995804,-2.336609,-0.432129,-2.328613,0.169434,2.104254,0.959798,-3.049397,chewing
5361445.0,-0.165527,1.224609,2.036133,-1.560138,-1.868168,-2.400294,0.271973,-1.585938,0.491699,1.477002,-1.772775,1.733871,chewing
5361455.0,-0.199219,1.197266,2.106445,-1.512175,-1.726144,-2.269461,0.167969,-2.146484,0.384766,1.383473,-1.527363,-0.496153,chewing
5361465.0,-0.209961,1.188477,2.101563,-1.408254,-1.611299,-1.979017,0.666992,-1.945801,0.898437,1.47487,-1.321121,-0.667755,chewing
5361475.0,-0.225586,1.167969,2.149414,-1.207075,-1.519103,-1.722147,0.523437,-1.906738,0.235352,0.871332,-0.088998,0.081271,chewing
5361485.0,-0.21582,1.184082,2.114746,-1.098625,-1.47034,-1.625155,0.158203,-1.916504,0.484863,1.431436,0.888119,-2.643574,chewing
5361495.0,-0.114258,1.115234,2.038574,-0.836426,-1.330181,-1.374413,0.013672,-2.070801,0.333008,1.589182,-0.576092,-1.646205,chewing
5361505.0,-0.038574,1.078125,1.987305,-0.641908,-1.058655,-1.045066,0.918945,-1.739258,0.612793,1.155115,-1.373614,1.352031,chewing
5361515.0,0.019043,1.054688,1.986816,-0.40449,-0.768744,-0.742897,0.336426,-2.107422,0.390137,1.07944,0.028511,-0.873198,chewing
5361525.0,-0.052734,1.074219,2.014648,-0.309896,-0.641109,-0.698132,0.185547,-2.001953,0.327637,1.326717,-0.39996,-0.633914,chewing
5361535.0,-0.04541,1.076172,2.022949,-0.2614,-0.505479,-0.680545,0.131836,-2.033203,0.425293,1.422643,-1.393865,0.191054,chewing
5361545.0,-0.091797,1.073242,2.085449,-0.012524,-0.23049,-0.342404,0.552734,-1.902344,0.462402,1.493789,-1.384805,0.377577,chewing
5361555.0,-0.169434,1.091797,2.136719,0.084469,-0.122306,0.044499,0.708008,-1.795898,0.469238,1.533225,-0.480965,-0.354129,chewing
5361565.0,-0.15625,1.134766,2.095215,0.230224,0.065283,0.089531,0.400879,-1.828613,0.513672,1.403991,-0.36532,-0.047697,chewing
5361575.0,-0.11377,1.097656,2.072266,0.379975,0.200913,0.163341,0.369629,-1.87207,0.647949,1.163109,-0.353596,-0.025847,chewing
5361585.0,-0.106445,1.086426,2.111816,0.301103,0.431669,0.17027,0.430664,-1.773926,0.705078,0.782867,-0.145489,0.010658,chewing
5361595.0,-0.095703,1.066406,2.113281,0.294441,0.587816,-0.099391,0.320313,-1.77002,0.51416,0.657896,0.070879,-0.0437,chewing
5361605.0,-0.062988,1.053711,2.102539,0.333611,0.733571,-0.211305,0.318359,-1.794922,0.510254,0.642175,0.149485,-0.513473,chewing
5361615.0,-0.067383,1.07373,2.035156,0.511075,1.16977,-0.196916,0.398926,-1.727539,0.638184,0.18306,-0.355461,-0.003997,chewing
5361625.0,-0.054687,1.085938,2.012695,0.415948,1.475669,-0.078074,0.433105,-1.730469,0.634277,-0.227026,-0.580888,0.222496,chewing
5361635.0,-0.011719,1.080078,1.920898,0.684009,2.137295,0.275789,0.516113,-1.717773,0.645508,-0.576891,-0.685608,0.385838,chewing
5361645.0,-0.050781,1.108887,1.907715,0.985911,3.116812,0.794858,0.556152,-1.775879,0.588867,-0.942744,-0.529461,0.9574,chewing
5361655.0,-0.140137,1.136719,1.95752,1.13593,4.048098,1.278487,0.515137,-1.890625,0.48877,-1.041602,0.080738,0.620058,chewing
5361665.0,-0.226074,1.150391,2.059082,1.197216,4.347069,1.554276,0.443848,-1.979492,0.380371,-0.884655,0.418879,0.640043,chewing
5361675.0,-0.202148,1.083984,2.060059,1.218,3.93192,1.511109,0.355469,-2.079102,0.354492,-0.524931,0.64777,0.648836,chewing
5361685.0,-0.217285,1.165527,1.941895,0.870533,3.530361,1.41838,0.268555,-2.11377,0.34082,-0.039969,0.900377,0.306698,chewing
5361695.0,-0.234375,1.1875,1.875488,0.82257,3.651602,1.380542,0.259277,-2.031738,0.341797,0.414083,0.859075,-0.029311,chewing
5361705.0,-0.227051,1.198242,1.84082,1.167639,3.883158,1.38827,0.330078,-1.907227,0.402832,0.512407,0.64324,0.074343,chewing
5361715.0,-0.256836,1.19043,1.886719,1.242514,4.146422,1.351764,0.402344,-1.813477,0.467773,0.328815,0.742364,0.13936,chewing
5361725.0,-0.321777,1.206055,1.897461,1.289145,4.173336,1.397596,0.434082,-1.795898,0.489746,0.061819,1.030943,0.095127,chewing
5361735.0,-0.39209,1.26416,1.919922,1.126603,4.029446,1.184959,0.401367,-1.804199,0.419922,-0.233155,1.249975,0.220364,chewing
5361745.0,-0.395996,1.25293,1.948242,1.004031,3.31426,0.885988,0.330078,-1.907715,0.462402,-0.300303,1.18789,0.259534,chewing
5361755.0,-0.441406,1.247559,1.947754,0.836959,2.636646,0.743697,0.333984,-1.902344,0.391113,-0.300303,1.088499,0.135896,chewing
5361765.0,-0.45166,1.238281,1.973633,0.668288,2.30943,0.553443,0.345215,-1.910156,0.389648,-0.329081,0.680545,0.806049,chewing
5361775.0,-0.470703,1.209473,1.980957,0.584619,1.863372,0.378377,0.33252,-1.942871,0.40332,-0.215302,0.879326,0.730107,chewing
5361785.0,-0.430664,1.223145,1.893555,0.631516,1.601173,0.466043,0.294434,-1.944336,0.42041,-0.203577,1.377877,0.46098,chewing
5361795.0,-0.47168,1.257324,1.852539,0.415415,1.485262,0.331746,0.206543,-1.977539,0.39209,-0.23955,1.669654,0.155614,chewing
5361805.0,-0.462891,1.268555,1.848633,0.022916,1.281418,0.138028,0.158691,-1.989258,0.337891,-0.263798,1.571329,0.068747,chewing
5361815.0,-0.362305,1.411133,1.419922,0.22596,1.332312,0.353063,0.138184,-2.006348,0.329102,-0.28325,1.155115,0.001865,chewing
5361825.0,-0.612793,1.54834,1.625488,0.700263,1.023482,-0.908371,0.208984,-1.979004,0.343262,-0.422609,0.593412,0.218766,chewing
5361835.0,-0.491211,1.220215,1.899902,0.669354,0.986977,-0.560371,0.308105,-1.999023,0.356445,-0.815908,-0.041835,1.868435,chewing
5361845.0,-0.435547,1.219727,1.841797,0.509476,0.833495,-0.802585,0.119629,-2.350098,0.365234,-0.570496,0.328815,1.256104,chewing
5361855.0,-0.493652,1.248047,1.864258,0.537455,0.529994,-1.019752,0.149902,-2.314941,0.311035,0.516671,0.774073,-0.164674,chewing
5361865.0,-0.555176,1.296387,1.859375,0.420211,0.342138,-1.05759,0.334473,-2.030762,0.233398,0.93928,0.479366,0.05276,chewing
5361875.0,-0.556641,1.299316,1.866211,0.389835,0.444726,-1.006429,0.379395,-1.970215,0.39502,1.047997,0.679746,0.51747,chewing
5361885.0,-0.54541,1.290039,1.82666,0.168937,0.356793,-1.218533,0.378906,-1.900879,0.5,1.075976,1.367752,-0.022383,chewing
5361895.0,-0.537598,1.336914,1.77002,0.272058,0.483096,-1.165507,0.305176,-1.865723,0.598145,0.838291,1.842588,0.029044,chewing
5361905.0,-0.550781,1.316895,1.757324,0.377577,0.669887,-0.956334,0.17334,-1.903809,0.58252,0.467109,1.990208,0.033308,chewing
5361915.0,-0.587402,1.319824,1.801758,0.468708,0.719715,-0.788995,0.071289,-1.974609,0.509766,0.298172,1.88762,0.121507,chewing
5361925.0,-0.610352,1.294922,1.837891,0.528928,0.609933,-0.772208,-0.009277,-2.022949,0.533203,0.232888,1.196416,0.163874,chewing
5361935.0,-0.603027,1.283203,1.798828,0.662159,0.615528,-0.832429,-0.161133,-1.843262,0.57959,0.072744,0.450588,0.11298,chewing
5361945.0,-0.583496,1.243164,1.79834,1.015489,0.637645,-1.05306,-0.021484,-1.942383,0.575684,-0.218499,-0.361323,0.572095,chewing
5361955.0,-0.627441,1.222168,1.867188,1.162576,0.529994,-1.226527,0.205078,-2.016602,0.533691,-0.107384,-0.536389,0.526263,chewing
5361965.0,-0.645996,1.240234,1.85498,1.150052,0.471106,-1.269427,0.293945,-2.012207,0.535156,0.101522,-0.044499,0.045832,chewing
5361975.0,-0.69043,1.243652,1.823242,0.744763,0.406355,-0.81804,0.228027,-1.92041,0.552246,0.185458,0.24328,-0.174,chewing
5361985.0,-0.708496,1.183594,1.688965,0.964861,0.706126,-1.681645,0.14502,-1.818359,0.525879,0.071412,0.346668,-0.397828,chewing
5361995.0,-0.613281,0.76123,1.771484,1.25717,1.866836,-1.777305,0.186523,-1.831543,0.53125,-0.128968,0.206775,-0.195583,chewing
5362005.0,-0.67334,1.429199,1.702637,1.434634,2.192187,-2.277721,0.303223,-1.944336,0.467773,-0.135096,0.15215,0.009859,chewing
5362015.0,-0.737793,1.184082,2.305176,-1.292876,3.693969,-2.764015,0.291016,-1.931152,0.510254,-0.171069,0.18226,-0.06928,chewing
5362025.0,-0.618652,1.537109,1.693848,-4.25807,1.599041,-2.399495,0.196289,-1.8125,0.564941,-0.078873,0.20944,-0.335743,chewing
5362035.0,-1.14502,1.364258,1.976074,-1.07491,3.058989,-3.08377,0.291016,-2.049805,0.473145,-0.045032,0.515338,-0.404224,chewing
5362045.0,-0.726074,1.324219,1.646484,0.602472,3.703828,-1.706692,0.236816,-2.061523,0.481445,0.435133,0.524931,-0.405289,chewing
5362055.0,-0.541992,0.931152,2.362305,1.776239,4.162677,-2.141825,0.047852,-1.884277,0.512207,0.522533,0.296839,-0.104187,chewing
5362065.0,-1.117676,0.822266,1.720703,1.121807,3.194619,-2.941746,0.136719,-1.909668,0.502441,0.61766,0.403957,-0.438864,chewing
5362075.0,-1.060059,1.050781,1.725098,-1.164974,2.230557,-3.517305,-0.222656,-1.95166,0.55127,1.016288,-0.180395,-0.786064,chewing
5362085.0,-0.992676,1.274902,1.822266,-2.878594,1.789828,-2.83143,0.0,-1.976563,0.618164,0.267795,-0.95207,0.323219,chewing
5362095.0,-1.180176,1.001953,2.091797,-4.210907,2.604937,-2.644907,0.16748,-2.049805,0.620117,0.332545,-0.23955,-0.043167,chewing
5362105.0,-0.949219,1.112305,1.696777,-3.709957,2.705926,-1.355761,0.059082,-2.067383,0.56543,0.520934,0.41808,-1.111415,chewing
5362115.0,-0.513184,1.334473,0.726074,0.450322,1.130867,0.762349,0.176758,-2.129883,0.460937,0.704793,0.397296,-0.240882,chewing
5362125.0,-1.245605,0.958496,1.571289,3.794426,-0.655764,0.229158,0.326172,-1.990723,0.509766,0.782867,0.212904,1.063718,chewing
5362135.0,-1.027832,1.117188,1.482422,3.117078,-1.273691,0.393832,0.220703,-1.51416,0.67627,0.319488,0.085534,0.267262,chewing
5362145.0,-1.094238,1.060059,1.720215,2.786664,-1.248377,0.511608,0.407715,-1.686035,0.645996,-0.420744,0.745296,-1.58332,chewing
5362155.0,-1.024414,1.204102,1.858887,1.696833,-0.681345,0.291776,0.24707,-2.02002,0.595703,-0.508677,1.255305,-1.870567,chewing
5362165.0,-1.010742,1.305176,1.917969,0.904107,-0.29524,0.374913,0.01709,-2.142578,0.527344,-0.077274,0.664557,-0.814309,chewing
5362175.0,-1.008789,1.316895,1.918945,0.650968,0.261666,0.522,0.154297,-2.151367,0.511719,0.494288,-0.183593,0.338141,chewing
5362185.0,-1.057129,1.18457,1.730469,1.001632,0.839623,0.290444,0.230957,-2.125977,0.55127,0.854279,-0.280319,0.324551,chewing
5362195.0,-1.033203,1.212891,1.737793,0.865737,0.789528,0.294974,0.154785,-2.017578,0.600586,0.931286,-0.474836,0.477234,chewing
5362205.0,-0.992676,1.274414,1.594238,0.855877,0.977118,0.276322,0.244629,-1.958984,0.60498,1.013357,-0.79539,0.849749,chewing
5362215.0,-0.956543,1.312988,1.515625,1.038404,1.076242,0.406888,0.371582,-1.907715,0.647461,0.992573,-0.885988,0.901176,chewing
5362225.0,-0.919922,1.331055,1.40625,0.935017,0.903041,0.410885,0.43457,-1.826172,0.668457,0.849216,-0.487893,0.632315,chewing
5362235.0,-0.915527,1.361328,1.411621,0.57849,0.87453,0.207041,0.45752,-1.788574,0.671387,0.591014,0.011458,0.311228,chewing
5362245.0,-0.90625,1.36377,1.354004,0.022916,0.634181,-0.053292,0.455566,-1.78418,0.658691,0.248876,0.427139,0.065283,chewing
5362255.0,-0.921387,1.354004,1.413086,-0.303501,0.425274,-0.2606,0.437012,-1.8125,0.610352,-0.117776,0.881991,-0.168138,chewing
5362265.0,-0.945801,1.26123,1.455078,-0.386104,0.192119,-0.389035,0.375,-1.890625,0.573242,-0.264331,0.968858,-0.150018,chewing
5362275.0,-0.980469,1.22168,1.51416,-0.221697,-0.24408,-0.532659,0.22998,-1.950684,0.580078,-0.323219,1.051727,-0.255005,chewing
5362285.0,-1.003418,1.237305,1.62207,-0.074876,-0.193452,-0.411418,0.149902,-1.988281,0.592285,-0.241948,0.719449,0.110315,chewing
5362295.0,-1.031738,1.206543,1.659668,0.106052,-0.029844,-0.22143,0.166992,-1.95166,0.577637,-0.153216,0.512407,0.267262,chewing
5362305.0,-1.010742,1.175293,1.607422,0.232888,0.093795,-0.090597,0.117676,-1.89209,0.577148,-0.176665,0.529461,0.303767,chewing
5362315.0,-1.042969,1.150879,1.617676,0.366652,0.121773,0.090597,0.115234,-1.930664,0.619629,-0.210772,0.463645,0.348,chewing
5362325.0,-1.063965,1.148926,1.591309,0.397296,0.197715,0.215835,0.136719,-1.95459,0.61084,-0.231556,0.340539,0.403691,chewing
5362335.0,-1.078125,1.140625,1.602051,0.259002,0.247544,0.209972,0.143066,-1.937988,0.616699,-0.289645,0.29977,0.363988,chewing
5362345.0,-1.076172,1.117188,1.603027,0.22596,0.154015,0.126836,0.13916,-1.957031,0.616211,-0.365587,0.365587,0.131899,chewing
5362355.0,-1.043945,1.178711,1.583984,0.354928,-0.034907,0.006662,0.152344,-2.013184,0.586914,-0.393032,0.407421,0.102055,chewing
5362365.0,-1.04834,1.220703,1.633301,0.441528,-0.0429,-0.048496,0.159668,-2.027344,0.572266,-0.318156,0.347734,0.211571,chewing
5362375.0,-1.06543,1.190918,1.663086,0.67415,-0.122839,-0.057289,0.155762,-2.005859,0.567871,-0.270726,0.403957,0.081271,chewing
5362385.0,-1.06543,1.202148,1.661133,0.750358,-0.201179,-0.12577,0.118652,-2.01123,0.569336,-0.271259,0.456717,-0.02558,chewing
5362395.0,-1.067871,1.20459,1.669922,0.618459,-0.214769,-0.167871,0.097168,-2.018555,0.578125,-0.243813,0.366919,0.045032,chewing
5362405.0,-1.071777,1.206543,1.683105,0.59128,-0.169737,-0.181727,0.105469,-2.019531,0.57959,-0.147354,0.265663,0.117776,chewing
5362415.0,-1.080566,1.198242,1.649902,0.687473,-0.055424,-0.138294,0.095215,-1.974609,0.570801,-0.075409,0.247277,0.099391,chewing
5362425.0,-1.064453,1.198242,1.567871,0.744496,-0.058888,-0.07834,0.062988,-1.958984,0.616699,-0.050361,0.180662,0.258202,chewing
5362435.0,-1.080078,1.189453,1.583008,0.691737,-0.001332,0.02558,0.124512,-1.938965,0.611816,-0.017054,0.070346,0.335476,chewing
5362445.0,-1.085938,1.180664,1.557617,0.524398,0.038104,0.094594,0.12793,-1.918945,0.620117,0.006129,-0.017587,0.238217,chewing
5362455.0,-1.050781,1.218262,1.547852,0.324551,0.037571,0.110315,0.135742,-1.890625,0.639648,-0.099124,0.134031,0.046098,chewing
5362465.0,-1.041016,1.228516,1.523438,0.147087,0.088732,0.081804,0.160645,-1.919922,0.621582,-0.134564,0.208907,0.001332,chewing
5362475.0,-1.032227,1.230469,1.520508,0.066083,0.108717,0.075409,0.15918,-1.936523,0.594727,-0.103387,0.233155,-0.003198,chewing
5362485.0,-1.037109,1.205078,1.5,0.14389,0.114845,0.057822,0.14209,-1.931641,0.605469,-0.071945,0.20491,0.041568,chewing
5362495.0,-1.040527,1.219238,1.507324,0.231289,0.107384,0.098058,0.133301,-1.908691,0.606934,-0.050095,0.098325,0.084469,chewing
5362505.0,-1.028809,1.22998,1.486816,0.194784,0.200913,0.113513,0.160156,-1.876953,0.608887,-0.070346,0.034107,0.117776,chewing
5362515.0,-1.004395,1.240723,1.460938,0.236885,0.221164,0.115911,0.183594,-1.874023,0.611816,-0.134564,0.04823,0.060221,chewing
5362525.0,-1.012207,1.231934,1.463379,0.232888,0.17773,0.110049,0.163086,-1.897461,0.62207,-0.156946,0.064484,0.111115,chewing
5362535.0,-1.032715,1.237305,1.470703,0.330946,0.128435,0.089798,0.183105,-1.914551,0.600586,-0.154548,0.094061,0.077541,chewing
5362545.0,-1.039063,1.242676,1.498535,0.241149,0.165207,0.048496,0.134766,-1.896973,0.601562,-0.20411,0.074343,0.118576,chewing
5362555.0,-1.041016,1.25,1.525391,0.120441,0.166806,-0.021583,0.149414,-1.927246,0.595703,-0.26513,0.054092,0.07381,chewing
5362565.0,-1.032227,1.264648,1.557617,0.004796,0.191853,-0.044499,0.172363,-1.972168,0.593262,-0.248876,0.047963,0.07834,chewing
5362575.0,-1.030762,1.275879,1.5625,-0.077807,0.223562,-0.039969,0.166992,-1.968262,0.570801,-0.204643,0.111648,0.058355,chewing
5362585.0,-1.029297,1.256348,1.568359,-0.096193,0.275789,-0.042101,0.149414,-1.969238,0.56543,-0.192652,0.218499,-0.028245,chewing
5362595.0,-1.032227,1.251465,1.575195,-0.095127,0.288046,-0.06102,0.142578,-1.990723,0.54541,-0.156946,0.251541,-0.05276,chewing
5362605.0,-1.047363,1.239746,1.578125,-0.048763,0.294708,-0.051694,0.120117,-1.973633,0.530762,-0.130567,0.226227,-0.071145,chewing
5362615.0,-1.04834,1.209473,1.578125,0.057822,0.229158,-0.011991,0.070801,-1.974121,0.521484,-0.154548,0.152949,-0.075142,chewing
5362625.0,-1.047363,1.220703,1.571777,0.290711,0.146821,0.037038,0.079102,-2.015625,0.534668,-0.146554,0.0437,-0.016787,chewing
5362635.0,-1.062988,1.236816,1.602051,0.341605,0.116977,0.095926,0.077637,-2.016602,0.530762,-0.112447,-0.045032,0.098591,chewing
5362645.0,-1.068848,1.250977,1.627441,0.302435,0.073544,0.110049,0.101563,-2.019531,0.558105,-0.078074,-0.061819,-0.012524,chewing
5362655.0,-1.070313,1.274902,1.63623,0.192652,0.129767,0.130567,0.125488,-2.024902,0.54834,-0.038904,-0.019985,-0.065816,chewing
5362665.0,-1.060059,1.282227,1.633301,0.075409,0.169737,0.118043,0.120117,-2.021484,0.55127,0.037571,-0.01279,-0.074609,chewing
5362675.0,-1.060059,1.266113,1.588867,0.050095,0.205443,0.103387,0.129395,-2.008301,0.557129,0.113247,-0.010658,-0.075142,chewing
5362685.0,-1.036621,1.274902,1.528809,0.140692,0.19958,0.048763,0.131836,-1.98291,0.567871,0.168671,-0.044499,0.02185,chewing
5362695.0,-1.040527,1.261719,1.477051,0.211305,0.175066,0.042101,0.157227,-1.949707,0.583984,0.228358,-0.12577,0.144956,chewing
5362705.0,-1.052734,1.241699,1.464844,0.304567,0.174533,0.07381,0.147949,-1.890137,0.600098,0.172668,-0.158012,0.104453,chewing
5362715.0,-1.035645,1.25,1.432129,0.234753,0.190254,0.073544,0.170898,-1.878418,0.622559,0.092196,-0.110049,0.081005,chewing
