time_ms,ax,ay,az,gx,gy,gz,state,chewing_prob,cpm,true_label
1902931.0,0.058594,-1.752441,1.112305,-0.030377,0.050361,-0.117243,warming_up,0.000000,0.000,non_chewing
1902941.0,0.05957,-1.74707,1.120117,-0.033841,0.010392,-0.117776,warming_up,0.000000,0.000,non_chewing
1902951.0,0.055176,-1.744141,1.115723,-0.01279,0.006129,-0.142824,warming_up,0.000000,0.000,non_chewing
1902961.0,0.052734,-1.740234,1.125488,-0.002398,0.018386,-0.145489,warming_up,0.000000,0.000,non_chewing
1902971.0,0.056641,-1.728516,1.123047,-0.006928,0.046364,-0.121507,warming_up,0.000000,0.000,non_chewing
1902981.0,0.06543,-1.734375,1.12207,0.0,0.068214,-0.095127,warming_up,0.000000,0.000,non_chewing
1902991.0,0.055664,-1.731934,1.108887,-0.004263,0.04823,-0.071412,warming_up,0.000000,0.000,non_chewing
1903001.0,0.064453,-1.739258,1.119629,-0.005063,0.047697,-0.053292,warming_up,0.000000,0.000,non_chewing
1903011.0,0.074707,-1.760254,1.121582,-0.014123,0.049828,-0.041302,warming_up,0.000000,0.000,non_chewing
1903021.0,0.080078,-1.763672,1.122559,-0.001066,0.055424,-0.011724,warming_up,0.000000,0.000,non_chewing
1903031.0,0.073242,-1.749512,1.115234,0.014922,0.092196,-0.038904,warming_up,0.000000,0.000,non_chewing
1903041.0,0.058105,-1.745605,1.130371,0.011724,0.10845,-0.070346,warming_up,0.000000,0.000,non_chewing
1903051.0,0.048828,-1.75293,1.12793,0.005063,0.090331,-0.090597,warming_up,0.000000,0.000,non_chewing
1903061.0,0.046875,-1.753906,1.117676,0.019185,0.082337,-0.074343,warming_up,0.000000,0.000,non_chewing
1903071.0,0.039551,-1.733887,1.121582,-0.016521,0.049828,-0.084469,warming_up,0.000000,0.000,non_chewing
1903081.0,0.041992,-1.749512,1.126465,-0.016787,0.046364,-0.079406,warming_up,0.000000,0.000,non_chewing
1903091.0,0.034668,-1.74707,1.116699,-0.020518,0.052493,-0.050894,warming_up,0.000000,0.000,non_chewing
1903101.0,0.074707,-1.704102,1.126465,-0.027446,0.102855,-0.148953,warming_up,0.000000,0.000,non_chewing
1903111.0,0.035156,-1.79248,1.125977,-0.07834,0.039703,-0.043966,warming_up,0.000000,0.000,non_chewing
1903121.0,0.036621,-1.868164,1.077637,-0.057023,0.089265,-0.110049,warming_up,0.000000,0.000,non_chewing
1903131.0,0.007813,-1.687988,1.151855,-0.099391,0.05196,-0.013856,warming_up,0.000000,0.000,non_chewing
1903141.0,0.006836,-1.751953,1.104492,-0.144423,0.067948,-0.050894,warming_up,0.000000,0.000,non_chewing
1903151.0,0.108398,-1.691895,1.095215,-0.055424,0.228092,-0.088199,warming_up,0.000000,0.000,non_chewing
1903161.0,0.005859,-1.751465,1.115723,-0.050894,0.059155,0.021317,warming_up,0.000000,0.000,non_chewing
1903171.0,0.03125,-1.753906,1.119141,-0.038904,0.096992,0.021317,warming_up,0.000000,0.000,non_chewing
1903181.0,0.026367,-1.758789,1.125488,-0.03544,0.0866,0.031709,warming_up,0.000000,0.000,non_chewing
1903191.0,0.027344,-1.769043,1.110352,-0.041035,0.063418,0.015188,warming_up,0.000000,0.000,non_chewing
1903201.0,0.024414,-1.760254,1.10791,-0.036239,0.044233,-0.014655,warming_up,0.000000,0.000,non_chewing
1903211.0,0.027344,-1.754395,1.109375,-0.048496,0.065283,-0.035972,warming_up,0.000000,0.000,non_chewing
1903221.0,0.059082,-1.719727,1.12207,-0.080738,0.115378,-0.06928,warming_up,0.000000,0.000,non_chewing
1903231.0,0.002441,-1.76416,1.114746,-0.019718,0.048763,-0.034907,warming_up,0.000000,0.000,non_chewing
1903241.0,0.023437,-1.747559,1.115234,-0.053292,0.125237,-0.045299,warming_up,0.000000,0.000,non_chewing
1903251.0,0.028809,-1.708496,1.121094,-0.046897,0.118576,-0.061553,warming_up,0.000000,0.000,non_chewing
1903261.0,0.012207,-1.724609,1.128906,-0.051694,0.164141,-0.015721,warming_up,0.000000,0.000,non_chewing
1903271.0,0.016602,-1.729492,1.109375,-0.071145,0.175332,-0.001865,warming_up,0.000000,0.000,non_chewing
1903281.0,0.03418,-1.739258,1.114746,-0.049562,0.14842,-0.009593,warming_up,0.000000,0.000,non_chewing
1903291.0,0.030762,-1.73291,1.130859,-0.046098,0.116444,0.005862,warming_up,0.000000,0.000,non_chewing
1903301.0,0.041504,-1.72998,1.118164,-0.036239,0.069547,0.009859,warming_up,0.000000,0.000,non_chewing
1903311.0,0.051758,-1.724609,1.125,-0.007994,0.00826,-0.047697,warming_up,0.000000,0.000,non_chewing
1903321.0,0.021973,-1.714355,1.13623,-0.027979,0.046364,-0.013323,warming_up,0.000000,0.000,non_chewing
1903331.0,0.016602,-1.695801,1.128906,-0.037038,0.066349,-0.036772,warming_up,0.000000,0.000,non_chewing
1903341.0,0.012695,-1.707031,1.137207,-0.03464,0.071945,-0.020518,warming_up,0.000000,0.000,non_chewing
1903351.0,0.021973,-1.719238,1.133789,-0.01732,0.055691,0.00906,warming_up,0.000000,0.000,non_chewing
1903361.0,0.036133,-1.728027,1.133301,-0.018919,0.044766,-0.010925,warming_up,0.000000,0.000,non_chewing
1903371.0,0.046875,-1.746582,1.127441,-0.032242,0.050894,-0.013856,warming_up,0.000000,0.000,non_chewing
1903381.0,0.038086,-1.74707,1.133301,-0.03011,0.039969,-0.018119,warming_up,0.000000,0.000,non_chewing
1903391.0,0.04541,-1.753906,1.123047,-0.03011,-0.014655,-0.026646,warming_up,0.000000,0.000,non_chewing
1903401.0,0.040527,-1.745605,1.112305,-0.029044,-0.028778,-0.014655,warming_up,0.000000,0.000,non_chewing
1903411.0,0.043945,-1.752441,1.113281,-0.023182,-0.045299,0.00826,warming_up,0.000000,0.000,non_chewing
1903421.0,0.04248,-1.750977,1.112793,-0.030643,-0.044233,0.03091,warming_up,0.000000,0.000,non_chewing
1903431.0,0.040039,-1.746094,1.120117,-0.040769,-0.024248,0.057822,warming_up,0.000000,0.000,non_chewing
1903441.0,0.034668,-1.726074,1.138184,-0.037305,-0.035173,0.022383,warming_up,0.000000,0.000,non_chewing
1903451.0,0.033203,-1.70459,1.135254,-0.013057,-0.054358,-0.01732,warming_up,0.000000,0.000,non_chewing
1903461.0,0.038086,-1.680176,1.165039,-0.003997,-0.054092,-0.038637,warming_up,0.000000,0.000,non_chewing
1903471.0,0.057129,-1.666992,1.160645,-0.001332,-0.050628,-0.02185,warming_up,0.000000,0.000,non_chewing
1903481.0,0.063477,-1.668457,1.171875,-0.018119,-0.054092,-0.005063,warming_up,0.000000,0.000,non_chewing
1903491.0,0.057129,-1.689453,1.169922,0.002931,-0.036239,0.041568,warming_up,0.000000,0.000,non_chewing
1903501.0,0.04248,-1.704102,1.179688,0.02558,-0.044233,0.075675,warming_up,0.000000,0.000,non_chewing
1903511.0,0.044922,-1.682617,1.190918,0.033308,-0.062619,0.111648,warming_up,0.000000,0.000,non_chewing
1903521.0,0.030762,-1.694336,1.176758,0.040502,-0.118842,0.060221,warming_up,0.000000,0.000,non_chewing
1903531.0,0.026367,-1.709961,1.186035,0.053026,-0.190521,0.050628,warming_up,0.000000,0.000,non_chewing
1903541.0,0.031738,-1.725586,1.182617,0.073544,-0.279253,0.022383,warming_up,0.000000,0.000,non_chewing
1903551.0,0.003906,-1.723145,1.162109,0.105253,-0.382374,0.072211,warming_up,0.000000,0.000,non_chewing
1903561.0,0.072266,-1.717285,1.161133,0.070879,-0.392766,0.049828,warming_up,0.000000,0.000,non_chewing
1903571.0,0.041504,-1.704102,1.128906,0.111648,-0.395697,-0.00826,warming_up,0.000000,0.000,non_chewing
1903581.0,0.019531,-1.746094,1.123535,0.033041,-0.408221,0.046897,warming_up,0.000000,0.000,non_chewing
1903591.0,0.013184,-1.751953,1.11377,0.083403,-0.438864,0.118576,warming_up,0.000000,0.000,non_chewing
1903601.0,0.103027,-1.761719,1.108398,0.064217,-0.331213,0.212637,warming_up,0.000000,0.000,non_chewing
1903611.0,0.018066,-1.80957,1.081543,-0.005063,-0.419945,0.155348,warming_up,0.000000,0.000,non_chewing
1903621.0,0.099121,-1.76123,1.097656,0.112181,-0.23049,0.093528,warming_up,0.000000,0.000,non_chewing
1903631.0,0.07666,-1.796387,1.082031,0.077541,-0.310962,0.110848,warming_up,0.000000,0.000,non_chewing
1903641.0,0.078125,-1.720703,1.083984,0.129501,-0.301636,0.110848,warming_up,0.000000,0.000,non_chewing
1903651.0,0.041992,-1.750977,1.074707,0.007194,-0.343204,0.160943,warming_up,0.000000,0.000,non_chewing
1903661.0,0.038574,-1.770508,1.069336,-0.053026,-0.111648,0.083936,warming_up,0.000000,0.000,non_chewing
1903671.0,0.014648,-1.762695,1.060059,-0.065017,-0.005596,0.090331,warming_up,0.000000,0.000,non_chewing
1903681.0,0.033691,-1.758301,1.074707,-0.098858,0.123639,0.08207,warming_up,0.000000,0.000,non_chewing
1903691.0,0.052734,-1.750977,1.055664,-0.111381,0.141758,0.035706,warming_up,0.000000,0.000,non_chewing
1903701.0,0.04541,-1.773438,1.076172,-0.100989,0.19132,0.016787,warming_up,0.000000,0.000,non_chewing
1903711.0,0.053711,-1.791992,1.070313,-0.110315,0.22223,-0.004263,warming_up,0.000000,0.000,non_chewing
1903721.0,0.033203,-1.79541,1.074707,-0.152683,0.267528,0.007727,warming_up,0.000000,0.000,non_chewing
1903731.0,0.041504,-1.799316,1.083984,-0.168671,0.259534,-0.010392,warming_up,0.000000,0.000,non_chewing
1903741.0,0.050781,-1.81543,1.083008,-0.153482,0.290178,-0.00826,warming_up,0.000000,0.000,non_chewing
1903751.0,0.070312,-1.79248,1.069824,-0.159877,0.305899,0.002398,warming_up,0.000000,0.000,non_chewing
1903761.0,0.04541,-1.811523,1.080566,-0.151884,0.324551,-0.034107,warming_up,0.000000,0.000,non_chewing
1903771.0,0.043457,-1.79541,1.094238,-0.162276,0.344003,-0.029844,warming_up,0.000000,0.000,non_chewing
1903781.0,0.048828,-1.771973,1.097168,-0.140159,0.318689,0.001865,warming_up,0.000000,0.000,non_chewing
1903791.0,0.051758,-1.765625,1.098633,-0.122306,0.282717,-0.035972,warming_up,0.000000,0.000,non_chewing
1903801.0,0.061523,-1.772461,1.113281,-0.087933,0.27872,-0.025314,warming_up,0.000000,0.000,non_chewing
1903811.0,0.06543,-1.773926,1.106934,-0.077541,0.282717,-0.031443,warming_up,0.000000,0.000,non_chewing
1903821.0,0.0625,-1.760254,1.136719,-0.07834,0.280052,-0.040769,warming_up,0.000000,0.000,non_chewing
1903831.0,0.067871,-1.751953,1.134277,-0.074343,0.290444,-0.028778,warming_up,0.000000,0.000,non_chewing
1903841.0,0.05957,-1.779785,1.122559,-0.068214,0.268861,-0.016254,warming_up,0.000000,0.000,non_chewing
1903851.0,0.079102,-1.76416,1.126465,-0.039969,0.245678,0.10019,warming_up,0.000000,0.000,non_chewing
1903861.0,0.067383,-1.782715,1.128906,0.009859,0.193718,0.10019,warming_up,0.000000,0.000,non_chewing
1903871.0,0.068359,-1.775879,1.144043,-0.028778,0.149752,0.127636,warming_up,0.000000,0.000,non_chewing
1903881.0,0.069336,-1.753906,1.12793,-0.119375,0.101789,0.005862,warming_up,0.000000,0.000,non_chewing
1903891.0,0.03418,-1.70459,1.146973,-0.013323,0.041035,0.051427,warming_up,0.000000,0.000,non_chewing
1903901.0,0.012695,-1.738281,1.134766,-0.12204,0.107917,0.007994,warming_up,0.000000,0.000,non_chewing
1903911.0,0.035645,-1.691406,1.133301,-0.072478,0.171868,0.132432,warming_up,0.000000,0.000,non_chewing
1903921.0,0.015137,-1.751953,1.119141,-0.151351,0.235286,0.181194,warming_up,0.000000,0.000,non_chewing
1903931.0,0.049805,-1.731445,1.117676,-0.084469,0.245678,0.191853,warming_up,0.000000,0.000,non_chewing
1903941.0,0.040039,-1.740234,1.132324,-0.0866,0.305899,0.129501,warming_up,0.000000,0.000,non_chewing
1903951.0,0.024902,-1.731445,1.114258,-0.018652,0.24328,0.228625,warming_up,0.000000,0.000,non_chewing
1903961.0,0.005371,-1.750977,1.110352,-0.053825,0.192652,0.217167,warming_up,0.000000,0.000,non_chewing
1903971.0,0.006836,-1.739746,1.131836,-0.223296,0.052227,0.131632,warming_up,0.000000,0.000,non_chewing
1903981.0,0.045898,-1.691895,1.115234,-0.169737,-0.020784,0.226493,warming_up,0.000000,0.000,non_chewing
1903991.0,-0.028809,-1.746094,1.141113,-0.280585,-0.053292,0.113513,warming_up,0.000000,0.000,non_chewing
1904001.0,-0.047363,-1.727051,1.124023,-0.217966,0.06555,0.081804,warming_up,0.000000,0.000,non_chewing
1904011.0,0.018555,-1.723633,1.12207,-0.248609,0.046364,0.032242,warming_up,0.000000,0.000,non_chewing
1904021.0,0.038086,-1.739258,1.115234,-0.181727,0.033574,-0.022383,warming_up,0.000000,0.000,non_chewing
1904031.0,-0.029297,-1.763672,1.100586,-0.217966,-0.0437,-0.006662,warming_up,0.000000,0.000,non_chewing
1904041.0,-0.022461,-1.749023,1.114258,-0.158012,-0.028778,0.023449,warming_up,0.000000,0.000,non_chewing
1904051.0,-0.041016,-1.712891,1.104004,-0.20491,0.017587,-0.083403,warming_up,0.000000,0.000,non_chewing
1904061.0,-0.023926,-1.740723,1.038574,-0.329614,-0.02558,-0.064484,warming_up,0.000000,0.000,non_chewing
1904071.0,-0.027832,-1.760742,1.10498,-0.268861,0.003997,-0.158812,warming_up,0.000000,0.000,non_chewing
1904081.0,0.015137,-1.746582,1.094238,-0.297372,0.032775,-0.14389,warming_up,0.000000,0.000,non_chewing
1904091.0,-0.053711,-1.689941,1.098145,-0.32242,0.116977,-0.188123,warming_up,0.000000,0.000,non_chewing
1904101.0,-0.07373,-1.703613,1.103516,-0.290178,0.195583,-0.175865,warming_up,0.000000,0.000,non_chewing
1904111.0,-0.023926,-1.687012,1.128906,-0.276588,0.228092,-0.212371,warming_up,0.000000,0.000,non_chewing
1904121.0,-0.049316,-1.720215,1.11084,-0.290444,0.193718,-0.131899,warming_up,0.000000,0.000,non_chewing
1904131.0,-0.025879,-1.734863,1.117188,-0.258735,0.180395,-0.138294,warming_up,0.000000,0.000,non_chewing
1904141.0,-0.019043,-1.737793,1.10791,-0.281118,0.168404,-0.091663,warming_up,0.000000,0.000,non_chewing
1904151.0,-0.010742,-1.719238,1.115723,-0.286447,0.166273,-0.123905,warming_up,0.000000,0.000,non_chewing
1904161.0,-0.077148,-1.782227,1.111328,-0.3051,0.119109,-0.080205,warming_up,0.000000,0.000,non_chewing
1904171.0,0.017578,-1.743164,1.094727,-0.356527,0.150018,-0.166539,warming_up,0.000000,0.000,non_chewing
1904181.0,0.0,-1.77832,1.113281,-0.254738,0.096459,-0.084469,warming_up,0.000000,0.000,non_chewing
1904191.0,0.015625,-1.806152,1.09375,-0.290444,0.10392,-0.102855,warming_up,0.000000,0.000,non_chewing
1904201.0,0.005371,-1.751953,1.09375,-0.332279,0.083136,-0.213969,warming_up,0.000000,0.000,non_chewing
1904211.0,-0.016113,-1.776855,1.100098,-0.36159,-0.036505,-0.110049,warming_up,0.000000,0.000,non_chewing
1904221.0,-0.024414,-1.791504,1.07373,-0.350931,-0.054092,-0.062885,warming_up,0.000000,0.000,non_chewing
1904231.0,-0.009277,-1.773926,1.068359,-0.249142,-0.058355,-0.144156,warming_up,0.000000,0.000,non_chewing
1904241.0,0.017578,-1.831543,1.045898,-0.394631,-0.070879,-0.172401,warming_up,0.000000,0.000,non_chewing
1904251.0,0.012207,-1.750488,1.037109,-0.422609,-0.005063,-0.207041,warming_up,0.000000,0.000,non_chewing
1904261.0,0.014648,-1.767578,1.010742,-0.236086,-0.061819,-0.206508,warming_up,0.000000,0.000,non_chewing
1904271.0,-0.005859,-1.84668,1.026855,-0.361856,-0.067415,-0.26966,warming_up,0.000000,0.000,non_chewing
1904281.0,0.037598,-1.828125,1.005371,-0.344003,-0.007727,-0.255804,warming_up,0.000000,0.000,non_chewing
1904291.0,0.050781,-1.790039,1.002441,-0.315225,0.069813,-0.267795,warming_up,0.000000,0.000,non_chewing
1904301.0,0.0625,-1.794922,1.005371,-0.324018,-0.001066,-0.329881,warming_up,0.000000,0.000,non_chewing
1904311.0,0.11084,-1.847656,1.019531,-0.337874,-0.023715,-0.33894,warming_up,0.000000,0.000,non_chewing
1904321.0,0.013672,-1.840332,1.019043,-0.303234,-0.021317,-0.328015,warming_up,0.000000,0.000,non_chewing
1904331.0,0.001465,-1.745605,1.033203,-0.299504,-0.010392,-0.347467,warming_up,0.000000,0.000,non_chewing
1904341.0,0.012695,-1.818359,1.010254,-0.409819,0.023715,-0.191054,warming_up,0.000000,0.000,non_chewing
1904351.0,0.085937,-1.800293,0.991699,-0.431136,0.077807,-0.136962,warming_up,0.000000,0.000,non_chewing
1904361.0,0.12207,-1.830078,0.993652,-0.429538,0.138827,-0.095127,warming_up,0.000000,0.000,non_chewing
1904371.0,0.107422,-1.810547,0.975586,-0.400493,0.153216,-0.360257,warming_up,0.000000,0.000,non_chewing
1904381.0,0.099609,-1.87207,0.981934,-0.351464,0.159611,-0.473237,warming_up,0.000000,0.000,non_chewing
1904391.0,0.125488,-1.82373,0.995605,-0.371449,0.143357,-0.618726,warming_up,0.000000,0.000,non_chewing
1904401.0,0.085449,-1.799316,1.01709,-0.257669,0.075675,-0.506279,warming_up,0.000000,0.000,non_chewing
1904411.0,0.09668,-1.791016,1.030273,-0.217167,0.030377,-0.45192,warming_up,0.000000,0.000,non_chewing
1904421.0,0.100098,-1.750488,1.036133,-0.144689,0.043167,-0.515338,warming_up,0.000000,0.000,non_chewing
1904431.0,0.108398,-1.743652,1.020996,-0.073544,0.033574,-0.471639,warming_up,0.000000,0.000,non_chewing
1904441.0,0.10791,-1.760254,1.034668,-0.045832,0.122573,-0.3043,warming_up,0.000000,0.000,non_chewing
1904451.0,0.123047,-1.787109,1.033691,-0.049562,0.164407,-0.243547,warming_up,0.000000,0.000,non_chewing
1904461.0,0.132324,-1.806152,1.022461,-0.033574,0.183326,-0.242747,warming_up,0.000000,0.000,non_chewing
1904471.0,0.165039,-1.837402,1.003418,-0.036505,0.205443,-0.24781,warming_up,0.000000,0.000,non_chewing
1904481.0,0.169434,-1.827637,0.99707,-0.047963,0.137228,-0.357326,warming_up,0.000000,0.000,non_chewing
1904491.0,0.181152,-1.804688,1.007813,-0.06928,0.210239,-0.410885,warming_up,0.000000,0.000,non_chewing
1904501.0,0.128906,-1.818848,1.008789,-0.095394,0.147087,-0.492956,warming_up,0.000000,0.000,non_chewing
1904511.0,0.108398,-1.793457,1.014648,-0.044766,0.104986,-0.594478,warming_up,0.000000,0.000,non_chewing
1904521.0,0.100098,-1.779297,1.004883,0.062352,0.101789,-0.3917,warming_up,0.000000,0.000,non_chewing
1904531.0,0.096191,-1.76123,1.010254,-0.037305,0.138294,-0.329881,warming_up,0.000000,0.000,non_chewing
1904541.0,0.107422,-1.748047,1.00293,0.028245,0.18306,-0.326683,warming_up,0.000000,0.000,non_chewing
1904551.0,0.095703,-1.768555,0.994141,-0.011458,0.224361,-0.343204,warming_up,0.000000,0.000,non_chewing
1904561.0,0.064941,-1.756836,1.008301,-0.034107,0.281118,-0.343204,warming_up,0.000000,0.000,non_chewing
1904571.0,0.07959,-1.753906,1.01123,-0.06555,0.323485,-0.353862,warming_up,0.000000,0.000,non_chewing
1904581.0,0.079102,-1.776855,1.016113,-0.114312,0.347734,-0.323219,warming_up,0.000000,0.000,non_chewing
1904591.0,0.07959,-1.782227,1.006836,-0.158812,0.37811,-0.286181,warming_up,0.000000,0.000,non_chewing
1904601.0,0.09375,-1.79541,1.003906,-0.189721,0.378643,-0.246744,warming_up,0.000000,0.000,non_chewing
1904611.0,0.108398,-1.783203,0.998047,-0.228092,0.453786,-0.286447,warming_up,0.000000,0.000,non_chewing
1904621.0,0.098145,-1.814941,0.973633,-0.195051,0.450588,-0.216101,warming_up,0.000000,0.000,non_chewing
1904631.0,0.080078,-1.820801,1.009766,-0.251807,0.467375,-0.236885,warming_up,0.000000,0.000,non_chewing
1904641.0,0.054687,-1.805664,0.989258,-0.221164,0.485228,-0.146021,warming_up,0.000000,0.000,non_chewing
1904651.0,0.098145,-1.818359,0.993164,-0.23955,0.487893,-0.130833,warming_up,0.000000,0.000,non_chewing
1904661.0,0.111816,-1.828613,0.972656,-0.250741,0.467642,-0.110848,warming_up,0.000000,0.000,non_chewing
1904671.0,0.125488,-1.827637,0.984375,-0.264331,0.43913,-0.133231,warming_up,0.000000,0.000,non_chewing
1904681.0,0.122559,-1.831055,0.988281,-0.281651,0.400227,-0.168937,warming_up,0.000000,0.000,non_chewing
1904691.0,0.144043,-1.832031,0.988281,-0.295507,0.341605,-0.237152,warming_up,0.000000,0.000,non_chewing
1904701.0,0.099609,-1.844727,0.998047,-0.300037,0.296573,-0.32615,warming_up,0.000000,0.000,non_chewing
1904711.0,0.15332,-1.775879,0.93457,-0.262732,0.309096,-0.250475,warming_up,0.000000,0.000,non_chewing
1904721.0,0.097168,-1.818359,0.98584,-0.248077,0.311228,-0.350931,warming_up,0.000000,0.000,non_chewing
1904731.0,0.102539,-1.806152,0.966797,-0.239017,0.372515,-0.302435,warming_up,0.000000,0.000,non_chewing
1904741.0,0.116699,-1.835938,0.972168,-0.188389,0.375179,-0.21317,warming_up,0.000000,0.000,non_chewing
1904751.0,0.112793,-1.833008,0.951172,-0.187057,0.388236,-0.244879,warming_up,0.000000,0.000,non_chewing
1904761.0,0.154297,-1.831543,0.955566,-0.178263,0.418346,-0.127369,warming_up,0.000000,0.000,non_chewing
1904771.0,0.135742,-1.844727,0.952637,-0.145489,0.414349,-0.118576,warming_up,0.000000,0.000,non_chewing
1904781.0,0.15332,-1.816895,0.925293,-0.172668,0.38264,-0.065283,warming_up,0.000000,0.000,non_chewing
1904791.0,0.146484,-1.823242,0.958008,-0.164141,0.344802,-0.065017,warming_up,0.000000,0.000,non_chewing
1904801.0,0.138184,-1.828613,0.943359,-0.159611,0.335476,-0.074343,warming_up,0.000000,0.000,non_chewing
1904811.0,0.158691,-1.825195,0.929687,-0.184658,0.295507,-0.042634,warming_up,0.000000,0.000,non_chewing
1904821.0,0.163086,-1.835449,0.966309,-0.150018,0.277387,-0.039703,warming_up,0.000000,0.000,non_chewing
1904831.0,0.135742,-1.830566,0.946289,-0.124438,0.282717,-0.053026,warming_up,0.000000,0.000,non_chewing
1904841.0,0.108887,-1.8125,0.939941,-0.139093,0.242747,-0.018119,warming_up,0.000000,0.000,non_chewing
1904851.0,0.105957,-1.814941,0.987305,-0.140426,0.241681,0.002665,warming_up,0.000000,0.000,non_chewing
1904861.0,0.094238,-1.80957,0.974609,-0.114579,0.263531,-0.004263,warming_up,0.000000,0.000,non_chewing
1904871.0,0.09375,-1.800293,0.954102,-0.135629,0.252873,0.002665,warming_up,0.000000,0.000,non_chewing
1904881.0,0.120605,-1.819336,0.975098,-0.118309,0.245945,-0.01359,warming_up,0.000000,0.000,non_chewing
1904891.0,0.121094,-1.820801,0.97998,-0.13483,0.209706,-0.058622,warming_up,0.000000,0.000,non_chewing
1904901.0,0.119141,-1.832031,0.969238,-0.140159,0.228891,-0.066616,warming_up,0.000000,0.000,non_chewing
1904911.0,0.10498,-1.831543,0.965332,-0.130567,0.18679,-0.066083,warming_up,0.000000,0.000,non_chewing
1904921.0,0.171875,-1.819336,0.944824,-0.113779,0.225694,-0.063951,warming_up,0.000000,0.000,non_chewing
1904931.0,0.080078,-1.853027,0.966797,-0.098325,0.179063,-0.074609,warming_up,0.000000,0.000,non_chewing
1904941.0,0.116699,-1.828613,0.945312,-0.07008,0.171868,-0.051694,warming_up,0.000000,0.000,non_chewing
1904951.0,0.063477,-1.837402,0.952637,-0.044499,0.114845,-0.068214,warming_up,0.000000,0.000,non_chewing
1904961.0,0.069336,-1.826172,0.957031,-0.037838,0.106585,0.000799,warming_up,0.000000,0.000,non_chewing
1904971.0,0.07373,-1.814941,0.949219,-0.037838,0.081271,0.014123,warming_up,0.000000,0.000,non_chewing
1904981.0,0.078613,-1.832031,0.954102,-0.046631,0.094061,0.044766,warming_up,0.000000,0.000,non_chewing
1904991.0,0.087402,-1.851074,0.95459,-0.023182,0.075675,0.041835,warming_up,0.000000,0.000,non_chewing
1905001.0,0.07373,-1.838379,0.966797,-0.013856,0.042368,0.011191,warming_up,0.000000,0.000,non_chewing
1905011.0,0.059082,-1.845703,0.967285,0.0429,0.055424,-0.009859,warming_up,0.000000,0.000,non_chewing
1905021.0,0.13623,-1.779785,0.925781,0.038104,0.086334,-0.042101,warming_up,0.000000,0.000,non_chewing
1905031.0,0.059082,-1.80957,0.959961,0.060487,0.041302,0.012524,warming_up,0.000000,0.000,non_chewing
1905041.0,0.062012,-1.814941,0.964844,0.063418,0.046897,0.02558,warming_up,0.000000,0.000,non_chewing
1905051.0,0.068359,-1.838867,0.955078,0.092196,0.067948,0.083136,warming_up,0.000000,0.000,non_chewing
1905061.0,0.07373,-1.82666,0.939941,0.102588,0.088199,0.119375,warming_up,0.000000,0.000,non_chewing
1905071.0,0.066406,-1.818359,0.939941,0.140692,0.0866,0.088199,warming_up,0.000000,0.000,non_chewing
1905081.0,0.077637,-1.821777,0.946777,0.141758,0.086334,0.037571,warming_up,0.000000,0.000,non_chewing
1905091.0,0.078613,-1.817871,0.95166,0.150018,0.090864,0.009859,warming_up,0.000000,0.000,non_chewing
1905101.0,0.084473,-1.826172,0.943848,0.154282,0.098058,-0.003464,warming_up,0.000000,0.000,non_chewing
1905111.0,0.096191,-1.835938,0.945801,0.102855,0.102055,-0.001066,warming_up,0.000000,0.000,non_chewing
1905121.0,0.12207,-1.828613,0.94873,0.062885,0.142025,-0.004796,warming_up,0.000000,0.000,non_chewing
1905131.0,0.125,-1.831543,0.964355,0.014655,0.149219,-0.041302,warming_up,0.000000,0.000,non_chewing
1905141.0,0.124512,-1.817871,0.962402,-0.038104,0.173467,-0.03091,warming_up,0.000000,0.000,non_chewing
1905151.0,0.125977,-1.805176,0.971191,-0.060221,0.168937,-0.094861,warming_up,0.000000,0.000,non_chewing
1905161.0,0.115723,-1.818359,0.975586,-0.072211,0.168671,-0.132698,warming_up,0.000000,0.000,non_chewing
1905171.0,0.11084,-1.80957,0.96582,-0.078873,0.162276,-0.135096,warming_up,0.000000,0.000,non_chewing
1905181.0,0.125488,-1.818359,0.960937,-0.083403,0.158812,-0.123905,warming_up,0.000000,0.000,non_chewing
1905191.0,0.130859,-1.806152,0.959473,-0.066349,0.184126,-0.099391,warming_up,0.000000,0.000,non_chewing
1905201.0,0.130859,-1.809082,0.972168,-0.078074,0.218233,-0.096726,warming_up,0.000000,0.000,non_chewing
1905211.0,0.109863,-1.807617,0.974121,-0.08207,0.218766,-0.084469,warming_up,0.000000,0.000,non_chewing
1905221.0,0.10791,-1.805176,0.975098,-0.103654,0.231289,-0.123372,warming_up,0.000000,0.000,non_chewing
1905231.0,0.094238,-1.8125,0.973145,-0.093528,0.228092,-0.134297,warming_up,0.000000,0.000,non_chewing
1905241.0,0.086914,-1.826172,0.959473,-0.097792,0.210772,-0.144423,warming_up,0.000000,0.000,non_chewing
1905251.0,0.105957,-1.819824,0.961426,-0.076741,0.197982,-0.146288,warming_up,0.000000,0.000,non_chewing
1905261.0,0.105469,-1.818359,0.977051,-0.075942,0.175332,-0.159611,warming_up,0.000000,0.000,non_chewing
1905271.0,0.117676,-1.826172,0.962402,-0.072211,0.156413,-0.163075,warming_up,0.000000,0.000,non_chewing
1905281.0,0.104492,-1.826172,0.969727,-0.060753,0.162809,-0.130567,warming_up,0.000000,0.000,non_chewing
1905291.0,0.104004,-1.829102,0.967773,-0.054891,0.141225,-0.123106,warming_up,0.000000,0.000,non_chewing
1905301.0,0.119141,-1.816895,0.965332,-0.046631,0.158545,-0.114579,warming_up,0.000000,0.000,non_chewing
1905311.0,0.120605,-1.82373,0.969727,-0.041835,0.149219,-0.092462,warming_up,0.000000,0.000,non_chewing
1905321.0,0.130371,-1.832031,0.980957,-0.031709,0.16121,-0.107384,warming_up,0.000000,0.000,non_chewing
1905331.0,0.143555,-1.82373,0.975586,-0.012524,0.166273,-0.120441,warming_up,0.000000,0.000,non_chewing
1905341.0,0.155273,-1.830566,0.973633,-0.00453,0.164141,-0.159611,warming_up,0.000000,0.000,non_chewing
1905351.0,0.138184,-1.830078,0.976562,0.014389,0.13483,-0.172668,warming_up,0.000000,0.000,non_chewing
1905361.0,0.14502,-1.829102,0.959473,0.011191,0.119109,-0.166273,warming_up,0.000000,0.000,non_chewing
1905371.0,0.139648,-1.825195,0.955078,0.023449,0.102855,-0.212371,warming_up,0.000000,0.000,non_chewing
1905381.0,0.128906,-1.814453,0.97168,0.023449,0.087666,-0.170802,warming_up,0.000000,0.000,non_chewing
1905391.0,0.124512,-1.814941,0.965332,-0.013323,0.108717,-0.20038,warming_up,0.000000,0.000,non_chewing
1905401.0,0.120605,-1.814941,0.936523,-0.015455,0.104453,-0.131366,warming_up,0.000000,0.000,non_chewing
1905411.0,0.140137,-1.813965,0.944824,-0.053292,0.118576,-0.164407,warming_up,0.000000,0.000,non_chewing
1905421.0,0.159668,-1.8125,0.939941,-0.033841,0.1303,-0.155614,warming_up,0.000000,0.000,non_chewing
1905431.0,0.115723,-1.808594,0.956055,-0.0429,0.11751,-0.179063,warming_up,0.000000,0.000,non_chewing
1905441.0,0.134277,-1.810547,0.964844,-0.045299,0.133764,-0.167338,warming_up,0.000000,0.000,non_chewing
1905451.0,0.118652,-1.8125,0.967285,-0.044233,0.136695,-0.137761,warming_up,0.000000,0.000,non_chewing
1905461.0,0.112793,-1.813477,0.961914,-0.050361,0.136429,-0.15215,warming_up,0.000000,0.000,non_chewing
1905471.0,0.120605,-1.810547,0.95459,-0.05649,0.121773,-0.080472,warming_up,0.000000,0.000,non_chewing
1905481.0,0.125488,-1.824219,0.949707,0.088998,0.16041,-0.171335,warming_up,0.000000,0.000,non_chewing
1905491.0,0.068848,-1.84082,0.952148,0.018386,0.131899,-0.080472,warming_up,0.000000,0.000,non_chewing
1905501.0,0.115234,-1.853027,0.926758,0.044499,0.160677,-0.023182,warming_up,0.000000,0.000,non_chewing
1905511.0,0.129395,-1.8125,0.947266,-0.033041,0.337075,-0.141758,warming_up,0.000000,0.000,non_chewing
1905521.0,0.132812,-1.817383,0.954102,0.002398,0.242214,-0.00906,warming_up,0.000000,0.000,non_chewing
1905531.0,0.109375,-1.815918,0.941406,0.000266,0.223029,0.128701,warming_up,0.000000,0.000,non_chewing
1905541.0,0.10791,-1.831543,0.972656,0.025314,0.230757,0.13856,warming_up,0.000000,0.000,non_chewing
1905551.0,0.11084,-1.84375,0.943359,0.041035,0.225694,0.124704,warming_up,0.000000,0.000,non_chewing
1905561.0,0.041504,-1.994141,1.023926,0.139626,0.260867,0.388769,warming_up,0.000000,0.000,non_chewing
1905571.0,0.072266,-1.806641,1.000977,0.068481,0.233954,0.166273,warming_up,0.000000,0.000,non_chewing
1905581.0,0.041016,-1.847168,1.01416,0.046631,0.215035,0.013323,warming_up,0.000000,0.000,non_chewing
1905591.0,0.094238,-1.816406,0.987793,0.077807,0.286181,0.09193,warming_up,0.000000,0.000,non_chewing
1905601.0,0.192871,-1.666504,0.949219,0.246478,0.290977,0.363188,warming_up,0.000000,0.000,non_chewing
1905611.0,0.098145,-1.809082,0.988281,0.087133,0.244346,0.078873,warming_up,0.000000,0.000,non_chewing
1905621.0,0.068848,-1.84375,0.994141,0.088732,0.209972,0.06928,warming_up,0.000000,0.000,non_chewing
1905631.0,0.106934,-1.820313,0.998047,0.081271,0.181994,0.140159,warming_up,0.000000,0.000,non_chewing
1905641.0,0.044922,-1.902344,1.003418,0.117776,0.14842,0.147887,warming_up,0.000000,0.000,non_chewing
1905651.0,0.139648,-1.818848,0.978027,0.049562,0.158279,0.005596,warming_up,0.000000,0.000,non_chewing
1905661.0,0.104492,-1.803711,0.986328,0.035972,0.159611,-0.03091,warming_up,0.000000,0.000,non_chewing
1905671.0,0.098145,-1.796875,0.999023,-0.00373,0.123106,-0.057556,warming_up,0.000000,0.000,non_chewing
1905681.0,0.105469,-1.79248,0.987305,-0.042634,0.131899,-0.035173,warming_up,0.000000,0.000,non_chewing
1905691.0,0.116699,-1.799316,0.981934,-0.059688,0.12577,-0.033841,warming_up,0.000000,0.000,non_chewing
1905701.0,0.12793,-1.799805,0.981934,-0.068747,0.109516,-0.015721,warming_up,0.000000,0.000,non_chewing
1905711.0,0.114258,-1.814453,0.987305,-0.067681,0.081271,0.01279,warming_up,0.000000,0.000,non_chewing
1905721.0,0.12207,-1.846191,0.987793,-0.072744,0.062086,0.023715,warming_up,0.000000,0.000,non_chewing
1905731.0,0.130859,-1.845703,0.982422,-0.065017,0.066616,0.007994,warming_up,0.000000,0.000,non_chewing
1905741.0,0.111816,-1.830078,0.989258,-0.049562,0.045832,-0.009593,warming_up,0.000000,0.000,non_chewing
1905751.0,0.09082,-1.806641,0.995117,-0.040502,0.05276,-0.040769,warming_up,0.000000,0.000,non_chewing
1905761.0,0.10498,-1.814453,0.992187,-0.029577,0.067948,-0.01732,warming_up,0.000000,0.000,non_chewing
1905771.0,0.10498,-1.815918,0.973145,-0.003198,0.07834,-0.028511,warming_up,0.000000,0.000,non_chewing
1905781.0,0.097656,-1.815918,0.96875,0.00906,0.090864,-0.023715,warming_up,0.000000,0.000,non_chewing
1905791.0,0.100586,-1.804688,0.980469,0.010126,0.086067,-0.017587,warming_up,0.000000,0.000,non_chewing
1905801.0,0.091797,-1.802246,0.986328,0.017054,0.083136,-0.018386,warming_up,0.000000,0.000,non_chewing
1905811.0,0.100586,-1.794434,0.985352,0.008527,0.085268,-0.034907,warming_up,0.000000,0.000,non_chewing
1905821.0,0.098145,-1.812012,0.986816,0.002665,0.114046,-0.052493,warming_up,0.000000,0.000,non_chewing
1905831.0,0.105469,-1.79834,0.98584,0.002398,0.121773,-0.069547,warming_up,0.000000,0.000,non_chewing
1905841.0,0.109863,-1.810547,0.975586,-0.003464,0.120708,-0.09113,warming_up,0.000000,0.000,non_chewing
1905851.0,0.105957,-1.812012,0.982422,0.006395,0.107917,-0.111115,warming_up,0.000000,0.000,non_chewing
1905861.0,0.11084,-1.822266,0.998535,0.004796,0.088998,-0.101522,warming_up,0.000000,0.000,non_chewing
1905871.0,0.114746,-1.803711,1.010742,0.016787,0.09113,-0.1303,warming_up,0.000000,0.000,non_chewing
1905881.0,0.133301,-1.814453,0.998047,-0.003464,0.0874,-0.15215,warming_up,0.000000,0.000,non_chewing
1905891.0,0.129395,-1.819336,0.977539,0.002132,0.077008,-0.145222,warming_up,0.000000,0.000,non_chewing
1905901.0,0.114258,-1.808594,0.981934,-0.006928,0.081538,-0.141492,warming_up,0.000000,0.000,non_chewing
1905911.0,0.123535,-1.802734,0.969238,-0.02558,0.103121,-0.142557,warming_up,0.000000,0.000,non_chewing
1905921.0,0.111816,-1.805176,0.981934,-0.054092,0.119375,-0.142557,warming_up,0.000000,0.000,non_chewing
1905931.0,0.125488,-1.811035,0.989258,-0.041035,0.120441,-0.118309,warming_up,0.000000,0.000,non_chewing
1905941.0,0.135742,-1.808105,0.983887,-0.0437,0.119642,-0.119375,warming_up,0.000000,0.000,non_chewing
1905951.0,0.133301,-1.802734,0.976074,-0.041835,0.111914,-0.133498,warming_up,0.000000,0.000,non_chewing
1905961.0,0.133789,-1.816895,0.985352,-0.049029,0.107118,-0.149485,warming_up,0.000000,0.000,non_chewing
1905971.0,0.133789,-1.794434,0.960449,-0.060753,0.09193,-0.147354,warming_up,0.000000,0.000,non_chewing
1905981.0,0.117676,-1.795898,0.955078,-0.065283,0.077008,-0.17853,warming_up,0.000000,0.000,non_chewing
1905991.0,0.112793,-1.791016,0.964844,-0.079672,0.112447,-0.220631,warming_up,0.000000,0.000,non_chewing
1906001.0,0.114258,-1.793945,0.978027,-0.087666,0.12657,-0.244346,warming_up,0.000000,0.000,non_chewing
1906011.0,0.082031,-1.797852,0.989258,-0.084469,0.123639,-0.209972,warming_up,0.000000,0.000,non_chewing
1906021.0,0.095703,-1.797852,0.996094,-0.101256,0.174,-0.299504,warming_up,0.000000,0.000,non_chewing
1906031.0,0.139648,-1.787598,0.983887,-0.075675,0.207574,-0.243014,warming_up,0.000000,0.000,non_chewing
1906041.0,0.123047,-1.830078,0.978027,-0.074609,0.204643,-0.315758,warming_up,0.000000,0.000,non_chewing
1906051.0,0.11084,-1.820801,0.992676,-0.076741,0.190254,-0.354928,warming_up,0.000000,0.000,non_chewing
1906061.0,0.125977,-1.820313,0.97998,-0.065816,0.207574,-0.323752,warming_up,0.000000,0.000,non_chewing
1906071.0,0.161621,-1.786621,0.973145,-0.077807,0.189455,-0.298172,warming_up,0.000000,0.000,non_chewing
1906081.0,0.141113,-1.808594,0.98877,-0.046631,0.229158,-0.272858,warming_up,0.000000,0.000,non_chewing
1906091.0,0.083496,-1.810547,0.994141,-0.024515,0.206775,-0.255804,warming_up,0.000000,0.000,non_chewing
1906101.0,0.075684,-1.824707,0.974609,-0.040502,0.252606,-0.123106,warming_up,0.000000,0.000,non_chewing
1906111.0,0.123047,-1.801758,0.986328,-0.021583,0.234753,-0.135896,warming_up,0.000000,0.000,non_chewing
1906121.0,0.105957,-1.818359,0.994141,-0.063951,0.241948,-0.070613,warming_up,0.000000,0.000,non_chewing
1906131.0,0.101074,-1.804199,0.996094,-0.054891,0.241681,-0.00453,warming_up,0.000000,0.000,non_chewing
1906141.0,0.120605,-1.824707,0.977051,-0.062885,0.258469,0.075942,warming_up,0.000000,0.000,non_chewing
1906151.0,0.100098,-1.821777,1.016113,-0.084735,0.210239,0.053559,warming_up,0.000000,0.000,non_chewing
1906161.0,0.12793,-1.84668,1.00293,-0.075675,0.184658,0.086067,warming_up,0.000000,0.000,non_chewing
1906171.0,0.15625,-1.833008,0.99707,-0.072744,0.201446,0.055424,warming_up,0.000000,0.000,non_chewing
1906181.0,0.139648,-1.84668,0.996094,-0.035173,0.156946,0.063951,warming_up,0.000000,0.000,non_chewing
1906191.0,0.137207,-1.843262,0.999023,-0.049562,0.193185,0.104187,warming_up,0.000000,0.000,non_chewing
1906201.0,0.146484,-1.816406,0.976074,-0.025847,0.181461,0.151884,warming_up,0.000000,0.000,non_chewing
1906211.0,0.121094,-1.847656,0.992187,-0.025047,0.147354,0.132965,warming_up,0.000000,0.000,non_chewing
1906221.0,0.118164,-1.820313,0.978516,-0.00906,0.15668,0.173467,warming_up,0.000000,0.000,non_chewing
1906231.0,0.109375,-1.820313,0.990723,0.002665,0.146821,0.173467,warming_up,0.000000,0.000,non_chewing
1906241.0,0.096191,-1.806152,0.986328,-0.014655,0.145222,0.152683,warming_up,0.000000,0.000,non_chewing
1906251.0,0.089844,-1.821289,1.010742,-0.025847,0.17027,0.126303,warming_up,0.000000,0.000,non_chewing
1906261.0,0.118164,-1.814453,1.000488,-0.029844,0.158812,0.014655,warming_up,0.000000,0.000,non_chewing
1906271.0,0.116211,-1.823242,0.985352,-0.007194,0.150818,-0.029844,warming_up,0.000000,0.000,non_chewing
1906281.0,0.087891,-1.828125,1.0,-0.037305,0.175332,-0.038637,warming_up,0.000000,0.000,non_chewing
1906291.0,0.117676,-1.797363,0.982422,-0.009593,0.174,-0.082337,warming_up,0.000000,0.000,non_chewing
1906301.0,0.105957,-1.8125,0.986328,0.015721,0.176132,-0.083669,warming_up,0.000000,0.000,non_chewing
1906311.0,0.099609,-1.803711,0.986328,0.025047,0.172135,-0.098325,warming_up,0.000000,0.000,non_chewing
1906321.0,0.097168,-1.798828,0.992676,0.0,0.186524,-0.116444,warming_up,0.000000,0.000,non_chewing
1906331.0,0.10791,-1.790527,0.98584,0.011458,0.191853,-0.095394,warming_up,0.000000,0.000,non_chewing
1906341.0,0.10791,-1.827148,1.009766,-0.01279,0.197715,-0.177198,warming_up,0.000000,0.000,non_chewing
1906351.0,0.125488,-1.825195,0.982422,-0.005862,0.207041,-0.18759,warming_up,0.000000,0.000,non_chewing
1906361.0,0.160645,-1.824219,0.973145,0.001599,0.190254,-0.211305,warming_up,0.000000,0.000,non_chewing
1906371.0,0.149414,-1.806152,0.971191,-0.001599,0.157479,-0.272858,warming_up,0.000000,0.000,non_chewing
1906381.0,0.133789,-1.807617,0.970703,-0.027179,0.13483,-0.291776,warming_up,0.000000,0.000,non_chewing
1906391.0,0.12207,-1.804199,0.969238,-0.036772,0.080738,-0.269926,warming_up,0.000000,0.000,non_chewing
1906401.0,0.143066,-1.776855,0.974609,-0.041035,0.050361,-0.217167,warming_up,0.000000,0.000,non_chewing
1906411.0,0.117188,-1.785645,0.978027,-0.049029,0.029044,-0.235819,warming_up,0.000000,0.000,non_chewing
1906421.0,0.140625,-1.802734,0.979492,-0.062352,0.025047,-0.179596,warming_up,0.000000,0.000,non_chewing
1906431.0,0.157715,-1.793945,0.981934,-0.037305,0.00453,-0.170802,warming_up,0.000000,0.000,non_chewing
1906441.0,0.151855,-1.814453,0.98877,-0.037305,0.016787,-0.0874,warming_up,0.000000,0.000,non_chewing
1906451.0,0.166016,-1.810059,0.967773,-0.042634,0.035972,-0.06555,warming_up,0.000000,0.000,non_chewing
1906461.0,0.168457,-1.812988,0.975586,-0.036772,0.030643,-0.083936,warming_up,0.000000,0.000,non_chewing
1906471.0,0.14209,-1.813965,0.978516,-0.051161,0.01279,-0.073011,warming_up,0.000000,0.000,non_chewing
1906481.0,0.129395,-1.81543,0.992187,-0.014922,-0.012524,-0.099657,warming_up,0.000000,0.000,non_chewing
1906491.0,0.162598,-1.814941,0.977051,-0.037038,-0.015188,-0.115378,warming_up,0.000000,0.000,non_chewing
1906501.0,0.129883,-1.818848,1.005371,-0.041835,0.011458,-0.12657,warming_up,0.000000,0.000,non_chewing
1906511.0,0.147949,-1.802246,0.993652,-0.049562,0.059155,-0.07381,warming_up,0.000000,0.000,non_chewing
1906521.0,0.149414,-1.812012,0.987305,-0.059688,0.080205,-0.047164,warming_up,0.000000,0.000,non_chewing
1906531.0,0.164062,-1.814941,0.986328,-0.06555,0.126303,-0.002665,warming_up,0.000000,0.000,non_chewing
1906541.0,0.125,-1.827148,0.980957,-0.06928,0.119109,-0.001332,warming_up,0.000000,0.000,non_chewing
1906551.0,0.123535,-1.806641,0.977051,-0.062352,0.130567,0.047697,warming_up,0.000000,0.000,non_chewing
1906561.0,0.132324,-1.80127,0.981445,-0.063685,0.136162,0.068214,warming_up,0.000000,0.000,non_chewing
1906571.0,0.142578,-1.808105,0.98291,-0.070346,0.13483,0.075142,warming_up,0.000000,0.000,non_chewing
1906581.0,0.139648,-1.820313,0.978027,-0.072211,0.122306,0.074343,warming_up,0.000000,0.000,non_chewing
1906591.0,0.138672,-1.802246,0.973633,-0.067681,0.102055,0.068747,warming_up,0.000000,0.000,non_chewing
1906601.0,0.138184,-1.80957,0.962891,-0.081538,0.099657,0.097525,warming_up,0.000000,0.000,non_chewing
1906611.0,0.134277,-1.80957,0.981934,-0.07834,0.080472,0.132698,warming_up,0.000000,0.000,non_chewing
1906621.0,0.119629,-1.803223,0.965332,-0.089531,0.0866,0.127902,warming_up,0.000000,0.000,non_chewing
1906631.0,0.120117,-1.801758,0.960449,-0.0874,0.104986,0.140426,warming_up,0.000000,0.000,non_chewing
1906641.0,0.103516,-1.808105,0.993652,-0.089798,0.120441,0.154815,warming_up,0.000000,0.000,non_chewing
1906651.0,0.106445,-1.808105,0.987305,-0.088998,0.118842,0.154015,warming_up,0.000000,0.000,non_chewing
1906661.0,0.104004,-1.811523,0.980469,-0.083136,0.130833,0.141225,warming_up,0.000000,0.000,non_chewing
1906671.0,0.098145,-1.821289,0.977539,-0.073277,0.144689,0.13936,warming_up,0.000000,0.000,non_chewing
1906681.0,0.096191,-1.834473,0.962891,-0.053825,0.18679,0.107384,warming_up,0.000000,0.000,non_chewing
1906691.0,0.073242,-1.82666,0.976074,-0.047164,0.193452,0.105253,warming_up,0.000000,0.000,non_chewing
1906701.0,0.068359,-1.826172,0.966309,-0.011991,0.212904,0.120441,warming_up,0.000000,0.000,non_chewing
1906711.0,0.064941,-1.809082,0.969727,0.011724,0.23875,0.163608,warming_up,0.000000,0.000,non_chewing
1906721.0,0.069336,-1.839844,0.957031,0.025047,0.255005,0.196916,warming_up,0.000000,0.000,non_chewing
1906731.0,0.04248,-1.797852,0.96582,0.068747,0.275522,0.299237,warming_up,0.000000,0.000,non_chewing
1906741.0,0.028809,-1.820801,0.976562,0.095127,0.295773,0.405289,warming_up,0.000000,0.000,non_chewing
1906751.0,0.100586,-1.738281,0.973145,0.139093,0.314959,0.446058,warming_up,0.000000,0.000,non_chewing
1906761.0,0.103027,-1.821777,0.989258,0.200646,0.289112,0.486827,warming_up,0.000000,0.000,non_chewing
1906771.0,0.060547,-1.851074,0.990234,0.196383,0.249942,0.485761,warming_up,0.000000,0.000,non_chewing
1906781.0,0.115234,-1.809082,0.993164,0.14842,0.202511,0.385838,warming_up,0.000000,0.000,non_chewing
1906791.0,0.099121,-1.813965,1.007813,0.168404,0.116711,0.377044,warming_up,0.000000,0.000,non_chewing
1906801.0,0.099121,-1.819336,1.01123,0.1311,0.046631,0.326683,warming_up,0.000000,0.000,non_chewing
1906811.0,0.114258,-1.817871,1.020508,0.117776,0.014389,0.295507,warming_up,0.000000,0.000,non_chewing
1906821.0,0.098633,-1.817383,1.027832,0.111648,-0.007727,0.26593,warming_up,0.000000,0.000,non_chewing
1906831.0,0.10498,-1.804199,1.012207,0.074077,-0.053292,0.212904,warming_up,0.000000,0.000,non_chewing
1906841.0,0.108398,-1.808105,1.015625,0.058089,-0.050361,0.20038,warming_up,0.000000,0.000,non_chewing
1906851.0,0.101074,-1.803711,1.015137,0.03544,-0.037838,0.107651,warming_up,0.000000,0.000,non_chewing
1906861.0,0.084473,-1.80957,1.005859,0.007994,-0.02558,0.0,warming_up,0.000000,0.000,non_chewing
1906871.0,0.053711,-1.793945,1.00293,-0.008793,-0.024248,-0.074609,warming_up,0.000000,0.000,non_chewing
1906881.0,0.08252,-1.808105,1.004395,-0.02638,-0.045032,-0.111381,warming_up,0.000000,0.000,non_chewing
1906891.0,0.089844,-1.803711,0.996094,-0.045299,-0.067681,-0.152683,warming_up,0.000000,0.000,non_chewing
1906901.0,0.097168,-1.806641,0.991699,-0.068481,-0.078606,-0.163874,warming_up,0.000000,0.000,non_chewing
1906911.0,0.100098,-1.80957,0.981445,-0.083669,-0.079672,-0.12657,warming_up,0.000000,0.000,non_chewing
1906921.0,0.078125,-1.8125,0.991699,-0.082603,-0.090064,-0.062619,warming_up,0.000000,0.000,non_chewing
1906931.0,0.09082,-1.800781,0.991699,-0.083403,-0.061553,-0.048763,warming_up,0.000000,0.000,non_chewing
1906941.0,0.088379,-1.817383,0.984375,-0.086334,-0.049562,-0.033041,warming_up,0.000000,0.000,non_chewing
1906951.0,0.100586,-1.820801,0.990723,-0.090331,-0.037838,-0.018652,warming_up,0.000000,0.000,non_chewing
1906961.0,0.090332,-1.813965,0.995117,-0.108717,-0.031443,-0.019718,warming_up,0.000000,0.000,non_chewing
1906971.0,0.080078,-1.813477,1.002441,-0.110848,-0.033841,-0.033041,warming_up,0.000000,0.000,non_chewing
1906981.0,0.078125,-1.818848,0.98877,-0.119908,-0.006129,-0.045032,warming_up,0.000000,0.000,non_chewing
1906991.0,0.06543,-1.808594,0.981934,-0.118043,0.016254,-0.023182,warming_up,0.000000,0.000,non_chewing
1907001.0,0.078613,-1.805176,0.981445,-0.119642,0.021317,-0.035173,warming_up,0.000000,0.000,non_chewing
1907011.0,0.081055,-1.806641,0.981445,-0.134297,0.007727,-0.032242,warming_up,0.000000,0.000,non_chewing
1907021.0,0.084473,-1.799805,0.986816,-0.145489,0.01279,-0.03544,warming_up,0.000000,0.000,non_chewing
1907031.0,0.084961,-1.797852,0.991211,-0.143623,0.022649,-0.049828,warming_up,0.000000,0.000,non_chewing
1907041.0,0.079102,-1.814453,0.97168,-0.138827,0.02185,-0.062619,warming_up,0.000000,0.000,non_chewing
1907051.0,0.07959,-1.818359,0.968262,-0.129501,0.01359,-0.05196,warming_up,0.000000,0.000,non_chewing
1907061.0,0.098145,-1.804199,0.994629,-0.118043,0.011991,-0.032242,warming_up,0.000000,0.000,non_chewing
1907071.0,0.103516,-1.817383,0.986816,-0.107651,0.024781,-0.082337,warming_up,0.000000,0.000,non_chewing
1907081.0,0.087402,-1.806152,0.98877,-0.092462,-0.000799,-0.002931,warming_up,0.000000,0.000,non_chewing
1907091.0,0.099121,-1.795898,0.983887,-0.097525,0.000533,0.002665,warming_up,0.000000,0.000,non_chewing
1907101.0,0.114746,-1.808105,0.994629,-0.094061,0.020518,-0.06475,warming_up,0.000000,0.000,non_chewing
1907111.0,0.079102,-1.803711,0.984863,-0.080738,0.010126,-0.037038,warming_up,0.000000,0.000,non_chewing
1907121.0,0.091309,-1.789063,0.987793,-0.081538,0.03091,-0.032242,warming_up,0.000000,0.000,non_chewing
1907131.0,0.121582,-1.783691,0.985352,-0.070346,0.054891,-0.063685,warming_up,0.000000,0.000,non_chewing
1907141.0,0.05957,-1.8125,0.992187,-0.07008,0.031176,-0.054092,warming_up,0.000000,0.000,non_chewing
1907151.0,0.07959,-1.794434,0.977051,-0.076475,0.045565,-0.017853,warming_up,0.000000,0.000,non_chewing
1907161.0,0.09668,-1.803223,0.977051,-0.094328,0.030643,-0.01279,warming_up,0.000000,0.000,non_chewing
1907171.0,0.102539,-1.821777,0.993164,-0.083669,0.028511,0.003198,warming_up,0.000000,0.000,non_chewing
1907181.0,0.10498,-1.828125,0.98291,-0.090597,0.021317,0.039436,warming_up,0.000000,0.000,non_chewing
1907191.0,0.095703,-1.815918,0.986328,-0.07381,0.029044,0.043966,warming_up,0.000000,0.000,non_chewing
1907201.0,0.085449,-1.808594,0.981445,-0.078074,0.038637,0.057023,warming_up,0.000000,0.000,non_chewing
1907211.0,0.083984,-1.821289,0.979004,-0.090864,0.053026,0.077008,warming_up,0.000000,0.000,non_chewing
1907221.0,0.083984,-1.822754,0.976562,-0.086067,0.043966,0.083669,warming_up,0.000000,0.000,non_chewing
1907231.0,0.08252,-1.818359,0.975586,-0.092995,0.0429,0.071945,warming_up,0.000000,0.000,non_chewing
1907241.0,0.083008,-1.82959,0.97998,-0.095127,0.045032,0.045299,warming_up,0.000000,0.000,non_chewing
1907251.0,0.089355,-1.817383,0.990234,-0.084469,0.009859,0.024781,warming_up,0.000000,0.000,non_chewing
1907261.0,0.071289,-1.816895,0.979492,-0.0866,-0.000266,0.009859,warming_up,0.000000,0.000,non_chewing
1907271.0,0.071777,-1.810547,0.980469,-0.111648,-0.024515,-0.011458,warming_up,0.000000,0.000,non_chewing
1907281.0,0.083008,-1.824219,0.976074,-0.099391,-0.003198,0.011724,warming_up,0.000000,0.000,non_chewing
1907291.0,0.077148,-1.835938,0.965332,-0.098591,-0.009859,0.027979,warming_up,0.000000,0.000,non_chewing
1907301.0,0.061035,-1.830078,0.973633,-0.100989,-0.001599,-0.009859,warming_up,0.000000,0.000,non_chewing
1907311.0,0.053223,-1.816895,0.971191,-0.088998,-0.014922,0.050628,warming_up,0.000000,0.000,non_chewing
1907321.0,0.053223,-1.804199,0.985352,-0.099657,0.019185,0.045032,warming_up,0.000000,0.000,non_chewing
1907331.0,0.060547,-1.795898,0.98291,-0.092995,0.009593,0.081538,warming_up,0.000000,0.000,non_chewing
1907341.0,0.071289,-1.799316,0.961426,-0.105519,0.027179,0.099391,warming_up,0.000000,0.000,non_chewing
1907351.0,0.075195,-1.807617,0.964844,-0.088998,0.005862,0.102055,warming_up,0.000000,0.000,non_chewing
1907361.0,0.08252,-1.824707,0.968262,-0.090331,0.015721,0.10392,warming_up,0.000000,0.000,non_chewing
1907371.0,0.075195,-1.81543,0.960449,-0.090864,-0.005862,0.109783,warming_up,0.000000,0.000,non_chewing
1907381.0,0.07666,-1.827148,0.955566,-0.087666,-0.015988,0.076741,warming_up,0.000000,0.000,non_chewing
1907391.0,0.072754,-1.817871,0.961914,-0.098058,-0.030643,0.065017,warming_up,0.000000,0.000,non_chewing
1907401.0,0.066406,-1.817383,0.970703,-0.107917,-0.051427,0.045032,warming_up,0.000000,0.000,non_chewing
1907411.0,0.060059,-1.827637,0.97168,-0.126303,-0.084735,0.047697,warming_up,0.000000,0.000,non_chewing
1907421.0,0.078125,-1.827148,0.964355,-0.1311,-0.106052,0.048763,warming_up,0.000000,0.000,non_chewing
1907431.0,0.057129,-1.825195,0.952637,-0.141758,-0.111115,0.041835,warming_up,0.000000,0.000,non_chewing
1907441.0,0.057617,-1.822754,0.959473,-0.11298,-0.115112,0.047963,warming_up,0.000000,0.000,non_chewing
1907451.0,0.067871,-1.824219,0.964355,-0.118309,-0.097792,-0.008793,warming_up,0.000000,0.000,non_chewing
1907461.0,0.055664,-1.833984,0.955078,-0.117243,-0.068214,-0.099923,warming_up,0.000000,0.000,non_chewing
1907471.0,0.05127,-1.837891,0.945312,-0.101789,-0.067681,-0.077008,warming_up,0.000000,0.000,non_chewing
1907481.0,0.047852,-1.833008,0.937988,-0.104986,-0.04743,-0.098858,warming_up,0.000000,0.000,non_chewing
1907491.0,0.052246,-1.818359,0.940918,-0.106585,-0.011458,-0.112714,warming_up,0.000000,0.000,non_chewing
1907501.0,0.075195,-1.807129,0.946777,-0.098591,0.043167,-0.063685,warming_up,0.000000,0.000,non_chewing
1907511.0,0.051758,-1.814453,0.950684,-0.092196,0.025047,-0.039969,warming_up,0.000000,0.000,non_chewing
1907521.0,0.079102,-1.832031,0.94873,-0.093528,0.041835,0.031443,warming_up,0.000000,0.000,non_chewing
1907531.0,0.102539,-1.837402,0.948242,-0.085534,0.02185,0.03011,warming_up,0.000000,0.000,non_chewing
1907541.0,0.102539,-1.849609,0.959961,-0.093262,-0.015455,-0.002398,warming_up,0.000000,0.000,non_chewing
1907551.0,0.092773,-1.841309,0.946777,-0.096726,-0.033308,0.00373,warming_up,0.000000,0.000,non_chewing
1907561.0,0.077148,-1.833496,0.953613,-0.105519,-0.039436,-0.017853,warming_up,0.000000,0.000,non_chewing
1907571.0,0.072754,-1.822754,0.949707,-0.106052,-0.029577,-0.007727,warming_up,0.000000,0.000,non_chewing
1907581.0,0.066895,-1.824707,0.942871,-0.094061,-0.003464,0.011724,warming_up,0.000000,0.000,non_chewing
1907591.0,0.069336,-1.825195,0.942383,-0.099391,0.024781,-0.001066,warming_up,0.000000,0.000,non_chewing
1907601.0,0.066406,-1.822754,0.940918,-0.09113,0.058089,0.001066,warming_up,0.000000,0.000,non_chewing
1907611.0,0.069824,-1.826172,0.947754,-0.091663,0.084469,0.007461,warming_up,0.000000,0.000,non_chewing
1907621.0,0.067871,-1.833008,0.941895,-0.075942,0.094594,0.033574,warming_up,0.000000,0.000,non_chewing
1907631.0,0.075684,-1.844727,0.924316,-0.081271,0.09566,0.032508,warming_up,0.000000,0.000,non_chewing
1907641.0,0.099609,-1.84668,0.949707,-0.066882,0.104986,0.048496,warming_up,0.000000,0.000,non_chewing
1907651.0,0.105957,-1.86084,0.949219,-0.069014,0.086867,0.038904,warming_up,0.000000,0.000,non_chewing
1907661.0,0.099121,-1.842773,0.955566,-0.055158,0.049029,-0.004796,warming_up,0.000000,0.000,non_chewing
1907671.0,0.085449,-1.821289,0.95752,-0.058355,0.028778,-0.016521,warming_up,0.000000,0.000,non_chewing
1907681.0,0.069336,-1.822266,0.961426,-0.047963,0.001865,-0.010925,warming_up,0.000000,0.000,non_chewing
1907691.0,0.062012,-1.82373,0.958008,-0.036772,0.008793,0.029044,warming_up,0.000000,0.000,non_chewing
1907701.0,0.080566,-1.821289,0.94873,-0.038104,-0.003997,0.045565,warming_up,0.000000,0.000,non_chewing
1907711.0,0.086426,-1.847656,0.943359,-0.024781,-0.002931,0.061286,warming_up,0.000000,0.000,non_chewing
1907721.0,0.091797,-1.835449,0.956543,-0.034107,-0.006928,0.046631,warming_up,0.000000,0.000,non_chewing
1907731.0,0.07959,-1.835449,0.960937,-0.016787,0.009593,0.049562,warming_up,0.000000,0.000,non_chewing
1907741.0,0.083008,-1.819336,0.940918,-0.018119,0.019718,0.039969,warming_up,0.000000,0.000,non_chewing
1907751.0,0.082031,-1.820313,0.935547,-0.017054,0.015721,0.039969,warming_up,0.000000,0.000,non_chewing
1907761.0,0.074707,-1.819824,0.936523,-0.017853,-0.005596,0.040502,warming_up,0.000000,0.000,non_chewing
1907771.0,0.080078,-1.841309,0.937012,-0.024781,-0.017853,0.059421,warming_up,0.000000,0.000,non_chewing
1907781.0,0.085937,-1.824707,0.946289,-0.007727,-0.0437,0.074876,warming_up,0.000000,0.000,non_chewing
1907791.0,0.085449,-1.826172,0.955566,0.001865,-0.054092,0.074876,warming_up,0.000000,0.000,non_chewing
1907801.0,0.06543,-1.830566,0.958496,0.015988,-0.048496,0.090064,warming_up,0.000000,0.000,non_chewing
1907811.0,0.069824,-1.82959,0.960449,0.00906,-0.054358,0.084202,warming_up,0.000000,0.000,non_chewing
1907821.0,0.072754,-1.84375,0.947754,0.027979,-0.044233,0.077008,warming_up,0.000000,0.000,non_chewing
1907831.0,0.076172,-1.84082,0.955078,0.043966,-0.037571,0.057289,warming_up,0.000000,0.000,non_chewing
1907841.0,0.067383,-1.836914,0.952637,0.040769,-0.025314,0.031443,warming_up,0.000000,0.000,non_chewing
1907851.0,0.071289,-1.827148,0.95166,0.037838,0.005329,0.005063,warming_up,0.000000,0.000,non_chewing
1907861.0,0.071777,-1.833008,0.930664,0.041035,0.034107,-0.013057,warming_up,0.000000,0.000,non_chewing
1907871.0,0.086914,-1.822754,0.932129,0.046098,0.050095,-0.000266,warming_up,0.000000,0.000,non_chewing
1907881.0,0.069336,-1.82373,0.916992,0.024781,0.026913,0.00373,warming_up,0.000000,0.000,non_chewing
1907891.0,0.079102,-1.816406,0.920898,0.024515,0.01732,0.026913,warming_up,0.000000,0.000,non_chewing
1907901.0,0.073242,-1.819824,0.937012,-0.008527,-0.014655,0.061553,warming_up,0.000000,0.000,non_chewing
1907911.0,0.071289,-1.808105,0.958008,-0.017054,-0.02185,0.069813,warming_up,0.000000,0.000,non_chewing
1907921.0,0.081055,-1.819824,0.967773,-0.035173,-0.010126,0.088998,warming_up,0.000000,0.000,non_chewing
1907931.0,0.065918,-1.836426,0.976562,-0.027979,0.009593,0.094061,chewing,1.000000,80.000,non_chewing
1907941.0,0.078125,-1.847656,0.974121,-0.030377,0.038904,0.110315,chewing,1.000000,80.000,non_chewing
1907951.0,0.062988,-1.841797,0.974121,-0.011724,0.038104,0.094594,chewing,1.000000,80.000,non_chewing
1907961.0,0.0625,-1.841797,0.961426,-0.019185,0.060487,0.039436,chewing,1.000000,80.000,non_chewing
1907971.0,0.055176,-1.826172,0.960937,-0.000799,0.088199,-0.014389,chewing,1.000000,80.000,non_chewing
1907981.0,0.054687,-1.82959,0.944824,0.013057,0.106585,-0.044499,chewing,1.000000,80.000,non_chewing
1907991.0,0.069336,-1.83252,0.93457,0.006662,0.11298,-0.015988,chewing,1.000000,80.000,non_chewing
1908001.0,0.074219,-1.841309,0.940918,0.014389,0.0866,0.027179,chewing,1.000000,80.000,non_chewing
1908011.0,0.071289,-1.831543,0.936035,0.011191,0.057289,0.025314,chewing,1.000000,80.000,non_chewing
1908021.0,0.063477,-1.829102,0.935547,-0.001599,0.028511,0.02558,chewing,1.000000,80.000,non_chewing
1908031.0,0.062012,-1.812012,0.964844,-0.011724,0.034907,0.037838,chewing,1.000000,80.000,non_chewing
1908041.0,0.070312,-1.808105,0.967285,-0.006395,0.045032,0.071945,chewing,1.000000,80.000,non_chewing
1908051.0,0.073242,-1.826172,0.96582,0.002665,0.051694,0.095394,chewing,1.000000,80.000,non_chewing
1908061.0,0.056641,-1.825684,0.95752,0.001066,0.049562,0.082337,chewing,1.000000,80.000,non_chewing
1908071.0,0.068848,-1.830566,0.956543,0.000533,0.035972,0.054891,chewing,1.000000,80.000,non_chewing
1908081.0,0.072754,-1.817871,0.961426,-0.021051,0.003464,0.028245,chewing,1.000000,80.000,non_chewing
1908091.0,0.071289,-1.817871,0.968262,-0.035706,-0.00906,0.006129,chewing,1.000000,80.000,non_chewing
1908101.0,0.053223,-1.830078,0.959961,-0.020251,0.000266,0.017587,chewing,1.000000,80.000,non_chewing
1908111.0,0.072266,-1.822266,0.952637,-0.027979,0.005596,0.014389,chewing,1.000000,80.000,non_chewing
1908121.0,0.080566,-1.835449,0.95752,-0.022649,-0.007994,-0.028245,chewing,1.000000,80.000,non_chewing
1908131.0,0.071289,-1.838379,0.933594,-0.019452,-0.005329,-0.046098,chewing,1.000000,80.000,non_chewing
1908141.0,0.056152,-1.822754,0.929199,-0.007461,0.019452,-0.046098,chewing,1.000000,80.000,non_chewing
1908151.0,0.046387,-1.823242,0.945312,-0.016521,0.025047,-0.054625,chewing,1.000000,80.000,non_chewing
1908161.0,0.062988,-1.822266,0.948242,-0.030643,0.031709,-0.035706,chewing,1.000000,80.000,non_chewing
1908171.0,0.069824,-1.822266,0.935547,-0.038904,0.026113,-0.008793,chewing,1.000000,80.000,non_chewing
1908181.0,0.083008,-1.833984,0.944824,-0.041835,0.033308,-0.009326,chewing,1.000000,80.000,non_chewing
1908191.0,0.082031,-1.828613,0.938965,-0.045832,0.031443,-0.029311,chewing,1.000000,80.000,non_chewing
1908201.0,0.071289,-1.835449,0.943359,-0.05196,0.03544,-0.03917,chewing,1.000000,80.000,non_chewing
1908211.0,0.078613,-1.820313,0.930176,-0.062352,0.032508,-0.0437,chewing,1.000000,80.000,non_chewing
1908221.0,0.07373,-1.828613,0.933594,-0.062885,0.035972,-0.028511,chewing,1.000000,80.000,non_chewing
1908231.0,0.070801,-1.826172,0.944824,-0.074609,0.045565,-0.025847,chewing,1.000000,80.000,non_chewing
1908241.0,0.07373,-1.835449,0.92627,-0.085801,0.040502,-0.01359,chewing,1.000000,80.000,non_chewing
1908251.0,0.077148,-1.846191,0.930664,-0.068747,0.07381,0.016521,chewing,1.000000,80.000,non_chewing
1908261.0,0.071289,-1.85498,0.956543,-0.075409,0.083936,0.042634,chewing,1.000000,80.000,non_chewing
1908271.0,0.068848,-1.837402,0.952637,-0.065017,0.098058,0.05649,chewing,1.000000,80.000,non_chewing
1908281.0,0.08252,-1.838867,0.946289,-0.075675,0.106319,0.027712,chewing,1.000000,80.000,non_chewing
1908291.0,0.073242,-1.83252,0.949219,-0.074343,0.129234,0.015988,chewing,1.000000,80.000,non_chewing
1908301.0,0.058594,-1.824219,0.949707,-0.080205,0.13936,-0.015188,chewing,1.000000,80.000,non_chewing
1908311.0,0.075195,-1.830078,0.949219,-0.086067,0.146821,-0.033041,chewing,1.000000,80.000,non_chewing
1908321.0,0.083496,-1.823242,0.95166,-0.09566,0.129501,-0.070346,chewing,1.000000,80.000,non_chewing
1908331.0,0.077637,-1.842285,0.943359,-0.080205,0.130833,-0.075142,chewing,1.000000,80.000,non_chewing
1908341.0,0.063965,-1.837402,0.945801,-0.063152,0.132432,-0.061286,chewing,1.000000,80.000,non_chewing
1908351.0,0.065918,-1.818848,0.950684,-0.071412,0.116977,-0.064484,chewing,1.000000,80.000,non_chewing
1908361.0,0.069336,-1.820801,0.94043,-0.071412,0.091663,-0.068214,chewing,1.000000,80.000,non_chewing
1908371.0,0.064941,-1.819336,0.958496,-0.063152,0.081538,-0.060487,chewing,1.000000,80.000,non_chewing
1908381.0,0.064453,-1.831055,0.94873,-0.044499,0.079939,-0.046098,chewing,1.000000,80.000,non_chewing
1908391.0,0.063477,-1.831543,0.950684,-0.0437,0.060221,-0.021583,chewing,1.000000,80.000,non_chewing
1908401.0,0.071777,-1.825684,0.943848,-0.040769,0.093262,-0.038371,chewing,1.000000,80.000,non_chewing
1908411.0,0.074219,-1.842285,0.943848,-0.039969,0.075942,-0.009859,chewing,1.000000,80.000,non_chewing
1908421.0,0.071777,-1.831055,0.960449,-0.021051,0.075675,-0.019985,chewing,1.000000,80.000,non_chewing
1908431.0,0.067871,-1.825684,0.952148,-0.025314,0.072744,-0.020784,chewing,1.000000,80.000,non_chewing
1908441.0,0.072266,-1.83252,0.96582,-0.031176,0.049296,0.001332,chewing,1.000000,80.000,non_chewing
1908451.0,0.064941,-1.841309,0.964844,-0.003997,0.045832,0.010126,chewing,1.000000,80.000,non_chewing
1908461.0,0.071289,-1.847168,0.957031,0.020251,0.035706,-0.007727,chewing,1.000000,80.000,non_chewing
1908471.0,0.056641,-1.832031,0.943359,0.009326,0.028511,-0.016787,chewing,1.000000,80.000,non_chewing
1908481.0,0.057617,-1.815918,0.932617,-0.002398,-0.00906,-0.020518,chewing,1.000000,80.000,non_chewing
1908491.0,0.057617,-1.812012,0.952637,-0.010658,-0.017853,-0.037038,chewing,1.000000,80.000,non_chewing
1908501.0,0.066406,-1.810059,0.96875,-0.007994,-0.019718,-0.049029,chewing,1.000000,80.000,non_chewing
1908511.0,0.061523,-1.805664,0.978027,0.007194,-0.00373,-0.041035,chewing,1.000000,80.000,non_chewing
1908521.0,0.074219,-1.821289,0.956055,0.0,0.01732,-0.018119,chewing,1.000000,80.000,non_chewing
1908531.0,0.0625,-1.832031,0.961914,0.00906,0.009859,-0.009326,chewing,1.000000,80.000,non_chewing
1908541.0,0.063965,-1.838379,0.956543,0.011458,-0.002398,-0.004796,chewing,1.000000,80.000,non_chewing
1908551.0,0.058594,-1.83252,0.955078,0.016254,0.007994,0.041035,chewing,1.000000,80.000,non_chewing
1908561.0,0.065918,-1.82373,0.946777,0.003198,-0.005862,0.081804,chewing,1.000000,80.000,non_chewing
1908571.0,0.054687,-1.830078,0.943359,0.000533,-0.00826,0.082337,chewing,1.000000,80.000,non_chewing
1908581.0,0.058105,-1.824219,0.95752,-0.03011,-0.009859,0.085801,chewing,1.000000,80.000,non_chewing
1908591.0,0.07959,-1.831055,0.981934,-0.03464,0.021317,0.072478,chewing,1.000000,80.000,non_chewing
1908601.0,0.072266,-1.852051,0.968262,-0.029311,0.048763,0.037838,chewing,1.000000,80.000,non_chewing
1908611.0,0.068848,-1.848633,0.964844,-0.045032,0.07381,0.02638,chewing,1.000000,80.000,non_chewing
1908621.0,0.071289,-1.82959,0.958008,-0.057023,0.110315,0.024248,chewing,1.000000,80.000,non_chewing
1908631.0,0.073242,-1.820313,0.932617,-0.089531,0.112714,0.020784,chewing,1.000000,80.000,non_chewing
1908641.0,0.07959,-1.833496,0.936035,-0.097259,0.104187,0.060487,chewing,1.000000,80.000,non_chewing
1908651.0,0.084961,-1.829102,0.925293,-0.100989,0.080472,0.057556,chewing,1.000000,80.000,non_chewing
1908661.0,0.071289,-1.831543,0.917969,-0.106319,0.064217,0.076741,chewing,1.000000,80.000,non_chewing
1908671.0,0.060059,-1.822266,0.925781,-0.124438,0.059421,0.068214,chewing,1.000000,80.000,non_chewing
1908681.0,0.062988,-1.816406,0.929687,-0.130034,0.060753,0.069813,chewing,1.000000,80.000,non_chewing
1908691.0,0.049805,-1.812988,0.936035,-0.135896,0.061286,0.050361,chewing,1.000000,80.000,non_chewing
1908701.0,0.043945,-1.819824,0.929199,-0.122839,0.05649,0.061553,chewing,1.000000,80.000,non_chewing
1908711.0,0.03125,-1.811035,0.923828,-0.114579,0.065017,0.093262,chewing,1.000000,80.000,non_chewing
1908721.0,0.028809,-1.818359,0.934082,-0.108184,0.035706,0.123639,chewing,1.000000,80.000,non_chewing
1908731.0,0.024902,-1.834961,0.929687,-0.089265,0.036505,0.165207,chewing,1.000000,80.000,non_chewing
1908741.0,0.023926,-1.848633,0.937012,-0.046098,-0.011991,0.195583,chewing,1.000000,80.000,non_chewing
1908751.0,0.033203,-1.861816,0.943359,-0.010658,-0.06555,0.189455,chewing,1.000000,80.000,non_chewing
1908761.0,0.050781,-1.876953,0.942871,0.035972,-0.097792,0.148153,chewing,1.000000,80.000,non_chewing
1908771.0,0.049316,-1.871582,0.945801,0.068214,-0.147087,0.071145,chewing,1.000000,80.000,non_chewing
1908781.0,0.036133,-1.866211,0.947754,0.114579,-0.164674,0.013323,chewing,1.000000,80.000,non_chewing
1908791.0,0.035645,-1.841797,0.960937,0.16494,-0.171069,-0.020251,chewing,1.000000,80.000,non_chewing
1908801.0,0.051758,-1.825684,0.959473,0.201712,-0.188123,-0.098058,chewing,1.000000,80.000,non_chewing
1908811.0,0.060059,-1.828125,0.976074,0.213703,-0.195583,-0.155881,chewing,1.000000,80.000,non_chewing
1908821.0,0.058105,-1.833984,0.956055,0.199047,-0.164407,-0.165473,chewing,1.000000,80.000,non_chewing
1908831.0,0.069824,-1.861328,0.958008,0.201179,-0.163341,-0.156147,chewing,1.000000,80.000,non_chewing
1908841.0,0.098633,-1.758301,0.958984,0.150551,-0.162542,-0.135896,chewing,1.000000,80.000,non_chewing
1908851.0,0.087402,-1.785645,0.953613,0.058888,-0.191587,-0.0866,chewing,1.000000,80.000,non_chewing
1908861.0,0.080566,-1.799316,0.944336,0.038371,-0.102588,-0.023715,chewing,1.000000,80.000,non_chewing
1908871.0,0.103027,-1.791992,0.945801,0.000799,-0.097259,0.030377,chewing,1.000000,80.000,non_chewing
1908881.0,0.11377,-1.799316,0.928223,-0.050628,0.016787,0.010658,chewing,1.000000,80.000,non_chewing
1908891.0,0.07959,-1.824707,0.943359,-0.079939,0.059688,0.010126,chewing,1.000000,80.000,non_chewing
1908901.0,0.064941,-1.82666,0.94043,-0.103387,0.116444,-0.033041,chewing,1.000000,80.000,non_chewing
1908911.0,0.08252,-1.818848,0.954102,-0.104986,0.132165,-0.076741,chewing,1.000000,80.000,non_chewing
1908921.0,0.063477,-1.822754,0.952637,-0.122306,0.133231,-0.108717,chewing,1.000000,48.387,non_chewing
1908931.0,0.072266,-1.832031,0.95459,-0.122839,0.116977,-0.098058,chewing,1.000000,48.387,non_chewing
1908941.0,0.077637,-1.837891,0.953125,-0.106319,0.118309,-0.063152,chewing,1.000000,48.387,non_chewing
1908951.0,0.082031,-1.838867,0.949707,-0.121773,0.130833,-0.062885,chewing,1.000000,48.387,non_chewing
1908961.0,0.083008,-1.825684,0.962891,-0.124438,0.142025,-0.094328,chewing,1.000000,48.387,non_chewing
1908971.0,0.07373,-1.830078,0.947266,-0.141492,0.146821,-0.115112,chewing,1.000000,48.387,non_chewing
1908981.0,0.079102,-1.844238,0.963867,-0.137495,0.173467,-0.112181,chewing,1.000000,48.387,non_chewing
1908991.0,0.091309,-1.861816,0.984863,-0.118842,0.16494,-0.109516,chewing,1.000000,48.387,non_chewing
1909001.0,0.085449,-1.865234,0.993652,-0.092462,0.175599,-0.090064,chewing,1.000000,48.387,non_chewing
1909011.0,0.080566,-1.856934,0.987793,-0.084735,0.18759,-0.090864,chewing,1.000000,48.387,non_chewing
1909021.0,0.073242,-1.814941,0.962402,-0.091663,0.162009,-0.077807,chewing,1.000000,48.387,non_chewing
1909031.0,0.075195,-1.83252,0.948242,-0.092196,0.168138,-0.055957,chewing,1.000000,48.387,non_chewing
1909041.0,0.070312,-1.835449,0.940918,-0.089265,0.171602,-0.042101,chewing,1.000000,48.387,non_chewing
1909051.0,0.057129,-1.833984,0.940918,-0.086067,0.162542,0.00906,chewing,1.000000,48.387,non_chewing
1909061.0,0.071289,-1.829102,0.95752,-0.081271,0.158279,0.057023,chewing,1.000000,48.387,non_chewing
1909071.0,0.066895,-1.831055,0.953125,-0.086067,0.118576,0.080472,chewing,1.000000,48.387,non_chewing
1909081.0,0.070801,-1.824707,0.95166,-0.083403,0.106319,0.067948,chewing,1.000000,48.387,non_chewing
1909091.0,0.080078,-1.818359,0.95459,-0.092995,0.097792,0.032242,chewing,1.000000,48.387,non_chewing
1909101.0,0.081543,-1.822266,0.958496,-0.102588,0.090864,-0.059954,chewing,1.000000,48.387,non_chewing
1909111.0,0.083984,-1.817871,0.961914,-0.095127,0.100989,-0.12577,chewing,1.000000,48.387,non_chewing
1909121.0,0.083496,-1.825684,0.958984,-0.093528,0.075942,-0.16574,chewing,1.000000,48.387,non_chewing
1909131.0,0.077148,-1.833496,0.955078,-0.128968,0.049029,-0.133764,chewing,1.000000,48.387,non_chewing
1909141.0,0.078613,-1.823242,0.943359,-0.196649,0.036772,-0.042368,chewing,1.000000,48.387,non_chewing
1909151.0,0.068848,-1.842285,0.950195,-0.221963,-0.021317,-0.045032,chewing,1.000000,48.387,non_chewing
1909161.0,0.056152,-1.828613,0.947754,-0.232089,-0.03091,-0.062885,chewing,1.000000,48.387,non_chewing
1909171.0,0.069336,-1.819336,0.938477,-0.180928,-0.015721,-0.007461,chewing,1.000000,48.387,non_chewing
1909181.0,0.059082,-1.830566,0.927246,-0.16947,-0.009326,0.007194,chewing,1.000000,48.387,non_chewing
1909191.0,0.069336,-1.838867,0.958008,-0.132965,0.014922,0.050361,chewing,1.000000,48.387,non_chewing
1909201.0,0.080566,-1.842285,0.960937,-0.092729,0.011991,0.038904,chewing,1.000000,48.387,non_chewing
1909211.0,0.081055,-1.853516,0.919922,-0.047697,-0.001865,0.044499,chewing,1.000000,48.387,non_chewing
1909221.0,0.077637,-1.837891,0.940918,-0.00373,0.010658,0.026113,chewing,1.000000,48.387,non_chewing
1909231.0,0.065918,-1.834961,0.914551,0.028245,0.008527,0.009593,chewing,1.000000,48.387,non_chewing
1909241.0,0.056152,-1.818359,0.916016,0.015188,0.037038,-0.005596,chewing,1.000000,48.387,non_chewing
1909251.0,0.046875,-1.816406,0.914551,0.023449,0.073544,-0.028511,chewing,1.000000,48.387,non_chewing
1909261.0,0.055664,-1.818848,0.935059,0.018652,0.107118,-0.055424,chewing,1.000000,48.387,non_chewing
1909271.0,0.069336,-1.832031,0.927246,-0.006662,0.133764,-0.046631,chewing,1.000000,48.387,non_chewing
1909281.0,0.088379,-1.842773,0.952148,-0.049828,0.122573,-0.049296,chewing,1.000000,48.387,non_chewing
1909291.0,0.092773,-1.851074,0.932617,-0.086867,0.119375,-0.063951,chewing,1.000000,48.387,non_chewing
1909301.0,0.083008,-1.84668,0.927246,-0.097525,0.107118,-0.067415,chewing,1.000000,48.387,non_chewing
1909311.0,0.074219,-1.831543,0.928223,-0.127369,0.10472,-0.014389,chewing,1.000000,48.387,non_chewing
1909321.0,0.066406,-1.831543,0.938477,-0.168138,0.106052,0.058622,chewing,1.000000,48.387,non_chewing
1909331.0,0.056152,-1.834473,0.921387,-0.222763,0.083936,0.129234,chewing,1.000000,48.387,non_chewing
1909341.0,0.064941,-1.833496,0.902344,-0.272058,0.066083,0.180662,chewing,1.000000,48.387,non_chewing
1909351.0,0.048828,-1.835938,0.909668,-0.313626,0.058888,0.185458,chewing,1.000000,48.387,non_chewing
1909361.0,0.04248,-1.825195,0.908691,-0.329081,0.078873,0.234221,chewing,1.000000,48.387,non_chewing
1909371.0,0.036133,-1.833984,0.905273,-0.356793,0.105253,0.256337,chewing,1.000000,48.387,non_chewing
1909381.0,0.040039,-1.86084,0.92627,-0.314959,0.103121,0.245678,chewing,1.000000,48.387,non_chewing
1909391.0,0.053223,-1.870117,0.920898,-0.231289,0.07834,0.187323,chewing,1.000000,48.387,non_chewing
1909401.0,0.05127,-1.851074,0.926758,-0.164674,0.056224,0.079939,chewing,1.000000,48.387,non_chewing
1909411.0,0.049316,-1.849609,0.92334,-0.179862,0.096459,-0.01279,chewing,1.000000,48.387,non_chewing
1909421.0,0.08252,-1.851074,0.925293,-0.077008,0.126303,-0.055691,chewing,1.000000,48.387,non_chewing
1909431.0,0.0625,-1.83252,0.928223,-0.027712,0.14309,-0.147354,chewing,1.000000,48.387,non_chewing
1909441.0,0.044434,-1.893555,0.924805,-0.051427,0.158279,-0.319222,chewing,1.000000,48.387,non_chewing
1909451.0,0.034668,-1.868652,0.918945,0.017054,0.149752,-0.305366,chewing,1.000000,48.387,non_chewing
1909461.0,0.037598,-1.851074,0.910156,-0.018119,0.176931,-0.357326,chewing,1.000000,48.387,non_chewing
1909471.0,0.196289,-1.900879,0.805664,-0.211038,0.063418,-0.273124,chewing,1.000000,48.387,non_chewing
1909481.0,0.082031,-1.786621,0.92334,0.017853,0.029311,-0.337341,chewing,1.000000,48.387,non_chewing
1909491.0,0.100586,-1.875,0.855469,-0.047164,0.067149,-0.353329,chewing,1.000000,48.387,non_chewing
1909501.0,0.061035,-1.835938,0.914062,-0.045032,0.009326,-0.24408,chewing,1.000000,48.387,non_chewing
1909511.0,0.101074,-1.830566,0.896484,-0.051427,0.005329,-0.22596,chewing,1.000000,48.387,non_chewing
1909521.0,0.064941,-1.825195,0.901855,-0.07008,-0.025047,-0.207574,chewing,1.000000,48.387,non_chewing
1909531.0,0.104492,-1.845703,0.897461,-0.078873,-0.017054,-0.165473,chewing,1.000000,48.387,non_chewing
1909541.0,0.098145,-1.821777,0.914551,-0.099923,-0.042368,-0.296573,chewing,1.000000,48.387,non_chewing
1909551.0,0.091309,-1.831543,0.916016,-0.099391,-0.050095,-0.316557,chewing,1.000000,48.387,non_chewing
1909561.0,0.093262,-1.897949,0.904785,-0.170003,-0.076475,-0.428738,chewing,1.000000,48.387,non_chewing
1909571.0,0.088867,-1.847168,0.90918,-0.211838,-0.107651,-0.331746,chewing,1.000000,48.387,non_chewing
1909581.0,0.09375,-1.85498,0.904785,-0.237152,-0.177997,-0.354395,chewing,1.000000,48.387,non_chewing
1909591.0,0.079102,-1.815918,0.908691,-0.304567,-0.212371,-0.19132,chewing,1.000000,48.387,non_chewing
1909601.0,0.083496,-1.846191,0.892578,-0.329614,-0.231023,-0.212637,chewing,1.000000,48.387,non_chewing
1909611.0,0.06543,-1.834961,0.871094,-0.294974,-0.154282,-0.196916,chewing,1.000000,48.387,non_chewing
1909621.0,0.076172,-1.834473,0.875488,-0.203844,-0.060487,-0.098325,chewing,1.000000,48.387,non_chewing
1909631.0,0.058594,-1.847656,0.882812,-0.152949,-0.005862,-0.044499,chewing,1.000000,48.387,non_chewing
1909641.0,0.094727,-1.870605,0.891113,-0.094328,0.023715,-0.050095,chewing,1.000000,48.387,non_chewing
1909651.0,0.105957,-1.86084,0.895508,-0.051161,0.056757,-0.059155,chewing,1.000000,48.387,non_chewing
1909661.0,0.101074,-1.856445,0.878906,0.038104,0.084202,-0.071678,chewing,1.000000,48.387,non_chewing
1909671.0,0.106445,-1.839355,0.89502,0.063685,0.115911,-0.09193,chewing,1.000000,48.387,non_chewing
1909681.0,0.096191,-1.844238,0.876465,0.071945,0.115645,-0.088998,chewing,1.000000,48.387,non_chewing
1909691.0,0.104004,-1.838867,0.900879,0.06475,0.078074,-0.068214,chewing,1.000000,48.387,non_chewing
1909701.0,0.111328,-1.859375,0.881836,0.084735,0.074609,-0.022649,chewing,1.000000,48.387,non_chewing
1909711.0,0.111816,-1.857422,0.888672,0.03917,0.097792,-0.051427,chewing,1.000000,48.387,non_chewing
1909721.0,0.103516,-1.839355,0.888672,0.018119,0.081271,-0.028778,chewing,1.000000,48.387,non_chewing
1909731.0,0.116699,-1.846191,0.89209,-0.001865,0.081804,-0.023182,chewing,1.000000,48.387,non_chewing
1909741.0,0.127441,-1.846191,0.915039,-0.013057,0.084735,-0.014123,chewing,1.000000,48.387,non_chewing
1909751.0,0.119629,-1.850098,0.900879,-0.042368,0.096992,-0.011458,chewing,1.000000,48.387,non_chewing
1909761.0,0.111328,-1.845703,0.904297,-0.044233,0.097259,0.059688,chewing,1.000000,48.387,non_chewing
1909771.0,0.091309,-1.82373,0.906738,-0.050894,0.093528,0.121773,chewing,1.000000,48.387,non_chewing
1909781.0,0.11377,-1.842285,0.899414,-0.040502,0.093795,0.177198,chewing,1.000000,48.387,non_chewing
1909791.0,0.099609,-1.844238,0.897461,-0.015988,0.096193,0.144423,chewing,1.000000,48.387,non_chewing
1909801.0,0.109375,-1.862305,0.896973,-0.006129,0.085801,0.201712,chewing,1.000000,48.387,non_chewing
1909811.0,0.102051,-1.871094,0.928223,0.020251,0.057822,0.22596,chewing,1.000000,48.387,non_chewing
1909821.0,0.106934,-1.851074,0.918457,0.028778,0.054092,0.261666,chewing,1.000000,48.387,non_chewing
1909831.0,0.112305,-1.84375,0.922363,0.124971,0.038104,0.219032,chewing,1.000000,48.387,non_chewing
1909841.0,0.101074,-1.847168,0.922852,0.1311,0.049562,0.224894,chewing,1.000000,48.387,non_chewing
1909851.0,0.101074,-1.878906,0.894531,0.13856,0.077008,0.165207,chewing,1.000000,48.387,non_chewing
1909861.0,0.098633,-1.835449,0.898437,0.144423,0.074609,0.19132,chewing,1.000000,48.387,non_chewing
1909871.0,0.084473,-1.865234,0.903809,0.110582,0.045832,0.164674,chewing,1.000000,48.387,non_chewing
1909881.0,0.069336,-1.843262,0.905762,0.110848,0.037838,0.200646,chewing,1.000000,48.387,non_chewing
1909891.0,0.099121,-1.854492,0.912109,0.100456,0.049029,0.205975,chewing,1.000000,48.387,non_chewing
1909901.0,0.083984,-1.858887,0.90625,0.098858,0.035972,0.205443,chewing,1.000000,48.387,non_chewing
1909911.0,0.087891,-1.86377,0.902832,0.102588,0.035706,0.189188,chewing,1.000000,81.081,non_chewing
1909921.0,0.089355,-1.821289,0.908203,0.108717,0.047697,0.241415,chewing,1.000000,81.081,non_chewing
1909931.0,0.074219,-1.839844,0.892578,0.133498,0.062619,0.219299,chewing,1.000000,81.081,non_chewing
1909941.0,0.071289,-1.838379,0.916016,0.093528,0.066349,0.15668,chewing,1.000000,81.081,non_chewing
1909951.0,0.092285,-1.855957,0.899902,0.072478,0.076208,0.06928,chewing,1.000000,81.081,non_chewing
1909961.0,0.100586,-1.848145,0.922363,0.061286,0.073277,0.083669,chewing,1.000000,81.081,non_chewing
1909971.0,0.079102,-1.866699,0.912598,0.056224,0.061553,0.039436,chewing,1.000000,81.081,non_chewing
1909981.0,0.084473,-1.842285,0.873535,0.047697,0.063951,0.079406,chewing,1.000000,81.081,non_chewing
1909991.0,0.064941,-1.848633,0.914062,0.067948,0.079406,0.15668,chewing,1.000000,81.081,non_chewing
1910001.0,0.055664,-1.831543,0.911621,0.058888,0.086867,0.179862,chewing,1.000000,81.081,non_chewing
1910011.0,0.069824,-1.83252,0.921387,0.046631,0.123905,0.192652,chewing,1.000000,81.081,non_chewing
1910021.0,0.075684,-1.850586,0.938965,0.054092,0.121773,0.133498,chewing,1.000000,81.081,non_chewing
1910031.0,0.068848,-1.845703,0.927734,0.037305,0.105519,0.083403,chewing,1.000000,81.081,non_chewing
1910041.0,0.062012,-1.833496,0.932129,0.05649,0.09193,0.049296,chewing,1.000000,81.081,non_chewing
1910051.0,0.059082,-1.844727,0.913086,0.036505,0.126037,0.033308,chewing,1.000000,81.081,non_chewing
1910061.0,0.065918,-1.854004,0.918945,0.066083,0.128701,0.034107,chewing,1.000000,81.081,non_chewing
1910071.0,0.068848,-1.867676,0.933105,0.08287,0.120441,0.019985,chewing,1.000000,81.081,non_chewing
1910081.0,0.05127,-1.839844,0.922363,0.075675,0.101256,0.00373,chewing,1.000000,81.081,non_chewing
1910091.0,0.056152,-1.848145,0.920898,0.062885,0.102855,0.025847,chewing,1.000000,81.081,non_chewing
1910101.0,0.057129,-1.839355,0.933594,0.044499,0.114312,0.029044,chewing,1.000000,81.081,non_chewing
1910111.0,0.047852,-1.837891,0.934082,0.038371,0.124971,0.071945,chewing,1.000000,81.081,non_chewing
1910121.0,0.062012,-1.837402,0.913574,0.043966,0.126037,0.06555,chewing,1.000000,81.081,non_chewing
1910131.0,0.07373,-1.84375,0.905762,0.065283,0.130833,0.065816,chewing,1.000000,81.081,non_chewing
1910141.0,0.060547,-1.828613,0.904785,0.120708,0.104986,0.06102,chewing,1.000000,81.081,non_chewing
1910151.0,0.048828,-1.838379,0.913086,0.113247,0.099923,0.019718,chewing,1.000000,81.081,non_chewing
1910161.0,0.049805,-1.852051,0.902832,0.144689,0.06555,0.072744,chewing,1.000000,81.081,non_chewing
1910171.0,0.051758,-1.821777,0.915039,0.099124,0.059155,0.017054,chewing,1.000000,81.081,non_chewing
1910181.0,0.054199,-1.845215,0.909668,0.127369,0.045299,0.081804,chewing,1.000000,81.081,non_chewing
1910191.0,0.020996,-1.810547,0.921387,0.127902,0.029844,0.027979,chewing,1.000000,81.081,non_chewing
1910201.0,0.073242,-1.808594,0.925293,0.227559,0.018386,0.135096,chewing,1.000000,81.081,non_chewing
1910211.0,0.111816,-1.79248,0.905762,0.226227,0.063418,0.148153,chewing,1.000000,81.081,non_chewing
1910221.0,0.010254,-1.799316,0.936523,0.315758,0.002931,0.334144,chewing,1.000000,81.081,non_chewing
1910231.0,0.035156,-1.780762,0.966797,0.479366,0.060221,0.369051,chewing,1.000000,81.081,non_chewing
1910241.0,0.072266,-1.767578,0.98877,0.433801,0.139626,0.438864,chewing,1.000000,81.081,non_chewing
1910251.0,-0.020996,-1.821289,0.944824,0.544383,0.078074,0.746628,chewing,1.000000,81.081,non_chewing
1910261.0,0.043945,-1.783203,0.955566,0.52573,0.097259,0.749292,chewing,1.000000,81.081,non_chewing
1910271.0,0.106934,-1.701172,0.938965,0.699198,0.081005,1.09223,chewing,1.000000,81.081,non_chewing
1910281.0,-0.161621,-1.671875,0.993652,0.825501,-0.088199,1.629951,chewing,1.000000,81.081,non_chewing
1910291.0,-0.202637,-2.04541,1.061523,0.330413,0.075942,0.771142,chewing,1.000000,81.081,non_chewing
1910301.0,0.056152,-1.844238,1.032227,0.291243,0.176931,0.550511,chewing,1.000000,81.081,non_chewing
1910311.0,-0.011719,-1.844727,0.991699,0.111381,0.03011,0.238217,chewing,1.000000,81.081,non_chewing
1910321.0,0.107422,-1.748047,0.924805,0.197982,-0.034374,0.465243,chewing,1.000000,81.081,non_chewing
1910331.0,0.01709,-1.839355,0.977051,-0.014922,-0.006662,0.198515,chewing,1.000000,81.081,non_chewing
1910341.0,-0.024902,-1.843262,0.995117,-0.055424,0.006395,0.059155,chewing,1.000000,81.081,non_chewing
1910351.0,-0.036133,-1.79834,0.983887,-0.010126,0.081538,0.088466,chewing,1.000000,81.081,non_chewing
1910361.0,-0.016113,-1.779297,0.99707,-0.059688,0.075409,0.038904,chewing,1.000000,81.081,non_chewing
1910371.0,0.013672,-1.810059,0.970215,-0.083136,0.123372,0.006928,chewing,1.000000,81.081,non_chewing
1910381.0,0.011719,-1.818848,0.979004,-0.032242,0.127636,-0.031709,chewing,1.000000,81.081,non_chewing
1910391.0,0.0,-1.811035,0.978516,-0.049562,0.108184,-0.036772,chewing,1.000000,81.081,non_chewing
1910401.0,-0.001465,-1.793457,0.972656,-0.040502,0.065017,-0.011191,chewing,1.000000,81.081,non_chewing
1910411.0,-0.000977,-1.807617,0.990723,-0.038104,0.032242,0.046098,chewing,1.000000,81.081,non_chewing
1910421.0,-0.013672,-1.801758,0.98584,-0.027179,-0.000533,0.084469,chewing,1.000000,81.081,non_chewing
1910431.0,-0.01123,-1.808105,0.992676,-0.034374,-0.023982,0.067415,chewing,1.000000,81.081,non_chewing
1910441.0,-0.016113,-1.815918,0.980469,-0.049029,-0.021051,0.036505,chewing,1.000000,81.081,non_chewing
1910451.0,-0.025391,-1.825195,0.984863,-0.066349,-0.001066,0.0,chewing,1.000000,81.081,non_chewing
1910461.0,-0.044434,-1.810547,0.980469,-0.075675,0.008793,-0.05276,chewing,1.000000,81.081,non_chewing
1910471.0,-0.033691,-1.81543,0.985352,-0.091663,0.016254,-0.090597,chewing,1.000000,81.081,non_chewing
1910481.0,-0.041016,-1.81543,0.98877,-0.081804,0.043433,-0.072478,chewing,1.000000,81.081,non_chewing
1910491.0,-0.038086,-1.820801,0.990723,-0.098591,0.059421,-0.093528,chewing,1.000000,81.081,non_chewing
1910501.0,-0.021484,-1.818848,0.984863,-0.081271,0.093262,-0.0866,chewing,1.000000,81.081,non_chewing
1910511.0,-0.023926,-1.821777,0.970215,-0.090864,0.087666,-0.071412,chewing,1.000000,81.081,non_chewing
1910521.0,-0.019531,-1.818848,0.960937,-0.10392,0.06102,-0.096193,chewing,1.000000,81.081,non_chewing
1910531.0,-0.015137,-1.817871,0.974121,-0.093262,0.046631,-0.133231,chewing,1.000000,81.081,non_chewing
1910541.0,-0.010742,-1.846191,0.980957,-0.095926,0.039969,-0.155348,chewing,1.000000,81.081,non_chewing
1910551.0,-0.005371,-1.820313,0.981445,-0.073544,0.02638,-0.178263,chewing,1.000000,81.081,non_chewing
1910561.0,-0.001953,-1.847656,0.990234,-0.042634,0.041568,-0.168937,chewing,1.000000,81.081,non_chewing
1910571.0,-0.015625,-1.812988,0.980469,-0.046364,0.047963,-0.146821,chewing,1.000000,81.081,non_chewing
1910581.0,0.02832,-1.80957,0.961426,-0.051427,0.077274,-0.139893,chewing,1.000000,81.081,non_chewing
1910591.0,-0.008789,-1.814941,0.963867,-0.053026,0.031975,-0.185458,chewing,1.000000,81.081,non_chewing
1910601.0,-0.01123,-1.80127,0.953613,-0.074609,0.047963,-0.138827,chewing,1.000000,81.081,non_chewing
1910611.0,-0.000488,-1.813477,0.955566,-0.103121,0.069014,-0.175599,chewing,1.000000,81.081,non_chewing
1910621.0,-0.010742,-1.833008,0.96582,-0.107384,0.073544,-0.128968,chewing,1.000000,81.081,non_chewing
1910631.0,-0.003418,-1.810547,0.98291,-0.110848,0.087933,-0.124438,chewing,1.000000,81.081,non_chewing
1910641.0,-0.01123,-1.833984,0.978027,-0.113779,0.083936,-0.175332,chewing,1.000000,81.081,non_chewing
1910651.0,0.03418,-1.838379,0.969727,-0.127902,0.109783,-0.260067,chewing,1.000000,81.081,non_chewing
1910661.0,0.005371,-1.852539,0.97168,-0.120175,0.060221,-0.293642,chewing,1.000000,81.081,non_chewing
1910671.0,-0.020996,-1.803711,0.974121,-0.108717,0.054358,-0.283783,chewing,1.000000,81.081,non_chewing
1910681.0,0.028809,-1.794922,0.958984,-0.133764,0.123372,-0.175599,chewing,1.000000,81.081,non_chewing
1910691.0,0.005859,-1.839355,0.979492,-0.129767,0.113513,0.088199,chewing,1.000000,81.081,non_chewing
1910701.0,0.000488,-1.841797,0.959961,-0.12657,0.106585,-0.009859,chewing,1.000000,81.081,non_chewing
1910711.0,-0.004883,-1.810059,0.959961,-0.127369,0.104986,-0.073277,chewing,1.000000,81.081,non_chewing
1910721.0,0.003418,-1.826172,0.969727,-0.132698,0.120974,-0.036772,chewing,1.000000,81.081,non_chewing
1910731.0,0.009766,-1.806152,0.96582,-0.053292,0.137495,0.041568,chewing,1.000000,81.081,non_chewing
1910741.0,0.02832,-1.778809,0.962891,-0.090597,0.143623,-0.093262,chewing,1.000000,81.081,non_chewing
1910751.0,0.020996,-1.812988,0.974121,-0.021051,0.094328,0.04743,chewing,1.000000,81.081,non_chewing
1910761.0,-0.019043,-1.808594,0.995605,-0.012257,0.094861,0.089265,chewing,1.000000,81.081,non_chewing
1910771.0,0.01416,-1.865234,0.980957,-0.087133,0.097525,0.018386,chewing,1.000000,81.081,non_chewing
1910781.0,0.015625,-1.821777,0.977539,-0.021051,0.117776,0.085268,chewing,1.000000,81.081,non_chewing
1910791.0,-0.007324,-1.833984,0.975586,-0.051427,0.081538,0.009326,chewing,1.000000,81.081,non_chewing
1910801.0,0.027344,-1.867188,0.979004,-0.074876,0.075142,0.004796,chewing,1.000000,81.081,non_chewing
1910811.0,0.039551,-1.822754,0.979004,-0.051427,0.067149,-0.049828,chewing,1.000000,81.081,non_chewing
1910821.0,0.026855,-1.787598,0.98584,-0.039969,0.079406,-0.058622,chewing,1.000000,81.081,non_chewing
1910831.0,0.00293,-1.815918,0.991699,-0.029044,0.079406,0.105519,chewing,1.000000,81.081,non_chewing
1910841.0,0.016113,-1.808594,0.970703,-0.026646,0.066083,0.121773,chewing,1.000000,81.081,non_chewing
1910851.0,0.05957,-1.812988,0.967285,-0.029844,0.082337,0.094061,chewing,1.000000,81.081,non_chewing
1910861.0,-0.003906,-1.820313,0.983398,-0.017587,0.058622,0.047164,chewing,1.000000,81.081,non_chewing
1910871.0,-0.008301,-1.813965,0.975586,-0.015455,0.037305,0.1303,chewing,1.000000,81.081,non_chewing
1910881.0,0.017578,-1.802246,0.978516,-0.01359,0.008793,0.143623,chewing,1.000000,81.081,non_chewing
1910891.0,0.018555,-1.818848,0.953125,0.005596,-0.017054,0.158812,chewing,1.000000,81.081,non_chewing
1910901.0,-0.003906,-1.822266,0.961426,-0.010392,-0.03011,0.194251,chewing,1.000000,81.081,non_chewing
1910911.0,-0.010742,-1.835449,0.969238,0.014123,-0.020518,0.16947,chewing,1.000000,81.081,non_chewing
1910921.0,-0.003906,-1.859375,0.974609,0.029044,-0.011991,0.198515,chewing,1.000000,81.081,non_chewing
1910931.0,-0.013184,-1.828125,0.974609,0.033308,-0.015455,0.105786,chewing,1.000000,81.081,non_chewing
1910941.0,-0.006836,-1.841309,0.985352,0.019985,0.002398,-0.003464,chewing,1.000000,81.081,non_chewing
1910951.0,0.02832,-1.817871,0.977539,0.18226,-0.003198,-0.096193,chewing,1.000000,61.856,non_chewing
1910961.0,0.020508,-1.858398,0.964355,0.020518,0.058089,-0.164141,chewing,1.000000,61.856,non_chewing
1910971.0,-0.023926,-1.852539,0.976562,0.049296,0.031176,-0.163608,chewing,1.000000,61.856,non_chewing
1910981.0,-0.009766,-1.824707,0.975098,0.038904,0.019985,-0.172668,chewing,1.000000,61.856,non_chewing
1910991.0,-0.023437,-1.817383,0.973633,0.093795,0.002132,-0.094594,chewing,1.000000,61.856,non_chewing
1911001.0,-0.02002,-1.800293,0.988281,0.10392,0.013323,0.04823,chewing,1.000000,61.856,non_chewing
1911011.0,-0.018066,-1.789551,0.977051,0.120175,-0.01279,0.07834,chewing,1.000000,61.856,non_chewing
1911021.0,-0.02002,-1.79834,0.989746,0.104986,-0.0429,0.166806,chewing,1.000000,61.856,non_chewing
1911031.0,-0.016602,-1.773926,0.977539,0.0866,-0.033574,0.154015,chewing,1.000000,61.856,non_chewing
1911041.0,-0.030273,-1.725586,0.984375,0.078606,-0.052493,0.146021,chewing,1.000000,61.856,non_chewing
1911051.0,-0.022949,-1.780762,0.987793,0.001599,-0.020251,0.095127,chewing,1.000000,61.856,non_chewing
1911061.0,-0.047852,-1.799805,0.994141,-0.027979,-0.009859,0.03011,chewing,1.000000,61.856,non_chewing
1911071.0,-0.001953,-1.816406,0.986328,-0.017853,-0.001066,0.085534,chewing,1.000000,61.856,non_chewing
1911081.0,-0.025391,-1.769043,0.952148,0.268861,0.007994,0.118043,chewing,1.000000,61.856,non_chewing
1911091.0,0.032227,-1.807129,0.960937,-0.023715,-0.054891,0.008793,chewing,1.000000,61.856,non_chewing
1911101.0,0.002441,-1.825195,0.970703,-0.061286,-0.014922,-0.028245,chewing,1.000000,61.856,non_chewing
1911111.0,-0.016602,-1.795898,0.959473,-0.051161,0.001599,-0.012524,chewing,1.000000,61.856,non_chewing
1911121.0,-0.021973,-1.808594,0.963867,-0.087933,-0.000799,0.000799,chewing,1.000000,61.856,non_chewing
1911131.0,-0.007324,-1.822266,0.975098,-0.090864,0.007461,0.031975,chewing,1.000000,61.856,non_chewing
1911141.0,-0.007324,-1.825195,0.957031,-0.103654,0.01279,0.063951,chewing,1.000000,61.856,non_chewing
1911151.0,-0.030273,-1.82666,0.968262,-0.063685,0.038904,0.063951,chewing,1.000000,61.856,non_chewing
1911161.0,-0.026367,-1.834961,0.969238,-0.053292,0.00906,0.03917,chewing,1.000000,61.856,non_chewing
1911171.0,-0.025391,-1.820313,0.991699,-0.043966,-0.006129,0.005862,chewing,1.000000,61.856,non_chewing
1911181.0,-0.02832,-1.808594,0.976562,-0.043167,0.006395,-0.039436,chewing,1.000000,61.856,non_chewing
1911191.0,-0.035156,-1.817383,0.984375,-0.035173,0.023182,-0.035972,chewing,1.000000,61.856,non_chewing
1911201.0,-0.029297,-1.832031,0.978516,-0.024515,0.020251,-0.03917,chewing,1.000000,61.856,non_chewing
1911211.0,-0.021484,-1.833008,0.974121,-0.019452,0.020518,-0.053026,chewing,1.000000,61.856,non_chewing
1911221.0,-0.026367,-1.845215,0.981445,-0.006662,0.005862,-0.023715,chewing,1.000000,61.856,non_chewing
1911231.0,-0.008301,-1.832031,0.973145,-0.016254,-0.019452,-0.028511,chewing,1.000000,61.856,non_chewing
1911241.0,-0.01416,-1.824707,0.966797,-0.017587,-0.023982,-0.045299,chewing,1.000000,61.856,non_chewing
1911251.0,-0.018555,-1.838867,0.969238,-0.024248,-0.018919,-0.017054,chewing,1.000000,61.856,non_chewing
1911261.0,-0.010254,-1.818359,0.956055,-0.037305,-0.027979,-0.027446,chewing,1.000000,61.856,non_chewing
1911271.0,0.003906,-1.828125,0.981934,-0.039703,-0.028511,-0.057289,chewing,1.000000,61.856,non_chewing
1911281.0,-0.005371,-1.833984,0.978516,-0.025847,0.009859,-0.042368,chewing,1.000000,61.856,non_chewing
1911291.0,0.007813,-1.819336,0.974121,-0.036505,0.012257,-0.056224,chewing,1.000000,61.856,non_chewing
1911301.0,0.020996,-1.80957,0.98291,-0.027446,0.017054,-0.054358,chewing,1.000000,61.856,non_chewing
1911311.0,-0.000977,-1.80957,0.988281,-0.033841,0.002398,-0.058888,chewing,1.000000,61.856,non_chewing
1911321.0,-0.000488,-1.812988,1.002441,-0.014655,-0.005329,-0.014922,chewing,1.000000,61.856,non_chewing
1911331.0,0.009766,-1.807129,1.002441,-0.001599,-0.040236,0.034907,chewing,1.000000,61.856,non_chewing
1911341.0,0.019043,-1.799316,1.005859,0.02638,-0.043433,0.089531,chewing,1.000000,61.856,non_chewing
1911351.0,0.021973,-1.805176,1.000977,0.039703,-0.062619,0.075942,chewing,1.000000,61.856,non_chewing
1911361.0,0.016602,-1.828613,1.004883,0.050894,-0.082603,0.07008,chewing,1.000000,61.856,non_chewing
1911371.0,0.020508,-1.822754,1.0,0.091397,-0.098591,0.063951,chewing,1.000000,61.856,non_chewing
1911381.0,0.025391,-1.826172,0.999512,0.105786,-0.132165,0.053292,chewing,1.000000,61.856,non_chewing
1911391.0,0.01416,-1.841309,1.006836,0.127369,-0.14762,0.087133,chewing,1.000000,61.856,non_chewing
1911401.0,0.008789,-1.827148,1.003906,0.144956,-0.160144,0.07834,chewing,1.000000,61.856,non_chewing
1911411.0,-0.007813,-1.806152,0.990234,0.171069,-0.182793,0.074609,chewing,1.000000,61.856,non_chewing
1911421.0,0.005371,-1.803223,0.981445,0.154282,-0.241948,0.048763,chewing,1.000000,61.856,non_chewing
1911431.0,-0.001465,-1.780273,0.973633,0.142557,-0.248609,0.005862,chewing,1.000000,61.856,non_chewing
1911441.0,0.003906,-1.773438,0.990234,0.109783,-0.198781,0.001066,chewing,1.000000,61.856,non_chewing
1911451.0,0.013672,-1.799805,0.962891,0.085002,-0.140959,0.003997,chewing,1.000000,61.856,non_chewing
1911461.0,0.031738,-1.822754,0.941895,0.076208,-0.050628,0.004263,chewing,1.000000,61.856,non_chewing
1911471.0,0.047363,-1.887207,0.930664,0.041835,0.01279,0.049828,chewing,1.000000,61.856,non_chewing
1911481.0,0.086914,-1.915039,0.910156,0.03091,0.044766,0.092729,chewing,1.000000,61.856,non_chewing
1911491.0,0.097656,-1.919434,0.914062,0.017054,0.063152,0.031975,chewing,1.000000,61.856,non_chewing
1911501.0,0.100586,-1.886719,0.922852,0.02185,0.082337,-0.039703,chewing,1.000000,61.856,non_chewing
1911511.0,0.056152,-1.829102,0.950684,-0.003198,0.049029,-0.07008,chewing,1.000000,61.856,non_chewing
1911521.0,0.015137,-1.808594,0.958496,0.010392,0.045832,0.041035,chewing,1.000000,61.856,non_chewing
1911531.0,0.027344,-1.771973,0.993164,-0.011991,0.043433,0.102055,chewing,1.000000,61.856,non_chewing
1911541.0,0.009766,-1.794434,1.011719,-0.00826,0.045299,0.072744,chewing,1.000000,61.856,non_chewing
1911551.0,-0.016113,-1.759277,1.007813,-0.000799,0.044233,0.161743,chewing,1.000000,61.856,non_chewing
1911561.0,-0.026367,-1.776367,1.016113,0.015455,0.023182,0.20038,chewing,1.000000,61.856,non_chewing
1911571.0,-0.041016,-1.79834,1.01416,0.022116,0.01359,0.27419,chewing,1.000000,61.856,non_chewing
1911581.0,-0.034668,-1.808594,1.003418,0.052227,0.001599,0.342937,chewing,1.000000,61.856,non_chewing
1911591.0,-0.045898,-1.791504,0.991699,0.086067,-0.021317,0.320288,chewing,1.000000,61.856,non_chewing
1911601.0,-0.07373,-1.77832,1.030273,0.124172,-0.019185,0.344802,chewing,1.000000,61.856,non_chewing
1911611.0,-0.098633,-1.773438,1.009766,0.1303,-0.032508,0.359724,chewing,1.000000,61.856,non_chewing
1911621.0,-0.101563,-1.786621,1.010742,0.111381,-0.027446,0.349332,chewing,1.000000,61.856,non_chewing
1911631.0,-0.10791,-1.812988,1.029297,0.115911,-0.024781,0.33521,chewing,1.000000,61.856,non_chewing
1911641.0,-0.102051,-1.815918,1.026367,0.109783,-0.037038,0.315225,chewing,1.000000,61.856,non_chewing
1911651.0,-0.081055,-1.811523,1.040039,0.087133,-0.084735,0.24408,chewing,1.000000,61.856,non_chewing
1911661.0,-0.081055,-1.779297,1.044434,0.039703,-0.098058,0.144689,chewing,1.000000,61.856,non_chewing
1911671.0,-0.117676,-1.762695,1.022461,0.021583,-0.052227,0.060487,chewing,1.000000,61.856,non_chewing
1911681.0,-0.11084,-1.716309,0.987305,0.032775,-0.000266,0.235819,chewing,1.000000,61.856,non_chewing
1911691.0,-0.179687,-1.812012,0.974121,-0.155881,0.10472,0.083936,chewing,1.000000,61.856,non_chewing
1911701.0,-0.151367,-1.833496,0.982422,-0.065017,0.152683,0.342671,chewing,1.000000,61.856,non_chewing
1911711.0,-0.120117,-1.852051,0.962402,-0.037305,0.203311,0.27872,chewing,1.000000,61.856,non_chewing
1911721.0,-0.08252,-1.832031,0.964844,-0.069014,0.294974,0.208374,chewing,1.000000,61.856,non_chewing
1911731.0,-0.075684,-1.800781,0.968262,-0.135896,0.309363,-0.07008,chewing,1.000000,61.856,non_chewing
1911741.0,-0.043457,-1.806152,0.960937,-0.071145,0.516671,-0.085801,chewing,1.000000,61.856,non_chewing
1911751.0,-0.204102,-1.817871,0.990723,-0.088199,0.457783,-0.267528,chewing,1.000000,61.856,non_chewing
1911761.0,-0.08252,-1.768555,0.976562,-0.146288,0.639776,-0.370649,chewing,1.000000,61.856,non_chewing
1911771.0,-0.064453,-1.769043,0.990234,-0.091397,0.637911,-0.493222,chewing,1.000000,61.856,non_chewing
1911781.0,-0.045898,-1.751465,1.001465,-0.046631,0.618726,-0.559838,chewing,1.000000,61.856,non_chewing
1911791.0,-0.022461,-1.804199,0.992676,-0.047963,0.595011,-0.57396,chewing,1.000000,61.856,non_chewing
1911801.0,-0.00293,-1.793457,1.001953,-0.021317,0.572628,-0.620058,chewing,1.000000,61.856,non_chewing
1911811.0,0.019531,-1.813477,0.995605,-0.028511,0.536655,-0.601939,chewing,1.000000,61.856,non_chewing
1911821.0,0.021973,-1.8125,1.000977,-0.016254,0.483896,-0.540119,chewing,1.000000,61.856,non_chewing
1911831.0,0.035156,-1.816406,1.003906,-0.009593,0.42634,-0.492956,chewing,1.000000,61.856,non_chewing
1911841.0,0.032227,-1.829102,1.026855,-0.012524,0.350132,-0.428738,chewing,1.000000,61.856,non_chewing
1911851.0,0.056152,-1.806152,1.052734,-0.010392,0.284848,-0.344003,chewing,1.000000,61.856,non_chewing
1911861.0,0.080566,-1.831543,1.051758,0.0,0.234487,-0.267795,chewing,1.000000,61.856,non_chewing
1911871.0,0.078125,-1.832031,1.053711,0.015988,0.195583,-0.219299,chewing,1.000000,61.856,non_chewing
1911881.0,0.071777,-1.816895,1.036621,0.00906,0.169204,-0.277654,chewing,1.000000,61.856,non_chewing
1911891.0,0.050293,-1.797363,1.038086,-0.004796,0.136695,-0.306432,chewing,1.000000,61.856,non_chewing
1911901.0,0.054199,-1.789063,1.036133,-0.009326,0.14842,-0.322153,chewing,1.000000,61.856,non_chewing
1911911.0,0.03418,-1.783691,1.040039,-0.005862,0.124438,-0.306698,chewing,1.000000,61.856,non_chewing
1911921.0,0.033203,-1.753418,1.025879,0.000533,0.152683,-0.338674,chewing,1.000000,61.856,non_chewing
1911931.0,0.006836,-1.75293,1.02832,-0.002132,0.184392,-0.304034,chewing,1.000000,61.856,non_chewing
1911941.0,0.010742,-1.742188,1.026855,-0.026913,0.201712,-0.234753,chewing,1.000000,61.856,non_chewing
1911951.0,0.009277,-1.771484,1.013672,-0.053292,0.201712,-0.16494,chewing,1.000000,61.856,non_chewing
1911961.0,0.024414,-1.790527,1.023438,-0.030643,0.173467,-0.098325,chewing,1.000000,61.856,non_chewing
1911971.0,0.012207,-1.785645,1.026367,-0.039969,0.137228,-0.071945,chewing,1.000000,61.856,non_chewing
1911981.0,-0.007813,-1.754395,1.019531,-0.043433,0.124172,-0.018919,chewing,1.000000,61.856,non_chewing
1911991.0,-0.022949,-1.739258,1.016602,-0.084469,0.174533,0.046897,chewing,1.000000,61.856,non_chewing
1912001.0,-0.009277,-1.794434,1.018066,-0.075942,0.162009,0.142557,chewing,1.000000,56.604,non_chewing
1912011.0,0.005371,-1.802734,1.029297,-0.078074,0.135096,0.161476,chewing,1.000000,56.604,non_chewing
1912021.0,-0.009277,-1.804199,1.041016,-0.081005,0.083403,0.13936,chewing,1.000000,56.604,non_chewing
1912031.0,-0.01416,-1.77832,1.056152,-0.062086,0.047963,0.105519,chewing,1.000000,56.604,non_chewing
1912041.0,-0.02832,-1.76123,1.06543,-0.041835,0.010392,0.083136,chewing,1.000000,56.604,non_chewing
1912051.0,-0.040527,-1.763184,1.040039,-0.03011,0.003198,0.055691,chewing,1.000000,56.604,non_chewing
1912061.0,-0.028809,-1.782715,1.05127,-0.025314,-0.002931,0.059155,chewing,1.000000,56.604,non_chewing
1912071.0,-0.030762,-1.803711,1.026855,-0.014389,0.011191,0.054625,chewing,1.000000,56.604,non_chewing
1912081.0,-0.015625,-1.813965,1.022949,0.001332,-0.020518,0.068481,chewing,1.000000,56.604,non_chewing
1912091.0,-0.022461,-1.827637,1.002441,0.010925,-0.041568,0.053825,chewing,1.000000,56.604,non_chewing
1912101.0,-0.037109,-1.825684,1.003418,0.015455,-0.063418,0.08287,chewing,1.000000,56.604,non_chewing
1912111.0,-0.014648,-1.803223,1.026367,0.002665,-0.101522,0.094861,chewing,1.000000,56.604,non_chewing
1912121.0,-0.010254,-1.805664,1.000977,0.013057,-0.158012,0.060487,chewing,1.000000,56.604,non_chewing
1912131.0,-0.00293,-1.816895,1.010254,0.030643,-0.183326,0.002931,chewing,1.000000,56.604,non_chewing
1912141.0,-0.029297,-1.805176,1.001465,0.018919,-0.219299,-0.010925,chewing,1.000000,56.604,non_chewing
1912151.0,-0.030273,-1.787598,0.987305,0.005862,-0.20944,-0.036505,chewing,1.000000,56.604,non_chewing
1912161.0,-0.03125,-1.788574,0.990234,-0.013323,-0.17853,-0.043433,chewing,1.000000,56.604,non_chewing
1912171.0,-0.023926,-1.800781,1.000977,-0.00906,-0.154815,-0.048763,chewing,1.000000,56.604,non_chewing
1912181.0,-0.022949,-1.790039,0.983887,-0.003997,-0.134031,-0.041035,chewing,1.000000,56.604,non_chewing
1912191.0,-0.038086,-1.802734,0.999023,-0.022649,-0.114046,-0.031975,chewing,1.000000,56.604,non_chewing
1912201.0,-0.027832,-1.807617,0.991699,-0.03091,-0.086334,0.024781,chewing,1.000000,56.604,non_chewing
1912211.0,-0.02002,-1.803711,0.996094,-0.060753,-0.079406,0.031176,chewing,1.000000,56.604,non_chewing
1912221.0,-0.012695,-1.813965,1.008789,-0.050894,-0.093795,0.001066,chewing,1.000000,56.604,non_chewing
1912231.0,-0.009277,-1.828125,1.008301,-0.056757,-0.098858,-0.034374,chewing,1.000000,56.604,non_chewing
1912241.0,-0.001953,-1.814941,1.010742,-0.043167,-0.079139,-0.050361,chewing,1.000000,56.604,non_chewing
1912251.0,-0.003906,-1.816406,1.01123,-0.058888,-0.024515,-0.066083,chewing,1.000000,56.604,non_chewing
1912261.0,0.00293,-1.802246,1.007324,-0.044766,-0.006928,-0.046897,chewing,1.000000,56.604,non_chewing
1912271.0,0.01416,-1.806152,1.009766,-0.051694,-0.005063,-0.052493,chewing,1.000000,56.604,non_chewing
1912281.0,0.013184,-1.819336,1.002441,-0.036772,-0.001066,-0.05196,chewing,1.000000,56.604,non_chewing
1912291.0,0.01416,-1.829102,1.003906,-0.05276,-0.002132,-0.046897,chewing,1.000000,56.604,non_chewing
1912301.0,0.021973,-1.812988,1.005859,-0.072744,-0.002931,-0.059954,chewing,1.000000,56.604,non_chewing
1912311.0,0.020508,-1.808594,1.002441,-0.06555,-0.000533,-0.088466,chewing,1.000000,56.604,non_chewing
1912321.0,-0.004883,-1.811523,0.979492,-0.050095,-0.010658,-0.107118,chewing,1.000000,56.604,non_chewing
1912331.0,-0.014648,-1.820801,0.981934,-0.03464,0.004796,-0.098058,chewing,1.000000,56.604,non_chewing
1912341.0,-0.005371,-1.816406,0.974609,-0.022649,-0.001599,-0.054891,chewing,1.000000,56.604,non_chewing
1912351.0,0.001953,-1.822754,0.981934,-0.038637,-0.003464,-0.041568,chewing,1.000000,56.604,non_chewing
1912361.0,-0.004395,-1.819824,0.983398,-0.00906,-0.016254,-0.016254,chewing,1.000000,56.604,non_chewing
1912371.0,-0.018555,-1.806641,0.991699,-0.00826,-0.027712,0.014655,chewing,1.000000,56.604,non_chewing
1912381.0,-0.013184,-1.812988,0.998535,0.013057,-0.037571,-0.010925,chewing,1.000000,56.604,non_chewing
1912391.0,0.005371,-1.810059,1.000977,0.018919,-0.046364,-0.050095,chewing,1.000000,56.604,non_chewing
1912401.0,0.00293,-1.80127,1.018066,0.044499,-0.073544,-0.109783,chewing,1.000000,56.604,non_chewing
1912411.0,-0.00293,-1.809082,1.018555,0.062885,-0.065017,-0.12124,chewing,1.000000,56.604,non_chewing
1912421.0,0.001465,-1.813477,1.025879,0.084469,-0.051161,-0.118043,chewing,1.000000,56.604,non_chewing
1912431.0,0.004883,-1.819824,1.017578,0.099391,-0.039703,-0.122306,chewing,1.000000,56.604,non_chewing
1912441.0,0.028809,-1.825195,0.993652,0.11298,-0.046364,-0.119109,chewing,1.000000,56.604,non_chewing
1912451.0,0.033203,-1.81543,0.978027,0.108717,-0.079406,-0.120708,chewing,1.000000,56.604,non_chewing
1912461.0,0.029785,-1.79834,0.993164,0.10845,-0.10392,-0.126303,chewing,1.000000,56.604,non_chewing
1912471.0,0.008301,-1.837891,0.986816,0.116977,-0.116711,-0.095394,chewing,1.000000,56.604,non_chewing
1912481.0,0.024414,-1.775879,0.984375,0.093262,-0.126303,0.018919,chewing,1.000000,56.604,non_chewing
1912491.0,-0.003906,-1.791992,0.987305,0.085268,-0.098325,0.10472,chewing,1.000000,56.604,non_chewing
1912501.0,0.024414,-1.788574,1.001953,0.067681,-0.089265,0.115911,chewing,1.000000,56.604,non_chewing
1912511.0,0.015625,-1.779297,1.018555,0.055691,-0.08207,0.074609,chewing,1.000000,56.604,non_chewing
1912521.0,-0.014648,-1.788086,1.050293,0.064217,-0.062086,0.054891,chewing,1.000000,56.604,non_chewing
1912531.0,0.010254,-1.76123,1.049805,0.12124,-0.049562,0.020518,chewing,1.000000,56.604,non_chewing
1912541.0,0.010742,-1.806152,1.043945,0.035173,-0.025314,-0.022916,chewing,1.000000,56.604,non_chewing
1912551.0,0.01123,-1.8125,1.042969,0.03091,-0.017054,-0.057289,chewing,1.000000,56.604,non_chewing
1912561.0,0.004395,-1.807617,1.042969,-0.000799,0.001599,-0.037305,chewing,1.000000,56.604,non_chewing
1912571.0,-0.000977,-1.814453,1.032227,-0.031176,0.0,-0.017853,chewing,1.000000,56.604,non_chewing
1912581.0,0.010254,-1.811035,1.041992,-0.040236,-0.03091,-0.008527,chewing,1.000000,56.604,non_chewing
1912591.0,0.005371,-1.812012,1.029785,-0.059421,-0.045299,-0.001066,chewing,1.000000,56.604,non_chewing
1912601.0,0.005371,-1.810059,1.025879,-0.045299,-0.037038,-0.017587,chewing,1.000000,56.604,non_chewing
1912611.0,0.003418,-1.808594,1.018066,-0.050361,-0.047164,-0.032242,chewing,1.000000,56.604,non_chewing
1912621.0,-0.012207,-1.797363,1.031738,-0.028245,-0.035173,-0.009859,chewing,1.000000,56.604,non_chewing
1912631.0,-0.012207,-1.799316,1.026855,-0.022649,-0.035173,0.00453,chewing,1.000000,56.604,non_chewing
1912641.0,-0.023437,-1.777344,1.029785,0.002132,-0.041568,0.004263,chewing,1.000000,56.604,non_chewing
1912651.0,-0.020508,-1.787598,1.041992,0.014922,-0.049562,0.00906,chewing,1.000000,56.604,non_chewing
1912661.0,-0.012695,-1.78418,1.02832,0.033574,-0.075675,-0.003198,chewing,1.000000,56.604,non_chewing
1912671.0,0.018066,-1.788086,1.021484,0.051694,-0.092995,-0.045565,chewing,1.000000,56.604,non_chewing
1912681.0,-0.065918,-1.810059,1.057129,0.111914,-0.155614,-0.108184,chewing,1.000000,56.604,non_chewing
1912691.0,0.044922,-1.791504,1.02832,0.160943,-0.136962,-0.026646,chewing,1.000000,56.604,non_chewing
1912701.0,0.019531,-1.819336,1.026855,0.224095,-0.223029,-0.1311,chewing,1.000000,56.604,non_chewing
1912711.0,0.038086,-1.79541,1.032715,0.262199,-0.239017,-0.083936,chewing,1.000000,56.604,non_chewing
1912721.0,-0.021973,-1.797363,1.043945,0.293109,-0.309096,-0.151084,chewing,1.000000,56.604,non_chewing
1912731.0,0.051758,-1.768066,1.026367,0.323752,-0.298438,-0.079406,chewing,1.000000,56.604,non_chewing
1912741.0,0.008789,-1.796387,1.036621,0.326417,-0.294974,-0.17853,chewing,1.000000,56.604,non_chewing
1912751.0,0.005371,-1.783203,1.03418,0.349332,-0.310162,-0.098591,chewing,1.000000,56.604,non_chewing
1912761.0,0.02002,-1.789063,1.050293,0.330147,-0.298438,-0.127902,chewing,1.000000,56.604,non_chewing
1912771.0,0.030273,-1.803711,1.04834,0.344802,-0.344802,-0.114845,chewing,1.000000,56.604,non_chewing
1912781.0,0.026855,-1.808594,1.056152,0.31336,-0.390101,-0.098591,chewing,1.000000,56.604,non_chewing
1912791.0,0.052246,-1.814941,1.055664,0.314692,-0.430603,-0.129501,chewing,1.000000,56.604,non_chewing
1912801.0,0.078613,-1.803711,1.047363,0.288579,-0.502815,-0.202245,chewing,1.000000,56.604,non_chewing
1912811.0,0.068848,-1.785645,1.050781,0.280319,-0.502015,-0.228625,chewing,1.000000,56.604,non_chewing
1912821.0,0.041504,-1.754395,1.060547,0.232355,-0.479366,-0.187856,chewing,1.000000,56.604,non_chewing
1912831.0,0.114258,-1.730957,1.081055,0.221697,-0.433002,-0.181461,chewing,1.000000,56.604,non_chewing
1912841.0,0.099609,-1.733398,1.083984,0.160943,-0.474303,-0.23049,chewing,1.000000,56.604,non_chewing
1912851.0,0.098633,-1.755371,1.078613,0.101789,-0.403957,-0.263531,chewing,1.000000,56.604,non_chewing
1912861.0,0.066406,-1.774414,1.061035,0.092196,-0.412484,-0.219032,chewing,1.000000,56.604,non_chewing
1912871.0,0.081543,-1.731445,1.04834,0.086867,-0.355994,-0.231023,chewing,1.000000,56.604,non_chewing
1912881.0,0.085449,-1.732422,1.053223,0.051161,-0.327482,-0.216634,chewing,1.000000,56.604,non_chewing
1912891.0,0.116699,-1.672852,1.037109,0.106585,-0.293109,-0.182793,chewing,1.000000,56.604,non_chewing
1912901.0,0.109863,-1.761719,1.056641,0.022116,-0.255005,-0.115645,chewing,1.000000,56.604,non_chewing
1912911.0,0.11377,-1.756348,1.068359,0.002931,-0.239283,-0.110315,chewing,1.000000,56.604,non_chewing
1912921.0,0.121094,-1.749023,1.043945,-0.030377,-0.235553,-0.079939,chewing,1.000000,56.604,non_chewing
1912931.0,0.156738,-1.777832,1.054199,-0.045299,-0.264331,-0.097792,chewing,1.000000,56.604,non_chewing
1912941.0,0.165039,-1.78418,1.061035,-0.077807,-0.286181,-0.158279,chewing,1.000000,56.604,non_chewing
1912951.0,0.166016,-1.770508,1.052246,-0.096726,-0.223562,-0.136695,chewing,1.000000,56.604,non_chewing
1912961.0,0.160645,-1.760254,1.040527,-0.1311,-0.144689,-0.139093,chewing,1.000000,56.604,non_chewing
1912971.0,0.152832,-1.754395,1.046875,-0.154282,-0.052493,-0.170536,chewing,1.000000,56.604,non_chewing
1912981.0,0.167969,-1.777832,1.047363,-0.17773,0.049029,-0.138028,chewing,1.000000,77.922,non_chewing
1912991.0,0.186035,-1.77832,1.062988,-0.193452,0.113513,-0.128168,chewing,1.000000,77.922,non_chewing
1913001.0,0.198242,-1.782227,1.058105,-0.22143,0.134564,-0.114312,chewing,1.000000,77.922,non_chewing
1913011.0,0.214844,-1.795898,1.053223,-0.242214,0.18226,-0.085268,chewing,1.000000,77.922,non_chewing
1913021.0,0.214844,-1.801758,1.046387,-0.239816,0.192919,-0.032508,chewing,1.000000,77.922,non_chewing
1913031.0,0.187012,-1.792969,1.037598,-0.24408,0.226227,0.019718,chewing,1.000000,77.922,non_chewing
1913041.0,0.163086,-1.782227,1.043457,-0.246744,0.236885,0.024515,chewing,1.000000,77.922,non_chewing
1913051.0,0.147949,-1.771484,1.023438,-0.234221,0.234487,0.068214,chewing,1.000000,77.922,non_chewing
1913061.0,0.133301,-1.773926,1.048828,-0.220098,0.262998,0.094328,chewing,1.000000,77.922,non_chewing
1913071.0,0.128418,-1.760742,1.069824,-0.214502,0.28325,0.12124,chewing,1.000000,77.922,non_chewing
1913081.0,0.128906,-1.770508,1.081055,-0.187057,0.29524,0.144956,chewing,1.000000,77.922,non_chewing
1913091.0,0.135742,-1.778809,1.074707,-0.155614,0.323219,0.149219,chewing,1.000000,77.922,non_chewing
1913101.0,0.141602,-1.785156,1.061523,-0.111381,0.293375,0.161743,chewing,1.000000,77.922,non_chewing
1913111.0,0.123047,-1.788574,1.079102,-0.120441,0.248077,0.167605,chewing,1.000000,77.922,non_chewing
1913121.0,0.118652,-1.79541,1.0625,-0.118309,0.255271,0.179063,chewing,1.000000,77.922,non_chewing
1913131.0,0.112793,-1.803711,1.081055,-0.123905,0.234487,0.184658,chewing,1.000000,77.922,non_chewing
1913141.0,0.099609,-1.802734,1.068359,-0.120175,0.185991,0.161743,chewing,1.000000,77.922,non_chewing
1913151.0,0.098145,-1.800293,1.068359,-0.114046,0.140159,0.153482,chewing,1.000000,77.922,non_chewing
1913161.0,0.073242,-1.799805,1.07666,-0.102855,0.103654,0.134564,chewing,1.000000,77.922,non_chewing
1913171.0,0.086426,-1.791992,1.075195,-0.088199,0.092196,0.113513,chewing,1.000000,77.922,non_chewing
1913181.0,0.084473,-1.789551,1.051758,-0.06475,0.084735,0.094328,chewing,1.000000,77.922,non_chewing
1913191.0,0.067383,-1.79541,1.041992,-0.052493,0.092462,0.081005,chewing,1.000000,77.922,non_chewing
1913201.0,0.073242,-1.794922,1.055664,-0.031975,0.079406,0.053026,chewing,1.000000,77.922,non_chewing
1913211.0,0.058594,-1.791016,1.039551,-0.027446,0.088732,0.039703,chewing,1.000000,77.922,non_chewing
1913221.0,0.068848,-1.778809,1.035156,-0.013323,0.107651,0.059155,chewing,1.000000,77.922,non_chewing
1913231.0,0.069336,-1.781738,1.028809,-0.031443,0.109783,0.061553,chewing,1.000000,77.922,non_chewing
1913241.0,0.07373,-1.774902,1.033203,-0.020251,0.134297,0.045565,chewing,1.000000,77.922,non_chewing
1913251.0,0.074707,-1.77832,1.024414,-0.036239,0.164141,0.069547,chewing,1.000000,77.922,non_chewing
1913261.0,0.083496,-1.775879,1.04248,-0.023449,0.168937,0.053292,chewing,1.000000,77.922,non_chewing
1913271.0,0.087402,-1.773438,1.039063,-0.040502,0.185724,0.047164,chewing,1.000000,77.922,non_chewing
1913281.0,0.09375,-1.775391,1.028809,-0.044233,0.19132,0.007194,chewing,1.000000,77.922,non_chewing
1913291.0,0.079102,-1.776367,1.025391,-0.044233,0.201979,0.002132,chewing,1.000000,77.922,non_chewing
1913301.0,0.069824,-1.76416,1.024414,-0.038904,0.2177,-0.004796,chewing,1.000000,77.922,non_chewing
1913311.0,0.054687,-1.755859,1.023438,-0.062352,0.219299,0.006662,chewing,1.000000,77.922,non_chewing
1913321.0,0.067383,-1.755859,1.04541,-0.078606,0.218766,0.031709,chewing,1.000000,77.922,non_chewing
1913331.0,0.068359,-1.769531,1.039551,-0.081271,0.216634,0.019452,chewing,1.000000,77.922,non_chewing
1913341.0,0.061523,-1.773438,1.049805,-0.078074,0.223029,-0.008793,chewing,1.000000,77.922,non_chewing
1913351.0,0.057617,-1.768066,1.077637,-0.075942,0.221963,-0.018119,chewing,1.000000,77.922,non_chewing
1913361.0,0.052246,-1.77832,1.072266,-0.055691,0.207041,0.011191,chewing,1.000000,77.922,non_chewing
1913371.0,0.04834,-1.776367,1.069824,-0.074077,0.234221,0.008793,chewing,1.000000,77.922,non_chewing
1913381.0,0.048828,-1.769531,1.07373,-0.055691,0.220364,0.025847,chewing,1.000000,77.922,non_chewing
1913391.0,0.0625,-1.781738,1.07666,-0.07381,0.218766,0.023182,chewing,1.000000,77.922,non_chewing
1913401.0,0.066406,-1.791504,1.069824,-0.060487,0.186257,0.013856,chewing,1.000000,77.922,non_chewing
1913411.0,0.046387,-1.803223,1.072754,-0.051161,0.184392,-0.017853,chewing,1.000000,77.922,non_chewing
1913421.0,0.045898,-1.779785,1.080566,-0.054891,0.185991,-0.041568,chewing,1.000000,77.922,non_chewing
1913431.0,0.016602,-1.779297,1.075195,-0.044233,0.157479,-0.036772,chewing,1.000000,77.922,non_chewing
1913441.0,0.022949,-1.774414,1.07666,-0.042101,0.126303,-0.027712,chewing,1.000000,77.922,non_chewing
1913451.0,0.038086,-1.788574,1.072754,-0.037305,0.095127,-0.00906,chewing,1.000000,77.922,non_chewing
1913461.0,0.024414,-1.799805,1.071289,-0.042101,0.072211,0.018652,chewing,1.000000,77.922,non_chewing
1913471.0,0.029785,-1.806641,1.04834,-0.035972,0.036239,0.057822,chewing,1.000000,77.922,non_chewing
1913481.0,0.029297,-1.80127,1.052246,-0.022649,0.01732,0.114312,chewing,1.000000,77.922,non_chewing
1913491.0,0.038086,-1.805176,1.049805,-0.014123,0.001332,0.1303,chewing,1.000000,77.922,non_chewing
1913501.0,0.04541,-1.802734,1.052734,-0.011458,-0.014389,0.112181,chewing,1.000000,77.922,non_chewing
1913511.0,0.048828,-1.804199,1.038086,-0.006928,-0.025047,0.107651,chewing,1.000000,77.922,non_chewing
1913521.0,0.045898,-1.803711,1.038086,0.002931,-0.035173,0.077541,chewing,1.000000,77.922,non_chewing
1913531.0,0.047852,-1.79248,1.04248,0.019452,-0.03091,0.038637,chewing,1.000000,77.922,non_chewing
1913541.0,0.044922,-1.795898,1.040039,0.032242,-0.031709,0.007727,chewing,1.000000,77.922,non_chewing
1913551.0,0.044922,-1.797852,1.037598,0.036772,-0.035972,0.005862,chewing,1.000000,77.922,non_chewing
1913561.0,0.040527,-1.794434,1.025879,0.05276,-0.039436,0.010392,chewing,1.000000,77.922,non_chewing
1913571.0,0.03418,-1.769531,1.02832,0.034374,-0.029577,0.007727,chewing,1.000000,77.922,non_chewing
1913581.0,0.041992,-1.770508,1.043457,0.018919,-0.015988,0.00373,chewing,1.000000,77.922,non_chewing
1913591.0,0.04834,-1.769531,1.01416,0.006129,-0.010126,-0.007994,chewing,1.000000,77.922,non_chewing
1913601.0,0.039551,-1.770508,1.041504,0.002398,0.02185,-0.031176,chewing,1.000000,77.922,non_chewing
1913611.0,0.041992,-1.772949,1.027344,-0.011458,0.052493,-0.063951,chewing,1.000000,77.922,non_chewing
1913621.0,0.041504,-1.785156,1.020508,-0.045299,0.054358,-0.064484,chewing,1.000000,77.922,non_chewing
1913631.0,0.053223,-1.789063,1.023926,-0.041568,0.060753,-0.083936,chewing,1.000000,77.922,non_chewing
1913641.0,0.04541,-1.800293,1.018555,-0.053026,0.038904,-0.084469,chewing,1.000000,77.922,non_chewing
1913651.0,0.060547,-1.800293,1.033203,-0.062885,0.016521,-0.095394,chewing,1.000000,77.922,non_chewing
1913661.0,0.054687,-1.807617,1.025879,-0.067948,-0.007727,-0.105253,chewing,1.000000,77.922,non_chewing
1913671.0,0.061523,-1.812988,1.021973,-0.057023,0.006928,-0.090064,chewing,1.000000,77.922,non_chewing
1913681.0,0.072266,-1.810547,1.029297,-0.060221,0.003464,-0.062619,chewing,1.000000,77.922,non_chewing
1913691.0,0.070801,-1.813477,1.022461,-0.071945,0.016521,-0.049562,chewing,1.000000,77.922,non_chewing
1913701.0,0.075195,-1.804688,1.015625,-0.069813,0.019185,-0.064484,chewing,1.000000,77.922,non_chewing
1913711.0,0.071777,-1.805664,1.033691,-0.082337,0.025847,-0.083136,chewing,1.000000,77.922,non_chewing
1913721.0,0.068359,-1.797363,1.012695,-0.085801,0.005329,-0.098325,chewing,1.000000,77.922,non_chewing
1913731.0,0.070312,-1.803223,1.026855,-0.085801,0.017853,-0.089531,chewing,1.000000,77.922,non_chewing
1913741.0,0.064453,-1.796387,1.028809,-0.072744,0.014389,-0.075675,chewing,1.000000,77.922,non_chewing
1913751.0,0.073242,-1.806152,1.05127,-0.073277,0.021317,-0.086067,chewing,1.000000,77.922,non_chewing
1913761.0,0.080078,-1.803223,1.01709,-0.074876,0.031975,-0.0866,chewing,1.000000,77.922,non_chewing
1913771.0,0.074707,-1.80957,1.032227,-0.058355,0.036505,-0.096193,chewing,1.000000,77.922,non_chewing
1913781.0,0.08252,-1.801758,1.027344,-0.063685,0.037305,-0.101789,chewing,1.000000,77.922,non_chewing
1913791.0,0.081543,-1.794922,1.032715,-0.050361,0.035706,-0.116444,chewing,1.000000,77.922,non_chewing
1913801.0,0.075684,-1.782227,1.034668,-0.038104,0.053292,-0.107917,chewing,1.000000,77.922,non_chewing
1913811.0,0.077637,-1.757324,1.052734,-0.046631,0.060221,-0.088998,chewing,1.000000,77.922,non_chewing
1913821.0,0.070312,-1.770508,1.035645,-0.05276,0.057556,-0.098858,chewing,1.000000,77.922,non_chewing
1913831.0,0.075684,-1.776367,1.039063,-0.035706,0.049562,-0.114579,chewing,1.000000,77.922,non_chewing
1913841.0,0.086426,-1.777344,1.043945,-0.029311,0.050095,-0.119642,chewing,1.000000,77.922,non_chewing
1913851.0,0.084473,-1.76709,1.04834,-0.021317,0.030643,-0.135629,chewing,1.000000,77.922,non_chewing
1913861.0,0.101563,-1.70752,1.067871,-0.060487,0.00373,-0.093528,chewing,1.000000,77.922,non_chewing
1913871.0,0.087402,-1.787109,1.063965,-0.017054,0.033041,-0.096459,chewing,1.000000,77.922,non_chewing
1913881.0,0.105957,-1.769531,1.059082,-0.020784,0.03464,-0.090064,chewing,1.000000,77.922,non_chewing
1913891.0,0.101074,-1.778809,1.058105,-0.017853,-0.002132,-0.076475,chewing,1.000000,77.922,non_chewing
1913901.0,0.098145,-1.79541,1.062988,-0.009593,-0.007194,-0.046897,chewing,1.000000,77.922,non_chewing
1913911.0,0.12207,-1.753906,1.0625,0.008793,-0.021051,-0.011458,chewing,1.000000,77.922,non_chewing
1913921.0,0.118652,-1.817383,1.060059,-0.002665,-0.03011,-0.010126,chewing,1.000000,77.922,non_chewing
1913931.0,0.126465,-1.808105,1.06543,-0.014922,-0.068481,0.001865,chewing,0.725000,30.000,non_chewing
1913941.0,0.122559,-1.804688,1.058594,-0.014922,-0.104453,-0.027712,chewing,0.725000,30.000,non_chewing
1913951.0,0.095703,-1.792969,1.067871,-0.018919,-0.103121,-0.027446,chewing,0.725000,30.000,non_chewing
1913961.0,0.087891,-1.769043,1.055176,-0.000533,-0.077008,0.006928,chewing,0.725000,30.000,non_chewing
1913971.0,0.09375,-1.780273,1.058594,-0.00373,-0.040502,0.053825,chewing,0.725000,30.000,non_chewing
1913981.0,0.094727,-1.78418,1.040527,-0.019185,-0.029311,0.047697,chewing,0.725000,30.000,non_chewing
1913991.0,0.103516,-1.780762,1.043945,-0.029577,-0.042634,0.043167,chewing,0.725000,30.000,non_chewing
1914001.0,0.112305,-1.776855,1.038086,-0.028778,-0.047963,0.06475,chewing,0.725000,30.000,non_chewing
1914011.0,0.09668,-1.772461,1.055176,-0.037038,-0.046897,0.075142,chewing,0.725000,30.000,non_chewing
1914021.0,0.097656,-1.775391,1.041992,-0.038904,-0.033308,0.080205,chewing,0.725000,30.000,non_chewing
1914031.0,0.095215,-1.768066,1.04541,-0.04743,-0.039703,0.096193,chewing,0.725000,30.000,non_chewing
1914041.0,0.092773,-1.775879,1.020508,-0.069813,-0.026646,0.105786,chewing,0.725000,30.000,non_chewing
1914051.0,0.078125,-1.782227,1.033691,-0.074343,-0.012257,0.09566,chewing,0.725000,30.000,non_chewing
1914061.0,0.085449,-1.789551,1.045898,-0.070613,-0.000266,0.100723,chewing,0.725000,30.000,non_chewing
1914071.0,0.087402,-1.769043,1.052246,-0.052227,0.006395,0.07834,chewing,0.725000,30.000,non_chewing
1914081.0,0.072754,-1.779297,1.050293,-0.05196,0.037038,0.066083,chewing,0.725000,30.000,non_chewing
1914091.0,0.071289,-1.769531,1.040527,-0.038371,0.058355,0.03544,chewing,0.725000,30.000,non_chewing
1914101.0,0.055664,-1.771973,1.047852,-0.039436,0.075409,0.02558,chewing,0.725000,30.000,non_chewing
1914111.0,0.067383,-1.796875,1.02832,-0.040502,0.077807,0.010392,chewing,0.725000,30.000,non_chewing
1914121.0,0.059082,-1.79834,1.046387,-0.031176,0.077541,-0.002132,chewing,0.725000,30.000,non_chewing
1914131.0,0.063477,-1.815918,1.040527,-0.031443,0.05649,0.018119,chewing,0.725000,30.000,non_chewing
1914141.0,0.083496,-1.796875,1.043457,-0.023449,0.035972,0.00453,chewing,0.725000,30.000,non_chewing
1914151.0,0.053711,-1.789551,1.048828,-0.030643,0.053559,0.017054,chewing,0.725000,30.000,non_chewing
1914161.0,0.057617,-1.792969,1.041504,-0.039703,0.059954,0.02638,chewing,0.725000,30.000,non_chewing
1914171.0,0.072266,-1.808105,1.039551,-0.034907,0.061553,0.026113,chewing,0.725000,30.000,non_chewing
1914181.0,0.07373,-1.798828,1.033691,-0.033041,0.051161,0.024781,chewing,0.725000,30.000,non_chewing
1914191.0,0.09668,-1.786621,1.041016,-0.035173,0.023982,0.01359,chewing,0.725000,30.000,non_chewing
1914201.0,0.104492,-1.806641,1.03418,-0.037838,0.022916,0.002398,chewing,0.725000,30.000,non_chewing
1914211.0,0.104492,-1.797363,1.036621,-0.040769,0.011458,0.002665,chewing,0.725000,30.000,non_chewing
1914221.0,0.098145,-1.795898,1.030762,-0.037038,0.01359,0.012257,chewing,0.725000,30.000,non_chewing
1914231.0,0.097656,-1.799805,1.021973,-0.039436,0.002132,0.014123,chewing,0.725000,30.000,non_chewing
1914241.0,0.084473,-1.783203,1.015625,-0.024248,-0.00906,0.009859,chewing,0.725000,30.000,non_chewing
1914251.0,0.075195,-1.803711,1.026855,-0.024248,-0.026646,-0.001865,chewing,0.725000,30.000,non_chewing
1914261.0,0.064941,-1.802734,1.046387,-0.024515,-0.026913,0.014655,chewing,0.725000,30.000,non_chewing
1914271.0,0.059082,-1.813477,1.02832,-0.012524,-0.024515,0.020518,chewing,0.725000,30.000,non_chewing
1914281.0,0.045898,-1.803223,1.038574,-0.012257,-0.019185,0.054358,chewing,0.725000,30.000,non_chewing
1914291.0,0.055664,-1.802734,1.029785,-0.01359,0.000533,0.079406,chewing,0.725000,30.000,non_chewing
1914301.0,0.064941,-1.789551,1.034668,-0.017853,0.025314,0.075675,chewing,0.725000,30.000,non_chewing
1914311.0,0.074707,-1.81543,1.051758,-0.029577,0.066616,0.036505,chewing,0.725000,30.000,non_chewing
1914321.0,0.072266,-1.808594,1.057617,-0.037571,0.094061,0.013856,chewing,0.725000,30.000,non_chewing
1914331.0,0.050781,-1.789063,1.057129,-0.052493,0.096193,0.01732,chewing,0.725000,30.000,non_chewing
1914341.0,0.041504,-1.796387,1.047363,-0.063418,0.104187,0.020251,chewing,0.725000,30.000,non_chewing
1914351.0,0.010254,-1.800293,1.054688,-0.050894,0.095127,0.054358,chewing,0.725000,30.000,non_chewing
1914361.0,0.032715,-1.805176,1.036621,-0.052493,0.080738,0.072744,chewing,0.725000,30.000,non_chewing
1914371.0,0.094727,-1.789063,1.038574,-0.068214,0.103654,0.070346,chewing,0.725000,30.000,non_chewing
1914381.0,0.078125,-1.805664,1.029297,-0.053825,0.091663,0.044499,chewing,0.725000,30.000,non_chewing
1914391.0,0.061035,-1.796387,1.035645,-0.050628,0.079139,0.015988,chewing,0.725000,30.000,non_chewing
1914401.0,0.067871,-1.796875,1.044922,-0.043167,0.077541,-0.003997,chewing,0.725000,30.000,non_chewing
1914411.0,0.083984,-1.779785,1.033691,-0.038637,0.085002,-0.020251,chewing,0.725000,30.000,non_chewing
1914421.0,0.082031,-1.795898,1.041016,-0.046897,0.094594,-0.024248,chewing,0.725000,30.000,non_chewing
1914431.0,0.077148,-1.800781,1.033203,-0.054625,0.0874,-0.024781,chewing,0.725000,30.000,non_chewing
1914441.0,0.07373,-1.785156,1.03125,-0.036505,0.083136,-0.009326,chewing,0.725000,30.000,non_chewing
1914451.0,0.069336,-1.789063,1.037109,-0.042101,0.067948,-0.005596,chewing,0.725000,30.000,non_chewing
1914461.0,0.080078,-1.791992,1.038086,-0.034374,0.056224,0.017587,chewing,0.725000,30.000,non_chewing
1914471.0,0.081055,-1.782227,1.042969,-0.042634,0.007994,0.001332,chewing,0.725000,30.000,non_chewing
1914481.0,0.081055,-1.790527,1.053223,-0.040769,0.002931,0.000799,chewing,0.725000,30.000,non_chewing
1914491.0,0.072754,-1.785156,1.056152,-0.031709,0.012257,0.001865,chewing,0.725000,30.000,non_chewing
1914501.0,0.068359,-1.78125,1.061035,0.003198,0.025847,0.00906,chewing,0.725000,30.000,non_chewing
1914511.0,0.074219,-1.790527,1.065918,0.009326,0.054891,0.011458,chewing,0.725000,30.000,non_chewing
1914521.0,0.084473,-1.793945,1.046387,0.00906,0.067149,0.026646,chewing,0.725000,30.000,non_chewing
1914531.0,0.081055,-1.812988,1.068848,0.011458,0.091397,0.019185,chewing,0.725000,30.000,non_chewing
1914541.0,0.10498,-1.811523,1.061523,0.014123,0.081271,-0.007994,chewing,0.725000,30.000,non_chewing
1914551.0,0.115234,-1.799805,1.048828,0.011724,0.063152,-0.061553,chewing,0.725000,30.000,non_chewing
1914561.0,0.109863,-1.789551,1.046387,0.009859,0.057822,-0.068481,chewing,0.725000,30.000,non_chewing
1914571.0,0.101074,-1.783691,1.025879,-0.011724,0.034374,-0.06102,chewing,0.725000,30.000,non_chewing
1914581.0,0.100586,-1.766602,1.001465,-0.020518,0.033841,-0.029044,chewing,0.725000,30.000,non_chewing
1914591.0,0.100586,-1.783691,0.999023,-0.030643,0.018119,0.01279,chewing,0.725000,30.000,non_chewing
1914601.0,0.09668,-1.778809,1.008789,-0.042101,0.036505,0.02558,chewing,0.725000,30.000,non_chewing
1914611.0,0.080566,-1.789551,1.003906,-0.04823,0.071678,0.046897,chewing,0.725000,30.000,non_chewing
1914621.0,0.077637,-1.782227,1.01123,-0.07008,0.031176,0.075675,chewing,0.725000,30.000,non_chewing
1914631.0,0.103027,-1.777344,1.034668,-0.0874,0.027446,0.06102,chewing,0.725000,30.000,non_chewing
1914641.0,0.092773,-1.782715,1.03418,-0.078606,0.02638,0.032508,chewing,0.725000,30.000,non_chewing
1914651.0,0.088379,-1.78125,1.038086,-0.077274,0.03544,0.012524,chewing,0.725000,30.000,non_chewing
1914661.0,0.075684,-1.773926,1.046387,-0.069813,0.045565,-0.004263,chewing,0.725000,30.000,non_chewing
1914671.0,0.074707,-1.777832,1.058105,-0.050361,0.063685,0.008527,chewing,0.725000,30.000,non_chewing
1914681.0,0.065918,-1.77832,1.045898,-0.02638,0.084469,0.037838,chewing,0.725000,30.000,non_chewing
1914691.0,0.080078,-1.788574,1.055176,-0.026646,0.066616,0.054358,chewing,0.725000,30.000,non_chewing
1914701.0,0.074707,-1.789063,1.050293,-0.022916,0.051427,0.058355,chewing,0.725000,30.000,non_chewing
1914711.0,0.071289,-1.787598,1.059082,-0.019718,0.051161,0.045832,chewing,0.725000,30.000,non_chewing
1914721.0,0.066406,-1.778809,1.041016,-0.028778,0.040236,0.041302,chewing,0.725000,30.000,non_chewing
1914731.0,0.054199,-1.773926,1.035645,-0.023182,0.038371,0.045565,chewing,0.725000,30.000,non_chewing
1914741.0,0.0625,-1.782227,1.057617,-0.025314,0.065283,0.05196,chewing,0.725000,30.000,non_chewing
1914751.0,0.051758,-1.788574,1.049805,-0.019985,0.070346,0.05196,chewing,0.725000,30.000,non_chewing
1914761.0,0.046387,-1.79541,1.053223,-0.018652,0.084469,0.046897,chewing,0.725000,30.000,non_chewing
1914771.0,0.055176,-1.799316,1.044922,-0.037305,0.088732,0.017587,chewing,0.725000,30.000,non_chewing
1914781.0,0.064941,-1.808105,1.050293,-0.040236,0.095926,-0.032775,chewing,0.725000,30.000,non_chewing
1914791.0,0.070312,-1.802734,1.047363,-0.041568,0.089531,-0.046098,chewing,0.725000,30.000,non_chewing
1914801.0,0.066406,-1.808105,1.047852,-0.035972,0.107384,-0.024781,chewing,0.725000,30.000,non_chewing
1914811.0,0.081543,-1.811035,1.034668,-0.058089,0.128701,-0.033841,chewing,0.725000,30.000,non_chewing
1914821.0,0.086426,-1.804199,1.019531,-0.056757,0.14842,-0.023449,chewing,0.725000,30.000,non_chewing
1914831.0,0.073242,-1.78418,1.016113,-0.080472,0.144156,0.0,chewing,0.725000,30.000,non_chewing
1914841.0,0.060059,-1.783203,1.018066,-0.090064,0.141492,0.017587,chewing,0.725000,30.000,non_chewing
1914851.0,0.053711,-1.776367,1.015625,-0.093262,0.127902,0.051427,chewing,0.725000,30.000,non_chewing
1914861.0,0.054199,-1.788086,1.025391,-0.094061,0.10019,0.081005,chewing,0.725000,30.000,non_chewing
1914871.0,0.061035,-1.788086,1.027832,-0.104453,0.084735,0.098858,chewing,0.725000,30.000,non_chewing
1914881.0,0.055176,-1.794434,1.037109,-0.099657,0.072478,0.108983,chewing,0.725000,30.000,non_chewing
1914891.0,0.080078,-1.804199,1.025879,-0.089265,0.072211,0.094328,chewing,0.725000,30.000,non_chewing
1914901.0,0.062012,-1.805664,1.032715,-0.095394,0.072478,0.114579,chewing,0.725000,30.000,non_chewing
1914911.0,0.054687,-1.794922,1.024902,-0.089265,0.043966,0.036772,chewing,0.725000,30.000,non_chewing
1914921.0,0.060547,-1.806152,1.024414,-0.107384,0.065017,0.018119,chewing,0.725000,30.000,non_chewing
1914931.0,0.050781,-1.791016,1.024414,-0.099923,0.070879,-0.011724,chewing,0.725000,30.000,non_chewing
1914941.0,0.068359,-1.791504,1.022461,-0.086067,0.082337,-0.042368,chewing,0.725000,30.000,non_chewing
1914951.0,0.062012,-1.788574,1.041504,-0.090064,0.108184,-0.01732,chewing,0.725000,30.000,non_chewing
1914961.0,0.054687,-1.78418,1.027832,-0.06475,0.094061,-0.02558,chewing,0.725000,30.000,non_chewing
1914971.0,0.047363,-1.793457,1.036621,-0.050628,0.122306,-0.009326,chewing,0.725000,30.000,non_chewing
1914981.0,0.03125,-1.800293,1.035645,-0.041035,0.115378,0.025314,chewing,0.725000,30.000,non_chewing
1914991.0,0.026367,-1.810059,1.021484,-0.031709,0.105519,0.02638,chewing,0.725000,30.000,non_chewing
1915001.0,0.033203,-1.805664,1.022949,-0.016254,0.089531,0.041835,chewing,0.725000,30.000,non_chewing
1915011.0,0.025391,-1.816895,1.04248,-0.000533,0.076475,0.060487,chewing,0.725000,30.000,non_chewing
1915021.0,0.033691,-1.810059,1.029785,-0.001332,0.070879,0.055158,chewing,0.725000,30.000,non_chewing
1915031.0,0.036621,-1.807617,1.041504,-0.000533,0.078074,0.053026,chewing,0.725000,57.692,non_chewing
1915041.0,0.045898,-1.80127,1.039063,0.01279,0.058622,0.05196,chewing,0.725000,57.692,non_chewing
1915051.0,0.037598,-1.789551,1.029297,0.006662,0.057822,0.00373,chewing,0.725000,57.692,non_chewing
1915061.0,0.036133,-1.780273,1.016113,0.00373,0.043167,-0.029844,chewing,0.725000,57.692,non_chewing
1915071.0,0.041016,-1.794434,1.04834,0.018119,0.044766,-0.057556,chewing,0.725000,57.692,non_chewing
1915081.0,0.034668,-1.791504,1.038574,0.033041,0.056757,-0.079406,chewing,0.725000,57.692,non_chewing
1915091.0,0.038574,-1.785156,1.013184,0.018119,0.042368,-0.068481,chewing,0.725000,57.692,non_chewing
1915101.0,0.054687,-1.795898,1.047363,0.015455,0.009859,-0.042368,chewing,0.725000,57.692,non_chewing
1915111.0,0.0625,-1.810547,1.052734,0.022383,0.001066,-0.04743,chewing,0.725000,57.692,non_chewing
1915121.0,0.068359,-1.807617,1.032227,0.029844,-0.033308,-0.046098,chewing,0.725000,57.692,non_chewing
1915131.0,0.063965,-1.805176,1.022461,0.051694,-0.038637,-0.036772,chewing,0.725000,57.692,non_chewing
1915141.0,0.0625,-1.794922,1.004395,0.063685,-0.029311,-0.00826,chewing,0.725000,57.692,non_chewing
1915151.0,0.049805,-1.791016,1.026367,0.057289,-0.033574,0.005063,chewing,0.725000,57.692,non_chewing
1915161.0,0.041992,-1.804688,1.023926,0.043433,-0.028511,0.036505,chewing,0.725000,57.692,non_chewing
1915171.0,0.04541,-1.785156,1.021973,0.038371,-0.023449,0.021583,chewing,0.725000,57.692,non_chewing
1915181.0,0.04834,-1.794922,1.01416,0.035706,-0.014389,0.016254,chewing,0.725000,57.692,non_chewing
1915191.0,0.045898,-1.790527,1.026855,0.029044,0.009593,0.038371,chewing,0.725000,57.692,non_chewing
1915201.0,0.05957,-1.783691,1.04541,0.030643,0.037571,-0.014389,chewing,0.725000,57.692,non_chewing
1915211.0,0.05127,-1.780273,1.030762,0.03011,0.042101,-0.072211,chewing,0.725000,57.692,non_chewing
1915221.0,0.051758,-1.779785,1.033203,0.023182,0.030377,-0.087133,chewing,0.725000,57.692,non_chewing
1915231.0,0.044922,-1.786621,1.044434,0.02558,0.023449,-0.062352,chewing,0.725000,57.692,non_chewing
1915241.0,0.04834,-1.783691,1.036621,0.029044,0.024781,-0.072744,chewing,0.725000,57.692,non_chewing
1915251.0,0.059082,-1.788574,1.05127,0.041835,0.015188,-0.069014,chewing,0.725000,57.692,non_chewing
1915261.0,0.069336,-1.786621,1.068848,0.008527,-0.021051,-0.038104,chewing,0.725000,57.692,non_chewing
1915271.0,0.064941,-1.794922,1.070313,0.027179,-0.018919,-0.055691,chewing,0.725000,57.692,non_chewing
1915281.0,0.075195,-1.778809,1.026367,0.039969,-0.00826,-0.084735,chewing,0.725000,57.692,non_chewing
1915291.0,0.058105,-1.760254,1.022949,0.016254,-0.02185,-0.069547,chewing,0.725000,57.692,non_chewing
1915301.0,0.075684,-1.791016,1.078613,-0.011191,-0.014655,-0.035972,chewing,0.725000,57.692,non_chewing
1915311.0,0.099609,-1.796875,1.071777,0.001066,-0.006928,-0.045032,chewing,0.725000,57.692,non_chewing
1915321.0,0.086426,-1.814941,1.065918,0.005329,0.01359,-0.052493,chewing,0.725000,57.692,non_chewing
1915331.0,0.091797,-1.799316,1.033691,0.011191,0.011724,-0.045565,chewing,0.725000,57.692,non_chewing
1915341.0,0.085449,-1.793457,1.023926,0.021051,0.023182,-0.036505,chewing,0.725000,57.692,non_chewing
1915351.0,0.08252,-1.766113,1.001465,0.004796,0.015988,-0.030643,chewing,0.725000,57.692,non_chewing
1915361.0,0.074219,-1.769531,0.994629,-0.015188,0.036239,0.002931,chewing,0.725000,57.692,non_chewing
1915371.0,0.074219,-1.77832,1.046875,-0.057822,0.00906,0.041035,chewing,0.725000,57.692,non_chewing
1915381.0,0.089355,-1.817871,1.061035,-0.019718,0.023182,0.001865,chewing,0.725000,57.692,non_chewing
1915391.0,0.075195,-1.760254,1.01709,-0.019718,0.00453,-0.025047,chewing,0.725000,57.692,non_chewing
1915401.0,0.068359,-1.773438,1.042969,-0.040502,-0.01732,-0.016787,chewing,0.725000,57.692,non_chewing
1915411.0,0.068359,-1.79834,1.084473,-0.009326,-0.003464,0.003198,chewing,0.725000,57.692,non_chewing
1915421.0,0.067871,-1.78418,1.041016,0.011458,0.011724,0.036239,chewing,0.725000,57.692,non_chewing
1915431.0,0.067383,-1.769043,1.008789,0.006662,0.023449,0.05276,chewing,0.725000,57.692,non_chewing
1915441.0,0.058594,-1.777832,1.043945,-0.008793,-0.011191,0.090331,chewing,0.725000,57.692,non_chewing
1915451.0,0.070312,-1.782227,1.077637,-0.024515,-0.015721,0.094061,chewing,0.725000,57.692,non_chewing
1915461.0,0.070801,-1.805664,1.076172,-0.009593,-0.018919,0.098858,chewing,0.725000,57.692,non_chewing
1915471.0,0.0625,-1.790527,1.038086,0.004796,-0.013856,0.091663,chewing,0.725000,57.692,non_chewing
1915481.0,0.066406,-1.762695,1.035156,0.00453,-0.009326,0.085801,chewing,0.725000,57.692,non_chewing
1915491.0,0.056641,-1.781738,1.027344,-0.007194,-0.00373,0.067149,chewing,0.725000,57.692,non_chewing
1915501.0,0.042969,-1.774414,1.012207,-0.022916,-0.011991,0.050894,chewing,0.725000,57.692,non_chewing
1915511.0,0.039063,-1.770996,1.02832,-0.048496,0.001332,0.063152,chewing,0.725000,57.692,non_chewing
1915521.0,0.020996,-1.779297,1.046875,-0.042368,-0.005063,0.115911,chewing,0.725000,57.692,non_chewing
1915531.0,0.066406,-1.776855,1.032715,-0.053026,0.012524,0.118043,chewing,0.725000,57.692,non_chewing
1915541.0,0.061035,-1.804199,1.040039,-0.039969,0.03091,0.086067,chewing,0.725000,57.692,non_chewing
1915551.0,0.049316,-1.8125,1.040039,-0.043167,0.035173,0.053559,chewing,0.725000,57.692,non_chewing
1915561.0,0.04541,-1.791504,1.030273,-0.043433,0.029044,0.016521,chewing,0.725000,57.692,non_chewing
1915571.0,0.042969,-1.80957,1.035645,-0.048763,0.026913,-0.007994,chewing,0.725000,57.692,non_chewing
1915581.0,0.043945,-1.812988,1.033691,-0.016254,0.041302,-0.00373,chewing,0.725000,57.692,non_chewing
1915591.0,0.034668,-1.791504,1.029297,-0.018919,0.041302,-0.010658,chewing,0.725000,57.692,non_chewing
1915601.0,0.027344,-1.786621,1.036621,-0.022116,0.058622,0.019452,chewing,0.725000,57.692,non_chewing
1915611.0,0.032227,-1.770508,1.041504,-0.043167,0.044233,0.005862,chewing,0.725000,57.692,non_chewing
1915621.0,0.03125,-1.809082,1.045898,-0.04823,0.073544,0.046364,chewing,0.725000,57.692,non_chewing
1915631.0,0.056641,-1.794434,1.029297,-0.035972,0.085534,0.088199,chewing,0.725000,57.692,non_chewing
1915641.0,0.061523,-1.80127,1.04541,-0.050628,0.090331,0.059688,chewing,0.725000,57.692,non_chewing
1915651.0,0.068359,-1.782227,1.045898,-0.098058,0.167338,0.038637,chewing,0.725000,57.692,non_chewing
1915661.0,0.062012,-1.786133,1.066406,-0.143623,0.10845,0.050894,chewing,0.725000,57.692,non_chewing
1915671.0,0.11084,-1.786621,1.060547,-0.136429,0.144156,0.074876,chewing,0.725000,57.692,non_chewing
1915681.0,0.066895,-1.79834,1.044434,-0.088998,0.089265,0.137761,chewing,0.725000,57.692,non_chewing
1915691.0,0.064941,-1.794922,1.036133,-0.103121,0.097792,0.181727,chewing,0.725000,57.692,non_chewing
1915701.0,0.039063,-1.776367,1.024902,-0.07008,0.012257,0.42181,chewing,0.725000,57.692,non_chewing
1915711.0,0.032227,-1.731934,1.037598,-0.078606,0.047697,0.480965,chewing,0.725000,57.692,non_chewing
1915721.0,0.132324,-1.842285,1.033691,-0.02185,-0.074876,0.397029,chewing,0.725000,57.692,non_chewing
1915731.0,0.018066,-1.828613,1.057129,-0.049296,-0.104986,0.568631,chewing,0.725000,57.692,non_chewing
1915741.0,0.063477,-1.783691,1.067871,0.002931,-0.111648,0.488959,chewing,0.725000,57.692,non_chewing
1915751.0,0.087891,-1.71582,1.112305,-0.314426,-0.31256,0.710389,chewing,0.725000,57.692,non_chewing
1915761.0,0.05957,-1.737793,1.046875,0.035706,-0.104453,0.257936,chewing,0.725000,57.692,non_chewing
1915771.0,0.032715,-1.801758,1.056641,0.005596,-0.110315,0.214769,chewing,0.725000,57.692,non_chewing
1915781.0,0.029785,-1.780762,1.050781,0.038637,-0.037038,0.098325,chewing,0.725000,57.692,non_chewing
1915791.0,0.035645,-1.791992,1.035645,0.031176,-0.027979,0.016254,chewing,0.725000,57.692,non_chewing
1915801.0,0.039551,-1.768066,1.039551,0.065283,-0.043966,0.00373,chewing,0.725000,57.692,non_chewing
1915811.0,0.030273,-1.802734,1.043945,0.046098,-0.038904,0.071945,chewing,0.725000,57.692,non_chewing
1915821.0,0.04541,-1.769043,1.025391,0.115645,-0.107118,0.099124,chewing,0.725000,57.692,non_chewing
1915831.0,0.027832,-1.808105,1.020996,0.117776,-0.071678,0.189988,chewing,0.725000,57.692,non_chewing
1915841.0,0.015137,-1.78418,1.02002,0.114579,-0.060487,0.247277,chewing,0.725000,57.692,non_chewing
1915851.0,-0.00293,-1.77832,1.041016,0.131632,-0.079939,0.2169,chewing,0.725000,57.692,non_chewing
1915861.0,0.001465,-1.777832,1.049805,0.120708,-0.071145,0.175865,chewing,0.725000,57.692,non_chewing
1915871.0,0.020996,-1.757324,1.052734,0.133764,-0.006928,0.14762,chewing,0.725000,57.692,non_chewing
1915881.0,-0.000488,-1.77832,1.046387,0.143357,0.034374,0.189721,chewing,0.725000,57.692,non_chewing
1915891.0,0.006348,-1.781738,1.050781,0.115911,0.055158,0.124704,chewing,0.725000,57.692,non_chewing
1915901.0,0.048828,-1.778809,1.037598,0.113513,0.035972,0.138028,chewing,0.725000,57.692,non_chewing
1915911.0,0.049316,-1.770996,1.049805,0.101256,-0.026913,0.084735,chewing,0.725000,57.692,non_chewing
1915921.0,0.021484,-1.781738,1.025879,0.051427,-0.08287,-0.026646,chewing,0.725000,57.692,non_chewing
1915931.0,-0.069336,-1.791504,1.03125,0.015721,-0.093262,-0.118043,chewing,0.725000,57.692,non_chewing
1915941.0,0.024414,-1.746094,1.021484,0.006395,0.01732,-0.096459,chewing,0.725000,57.692,non_chewing
1915951.0,-0.016113,-1.763672,1.051758,0.017054,0.066616,-0.062885,chewing,0.725000,57.692,non_chewing
1915961.0,0.009766,-1.782227,1.036621,-0.015988,0.142557,-0.006395,chewing,0.725000,57.692,non_chewing
1915971.0,0.001465,-1.787598,1.046875,-0.033308,0.150818,-0.023982,chewing,0.725000,57.692,non_chewing
1915981.0,0.068359,-1.775391,1.044922,-0.053825,0.202245,-0.049296,chewing,0.725000,57.692,non_chewing
1915991.0,0.015625,-1.787109,1.04541,-0.041302,0.174533,-0.010392,chewing,0.725000,57.692,non_chewing
1916001.0,0.016113,-1.797363,1.063965,-0.084202,0.172135,-0.010658,chewing,0.725000,57.692,non_chewing
1916011.0,0.017578,-1.802734,1.041016,-0.075409,0.150818,-0.073011,chewing,0.725000,57.692,non_chewing
1916021.0,0.000977,-1.800293,1.04541,-0.067415,0.166539,-0.071678,chewing,0.725000,57.692,non_chewing
1916031.0,-0.010742,-1.779297,1.066895,-0.065017,0.139093,-0.073544,chewing,0.725000,57.692,non_chewing
1916041.0,-0.004883,-1.771973,1.047363,-0.063152,0.169204,-0.058355,chewing,0.725000,57.692,non_chewing
1916051.0,-0.004395,-1.776367,1.065918,-0.049562,0.190787,-0.014123,chewing,0.725000,57.692,non_chewing
1916061.0,0.01123,-1.787598,1.066895,-0.049029,0.206508,0.013323,chewing,0.725000,57.692,non_chewing
1916071.0,0.030273,-1.791016,1.058105,-0.067681,0.217966,-0.002931,chewing,0.725000,57.692,non_chewing
1916081.0,0.026855,-1.801758,1.064453,-0.063152,0.219565,-0.041035,chewing,0.725000,57.692,non_chewing
1916091.0,0.033691,-1.807129,1.043945,-0.061553,0.201446,-0.068481,chewing,0.725000,57.692,non_chewing
1916101.0,0.024902,-1.796387,1.058594,-0.071412,0.206242,-0.07008,chewing,0.725000,57.692,non_chewing
1916111.0,0.026367,-1.796875,1.04248,-0.078606,0.19958,-0.063685,chewing,0.725000,57.692,non_chewing
1916121.0,0.035645,-1.799316,1.04248,-0.106319,0.178796,-0.076208,chewing,1.000000,51.282,non_chewing
1916131.0,0.024902,-1.793945,1.032715,-0.134297,0.199314,-0.080472,chewing,1.000000,51.282,non_chewing
1916141.0,0.029785,-1.781738,1.038086,-0.139626,0.190787,-0.080738,chewing,1.000000,51.282,non_chewing
1916151.0,0.027344,-1.772949,1.052246,-0.139893,0.194518,-0.09193,chewing,1.000000,51.282,non_chewing
1916161.0,0.015137,-1.774902,1.048828,-0.143623,0.160144,-0.100723,chewing,1.000000,51.282,non_chewing
1916171.0,0.029785,-1.764648,1.026855,-0.156147,0.166273,-0.064217,chewing,1.000000,51.282,non_chewing
1916181.0,0.032715,-1.778809,1.022949,-0.147887,0.173734,-0.047164,chewing,1.000000,51.282,non_chewing
1916191.0,0.023926,-1.793945,1.031738,-0.123106,0.145755,-0.020251,chewing,1.000000,51.282,non_chewing
1916201.0,0.019043,-1.797852,1.058105,-0.087666,0.110049,-0.00373,chewing,1.000000,51.282,non_chewing
1916211.0,0.010742,-1.792969,1.066406,-0.055957,0.087133,-0.011991,chewing,1.000000,51.282,non_chewing
1916221.0,-0.009766,-1.779297,1.069824,-0.032242,0.08207,0.017587,chewing,1.000000,51.282,non_chewing
1916231.0,-0.020996,-1.772949,1.056152,-0.019985,0.073011,-0.003198,chewing,1.000000,51.282,non_chewing
1916241.0,-0.014648,-1.768066,1.05127,-0.004263,0.054625,0.01279,chewing,1.000000,51.282,non_chewing
1916251.0,-0.013672,-1.776855,1.062012,0.033841,0.084469,0.027179,chewing,1.000000,51.282,non_chewing
1916261.0,-0.019531,-1.78125,1.05957,0.039703,0.077274,0.010925,chewing,1.000000,51.282,non_chewing
1916271.0,-0.010742,-1.77002,1.063477,0.046897,0.045032,-0.021583,chewing,1.000000,51.282,non_chewing
1916281.0,-0.005371,-1.77832,1.050781,0.067415,0.039436,-0.044499,chewing,1.000000,51.282,non_chewing
1916291.0,-0.008789,-1.766602,1.0625,0.064484,0.02638,-0.03464,chewing,1.000000,51.282,non_chewing
1916301.0,-0.009277,-1.757324,1.067383,0.06555,0.042634,-0.038104,chewing,1.000000,51.282,non_chewing
1916311.0,-0.010742,-1.755859,1.076172,0.075409,0.013856,-0.032242,chewing,1.000000,51.282,non_chewing
1916321.0,0.00293,-1.756348,1.062988,0.06928,0.000266,-0.007727,chewing,1.000000,51.282,non_chewing
1916331.0,0.013184,-1.789551,1.057617,0.049562,-0.017587,0.014655,chewing,1.000000,51.282,non_chewing
1916341.0,0.024414,-1.794434,1.070313,0.057289,-0.015188,0.050894,chewing,1.000000,51.282,non_chewing
1916351.0,0.023926,-1.791016,1.041992,0.03917,-0.024248,0.027712,chewing,1.000000,51.282,non_chewing
1916361.0,0.018555,-1.796875,1.052246,0.019718,-0.02558,-0.002665,chewing,1.000000,51.282,non_chewing
1916371.0,0.006836,-1.800293,1.047363,0.007461,-0.042634,-0.020251,chewing,1.000000,51.282,non_chewing
1916381.0,0.002441,-1.801758,1.054199,0.007461,-0.017853,-0.009859,chewing,1.000000,51.282,non_chewing
1916391.0,-0.002441,-1.797363,1.04248,-0.003464,-0.00906,-0.026913,chewing,1.000000,51.282,non_chewing
1916401.0,-0.006348,-1.787109,1.037598,-0.013057,-0.003997,-0.031443,chewing,1.000000,51.282,non_chewing
1916411.0,-0.011719,-1.784668,1.032715,-0.037838,0.035972,-0.024248,chewing,1.000000,51.282,non_chewing
1916421.0,-0.015137,-1.783203,1.022949,-0.056224,0.068747,-0.038371,chewing,1.000000,51.282,non_chewing
1916431.0,0.003418,-1.80127,1.031738,-0.063685,0.096193,-0.022649,chewing,1.000000,51.282,non_chewing
1916441.0,0.023437,-1.804688,1.032227,-0.062885,0.116711,-0.007461,chewing,1.000000,51.282,non_chewing
1916451.0,0.012207,-1.79834,1.038086,-0.07381,0.105519,-0.058089,chewing,1.000000,51.282,non_chewing
1916461.0,0.023437,-1.790039,1.03418,-0.075409,0.09193,-0.077274,chewing,1.000000,51.282,non_chewing
1916471.0,0.013184,-1.794922,1.036133,-0.077008,0.10019,-0.089531,chewing,1.000000,51.282,non_chewing
1916481.0,0.002441,-1.783203,1.049805,-0.069813,0.114579,-0.104453,chewing,1.000000,51.282,non_chewing
1916491.0,0.021484,-1.793457,1.045898,-0.06475,0.130567,-0.10845,chewing,1.000000,51.282,non_chewing
1916501.0,0.032227,-1.802734,1.050293,-0.054891,0.158812,-0.109783,chewing,1.000000,51.282,non_chewing
1916511.0,0.023437,-1.794922,1.053223,-0.06102,0.150551,-0.139093,chewing,1.000000,51.282,non_chewing
1916521.0,0.030273,-1.801758,1.065918,-0.075942,0.147354,-0.17027,chewing,1.000000,51.282,non_chewing
1916531.0,0.025879,-1.805664,1.058105,-0.061553,0.139626,-0.153216,chewing,1.000000,51.282,non_chewing
1916541.0,0.027832,-1.804199,1.080566,-0.050361,0.114312,-0.114312,chewing,1.000000,51.282,non_chewing
1916551.0,0.01123,-1.808105,1.069824,-0.033308,0.114845,-0.092995,chewing,1.000000,51.282,non_chewing
1916561.0,0.001953,-1.79541,1.074707,-0.013323,0.094861,-0.061553,chewing,1.000000,51.282,non_chewing
1916571.0,0.000977,-1.789063,1.077148,0.005596,0.092729,-0.031176,chewing,1.000000,51.282,non_chewing
1916581.0,-0.002441,-1.776855,1.080566,0.018919,0.095127,0.007994,chewing,1.000000,51.282,non_chewing
1916591.0,-0.009277,-1.786621,1.077637,0.036772,0.095926,-0.010925,chewing,1.000000,51.282,non_chewing
1916601.0,0.006836,-1.80127,1.07666,0.0437,0.102855,-0.013323,chewing,1.000000,51.282,non_chewing
1916611.0,0.021973,-1.801758,1.057617,0.030377,0.109783,-0.010925,chewing,1.000000,51.282,non_chewing
1916621.0,0.035156,-1.796387,1.053223,0.026646,0.085268,-0.036505,chewing,1.000000,51.282,non_chewing
1916631.0,0.033203,-1.796875,1.043945,0.001332,0.061819,-0.050095,chewing,1.000000,51.282,non_chewing
1916641.0,0.038574,-1.779785,1.052246,-0.019985,0.058355,-0.047697,chewing,1.000000,51.282,non_chewing
1916651.0,0.028809,-1.768066,1.038086,-0.027979,0.054358,-0.033841,chewing,1.000000,51.282,non_chewing
1916661.0,0.025391,-1.768066,1.04541,-0.046364,0.049562,0.014389,chewing,1.000000,51.282,non_chewing
1916671.0,0.038574,-1.769043,1.048828,-0.042634,0.03917,0.011991,chewing,1.000000,51.282,non_chewing
1916681.0,0.041504,-1.786621,1.060059,-0.03917,0.037305,0.025314,chewing,1.000000,51.282,non_chewing
1916691.0,0.039063,-1.77832,1.058105,-0.045832,0.018652,0.023715,chewing,1.000000,51.282,non_chewing
1916701.0,0.02002,-1.771973,1.048828,-0.033841,-0.003997,0.042634,chewing,1.000000,51.282,non_chewing
1916711.0,0.027832,-1.794434,1.038086,-0.019718,-0.011191,0.051161,chewing,1.000000,51.282,non_chewing
1916721.0,0.023437,-1.772461,1.050781,-0.012524,-0.023982,0.047697,chewing,1.000000,51.282,non_chewing
1916731.0,0.009277,-1.780762,1.046387,-0.007461,-0.010658,0.034374,chewing,1.000000,51.282,non_chewing
1916741.0,0.02002,-1.775391,1.04248,-0.01279,-0.026646,0.006395,chewing,1.000000,51.282,non_chewing
1916751.0,0.010742,-1.786133,1.04834,-0.016787,0.002398,0.023182,chewing,1.000000,51.282,non_chewing
1916761.0,0.003418,-1.789551,1.061035,-0.006129,0.030643,-0.001332,chewing,1.000000,51.282,non_chewing
1916771.0,0.009766,-1.785645,1.051758,-0.015988,0.032775,-0.007727,chewing,1.000000,51.282,non_chewing
1916781.0,0.012207,-1.775879,1.037598,-0.03011,0.034107,-0.024248,chewing,1.000000,51.282,non_chewing
1916791.0,0.007324,-1.775879,1.053711,-0.037038,0.062352,-0.024781,chewing,1.000000,51.282,non_chewing
1916801.0,0.009277,-1.777344,1.029785,-0.055158,0.074077,-0.029044,chewing,1.000000,51.282,non_chewing
1916811.0,0.021973,-1.772949,1.015625,-0.073277,0.102055,-0.013856,chewing,1.000000,51.282,non_chewing
1916821.0,0.015137,-1.777344,1.022949,-0.063418,0.10472,-0.007461,chewing,1.000000,51.282,non_chewing
1916831.0,0.012695,-1.779785,1.038574,-0.062352,0.099923,0.012524,chewing,1.000000,51.282,non_chewing
1916841.0,0.01416,-1.778809,1.038086,-0.061553,0.0874,0.001066,chewing,1.000000,51.282,non_chewing
1916851.0,0.012695,-1.785645,1.049805,-0.042101,0.09193,-0.017054,chewing,1.000000,51.282,non_chewing
1916861.0,0.003418,-1.789063,1.049316,-0.027446,0.089798,-0.010126,chewing,1.000000,51.282,non_chewing
1916871.0,0.0,-1.790039,1.064453,-0.009859,0.091663,-0.012257,chewing,1.000000,51.282,non_chewing
1916881.0,-0.003906,-1.772461,1.060547,0.00453,0.068747,-0.027712,chewing,1.000000,51.282,non_chewing
1916891.0,-0.004395,-1.767578,1.064453,-0.009859,0.071412,-0.016787,chewing,1.000000,51.282,non_chewing
1916901.0,0.01123,-1.773926,1.067871,0.006928,0.055957,-0.026113,chewing,1.000000,51.282,non_chewing
1916911.0,0.028809,-1.77832,1.053223,-0.005596,0.037838,-0.043966,chewing,1.000000,51.282,non_chewing
1916921.0,0.035645,-1.779297,1.061035,-0.015988,0.026113,-0.02185,chewing,1.000000,51.282,non_chewing
1916931.0,0.025879,-1.764648,1.043457,-0.000533,0.010126,-0.024515,chewing,1.000000,51.282,non_chewing
1916941.0,0.019531,-1.758789,1.04248,-0.010126,-0.005862,-0.027712,chewing,1.000000,51.282,non_chewing
1916951.0,0.020508,-1.758789,1.037598,0.0,-0.02638,-0.013323,chewing,1.000000,51.282,non_chewing
1916961.0,0.019043,-1.752441,1.037109,0.003464,-0.027712,0.007194,chewing,1.000000,51.282,non_chewing
1916971.0,0.018555,-1.773438,1.039551,0.005329,-0.031176,0.006928,chewing,1.000000,51.282,non_chewing
1916981.0,0.019531,-1.775879,1.060059,0.005596,-0.038637,-0.013323,chewing,1.000000,51.282,non_chewing
1916991.0,0.016602,-1.794434,1.07666,-0.009593,-0.031975,-0.020518,chewing,1.000000,51.282,non_chewing
1917001.0,0.013672,-1.789063,1.054199,-0.012524,-0.027446,-0.024248,chewing,1.000000,51.282,non_chewing
1917011.0,0.007324,-1.760254,1.038086,-0.030643,-0.015455,-0.005862,chewing,1.000000,51.282,non_chewing
1917021.0,0.020508,-1.780273,1.048828,-0.046897,0.016521,0.011991,chewing,1.000000,51.282,non_chewing
1917031.0,0.033691,-1.788086,1.066895,-0.061553,0.037038,0.035706,chewing,1.000000,51.282,non_chewing
1917041.0,0.035645,-1.794922,1.055664,-0.057556,0.067681,-0.005329,chewing,1.000000,51.282,non_chewing
1917051.0,0.021973,-1.790039,1.051758,-0.047697,0.073277,0.004796,chewing,1.000000,51.282,non_chewing
1917061.0,0.023437,-1.777832,1.053711,-0.053026,0.081804,0.011458,chewing,1.000000,51.282,non_chewing
1917071.0,0.019043,-1.779785,1.039551,-0.049828,0.08287,0.026913,chewing,1.000000,51.282,non_chewing
1917081.0,0.013672,-1.790039,1.038086,-0.043167,0.098858,0.046364,chewing,1.000000,51.282,non_chewing
1917091.0,0.018555,-1.783691,1.020996,-0.051427,0.076208,0.034107,chewing,1.000000,51.282,non_chewing
1917101.0,0.013672,-1.783691,1.020996,-0.044233,0.069014,0.073544,chewing,1.000000,51.282,non_chewing
1917111.0,0.017578,-1.783691,1.027832,-0.061286,0.07834,0.087933,chewing,1.000000,74.534,non_chewing
1917121.0,0.01416,-1.779785,1.035645,-0.068481,0.066616,0.120441,chewing,1.000000,74.534,non_chewing
1917131.0,0.014648,-1.787598,1.057129,-0.070879,0.049828,0.108717,chewing,1.000000,74.534,non_chewing
1917141.0,0.000977,-1.794434,1.069824,-0.08287,0.045565,0.090597,chewing,1.000000,74.534,non_chewing
1917151.0,0.009277,-1.788086,1.068848,-0.076208,0.045032,0.073011,chewing,1.000000,74.534,non_chewing
1917161.0,0.01416,-1.791016,1.073242,-0.083136,0.027979,0.05196,chewing,1.000000,74.534,non_chewing
1917171.0,0.014648,-1.791016,1.048828,-0.069813,0.033574,0.028778,chewing,1.000000,74.534,non_chewing
1917181.0,0.000977,-1.803223,1.052734,-0.059155,0.024515,0.015721,chewing,1.000000,74.534,non_chewing
1917191.0,0.004883,-1.793457,1.046387,-0.057822,0.019185,-0.004796,chewing,1.000000,74.534,non_chewing
1917201.0,0.0,-1.789551,1.052246,-0.064484,0.008527,-0.024515,chewing,1.000000,74.534,non_chewing
1917211.0,0.003418,-1.78418,1.044922,-0.075409,-0.005063,-0.040236,chewing,1.000000,74.534,non_chewing
1917221.0,-0.004883,-1.793945,1.047363,-0.069014,-0.016254,-0.053026,chewing,1.000000,74.534,non_chewing
1917231.0,-0.004883,-1.790039,1.041016,-0.072478,-0.007727,-0.029044,chewing,1.000000,74.534,non_chewing
1917241.0,-0.004395,-1.80127,1.04834,-0.050894,-0.010658,0.002398,chewing,1.000000,74.534,non_chewing
1917251.0,0.007324,-1.800293,1.05127,-0.040769,-0.007727,-0.013323,chewing,1.000000,74.534,non_chewing
1917261.0,0.008789,-1.809082,1.048828,-0.029577,-0.029044,-0.031443,chewing,1.000000,74.534,non_chewing
1917271.0,0.000488,-1.793945,1.033203,-0.01359,-0.027712,-0.03917,chewing,1.000000,74.534,non_chewing
1917281.0,0.007324,-1.78418,1.036621,-0.007727,-0.023182,-0.013323,chewing,1.000000,74.534,non_chewing
1917291.0,0.006348,-1.805664,1.043945,-0.005329,-0.016254,-0.01359,chewing,1.000000,74.534,non_chewing
1917301.0,0.0,-1.814453,1.040527,0.017587,-0.031443,-0.010126,chewing,1.000000,74.534,non_chewing
1917311.0,-0.01123,-1.797852,1.041992,0.012257,-0.00826,-0.03917,chewing,1.000000,74.534,non_chewing
1917321.0,-0.008301,-1.796387,1.023926,0.033308,-0.020784,-0.054891,chewing,1.000000,74.534,non_chewing
1917331.0,0.006836,-1.787598,1.032227,0.020251,-0.01279,-0.038904,chewing,1.000000,74.534,non_chewing
1917341.0,0.016602,-1.792969,1.040039,0.014655,-0.011458,-0.047164,chewing,1.000000,74.534,non_chewing
1917351.0,0.016602,-1.788086,1.01709,-0.005596,0.02185,-0.083936,chewing,1.000000,74.534,non_chewing
1917361.0,0.024414,-1.791992,1.03418,-0.02638,0.052493,-0.078606,chewing,1.000000,74.534,non_chewing
1917371.0,0.004883,-1.794922,1.028809,-0.043433,0.058089,-0.107118,chewing,1.000000,74.534,non_chewing
1917381.0,0.013184,-1.78418,1.033691,-0.047963,0.073011,-0.106319,chewing,1.000000,74.534,non_chewing
1917391.0,0.01709,-1.782227,1.036621,-0.055158,0.073011,-0.080472,chewing,1.000000,74.534,non_chewing
1917401.0,0.007813,-1.780273,1.046387,-0.075142,0.072744,-0.054891,chewing,1.000000,74.534,non_chewing
1917411.0,0.013672,-1.779297,1.03125,-0.077008,0.077807,-0.049296,chewing,1.000000,74.534,non_chewing
1917421.0,0.019531,-1.790527,1.046387,-0.089265,0.096193,-0.036239,chewing,1.000000,74.534,non_chewing
1917431.0,0.005859,-1.799316,1.033203,-0.098325,0.129501,-0.005329,chewing,1.000000,74.534,non_chewing
1917441.0,0.000977,-1.788086,1.047363,-0.066616,0.107384,0.004796,chewing,1.000000,74.534,non_chewing
1917451.0,0.009277,-1.776855,1.067871,-0.072744,0.159877,0.013323,chewing,1.000000,74.534,non_chewing
1917461.0,0.020996,-1.780273,1.050781,-0.052493,0.167072,0.003464,chewing,1.000000,74.534,non_chewing
1917471.0,0.029785,-1.77832,1.056152,-0.054358,0.17773,-0.051161,chewing,1.000000,74.534,non_chewing
1917481.0,0.036621,-1.782715,1.041992,-0.030643,0.171868,-0.108983,chewing,1.000000,74.534,non_chewing
1917491.0,0.041992,-1.760254,1.064941,-0.033841,0.16041,-0.139893,chewing,1.000000,74.534,non_chewing
1917501.0,0.044922,-1.753906,1.053223,-0.02558,0.141492,-0.155348,chewing,1.000000,74.534,non_chewing
1917511.0,0.044922,-1.76709,1.047363,0.010925,0.104986,-0.104187,chewing,1.000000,74.534,non_chewing
1917521.0,0.050781,-1.762695,1.04834,0.002665,0.068214,-0.061286,chewing,1.000000,74.534,non_chewing
1917531.0,0.042969,-1.765625,1.05957,0.011458,0.026913,-0.030643,chewing,1.000000,74.534,non_chewing
1917541.0,0.042969,-1.776367,1.049805,0.031176,-0.014389,0.041302,chewing,1.000000,74.534,non_chewing
1917551.0,0.050293,-1.779785,1.04248,0.038904,-0.033841,0.086334,chewing,1.000000,74.534,non_chewing
1917561.0,0.041992,-1.774414,1.051758,0.044233,-0.073011,0.082603,chewing,1.000000,74.534,non_chewing
1917571.0,0.035645,-1.782715,1.044922,0.043966,-0.086867,0.050095,chewing,1.000000,74.534,non_chewing
1917581.0,0.022461,-1.78125,1.043945,0.045565,-0.115645,0.042368,chewing,1.000000,74.534,non_chewing
1917591.0,0.01123,-1.77002,1.061523,0.034907,-0.119642,0.030643,chewing,1.000000,74.534,non_chewing
1917601.0,0.020996,-1.77832,1.053223,0.031975,-0.111381,0.015988,chewing,1.000000,74.534,non_chewing
1917611.0,0.029297,-1.774414,1.046875,0.03011,-0.120974,-0.010658,chewing,1.000000,74.534,non_chewing
1917621.0,0.026367,-1.780273,1.05127,-0.000533,-0.1303,-0.036239,chewing,1.000000,74.534,non_chewing
1917631.0,0.024414,-1.786621,1.043457,-0.008793,-0.141225,-0.03917,chewing,1.000000,74.534,non_chewing
1917641.0,0.080566,-1.814941,1.042969,-0.03917,-0.138827,-0.097259,chewing,1.000000,74.534,non_chewing
1917651.0,0.032715,-1.794434,1.046875,-0.057023,-0.259534,-0.033841,chewing,1.000000,74.534,non_chewing
1917661.0,-0.041016,-1.844238,1.04834,-0.0866,-0.267262,-0.003464,chewing,1.000000,74.534,non_chewing
1917671.0,0.038086,-1.793945,1.046875,-0.074077,-0.269127,0.010126,chewing,1.000000,74.534,non_chewing
1917681.0,0.013184,-1.795898,1.027832,-0.055957,-0.263531,0.096193,chewing,1.000000,74.534,non_chewing
1917691.0,0.040039,-1.795898,1.037598,-0.079406,-0.163608,0.232355,chewing,1.000000,74.534,non_chewing
1917701.0,0.045898,-1.821289,1.051758,-0.059421,-0.251807,0.261133,chewing,1.000000,74.534,non_chewing
1917711.0,0.030762,-1.846191,1.038086,-0.036505,-0.155348,0.218233,chewing,1.000000,74.534,non_chewing
1917721.0,0.050293,-1.70459,1.05127,-0.041035,-0.077274,0.20944,chewing,1.000000,74.534,non_chewing
1917731.0,0.025879,-1.749023,1.043457,-0.03917,-0.152417,0.189988,chewing,1.000000,74.534,non_chewing
1917741.0,0.017578,-1.779785,1.066406,-0.034907,-0.101789,0.163341,chewing,1.000000,74.534,non_chewing
1917751.0,0.044922,-1.77832,1.059082,-0.022916,0.032242,0.113779,chewing,1.000000,74.534,non_chewing
1917761.0,0.033203,-1.790527,1.033203,-0.033841,-0.05649,0.066083,chewing,1.000000,74.534,non_chewing
1917771.0,0.03125,-1.778809,1.005371,-0.023182,-0.024515,-0.016787,chewing,1.000000,74.534,non_chewing
1917781.0,0.016113,-1.761719,1.017578,-0.009593,0.010126,-0.034907,chewing,1.000000,74.534,non_chewing
1917791.0,-0.01416,-1.760742,1.022949,-0.019985,0.026113,-0.034107,chewing,1.000000,74.534,non_chewing
1917801.0,-0.013672,-1.759766,1.017578,-0.014655,0.036772,-0.005862,chewing,1.000000,74.534,non_chewing
1917811.0,0.010254,-1.76416,1.03125,-0.018652,0.051694,0.02638,chewing,1.000000,74.534,non_chewing
1917821.0,0.029297,-1.78418,1.018066,-0.021583,0.045565,0.010392,chewing,1.000000,74.534,non_chewing
1917831.0,0.016113,-1.797852,1.02832,-0.005063,0.04743,0.038904,chewing,1.000000,74.534,non_chewing
1917841.0,0.01416,-1.806641,1.03125,-0.002665,0.043433,0.024515,chewing,1.000000,74.534,non_chewing
1917851.0,0.010742,-1.795898,1.038574,0.012257,0.072744,0.012257,chewing,1.000000,74.534,non_chewing
1917861.0,0.018555,-1.801758,1.035156,0.015188,0.054358,-0.036239,chewing,1.000000,74.534,non_chewing
1917871.0,0.036133,-1.794922,1.017578,0.018919,0.031176,-0.061553,chewing,1.000000,74.534,non_chewing
1917881.0,0.029297,-1.795898,1.03125,-0.006129,0.015188,-0.093262,chewing,1.000000,74.534,non_chewing
1917891.0,0.012207,-1.79541,1.035645,-0.005329,0.017587,-0.067149,chewing,1.000000,74.534,non_chewing
1917901.0,0.005859,-1.795898,1.038086,0.012524,0.01359,-0.036239,chewing,1.000000,74.534,non_chewing
1917911.0,0.015625,-1.808105,1.036621,0.001066,0.011458,-0.012257,chewing,1.000000,74.534,non_chewing
1917921.0,0.024414,-1.799316,1.029785,0.00373,-0.006129,0.001066,chewing,1.000000,74.534,non_chewing
1917931.0,0.019531,-1.787109,1.035156,0.018386,-0.013856,-0.026646,chewing,1.000000,74.534,non_chewing
1917941.0,0.023437,-1.789063,1.054199,0.03544,-0.016521,-0.064484,chewing,1.000000,74.534,non_chewing
1917951.0,0.031738,-1.802246,1.056152,0.034907,0.033841,-0.044766,chewing,1.000000,74.534,non_chewing
1917961.0,0.050781,-1.779297,1.044922,0.014123,0.077008,-0.066349,chewing,1.000000,74.534,non_chewing
1917971.0,0.056641,-1.79834,1.057617,0.001865,0.116178,-0.113247,chewing,1.000000,74.534,non_chewing
1917981.0,0.050781,-1.806152,1.026367,-0.00453,0.145755,-0.120708,chewing,1.000000,74.534,non_chewing
1917991.0,0.05957,-1.776367,1.039063,-0.014123,0.161743,-0.161743,chewing,1.000000,74.534,non_chewing
1918001.0,0.080566,-1.726563,1.047363,-0.012524,0.134031,-0.164674,chewing,1.000000,74.534,non_chewing
1918011.0,0.063477,-1.769043,1.046387,-0.006928,0.125504,-0.155081,chewing,1.000000,74.534,non_chewing
1918021.0,0.057617,-1.782715,1.054199,-0.012524,0.115112,-0.135896,chewing,1.000000,74.534,non_chewing
1918031.0,0.053711,-1.769531,1.060059,0.006928,0.104187,-0.093528,chewing,1.000000,74.534,non_chewing
1918041.0,0.041504,-1.770508,1.078125,0.013323,0.098325,-0.050095,chewing,1.000000,74.534,non_chewing
1918051.0,0.051758,-1.770996,1.057617,0.011458,0.072744,-0.037038,chewing,1.000000,74.534,non_chewing
1918061.0,0.046875,-1.751953,1.075195,0.019185,0.077541,-0.003464,chewing,1.000000,74.534,non_chewing
1918071.0,0.039063,-1.766113,1.067871,0.026646,0.063418,-0.001865,chewing,1.000000,74.534,non_chewing
1918081.0,0.052246,-1.78418,1.059082,0.002398,0.063152,-0.016787,chewing,1.000000,74.534,non_chewing
1918091.0,0.041992,-1.789063,1.040527,0.010126,0.058089,-0.043433,chewing,1.000000,74.534,non_chewing
1918101.0,0.048828,-1.778809,1.068848,0.016521,0.028511,-0.075942,chewing,1.000000,74.534,non_chewing
1918111.0,0.026367,-1.790527,1.07959,0.018652,0.013323,-0.0866,chewing,1.000000,74.534,non_chewing
1918121.0,0.072754,-1.786621,1.083984,0.034374,0.038104,-0.084735,chewing,1.000000,74.534,non_chewing
1918131.0,0.086914,-1.814941,1.079102,0.018386,0.078074,-0.198515,chewing,1.000000,74.534,non_chewing
1918141.0,-0.016602,-1.816406,1.072754,0.055424,0.018919,-0.217433,chewing,1.000000,74.534,non_chewing
1918151.0,0.013184,-1.788574,1.069336,0.055424,0.056757,-0.249675,chewing,1.000000,74.534,non_chewing
1918161.0,0.033203,-1.763184,1.063477,0.088199,0.057023,-0.197715,chewing,1.000000,74.534,non_chewing
1918171.0,0.030762,-1.769531,1.055664,0.047697,0.09566,-0.187856,chewing,1.000000,67.416,non_chewing
1918181.0,0.056641,-1.762695,1.050293,0.059688,0.044766,-0.141492,chewing,1.000000,67.416,non_chewing
1918191.0,0.048828,-1.773438,1.053223,0.051427,0.045832,-0.118576,chewing,1.000000,67.416,non_chewing
1918201.0,0.071777,-1.773438,1.053223,0.061286,0.045565,-0.073277,chewing,1.000000,67.416,non_chewing
1918211.0,0.063965,-1.757813,1.03125,0.022383,0.037305,-0.028778,chewing,1.000000,67.416,non_chewing
1918221.0,0.070312,-1.755371,1.06543,0.006928,0.038637,-0.001599,chewing,1.000000,67.416,non_chewing
1918231.0,0.051758,-1.763672,1.089844,-0.006129,0.019718,0.010392,chewing,1.000000,67.416,non_chewing
1918241.0,0.060059,-1.766602,1.074707,0.003997,0.02638,0.008793,chewing,1.000000,67.416,non_chewing
1918251.0,0.049805,-1.77002,1.075195,0.029844,0.03011,0.016521,chewing,1.000000,67.416,non_chewing
1918261.0,0.033203,-1.777344,1.070313,0.027712,0.020518,-0.017587,chewing,1.000000,67.416,non_chewing
1918271.0,0.027344,-1.777832,1.083984,0.038371,-0.009326,-0.022116,chewing,1.000000,67.416,non_chewing
1918281.0,0.020996,-1.796387,1.070801,0.069813,-0.035706,-0.020518,chewing,1.000000,67.416,non_chewing
1918291.0,0.030762,-1.810547,1.09375,0.102322,-0.089265,-0.015988,chewing,1.000000,67.416,non_chewing
1918301.0,0.029297,-1.835938,1.087402,0.147354,-0.120708,-0.043966,chewing,1.000000,67.416,non_chewing
1918311.0,0.053223,-1.811523,1.088379,0.193185,-0.141758,-0.072211,chewing,1.000000,67.416,non_chewing
1918321.0,0.06543,-1.810059,1.09668,0.220364,-0.18759,-0.110049,chewing,1.000000,67.416,non_chewing
1918331.0,0.010254,-1.828613,1.104004,0.261666,-0.193718,-0.120175,chewing,1.000000,67.416,non_chewing
1918341.0,0.071777,-1.766113,1.098633,0.266729,-0.180395,-0.055424,chewing,1.000000,67.416,non_chewing
1918351.0,0.09375,-1.75293,1.084473,0.274723,-0.16494,-0.157213,chewing,1.000000,67.416,non_chewing
1918361.0,0.108398,-1.740723,1.084961,0.270726,-0.093262,-0.213703,chewing,1.000000,67.416,non_chewing
1918371.0,0.064941,-1.738281,1.085938,0.233155,-0.045299,-0.428738,chewing,1.000000,67.416,non_chewing
1918381.0,0.07373,-1.745605,1.086914,0.23955,0.060221,-0.434334,chewing,1.000000,67.416,non_chewing
1918391.0,0.055176,-1.717285,1.084961,0.19132,0.1311,-0.4791,chewing,1.000000,67.416,non_chewing
1918401.0,0.079102,-1.676758,1.094727,0.144423,0.122839,-0.462579,chewing,1.000000,67.416,non_chewing
1918411.0,0.065918,-1.72998,1.077148,0.107651,0.217433,-0.49189,chewing,1.000000,67.416,non_chewing
1918421.0,0.075684,-1.76123,1.083008,0.091397,0.23502,-0.504413,chewing,1.000000,67.416,non_chewing
1918431.0,0.083008,-1.735352,1.064453,0.060753,0.188922,-0.433002,chewing,1.000000,67.416,non_chewing
1918441.0,0.094238,-1.765625,1.079102,0.044766,0.097525,-0.36985,chewing,1.000000,67.416,non_chewing
1918451.0,0.059082,-1.745117,1.083984,0.063685,0.009593,-0.312028,chewing,1.000000,67.416,non_chewing
1918461.0,0.045898,-1.759277,1.07959,0.001332,0.029844,-0.229158,chewing,1.000000,67.416,non_chewing
1918471.0,0.070312,-1.745117,1.07959,0.036772,-0.00826,-0.072744,chewing,1.000000,67.416,non_chewing
1918481.0,0.11084,-1.737305,1.084961,0.007194,-0.006129,0.044499,chewing,1.000000,67.416,non_chewing
1918491.0,0.111328,-1.749023,1.083008,0.018652,-0.018119,0.114845,chewing,1.000000,67.416,non_chewing
1918501.0,0.111328,-1.768066,1.094238,0.014922,-0.002931,0.196383,chewing,1.000000,67.416,non_chewing
1918511.0,0.103516,-1.78125,1.078125,0.010925,-0.024515,0.216368,chewing,1.000000,67.416,non_chewing
1918521.0,0.108887,-1.773438,1.091309,-0.011724,-0.027446,0.211305,chewing,1.000000,67.416,non_chewing
1918531.0,0.111328,-1.774414,1.096191,-0.033841,-0.030643,0.183326,chewing,1.000000,67.416,non_chewing
1918541.0,0.112793,-1.761719,1.067871,-0.042368,0.009326,0.21317,chewing,1.000000,67.416,non_chewing
1918551.0,0.097168,-1.758789,1.056641,-0.058089,0.040502,0.170802,chewing,1.000000,67.416,non_chewing
1918561.0,0.114746,-1.755371,1.11084,-0.092462,0.096726,0.218499,chewing,1.000000,67.416,non_chewing
1918571.0,0.10498,-1.769043,1.117188,-0.105519,0.097259,0.154015,chewing,1.000000,67.416,non_chewing
1918581.0,0.07666,-1.790039,1.10498,-0.131632,0.130833,0.142824,chewing,1.000000,67.416,non_chewing
1918591.0,0.104004,-1.769043,1.123535,-0.167072,0.120974,0.258469,chewing,1.000000,67.416,non_chewing
1918601.0,0.104492,-1.780762,1.114258,-0.195583,0.108983,0.188922,chewing,1.000000,67.416,non_chewing
1918611.0,0.083496,-1.788086,1.100098,-0.221963,0.108184,0.173201,chewing,1.000000,67.416,non_chewing
1918621.0,0.093262,-1.769531,1.083984,-0.254738,0.102588,0.204643,chewing,1.000000,67.416,non_chewing
1918631.0,0.049316,-1.786621,1.092773,-0.233155,0.098325,0.156147,chewing,1.000000,67.416,non_chewing
1918641.0,0.074707,-1.748535,1.078125,-0.235819,0.129501,0.26593,chewing,1.000000,67.416,non_chewing
1918651.0,0.097656,-1.753906,1.08252,-0.247544,0.146288,0.188922,chewing,1.000000,67.416,non_chewing
1918661.0,0.063477,-1.760742,1.085938,-0.391433,0.177997,0.192919,chewing,1.000000,67.416,non_chewing
1918671.0,0.071289,-1.774414,1.089355,-0.219565,0.13936,0.250208,chewing,1.000000,67.416,non_chewing
1918681.0,0.078613,-1.768066,1.091309,-0.238484,0.145222,0.310695,chewing,1.000000,67.416,non_chewing
1918691.0,0.041992,-1.779297,1.088867,-0.259002,0.129501,0.25687,chewing,1.000000,67.416,non_chewing
1918701.0,0.052734,-1.769043,1.083984,-0.228625,0.108983,0.268594,chewing,1.000000,67.416,non_chewing
1918711.0,0.02832,-1.778809,1.077637,-0.223296,0.086334,0.178796,chewing,1.000000,67.416,non_chewing
1918721.0,0.033203,-1.756836,1.055664,-0.204643,0.085002,0.150018,chewing,1.000000,67.416,non_chewing
1918731.0,0.030273,-1.772949,1.061523,-0.18759,0.043966,0.118043,chewing,1.000000,67.416,non_chewing
1918741.0,0.040527,-1.786133,1.057129,-0.186524,0.066616,0.124971,chewing,1.000000,67.416,non_chewing
1918751.0,-0.020508,-1.788574,1.053223,-0.184658,0.057289,0.102588,chewing,1.000000,67.416,non_chewing
1918761.0,0.029297,-1.790039,1.054688,-0.187323,0.059688,0.144956,chewing,1.000000,67.416,non_chewing
1918771.0,0.023437,-1.791016,1.064941,-0.184392,0.053559,0.106319,chewing,1.000000,67.416,non_chewing
1918781.0,0.03125,-1.804199,1.064453,-0.144423,0.029577,0.037571,chewing,1.000000,67.416,non_chewing
1918791.0,0.020508,-1.789063,1.070313,-0.09113,0.027979,-0.036772,chewing,1.000000,67.416,non_chewing
1918801.0,0.011719,-1.776367,1.074707,-0.095394,0.031443,-0.054625,chewing,1.000000,67.416,non_chewing
1918811.0,0.026367,-1.763184,1.060059,-0.091397,0.043966,-0.042101,chewing,1.000000,67.416,non_chewing
1918821.0,0.02832,-1.754883,1.080566,-0.10392,0.01732,-0.063685,chewing,1.000000,67.416,non_chewing
1918831.0,0.031738,-1.76709,1.073242,-0.088199,0.010392,-0.077541,chewing,1.000000,67.416,non_chewing
1918841.0,0.046875,-1.777344,1.063477,-0.072744,-0.029844,-0.087933,chewing,1.000000,67.416,non_chewing
1918851.0,0.046387,-1.783203,1.070313,-0.044499,-0.080472,-0.090864,chewing,1.000000,67.416,non_chewing
1918861.0,0.040039,-1.782227,1.066406,-0.014123,-0.127103,-0.089531,chewing,1.000000,67.416,non_chewing
1918871.0,0.050781,-1.785645,1.074707,0.011458,-0.129234,-0.03011,chewing,1.000000,67.416,non_chewing
1918881.0,0.051758,-1.796875,1.062012,0.025847,-0.12204,0.016521,chewing,1.000000,67.416,non_chewing
1918891.0,0.047852,-1.789063,1.064941,0.050095,-0.134297,0.003198,chewing,1.000000,67.416,non_chewing
1918901.0,0.032715,-1.793457,1.065918,0.049296,-0.138294,-0.007461,chewing,1.000000,67.416,non_chewing
1918911.0,0.020996,-1.787109,1.080078,0.053825,-0.159345,-0.059954,chewing,1.000000,67.416,non_chewing
1918921.0,0.034668,-1.768555,1.070801,0.06475,-0.180395,-0.106319,chewing,1.000000,67.416,non_chewing
1918931.0,0.023437,-1.767578,1.07959,0.044499,-0.129767,-0.132165,chewing,1.000000,67.416,non_chewing
1918941.0,0.030762,-1.763672,1.065918,0.04743,-0.113779,-0.126303,chewing,1.000000,67.416,non_chewing
1918951.0,0.041992,-1.773926,1.061523,0.040236,-0.100989,-0.150551,chewing,1.000000,67.416,non_chewing
1918961.0,0.050293,-1.78418,1.066406,0.025314,-0.100723,-0.166273,chewing,1.000000,67.416,non_chewing
1918971.0,0.04834,-1.765625,1.072266,0.032242,-0.086334,-0.156946,chewing,1.000000,67.416,non_chewing
1918981.0,0.07373,-1.771484,1.067383,0.004263,-0.07008,-0.133231,chewing,1.000000,67.416,non_chewing
1918991.0,0.074219,-1.776367,1.0625,0.014389,-0.061553,-0.070879,chewing,1.000000,67.416,non_chewing
1919001.0,0.066406,-1.771484,1.04834,0.00906,-0.056757,-0.045299,chewing,1.000000,67.416,non_chewing
1919011.0,0.057129,-1.770996,1.053711,-0.022649,-0.055957,-0.025047,chewing,1.000000,67.416,non_chewing
1919021.0,0.056152,-1.76123,1.05957,-0.037571,-0.036505,-0.033574,chewing,1.000000,67.416,non_chewing
1919031.0,0.053223,-1.766113,1.060547,-0.035173,-0.028245,-0.023182,chewing,1.000000,67.416,non_chewing
1919041.0,0.064453,-1.755859,1.068359,-0.037305,-0.026113,-0.050095,chewing,1.000000,67.416,non_chewing
1919051.0,0.070801,-1.755371,1.068848,-0.040502,-0.015455,-0.061553,chewing,1.000000,67.416,non_chewing
1919061.0,0.073242,-1.759277,1.072266,-0.047697,0.002665,-0.070613,chewing,1.000000,67.416,non_chewing
1919071.0,0.057129,-1.783203,1.070313,-0.071945,0.059155,-0.050628,chewing,1.000000,67.416,non_chewing
1919081.0,0.077148,-1.776855,1.057617,-0.080472,0.046364,-0.050628,chewing,1.000000,67.416,non_chewing
1919091.0,0.111816,-1.75,1.058594,-0.0429,0.007727,-0.10392,chewing,1.000000,67.416,non_chewing
1919101.0,0.085449,-1.787109,1.059082,-0.078074,0.031975,-0.120175,chewing,1.000000,67.416,non_chewing
1919111.0,0.079102,-1.769043,1.076172,-0.075409,0.012257,-0.078873,chewing,1.000000,67.416,non_chewing
1919121.0,0.110352,-1.745605,1.050781,-0.069813,-0.005063,-0.13483,chewing,1.000000,67.416,non_chewing
1919131.0,0.098633,-1.769531,1.050293,-0.077008,0.019185,-0.162276,chewing,1.000000,67.416,non_chewing
1919141.0,0.080566,-1.762695,1.057617,-0.0866,0.033574,-0.142824,chewing,1.000000,67.416,non_chewing
1919151.0,0.085937,-1.782227,1.055176,-0.069813,0.054358,-0.091397,chewing,1.000000,67.416,non_chewing
1919161.0,0.104004,-1.791016,1.054688,-0.071678,0.072744,-0.112181,chewing,1.000000,67.416,non_chewing
1919171.0,0.103516,-1.787598,1.044434,-0.028245,0.041302,-0.132965,chewing,1.000000,98.361,non_chewing
1919181.0,0.095703,-1.770996,1.069824,-0.016254,0.037838,-0.1303,chewing,1.000000,98.361,non_chewing
1919191.0,0.094727,-1.769043,1.073242,0.002665,0.032242,-0.088998,chewing,1.000000,98.361,non_chewing
1919201.0,0.102539,-1.790527,1.076172,0.024781,0.05649,-0.059688,chewing,1.000000,98.361,non_chewing
1919211.0,0.109863,-1.788574,1.080566,0.06475,0.065816,-0.067948,chewing,1.000000,98.361,non_chewing
1919221.0,0.080566,-1.783691,1.064453,0.086067,0.065017,-0.0429,chewing,1.000000,98.361,non_chewing
1919231.0,0.078613,-1.754395,1.044922,0.12124,0.016787,0.075142,chewing,1.000000,98.361,non_chewing
1919241.0,0.101074,-1.779785,1.0625,0.069547,-0.000266,0.049828,chewing,1.000000,98.361,non_chewing
1919251.0,0.115234,-1.770508,1.09375,0.095394,-0.041835,0.105253,chewing,1.000000,98.361,non_chewing
1919261.0,0.114258,-1.790527,1.091309,0.046897,-0.007727,0.033041,chewing,1.000000,98.361,non_chewing
1919271.0,0.055664,-1.783691,1.083008,0.056224,-0.0429,-0.0429,chewing,1.000000,98.361,non_chewing
1919281.0,0.075195,-1.77002,1.094238,0.049828,0.008527,-0.018386,chewing,1.000000,98.361,non_chewing
1919291.0,0.083984,-1.760742,1.075195,0.054891,0.038371,-0.088998,chewing,1.000000,98.361,non_chewing
1919301.0,0.068359,-1.760742,1.065918,0.083936,0.094061,-0.099923,chewing,1.000000,98.361,non_chewing
1919311.0,0.070801,-1.750488,1.054199,0.132698,0.083936,-0.058355,chewing,1.000000,98.361,non_chewing
1919321.0,0.070801,-1.738281,1.049316,0.14842,0.105519,-0.049562,chewing,1.000000,98.361,non_chewing
1919331.0,0.083496,-1.733398,1.062012,0.173201,0.136429,-0.043433,chewing,1.000000,98.361,non_chewing
1919341.0,0.11084,-1.748535,1.077637,0.172401,0.164141,-0.037838,chewing,1.000000,98.361,non_chewing
1919351.0,0.089844,-1.757813,1.087891,0.170802,0.163874,-0.083136,chewing,1.000000,98.361,non_chewing
1919361.0,0.105957,-1.769531,1.09082,0.163608,0.204377,-0.021051,chewing,1.000000,98.361,non_chewing
1919371.0,0.113281,-1.788574,1.094238,0.159078,0.197715,0.005596,chewing,1.000000,98.361,non_chewing
1919381.0,0.092773,-1.772949,1.094727,0.162009,0.223029,-0.018652,chewing,1.000000,98.361,non_chewing
1919391.0,0.092285,-1.724609,1.090332,0.102588,0.266729,-0.049828,chewing,1.000000,98.361,non_chewing
1919401.0,0.103516,-1.742676,1.07666,0.079406,0.241415,-0.057556,chewing,1.000000,98.361,non_chewing
1919411.0,0.076172,-1.763672,1.074219,0.044499,0.201712,-0.057289,chewing,1.000000,98.361,non_chewing
1919421.0,0.067871,-1.760254,1.084473,-0.001865,0.181194,-0.016787,chewing,1.000000,98.361,non_chewing
1919431.0,0.090332,-1.742676,1.091309,-0.022116,0.163341,0.002398,chewing,1.000000,98.361,non_chewing
1919441.0,0.114258,-1.715332,1.093262,-0.042101,0.153749,0.111648,chewing,1.000000,98.361,non_chewing
1919451.0,0.126953,-1.737305,1.09082,-0.081005,0.173201,0.00906,chewing,1.000000,98.361,non_chewing
1919461.0,0.116211,-1.771484,1.118164,-0.082603,0.171335,-0.00826,chewing,1.000000,98.361,non_chewing
1919471.0,0.086914,-1.754395,1.115723,-0.099657,0.179862,0.037571,chewing,1.000000,98.361,non_chewing
1919481.0,0.095215,-1.737793,1.09375,-0.142824,0.199047,0.037305,chewing,1.000000,98.361,non_chewing
1919491.0,0.10498,-1.758789,1.11084,-0.180928,0.203844,-0.008793,chewing,1.000000,98.361,non_chewing
1919501.0,0.09375,-1.776855,1.094238,-0.199047,0.184126,-0.023182,chewing,1.000000,98.361,non_chewing
1919511.0,0.091309,-1.774902,1.094727,-0.220897,0.161743,-0.047164,chewing,1.000000,98.361,non_chewing
1919521.0,0.084961,-1.782227,1.111328,-0.205176,0.128435,-0.091663,chewing,1.000000,98.361,non_chewing
1919531.0,0.06543,-1.773438,1.117188,-0.207308,0.134564,-0.068481,chewing,1.000000,98.361,non_chewing
1919541.0,0.078613,-1.75,1.124023,-0.180662,0.154282,-0.045299,chewing,1.000000,98.361,non_chewing
1919551.0,0.071777,-1.748047,1.102539,-0.175865,0.170003,0.007194,chewing,1.000000,98.361,non_chewing
1919561.0,0.075684,-1.764648,1.113281,-0.181194,0.173467,0.059155,chewing,1.000000,98.361,non_chewing
1919571.0,0.07373,-1.776367,1.096191,-0.181194,0.137761,0.093795,chewing,1.000000,98.361,non_chewing
1919581.0,0.078125,-1.758789,1.074219,-0.181194,0.075942,0.152683,chewing,1.000000,98.361,non_chewing
1919591.0,0.03418,-1.767578,1.066406,-0.13856,0.098858,0.18679,chewing,1.000000,98.361,non_chewing
1919601.0,0.059082,-1.761719,1.072266,-0.16494,0.092462,0.181727,chewing,1.000000,98.361,non_chewing
1919611.0,0.072754,-1.756348,1.082031,-0.135363,0.073544,0.174,chewing,1.000000,98.361,non_chewing
1919621.0,0.070312,-1.769531,1.080566,-0.133764,0.082603,0.194518,chewing,1.000000,98.361,non_chewing
1919631.0,0.083008,-1.776367,1.093262,-0.112181,0.111381,0.146821,chewing,1.000000,98.361,non_chewing
1919641.0,0.061035,-1.776367,1.082031,-0.085534,0.127369,0.106052,chewing,1.000000,98.361,non_chewing
1919651.0,0.043945,-1.773926,1.068848,-0.086334,0.118842,0.074609,chewing,1.000000,98.361,non_chewing
1919661.0,0.067871,-1.765625,1.0625,-0.097525,0.066882,0.095394,chewing,1.000000,98.361,non_chewing
1919671.0,0.045898,-1.769531,1.073242,-0.09113,0.063152,0.088732,chewing,1.000000,98.361,non_chewing
1919681.0,0.05957,-1.774902,1.063965,-0.095394,0.040502,0.071412,chewing,1.000000,98.361,non_chewing
1919691.0,0.063477,-1.779297,1.064453,-0.089531,0.038637,0.083403,chewing,1.000000,98.361,non_chewing
1919701.0,0.05127,-1.769043,1.049316,-0.082603,0.033308,0.08207,chewing,1.000000,98.361,non_chewing
1919711.0,0.043457,-1.766113,1.073242,-0.078873,0.040502,0.09113,chewing,1.000000,98.361,non_chewing
1919721.0,0.042969,-1.782715,1.059082,-0.076475,0.040236,0.083136,chewing,1.000000,98.361,non_chewing
1919731.0,0.049805,-1.782227,1.071289,-0.080472,0.055158,0.069014,chewing,1.000000,98.361,non_chewing
1919741.0,0.041016,-1.782227,1.069824,-0.095394,0.037305,0.054358,chewing,1.000000,98.361,non_chewing
1919751.0,0.01416,-1.799805,1.069824,-0.11298,0.000266,0.047164,chewing,1.000000,98.361,non_chewing
1919761.0,0.05127,-1.791016,1.060059,-0.102855,0.016521,0.039703,chewing,1.000000,98.361,non_chewing
1919771.0,0.045898,-1.78125,1.051758,-0.111914,-0.002931,0.007461,chewing,1.000000,98.361,non_chewing
1919781.0,0.037109,-1.777832,1.047363,-0.112714,0.000533,-0.026913,chewing,1.000000,98.361,non_chewing
1919791.0,0.027832,-1.785156,1.066406,-0.113779,0.019452,0.026113,chewing,1.000000,98.361,non_chewing
1919801.0,0.024414,-1.791016,1.059082,-0.109516,0.043966,0.041568,chewing,1.000000,98.361,non_chewing
1919811.0,0.038574,-1.794434,1.058594,-0.094861,0.037305,0.020518,chewing,1.000000,98.361,non_chewing
1919821.0,0.019531,-1.802246,1.037598,-0.101256,0.054891,0.022916,chewing,1.000000,98.361,non_chewing
1919831.0,0.026367,-1.794434,1.05957,-0.106319,0.02638,0.025847,chewing,1.000000,98.361,non_chewing
1919841.0,0.040039,-1.786133,1.041016,-0.098325,0.026113,-0.020784,chewing,1.000000,98.361,non_chewing
1919851.0,0.024902,-1.797852,1.054688,-0.098591,0.026913,-0.049029,chewing,1.000000,98.361,non_chewing
1919861.0,0.042969,-1.796387,1.04541,-0.094061,0.031176,-0.049296,chewing,1.000000,98.361,non_chewing
1919871.0,0.046387,-1.811035,1.062988,-0.099657,0.040769,-0.03091,chewing,1.000000,98.361,non_chewing
1919881.0,0.049805,-1.782715,1.044922,-0.079939,0.073277,-0.055158,chewing,1.000000,98.361,non_chewing
1919891.0,0.027344,-1.783203,1.049316,-0.076741,0.082337,-0.059421,chewing,1.000000,98.361,non_chewing
1919901.0,0.04248,-1.785645,1.04834,-0.077541,0.087933,-0.055424,chewing,1.000000,98.361,non_chewing
1919911.0,0.050293,-1.793945,1.042969,-0.0866,0.075675,-0.083669,chewing,1.000000,98.361,non_chewing
1919921.0,0.048828,-1.796387,1.061523,-0.098325,0.083669,-0.081804,chewing,1.000000,98.361,non_chewing
1919931.0,0.053711,-1.77832,1.071777,-0.093528,0.076475,-0.088199,chewing,1.000000,98.361,non_chewing
1919941.0,0.081055,-1.77002,1.070801,-0.077274,0.07381,-0.079406,chewing,1.000000,98.361,non_chewing
1919951.0,0.080078,-1.755859,1.061523,-0.07834,0.075409,-0.092196,chewing,1.000000,98.361,non_chewing
1919961.0,0.064941,-1.759277,1.088379,-0.076475,0.092462,-0.068214,chewing,1.000000,98.361,non_chewing
1919971.0,0.062012,-1.759277,1.057129,-0.08287,0.077274,-0.051427,chewing,1.000000,98.361,non_chewing
1919981.0,0.078613,-1.765625,1.066895,-0.086867,0.065017,-0.027179,chewing,1.000000,98.361,non_chewing
1919991.0,0.080566,-1.772949,1.074219,-0.070346,0.037838,-0.001599,chewing,1.000000,98.361,non_chewing
1920001.0,0.080566,-1.790039,1.074219,-0.056757,0.029577,0.002398,chewing,1.000000,98.361,non_chewing
1920011.0,0.071289,-1.779297,1.069336,-0.046631,0.02558,-0.003997,chewing,1.000000,98.361,non_chewing
1920021.0,0.063965,-1.774414,1.069824,-0.043966,0.012524,-0.004263,chewing,1.000000,98.361,non_chewing
1920031.0,0.050781,-1.786621,1.075684,-0.041302,0.002665,0.017853,chewing,1.000000,98.361,non_chewing
1920041.0,0.061523,-1.778809,1.07959,-0.033574,-0.045565,0.027979,chewing,1.000000,98.361,non_chewing
1920051.0,0.07959,-1.783203,1.075684,-0.033041,-0.059954,0.029044,chewing,1.000000,98.361,non_chewing
1920061.0,0.057617,-1.777344,1.070801,-0.027446,-0.070346,0.0,chewing,1.000000,98.361,non_chewing
1920071.0,0.062988,-1.775879,1.070801,-0.031176,-0.108717,-0.001599,chewing,1.000000,98.361,non_chewing
1920081.0,0.064453,-1.776855,1.064453,0.002931,-0.121507,-0.020251,chewing,1.000000,98.361,non_chewing
1920091.0,0.062988,-1.775879,1.070313,0.029577,-0.110848,-0.020518,chewing,1.000000,98.361,non_chewing
1920101.0,0.052246,-1.773438,1.065918,0.050095,-0.100723,0.014123,chewing,1.000000,98.361,non_chewing
1920111.0,0.072754,-1.779297,1.062012,0.048496,-0.092196,0.029044,chewing,1.000000,98.361,non_chewing
1920121.0,0.068848,-1.773926,1.044434,0.05196,-0.103654,0.067681,chewing,1.000000,98.361,non_chewing
1920131.0,0.085937,-1.781738,1.07666,0.066349,-0.133498,0.031176,chewing,1.000000,98.361,non_chewing
1920141.0,0.102539,-1.788574,1.07959,0.092995,-0.143357,0.003997,chewing,1.000000,98.361,non_chewing
1920151.0,0.086426,-1.794922,1.064453,0.088466,-0.137228,-0.013856,chewing,1.000000,98.361,non_chewing
1920161.0,0.071289,-1.768555,1.05127,0.102588,-0.122306,-0.014389,chewing,1.000000,98.361,non_chewing
1920171.0,0.071777,-1.760254,1.064453,0.10472,-0.104986,-0.03544,chewing,1.000000,98.361,non_chewing
1920181.0,0.084473,-1.771484,1.067871,0.092729,-0.093795,-0.033308,chewing,1.000000,98.361,non_chewing
1920191.0,0.085937,-1.77002,1.071777,0.095127,-0.08287,-0.042368,chewing,1.000000,98.361,non_chewing
1920201.0,0.088379,-1.76709,1.046387,0.060487,-0.063418,-0.026113,chewing,1.000000,98.361,non_chewing
1920211.0,0.0625,-1.748047,1.038574,0.050095,-0.046631,-0.013057,chewing,1.000000,98.361,non_chewing
1920221.0,0.070312,-1.754883,1.035645,0.015188,-0.045299,-0.006129,chewing,1.000000,98.361,non_chewing
1920231.0,0.060059,-1.764648,1.046875,0.011724,-0.043966,-0.017587,chewing,1.000000,98.361,non_chewing
1920241.0,0.067383,-1.769531,1.040039,-0.015188,-0.063152,-0.022116,chewing,1.000000,98.361,non_chewing
1920251.0,0.047852,-1.775391,1.05127,-0.013323,-0.096726,-0.027446,chewing,1.000000,75.000,non_chewing
1920261.0,0.085937,-1.75293,1.050781,-0.019185,-0.069813,0.005329,chewing,1.000000,75.000,non_chewing
1920271.0,0.075195,-1.757324,1.057129,-0.028511,-0.079939,-0.010126,chewing,1.000000,75.000,non_chewing
1920281.0,0.047852,-1.757813,1.049805,-0.046098,-0.077274,0.102055,chewing,1.000000,75.000,non_chewing
1920291.0,0.07959,-1.769531,1.062988,-0.059155,-0.061553,0.13856,chewing,1.000000,75.000,non_chewing
1920301.0,0.041992,-1.776855,1.056152,-0.054625,-0.106052,0.200646,chewing,1.000000,75.000,non_chewing
1920311.0,0.092773,-1.776367,1.041016,-0.069547,-0.09566,0.21317,chewing,1.000000,75.000,non_chewing
1920321.0,0.077148,-1.757324,1.041504,-0.065017,-0.147354,0.217966,chewing,1.000000,75.000,non_chewing
1920331.0,0.095215,-1.772461,1.058594,-0.094861,-0.067149,0.18759,chewing,1.000000,75.000,non_chewing
1920341.0,0.087891,-1.786133,1.050781,-0.051427,-0.023182,0.11751,chewing,1.000000,75.000,non_chewing
1920351.0,0.086426,-1.792969,1.058594,-0.032508,0.071412,0.098325,chewing,1.000000,75.000,non_chewing
1920361.0,0.084473,-1.791016,1.0625,-0.015721,0.099923,0.085801,chewing,1.000000,75.000,non_chewing
1920371.0,0.081543,-1.787109,1.046875,0.00906,0.115645,0.084469,chewing,1.000000,75.000,non_chewing
1920381.0,0.090332,-1.789063,1.064941,-0.005063,0.115645,0.064217,chewing,1.000000,75.000,non_chewing
1920391.0,0.112305,-1.800293,1.047363,-0.001599,0.114579,0.045299,chewing,1.000000,75.000,non_chewing
1920401.0,0.106934,-1.814941,1.045898,-0.022116,0.123905,0.02638,chewing,1.000000,75.000,non_chewing
1920411.0,0.097168,-1.804199,1.046875,-0.031975,0.142025,0.003464,chewing,1.000000,75.000,non_chewing
1920421.0,0.068848,-1.773926,1.060547,-0.023449,0.167338,0.018386,chewing,1.000000,75.000,non_chewing
1920431.0,0.061035,-1.785645,1.059082,-0.070346,0.184126,0.062352,chewing,1.000000,75.000,non_chewing
1920441.0,0.067871,-1.791992,1.077148,-0.075409,0.179862,0.099391,chewing,1.000000,75.000,non_chewing
1920451.0,0.036621,-1.783691,1.04541,-0.100456,0.183859,0.122839,chewing,1.000000,75.000,non_chewing
1920461.0,0.035156,-1.785156,1.041992,-0.102322,0.174266,0.138028,chewing,1.000000,75.000,non_chewing
1920471.0,0.033691,-1.804688,1.053711,-0.112447,0.14842,0.083669,chewing,1.000000,75.000,non_chewing
1920481.0,0.029785,-1.803711,1.041992,-0.102855,0.151084,0.102322,chewing,1.000000,75.000,non_chewing
1920491.0,0.01416,-1.788574,1.044434,-0.126836,0.16574,0.077807,chewing,1.000000,75.000,non_chewing
1920501.0,0.008789,-1.788086,1.02832,-0.134564,0.181194,0.025847,chewing,1.000000,75.000,non_chewing
1920511.0,0.01416,-1.788086,1.046387,-0.119642,0.206508,-0.006129,chewing,1.000000,75.000,non_chewing
1920521.0,0.003418,-1.78418,1.041992,-0.134031,0.239816,-0.006928,chewing,1.000000,75.000,non_chewing
1920531.0,0.013184,-1.782715,1.043945,-0.129501,0.265397,-0.034107,chewing,1.000000,75.000,non_chewing
1920541.0,0.017578,-1.794922,1.027832,-0.140692,0.289911,-0.03544,chewing,1.000000,75.000,non_chewing
1920551.0,0.024414,-1.788086,1.030273,-0.173201,0.28325,-0.06102,chewing,1.000000,75.000,non_chewing
1920561.0,0.026855,-1.796387,1.056641,-0.172934,0.290444,-0.099923,chewing,1.000000,75.000,non_chewing
1920571.0,0.022949,-1.805664,1.041504,-0.174533,0.297106,-0.105786,chewing,1.000000,75.000,non_chewing
1920581.0,0.017578,-1.793457,1.04248,-0.173201,0.297106,-0.094861,chewing,1.000000,75.000,non_chewing
1920591.0,0.022461,-1.787598,1.031738,-0.174799,0.293375,-0.076208,chewing,1.000000,75.000,non_chewing
1920601.0,0.033691,-1.769531,1.044434,-0.187057,0.289378,-0.069014,chewing,1.000000,75.000,non_chewing
1920611.0,0.00293,-1.773926,1.022949,-0.229158,0.357859,-0.021583,chewing,1.000000,75.000,non_chewing
1920621.0,0.013672,-1.754395,1.019531,-0.222763,0.350398,0.021051,chewing,1.000000,75.000,non_chewing
1920631.0,0.018066,-1.792969,1.010254,-0.254738,0.378643,-0.034907,chewing,1.000000,75.000,non_chewing
1920641.0,0.046875,-1.78418,1.008301,-0.283783,0.499884,-0.067149,chewing,1.000000,75.000,non_chewing
1920651.0,0.047363,-1.783203,1.023926,-0.276322,0.472971,-0.063685,chewing,1.000000,75.000,non_chewing
1920661.0,0.052734,-1.757813,1.02002,-0.287779,0.416214,-0.123106,chewing,1.000000,75.000,non_chewing
1920671.0,0.027832,-1.852539,1.040527,-0.255271,0.346934,-0.114046,chewing,1.000000,75.000,non_chewing
1920681.0,0.057129,-1.79248,1.046875,-0.244613,0.379443,-0.103387,chewing,1.000000,75.000,non_chewing
1920691.0,0.03418,-1.800293,1.064453,-0.228092,0.374913,-0.124438,chewing,1.000000,75.000,non_chewing
1920701.0,0.036133,-1.833008,1.067383,-0.175066,0.324018,-0.157479,chewing,1.000000,75.000,non_chewing
1920711.0,0.041992,-1.79541,1.03125,-0.144956,0.30883,-0.150285,chewing,1.000000,75.000,non_chewing
1920721.0,0.051758,-1.816895,1.047363,-0.116977,0.280319,-0.128435,chewing,1.000000,75.000,non_chewing
1920731.0,0.082031,-1.783691,1.029297,-0.102855,0.247277,-0.071412,chewing,1.000000,75.000,non_chewing
1920741.0,0.041016,-1.785645,1.025391,-0.119375,0.243547,-0.120441,chewing,1.000000,75.000,non_chewing
1920751.0,0.024902,-1.799805,1.042969,-0.09193,0.161743,-0.085268,chewing,1.000000,75.000,non_chewing
1920761.0,0.037109,-1.787109,1.038574,-0.054891,0.121507,-0.047963,chewing,1.000000,75.000,non_chewing
1920771.0,0.021484,-1.787109,1.068848,-0.037838,0.103654,-0.017853,chewing,1.000000,75.000,non_chewing
1920781.0,0.036133,-1.784668,1.096191,0.010925,0.092462,-0.035173,chewing,1.000000,75.000,non_chewing
1920791.0,0.035645,-1.804688,1.075195,0.046364,0.079139,-0.048496,chewing,1.000000,75.000,non_chewing
1920801.0,0.027832,-1.804688,1.053223,0.059954,0.062086,-0.029311,chewing,1.000000,75.000,non_chewing
1920811.0,0.028809,-1.775879,1.038574,0.101789,0.006129,-0.011191,chewing,1.000000,75.000,non_chewing
1920821.0,0.04248,-1.78125,1.049805,0.089265,-0.033041,-0.034907,chewing,1.000000,75.000,non_chewing
1920831.0,0.025879,-1.799805,1.036621,0.063951,-0.007727,-0.019185,chewing,1.000000,75.000,non_chewing
1920841.0,0.028809,-1.804688,1.053711,0.06475,-0.038104,0.0437,chewing,1.000000,75.000,non_chewing
1920851.0,0.071777,-1.79541,1.036133,0.145222,-0.099923,0.029577,chewing,1.000000,75.000,non_chewing
1920861.0,0.035645,-1.811035,1.054688,0.185724,-0.040769,0.010925,chewing,1.000000,75.000,non_chewing
1920871.0,0.049316,-1.78418,1.039063,0.152949,-0.04743,0.162809,chewing,1.000000,75.000,non_chewing
1920881.0,0.054199,-1.79248,1.020508,0.187856,-0.047697,0.23502,chewing,1.000000,75.000,non_chewing
1920891.0,0.021973,-1.803223,1.063477,0.199314,-0.091663,0.328548,chewing,1.000000,75.000,non_chewing
1920901.0,0.058105,-1.839844,1.04248,0.233155,-0.138028,0.334677,chewing,1.000000,75.000,non_chewing
1920911.0,0.020996,-1.854492,1.04834,0.199047,-0.101789,0.367985,chewing,1.000000,75.000,non_chewing
1920921.0,0.024414,-1.812988,1.02002,0.233688,-0.181461,0.249142,chewing,1.000000,75.000,non_chewing
1920931.0,0.048828,-1.816895,1.010742,0.137761,-0.16121,0.096459,chewing,1.000000,75.000,non_chewing
1920941.0,-0.018555,-1.791016,1.019043,0.074609,-0.120175,0.097792,chewing,1.000000,75.000,non_chewing
1920951.0,-0.030273,-1.776367,1.022949,0.098858,-0.097525,0.068747,chewing,1.000000,75.000,non_chewing
1920961.0,-0.026367,-1.804688,1.029785,0.122306,-0.135096,-0.00373,chewing,1.000000,75.000,non_chewing
1920971.0,0.01416,-1.810059,1.007813,0.050628,-0.053026,0.001332,chewing,1.000000,75.000,non_chewing
1920981.0,0.013184,-1.782715,1.005859,0.029844,-0.0437,-0.060221,chewing,1.000000,75.000,non_chewing
1920991.0,0.002441,-1.772461,1.030273,0.009859,-0.014123,-0.144156,chewing,1.000000,75.000,non_chewing
1921001.0,0.016113,-1.768555,1.021484,-0.003997,0.033041,-0.168937,chewing,1.000000,75.000,non_chewing
1921011.0,0.003906,-1.796875,1.024902,-0.027179,0.079406,-0.156147,chewing,1.000000,75.000,non_chewing
1921021.0,0.012207,-1.803711,1.013672,-0.044766,0.085268,-0.179063,chewing,1.000000,75.000,non_chewing
1921031.0,0.024902,-1.791016,1.03125,-0.055158,0.103387,-0.213703,chewing,1.000000,75.000,non_chewing
1921041.0,0.020508,-1.786621,1.036133,-0.059954,0.118043,-0.22676,chewing,1.000000,75.000,non_chewing
1921051.0,0.04834,-1.782715,1.039551,-0.074876,0.16574,-0.219032,chewing,1.000000,75.000,non_chewing
1921061.0,0.0625,-1.776367,1.01709,-0.098058,0.219299,-0.216101,chewing,1.000000,75.000,non_chewing
1921071.0,0.077637,-1.796875,1.022949,-0.129501,0.233954,-0.202245,chewing,1.000000,75.000,non_chewing
1921081.0,0.106934,-1.824219,1.045898,-0.171868,0.217167,-0.227292,chewing,1.000000,75.000,non_chewing
1921091.0,0.088867,-1.816406,1.04248,-0.179862,0.196649,-0.23955,chewing,1.000000,75.000,non_chewing
1921101.0,0.069336,-1.786621,1.054688,-0.221963,0.20944,-0.229957,chewing,1.000000,75.000,non_chewing
1921111.0,0.027344,-1.72998,1.05127,-0.235553,0.204643,-0.176665,chewing,1.000000,75.000,non_chewing
1921121.0,0.063965,-1.703613,1.036133,-0.201446,0.162009,-0.164141,chewing,1.000000,75.000,non_chewing
1921131.0,0.028809,-1.742676,1.080566,-0.227292,0.18679,-0.097792,chewing,1.000000,75.000,non_chewing
1921141.0,0.047852,-1.778809,1.083496,-0.213703,0.179329,-0.063418,chewing,1.000000,75.000,non_chewing
1921151.0,0.085449,-1.777344,1.062012,-0.179596,0.150551,-0.115112,chewing,1.000000,75.000,non_chewing
1921161.0,0.088379,-1.791992,1.030762,-0.171069,0.193718,-0.102855,chewing,1.000000,75.000,non_chewing
1921171.0,0.035645,-1.802734,1.045898,-0.147087,0.162809,-0.076741,chewing,1.000000,75.000,non_chewing
1921181.0,0.04248,-1.796875,1.074707,-0.157746,0.13483,-0.046631,chewing,1.000000,75.000,non_chewing
1921191.0,0.066406,-1.794434,1.059082,-0.140159,0.067948,-0.022383,chewing,1.000000,75.000,non_chewing
1921201.0,0.041016,-1.797852,1.041504,-0.106052,0.049828,0.023449,chewing,1.000000,75.000,non_chewing
1921211.0,0.02002,-1.794434,1.035645,-0.119109,0.027179,0.060221,chewing,1.000000,75.000,non_chewing
1921221.0,0.02002,-1.818848,1.063477,-0.116178,0.008793,0.090597,chewing,1.000000,75.000,non_chewing
1921231.0,0.03125,-1.827148,1.053223,-0.085268,-0.005063,0.088732,chewing,1.000000,75.000,non_chewing
1921241.0,0.012207,-1.799805,1.043945,-0.058355,-0.011191,0.083669,chewing,1.000000,75.000,non_chewing
1921251.0,0.025879,-1.800293,1.000977,-0.042368,-0.006928,0.073011,chewing,1.000000,75.000,non_chewing
1921261.0,0.025391,-1.827148,1.016113,-0.047963,-0.014655,0.070346,chewing,1.000000,75.000,non_chewing
1921271.0,0.021973,-1.836914,1.009277,-0.063152,-0.028245,0.047164,chewing,1.000000,75.000,non_chewing
1921281.0,0.058594,-1.824219,1.003418,-0.059421,-0.0874,-0.014922,chewing,1.000000,75.000,non_chewing
1921291.0,0.03418,-1.834961,0.994629,-0.118842,-0.023715,-0.011191,chewing,1.000000,50.420,non_chewing
1921301.0,0.021973,-1.815918,0.996094,-0.159078,-0.041035,0.072478,chewing,1.000000,50.420,non_chewing
1921311.0,0.076172,-1.790527,0.978516,-0.113247,-0.202511,0.03544,chewing,1.000000,50.420,non_chewing
1921321.0,0.080566,-1.820313,0.990723,-0.133231,-0.237951,-0.04743,chewing,1.000000,50.420,non_chewing
1921331.0,-0.01416,-1.841309,0.987793,-0.206242,-0.160144,0.117776,chewing,1.000000,50.420,non_chewing
1921341.0,0.052246,-1.769043,0.980957,-0.140426,-0.26513,0.125237,chewing,1.000000,50.420,non_chewing
1921351.0,0.081543,-1.771973,0.995605,-0.131632,-0.280319,-0.017853,chewing,1.000000,50.420,non_chewing
1921361.0,0.018066,-1.822754,1.01416,-0.137761,-0.174266,-0.022649,chewing,1.000000,50.420,non_chewing
1921371.0,0.049805,-1.781738,1.005371,-0.102322,-0.074876,-0.027179,chewing,1.000000,50.420,non_chewing
1921381.0,0.0625,-1.748047,0.980469,-0.114046,0.037305,-0.058355,chewing,1.000000,50.420,non_chewing
1921391.0,0.066406,-1.786621,0.973145,-0.118842,0.063152,-0.179596,chewing,1.000000,50.420,non_chewing
1921401.0,0.081543,-1.774414,0.98584,-0.06475,-0.005862,-0.368251,chewing,1.000000,50.420,non_chewing
1921411.0,0.075684,-1.741699,1.002441,-0.099923,0.021583,-0.3043,chewing,1.000000,50.420,non_chewing
1921421.0,0.026367,-1.78125,1.039063,-0.154548,0.099124,-0.301369,chewing,1.000000,50.420,non_chewing
1921431.0,0.067871,-1.766602,1.054688,-0.094328,0.091397,-0.273124,chewing,1.000000,50.420,non_chewing
1921441.0,0.070801,-1.79248,1.047852,-0.083936,0.134031,-0.300037,chewing,1.000000,50.420,non_chewing
1921451.0,0.076172,-1.805176,1.028809,-0.039703,0.129234,-0.238217,chewing,1.000000,50.420,non_chewing
1921461.0,0.078613,-1.810547,1.030273,-0.041835,0.17773,-0.174799,chewing,1.000000,50.420,non_chewing
1921471.0,0.071777,-1.789551,1.004883,-0.031709,0.146021,-0.072744,chewing,1.000000,50.420,non_chewing
1921481.0,0.07959,-1.78125,1.039551,-0.032242,0.119109,-0.020518,chewing,1.000000,50.420,non_chewing
1921491.0,0.068359,-1.786621,1.03418,-0.034374,0.097525,0.054358,chewing,1.000000,50.420,non_chewing
1921501.0,0.0625,-1.775391,1.041016,-0.021051,0.079139,0.090597,chewing,1.000000,50.420,non_chewing
1921511.0,0.067383,-1.79541,1.045898,-0.029844,0.060753,0.092729,chewing,1.000000,50.420,non_chewing
1921521.0,0.056641,-1.789551,1.037109,-0.051161,0.025847,0.080472,chewing,1.000000,50.420,non_chewing
1921531.0,0.062988,-1.787598,1.053711,-0.039703,-0.035972,0.04823,chewing,1.000000,50.420,non_chewing
1921541.0,0.051758,-1.806152,1.070313,-0.059155,-0.045299,0.050894,chewing,1.000000,50.420,non_chewing
1921551.0,0.040527,-1.806641,1.064941,-0.05649,-0.072744,0.020251,chewing,1.000000,50.420,non_chewing
1921561.0,0.045898,-1.813965,1.049805,-0.057822,-0.058355,0.032775,chewing,1.000000,50.420,non_chewing
1921571.0,0.060547,-1.807617,1.05127,-0.066882,-0.061553,0.034907,chewing,1.000000,50.420,non_chewing
1921581.0,0.056641,-1.807129,1.058594,-0.050628,-0.0437,0.036239,chewing,1.000000,50.420,non_chewing
1921591.0,0.069824,-1.793457,1.036133,-0.058888,-0.022116,0.021051,chewing,1.000000,50.420,non_chewing
1921601.0,0.069824,-1.789551,1.040039,-0.104453,0.037571,0.002665,chewing,1.000000,50.420,non_chewing
1921611.0,0.046875,-1.794922,1.020996,-0.166806,0.053825,-0.019718,chewing,1.000000,50.420,non_chewing
1921621.0,0.041992,-1.796387,1.015625,-0.183326,0.001865,-0.019718,chewing,1.000000,50.420,non_chewing
1921631.0,0.05957,-1.799805,1.006836,-0.174,-0.031975,-0.008527,chewing,1.000000,50.420,non_chewing
1921641.0,0.058105,-1.806152,1.018555,-0.147354,-0.062086,0.002132,chewing,1.000000,50.420,non_chewing
1921651.0,0.056641,-1.813477,1.015137,-0.106851,-0.088466,0.038104,chewing,1.000000,50.420,non_chewing
1921661.0,0.062988,-1.818359,0.979492,-0.076741,-0.086334,0.107651,chewing,1.000000,50.420,non_chewing
1921671.0,0.05957,-1.800293,0.976562,-0.047697,-0.124438,0.085268,chewing,1.000000,50.420,non_chewing
1921681.0,0.053711,-1.802246,1.00293,-0.026913,-0.070879,0.131632,chewing,1.000000,50.420,non_chewing
1921691.0,0.051758,-1.793945,1.025879,0.037571,-0.064217,0.114312,chewing,1.000000,50.420,non_chewing
1921701.0,0.055664,-1.800781,1.000488,0.10472,-0.026913,0.071412,chewing,1.000000,50.420,non_chewing
1921711.0,0.067383,-1.807129,1.023926,0.154282,-0.014655,0.022649,chewing,1.000000,50.420,non_chewing
1921721.0,0.077148,-1.790039,1.023926,0.227292,0.005596,0.005329,chewing,1.000000,50.420,non_chewing
1921731.0,0.063477,-1.793457,1.033203,0.256337,0.018119,-0.018386,chewing,1.000000,50.420,non_chewing
1921741.0,0.064453,-1.798828,1.02832,0.251807,0.01732,-0.032242,chewing,1.000000,50.420,non_chewing
1921751.0,0.055664,-1.791504,1.008301,0.211038,-0.006129,-0.033308,chewing,1.000000,50.420,non_chewing
1921761.0,0.069336,-1.797852,1.01416,0.150018,-0.028778,-0.021051,chewing,1.000000,50.420,non_chewing
1921771.0,0.081543,-1.808105,1.008301,0.099391,-0.020784,0.001865,chewing,1.000000,50.420,non_chewing
1921781.0,0.105469,-1.800781,1.02002,0.041035,-0.009859,0.027446,chewing,1.000000,50.420,non_chewing
1921791.0,0.081055,-1.79248,1.000977,0.012257,-0.009859,0.023715,chewing,1.000000,50.420,non_chewing
1921801.0,0.055664,-1.780762,1.009766,-0.027712,0.010126,0.043966,chewing,1.000000,50.420,non_chewing
1921811.0,0.027344,-1.780273,1.003418,-0.041835,-0.004263,0.074077,chewing,1.000000,50.420,non_chewing
1921821.0,0.05127,-1.790527,1.008789,-0.066616,0.017853,0.099923,chewing,1.000000,50.420,non_chewing
1921831.0,0.045898,-1.790039,0.999512,-0.134031,0.025047,0.106585,chewing,1.000000,50.420,non_chewing
1921841.0,0.074219,-1.794434,0.993652,-0.209972,0.03544,0.211038,chewing,1.000000,50.420,non_chewing
1921851.0,0.060059,-1.815918,0.995117,-0.311228,0.021583,0.136695,chewing,1.000000,50.420,non_chewing
1921861.0,0.039551,-1.81543,0.97998,-0.410352,-0.018652,0.148686,chewing,1.000000,50.420,non_chewing
1921871.0,0.041016,-1.812988,0.994141,-0.539853,-0.08207,0.181994,chewing,1.000000,50.420,non_chewing
1921881.0,0.046875,-1.803711,0.96875,-0.647237,-0.115112,0.236352,chewing,1.000000,50.420,non_chewing
1921891.0,0.050293,-1.843262,0.984863,-0.762349,-0.151084,0.264597,chewing,1.000000,50.420,non_chewing
1921901.0,0.039551,-1.819336,0.958496,-0.786864,-0.087133,0.234487,chewing,1.000000,50.420,non_chewing
1921911.0,0.038086,-1.847168,0.956543,-0.684542,-0.056757,0.230757,chewing,1.000000,50.420,non_chewing
1921921.0,0.044922,-1.847168,0.964844,-0.669087,-0.010126,0.20944,chewing,1.000000,50.420,non_chewing
1921931.0,0.060547,-1.861816,0.946777,-0.569697,0.014123,0.203577,chewing,1.000000,50.420,non_chewing
1921941.0,0.07373,-1.854004,0.947754,-0.484962,0.027446,0.158545,chewing,1.000000,50.420,non_chewing
1921951.0,0.061523,-1.834473,0.939941,-0.379176,0.055424,0.071145,chewing,1.000000,50.420,non_chewing
1921961.0,0.047363,-1.831543,0.95166,-0.230757,0.072211,-0.03011,chewing,1.000000,50.420,non_chewing
1921971.0,0.03418,-1.826172,0.948242,-0.090331,0.116977,-0.077541,chewing,1.000000,50.420,non_chewing
1921981.0,0.041992,-1.839355,0.95459,0.069014,0.179596,-0.110848,chewing,1.000000,50.420,non_chewing
1921991.0,0.039063,-1.828613,0.955566,0.290444,0.18226,-0.180395,chewing,1.000000,50.420,non_chewing
1922001.0,0.050781,-1.825195,0.974609,0.399161,0.153482,-0.230224,chewing,1.000000,50.420,non_chewing
1922011.0,0.079102,-1.818848,0.976562,0.472438,0.078606,-0.258735,chewing,1.000000,50.420,non_chewing
1922021.0,0.120605,-1.827637,0.975586,0.55664,0.071145,-0.326949,chewing,1.000000,50.420,non_chewing
1922031.0,0.098633,-1.825684,0.954102,0.616061,0.154815,-0.364254,chewing,1.000000,50.420,non_chewing
1922041.0,0.040039,-1.82373,0.950195,0.630184,0.184658,-0.340806,chewing,1.000000,50.420,non_chewing
1922051.0,0.033691,-1.817871,0.95752,0.5657,0.144423,-0.259268,chewing,1.000000,50.420,non_chewing
1922061.0,0.034668,-1.814941,0.97168,0.438864,0.096459,-0.174533,chewing,1.000000,50.420,non_chewing
1922071.0,0.032715,-1.808594,0.98584,0.316557,0.058089,-0.099657,chewing,1.000000,50.420,non_chewing
1922081.0,0.039063,-1.80127,0.995117,0.245945,0.038104,-0.013856,chewing,1.000000,50.420,non_chewing
1922091.0,0.043945,-1.791992,1.011719,0.181461,0.055957,-0.007727,chewing,1.000000,50.420,non_chewing
1922101.0,0.046875,-1.787109,1.008789,0.145755,0.071945,-0.036772,chewing,1.000000,50.420,non_chewing
1922111.0,0.046387,-1.791992,1.01123,0.113779,0.106319,-0.044233,chewing,1.000000,50.420,non_chewing
1922121.0,0.051758,-1.793457,1.019531,0.095926,0.108983,-0.069813,chewing,1.000000,50.420,non_chewing
1922131.0,0.062012,-1.802734,1.022461,0.077541,0.105786,-0.081538,chewing,1.000000,50.420,non_chewing
1922141.0,0.054199,-1.79541,1.019531,0.057822,0.09566,-0.085002,chewing,1.000000,50.420,non_chewing
1922151.0,0.054199,-1.785645,1.005859,0.06555,0.085268,-0.079939,chewing,1.000000,50.420,non_chewing
1922161.0,0.060059,-1.78125,1.016602,0.060221,0.080738,-0.062086,chewing,1.000000,50.420,non_chewing
1922171.0,0.0625,-1.78125,1.015625,0.05196,0.070613,-0.041302,chewing,1.000000,50.420,non_chewing
1922181.0,0.058105,-1.775391,1.034668,0.053825,0.080472,-0.031443,chewing,1.000000,50.420,non_chewing
1922191.0,0.061035,-1.777832,0.996094,0.031709,0.06475,-0.036239,chewing,1.000000,50.420,non_chewing
1922201.0,0.0625,-1.774902,1.036133,0.03544,0.079672,-0.041302,chewing,1.000000,50.420,non_chewing
1922211.0,0.068359,-1.802734,1.060547,0.038104,0.078606,-0.062086,chewing,1.000000,50.420,non_chewing
1922221.0,0.066406,-1.796875,1.041016,0.036772,0.091663,-0.060753,chewing,1.000000,50.420,non_chewing
1922231.0,0.064941,-1.8125,1.053711,0.036505,0.080205,-0.049562,chewing,1.000000,50.420,non_chewing
1922241.0,0.0625,-1.808594,1.03418,0.044499,0.067681,-0.040769,chewing,1.000000,50.420,non_chewing
1922251.0,0.053223,-1.799316,1.03418,0.043167,0.060487,-0.049029,chewing,1.000000,50.420,non_chewing
1922261.0,0.051758,-1.805176,1.039551,0.050628,0.049029,-0.053559,chewing,1.000000,50.420,non_chewing
1922271.0,0.057617,-1.793457,1.020508,0.057023,0.022916,-0.038371,chewing,1.000000,50.420,non_chewing
1922281.0,0.060547,-1.798828,1.017578,0.049828,0.022383,-0.035972,chewing,1.000000,50.420,non_chewing
1922291.0,0.069336,-1.79248,1.009277,0.053559,-0.000533,-0.019718,chewing,1.000000,81.081,non_chewing
1922301.0,0.064453,-1.79541,1.017578,0.07008,0.005063,-0.019985,chewing,1.000000,81.081,non_chewing
1922311.0,0.060059,-1.805176,1.011719,0.071145,-0.006928,-0.007461,chewing,1.000000,81.081,non_chewing
1922321.0,0.057617,-1.800781,1.02002,0.085002,-0.038637,-0.006129,chewing,1.000000,81.081,non_chewing
1922331.0,0.067383,-1.807129,1.034668,0.137495,-0.066083,0.059688,chewing,1.000000,81.081,non_chewing
1922341.0,0.085937,-1.78125,1.029785,0.131366,-0.092995,0.037838,chewing,1.000000,81.081,non_chewing
1922351.0,0.067871,-1.817871,1.023438,0.123106,-0.115378,0.035706,chewing,1.000000,81.081,non_chewing
1922361.0,0.071777,-1.844727,1.010254,0.10392,-0.106585,0.018386,chewing,1.000000,81.081,non_chewing
1922371.0,0.067383,-1.806641,1.01123,0.067149,-0.145755,0.016521,chewing,1.000000,81.081,non_chewing
1922381.0,0.073242,-1.75293,1.016602,0.038904,-0.172401,0.031176,chewing,1.000000,81.081,non_chewing
1922391.0,0.059082,-1.776855,1.012695,-0.003997,-0.147887,-0.002132,chewing,1.000000,81.081,non_chewing
1922401.0,0.049316,-1.783691,1.003906,-0.023182,-0.09193,0.016787,chewing,1.000000,81.081,non_chewing
1922411.0,0.062012,-1.772949,1.009277,-0.021583,-0.080738,0.004263,chewing,1.000000,81.081,non_chewing
1922421.0,0.058105,-1.760254,1.021973,-0.031176,-0.019452,-0.005063,chewing,1.000000,81.081,non_chewing
1922431.0,0.06543,-1.776367,1.013184,-0.058622,0.004263,0.013323,chewing,1.000000,81.081,non_chewing
1922441.0,0.077148,-1.795898,1.021973,-0.064484,-0.008527,0.005329,chewing,1.000000,81.081,non_chewing
1922451.0,0.105469,-1.80957,1.040527,-0.048496,-0.037838,0.003464,chewing,1.000000,81.081,non_chewing
1922461.0,0.094238,-1.80127,1.057129,-0.038637,-0.010126,-0.011191,chewing,1.000000,81.081,non_chewing
1922471.0,0.085937,-1.789063,1.046387,-0.012524,0.010925,-0.027712,chewing,1.000000,81.081,non_chewing
1922481.0,0.057617,-1.783691,1.050781,0.02185,0.037038,-0.00373,chewing,1.000000,81.081,non_chewing
1922491.0,0.061523,-1.810059,1.03125,0.032775,0.045565,0.023182,chewing,1.000000,81.081,non_chewing
1922501.0,0.074707,-1.803223,1.044434,0.041835,0.037305,0.01732,chewing,1.000000,81.081,non_chewing
1922511.0,0.062012,-1.822754,1.036621,0.037838,0.057289,0.036239,chewing,1.000000,81.081,non_chewing
1922521.0,0.075684,-1.810547,1.033691,0.039969,0.058089,0.069547,chewing,1.000000,81.081,non_chewing
1922531.0,0.066406,-1.798828,1.044922,0.052493,0.062619,0.085534,chewing,1.000000,81.081,non_chewing
1922541.0,0.075195,-1.796387,1.032715,0.054358,0.04743,0.060487,chewing,1.000000,81.081,non_chewing
1922551.0,0.081055,-1.804688,1.023438,0.053825,0.039969,0.039703,chewing,1.000000,81.081,non_chewing
1922561.0,0.07959,-1.777344,1.038574,0.04823,0.033841,0.00906,chewing,1.000000,81.081,non_chewing
1922571.0,0.078613,-1.777344,1.023926,0.023182,0.037305,0.013057,chewing,1.000000,81.081,non_chewing
1922581.0,0.067871,-1.787109,1.029785,-0.002398,0.028778,-0.000266,chewing,1.000000,81.081,non_chewing
1922591.0,0.053223,-1.790527,1.041504,-0.123639,0.014655,0.013057,chewing,1.000000,81.081,non_chewing
1922601.0,0.058105,-1.79541,1.033691,-0.010925,-0.021051,0.030377,chewing,1.000000,81.081,non_chewing
1922611.0,0.065918,-1.791504,1.03418,0.001066,-0.016254,0.023449,chewing,1.000000,81.081,non_chewing
1922621.0,0.056641,-1.797363,1.037109,0.008793,-0.010392,0.005596,chewing,1.000000,81.081,non_chewing
1922631.0,0.049316,-1.790527,1.040527,0.025047,0.016787,-0.010925,chewing,1.000000,81.081,non_chewing
1922641.0,0.064453,-1.781738,1.048828,0.047697,0.039969,-0.032775,chewing,1.000000,81.081,non_chewing
1922651.0,0.064453,-1.800293,1.022949,0.071945,0.046364,-0.074343,chewing,1.000000,81.081,non_chewing
1922661.0,0.051758,-1.796875,1.025391,0.064484,0.033841,-0.055424,chewing,1.000000,81.081,non_chewing
1922671.0,0.052734,-1.78418,1.026367,0.040769,0.035706,-0.038104,chewing,1.000000,81.081,non_chewing
1922681.0,0.057617,-1.783691,1.046875,0.03464,0.006662,-0.036772,chewing,1.000000,81.081,non_chewing
1922691.0,0.085937,-1.798828,1.043457,0.032242,0.010925,-0.056757,chewing,1.000000,81.081,non_chewing
1922701.0,0.09375,-1.789063,1.05127,0.040769,0.001332,-0.075942,chewing,1.000000,81.081,non_chewing
1922711.0,0.103027,-1.770996,1.061523,0.065816,0.024248,-0.12204,chewing,1.000000,81.081,non_chewing
1922721.0,0.09082,-1.777832,1.06543,0.068481,0.053559,-0.143357,chewing,1.000000,81.081,non_chewing
1922731.0,0.097168,-1.77832,1.067383,0.065017,0.065017,-0.144423,chewing,1.000000,81.081,non_chewing
1922741.0,0.105957,-1.776367,1.047363,0.060487,0.050095,-0.130833,chewing,1.000000,81.081,non_chewing
1922751.0,0.096191,-1.76709,1.056152,0.031709,0.033308,-0.123905,chewing,1.000000,81.081,non_chewing
1922761.0,0.083984,-1.793457,1.051758,0.03917,0.030643,-0.104187,chewing,1.000000,81.081,non_chewing
1922771.0,0.097656,-1.789063,1.052734,0.040236,0.056224,-0.075675,chewing,1.000000,81.081,non_chewing
1922781.0,0.072266,-1.772461,1.035645,0.010925,0.058622,-0.042368,chewing,1.000000,81.081,non_chewing
1922791.0,0.072754,-1.787109,1.053223,0.013856,0.040502,0.020251,chewing,1.000000,81.081,non_chewing
1922801.0,0.084961,-1.779785,1.041016,0.004263,0.033308,0.053292,chewing,1.000000,81.081,non_chewing
1922811.0,0.092285,-1.793457,1.064941,0.008793,0.063685,0.020518,chewing,1.000000,81.081,non_chewing
1922821.0,0.061523,-1.776367,1.048828,-0.014123,0.11298,0.02638,chewing,1.000000,81.081,non_chewing
1922831.0,0.071289,-1.791992,1.065918,-0.02638,0.109783,-0.000799,chewing,1.000000,81.081,non_chewing
1922841.0,0.084473,-1.787109,1.04834,-0.037838,0.13936,-0.053026,chewing,1.000000,81.081,non_chewing
1922851.0,0.069336,-1.783691,1.044434,-0.041835,0.13483,-0.085534,chewing,1.000000,81.081,non_chewing
1922861.0,0.075684,-1.772461,1.0625,-0.055424,0.107651,-0.071945,chewing,1.000000,81.081,non_chewing
1922871.0,0.080078,-1.78418,1.045898,-0.046897,0.120175,-0.05649,chewing,1.000000,81.081,non_chewing
1922881.0,0.075684,-1.779785,1.04834,-0.036505,0.120708,-0.061286,chewing,1.000000,81.081,non_chewing
1922891.0,0.071777,-1.775879,1.036133,-0.038904,0.1303,-0.067149,chewing,1.000000,81.081,non_chewing
1922901.0,0.069336,-1.765625,1.026367,-0.057023,0.115911,-0.0437,chewing,1.000000,81.081,non_chewing
1922911.0,0.08252,-1.77832,1.049805,-0.062352,0.09113,-0.023715,chewing,1.000000,81.081,non_chewing
1922921.0,0.091309,-1.800293,1.064941,-0.044766,0.079139,0.025314,chewing,1.000000,81.081,non_chewing
1922931.0,0.087402,-1.805176,1.067871,-0.032242,0.091397,0.022916,chewing,1.000000,81.081,non_chewing
1922941.0,0.081055,-1.80127,1.047852,-0.015455,0.107917,-0.013856,chewing,1.000000,81.081,non_chewing
1922951.0,0.078125,-1.78418,1.03418,0.002132,0.129501,-0.027712,chewing,1.000000,81.081,non_chewing
1922961.0,0.063477,-1.779785,1.022461,-0.021051,0.149752,-0.01732,chewing,1.000000,81.081,non_chewing
1922971.0,0.064453,-1.785645,1.032715,-0.016787,0.145489,-0.007194,chewing,1.000000,81.081,non_chewing
1922981.0,0.086426,-1.790527,1.023926,-0.041035,0.116977,-0.005329,chewing,1.000000,81.081,non_chewing
1922991.0,0.07666,-1.794434,1.0625,-0.056757,0.091663,0.005862,chewing,1.000000,81.081,non_chewing
1923001.0,0.067383,-1.791016,1.066895,-0.037571,0.094061,-0.028778,chewing,1.000000,81.081,non_chewing
1923011.0,0.053711,-1.783691,1.065918,-0.007461,0.087133,-0.023449,chewing,1.000000,81.081,non_chewing
1923021.0,0.063477,-1.782227,1.060547,-0.00373,0.107384,-0.022383,chewing,1.000000,81.081,non_chewing
1923031.0,0.067383,-1.770996,1.05127,0.007727,0.10392,-0.049029,chewing,1.000000,81.081,non_chewing
1923041.0,0.049805,-1.786133,1.042969,0.022916,0.102855,-0.054092,chewing,1.000000,81.081,non_chewing
1923051.0,0.041016,-1.780273,1.056641,0.045832,0.123905,-0.022116,chewing,1.000000,81.081,non_chewing
1923061.0,0.067871,-1.782715,1.056152,0.037838,0.130034,-0.052493,chewing,1.000000,81.081,non_chewing
1923071.0,0.080078,-1.800781,1.054688,0.024781,0.102055,-0.045032,chewing,1.000000,81.081,non_chewing
1923081.0,0.091309,-1.798828,1.059082,0.022383,0.071145,-0.074876,chewing,1.000000,81.081,non_chewing
1923091.0,0.090332,-1.777344,1.069336,0.029844,0.092462,-0.074876,chewing,1.000000,81.081,non_chewing
1923101.0,0.086426,-1.773926,1.05957,0.032242,0.095127,-0.083669,chewing,1.000000,81.081,non_chewing
1923111.0,0.084473,-1.775879,1.060547,0.033841,0.071678,-0.076741,chewing,1.000000,81.081,non_chewing
1923121.0,0.099121,-1.787109,1.056641,0.015721,0.065816,-0.07834,chewing,1.000000,81.081,non_chewing
1923131.0,0.091309,-1.76709,1.050293,0.011991,0.05649,-0.084202,chewing,1.000000,81.081,non_chewing
1923141.0,0.078613,-1.776855,1.054199,0.003464,0.028778,-0.067149,chewing,1.000000,81.081,non_chewing
1923151.0,0.086426,-1.788086,1.057617,0.021583,0.03091,-0.000533,chewing,1.000000,81.081,non_chewing
1923161.0,0.10791,-1.756348,1.068359,-0.006395,0.027446,-0.005862,chewing,1.000000,81.081,non_chewing
1923171.0,0.098145,-1.760254,1.044434,-0.014922,0.026646,-0.035173,chewing,1.000000,81.081,non_chewing
1923181.0,0.07666,-1.813965,1.045898,-0.037305,0.049828,-0.016254,chewing,1.000000,81.081,non_chewing
1923191.0,0.078125,-1.773926,1.044434,-0.02638,0.065017,0.019185,chewing,1.000000,81.081,non_chewing
1923201.0,0.065918,-1.787598,1.05127,-0.0437,0.048496,0.021317,chewing,1.000000,81.081,non_chewing
1923211.0,0.078613,-1.791504,1.040527,-0.027712,0.039703,0.0437,chewing,1.000000,81.081,non_chewing
1923221.0,0.083008,-1.770996,1.069824,-0.034907,0.033308,0.015188,chewing,1.000000,81.081,non_chewing
1923231.0,0.079102,-1.789551,1.072754,-0.033041,0.052493,-0.022916,chewing,1.000000,81.081,non_chewing
1923241.0,0.067871,-1.78125,1.068359,-0.019452,0.07381,-0.016254,chewing,1.000000,81.081,non_chewing
1923251.0,0.076172,-1.783691,1.066895,-0.02558,0.088732,-0.00373,chewing,1.000000,81.081,non_chewing
1923261.0,0.095703,-1.779297,1.071289,-0.015721,0.096992,-0.013323,chewing,1.000000,81.081,non_chewing
1923271.0,0.108398,-1.78418,1.066895,-0.027179,0.0874,-0.014389,chewing,1.000000,81.081,non_chewing
1923281.0,0.09082,-1.764648,1.076172,-0.040769,0.067415,-0.031443,chewing,1.000000,81.081,non_chewing
1923291.0,0.067871,-1.773926,1.062012,-0.045032,0.0866,-0.013856,chewing,1.000000,81.081,non_chewing
1923301.0,0.083496,-1.766113,1.064941,-0.027712,0.079139,0.029311,chewing,1.000000,81.081,non_chewing
1923311.0,0.088379,-1.762695,1.067383,-0.036772,0.063418,0.032775,chewing,1.000000,81.081,non_chewing
1923321.0,0.102539,-1.762695,1.063477,-0.065283,0.047164,0.051427,chewing,1.000000,81.081,non_chewing
1923331.0,0.084473,-1.783203,1.067383,-0.074077,0.027979,0.084469,chewing,1.000000,81.081,non_chewing
1923341.0,0.093262,-1.773438,1.05957,-0.07381,0.035706,0.089265,chewing,1.000000,81.081,non_chewing
1923351.0,0.101074,-1.794922,1.066895,-0.07834,0.047164,0.101789,chewing,1.000000,81.081,non_chewing
1923361.0,0.106934,-1.785156,1.060547,-0.070613,0.054358,0.077541,chewing,1.000000,81.081,non_chewing
1923371.0,0.078125,-1.787598,1.055664,-0.080472,0.040236,0.026646,chewing,1.000000,81.081,non_chewing
1923381.0,0.056641,-1.784668,1.056152,-0.09566,0.090064,-0.002931,chewing,1.000000,81.081,non_chewing
1923391.0,0.065918,-1.777344,1.047852,-0.086867,0.119908,-0.051427,chewing,1.000000,81.081,non_chewing
1923401.0,0.067383,-1.774902,1.069336,-0.094861,0.164407,-0.038904,chewing,1.000000,81.081,non_chewing
1923411.0,0.071777,-1.79541,1.059082,-0.108184,0.180395,-0.029577,chewing,1.000000,72.289,non_chewing
1923421.0,0.072266,-1.799805,1.043945,-0.109516,0.179862,-0.005862,chewing,1.000000,72.289,non_chewing
1923431.0,0.074707,-1.79834,1.046875,-0.118576,0.163075,0.00826,chewing,1.000000,72.289,non_chewing
1923441.0,0.078125,-1.790527,1.041016,-0.119642,0.16121,0.042101,chewing,1.000000,72.289,non_chewing
1923451.0,0.080078,-1.793457,1.043457,-0.103654,0.14309,0.0429,chewing,1.000000,72.289,non_chewing
1923461.0,0.078125,-1.79541,1.039063,-0.106851,0.140959,0.037038,chewing,1.000000,72.289,non_chewing
1923471.0,0.085449,-1.80127,1.058105,-0.106585,0.111648,0.026113,chewing,1.000000,72.289,non_chewing
1923481.0,0.068848,-1.789063,1.056152,-0.104453,0.098325,0.010658,chewing,1.000000,72.289,non_chewing
1923491.0,0.052246,-1.789063,1.047852,-0.087133,0.067948,-0.001599,chewing,1.000000,72.289,non_chewing
1923501.0,0.053223,-1.780762,1.052734,-0.078074,0.095127,0.005063,chewing,1.000000,72.289,non_chewing
1923511.0,0.044434,-1.779785,1.05957,-0.063951,0.097792,-0.00826,chewing,1.000000,72.289,non_chewing
1923521.0,0.047363,-1.802246,1.048828,-0.077274,0.098325,-0.005329,chewing,1.000000,72.289,non_chewing
1923531.0,0.049805,-1.800293,1.031738,-0.080738,0.094594,-0.004796,chewing,1.000000,72.289,non_chewing
1923541.0,0.066895,-1.798828,1.029297,-0.071412,0.072211,-0.000533,chewing,1.000000,72.289,non_chewing
1923551.0,0.062988,-1.802246,1.044922,-0.069547,0.077541,0.020251,chewing,1.000000,72.289,non_chewing
1923561.0,0.059082,-1.793457,1.044434,-0.061819,0.09113,0.028245,chewing,1.000000,72.289,non_chewing
1923571.0,0.063477,-1.791504,1.052734,-0.056224,0.100989,0.01279,chewing,1.000000,72.289,non_chewing
1923581.0,0.068359,-1.788086,1.066895,-0.046897,0.11751,-0.029311,chewing,1.000000,72.289,non_chewing
1923591.0,0.083008,-1.791016,1.055664,-0.041568,0.111914,-0.055424,chewing,1.000000,72.289,non_chewing
1923601.0,0.083008,-1.791504,1.064941,-0.058355,0.12657,-0.084202,chewing,1.000000,72.289,non_chewing
1923611.0,0.07373,-1.791504,1.052246,-0.052493,0.130567,-0.093528,chewing,1.000000,72.289,non_chewing
1923621.0,0.05127,-1.790039,1.053711,-0.042101,0.140426,-0.065017,chewing,1.000000,72.289,non_chewing
1923631.0,0.04248,-1.771973,1.055176,-0.030377,0.140692,-0.03011,chewing,1.000000,72.289,non_chewing
1923641.0,0.048828,-1.778809,1.053223,-0.021317,0.12657,-0.018919,chewing,1.000000,72.289,non_chewing
1923651.0,0.045898,-1.765137,1.062988,0.002931,0.112714,-0.014123,chewing,1.000000,72.289,non_chewing
1923661.0,0.04834,-1.783691,1.052734,0.011991,0.098858,0.011191,chewing,1.000000,72.289,non_chewing
1923671.0,0.054687,-1.78125,1.054688,-0.002398,0.079672,0.037571,chewing,1.000000,72.289,non_chewing
1923681.0,0.078125,-1.794434,1.061035,-0.019452,0.0866,0.057822,chewing,1.000000,72.289,non_chewing
1923691.0,0.076172,-1.813477,1.058594,-0.018652,0.074343,0.069014,chewing,1.000000,72.289,non_chewing
1923701.0,0.064453,-1.797852,1.048828,-0.005329,0.042101,0.061553,chewing,1.000000,72.289,non_chewing
1923711.0,0.058105,-1.791992,1.078613,0.002665,0.032242,0.060753,chewing,1.000000,72.289,non_chewing
1923721.0,0.067383,-1.781738,1.064453,0.022649,0.014922,0.046631,chewing,1.000000,72.289,non_chewing
1923731.0,0.075195,-1.785156,1.047852,0.042634,0.000266,-0.001865,chewing,1.000000,72.289,non_chewing
1923741.0,0.086914,-1.774902,1.044922,0.04823,0.003997,-0.041035,chewing,1.000000,72.289,non_chewing
1923751.0,0.07959,-1.780273,1.047363,0.055158,-0.015988,-0.055691,chewing,1.000000,72.289,non_chewing
1923761.0,0.074219,-1.783691,1.036621,0.066616,-0.029577,-0.062352,chewing,1.000000,72.289,non_chewing
1923771.0,0.077148,-1.796387,1.028809,0.070346,-0.033308,-0.029311,chewing,1.000000,72.289,non_chewing
1923781.0,0.068359,-1.855469,1.035156,0.108983,-0.009326,-0.049828,chewing,1.000000,72.289,non_chewing
1923791.0,0.088379,-1.76709,1.029297,0.081271,-0.032242,-0.007994,chewing,1.000000,72.289,non_chewing
1923801.0,0.071777,-1.761719,1.037109,0.068747,-0.050894,-0.003997,chewing,1.000000,72.289,non_chewing
1923811.0,0.078125,-1.790039,1.041016,0.04823,-0.027979,-0.022116,chewing,1.000000,72.289,non_chewing
1923821.0,0.102539,-1.788574,1.037598,0.045299,-0.025847,-0.038637,chewing,1.000000,72.289,non_chewing
1923831.0,0.09082,-1.79834,1.04248,0.053026,-0.006662,-0.074343,chewing,1.000000,72.289,non_chewing
1923841.0,0.084961,-1.785645,1.047852,0.040236,0.009326,-0.118309,chewing,1.000000,72.289,non_chewing
1923851.0,0.09375,-1.765625,1.046875,0.019718,0.019718,-0.107118,chewing,1.000000,72.289,non_chewing
1923861.0,0.064941,-1.769531,1.052734,0.007727,0.020518,-0.142025,chewing,1.000000,72.289,non_chewing
1923871.0,0.0625,-1.766113,1.064453,-0.02185,0.018386,-0.137228,chewing,1.000000,72.289,non_chewing
1923881.0,0.0625,-1.759766,1.052734,-0.023982,0.028245,-0.11298,chewing,1.000000,72.289,non_chewing
1923891.0,0.069336,-1.763672,1.05957,-0.0437,0.038371,-0.066616,chewing,1.000000,72.289,non_chewing
1923901.0,0.07666,-1.777344,1.064941,-0.054092,0.031709,-0.063418,chewing,1.000000,72.289,non_chewing
1923911.0,0.069824,-1.777832,1.066895,-0.06102,0.047963,-0.041302,chewing,1.000000,72.289,non_chewing
1923921.0,0.089844,-1.773438,1.066406,-0.075142,0.041568,-0.005063,chewing,1.000000,72.289,non_chewing
1923931.0,0.093262,-1.782715,1.061035,-0.081804,0.021583,-0.022383,chewing,1.000000,72.289,non_chewing
1923941.0,0.116699,-1.772461,1.046875,-0.080738,-0.001066,-0.022649,chewing,1.000000,72.289,non_chewing
1923951.0,0.068848,-1.772949,1.062012,-0.085268,-0.033841,-0.011991,chewing,1.000000,72.289,non_chewing
1923961.0,0.077148,-1.768066,1.057129,-0.089265,-0.085534,0.060487,chewing,1.000000,72.289,non_chewing
1923971.0,0.08252,-1.766113,1.058594,-0.115112,-0.121507,0.130567,chewing,1.000000,72.289,non_chewing
1923981.0,0.077637,-1.785156,1.048828,-0.175066,-0.20944,0.166539,chewing,1.000000,72.289,non_chewing
1923991.0,0.072754,-1.836426,1.045898,-0.254205,-0.290178,0.243014,chewing,1.000000,72.289,non_chewing
1924001.0,0.075684,-1.861816,1.036621,-0.292576,-0.348799,0.295773,chewing,1.000000,72.289,non_chewing
1924011.0,0.049805,-1.84668,1.046387,-0.229957,-0.370116,0.299504,chewing,1.000000,72.289,non_chewing
1924021.0,0.025391,-1.801758,1.057129,-0.240083,-0.377844,0.280319,chewing,1.000000,72.289,non_chewing
1924031.0,0.033203,-1.779297,1.058105,-0.190521,-0.314159,0.259268,chewing,1.000000,72.289,non_chewing
1924041.0,0.026367,-1.762695,1.055176,-0.146554,-0.189188,0.173201,chewing,1.000000,72.289,non_chewing
1924051.0,0.013184,-1.758789,1.054199,-0.102855,-0.07381,0.076208,chewing,1.000000,72.289,non_chewing
1924061.0,0.019043,-1.80957,1.049316,-0.057023,-0.060487,0.081538,chewing,1.000000,72.289,non_chewing
1924071.0,0.047852,-1.773438,1.050781,-0.001332,-0.003464,0.015188,chewing,1.000000,72.289,non_chewing
1924081.0,0.08252,-1.805176,1.038574,0.021317,-0.015721,-0.009593,chewing,1.000000,72.289,non_chewing
1924091.0,0.069824,-1.79541,1.035645,0.015455,-0.024248,-0.060221,chewing,1.000000,72.289,non_chewing
1924101.0,0.091797,-1.782227,1.031738,0.069813,0.023982,-0.16494,chewing,1.000000,72.289,non_chewing
1924111.0,0.082031,-1.759766,1.04834,0.100989,0.027179,-0.151617,chewing,1.000000,72.289,non_chewing
1924121.0,0.064453,-1.774414,1.032227,0.130567,0.067415,-0.146288,chewing,1.000000,72.289,non_chewing
1924131.0,0.071289,-1.782715,1.030762,0.123106,0.095127,-0.137228,chewing,1.000000,72.289,non_chewing
1924141.0,0.067871,-1.780762,1.019531,0.13936,0.142557,-0.115645,chewing,1.000000,72.289,non_chewing
1924151.0,0.053711,-1.780273,1.036133,0.154815,0.136695,-0.095926,chewing,1.000000,72.289,non_chewing
1924161.0,0.086914,-1.818848,1.02832,0.063951,0.119908,-0.041835,chewing,1.000000,72.289,non_chewing
1924171.0,0.106445,-1.806152,1.035645,0.022649,0.123372,-0.036505,chewing,1.000000,72.289,non_chewing
1924181.0,0.09375,-1.809082,1.037598,-0.000533,0.133231,-0.075142,chewing,1.000000,72.289,non_chewing
1924191.0,0.076172,-1.798828,1.04541,-0.03091,0.1303,-0.089531,chewing,1.000000,72.289,non_chewing
1924201.0,0.075684,-1.786621,1.040527,-0.055424,0.119908,-0.087933,chewing,1.000000,72.289,non_chewing
1924211.0,0.085449,-1.786621,1.032715,-0.061553,0.143623,-0.094328,chewing,1.000000,72.289,non_chewing
1924221.0,0.072754,-1.786621,1.032227,-0.067415,0.158279,-0.065816,chewing,1.000000,72.289,non_chewing
1924231.0,0.075684,-1.796875,1.021484,-0.083403,0.162009,-0.00826,chewing,1.000000,72.289,non_chewing
1924241.0,0.088379,-1.799316,1.031738,-0.077807,0.145755,0.022116,chewing,1.000000,72.289,non_chewing
1924251.0,0.095215,-1.79248,1.040527,-0.074077,0.140159,0.022649,chewing,1.000000,72.289,non_chewing
1924261.0,0.103516,-1.786133,1.040527,-0.074343,0.113513,-0.002931,chewing,1.000000,72.289,non_chewing
1924271.0,0.087402,-1.791016,1.06543,-0.062619,0.076741,-0.019452,chewing,1.000000,72.289,non_chewing
1924281.0,0.088867,-1.777832,1.065918,-0.053292,0.066349,0.013323,chewing,1.000000,72.289,non_chewing
1924291.0,0.092285,-1.796875,1.063477,-0.042368,0.070346,0.033041,chewing,1.000000,72.289,non_chewing
1924301.0,0.083008,-1.79541,1.058594,-0.046098,0.053292,0.055691,chewing,1.000000,72.289,non_chewing
1924311.0,0.081055,-1.792969,1.04834,-0.0437,0.044233,0.052493,chewing,1.000000,72.289,non_chewing
1924321.0,0.078613,-1.804199,1.037109,-0.032775,0.021583,0.057822,chewing,1.000000,72.289,non_chewing
1924331.0,0.078613,-1.799316,1.036621,-0.026646,0.000266,0.062086,chewing,1.000000,72.289,non_chewing
1924341.0,0.074707,-1.79834,1.043945,-0.006395,-0.031975,0.063152,chewing,1.000000,72.289,non_chewing
1924351.0,0.083984,-1.788086,1.040039,-0.000266,-0.045032,0.047963,chewing,1.000000,72.289,non_chewing
1924361.0,0.07959,-1.782715,1.012695,0.007727,-0.054358,0.028778,chewing,1.000000,72.289,non_chewing
1924371.0,0.09082,-1.778809,1.018066,-0.009593,-0.07834,0.001332,chewing,1.000000,72.289,non_chewing
1924381.0,0.086914,-1.78125,1.061523,-0.004263,-0.049828,-0.020251,chewing,1.000000,72.289,non_chewing
1924391.0,0.084961,-1.802734,1.053223,0.03464,-0.024781,-0.041302,chewing,1.000000,72.289,non_chewing
1924401.0,0.071777,-1.782715,1.025879,0.030377,-0.027179,-0.0437,chewing,1.000000,72.289,non_chewing
1924411.0,0.069336,-1.745605,1.01123,-0.005329,-0.05196,-0.004796,chewing,1.000000,72.289,non_chewing
1924421.0,0.066406,-1.75293,1.043457,0.000533,-0.035173,-0.01359,chewing,1.000000,72.289,non_chewing
1924431.0,0.078613,-1.792969,1.067871,0.012257,-0.020251,-0.013856,chewing,1.000000,72.289,non_chewing
1924441.0,0.079102,-1.797852,1.049316,0.023715,-0.001066,-0.023182,chewing,1.000000,72.289,non_chewing
1924451.0,0.068848,-1.803711,1.05957,0.007194,0.013856,-0.02185,chewing,1.000000,93.750,non_chewing
1924461.0,0.046875,-1.80957,1.052734,0.00373,0.039436,-0.031975,chewing,1.000000,93.750,non_chewing
1924471.0,0.05957,-1.811035,1.032715,-0.002931,0.050628,-0.014389,chewing,1.000000,93.750,non_chewing
1924481.0,0.068359,-1.800293,1.020996,0.002132,0.066349,0.00373,chewing,1.000000,93.750,non_chewing
1924491.0,0.049316,-1.783691,1.010742,-0.019985,0.086067,-0.007194,chewing,1.000000,93.750,non_chewing
1924501.0,0.041992,-1.779297,1.004883,-0.048496,0.074609,0.019985,chewing,1.000000,93.750,non_chewing
1924511.0,0.048828,-1.776855,1.026367,-0.054092,0.097525,0.039969,chewing,1.000000,93.750,non_chewing
1924521.0,0.053711,-1.783691,1.068848,-0.050628,0.125237,0.00373,chewing,1.000000,93.750,non_chewing
1924531.0,0.054687,-1.79248,1.084961,-0.041568,0.147354,-0.01732,chewing,1.000000,93.750,non_chewing
1924541.0,0.05957,-1.796875,1.056152,-0.058888,0.154282,-0.023449,chewing,1.000000,93.750,non_chewing
1924551.0,0.066406,-1.797363,1.04541,-0.054625,0.18226,-0.015188,chewing,1.000000,93.750,non_chewing
1924561.0,0.066895,-1.783203,1.032227,-0.08287,0.163341,-0.008793,chewing,1.000000,93.750,non_chewing
1924571.0,0.062988,-1.777832,1.026367,-0.107917,0.180928,-0.003198,chewing,1.000000,93.750,non_chewing
1924581.0,0.064941,-1.762207,1.02832,-0.111381,0.16947,-0.006928,chewing,1.000000,93.750,non_chewing
1924591.0,0.069336,-1.765137,1.033203,-0.122839,0.157213,-0.027712,chewing,1.000000,93.750,non_chewing
1924601.0,0.080078,-1.775879,1.031738,-0.128701,0.158812,-0.050361,chewing,1.000000,93.750,non_chewing
1924611.0,0.074219,-1.765137,1.053223,-0.134564,0.165473,-0.062619,chewing,1.000000,93.750,non_chewing
1924621.0,0.084473,-1.762207,1.053223,-0.125504,0.144956,-0.067149,chewing,1.000000,93.750,non_chewing
1924631.0,0.090332,-1.772461,1.063965,-0.122306,0.131632,-0.053825,chewing,1.000000,93.750,non_chewing
1924641.0,0.092773,-1.770996,1.063477,-0.110848,0.129767,-0.077541,chewing,1.000000,93.750,non_chewing
1924651.0,0.091797,-1.779785,1.057129,-0.128968,0.112714,-0.078873,chewing,1.000000,93.750,non_chewing
1924661.0,0.108398,-1.79248,1.055664,-0.111115,0.085002,-0.058355,chewing,1.000000,93.750,non_chewing
1924671.0,0.10498,-1.794434,1.052246,-0.105786,0.06102,-0.052493,chewing,1.000000,93.750,non_chewing
1924681.0,0.109375,-1.787109,1.064941,-0.083136,0.048496,-0.040502,chewing,1.000000,93.750,non_chewing
1924691.0,0.090332,-1.805176,1.042969,-0.061553,0.021317,-0.042368,chewing,1.000000,93.750,non_chewing
1924701.0,0.098633,-1.804688,1.067871,-0.050894,0.008527,-0.051161,chewing,1.000000,93.750,non_chewing
1924711.0,0.104004,-1.79834,1.051758,-0.045299,-0.007461,-0.127636,chewing,1.000000,93.750,non_chewing
1924721.0,0.081543,-1.797852,1.048828,-0.027712,-0.029577,-0.112181,chewing,1.000000,93.750,non_chewing
1924731.0,0.072754,-1.787598,1.043457,-0.030643,-0.045832,-0.143623,chewing,1.000000,93.750,non_chewing
1924741.0,0.073242,-1.784668,1.046387,-0.006129,-0.040236,-0.149752,chewing,1.000000,93.750,non_chewing
1924751.0,0.071777,-1.787109,1.03418,0.000266,-0.027712,-0.122306,chewing,1.000000,93.750,non_chewing
1924761.0,0.070312,-1.783203,1.056152,0.0,-0.033841,-0.09113,chewing,1.000000,93.750,non_chewing
1924771.0,0.089844,-1.800293,1.043457,0.023715,-0.029844,-0.044233,chewing,1.000000,93.750,non_chewing
1924781.0,0.08252,-1.796875,1.054199,0.031176,-0.02638,-0.025847,chewing,1.000000,93.750,non_chewing
1924791.0,0.085449,-1.794922,1.033203,0.035173,-0.029044,0.006395,chewing,1.000000,93.750,non_chewing
1924801.0,0.070801,-1.794434,1.03418,0.046098,-0.028778,0.00906,chewing,1.000000,93.750,non_chewing
1924811.0,0.066895,-1.777344,1.034668,0.0429,-0.021317,0.01732,chewing,1.000000,93.750,non_chewing
1924821.0,0.074219,-1.777832,1.049316,0.041568,-0.018652,0.031176,chewing,1.000000,93.750,non_chewing
1924831.0,0.074707,-1.780762,1.049805,0.029577,-0.008527,0.041568,chewing,1.000000,93.750,non_chewing
1924841.0,0.079102,-1.782715,1.043945,0.021317,-0.01732,0.010658,chewing,1.000000,93.750,non_chewing
1924851.0,0.08252,-1.803223,1.038086,0.032775,-0.009859,0.014922,chewing,1.000000,93.750,non_chewing
1924861.0,0.085449,-1.791504,1.03418,0.006662,-0.007727,-0.005063,chewing,1.000000,93.750,non_chewing
1924871.0,0.085449,-1.786133,1.025879,-0.005596,-0.003464,-0.010126,chewing,1.000000,93.750,non_chewing
1924881.0,0.07666,-1.78418,1.038574,-0.015455,-0.003997,-0.007727,chewing,1.000000,93.750,non_chewing
1924891.0,0.066406,-1.786133,1.038574,-0.02558,-0.001865,-0.007194,chewing,1.000000,93.750,non_chewing
1924901.0,0.016113,-1.787109,1.042969,-0.020518,-0.025847,0.053825,chewing,1.000000,93.750,non_chewing
1924911.0,0.077637,-1.748047,1.032227,-0.033574,0.031975,0.109516,chewing,1.000000,93.750,non_chewing
1924921.0,0.075195,-1.791016,1.036133,-0.032242,-0.005063,0.078074,chewing,1.000000,93.750,non_chewing
1924931.0,0.086426,-1.786621,1.05127,-0.020518,-0.025314,0.206242,chewing,1.000000,93.750,non_chewing
1924941.0,0.106445,-1.788086,1.049805,-0.033308,-0.06475,0.121507,chewing,1.000000,93.750,non_chewing
1924951.0,0.102051,-1.804199,1.046875,-0.005596,-0.089265,0.166006,chewing,1.000000,93.750,non_chewing
1924961.0,0.123047,-1.810547,1.046387,-0.023982,-0.098058,0.149485,chewing,1.000000,93.750,non_chewing
1924971.0,0.119141,-1.836426,1.034668,-0.022116,-0.14389,0.077541,chewing,1.000000,93.750,non_chewing
1924981.0,0.105469,-1.828125,1.043945,-0.007727,-0.158012,0.055424,chewing,1.000000,93.750,non_chewing
1924991.0,0.118164,-1.793457,1.052734,-0.001332,-0.185458,0.007194,chewing,1.000000,93.750,non_chewing
1925001.0,0.098145,-1.781738,1.038086,-0.006129,-0.209972,0.009593,chewing,1.000000,93.750,non_chewing
1925011.0,0.083008,-1.768555,1.039063,-0.000799,-0.204643,0.003464,chewing,1.000000,93.750,non_chewing
1925021.0,0.092285,-1.772949,1.033203,-0.007994,-0.175332,-0.012524,chewing,1.000000,93.750,non_chewing
1925031.0,0.092773,-1.782715,1.042969,-0.011724,-0.208907,-0.001599,chewing,1.000000,93.750,non_chewing
1925041.0,0.09375,-1.776367,1.026367,-0.015721,-0.172135,-0.027446,chewing,1.000000,93.750,non_chewing
1925051.0,0.089844,-1.759277,1.03418,-0.03011,-0.149752,-0.012257,chewing,1.000000,93.750,non_chewing
1925061.0,0.08252,-1.761719,1.012207,-0.055158,-0.1311,-0.045565,chewing,1.000000,93.750,non_chewing
1925071.0,0.082031,-1.759277,1.02832,-0.053292,-0.093528,-0.035173,chewing,1.000000,93.750,non_chewing
1925081.0,0.080078,-1.740723,1.008789,-0.049828,-0.023449,-0.035173,chewing,1.000000,93.750,non_chewing
1925091.0,0.057617,-1.772949,1.007324,-0.051694,0.0429,-0.054358,chewing,1.000000,93.750,non_chewing
1925101.0,0.081055,-1.773438,1.019531,-0.066616,0.089531,-0.083136,chewing,1.000000,93.750,non_chewing
1925111.0,0.06543,-1.787109,1.015137,-0.071412,0.131632,-0.090597,chewing,1.000000,93.750,non_chewing
1925121.0,0.055176,-1.797852,0.996582,-0.078873,0.155081,-0.10392,chewing,1.000000,93.750,non_chewing
1925131.0,0.067871,-1.795898,1.016602,-0.070879,0.163341,-0.124971,chewing,1.000000,93.750,non_chewing
1925141.0,0.07373,-1.799805,1.009277,-0.073277,0.169737,-0.122573,chewing,1.000000,93.750,non_chewing
1925151.0,0.07959,-1.822266,1.004395,-0.055957,0.162542,-0.152683,chewing,1.000000,93.750,non_chewing
1925161.0,0.088379,-1.819824,1.025391,-0.055957,0.180662,-0.187323,chewing,1.000000,93.750,non_chewing
1925171.0,0.100098,-1.809082,1.029785,-0.029044,0.153216,-0.221164,chewing,1.000000,93.750,non_chewing
1925181.0,0.10498,-1.80957,1.038086,-0.022383,0.148686,-0.24781,chewing,1.000000,93.750,non_chewing
1925191.0,0.119629,-1.790039,1.050293,-0.018119,0.133764,-0.255538,chewing,1.000000,93.750,non_chewing
1925201.0,0.120605,-1.776855,1.036621,0.006395,0.145755,-0.239816,chewing,1.000000,93.750,non_chewing
1925211.0,0.129395,-1.775879,1.059082,-0.000533,0.149219,-0.218499,chewing,1.000000,93.750,non_chewing
1925221.0,0.135254,-1.778809,1.056152,0.011724,0.141492,-0.188922,chewing,1.000000,93.750,non_chewing
1925231.0,0.128418,-1.781738,1.039551,0.017054,0.142557,-0.162542,chewing,1.000000,93.750,non_chewing
1925241.0,0.124023,-1.775391,1.033691,0.023715,0.121773,-0.1311,chewing,1.000000,93.750,non_chewing
1925251.0,0.126465,-1.765625,1.040039,-0.003997,0.101256,-0.096992,chewing,1.000000,93.750,non_chewing
1925261.0,0.131836,-1.768555,1.03125,-0.004263,0.086067,-0.075942,chewing,1.000000,93.750,non_chewing
1925271.0,0.126465,-1.778809,1.037109,-0.010126,0.107917,-0.053559,chewing,1.000000,93.750,non_chewing
1925281.0,0.11084,-1.770508,1.040527,-0.014123,0.10472,-0.061819,chewing,1.000000,93.750,non_chewing
1925291.0,0.114746,-1.779297,1.036133,-0.005862,0.093528,-0.036239,chewing,1.000000,93.750,non_chewing
1925301.0,0.120117,-1.773438,1.044922,0.001066,0.111381,-0.064484,chewing,1.000000,93.750,non_chewing
1925311.0,0.121582,-1.769531,1.056641,0.007194,0.14309,-0.089265,chewing,1.000000,93.750,non_chewing
1925321.0,0.12207,-1.771484,1.056641,-0.004263,0.154548,-0.102322,chewing,1.000000,93.750,non_chewing
1925331.0,0.123047,-1.758789,1.055664,-0.002132,0.143357,-0.132165,chewing,1.000000,93.750,non_chewing
1925341.0,0.12207,-1.763672,1.040527,-0.011991,0.16121,-0.139626,chewing,1.000000,93.750,non_chewing
1925351.0,0.112793,-1.758789,1.060059,-0.025047,0.151351,-0.131632,chewing,1.000000,93.750,non_chewing
1925361.0,0.122559,-1.769043,1.0625,-0.027979,0.146554,-0.115645,chewing,1.000000,93.750,non_chewing
1925371.0,0.135742,-1.783691,1.050293,-0.022383,0.123639,-0.079139,chewing,1.000000,93.750,non_chewing
1925381.0,0.148437,-1.79834,1.058594,-0.015988,0.118576,-0.040236,chewing,1.000000,93.750,non_chewing
1925391.0,0.14502,-1.783691,1.038086,-0.040769,0.089798,-0.007461,chewing,1.000000,93.750,non_chewing
1925401.0,0.12207,-1.783203,1.043945,-0.046631,0.053825,0.045565,chewing,1.000000,93.750,non_chewing
1925411.0,0.113281,-1.773926,1.043457,-0.057556,0.019452,0.077274,chewing,1.000000,93.750,non_chewing
1925421.0,0.121094,-1.780762,1.036133,-0.074609,-0.004796,0.108983,chewing,1.000000,93.750,non_chewing
1925431.0,0.115234,-1.782227,1.035156,-0.086067,-0.002398,0.119375,chewing,1.000000,93.750,non_chewing
1925441.0,0.114746,-1.783203,1.035645,-0.086334,0.026913,0.116178,chewing,1.000000,93.750,non_chewing
1925451.0,0.101563,-1.788574,1.028809,-0.093795,0.039436,0.101522,chewing,1.000000,93.750,non_chewing
1925461.0,0.108887,-1.778809,1.042969,-0.10392,0.063951,0.099657,chewing,1.000000,93.750,non_chewing
1925471.0,0.115723,-1.780273,1.037598,-0.106585,0.090864,0.10925,chewing,1.000000,92.308,non_chewing
1925481.0,0.133789,-1.796875,1.035645,-0.104986,0.115378,0.080205,chewing,1.000000,92.308,non_chewing
1925491.0,0.126953,-1.821289,1.023926,-0.113779,0.115645,0.058355,chewing,1.000000,92.308,non_chewing
1925501.0,0.126465,-1.795898,1.034668,-0.117243,0.103387,0.018652,chewing,1.000000,92.308,non_chewing
1925511.0,0.093262,-1.78418,1.032227,-0.116178,0.104986,-0.01732,chewing,1.000000,92.308,non_chewing
1925521.0,0.089844,-1.765625,1.038574,-0.096726,0.112447,0.019718,chewing,1.000000,92.308,non_chewing
1925531.0,0.088867,-1.765625,1.028809,-0.092196,0.12577,0.043966,chewing,1.000000,92.308,non_chewing
1925541.0,0.087402,-1.78125,1.024414,-0.090597,0.12657,0.087133,chewing,1.000000,92.308,non_chewing
1925551.0,0.09082,-1.787598,1.025879,-0.099124,0.095394,0.12124,chewing,1.000000,92.308,non_chewing
1925561.0,0.086914,-1.785156,1.028809,-0.100989,0.076475,0.124172,chewing,1.000000,92.308,non_chewing
1925571.0,0.089844,-1.78125,1.022461,-0.077541,0.057822,0.113513,chewing,1.000000,92.308,non_chewing
1925581.0,0.080566,-1.77832,1.037598,-0.073011,0.030377,0.123639,chewing,1.000000,92.308,non_chewing
1925591.0,0.077637,-1.784668,1.03418,-0.053825,0.010126,0.119908,chewing,1.000000,92.308,non_chewing
1925601.0,0.089355,-1.795898,1.058105,-0.049828,0.00453,0.106585,chewing,1.000000,92.308,non_chewing
1925611.0,0.084473,-1.794922,1.061523,-0.031443,0.00373,0.06928,chewing,1.000000,92.308,non_chewing
1925621.0,0.07959,-1.797852,1.039551,-0.012257,0.01359,0.031975,chewing,1.000000,92.308,non_chewing
1925631.0,0.076172,-1.806641,1.043457,-0.015188,0.017853,-0.017853,chewing,1.000000,92.308,non_chewing
1925641.0,0.078125,-1.817871,1.035156,0.010925,0.014389,-0.034107,chewing,1.000000,92.308,non_chewing
1925651.0,0.078125,-1.808105,1.030273,0.01359,0.015188,-0.076741,chewing,1.000000,92.308,non_chewing
1925661.0,0.072266,-1.80127,1.020996,0.031443,0.022916,-0.098591,chewing,1.000000,92.308,non_chewing
1925671.0,0.066406,-1.803223,1.004883,0.038904,0.026646,-0.111115,chewing,1.000000,92.308,non_chewing
1925681.0,0.077637,-1.801758,1.004883,0.049029,0.017587,-0.129767,chewing,1.000000,92.308,non_chewing
1925691.0,0.078125,-1.803223,0.995117,0.054358,0.023715,-0.115645,chewing,1.000000,92.308,non_chewing
1925701.0,0.074219,-1.821289,1.007813,0.065283,0.044499,-0.100989,chewing,1.000000,92.308,non_chewing
1925711.0,0.06543,-1.813477,1.011719,0.076741,0.066616,-0.086867,chewing,1.000000,92.308,non_chewing
1925721.0,0.072754,-1.80127,1.017578,0.08287,0.090331,-0.088466,chewing,1.000000,92.308,non_chewing
1925731.0,0.09082,-1.79248,1.033203,0.095127,0.124971,-0.096992,chewing,1.000000,92.308,non_chewing
1925741.0,0.095215,-1.789063,1.040527,0.074609,0.13856,-0.130833,chewing,1.000000,92.308,non_chewing
1925751.0,0.109863,-1.784668,1.032227,0.069813,0.142824,-0.167871,chewing,1.000000,92.308,non_chewing
1925761.0,0.109863,-1.779785,1.049805,0.068481,0.145755,-0.207574,chewing,1.000000,92.308,non_chewing
1925771.0,0.111816,-1.779297,1.053223,0.060487,0.140692,-0.231023,chewing,1.000000,92.308,non_chewing
1925781.0,0.120117,-1.773926,1.061523,0.042634,0.131899,-0.268594,chewing,1.000000,92.308,non_chewing
1925791.0,0.177246,-1.745605,1.060059,0.029844,0.163341,-0.32162,chewing,1.000000,92.308,non_chewing
1925801.0,0.128418,-1.772461,1.081055,0.029577,0.095926,-0.224095,chewing,1.000000,92.308,non_chewing
1925811.0,0.173828,-1.753418,1.080078,0.001865,0.079672,-0.216101,chewing,1.000000,92.308,non_chewing
1925821.0,0.215332,-1.771973,1.046875,0.006129,0.079139,-0.196649,chewing,1.000000,92.308,non_chewing
1925831.0,0.191406,-1.759277,1.056152,-0.011191,0.069813,-0.106585,chewing,1.000000,92.308,non_chewing
1925841.0,0.106934,-1.818848,1.101074,-0.06102,0.037571,-0.135896,chewing,1.000000,92.308,non_chewing
1925851.0,0.193359,-1.787598,1.083008,-0.058355,0.000799,-0.00826,chewing,1.000000,92.308,non_chewing
1925861.0,0.206055,-1.77002,1.081543,-0.057023,0.041568,-0.00373,chewing,1.000000,92.308,non_chewing
1925871.0,0.163574,-1.739258,1.08252,-0.098058,0.020518,0.026113,chewing,1.000000,92.308,non_chewing
1925881.0,0.146484,-1.763184,1.062012,-0.097259,0.032242,0.023715,chewing,1.000000,92.308,non_chewing
1925891.0,0.150879,-1.748535,1.054199,-0.119375,0.021317,0.097792,chewing,1.000000,92.308,non_chewing
1925901.0,0.114746,-1.757813,1.036133,-0.111115,0.035173,0.126836,chewing,1.000000,92.308,non_chewing
1925911.0,0.09375,-1.760742,1.049805,-0.13936,0.040236,0.121773,chewing,1.000000,92.308,non_chewing
1925921.0,0.092285,-1.779785,1.064453,-0.120708,0.045565,0.126037,chewing,1.000000,92.308,non_chewing
1925931.0,0.094727,-1.785645,1.057129,-0.120175,0.069014,0.140426,chewing,1.000000,92.308,non_chewing
1925941.0,0.097656,-1.798828,1.045898,-0.123106,0.059155,0.138294,chewing,1.000000,92.308,non_chewing
1925951.0,0.08252,-1.8125,1.045898,-0.132698,0.071945,0.114845,chewing,1.000000,92.308,non_chewing
1925961.0,0.083008,-1.818359,1.046875,-0.124704,0.060221,0.100989,chewing,1.000000,92.308,non_chewing
1925971.0,0.078613,-1.805176,1.029297,-0.10392,0.042368,0.115911,chewing,1.000000,92.308,non_chewing
1925981.0,0.089355,-1.817383,1.022949,-0.107384,0.042368,0.111381,chewing,1.000000,92.308,non_chewing
1925991.0,0.074219,-1.805664,1.015137,-0.09113,0.022649,0.125504,chewing,1.000000,92.308,non_chewing
1926001.0,0.078613,-1.800781,1.028809,-0.072478,0.033574,0.123106,chewing,1.000000,92.308,non_chewing
1926011.0,0.086426,-1.802734,1.029297,-0.059954,0.025847,0.118309,chewing,1.000000,92.308,non_chewing
1926021.0,0.083984,-1.800781,1.012207,-0.06102,0.009859,0.134297,chewing,1.000000,92.308,non_chewing
1926031.0,0.074707,-1.798828,1.007813,-0.065017,-0.009326,0.129501,chewing,1.000000,92.308,non_chewing
1926041.0,0.065918,-1.802246,1.013184,-0.059688,-0.029044,0.149752,chewing,1.000000,92.308,non_chewing
1926051.0,0.061523,-1.797852,1.010742,-0.05276,-0.041035,0.138827,chewing,1.000000,92.308,non_chewing
1926061.0,0.056152,-1.787109,1.02002,-0.042368,-0.038104,0.114312,chewing,1.000000,92.308,non_chewing
1926071.0,0.065918,-1.797363,1.000488,-0.033041,-0.070879,0.090597,chewing,1.000000,92.308,non_chewing
1926081.0,0.05127,-1.788086,1.008789,-0.016521,-0.067149,0.076208,chewing,1.000000,92.308,non_chewing
1926091.0,0.049316,-1.789551,1.021484,-0.002665,-0.043167,0.06102,chewing,1.000000,92.308,non_chewing
1926101.0,0.058594,-1.79541,1.013672,-0.002665,-0.050628,0.033841,chewing,1.000000,92.308,non_chewing
1926111.0,0.063477,-1.809082,1.029297,0.020518,-0.066083,-0.006662,chewing,1.000000,92.308,non_chewing
1926121.0,0.073242,-1.80127,1.032715,0.017587,-0.066616,-0.035706,chewing,1.000000,92.308,non_chewing
1926131.0,0.078125,-1.80957,1.01123,0.024248,-0.071412,-0.067415,chewing,1.000000,92.308,non_chewing
1926141.0,0.086426,-1.820313,1.024414,0.037038,-0.081005,-0.054358,chewing,1.000000,92.308,non_chewing
1926151.0,0.097168,-1.805664,1.026367,0.034907,-0.088466,-0.106851,chewing,1.000000,92.308,non_chewing
1926161.0,0.108887,-1.797363,1.037109,0.055957,-0.10392,-0.140426,chewing,1.000000,92.308,non_chewing
1926171.0,0.10791,-1.793457,1.041016,0.067415,-0.116977,-0.140959,chewing,1.000000,92.308,non_chewing
1926181.0,0.090332,-1.788086,1.029297,0.094061,-0.105253,-0.144689,chewing,1.000000,92.308,non_chewing
1926191.0,0.102051,-1.796387,1.035156,0.104453,-0.119375,-0.137228,chewing,1.000000,92.308,non_chewing
1926201.0,0.11084,-1.808594,1.055664,0.123639,-0.136162,-0.173467,chewing,1.000000,92.308,non_chewing
1926211.0,0.121094,-1.808105,1.041016,0.151351,-0.144956,-0.189721,chewing,1.000000,92.308,non_chewing
1926221.0,0.106934,-1.782227,1.045898,0.159078,-0.125504,-0.201446,chewing,1.000000,92.308,non_chewing
1926231.0,0.091309,-1.785156,1.04541,0.172401,-0.090864,-0.190254,chewing,1.000000,92.308,non_chewing
1926241.0,0.091797,-1.782715,1.047852,0.175865,-0.094861,-0.16947,chewing,1.000000,92.308,non_chewing
1926251.0,0.11377,-1.789063,1.041016,0.158812,-0.082603,-0.156946,chewing,1.000000,92.308,non_chewing
1926261.0,0.137695,-1.782227,1.052246,0.145489,-0.066083,-0.198515,chewing,1.000000,92.308,non_chewing
1926271.0,0.125488,-1.79248,1.043945,0.146021,-0.068747,-0.187856,chewing,1.000000,92.308,non_chewing
1926281.0,0.141602,-1.78418,1.044434,0.142025,-0.039969,-0.200113,chewing,1.000000,92.308,non_chewing
1926291.0,0.150391,-1.77002,1.051758,0.147087,-0.045565,-0.218499,chewing,1.000000,92.308,non_chewing
1926301.0,0.141113,-1.770996,1.046875,0.123905,-0.054358,-0.231023,chewing,1.000000,92.308,non_chewing
1926311.0,0.148926,-1.76709,1.064941,0.101256,-0.03464,-0.23502,chewing,1.000000,92.308,non_chewing
1926321.0,0.160645,-1.75,1.066406,0.092729,-0.029577,-0.220364,chewing,1.000000,92.308,non_chewing
1926331.0,0.134277,-1.758789,1.05127,0.08287,-0.000266,-0.178263,chewing,1.000000,92.308,non_chewing
1926341.0,0.161621,-1.745605,1.060059,0.068747,0.029844,-0.10845,chewing,1.000000,92.308,non_chewing
1926351.0,0.169922,-1.762207,1.067871,0.059155,0.058355,-0.035706,chewing,1.000000,92.308,non_chewing
1926361.0,0.17334,-1.765625,1.068359,0.038637,0.048496,0.039703,chewing,1.000000,92.308,non_chewing
1926371.0,0.174805,-1.770996,1.068848,0.012257,0.036239,0.041035,chewing,1.000000,92.308,non_chewing
1926381.0,0.165039,-1.769043,1.068848,0.002132,0.013057,0.072211,chewing,1.000000,92.308,non_chewing
1926391.0,0.166992,-1.761719,1.073242,-0.016787,0.001599,0.105519,chewing,1.000000,92.308,non_chewing
1926401.0,0.164062,-1.761719,1.085449,-0.041035,0.015721,0.118309,chewing,1.000000,92.308,non_chewing
1926411.0,0.163574,-1.751953,1.07959,-0.074876,-0.007461,0.142824,chewing,1.000000,92.308,non_chewing
1926421.0,0.170898,-1.776855,1.083984,-0.106585,-0.002398,0.103387,chewing,1.000000,92.308,non_chewing
1926431.0,0.168945,-1.76416,1.073242,-0.106052,0.010658,0.087666,chewing,1.000000,92.308,non_chewing
1926441.0,0.162109,-1.770996,1.084961,-0.131366,0.026646,0.113247,chewing,1.000000,92.308,non_chewing
1926451.0,0.165527,-1.765137,1.09375,-0.142291,0.028511,0.1311,chewing,1.000000,92.308,non_chewing
1926461.0,0.154785,-1.765625,1.080566,-0.169737,0.036505,0.136162,chewing,1.000000,92.308,non_chewing
1926471.0,0.154297,-1.780762,1.061523,-0.167871,0.026646,0.151617,chewing,1.000000,92.308,non_chewing
1926481.0,0.159668,-1.785156,1.071777,-0.174799,-0.006129,0.155348,chewing,1.000000,92.308,non_chewing
1926491.0,0.149902,-1.786621,1.043945,-0.178263,-0.022116,0.166273,chewing,1.000000,92.308,non_chewing
1926501.0,0.140625,-1.779785,1.050293,-0.180928,-0.03544,0.205975,chewing,1.000000,92.308,non_chewing
1926511.0,0.126953,-1.787598,1.041016,-0.162276,-0.041835,0.216634,chewing,1.000000,92.308,non_chewing
1926521.0,0.120117,-1.781738,1.050293,-0.146288,-0.039436,0.201179,chewing,1.000000,92.308,non_chewing
1926531.0,0.104492,-1.77002,1.040527,-0.127636,-0.015188,0.157213,chewing,1.000000,107.143,non_chewing
1926541.0,0.083496,-1.790039,1.048828,-0.111648,0.027179,0.140692,chewing,1.000000,107.143,non_chewing
1926551.0,0.080566,-1.788086,1.062012,-0.098058,0.048763,0.125237,chewing,1.000000,107.143,non_chewing
1926561.0,0.102539,-1.796875,1.04834,-0.066083,0.074343,0.082603,chewing,1.000000,107.143,non_chewing
1926571.0,0.092773,-1.803711,1.052734,-0.06102,0.089531,0.065283,chewing,1.000000,107.143,non_chewing
1926581.0,0.10791,-1.800293,1.046387,-0.036505,0.096459,0.015988,chewing,1.000000,107.143,non_chewing
1926591.0,0.108398,-1.802246,1.049316,-0.03917,0.096459,-0.007727,chewing,1.000000,107.143,non_chewing
1926601.0,0.096191,-1.780762,1.058594,-0.017853,0.103121,-0.028778,chewing,1.000000,107.143,non_chewing
1926611.0,0.097656,-1.791504,1.055664,-0.005862,0.116977,-0.055424,chewing,1.000000,107.143,non_chewing
1926621.0,0.114746,-1.806641,1.05127,0.005862,0.123106,-0.0437,chewing,1.000000,107.143,non_chewing
1926631.0,0.114746,-1.789551,1.04541,0.011191,0.131366,-0.075942,chewing,1.000000,107.143,non_chewing
1926641.0,0.114258,-1.792969,1.058105,0.016521,0.120974,-0.088466,chewing,1.000000,107.143,non_chewing
1926651.0,0.118164,-1.77832,1.049316,0.039436,0.118309,-0.088466,chewing,1.000000,107.143,non_chewing
1926661.0,0.115723,-1.785645,1.051758,0.037305,0.109516,-0.081005,chewing,1.000000,107.143,non_chewing
1926671.0,0.125,-1.785156,1.052734,0.030377,0.092729,-0.074876,chewing,1.000000,107.143,non_chewing
1926681.0,0.148437,-1.789551,1.064941,0.040769,0.103387,-0.078074,chewing,1.000000,107.143,non_chewing
1926691.0,0.146973,-1.781738,1.066895,0.029311,0.103387,-0.066882,chewing,1.000000,107.143,non_chewing
1926701.0,0.131348,-1.775879,1.063477,0.037305,0.122573,-0.07008,chewing,1.000000,107.143,non_chewing
1926711.0,0.131836,-1.769531,1.047363,0.048496,0.137495,-0.074876,chewing,1.000000,107.143,non_chewing
1926721.0,0.13623,-1.78418,1.070801,0.029844,0.134564,-0.09193,chewing,1.000000,107.143,non_chewing
1926731.0,0.148437,-1.786133,1.068359,0.023715,0.1303,-0.087133,chewing,1.000000,107.143,non_chewing
1926741.0,0.136719,-1.771484,1.066895,-0.002931,0.136695,-0.106851,chewing,1.000000,107.143,non_chewing
1926751.0,0.14502,-1.76123,1.057129,-0.009326,0.137228,-0.073544,chewing,1.000000,107.143,non_chewing
1926761.0,0.146973,-1.77002,1.055664,-0.026113,0.130567,-0.071678,chewing,1.000000,107.143,non_chewing
1926771.0,0.147461,-1.765137,1.053223,-0.030643,0.121507,-0.054891,chewing,1.000000,107.143,non_chewing
1926781.0,0.147461,-1.774902,1.056641,-0.037305,0.110315,-0.07381,chewing,1.000000,107.143,non_chewing
1926791.0,0.130371,-1.762207,1.066406,-0.043966,0.110848,-0.048763,chewing,1.000000,107.143,non_chewing
1926801.0,0.133301,-1.76416,1.063477,-0.051427,0.118309,-0.00453,chewing,1.000000,107.143,non_chewing
1926811.0,0.132324,-1.76709,1.065918,-0.04823,0.116444,0.023715,chewing,1.000000,107.143,non_chewing
1926821.0,0.130859,-1.786133,1.068848,-0.050894,0.100723,0.033841,chewing,1.000000,107.143,non_chewing
1926831.0,0.128418,-1.785645,1.063965,-0.069014,0.11751,0.050628,chewing,1.000000,107.143,non_chewing
1926841.0,0.124512,-1.788574,1.074219,-0.046364,0.110315,0.026913,chewing,1.000000,107.143,non_chewing
1926851.0,0.11084,-1.787109,1.074219,-0.049562,0.079406,0.007461,chewing,1.000000,107.143,non_chewing
1926861.0,0.102051,-1.779297,1.071777,-0.046364,0.080205,-0.000799,chewing,1.000000,107.143,non_chewing
1926871.0,0.102539,-1.776855,1.066406,-0.045565,0.062352,0.042101,chewing,1.000000,107.143,non_chewing
1926881.0,0.107422,-1.764648,1.063965,-0.066083,0.049562,0.071412,chewing,1.000000,107.143,non_chewing
1926891.0,0.107422,-1.760254,1.07666,-0.079939,0.046098,0.110582,chewing,1.000000,107.143,non_chewing
1926901.0,0.111328,-1.778809,1.050781,-0.083403,0.047697,0.138028,chewing,1.000000,107.143,non_chewing
1926911.0,0.119629,-1.791992,1.047363,-0.096992,0.046631,0.142291,chewing,1.000000,107.143,non_chewing
1926921.0,0.108887,-1.799805,1.051758,-0.078074,0.037571,0.171069,chewing,1.000000,107.143,non_chewing
1926931.0,0.11377,-1.785645,1.051758,-0.089798,0.00373,0.178263,chewing,1.000000,107.143,non_chewing
1926941.0,0.120117,-1.792969,1.049805,-0.102322,-0.021051,0.184392,chewing,1.000000,107.143,non_chewing
1926951.0,0.109375,-1.788086,1.053223,-0.07834,-0.012257,0.195583,chewing,1.000000,107.143,non_chewing
1926961.0,0.096191,-1.787109,1.046387,-0.082337,-0.010925,0.166006,chewing,1.000000,107.143,non_chewing
1926971.0,0.09668,-1.783691,1.058594,-0.083669,-0.007727,0.12124,chewing,1.000000,107.143,non_chewing
1926981.0,0.093262,-1.795898,1.068359,-0.06475,-0.000533,0.085268,chewing,1.000000,107.143,non_chewing
1926991.0,0.095703,-1.783691,1.056152,-0.080738,0.005063,0.050361,chewing,1.000000,107.143,non_chewing
1927001.0,0.085449,-1.77002,1.042969,-0.090597,0.010392,0.017054,chewing,1.000000,107.143,non_chewing
1927011.0,0.087402,-1.797852,1.04248,-0.104187,0.01732,0.007994,chewing,1.000000,107.143,non_chewing
1927021.0,0.098633,-1.816406,1.056152,-0.107917,0.023449,0.019452,chewing,1.000000,107.143,non_chewing
1927031.0,0.087891,-1.818359,1.054688,-0.089265,0.039969,-0.005063,chewing,1.000000,107.143,non_chewing
1927041.0,0.082031,-1.818848,1.042969,-0.065017,0.03544,0.037305,chewing,1.000000,107.143,non_chewing
1927051.0,0.089355,-1.810547,1.047852,-0.065283,0.027179,0.041835,chewing,1.000000,107.143,non_chewing
1927061.0,0.094727,-1.809082,1.056152,-0.047164,0.003464,0.017853,chewing,1.000000,107.143,non_chewing
1927071.0,0.090332,-1.822266,1.056152,-0.064484,0.010126,-0.003464,chewing,1.000000,107.143,non_chewing
1927081.0,0.091797,-1.804688,1.040039,-0.049029,0.020251,-0.015188,chewing,1.000000,107.143,non_chewing
1927091.0,0.083008,-1.79248,1.048828,-0.055957,0.059155,-0.04743,chewing,1.000000,107.143,non_chewing
1927101.0,0.071777,-1.795898,1.02832,-0.043167,0.088466,-0.0429,chewing,1.000000,107.143,non_chewing
1927111.0,0.09082,-1.800781,1.038086,-0.050095,0.097525,-0.050095,chewing,1.000000,107.143,non_chewing
1927121.0,0.094238,-1.797852,1.040527,-0.039703,0.087133,-0.081804,chewing,1.000000,107.143,non_chewing
1927131.0,0.09375,-1.791504,1.048828,-0.025047,0.115911,-0.092462,chewing,1.000000,107.143,non_chewing
1927141.0,0.102539,-1.789063,1.057617,-0.019718,0.112447,-0.097792,chewing,1.000000,107.143,non_chewing
1927151.0,0.116211,-1.780273,1.058105,-0.000533,0.134297,-0.089798,chewing,1.000000,107.143,non_chewing
1927161.0,0.123535,-1.770508,1.067383,-0.00373,0.147087,-0.115645,chewing,1.000000,107.143,non_chewing
1927171.0,0.128906,-1.772949,1.066406,0.005596,0.155081,-0.106052,chewing,1.000000,107.143,non_chewing
1927181.0,0.136719,-1.775391,1.062988,0.014389,0.125504,-0.116711,chewing,1.000000,107.143,non_chewing
1927191.0,0.138672,-1.766602,1.047852,0.011991,0.115378,-0.126836,chewing,1.000000,107.143,non_chewing
1927201.0,0.143555,-1.760254,1.055664,0.002398,0.094594,-0.109516,chewing,1.000000,107.143,non_chewing
1927211.0,0.144043,-1.749512,1.085449,0.020251,0.088732,-0.124971,chewing,1.000000,107.143,non_chewing
1927221.0,0.140137,-1.772949,1.072266,0.028245,0.084469,-0.089798,chewing,1.000000,107.143,non_chewing
1927231.0,0.136719,-1.758789,1.05127,0.024515,0.098858,-0.085268,chewing,1.000000,107.143,non_chewing
1927241.0,0.138184,-1.752441,1.052734,0.035706,0.074343,-0.070613,chewing,1.000000,107.143,non_chewing
1927251.0,0.128418,-1.768066,1.062012,0.03091,0.06102,-0.038104,chewing,1.000000,107.143,non_chewing
1927261.0,0.153809,-1.772461,1.05957,0.001599,0.052227,-0.012257,chewing,1.000000,107.143,non_chewing
1927271.0,0.150391,-1.792969,1.066406,0.011191,0.037305,-0.018919,chewing,1.000000,107.143,non_chewing
1927281.0,0.15332,-1.790039,1.058594,0.038904,0.030643,0.014389,chewing,1.000000,107.143,non_chewing
1927291.0,0.131836,-1.775879,1.052246,0.038371,0.029311,0.005329,chewing,1.000000,107.143,non_chewing
1927301.0,0.112793,-1.777344,1.02832,0.036505,0.036772,0.013856,chewing,1.000000,107.143,non_chewing
1927311.0,0.114746,-1.769531,1.05957,0.016521,0.00826,0.041835,chewing,1.000000,107.143,non_chewing
1927321.0,0.121094,-1.818359,1.075195,0.035972,0.021051,-0.050894,chewing,1.000000,107.143,non_chewing
1927331.0,0.126953,-1.798828,1.054199,0.022116,0.024781,0.063152,chewing,1.000000,107.143,non_chewing
1927341.0,0.121582,-1.782715,1.051758,-0.007461,0.00826,0.077008,chewing,1.000000,107.143,non_chewing
1927351.0,0.120117,-1.787109,1.044434,-0.006395,0.02558,0.082603,chewing,1.000000,107.143,non_chewing
1927361.0,0.112793,-1.778809,1.049805,-0.03091,0.036239,0.098325,chewing,1.000000,107.143,non_chewing
1927371.0,0.102539,-1.781738,1.03125,-0.024248,0.04743,0.095127,chewing,1.000000,107.143,non_chewing
1927381.0,0.070801,-1.772949,1.034668,-0.024515,0.052493,0.064217,chewing,1.000000,107.143,non_chewing
1927391.0,0.070801,-1.775879,1.044434,-0.031975,0.046364,0.053292,chewing,1.000000,107.143,non_chewing
1927401.0,0.072754,-1.773926,1.045898,-0.045832,0.065283,0.033574,chewing,1.000000,107.143,non_chewing
1927411.0,0.058594,-1.783691,1.036621,-0.066616,0.07008,0.021051,chewing,1.000000,107.143,non_chewing
1927421.0,0.080566,-1.796875,1.037598,-0.053292,0.103654,-0.018919,chewing,1.000000,107.143,non_chewing
1927431.0,0.066406,-1.787109,1.016113,-0.083136,0.118309,-0.03917,chewing,1.000000,107.143,non_chewing
1927441.0,0.078613,-1.797852,1.035645,-0.10392,0.119109,-0.005329,chewing,1.000000,107.143,non_chewing
1927451.0,0.114746,-1.82666,1.061523,-0.067681,0.156946,-0.005063,chewing,1.000000,107.143,non_chewing
1927461.0,0.091309,-1.799316,1.005371,-0.074609,0.150285,0.010925,chewing,1.000000,107.143,non_chewing
1927471.0,0.092285,-1.795898,1.028809,-0.107118,0.128168,0.046631,chewing,1.000000,107.143,non_chewing
1927481.0,0.094238,-1.811523,1.040039,-0.092995,0.119375,0.074609,chewing,1.000000,107.143,non_chewing
1927491.0,0.085937,-1.79541,1.032715,-0.069547,0.122839,0.077008,chewing,1.000000,107.143,non_chewing
1927501.0,0.07959,-1.783203,1.040039,-0.069014,0.110582,0.086867,chewing,1.000000,107.143,non_chewing
1927511.0,0.07373,-1.776367,1.049316,-0.051161,0.105786,0.075675,chewing,1.000000,107.143,non_chewing
1927521.0,0.079102,-1.779785,1.0625,-0.027712,0.10925,0.077541,chewing,1.000000,107.143,non_chewing
1927531.0,0.087402,-1.79248,1.037598,-0.034907,0.12577,0.062352,chewing,1.000000,107.143,non_chewing
1927541.0,0.109375,-1.809082,1.04541,-0.007994,0.147354,0.028511,chewing,1.000000,107.143,non_chewing
1927551.0,0.139648,-1.827637,1.05127,-0.013323,0.13856,-0.003997,chewing,1.000000,107.143,non_chewing
1927561.0,0.133301,-1.837891,1.057129,-0.012257,0.084469,-0.031443,chewing,1.000000,65.217,non_chewing
1927571.0,0.140137,-1.82373,1.078613,0.022916,0.036772,-0.088199,chewing,1.000000,65.217,non_chewing
1927581.0,0.122559,-1.795898,1.067383,0.014922,-0.011724,-0.155881,chewing,1.000000,65.217,non_chewing
1927591.0,0.117676,-1.787598,1.053223,0.03917,-0.055957,-0.151084,chewing,1.000000,65.217,non_chewing
1927601.0,0.11377,-1.79834,1.038086,0.097259,-0.052227,-0.122839,chewing,1.000000,65.217,non_chewing
1927611.0,0.111328,-1.795898,1.044922,0.141225,-0.046897,-0.100456,chewing,1.000000,65.217,non_chewing
1927621.0,0.101563,-1.766113,1.060547,0.14842,-0.051427,-0.054625,chewing,1.000000,65.217,non_chewing
1927631.0,0.082031,-1.756348,1.061523,0.125504,-0.051427,-0.046098,chewing,1.000000,65.217,non_chewing
1927641.0,0.104004,-1.804688,1.054199,0.128968,-0.112714,-0.039703,chewing,1.000000,65.217,non_chewing
1927651.0,0.086426,-1.741211,1.039063,0.140692,-0.060221,-0.084469,chewing,1.000000,65.217,non_chewing
1927661.0,0.063477,-1.741211,1.035645,0.136962,0.020518,-0.06475,chewing,1.000000,65.217,non_chewing
1927671.0,0.055176,-1.75293,1.039551,0.118309,0.074876,-0.071145,chewing,1.000000,65.217,non_chewing
1927681.0,0.085449,-1.774414,1.048828,0.129767,0.126037,-0.085534,chewing,1.000000,65.217,non_chewing
1927691.0,0.112305,-1.786621,1.053711,0.097259,0.156946,-0.094328,chewing,1.000000,65.217,non_chewing
1927701.0,0.116211,-1.79248,1.041016,0.074077,0.158279,-0.101789,chewing,1.000000,65.217,non_chewing
1927711.0,0.116699,-1.782227,1.044922,0.069014,0.157746,-0.097792,chewing,1.000000,65.217,non_chewing
1927721.0,0.111816,-1.782715,1.069824,0.050361,0.152949,-0.085534,chewing,1.000000,65.217,non_chewing
1927731.0,0.120605,-1.782715,1.067383,0.057822,0.130567,-0.111115,chewing,1.000000,65.217,non_chewing
1927741.0,0.118164,-1.780762,1.060547,0.063152,0.168138,-0.110848,chewing,1.000000,65.217,non_chewing
1927751.0,0.11377,-1.770996,1.046875,0.059421,0.153749,-0.131632,chewing,1.000000,65.217,non_chewing
1927761.0,0.119141,-1.758789,1.049316,0.034374,0.14842,-0.106585,chewing,1.000000,65.217,non_chewing
1927771.0,0.120605,-1.755859,1.07959,0.036772,0.136695,-0.107118,chewing,1.000000,65.217,non_chewing
1927781.0,0.118164,-1.773438,1.109863,0.032242,0.132698,-0.119642,chewing,1.000000,65.217,non_chewing
1927791.0,0.130859,-1.769043,1.083008,0.041835,0.150018,-0.132432,chewing,1.000000,65.217,non_chewing
1927801.0,0.124512,-1.754883,1.075195,0.039703,0.170003,-0.128168,chewing,1.000000,65.217,non_chewing
1927811.0,0.106934,-1.755371,1.055664,0.004796,0.162009,-0.093795,chewing,1.000000,65.217,non_chewing
1927821.0,0.109375,-1.742676,1.05127,-0.010126,0.138827,-0.06928,chewing,1.000000,65.217,non_chewing
1927831.0,0.11084,-1.765137,1.089355,-0.038104,0.13936,-0.043167,chewing,1.000000,65.217,non_chewing
1927841.0,0.117676,-1.785645,1.103516,-0.026913,0.14842,-0.004796,chewing,1.000000,65.217,non_chewing
1927851.0,0.114746,-1.785156,1.101563,-0.026913,0.163608,0.033041,chewing,1.000000,65.217,non_chewing
1927861.0,0.123535,-1.769531,1.083496,-0.038104,0.163874,0.061286,chewing,1.000000,65.217,non_chewing
1927871.0,0.126953,-1.765625,1.062012,-0.043167,0.148153,0.071145,chewing,1.000000,65.217,non_chewing
1927881.0,0.112305,-1.760254,1.050293,-0.074343,0.163075,0.112447,chewing,1.000000,65.217,non_chewing
1927891.0,0.102539,-1.76709,1.060547,-0.094061,0.169737,0.166539,chewing,1.000000,65.217,non_chewing
1927901.0,0.10791,-1.76416,1.066406,-0.115112,0.184126,0.181994,chewing,1.000000,65.217,non_chewing
1927911.0,0.10791,-1.772949,1.060547,-0.119642,0.167871,0.165207,chewing,1.000000,65.217,non_chewing
1927921.0,0.11084,-1.770996,1.067871,-0.132432,0.146021,0.154282,chewing,1.000000,65.217,non_chewing
1927931.0,0.107422,-1.775879,1.07959,-0.141225,0.158545,0.118309,chewing,1.000000,65.217,non_chewing
1927941.0,0.116699,-1.794922,1.091797,-0.129501,0.14309,0.132432,chewing,1.000000,65.217,non_chewing
1927951.0,0.132324,-1.815918,1.086914,-0.1303,0.131366,0.155081,chewing,1.000000,65.217,non_chewing
1927961.0,0.145508,-1.820313,1.084961,-0.119109,0.104986,0.159078,chewing,1.000000,65.217,non_chewing
1927971.0,0.157715,-1.824219,1.081055,-0.101256,0.065283,0.180395,chewing,1.000000,65.217,non_chewing
1927981.0,0.154297,-1.791504,1.07666,-0.084735,0.011991,0.189721,chewing,1.000000,65.217,non_chewing
1927991.0,0.147949,-1.771484,1.075684,-0.078074,-0.057556,0.22143,chewing,1.000000,65.217,non_chewing
1928001.0,0.146484,-1.755371,1.105957,-0.068214,-0.11751,0.239283,chewing,1.000000,65.217,non_chewing
1928011.0,0.127441,-1.742676,1.085938,-0.066882,-0.116444,0.251807,chewing,1.000000,65.217,non_chewing
1928021.0,0.111328,-1.733398,1.084473,-0.099657,-0.148686,0.268861,chewing,1.000000,65.217,non_chewing
1928031.0,0.111328,-1.727051,1.092773,-0.102055,-0.108717,0.265397,chewing,1.000000,65.217,non_chewing
1928041.0,0.102539,-1.727051,1.083984,-0.116444,-0.08287,0.27419,chewing,1.000000,65.217,non_chewing
1928051.0,0.084961,-1.756348,1.070313,-0.128701,-0.061553,0.268861,chewing,1.000000,65.217,non_chewing
1928061.0,0.083984,-1.781738,1.044434,-0.139626,-0.039436,0.243014,chewing,1.000000,65.217,non_chewing
1928071.0,0.083496,-1.774414,1.048828,-0.146554,-0.006395,0.205975,chewing,1.000000,65.217,non_chewing
1928081.0,0.069824,-1.775879,1.030762,-0.150018,0.049562,0.188123,chewing,1.000000,65.217,non_chewing
1928091.0,0.061523,-1.788574,1.041992,-0.172668,0.098325,0.176132,chewing,1.000000,65.217,non_chewing
1928101.0,0.060059,-1.785156,1.038574,-0.167871,0.135363,0.141492,chewing,1.000000,65.217,non_chewing
1928111.0,0.04541,-1.783203,1.038086,-0.188389,0.145222,0.167605,chewing,1.000000,65.217,non_chewing
1928121.0,0.054199,-1.771973,1.040527,-0.202778,0.148686,0.144423,chewing,1.000000,65.217,non_chewing
1928131.0,0.069824,-1.792969,1.016113,-0.205709,0.164407,0.141492,chewing,1.000000,65.217,non_chewing
1928141.0,0.023437,-1.799316,1.049805,-0.232089,0.159345,0.111115,chewing,1.000000,65.217,non_chewing
1928151.0,0.038086,-1.79248,1.021973,-0.217167,0.159877,0.136695,chewing,1.000000,65.217,non_chewing
1928161.0,0.02832,-1.81543,1.038574,-0.222496,0.120974,0.112447,chewing,1.000000,65.217,non_chewing
1928171.0,0.06543,-1.814941,1.018555,-0.218766,0.121507,0.12657,chewing,1.000000,65.217,non_chewing
1928181.0,0.047363,-1.812012,1.029297,-0.199847,0.095127,0.09566,chewing,1.000000,65.217,non_chewing
1928191.0,0.065918,-1.801758,1.032715,-0.177997,0.095926,0.139893,chewing,1.000000,65.217,non_chewing
1928201.0,0.047363,-1.80127,1.057617,-0.209706,0.03917,0.058089,chewing,1.000000,65.217,non_chewing
1928211.0,0.03418,-1.821777,1.019043,-0.195583,0.016254,0.05649,chewing,1.000000,65.217,non_chewing
1928221.0,0.013184,-1.804688,1.030762,-0.12204,-0.016521,0.06102,chewing,1.000000,65.217,non_chewing
1928231.0,0.035156,-1.799805,1.036621,-0.09193,-0.010925,0.029311,chewing,1.000000,65.217,non_chewing
1928241.0,0.017578,-1.806152,1.036133,-0.07008,0.005862,0.06475,chewing,1.000000,65.217,non_chewing
1928251.0,0.007324,-1.783203,1.038086,-0.034907,0.027712,0.095926,chewing,1.000000,65.217,non_chewing
1928261.0,0.02002,-1.79248,1.039551,-0.027712,0.016521,0.079406,chewing,1.000000,65.217,non_chewing
1928271.0,0.015625,-1.804688,1.025879,-0.018919,0.018119,0.061553,chewing,1.000000,65.217,non_chewing
1928281.0,0.025391,-1.811035,1.038086,-0.008793,0.010925,0.047963,chewing,1.000000,65.217,non_chewing
1928291.0,0.017578,-1.80957,1.036621,0.006928,0.006928,0.00453,chewing,1.000000,65.217,non_chewing
1928301.0,0.020508,-1.796387,1.032715,0.009326,0.022116,-0.027179,chewing,1.000000,65.217,non_chewing
1928311.0,0.016113,-1.788086,1.050293,0.023182,0.029844,-0.062086,chewing,1.000000,65.217,non_chewing
1928321.0,0.018066,-1.796387,1.035645,0.024248,0.051427,-0.079672,chewing,1.000000,65.217,non_chewing
1928331.0,0.027832,-1.786621,1.052246,0.026646,0.063152,-0.079939,chewing,1.000000,65.217,non_chewing
1928341.0,0.037109,-1.77832,1.049805,0.017853,0.0874,-0.08207,chewing,1.000000,65.217,non_chewing
1928351.0,0.049805,-1.772461,1.052246,0.009859,0.092196,-0.085268,chewing,1.000000,65.217,non_chewing
1928361.0,0.05127,-1.774902,1.040527,0.008793,0.09113,-0.086334,chewing,1.000000,65.217,non_chewing
1928371.0,0.063477,-1.774414,1.044434,0.01732,0.098325,-0.067149,chewing,1.000000,65.217,non_chewing
1928381.0,0.063965,-1.776855,1.049805,0.014922,0.09193,-0.050095,chewing,1.000000,65.217,non_chewing
1928391.0,0.070312,-1.780762,1.057129,0.014389,0.074876,-0.031975,chewing,1.000000,65.217,non_chewing
1928401.0,0.09668,-1.788086,1.044922,0.014123,0.060221,-0.009326,chewing,1.000000,65.217,non_chewing
1928411.0,0.088379,-1.786621,1.038086,0.015455,0.061286,-0.002398,chewing,1.000000,65.217,non_chewing
1928421.0,0.091309,-1.784668,1.051758,0.005862,0.057822,-0.017853,chewing,1.000000,65.217,non_chewing
1928431.0,0.085937,-1.796875,1.047852,0.001865,0.06475,-0.027179,chewing,1.000000,65.217,non_chewing
1928441.0,0.086914,-1.785156,1.04541,-0.000799,0.058888,-0.03544,chewing,1.000000,65.217,non_chewing
1928451.0,0.071289,-1.768555,1.039551,-0.014922,0.058355,-0.041835,chewing,1.000000,65.217,non_chewing
1928461.0,0.072266,-1.777832,1.041992,-0.035972,0.098591,-0.047697,chewing,1.000000,65.217,non_chewing
1928471.0,0.069336,-1.772949,1.035645,-0.041035,0.113513,-0.0437,chewing,1.000000,65.217,non_chewing
1928481.0,0.061035,-1.778809,1.036621,-0.050095,0.114845,-0.033041,chewing,1.000000,65.217,non_chewing
1928491.0,0.073242,-1.77832,1.043945,-0.058888,0.105519,-0.02185,chewing,1.000000,65.217,non_chewing
1928501.0,0.067871,-1.793457,1.043945,-0.050095,0.090864,-0.023982,chewing,1.000000,65.217,non_chewing
1928511.0,0.071289,-1.786133,1.043457,-0.059688,0.095926,-0.000266,chewing,1.000000,65.217,non_chewing
1928521.0,0.062988,-1.799805,1.043457,-0.06102,0.084202,0.00373,chewing,1.000000,65.217,non_chewing
1928531.0,0.056641,-1.787598,1.043945,-0.050894,0.0866,0.008527,chewing,1.000000,65.217,non_chewing
1928541.0,0.048828,-1.791504,1.044922,-0.033574,0.101256,0.019718,chewing,1.000000,65.217,non_chewing
1928551.0,0.058594,-1.790527,1.049805,-0.047697,0.102855,-0.002132,chewing,1.000000,65.217,non_chewing
1928561.0,0.054687,-1.787109,1.05127,-0.032775,0.090864,-0.013057,chewing,1.000000,65.217,non_chewing
1928571.0,0.053223,-1.776855,1.054199,-0.038104,0.081005,-0.032242,chewing,1.000000,65.217,non_chewing
1928581.0,0.059082,-1.778809,1.052734,-0.022916,0.079672,-0.047164,chewing,1.000000,65.217,non_chewing
1928591.0,0.046387,-1.775879,1.051758,-0.027179,0.085801,-0.034907,chewing,1.000000,65.217,non_chewing
1928601.0,0.056641,-1.776367,1.044922,-0.02558,0.07834,-0.021317,chewing,1.000000,65.217,non_chewing
1928611.0,0.058105,-1.782227,1.056152,-0.019452,0.075409,0.01732,chewing,1.000000,65.217,non_chewing
1928621.0,0.056641,-1.788574,1.039063,-0.024248,0.063152,0.055158,chewing,1.000000,65.217,non_chewing
1928631.0,0.056641,-1.776855,1.032715,-0.023449,0.057023,0.073544,chewing,1.000000,65.217,non_chewing
1928641.0,0.057129,-1.796387,1.024414,-0.007194,0.032775,0.080738,chewing,1.000000,65.217,non_chewing
1928651.0,0.058105,-1.807617,1.033203,0.000799,0.00826,0.106319,chewing,1.000000,65.217,non_chewing
1928661.0,0.055176,-1.81543,1.040039,-0.001066,-0.016521,0.100456,chewing,1.000000,65.217,non_chewing
1928671.0,0.059082,-1.820801,1.036621,0.013057,-0.069014,0.05276,chewing,1.000000,65.217,non_chewing
1928681.0,0.05127,-1.804199,1.041016,0.030377,-0.079406,0.024248,chewing,1.000000,65.217,non_chewing
1928691.0,0.046875,-1.788086,1.032715,0.047697,-0.083669,-0.01732,chewing,1.000000,65.217,non_chewing
1928701.0,0.05127,-1.784668,1.033203,0.023982,-0.044499,0.000266,chewing,1.000000,85.714,non_chewing
1928711.0,0.04834,-1.796387,1.041016,-0.003997,-0.017853,0.03917,chewing,1.000000,85.714,non_chewing
1928721.0,0.056152,-1.803711,1.019043,0.004796,-0.003198,0.094594,chewing,1.000000,85.714,non_chewing
1928731.0,0.064453,-1.800293,1.022949,-0.00373,0.011191,0.085268,chewing,1.000000,85.714,non_chewing
1928741.0,0.057617,-1.797852,1.016113,-0.01359,-0.003464,0.060221,chewing,1.000000,85.714,non_chewing
1928751.0,0.035645,-1.781738,1.036133,-0.040236,0.003464,0.054891,chewing,1.000000,85.714,non_chewing
1928761.0,0.043945,-1.784668,1.030273,-0.054625,0.015455,0.072211,chewing,1.000000,85.714,non_chewing
1928771.0,0.037109,-1.784668,1.036621,-0.058888,0.050628,0.076741,chewing,1.000000,85.714,non_chewing
1928781.0,0.046875,-1.794922,1.030762,-0.05276,0.054891,0.061553,chewing,1.000000,85.714,non_chewing
1928791.0,0.04541,-1.802734,1.037109,-0.060221,0.058355,0.033574,chewing,1.000000,85.714,non_chewing
1928801.0,0.044922,-1.802734,1.034668,-0.063418,0.054891,0.039703,chewing,1.000000,85.714,non_chewing
1928811.0,0.038086,-1.802246,1.039063,-0.04823,0.055957,0.02638,chewing,1.000000,85.714,non_chewing
1928821.0,0.046875,-1.802734,1.019043,-0.038371,0.070879,0.033308,chewing,1.000000,85.714,non_chewing
1928831.0,0.043457,-1.79834,1.01416,-0.060221,0.047164,0.037305,chewing,1.000000,85.714,non_chewing
1928841.0,0.053711,-1.799316,1.058594,-0.06102,0.029044,0.023982,chewing,1.000000,85.714,non_chewing
1928851.0,0.040527,-1.814453,1.057617,-0.061286,0.035706,-0.002132,chewing,1.000000,85.714,non_chewing
1928861.0,0.032715,-1.814941,1.064453,-0.055691,0.03544,-0.048763,chewing,1.000000,85.714,non_chewing
1928871.0,0.036621,-1.813477,1.047852,-0.033574,0.052227,-0.054358,chewing,1.000000,85.714,non_chewing
1928881.0,0.048828,-1.803711,1.025879,-0.014655,0.066083,-0.080738,chewing,1.000000,85.714,non_chewing
1928891.0,0.046875,-1.782227,1.005371,-0.003997,0.088732,-0.08287,chewing,1.000000,85.714,non_chewing
1928901.0,0.056152,-1.769043,1.016602,-0.023715,0.074609,-0.074077,chewing,1.000000,85.714,non_chewing
1928911.0,0.038574,-1.777832,1.02832,-0.041568,0.054358,-0.08287,chewing,1.000000,85.714,non_chewing
1928921.0,0.039063,-1.786621,1.038574,-0.023715,0.036239,-0.088998,chewing,1.000000,85.714,non_chewing
1928931.0,0.033691,-1.777344,1.037598,-0.022383,0.015455,-0.088199,chewing,1.000000,85.714,non_chewing
1928941.0,0.029297,-1.788574,1.025391,0.002665,0.000533,-0.015188,chewing,1.000000,85.714,non_chewing
1928951.0,0.02832,-1.785645,1.027344,-0.018119,0.013057,0.019718,chewing,1.000000,85.714,non_chewing
1928961.0,0.019043,-1.786621,1.034668,0.005063,0.001865,0.043966,chewing,1.000000,85.714,non_chewing
1928971.0,0.034668,-1.797363,1.041016,0.002931,-0.014389,0.063152,chewing,1.000000,85.714,non_chewing
1928981.0,0.033203,-1.786621,1.038574,-0.007461,-0.021583,0.034107,chewing,1.000000,85.714,non_chewing
1928991.0,0.032227,-1.792969,1.037598,-0.012524,-0.034107,0.010392,chewing,1.000000,85.714,non_chewing
1929001.0,0.026367,-1.782227,1.049805,-0.023982,-0.041302,0.011191,chewing,1.000000,85.714,non_chewing
1929011.0,0.030762,-1.781738,1.01416,-0.010658,-0.029044,-0.010925,chewing,1.000000,85.714,non_chewing
1929021.0,0.035645,-1.77002,1.052246,-0.041035,-0.037305,0.006129,chewing,1.000000,85.714,non_chewing
1929031.0,0.039551,-1.791016,1.068848,-0.050628,-0.00453,-0.009326,chewing,1.000000,85.714,non_chewing
1929041.0,0.049805,-1.80127,1.053223,-0.056757,0.023182,-0.022916,chewing,1.000000,85.714,non_chewing
1929051.0,0.047852,-1.797852,1.039063,-0.057023,0.037838,-0.03011,chewing,1.000000,85.714,non_chewing
1929061.0,0.064453,-1.785645,1.044434,-0.071945,0.06928,-0.027446,chewing,1.000000,85.714,non_chewing
1929071.0,0.043457,-1.772461,1.041016,-0.089798,0.063418,-0.019985,chewing,1.000000,85.714,non_chewing
1929081.0,0.049316,-1.766602,1.043945,-0.091397,0.082337,-0.007727,chewing,1.000000,85.714,non_chewing
1929091.0,0.050781,-1.762695,1.058594,-0.111115,0.07834,-0.019985,chewing,1.000000,85.714,non_chewing
1929101.0,0.078613,-1.761719,1.039063,-0.129501,0.08207,-0.018386,chewing,1.000000,85.714,non_chewing
1929111.0,0.07959,-1.775879,1.036133,-0.152683,0.105786,-0.010126,chewing,1.000000,85.714,non_chewing
1929121.0,0.073242,-1.789063,1.034668,-0.148686,0.117776,-0.028245,chewing,1.000000,85.714,non_chewing
1929131.0,0.087402,-1.822266,1.022949,-0.148686,0.094061,-0.042101,chewing,1.000000,85.714,non_chewing
1929141.0,0.075684,-1.811523,1.020996,-0.142824,0.066083,-0.015188,chewing,1.000000,85.714,non_chewing
1929151.0,0.080566,-1.800781,1.024414,-0.130567,0.03544,-0.002398,chewing,1.000000,85.714,non_chewing
1929161.0,0.080078,-1.807129,1.032227,-0.123905,0.015988,-0.001865,chewing,1.000000,85.714,non_chewing
1929171.0,0.072754,-1.797363,1.020508,-0.107118,0.002665,0.024515,chewing,1.000000,85.714,non_chewing
1929181.0,0.061035,-1.800293,1.013672,-0.127103,-0.001865,0.054625,chewing,1.000000,85.714,non_chewing
1929191.0,0.053223,-1.803223,1.022949,-0.103654,0.002398,0.06555,chewing,1.000000,85.714,non_chewing
1929201.0,0.037598,-1.780762,1.02002,-0.098325,0.019452,0.06475,chewing,1.000000,85.714,non_chewing
1929211.0,0.031738,-1.793945,1.02832,-0.120708,0.038904,0.057822,chewing,1.000000,85.714,non_chewing
1929221.0,0.040527,-1.804688,1.02002,-0.08287,0.060487,0.063152,chewing,1.000000,85.714,non_chewing
1929231.0,0.039551,-1.808105,1.01709,-0.087666,0.077008,0.048763,chewing,1.000000,85.714,non_chewing
1929241.0,0.04541,-1.80127,1.027832,-0.075142,0.083936,0.034907,chewing,1.000000,85.714,non_chewing
1929251.0,0.039063,-1.801758,1.024414,-0.067948,0.0866,0.029844,chewing,1.000000,85.714,non_chewing
1929261.0,0.040527,-1.805664,1.035645,-0.069014,0.088998,0.006129,chewing,1.000000,85.714,non_chewing
1929271.0,0.031738,-1.805664,1.018555,-0.060487,0.090864,-0.005063,chewing,1.000000,85.714,non_chewing
1929281.0,0.038086,-1.812012,1.026367,-0.031176,0.083403,-0.018919,chewing,1.000000,85.714,non_chewing
1929291.0,0.03125,-1.806152,1.008301,-0.011724,0.081538,-0.011191,chewing,1.000000,85.714,non_chewing
1929301.0,0.031738,-1.813477,1.022461,-0.010126,0.096193,0.014123,chewing,1.000000,85.714,non_chewing
1929311.0,0.042969,-1.821289,1.026367,0.0,0.085002,0.035706,chewing,1.000000,85.714,non_chewing
1929321.0,0.035156,-1.812012,1.012207,0.002132,0.083136,0.040769,chewing,1.000000,85.714,non_chewing
1929331.0,0.043457,-1.798828,1.018066,0.00826,0.087933,0.015988,chewing,1.000000,85.714,non_chewing
1929341.0,0.036621,-1.798828,1.012207,-0.002665,0.096193,0.020518,chewing,1.000000,85.714,non_chewing
1929351.0,0.036621,-1.809082,1.016113,-0.003997,0.094061,0.005329,chewing,1.000000,85.714,non_chewing
1929361.0,0.046875,-1.803711,1.025879,-0.005862,0.087666,-0.016254,chewing,1.000000,85.714,non_chewing
1929371.0,0.054199,-1.800293,1.024414,-0.010658,0.056224,-0.05196,chewing,1.000000,85.714,non_chewing
1929381.0,0.055176,-1.794434,1.025879,0.021317,0.019185,-0.106319,chewing,1.000000,85.714,non_chewing
1929391.0,0.048828,-1.790039,1.020508,0.025047,0.049296,-0.116977,chewing,1.000000,85.714,non_chewing
1929401.0,0.063477,-1.797363,1.020508,0.02185,0.073011,-0.119642,chewing,1.000000,85.714,non_chewing
1929411.0,0.076172,-1.796875,1.026367,0.030377,0.083669,-0.108184,chewing,1.000000,85.714,non_chewing
1929421.0,0.070312,-1.814453,1.018066,0.030377,0.062619,-0.08207,chewing,1.000000,85.714,non_chewing
1929431.0,0.066406,-1.799316,1.022461,0.024781,0.046631,-0.046364,chewing,1.000000,85.714,non_chewing
1929441.0,0.060547,-1.797363,1.02002,0.030377,0.043167,-0.040502,chewing,1.000000,85.714,non_chewing
1929451.0,0.061523,-1.794434,1.01123,0.018119,0.038371,-0.029044,chewing,1.000000,85.714,non_chewing
1929461.0,0.058594,-1.793457,1.022461,0.016254,0.053825,-0.018386,chewing,1.000000,85.714,non_chewing
1929471.0,0.044434,-1.796875,1.020508,-0.001599,0.041302,-0.046364,chewing,1.000000,85.714,non_chewing
1929481.0,0.051758,-1.793457,1.030273,-0.011458,0.066616,-0.080205,chewing,1.000000,85.714,non_chewing
1929491.0,0.033203,-1.788086,1.043457,-0.015721,0.077274,-0.085268,chewing,1.000000,85.714,non_chewing
1929501.0,0.022461,-1.782227,1.030762,-0.027979,0.0866,-0.083936,chewing,1.000000,85.714,non_chewing
1929511.0,0.024902,-1.787109,1.044434,-0.031176,0.111914,-0.049296,chewing,1.000000,85.714,non_chewing
1929521.0,0.044434,-1.809082,1.024414,-0.017587,0.103654,-0.051694,chewing,1.000000,85.714,non_chewing
1929531.0,0.048828,-1.798828,1.023926,-0.013323,0.114046,-0.044233,chewing,1.000000,85.714,non_chewing
1929541.0,0.059082,-1.799805,1.020996,-0.016787,0.100456,-0.083936,chewing,1.000000,85.714,non_chewing
1929551.0,0.054199,-1.796387,1.04541,-0.009326,0.096992,-0.069014,chewing,1.000000,85.714,non_chewing
1929561.0,0.044922,-1.80127,1.074707,-0.001599,0.072744,-0.088466,chewing,1.000000,85.714,non_chewing
1929571.0,0.03418,-1.787109,1.061523,0.023982,0.07381,-0.102322,chewing,1.000000,85.714,non_chewing
1929581.0,0.036133,-1.779297,1.07666,0.02638,0.066349,-0.087133,chewing,1.000000,85.714,non_chewing
1929591.0,0.04541,-1.777832,1.056641,0.027446,0.068214,-0.074609,chewing,1.000000,85.714,non_chewing
1929601.0,0.062012,-1.794434,1.068848,0.038637,0.085002,-0.032775,chewing,1.000000,85.714,non_chewing
1929611.0,0.072266,-1.796387,1.055664,0.037038,0.076208,-0.007727,chewing,1.000000,85.714,non_chewing
1929621.0,0.094238,-1.800781,1.052734,0.031176,0.06928,0.014389,chewing,1.000000,85.714,non_chewing
1929631.0,0.083496,-1.803711,1.047852,0.019452,0.049296,0.017853,chewing,1.000000,85.714,non_chewing
1929641.0,0.090332,-1.791016,1.037109,0.014389,0.005596,0.019985,chewing,1.000000,85.714,non_chewing
1929651.0,0.077637,-1.791504,1.025879,-0.009593,-0.017587,0.022916,chewing,1.000000,85.714,non_chewing
1929661.0,0.068359,-1.779297,1.016113,-0.010925,-0.033308,0.008793,chewing,1.000000,85.714,non_chewing
1929671.0,0.062012,-1.790527,1.02832,-0.012257,-0.063418,-0.011991,chewing,1.000000,85.714,non_chewing
1929681.0,0.068848,-1.786621,1.015137,-0.013856,-0.062352,-0.006662,chewing,1.000000,85.714,non_chewing
1929691.0,0.049316,-1.775879,1.020508,-0.035173,-0.050361,0.002398,chewing,1.000000,85.714,non_chewing
1929701.0,0.041992,-1.778809,1.01709,-0.049296,-0.041302,0.011991,chewing,1.000000,85.714,non_chewing
1929711.0,0.046875,-1.792969,1.022949,-0.057023,-0.026913,0.018652,chewing,1.000000,85.714,non_chewing
1929721.0,0.064453,-1.801758,1.023926,-0.059155,-0.003997,0.002931,chewing,1.000000,70.588,non_chewing
1929731.0,0.054687,-1.794434,1.032227,-0.083669,-0.006129,-0.001332,chewing,1.000000,70.588,non_chewing
1929741.0,0.043457,-1.802734,1.020996,-0.105786,0.011991,-0.013057,chewing,1.000000,70.588,non_chewing
1929751.0,0.033691,-1.812988,1.03125,-0.13936,0.019185,-0.007994,chewing,1.000000,70.588,non_chewing
1929761.0,0.049316,-1.800781,1.034668,-0.132965,0.043433,0.007994,chewing,1.000000,70.588,non_chewing
1929771.0,0.036621,-1.802246,1.037109,-0.119642,0.071145,0.010392,chewing,1.000000,70.588,non_chewing
1929781.0,0.053711,-1.792969,1.026855,-0.124971,0.097259,0.015721,chewing,1.000000,70.588,non_chewing
1929791.0,0.04248,-1.80957,1.044922,-0.136695,0.100989,0.007994,chewing,1.000000,70.588,non_chewing
1929801.0,0.046387,-1.80957,1.027344,-0.129767,0.108184,0.00373,chewing,1.000000,70.588,non_chewing
1929811.0,0.043457,-1.813477,1.037598,-0.122306,0.104986,0.031443,chewing,1.000000,70.588,non_chewing
1929821.0,0.051758,-1.821289,1.023438,-0.105786,0.09193,0.031443,chewing,1.000000,70.588,non_chewing
1929831.0,0.049316,-1.808594,1.027344,-0.100989,0.090597,0.021583,chewing,1.000000,70.588,non_chewing
1929841.0,0.055176,-1.813965,1.038086,-0.106851,0.079672,0.026113,chewing,1.000000,70.588,non_chewing
1929851.0,0.054687,-1.81543,1.019531,-0.12204,0.067681,0.017587,chewing,1.000000,70.588,non_chewing
1929861.0,0.055664,-1.808594,1.020996,-0.114046,0.053026,0.022383,chewing,1.000000,70.588,non_chewing
1929871.0,0.058105,-1.806152,1.021484,-0.110848,0.046364,0.01732,chewing,1.000000,70.588,non_chewing
1929881.0,0.051758,-1.799805,1.02002,-0.086334,0.040236,0.053825,chewing,1.000000,70.588,non_chewing
1929891.0,0.047852,-1.798828,1.021484,-0.061553,0.023182,0.045565,chewing,1.000000,70.588,non_chewing
1929901.0,0.054687,-1.803223,1.028809,-0.039703,0.041302,0.017587,chewing,1.000000,70.588,non_chewing
1929911.0,0.0625,-1.800781,1.030273,-0.036505,0.040236,-0.015721,chewing,1.000000,70.588,non_chewing
1929921.0,0.04834,-1.796387,1.041016,-0.03011,0.065017,-0.042368,chewing,1.000000,70.588,non_chewing
1929931.0,0.058105,-1.805664,1.024414,-0.02185,0.059954,-0.042368,chewing,1.000000,70.588,non_chewing
1929941.0,0.056152,-1.802734,1.027344,-0.026646,0.057556,-0.047963,chewing,1.000000,70.588,non_chewing
1929951.0,0.052734,-1.800293,1.022461,-0.01732,0.061286,-0.0437,chewing,1.000000,70.588,non_chewing
1929961.0,0.068848,-1.795898,1.025879,-0.023449,0.069547,-0.018919,chewing,1.000000,70.588,non_chewing
1929971.0,0.062988,-1.795898,1.025391,-0.036239,0.068747,-0.017054,chewing,1.000000,70.588,non_chewing
1929981.0,0.074707,-1.791504,1.01416,-0.054092,0.065017,-0.025047,chewing,1.000000,70.588,non_chewing
1929991.0,0.0625,-1.795898,1.019043,-0.074343,0.084202,-0.011191,chewing,1.000000,70.588,non_chewing
1930001.0,0.052246,-1.789551,1.026367,-0.114046,0.083936,0.012257,chewing,1.000000,70.588,non_chewing
1930011.0,0.049316,-1.787598,1.013184,-0.145489,0.061819,0.033308,chewing,1.000000,70.588,non_chewing
1930021.0,0.049316,-1.787109,1.02002,-0.19585,0.054358,0.032242,chewing,1.000000,70.588,non_chewing
1930031.0,0.057129,-1.790527,1.030762,-0.220897,0.043433,0.027446,chewing,1.000000,70.588,non_chewing
1930041.0,0.04541,-1.800293,1.020996,-0.222496,0.031975,-0.007994,chewing,1.000000,70.588,non_chewing
1930051.0,0.051758,-1.815918,1.027832,-0.196649,0.028511,-0.037038,chewing,1.000000,70.588,non_chewing
1930061.0,0.045898,-1.8125,1.017578,-0.166006,0.01732,-0.04823,chewing,1.000000,70.588,non_chewing
1930071.0,0.056152,-1.8125,1.025879,-0.103387,0.035706,-0.053825,chewing,1.000000,70.588,non_chewing
1930081.0,0.035645,-1.804199,1.024414,-0.036772,0.057023,-0.072744,chewing,1.000000,70.588,non_chewing
1930091.0,0.056641,-1.797852,1.001953,-0.03091,0.062885,-0.046098,chewing,1.000000,70.588,non_chewing
1930101.0,0.050781,-1.803223,1.011719,-0.005329,0.075942,-0.007727,chewing,1.000000,70.588,non_chewing
1930111.0,0.03418,-1.819824,1.00293,0.050628,0.075675,0.002398,chewing,1.000000,70.588,non_chewing
1930121.0,0.055176,-1.808105,1.012207,0.059421,0.045565,0.034907,chewing,1.000000,70.588,non_chewing
1930131.0,0.061035,-1.815918,1.010742,0.078074,0.027712,0.02638,chewing,1.000000,70.588,non_chewing
1930141.0,0.050781,-1.802246,1.007813,0.054891,0.011458,0.026646,chewing,1.000000,70.588,non_chewing
1930151.0,0.052734,-1.798828,1.008301,0.045832,0.027712,0.033308,chewing,1.000000,70.588,non_chewing
1930161.0,0.043945,-1.791016,1.02832,0.032242,0.037305,0.019718,chewing,1.000000,70.588,non_chewing
1930171.0,0.044922,-1.79834,1.030273,0.018386,0.051427,-0.003464,chewing,1.000000,70.588,non_chewing
1930181.0,0.052246,-1.800293,1.015625,0.020251,0.060221,-0.014655,chewing,1.000000,70.588,non_chewing
1930191.0,0.050293,-1.80127,1.011719,-0.009326,0.050361,-0.005862,chewing,1.000000,70.588,non_chewing
1930201.0,0.057617,-1.806152,1.005859,-0.012524,0.047164,-0.026113,chewing,1.000000,70.588,non_chewing
1930211.0,0.055176,-1.799316,1.002441,-0.0429,0.03544,-0.050095,chewing,1.000000,70.588,non_chewing
1930221.0,0.051758,-1.80127,1.020996,-0.022916,0.022916,-0.045565,chewing,1.000000,70.588,non_chewing
1930231.0,0.044922,-1.801758,1.004395,-0.035972,0.00373,-0.03091,chewing,1.000000,70.588,non_chewing
1930241.0,0.041992,-1.792969,1.014648,-0.041835,0.00373,-0.011991,chewing,1.000000,70.588,non_chewing
1930251.0,0.047852,-1.799316,1.023926,-0.03544,0.026113,-0.004263,chewing,1.000000,70.588,non_chewing
1930261.0,0.063477,-1.797852,1.004395,-0.058888,0.024781,0.013856,chewing,1.000000,70.588,non_chewing
1930271.0,0.0625,-1.80957,1.020996,-0.028778,0.042634,0.018119,chewing,1.000000,70.588,non_chewing
1930281.0,0.045898,-1.796875,1.01123,-0.023182,0.040502,0.015988,chewing,1.000000,70.588,non_chewing
1930291.0,0.045898,-1.805664,1.022461,-0.027179,0.026913,-0.002132,chewing,1.000000,70.588,non_chewing
1930301.0,0.033691,-1.817383,1.022949,-0.031975,0.037838,-0.013323,chewing,1.000000,70.588,non_chewing
1930311.0,0.050781,-1.8125,0.998047,-0.02638,0.031975,-0.005862,chewing,1.000000,70.588,non_chewing
1930321.0,0.042969,-1.803711,1.021973,-0.020518,0.026913,-0.002665,chewing,1.000000,70.588,non_chewing
1930331.0,0.061035,-1.798828,1.024414,-0.007994,0.028245,-0.007727,chewing,1.000000,70.588,non_chewing
1930341.0,0.059082,-1.79541,1.015625,-0.01279,0.050095,-0.003464,chewing,1.000000,70.588,non_chewing
1930351.0,0.050293,-1.794922,1.01123,-0.015988,0.054092,0.022383,chewing,1.000000,70.588,non_chewing
1930361.0,0.060547,-1.805664,1.01416,-0.001865,0.072211,-0.003198,chewing,1.000000,70.588,non_chewing
1930371.0,0.07959,-1.821777,1.003906,0.031709,0.08287,-0.011191,chewing,1.000000,70.588,non_chewing
1930381.0,0.064941,-1.817871,1.005859,0.010126,0.055691,-0.035706,chewing,1.000000,70.588,non_chewing
1930391.0,0.077637,-1.800781,0.995605,0.00906,0.038637,-0.055424,chewing,1.000000,70.588,non_chewing
1930401.0,0.04834,-1.793945,1.016113,0.003464,0.024781,-0.044499,chewing,1.000000,70.588,non_chewing
1930411.0,0.030762,-1.816406,1.016113,0.010925,0.011458,-0.048496,chewing,1.000000,70.588,non_chewing
1930421.0,0.049316,-1.805664,1.000488,0.013856,0.045832,-0.051694,chewing,1.000000,70.588,non_chewing
1930431.0,0.035645,-1.801758,1.006348,0.025847,0.067681,-0.043433,chewing,1.000000,70.588,non_chewing
1930441.0,0.03418,-1.798828,1.01123,0.028778,0.081271,-0.026113,chewing,1.000000,70.588,non_chewing
1930451.0,0.050781,-1.801758,1.002441,0.017853,0.074077,-0.035972,chewing,1.000000,70.588,non_chewing
1930461.0,0.046387,-1.807129,1.015625,0.000266,0.085801,-0.025847,chewing,1.000000,70.588,non_chewing
1930471.0,0.055664,-1.810547,1.025391,-0.010392,0.06555,-0.018919,chewing,1.000000,70.588,non_chewing
1930481.0,0.060547,-1.825195,1.012695,-0.022916,0.071145,-0.015188,chewing,1.000000,70.588,non_chewing
1930491.0,0.060059,-1.810059,1.016113,-0.018119,0.083669,-0.022116,chewing,1.000000,70.588,non_chewing
1930501.0,0.050293,-1.803223,1.021973,-0.019185,0.069813,-0.040502,chewing,1.000000,70.588,non_chewing
1930511.0,0.058105,-1.793945,1.018555,-0.011191,0.046364,-0.025047,chewing,1.000000,70.588,non_chewing
1930521.0,0.068359,-1.796387,1.037598,0.007994,0.043167,-0.049296,chewing,1.000000,70.588,non_chewing
1930531.0,0.068848,-1.802246,1.02832,-0.00373,0.044766,-0.056757,chewing,1.000000,70.588,non_chewing
1930541.0,0.059082,-1.803711,1.031738,0.017054,0.033308,-0.033308,chewing,1.000000,70.588,non_chewing
1930551.0,0.059082,-1.79834,1.032227,0.007727,0.033308,-0.013856,chewing,1.000000,70.588,non_chewing
1930561.0,0.056641,-1.784668,1.016113,-0.001066,0.027712,0.009593,chewing,1.000000,70.588,non_chewing
1930571.0,0.066895,-1.790527,1.018555,-0.011191,0.030377,0.051161,chewing,1.000000,70.588,non_chewing
1930581.0,0.075195,-1.782227,1.037109,-0.019718,0.029844,0.041835,chewing,1.000000,70.588,non_chewing
1930591.0,0.058594,-1.791504,1.044922,-0.011724,0.043966,0.054092,chewing,1.000000,70.588,non_chewing
1930601.0,0.059082,-1.791992,1.030273,-0.019718,0.029044,0.031709,chewing,1.000000,70.588,non_chewing
1930611.0,0.05957,-1.791504,1.029297,-0.017587,0.046364,0.037838,chewing,1.000000,70.588,non_chewing
1930621.0,0.070312,-1.79834,1.041504,-0.00826,0.035972,0.040502,chewing,1.000000,70.588,non_chewing
1930631.0,0.069824,-1.795898,1.021484,-0.017054,0.029044,0.003464,chewing,1.000000,70.588,non_chewing
1930641.0,0.05957,-1.796387,1.016602,-0.006928,0.021583,-0.015455,chewing,1.000000,70.588,non_chewing
1930651.0,0.050781,-1.78125,1.032715,-0.007994,0.011724,-0.02185,chewing,1.000000,70.588,non_chewing
1930661.0,0.055176,-1.780762,1.019531,-0.020251,0.015455,-0.01732,chewing,1.000000,70.588,non_chewing
1930671.0,0.052246,-1.786133,1.035645,-0.018919,0.035972,-0.005063,chewing,1.000000,70.588,non_chewing
1930681.0,0.059082,-1.789063,1.033691,-0.024248,0.031709,-0.014655,chewing,1.000000,70.588,non_chewing
1930691.0,0.05957,-1.796875,1.03418,-0.049562,0.029577,-0.005862,chewing,1.000000,70.588,non_chewing
1930701.0,0.061035,-1.79834,1.015625,-0.039436,0.021583,0.016254,chewing,1.000000,70.588,non_chewing
1930711.0,0.058594,-1.78125,1.032227,-0.054625,-0.004263,0.015988,chewing,1.000000,70.588,non_chewing
1930721.0,0.062988,-1.777832,1.053711,-0.048763,-0.008527,0.020251,chewing,1.000000,70.588,non_chewing
1930731.0,0.064453,-1.797852,1.041992,-0.029844,0.011191,0.033308,chewing,1.000000,70.588,non_chewing
1930741.0,0.071777,-1.794922,1.03418,-0.046631,0.019718,0.015988,chewing,1.000000,70.588,non_chewing
1930751.0,0.067871,-1.806152,1.022461,-0.036505,0.006129,0.016254,chewing,1.000000,70.588,non_chewing
1930761.0,0.063965,-1.810059,1.030762,-0.045032,-0.022649,-0.032242,chewing,1.000000,70.588,non_chewing
1930771.0,0.062988,-1.808105,1.021973,-0.037305,-0.038104,-0.049029,chewing,1.000000,70.588,non_chewing
1930781.0,0.04541,-1.805176,1.022949,-0.022116,-0.007994,-0.046631,chewing,1.000000,70.588,non_chewing
1930791.0,0.047363,-1.806641,1.010742,-0.016521,0.001332,-0.027712,chewing,1.000000,70.588,non_chewing
1930801.0,0.054687,-1.811035,1.020996,-0.037038,0.006395,-0.018919,chewing,0.725000,60.606,non_chewing
1930811.0,0.049316,-1.813965,1.013184,-0.057289,0.013856,-0.008793,chewing,0.725000,60.606,non_chewing
1930821.0,0.061035,-1.821289,1.015625,-0.062619,0.016787,0.000266,chewing,0.725000,60.606,non_chewing
1930831.0,0.053223,-1.813965,1.006836,-0.055158,-0.00453,0.015455,chewing,0.725000,60.606,non_chewing
1930841.0,0.056641,-1.815918,1.016113,-0.045032,-0.03011,0.037571,chewing,0.725000,60.606,non_chewing
1930851.0,0.061035,-1.800293,1.003418,-0.025314,-0.033308,0.066882,chewing,0.725000,60.606,non_chewing
1930861.0,0.047363,-1.789551,1.004395,-0.009326,-0.017054,0.081538,chewing,0.725000,60.606,non_chewing
1930871.0,0.033203,-1.797363,1.004395,-0.013323,-0.005596,0.09566,chewing,0.725000,60.606,non_chewing
1930881.0,0.028809,-1.796387,1.015137,-0.023182,0.019718,0.090864,chewing,0.725000,60.606,non_chewing
1930891.0,0.024902,-1.789551,1.021973,-0.020784,0.043433,0.07381,chewing,0.725000,60.606,non_chewing
1930901.0,0.032715,-1.806152,1.027344,0.003997,0.04743,0.03011,chewing,0.725000,60.606,non_chewing
1930911.0,0.043945,-1.815918,1.015137,-0.016787,0.073011,-0.000799,chewing,0.725000,60.606,non_chewing
1930921.0,0.048828,-1.812988,1.013672,-0.005596,0.077541,-0.059954,chewing,0.725000,60.606,non_chewing
1930931.0,0.047852,-1.80957,1.005859,-0.007727,0.07381,-0.093262,chewing,0.725000,60.606,non_chewing
1930941.0,0.054687,-1.8125,1.005371,-0.003198,0.063418,-0.110582,chewing,0.725000,60.606,non_chewing
1930951.0,0.059082,-1.811523,0.995117,-0.009593,0.069813,-0.122306,chewing,0.725000,60.606,non_chewing
1930961.0,0.052246,-1.79834,1.010742,-0.001332,0.058622,-0.121507,chewing,0.725000,60.606,non_chewing
1930971.0,0.056152,-1.802734,0.998535,-0.002132,0.058622,-0.101256,chewing,0.725000,60.606,non_chewing
1930981.0,0.077148,-1.806152,1.017578,0.010658,0.085534,-0.047164,chewing,0.725000,60.606,non_chewing
1930991.0,0.061035,-1.805176,1.012695,0.003997,0.092462,-0.016521,chewing,0.725000,60.606,non_chewing
1931001.0,0.067383,-1.80127,1.009766,-0.000799,0.086067,0.009859,chewing,0.725000,60.606,non_chewing
1931011.0,0.046387,-1.803223,1.019531,0.00373,0.079939,0.033308,chewing,0.725000,60.606,non_chewing
1931021.0,0.055664,-1.805664,1.014648,-0.012524,0.09193,0.041568,chewing,0.725000,60.606,non_chewing
1931031.0,0.064941,-1.809082,1.022949,-0.006395,0.098325,0.010126,chewing,0.725000,60.606,non_chewing
1931041.0,0.068359,-1.808594,1.035645,-0.010925,0.120441,-0.000799,chewing,0.725000,60.606,non_chewing
1931051.0,0.058594,-1.791992,1.022461,-0.033041,0.1311,-0.037038,chewing,0.725000,60.606,non_chewing
1931061.0,0.045898,-1.78418,1.028809,-0.044233,0.129234,-0.057822,chewing,0.725000,60.606,non_chewing
1931071.0,0.065918,-1.785645,1.03125,-0.058622,0.11751,-0.032508,chewing,0.725000,60.606,non_chewing
1931081.0,0.05957,-1.776855,1.038574,-0.055158,0.116178,-0.002931,chewing,0.725000,60.606,non_chewing
1931091.0,0.062988,-1.787598,1.018066,-0.049029,0.121773,0.015188,chewing,0.725000,60.606,non_chewing
1931101.0,0.070801,-1.792969,1.027832,-0.062619,0.101789,0.021317,chewing,0.725000,60.606,non_chewing
1931111.0,0.054199,-1.790527,1.027832,-0.058355,0.094328,0.036772,chewing,0.725000,60.606,non_chewing
1931121.0,0.052246,-1.790527,1.019531,-0.060221,0.078873,0.041035,chewing,0.725000,60.606,non_chewing
1931131.0,0.043945,-1.788574,1.026855,-0.054358,0.089531,0.047164,chewing,0.725000,60.606,non_chewing
1931141.0,0.046875,-1.794434,1.032227,-0.037305,0.092196,0.040236,chewing,0.725000,60.606,non_chewing
1931151.0,0.037109,-1.797363,1.02002,-0.054625,0.074876,0.01732,chewing,0.725000,60.606,non_chewing
1931161.0,0.054687,-1.818359,1.033691,-0.066882,0.048496,0.003464,chewing,0.725000,60.606,non_chewing
1931171.0,0.059082,-1.816406,1.032227,-0.06555,0.037838,-0.001066,chewing,0.725000,60.606,non_chewing
1931181.0,0.048828,-1.813477,1.033203,-0.058089,0.039703,-0.006129,chewing,0.725000,60.606,non_chewing
1931191.0,0.037598,-1.814941,1.035645,-0.03917,0.023182,0.000799,chewing,0.725000,60.606,non_chewing
1931201.0,0.032227,-1.805664,1.023438,-0.040236,0.014123,0.011191,chewing,0.725000,60.606,non_chewing
1931211.0,0.035645,-1.810059,1.021973,-0.027979,0.022383,0.016521,chewing,0.725000,60.606,non_chewing
1931221.0,0.037109,-1.805176,1.025879,-0.025314,0.032775,0.028245,chewing,0.725000,60.606,non_chewing
1931231.0,0.036133,-1.806152,1.030762,-0.023982,0.016787,0.016254,chewing,0.725000,60.606,non_chewing
1931241.0,0.052246,-1.805176,1.003418,-0.042634,0.005596,-0.002132,chewing,0.725000,60.606,non_chewing
1931251.0,0.046387,-1.814453,1.030762,-0.036772,0.001865,-0.015455,chewing,0.725000,60.606,non_chewing
1931261.0,0.037109,-1.807617,1.023926,-0.038637,0.021051,-0.023182,chewing,0.725000,60.606,non_chewing
1931271.0,0.041016,-1.815918,1.021484,-0.038371,0.029844,-0.030377,chewing,0.725000,60.606,non_chewing
1931281.0,0.05127,-1.827148,1.01709,-0.044766,0.020251,-0.022916,chewing,0.725000,60.606,non_chewing
1931291.0,0.047852,-1.807617,1.031738,-0.036239,0.023715,-0.031443,chewing,0.725000,60.606,non_chewing
1931301.0,0.040527,-1.813965,1.024414,-0.035972,0.03464,-0.029044,chewing,0.725000,60.606,non_chewing
1931311.0,0.04834,-1.795898,1.01709,-0.041835,0.035972,-0.038104,chewing,0.725000,60.606,non_chewing
1931321.0,0.046387,-1.794434,1.01416,-0.044233,0.043167,-0.051427,chewing,0.725000,60.606,non_chewing
1931331.0,0.04541,-1.798828,1.023438,-0.037571,0.059155,-0.054092,chewing,0.725000,60.606,non_chewing
1931341.0,0.041992,-1.79834,1.019043,-0.028245,0.055691,-0.042634,chewing,0.725000,60.606,non_chewing
1931351.0,0.054687,-1.801758,1.01123,-0.022383,0.069547,-0.039703,chewing,0.725000,60.606,non_chewing
1931361.0,0.055176,-1.805664,1.016113,-0.017853,0.070346,-0.043966,chewing,0.725000,60.606,non_chewing
1931371.0,0.050781,-1.797852,1.019531,-0.010392,0.083936,-0.0429,chewing,0.725000,60.606,non_chewing
1931381.0,0.05127,-1.800781,1.016602,-0.021317,0.079406,-0.06102,chewing,0.725000,60.606,non_chewing
1931391.0,0.057129,-1.795898,1.004395,-0.013057,0.0874,-0.061819,chewing,0.725000,60.606,non_chewing
1931401.0,0.056641,-1.790039,1.008789,-0.031176,0.064484,-0.074876,chewing,0.725000,60.606,non_chewing
1931411.0,0.0625,-1.805664,1.012695,-0.011991,0.077008,-0.047697,chewing,0.725000,60.606,non_chewing
1931421.0,0.067871,-1.798828,1.010254,-0.021317,0.057556,-0.027712,chewing,0.725000,60.606,non_chewing
1931431.0,0.066406,-1.79541,1.01123,-0.022383,0.048763,-0.027712,chewing,0.725000,60.606,non_chewing
1931441.0,0.064941,-1.785156,1.005371,-0.020784,0.040236,-0.021317,chewing,0.725000,60.606,non_chewing
1931451.0,0.071289,-1.79541,1.006836,-0.022116,0.027979,-0.002132,chewing,0.725000,60.606,non_chewing
1931461.0,0.061035,-1.794922,1.02002,-0.015988,0.010392,-0.016254,chewing,0.725000,60.606,non_chewing
1931471.0,0.072266,-1.798828,1.006348,0.002132,-0.008793,-0.03091,chewing,0.725000,60.606,non_chewing
1931481.0,0.064941,-1.789551,1.021484,-0.006129,-0.001599,-0.033574,chewing,0.725000,60.606,non_chewing
1931491.0,0.0625,-1.786133,1.028809,0.009859,0.006662,-0.045032,chewing,0.725000,60.606,non_chewing
1931501.0,0.060547,-1.782227,1.01709,0.005329,0.017853,-0.032775,chewing,0.725000,60.606,non_chewing
1931511.0,0.048828,-1.80127,1.027832,0.015455,0.03011,-0.03011,chewing,0.725000,60.606,non_chewing
1931521.0,0.049316,-1.796875,1.022949,0.003997,0.035706,-0.034107,chewing,0.725000,60.606,non_chewing
1931531.0,0.058105,-1.796875,1.010254,0.009326,0.03011,-0.021317,chewing,0.725000,60.606,non_chewing
1931541.0,0.064453,-1.792969,1.019531,0.004796,0.021051,-0.019185,chewing,0.725000,60.606,non_chewing
1931551.0,0.078613,-1.787109,1.02002,0.003464,0.031709,-0.003464,chewing,0.725000,60.606,non_chewing
1931561.0,0.05957,-1.776367,1.003418,-0.009593,0.034374,-0.011191,chewing,0.725000,60.606,non_chewing
1931571.0,0.069824,-1.779297,1.018066,-0.011991,0.035173,-0.019185,chewing,0.725000,60.606,non_chewing
1931581.0,0.07373,-1.779297,1.015137,-0.010658,0.017587,-0.028778,chewing,0.725000,60.606,non_chewing
1931591.0,0.063477,-1.771484,1.017578,-0.029311,0.030377,-0.018386,chewing,0.725000,60.606,non_chewing
1931601.0,0.053711,-1.78125,1.020996,-0.032242,0.026646,-0.022916,chewing,0.725000,60.606,non_chewing
1931611.0,0.065918,-1.787598,1.012207,-0.043167,0.029844,-0.010392,chewing,0.725000,60.606,non_chewing
1931621.0,0.07373,-1.790039,1.020996,-0.038637,0.039969,-0.016521,chewing,0.725000,60.606,non_chewing
1931631.0,0.054199,-1.791016,1.020508,-0.049828,0.035173,-0.015721,chewing,0.725000,60.606,non_chewing
1931641.0,0.063965,-1.791016,1.023926,-0.050628,0.046631,-0.015721,chewing,0.725000,60.606,non_chewing
1931651.0,0.066406,-1.793945,1.025391,-0.059688,0.040769,-0.005063,chewing,0.725000,60.606,non_chewing
1931661.0,0.064453,-1.786621,1.028809,-0.068747,0.041835,-0.005329,chewing,0.725000,60.606,non_chewing
1931671.0,0.068848,-1.779785,1.024902,-0.065816,0.040502,0.014123,chewing,0.725000,60.606,non_chewing
1931681.0,0.063477,-1.783203,1.038574,-0.076208,0.043433,0.022649,chewing,0.725000,60.606,non_chewing
1931691.0,0.057617,-1.783691,1.039063,-0.076208,0.040769,0.032242,chewing,0.725000,60.606,non_chewing
1931701.0,0.070801,-1.796387,1.037109,-0.075409,0.037838,0.041035,chewing,0.725000,60.606,non_chewing
1931711.0,0.070801,-1.807129,1.041992,-0.065816,0.009593,0.03544,chewing,0.725000,60.606,non_chewing
1931721.0,0.06543,-1.805176,1.028809,-0.064484,0.00373,0.023449,chewing,0.725000,60.606,non_chewing
1931731.0,0.057617,-1.810059,1.023438,-0.046897,-0.007194,0.029577,chewing,0.725000,60.606,non_chewing
1931741.0,0.068848,-1.792969,1.028809,-0.047164,0.001599,0.019185,chewing,0.725000,60.606,non_chewing
1931751.0,0.058594,-1.792969,1.021484,-0.033841,-0.001865,0.027179,chewing,0.725000,60.606,non_chewing
1931761.0,0.053711,-1.791992,1.010742,-0.041835,0.009326,0.032508,chewing,0.725000,60.606,non_chewing
1931771.0,0.0625,-1.803711,1.020508,-0.038104,0.000266,0.031975,chewing,0.725000,60.606,non_chewing
1931781.0,0.05957,-1.801758,1.02002,-0.043966,-0.006928,0.022116,chewing,0.725000,60.606,non_chewing
1931791.0,0.055176,-1.808105,1.014648,-0.047697,-0.016521,0.001066,chewing,0.725000,60.606,non_chewing
1931801.0,0.055664,-1.807617,1.023438,-0.039436,-0.016521,0.007461,chewing,0.725000,60.606,non_chewing
1931811.0,0.044434,-1.800293,1.018555,-0.031176,-0.002132,0.031709,chewing,0.725000,60.606,non_chewing
1931821.0,0.047852,-1.804688,1.020996,-0.020251,0.017587,0.014123,chewing,0.725000,60.606,non_chewing
1931831.0,0.059082,-1.803223,1.000488,-0.018919,0.018919,0.017587,chewing,0.725000,60.606,non_chewing
1931841.0,0.055176,-1.794434,1.012207,-0.020251,-0.004263,0.010392,chewing,0.725000,60.606,non_chewing
1931851.0,0.040039,-1.782715,1.010254,-0.03011,-0.002398,-0.006129,chewing,0.725000,60.606,non_chewing
1931861.0,0.046875,-1.799805,1.016602,-0.031709,0.010658,-0.027979,chewing,0.725000,60.606,non_chewing
1931871.0,0.061523,-1.802734,1.016602,-0.022916,0.012524,-0.042101,chewing,0.725000,60.606,non_chewing
1931881.0,0.059082,-1.80957,1.009766,-0.030377,0.029577,-0.022383,chewing,0.725000,60.606,non_chewing
1931891.0,0.05127,-1.802246,1.01709,-0.039436,0.041835,-0.006662,chewing,0.725000,60.606,non_chewing
1931901.0,0.055176,-1.8125,1.016113,-0.043167,0.029577,0.001599,non_chewing,0.450000,0.000,non_chewing
1931911.0,0.068359,-1.800293,1.020508,-0.033041,0.031443,0.022383,non_chewing,0.450000,0.000,non_chewing
1931921.0,0.071289,-1.802246,1.02002,-0.036505,0.053559,0.002132,non_chewing,0.450000,0.000,non_chewing
1931931.0,0.064941,-1.803223,1.008301,-0.039969,0.042634,0.003198,non_chewing,0.450000,0.000,non_chewing
1931941.0,0.070801,-1.795898,1.029297,-0.042101,0.035173,-0.015188,non_chewing,0.450000,0.000,non_chewing
1931951.0,0.070312,-1.802734,1.015625,-0.019452,0.067681,-0.022383,non_chewing,0.450000,0.000,non_chewing
1931961.0,0.067871,-1.80957,1.008789,-0.020251,0.063685,-0.017054,non_chewing,0.450000,0.000,non_chewing
1931971.0,0.071777,-1.811035,1.004395,-0.019452,0.057822,-0.030377,non_chewing,0.450000,0.000,non_chewing
1931981.0,0.058594,-1.796387,1.013672,-0.028511,0.040236,-0.031443,non_chewing,0.450000,0.000,non_chewing
1931991.0,0.05957,-1.790527,1.027344,-0.032242,0.04823,-0.029577,non_chewing,0.450000,0.000,non_chewing
1932001.0,0.060547,-1.792969,1.029785,-0.028245,0.063685,-0.032508,non_chewing,0.450000,0.000,non_chewing
1932011.0,0.062012,-1.790039,1.013672,-0.016521,0.075409,-0.023715,non_chewing,0.450000,0.000,non_chewing
1932021.0,0.066895,-1.786621,1.033203,-0.018919,0.085002,-0.01279,non_chewing,0.450000,0.000,non_chewing
1932031.0,0.06543,-1.791016,1.037598,-0.013856,0.093262,0.016254,non_chewing,0.450000,0.000,non_chewing
1932041.0,0.062988,-1.80957,1.011719,0.001865,0.107384,0.027712,non_chewing,0.450000,0.000,non_chewing
1932051.0,0.066895,-1.79541,1.012207,-0.016521,0.102055,0.033041,non_chewing,0.450000,0.000,non_chewing
1932061.0,0.069824,-1.793457,1.020508,-0.029844,0.09566,0.023982,non_chewing,0.450000,0.000,non_chewing
1932071.0,0.074219,-1.809082,1.02832,-0.011191,0.090597,-0.008527,non_chewing,0.450000,0.000,non_chewing
1932081.0,0.070312,-1.79834,1.025391,-0.026913,0.083669,-0.009593,non_chewing,0.450000,0.000,non_chewing
1932091.0,0.081543,-1.817383,1.014648,-0.027446,0.080205,-0.025314,non_chewing,0.450000,0.000,non_chewing
1932101.0,0.063477,-1.802246,1.011719,-0.053559,0.04823,-0.002665,non_chewing,0.450000,0.000,non_chewing
1932111.0,0.05957,-1.793945,1.005859,-0.04823,0.034107,-0.002132,non_chewing,0.450000,0.000,non_chewing
1932121.0,0.058105,-1.806152,1.016602,-0.061286,0.02558,-0.016787,non_chewing,0.450000,0.000,non_chewing
1932131.0,0.049316,-1.802246,1.023926,-0.053292,0.033574,-0.012524,non_chewing,0.450000,0.000,non_chewing
1932141.0,0.055176,-1.793457,1.017578,-0.037038,0.050628,-0.01732,non_chewing,0.450000,0.000,non_chewing
1932151.0,0.054199,-1.796875,0.99707,-0.042634,0.05649,-0.015721,non_chewing,0.450000,0.000,non_chewing
1932161.0,0.044922,-1.797852,1.006836,-0.022916,0.073544,-0.015988,non_chewing,0.450000,0.000,non_chewing
1932171.0,0.054199,-1.802246,1.004395,-0.019185,0.076741,-0.018119,non_chewing,0.450000,0.000,non_chewing
1932181.0,0.05127,-1.802246,1.014648,-0.022116,0.077541,-0.0429,non_chewing,0.450000,0.000,non_chewing
1932191.0,0.061035,-1.806641,1.016113,-0.019718,0.095926,-0.037838,non_chewing,0.450000,0.000,non_chewing
1932201.0,0.052734,-1.816406,1.02002,-0.015188,0.110315,-0.04823,non_chewing,0.450000,0.000,non_chewing
1932211.0,0.053711,-1.818848,1.010254,-0.005862,0.09113,-0.066349,non_chewing,0.450000,0.000,non_chewing
1932221.0,0.047363,-1.810547,1.020508,0.006395,0.059954,-0.083403,non_chewing,0.450000,0.000,non_chewing
1932231.0,0.042969,-1.803223,1.018066,0.014389,0.039436,-0.097525,non_chewing,0.450000,0.000,non_chewing
1932241.0,0.039063,-1.791016,1.02002,0.033308,0.043966,-0.075142,non_chewing,0.450000,0.000,non_chewing
1932251.0,0.039063,-1.794922,1.049316,0.052493,0.050628,-0.029844,non_chewing,0.450000,0.000,non_chewing
1932261.0,0.057129,-1.799805,1.039551,0.046897,0.045299,-0.033841,non_chewing,0.450000,0.000,non_chewing
1932271.0,0.072266,-1.810059,1.047852,0.050361,0.027179,-0.065017,non_chewing,0.450000,0.000,non_chewing
1932281.0,0.068848,-1.803223,1.033203,0.053292,0.021583,-0.053026,non_chewing,0.450000,0.000,non_chewing
1932291.0,0.067383,-1.78125,1.019531,0.043433,-0.014123,-0.058888,non_chewing,0.450000,0.000,non_chewing
1932301.0,0.065918,-1.770996,1.021484,0.048496,-0.044499,-0.041568,non_chewing,0.450000,0.000,non_chewing
1932311.0,0.062012,-1.76416,1.038086,0.060753,-0.048496,-0.029044,non_chewing,0.450000,0.000,non_chewing
1932321.0,0.05957,-1.781738,1.086914,0.067149,-0.080738,-0.02185,non_chewing,0.450000,0.000,non_chewing
1932331.0,0.068359,-1.79834,1.069824,0.102055,-0.095394,0.041568,non_chewing,0.450000,0.000,non_chewing
1932341.0,0.063965,-1.807129,1.050293,0.095926,-0.112714,0.070879,non_chewing,0.450000,0.000,non_chewing
1932351.0,0.09082,-1.813965,1.044434,0.082603,-0.153749,0.095394,non_chewing,0.450000,0.000,non_chewing
1932361.0,0.084961,-1.802246,1.013672,0.087133,-0.177464,0.074876,non_chewing,0.450000,0.000,non_chewing
1932371.0,0.055664,-1.77832,1.011719,0.076208,-0.213969,0.062885,non_chewing,0.450000,0.000,non_chewing
1932381.0,0.0625,-1.791016,1.012207,0.05649,-0.228891,0.027979,non_chewing,0.450000,0.000,non_chewing
1932391.0,0.066406,-1.782227,1.013184,0.043433,-0.246478,0.015988,non_chewing,0.450000,0.000,non_chewing
1932401.0,0.068848,-1.782227,1.01123,0.02558,-0.203577,0.041835,non_chewing,0.450000,0.000,non_chewing
1932411.0,0.06543,-1.782227,1.012695,0.018119,-0.179862,0.057289,non_chewing,0.450000,0.000,non_chewing
1932421.0,0.08252,-1.78418,1.013672,-0.016787,-0.161743,0.045299,non_chewing,0.450000,0.000,non_chewing
1932431.0,0.091309,-1.791504,1.022949,-0.046631,-0.09566,0.029844,non_chewing,0.450000,0.000,non_chewing
1932441.0,0.078613,-1.791504,1.013672,-0.075675,-0.051161,0.040502,non_chewing,0.450000,0.000,non_chewing
1932451.0,0.078125,-1.793457,0.999512,-0.114046,0.021051,0.037305,non_chewing,0.450000,0.000,non_chewing
1932461.0,0.077637,-1.806152,1.004883,-0.136962,0.085002,0.057289,non_chewing,0.450000,0.000,non_chewing
1932471.0,0.080566,-1.807129,0.994629,-0.176665,0.124438,0.07008,non_chewing,0.450000,0.000,non_chewing
1932481.0,0.088867,-1.819336,0.984375,-0.192119,0.171602,0.028245,non_chewing,0.450000,0.000,non_chewing
1932491.0,0.087402,-1.831543,0.987305,-0.208107,0.185191,0.029844,non_chewing,0.450000,0.000,non_chewing
1932501.0,0.072266,-1.825195,0.975586,-0.231556,0.22676,0.032775,non_chewing,0.450000,0.000,non_chewing
1932511.0,0.073242,-1.812988,0.98584,-0.235819,0.26513,0.02185,non_chewing,0.450000,0.000,non_chewing
1932521.0,0.063477,-1.814453,0.986328,-0.24408,0.286714,-0.034374,non_chewing,0.450000,0.000,non_chewing
1932531.0,0.054687,-1.813965,0.997559,-0.218233,0.306432,-0.077008,non_chewing,0.450000,0.000,non_chewing
1932541.0,0.048828,-1.796387,1.007324,-0.215302,0.314159,-0.083136,non_chewing,0.450000,0.000,non_chewing
1932551.0,0.051758,-1.797363,1.024902,-0.192386,0.343204,-0.088466,non_chewing,0.450000,0.000,non_chewing
1932561.0,0.054687,-1.816406,1.026367,-0.185724,0.363988,-0.081538,non_chewing,0.450000,0.000,non_chewing
1932571.0,0.053711,-1.814453,1.019531,-0.14389,0.371182,-0.022116,non_chewing,0.450000,0.000,non_chewing
1932581.0,0.044434,-1.815918,1.01123,-0.129234,0.418346,-0.013057,non_chewing,0.450000,0.000,non_chewing
1932591.0,0.065918,-1.785645,1.028809,-0.126836,0.410619,-0.024515,non_chewing,0.450000,0.000,non_chewing
1932601.0,0.114746,-1.75,1.0,-0.163075,0.362922,0.047164,non_chewing,0.450000,0.000,non_chewing
1932611.0,0.041992,-1.878906,1.039063,-0.107384,0.353596,0.005596,non_chewing,0.450000,0.000,non_chewing
1932621.0,0.069824,-1.866211,1.025879,-0.108717,0.319755,-0.029577,non_chewing,0.450000,0.000,non_chewing
1932631.0,0.079102,-1.833496,1.047363,-0.096193,0.259534,-0.03091,non_chewing,0.450000,0.000,non_chewing
1932641.0,0.041504,-1.824219,1.05127,-0.100989,0.274456,-0.025314,non_chewing,0.450000,0.000,non_chewing
1932651.0,0.067383,-1.817383,1.041992,-0.073277,0.280319,-0.015455,non_chewing,0.450000,0.000,non_chewing
1932661.0,0.095215,-1.815918,1.044434,-0.062619,0.258202,-0.014389,non_chewing,0.450000,0.000,non_chewing
1932671.0,0.083496,-1.802246,1.042969,-0.042634,0.224894,0.01359,non_chewing,0.450000,0.000,non_chewing
1932681.0,0.08252,-1.784668,1.041016,-0.04743,0.164674,-0.012524,non_chewing,0.450000,0.000,non_chewing
1932691.0,0.091797,-1.786621,1.039551,-0.033308,0.10925,0.013856,non_chewing,0.450000,0.000,non_chewing
1932701.0,0.083496,-1.784668,1.042969,-0.036239,0.072478,0.048763,non_chewing,0.450000,0.000,non_chewing
1932711.0,0.091797,-1.772949,1.043457,-0.037838,0.013057,0.069813,non_chewing,0.450000,0.000,non_chewing
1932721.0,0.081055,-1.782227,1.033203,-0.021317,0.000533,0.077541,non_chewing,0.450000,0.000,non_chewing
1932731.0,0.058594,-1.780273,1.026855,-0.000533,-0.025314,0.099923,non_chewing,0.450000,0.000,non_chewing
1932741.0,0.051758,-1.776855,1.022461,0.007194,-0.038371,0.110582,non_chewing,0.450000,0.000,non_chewing
1932751.0,0.022949,-1.787598,1.006348,0.006395,-0.040502,0.112447,non_chewing,0.450000,0.000,non_chewing
1932761.0,0.018066,-1.789063,1.005859,0.011724,-0.035173,0.110582,non_chewing,0.450000,0.000,non_chewing
1932771.0,0.013184,-1.794434,1.012695,0.012524,-0.023982,0.098591,non_chewing,0.450000,0.000,non_chewing
1932781.0,0.008301,-1.79248,0.993652,-0.00453,-0.001599,0.089798,non_chewing,0.450000,0.000,non_chewing
1932791.0,0.006348,-1.805176,0.989746,-0.010925,0.038637,0.049828,non_chewing,0.450000,0.000,non_chewing
1932801.0,0.004395,-1.811523,1.006348,-0.019985,0.059155,0.050361,non_chewing,0.450000,0.000,non_chewing
1932811.0,0.001953,-1.824707,0.996582,-0.038637,0.104187,0.031443,non_chewing,0.450000,0.000,non_chewing
1932821.0,0.024414,-1.824219,0.970703,-0.048496,0.13483,0.01359,non_chewing,0.450000,0.000,non_chewing
1932831.0,0.023926,-1.82666,0.989258,-0.053026,0.135896,-0.01279,non_chewing,0.450000,0.000,non_chewing
1932841.0,0.014648,-1.823242,0.994629,-0.070613,0.151617,-0.038371,non_chewing,0.450000,0.000,non_chewing
1932851.0,0.003906,-1.813965,0.998535,-0.065017,0.148153,-0.032775,non_chewing,0.450000,0.000,non_chewing
1932861.0,0.009766,-1.804199,1.013672,-0.061286,0.162809,-0.032242,non_chewing,0.450000,0.000,non_chewing
1932871.0,0.027832,-1.808105,1.010254,-0.071412,0.163874,-0.03011,non_chewing,0.450000,0.000,non_chewing
1932881.0,0.047363,-1.806641,1.012695,-0.061819,0.155081,-0.036505,chewing,0.725000,38.710,non_chewing
1932891.0,0.039063,-1.804199,1.00293,-0.05649,0.151617,-0.018919,chewing,0.725000,38.710,non_chewing
1932901.0,0.043457,-1.814941,1.016113,-0.050095,0.135363,0.013057,chewing,0.725000,38.710,non_chewing
1932911.0,0.04541,-1.812012,1.004395,-0.046098,0.126303,0.025847,chewing,0.725000,38.710,non_chewing
1932921.0,0.045898,-1.810059,1.017578,-0.053026,0.085002,0.034107,chewing,0.725000,38.710,non_chewing
1932931.0,0.043945,-1.807617,1.019043,-0.0437,0.062619,0.045832,chewing,0.725000,38.710,non_chewing
1932941.0,0.052734,-1.80127,0.999023,-0.056757,0.037305,0.052493,chewing,0.725000,38.710,non_chewing
1932951.0,0.0625,-1.825195,1.022461,-0.055158,0.009593,0.055158,chewing,0.725000,38.710,non_chewing
1932961.0,0.04541,-1.813477,0.999023,-0.062352,-0.026113,0.049562,chewing,0.725000,38.710,non_chewing
1932971.0,0.035645,-1.815918,1.019043,-0.044233,-0.033841,0.052227,chewing,0.725000,38.710,non_chewing
1932981.0,0.035645,-1.799316,1.016602,-0.03917,-0.051427,0.03917,chewing,0.725000,38.710,non_chewing
1932991.0,0.025391,-1.800781,1.019531,-0.043966,-0.054891,0.034374,chewing,0.725000,38.710,non_chewing
1933001.0,0.012695,-1.800293,1.010254,-0.043433,-0.043167,0.032242,chewing,0.725000,38.710,non_chewing
1933011.0,0.020508,-1.810059,0.996582,-0.029577,-0.048496,0.024515,chewing,0.725000,38.710,non_chewing
1933021.0,0.019043,-1.820801,0.990234,-0.022916,-0.041302,0.016787,chewing,0.725000,38.710,non_chewing
1933031.0,0.016602,-1.841309,0.991699,-0.033308,-0.061819,-0.015988,chewing,0.725000,38.710,non_chewing
1933041.0,0.027344,-1.841797,1.0,0.000799,-0.094328,-0.069014,chewing,0.725000,38.710,non_chewing
1933051.0,0.013184,-1.827637,1.00293,0.009326,-0.086067,-0.088732,chewing,0.725000,38.710,non_chewing
1933061.0,0.011719,-1.822266,0.995117,0.027712,-0.077807,-0.101789,chewing,0.725000,38.710,non_chewing
1933071.0,0.007813,-1.827637,0.986816,0.042634,-0.045299,-0.100723,chewing,0.725000,38.710,non_chewing
1933081.0,0.023437,-1.823242,0.998535,0.066349,-0.024515,-0.074876,chewing,0.725000,38.710,non_chewing
1933091.0,0.026367,-1.817383,0.999512,0.078606,-0.036239,-0.07381,chewing,0.725000,38.710,non_chewing
1933101.0,0.022949,-1.816895,1.007813,0.063951,-0.03464,-0.058355,chewing,0.725000,38.710,non_chewing
1933111.0,0.025391,-1.812988,1.000977,0.076741,-0.055424,-0.054092,chewing,0.725000,38.710,non_chewing
1933121.0,0.028809,-1.813965,1.006836,0.079672,-0.062086,-0.017587,chewing,0.725000,38.710,non_chewing
1933131.0,0.02832,-1.816895,1.012695,0.087666,-0.05276,-0.01359,chewing,0.725000,38.710,non_chewing
1933141.0,0.036621,-1.810059,1.020996,0.088998,-0.083936,-0.009326,chewing,0.725000,38.710,non_chewing
1933151.0,0.032715,-1.805176,1.00293,0.10472,-0.103121,-0.049029,chewing,0.725000,38.710,non_chewing
1933161.0,0.033691,-1.80127,1.029297,0.097259,-0.112181,-0.057023,chewing,0.725000,38.710,non_chewing
1933171.0,0.021973,-1.783203,1.035645,0.095394,-0.127636,-0.055424,chewing,0.725000,38.710,non_chewing
1933181.0,0.032227,-1.779785,1.022461,0.101789,-0.107384,-0.075942,chewing,0.725000,38.710,non_chewing
1933191.0,0.04834,-1.78418,1.029785,0.089798,-0.120974,-0.105253,chewing,0.725000,38.710,non_chewing
1933201.0,0.046387,-1.807129,1.023926,0.09113,-0.122306,-0.160943,chewing,0.725000,38.710,non_chewing
1933211.0,0.047363,-1.793945,1.01123,0.071412,-0.118576,-0.166539,chewing,0.725000,38.710,non_chewing
1933221.0,0.06543,-1.790039,1.020508,0.066882,-0.114312,-0.188123,chewing,0.725000,38.710,non_chewing
1933231.0,0.071289,-1.789551,1.009766,0.0437,-0.112714,-0.203044,chewing,0.725000,38.710,non_chewing
1933241.0,0.074707,-1.795898,1.013184,0.05196,-0.095926,-0.206508,chewing,0.725000,38.710,non_chewing
1933251.0,0.076172,-1.79248,1.024414,0.040769,-0.092196,-0.203311,chewing,0.725000,38.710,non_chewing
1933261.0,0.071777,-1.775391,1.01709,0.032775,-0.075942,-0.187856,chewing,0.725000,38.710,non_chewing
1933271.0,0.071777,-1.774902,1.039063,0.00826,-0.040769,-0.183859,chewing,0.725000,38.710,non_chewing
1933281.0,0.074707,-1.791992,1.025391,0.001066,-0.01732,-0.136162,chewing,0.725000,38.710,non_chewing
1933291.0,0.084473,-1.809082,1.018066,-0.006928,-0.010392,-0.103121,chewing,0.725000,38.710,non_chewing
1933301.0,0.085937,-1.816895,0.999512,-0.027179,-0.011724,-0.087133,chewing,0.725000,38.710,non_chewing
1933311.0,0.095703,-1.815918,1.018066,-0.018386,-0.022116,-0.100456,chewing,0.725000,38.710,non_chewing
1933321.0,0.090332,-1.819336,1.006348,-0.035173,-0.023449,-0.124172,chewing,0.725000,38.710,non_chewing
1933331.0,0.089844,-1.82373,1.01416,-0.039969,0.001599,-0.138827,chewing,0.725000,38.710,non_chewing
1933341.0,0.078125,-1.810059,1.024414,-0.040502,0.023715,-0.131366,chewing,0.725000,38.710,non_chewing
1933351.0,0.098145,-1.782715,1.01709,-0.041302,0.037838,-0.140692,chewing,0.725000,38.710,non_chewing
1933361.0,0.087402,-1.810547,1.022461,-0.024781,0.078074,-0.132432,chewing,0.725000,38.710,non_chewing
1933371.0,0.094727,-1.802246,1.024902,-0.021051,0.086334,-0.098058,chewing,0.725000,38.710,non_chewing
1933381.0,0.105469,-1.803711,1.026855,-0.03544,0.104187,-0.056757,chewing,0.725000,38.710,non_chewing
1933391.0,0.100098,-1.80957,1.017578,-0.045032,0.10472,-0.040769,chewing,0.725000,38.710,non_chewing
1933401.0,0.106934,-1.808594,1.014648,-0.037305,0.094061,-0.012257,chewing,0.725000,38.710,non_chewing
1933411.0,0.100586,-1.79541,1.023926,-0.069547,0.127636,-0.000799,chewing,0.725000,38.710,non_chewing
1933421.0,0.096191,-1.802246,1.023926,-0.062086,0.133231,0.021583,chewing,0.725000,38.710,non_chewing
1933431.0,0.103027,-1.796875,1.033203,-0.068481,0.122839,0.022649,chewing,0.725000,38.710,non_chewing
1933441.0,0.092285,-1.786133,1.030273,-0.067681,0.146021,0.004796,chewing,0.725000,38.710,non_chewing
1933451.0,0.105469,-1.791992,1.025391,-0.075942,0.149219,-0.019718,chewing,0.725000,38.710,non_chewing
1933461.0,0.096191,-1.790527,1.044922,-0.078873,0.133231,-0.03917,chewing,0.725000,38.710,non_chewing
1933471.0,0.094238,-1.784668,1.041016,-0.058888,0.145489,-0.038637,chewing,0.725000,38.710,non_chewing
1933481.0,0.097168,-1.792969,1.039551,-0.051694,0.143623,-0.004263,chewing,0.725000,38.710,non_chewing
1933491.0,0.105957,-1.796875,1.039551,-0.035706,0.120708,0.058355,chewing,0.725000,38.710,non_chewing
1933501.0,0.09082,-1.806152,1.038086,-0.030643,0.099657,0.09113,chewing,0.725000,38.710,non_chewing
1933511.0,0.097168,-1.814941,1.030762,-0.02558,0.059421,0.102855,chewing,0.725000,38.710,non_chewing
1933521.0,0.080078,-1.805664,1.046875,-0.022383,0.007461,0.10845,chewing,0.725000,38.710,non_chewing
1933531.0,0.071289,-1.793457,1.057617,0.022116,-0.03464,0.106052,chewing,0.725000,38.710,non_chewing
1933541.0,0.062012,-1.78418,1.047852,0.036505,-0.052493,0.108983,chewing,0.725000,38.710,non_chewing
1933551.0,0.065918,-1.781738,1.054199,0.045832,-0.080472,0.109516,chewing,0.725000,38.710,non_chewing
1933561.0,0.079102,-1.786133,1.050781,0.050894,-0.101522,0.110315,chewing,0.725000,38.710,non_chewing
1933571.0,0.078125,-1.787109,1.033691,0.072478,-0.119375,0.101789,chewing,0.725000,38.710,non_chewing
1933581.0,0.070801,-1.792969,1.041016,0.086067,-0.154282,0.105253,chewing,0.725000,38.710,non_chewing
1933591.0,0.081055,-1.792969,1.033203,0.098058,-0.199847,0.075675,chewing,0.725000,38.710,non_chewing
1933601.0,0.080566,-1.802246,1.032227,0.102588,-0.232622,0.101522,chewing,0.725000,38.710,non_chewing
1933611.0,0.051758,-1.835449,1.01416,0.083936,-0.275789,0.115911,chewing,0.725000,38.710,non_chewing
1933621.0,0.083496,-1.78418,1.01416,0.083669,-0.273391,0.054625,chewing,0.725000,38.710,non_chewing
1933631.0,0.06543,-1.786621,1.001465,0.083403,-0.277121,0.020518,chewing,0.725000,38.710,non_chewing
1933641.0,0.041016,-1.755371,1.009277,0.087133,-0.195317,0.02638,chewing,0.725000,38.710,non_chewing
1933651.0,0.055176,-1.78125,0.97168,0.01732,-0.13483,-0.007194,chewing,0.725000,38.710,non_chewing
1933661.0,0.055664,-1.786621,0.968262,-0.007727,-0.034374,-0.014389,chewing,0.725000,38.710,non_chewing
1933671.0,0.055664,-1.783203,0.973145,-0.085268,0.063418,-0.031975,chewing,0.725000,38.710,non_chewing
1933681.0,0.066406,-1.790039,0.960937,-0.135629,0.170003,-0.039969,chewing,0.725000,38.710,non_chewing
1933691.0,0.068848,-1.806641,0.967773,-0.198248,0.255005,-0.073544,chewing,0.725000,38.710,non_chewing
1933701.0,0.075684,-1.808105,0.961914,-0.235553,0.341605,-0.088998,chewing,0.725000,38.710,non_chewing
1933711.0,0.087891,-1.812988,0.974121,-0.253139,0.36985,-0.183859,chewing,0.725000,38.710,non_chewing
