l_ax_mean,l_ax_std,l_ax_min,l_ax_max,l_ax_range,l_ax_rms,l_ax_energy,l_ax_dom_freq,l_ax_band_energy,l_ax_entropy,l_ay_mean,l_ay_std,l_ay_min,l_ay_max,l_ay_range,l_ay_rms,l_ay_energy,l_ay_dom_freq,l_ay_band_energy,l_ay_entropy,l_az_mean,l_az_std,l_az_min,l_az_max,l_az_range,l_az_rms,l_az_energy,l_az_dom_freq,l_az_band_energy,l_az_entropy,l_gx_mean,l_gx_std,l_gx_min,l_gx_max,l_gx_range,l_gx_rms,l_gx_energy,l_gx_dom_freq,l_gx_band_energy,l_gx_entropy,l_gy_mean,l_gy_std,l_gy_min,l_gy_max,l_gy_range,l_gy_rms,l_gy_energy,l_gy_dom_freq,l_gy_band_energy,l_gy_entropy,l_gz_mean,l_gz_std,l_gz_min,l_gz_max,l_gz_range,l_gz_rms,l_gz_energy,l_gz_dom_freq,l_gz_band_energy,l_gz_entropy,r_ax_mean,r_ax_std,r_ax_min,r_ax_max,r_ax_range,r_ax_rms,r_ax_energy,r_ax_dom_freq,r_ax_band_energy,r_ax_entropy,r_ay_mean,r_ay_std,r_ay_min,r_ay_max,r_ay_range,r_ay_rms,r_ay_energy,r_ay_dom_freq,r_ay_band_energy,r_ay_entropy,r_az_mean,r_az_std,r_az_min,r_az_max,r_az_range,r_az_rms,r_az_energy,r_az_dom_freq,r_az_band_energy,r_az_entropy,r_gx_mean,r_gx_std,r_gx_min,r_gx_max,r_gx_range,r_gx_rms,r_gx_energy,r_gx_dom_freq,r_gx_band_energy,r_gx_entropy,r_gy_mean,r_gy_std,r_gy_min,r_gy_max,r_gy_range,r_gy_rms,r_gy_energy,r_gy_dom_freq,r_gy_band_energy,r_gy_entropy,r_gz_mean,r_gz_std,r_gz_min,r_gz_max,r_gz_range,r_gz_rms,r_gz_energy,r_gz_dom_freq,r_gz_band_energy,r_gz_entropy,l_acc_mag_mean,l_acc_mag_std,l_acc_mag_min,l_acc_mag_max,l_acc_mag_range,l_acc_mag_rms,l_acc_mag_energy,l_acc_mag_dom_freq,l_acc_mag_band_energy,l_acc_mag_entropy,l_gyro_mag_mean,l_gyro_mag_std,l_gyro_mag_min,l_gyro_mag_max,l_gyro_mag_range,l_gyro_mag_rms,l_gyro_mag_energy,l_gyro_mag_dom_freq,l_gyro_mag_band_energy,l_gyro_mag_entropy,r_acc_mag_mean,r_acc_mag_std,r_acc_mag_min,r_acc_mag_max,r_acc_mag_range,r_acc_mag_rms,r_acc_mag_energy,r_acc_mag_dom_freq,r_acc_mag_band_energy,r_acc_mag_entropy,r_gyro_mag_mean,r_gyro_mag_std,r_gyro_mag_min,r_gyro_mag_max,r_gyro_mag_range,r_gyro_mag_rms,r_gyro_mag_energy,r_gyro_mag_dom_freq,r_gyro_mag_band_energy,r_gyro_mag_entropy,acc_mag_std_diff_l_minus_r,acc_mag_std_ratio_l_over_r,acc_mag_energy_diff_l_minus_r,gyro_mag_std_diff_l_minus_r,gyro_mag_std_ratio_l_over_r,gyro_mag_energy_diff_l_minus_r,gx_std_diff_l_minus_r,gx_std_ratio_l_over_r,gx_energy_diff_l_minus_r,gy_std_diff_l_minus_r,gy_std_ratio_l_over_r,gy_energy_diff_l_minus_r,gz_std_diff_l_minus_r,gz_std_ratio_l_over_r,gz_energy_diff_l_minus_r,label,source_file,start_time_ms,end_time_ms
0.0034716949999999995,0.020230779111343564,-0.048828,0.073242,0.12207000000000001,0.02052649725659495,0.000421337089625,9.5,1.3764175169476742,0.8012939898827771,1.928732905,0.01223338608423584,1.875977,1.958984,0.08300700000000005,1.9287717009964722,3.720160274564825,3.5,0.21957305083292725,0.8164176002753195,-0.1680322,0.02595385320024755,-0.245605,-0.055664,0.189941,0.17002477093876645,0.02890842273278,1.5,3.7506590271606095,0.8450154202934418,0.046435054999999996,0.1144250572110496,-0.286447,0.284582,0.571029,0.1234880886992952,0.015249308050604999,1.5,201.9025526044949,0.46836117576259073,0.0014668899999999996,0.13575099478231423,-0.407954,0.34347,0.751424,0.13575891996719772,0.018430484350659998,3.5,139.26931061912384,0.6398432949813887,0.02071345,0.055304334416729946,-0.137761,0.142291,0.28005199999999997,0.05905604470483949,0.00348761641618,6.0,22.176684361542666,0.6834285443948914,-0.19850583,0.024401404453045318,-0.274902,-0.071777,0.203125,0.19999998270817426,0.03999999308327,9.5,0.6873107083010978,0.8982935510687503,-1.9386474650000003,0.014899923870569778,-1.978027,-1.878418,0.09960900000000006,1.938704722561503,3.758576001282275,9.5,0.17818980496467435,0.8523069077705248,0.5644360500000001,0.02442164429573693,0.495605,0.693848,0.198243,0.5649641327108385,0.31918447124970994,3.5,2.0407836970054016,0.8617928709360488,-0.03959629,0.11446675093159542,-0.411418,0.312028,0.723446,0.12112185290276896,0.0146705032506,1.5,142.81073225506339,0.620719557661682,0.055041795000000004,0.1788246508195192,-0.524398,0.581421,1.1058189999999999,0.1871038613646041,0.035007854937545,1.5,240.1092645021385,0.6448977222601631,-0.035546125,0.09871262291555916,-0.299237,0.154015,0.453252,0.10491762924020444,0.011007708925385001,3.5,54.932671932244546,0.7129307352980797,1.9363214717781387,0.012214430734700086,1.8814319918322853,1.964893945894536,0.08346195406225076,1.9363599960718125,3.74949003438723,3.5,0.15145314678975694,0.805182731871132,0.17166190927664615,0.08774735164631187,0.010002038342258041,0.4454963120992137,0.43549427375695565,0.1927885080015015,0.037167408817445,3.5,33.77539643351177,0.7286209753637365,2.029161448945711,0.016256682558216422,1.9689268916300575,2.0815088350401014,0.1125819434100439,2.029226568329731,4.117760465615255,9.5,0.08587894223661685,0.8318716127874046,0.21002049583934043,0.12875347933523038,0.034834088218295596,0.6724227734342435,0.6375886852159479,0.2463454223514819,0.06068606711353,3.5,55.476304684752115,0.7900973411035607,-0.004042251823516339,0.7513482957521791,-0.36827043122802516,-0.04100612768891848,0.6815144111006707,-0.023518658296085,-4.1693720545812885e-05,0.9996357569319781,0.0005788048000049985,-0.04307365603720509,0.7591290918796332,-0.016577370586885,-0.04340828849882924,0.560255950893316,-0.007520092509205001,chewing,chewing_01.csv,6125435.0,6127425.0
-0.003576665000000001,0.02162052901232472,-0.072754,0.073242,0.14599600000000001,0.021914374444528414,0.000480239807295,1.0,2.422539044214556,0.7722379399861151,1.9304394500000002,0.012098914505338907,1.88916,1.960449,0.07128900000000016,1.9304773642414226,3.72674285384851,4.0,0.24998139980425227,0.7983243542906929,-0.16411131,0.026893117820250965,-0.234863,-0.037109,0.19775399999999999,0.16630021604318498,0.02765576185601,1.5,4.125320740979783,0.8475159717673668,0.029927694999999997,0.12484504753506234,-0.361856,0.265663,0.6275189999999999,0.12838205802231478,0.016481952822045,1.5,208.31990960572043,0.4853911263902735,0.0023022600000000026,0.138622187253637,-0.83909,0.297905,1.136995,0.13864130409113296,0.01922141120009,3.0,139.5126464057866,0.7057817481434594,0.012662274999999999,0.05218671123331471,-0.135096,0.133231,0.268327,0.053700894196698434,0.0028837860375249998,1.0,22.894415172758045,0.7054834025942419,-0.19983640000000003,0.022334233421140742,-0.274902,-0.14502,0.12988199999999997,0.20108059266739292,0.040433404747469995,9.5,1.1531440400275685,0.8434833077305349,-1.939355475,0.013862970626073447,-1.978027,-1.878418,0.09960900000000006,1.939405022259934,3.761291840367055,9.0,0.35423568070303885,0.8600455638816139,0.5591577050000001,0.023390032031786,0.478516,0.625,0.146484,0.5596467034293288,0.313204432659315,0.5,3.6323305505909866,0.8221220608935969,-0.026454359999999996,0.12141531043077063,-0.411418,0.312028,0.723446,0.12426387556329474,0.015441510770009999,1.5,149.7851327336376,0.62066487105812,0.04858673,0.161815874210527,-0.524398,0.581421,1.1058189999999999,0.1689527965989613,0.028545047478609996,1.5,192.84036340697918,0.6731245629410155,-0.02326756,0.09339160313339953,-0.299237,0.154015,0.453252,0.09624640712348696,0.009263370884180002,2.5,71.97399841234315,0.7220558569412058,1.9377155683572005,0.011714591667977855,1.8966787172847699,1.964893945894536,0.06821522860976614,1.9377509787152258,3.7548788555118153,4.0,0.17285030321785283,0.790687807770236,0.16727252727501707,0.1029905416952871,0.010002038342258041,0.8853248315844304,0.8753227932421724,0.1964361220846614,0.03858715005966,3.0,82.63689413719683,0.7245893290606908,2.028470616730604,0.01538293971916366,1.9689268916300575,2.0815088350401014,0.1125819434100439,2.028528944278055,4.114929677773841,9.5,0.1684632870992335,0.8391443057694739,0.1966274462861713,0.12077903998533365,0.034834088218295596,0.6724227734342435,0.6375886852159479,0.23075946163223732,0.05324992913280001,3.0,50.93819767679723,0.7631946093050899,-0.003668348051185811,0.7615314030896267,-0.36005082226202534,-0.017788498290046598,0.8527186646606343,-0.014662779073140009,0.0034297371042916747,1.0282479787114431,0.0010404420520350004,-0.023193686956890003,0.8566661826594691,-0.009323636278519995,-0.041204891900084833,0.5587944684788393,-0.006379584846655002,chewing,chewing_01.csv,6125935.0,6127925.0
-0.011987295000000002,0.023400717564381973,-0.072754,0.073242,0.14599600000000001,0.02629237197258931,0.0006912888239449999,0.5,3.022213598486281,0.733255662657695,1.9312304649999998,0.012354902166701893,1.88916,1.967285,0.078125,1.9312699843759973,3.7298037525516645,4.0,0.3429303919098884,0.817391405977401,-0.16005126,0.026639571876297112,-0.234863,-0.037109,0.19775399999999999,0.16225311281248198,0.02632607261734,1.5,3.232132952955466,0.8639243551685573,0.02471037,0.13981118478066445,-0.376511,0.265663,0.642174,0.14197806089431564,0.02015776977531,1.5,245.3138658803333,0.49125290737252275,-0.00162138,0.15647309930002537,-0.83909,0.297905,1.136995,0.1564814994740912,0.024486459677660003,1.5,125.6703760056455,0.7392791049042684,0.01334043,0.050798311063214495,-0.131366,0.130833,0.262199,0.052520809965765,0.0027584354794599995,5.5,17.281107420032036,0.6961769682561029,-0.20386962000000003,0.022636472529870902,-0.274902,-0.147949,0.12695299999999998,0.20512248011259032,0.04207523184754001,0.5,1.8710783217641653,0.8014578504310466,-1.94065432,0.013924739373417379,-1.978027,-1.878418,0.09960900000000006,1.9407042763134417,3.7663330881012795,11.5,0.34348736218823483,0.8287441092867874,0.553173815,0.02365078481849545,0.478516,0.625,0.146484,0.5536791753571603,0.306560629224185,1.5,4.393895150749291,0.769601496711152,-0.02208303,0.13030978433210264,-0.411418,0.312028,0.723446,0.1321676969106294,0.017468300106659996,1.5,199.65890222634812,0.5795227312729262,0.03240049,0.1605959735672719,-0.524398,0.581421,1.1058189999999999,0.16383179935000408,0.02684085847826,1.5,212.78428747905335,0.6341657968500437,-0.016159684999999997,0.09460568385760855,-0.299237,0.193452,0.492689,0.09597588675008427,0.009211370837465,3.0,61.211919472875245,0.6906586082206229,1.9382138660253616,0.012170601463037537,1.8948365521281776,1.9747245313617796,0.07988797923360202,1.9382520769995193,3.75682111399295,4.0,0.29213210578970644,0.8332416852922092,0.18464508095096477,0.11536402824555697,0.022193262784007222,0.8853248315844304,0.8631315688004232,0.21772153070477437,0.047402664932430005,3.0,94.844271543069,0.7436146256103737,2.0284797340741263,0.015456960359922363,1.9689268916300575,2.0815088350401014,0.1125819434100439,2.0285386240278998,4.114968949173005,11.0,0.19697132028183115,0.7954932720770278,0.1995641202854494,0.11702431934038197,0.05050422110081493,0.6724227734342435,0.6219185523334285,0.23134504408433954,0.053520529422385,4.5,48.48060924972599,0.7188950945515393,-0.003286358896884837,0.7873864705375138,-0.3581478351800551,-0.001660291094825031,0.9858124268170633,-0.006117864489954994,0.00950140044856182,1.0729139450062084,0.0026894696686500033,-0.004122874267246501,0.9743276610511068,-0.0023543988005999966,-0.04380737279439407,0.5369477709148137,-0.0064529353580050006,chewing,chewing_01.csv,6126435.0,6128425.0
-0.018847649999999997,0.02448880786721763,-0.072754,0.073242,0.14599600000000001,0.030902032639941342,0.0009549356212800001,0.5,3.7099490705488236,0.7841949023693823,1.9317285049999997,0.011111784779682112,1.893066,1.967285,0.07421900000000003,1.931760463616161,3.731698488790525,14.5,0.2785320405671095,0.851932716170034,-0.15705566,0.024881444582547856,-0.233887,-0.037109,0.196778,0.15901435979983067,0.025285566622550004,1.5,3.3411276925819946,0.8229927238053859,0.036173615000000006,0.1272029064039292,-0.376511,0.261933,0.638444,0.13224639813535566,0.017489109819775,1.5,177.20566898384837,0.5928977194217772,-0.007488889999999997,0.15099412458187866,-0.83909,0.28698,1.12607,0.15117972460512025,0.02285530913168,1.5,112.81006329245093,0.7461748933825535,0.006505675,0.045318683945249065,-0.131366,0.111914,0.24328,0.04578326027856688,0.002096106921735,5.5,6.904232325423583,0.6729331145604991,-0.20927978,0.020102273301833302,-0.26709,-0.147949,0.119141,0.21024302059462047,0.044202127708750004,0.5,1.5134137634050433,0.8413280987677979,-1.94156497,0.012558302330295285,-1.978027,-1.878418,0.09960900000000006,1.9416055839661464,3.76983224368852,8.5,0.19915499200703274,0.8508578982455661,0.5470238900000001,0.021701994310843877,0.476562,0.606934,0.130372,0.5474542106768382,0.29970611278779996,1.5,3.204627927442391,0.8159934600236243,-0.027887935000000003,0.12213177942706303,-0.411418,0.30057,0.7119880000000001,0.1252753306305156,0.015693908464585002,1.5,154.6047363722661,0.657297090782396,0.036829095,0.13758318671711298,-0.380242,0.54385,0.9240919999999999,0.14242722880739833,0.020285515505755,1.5,171.84573684904728,0.6580752000893074,-0.016118365,0.08823667966736835,-0.275789,0.193452,0.469241,0.08969678549978811,0.008045513328995,2.5,65.04449769063376,0.6763133578519323,1.9385091477859453,0.011012492204933564,1.8948365521281776,1.9747245313617796,0.07988797923360202,1.9385404280113312,3.757938991034355,14.5,0.20222431870703486,0.8551885384541903,0.17151758381490353,0.11411504859345911,0.022193262784007222,0.8853248315844304,0.8631315688004232,0.2060109848362218,0.042440525873190006,1.5,82.97651599851116,0.749027183784779,2.0281870672125297,0.014060745958397356,1.9689268916300575,2.066307780580134,0.09738088895007646,2.028235805863083,4.11374048418507,8.5,0.11009398988328205,0.8322795602671369,0.18473765998702155,0.09948333670446828,0.0244116254477247,0.6268966774054556,0.6024850519577309,0.20982120316911493,0.044024937299335,3.5,48.00008814890831,0.7776303310473028,-0.003048253753463799,0.7832082478068441,-0.35580149315071496,0.014631711888990845,1.1470770118261793,-0.0015844114261449951,0.005071126976866194,1.0415217644470223,0.0017952013551899987,0.013410937864765798,1.0974751216683203,0.002569793625925,-0.04291799572211927,0.5136036863137861,-0.005949406407260001,chewing,chewing_01.csv,6126935.0,6128925.0
-0.030390610000000002,0.022407930849096713,-0.080078,0.049805,0.129883,0.03775850289815527,0.00142570454111,0.5,1.9106363012768783,0.8277684124171172,1.9324047899999999,0.011398365127767233,1.893066,1.967285,0.07421900000000003,1.9324384065585454,3.7343181951425297,3.5,0.21944496048766116,0.8432013696275196,-0.15688233499999998,0.02551664128099102,-0.233887,-0.037109,0.196778,0.15894390839952,0.025263166017315,1.5,3.2821825434610865,0.8708532101702555,0.049286235,0.1262115685310573,-0.376511,0.261933,0.638444,0.13549351641884935,0.018358492991545,2.0,168.02217901881767,0.5891916559285066,0.01234656,0.1557784654578623,-0.83909,0.302435,1.1415250000000001,0.15626697617935786,0.02441936784424,3.5,84.98018042888997,0.7592318669526653,0.010036320000000001,0.04315644196024042,-0.131366,0.120708,0.252074,0.044308082804495164,0.00196320620181,3.5,7.2225073179401456,0.7562531360301075,-0.21696532999999998,0.02011280444893501,-0.27002,-0.164551,0.10546899999999998,0.21789556976866234,0.04747847932481,3.5,0.7848696790116318,0.8660206826303591,-1.9415576649999997,0.010934593129731668,-1.972168,-1.90918,0.06298799999999982,1.9415884558389722,3.7697657318471647,8.5,0.2700406128756057,0.8701465546315442,0.544057565,0.022670916821685337,0.476562,0.617187,0.14062500000000006,0.5445297094771461,0.29651260450326505,1.5,2.790161714061213,0.8358041909357083,-0.034113849999999994,0.1230614311506554,-0.252073,0.30057,0.552643,0.12770227327134784,0.01630787059867,1.5,171.50579468646012,0.5693084218532299,0.019888745,0.13658022202870362,-0.320554,0.476968,0.7975220000000001,0.13802072028172074,0.019049719227085,1.5,166.37186053016092,0.6447040422867837,0.00280717,0.09385553354683517,-0.221164,0.210239,0.431403,0.09389750465677989,0.00881674138077,3.5,66.92473300477027,0.6208875775655096,1.9392987181121686,0.011293698661417132,1.8948365521281776,1.9747245313617796,0.07988797923360202,1.939331602821177,3.761007065700955,3.5,0.17084495845721231,0.846349626581324,0.17835132894505595,0.1137183824239839,0.02494264352469481,0.8853248315844304,0.8603821880597357,0.21152084303348215,0.04474106703759499,3.5,58.125428889806095,0.7290323138674925,2.0281987268488835,0.012912787607905393,1.977094662192228,2.074688953693541,0.09759429150131305,2.0282398318924812,4.11375681567524,11.0,0.21383770443545996,0.8609747096537682,0.18885151477109893,0.09224660739120115,0.0244116254477247,0.5222345668394616,0.4978229413917369,0.21017690455072605,0.044174331206525,1.5,43.355034722203385,0.7464646536319048,-0.0016190889464882587,0.8746135229935146,-0.35274974997428465,0.02147177503278276,1.2327649291396143,0.0005667358310699894,0.0031501373804019295,1.0255980882957996,0.0020506223928749984,0.01919824342915874,1.1405638616191738,0.005369648617155002,-0.05069909158659476,0.4598177681095891,-0.0068535351789600005,chewing,chewing_01.csv,6127435.0,6129425.0
-0.037331529999999995,0.02220165681675807,-0.080078,0.049805,0.129883,0.043434510444461095,0.0018865566975499997,0.5,2.7156143115855773,0.8008934116145188,1.9318066600000001,0.011271623758997639,1.893066,1.967285,0.07421900000000003,1.931839543316815,3.73200402112252,6.5,0.2903495036995742,0.8384404713282076,-0.15540281999999997,0.02247907805443987,-0.225098,-0.053223,0.171875,0.15702020702486033,0.024655345414129996,1.5,2.9510353805888787,0.8529429710474548,0.054023955,0.12168226873880589,-0.376511,0.261933,0.638444,0.1331358788578984,0.017725162239265,1.5,190.55811417265218,0.5535585100836528,0.0005116250000000027,0.13838189134346435,-0.601939,0.302435,0.904374,0.13838283712923002,0.019149809611935003,3.0,108.79114379450263,0.7079747590260983,0.015188394999999999,0.04444857769196867,-0.115911,0.120708,0.236619,0.046971942705353376,0.0022063634015150003,5.0,10.451548967292185,0.6881944753953098,-0.22258544,0.021302757758008706,-0.288574,-0.152832,0.135742,0.22360251695383485,0.049998085588090005,0.5,2.316779121044865,0.8197914450348154,-1.940959505,0.011054666418756152,-1.972168,-1.90918,0.06298799999999982,1.9409909854760983,3.767446005699475,11.5,0.2999661037681191,0.8555693903232741,0.5447607050000001,0.02349463480899363,0.476562,0.617187,0.14062500000000006,0.5452671121357908,0.29731622357690507,1.5,3.450250939686321,0.7735859314724846,-0.032387195,0.12656575287326732,-0.25687,0.334943,0.5918129999999999,0.1306438678252638,0.017067820200345,1.5,214.22069447844362,0.48578006809174473,0.017875630000000003,0.14182572636850163,-0.418346,0.476968,0.8953139999999999,0.14294780448768704,0.02043407480785,1.5,168.8621249180083,0.620159279568666,-0.011687034999999998,0.09565291441291152,-0.221164,0.210239,0.431403,0.09636424037356908,0.009286066822775002,3.0,68.39056515574418,0.5879767944610103,1.9386631232125204,0.011455039505615012,1.8948365521281776,1.9747245313617796,0.07988797923360202,1.9386969652924615,3.7585459232342,6.5,0.2521467188644449,0.8436636064767435,0.17439783012567767,0.09309528505875193,0.02494264352469481,0.648681095211661,0.6237384516869662,0.19768999785703625,0.039081335252715,3.0,48.51912703731545,0.7482046592375229,2.028446654053246,0.012825230004214693,1.977094662192228,2.074688953693541,0.09759429150131305,2.0284871985951676,4.11476031486447,11.5,0.2341934813124341,0.8660125617978204,0.19184761809404605,0.09991222779325389,0.0244116254477247,0.5600954913637495,0.5356838659160248,0.21630525151038288,0.04678796183097,3.0,56.63954657452105,0.7385824695603125,-0.0013701904985996844,0.8931644502165337,-0.35621439163027,-0.006816942734501952,0.9317706862806813,-0.007706626578255001,-0.0048834841344614355,0.9614154380343997,0.0006573420389200009,-0.0034438350250372285,0.9757178396810096,-0.0012842651959149957,-0.05120433672094283,0.4646860784617021,-0.007079703421260001,chewing,chewing_01.csv,6127935.0,6129925.0
-0.042780750000000006,0.020555731981797682,-0.108398,0.049805,0.15820299999999998,0.047462940151975413,0.0022527306878699998,6.5,2.067755254686411,0.8241297287025718,1.9313989599999999,0.009885373725277162,1.901855,1.958496,0.05664099999999994,1.9314242577183218,3.7303996633027703,3.5,0.4049163576066954,0.8461623798106178,-0.1575244,0.023129002112283185,-0.240234,-0.053223,0.187011,0.15921333905822715,0.02534888733407,1.5,3.629073076165669,0.806232863252241,0.048899865,0.10947307156034664,-0.322686,0.218233,0.5409189999999999,0.11989808252793287,0.014375550193875,1.5,168.6575814136615,0.4729131930200351,-0.0006515050000000011,0.12889240037232597,-0.448989,0.302435,0.7514240000000001,0.12889404692422765,0.016613675332505,3.0,140.36511375858163,0.6249687077415339,0.012073459999999998,0.04216173879619293,-0.136162,0.120708,0.25687,0.04385636390183299,0.00192338065469,1.5,12.665078154024501,0.685645284998324,-0.227937005,0.02199771853158811,-0.304199,-0.152832,0.151367,0.22899602151339876,0.052439177868964994,8.0,2.1451299745908132,0.8346965526725493,-1.9410449499999998,0.01063751400551369,-1.989746,-1.90918,0.08056599999999992,1.9410740981798504,3.76776865462472,3.0,0.34041423634467893,0.8918904602768989,0.541437955,0.025793817180731027,0.475098,0.617187,0.14208900000000002,0.5420520086849001,0.293820380119335,1.5,5.664974613496633,0.7243100064652245,-0.034239125,0.13259128759062327,-0.320554,0.334943,0.655497,0.13694074348310295,0.018752767225705,1.5,264.86132367327684,0.43815887869721093,-0.002320890000000002,0.152393599667991,-0.64404,0.429538,1.073578,0.15241127172935734,0.023229195750159998,1.5,178.25251622759785,0.6477905628136892,-0.009553989999999997,0.10948883361302147,-0.389035,0.227026,0.616061,0.10990488347139085,0.012079083410860001,3.0,141.03315688115111,0.569996583665263,1.9385306875771402,0.010002731947296855,1.9049502885235614,1.966268682373037,0.06131839384947568,1.9385564942308777,3.758001281324711,3.5,0.34028231601904757,0.8569316142291756,0.16345364656076392,0.07871157225630084,0.02494264352469481,0.4686675120135809,0.4437248684888861,0.18141831820703772,0.032912606181069996,3.0,38.75406995317681,0.7340028106786602,2.028269337934226,0.012316874963949509,1.977094662192228,2.0754817626490967,0.0983871004568686,2.028306735336897,4.11402821261302,3.0,0.3966112012656833,0.8646303173086441,0.20145667869703673,0.11608726456887467,0.0244116254477247,0.7361436386426226,0.7117320131948979,0.2325103145813643,0.054061046386725,3.0,64.10777088992218,0.7521269989242564,-0.0023141430166526544,0.8121160583812076,-0.3560269312883091,-0.037375692312573816,0.6780379617748785,-0.021148440205655004,-0.02311821603027664,0.8256430233813377,-0.00437721703183,-0.02350119929566502,0.8457861790333361,-0.006615520417654997,-0.06732709481682855,0.3850779792322004,-0.01015570275617,chewing,chewing_01.csv,6128435.0,6130425.0
-0.047561005,0.019275275321638728,-0.108398,0.010742,0.11914,0.051318470703392946,0.0026335854353349997,8.5,1.5549468137313187,0.8250395552555914,1.9301367599999997,0.011308050988229582,1.888672,1.958496,0.06982400000000011,1.9301698848340914,3.72555578432045,3.0,0.8047147256238913,0.7822202363364383,-0.16074217999999998,0.02299706177944478,-0.240234,-0.096191,0.144043,0.16237891883381905,0.02636691328164,1.5,4.430737041181873,0.7189917428734549,0.05572661500000001,0.1133829938442127,-0.322686,0.258469,0.581155,0.126337480236211,0.015961158912435002,1.5,184.36251835472518,0.46470355112117423,0.007380999999999999,0.13045184495065604,-0.448989,0.302435,0.7514240000000001,0.13066048756999954,0.017072163012030003,3.0,146.53818642753845,0.6292043256642857,0.019955409999999996,0.04341788740129925,-0.136162,0.139093,0.275255,0.04778421637591225,0.0022833313346600002,1.5,13.649564729630416,0.6924275726846106,-0.23050781,0.021915868334471716,-0.304199,-0.137207,0.166992,0.2315473078138677,0.053614155755850004,8.0,1.2547732074453746,0.8638173050090729,-1.94165774,0.010888009502310331,-1.989746,-1.910645,0.07910100000000009,1.9416882674757114,3.77015332805283,1.5,0.41282080770439145,0.8720806446750341,0.5371386650000001,0.025961412088381767,0.475098,0.617187,0.14208900000000002,0.5377656928027346,0.289191940355605,1.5,5.795045281335798,0.726049802591412,-0.031882255,0.13458654414528212,-0.320554,0.334943,0.655497,0.13831130123332294,0.019130016048855,1.5,269.45007139244285,0.459121353863442,0.004861615000000001,0.15613769533407612,-0.64404,0.494821,1.138861,0.1562133643599196,0.024402615204644998,1.5,205.46442448410932,0.6753100310175411,-0.014824615,0.11303664522771707,-0.389035,0.227026,0.616061,0.11400461558303243,0.012997052374235001,3.0,156.6970950659391,0.5401010829828743,1.937634442225061,0.011360076610712937,1.8958701616569102,1.966268682373037,0.07039852071612684,1.937667743199908,3.754556283037425,3.0,0.7415865341416296,0.7918068977188558,0.16974283222218456,0.08064753045392214,0.030101650270375542,0.4686675120135809,0.4385658617432054,0.18792725523224407,0.035316653259125,3.0,32.9048379012435,0.7320538252351158,2.028007361566741,0.012065056791863607,1.9931771831774014,2.0754817626490967,0.08230457947169523,2.0280432500724155,4.112959424164285,3.0,0.36690944549952725,0.8654825760612406,0.20547117571128903,0.11962976042588895,0.030232891442930166,0.7361436386426226,0.7059107471996924,0.23775971826138884,0.056529683627735,6.0,63.67864704431621,0.7481760354856277,-0.0007049801811506717,0.9415684324315743,-0.35840314112686,-0.03898222997196686,0.6741427063534372,-0.021213030368609997,-0.021203550301069463,0.8424541588780163,-0.0031688571364199974,-0.025685850383420084,0.8354923176721547,-0.007330452192614995,-0.0696187578264178,0.3841045292332597,-0.010713721039575,chewing,chewing_01.csv,6128935.0,6130925.0
-0.05086178500000001,0.01909302018196113,-0.108398,0.010742,0.11914,0.05432738345489317,0.002951464593055,8.5,1.86858947835226,0.7703430807160588,1.928938015,0.011178731069078233,1.888672,1.955566,0.06689400000000001,1.9289704066523299,3.720926829740455,3.0,0.9463783054791804,0.7372972233712193,-0.16440917,0.023318770711405434,-0.240234,-0.089355,0.15087899999999999,0.16605463031056977,0.02757414024758,1.5,4.327023996505339,0.7843082822446851,0.050252155,0.12152943959889297,-0.322686,0.297905,0.6205909999999999,0.1315092535579341,0.017294683771365,1.5,222.02268854313013,0.4631175753297106,0.011617755,0.1340705462860317,-0.44819,0.243547,0.691737,0.134572967614878,0.018109883612675,3.0,165.27473004636778,0.6224035280017951,0.0170323,0.04818687662424283,-0.144689,0.152949,0.297638,0.0511084564635834,0.00261207432209,1.5,17.792380007534202,0.6623109951868138,-0.23030761999999996,0.021777733545656215,-0.304199,-0.137207,0.166992,0.23133497251485777,0.053515869508450005,8.5,1.042019775232753,0.8331046932269526,-1.9419873300000001,0.010828001283759624,-1.989746,-1.914551,0.07519500000000012,1.9420175167830827,3.7714320354923303,8.0,0.346353190059681,0.8835715809383565,0.53418213,0.02448013201645571,0.475098,0.629883,0.15478499999999995,0.534742765144962,0.28594982487488,1.5,4.759179674684642,0.7801306316513502,-0.028522145000000006,0.13165543892815054,-0.320554,0.334943,0.655497,0.13470956667870695,0.018146667354764997,1.5,238.2029654926775,0.5038616618212793,0.02456651,0.15540572028364946,-0.64404,0.584885,1.2289249999999998,0.1573354737828059,0.024754451310460005,1.5,206.76146334883137,0.6745196278940506,-0.02386971,0.10624273745788886,-0.389035,0.227026,0.616061,0.10889114894255639,0.01185728231803,3.0,133.59968386123515,0.5860135010408376,1.9368339152546625,0.011261407566782261,1.8958701616569102,1.966268682373037,0.07039852071612684,1.9368666537944965,3.7514524345810902,3.0,0.8579681345059497,0.745317969273446,0.17527964300470836,0.08540309393852187,0.015274221256744974,0.4799761551327315,0.4647019338759865,0.19497856729940857,0.03801664170613,3.0,39.3370639750575,0.6926036623034102,2.0275000482426035,0.011886305224936024,1.9931771831774014,2.080803209021699,0.08762602584429757,2.027534889928077,4.11089772987566,3.0,0.3553341775213329,0.882144102223683,0.19692524746992507,0.12640746770726705,0.030232891442930166,0.7361436386426226,0.7059107471996924,0.23400513024986228,0.054758400983255004,5.5,66.16053872918037,0.75188407985207,-0.0006248976581537686,0.9474270897197887,-0.3594452952945697,-0.0410043737687452,0.675617473299104,-0.016741759277125005,-0.010125999329257479,0.9230871173139787,-0.0008519835833999956,-0.02133517399761775,0.8627130715737079,-0.006644567697785004,-0.05805586083364605,0.45355454666576644,-0.00924520799594,chewing,chewing_01.csv,6129435.0,6131425.0
-0.05548579,0.020246693525509295,-0.123535,0.010742,0.134277,0.05906438428223899,0.00348860149064,1.5,2.4887063137259746,0.7936716746646378,1.9278271599999999,0.01149133594210873,1.888672,1.954102,0.0654300000000001,1.9278614083059498,3.7166496096354003,3.0,0.9682789028151595,0.7411272801765947,-0.17072999,0.023433600846005292,-0.240234,-0.089355,0.15087899999999999,0.1723306796075789,0.029697863134010002,1.5,4.0489875409992555,0.8156539950739661,0.052566385,0.1098653840075971,-0.242747,0.297905,0.5406519999999999,0.12179338009557417,0.014833627435105001,1.5,177.82380155909246,0.4666870145745278,0.020396365000000003,0.13315615539512912,-0.44819,0.243547,0.691737,0.1347092180395425,0.018146573424825,1.5,158.3185305394807,0.6458898229148387,0.006817465,0.050073642930675365,-0.144689,0.152949,0.297638,0.05053560670829034,0.0025538475453749996,1.5,23.504530920032135,0.6695136307397928,-0.232058125,0.023348597288474847,-0.304199,-0.137207,0.166992,0.23322978020367596,0.054396130373855,11.5,1.0833930399618852,0.8401974112351853,-1.9430884,0.010924813567745677,-1.989746,-1.914551,0.07519500000000012,1.943119111574494,3.77571188176605,10.5,0.21650479310176257,0.8650488480727743,0.52895261,0.022986430814241256,0.472168,0.629883,0.157715,0.5294518293739195,0.28031923962739,1.5,3.2827011477632535,0.8149388564533092,-0.028740634999999997,0.12354509631090899,-0.320554,0.311495,0.6320490000000001,0.12684405749846936,0.016089414922675,1.5,209.44580127235787,0.47904252087758636,0.028376915,0.15374134781937412,-0.64404,0.584885,1.2289249999999998,0.15633825934247508,0.024441651334234996,1.5,186.13014311073482,0.7052590771440406,-0.018748315,0.11157552290281132,-0.389035,0.227026,0.616061,0.11313972170009523,0.012800596626375,3.0,152.9207890767437,0.569979299405546,1.9364156010985654,0.011432151246921657,1.8958701616569102,1.9644407435428028,0.0685705818858926,1.9364493471970936,3.74983607426005,3.0,0.8473677019818687,0.7448914127179269,0.1682034792364772,0.08509781417903158,0.015274221256744974,0.4799761551327315,0.4647019338759865,0.18850477024549006,0.035534048405305,3.0,39.06713246669639,0.7353510051505037,2.0273830880321846,0.01204434009726083,1.9931771831774014,2.080803209021699,0.08762602584429757,2.0274188644104343,4.110427251767295,13.0,0.20661420570616418,0.8677577024737175,0.19468003916810164,0.12422296580258985,0.04055876307285517,0.7361436386426226,0.6955848755697673,0.23093649101708674,0.05333166288328499,6.0,60.56774055171923,0.7659074450529324,-0.0006121888503391737,0.9491720720773735,-0.3605911775072448,-0.03912515162355827,0.6850409151739751,-0.017797614477979992,-0.013679712303311845,0.8892735307851799,-0.0012557874875699978,-0.02058519242424503,0.8661050347468664,-0.006295077909409995,-0.06150187997213599,0.44878698865065925,-0.010246749081,chewing,chewing_01.csv,6129935.0,6131925.0
-0.06100337499999999,0.019818904100741167,-0.123535,0.010742,0.134277,0.06414203552386687,0.004114200721145,0.5,2.8435786160729752,0.7617780503871295,1.92557128,0.011544035849805737,1.888672,1.953613,0.06494100000000014,1.925605883644039,3.7079580191245407,3.0,0.6423929800122389,0.7606138486076212,-0.17785155,0.0235264141529792,-0.248047,-0.089355,0.158692,0.17940085284161836,0.032184666000300004,1.5,4.687097197950372,0.7711619862901515,0.06988647,0.09893062877182728,-0.242747,0.297905,0.5406519999999999,0.12112550515168141,0.014671387998250001,1.5,143.6570396268986,0.5501189233658617,0.04234888,0.13616435457881626,-0.44819,0.362655,0.810845,0.14259789302482698,0.020334159095119996,3.0,158.16474514675122,0.6461390194162006,0.014069229999999999,0.04954492505632741,-0.144689,0.152949,0.297638,0.05150381375810921,0.00265264283163,1.5,25.986361721983236,0.6563892919941644,-0.233369145,0.02364674433519285,-0.330566,-0.137207,0.19335900000000003,0.23456411992392398,0.055020326355685,11.5,1.3900112294790112,0.7932799311972152,-1.94379152,0.010682089657908699,-1.987793,-1.914551,0.07324200000000003,1.9438208714445295,3.7784395802633703,13.0,0.12698818731219744,0.8684479962357261,0.5250951900000002,0.021856743081802008,0.469238,0.629883,0.16064499999999998,0.5255498794398872,0.27620267577928,1.5,3.1199566627678093,0.8150322323941787,-0.028055820000000002,0.11463678960184466,-0.269394,0.313093,0.582487,0.1180200091767917,0.013928722566089999,1.5,149.17324127207633,0.4959817490292475,0.043944975,0.16857353926463184,-0.516671,0.584885,1.101556,0.17420734475892513,0.030348198967954997,3.0,310.66280420869316,0.6212032551890821,-0.01606636,0.10797461446117972,-0.350398,0.22223,0.572628,0.10916338805519916,0.01191664529169,3.0,133.5055495897654,0.583713502828047,1.9349747787426264,0.01137943214353919,1.8958701616569102,1.9644407435428028,0.0685705818858926,1.9350082392191472,3.7442568858459846,3.0,0.5169423427926244,0.7815520948831831,0.17370962632038098,0.0865052348048002,0.014388555556413576,0.4799761551327315,0.46558759957631796,0.1940571821010498,0.037658189925,2.5,58.565057591008994,0.7214329095034798,2.0271976057443326,0.011508677716422553,1.9971807009604814,2.080803209021699,0.08362250806121763,2.0272302736488363,4.109662582398335,13.0,0.1569623763191426,0.8558858759654632,0.20103657928826238,0.12560995427835006,0.041571200572030634,0.6532914177654563,0.6117202171934256,0.23705182308038678,0.056193566825734995,5.5,87.18258866529888,0.7194571480086026,-0.00012924557288336927,0.9887697287153207,-0.36540569655235045,-0.03910471947354985,0.6886813652770362,-0.018535376900734993,-0.015706160830017343,0.8629919689432353,0.0007426654321600022,-0.03240918468581558,0.8077445319876765,-0.010014039872835001,-0.05842968940485232,0.45885716104261126,-0.00926400246006,chewing,chewing_01.csv,6130435.0,6132425.0
-0.06336178,0.02212826755784555,-0.123535,0.04248,0.166015,0.06711464363222083,0.0045043753898799995,10.5,1.8155330697290544,0.8274573027091194,1.924975555,0.010720362229280085,1.892578,1.953613,0.06103499999999995,1.9250054060999113,3.705645813513885,3.0,0.5557484843750037,0.8078940963349684,-0.182902825,0.030150740686994325,-0.311035,0.015137,0.326172,0.1853712775943323,0.034362510556955,1.5,4.848995702470446,0.8652533180353602,0.049804509999999996,0.11604572239505384,-0.365853,0.297905,0.663758,0.12628182332596408,0.015947098902530002,1.5,175.6328131200845,0.5847433698013129,0.035849865,0.17547221829824453,-0.910769,0.488426,1.3991950000000002,0.179096935247438,0.032075712215025004,3.0,307.6742588176862,0.6469431101581729,0.013064680000000002,0.05684806026970137,-0.144689,0.159078,0.303767,0.058329990741727365,0.00340238781993,1.5,34.987172301844524,0.6657837854639116,-0.234069835,0.025375000068133497,-0.330566,-0.102539,0.22802700000000004,0.2354412416833232,0.055432578285385004,11.5,1.064726298323202,0.8378996150055051,-1.943078625,0.011306040829325481,-1.987793,-1.90918,0.07861299999999982,1.9431115175128586,3.7756823694911246,15.5,0.14059589473001638,0.8920377490709657,0.529326135,0.023810047723949967,0.469238,0.629883,0.16064499999999998,0.5298613739145882,0.280753075566655,0.5,4.1238505093562825,0.8009898575673939,-0.01591313,0.10957893425304473,-0.243813,0.313093,0.556906,0.11072836374854457,0.01226077053843,1.5,139.79951471536603,0.5310421785775422,0.031956834999999996,0.17767429626439435,-0.516671,0.584885,1.101556,0.1805253302344715,0.032589394856265,3.0,309.6759658637429,0.6301020796772742,-0.021877925,0.11287327993178622,-0.350398,0.22223,0.572628,0.11497400108226641,0.013219020924864999,3.0,117.47335671450423,0.6514541304487463,1.9350443634439416,0.010770838618783259,1.9045402675147094,1.9644407435428028,0.05990047602809345,1.9350743395179215,3.74451269946072,3.0,0.47161716937256687,0.7992894659500838,0.19185037897297696,0.12090753088790673,0.014388555556413576,0.9372391524931084,0.9228505969366948,0.2267712480397041,0.051425198937485005,4.0,64.97196512976068,0.712331779608981,2.0277366393397234,0.012334699931878884,1.9962162597977706,2.080803209021699,0.0845869492239284,2.027774154915474,4.111868023343166,11.5,0.1483467454240704,0.8403431727053926,0.20361840221972444,0.12887487186044652,0.03095277347831693,0.6532914177654563,0.6223386442871394,0.24097548904309748,0.05806918631956,2.5,127.70411747305538,0.7339612240768502,-0.0015638613130956273,0.8732144825790333,-0.36735532388244607,-0.007967340972539844,0.9381777001402775,-0.006643987382074994,0.006466788142009114,1.0590148844400669,0.0036863283641000028,-0.002202077966149796,0.9876060971539017,-0.0005136826412399931,-0.056025219662084874,0.5036449751797492,-0.009816633104934998,chewing,chewing_01.csv,6130935.0,6132925.0
-0.06344967,0.02728800660805219,-0.155762,0.04248,0.198242,0.06906877679349765,0.0047704959277500006,10.5,2.706053252666675,0.7716968016623492,1.923354485,0.010986188517851636,1.879883,1.953613,0.07373000000000007,1.9233858612633516,3.699413171307765,4.0,0.43724160107324944,0.8273254138770368,-0.18734862,0.030779402915027444,-0.311035,0.015137,0.326172,0.18986015132120274,0.03604687705971,1.5,2.8593014748921277,0.8889565358173828,0.052421165,0.11530213818528161,-0.365853,0.257669,0.6235219999999999,0.12665923420759737,0.016042561610055,1.5,160.80601694340814,0.5663934740327465,0.021527505,0.20595805958240618,-1.042934,0.488426,1.53136,0.20708007093507333,0.042882155778475005,3.0,423.77665599785195,0.6304910477353584,0.02152886,0.0622758771674105,-0.115378,0.177198,0.292576,0.06589215954777927,0.004341776689869999,3.0,37.61796937785675,0.6365938005840583,-0.23105714,0.025855819910039598,-0.330566,-0.102539,0.22802700000000004,0.2324993018660486,0.054055925368199996,0.5,2.0886364795812553,0.8416352662433505,-1.9431664849999999,0.010931045634328621,-1.987793,-1.90918,0.07861299999999982,1.9431972303875678,3.7760154761859144,8.0,0.17043397070443875,0.8714988826855862,0.531599095,0.023528404611999832,0.469238,0.597168,0.12793000000000004,0.5321195200595492,0.283151183628405,1.5,4.968308506809085,0.7390169275355868,-0.015759895000000003,0.10224418356881712,-0.243813,0.313093,0.556906,0.1034516668017727,0.010702247364065,1.5,118.11943756098162,0.5307507849843337,0.022470775000000002,0.16307137154873133,-0.516671,0.495354,1.012025,0.16461229585873893,0.027097207947884998,3.0,245.8127338777985,0.6400500236523441,-0.038124125,0.10633173267853474,-0.350398,0.22223,0.572628,0.11295966661350856,0.012759886281435,3.5,80.65763701336752,0.6529951664896042,1.9339348151405276,0.011255002558795824,1.881049995382632,1.9644407435428028,0.08339074816017078,1.9339675654713615,3.7402305442952253,4.0,0.4186663946744449,0.8354852957465609,0.20306998505757956,0.14842195001789465,0.014388555556413576,1.0573559009340234,1.0429673453776098,0.251528316653215,0.0632664940784,4.5,89.52768437832,0.7139587192999706,2.028075759295746,0.011458609841662411,1.9962162597977706,2.0652569227723214,0.0690406629745508,2.0281081295588064,4.11322258518252,11.5,0.10881661305340463,0.8360880685819546,0.19070725798290133,0.11912213625530779,0.03095277347831693,0.5880903349052763,0.5571375614269594,0.2248540450901095,0.050559341593384995,0.5,137.64815825502558,0.713419989284194,-0.00020360728286658927,0.9822310659250922,-0.37299204088729443,0.02929981376258685,1.2459644754841384,0.012707152485015007,0.013057954616464404,1.1277134225212482,0.00534031424599,0.04288668803367485,1.2629933606761798,0.015784947830590007,-0.0440558555111242,0.5856753727100903,-0.008418109591565002,chewing,chewing_01.csv,6131435.0,6133425.0
-0.05929685,0.031401025607096025,-0.155762,0.102051,0.257813,0.06709799422561005,0.0045021408291,8.0,2.1601652797246316,0.8092504130803624,1.920219725,0.011069512092200586,1.879883,1.950195,0.07031199999999993,1.9202516310049147,3.687366326377035,7.5,0.5585238474592388,0.8194113730096099,-0.19478267500000002,0.03836138521676942,-0.43457,0.015137,0.449707,0.19852427145290072,0.03941188635590501,3.0,4.415022964028559,0.9089983565131605,0.054384989999999994,0.12856689670774474,-0.365853,0.27419,0.6400429999999999,0.13959646867439018,0.01948717406636,1.5,198.68199193424687,0.5548191977678762,0.017583849999999998,0.22936119256192294,-1.042934,0.488426,1.53136,0.23003423317899882,0.052915748434249996,3.0,415.30388713444074,0.6690469073851585,0.02377513,0.06876365611675328,-0.252873,0.177198,0.430071,0.07275779826973876,0.00529369720906,3.0,37.203320716381675,0.6367805201042481,-0.22411621499999998,0.025457969195691457,-0.330566,-0.102539,0.22802700000000004,0.22555750047713996,0.05087618602149499,0.5,3.320331511592107,0.8387405727919972,-1.94242674,0.011448208001796606,-1.987793,-1.90918,0.07861299999999982,1.9424604762345823,3.7731527017334803,7.5,0.14894235391274865,0.8911436517409987,0.534887695,0.02220332856942794,0.469238,0.597168,0.12793000000000004,0.5353483296527365,0.28659783406197503,0.5,3.98638348109995,0.7721775811936326,-0.015048440000000003,0.09078737207644244,-0.243813,0.313093,0.556906,0.09202609670620611,0.008468802474979999,1.5,90.19757247727324,0.6215942679582056,0.011060854999999998,0.17194112263723876,-0.516671,0.495354,1.012025,0.17229652395531664,0.029686092167085,3.0,263.34697484054357,0.6366288758936226,-0.02426139,0.10740619009464912,-0.330946,0.270992,0.6019380000000001,0.11011223690117279,0.012124704715379998,1.5,81.83625806421792,0.6354376998089205,1.9316197168413094,0.011208169874691911,1.881049995382632,1.9637708177771152,0.08272082239448308,1.9316522341151474,3.73128035356204,3.5,0.3857767897818376,0.8482662926107617,0.2230097884367631,0.1672221694963325,0.014388555556413576,1.0573559009340234,1.0429673453776098,0.2787411338673752,0.07769661970967,1.5,123.49506379122127,0.7167246037317927,2.027434930431631,0.011589852571940324,1.995261324161324,2.0652569227723214,0.06999559861099747,2.027468056916545,4.11062672181695,11.5,0.08276987305304505,0.8772441378546999,0.18564135614542449,0.125765202842172,0.019351559988796768,0.5880903349052763,0.5687387749164795,0.2242311293229488,0.050279599357445,0.5,168.4101378459735,0.6943863306224178,-0.0003816826972484165,0.9670675105762353,-0.3793463682549101,0.04145696665416057,1.3296378148905517,0.027417020352225,0.0377795246313023,1.4161319329685207,0.011018371591380001,0.057420069924684236,1.3339519310097157,0.023229656267164996,-0.038642533977895785,0.6402206060577793,-0.006831007506319998,chewing,chewing_01.csv,6131935.0,6133925.0
-0.062265604999999995,0.03528671968855954,-0.174316,0.102051,0.27636700000000003,0.07156925423947773,0.005122158152395,8.0,3.895417097431462,0.7117687727743608,1.9189624149999998,0.012094504630317648,1.879883,1.950195,0.07031199999999993,1.9190005281981777,3.682563027224885,3.5,0.6155983154112257,0.7978098302088108,-0.19959226000000002,0.039670378081288815,-0.43457,0.015137,0.449707,0.2034964597948082,0.04141080914902,1.5,6.887505208062045,0.8795617562030507,0.06172069499999999,0.1364263111071027,-0.365853,0.27419,0.6400429999999999,0.14973838036246753,0.022421582553575,1.5,251.5385350505923,0.5015372719454594,0.017172164999999996,0.22853881863324177,-1.042934,0.527596,1.57053,0.22918305974278508,0.052524874873064994,1.5,379.9543668229224,0.6620005751122697,0.013507004999999999,0.07200314783469522,-0.252873,0.177198,0.430071,0.07325907781411803,0.005366892482175001,3.0,47.59215274650882,0.6153089147548554,-0.22022461,0.021831481773070285,-0.28418,-0.102539,0.181641,0.22130407236664215,0.04897549244605999,0.5,1.6439022839800388,0.8796599661806719,-1.94138424,0.011070355857532311,-1.973633,-1.90918,0.06445299999999987,1.94141580298997,3.7690953200991895,9.0,0.18347295443785644,0.887372777554004,0.542041005,0.01870756846105274,0.483398,0.597168,0.11377000000000004,0.5423637379279104,0.294158424219135,1.5,2.068559320979513,0.8115282631205408,-0.026862060000000004,0.07797987639401847,-0.200113,0.259268,0.45938100000000004,0.08247685366131519,0.006802431389869999,1.5,70.1853237898014,0.6065892563785009,0.02562304,0.1381814296958835,-0.39623,0.477767,0.873997,0.14053699759010083,0.019750647691640002,3.0,171.16957060483153,0.6809620553444606,-0.02618793,0.09038092969163959,-0.330946,0.270992,0.6019380000000001,0.09409845976215551,0.00885452012961,1.5,73.85231740757996,0.6628794775996798,1.9310485240739816,0.0121487529399975,1.881049995382632,1.965319378297838,0.08426938291520591,1.931086739254946,3.7290959945263,3.5,0.42281824359903203,0.8081218865175599,0.2282368256582538,0.16799196802900684,0.033402436947025285,1.0573559009340234,1.023953463986998,0.28339610072972954,0.080313349908815,1.5,119.17470856963772,0.7148798395230341,2.0278309735831197,0.011435879560476661,1.995261324161324,2.0607546407806536,0.06549331661932967,2.0278632194416826,4.112229236764385,13.0,0.14243682516517608,0.8897255543335666,0.15863324531231615,0.10120816514887783,0.019351559988796768,0.5880903349052763,0.5687387749164795,0.18816907081430784,0.03540759921112,1.5,63.42133001286632,0.7714159721042594,0.0007128733795208411,1.06233655887603,-0.3831332422380851,0.06678380288012901,1.6598657606517186,0.044905750697695,0.05844643471308421,1.7495066344779098,0.015619151163705002,0.09035738893735829,1.6539039951766403,0.03277422718142499,-0.018377781856944372,0.7966630580184842,-0.003487627647434998,chewing,chewing_01.csv,6132435.0,6134425.0
-0.06918210500000001,0.03648728080337003,-0.174316,0.102051,0.27636700000000003,0.07821435490148211,0.006117485312655,8.0,6.191572475699678,0.693487400715429,1.91447269,0.012585486085324638,1.879883,1.950195,0.07031199999999993,1.9145140571998525,3.66536407521584,0.5,0.9775867009212632,0.7798336461053702,-0.21253902,0.040751650096402234,-0.43457,-0.025391,0.409179,0.21641056353177404,0.04683353200814001,0.5,9.498477950887622,0.8475214827428156,0.077196845,0.12642615964198617,-0.281384,0.27419,0.555574,0.14813145081236123,0.021942926719774998,1.5,222.63144205434824,0.4948641979143958,0.025349909999999996,0.23253489686023882,-1.042934,0.527596,1.57053,0.23391258237813972,0.05471509619481,7.0,329.8312966835977,0.6866678608914202,0.00039969499999999993,0.0689133757674225,-0.252873,0.177198,0.430071,0.06891453486569435,0.0047492131157550015,3.0,42.99094096420864,0.6033828653008673,-0.22076658000000002,0.01821761323729319,-0.256348,-0.112305,0.14404300000000003,0.2215169616010476,0.04906976427696,0.5,1.8305250596659526,0.8164411323540853,-1.9419237999999999,0.010330219561074199,-1.970215,-1.912598,0.05761700000000003,1.94195127602178,3.77117475844262,8.5,0.11893541990440701,0.8595840922733385,0.54064209,0.016500511631822208,0.502441,0.592285,0.08984399999999992,0.540893830953617,0.29256613636368,1.5,2.61117227765344,0.7619758999160753,-0.029783835,0.07945441877779848,-0.200113,0.259268,0.45938100000000004,0.08485329392913983,0.0072000814906249995,1.5,77.0885713511746,0.5677938419894996,0.037756395,0.1268234881761615,-0.39623,0.43913,0.8353600000000001,0.13232438368103214,0.017509742516565,3.0,125.4973491235207,0.6848505984940634,-0.020077935,0.0762210322219581,-0.20864,0.270992,0.479632,0.0788211217050671,0.006212769226844999,5.0,35.42649391253507,0.6689222261257044,1.9282534274779082,0.012402094836558613,1.881049995382632,1.965319378297838,0.08426938291520591,1.9282933108157159,3.7183150925366353,3.0,0.5472389379839585,0.8411404322139805,0.23117466976255296,0.16722890925469366,0.033402436947025285,1.0573559009340234,1.023953463986998,0.2853195332085415,0.08140723603034,1.5,121.70805626427759,0.7460521238489629,2.027980917774784,0.010200795292798142,1.995261324161324,2.056587083842063,0.061325759680739056,2.028006572741632,4.1128106590832605,8.5,0.08596688922012277,0.8570063202793103,0.150472868490921,0.09099730260919273,0.019351559988796768,0.5096793615990352,0.49032780161023837,0.1758482107786002,0.030922593234034998,4.5,33.020654673620356,0.7867959135440857,0.0022012995437604675,1.2157968551054648,-0.3944955665466252,0.07623160664550094,1.8377347949850091,0.050484642796305004,0.046971740864187636,1.5911784591307425,0.014742845229149999,0.1057114086840773,1.8335317866138576,0.037205353678245,-0.007307656454535585,0.9041254593186897,-0.0014635561110899978,chewing,chewing_01.csv,6132935.0,6134925.0
-0.08040525999999999,0.036172633529816436,-0.192871,0.102051,0.294922,0.08816725725659158,0.00777346525215,0.5,6.984119712541188,0.7548350400763649,1.90944337,0.012781573454121366,1.858887,1.949219,0.09033200000000008,1.9094861486423305,3.64613735185692,0.5,1.0979339143150042,0.7664622030833932,-0.23145993500000003,0.04156737501383477,-0.43457,-0.025391,0.409179,0.23516281205952824,0.055301548175745,0.5,11.321325119872359,0.8191440874969194,0.06830098,0.1302559142037689,-0.281384,0.305632,0.587016,0.14707694263214746,0.021631627054019997,1.5,191.96055874624844,0.5902876733469499,0.012230625,0.22434545029243266,-1.016821,0.527596,1.544417,0.22467859100235832,0.050480469254805004,7.5,268.15232996974277,0.6999044327831264,-0.010253465,0.057038531085125035,-0.252873,0.127902,0.380775,0.057952804702231624,0.003358527572855,3.0,24.753312140764884,0.6471963497718272,-0.22801268,0.022876482096852217,-0.317871,-0.112305,0.20556600000000003,0.22915740370738624,0.05251311567391,0.5,3.5316577994820184,0.7874721760225045,-1.94216062,0.011701471455146144,-1.975098,-1.892578,0.08251999999999993,1.9421958702234436,3.772124798313,8.5,0.18319975195970178,0.8510967551034159,0.534165025,0.020001768451923817,0.474121,0.592285,0.11816399999999994,0.5345393761683558,0.285732344674455,1.5,4.48470024479516,0.7021733964290839,-0.025030155000000002,0.10046303158595692,-0.340806,0.287513,0.6283190000000001,0.1035341942295636,0.010719329374765002,1.5,150.80909075498138,0.5414718654882615,0.036404114999999994,0.13726335507414852,-0.39623,0.43913,0.8353600000000001,0.14200876112108365,0.020166488235145,1.5,111.23454008179435,0.724916850847015,-0.006969320000000001,0.09850786860600325,-0.29151,0.288312,0.5798220000000001,0.09875409661659611,0.00975237159856,1.5,85.32532557852458,0.6494211493329577,1.9258922469148294,0.012305224831935233,1.8828221379543528,1.965319378297838,0.08249724034348516,1.9259315577882863,3.709212365284815,6.0,0.5593415247998279,0.8270465215393658,0.21997356923362954,0.1645668639802606,0.033402436947025285,1.0339401491464582,1.0005377121994328,0.2747191727595291,0.07547062388168,1.5,125.09326119874717,0.7563123420810657,2.0273711134320194,0.01168875882114469,1.9685372853177052,2.056830332081137,0.08829304676343175,2.0274048087792838,4.110370258661365,8.5,0.11177874590446908,0.8262766049454743,0.17188223599604613,0.10533131612901032,0.019351559988796768,0.5096793615990352,0.49032780161023837,0.20158915945176714,0.040638189208469996,4.5,47.062677144773076,0.7463768065394593,0.0006164660107905416,1.0527400744786837,-0.40115789337655006,0.05923554785125028,1.5623735658889735,0.03483243467321,0.029792882617811947,1.296555679711108,0.010912297679254996,0.08708209521828408,1.6344161933914776,0.030313981019660003,-0.04146933752087822,0.5790251265435358,-0.006393844025705,chewing,chewing_01.csv,6133435.0,6135425.0
-0.09389157000000001,0.030023785995358748,-0.192871,-0.00293,0.189941,0.09857512182371371,0.00971705464256,7.5,5.739564558551017,0.6921539148639445,1.9045410200000001,0.01346028052046465,1.858887,1.949219,0.09033200000000008,1.9045885844492323,3.6274576760143304,0.5,1.2891296591749593,0.7275943370670891,-0.24353028999999998,0.034291554572458506,-0.353027,-0.098145,0.254882,0.2459327405256974,0.060482912862480004,0.5,10.081111442872002,0.7602235147492385,0.077932275,0.1166993400698109,-0.264064,0.305632,0.569696,0.14032881193612737,0.019692175459405,1.5,158.91717360458497,0.6078770308920456,0.033165259999999995,0.2035265921515967,-1.016821,0.527596,1.544417,0.20621107677258757,0.04252300818371,9.0,252.38846534845027,0.6915270249124387,0.0033894100000000007,0.06339027340777054,-0.14842,0.159611,0.308031,0.06348082279602242,0.00402981486286,2.5,43.54601677394294,0.5970065797894568,-0.234416485,0.020414952708242434,-0.317871,-0.15332,0.164551,0.2353037584354211,0.055367858733835,7.5,1.7002366342260127,0.8128600519014204,-1.9427514700000001,0.011103750362337041,-1.975098,-1.892578,0.08251999999999993,1.9427832013529636,3.7744065674592697,11.0,0.16995813042508534,0.8674769759293619,0.529682595,0.020362896894866776,0.474121,0.585937,0.11181600000000003,0.5300738618493511,0.280978299015885,1.5,4.517682984556171,0.6749913043158425,-0.03804152,0.10140077245997488,-0.340806,0.287513,0.6283190000000001,0.108301772374186,0.01172927389939,1.5,155.42290994641286,0.5003002542252285,0.03127738,0.12769582867566817,-0.299237,0.43913,0.738367,0.13147052582548682,0.01728449916083,1.5,106.94591326153,0.7053640865528353,-0.014596809999999998,0.0948621607220387,-0.29151,0.288312,0.5798220000000001,0.09597862469857546,0.009211896399029999,1.5,92.9916957275459,0.6332060829741512,1.9228861554196852,0.012902589456110527,1.8861120962323528,1.965319378297838,0.07920728206548522,1.9229294431984159,3.6976576435193698,3.0,0.6911383046389882,0.7653161894217333,0.21218733891243816,0.1456761192208013,0.03853484872164415,1.0210094342531806,0.9824745855315364,0.25738103758042274,0.066244998505975,1.5,96.63973144309911,0.6919122105955139,2.0274662966156596,0.01153868695180248,1.9685372853177052,2.056830332081137,0.08829304676343175,2.0274991307541885,4.11075272520899,11.0,0.16577803282351333,0.8363418719803632,0.17067619730892464,0.09536930916922393,0.032175343370351155,0.5096793615990352,0.477504018228684,0.19551386001828616,0.038225669459249996,4.5,33.51261400804785,0.6987104146713756,0.0013639025043080469,1.1182025745221373,-0.4130950816896206,0.050306810051577444,1.527494751611472,0.028019329046725,0.015298567609836,1.150872298491362,0.007962901560015,0.07583076347592854,1.5938390021222184,0.02523850902288,-0.03147188731426816,0.6682356054856707,-0.005182081536169999,chewing,chewing_01.csv,6133935.0,6135925.0
-0.09918696499999999,0.028164288741485643,-0.192871,-0.00293,0.189941,0.1031081043673338,0.010631281186224998,7.5,5.358085621977759,0.7150362779306235,1.9011474450000003,0.01084353553675991,1.858887,1.930176,0.07128899999999994,1.9011783687736838,3.614479189892965,6.0,0.5388050751740993,0.8013596096018242,-0.25348879,0.02972509615839619,-0.353027,-0.098145,0.254882,0.2552256805207697,0.06514014799729,1.5,3.525961685676523,0.8722150598295609,0.05777971,0.11888079191490904,-0.257136,0.305632,0.5627679999999999,0.13217843081985806,0.017471137574,1.5,187.43899779429356,0.6002482836054563,0.011945524999999997,0.21519697179279584,-1.016821,0.429005,1.445826,0.21552826319607132,0.046452432236315,2.5,283.6174292119267,0.6869675932033196,0.009795135,0.06478236289667716,-0.14842,0.159611,0.308031,0.06551869360835119,0.004292699212145,2.5,53.79676014244424,0.5827009022075043,-0.23491211000000004,0.020036800753061853,-0.317871,-0.17041,0.147461,0.23576507970662236,0.055585172809069994,7.5,1.4084556640097121,0.8204018294184522,-1.943425305,0.012127478303092328,-2.024414,-1.892578,0.13183600000000006,1.9434631439377323,3.7770489918443353,9.0,0.17133885792971992,0.8792243137796047,0.5248876699999999,0.018573633092400094,0.474121,0.584473,0.110352,0.5252161897393111,0.27585204596428,1.5,3.767218416867454,0.7300986011752297,-0.030632545,0.10115753023135735,-0.340806,0.287513,0.6283190000000001,0.10569389166685556,0.011171198735685,1.5,141.50618986634677,0.5034468749248635,0.039989355,0.12668194794274742,-0.299237,0.43913,0.738367,0.13284375953685215,0.017647464447884998,4.0,99.0797287718994,0.6535129807996984,-0.026884715,0.0948163214595661,-0.29151,0.288312,0.5798220000000001,0.09855416133149833,0.009712922715755001,1.5,82.79580288510809,0.6576996471159864,1.9209675710210112,0.01158491096712973,1.8861120962323528,1.9480711823721946,0.0619590861398418,1.9210025036622103,3.69025061907648,6.0,0.47298015115925496,0.8175002242937178,0.20877764991574074,0.15693362265021604,0.03853484872164415,1.0210094342531806,0.9824745855315364,0.26118244393997847,0.06821626902246,1.5,79.30570960553086,0.72947719435382,2.0269027037464196,0.012314226047113281,1.9685372853177052,2.0940057852883314,0.12546849997062615,2.026940110269093,4.108486210617684,11.0,0.33499266556440244,0.8370164111584606,0.17284463609876838,0.09303933400024604,0.032175343370351155,0.5096793615990352,0.477504018228684,0.196294640526238,0.038531585899325,5.5,21.194539010552127,0.6606167134521812,-0.0007293150799835522,0.9407745905269849,-0.41823559154120415,0.06389428864996988,1.686744905652494,0.029684683123135006,0.01772326168355169,1.1752045709599357,0.006299938838315002,0.08851502385004842,1.69871852531074,0.02880496778843,-0.03003395856288893,0.6832406267132316,-0.005420223503610001,chewing,chewing_01.csv,6134435.0,6136425.0
-0.10689691500000001,0.028950538277858928,-0.202637,-0.041992,0.160645,0.11074784017349955,0.012265084103095,8.5,4.771034879551342,0.7361904895143653,1.898857405,0.010525696425936629,1.858887,1.924316,0.06542899999999996,1.8988865776577035,3.6057702348085856,3.0,0.40582246119481347,0.838578002561464,-0.25947023999999996,0.027597011833754754,-0.347168,-0.137695,0.20947299999999996,0.2609337090293433,0.06808640050781,1.5,2.575878595763041,0.844412540658062,0.045016169999999994,0.1284113528172299,-0.305899,0.305632,0.611531,0.13607325635046733,0.01851593109382,3.0,226.67022277769397,0.5075846352128746,-0.01067581,0.1985103846555991,-1.016821,0.414882,1.431703,0.19879724780607502,0.039520345735269996,8.5,283.7712914580196,0.6715599585565616,0.008883829999999999,0.06353188147883786,-0.14842,0.159611,0.308031,0.06414999921831645,0.00411522239971,2.5,50.772074334825874,0.5757223468330984,-0.23710206499999997,0.021279897802404385,-0.317871,-0.17041,0.147461,0.2380550845450376,0.056670223277745,11.0,1.4943055624362827,0.7801610865877767,-1.94374024,0.012020996477097902,-2.024414,-1.892578,0.13183600000000006,1.9437774113698205,3.7782706249515603,10.5,0.3455789924498007,0.8982381813142506,0.52075924,0.01885321375740486,0.458008,0.584473,0.126465,0.5211004027194376,0.27154562971436,1.5,2.905094402766352,0.75174097872096,-0.02643709,0.10200243244477997,-0.340806,0.287513,0.6283190000000001,0.10537274767377,0.01110341595232,1.5,144.0595489539575,0.4845274307329996,0.027776040000000002,0.12852066934660122,-0.299237,0.371715,0.670952,0.13148791141158186,0.01728907084738,3.0,154.98634542235925,0.6641823187062087,-0.016972315,0.09524903090234449,-0.29151,0.288312,0.5798220000000001,0.0967493533016888,0.009360437364295,1.5,92.37492620814031,0.661324300971695,1.9198931954021856,0.011482058520776588,1.8836647298224278,1.9475213771445488,0.06385664732212093,1.9199275297311327,3.6861217194194897,3.0,0.45036745435529424,0.8186516170119456,0.2009650467704551,0.1475281302170837,0.03853484872164415,1.0210094342531806,0.9824745855315364,0.24930202411693334,0.062151499228800006,1.5,71.00606503913168,0.7071745425455366,2.0264098056212148,0.012238366960393127,1.9685372853177052,2.0940057852883314,0.12546849997062615,2.0264467616850106,4.106486477943665,3.0,0.4622387620302886,0.8411161277816419,0.17080691919374122,0.09261706386804623,0.020945730710576798,0.4484818043901001,0.4275360736795233,0.19430111724844765,0.037752924163995,5.5,21.668921705883577,0.7090281549236732,-0.00075630843961654,0.9382018498003719,-0.42036475852417565,0.054911066349037474,1.592882823701587,0.024398575064805007,0.02640892037244999,1.258904809811734,0.007412515141499999,0.06998971530899784,1.5445794490864806,0.022231274887889996,-0.031717149423506646,0.6670081666654946,-0.005245214964584999,chewing,chewing_01.csv,6134935.0,6136925.0
-0.112802665,0.029486857300715773,-0.202637,-0.029297,0.17334000000000002,0.1165929499780111,0.013593915984575,0.5,5.376648979303587,0.7260544139097543,1.8976000849999999,0.00957683431399829,1.868652,1.920898,0.052246000000000015,1.8976242510959551,3.600977798347485,2.5,0.3217374609478168,0.833864492968017,-0.26151856,0.026905283827092404,-0.34375,-0.135742,0.208008,0.2628989378492998,0.06911585152229,1.5,2.9123097190983036,0.8553811123973603,0.047450320000000004,0.12695914801371186,-0.305899,0.244346,0.550245,0.13553655644316037,0.018370158132469998,1.5,225.58887648927043,0.5200932588573068,0.008989144999999997,0.19460910526392122,-0.792459,0.414882,1.207341,0.19481660242252197,0.037953508579454995,3.0,293.5273273199381,0.665129289033998,0.011628355,0.07011587123924921,-0.14842,0.159611,0.308031,0.07107358186868733,0.005051454039645,3.0,52.09542433558954,0.5733102297189715,-0.23688231999999998,0.019283272312488872,-0.291016,-0.17041,0.12060599999999999,0.2376658959961652,0.056485078119660005,0.5,1.3189119704271772,0.8153530396718606,-1.9445801,0.010345126482068753,-2.024414,-1.910645,0.11376900000000023,1.9446076177362723,3.78149878695794,10.5,0.1859502169451994,0.8995390669911212,0.52140622,0.01699810982820149,0.458008,0.570312,0.11230400000000001,0.5216832199643956,0.27215338199242,1.5,2.023812121346504,0.7582537762826743,-0.02307035,0.08443027009845165,-0.168138,0.212904,0.381042,0.08752549090419316,0.007660711558020001,1.5,74.9362819122935,0.5164792451327018,0.03501049,0.12371265283187449,-0.299237,0.371715,0.670952,0.12857120548839854,0.01653055488074,4.5,142.42613983530384,0.6052998565166995,-0.019013415,0.0695708242338897,-0.196916,0.188922,0.385838,0.07212218475992667,0.005201609534545,4.5,22.581534456056428,0.650473600371543,1.9192619828618303,0.011000317978401342,1.8752657940841346,1.9438588509318262,0.06859305684769157,1.9192935069588366,3.68368756585435,5.5,0.32285319837688714,0.8515652442969281,0.2050426540667456,0.13904183098922027,0.04763675272308137,0.8281836657324269,0.7805469130093455,0.2477400265430881,0.06137512075157,1.5,89.44014792331402,0.7166347757407603,2.0273182870724726,0.010854030198779396,1.990015632338098,2.0940057852883314,0.1039901529502334,2.027347342482294,4.1101372470700195,10.5,0.353314109990428,0.8533030993525245,0.14947033884476654,0.08397317297170373,0.012280546404781833,0.4271742659770132,0.41489371957223137,0.17144350665249763,0.029392875973304998,5.5,29.95943373807458,0.7160014822057108,0.00014628777962194528,1.0134777384015752,-0.4264496812156695,0.055068658017516536,1.6557887009470622,0.031982244778265,0.042528877915260235,1.5037159997909348,0.010709446574449997,0.07089645243204686,1.5730735766243342,0.021422953698714994,0.0005450470053594836,1.0078344192606816,-0.00015015549489999936,chewing,chewing_01.csv,6135435.0,6137425.0
-0.12146478999999999,0.031488857240870145,-0.210937,-0.029297,0.18164000000000002,0.1254800515623101,0.01574524334008,8.0,5.820865549429289,0.6370764104958958,1.898664545,0.009860002856387768,1.868652,1.92334,0.05468800000000007,1.8986901469424613,3.605024274096385,8.0,0.22326635839463363,0.832989846551904,-0.26068359,0.02773282030360237,-0.34375,-0.135742,0.208008,0.26215461738691537,0.06872504341728,1.5,3.6914326418097896,0.8347704002181957,0.049980374999999994,0.1258600928316612,-0.305899,0.249142,0.555041,0.13542082872562478,0.018338800852735,1.5,248.82961164073419,0.4222610202492475,0.0037877949999999983,0.19565868308356002,-0.792459,0.414882,1.207341,0.19569534398384394,0.038296667656955004,3.0,359.9529112801732,0.5969262139451771,0.00792321,0.059509672240703027,-0.145222,0.155614,0.300836,0.060034809460012446,0.0036041783469,3.0,38.57697347210606,0.5865098535120787,-0.23836181500000003,0.01984555624090126,-0.320313,-0.166504,0.153809,0.2391865400740706,0.05721020095260499,10.5,1.3869917173590682,0.8027309220201231,-1.9456005750000003,0.013834528667228787,-2.072266,-1.923828,0.14843799999999985,1.9456497607801295,3.7855529916237756,9.5,0.2706603387422193,0.919355808721024,0.522541485,0.01706250092981023,0.458008,0.577148,0.11913999999999997,0.5228199809532771,0.273340732483985,1.5,1.8595864658814845,0.7772684825986854,-0.024429295,0.08123830318936982,-0.165473,0.212904,0.378377,0.08483190649328234,0.007196452359284999,1.5,79.912448922925,0.5054548668964496,0.050754429999999996,0.115352299393879,-0.276588,0.371715,0.6483030000000001,0.12602446246693538,0.015882165140080003,3.0,139.62047912637541,0.5813157647558669,-0.021740674999999998,0.05880828596744999,-0.196916,0.127369,0.32428500000000005,0.06269825713594437,0.003931071447885,1.5,23.839319381015393,0.7171329082537126,1.9207744099255524,0.01096480865730721,1.8752657940841346,1.9455627635478636,0.07029696946372899,1.9208057061696129,3.6894945608537455,8.0,0.1429888308859045,0.8425829549274422,0.19924079611762835,0.14332742940206403,0.027876666838056518,0.8281836657324269,0.8003069988943703,0.24543766389164887,0.06023964685659,1.5,103.4822185107947,0.6893989909766671,2.028772892465218,0.013582189023760842,2.0026769194021288,2.1468770281182854,0.14420010871615663,2.0288183568423186,4.116103925060365,9.5,0.2509318992821716,0.9025633539944924,0.14298559145072065,0.08102351254257988,0.012280546404781833,0.4271742659770132,0.41489371957223137,0.16434624713466991,0.027009688947249998,3.0,41.93130530579937,0.7141317116102178,-0.0026173803664536373,0.8072931865493286,-0.42660936420661955,0.062303916859484165,1.7689609460802125,0.033229957909340004,0.04462178964229137,1.5492703305025481,0.01114234849345,0.08030638368968097,1.696183640132468,0.022414502516875,0.0007013862732530643,1.0119266573020216,-0.0003268931009850003,chewing,chewing_01.csv,6135935.0,6137925.0
-0.128847615,0.0300647111064912,-0.210937,-0.029297,0.18164000000000002,0.1323087100122475,0.017505594745105,9.0,3.2131013599255103,0.635520696433141,1.898090825,0.010681957631650434,1.853516,1.92334,0.06982400000000011,1.8981208823907987,3.6028628841680246,7.5,0.1646568719570503,0.84839493777414,-0.26055664,0.02831788692470538,-0.34375,-0.114746,0.22900399999999999,0.26209094865708354,0.06869166536797,1.5,4.421404802672863,0.8320675121729337,0.051571165,0.13423709818529217,-0.305899,0.257136,0.563035,0.1438025854728106,0.020679183588665002,1.5,293.0037033471401,0.37288069902265447,0.0037224899999999984,0.18812406185033825,-0.792459,0.37891,1.171369,0.188160887484275,0.03540451957887,3.0,341.554783184694,0.594757254302286,0.016529975000000002,0.06265419342266226,-0.145222,0.159345,0.304567,0.06479805573429653,0.004198788026945,3.0,44.60651084584577,0.5769231536928067,-0.24106443499999997,0.018891152997521747,-0.320313,-0.166504,0.153809,0.24180351007263107,0.058468937483445,10.5,0.652086742915597,0.848607538824269,-1.94497558,0.014388210419423257,-2.072266,-1.861328,0.21093799999999985,1.9450287986030979,3.78313702739541,1.5,0.4139669333613419,0.9001896430885967,0.52250976,0.017137900967224663,0.458008,0.577148,0.11913999999999997,0.5227907391536503,0.27331015694481997,1.5,2.1130495951860793,0.7234404822598434,-0.025701629999999996,0.08455228327048951,-0.174266,0.212904,0.38717,0.08837229424944222,0.007809662390909999,1.5,98.70231951306907,0.44506944811464044,0.0361976,0.11680674889581509,-0.292043,0.371715,0.6637580000000001,0.12228688741385971,0.014954082833369998,3.0,135.47099084542364,0.5842498979245829,-0.025805574999999997,0.06254890877956525,-0.233421,0.127369,0.36079,0.0676630895732304,0.004578293690595,1.5,26.028793591792038,0.7446858748896197,1.9206543268410363,0.012128522907014473,1.857785535882977,1.9457846817715982,0.08799914588862134,1.9206926209784583,3.6890601442811,7.5,0.10777021335043825,0.8415625915256354,0.20231169944517532,0.1391131462590256,0.01788872301199837,0.8281836657324269,0.8102949427204285,0.24552492988387148,0.06028249119448001,1.5,108.15964619718967,0.6768779327772415,2.0284786611885774,0.01380010602396665,1.9579376541046962,2.1468770281182854,0.18893937401358918,2.0285256029500034,4.114916121823675,13.0,0.1992648369536399,0.902654445966339,0.14339795496779476,0.08233508016592508,0.012280546404781833,0.4271742659770132,0.41489371957223137,0.1653542830254935,0.027342038914875,1.5,35.214474432331784,0.7355392053498633,-0.0016715831169521744,0.878871719242654,-0.42585597754257476,0.05677806609310056,1.6895975078748822,0.03294045227960501,0.04968481491480267,1.5876223916491645,0.012869521197755003,0.07131731295452311,1.610558153777005,0.020450436745500004,0.00010528464309703112,1.001683237088405,-0.00037950566365,chewing,chewing_01.csv,6136435.0,6138425.0
-0.130939925,0.027739860648881693,-0.216797,-0.029297,0.1875,0.13384604524536764,0.017914763827825003,8.5,1.8802059513734841,0.7414125629576169,1.8979394600000001,0.010287461550275651,1.853516,1.92334,0.06982400000000011,1.8979673405225497,3.60228002569024,10.5,0.23400929867287473,0.8514774195589164,-0.25985352,0.0287854850895308,-0.376953,-0.114746,0.26220699999999997,0.2614430263140136,0.06835245600823,1.5,3.9138098885456176,0.8237113846099235,0.04169338999999999,0.12723402276642792,-0.302435,0.257136,0.559571,0.13389113233900146,0.01792683531902,1.5,232.21389000504146,0.47540976366307514,0.006969324999999998,0.1907978384844005,-0.92649,0.37891,1.3054000000000001,0.1909250812786916,0.036452386661274996,3.0,319.9713531435255,0.6609286278511585,0.020685455,0.06307874697683821,-0.151351,0.161476,0.312827,0.06638385623572195,0.004406816368725,3.0,34.369232427841,0.6419953294828789,-0.241186495,0.01900690868315979,-0.320313,-0.166504,0.153809,0.24193426369176194,0.058532187948075,9.0,0.650194621764474,0.8793491080551659,-1.94445311,0.015701379482641005,-2.072266,-1.861328,0.21093799999999985,1.9445165029657963,3.7811444303063295,13.0,0.4658362070656856,0.9032599851132312,0.52077149,0.01749315208988649,0.459961,0.577148,0.11718699999999999,0.5210652120098405,0.27150895516685997,1.5,2.232866109077224,0.7685046639712221,-0.022675960000000002,0.08056001625042289,-0.174266,0.212904,0.38717,0.08369059314038824,0.007004115380189999,1.5,89.12469827830385,0.5268534587332838,0.022616025000000005,0.12988230688813768,-0.41808,0.322686,0.740766,0.1318366346255281,0.017380898229385,1.5,184.43820596936925,0.626343661916745,-0.01874165,0.07201156967881968,-0.233421,0.20491,0.438331,0.07441045364953772,0.00553691561233,1.5,56.4466832755308,0.701605895257218,1.9205235597660222,0.011683403183195721,1.857785535882977,1.9485682225313539,0.09078268664837696,1.9205590971189341,3.6885472455262955,12.0,0.1852664312206695,0.8585591068912893,0.1909011251161812,0.14947507744903876,0.01456297720248164,0.9581488988596709,0.9435859216571892,0.24245832291142327,0.05878603834902,1.5,132.6959516012651,0.6846635505624238,2.027548826885457,0.015209471281823891,1.9579376541046962,2.1468770281182854,0.18893937401358918,2.0276058723088335,4.111185573421265,11.0,0.45527916168701477,0.9037291383008388,0.14909609786613737,0.08770566015369928,0.012280546404781833,0.45949287884144624,0.4472123324366644,0.17297956301801956,0.029921929221905,1.5,46.380951484990234,0.7178588433340883,-0.003526068098628177,0.7681662936671565,-0.42263832789496947,0.06176941729533947,1.7042808547030148,0.028864109127114998,0.046674006516005034,1.5793693781157847,0.01092271993883,0.0609155315962627,1.4690056178993398,0.019071488431889997,-0.008932822701981466,0.8759529511462819,-0.0011300992436049997,chewing,chewing_01.csv,6136935.0,6138925.0
-0.132792985,0.027521092784531197,-0.216797,-0.030273,0.186524,0.13561484953081282,0.018391387413265,8.5,2.2810406877700906,0.7469870655378473,1.8982080300000002,0.010519800434376118,1.853516,1.92334,0.06982400000000011,1.8982371799534588,3.60330439135766,1.5,0.28919470562548405,0.8377401626715966,-0.25777101,0.02641510178231195,-0.376953,-0.114746,0.26220699999999997,0.2591209200326944,0.06714365119858999,1.5,3.3512309535208065,0.845344892142413,0.06036042500000001,0.11452241116665494,-0.293908,0.257136,0.551044,0.1294556432358397,0.016758763565605003,1.5,176.4856393175525,0.5531951809042681,0.015469479999999997,0.1727742122278079,-0.92649,0.37891,1.3054000000000001,0.17346536606023116,0.03009023322241,3.0,229.27794470443874,0.6875600580992143,0.021090525000000002,0.05937974542863395,-0.151351,0.161476,0.312827,0.06301400171346842,0.003970764411945001,1.5,27.73746152347617,0.6834873678856042,-0.24171629500000003,0.018569979352384185,-0.320313,-0.166504,0.153809,0.24242856968945511,0.058771611401675,10.0,0.7571136953367377,0.8680524830560996,-1.9443993999999998,0.015893049959652173,-2.072266,-1.861328,0.21093799999999985,1.9444643518864984,3.7809416157573805,13.0,0.4418280660560707,0.9077640154825707,0.5183496000000001,0.017553946432640154,0.459961,0.577148,0.11718699999999999,0.5186467476573241,0.26899444885552,1.5,2.222729304891097,0.7723909612233059,-0.041586790000000005,0.07321967494120621,-0.174266,0.195583,0.369849,0.08420559305058067,0.007090581901000001,1.5,69.770571746803,0.5709505324528126,0.020453685,0.13645804976847564,-0.41808,0.418346,0.836426,0.13798243575431984,0.019039152576695,1.5,206.07552362073366,0.647087893885203,-0.014811340000000001,0.0784183464653164,-0.233421,0.20491,0.438331,0.07980484230264476,0.0063688128549499986,1.5,76.57200525921247,0.6352842668139026,1.9206012403640829,0.011415142638664303,1.857785535882977,1.9485682225313539,0.09078268664837696,1.9206351631607486,3.6888394299695153,15.0,0.23893549797638775,0.8684506367916353,0.181370340554396,0.13388263803474454,0.01456297720248164,0.9581488988596709,0.9435859216571892,0.2254323872028152,0.05081976119996,1.5,89.08474665860558,0.70408418782268,2.0269373160621074,0.015257547952247378,1.9579376541046962,2.1468770281182854,0.18893937401358918,2.026994740006637,4.108707676014575,0.5,0.44041812017205595,0.9085079709542125,0.15760126768256236,0.08752364113480608,0.031399332875078734,0.465417161613106,0.43401782873802724,0.1802735347538429,0.032498547332645004,6.5,29.24779069203845,0.7701598613975367,-0.0038424053135830815,0.7481636416540242,-0.41986824604505957,0.04635899689993846,1.5296739977777567,0.018321213867314994,0.04130273622544878,1.5640934114855602,0.009668181664605003,0.036316162459332224,1.2661342626613,0.011051080645715,-0.01903860103668243,0.7572175148438892,-0.002398048443004998,chewing,chewing_01.csv,6137435.0,6139425.0
-0.13034914,0.026751252447696727,-0.216797,-0.030273,0.186524,0.13306587769319375,0.01770652780626,8.0,1.9996309043114109,0.7294770432924753,1.8968969800000002,0.013473357030807133,1.853516,1.942871,0.08935500000000007,1.8969448289507,3.5983996840828003,4.0,0.8574975300070131,0.7533354884704571,-0.26221679,0.030411680460735807,-0.376953,-0.114746,0.26220699999999997,0.263974459496274,0.06968251526635,1.5,5.332806436244797,0.8249918389831467,0.068093165,0.12259694545113176,-0.293908,0.309096,0.603004,0.14023797685956896,0.019666690153664998,1.5,217.41593665545557,0.5151051291395846,0.008787935,0.19011890887300184,-0.92649,0.394098,1.320588,0.19032190444776712,0.036222427312625,2.5,276.55579985558563,0.6774846845697684,0.04172938,0.07090892205227492,-0.151351,0.189455,0.34080600000000005,0.08227646310944582,0.0067694163818,0.5,56.93758124308975,0.5996933169369411,-0.239392085,0.019299253737846314,-0.290527,-0.18457,0.10595699999999997,0.24016875640991484,0.057681031555485006,0.5,1.7520638655826741,0.8497186733670226,-1.94325683,0.012892340932937665,-1.976074,-1.861328,0.11474600000000001,1.9432995959955275,3.7764133197963803,10.5,0.20458040918471415,0.9006337413103607,0.52028075,0.020943672486875363,0.459961,0.588379,0.12841799999999998,0.5207021185263221,0.2711306962378,1.0,4.754658351725631,0.6864358596718203,-0.005401205,0.0998335130254514,-0.174266,0.288046,0.46231200000000006,0.09997951459401572,0.009995903338455,1.0,149.48095180801323,0.5127951689832236,0.04774475499999999,0.14674119395263546,-0.41808,0.418346,0.836426,0.15431312203651054,0.023812539632655,1.5,233.10670132003028,0.6174112157576067,-0.043875729999999995,0.0963274909894216,-0.263798,0.20491,0.468708,0.10584925698062315,0.01120406520335,1.5,129.85392271703364,0.5625271633591106,1.9197880851951252,0.014227968872795703,1.857785535882977,1.9704853610676736,0.11269982518469668,1.9198408077638651,3.68578872715541,4.0,0.7069768718407915,0.7926254222902351,0.2021597789838333,0.14761421885881346,0.01456297720248164,0.9581488988596709,0.9435859216571892,0.25031686688693194,0.06265853384809,5.0,108.32949258464714,0.7358206270447188,2.0260974105381147,0.012422986774980582,1.9579376541046962,2.0511907445296256,0.09325309042492935,2.0261354958614355,4.1052250475896646,44.0,0.27280174581412486,0.9046433372467558,0.18503768592720968,0.10379577525681531,0.03306480548861584,0.5707836514091832,0.5377188459205674,0.2121615143574819,0.045012508174459995,6.5,65.51436322612832,0.7347324250284287,0.001804982097815119,1.1452937309287234,-0.4194363204342544,0.0438184436019982,1.4221601842038465,0.01764602567363001,0.022763432425680394,1.2280139377633352,0.009670786815209997,0.04337771492036635,1.2956069373019252,0.012409887679969998,-0.02541856893714671,0.7361234194303047,-0.004434648821549999,chewing,chewing_01.csv,6137935.0,6139925.0
-0.12223390499999999,0.03137380900235059,-0.216797,-0.000488,0.216309,0.12619605153436855,0.015925443422865,0.5,5.901770422558538,0.6932541201528265,1.8909448449999997,0.016214843154066426,1.848633,1.942871,0.09423800000000004,1.8910143648239652,3.5759353279705848,0.5,2.5253893369307443,0.6585358836254867,-0.279716775,0.04048047363315275,-0.411621,-0.125488,0.286133,0.28263075374411223,0.079880142961965,0.5,16.157280805856114,0.6916014682110835,0.06779871500000001,0.13334029418883017,-0.325884,0.330413,0.656297,0.14958709773912657,0.022376299810015002,0.5,221.0131650691804,0.6043642378377733,-0.00151617,0.20344272293171634,-1.033874,0.394098,1.427972,0.20344837253057593,0.041391240285340004,6.0,207.03489311318415,0.6715370528979644,0.031434619999999996,0.07216316550758842,-0.174,0.189455,0.363455,0.0787125008535493,0.00619565779062,0.5,53.29171170614063,0.6085749503364553,-0.231616205,0.02499839323942591,-0.290527,-0.161133,0.12939399999999998,0.2329613403188499,0.054270986083155004,0.5,6.259293705664247,0.6382303591691578,-1.9415747349999999,0.013579007494834629,-2.013184,-1.893555,0.11962899999999976,1.9416222189279937,3.7698968410348654,0.5,0.5208350637843878,0.8839267685790191,0.5352539000000001,0.03572867696864803,0.459961,0.652832,0.19287099999999996,0.5364450352302088,0.28777327582314,0.5,19.472613419403423,0.51865390490217,0.02747626,0.09992815186233758,-0.167072,0.306432,0.473504,0.10363677145786626,0.010740580398210003,1.5,147.54595676276463,0.5194390515304926,0.04547179999999999,0.15108181315323826,-0.41808,0.418346,0.836426,0.15777642048452614,0.02489339886091,1.5,245.60932999947406,0.6271819309927312,-0.039213955,0.0980634658579992,-0.263798,0.20491,0.468708,0.10561334007986396,0.011154177602825,1.5,131.07183255819533,0.5749923275372287,1.9161164000929234,0.015454955527353648,1.864091697062406,1.9704853610676736,0.10639366400526762,1.9161787271430124,3.671740914355415,0.5,1.4625473226717052,0.7696484956150458,0.21174104336562366,0.15852106623541265,0.01456297720248164,1.0490622639652996,1.034499286762818,0.2645055725045788,0.06996319788597499,10.0,130.0836317950268,0.7143207006698723,2.027749150531748,0.013209294414724307,1.9723948635303734,2.1189508779178907,0.1465560143875173,2.0277921744945067,4.11194110294116,11.0,0.25825092317908677,0.9110765062157435,0.18701545473567216,0.10868935804371446,0.03306480548861584,0.5707836514091832,0.5377188459205674,0.216305702333399,0.046788156861945006,6.0,80.1869491517956,0.722161740631023,0.002245661112629343,1.1700061367491454,-0.44020018858574517,0.04983170819169827,1.4584782640049834,0.023175041024029987,0.0334121423264926,1.3343616558877387,0.011635719411804999,0.052360909778478126,1.346573215436393,0.016497841424430004,-0.025900300350410785,0.73588226640984,-0.004958519812204999,chewing,chewing_01.csv,6138435.0,6140425.0
-0.11464845,0.0339413727093867,-0.200684,-0.000488,0.200196,0.11956706849630462,0.014296283868800002,0.5,9.223837549993842,0.6549643885577405,1.8850683899999998,0.017379939654610425,1.848633,1.942871,0.09423800000000004,1.8851485080172306,3.55378489727959,0.5,2.9967930099570403,0.6352149312643118,-0.29982910999999995,0.04408281324005876,-0.411621,-0.125488,0.286133,0.303052453589391,0.09184078962654998,0.5,24.265845933970812,0.5902355409336493,0.09501254500000002,0.12493251645443622,-0.325884,0.330413,0.656297,0.15695705583061564,0.024635517375014997,2.5,227.8369106853185,0.5699238904394016,0.031627755,0.19369243777234818,-1.033874,0.46098,1.494854,0.19625767586653775,0.038517075336535,7.5,212.59231898248285,0.6437592373040084,0.045248039999999996,0.06832591911601629,-0.174,0.189455,0.363455,0.08195008448372704,0.00671581634689,1.0,58.797499256090646,0.581504313643451,-0.21819335000000004,0.030852188235966343,-0.290527,-0.132324,0.15820299999999998,0.22036377992576275,0.04856019550317,0.5,11.85240481912037,0.5604997559388112,-1.938618185,0.014097786319517514,-2.013184,-1.889648,0.12353599999999987,1.93866944443652,3.758439214791805,0.5,1.0075581934174913,0.7998837807859333,0.56006588,0.04516205568644545,0.478027,0.652832,0.174805,0.5618837968957638,0.315713401214,0.5,35.76375395418676,0.3183927763545242,0.024557175000000004,0.11652946590894672,-0.167072,0.306432,0.473504,0.11908892168881621,0.014182171269005001,2.5,199.07144059194485,0.49641750651391126,0.034445585,0.1796437755774543,-0.555574,0.569963,1.125537,0.18291633177416117,0.033458384429715,1.5,331.347033029348,0.5885887949830678,-0.05501652,0.1055196033935382,-0.408221,0.220098,0.628319,0.11900085786766412,0.014161204173239999,1.5,127.98333895233363,0.6155154516328664,1.9130276795512144,0.015718398322821448,1.864091697062406,1.9704853610676736,0.10639366400526762,1.9130922535975468,3.6599219707749397,0.5,1.5505392155556017,0.753164097210497,0.22322855192814622,0.14155360349529406,0.015544686712828921,1.0490622639652996,1.0335175772524707,0.2643263306188772,0.06986840905844,10.0,104.30693822688409,0.6919244889951917,2.030405743137611,0.012858061392807568,1.9984976327256432,2.1189508779178907,0.12045324519224754,2.030446456203407,4.122712811508975,11.0,0.28570323629445293,0.845229471550503,0.21247809204172508,0.12905355583736622,0.04541285736440727,0.7140085704002439,0.6685957130358366,0.24859959748953736,0.061801759871959995,1.0,96.29669160244303,0.6876859077384913,0.0028603369300138886,1.22245475757441,-0.46279084073403487,0.012500047657927782,1.0968593819582964,0.00806664918648,0.008403050545489496,1.0721109504788724,0.010453346106009996,0.014048662194893785,1.0782028887432096,0.005058690906819999,-0.0371936842775219,0.6475187256077237,-0.007445387826349999,chewing,chewing_01.csv,6138935.0,6140925.0
-0.09968018000000001,0.036441381701543644,-0.200684,-0.000488,0.200196,0.10613252369160926,0.011264112585150001,1.5,12.385760003130827,0.6721196801791441,1.8794751150000002,0.016138801843128714,1.848633,1.942871,0.09423800000000004,1.8795444045909624,3.532687168829195,4.5,1.9336887491836616,0.7046156116516276,-0.31760987500000004,0.041300427403834154,-0.411621,-0.125488,0.286133,0.32028387096645217,0.10258175800125499,0.5,17.715537547548394,0.7232804050068112,0.086852135,0.13498574035262678,-0.374913,0.330413,0.705326,0.1605130631836705,0.025764443452604997,1.5,267.68714054346384,0.5551459886341403,0.028081139999999997,0.21348068827296862,-1.033874,0.46098,1.494854,0.21531965699675448,0.0463625546892,1.5,282.47389271532177,0.6463529884037431,0.05695237499999999,0.0630012649459864,-0.174,0.189455,0.363455,0.08492780700650995,0.007212732402935001,1.5,49.77401180211185,0.6301313554963544,-0.19839843000000001,0.033128111045984794,-0.290527,-0.123535,0.16699199999999997,0.2011452429662208,0.04045940876794,0.5,12.727875156326462,0.6737230229201316,-1.9336816399999999,0.014985462276166189,-2.013184,-1.889648,0.12353599999999987,1.9337397055841616,3.7393492489527205,0.5,0.9060451441401055,0.8129755761813547,0.58674314,0.04024114029783947,0.478027,0.669922,0.19189500000000004,0.5881214684990933,0.34588686170953,0.5,26.446313016533963,0.4342224397180798,0.03216603,0.11418755210157147,-0.179862,0.306432,0.486294,0.11863157480582477,0.01407345054091,1.5,164.86886552751793,0.5231664184699226,0.038706325,0.18100009426129968,-0.555574,0.569963,1.125537,0.18509244640882838,0.03425921371760501,0.5,350.3413615217315,0.5922768533569902,-0.07473872999999999,0.09767549320037806,-0.408221,0.220098,0.628319,0.12298934805075601,0.01512637973395,0.5,89.69643583473014,0.6409991679731785,1.9095255735489092,0.01565641652193354,1.864091697062406,1.9704853610676736,0.10639366400526762,1.9095897568366877,3.6465330394156,4.5,1.250002340514097,0.7509936976471651,0.23856259875957675,0.14975852903196257,0.015544686712828921,1.0490622639652996,1.0335175772524707,0.2816730916234989,0.07933973054474,10.0,86.54456905822467,0.6950142659656412,2.0311333498277016,0.013886491561587605,1.9984976327256432,2.1189508779178907,0.12045324519224754,2.0311808189893363,4.125695519430191,10.5,0.4539146484714385,0.8466414608316664,0.2167063153990769,0.12844227052890655,0.02405972553875044,0.7140085704002439,0.6899488448614934,0.2519107857803333,0.06345904399246499,1.0,104.31960893382126,0.6568909847217211,0.0017699249603459408,1.1274565971178676,-0.47916248001459083,0.021316258503055907,1.165959838729716,0.01588068655227501,0.02079818825105524,1.1821405912314764,0.011690992911694996,0.03248059401166892,1.1794507021901244,0.012103340971594996,-0.03467422825439172,0.6450058544034308,-0.007913647331015,chewing,chewing_01.csv,6139435.0,6141425.0
-0.083559565,0.035518715715180005,-0.195801,0.064941,0.26074200000000003,0.09079526457390276,0.008243780069045002,0.5,10.228378488965786,0.6989873300191115,1.8733203450000002,0.011816557766793799,1.835938,1.909668,0.07372999999999985,1.8733576129581813,3.5094687460283747,2.5,0.6058840889093817,0.857705530451718,-0.33752932,0.03485159806877727,-0.444336,-0.125488,0.318848,0.33932385083811895,0.11514067574761,1.0,7.413466956705804,0.8424345045418075,0.05227331,0.14013011241779513,-0.374913,0.330413,0.705326,0.14956251985233465,0.02236894734458,2.5,271.98996625048585,0.5655151736836578,0.016667199999999997,0.21698227611871898,-1.078907,0.46098,1.539887,0.2176214688524549,0.0473591037055,4.5,232.14918579549078,0.6814022450954984,0.029922415,0.06513007730068171,-0.188389,0.192919,0.381308,0.07167480651264431,0.005137277888625,2.5,40.44558658242402,0.6869782487753197,-0.17974608500000003,0.028531652329961108,-0.265137,-0.085449,0.17968800000000001,0.181996456716896,0.033122710257504996,0.5,8.411231101886404,0.6512250028454577,-1.93064944,0.013873996283205495,-2.013184,-1.889648,0.12353599999999987,1.930699289880529,3.7275997479451797,5.0,0.4050144388151635,0.8553221493144346,0.6068700899999999,0.025359938345388383,0.543945,0.669922,0.125977,0.6073997304983679,0.36893443260949,0.5,7.652352600601071,0.6472279958747958,0.009041084999999997,0.10195197835921467,-0.179862,0.306432,0.486294,0.10235207427959143,0.010475947109335002,0.5,131.93636081358386,0.5948382608819548,0.01405058,0.193441125863229,-0.555574,0.569963,1.125537,0.1939507359449043,0.03761688797357,2.0,359.8534058206217,0.5632119825808979,-0.040648855,0.09422012917155217,-0.408221,0.220098,0.628319,0.10261462933673249,0.010529762153915,2.0,73.01949563617902,0.6340311841615311,1.905957982955751,0.013317997307224223,1.8447046440351909,1.9465643246730893,0.10185968063789841,1.9060045125458203,3.63285320184503,3.0,0.5792393976566133,0.8711780952609078,0.22342388814642183,0.1579464945614184,0.015544686712828921,1.1144309896063551,1.0988863028935263,0.27361529368568743,0.074865328938705,10.0,91.67292044577604,0.7363859990269405,2.032107944046507,0.013935370653632288,1.9984976327256432,2.1189508779178907,0.12045324519224754,2.0321557250398343,4.129656890812175,5.0,0.4611131862533279,0.8512846418245513,0.2034689599112267,0.13123635010721535,0.020127837563931203,0.7140085704002439,0.6938807328363127,0.24212103840191168,0.05862259723681999,2.0,106.98451657143923,0.7012887836377468,-0.0006173733464080663,0.955697386043539,-0.496803688967145,0.026710144454203,1.2035270291529883,0.016242731701885005,0.038178134058580435,1.3744717333886813,0.011893000235244998,0.02354115025549,1.1216967185774889,0.009742215731930001,-0.029090051870870492,0.6912543834672047,-0.00539248426529,chewing,chewing_01.csv,6139935.0,6141925.0
-0.08192138499999999,0.03389211914364127,-0.174316,0.064941,0.239257,0.08865545138549012,0.007859789060365002,0.5,7.661693734231793,0.676081708984348,1.8725781449999999,0.010656375330475885,1.835938,1.902344,0.06640599999999997,1.872608466142035,3.506662467466825,4.0,0.27692679620585187,0.8075939508719616,-0.34232179,0.028971239684657955,-0.444336,-0.16748,0.276856,0.3435455437604598,0.11802354063767001,1.5,5.046544696668901,0.8266737474630493,0.065063505,0.11161616688938916,-0.374913,0.324551,0.699464,0.129195311037069,0.016691428393965,1.0,157.3953269861343,0.5482202649193569,0.039618959999999995,0.1902809159430036,-1.078907,0.46098,1.539887,0.19436174768608663,0.03777648896359,8.0,190.8214863233244,0.6856496785592963,0.022581340000000002,0.06752347704713081,-0.188389,0.192919,0.381308,0.07119927575986992,0.005069336868730001,2.5,51.242584315375346,0.6402141199944921,-0.17206788,0.023298283101885427,-0.265137,-0.085449,0.17968800000000001,0.1736380295994803,0.030150165323189995,0.5,3.9246674153203562,0.753922558141841,-1.92981933,0.012315606666384728,-1.972168,-1.882324,0.08984399999999981,1.929858627104382,3.7243543206092102,5.0,0.2536664658956592,0.8443410551123608,0.612109325,0.01921147822186973,0.546387,0.669922,0.12353500000000006,0.6124107336154593,0.37504690664742496,2.0,2.916878774191862,0.7704458077452335,-0.03470272499999999,0.09286777681407785,-0.181461,0.305632,0.487093,0.09913981588047761,0.009828703092815002,1.0,87.30911766512293,0.5728271697922307,0.026791489999999994,0.1970799199928798,-0.555574,0.569963,1.125537,0.19889263133866975,0.039558278800819996,2.0,414.1365008115418,0.6141992503581842,-0.02273593,0.10202168140937053,-0.408221,0.220098,0.628319,0.10452437988603425,0.01092534599056,2.5,105.78168502180883,0.6402698247148969,1.905885125507294,0.012152593752201863,1.8447046440351909,1.9465643246730893,0.10185968063789841,1.9059238697190557,3.6325457971648603,4.0,0.3650049793938254,0.8142449050291082,0.20178866407868581,0.13718086337249916,0.015544686712828921,1.1144309896063551,1.0988863028935263,0.24400257012229398,0.059537254226284995,3.5,78.06262788605216,0.7341212684609284,2.0320907048454773,0.012599994461737552,1.985054426143777,2.0738947573476336,0.08884033120385659,2.0321297676526036,4.129551392579825,5.0,0.41018065266555603,0.8319989789251522,0.20659267789319208,0.13278476315117932,0.020127837563931203,0.7140085704002439,0.6938807328363127,0.24558568338605366,0.060312327884194994,5.0,122.86678721581228,0.6958103810062986,-0.00044740070953568946,0.9644919915723524,-0.4970055954149646,0.00439610022131981,1.033106962854727,-0.0007750736579099984,0.018748390075311344,1.2018826197685963,0.006862725301149999,-0.006799004049876156,0.9655012847066216,-0.0017817898372299926,-0.03449820436223973,0.6618541874073531,-0.005856009121829999,chewing,chewing_01.csv,6140435.0,6142425.0
-0.083991685,0.036681652802399385,-0.205566,0.064941,0.270507,0.09165231476321262,0.008400146801455,0.5,8.959434281034008,0.6572760507658977,1.87289795,0.01103692022021995,1.835938,1.902344,0.06640599999999997,1.8729304698045122,3.5078685447221507,4.0,0.41566102923183224,0.8170265411282768,-0.3398657,0.032566361402066396,-0.444336,-0.16748,0.276856,0.34142240982609795,0.11656926193145999,1.5,6.159323184662466,0.8151190880100454,0.04590886,0.12030102149720259,-0.374913,0.206775,0.581688,0.12876319039139253,0.01657995919977,1.5,201.6314111421758,0.5671441936942528,0.022117719999999997,0.2090253569573596,-1.078907,0.346668,1.425575,0.21019227718722208,0.04418079338915,7.0,310.4438438969888,0.6789448544094059,0.009765845,0.06961874059648719,-0.191054,0.192919,0.383973,0.07030036110010389,0.004942140770805,3.0,50.23201882737016,0.6389277177008122,-0.17506594,0.0257671207525482,-0.271484,-0.085449,0.186035,0.176952049606553,0.03131202785996,0.5,5.920930521007548,0.6489180316280205,-1.9306128100000002,0.012259000381103672,-1.979492,-1.882324,0.09716799999999992,1.930651730692628,3.7274161052264403,5.5,0.1975142853850875,0.8572905086398196,0.608391085,0.020951359607857795,0.546387,0.669922,0.12353500000000006,0.608751732463157,0.370578671776895,2.0,4.071624204352173,0.7528862337468698,-0.038109455,0.08226388193592601,-0.181461,0.188123,0.369584,0.09066243340857888,0.008219676831565,2.5,90.46934734479184,0.5475252999367757,0.062193685,0.1576211173823031,-0.538787,0.51294,1.051727,0.16944754674743745,0.028712471098725,1.5,203.02828449305036,0.5732830517406182,-0.023304824999999994,0.08334752298859502,-0.247277,0.187057,0.434334,0.08654434965158038,0.007489924456615,0.5,57.745983054277715,0.6306468589551237,1.9059565943232095,0.012938856631739278,1.8447046440351909,1.9465643246730893,0.10185968063789841,1.906000512448794,3.632837953455065,4.0,0.4320804308256168,0.8217996011267968,0.20844748742634742,0.14917284721211072,0.03572893054654729,1.1144309896063551,1.0787020590598078,0.256325756333079,0.065702893359725,5.5,67.8853891494985,0.7397452558630034,2.0320291645649586,0.012817145576579318,1.985054426143777,2.100911869573781,0.11585744343000393,2.0320695866193397,4.129306804863295,2.0,0.4626027568505926,0.8546621461213799,0.1825422241146292,0.10535847759999895,0.020127837563931203,0.5869412977547244,0.5668134601907932,0.21076544400566474,0.044422072386905,5.5,61.578263106951546,0.6840305609030463,0.00012171105515996171,1.009495956368192,-0.4964688514082298,0.043814369612111825,1.4158599346742293,0.021280820972819997,0.038037139561276564,1.4623795846505647,0.008360282368205001,0.05140423957505655,1.3261253341478212,0.015468322290425,-0.0137287823921078,0.8352826586821734,-0.0025477836858100004,chewing,chewing_01.csv,6140935.0,6142925.0
-0.09314204999999999,0.03724617065924362,-0.208496,0.064941,0.273437,0.10031310336631002,0.010062718706979999,8.5,7.843763407003171,0.6424390439003118,1.8728173950000002,0.011102803379731402,1.835938,1.911133,0.0751949999999999,1.8728503056190782,3.507568267257475,4.0,0.27030737120183057,0.7864944230048725,-0.34057370499999995,0.031711523928029305,-0.444336,-0.16748,0.276856,0.34204688170960573,0.11699606928726501,1.5,4.661687528128202,0.8250718318657477,0.025541784999999997,0.11669065763071512,-0.29604,0.206775,0.502815,0.11945330618812942,0.014269092359275,1.5,194.31746983708058,0.5045736033180552,0.0005742099999999995,0.20658663179994466,-1.078907,0.346668,1.425575,0.20658742981016534,0.04267836615557,1.5,285.0557388840351,0.6746132994298175,-0.003169575,0.06611954532794652,-0.191054,0.192919,0.383973,0.06619547174886663,0.004381840480055,3.0,44.147825358023425,0.5860098699509863,-0.18284180499999997,0.02507248687958526,-0.271484,-0.085449,0.186035,0.18455285219683004,0.034059755253985,0.5,5.1723218104073005,0.6859962254816149,-1.932641615,0.01110834351767963,-1.979492,-1.882324,0.09716799999999992,1.9326735387347536,3.7352270073255154,9.5,0.11676609371338659,0.8811021037733925,0.60256343,0.019898888271084395,0.546387,0.650391,0.1040040000000001,0.6028919081624748,0.36347865292779,0.5,3.574108396028214,0.7448871448398136,-0.026608940000000005,0.07805256957427091,-0.181461,0.188123,0.369584,0.08246356349970572,0.006800239305069999,1.5,83.15588666329538,0.54914175010377,0.059614335,0.14624469158336237,-0.538787,0.51294,1.051727,0.15792839755346408,0.024941378753804998,1.5,162.23138769133098,0.5924614706430801,-0.008724005,0.07427615963682409,-0.247277,0.187057,0.434334,0.07478673781918155,0.005593056153635,1.5,41.74192681402795,0.6346255167693069,1.9064286156035193,0.012529519534631257,1.8447046440351909,1.9429689726853592,0.09826432865016832,1.906469788706792,3.63462705525172,4.0,0.25956939197230916,0.8111200603206146,0.1902090717564765,0.15858690997821845,0.024575373323715753,1.1144309896063551,1.0898556162826394,0.24764752975731458,0.06132929899490001,5.5,97.93551740574384,0.7102079173466291,2.0328868596171485,0.01168038968606973,1.985054426143777,2.100911869573781,0.11585744343000393,2.032920415438659,4.13276541550729,11.0,0.2943895429338322,0.8791898178058083,0.16245348826243938,0.10461136823441068,0.019038763562794724,0.5869412977547244,0.5679025341919296,0.19322182643922503,0.03733467421251,5.5,73.16274839349828,0.7056661131304739,0.0008491298485615237,1.0726970479053635,-0.4981383602555698,0.053975541743807726,1.5159624872017792,0.023994624782390006,0.038638088056444225,1.4950264708412728,0.007468853054205,0.0603419402165824,1.4126094394488593,0.017736987401765,-0.008156614308877583,0.8901852983681489,-0.0012112156735799998,chewing,chewing_01.csv,6141435.0,6143425.0
-0.10460203499999998,0.03046364199030994,-0.208496,-0.020996,0.1875,0.10894778203091149,0.011869619209455,8.5,4.471122915762107,0.621402219604077,1.874233415,0.0102184632892023,1.848145,1.911133,0.06298800000000004,1.874261270712959,3.512855310894555,7.0,0.36634407828394927,0.7929193577826171,-0.334648415,0.025570649426300756,-0.404785,-0.186523,0.218262,0.33562392610494113,0.11264341977409499,8.5,3.272505775713226,0.826167793864119,0.054584855,0.10664338492894895,-0.29604,0.297106,0.593146,0.11980116002975515,0.014352317944475002,1.5,167.35729456055742,0.5402028990469585,0.022850479999999996,0.19014124255931325,-0.842554,0.393299,1.235853,0.19150936415285286,0.03667583655823,8.5,275.77394160288844,0.6449903877391826,0.004925545000000001,0.06761867362347457,-0.191054,0.177464,0.368518,0.06779783194280625,0.004596546016144999,3.0,54.19093091404601,0.5712975707415453,-0.19346924999999998,0.020658719205640507,-0.271484,-0.123535,0.147949,0.1945690966592074,0.03785713337478,1.0,2.268624889040379,0.8372354661710826,-1.93500244,0.01549622169905942,-2.041992,-1.882324,0.15966799999999992,1.9350644887685011,3.7444745756929008,8.0,0.5191885993163468,0.9129849650229498,0.592734325,0.022213394701606846,0.48877,0.649414,0.16064400000000006,0.593150415103433,0.35182741493737496,1.5,5.1186227388848025,0.712551241536076,-0.05299671,0.08969355181620303,-0.319755,0.188123,0.507878,0.10418053804924411,0.010853584508230001,1.5,101.06185931495119,0.599417378800514,0.06058958,0.11632667525431817,-0.302435,0.51294,0.815375,0.1311601790952574,0.0172029925803,1.5,102.23599080574488,0.6452446411331612,-0.006332505,0.08083136898859239,-0.247277,0.305632,0.552909,0.08107904064642724,0.006573810832145001,1.5,49.93004621974713,0.663298684976097,1.9071569533428816,0.010986591555314817,1.8696912007080209,1.9429689726853592,0.07327777197733831,1.9071885984029227,3.6373683498781046,7.0,0.2969314044480772,0.782823297139265,0.1892931003137603,0.14068696703125946,0.012208030021260596,0.8714877171601445,0.8592796871388839,0.23584889340179233,0.055624700518850004,5.5,88.57814029568637,0.7121493334497864,2.03320183996303,0.015792465798750193,1.9713476169526776,2.1335548302466942,0.16220721329401666,2.033263171359048,4.134159124005055,34.5,0.45418365537702027,0.8964383132246966,0.16171059371879473,0.09208730531289268,0.019038763562794724,0.5869412977547244,0.5679025341919296,0.18609241768722068,0.034630387920675,0.5,57.9522951076972,0.7338315429030122,-0.004805874243435376,0.6956856323338874,-0.49679077412694994,0.0485996617183668,1.5277563672130017,0.020994312598175004,0.016949833112745893,1.1889749348702225,0.0034987334362450006,0.0738145673049952,1.6345454913382398,0.01947284397793,-0.013212695365117821,0.836540002595001,-0.0019772648160000014,chewing,chewing_01.csv,6141935.0,6143925.0
-0.10917725,0.03062303801107101,-0.208496,-0.020996,0.1875,0.11339066264287373,0.01285744237459,7.0,3.336316678610225,0.6230761551974145,1.8757763899999997,0.012650953458451266,1.841309,1.924805,0.08349600000000001,1.8758190509494355,3.5186971119048405,6.0,0.6146681415759178,0.7357606098228449,-0.32750977,0.02846992510891274,-0.404785,-0.186523,0.218262,0.3287448647221124,0.10807318608115998,1.5,6.14961727215189,0.8050050226441601,0.01755723,0.11970630339621677,-0.365853,0.297106,0.662959,0.12098700507930593,0.01463785539806,1.0,196.64478954965196,0.5992540865216848,0.00047429500000000234,0.19609035332605726,-0.842554,0.393299,1.235853,0.19609092692749708,0.038451651623285,2.5,279.7479925480841,0.6518670908979212,0.012850180000000003,0.06604202645336983,-0.191054,0.177464,0.368518,0.06728057954640403,0.0045266763841,2.5,48.50786694946177,0.5709205251795643,-0.200273445,0.02131161759151508,-0.282715,-0.124512,0.15820299999999998,0.2014041653405783,0.040563637816535006,7.0,0.5826932256807481,0.8358866303127336,-1.9367529300000002,0.016013224292599538,-2.041992,-1.891602,0.15039000000000002,1.9368191281624183,3.75126833521583,10.5,0.5030612167518789,0.9102518550227964,0.58180172,0.026396848304326037,0.48877,0.649414,0.16064400000000006,0.5824002360880016,0.33919003499536005,0.5,9.071449343460726,0.6125768816022881,-0.028261015,0.11337114651252661,-0.319755,0.320288,0.640043,0.11684049739022424,0.013651701830395,1.0,146.35098116229946,0.6195194088907313,0.044178184999999995,0.12287349449645671,-0.371982,0.35253,0.724512,0.13057414629115902,0.017049607679665,4.0,73.37846185634629,0.7241981557415176,-0.022739915000000003,0.10103425220581272,-0.603005,0.305632,0.908637,0.10356169104932095,0.010725023852995001,3.5,51.70253805943996,0.6882285709013869,1.9077367403895773,0.012971882220436302,1.866227907677409,1.9489659074999235,0.0827379998225144,1.907780841805628,3.6396277403605906,6.0,0.28846584072446,0.7442412152762545,0.1919455561266723,0.14412871639152097,0.012208030021260596,0.8714877171601445,0.8592796871388839,0.24003371306015536,0.057616183405445,5.5,98.39033989675538,0.724538963386373,2.0324225403361345,0.016751882322289767,1.9713476169526776,2.1335548302466942,0.16220721329401666,2.0324915763731286,4.131022008027725,10.0,0.5257125568074326,0.8964480263887528,0.1702246568874298,0.11157911789672738,0.019038763562794724,0.7684249045085668,0.749386140945772,0.2035345999162182,0.041426333363055005,0.5,129.1553490652449,0.6891043608501922,-0.0037800001018534687,0.7743537096828895,-0.49139426766713434,0.032549598494793594,1.2917176538796447,0.016189850042389993,0.006335156883690143,1.0558797990367872,0.000986153567665,0.07321685882960062,1.5958718691093463,0.021402043943620004,-0.034992225752442915,0.6536597739035899,-0.006198347468895001,chewing,chewing_01.csv,6142435.0,6144425.0
-0.112160645,0.024708579859615058,-0.208496,-0.033691,0.174805,0.11485000742488004,0.013190524205495,6.0,2.566880499741064,0.6849737248373863,1.87751956,0.012282720887751218,1.841309,1.924805,0.08349600000000001,1.877559736310672,3.525230563415,1.0,0.8304405414148819,0.7334020986491043,-0.322915055,0.023968583835971096,-0.398438,-0.231934,0.166504,0.3238033751472566,0.10484862575675499,1.0,5.907997173531048,0.6929149188968277,0.027588185,0.10628534020616755,-0.365853,0.297106,0.662959,0.10980747467424519,0.012057681494334997,1.0,148.53694118865332,0.5659438023216272,0.006528309999999998,0.17119975806505655,-0.842554,0.393299,1.235853,0.17132418391164161,0.02935197599299,2.5,203.47860432239673,0.6679441360988493,0.018405910000000004,0.05915090770792871,-0.153482,0.177464,0.330946,0.061948425368204475,0.0038376074055999996,2.5,38.08872248624066,0.6072120512306196,-0.20234864000000002,0.020478446092426057,-0.282715,-0.124023,0.158692,0.20338224815408548,0.04136433886421001,1.0,0.882298493335393,0.8845450690947385,-1.93948487,0.016389822791693015,-2.041992,-1.891602,0.15039000000000002,1.939554120732407,3.76187018725006,1.0,0.744753441141039,0.921201254175298,0.57163813,0.024385445820060376,0.48877,0.631836,0.14306599999999997,0.5721580215619981,0.32736480163773995,0.5,7.869352844109248,0.6150763718643004,-0.04046497,0.10902101838824062,-0.319755,0.320288,0.640043,0.11628841837220935,0.013522996247509998,1.0,137.42096257466508,0.6225762095087553,0.043317499999999995,0.12723562355154314,-0.371982,0.582753,0.9547349999999999,0.13440725317779545,0.018065309706800002,3.5,75.09242142700043,0.7018414731283794,-0.01401324,0.11113652637860516,-0.603005,0.305632,0.908637,0.11201650945641897,0.012547698390800001,4.0,97.89343715190536,0.6628752593615378,1.9086976094655064,0.011964489036831777,1.866227907677409,1.9489659074999235,0.0827379998225144,1.9087351082267152,3.6432697133772503,5.5,0.4514031528121503,0.7572665880660983,0.1717086207323254,0.12555243708955802,0.012208030021260596,0.8714877171601445,0.8592796871388839,0.21271404488873083,0.045247264892925,4.5,87.82646578230411,0.7181062737391888,2.032320185578273,0.01655267480207166,1.9713476169526776,2.1335548302466942,0.16220721329401666,2.0323875928946253,4.13059932775201,2.0,0.632714767232127,0.9026539193480212,0.17399405262500647,0.11773730927890479,0.019038763562794724,0.7684249045085668,0.749386140945772,0.21008570714141883,0.04413600434511,0.5,144.46871699481193,0.6988291656702216,-0.004588185765239882,0.7228130305160321,-0.4873296143747594,0.007815127810653244,1.0663776661664672,0.0011112605478149976,-0.002735678182073084,0.9749068737155718,-0.0014653147531750003,0.04396413451351336,1.3455332184991688,0.01128666628619,-0.05198561867067637,0.5322364269909003,-0.008710090985200002,chewing,chewing_01.csv,6142935.0,6144925.0
-0.117055665,0.024126141633978176,-0.177734,-0.033691,0.144043,0.11951610526926905,0.014284099418735,8.0,3.2546947179165877,0.7051087587292358,1.880144065,0.012184339333783144,1.841309,1.924805,0.08349600000000001,1.8801835451039681,3.535090163279725,1.0,0.8482479207685032,0.7517343976707425,-0.31211671,0.023543218699997242,-0.370605,-0.242676,0.12792900000000001,0.31300339264611815,0.09797112380798,1.0,6.755732003501488,0.6447562498998305,0.036690545000000005,0.10793265530532442,-0.365853,0.297106,0.662959,0.11399848320769447,0.012995654173654997,1.0,139.60399394044987,0.5399956447521554,0.016575274999999997,0.15142532800314276,-0.419145,0.393299,0.8124439999999999,0.15232980569207394,0.023204369702185,1.0,175.55517358467094,0.6246094483445402,0.017647835,0.057090658999855444,-0.153482,0.177464,0.330946,0.05975608274665434,0.003570789425225,1.5,35.46699269185007,0.6351838600006455,-0.20487307000000002,0.022414314007461838,-0.282715,-0.124023,0.158692,0.2060955513436668,0.04247537628365,7.0,0.9720791638574335,0.8505454908247161,-1.93956546,0.016228309487386537,-2.041992,-1.891602,0.15039000000000002,1.9396333497993454,3.7621775316538297,1.0,0.7302163346531775,0.9207205185366382,0.56752925,0.022901891940350694,0.48877,0.625,0.13623000000000002,0.5679911498078205,0.32261394626001,0.5,5.2164059968224405,0.726391062997071,-0.033887345,0.12831898598919791,-0.319755,0.376778,0.6965330000000001,0.13271817628510799,0.017614114316445,1.0,188.6092588982499,0.6158171335846001,0.04142824,0.14406315695021543,-0.401559,0.582753,0.984312,0.1499016085969727,0.022470492259960003,5.0,107.66042917152103,0.7005690343456706,-0.018853525000000003,0.11768735180102989,-0.603005,0.305632,0.908637,0.11918795316165556,0.014205768178865,2.5,136.3493983530677,0.6488105895958078,1.9097650999542928,0.01194359673676926,1.866227907677409,1.9489659074999235,0.0827379998225144,1.909802446984096,3.6473453865064402,6.0,0.43992434949979664,0.7724102615122115,0.17338314175526431,0.09853476267865527,0.012208030021260596,0.46178257266380246,0.4495745426425419,0.1994262101657277,0.039770813301064994,2.0,68.32566649201478,0.6614578867579988,2.03149738092292,0.01688921255729791,1.9713476169526776,2.1335548302466942,0.16220721329401666,2.031567585436795,4.127266854197489,11.0,0.6587222951341414,0.8927169504567345,0.19922860180709306,0.12082358617944083,0.02598884662696673,0.7684249045085668,0.7424360578816,0.233002950099929,0.05429037475527,2.5,107.9352011870709,0.7283685435122913,-0.004945615820528644,0.7071730962145052,-0.47992146769104904,-0.02228882350078555,0.8155258902207773,-0.014519561454205007,-0.020386330683873508,0.8411277136682669,-0.004618460142790002,0.007362171052927358,1.051103774266668,0.000733877442224997,-0.060596692801174475,0.48510445792319895,-0.01063497875364,chewing,chewing_01.csv,6143435.0,6145425.0
-0.11968015,0.022636524844982277,-0.177734,-0.033691,0.144043,0.12180209588131069,0.014835750561080002,8.0,2.9761188041680477,0.6873333115329885,1.8816113399999999,0.01162026418694515,1.841309,1.924805,0.08349600000000001,1.8816472212814948,3.54059626535637,5.0,0.779188724651337,0.7658258902352824,-0.30922853000000006,0.021502762599701,-0.364746,-0.242676,0.12207000000000001,0.309975245084797,0.09608465256537999,1.0,5.153628302791606,0.6897877155084751,0.03167171,0.10415142711247839,-0.365853,0.210239,0.576092,0.10886053914936303,0.01185061698389,1.0,137.90566399672502,0.4977806546884774,0.01484862,0.13201156827481295,-0.419145,0.387969,0.807114,0.1328440276199122,0.01764753567428,1.0,147.40645821886181,0.6265196349967098,0.020594905,0.04770739017181694,-0.105253,0.122573,0.227826,0.05196292128975236,0.0027001451889649996,1.0,21.1201850441217,0.6911278093860185,-0.20809325999999997,0.021588140013034936,-0.282715,-0.124023,0.158692,0.20921006822485863,0.04376885264665,11.0,1.0854781161804303,0.8239464132326565,-1.93947758,0.012950729745601207,-2.019043,-1.892578,0.12646499999999983,1.9395208183269392,3.7617410047236,1.0,0.3901232271610852,0.8990773061460023,0.565454065,0.02009369135302857,0.498535,0.625,0.126465,0.5658109720191143,0.320142056057215,1.0,4.123080500742486,0.7362574129513265,-0.01865234,0.12050404770489828,-0.281118,0.376778,0.657896,0.12193906388331838,0.01486913530074,1.0,173.31685419328642,0.5871024467179576,0.022420135,0.14790366930511487,-0.401559,0.582753,0.984312,0.1495933081636174,0.022378157847335,5.0,156.69766015155125,0.6587120165042109,-0.01854575,0.11799754750179133,-0.603005,0.210239,0.8132440000000001,0.11944608013451091,0.014267366059500002,2.5,155.86331461453568,0.6085937351330559,1.910858144117861,0.011739741959436384,1.866227907677409,1.9489659074999235,0.0827379998225144,1.9108942065124457,3.6515166684828295,5.0,0.4735327652725751,0.7801366815440083,0.15856067573660648,0.08400482103478187,0.02635256803425427,0.4595526921725081,0.4332001241382538,0.1794388415230521,0.032198297847135,2.0,49.56005143706864,0.6891343796486418,2.0311277367644207,0.013116034984168813,1.9737917910519338,2.1004210587351286,0.12662926768319482,2.031170084810099,4.125651913427465,11.0,0.32653059664855794,0.8816639018452044,0.19144816544005314,0.12191086562408228,0.022108506507677084,0.7684249045085668,0.7463163980008898,0.22696841015342864,0.051514659207575,4.0,83.45360927478228,0.7307473774093801,-0.0013762930247324303,0.8950679053240076,-0.4741352449446352,-0.0379060445893004,0.6890675462334471,-0.01931636136044,-0.01635262059241989,0.8642981633906129,-0.003018518316849999,-0.015892101030301947,0.8925510022505415,-0.004730622173055001,-0.07029015732997435,0.40430831980717835,-0.011567220870535003,chewing,chewing_01.csv,6143935.0,6145925.0
-0.12127924,0.018135050978213434,-0.169434,-0.061523,0.107911,0.12262762384128628,0.015037534128960002,1.0,2.7639991017549392,0.7206391682358911,1.882797865,0.00873626342933723,1.854004,1.908203,0.05419900000000011,1.8828181332107636,3.545004122747265,3.0,0.4111171608608414,0.8280626209437167,-0.30776367,0.020042420307215893,-0.373535,-0.216797,0.15673800000000002,0.30841558842516376,0.09512017518364001,1.0,3.517238276929188,0.7445377096106941,0.05299403,0.09776020924828824,-0.230224,0.210239,0.44046300000000005,0.11119993582691494,0.01236542572791,1.0,120.26276443473962,0.4766676150974765,0.024914230000000002,0.14263191974553627,-0.631516,0.387969,1.019485,0.14479151697109194,0.02096458338679,1.0,164.88627673743488,0.5986262660766299,0.02501417,0.04806123316490225,-0.12124,0.114046,0.235286,0.05418109295796828,0.0029355908341199997,1.0,26.010782373053203,0.5850792132763872,-0.20826413,0.018856719151090415,-0.26416,-0.124023,0.140137,0.2091160531900887,0.0437295237018,11.0,0.9160355083801878,0.8334642186687333,-1.9384473,0.012427452086811678,-2.019043,-1.901855,0.11718799999999985,1.9384871360013356,3.7577323764426604,1.0,0.4445231056579322,0.8596454969914414,0.56925289,0.017809289951536533,0.521484,0.625,0.10351600000000005,0.5695314070197798,0.32436602358193,1.0,3.3731297010808605,0.6780694131119903,-0.026423719999999998,0.10748353342871456,-0.187057,0.376778,0.563835,0.11068388743154986,0.01225092293696,1.0,141.2332867338224,0.5183497253865492,0.0384878,0.135928194562129,-0.401559,0.582753,0.984312,0.14127202421484586,0.019957784825759998,1.0,172.53623971778987,0.662195182903565,-0.023492625,0.09253844570828049,-0.234753,0.210239,0.444992,0.09547390933388557,0.009115267363495001,2.0,130.6678589348884,0.48786200469825686,1.9118265236502572,0.009009746236037274,1.8801485180852069,1.9308829533897178,0.05073443530451094,1.9118477533684175,3.655161832059865,3.0,0.28323043823793004,0.8348054025408967,0.16386984012056197,0.09701688228180427,0.029698011886319934,0.6687532916801232,0.6390552797938033,0.1904352907126723,0.036265599948820004,3.0,63.376839277628875,0.6824440454662356,2.03117516800671,0.012464373201349898,1.9917484112583097,2.1004210587351286,0.10867264747681893,2.0312134116646607,4.12582792372639,11.0,0.26296413141472025,0.8520462883748844,0.17871567526589277,0.0968745711756752,0.022108506507677084,0.6287692968124318,0.6066607903047547,0.20328299271265907,0.041323975126215,4.5,30.190970047074266,0.719848178621459,-0.003454626965312622,0.722839896599174,-0.4706660916665246,0.00014231110612905606,1.001469024372464,-0.005058375177394998,-0.009723324180426304,0.9095366157935715,0.00011450279095000064,0.006703725183407255,1.049318135983504,0.0010067985610300034,-0.044477212543378254,0.5193650357648232,-0.0061796765293750016,chewing,chewing_01.csv,6144435.0,6146425.0
-0.12034420000000001,0.01982835139490926,-0.169434,-0.061523,0.107911,0.12196675773619631,0.01487588999268,1.0,2.8831095216401965,0.7229372202498543,1.8821313549999998,0.00919511645923938,1.854004,1.908203,0.05419900000000011,1.8821538161480946,3.5425029876408356,1.0,0.4432245461808658,0.8123296132446298,-0.308110365,0.02189430527675576,-0.373535,-0.216797,0.15673800000000002,0.3088872895150997,0.095411357623985,1.0,3.93588041806813,0.7435962804274392,0.03834659,0.09778924750846536,-0.230224,0.215835,0.446059,0.10503903033111073,0.0110331978929,1.0,119.6846752487123,0.5041921553412629,0.015233649999999998,0.15054864728830178,-0.631516,0.304567,0.936083,0.15131741239084154,0.022896959292660002,1.0,158.58784569978934,0.6713769319171669,0.01730142,0.054030649888777024,-0.159345,0.106319,0.265664,0.056733149581351464,0.0032186502614199998,1.0,29.270155074000527,0.6475782214060876,-0.209775365,0.01902256166692002,-0.26416,-0.143066,0.12109400000000001,0.21063608810755813,0.044367561613254995,10.5,1.1914455588719066,0.804021004255168,-1.937229035,0.011122184719459347,-2.002441,-1.901855,0.10058600000000006,1.9372609625551136,3.7529800370399653,1.0,0.24814148764317778,0.8848987307882588,0.57057857,0.017476770412038378,0.521484,0.625,0.10351600000000005,0.5708461632062355,0.32586534204728,1.0,2.595365184006483,0.7428349155252115,-0.0036691650000000007,0.1189222203170113,-0.183593,0.376778,0.560371,0.11897881011728517,0.014155957256925,1.0,187.1221980754014,0.5148638013994319,0.024246730000000005,0.12839975885832924,-0.401559,0.336809,0.738368,0.1306690552141937,0.01707440199057,1.0,140.04476981237315,0.689022062544727,-0.02541384,0.09863795921208224,-0.400493,0.175865,0.5763579999999999,0.10185926693762332,0.010375310261070001,2.0,125.3761054398964,0.5643829473183423,1.9112033638807426,0.00958838612246957,1.8801485180852069,1.9308829533897178,0.05073443530451094,1.9112274158920752,3.6527902352574997,4.0,0.3113694384416174,0.8329411589021569,0.16812158519339945,0.09425465526454659,0.029698011886319934,0.6687532916801232,0.6390552797938033,0.1927402590196973,0.03714880744698001,3.5,43.80991044123815,0.7470793670940886,2.0305341155581074,0.012006092418179992,1.9917484112583097,2.089976830729231,0.09822841947092109,2.030569609912573,4.1232129407005,11.0,0.22666070172264216,0.8778006671846845,0.17903334475742624,0.09773807330581853,0.022108506507677084,0.5618196051483074,0.5397110986406304,0.20397467859654783,0.041605669508564994,4.0,37.03491187028641,0.6975962167204524,-0.0024177062957104253,0.7986267128804156,-0.4704227054430006,-0.003483418041271946,0.9643596612512253,-0.004456862061584986,-0.021132972808545897,0.8222958438531364,-0.0031227593640250004,0.022148888429972535,1.172499455037222,0.005822557302090001,-0.044607309323305214,0.5477673131152816,-0.007156659999650001,chewing,chewing_01.csv,6144935.0,6146925.0
-0.1192651,0.018596523330719643,-0.159668,-0.061523,0.09814500000000001,0.12070623330217872,0.014569994758,2.0,2.4688970836092734,0.7142450571628577,1.8807446349999999,0.009401528628461173,1.854004,1.900879,0.046875,1.880768133189691,3.5372887708218355,10.0,0.25600756716928086,0.8524259937477174,-0.314055205,0.01943465798703376,-0.373535,-0.216797,0.15673800000000002,0.3146559672382918,0.09900837771866498,1.0,2.3495874206981116,0.8252725429485441,0.05745463,0.08667236462629307,-0.201712,0.215835,0.417547,0.1039862168671887,0.01081313329835,1.0,95.02412492237193,0.5617143955755667,0.031068195,0.14401241560093692,-0.631516,0.304567,0.936083,0.1473255191328882,0.021704808587775,1.0,173.23734957710312,0.6650188981113209,0.02320223,0.049579834705322484,-0.159345,0.106319,0.265664,0.05474032778838651,0.00299650348638,1.5,21.523029488093208,0.6794970488430129,-0.2104858,0.017108979069190542,-0.26416,-0.143066,0.12109400000000001,0.21117999234404286,0.04459698916643,1.0,1.2083474985727354,0.8495662181063344,-1.9376831350000001,0.011001685846577102,-2.002441,-1.901855,0.10058600000000006,1.9377143671746089,3.7547369687548953,1.0,0.2704065356190345,0.89106267608913,0.572463335,0.017619688066557112,0.521484,0.623047,0.10156300000000007,0.572734426524969,0.32802472332688504,1.0,3.454771703041557,0.7236622189058587,-0.03017019,0.10395772197842688,-0.183593,0.317623,0.501216,0.1082471631202407,0.01171744832358,1.0,131.05431642708047,0.5678670251817772,0.032914769999999996,0.12547373145179472,-0.279253,0.534257,0.81351,0.12971907866073518,0.016827039368589997,3.5,109.3773362008024,0.6858677393810649,-0.010244139999999999,0.10039215140373474,-0.400493,0.175865,0.5763579999999999,0.10091346029053805,0.01018352646781,2.5,148.07052149568932,0.5552941221840215,1.9107002488788516,0.009576128277910672,1.8801485180852069,1.9308829533897178,0.05073443530451094,1.910724245750417,3.6508671432985,4.5,0.1934118891337188,0.8550234521502809,0.16524011574383957,0.09060987540807848,0.034772753313478066,0.6687532916801232,0.6339805383666451,0.18845276695369853,0.035514445372505005,2.5,41.052262952582524,0.7377989965296997,2.031558305926462,0.011381162920104526,1.9917484112583097,2.089976830729231,0.09822841947092109,2.0315901853592937,4.12735868124821,10.5,0.31415313606015244,0.8907707401164798,0.17296978493455967,0.09385876442651574,0.022108506507677084,0.6058000656767875,0.5836915591691104,0.19679434483739616,0.03872801415997999,5.5,37.479546802240264,0.7041346177806407,-0.0018050346421938576,0.8414015637184746,-0.4764915379497099,-0.00324888901843734,0.9653853421330624,-0.003213568787474988,-0.017285357352133796,0.8337270476576928,-0.0009043150252299997,0.01853868414914217,1.1477495244194955,0.004877769219185004,-0.05081231669841223,0.4938616616146953,-0.007187022981430001,chewing,chewing_01.csv,6145435.0,6147425.0
-0.12276854,0.021701691429665108,-0.181152,-0.061523,0.11962900000000001,0.12467188064932685,0.01554307782464,0.5,3.703303949802501,0.7285095875134303,1.880976575,0.00931099411472132,1.85791,1.902344,0.044434000000000085,1.8809996199654413,3.538159570310135,4.0,0.32306696512268357,0.823254917065081,-0.31248782,0.02021239058863647,-0.373535,-0.216797,0.15673800000000002,0.313140828353091,0.09805717838166,2.5,2.6606732186852162,0.8083003417873266,0.04082739500000001,0.09314994509595255,-0.201712,0.215835,0.417547,0.10170441708138836,0.010343788453865,2.5,113.1024710739292,0.5526983722368295,0.011112815,0.15850380632291067,-0.631516,0.304567,0.936083,0.1588928924655694,0.025246951276075,2.5,213.19046077106813,0.6445465898354852,0.012033445,0.05159436330750652,-0.159345,0.105786,0.265131,0.05297907250674553,0.002806782123675,1.0,23.906801317060598,0.6483365869474774,-0.211442865,0.01955778704395707,-0.265625,-0.143066,0.122559,0.21234545484531803,0.045090592193465,1.0,1.5703911418127257,0.8351197073747698,-1.936208525,0.01127857416739257,-1.960938,-1.86377,0.09716800000000014,1.9362413740331874,3.7490306585179254,8.5,0.31130060973764484,0.87712839833986,0.575624955,0.01883077001009186,0.525391,0.623047,0.09765599999999997,0.5759328838657548,0.331698686717925,1.0,3.7114476995244674,0.6870095265094259,-0.016330144999999997,0.11515649474547224,-0.168138,0.317623,0.485761,0.11630860637882735,0.013527691917785,2.5,157.0156668498361,0.5227117330317208,0.05443027000000001,0.12083442483120073,-0.338141,0.534257,0.872398,0.1325277801691404,0.017563612516560002,6.0,59.7700680379977,0.6751235186606885,-0.02698332,0.10766176336665492,-0.437798,0.175865,0.6136630000000001,0.1109916881997927,0.012319154849440002,2.5,137.09738295721758,0.5629262304353693,1.910934157456218,0.009511697194983933,1.8868201396882003,1.9339013270125753,0.04708118732437505,1.9109578296018035,3.651759826516435,4.0,0.2329179189414423,0.8323378357474528,0.17023482394771655,0.09704445666345372,0.0295512415306024,0.6687532916801232,0.6392020501495208,0.19595285620172778,0.038397521853615,2.5,54.27556066416937,0.7502547966186626,2.031177425363631,0.011756024944116426,1.960198830924302,2.0681340427269217,0.10793521180261978,2.031211445770557,4.125819937429315,2.5,0.36156956373159804,0.8779023902181768,0.18231747540295587,0.10085037157332431,0.024981793010110383,0.6058000656767875,0.5808182726666771,0.20835176813213033,0.043410459283784994,2.5,51.43087661808567,0.7308195834113372,-0.0022443277491324912,0.8090912736404394,-0.47406011091288036,-0.0038059149098706307,0.9622617661145304,-0.005012937430169992,-0.02200654964951969,0.8088987538378946,-0.0031839034639199997,0.03766938149170994,1.3117437894402366,0.007683338759514997,-0.05606740005914842,0.47922643744739507,-0.009512372725765002,chewing,chewing_01.csv,6145935.0,6147925.0
-0.12468262,0.02151634035740279,-0.181152,-0.078613,0.102539,0.12652552561613803,0.01600870863244,0.5,3.7686548226314387,0.6924928432011925,1.879126,0.009113320795955773,1.84668,1.902344,0.055663999999999936,1.8791480986053042,3.5311975764919303,10.5,0.23820161789158398,0.8259844429925006,-0.316962945,0.019855902981531087,-0.379883,-0.236328,0.14355500000000002,0.3175842650168377,0.100859765386285,1.0,2.9511081150629477,0.7792038690150113,0.04519341000000001,0.08310622580873168,-0.178796,0.215835,0.394631,0.09459962513456383,0.0089490890756,2.5,81.42125985962767,0.600212574519441,0.013121959999999997,0.1472975612548232,-0.450855,0.304567,0.755422,0.14788088918403217,0.02186875738586,2.5,241.7774181148927,0.6199323285520161,0.012429144999999999,0.049500362269522584,-0.159345,0.105786,0.265131,0.05103694260283427,0.0026047695102449997,1.0,22.716552019684283,0.6599358544734091,-0.21342529999999996,0.01902009376186143,-0.265625,-0.150391,0.115234,0.21427114282329293,0.045912122646799995,7.5,1.004524986052635,0.8345735861480134,-1.9374341350000004,0.010917521396671272,-1.969238,-1.86377,0.10546800000000012,1.9374648950978814,3.753770219736645,1.0,0.32160344333697316,0.8739994638423579,0.575141545,0.01883889286444336,0.519043,0.623047,0.10400399999999999,0.5754499984093709,0.33114270066934504,1.0,3.64245144718411,0.707242788106914,-0.02202444,0.11027498876955916,-0.168138,0.317623,0.485761,0.11245287504301522,0.012645649105439997,2.5,150.61343029271467,0.5484538052410298,0.044728380000000005,0.11940863105331039,-0.338141,0.534257,0.872398,0.12751097657633245,0.01625904914745,6.0,73.34168510926717,0.7008123454657701,-0.0221577,0.1200194330140332,-0.437798,0.175865,0.6136630000000001,0.1220476463120039,0.0148956279703,2.5,184.7724539975958,0.5219682364320767,1.9099678095171748,0.009434888384090494,1.8757330010707816,1.9339013270125753,0.058168325941793775,1.909991112678448,3.6480660505106552,5.0,0.19379115680567574,0.8529290137518908,0.16307697210662092,0.08263484216867235,0.0295512415306024,0.48080200610542384,0.45125076457482144,0.18281853289999075,0.033422615971705004,2.5,32.74320362383024,0.7764695846041229,2.032413539213588,0.010965795643123976,1.960198830924302,2.0592471031325985,0.0990482722082966,2.0324431217263594,4.1308250430527895,2.5,0.29803187608367865,0.8814564177057408,0.18282398433840677,0.10186126336257566,0.024981793010110383,0.6058000656767875,0.5808182726666771,0.2092852747404604,0.043800326223189995,3.5,47.164393626906325,0.7388323136122321,-0.001530907259033482,0.8603925051262992,-0.4827589925421343,-0.019226421193903304,0.8112489423435997,-0.010377710251484991,-0.027168762960827417,0.7536271527753062,-0.0036965600298399966,0.027888930201512868,1.2335587465956441,0.005609708238409998,-0.07051907074451064,0.4124362282542593,-0.012290858460055,chewing,chewing_01.csv,6146435.0,6148425.0
-0.12852784,0.023917342197961714,-0.188965,-0.056641,0.132324,0.13073425302069844,0.01709144491288,9.5,2.3238844275111603,0.7520655346365567,1.8805859850000002,0.010398251935050194,1.84668,1.91748,0.07079999999999997,1.8806147321080215,3.5367117706217255,1.0,0.7386634422407675,0.7830713371482293,-0.31427983,0.02012999267762162,-0.379883,-0.201172,0.17871100000000004,0.3149238450007081,0.09917702815003,1.0,2.705980461813668,0.8130404266359249,0.04902515,0.09282419869321523,-0.178796,0.195583,0.374379,0.10497522181715074,0.01101979719556,2.5,124.97338081864761,0.5001563290802759,0.031391975,0.14623637652842872,-0.448723,0.331479,0.7802020000000001,0.14956782379430744,0.022370533914565,1.5,227.36667049037018,0.659998443733025,0.033009365,0.07953661622235242,-0.127369,0.380242,0.507611,0.08611440935061333,0.0074156914978050015,1.0,83.13838996745527,0.5979960075050502,-0.21291502999999998,0.01967766117451716,-0.265625,-0.150391,0.115234,0.2138224037588204,0.0457200203492,7.5,1.074328263850816,0.8256896508621812,-1.9371265149999999,0.011681857472156344,-1.976074,-1.86377,0.11230400000000018,1.9371617384488176,3.7525956009100447,6.5,0.41982530697985004,0.8363103796434429,0.576442845,0.018974754610296678,0.519043,0.623047,0.10400399999999999,0.5767550562103595,0.332646394864215,2.5,3.786140859810851,0.6832839184098624,-0.039211285000000005,0.10631431417068811,-0.273391,0.240349,0.51374,0.11331486340694676,0.012840258268935001,2.5,162.52863112640895,0.5278504188758306,0.064675765,0.14026689167611783,-0.338141,0.614196,0.952337,0.15445955936365674,0.023857755478815,2.5,190.24398001141182,0.6577709105833502,-0.03145458,0.11249861234705787,-0.437798,0.170536,0.608334,0.11681322006943393,0.01364532838299,2.5,165.66961442768272,0.5177635544866992,1.9112463275167368,0.010849849695818637,1.8757330010707816,1.9473561414754108,0.07162314040462925,1.911277123727649,3.6529802436846346,1.0,0.6685162706595695,0.8212728876213493,0.17790971081547052,0.09567736098725575,0.0295512415306024,0.47693929091027926,0.44738804937967686,0.20200500639323274,0.04080602260793,2.5,75.66247490412135,0.7001751330292075,2.0324466728822017,0.011069688953550396,1.960198830924302,2.0613780252445206,0.10117919432021871,2.0324768181023516,4.13096201612346,6.5,0.23295340671782583,0.8433540803286359,0.19724353394645136,0.10695013065468925,0.04614293526640888,0.6534620486623535,0.6073191133959446,0.22437322061854886,0.050343342130739994,6.5,75.21627060093296,0.7176364359527474,-0.0002198392577317538,0.9801404304444123,-0.47798177243882556,-0.011272769667433513,0.8945978878340037,-0.009537319522809992,-0.01349011547747285,0.873111014422626,-0.0018204610733750012,0.00596948485231083,1.0425580461716841,-0.0014872215642499978,-0.032961996124705406,0.7070008648371789,-0.006229636885184999,chewing,chewing_01.csv,6146935.0,6148925.0
-0.127429205,0.027302159123830754,-0.188965,-0.037109,0.151856,0.13032118085620234,0.016983610179755,9.0,4.521884784662002,0.6954282017997684,1.88061037,0.013102580679511193,1.827148,1.91748,0.09033200000000008,1.8806560135686696,3.536867041372,3.0,1.218610881801255,0.7206816349832168,-0.311325715,0.024094105335616327,-0.379883,-0.201172,0.17871100000000004,0.3122566680347835,0.097504226732185,1.5,5.514315370278089,0.758891475656408,0.041922585000000005,0.10133740597085943,-0.178796,0.234221,0.413017,0.10966664480134786,0.012026772981984998,1.5,137.4590699703519,0.5118998313582895,0.006485720000000001,0.15721546643457696,-0.448723,0.331479,0.7802020000000001,0.15734918954402022,0.02475876745016,3.0,243.59804400844186,0.6043818789388044,0.014006590000000001,0.10031976474385244,-0.241681,0.380242,0.621923,0.10129284161129058,0.01026023976169,2.0,168.5984580809594,0.49238532119860756,-0.211584455,0.024864090096522233,-0.265625,-0.121582,0.144043,0.21304038249584278,0.04538620457397499,9.0,1.7273461622190485,0.7858444736629138,-1.937356,0.012626742636563083,-1.976074,-1.86377,0.11230400000000018,1.937397147041775,3.7535077053656094,6.5,0.5559556110264863,0.8524418861435941,0.5730248850000002,0.020251382932574627,0.517578,0.619141,0.10156300000000007,0.573382627344032,0.328767637339945,10.5,2.5523631527294905,0.7543749128700247,-0.022723925000000006,0.11739916911626493,-0.273391,0.271259,0.54465,0.11957818227668038,0.014298941676594998,1.5,198.46070811932563,0.5068901255491292,0.052530400000000005,0.1595873639687679,-0.568631,0.614196,1.182827,0.16801062366011263,0.02822756966266,1.5,257.97427220446866,0.6620850291026982,-0.032617684999999993,0.11916766482173667,-0.437798,0.364787,0.802585,0.12355098426894462,0.015264845713825,2.5,175.72858715083117,0.6147469556189985,1.9108015568495285,0.01386681741992829,1.851092090407714,1.9473561414754108,0.09626405106769687,1.910851872407681,3.6513548782839407,3.0,1.2334130523329159,0.7433979272320534,0.19230593436191284,0.10032052533268888,0.0295512415306024,0.47693929091027926,0.44738804937967686,0.2169003923321371,0.047045780193835,0.5,82.1323909639901,0.700198762964343,2.0316264729296813,0.012466826814885198,1.960198830924302,2.0613780252445206,0.10117919432021871,2.03166472314689,4.12766154727953,6.5,0.4374914077919142,0.8430684080293661,0.21091148621379893,0.11535901367542334,0.011464127092805627,0.7252177836505389,0.7137536565577333,0.2403983299714871,0.05779135705308,3.5,69.17538286002181,0.772466934402768,0.0013999906050430923,1.1122972690509767,-0.47630666899558927,-0.01503848834273444,0.8696375093406479,-0.010745576859245001,-0.016061763145405555,0.8631867391710502,-0.0022721686946099995,-0.002371897534190981,0.9851373099022103,-0.0034688022125000002,-0.01884790007788424,0.8418371283344448,-0.005004605952135,chewing,chewing_01.csv,6147435.0,6149425.0
-0.1283545,0.027042798872343076,-0.193848,-0.037109,0.156739,0.13117236996067427,0.017206190641100003,9.0,4.372668000971003,0.7114235943515006,1.879909705,0.013408439201785381,1.827148,1.91748,0.09033200000000008,1.8799575221783644,3.534240285195015,3.0,1.3286600433007922,0.7005709239635869,-0.31121097999999997,0.02481168426366094,-0.379883,-0.201172,0.17871100000000004,0.31219848453917903,0.09746789374856,1.5,5.941415043669014,0.7377643884301239,0.035340945000000006,0.09998252714165598,-0.176931,0.234221,0.411152,0.10604474587232034,0.011245488127125001,1.5,120.18852735269272,0.5442394019180973,0.018090145000000002,0.1599671854349009,-0.448723,0.331746,0.780469,0.16098681238562682,0.025916753762085003,3.0,306.8707319647176,0.5004634983903141,0.01424777,0.099521197787492,-0.241681,0.380242,0.621923,0.10053590283590236,0.01010746775903,1.5,166.8072358968785,0.465360570952208,-0.21221432999999998,0.024675026837089765,-0.277832,-0.121582,0.15625000000000003,0.21364404697243497,0.04564377880676,9.5,1.8869359595410469,0.7969304634916086,-1.938105505,0.011941960394758264,-1.976074,-1.906738,0.06933600000000006,1.9381422958414005,3.756395558929375,1.5,0.5308311799633546,0.823401316441665,0.56817869,0.020019132395883193,0.517578,0.619141,0.10156300000000007,0.5685312563368878,0.3232277894320001,1.5,2.195657053998678,0.7883737641424823,-0.017637155000000005,0.11430681243723392,-0.273391,0.271259,0.54465,0.11565948558615935,0.013377116606055001,1.5,172.54361097964022,0.529466574846616,0.0420038,0.16096729286118963,-0.568631,0.614196,1.182827,0.16635741217481112,0.027674788585499998,1.5,273.2967166807006,0.6544115111530885,-0.019732895,0.1192473934447373,-0.332545,0.364787,0.697332,0.12086905306340825,0.014609327988445,2.0,196.8084047226515,0.5580759528715766,1.910160196948577,0.01422643940164206,1.851092090407714,1.9473561414754108,0.09626405106769687,1.9102131738590524,3.648914369584675,3.0,1.3757244911071074,0.7439445265761293,0.19339948216727848,0.09932950188976347,0.01841124333118217,0.47693929091027926,0.4585280475790971,0.2174159829640866,0.047269709648239996,0.5,90.12235097609778,0.6115621843130947,2.0310406272966044,0.011878444290073734,1.9836686066379636,2.0613780252445206,0.077709418606557,2.0310753622571798,4.125267127168135,6.5,0.4569827492194214,0.8427355148096338,0.206781699626803,0.11358944440154027,0.011464127092805627,0.7252177836505389,0.7137536565577333,0.23592632998459495,0.05566123317999999,0.5,76.13290626815358,0.7670671094328069,0.0023479951115683313,1.19766857125646,-0.47635275758345985,-0.014259942511776744,0.8744606720553394,-0.008391523531759995,-0.014324285295577957,0.874685637800954,-0.00213162847893,-0.0010001074262887266,0.9937868904389715,-0.0017580348234149945,-0.019726195657245288,0.8345775527044372,-0.004501860229414999,chewing,chewing_01.csv,6147935.0,6149925.0
-0.1329956,0.028559281264065456,-0.193848,-0.037109,0.156739,0.13602743166611653,0.01850346216568,0.5,5.79618866059133,0.7126814974815745,1.8809594950000001,0.014185803614176215,1.827148,1.91748,0.09033200000000008,1.8810129874232222,3.5382098588548354,2.5,1.5137084664684077,0.68771707231787,-0.308889185,0.023315359584419347,-0.370605,-0.201172,0.16943300000000003,0.3097678721276869,0.095956134602515,1.5,5.363680679728177,0.7415990946208111,0.050467979999999996,0.10392332042005586,-0.176931,0.234221,0.411152,0.11552953532499817,0.013347073532409999,1.5,132.80220691678102,0.5134253206711782,0.028703339999999997,0.14969248753529485,-0.448723,0.331746,0.780469,0.1524195609220155,0.02323172255166,3.0,255.80104988414746,0.5832453827948971,0.01581855,0.09903280058645975,-0.241681,0.380242,0.621923,0.10028819529785149,0.010057722116100001,1.5,166.30573765181316,0.47211275135142383,-0.21442625499999998,0.024880461203321276,-0.277832,-0.121582,0.15625000000000003,0.21586490261970565,0.04659765618301501,8.0,2.0194633728040197,0.8352163928550155,-1.93796634,0.013253317001203887,-2.009277,-1.897949,0.11132799999999987,1.9380116577008846,3.75588918538453,11.5,0.5119478089522924,0.8438095054795559,0.56849851,0.020559327340161204,0.517578,0.619141,0.10156300000000007,0.5688701449477728,0.3236132418129,1.5,3.0413992189989196,0.7429627275711801,-0.032593695,0.11979298580673234,-0.273391,0.271259,0.54465,0.12414792951251745,0.015412708402245002,1.5,175.70700297070732,0.5361302457054449,0.036366800000000005,0.1658574903856621,-0.568631,0.614196,1.182827,0.1697976774260178,0.02883125125927,1.5,289.87289915446195,0.6405559812706723,-0.008510825,0.11511094945427379,-0.332545,0.364787,0.697332,0.11542514815431255,0.013322964826445002,2.5,187.06338520487986,0.5796967740664033,1.9111372015679575,0.014968380207173032,1.851092090407714,1.9473561414754108,0.09626405106769687,1.9111958182308348,3.6526694556230304,2.5,1.5931255741645627,0.7230699489499706,0.1937892460292185,0.09530082016224745,0.01841124333118217,0.47693929091027926,0.4585280475790971,0.21595489853247135,0.04663651820017,3.0,72.80525990492691,0.7029470178415179,2.031235663165254,0.013481990433752474,1.9836686066379636,2.0972786325212014,0.11361002588323776,2.0312804049122426,4.126100083380445,10.0,0.504369377910559,0.860955309910826,0.21053206325221274,0.11507899387258425,0.011464127092805627,0.7252177836505389,0.7137536565577333,0.23993108278828734,0.05756692448796,5.0,74.01623480926432,0.7439442995544132,0.001486389773420558,1.1102500243361209,-0.4734306277574145,-0.019778173710336744,0.8281339361357712,-0.010930406287789997,-0.015869665386676488,0.8675242521103884,-0.002065634869835003,-0.016165002850367288,0.9025367934075246,-0.005599528707610001,-0.01607814886781407,0.8603247654194627,-0.0032652427103450014,chewing,chewing_01.csv,6148435.0,6150425.0
-0.13638183,0.024513253478702087,-0.193848,-0.037109,0.156739,0.13856732352997225,0.01920090315026,1.5,5.551758127734584,0.6843991131479992,1.87939211,0.013592500047007539,1.827148,1.916504,0.08935599999999999,1.8794412625000494,3.5322994591877794,2.5,1.1560207462592276,0.7518935956719798,-0.30990238,0.023178635532869488,-0.370605,-0.216797,0.15380800000000003,0.31076797498267095,0.09657673427483,1.5,5.361271159004,0.7519482301093167,0.055564075000000004,0.10326309461912991,-0.227292,0.234221,0.461513,0.11726309368648347,0.013750633140924999,1.5,152.98767551140833,0.4944211373142724,0.006722835000000002,0.15129675266696166,-0.367718,0.417547,0.785265,0.1514460427941417,0.022935903878005003,1.5,208.88699634734027,0.6458163120657304,0.004360665000000001,0.07486758980081284,-0.241681,0.140692,0.382373,0.07499447580872207,0.005624171401825,1.5,82.27084619143106,0.5448873042431577,-0.21484130499999998,0.025068666647071098,-0.277832,-0.121582,0.15625000000000003,0.21629892367176726,0.046785224381564995,0.5,1.9965673161977457,0.8307866585865489,-1.9379639,0.011878759805215359,-2.009277,-1.897949,0.11132799999999987,1.9380003051180668,3.75584518263772,10.0,0.2241704936655033,0.8400715314411781,0.5686938349999999,0.021556472632547632,0.517578,0.619629,0.102051,0.569102239917719,0.3238773594793651,1.5,3.1256980657339146,0.7590088205520451,-0.021001235000000004,0.12271258779623945,-0.240882,0.30883,0.549712,0.12449671110183996,0.015499431075175001,1.5,199.71212738473477,0.5273653315670455,0.020011315000000005,0.1484830372388906,-0.568631,0.500417,1.069048,0.14982544869185274,0.022447665075715002,1.5,195.641438000062,0.6506435951790293,-0.015321600000000001,0.11941016459899886,-0.393032,0.364787,0.757819,0.12038911427583476,0.014493538836120002,2.5,179.4794494553482,0.5586981481938739,1.9099416523896784,0.01414146667977404,1.851092090407714,1.9419548142634524,0.09086272385573846,1.9099940043395085,3.6480770966128704,2.5,1.0336682985417216,0.7865922298031641,0.18512210824055336,0.08966891022716761,0.01841124333118217,0.47854853073329984,0.4601372874021177,0.20569566942635178,0.042310708420754996,3.0,53.693222948467834,0.7420331895189423,2.031340587268964,0.012774388925898623,1.9836686066379636,2.0972786325212014,0.11361002588323776,2.0313807536989836,4.1265077664986505,10.0,0.42278101581712835,0.8389212206648957,0.19998870224978607,0.11155785028162028,0.011464127092805627,0.7252177836505389,0.7137536565577333,0.2289992030270193,0.052440634987009994,5.5,29.91407187558602,0.7526338885566154,0.0013670777538754182,1.1070170762613798,-0.4784306698857801,-0.021888940054452632,0.8037884380238999,-0.010129926566254999,-0.01944949317710952,0.8415036833107552,-0.0017487979342500019,0.002813715428070962,1.018949743219113,0.0004882388022900003,-0.04454257479818603,0.6269783653027519,-0.008869367434295002,chewing,chewing_01.csv,6148935.0,6150925.0
-0.137712415,0.0241524691885276,-0.229492,-0.057129,0.172363,0.139814344804226,0.019548051013035,1.5,2.916359225302738,0.7683945902410537,1.8789136300000002,0.01124183183351806,1.841309,1.905273,0.06396399999999991,1.8789472605112552,3.5304428077827503,3.0,0.7614189993525302,0.8068001589721283,-0.31309329999999996,0.02296057679959282,-0.379883,-0.235352,0.14453100000000002,0.3139340736394506,0.09855460259186,1.5,3.757902972904341,0.7808429511062699,0.037937565,0.10411245735052926,-0.253672,0.215035,0.468707,0.11080912694221086,0.012278662613695,1.5,147.58686230673146,0.5061852133820258,0.020808049999999998,0.16356425767051766,-0.66962,0.417547,1.087167,0.1648825076595756,0.027186241332110003,1.5,288.4364219112794,0.6297411929333535,0.020039305,0.058599574081830794,-0.238217,0.140692,0.37890900000000005,0.061931283108417834,0.0038354838274549997,4.0,26.228863835204496,0.6436194600608979,-0.21841308499999998,0.022586950528740594,-0.277832,-0.150879,0.126953,0.2195778814758103,0.048214446033404995,9.5,0.6234542021202231,0.8672075086409005,-1.93845464,0.01130222830907251,-2.009277,-1.897949,0.11132799999999987,1.938487588740841,3.7577341317022803,10.0,0.24556559925893168,0.8812251826440881,0.566054685,0.020198916729017302,0.511719,0.619629,0.10790999999999995,0.5664149562356868,0.320825902647475,1.5,3.420746488056762,0.7518154732801138,-0.011765655000000002,0.1269576771012528,-0.240882,0.344536,0.585418,0.12750169572411577,0.016256682412525002,1.5,219.11640802464012,0.5148199616690464,0.01860573,0.12586854621305157,-0.455917,0.402092,0.858009,0.12723625314594894,0.01618906411462,5.5,88.00740165638605,0.7297409547064666,-0.02064552,0.12379314143614581,-0.432735,0.20491,0.637645,0.12550290579385004,0.0157509793627,2.5,189.9566009990005,0.5624741360801409,1.9100782925777011,0.012098661541645156,1.8625932636316498,1.9454324104139418,0.08283914678229198,1.9101166093690838,3.648545461387645,3.0,0.7330207923663964,0.8172247022102787,0.1824792794580823,0.10000850134723097,0.01841124333118217,0.7038780834150187,0.6854668400838365,0.20808745222444336,0.04330038777326,2.5,65.52895025843429,0.7374352546525687,2.0314101262309108,0.0121399929850065,1.9837404938575005,2.0972786325212014,0.11353813866370088,2.0314464010608697,4.12677448038316,10.0,0.23428502935839596,0.857894654837589,0.1921898430480991,0.10611215820532555,0.024102318934077695,0.6070860517957894,0.5829837328617118,0.21953752729281842,0.04819672588984499,5.5,42.32852977178448,0.677316866014931,-4.1331443361346254e-05,0.996595431034236,-0.4782290189955152,-0.006103656858094594,0.9424791940779859,-0.004896338116584992,-0.022845219750723622,0.8200564135046058,-0.0039780197988300015,0.037695711457466086,1.2994847608207087,0.010997177217490002,-0.06519356735431497,0.473366887712897,-0.011915495535245001,chewing,chewing_01.csv,6149435.0,6151425.0
-0.13695311,0.023435857962061043,-0.229492,-0.057129,0.172363,0.13894385116690122,0.01930539377709,1.5,2.4819231403344952,0.7587863278162326,1.878688985,0.01097334941277161,1.841309,1.905273,0.06396399999999991,1.8787210321805803,3.529592716757665,3.0,0.8336812835987352,0.7905111901151722,-0.316330595,0.02165528767093559,-0.379883,-0.235352,0.14453100000000002,0.31707096495447984,0.10053399681716499,1.5,3.342952840587096,0.7473348536594662,0.061209074999999995,0.10125723197885361,-0.253672,0.215035,0.468707,0.11831981190981922,0.013999577890374999,1.5,148.6343477356807,0.4539960154724056,0.02947076,0.15409277652081035,-0.66962,0.417547,1.087167,0.156885657314077,0.02461310947087,1.5,242.17856835191495,0.634011479690404,0.029726540000000003,0.055909930770645745,-0.238217,0.14842,0.386637,0.0633213039912319,0.00400958753915,4.0,20.704325376108322,0.6268706955693161,-0.21668210999999998,0.02150165074797514,-0.275391,-0.150879,0.12451199999999998,0.21774631519026905,0.047413457778939995,7.0,0.8163058416036,0.8581916361938933,-1.938991745,0.010783518099394792,-2.009277,-1.897949,0.11132799999999987,1.9390217305230866,3.7598052714407455,11.0,0.18759622072573473,0.8880674884366242,0.5689306599999999,0.019369518892435093,0.511719,0.619629,0.10790999999999995,0.5692602868197991,0.32405727415016,1.5,3.6660727219396216,0.720368096380283,-0.036409445000000006,0.11846534971554752,-0.240882,0.344536,0.585418,0.12393420338403358,0.015359686768434999,1.5,188.37032553519953,0.53640855727502,0.03408321500000001,0.12766791278735146,-0.455917,0.402092,0.858009,0.13213917473714976,0.017460761500215,5.5,107.70793269476384,0.7097887500464166,-0.02089335,0.11886897924474452,-0.432735,0.20491,0.637645,0.12069120225148973,0.014566366300909999,3.0,192.9854811578727,0.529982329821023,1.9103130189348787,0.011673775731528764,1.8625932636316498,1.9454324104139418,0.08283914678229198,1.910348687374093,3.64943210735192,3.0,0.7573879474171901,0.809023056162799,0.17954336659699666,0.1019139559207249,0.03888003409206325,0.7038780834150187,0.6649980493229555,0.20645162847600645,0.042622274900394996,2.5,100.74209330018431,0.6653667773323779,2.032518880675356,0.011958389023853419,1.9837404938575005,2.0972786325212014,0.11353813866370088,2.032554059150665,4.1312760033698455,10.0,0.28191706839663705,0.8840308624277852,0.19116526108357162,0.10412808230448645,0.024102318934077695,0.6070860517957894,0.5829837328617118,0.21768512712071075,0.047386814569559996,5.5,61.309674529751376,0.6511377930307813,-0.00028461329232465186,0.9761996961499636,-0.48184389601792565,-0.002214126383761575,0.9787365105093636,-0.004764539669164999,-0.01720811773669395,0.8547413418521691,-0.0013601088780600002,0.026424863733458814,1.2069812465523193,0.007152347970655001,-0.0629590484740987,0.47034921243439287,-0.010556778761759998,chewing,chewing_01.csv,6149935.0,6151925.0
-0.1349536,0.02293204656479661,-0.229492,-0.077637,0.15185500000000002,0.13688810361974482,0.018738352912609998,9.0,1.8893333659577152,0.7503790243861965,1.87804935,0.010562723410063337,1.841797,1.905273,0.06347600000000009,1.8780790537571255,3.52718093216126,2.5,0.7883596302583178,0.7737701103162111,-0.31321537,0.022867689526340433,-0.379883,-0.235352,0.14453100000000002,0.3140490395280807,0.09862679922851,1.5,3.324567237826746,0.8051910068660947,0.04416084,0.10665844911653459,-0.253672,0.308564,0.562236,0.11543918120573274,0.013326204557449999,1.5,169.64125797864492,0.4709800422846657,0.014953895,0.16981999058828137,-0.66962,0.426606,1.096226,0.17047711922447245,0.029062448179075,1.5,233.07890739834568,0.6392672110153053,0.022929079999999998,0.05987206732002495,-0.238217,0.182793,0.42101,0.06411245709548184,0.0041104071548200005,4.0,25.633421560271252,0.5809635494994443,-0.214428695,0.02151206316888213,-0.275391,-0.150879,0.12451199999999998,0.21550506746057038,0.046442434101184996,6.5,0.7355213561488553,0.8080417548880074,-1.93807866,0.00978392474594935,-1.958984,-1.894043,0.06494100000000014,1.9381033557400467,3.7562446175308297,11.0,0.18065117966215596,0.8337281869990804,0.57068849,0.019999389772688066,0.511719,0.619629,0.10790999999999995,0.5710388149764952,0.32608532820976,1.5,4.572936318221984,0.6979415662588087,-0.007896630000000002,0.12641239745362437,-0.210505,0.344536,0.555041,0.1266587975441501,0.016042450995330002,1.5,215.16363690972065,0.5298672347745504,0.05067716,0.13826731711335258,-0.455917,0.453786,0.909703,0.14726175853693316,0.021686025527390004,2.5,117.24488629822935,0.6845877874728618,-0.039829485,0.12338086691647038,-0.432735,0.20491,0.637645,0.12965039990846539,0.016809226196425,2.5,203.64777279619972,0.5609726065049879,1.9090336781253336,0.011683325110626152,1.8603691342346549,1.9454324104139418,0.08506327617928688,1.9090694288847592,3.6445460843023803,2.5,0.6628380851702951,0.8065359272385514,0.18666166016057958,0.10796520049275742,0.03888003409206325,0.7038780834150187,0.6649980493229555,0.21563640669271272,0.046499059891345,2.5,91.94787130698938,0.7059251054057245,2.0319087322935254,0.010921697262467145,1.9822046177057502,2.063333836872986,0.08112921916723592,2.031938084647703,4.1287723798417755,11.0,0.2524021184594037,0.8417707695915804,0.20108407082314378,0.11875562799437293,0.020630158457946947,0.6070860517957894,0.5864558933378425,0.2335330869901415,0.054537702719145,5.0,73.64811278625487,0.685456940296654,0.0007616278481590074,1.0697353011950232,-0.4842262955393952,-0.010790427501615518,0.9091375483936912,-0.0080386428278,-0.01975394833708974,0.8437340898914866,-0.0027162464378800034,0.031552673474928794,1.2282005186306006,0.007376422651684995,-0.0635087995964454,0.4852621708401411,-0.012698819041605,chewing,chewing_01.csv,6150435.0,6152425.0
-0.13175535,0.02421911924714646,-0.229492,-0.077637,0.15185500000000002,0.1339628231664666,0.01794603799073,9.0,1.9228512845994423,0.7711127999116929,1.8768213249999999,0.011074147344575788,1.841797,1.906738,0.06494100000000014,1.8768539961100237,3.522580922714165,2.5,0.7709882263681407,0.7640203817587724,-0.319670425,0.022759622045068654,-0.379883,-0.23877,0.14111300000000002,0.3204796109198134,0.10270718101531501,1.0,4.086520832327454,0.7732616720405643,0.048481515,0.0947590471383064,-0.253672,0.308564,0.562236,0.10644122467942109,0.011329734311255,1.5,117.2578938387064,0.5276197485009567,0.031145495,0.15804593174703982,-0.66962,0.426606,1.096226,0.16108556235921642,0.025948558400585,1.5,193.84692301789332,0.6902578192104445,0.021696684999999997,0.0674680448722636,-0.238217,0.234487,0.472704,0.07087089119571588,0.005022683218874999,4.0,24.21767526615366,0.537960198463253,-0.21535642,0.019842738180089962,-0.275391,-0.155273,0.120118,0.21626863363349758,0.046772121893699996,7.5,0.6254389272111934,0.8016688657477432,-1.9380371499999998,0.010680728567260763,-1.960449,-1.894043,0.06640600000000019,1.9380665810912818,3.7561020727428502,11.0,0.20694171992415683,0.8038284888402878,0.572966305,0.018619570393324736,0.511719,0.630371,0.11865199999999998,0.5732687633797824,0.328637075066985,1.5,3.051942444341459,0.7471100568502376,-0.011784315,0.11572788300442453,-0.210505,0.344536,0.555041,0.11632632111738513,0.013531812984705,1.5,150.37301258843885,0.4962361774211042,0.02551113,0.1383206156707781,-0.455917,0.453786,0.909703,0.14065351212614635,0.01978341047342,2.5,123.44886589190284,0.7221704389205492,-0.01955437,0.11467849695061885,-0.432735,0.20491,0.637645,0.11633370555840641,0.01353353104895,2.5,161.20381676387552,0.5508715394634941,1.9086870470615613,0.012161336259960508,1.8603691342346549,1.9454324104139418,0.08506327617928688,1.9087257900809664,3.64323414172021,2.5,0.645345321603164,0.7807482288520391,0.1782427097309123,0.10261828471815702,0.03888003409206325,0.7038780834150187,0.6649980493229555,0.20567201056710416,0.042300975930715,2.5,89.30814030294893,0.6710063013098795,2.032579614271476,0.011462170455569954,1.9822046177057502,2.063333836872986,0.08112921916723592,2.0326119328842718,4.131511269703535,11.0,0.22590739168942164,0.7974715036325561,0.18489084191836067,0.11253502157903894,0.020630158457946947,0.6070860517957894,0.5864558933378425,0.21644573108997783,0.046848754507075,5.0,76.03937852243993,0.7034688525049902,0.0006991658043905523,1.0609976798984697,-0.4882771279833249,-0.009916736860881917,0.9118786603340463,-0.004547778576359997,-0.02096883586611814,0.8188091294704107,-0.0022020786734500003,0.01972531607626174,1.1426057567818428,0.006165147927165,-0.04721045207835525,0.5883234142954951,-0.008510847830075,chewing,chewing_01.csv,6150935.0,6152925.0
-0.131176735,0.025239627184147847,-0.209961,-0.017578,0.192383,0.1335828379158603,0.017844374585655,8.5,2.0559004766411726,0.731016973421154,1.876464865,0.011140955277119419,1.841797,1.909668,0.06787100000000001,1.8764979377723692,3.5212445104639545,2.5,0.4945880829706083,0.7917263805788916,-0.320344245,0.024275411008363487,-0.383789,-0.165039,0.21875,0.32126271318695704,0.10320973088424502,1.0,4.28912253733063,0.8316594250718405,0.06083473,0.10325153600802799,-0.290178,0.308564,0.598742,0.11984049425044108,0.01436174406219,1.0,161.25523335056764,0.47081753009725397,0.03615765,0.16759557899135497,-0.846551,0.442061,1.288612,0.17145160760684047,0.029395653750970002,2.0,279.7074228196721,0.6310604812519784,0.023282144999999997,0.06624540081231281,-0.133498,0.234487,0.367985,0.07021760039039358,0.004930511404585,4.0,24.594833611464587,0.5698825120875222,-0.21176512000000003,0.015810814639530754,-0.260254,-0.166504,0.09374999999999997,0.21235453352396316,0.04509444790818,1.0,0.7318453274817759,0.865639265285965,-1.9369140850000002,0.010430483096567248,-1.960449,-1.894043,0.06640600000000019,1.9369421694126583,3.751744967649015,10.0,0.22967024021967028,0.8450430476302783,0.57974609,0.016926240456518984,0.540039,0.630371,0.09033199999999997,0.5799931262405443,0.33639202648628,1.0,2.8508504520444604,0.7491277239925077,-0.028288999999999998,0.10679427324065649,-0.219299,0.291243,0.5105419999999999,0.11047752856576762,0.012205284318,3.5,105.45950554824225,0.5044224374353748,0.038954165,0.12942257718063635,-0.383706,0.453786,0.837492,0.13515779835039116,0.018267630454925,5.0,136.7831300164633,0.6822592664450813,-0.025112765000000002,0.09358028433200967,-0.359191,0.173467,0.532658,0.09689128227867047,0.009387920581605001,2.5,104.66979178086673,0.578432525036677,1.9084400235423828,0.012461640157061344,1.8507192272867865,1.943235384824494,0.09251615753770759,1.9084807088188906,3.6422986159338553,2.5,0.38767948280880166,0.8037586608444961,0.185217991519942,0.11992583055815657,0.03534730316445655,0.8869836676613613,0.8516363644969047,0.22065336892453058,0.048687909217745,2.5,96.3986286482115,0.7132101135083567,2.0330071480034984,0.010647920461538214,1.9822046177057502,2.059665814519919,0.07746119681416874,2.033035032173198,4.133231442043475,10.0,0.15160234327242006,0.8225350807836528,0.1721727642944682,0.1010810298212849,0.020630158457946947,0.5119995894275697,0.49136943096962277,0.19965178525254915,0.03986083535453,2.5,58.5081055262898,0.6780479694816746,0.0018137196955231305,1.1703355788648628,-0.49093282610961975,0.018844800736871684,1.1864326152017843,0.008827073863214997,-0.00354273723262849,0.9668265242589827,0.0021564597441900007,0.03817300181071856,1.2949485525809004,0.011128023296045002,-0.02733488351969679,0.7078991187639857,-0.004457409177020001,chewing,chewing_01.csv,6151435.0,6153425.0
-0.129206535,0.030300247875863575,-0.217773,-0.006836,0.21093699999999999,0.13271184464110578,0.017612433708044998,8.5,1.8012824836490875,0.70711927047921,1.87681644,0.011504928116959273,1.840332,1.909668,0.06933599999999984,1.876851702406253,3.5225723128252504,9.5,0.3633550725119237,0.8185672942074251,-0.31806642999999996,0.029145975376801168,-0.398438,-0.165039,0.23339900000000002,0.3193990322051869,0.10201574177361,3.0,5.964653884487836,0.8256956656124471,0.03840922,0.12083844465062267,-0.345868,0.308564,0.654432,0.12679589065340408,0.01607719788659,2.0,212.99055226291495,0.5768471200810655,0.027176525000000003,0.19647499039740243,-0.912101,0.442061,1.354162,0.19834562098199948,0.039340985362735,3.0,287.7161653423881,0.6695256081438187,0.021584765,0.07503654219818351,-0.153749,0.234487,0.388236,0.07807934903138601,0.006096384745165,3.5,29.96884587997063,0.6045075075621967,-0.209699705,0.016447320479882885,-0.260254,-0.166992,0.09326199999999998,0.21034372020113887,0.044244480628055,11.5,0.5475487128536614,0.8258005350830824,-1.9349560600000002,0.01076797024124789,-1.960449,-1.894043,0.06640600000000019,1.9349860214776333,3.7441709033138397,10.5,0.2578011009590341,0.8052380926073845,0.586127925,0.019297968702932832,0.540039,0.639648,0.09960899999999995,0.5864455269339728,0.34391835606086496,1.5,3.4909060975696553,0.7180169143138637,-0.007667470000000001,0.11157695907399116,-0.219299,0.291243,0.5105419999999999,0.11184009966197277,0.012508207892400001,1.5,127.326685800633,0.5639185274676409,0.04091268000000001,0.13604942569892606,-0.383706,0.453786,0.837492,0.14206791903096913,0.02018329361779,3.0,193.03429283273545,0.6181630634685373,-0.03458148,0.0846818453253683,-0.359191,0.173467,0.532658,0.09147072584548567,0.0083668936867,3.0,76.0394769524656,0.6383930166401405,1.9084100815856613,0.013093846230751927,1.8495768937840893,1.943235384824494,0.0936584910404048,1.908455000335849,3.6422004883069055,9.5,0.24923527557569625,0.8392132859230876,0.20429990803938414,0.1406275775571392,0.03534730316445655,0.9550189256904807,0.9196716225260242,0.2480213055253318,0.06151456799448999,1.5,95.9768516917161,0.7176432707906302,2.0327855031521467,0.010809170978139852,1.9822046177057502,2.059665814519919,0.07746119681416874,2.0328142413911707,4.13233374000276,10.5,0.1096095816923933,0.7676305797228515,0.1765378082946487,0.09946254289636809,0.020630158457946947,0.5119995894275697,0.49136943096962277,0.20262871266651725,0.04105839519689001,2.5,57.34832604031509,0.7055565468932898,0.0022846752526120805,1.2113645215930566,-0.490133251695855,0.041165034660771135,1.4138747458293095,0.02045617279759998,0.009261485576631506,1.0830053592918754,0.0035689899941899993,0.0604255646984764,1.444144210003478,0.019157691744944996,-0.009645303127184743,0.8860995164887451,-0.0022705089415349993,chewing,chewing_01.csv,6151935.0,6153925.0
-0.12301026,0.030174891218402097,-0.217773,-0.006836,0.21093699999999999,0.12665720715896905,0.01604204812531,9.0,1.4470829892362111,0.6970958195817494,1.8769751200000002,0.010888274162859788,1.840332,1.909668,0.06933599999999984,1.8770067010038243,3.52315415561326,9.5,0.26420566623344954,0.8137859225439444,-0.322783225,0.029192729280325524,-0.398438,-0.165039,0.23339900000000002,0.3241006414437265,0.105041225784235,1.5,4.582943455987898,0.8640218123055772,0.029561305,0.12677032116056175,-0.345868,0.221697,0.567565,0.13017136812853664,0.016944585080455002,1.5,227.69574442220926,0.4543328704123904,0.028795279999999996,0.20006712602489599,-0.912101,0.442061,1.354162,0.20212872894801473,0.04085602306614001,1.5,290.50725211955773,0.6796684275418478,0.018103430000000004,0.07845982674295872,-0.18226,0.234487,0.416747,0.08052129277588631,0.006483678590300001,3.0,47.88834662262156,0.6144533138509181,-0.208596165,0.016285939231673898,-0.260254,-0.155273,0.10498099999999999,0.20923095342077136,0.043777591869364994,11.5,0.9500896424026157,0.8189946444607691,-1.93512208,0.010209552818982824,-1.960449,-1.909668,0.05078100000000019,1.935149012213863,3.74480169947229,11.5,0.27896422263084364,0.8079204845522393,0.588796375,0.018687920670699968,0.54834,0.643555,0.09521499999999994,0.5890928700910706,0.34703040959213494,1.5,2.76048327825018,0.7400317838899612,-0.007977885,0.09573371751217946,-0.219299,0.216634,0.435933,0.09606555739584818,0.009228591317775,1.5,118.26058303114299,0.5184182429403719,0.032253975000000004,0.12404364245790421,-0.285381,0.304034,0.589415,0.12816842098397327,0.016427144137525,3.0,153.4348491474917,0.6255529722389298,-0.020666834999999998,0.062161226875020535,-0.171069,0.14842,0.319489,0.06550676450203445,0.004291136195525,3.0,35.85918923651811,0.6694332172962723,1.9089462526010335,0.012713544087966357,1.8495768937840893,1.943235384824494,0.0936584910404048,1.9089885881070126,3.6442374295228053,12.0,0.20004565692278747,0.8386698028756702,0.20253453655608183,0.1525255658534272,0.030838066573635903,0.9550189256904807,0.9241808591168449,0.2535434612386898,0.064284286736895,1.5,147.92219827968603,0.697049048397998,2.0335943929966858,0.010175741065437281,2.00600519035495,2.059665814519919,0.05366062416496886,2.033619851627582,4.13560970093379,11.5,0.143032003279162,0.8013485073136429,0.15439776247742734,0.07815499083736707,0.012546705543687553,0.39261652099472333,0.3800698154510358,0.17305164446148727,0.029946871650824994,1.5,48.62310534175433,0.6933746464051703,0.0025378030225290758,1.2493973663646893,-0.4913722714109845,0.07437057501606005,1.951578065830984,0.03433741508607001,0.031036603648382344,1.3241972050697164,0.007715993762680002,0.07602348356699175,1.6128769041330862,0.02442887892861501,0.016298599867938184,1.2621988124640404,0.0021925423947750013,chewing,chewing_01.csv,6152435.0,6154425.0
-0.12311768499999999,0.03300690776058513,-0.217773,-0.006836,0.21093699999999999,0.12746536909951267,0.016247420319675,8.5,1.6757719431227178,0.6624532223870712,1.878945335,0.011030881722363592,1.840332,1.916504,0.0761719999999999,1.8789777146815327,3.5305572522698356,7.0,0.22765839756922482,0.814498666096439,-0.31562504,0.032642853627837136,-0.398438,-0.165039,0.23339900000000002,0.3173085592415843,0.10068472176797001,1.5,7.3219621371400025,0.8121154134100151,0.04412481499999999,0.13638627485011376,-0.345868,0.290444,0.636312,0.14334648675944242,0.020548215266275004,1.5,283.402891348515,0.42642633544087755,0.028034524999999998,0.2040641757123464,-0.912101,0.442061,1.354162,0.20598087872697068,0.042428122401135006,1.5,367.07529146310276,0.6300765941178451,0.020197830000000003,0.0679795222689973,-0.18226,0.180662,0.36292199999999997,0.07091662558688196,0.00502916778463,3.0,50.99918754158635,0.6041249894779547,-0.206603975,0.015759457314716615,-0.244629,-0.14502,0.099609,0.2072041577301358,0.042933562980655,11.0,0.5503266896862096,0.8714353139607497,-1.9338574400000001,0.011449117967616544,-1.972168,-1.850586,0.12158199999999986,1.933891331110823,3.7399356805455906,11.5,0.21168842728557125,0.8999559447722001,0.5947167849999999,0.017609477660020897,0.54834,0.643555,0.09521499999999994,0.5949774349201783,0.353998148064195,1.5,2.9544644962047126,0.7317813444122975,-0.01965027,0.0921161175241179,-0.219299,0.203044,0.422343,0.09418870536741653,0.00887151221879,1.5,137.61474301218732,0.42840055367627616,0.05837663,0.1134385070935487,-0.285381,0.304034,0.589415,0.12757792058883075,0.01627612582177,3.0,122.9933278484066,0.6067686940453604,-0.029414805,0.05533901301150008,-0.171069,0.107384,0.278453,0.06267086335989795,0.003927637114275,3.0,29.20505097623581,0.6159984414423398,1.9097975497762507,0.012755909458293581,1.8495768937840893,1.9494427454393217,0.09986585165523243,1.9098401489018602,3.6474893943574798,7.0,0.17318076925816459,0.8133864590386636,0.20926245556115738,0.1556108291365181,0.030838066573635903,0.9550189256904807,0.9241808591168449,0.26077865221685614,0.06800550545204001,1.5,119.97715719492632,0.7159578756102445,2.0338968049489403,0.01145331432089924,1.9495917037015726,2.070206132917686,0.12061442921611332,2.0339290527426073,4.13686739159044,11.5,0.0957413886879306,0.8806996487889637,0.15084439600603333,0.07950624722881847,0.012546705543687553,0.39261652099472333,0.3800698154510358,0.1705147358876499,0.029075275154835,1.5,58.35170282561228,0.6645505829454678,0.001302595137394346,1.1137308468883507,-0.48937799723295994,0.0761045819076996,1.9572151190669473,0.03893023029720501,0.04427015732599586,1.4805907860196672,0.011676703047485004,0.0906256686187976,1.798896873211332,0.026151996579365004,0.012640509257497198,1.228419492318563,0.0011015306703549997,chewing,chewing_01.csv,6152935.0,6154925.0
-0.12002684999999999,0.03503306051842316,-0.221191,-0.006836,0.214355,0.12503503529095356,0.01563376005021,9.5,2.665785445863887,0.6483363886262973,1.8796973050000003,0.01091574645005897,1.840332,1.916504,0.0761719999999999,1.8797289996020239,3.5333811119448253,7.0,0.19663671121130413,0.8457051323005453,-0.31309088,0.03236495118435373,-0.398438,-0.184082,0.21435600000000002,0.3147592559470492,0.09907338920434,1.5,6.888900559206456,0.7624900075609276,0.04004263500000001,0.13970044581930213,-0.345868,0.290444,0.636312,0.1453259342989234,0.021119627179855,1.5,303.0205720547543,0.4274119119943345,0.027673455,0.20074221604594777,-0.912101,0.413816,1.325917,0.20264071016129756,0.041063257414675,1.5,364.7618965480627,0.6341393217315878,0.02541251,0.0665135068804818,-0.18226,0.180662,0.36292199999999997,0.07120282481783992,0.0050698422620400006,3.0,42.5770847861114,0.5744020464363541,-0.20498044,0.018751206637344704,-0.255371,-0.143555,0.11181600000000003,0.20583631490325027,0.04236858853295001,9.5,0.7497101122020602,0.8377859776362346,-1.9331787399999998,0.01554337208981372,-2.066895,-1.850586,0.21630900000000008,1.9332412258184208,3.7374216372039104,11.0,0.22635032643174502,0.9236003573837568,0.5975439300000001,0.018471038648519473,0.54834,0.644043,0.09570299999999998,0.5978293465100221,0.35739992754860006,1.5,2.9241871060311384,0.701553613830461,-0.019219935000000007,0.09304091550253993,-0.198515,0.193718,0.392233,0.09500535700135546,0.009026017858955,1.5,140.14387100700762,0.44671728513579256,0.040275849999999995,0.12578281983588815,-0.285381,0.304034,0.589415,0.13207369858942394,0.01744346185909,4.0,141.33381394317027,0.636871556984676,-0.029665295,0.05333531974928035,-0.171069,0.107384,0.278453,0.06103020612938318,0.003724686060195,4.0,20.925180276555956,0.6873961044375985,1.9099546132361853,0.01271363744917404,1.8495768937840893,1.9494427454393217,0.09986585165523243,1.9099969270130712,3.648088261199375,7.0,0.16274545614490496,0.8319343826612184,0.21239957390223946,0.14879229772645194,0.030838066573635903,0.9550189256904807,0.9241808591168449,0.25933130712771646,0.06725272685657,1.5,114.60251349206045,0.6812330622534492,2.0339461848825153,0.015908183030161633,1.9495917037015726,2.1665361545310065,0.2169444508294338,2.034008395578902,4.13719015328546,9.5,0.34119293651944116,0.9187074265416662,0.1535944787433054,0.081258241906974,0.012546705543687553,0.39261652099472333,0.3800698154510358,0.17376468507219756,0.03019416577824,1.5,55.741160846282284,0.6665981105307341,-0.0031945455809875914,0.79918853240934,-0.48910189208608523,0.06753405581947793,1.8311040730710397,0.03705856107833,0.04665953031676223,1.5014947463139319,0.012093609320900001,0.0749593962100597,1.5959430414094788,0.023619795555585,0.013178187131201419,1.2470818060742803,0.0013451562018450005,chewing,chewing_01.csv,6153435.0,6155425.0
-0.11718994000000002,0.033938914664384895,-0.221191,-0.020996,0.200195,0.12200545875410657,0.014885331965799999,8.5,3.407917580435467,0.6844293598511283,1.879011275,0.011521991846871573,1.849121,1.916504,0.06738299999999997,1.8790466007721163,3.530816127873245,7.0,0.3353555988443679,0.8072799818150729,-0.31570561499999994,0.03102191562680769,-0.404297,-0.184082,0.22021500000000002,0.3172260938064285,0.10063239459168499,1.5,5.531866941248516,0.7902467176728089,0.041701395,0.1418281756579382,-0.362389,0.290444,0.652833,0.1478317887174643,0.021854237755405004,1.5,308.2025749172421,0.44165112961888564,0.01361221,0.18995416264292792,-0.829231,0.367452,1.1966830000000002,0.19044126697346875,0.036267876166459996,3.0,337.854157383237,0.6462648497181166,0.013608249999999999,0.061611879025050845,-0.18226,0.117776,0.300036,0.06309681533215444,0.00398120810506,3.0,37.340540713145415,0.5789859506080691,-0.20397212500000003,0.019255654938988054,-0.255371,-0.143555,0.11181600000000003,0.20487900825644634,0.041975408024145004,10.0,0.6159618101620277,0.8075791666921509,-1.934226135,0.015810487920262774,-2.066895,-1.850586,0.21630900000000008,1.9342907518895176,3.741480712845315,11.0,0.22778825947574557,0.902900141082989,0.595625,0.018426370931629483,0.544434,0.644043,0.09960900000000006,0.5959099527367453,0.35510867177071,1.5,2.9110739893012325,0.7618867760795064,-0.015168339999999997,0.09293841147143844,-0.198515,0.244346,0.442861,0.09416807773969903,0.00886762686519,1.5,136.58306390060963,0.5347580282901072,0.036245559999999996,0.11914881080945122,-0.284582,0.34347,0.628052,0.12453987207725886,0.015510179737020003,1.5,141.62015198748153,0.6590706185945062,-0.02175535,0.04964244614478119,-0.154815,0.107384,0.262199,0.0542002556530871,0.0029376677128600003,1.5,16.838417621905652,0.701833129004167,1.9094921529520803,0.013174681975614003,1.8610809410364182,1.951896016743976,0.09081507570755787,1.9095376022562975,3.64633385443073,7.0,0.20691670364300047,0.7961764147018252,0.20412064724903708,0.14296182495183518,0.030838066573635903,0.8538004321778012,0.8229623656041654,0.2492053812158257,0.062103322026925006,1.5,126.84142942810246,0.6778530288121991,2.034280557564707,0.01635254580775095,1.9495917037015726,2.1665361545310065,0.2169444508294338,2.034346281398565,4.13856479264017,10.0,0.31509666943519404,0.8812282925492673,0.14240430285644753,0.08388378176405238,0.012546705543687553,0.449048207702692,0.43650150215900446,0.16527393719237765,0.027315474315069997,1.5,57.528183767868946,0.6332923699395414,-0.0031778638321369387,0.8056654988466283,-0.4922309382094401,0.059078043187782786,1.7042844510033777,0.03478784771185501,0.04888976418649982,1.526044758162501,0.012986610890215005,0.07080535183347669,1.5942598281296503,0.020757696429439993,0.011969432880269658,1.241112874360805,0.0010435403921999994,chewing,chewing_01.csv,6153935.0,6155925.0
-0.11905026500000002,0.035284011618363,-0.221191,-0.020996,0.200195,0.12416894568472021,0.015417927072455,8.5,4.366541244490088,0.6491271543502704,1.8782666449999998,0.011580356589456777,1.849121,1.916504,0.06738299999999997,1.8783023437078215,3.5280196943782953,1.5,0.4217051603278818,0.7862397485082289,-0.31608158,0.03016890055825038,-0.404297,-0.199707,0.20459000000000002,0.3175180747236132,0.10081772777619001,1.5,5.89330978422937,0.7581237665975193,0.06802522999999999,0.13115842979632342,-0.362389,0.290444,0.652833,0.1477496721593317,0.02182996562319,1.5,259.800311758924,0.46190799706932434,0.03171565,0.17716205471366464,-0.812977,0.367452,1.180429,0.1799785434025123,0.03239227608529,3.0,325.87994734490735,0.6215514867815997,0.017483969999999998,0.05464302435900762,-0.16494,0.116977,0.281917,0.05737202557048165,0.0032915493180599997,3.0,35.39657157903935,0.6141220693987807,-0.20424315,0.01860169812456648,-0.255371,-0.143555,0.11181600000000003,0.2050884869880316,0.042061287495040005,10.0,0.4776084649036246,0.7972823110244459,-1.933833075,0.01601978677633929,-2.066895,-1.850586,0.21630900000000008,1.9338994274605685,3.739966995532315,11.0,0.2150006636846238,0.9046224502451271,0.5957055849999999,0.018361105131031057,0.541504,0.644043,0.10253900000000005,0.5959884849406278,0.355202274181825,1.5,3.222293868071828,0.7310535593559436,-0.037547199999999996,0.09125201598616876,-0.198515,0.244346,0.442861,0.0986748329077886,0.009736722649380001,1.5,132.02475092924496,0.507006445108736,0.036990335,0.1056112959374743,-0.284582,0.34347,0.628052,0.11190187984571573,0.012522030713005,3.0,94.49093828402047,0.699109411401744,-0.02165674,0.047206040674710265,-0.154815,0.102855,0.25767,0.05193673712903035,0.00269742466361,4.0,9.416917117592902,0.7036262666173287,1.9089506393367512,0.01275953771690126,1.8652149861804133,1.951896016743976,0.0866810305635628,1.9089932816086441,3.64425534922694,8.5,0.1673323460029158,0.7819197100450688,0.19977693422599646,0.13267617562246012,0.02731683264948555,0.8386272805322994,0.8113104478828138,0.2398203307197703,0.05751379102654,1.5,121.88185020047912,0.687806482909322,2.0339513051462457,0.01651198059182259,1.9495917037015726,2.1665361545310065,0.2169444508294338,2.0340183276482984,4.13723055720918,10.0,0.3742637230735305,0.8839091506519176,0.13796116495006402,0.07696034687822179,0.005474029046324106,0.449048207702692,0.4435741786563679,0.15797524497843007,0.024956178025995,1.5,40.36682116954571,0.6692092492167636,-0.0037524428749213298,0.7727442293155496,-0.4929752079822398,0.05571582874423828,1.7239550106550352,0.032557613000545,0.03990641381015468,1.437320900572798,0.012093242973809998,0.07155075877619026,1.6774915328995763,0.019870245372285003,0.007436983684297349,1.1575430512282208,0.0005941246544499995,chewing,chewing_01.csv,6154435.0,6156425.0
-0.11971921499999999,0.03633198810330609,-0.241211,-0.020996,0.220215,0.12511076612248442,0.015652703799755,8.5,5.246629658714063,0.6739889935588033,1.87751223,0.010615446820887943,1.850098,1.916016,0.06591799999999992,1.8775422396076153,3.5251648615107802,1.5,0.28299844819054853,0.8388763223940408,-0.31868410500000005,0.02924087825791105,-0.404297,-0.206543,0.197754,0.32002279253350846,0.10241458774094499,1.5,4.779892207853565,0.7988943576717238,0.042182385,0.14644925052408692,-0.475902,0.247277,0.723179,0.15240320397995247,0.023226736583354998,1.5,326.9948143054068,0.44091846070885277,0.022168294999999998,0.20398007237158725,-0.911568,0.453519,1.365087,0.20518114735015253,0.042099303227925,1.5,385.9832984842594,0.635834670629058,0.014087910000000002,0.061527080285041155,-0.170003,0.135629,0.305632,0.06311933789711359,0.003984050816569999,2.5,41.657997541798544,0.6069528546389407,-0.20401123,0.018825078716889872,-0.255371,-0.143555,0.11181600000000003,0.20487792842278058,0.04197496555481,10.0,0.4429000253070848,0.7995571287914389,-1.93433356,0.014621962029303735,-2.066895,-1.875977,0.19091800000000014,1.9343888241808729,3.74186012311586,11.0,0.22395995721492692,0.9156260646500219,0.5943408400000001,0.01946440992181371,0.541504,0.647949,0.10644500000000001,0.5946594801611339,0.35361989734551,1.5,3.8345561743455536,0.7162057909056371,-0.02524063,0.10637074439714664,-0.203577,0.289378,0.49295500000000003,0.1093244010566717,0.0119518246664,1.5,180.08542522329176,0.47179791381169106,0.03963897,0.10665955269500758,-0.284582,0.34347,0.628052,0.11378711756503897,0.01294750812376,3.0,92.33431158002719,0.6095696011520921,-0.021845915000000004,0.047212900207970435,-0.154815,0.102855,0.25767,0.05202212940888714,0.002706301948235,4.0,8.81660554341195,0.6610142026322765,1.908685934616389,0.012253817733361996,1.8652149861804133,1.951896016743976,0.0866810305635628,1.9087252691394538,3.64323215305148,8.5,0.1238120228009642,0.8320152212740447,0.21130980062907098,0.15702948381101006,0.02731683264948555,0.962705063276391,0.9353882306269055,0.2632680964869272,0.06931009062785,4.0,128.34250096236528,0.6668596862869638,2.0340163806034384,0.015243013254262866,1.9692490068323,2.1665361545310065,0.19728714769870637,2.0340734957262927,4.13745498601618,10.0,0.36235470546527376,0.890849736491383,0.1450062689522217,0.08110990508532816,0.005474029046324106,0.449048207702692,0.4435741786563679,0.1661494349626113,0.027605634738395005,1.5,37.27235508630824,0.6629270750618291,-0.002989195520900866,0.803897335058414,-0.4942228329646996,0.07591957872568192,1.9360087235438634,0.041704455889455,0.04007850612694035,1.3767812884462192,0.011274911916954998,0.09732051967657966,1.91244072581916,0.029151795104165004,0.014314180077070707,1.3031836640837031,0.0012777488683349994,chewing,chewing_01.csv,6154935.0,6156925.0
-0.12439451500000001,0.03339704608209797,-0.241211,-0.040527,0.200684,0.12879968186721194,0.016589358049095,8.5,4.379070224398159,0.6960489505526782,1.87668458,0.01044817037206036,1.851074,1.916016,0.06494199999999983,1.876713664114454,3.5220541770739,8.5,0.27573625262990403,0.8152872675698744,-0.32321534999999996,0.029272468015141804,-0.412598,-0.206543,0.20605500000000002,0.32453819476191087,0.10532503985932,1.5,4.522746425322077,0.795686935363244,0.035402215,0.14230978779243814,-0.475902,0.247277,0.723179,0.14664717020261592,0.021505392528435002,1.5,286.12508678839833,0.4636700056416753,0.004764294999999998,0.20113189432531076,-0.911568,0.453519,1.365087,0.20118831333289466,0.040476737421735,2.5,340.15449480434245,0.6512383870512433,0.006917385000000001,0.06584303618619644,-0.170003,0.246478,0.416481,0.06620540483567033,0.004383155629455,2.5,41.603681200784465,0.584741731753097,-0.20666992,0.01706221300076869,-0.254883,-0.144043,0.11084000000000002,0.20737303331265133,0.04300357494529,7.0,0.4482533109524446,0.8237813110644226,-1.935393145,0.012620289349059108,-2.036621,-1.885254,0.1513669999999998,1.9354342916813903,3.745905897416245,11.0,0.16355468819450786,0.8938213425405952,0.59257082,0.01908924869311519,0.540039,0.647949,0.10790999999999995,0.5928782135743731,0.35150457613114,1.5,3.3079224503861475,0.7254799552071957,-0.012859444999999999,0.10369387999605849,-0.203577,0.289645,0.493222,0.10448821021696658,0.010917786074345,1.5,158.36470841495668,0.5039494005374872,0.04466979,0.10072192683411045,-0.293642,0.34347,0.637112,0.11018301449778908,0.01214029668382,3.0,80.98651250606977,0.6841850823596651,-0.019704875,0.04904416890537931,-0.156413,0.098058,0.254471,0.052854636526845966,0.002793612602385,1.5,15.668147450021776,0.6534328678763383,1.9088811605218803,0.011886546468814865,1.8732768740965657,1.951896016743976,0.07861914264741032,1.908918168749597,3.643968574982315,8.5,0.16632841423047084,0.827865492529932,0.19867956341404078,0.16398694052036933,0.02731683264948555,0.962705063276391,0.9353882306269055,0.25761460668918795,0.06636528557962501,5.5,142.055923927656,0.6424711142777347,2.0347615985608933,0.01262083652512043,1.9779723380828662,2.1303294878687193,0.15235714978585313,2.03480073925991,4.1404140484926755,9.5,0.2086460990855486,0.8847726676401418,0.138124737357999,0.08229977090085851,0.005474029046324106,0.449048207702692,0.4435741786563679,0.1607846241422046,0.02585169536055,1.5,43.09574846620562,0.6346596019448651,-0.0007342900563055647,0.941819224514632,-0.4964454735103603,0.08168716961951086,1.992556464317676,0.04051359021907501,0.038615907796379675,1.3724029595367395,0.010587606454090003,0.1004099674912003,1.996902766331864,0.028336440737914997,0.016798867280817135,1.3425252717244962,0.00158954302707,chewing,chewing_01.csv,6155435.0,6157425.0
-0.12623043,0.03064481428749569,-0.241211,-0.04834,0.19287100000000001,0.12989698264663427,0.016873226100700002,8.5,3.5923416979458582,0.7149992946679506,1.8758691599999997,0.010560101434853733,1.84082,1.904785,0.06396500000000005,1.8758988835172914,3.5189966211814205,1.5,0.36265233900781046,0.8251259681259572,-0.323476575,0.027621109298584932,-0.412598,-0.206543,0.20605500000000002,0.32465369280606526,0.10540002025261501,1.5,4.952269530149239,0.7526218486060465,0.06229094500000001,0.12844548335722816,-0.475902,0.247277,0.723179,0.1427529475137554,0.020378404023865003,1.5,246.92839786000522,0.4776907132930711,0.036364095,0.18874197026526976,-0.911568,0.453519,1.365087,0.1922131076300079,0.036945878744785,3.0,322.8601355114764,0.6604456715918752,0.017268095,0.06792431517723219,-0.170003,0.246478,0.416481,0.07008494629537074,0.004911899697225001,2.5,51.86447027117201,0.577637398833071,-0.20834717000000003,0.016373603266877455,-0.254883,-0.143066,0.11181700000000003,0.20898956464606075,0.043676638130950005,8.0,0.4797246818970059,0.8683731419161672,-1.9351831849999999,0.013084841031926019,-2.036621,-1.885254,0.1513669999999998,1.9352274214085474,3.7451051725715754,15.0,0.17912214056632042,0.919139792573596,0.59102784,0.01836816811046763,0.53125,0.647949,0.116699,0.5913131972608087,0.3496512972548,1.5,2.758883776169382,0.75958123884809,-0.035286269999999995,0.10181210863918448,-0.230757,0.289645,0.520402,0.10775354433182233,0.01161082631607,1.5,150.51353049812752,0.5144691975677247,0.025994805,0.09299797140877307,-0.293642,0.274723,0.568365,0.09656268727171484,0.009324352573134999,3.0,73.25058437307949,0.7032175464523732,-0.014851284999999999,0.0553716612154067,-0.156413,0.144956,0.301369,0.05732871472399325,0.0032865815319050003,4.0,17.078543235524805,0.6553899652803598,1.9081759623615824,0.011591557280374778,1.8710934725625012,1.941536353042868,0.07044288048036673,1.9082111695341097,3.641269867534735,12.5,0.2380569058214563,0.8292585855580039,0.197806229766308,0.15201604498050053,0.02731683264948555,0.962705063276391,0.9353882306269055,0.24947180695596646,0.062236182465875,5.5,116.38810907004353,0.6373870383482906,2.0342734961259255,0.012823841738259869,1.9779723380828662,2.1303294878687193,0.15235714978585313,2.034313915785203,4.138433107957325,9.5,0.3021511662331713,0.9098817394059084,0.13779205397702954,0.07235406195854786,0.005474029046324106,0.3858397255519447,0.3803656965056206,0.1556334167880086,0.02422176042111,5.5,27.39599220326264,0.6687061154754006,-0.0012322844578850946,0.9039067634304485,-0.49716324042258986,0.07966198302195267,2.1010022224818776,0.038014422044765,0.02663337471804364,1.2615933907471713,0.008767577707795004,0.09574399885649665,2.029527820941958,0.02762152617165,0.012552653961825484,1.2266981644815238,0.0016253181653200005,chewing,chewing_01.csv,6155935.0,6157925.0
-0.12924312999999998,0.03105722539688792,-0.241211,-0.04834,0.19287100000000001,0.13292230024172016,0.01766833790155,8.5,3.902218790163621,0.677465569192284,1.8758179050000001,0.011639210369950997,1.84082,1.910645,0.06982500000000003,1.875854014558869,3.5188282839366254,10.5,0.2557341990464526,0.8025494982957738,-0.32342041499999996,0.030281014539852772,-0.456543,-0.206543,0.24999999999999997,0.324834888336113,0.105517704680335,1.5,4.828876725197608,0.7982918991722956,0.044425965,0.1447902083898762,-0.475902,0.24328,0.719182,0.15145253649828716,0.022937870811765,1.5,311.4786226780154,0.4660306807634834,0.018411205,0.20794089170726612,-0.911568,0.453519,1.365087,0.20875436980711326,0.043578386913565,2.5,396.05198636578,0.6371127297859884,0.01622487,0.07481989835019225,-0.183326,0.246478,0.42980399999999996,0.07655888972320588,0.005861263595649999,2.5,61.28046225540406,0.5930970596984226,-0.20921385,0.01656760656997564,-0.249023,-0.143066,0.105957,0.20986881764397491,0.04404492061928,11.0,0.5201437587846103,0.8490694003489656,-1.9347803399999999,0.013358268023752173,-2.036621,-1.880371,0.15624999999999978,1.9348264540715558,3.7435534073751104,5.5,0.18374909310087126,0.9030575618870827,0.59192138,0.019201243632265073,0.53125,0.647949,0.116699,0.5922327311607575,0.35073960785813,1.5,3.419663811716629,0.7461246967347537,-0.02206309,0.10992143908734046,-0.230757,0.289645,0.520402,0.11211379358214581,0.012569502711379998,1.5,179.27656108440502,0.46444481522959813,0.04288053,0.1035550544843616,-0.293642,0.274723,0.568365,0.11208206440969938,0.01256238916234,3.0,86.43114872270576,0.7076719172482393,-0.020678825,0.058899712590762064,-0.156413,0.144956,0.301369,0.06242427369745683,0.0038967899466550004,4.0,18.488188963818562,0.5912461289595387,1.9083645626707608,0.01261041081591644,1.8710934725625012,1.9445123004913083,0.07341882792880705,1.9084062268077282,3.64201432651851,7.0,0.14447658378662923,0.8195500193929302,0.21306787423221643,0.16425468727297987,0.03613190238556503,0.962705063276391,0.926573160890826,0.26903070702241405,0.07237752132097999,4.0,78.71683825629339,0.6633609217806613,2.0342492682987525,0.012955704477567762,1.9922111845291404,2.1303294878687193,0.13811830333957897,2.0342905239548554,4.13833793585252,11.0,0.342155674578004,0.89051094388705,0.15075460267488608,0.07938344659129022,0.01646414543789018,0.3858397255519447,0.3693755801140545,0.17037805557164631,0.029028681820375,1.5,25.666053360998053,0.7212469386986753,-0.00034529366165132573,0.9733481369346463,-0.49632360933400976,0.08487124068168964,2.0691302069391573,0.04334883950060499,0.03486876930253574,1.3172153639184982,0.010368368100385003,0.10438583722290458,2.0080226189120345,0.031015997751225,0.01592018575943014,1.2702930975239952,0.001964473648994999,chewing,chewing_01.csv,6156435.0,6158425.0
-0.132343705,0.028978963451751945,-0.21582,-0.056152,0.159668,0.13547928467431838,0.018354636575865,7.5,3.5191421279584967,0.7028470617011893,1.8749146099999998,0.011581349176494928,1.84082,1.910645,0.06982500000000003,1.8749503786607793,3.5154389224401994,4.0,0.28580692827568305,0.7898557971208765,-0.32725585499999993,0.032560992876353986,-0.456543,-0.175781,0.28076199999999996,0.3288717271047711,0.10815661288887501,1.5,4.338874675152098,0.8403805259844238,0.031734330000000005,0.14256336831178304,-0.414882,0.235819,0.650701,0.1460526675037125,0.02133138168495,1.5,293.2874289086739,0.5175516952973566,0.001970470000000002,0.1944537358266719,-0.898511,0.407155,1.305666,0.1944637193128065,0.03781613812897,2.5,333.5322269375056,0.6169226503587314,0.011401910000000001,0.0761036104778341,-0.183326,0.246478,0.42980399999999996,0.0769529926605197,0.0059217630794099994,2.5,67.66725667703969,0.5499390989047157,-0.21283200000000002,0.016131579626930525,-0.249023,-0.143066,0.105957,0.21344247020042662,0.045557688085260006,11.0,0.870585454180969,0.8341443725655476,-1.93473394,0.013509711778805635,-2.036621,-1.880371,0.15624999999999978,1.9347811067147287,3.7433779309002704,11.0,0.20310968735698096,0.8981843432349574,0.588830555,0.01971652337956606,0.53125,0.672363,0.14111300000000004,0.5891605585880516,0.347110163795785,1.5,3.1464238192314458,0.7682698638580624,-0.011487210000000001,0.1032133419497494,-0.230757,0.289645,0.520402,0.10385061362370471,0.01078494995002,2.5,152.39890896781972,0.5189544433770277,0.03828803,0.10174000536813972,-0.293642,0.270193,0.5638350000000001,0.1087060344856255,0.011817001933590001,2.5,96.52422581527895,0.6949117773974577,-0.019045395,0.061662715017415305,-0.156413,0.144956,0.301369,0.06453694673615261,0.004165017494025,4.0,27.629919492390304,0.6297739018764927,1.9083479573364388,0.012579572122359654,1.8710934725625012,1.9445123004913083,0.07341882792880705,1.9083894183066883,3.64195017190494,4.0,0.1712029295810896,0.8431615268372268,0.1991045088317195,0.15945744716446997,0.03627456659975416,0.9775934388584039,0.9413188722586497,0.2550868144246778,0.06506928289333,9.0,113.38655804275929,0.6764395432410365,2.033685459499292,0.013009020042501122,1.9922111845291404,2.1303294878687193,0.13811830333957897,2.0337270669343304,4.136045782781315,11.0,0.3082521460720994,0.8924282740130537,0.14289395480569766,0.0796761385712324,0.01646414543789018,0.37418911220531254,0.3577249667674224,0.1636061410144344,0.026766969377634998,5.0,39.1277262677655,0.7144013068426781,-0.00042944792014146596,0.9669884496496709,-0.49409561087637455,0.07978130859323758,2.0013199688625867,0.038302313515695005,0.039350026362033635,1.381249416196519,0.010546431734929999,0.09271373045853216,1.9112809668434108,0.02599913619538,0.014440895460418775,1.2341916903324845,0.0017567455853849997,chewing,chewing_01.csv,6156935.0,6158925.0
-0.13338862499999998,0.027546109015328734,-0.21582,-0.056152,0.159668,0.13620320628118487,0.018551313401275,7.5,3.3262144738582506,0.6524037232335811,1.8751856199999997,0.01102634261374096,1.84082,1.910645,0.06982500000000003,1.8752180379055177,3.5164426896862198,4.0,0.3395195273484805,0.802353928911634,-0.326645515,0.029888618412361834,-0.456543,-0.175781,0.28076199999999996,0.3280100943267067,0.107590621980215,1.5,4.47560411780379,0.8410035779065205,0.058862880000000006,0.13366250096169682,-0.414882,0.235819,0.650701,0.14604965869604078,0.021330502805230002,1.5,267.73574359883395,0.5204922404065848,0.031133469999999996,0.17870215681644444,-0.898511,0.452187,1.350698,0.18139391887571643,0.032903753805089996,2.5,284.6784600537369,0.6294238399894354,0.019560995,0.07160214175899332,-0.183326,0.19585,0.37917599999999996,0.07422600103646296,0.0055094992298650005,2.5,65.18846514673429,0.5223755220774847,-0.21474360500000003,0.01762196028621603,-0.253906,-0.131348,0.12255800000000003,0.21546542500532423,0.046425349372725,13.0,0.9175126416597225,0.8616721803256777,-1.9338745499999999,0.011129111881794522,-1.967773,-1.880371,0.08740199999999998,1.9339065727870568,3.73999463226898,11.0,0.21290282460450882,0.8682453858525763,0.58938231,0.019154401804125858,0.53125,0.672363,0.14111300000000004,0.5896934783846689,0.34773839844941,1.5,3.1998475229752508,0.7562321856689562,-0.032002159999999995,0.09735474747060054,-0.230757,0.26513,0.49588699999999997,0.10247968139943646,0.010502085099730002,1.0,138.65723341552277,0.49519493373340706,0.031204100000000002,0.09728970383848437,-0.226493,0.270193,0.496686,0.10217133810315886,0.01043898232979,5.5,69.8112368875856,0.6687277557352925,-0.01645807,0.05845507937557779,-0.146021,0.144956,0.29097700000000004,0.06072778913257093,0.00368786437293,4.0,19.24910523123404,0.6176115012537727,1.9085191147461293,0.011807358568327112,1.8710934725625012,1.9445123004913083,0.07341882792880705,1.9085556384522067,3.64258462506771,11.0,0.22282758537553776,0.8444779961891836,0.19853129716946058,0.14258008235513242,0.03709185371479835,0.9775934388584039,0.9405015851436055,0.24442535842294472,0.059743755840184994,1.5,95.86977074678859,0.6679416336812758,2.0332326558478213,0.01110618229317519,1.9922111845291404,2.0579246276533065,0.06571344312416616,2.0332629884230706,4.134158380091115,11.0,0.19955992263522432,0.8661558371730924,0.13848202154557213,0.07383536761675734,0.0114236125634582,0.3709917965925931,0.35956818402913493,0.15693607552901911,0.024628931802449995,1.5,40.923400833147234,0.6507861489694041,0.0007011762751519268,1.0631338705454891,-0.4915737550234054,0.0687447147383751,1.9310540051103249,0.035114824037735,0.03630775349109623,1.3729428141350841,0.0108284177055,0.08141245297796,1.836804407515897,0.022464771475299995,0.013147062383415502,1.2249088107287434,0.0018216348569350003,chewing,chewing_01.csv,6157435.0,6159425.0
-0.13805173499999998,0.029917974349791383,-0.234375,-0.034668,0.199707,0.14125638649528383,0.019953366725705003,7.5,2.6052911436087136,0.6689719772429497,1.8760694049999997,0.011109671112187565,1.837891,1.910645,0.07275399999999999,1.876102299228183,3.519759837169275,4.0,0.25970947346425977,0.8080493572328176,-0.324821775,0.03270536061832028,-0.456543,-0.175781,0.28076199999999996,0.3264641268613215,0.106578826127325,1.5,5.147970097080081,0.8267782566610231,0.041332310000000004,0.13810028656861614,-0.414882,0.235819,0.650701,0.1441528667778411,0.02078004900027,1.5,294.5464106195179,0.46394917231764043,0.004940205,0.2008629115088273,-0.974453,0.452187,1.42664,0.20092365427008588,0.040370314845245,1.5,306.87315431934513,0.6780740671809796,0.017658459999999997,0.06621572896509108,-0.183326,0.19585,0.37917599999999996,0.06852987649157118,0.00469634397195,2.5,49.477891883050034,0.6306525309069341,-0.214897445,0.01684106371601791,-0.253906,-0.131348,0.12255800000000003,0.21555633438759111,0.046464533294615,13.0,0.7711280819058324,0.8386851227302418,-1.9335547200000003,0.010073670505411622,-1.953125,-1.880371,0.07275399999999999,1.9335809613439334,3.73873533407173,1.5,0.2526486675423997,0.8719346442646959,0.59182371,0.01955250042643907,0.539062,0.672363,0.133301,0.5921466068391256,0.35063760399109,1.5,3.560873240030657,0.7519706995959318,-0.025535139999999998,0.10199026047858885,-0.241948,0.26513,0.5070779999999999,0.1051382737508563,0.011054056607309999,1.5,157.68788662280204,0.45705712398356874,0.048789284999999995,0.10386487676492846,-0.226493,0.425807,0.6523,0.11475324377203897,0.013168306956205,3.5,46.54079506271393,0.583010342333733,-0.027049925,0.054783086320226375,-0.19585,0.112447,0.308297,0.061097340279876344,0.0037328849892750006,3.5,16.783397999927708,0.6409422076548172,1.9094905593561555,0.011740262008183502,1.875623457963778,1.9445123004913083,0.06888884252753025,1.9095266507756066,3.646292030022305,6.0,0.16449086729765539,0.8270663855656412,0.20122123841195066,0.1592379384111271,0.03709185371479835,0.9850135976249262,0.9479217439101278,0.2566061336318074,0.06584670781746499,5.0,86.96505365849481,0.6941356975903995,2.033651304885163,0.009992071672471386,1.9922111845291404,2.055136044189289,0.06292485966014882,2.0336758520859304,4.135837471357435,11.0,0.14040922340099082,0.8635250760325506,0.1422348774256995,0.0878890675595448,0.0114236125634582,0.49296192505101244,0.48153831248755424,0.16719823130879705,0.02795524855279,1.5,47.29093844010468,0.6510827283698161,0.0017481903357121145,1.1749577458024503,-0.48954544133513034,0.07134887085158226,1.811805982618298,0.03789145926467499,0.03611002609002727,1.3540536706209114,0.009725992392960002,0.09699803474389883,1.9338867744813204,0.02720200788904,0.01143264264486469,1.2086892764317234,0.0009634589826749995,chewing,chewing_01.csv,6157935.0,6159925.0
-0.1381836,0.027725922781036524,-0.234375,-0.034668,0.199707,0.14093769581989057,0.019863434103019998,8.0,1.9829336550486258,0.6263545509402558,1.8749927350000002,0.010492979177753806,1.837891,1.90332,0.06542899999999996,1.875022095580424,3.515707858914805,6.0,0.3832009808310981,0.7847298912968359,-0.328508275,0.030116588844843882,-0.445801,-0.175781,0.27002000000000004,0.3298858827945279,0.10882469566712501,1.5,4.946630204417043,0.8370571998578762,0.0362762,0.1327982019700568,-0.365853,0.221697,0.58755,0.13766381199472866,0.01895132513292,1.5,251.65100632053043,0.5886975067967182,0.002292885,0.18941723442039737,-0.974453,0.452187,1.42664,0.18943111153423292,0.035884146017095,1.5,243.40308964863175,0.7130751864991948,0.014683410000000001,0.06478628938465222,-0.175066,0.19585,0.370916,0.06642940479531635,0.00441286582146,2.5,45.543256217009,0.634752060789752,-0.215451645,0.016661369908233085,-0.253906,-0.131348,0.12255800000000003,0.21609491567462896,0.046697012580425,13.0,0.6929668222951009,0.8321728364938558,-1.9343481699999998,0.01010100099203539,-1.970703,-1.904785,0.06591800000000014,1.9343745431025994,3.74180487300339,10.5,0.2592287916607096,0.8629332733233901,0.5868871900000001,0.01952681252109263,0.539062,0.672363,0.133301,0.5872119465689795,0.34481787019333,0.5,3.5771492653102523,0.7499026433288035,-0.01690575,0.09845400397118188,-0.241948,0.26513,0.5070779999999999,0.09989492119732614,0.00997899528102,1.5,134.94629157149967,0.5712436912696474,0.027798695000000002,0.10005226743378669,-0.226493,0.425807,0.6523,0.10384230189255725,0.010783223662345,3.0,67.77994686065958,0.6415796288605143,-0.021726005000000003,0.053915109327302445,-0.19585,0.112447,0.308297,0.05812794772770667,0.0033788583070349996,1.5,26.40500638870498,0.6757751049535123,1.9089952814850135,0.011532733973495933,1.875623457963778,1.9438774772384704,0.06825401927469232,1.9090301172807491,3.6443959886849506,6.0,0.32454404690869443,0.7764107223288211,0.1922696385558951,0.1492672873105841,0.03709185371479835,0.9850135976249262,0.9479217439101278,0.24340981280851232,0.059248336971475,4.5,102.88522056674465,0.717081400224805,2.033032036660168,0.010024654136342575,2.00672288695425,2.0612884047354947,0.05456551778124474,2.033056751735461,4.133319755777145,9.5,0.07531447988426514,0.8327163266423308,0.13158339838892272,0.08262497515171817,0.0114236125634582,0.49296192505101244,0.48153831248755424,0.15537399155070966,0.0241410772504,1.5,46.98027195291324,0.6615000433433333,0.001508079837153363,1.150437094052561,-0.48892376709219443,0.06664231215886597,1.8065637785245394,0.03510725972107501,0.034344197998874906,1.348834954532958,0.0089723298519,0.08936496698661064,1.8931828261238681,0.025100922354749998,0.010871180057349786,1.2016351296137437,0.0010340075144250004,chewing,chewing_01.csv,6158435.0,6160425.0
-0.13850586,0.025555830150875553,-0.234375,-0.034668,0.199707,0.14084379187255647,0.01983697370904,9.0,1.8338012031630313,0.7216157818007952,1.8758154949999999,0.010783735675079162,1.837891,1.902832,0.06494100000000014,1.8758464916504243,3.518800060237205,4.0,0.3259901073418384,0.7872526688632194,-0.323913585,0.025747418248103535,-0.415527,-0.211426,0.20410099999999998,0.324935286009376,0.10558294009399499,1.0,3.8309401917633865,0.8206472997969165,0.065455185,0.11972717240522626,-0.358126,0.221697,0.579823,0.13645137249414166,0.018618977055535,1.0,198.30122681541567,0.5166240025829094,0.030356715000000003,0.17296820691029835,-0.974453,0.452187,1.42664,0.17561187530276817,0.030839530747355,1.0,214.72282297284454,0.7048272426073443,0.018641704999999998,0.05794104504682303,-0.175066,0.19585,0.370916,0.06086606498226249,0.0037046778664250003,2.5,27.875953826442835,0.5890501754597964,-0.21367431000000003,0.01691744705249288,-0.253906,-0.131348,0.12255800000000003,0.21434297461953356,0.045942910768750005,12.0,0.4892661881186404,0.8076996606232802,-1.934348175,0.009768386446817868,-1.970703,-1.910645,0.06005800000000017,1.934372839837141,3.7417982834996053,7.0,0.14223127098004068,0.8222928833553532,0.589189445,0.01947369524479047,0.510254,0.652344,0.14209000000000005,0.5895111762349337,0.347523426905895,1.0,3.1554590551419013,0.801939321037138,-0.03634815500000001,0.0924770957362469,-0.241948,0.252873,0.494821,0.09936398546613859,0.009873201607715,1.0,127.33662845647825,0.5042099254769872,0.040102605,0.10318756726030019,-0.226493,0.425807,0.6523,0.11070633660674081,0.012255892964885001,4.0,75.92233364831088,0.601542364949111,-0.022610669999999996,0.049784331166152065,-0.19585,0.105253,0.301103,0.054678350629019525,0.00298972202751,3.0,20.23706435170549,0.6975659947812806,1.9089490045237403,0.011561668048359662,1.8747927609837307,1.9438774772384704,0.06908471625473966,1.908984016182493,3.64421997404024,4.0,0.305326901365243,0.7957956440900282,0.19239407875254755,0.12707361697171257,0.037541776902538855,0.9850135976249262,0.9474718207223873,0.23057143289947044,0.053163185669315,2.5,84.24356606424877,0.730640787109581,2.033508446955541,0.01039313882881548,1.993861826916048,2.0612884047354947,0.06742657781944672,2.033535006134453,4.13526462117425,12.0,0.1160097468767413,0.7921784512919884,0.13608429517623358,0.08123965291960404,0.0114236125634582,0.49296192505101244,0.48153831248755424,0.1584891687154362,0.02511881660011,3.0,50.473991538784844,0.6404345616358769,0.001168529219544183,1.112432753837982,-0.49104464713400997,0.04583396405210852,1.5641821746514166,0.028044369069205002,0.027250076668979356,1.2946683873669549,0.008745775447819999,0.06978063964999817,1.6762504582937794,0.01858363778247,0.008156713880670984,1.163840985499001,0.0007149558389150002,chewing,chewing_01.csv,6158935.0,6160925.0
-0.14260987,0.026526283015023043,-0.234375,-0.034668,0.199707,0.14505591581183444,0.02104121871201,2.5,3.4351223794875785,0.7130650516382587,1.876152395,0.012763768215498706,1.833984,1.92041,0.08642599999999989,1.8761958114875152,3.5201107230432958,3.5,0.3990834294031117,0.7554726314749738,-0.323271485,0.02746132218593589,-0.427246,-0.211426,0.21582,0.32443578290673336,0.105258577230305,1.0,2.9006182779286607,0.8405127459797603,0.03315593,0.13394992899402783,-0.358126,0.221697,0.579823,0.13799238809322056,0.01904189917167,1.0,182.13828515303055,0.5712862896026977,-0.0018266249999999995,0.18488369076956024,-0.974453,0.384239,1.358692,0.18489271394910345,0.034185315671464996,1.0,182.8827871005909,0.6842004675211006,0.008622725,0.059445072228901996,-0.175066,0.123106,0.298172,0.06006719569552919,0.0036080679987250002,2.5,32.885444418104505,0.5642362711830128,-0.21356448,0.014914173595596908,-0.250977,-0.174316,0.076661,0.21408460872213583,0.045832219691709995,12.0,0.3425880952482571,0.7958421839327976,-1.934814475,0.00946443581410826,-1.970703,-1.910645,0.06005800000000017,1.9348376232166886,3.7435966282148048,11.5,0.14582147518501742,0.8187778594046173,0.589450665,0.01992896434094795,0.510254,0.652832,0.14257799999999998,0.5897874617933523,0.347849250088645,1.0,3.381430358191245,0.749486246700225,-0.01279689,0.09760960076328505,-0.241948,0.252873,0.494821,0.09844488079549897,0.009691394554840001,1.0,110.16178468566021,0.5101850530954569,0.049291539999999995,0.1011485211200757,-0.181727,0.425807,0.607534,0.11251968379065949,0.012660679240350001,4.5,69.14403148863904,0.6389411674821813,-0.025933440000000002,0.050441023585038394,-0.19585,0.077008,0.272858,0.05671719466387596,0.0032168401705399995,4.5,15.222713952795283,0.6758825568487353,1.9095091525548633,0.013613056042535477,1.8733778070653555,1.9536854733874132,0.08030766632205766,1.9095576762657918,3.6464105189856104,4.5,0.4301541482149912,0.7921205555773493,0.19335501862113116,0.13946010044411278,0.035114773030734514,0.9850135976249262,0.9498988245941917,0.23840151602257062,0.05683528284186,4.5,74.3160222089169,0.7333561555748235,2.0340024800224885,0.010583442612193883,1.993861826916048,2.0612884047354947,0.06742657781944672,2.0340300140349847,4.137278097995161,11.5,0.1983381465133374,0.8191268530754658,0.13322847830505657,0.08842559886282407,0.0054866967293627595,0.49296192505101244,0.4874752283216497,0.15990282663458455,0.02556891396573,4.5,47.620468934275905,0.6360044489077337,0.0030296134303415927,1.2862597305390002,-0.49086757900955025,0.05103450158128875,1.5771462363569548,0.03126636887613,0.036340328230742736,1.3723028057339601,0.009350504616829998,0.08373516964948452,1.8278437363417366,0.021524636431114994,0.009004048643863637,1.1785064616835885,0.0003912278281850007,chewing,chewing_01.csv,6159435.0,6161425.0
-0.14377930499999997,0.023786604731276275,-0.226074,-0.08252,0.14355400000000001,0.14573363067914352,0.021238291110925,2.5,4.426476713621149,0.7170902900016733,1.875493205,0.012475486857152112,1.833984,1.92041,0.08642599999999989,1.8755346970326876,3.5176303997734952,4.5,0.44741211127289565,0.775972425693188,-0.325891125,0.02421004607202091,-0.427246,-0.232422,0.19482400000000002,0.32678915478420484,0.106791151684575,1.5,3.386705893184709,0.8325960315258609,0.04699731999999999,0.13604334106095603,-0.358126,0.271525,0.629651,0.14393241029806317,0.020716538734209998,1.5,216.1123555653707,0.5670132839546295,0.015538735,0.16256442380605535,-0.849482,0.384239,1.233721,0.16330537092451983,0.026668644172795002,2.5,173.83901073004503,0.7047062941088804,0.01650337,0.07487985671128852,-0.175066,0.225161,0.400227,0.07667694674711559,0.00587935416246,2.5,68.5103692048304,0.4934394718637514,-0.21568360499999997,0.01761419772964341,-0.256348,-0.122559,0.13378900000000002,0.2164016576356452,0.046829677427455,11.5,0.32687286310124475,0.8643115371606481,-1.93545166,0.011291498127547116,-1.979492,-1.908691,0.07080100000000011,1.9354845972331374,3.74610062612672,9.0,0.08657696908146201,0.8217258511571853,0.5876220499999999,0.019861317475623315,0.510254,0.652832,0.14257799999999998,0.5879576052557446,0.34569414557807,1.0,3.9147257008226157,0.7475249967606644,-0.02195252,0.09799354141033785,-0.236619,0.252873,0.48949200000000004,0.10042234458769622,0.01008464729249,1.0,114.83132108001202,0.5946721940752591,0.03451886,0.11735267962390293,-0.331746,0.355461,0.687207,0.12232417222532102,0.01496320311061,4.5,78.53286379298288,0.6916452413352869,-0.021095844999999995,0.07919244683352683,-0.374913,0.321887,0.6968,0.08195412321381396,0.006716478311745,3.5,46.4213276915757,0.6620476171574923,1.9093137584419169,0.013446724262710116,1.8683769639778265,1.9536854733874132,0.08530850940958667,1.9093611084781723,3.645659842568995,4.5,0.5060110555651012,0.7942873491074169,0.19575314225605334,0.1222507438273745,0.035114773030734514,0.876800565433782,0.8416857924030475,0.23079111133114508,0.053264537069465,1.0,92.58642778627453,0.6862623915932925,2.034321125309159,0.012728246270483155,1.993861826916048,2.0704036953234506,0.07654186840740262,2.034360943670578,4.138624449132245,11.5,0.293921571328658,0.8204574322555561,0.1501807706434064,0.09596908274958954,0.0054866967293627595,0.503698185478169,0.4982114887488063,0.1782254996201301,0.031764328714845,3.5,54.23980345043329,0.655935663347524,0.0007184779922269572,1.056447524423935,-0.4929646065632505,0.026281661077784957,1.273855499342025,0.02150020835462,0.03804979965061815,1.3882888515202092,0.010631891441719998,0.0452117441821524,1.3852638416698195,0.011705441062185002,-0.004312590122238322,0.9455429110391808,-0.000837124149285,chewing,chewing_01.csv,6159935.0,6161925.0
-0.147219235,0.028714648755988205,-0.226074,-0.039551,0.186523,0.14999344721408664,0.022498034207164997,7.0,3.178220947300896,0.7024692738656477,1.8763867650000001,0.013728476556405488,1.833984,1.92041,0.08642599999999989,1.876436986135086,3.521015762935725,4.5,0.7325955646441185,0.7662871586667944,-0.322871145,0.02808245088420836,-0.427246,-0.208008,0.21923800000000002,0.32409011142161526,0.105034400321275,1.0,5.422650746784241,0.8160029563191731,0.036536004999999996,0.14025467427798965,-0.358126,0.271525,0.629651,0.14493534185347962,0.021006253318184998,1.0,198.96422520618893,0.6027730017209493,0.012955390000000002,0.15168352364366372,-0.849482,0.384239,1.233721,0.15223578250532954,0.023175733475009997,1.0,153.61741697772877,0.6800250185739887,0.018711025000000003,0.07422512882538079,-0.171069,0.230757,0.401826,0.07654718940428186,0.005859472205695,2.5,60.00986482845554,0.5589414291353926,-0.21708742,0.021530467682649164,-0.313477,-0.122559,0.190918,0.21815249015514354,0.04759050896089,5.5,0.7916966663860274,0.8665765681427474,-1.9365283199999999,0.02137558342870669,-2.137695,-1.903809,0.23388599999999982,1.9366462892663028,3.7505988497289398,12.5,1.0308824366323897,0.9081126693989288,0.58815183,0.02348166095980223,0.510254,0.652832,0.14257799999999998,0.5886203900085182,0.34647396353378,1.0,4.64329167588827,0.800080588002949,-0.022950415,0.11406589698679782,-0.243813,0.364787,0.6086,0.11635183885128332,0.013537750404075002,1.0,148.9986549352629,0.6221434650119346,0.044695055000000004,0.13204037779108319,-0.331746,0.355461,0.687207,0.13939981818017194,0.019432309308664998,2.5,77.477665889713,0.6921052226958276,-0.025556419999999996,0.11279845112502032,-0.51747,0.321887,0.8393569999999999,0.11565734381966414,0.013376621179420001,2.5,132.86876742210768,0.6170116547226621,1.9100577568041301,0.015085195939707124,1.8563527171065848,1.9536854733874132,0.09733275628082838,1.9101173255756216,3.6485481974641654,4.5,0.7008553812132592,0.7844169466604769,0.1930821235511764,0.11296350102514639,0.01271779532780741,0.876800565433782,0.8640827701059747,0.22369948368042783,0.05004145899889,3.5,53.20684311878684,0.7609541910440885,2.0357359295732316,0.0210368074626681,1.993861826916048,2.224098550599321,0.23023672368327297,2.0358446213362185,4.144663322223611,12.5,1.3029640698204268,0.8885934701632351,0.18168186439732786,0.11549190898617519,0.0054866967293627595,0.6145380028964849,0.6090513061671221,0.21528279283807147,0.04634668089215999,0.5,124.24448962635074,0.6815605049044688,-0.005951611522960977,0.7170858014685594,-0.4961151247594455,-0.0025284079610287807,0.9781074883667267,0.0036947781067300095,0.026188777291191873,1.2295934015600036,0.007468502914109996,0.01964314585258059,1.1487662045594897,0.003743424166344999,-0.038573322299639515,0.6580332272746661,-0.007517148973725001,chewing,chewing_01.csv,6160435.0,6162425.0
-0.14895751499999998,0.03457998173032738,-0.268555,-0.039551,0.22900399999999999,0.15291865946131297,0.023384116411445,8.0,3.3091570069708065,0.6802216990729847,1.8773681899999997,0.014573281671054749,1.833984,1.923828,0.08984400000000003,1.8774247525167393,3.5247237013625403,4.5,0.7405378452243448,0.8254470547923974,-0.32223145000000003,0.030494018119255784,-0.427246,-0.203125,0.22412100000000001,0.32367111781893676,0.10476299251016002,2.0,4.5746222459245995,0.82693357058307,0.023299484999999995,0.14310670030019482,-0.357593,0.271525,0.6291180000000001,0.14499101238378537,0.021022393672075,2.0,206.40605078147502,0.5364950206338291,0.0029750200000000005,0.17696519824626422,-0.866802,0.324018,1.19082,0.17699020349821626,0.03132553213434,8.0,144.80059745503692,0.7082795401238561,0.01716685,0.07563017471087516,-0.175865,0.230757,0.406622,0.07755400741238327,0.00601462406572,2.5,54.43892530928341,0.5661204294002198,-0.21747559500000002,0.02347197136460794,-0.313477,-0.122559,0.190918,0.21873858338287053,0.047846567860345,11.5,0.6540113207857979,0.8426191689459718,-1.9372289950000001,0.021669286135795402,-2.137695,-1.902344,0.23535099999999987,1.9373501844091958,3.7533257370303454,9.0,0.9450166108401046,0.9099878219104787,0.58568355,0.02352006710890724,0.512207,0.652832,0.140625,0.5861556229342255,0.34357841429741,0.5,3.4189058069413054,0.7747186698439378,-0.01184827,0.1329113412396666,-0.25234,0.434867,0.687207,0.13343839826721543,0.01780580613212,2.0,167.328043177369,0.6027027446123845,0.03501982,0.1455738421289608,-0.344536,0.461247,0.805783,0.1497268556572935,0.02241813130502,5.0,62.967596964544924,0.7160252830724216,-0.025042154999999997,0.11866896324794017,-0.51747,0.321887,0.8393569999999999,0.12128244871120059,0.014709432365385,2.0,133.68219442665355,0.602318709303655,1.9111822933339078,0.015907606076636518,1.8563527171065848,1.9536854733874132,0.09733275628082838,1.9112484951685755,3.6528708102841447,4.5,0.7101141805975228,0.8278312175576213,0.20203639429968262,0.13245318135295267,0.01271779532780741,0.9372697966290175,0.9245520013012102,0.24158342217986523,0.058362549872134996,4.5,81.79446504347968,0.7483215429657986,2.035749590070588,0.021779020077440203,1.9896423207601914,2.224098550599321,0.2344562298391295,2.035866085769911,4.1447507191880995,9.0,1.1894941611507108,0.907622323659221,0.19844558564655843,0.12471054221644395,0.0054866967293627595,0.6145380028964849,0.6090513061671221,0.23437868888302324,0.05493336980252501,0.5,113.86693603099827,0.7100251636369435,-0.0058714140008036785,0.7304096336783498,-0.4918799089039547,0.007742639136508744,1.062084880707766,0.0034291800696099883,0.010195359060528236,1.07670796912766,0.0032165875399550008,0.031391356117303426,1.2156387140589069,0.008907400829320001,-0.04303878853706504,0.6373205987555294,-0.008694808299665,chewing,chewing_01.csv,6160935.0,6162925.0
-0.14872068,0.03557235519525802,-0.268555,-0.039551,0.22900399999999999,0.15291577130498998,0.0233832331138,8.0,1.948159256075065,0.6375656758485946,1.8777539300000001,0.013356002608381757,1.836426,1.923828,0.0874020000000002,1.8778014283827031,3.52613820443612,0.5,0.6709985086827839,0.7988218839309746,-0.31688232499999996,0.031333379363378204,-0.396484,-0.180176,0.216308,0.3184276818364493,0.10139618855973499,2.0,6.4113172599315815,0.8183945815011039,0.038886210000000004,0.1354206758979806,-0.357593,0.271525,0.6291180000000001,0.14089321058457716,0.01985089678883,2.0,202.86559772695477,0.560401067025588,0.01938379,0.1605601797765744,-0.866802,0.324018,1.19082,0.16172601103301223,0.02615530264465,7.5,107.87079129282218,0.7217185127007683,0.01947443,0.06906889280287545,-0.175865,0.230757,0.406622,0.07176186575640296,0.00514976537684,2.5,31.043329224651227,0.625149230536233,-0.21680908000000002,0.02471870171153008,-0.313477,-0.122559,0.190918,0.21821363702745528,0.04761719138475,11.5,0.7001433461047968,0.8296315147895583,-1.9373461900000002,0.022427523179207726,-2.137695,-1.902344,0.23535099999999987,1.937476000807099,3.75381325370347,8.0,0.9985220653057884,0.9147376420816093,0.583330025,0.022933454199583085,0.512207,0.637695,0.12548800000000004,0.5837806620538445,0.34079986138802504,3.5,1.8369810222637961,0.801448290038333,-0.030547240000000003,0.13768780529223495,-0.25234,0.434867,0.687207,0.1410356890925485,0.019891065597810002,2.0,130.06147575533743,0.5900297394195937,0.04209177,0.15585846723292612,-0.344536,0.47377,0.818306,0.16144218441885008,0.02606357890993,4.0,67.54058174762467,0.7312154731905269,-0.024465265,0.12819345047850444,-0.51747,0.321887,0.8393569999999999,0.13050712600124562,0.017032109937105,2.0,147.19794659230584,0.6066560157707256,1.9106789797523311,0.014948660215739382,1.8532152706377638,1.9486409735777395,0.09542570293997565,1.9107374560911434,3.6509176261096545,4.5,0.6465091171735426,0.8155196694433421,0.1942375544674664,0.11587811374378691,0.01271779532780741,0.9372697966290175,0.9245520013012102,0.22617684410726047,0.051155964810320004,3.0,85.08634051100896,0.7410092095004749,2.0351233213079536,0.022435987714566414,1.9896423207601914,2.224098550599321,0.2344562298391295,2.035246989059619,4.142230306476245,8.0,1.1215967433374743,0.908242055090415,0.2200368532643882,0.12070848209778422,0.026142849768148846,0.6145380028964849,0.588395153128336,0.25097162079574853,0.062986754444845,6.0,60.25396602962367,0.7481722924657283,-0.007487327498827049,0.6662804600322567,-0.49131268036659037,-0.004830368353997333,0.9599831903272189,-0.011830789634524996,-0.0022671293942543858,0.9835342760425113,-4.016880898000119e-05,0.004701712543648345,1.030166551918041,9.172373471999853e-05,-0.05912455767562898,0.5387864399083085,-0.011882344560265,chewing,chewing_01.csv,6161435.0,6163425.0
-0.15080563,0.03490619080210701,-0.268555,-0.039551,0.22900399999999999,0.15479270071941378,0.02396078019601,8.0,2.0936525519752456,0.629362559552117,1.8805469099999998,0.01351153588611969,1.836426,1.923828,0.0874020000000002,1.8805954488705299,3.53663924231255,4.5,0.6250844226024568,0.7972625241449072,-0.310646965,0.03177669571185423,-0.396484,-0.180176,0.216308,0.31226798627793245,0.097511295254075,0.5,7.762704754233288,0.8001073709890095,0.042559395,0.13316048163854385,-0.357593,0.235286,0.5928789999999999,0.13979633748054704,0.019543015972975003,1.5,237.68864607976226,0.5504263211636435,0.024346650000000004,0.15872595685721191,-0.866802,0.298971,1.165773,0.1605823425737089,0.025786688746460004,7.5,102.9731735855419,0.6952550063593306,0.020423024999999997,0.05519645348284956,-0.175865,0.230757,0.406622,0.058853618641804856,0.003463748427235,5.5,17.9520839714312,0.7369324692485066,-0.21459959499999998,0.02477885474030176,-0.313477,-0.151855,0.16162200000000002,0.2160254101174327,0.046666977816405,10.0,0.9933296980054989,0.8412475744309929,-1.937165535,0.02833814266988531,-2.137695,-1.780273,0.3574219999999999,1.9373727984881524,3.7534133603218147,8.0,1.4145124057063445,0.8997874235638165,0.584345655,0.023639635577266734,0.512207,0.653809,0.141602,0.5848236288725046,0.342018676887605,3.5,2.0660059286544787,0.7592858985498235,-0.026546315,0.1450958863192054,-0.25234,0.434867,0.687207,0.14750431541766837,0.021757523066835,3.5,169.9888555633346,0.5473395479008593,0.05959969000000001,0.15488337931093155,-0.344536,0.584885,0.929421,0.16595476562867967,0.02754098423487,3.5,95.19215539155232,0.708435701092888,-0.026868734999999998,0.12445709710106843,-0.51747,0.292309,0.809779,0.12732438077338135,0.016211497939324998,3.5,100.90014944605342,0.6524207485084301,1.912560349097645,0.014974272006627692,1.8532152706377638,1.9486409735777395,0.09542570293997565,1.9126189682638397,3.6581113177626348,4.5,0.38275575030249664,0.7905355911106605,0.19198609337352707,0.10924647865190597,0.01271779532780741,0.9372697966290175,0.9245520013012102,0.22089240174046276,0.048793453146669996,6.5,41.13086922806859,0.7556860409748324,2.0350267080848248,0.027664280349685984,1.8783340977020035,2.224098550599321,0.3457644528973174,2.035214734377143,4.142099015025825,12.0,1.2722318918492534,0.8972155815087076,0.2223332882063953,0.12679871527883063,0.0525058796993251,0.666969860271062,0.6144639805717369,0.25594922395082587,0.06551000524103001,3.5,66.19369664915166,0.7133469450580736,-0.012690008343058286,0.5412854344066704,-0.48398769726319024,-0.017552236626924636,0.8615740184091989,-0.016716552094360015,-0.011935404680661593,0.9177412607384047,-0.002214507093859997,0.003842577546280368,1.0248094893291702,-0.001754295488409996,-0.06926064361821882,0.44349783795797476,-0.012747749512089998,chewing,chewing_01.csv,6161935.0,6163925.0
-0.14746824,0.03095678431382045,-0.268555,-0.050293,0.21826199999999998,0.1506824618319929,0.02270520430375,8.0,3.096010267177703,0.7085396387303478,1.8815478749999999,0.012481678857404364,1.841309,1.923828,0.08251900000000001,1.8815892745825575,3.540378198224115,10.5,0.2831812717711821,0.8338968627202971,-0.30850585,0.031348788559647726,-0.416992,-0.112793,0.304199,0.31009451144510763,0.09615860602838,2.0,5.9771640823118455,0.8469286567340514,0.060660165,0.12506206206882955,-0.317357,0.235286,0.552643,0.13899703229470406,0.019320174986735,2.0,211.24539380533835,0.5016162454561983,0.041853230000000005,0.16528320934207777,-0.866802,0.298971,1.165773,0.17049994765937615,0.029070232151850003,3.5,102.07392605645818,0.6775012603770304,0.02826501,0.04949254095830906,-0.175865,0.128168,0.304033,0.05699493311523402,0.0032484224008099997,3.5,11.969233876972607,0.7130466732307947,-0.20948486500000002,0.02452026871318451,-0.281738,-0.114258,0.16748,0.21091503559925498,0.044485152241834997,12.0,1.4313199343741072,0.8035070430694461,-1.9374340849999998,0.02243648137671713,-2.13623,-1.780273,0.35595699999999986,1.9375639936312696,3.754154229416355,8.5,0.47314353226612216,0.9094557076908635,0.58433347,0.02138170863633447,0.518555,0.653809,0.13525399999999999,0.5847245348251174,0.34190278162645,3.5,1.9554491094304935,0.7750348702816354,-0.037909605,0.14479065411351305,-0.25234,0.434867,0.687207,0.14967121189418825,0.022401471669875,3.5,176.49111038722637,0.502530566098624,0.05222801,0.15460521644262168,-0.344536,0.584885,0.929421,0.1631886576322938,0.02663053797983,3.5,92.86100103715391,0.7007216647320544,-0.026528995000000003,0.10488249608874196,-0.329081,0.292309,0.62139,0.10818560699795053,0.011704125561515002,3.5,55.93187439250661,0.6217109927092822,1.9128667984020533,0.01351370146642788,1.8532152706377638,1.9507792206341548,0.09756394999639095,1.9129145324755743,3.6592420085562454,8.5,0.1775414096468821,0.8526021200127005,0.19701089472226488,0.11324988697622465,0.02158827485001986,0.9372697966290175,0.9156815217789976,0.22724178651690582,0.051638829539395,3.5,42.70274300334446,0.7093976991012706,2.0347100381154486,0.02229852185395011,1.8783340977020035,2.217131946434853,0.33879784873284935,2.034832219934764,4.14054216328464,12.0,0.1307822397186179,0.8828883527269025,0.214126980070203,0.1220072605103274,0.0525058796993251,0.666969860271062,0.6144639805717369,0.2464470231332081,0.06073613521122,3.5,54.79309841217051,0.7057366125328284,-0.008784820387522234,0.6060357522771838,-0.4813001547283946,-0.008757373534102747,0.9282225213690338,-0.009097305671825005,-0.01972859204468347,0.8637440229449019,-0.0030812966831399967,0.01067799289945598,1.0690661877079606,0.0024396941720200016,-0.0553899551304329,0.4718856129857265,-0.008455703160705003,chewing,chewing_01.csv,6162435.0,6164425.0
-0.14042967999999997,0.027530481739838845,-0.213867,-0.050293,0.163574,0.1431028387200268,0.020478422449730003,0.5,5.010809490310387,0.7136734383489663,1.880571315,0.012162590525285927,1.841309,1.91748,0.07617099999999999,1.8806106453514282,3.5366963994091156,10.0,0.2641306642341844,0.8153725971339781,-0.308771985,0.03132679707622174,-0.416992,-0.112793,0.304199,0.31035706361527365,0.09632150693589502,2.0,6.249217721634746,0.8360062010939724,0.06297974,0.12006332004868266,-0.317357,0.235286,0.552643,0.1355789381562638,0.01838164847158,2.0,206.2285451907097,0.4665008450738697,0.04069413,0.14965928900450218,-0.604603,0.327216,0.931819,0.15509324615143627,0.024053915001789997,3.5,92.74563378781069,0.6327041129865035,0.026602320000000002,0.04406181179896714,-0.106851,0.128168,0.235019,0.05146966765377449,0.00264912668839,0.5,10.038343637517706,0.7138215766354281,-0.20276610500000003,0.025770474747547335,-0.262207,-0.114258,0.14794900000000002,0.20439718859511005,0.04177821070558499,0.5,2.3251303783282045,0.7993511279778144,-1.9390112449999999,0.024628714959676133,-2.13623,-1.780273,0.35595699999999986,1.9391676518127605,3.7603711818370154,8.5,0.6034299547941437,0.8972524995174983,0.5819189300000001,0.022547387695586823,0.502441,0.653809,0.15136799999999995,0.5823555836293148,0.33913802578423996,3.5,2.43157749054384,0.771656345971643,-0.042783205,0.14468555100604544,-0.292576,0.433002,0.7255780000000001,0.15087846532886992,0.022764311299995,3.5,185.8590226063589,0.5196304135474297,0.06117448,0.1612738061739711,-0.365853,0.609666,0.975519,0.17248639819159653,0.029751557561109997,3.5,83.12234376992758,0.6987443761024958,-0.03733006,0.11529546071487984,-0.329081,0.292309,0.62139,0.12118818688741902,0.01468657664106,3.5,56.3448007169827,0.65165243510867,1.911364259246725,0.013527648315904875,1.8532152706377638,1.9507792206341548,0.09756394999639095,1.911412129498696,3.6534963287947404,5.5,0.22849898220141796,0.8403073125489412,0.19159928705939314,0.09151176623851312,0.021078956378340934,0.658375725751641,0.6372967693733002,0.21233155715003835,0.045084690161760005,3.5,22.226116607577843,0.699942977178568,2.0348795602038523,0.0235073135729187,1.8783340977020035,2.217131946434853,0.33879784873284935,2.035015336140453,4.14128741832684,12.0,0.23562507724368342,0.8894984265520635,0.22519036747556506,0.12842018493361926,0.04518090991779604,0.6919712085253259,0.6467902986075299,0.25923434475810686,0.067202445502165,3.5,44.36629970442833,0.7356318300092071,-0.00997966525701382,0.5754655151871216,-0.4877910895320996,-0.03690841869510614,0.7125964371240845,-0.022117755340405,-0.02462223095736281,0.8298224612882457,-0.004382662828414999,-0.011614517169468902,0.9279826188454934,-0.005697642559319999,-0.07123364891591269,0.3821643239531337,-0.01203744995267,chewing,chewing_01.csv,6162935.0,6164925.0
-0.13639893,0.025796417682986527,-0.213867,-0.066895,0.146972,0.13881686954552752,0.019270123270420002,0.5,4.549041282170265,0.7116679948715997,1.88083745,0.012687403003274545,1.838867,1.91748,0.07861300000000004,1.880880241673422,3.53771048351747,5.5,0.3284479087007134,0.8095273014268263,-0.310668935,0.03384720283761681,-0.443848,-0.112793,0.331055,0.3125073124167897,0.097660820313965,2.0,6.047144005139966,0.8495060688718711,0.059073385,0.12488183281997736,-0.317357,0.235286,0.552643,0.13814896664048923,0.019085136983835002,2.0,223.21516991320297,0.47256094261193726,0.038635705,0.1607979358848178,-0.604603,0.327216,0.931819,0.16537440517100885,0.027348693885664997,3.5,103.20655908218413,0.6379998151876953,0.026330475,0.046196719313814645,-0.175332,0.128168,0.3035,0.053173591086976627,0.002827430789085,0.5,11.880423485053774,0.6908099610009991,-0.19360593999999998,0.02630484839770798,-0.260742,-0.114258,0.14648399999999998,0.19538476156678647,0.03817520505251,0.5,2.7908719548478866,0.8219997112305701,-1.9405346600000002,0.024740417023049553,-2.13623,-1.780273,0.35595699999999986,1.9406923648264784,3.7662868548957897,13.0,0.7814318149273068,0.8902267384877979,0.58006347,0.023535503505111167,0.502441,0.653809,0.15136799999999995,0.5805407385822979,0.33702754915368,5.5,3.072559308324893,0.7754957746503058,-0.030497945,0.15725634499819707,-0.292576,0.433002,0.7255780000000001,0.1601863998328666,0.025659682691415,2.0,238.5732264788199,0.5421312412236381,0.067682825,0.15943390181443334,-0.365853,0.609666,0.975519,0.17320546714164364,0.030000133847755,3.5,82.84248459988025,0.7095726068217543,-0.04249276999999999,0.11442710831440729,-0.329081,0.292309,0.62139,0.122062273530645,0.01489919861947,3.5,50.92215920414128,0.7024260138707528,1.9116580900497642,0.01430992135349142,1.850368389183624,1.9507792206341548,0.10041083145053076,1.9117116485238705,3.654641427101855,5.5,0.2572459644221481,0.8611044390084771,0.19778821900556307,0.10070293978426059,0.021078956378340934,0.658375725751641,0.6372967693733002,0.2219487816109496,0.049261261658585,5.5,21.036080025252556,0.6797220292658046,2.0349272273922185,0.023680969570497663,1.8783340977020035,2.217131946434853,0.33879784873284935,2.035065013482857,4.14148960910198,13.0,0.2801114439095991,0.8707624636432781,0.23174395383827218,0.12982201284083056,0.03431994271556991,0.6919712085253259,0.657651265809756,0.26562946967277556,0.07055901515863999,5.5,40.842574714006226,0.6950655591890146,-0.009371048217006236,0.6042793691741016,-0.48684818200012536,-0.029119073056569952,0.7757000340745629,-0.021297753500054993,-0.032374512178219586,0.7941290561052352,-0.006574545707579999,0.0013640340703844622,1.008555483211921,-0.0026514399620900034,-0.06823038900059267,0.40372181028014414,-0.012071767830385001,chewing,chewing_01.csv,6163435.0,6165425.0
-0.134277345,0.025549836143818516,-0.193359,-0.039551,0.153808,0.13668650082295986,0.018683199507225003,7.5,2.7016860866924395,0.7663469470578963,1.8797339250000002,0.012325579735224424,1.838867,1.91748,0.07861300000000004,1.8797743345177673,3.533551548711715,5.5,0.22997704195041194,0.842915167057333,-0.31086668,0.037067046706577525,-0.443848,-0.112305,0.33154300000000003,0.31306877628688873,0.09801205868577,2.0,5.210532626070933,0.8700988506325926,0.03887819000000001,0.1260756221286411,-0.317357,0.211305,0.528662,0.13193398407082232,0.0174065761528,2.0,213.60215252664239,0.5056092805435429,0.020633524999999996,0.16369496126484584,-0.604603,0.327216,0.931819,0.16499025031020773,0.027221782697425,3.5,67.1257301614273,0.680243826986149,0.012511724999999998,0.04387606553907694,-0.175332,0.117776,0.293108,0.045625128927653455,0.002081652389665,4.0,10.916261341238652,0.7481186536282235,-0.18805417499999996,0.023290214345178858,-0.248047,-0.114258,0.133789,0.18949091487238906,0.035906806819175,12.5,1.24471069225353,0.8263417731759106,-1.94164062,0.01671868678771154,-2.043457,-1.889648,0.15380900000000008,1.9417125976111629,3.77024781172189,13.0,0.5882101955101247,0.8551162477238204,0.5774340649999999,0.023118168309811553,0.502441,0.643066,0.140625,0.5778966595581125,0.333964549128425,2.0,2.779194461391445,0.7373895007384392,-0.019764835,0.15946240254153257,-0.292576,0.433002,0.7255780000000001,0.16068262671146188,0.025818906526895002,2.0,272.62250519167026,0.4781480360382187,0.06288915,0.1493142112166404,-0.365853,0.609666,0.975519,0.16201783500272432,0.02624977885897,3.5,59.261907824619634,0.7037694289447922,-0.041764005,0.10857487834879197,-0.325084,0.174799,0.49988299999999997,0.11633028978772038,0.013532736322095,3.5,52.012042778540405,0.654334595447128,1.9105069364800995,0.01449319033668425,1.850368389183624,1.9507792206341548,0.10041083145053076,1.9105619086815036,3.65024680690471,5.5,0.15522702288579407,0.8713339951778333,0.18758123811769756,0.10734658982064424,0.019553283713995458,0.658375725751641,0.6388224420376456,0.21612498985515302,0.04671001123989,5.5,24.57197088134572,0.7476262488586574,2.034663538468672,0.016231232104599338,1.9789285721652512,2.1277584861395806,0.14882991397432943,2.03472827858402,4.14011916766949,13.0,0.23812682786488604,0.8288443591550136,0.22545976218994007,0.12152908022862545,0.03431994271556991,0.6919712085253259,0.657651265809756,0.2561277449007819,0.06560142170796,3.5,45.383655399106,0.695029194919402,-0.0017380417679150884,0.8929199116422843,-0.48987236076478036,-0.014182490407981196,0.8832996153570774,-0.018891410468070004,-0.03338678041289139,0.7906291396544356,-0.008412330374095004,0.01438075004820541,1.0963119982420182,0.0009720038384549989,-0.06469881280971507,0.40410881602028614,-0.01145108393243,chewing,chewing_01.csv,6163935.0,6165925.0
-0.13611569499999998,0.025765034209602265,-0.193359,-0.039551,0.153808,0.13853273769457888,0.019191319413154998,9.0,2.5856442873564816,0.7671545126174264,1.8794824500000002,0.012127635363808563,1.837891,1.907715,0.06982400000000011,1.8795215772630864,3.53260135939752,7.0,0.28896927374731085,0.7901316569045458,-0.31128415,0.03374114083944851,-0.443848,-0.112305,0.33154300000000003,0.31310746817406,0.09803628662637,1.5,4.315499943477391,0.8684040323368908,0.03760186,0.11676262385352772,-0.255005,0.260867,0.515872,0.12266788579175888,0.01504741020462,1.5,193.21585547529895,0.47750175510944765,0.009360835000000001,0.15829435009063897,-0.604603,0.327216,0.931819,0.1585708879413715,0.025144726502514998,1.5,121.65847604175639,0.7294990863681584,0.009454065000000001,0.0415248352238847,-0.175332,0.096193,0.271525,0.04258745455407026,0.0018136912853949998,1.5,10.966372959948632,0.7371091715457169,-0.18560786499999998,0.020301949454098613,-0.246582,-0.122559,0.124023,0.18671488612720466,0.034862448701495,12.5,0.4460004564229469,0.8189540316718172,-1.9414672849999999,0.017917397655736036,-2.043457,-1.816406,0.2270510000000001,1.9415499612072888,3.769616251864025,10.5,0.5126136421303827,0.8876489290162011,0.573698695,0.02287524504878527,0.502441,0.643066,0.140625,0.5741545693284562,0.329653469480745,2.0,3.300231176011813,0.7646610076143043,-0.01597174,0.14686836169506487,-0.292576,0.433002,0.7255780000000001,0.14773426192193875,0.02182541214562,1.5,236.64285558122785,0.5403757604583598,0.050621215,0.14088056384029266,-0.365853,0.609666,0.975519,0.14969916725230972,0.022409840676035003,13.0,80.6325327275911,0.7298459958839129,-0.03851584499999999,0.11200956706197455,-0.375712,0.174799,0.550511,0.11844666913626149,0.014029613429475,1.5,75.99504797537648,0.6999389149624577,1.9103986368771972,0.014353175773695404,1.850368389183624,1.9407300682907966,0.09036167910717263,1.9104525551389766,3.649828965437045,7.0,0.17796730075882902,0.8221385309455531,0.17721792952204815,0.10295452126278075,0.019553283713995458,0.6493665581611052,0.6298132744471098,0.20495323367180623,0.042005827992530005,4.0,32.29337170859148,0.765738034480785,2.0331822536779955,0.01738083355688354,1.92015073841769,2.1277584861395806,0.20760774772189072,2.033256543096878,4.134132170046265,12.5,0.3628449975088839,0.8605504917091823,0.20674260869782973,0.12458876353807376,0.029133342015635628,0.6919712085253259,0.6628378665096902,0.2413811638283526,0.05826486625113,3.5,64.5576000608386,0.7482126431748201,-0.0030276577831881354,0.8258047996789512,-0.4843032046092204,-0.021634242275292995,0.8263547878562767,-0.016259038258599992,-0.030105737841537195,0.7950154989537899,-0.006778001941000001,0.017413786250346314,1.1236067330770143,0.002734885826479995,-0.0704847318380899,0.37072578988640414,-0.01221592214408,chewing,chewing_01.csv,6164435.0,6166425.0
-0.140427195,0.02325792092055898,-0.193359,-0.039551,0.153808,0.1423401839998635,0.020260727981115,9.0,1.6971480189826247,0.7614628624819959,1.87934817,0.011658940623019748,1.837891,1.907715,0.06982400000000011,1.8793843340250551,3.5320854749787998,5.0,0.3830105194108146,0.7601750482077132,-0.31215574999999995,0.03069649662726188,-0.443848,-0.112305,0.33154300000000003,0.3136614212223907,0.09838348716325002,1.5,4.003070553524805,0.8650309059833804,0.04489491,0.10889280808883522,-0.255005,0.260867,0.515872,0.117784534627344,0.01387319659738,1.5,166.93766530213,0.41769198690449316,0.016503374999999997,0.142124258647862,-0.604603,0.337341,0.941944,0.1430792307869839,0.020471666282595002,1.5,143.0172796761584,0.6889617773371611,0.01354558,0.042201131409401814,-0.175332,0.098058,0.27339,0.04432175797246766,0.0019644182297700002,1.5,11.38347271265676,0.7023879700805364,-0.18306149499999996,0.018694327108777546,-0.227051,-0.119141,0.10791,0.1840135560704292,0.033860988817685,12.5,0.6953729831589284,0.807824732506099,-1.940717765,0.01660977383861006,-2.026367,-1.816406,0.20996100000000006,1.9407888416758698,3.7666613279735643,14.0,0.2704809995519531,0.8940331573352782,0.573486305,0.022721862883618833,0.509766,0.643066,0.13329999999999997,0.5739362552369862,0.32940282507545504,1.5,4.1456253992054535,0.7449135169021188,-0.027367005,0.1417653203177878,-0.26593,0.421544,0.6874739999999999,0.1443826825054688,0.020846359007475,1.5,250.6389777206092,0.4998086164721158,0.041472215,0.12872539267634328,-0.250208,0.531326,0.781534,0.13524115992065802,0.018290171336685,5.0,71.95253250212855,0.7241426975642762,-0.021716694999999998,0.10254415355066311,-0.375712,0.191054,0.566766,0.10481850155933828,0.010986918269145001,1.5,90.11921257264312,0.6460371137055889,1.9106420259044643,0.013294320999919614,1.850368389183624,1.9407300682907966,0.09036167910717263,1.9106882765441267,3.650729690123165,5.0,0.15752797229618687,0.8045649504887411,0.16495257713998107,0.09539354487921911,0.019553283713995458,0.6493665581611052,0.6298132744471098,0.19054994387232183,0.036309281109745,4.0,38.49540025958663,0.772339781686305,2.0321602834997328,0.015802659048090986,1.92015073841769,2.096406095993331,0.17625535757564115,2.0322217255670467,4.129925141866705,12.5,0.21629078058620965,0.8662650331501839,0.1928520862245765,0.11371684770575348,0.029133342015635628,0.5858139424433324,0.5566806004276967,0.2238826670676071,0.050123448613305,5.0,71.39039854152414,0.7194139757298919,-0.002508338048171365,0.8412711404746545,-0.47919545174354017,-0.01832330282653437,0.8388690576971797,-0.013814167503560001,-0.032872512228952586,0.7681202133549727,-0.006973162410095001,0.013398865971518709,1.104088755861928,0.002181494945910002,-0.06034302214126129,0.4115410771668408,-0.009022500039375,chewing,chewing_01.csv,6164935.0,6166925.0
-0.14721184999999998,0.026924184057971007,-0.225586,0.012207,0.237793,0.14965373522772493,0.02239624046761,1.5,3.7475523601908765,0.8163349833773867,1.879101575,0.01180690433155004,1.836426,1.90332,0.06689400000000001,1.8791386676233808,3.531162132157375,1.5,0.586395198829025,0.8129342186653933,-0.31090579500000004,0.02557031980388542,-0.407715,-0.112305,0.29541,0.3119555330803655,0.09731625461945502,1.5,3.5213739390836234,0.8574431572002127,0.04340009,0.09965857706480612,-0.24328,0.260867,0.504147,0.10869866510031298,0.011815399794589999,1.5,135.72749489039464,0.4723551851802819,0.0111075,0.13072182674920818,-0.529461,0.337341,0.866802,0.13119288298112822,0.0172115725449,1.5,126.67494850881924,0.6941600530630501,0.0047870049999999996,0.048987856570735726,-0.182793,0.098058,0.280851,0.049221189626673996,0.002422725508265,0.5,22.09728989127995,0.6753270432500146,-0.185910625,0.01884019908160142,-0.236328,-0.119141,0.11718700000000001,0.18686282024342082,0.034917713589325,11.5,0.7006868945996199,0.7947542472655518,-1.941533205,0.015781212196563837,-2.026367,-1.816406,0.20996100000000006,1.9415973405358706,3.769800232775965,11.5,0.30668383997476223,0.8910713961900759,0.5692065149999999,0.02158230418745355,0.509766,0.622559,0.11279299999999992,0.5696155304874376,0.324461852572485,1.5,4.46128533587103,0.7353487280184848,-0.028119775,0.12977254415535813,-0.253139,0.392766,0.645905,0.13278416683703295,0.017631634962605,2.5,226.7225828411748,0.4681725125197024,0.03187289,0.1184240963956994,-0.302701,0.531326,0.834027,0.12263828001113682,0.01504014772409,2.5,58.2654490335862,0.7452578506341638,-0.016411439999999996,0.09442063520071446,-0.375712,0.191054,0.566766,0.09583627556713585,0.00918459171458,3.0,71.13817325650314,0.6481917119148866,1.9106833664343554,0.01279454866415169,1.851488425284371,1.9396347708084118,0.08814634552404077,1.9107262041549646,3.65087462724444,7.5,0.3771273348242153,0.8489790291503441,0.15716371823519346,0.08215390141827544,0.019553283713995458,0.5906085400686312,0.5710552563546357,0.17734062661374297,0.031449697847755004,2.5,27.452065910076758,0.783989533977694,2.0319827123015033,0.0150351536607527,1.92015073841769,2.096406095993331,0.17625535757564115,2.032038335991173,4.129179798937775,11.5,0.25319234890218667,0.8664449335420412,0.17808325759136076,0.10071111044430028,0.016072313243587558,0.5858139424433324,0.5697416291997448,0.2045883046541884,0.04185637440127501,4.5,41.17636285162457,0.736580556220724,-0.0022406049966010137,0.8509755838113036,-0.4783051716933353,-0.018557209026024868,0.8157382145410044,-0.010406676553520004,-0.03011396709055203,0.7679480872741397,-0.005816235168015001,0.012297730353508729,1.103844831649949,0.0021714248208100015,-0.04543277862997875,0.518825746793589,-0.006761866206315,chewing,chewing_01.csv,6165435.0,6167425.0
-0.152441325,0.026441909358807185,-0.225586,0.012207,0.237793,0.15471758832884838,0.023937532138295,0.5,4.817141787583492,0.8064611158176604,1.8773803850000002,0.011231171758849346,1.836426,1.904785,0.06835900000000006,1.8774139791750313,3.524683249201825,1.5,0.5651129219369225,0.8162349344646097,-0.31526371,0.019503063209811426,-0.374023,-0.272461,0.10156199999999999,0.31586638997767713,0.09977157631753002,1.5,3.50325963209666,0.7740359340923089,0.05295676500000001,0.08950655642308988,-0.163341,0.260867,0.42420800000000003,0.103999243276021,0.010815842601985,1.5,112.80532061847151,0.5195060509098007,0.012808855000000001,0.12173633373124054,-0.286714,0.337341,0.624055,0.12240834006200313,0.014983801716735001,1.5,133.59428662321562,0.666032253492376,0.004467254999999999,0.05310566178968091,-0.187323,0.098058,0.285381,0.05329322359695462,0.0028401676813550004,4.5,17.70022718988954,0.6616570606436019,-0.18954100500000004,0.020475045533159993,-0.248535,-0.119141,0.129394,0.19064369925595495,0.036345020065995,0.5,1.714857582363523,0.7853859398811978,-1.9431738250000001,0.018556282369439604,-2.088867,-1.816406,0.27246100000000006,1.9432624243216625,3.776268849780505,30.5,0.4889351134176752,0.9276002391089266,0.5636523200000001,0.019669225344115616,0.493164,0.614746,0.12158200000000002,0.5639954044733166,0.31809081626702,2.5,3.6533380484347546,0.7702460825391324,-0.0321207,0.10668357015538991,-0.235286,0.392766,0.628052,0.11141419797130885,0.01241312350959,1.5,155.35264190905,0.5242375230686136,0.038792925000000006,0.11121060532161209,-0.302701,0.531326,0.834027,0.1177823830887073,0.013872689766055001,2.5,68.80646929644385,0.7168493039732913,-0.013573599999999998,0.09434942688087723,-0.375712,0.191054,0.566766,0.09532081079024662,0.009086056969709998,2.5,88.12341681594236,0.6250454541287326,1.910042264596757,0.01144137717857549,1.8618907649556136,1.9382077776146704,0.07631701265905688,1.910076531884953,3.64839235765765,7.5,0.3485604309450743,0.8367112045397619,0.15289873883790436,0.07253818071783517,0.020016186350051802,0.3713819347504668,0.351365748400415,0.1692330109643949,0.028639812000075003,2.5,24.089500482222647,0.7342446040795823,2.0323365959853135,0.01768181926017139,1.92015073841769,2.172092519971007,0.2519417815533169,2.0324135125789535,4.13070468611352,14.5,0.4600412097167197,0.9183990090989881,0.16180472442254237,0.09587023208431342,0.016072313243587558,0.5858139424433324,0.5697416291997448,0.18807410838644165,0.035371870245355,7.0,45.08679842274479,0.7113445524913542,-0.006240442081595899,0.6470701351612271,-0.48231232845587035,-0.023332051366478257,0.7566288214890436,-0.006732058245279997,-0.01717701373229996,0.8389910113874067,-0.001597280907605001,0.010525728409628454,1.0946468044049298,0.0011111119506799997,-0.04124376509119632,0.562861519622483,-0.006245889288354998,chewing,chewing_01.csv,6165935.0,6167925.0
-0.16385735500000004,0.029463911439063465,-0.243652,0.012207,0.255859,0.16648529924556404,0.027717354864885003,0.5,7.982587972604789,0.7280690856789581,1.8778515699999998,0.010558638847649822,1.836426,1.904785,0.06835900000000006,1.8778812539151084,3.52643800380578,1.0,0.5262506539154201,0.8266580313698157,-0.31046146,0.0194940290409243,-0.366211,-0.26123,0.10498099999999999,0.31107287781736936,0.09676633531358,1.0,3.6788719786531736,0.6995372094375799,0.046964025000000006,0.0973223629417945,-0.255271,0.197449,0.45272,0.10806138057962707,0.011677261972775,1.0,138.41057756442984,0.5161758658099453,0.010300115,0.1198173571323528,-0.398628,0.337341,0.735969,0.12025926758131783,0.014462291439195,2.0,128.4900338971241,0.6530411916500505,0.006793494999999999,0.05414669232640139,-0.187323,0.151884,0.339207,0.05457119995203514,0.002978015864205,0.5,21.71324281250719,0.698961203878088,-0.19246336499999997,0.023908965457580447,-0.324707,-0.119141,0.20556600000000003,0.1939427376737139,0.037613785496375,0.5,2.426908615236072,0.7968047630102065,-1.943359385,0.01791040581608287,-2.088867,-1.888184,0.20068299999999994,1.9434419162671352,3.7769664819040747,12.0,0.41224494180267474,0.9074217568918996,0.56464842,0.021152343906375954,0.493164,0.615234,0.12206999999999996,0.5650444760027568,0.31927525986123,1.0,4.8379841793153044,0.7205508043892261,-0.031746334999999994,0.11257624042844376,-0.235286,0.392766,0.628052,0.11696683160167672,0.013681239694935,3.0,162.08516079306156,0.6067777323991882,0.03980416,0.11475966502863451,-0.302701,0.531326,0.834027,0.12146666979377513,0.014754151870790003,2.5,70.71172251736405,0.7244800017695109,-0.014033224999999998,0.07930116329439547,-0.245678,0.191054,0.436732,0.0805332596120696,0.006485605903745,2.5,50.87272888780171,0.6570512975964892,1.9107070730496998,0.01096243504407497,1.864674401885219,1.9420577124045515,0.07738331051933245,1.9107385205684857,3.650921693984245,5.5,0.4022107983464162,0.860939550163167,0.15565254157292518,0.06992750230105314,0.020875842450066538,0.41682953207876233,0.3959536896286958,0.17063870978232049,0.029117569276174995,5.5,25.830005967815904,0.7621491075049627,2.0331157887147446,0.01719642231690611,1.9832388414179971,2.172092519971007,0.18885367855300972,2.0331885124753386,4.13385552726168,12.0,0.47113728688636713,0.9007939419661748,0.1637750977738479,0.08999285982030214,0.016072313243587558,0.5858139424433324,0.5697416291997448,0.18687160691092158,0.03492099746947,4.5,31.845467875598594,0.7827461635843778,-0.006233987272831136,0.6374834742978839,-0.4829338332774351,-0.02006535751924904,0.7770338940298646,-0.005803428193295004,-0.015253877486649275,0.8645018040343512,-0.002003977722159999,0.005057692103718314,1.044072036132698,-0.0002918604315950025,-0.025154470967994093,0.6827982097234649,-0.00350759003954,chewing,chewing_01.csv,6166435.0,6168425.0
-0.171596625,0.026197490373208936,-0.243652,0.012207,0.255859,0.1735848789879032,0.030131710213245,8.5,3.956048927969996,0.8189516861627545,1.87715089,0.010416876563437812,1.836426,1.904785,0.06835900000000006,1.877179792972727,3.52380397514513,1.0,0.48235699132446525,0.818866691626108,-0.310703145,0.019645094423137166,-0.366211,-0.26123,0.10498099999999999,0.3113235841496513,0.09692237404778499,1.0,3.62467271088874,0.7120401917027382,0.039876135,0.09953683935687718,-0.255271,0.286447,0.541718,0.1072272751294884,0.011497688531695001,1.0,150.15012875807895,0.42412260731316664,-0.0067255050000000005,0.1262385631739762,-0.398628,0.265663,0.664291,0.12641759074486034,0.015981407249735,1.0,163.68874125450787,0.5854162412735684,0.005501154999999999,0.057096844644437005,-0.187323,0.151884,0.339207,0.057361244535705465,0.003290312374685,1.0,27.226384835134535,0.6624258468638677,-0.19474852499999998,0.02201205181825118,-0.324707,-0.149414,0.17529300000000003,0.19598856705156298,0.038411518414924996,11.0,1.6260476233307795,0.8111578087740947,-1.944479985,0.015921254324166013,-2.088867,-1.888184,0.20068299999999994,1.9445451649177128,3.781255898404855,12.0,0.28039725251422976,0.8803255500611454,0.55957761,0.018506463249035456,0.493164,0.615234,0.12206999999999996,0.5598835511026378,0.3134695907953,1.0,2.8830251853878304,0.7643899515498056,-0.021086499999999998,0.09282279280505408,-0.192119,0.298438,0.490557,0.09518776889065107,0.00906071134638,1.0,114.4900806109469,0.5653549534336786,0.031526515000000005,0.09479859763377185,-0.302701,0.407688,0.7103889999999999,0.09990342967773928,0.009980695261375,2.0,69.05722281339554,0.6726899072946871,-0.023183565000000003,0.07685196884410819,-0.202245,0.126836,0.329081,0.0802726778008869,0.006443702801324999,2.0,68.02263961302532,0.5729572742739655,1.9106914034250695,0.010789823154173865,1.864674401885219,1.9420577124045515,0.07738331051933245,1.9107218686680068,3.65085805940616,8.5,0.35351372147445004,0.8499810298741048,0.15987282105053885,0.07218094793958703,0.020875842450066538,0.41682953207876233,0.3959536896286958,0.17541210949109243,0.030769408156115,2.0,22.829239607232214,0.742155642708656,2.032949497062743,0.015916972307004104,1.999959891249072,2.172092519971007,0.1721326287219349,2.033011807052551,4.13313700761508,12.0,0.34566481096553087,0.8760157530571591,0.14338716926526301,0.07017997648314521,0.016072313243587558,0.44041875991151874,0.4243464466679312,0.15964056316951528,0.025485109409079998,4.5,16.006368852758527,0.695770059503902,-0.0051271491528302356,0.677881631384501,-0.4822789482089198,0.002000971456441833,1.0285119995291305,0.005284298747035003,0.0067140465518230885,1.072331873981899,0.002436977185315001,0.03143996554020437,1.3316501121848234,0.00600071198836,-0.019755124199671188,0.742945763175647,-0.003153390426639999,chewing,chewing_01.csv,6166935.0,6168925.0
-0.17595697999999999,0.022844693310473656,-0.243652,-0.092285,0.151367,0.17743375897266564,0.03148273882317,2.5,2.9815576097174263,0.7404188585923708,1.87557617,0.009043589398634816,1.848145,1.904785,0.056640000000000024,1.8755979729091945,3.51786775598108,10.5,0.24512644990929333,0.8426187211675834,-0.31177732,0.020232920410993567,-0.366211,-0.26123,0.10498099999999999,0.3124331421836358,0.09761446833474001,1.0,3.795680506738964,0.7755381246235018,0.055344275000000005,0.09613713999672227,-0.255271,0.286447,0.541718,0.11092943009871185,0.012305338462024999,1.0,135.06326571807406,0.483407927980066,0.018672359999999995,0.12852964829283708,-0.398628,0.355194,0.753822,0.1298788955845021,0.01686852751825,1.0,168.56214286998278,0.6068817693709879,0.01473541,0.05081511889548129,-0.187323,0.151884,0.339207,0.05290849285540083,0.00279930861623,2.5,21.9056765501478,0.6891898524788082,-0.19318113,0.021988546191212825,-0.324707,-0.131348,0.19335900000000003,0.1944285091021376,0.037802445151680006,0.5,2.2191870054775134,0.8390511980843097,-1.943601075,0.015575026922268063,-2.088867,-1.888184,0.20068299999999994,1.9436634791559946,3.7778277202047854,12.0,0.3788137097598017,0.9025778435282532,0.56034911,0.017760612411116344,0.493164,0.615234,0.12206999999999996,0.5606305061544635,0.31430656443101,1.0,2.346256045338444,0.797781081525843,-0.028812575000000003,0.09218805167620354,-0.188655,0.294175,0.48283,0.09658572021776822,0.009328801349985,1.0,88.56050940133828,0.5591183002379218,0.03433103,0.10426049721188319,-0.271525,0.503614,0.775139,0.10976734896921762,0.01204887089973,0.5,90.4530878235848,0.7084179255044017,-0.013317760000000001,0.07857928081709833,-0.224095,0.166806,0.390901,0.07969985009490294,0.00635206610515,2.0,68.50110273854958,0.6444262073396189,1.9096783371869264,0.00967530970904469,1.8781727657374865,1.9420577124045515,0.06388494666706501,1.9097028468164858,3.64696496313899,8.5,0.2346541691444787,0.8435865213308339,0.16216891309406806,0.07532873437403291,0.03310961657887328,0.41682953207876233,0.38371991549988904,0.17881044319755207,0.031973174596505,5.5,27.751774756561613,0.6940645770626526,2.0321670994601253,0.015284294530531728,1.999959891249072,2.172092519971007,0.1721326287219349,2.0322245766124065,4.129936729787475,12.0,0.3404420880246964,0.8941262619572449,0.14702996098184143,0.07817882659993809,0.02228236455136663,0.5528682374463195,0.5305858728949528,0.16652248603376363,0.027729738354865,4.5,18.093340539538765,0.6777238509325856,-0.0056089848214870425,0.633022982494704,-0.48297176664848473,-0.0028500922259052236,0.9635439370241523,0.004243436241639999,0.003949088320518698,1.0428373118719254,0.0029765371120399984,0.02426915108095394,1.2327741736319655,0.004819656618519999,-0.027764161921617035,0.6466732498323434,-0.0035527574889199997,chewing,chewing_01.csv,6167435.0,6169425.0
-0.18103269,0.02433036647759133,-0.243652,-0.095703,0.147949,0.1826603448523242,0.03336480158157,8.0,3.01764300754024,0.67900768021903,1.876459955,0.009249822336292464,1.848145,1.904297,0.05615199999999998,1.8764827529001846,3.5211875219318554,4.5,0.24939719592007564,0.8198438946998907,-0.3077246,0.01970276018252265,-0.354492,-0.26123,0.09326199999999996,0.30835471166169975,0.09508262820397001,1.5,3.6047323181845057,0.7660664956748694,0.041862605,0.10396301945754065,-0.255271,0.286447,0.541718,0.11207491740846834,0.012560787112115,1.5,131.69820624209325,0.5712511734441487,0.012165349999999998,0.13647160018611015,-0.398628,0.355194,0.753822,0.13701274903446028,0.018772493397979997,2.5,194.3498766555788,0.5515254389317542,0.015446840000000002,0.04883082981810159,-0.108983,0.151884,0.26086699999999996,0.05121576716900763,0.00262305480671,2.5,22.87903923860453,0.6889300525455734,-0.19103757500000002,0.021973743895030155,-0.324707,-0.131348,0.19335900000000003,0.1922971671206963,0.036978200482645,0.5,1.7806731568824394,0.8540146867743501,-1.9426196349999998,0.012687314849162327,-1.98877,-1.888184,0.10058599999999984,1.942661065200416,3.7739320142456148,12.0,0.2120126005428879,0.8501702733325256,0.56259031,0.019412522518052616,0.513672,0.615234,0.10156199999999993,0.5629251308445999,0.31688470293640997,2.5,3.1496342517443656,0.7412833208431229,-0.01797421,0.11257695214556974,-0.206242,0.38264,0.588882,0.11400281741917609,0.012996642379509999,2.5,145.20219952625897,0.5803846387605728,0.035364900000000005,0.10866040562196516,-0.271525,0.503614,0.775139,0.11427055570854637,0.01305775990194,2.5,110.4242621876147,0.6632420674816587,-0.022286900000000002,0.08545246921991195,-0.354928,0.166806,0.521734,0.08831098690078149,0.00779883040739,2.5,94.67272678807058,0.5461076446638811,1.910372640691071,0.010551086030320412,1.8781727657374865,1.9420577124045515,0.06388494666706501,1.910401777563399,3.649634951717395,4.5,0.3261057790874251,0.839223148898005,0.1672366934120364,0.0773836138559937,0.017011927609768388,0.41682953207876233,0.39981760446899395,0.1842724486102168,0.033956335316804996,5.5,21.444056492779236,0.7223755344269289,2.031655769623323,0.013028868751086418,1.9991846025882651,2.0779421516312717,0.07875754904300658,2.0316975458135174,4.12779491766467,13.0,0.14587569613231682,0.8173414966909014,0.1609442335309923,0.0891638176726491,0.011874637636576538,0.5528682374463195,0.5409935998097429,0.18399247997904697,0.03385323268884,4.5,47.246377125459716,0.6961761165222544,-0.002477782720766007,0.8098236486909582,-0.4781599659472753,-0.011780203816655413,0.8678813433055932,0.00010310262796499325,-0.00861393268802911,0.9234840478103307,-0.0004358552673949991,0.027811194564144937,1.2559459851539798,0.005714733496039997,-0.036621639401810374,0.5714384881311672,-0.005175775600679999,chewing,chewing_01.csv,6167935.0,6169925.0
-0.18076413500000002,0.023329642514122992,-0.240723,-0.095703,0.14501999999999998,0.18226339380724535,0.033219944722135006,8.0,1.9720746107765532,0.6647117913632808,1.87386475,0.008955269943865455,1.846191,1.895508,0.049317000000000055,1.8738861486633414,3.51144929815233,10.5,0.23860840231392272,0.8471468156269848,-0.31314209499999995,0.02096728301487761,-0.364746,-0.250488,0.11425800000000003,0.3138432707865743,0.09849759861801502,1.5,3.9299821609824197,0.7592361895612048,0.048263034999999996,0.09818214890332039,-0.177997,0.286447,0.46444399999999997,0.1094031759625149,0.011969054910685,1.5,112.70431571578266,0.5600623347301562,0.017005634999999998,0.1388127795303508,-0.340539,0.355194,0.6957329999999999,0.1398505608951748,0.019558179382695,2.5,215.12550017398993,0.5910139195554199,0.009392795,0.05221313272571351,-0.13483,0.104187,0.239017,0.053051256600998624,0.002814435826945,2.5,18.332399566256512,0.6790402457308025,-0.19063963,0.018994390061096985,-0.246582,-0.131348,0.115234,0.19158354673700453,0.03670425538033,0.5,1.4215688718692945,0.7997746615040046,-1.943596185,0.014845359687820806,-2.095215,-1.914063,0.18115199999999998,1.9436528792587464,3.7777865150508148,12.5,0.2556954909773467,0.9209580480328514,0.559890105,0.017256193905203283,0.51709,0.615234,0.0981439999999999,0.5601559656961667,0.313774705905005,2.5,2.2370465666246924,0.7800003074346036,-0.018952089999999998,0.10440160409874889,-0.206242,0.38264,0.588882,0.10610785387406532,0.011258876653759999,1.5,109.48777379118688,0.5772839545285555,0.047853994999999996,0.1082399531930561,-0.271525,0.503614,0.775139,0.11834649257453725,0.014005892304695,2.5,112.44811002610587,0.6529713893395334,-0.02149417,0.10082728007781971,-0.354928,0.19132,0.5462480000000001,0.1030928695491594,0.01062813975188,2.5,158.99786734980538,0.4900486311293299,1.9086825455043317,0.009888477111541807,1.8694043086034118,1.9376937233631635,0.0682894147597517,1.9087081603777147,3.6431668414924796,2.5,0.2960114081819468,0.8656819724373873,0.16785798589627945,0.07851984902665977,0.017011927609768388,0.3871635589192247,0.37015163130945633,0.18531505637784804,0.034341670120325,2.5,27.80413945084133,0.7100415121408691,2.031760050451348,0.014716444070669405,1.9991846025882651,2.1715443926443223,0.17235979005605717,2.0318133468249857,4.12826547633615,12.5,0.18547642299186995,0.9013374298603323,0.16455835727954737,0.09388000724218036,0.011874637636576538,0.5528682374463195,0.5409935998097429,0.1894542390930723,0.035892908710335,5.0,56.38084527575242,0.7148160809836772,-0.004827966959127598,0.6719338628310372,-0.48509863484367033,-0.015360158215520614,0.8363852041905332,-0.0015512385900100026,-0.006219455195428547,0.9404275896992365,0.0007101782569250009,0.030572826337294676,1.282454171822905,0.005552287077999998,-0.04861414735210622,0.5178472798771798,-0.007813703924934998,chewing,chewing_01.csv,6168435.0,6170425.0
-0.18599851999999997,0.023975648623960105,-0.240723,-0.095703,0.14501999999999998,0.18753741271844931,0.03517028116913,6.5,1.9622545538785083,0.7117878903370456,1.873750005,0.01031818856849278,1.841797,1.895996,0.05419900000000011,1.873778414395052,3.511045546252835,2.5,0.6673429576367339,0.7928608917648767,-0.312841785,0.021503750917427754,-0.364746,-0.250488,0.11425800000000003,0.31357996387764475,0.098332393745505,1.5,4.013420687739121,0.7432319459634696,0.06296109999999999,0.10526096136127581,-0.177997,0.304567,0.482564,0.122653862963667,0.01504397009991,1.5,149.59807186147037,0.5299655928257486,0.037390025,0.13702997148359322,-0.279786,0.375979,0.6557649999999999,0.14203952638014178,0.020175227054294996,1.0,190.68550594895893,0.6414911956741893,0.014768684999999998,0.055697704466663396,-0.13483,0.173201,0.308031,0.05762246384427691,0.003320348339485,4.0,18.426705041420266,0.6940493717989522,-0.191237775,0.02080240931056725,-0.246582,-0.131348,0.115234,0.19236586708684833,0.037004626820075,11.5,1.3010974752411824,0.8047177011581375,-1.9411303550000003,0.021755417765903163,-2.095215,-1.751465,0.34375,1.941252264211067,3.7684603533045946,11.5,0.8053993809358039,0.9118277485503478,0.56460201,0.01878645954324284,0.520996,0.615234,0.09423799999999993,0.564914472073614,0.31912836075821,2.5,3.2090142102045633,0.699687927314313,-0.023604535000000003,0.1150534093492182,-0.206242,0.38264,0.588882,0.11744982365012303,0.013794461075444998,1.5,146.60172137892724,0.5341963030347878,0.050751785,0.12988341364850547,-0.271525,0.620591,0.892116,0.13944692474800224,0.019445444821674998,5.5,123.25172026393203,0.6708466289777473,-0.012227945,0.10962025538677592,-0.354928,0.278453,0.633381,0.1103001497278449,0.012166123029985002,3.0,161.40284008927893,0.5878162293484552,1.9090379066100456,0.01106762365662914,1.8694043086034118,1.9376937233631635,0.0682894147597517,1.9090699885461166,3.64454822116747,2.5,0.6308869751969761,0.815877432219397,0.17378306967010024,0.09131807153968534,0.017011927609768388,0.48541382738648886,0.4684018997767205,0.19631491408879256,0.03853954549369,5.5,51.652790617112444,0.6814267287021086,2.0308018167712736,0.020912242380336368,1.8578320777287705,2.1715443926443223,0.31371231491555185,2.0309094861374004,4.124593340882879,11.5,0.8680714017140663,0.9022965647818536,0.18317458116315893,0.108871951129785,0.011874637636576538,0.7101969551934167,0.6983223175568402,0.213086904635421,0.045406028927105,5.5,59.83403629272654,0.7256752901221937,-0.00984461872370723,0.529241362802678,-0.4800451197154092,-0.017553879590099672,0.838765821610252,-0.006866483433414998,-0.009792447987942418,0.9148878069469485,0.0012495090244650023,0.007146557835087747,1.0550228673110484,0.0007297822326199979,-0.05392255092011252,0.5080968318322538,-0.008845774690500002,chewing,chewing_01.csv,6168935.0,6170925.0
-0.18589598000000002,0.023612841066030153,-0.240723,-0.119629,0.121094,0.1873896519111181,0.035114881643370004,8.5,1.7116465829122305,0.7098509529965825,1.8730566349999997,0.011399859647020874,1.841797,1.90332,0.061522999999999994,1.8730913257813926,3.5084711147174947,2.5,0.9918720782066678,0.7850740704469886,-0.31636964,0.023473107353957207,-0.397461,-0.250488,0.14697300000000002,0.3172392407672481,0.10064073588258,1.0,5.481466939458111,0.761680457728099,0.03611233,0.11226527653121912,-0.177997,0.304567,0.482564,0.11793045701878714,0.01390759269266,1.0,175.20334203023313,0.5173822422268172,0.008488184999999999,0.14200382139280893,-0.403158,0.375979,0.779137,0.1422572830288664,0.020237134574755,1.0,165.0930794068238,0.655292352675441,0.014929895,0.058729281210772324,-0.13483,0.173201,0.308031,0.06059727911585635,0.003672030236245,4.5,15.525466882021206,0.6316275121705527,-0.19531494000000002,0.020159999083740058,-0.246582,-0.131836,0.11474599999999999,0.19635261992206776,0.03855435135026,6.5,0.8902918134415503,0.8146417942875024,-1.9415893499999999,0.022176750275851958,-2.095215,-1.751465,0.34375,1.94171599681473,3.77026101228622,11.5,0.7874889569952385,0.9211775449594248,0.5626952700000001,0.019849567995981678,0.514648,0.615234,0.10058599999999995,0.5630452665905291,0.31701997223,2.5,3.5799402063511963,0.7362453200142864,-0.008260304999999999,0.11397794118548543,-0.206242,0.38264,0.588882,0.1142768730565157,0.013059203715575002,2.5,162.32980529352784,0.5891730093693535,0.03824272,0.12006821136546343,-0.210772,0.620591,0.831363,0.1260114320746336,0.0158788810135,5.5,89.16702860177425,0.6690056698655318,-0.024443945,0.11546974797795298,-0.399161,0.278453,0.6776139999999999,0.1180286793336899,0.013930769145255,3.0,170.52601596221422,0.5455340283081357,1.9089493634671237,0.01179236879970986,1.8694043086034118,1.9402505668106373,0.07084625820722557,1.9089857862863844,3.644226732243445,2.5,0.7251738586067947,0.8301991364827233,0.17061421714787955,0.0933142347698153,0.017011927609768388,0.48541382738648886,0.4684018997767205,0.19446531182619692,0.03781675750366,3.0,70.64430136773501,0.7207070657938152,2.0311005044329558,0.021588810960142254,1.8578320777287705,2.1715443926443223,0.31371231491555185,2.0312152362234976,4.12583533586648,11.5,0.8757065378337724,0.9129325898405337,0.17504219212050096,0.11058519273383591,0.008776891590990515,0.7101969551934167,0.7014200636024263,0.20704795066440526,0.042868853874329996,5.5,96.0741833181335,0.7012929004599058,-0.009796442160432389,0.5462259510948148,-0.4816086036230347,-0.01727095796402059,0.8438221470971297,-0.005052096370669994,-0.0017126646542662965,0.984973718278705,0.0008483889770849982,0.021935610027345523,1.182692902458403,0.004358253561255,-0.05674046676718066,0.5086118419690818,-0.010258738909009999,chewing,chewing_01.csv,6169435.0,6171425.0
-0.18724117499999998,0.021894240782552272,-0.236328,-0.128906,0.10742200000000002,0.18851688358029103,0.035538615394825,8.5,1.8448771144542193,0.6684928360445019,1.87184081,0.011697340268791876,1.817871,1.90332,0.08544899999999989,1.8718773586297848,3.50392484575082,1.0,0.7269762250234588,0.8273624711984972,-0.31928711,0.02060097381722282,-0.397461,-0.250488,0.14697300000000002,0.3199510255247981,0.10236865873437,1.0,3.8728388282030357,0.7502911618222419,0.056113025,0.10452620239846264,-0.173467,0.304567,0.47803399999999996,0.11863557039309501,0.014074398562495,1.0,156.84110223172505,0.5267208088123252,0.026415769999999998,0.133497067006347,-0.403158,0.375979,0.779137,0.1360854871174366,0.01851925980399,1.0,160.23299556019808,0.6447308443252304,0.017862330000000003,0.056308996914446095,-0.13483,0.173201,0.308031,0.059074241142311766,0.00348976596654,4.5,14.389211794271253,0.6098401998307038,-0.19676759,0.019807497393206946,-0.239258,-0.09668,0.14257799999999998,0.1977620323201347,0.03910982142739,11.5,0.9713604826815556,0.833810870113558,-1.9413452100000002,0.02145039026954754,-2.095215,-1.751465,0.34375,1.941463711644557,3.76928134363266,27.5,0.7768084306709775,0.9307939607115217,0.5644262550000001,0.018574479938344844,0.514648,0.612793,0.09814500000000004,0.5647318023967705,0.31892200863830505,1.0,3.1931664429261124,0.7349379776752895,-0.024804979999999997,0.09653159007034744,-0.18306,0.293908,0.476968,0.09966762219652879,0.00993363491431,1.0,114.76265103437969,0.5727096143448901,0.0360977,0.12324213741346748,-0.209972,0.620591,0.8305629999999999,0.1284198909029672,0.01649166837953,5.5,107.21746904186074,0.6546245098329306,-0.0052773049999999995,0.11120250746368976,-0.399161,0.278453,0.6776139999999999,0.11132765880173265,0.012393847614275,3.0,166.00111195906402,0.5132735587552381,1.9083210993752033,0.011945775798610175,1.8521826321953243,1.9402505668106373,0.08806793461531304,1.9083584883034987,3.641832119880015,8.5,0.5258603365447484,0.8516472180270221,0.16673519371403692,0.09100988688141297,0.022447496163269524,0.48541382738648886,0.46296633122321934,0.18995637481544284,0.036083424333025006,3.0,86.16288855192036,0.6673533860617994,2.0314731151579837,0.0207402046439225,1.8578320777287705,2.1715443926443223,0.31371231491555185,2.0315789853457225,4.127313173698354,11.5,0.9003269345596017,0.9266854358119331,0.1673744964435033,0.10394675968205401,0.008776891590990515,0.7101969551934167,0.7014200636024263,0.1970257620417061,0.038819150908115,5.5,70.37478919221188,0.6686902684866416,-0.008794428845312325,0.575971934882072,-0.48548105381833917,-0.01293687280064107,0.8755432796538191,-0.0027357265750899903,0.0079946123281152,1.0828186122521044,0.004140763648185001,0.010254929592879464,1.0832096051570008,0.0020275914244600006,-0.054893510549243664,0.5063644534529251,-0.008904081647735,chewing,chewing_01.csv,6169935.0,6171925.0
-0.189394505,0.021756990300819987,-0.236328,-0.128906,0.10742200000000002,0.19064009324154507,0.036343645151145,8.0,2.2677791244791567,0.7137133502837923,1.87281738,0.012686164966829023,1.817871,1.90332,0.08544899999999989,1.8728603465319111,3.50760587761163,1.0,0.8208865289162698,0.8269295330420637,-0.316518575,0.02145925671369759,-0.397461,-0.236328,0.161133,0.3172451859662097,0.100644508018735,1.0,4.313664063656675,0.7571832460702725,0.05554278000000001,0.10864921235706958,-0.173467,0.304567,0.47803399999999996,0.12202316073573903,0.014889651755940002,2.5,170.53732932867348,0.5475309441257683,0.029257619999999998,0.138906807831314,-0.403158,0.375979,0.779137,0.14195460397588378,0.02015110958995,8.0,137.80728086967716,0.6486599642920703,0.020702815,0.05517817866095957,-0.120708,0.173201,0.293909,0.058934183198420594,0.003473237949265,5.0,18.703825698900847,0.6530029619987181,-0.198093285,0.022353116542079207,-0.256348,-0.09668,0.15966800000000003,0.19935047374218853,0.039740611381235004,8.0,1.1204211961645887,0.8254064668071995,-1.9398340049999998,0.018686179918457783,-1.984375,-1.751465,0.23290999999999995,1.939924003736818,3.7633051402742854,9.5,0.6338398380112258,0.9267266825062078,0.5683569300000001,0.020650255244550855,0.514648,0.624023,0.109375,0.5687319517318242,0.32345603292069003,2.5,4.182671959221964,0.7473652747655021,-0.022612024999999994,0.1128237878907386,-0.222763,0.324018,0.546781,0.11506741844942468,0.013240510788614998,2.5,158.52220315010157,0.5547035310883407,0.041815995,0.13257469541400038,-0.209972,0.620591,0.8305629999999999,0.1390130472364195,0.019324627301955,5.5,102.57641198099513,0.6700782204018716,-0.014058584999999998,0.11700908994810093,-0.413283,0.278453,0.691736,0.11785062979333204,0.013888770942685001,3.0,162.14378094553365,0.5566306463499162,1.9090387877786146,0.012842801028910411,1.8521826321953243,1.9402505668106373,0.08806793461531304,1.9090819863959512,3.6445940307815103,4.0,0.547589654373735,0.8517065822991864,0.17140961384173925,0.09556538901600746,0.022447496163269524,0.48541382738648886,0.46296633122321934,0.1962498389684817,0.038513999295155,3.0,93.98123004434721,0.6768220236826252,2.0312911659957167,0.01892045253085826,1.8578320777287705,2.0737227445406003,0.2158906668118299,2.0313792813200124,4.1265017845762095,11.5,0.8569207310057919,0.9136411583349247,0.1811900956703125,0.11672214127678601,0.008776891590990515,0.7101969551934167,0.7014200636024263,0.2155316891625336,0.046453909033255004,5.5,81.36709666946396,0.6713025756125013,-0.00607765150194786,0.6787787452739026,-0.4819077537946992,-0.02115675226077854,0.818742596482967,-0.007939909738100007,-0.004174575533669067,0.9629991545957327,0.0016491409673250034,0.006332112417313601,1.0477626020375899,0.0008264822879949993,-0.061830911287141355,0.4715717273370275,-0.01041553299342,chewing,chewing_01.csv,6170435.0,6172425.0
-0.186513635,0.02248903427721553,-0.236328,-0.081055,0.155273,0.1878645594667472,0.035293092703635,8.0,2.580940023002909,0.7269464019978369,1.87216309,0.012696346510784112,1.817871,1.90332,0.08544899999999989,1.8722061405660089,3.5051558327730703,4.0,0.3530535090928319,0.8121244562469964,-0.319887725,0.026947814562954364,-0.425293,-0.204102,0.22119099999999997,0.32102078019249003,0.103054341315395,12.0,3.456034849205213,0.8485183411597506,0.03011427,0.10273462987803626,-0.243813,0.292842,0.536655,0.10705733713207143,0.01146127343381,2.5,149.62004573644498,0.5601410078171969,0.007740755,0.14603985236289094,-0.744496,0.325884,1.07038,0.1462448555202712,0.021387557766145,1.0,173.1939719441576,0.7040234306440707,0.015247000000000002,0.062058265070093606,-0.120708,0.292576,0.413284,0.06390382830871714,0.0040836992725099995,5.0,26.843293223694776,0.6492714292336591,-0.20216066000000002,0.022191415295433503,-0.281738,-0.09668,0.185058,0.20337500181794713,0.04136139136445,12.5,1.2131352185055435,0.8065757138132635,-1.9407788599999998,0.01020240423823718,-1.982422,-1.916992,0.06542999999999988,1.940805676124001,3.7667266724751403,9.5,0.209632756178788,0.8450852809532317,0.57000489,0.02205119419210443,0.510254,0.624023,0.11376900000000001,0.5704312664898463,0.32539182978921005,1.5,4.0753151003216495,0.70658017068344,-0.002199675,0.1090752758486513,-0.222763,0.324018,0.546781,0.10909745355215676,0.011902254371565002,2.5,139.11933566505212,0.5744479859227078,0.033965975,0.13479098151016772,-0.338141,0.45645,0.794591,0.13900466234689757,0.019322296154175002,4.0,142.6881000387732,0.6709920167968735,-0.023645889999999996,0.11077641770208992,-0.413283,0.165473,0.578756,0.1132719860901185,0.012830542832799998,3.0,155.67672673057436,0.5561964701787837,1.9087455116080951,0.013922597029682578,1.8509648476699927,1.9402505668106373,0.08928571914064465,1.90879628740002,3.6435032667920995,4.0,0.19860961853147763,0.8138655718470676,0.16614521715000571,0.0965831107939812,0.022447496163269524,0.7582627550796623,0.7358152589163928,0.192178381907188,0.036932530472465,2.5,63.06042680695421,0.7326598323132693,2.0330606713093213,0.012008347267230712,1.9960179736871109,2.0737227445406003,0.07770477085348948,2.0330961348713443,4.1334798936288,9.5,0.2839251391808869,0.8075635265138161,0.18013322400353401,0.10773632149202347,0.008776891590990515,0.5162432967012743,0.5074664051102838,0.20989305219215812,0.04405509335854001,5.5,76.64316668136074,0.6669318039186756,0.0019142497624518653,1.1594099270992617,-0.4899766268367003,-0.011153210698042218,0.8964767819841707,-0.007122562886075004,-0.006340645970615066,0.9418690815009892,-0.00044098093775500266,0.011248870852723247,1.0834541801439046,0.0020652616119699978,-0.048718152631996296,0.5602118786417736,-0.008746843560289999,chewing,chewing_01.csv,6170935.0,6172925.0
-0.187893025,0.023174457552106262,-0.244141,-0.081055,0.163086,0.1893167830026831,0.035840844326485,8.0,2.031061842142453,0.6931738858054812,1.8721631000000003,0.011864444631755842,1.817871,1.902344,0.08447300000000002,1.8722006938488274,3.5051354380480304,4.0,0.23773353497670482,0.8297461232882517,-0.31865723999999995,0.024426078923404797,-0.425293,-0.204102,0.22119099999999997,0.3195920367218026,0.10213906993599,1.5,2.4138285258336234,0.8551445437505719,0.061017265,0.09288234989224149,-0.243813,0.292842,0.536655,0.11113162263543622,0.012350237549585,1.0,125.83399713492213,0.5412170422635012,0.03531962,0.1434209151106128,-0.744496,0.337874,1.08237,0.14770590525808372,0.021817034448110003,1.5,204.8455492468226,0.6500667877220575,0.018148765,0.06150577286751037,-0.117776,0.292576,0.410352,0.06412751177969561,0.004112337767055,2.5,33.29696291631498,0.6474433956279658,-0.20070313499999998,0.021804392265476584,-0.281738,-0.09668,0.185058,0.20188407545147044,0.04075717992089501,12.5,1.4605765647370013,0.8155624177348664,-1.939223695,0.010103029407656648,-1.960449,-1.909668,0.05078100000000019,1.939250012363714,3.7606906104526647,10.0,0.20365463820028465,0.8263166549273021,0.5769677750000001,0.02032822379683909,0.510254,0.624023,0.11376900000000001,0.5773257746465033,0.33330505007118505,0.5,4.355957713272858,0.7161464591451849,-0.02627321,0.10187916732073295,-0.222763,0.324018,0.546781,0.10521238661711843,0.011069646297670002,1.5,125.03029669125917,0.5737549894261517,0.033335785,0.13099121070063738,-0.338141,0.45645,0.794591,0.13516645975383465,0.018269971842385,1.5,151.6624812561703,0.6760963628426342,-0.017224135,0.09848916206287255,-0.413283,0.165473,0.578756,0.09998392806018876,0.009996785870345,2.5,121.16708352130364,0.5926120721138648,1.9086480055358146,0.013347032429023912,1.8509648476699927,1.9402118452205162,0.08924699755052345,1.9086946723639444,3.643115352310505,4.0,0.23611659462699092,0.8360116106146702,0.16970177266961717,0.09737000625212863,0.03591902321890171,0.7582627550796623,0.7223437318607606,0.19565175635488172,0.03827960976475,4.0,57.439148068472946,0.748968387344169,2.0333783781820136,0.011189798328391173,2.000119775687446,2.0581903149364007,0.05807053924895467,2.0334091670012566,4.134752840444745,12.5,0.11169862562828373,0.7887521382250657,0.1686644922658565,0.10434890061280391,0.014773626501302923,0.5162432967012743,0.5014696701999715,0.1983340717335274,0.0393364040104,5.5,80.29293967632775,0.6626765792554431,0.002157234100632741,1.1927857891021436,-0.4916374881342396,-0.006978894360675281,0.933119617746898,-0.0010567942456500001,-0.008996817428491496,0.9116912940584999,0.0012805912519149986,0.012429704409975484,1.0948896062834468,0.0035470626057250015,-0.036983389195362155,0.6244928028552719,-0.00588444810329,chewing,chewing_01.csv,6171435.0,6173425.0
-0.185161105,0.027771051331629038,-0.269531,-0.081055,0.18847600000000003,0.18723211822997943,0.035055866096885,8.0,2.692061639257747,0.6497405662063563,1.872751485,0.011474561861778207,1.837891,1.902344,0.0644530000000001,1.8727866376444555,3.507329790139625,4.0,0.24709981770780065,0.8304213538725027,-0.31772708,0.026912901325453563,-0.425293,-0.204102,0.22119099999999997,0.31886486420281557,0.10167480162308,12.0,3.3447639861283793,0.8394522104591577,0.0434547,0.10708443115271239,-0.263798,0.203577,0.467375,0.11556550673704502,0.013355386347389999,2.5,180.26789090745172,0.48400648810617153,0.02267333,0.16963525851892083,-0.792193,0.337874,1.130067,0.17114380159991188,0.02929020082607,2.5,251.35171140407132,0.6715066726928272,0.02006463,0.07020662434858338,-0.166273,0.292576,0.458849,0.07301752857677395,0.00533155947946,2.5,43.10056271411019,0.6485718152314378,-0.19779296500000002,0.02176343235415257,-0.281738,-0.117188,0.16454999999999997,0.19898669300062505,0.039595703991325,0.5,1.8532964181731966,0.7727515460690274,-1.937370655,0.010380484827597167,-1.960449,-1.893555,0.06689400000000001,1.9373984642608721,3.7535128093203856,10.0,0.2099193903271262,0.8319056792370602,0.5810937300000001,0.021590829296882046,0.510254,0.64209,0.13183600000000006,0.5814947007110555,0.33813608695504,1.5,5.070592045459323,0.7127470415360698,-0.014011955,0.11179444883625919,-0.222763,0.324018,0.546781,0.1126691336326192,0.012694333673525002,1.5,171.95476259951243,0.5266531522082107,0.039760199999999996,0.1335704165903139,-0.338141,0.45645,0.794591,0.1393625835443287,0.019421929692149998,2.5,167.720538646935,0.6821003515022666,-0.036061705,0.08996546835601966,-0.413283,0.121507,0.53479,0.09692384672527705,0.009394232064025,1.0,76.64649830753976,0.6696249741716969,1.9088961433174307,0.01326543958674608,1.8509648476699927,1.9402118452205162,0.08924699755052345,1.9089422353386154,3.64406045785959,4.0,0.22329002524156846,0.8262873765631513,0.18419332658458515,0.11853254867176506,0.042690047575518114,0.851355298675001,0.808665251099483,0.21903686140218498,0.047977146652919994,4.0,57.79818288499416,0.6948506259083292,2.0325140223252576,0.011460773008476538,1.9929750954565388,2.0581903149364007,0.06521521947986186,2.0325463341008367,4.131244600266751,10.0,0.1336264121355143,0.8146664015868725,0.17403807426729703,0.10593037399646432,0.014773626501302923,0.5162432967012743,0.5014696701999715,0.20374124626520768,0.0415104954297,2.5,88.48346125521327,0.7039887531303137,0.001804666578269545,1.1574646471869559,-0.4871841424071608,0.012602174675300754,1.1189665834250844,0.006466651223219995,-0.004710017683546827,0.9578689484802112,0.0006610526738649973,0.03606484192860693,1.2700062098273206,0.009868271133920001,-0.019758844007436258,0.7803730212436094,-0.0040626725845649995,chewing,chewing_01.csv,6171935.0,6173925.0
-0.18248531,0.02754552153443278,-0.269531,-0.081055,0.18847600000000003,0.1845525511132263,0.03405964412240001,8.5,1.8962690449332231,0.6537984573155214,1.87229738,0.010176612652823136,1.837891,1.902344,0.0644530000000001,1.8723250365788389,3.50560104259995,4.0,0.23762570212327247,0.8519028965783988,-0.32266602,0.026258932476580232,-0.425293,-0.204102,0.22119099999999997,0.3237327477989368,0.10480289199745002,1.5,2.859651470649016,0.844273164442119,0.03630819,0.10990842449409373,-0.263798,0.197449,0.46124699999999996,0.11575036257329824,0.01339814643585,1.5,182.96360196862494,0.49549074553579825,0.010655874999999997,0.17352763816576705,-0.792193,0.337874,1.130067,0.17385450491547522,0.030225388879405,2.5,248.11402058604398,0.6650159289855867,0.011392610000000001,0.07241878802940506,-0.18679,0.292576,0.479366,0.073309429286143,0.005374272422260001,4.0,38.70293688724745,0.5886049266524824,-0.19479490500000002,0.017919610730592752,-0.281738,-0.117188,0.16454999999999997,0.19561740071551662,0.038266167462695,0.5,1.6556781142622017,0.8306466689420076,-1.93690678,0.009876683259151316,-1.960449,-1.893555,0.06689400000000001,1.9369319614488707,3.7517054232821696,10.5,0.23039503668996636,0.8477915162233144,0.5859325900000001,0.019187995342711026,0.510254,0.64209,0.13183600000000006,0.5862466879986444,0.34368517918937996,1.5,3.2042913761134977,0.7095335425713498,-0.0011071600000000003,0.09535344274201325,-0.192386,0.235553,0.427939,0.09535987020765077,0.009093504846020001,1.5,128.37036234533247,0.5707592962974745,0.03596977999999999,0.11882627275611904,-0.338141,0.288845,0.626986,0.12415115049954228,0.015413508170359998,2.5,162.27297589868914,0.6346810387617643,-0.027168514999999997,0.06320995531116737,-0.387436,0.117776,0.505212,0.0688013565109366,0.004733626657744999,5.5,32.652880024696756,0.7718032517763018,1.9090087403596414,0.012215070621761246,1.8509648476699927,1.9402118452205162,0.08924699755052345,1.9090478199143677,3.6444635787198,4.0,0.193086563212481,0.8572580530613411,0.18368094015606104,0.12352781047561928,0.042690047575518114,0.851355298675001,0.808665251099483,0.22135448434019808,0.048997807737515,4.0,71.4510552902717,0.7107196502962778,2.0331142630532626,0.010156933771334642,1.9929750954565388,2.053933260560576,0.060958165104037176,2.033139633653883,4.1336567699342455,10.0,0.13605508359345794,0.8438948194072571,0.14653622390707047,0.08813498032666663,0.014773626501302923,0.45088983032443747,0.43611620382313454,0.1709989464123244,0.029240639674124998,1.0,78.39696564382677,0.661245577862332,0.002058136850426608,1.2026336783090164,-0.4891931912144454,0.03539283014895264,1.4015752884697017,0.01975716806339,0.014554981752080448,1.1526424356953757,0.004304641589829999,0.054701365409647915,1.4603473974305148,0.014811880709045001,0.009208832718237692,1.1456864298179745,0.0006406457645150012,chewing,chewing_01.csv,6172435.0,6174425.0
-0.18734615999999998,0.02746873430073545,-0.269531,-0.102539,0.16699200000000003,0.18934918809128812,0.03585311503083,8.5,3.912469879173349,0.6535833688779253,1.8750268599999997,0.011449345265140715,1.848145,1.918457,0.07031200000000015,1.8750618158419365,3.5158568132284604,4.0,0.7678782848074578,0.7750211887228257,-0.322675775,0.022749263260474505,-0.387207,-0.207031,0.18017600000000003,0.32347671438721054,0.10463718475074499,1.5,3.8198561138460465,0.7768158839033542,0.096314215,0.13943791653563523,-0.263798,0.60407,0.867868,0.16946787476942346,0.028719360578864997,1.0,303.5177320779145,0.5450856369207399,0.034970575000000004,0.15932465461708797,-0.792193,0.349332,1.1415250000000001,0.1631174015385391,0.026607286684684997,2.5,196.4916830553524,0.6811631179734211,0.029424115000000004,0.073603953904405,-0.18679,0.220098,0.406888,0.07926739918715008,0.0062833205738949995,1.0,64.13466243740567,0.5955089520813484,-0.19100340500000001,0.01580094084037324,-0.218262,-0.08252,0.13574200000000003,0.19165586464555423,0.036731970453035,8.0,0.8098839615624087,0.9092671965106802,-1.936201215,0.017124488422687982,-2.111328,-1.893555,0.21777299999999977,1.936276941212495,3.749168393071215,10.5,0.30496019190600526,0.9127064366305163,0.5957104200000001,0.023936938610933524,0.543945,0.692383,0.14843799999999996,0.5961911451259906,0.35544388152663997,0.5,8.4656058443141,0.6054698928874257,0.03124138,0.15078510587347677,-0.192386,0.497485,0.689871,0.1539875708542089,0.023712171977580004,1.5,402.9868206195236,0.45326733706341416,0.06107056500000001,0.0974452371737879,-0.213436,0.288845,0.502281,0.11500081807219895,0.013225188157275,2.5,100.09237412587079,0.5866282518676792,-0.050117585,0.08396944401663485,-0.413816,0.054625,0.468441,0.09778875116645575,0.009562639854695,1.0,95.00161449513668,0.6245394317035555,1.9121081823728858,0.01376270005101127,1.8625294688962641,1.9678448414697234,0.10531537257345924,1.912157711332942,3.6563471130100345,4.0,1.06962103907281,0.7570640038195536,0.2114468459510409,0.13000076605467278,0.042690047575518114,0.851355298675001,0.808665251099483,0.2482135528883244,0.061609967837445004,4.0,84.64597123633635,0.6977914300946876,2.0349495909930293,0.018011306676455105,1.9929750954565388,2.2242028527508455,0.23122775729430667,2.035029298327395,4.14134424505089,10.0,0.8911176417897195,0.9139811684593154,0.16844480964895808,0.1346341193452695,0.014773626501302923,0.6532507262445254,0.6384770997432225,0.2156385865042479,0.04649999998955,1.0,256.5228524318499,0.575341571461416,-0.004248606625443838,0.7641144697737151,-0.4849971320408555,-0.00463335329059672,0.9655855936583618,0.015109967847895006,-0.011347189337841512,0.9247459537060451,0.005007188601284993,0.06187941744330008,1.6350173619357273,0.013382098527409998,-0.01036549011222987,0.876556404134623,-0.0032793192808000006,chewing,chewing_01.csv,6172935.0,6174925.0
-0.160021965,0.07111524300959517,-0.269531,0.091797,0.36132800000000004,0.17511255543442625,0.030664407070775,0.5,75.83762340152198,0.5322053118779049,1.8582690400000001,0.04015686053588353,1.723633,1.918457,0.1948240000000001,1.8587028806322488,3.45477639847062,0.5,26.347627504175627,0.48326144235993507,-0.367243645,0.08396174667662039,-0.595215,-0.207031,0.3881840000000001,0.3767193513716478,0.14191746969787503,0.5,116.68836103556453,0.39952470940665374,0.19221805,0.2306849993778258,-0.263798,0.76075,1.024548,0.30027212272162396,0.09016334768374999,0.5,931.8906903803677,0.43839082035431204,0.146313245,0.3106883163405972,-0.792193,1.107152,1.8993449999999998,0.3434163589187111,0.11793479557298499,0.5,1533.7551249995263,0.517751269645176,0.09325655000000004,0.14717139509523414,-0.18679,0.588616,0.775406,0.17423031783297646,0.03035620365218,0.5,308.10486085610063,0.44090498689538365,-0.16630613,0.06057619600018724,-0.232422,0.109863,0.342285,0.17699492760367458,0.03132720439743,0.5,54.43346948085571,0.5785195867052305,-1.909196815,0.06240759390755884,-2.111328,-1.705566,0.40576199999999996,1.9102165286122605,3.648927186183475,0.5,61.521474340340426,0.5352242229854955,0.6762988050000002,0.1523529141942056,0.543945,1.125,0.581055,0.693247058492061,0.48059148410789504,0.5,419.42662557772485,0.39425923283061926,0.237104935,0.37792348796694386,-0.192386,1.438631,1.631017,0.4461444978462191,0.199044912958455,0.5,2750.2383652968406,0.28855523358146434,0.056187640000000004,0.23566753458567516,-0.872398,0.855078,1.727476,0.2422730644261966,0.05869623774646,2.5,671.080672537741,0.6186705380492082,-0.06011393,0.19026920891814078,-0.507345,0.540386,1.0477310000000002,0.19953961121135821,0.039816056442379996,1.0,640.4403848204672,0.46141751799646685,1.9043472729385738,0.02863108958260251,1.7876702770178288,1.9678448414697234,0.18017456445189461,1.9045624891925363,3.62735827523927,1.0,10.280482740713833,0.6213250914456206,0.37500008619338715,0.3127767290957996,0.042690047575518114,1.3163707857461744,1.2736807381706563,0.48831787486115535,0.23845434690891498,0.5,1528.7336430261728,0.4885079265252049,2.03963963632331,0.026758711249155583,1.958449328147144,2.2242028527508455,0.2657535246037015,2.0398151569906524,4.160845874688801,0.5,2.751382021950191,0.8956679174230784,0.386355447915553,0.38508008908961705,0.035840615926627156,1.5079596693632096,1.4721190534365824,0.5454880449169304,0.297557207147295,0.5,2723.830408182662,0.2948138181929752,0.0018723783334469238,1.0699726648272723,-0.5334875994495305,-0.07230335999381732,0.8122381238543064,-0.05910286023838002,-0.14723848858911806,0.6104013291653451,-0.10888156527470501,0.075020781754922,1.3183331207958504,0.059238557826524985,-0.04309781382290667,0.7734903399874408,-0.009459852790199997,chewing,chewing_01.csv,6173435.0,6175425.0
-0.08547608000000001,0.13599556166108365,-0.243164,0.20752,0.450684,0.16062675071008564,0.025800953043680002,0.5,342.57987108176667,0.23822511336785404,1.8139233350000001,0.07800070113269991,1.655273,1.918457,0.2631840000000001,1.815599618482752,3.296401974634715,0.5,109.52726898995685,0.2677435623412492,-0.45914305,0.15175053432165403,-0.773437,-0.251953,0.5214840000000001,0.48357064119961835,0.23384056503021,0.5,426.503228666453,0.26485504392097675,0.25947187000000005,0.2368996199564767,-0.387436,0.76075,1.148186,0.35135036823208254,0.12344708125682001,0.5,976.7255266068067,0.33540824138792574,0.28369463,0.33740955115945237,-0.607534,1.107152,1.714686,0.44082632442319053,0.19432784830446,0.5,2004.0610211536111,0.30805515683198753,0.036148305,0.21624644107719315,-0.464711,0.588616,1.053327,0.21924694577787165,0.04806922323292499,0.5,766.5685741727274,0.3971532260824679,-0.13914302999999997,0.07126442194643201,-0.232422,0.109863,0.342285,0.15633106099857444,0.02443940063294,0.5,78.11592529997823,0.5112907683721505,-1.8625586399999998,0.09075732452056087,-2.111328,-1.680664,0.43066399999999994,1.8647685055772418,3.4773615793927797,0.5,141.64456474196624,0.33845514266564053,0.8088598400000001,0.230061236012207,0.565918,1.236328,0.6704100000000001,0.8409413850443384,0.7071824130802901,0.5,998.758770900867,0.2213233833627653,0.280210595,0.35841283472730295,-0.113247,1.438631,1.551878,0.454948060384386,0.20697773764751495,0.5,2457.1771137170776,0.3145045964067299,-0.078655695,0.34209496874488227,-0.945409,0.855078,1.800487,0.3510209195995233,0.12321568599649499,0.5,1906.0801715513503,0.46117403075787206,-0.008120455000000004,0.21887143531148137,-0.507345,0.540386,1.0477310000000002,0.2190220239718257,0.047970646984715,0.5,849.4092270849924,0.42752238205712434,1.8852765387129842,0.042141016682038325,1.7876702770178288,1.9678448414697234,0.18017456445189461,1.8857474626016615,3.556043492708605,0.5,26.83207591975539,0.3879400461089804,0.5102046731392851,0.32486203887348886,0.04410218350603517,1.3163707857461744,1.2722686022401393,0.6048505210332591,0.36584415279420496,0.5,1949.6453867581263,0.25751580543603675,2.051329308384781,0.0321163769380573,1.958449328147144,2.2242028527508455,0.2657535246037015,2.0515807059694264,4.20898339310601,0.5,7.722325492489612,0.8361497473619139,0.48128034416697474,0.38279668356353785,0.035840615926627156,1.5079596693632096,1.4721190534365824,0.6149504619306542,0.3781640706287249,0.5,2770.460086328147,0.2633742013150109,0.010024639743981038,1.3121348265190533,-0.652939900397405,-0.05793464469004905,0.8486542669316703,-0.012319917834519967,-0.12151321477082616,0.6609685731168666,-0.08353065639069494,-0.004685417585429896,0.9863037518423019,0.07111216230796502,-0.0026249942342882193,0.9880066842411276,9.857624820999028e-05,chewing,chewing_01.csv,6173935.0,6175925.0
-0.030881350000000002,0.13212935899559755,-0.243164,0.20752,0.450684,0.13569018124540183,0.01841182528641,0.5,320.1519356228981,0.207756329197512,1.7797021549999998,0.07973514963960986,1.646484,1.918457,0.271973,1.781487427572728,3.1736974545996954,0.5,118.91465337922244,0.15657103054009774,-0.5346533,0.1450990999770157,-0.773437,-0.296875,0.47656200000000004,0.5539926894960168,0.30690790001503004,0.5,397.12619496336504,0.1669568817557397,0.183231625,0.3349227586551926,-0.602472,0.76075,1.363222,0.38176836257781366,0.145747082665345,0.5,2147.2817001188428,0.23868452085110128,0.33595188,0.3067287803375738,-0.443394,1.107152,1.550546,0.45491340974179906,0.20694621036290997,0.5,1471.44502324176,0.4188518381551096,-0.06962530999999998,0.3087956408737563,-0.93555,0.588616,1.5241660000000001,0.3165476766858825,0.10020243161523,0.5,1688.966209237838,0.20953708030780172,-0.12349117500000001,0.06881739120087578,-0.232422,0.109863,0.342285,0.14137150927458828,0.019985903634575,0.5,69.33181233708126,0.5843152538692973,-1.8179638900000001,0.08854013268432515,-2.111328,-1.655273,0.4560549999999999,1.8201186940525858,3.3128320604396904,0.5,136.73317004159256,0.3243109738497315,0.9230908,0.2097931712574554,0.583984,1.236328,0.6523440000000001,0.9466307620983485,0.8961097997509,0.5,844.7870736591782,0.14321862589124285,0.13911870499999998,0.5366394428400115,-1.276089,1.438631,2.71472,0.5543788467217297,0.307335905692515,0.5,5316.263651240179,0.2489496372165806,-0.14393104500000004,0.35322052421198996,-0.945409,0.855078,1.800487,0.38141956483560857,0.145480884439385,0.5,1863.2526957187656,0.5320356814057041,0.10726845000000002,0.31892083495613377,-0.507345,1.033342,1.5406870000000001,0.33647736823525,0.11321701933452001,0.5,1793.7249842773354,0.38922374191008147,1.8699815847721646,0.04675524049899531,1.7632485781477325,1.9678448414697234,0.20459626332199088,1.8705660052243906,3.499017179901135,0.5,32.53339757110137,0.40406375305131814,0.6162717900317525,0.2703790033537082,0.08900065081784515,1.3163707857461744,1.2273701349283292,0.6729752778843253,0.45289572464348493,0.5,1313.9009113158083,0.3720751358426256,2.056097115945115,0.03731505898890591,1.9373261485565616,2.2242028527508455,0.2868767041942839,2.056435694065138,4.2289277638251646,0.5,12.018460899662452,0.7858431849639486,0.6552844321643916,0.3696432366883113,0.036806662304533944,1.6393847634701257,1.6025781011655917,0.7523521844631144,0.56603380946642,1.0,2411.755536939222,0.3928415426446611,0.0094401815100894,1.2529858391191624,-0.7299105839240294,-0.09926423333460316,0.7314593546363077,-0.11313808482293508,-0.20171668418481892,0.624111334199941,-0.16158882302717,-0.04649174387441618,0.8683775695703527,0.061465325923524966,-0.010125194082377442,0.9682517008217099,-0.01301458771929001,chewing,chewing_01.csv,6174435.0,6176425.0
0.002031250000000001,0.11021099021199067,-0.243164,0.20752,0.450684,0.11022970715768957,0.012150588340069999,0.5,209.96656983255684,0.35885272966190146,1.7586743150000002,0.061105664620113374,1.646484,1.898926,0.25244199999999983,1.759735562091471,3.096669248489385,0.5,64.48417718733819,0.29559643396343893,-0.579167455,0.09478574708313468,-0.773437,-0.390625,0.38281200000000004,0.5868724552927024,0.344419278781285,0.5,164.6683791515768,0.16972526579915928,0.11345840500000001,0.3830903789871797,-0.707724,0.76075,1.468474,0.3995385439950506,0.159631048137685,0.5,2788.801567712149,0.2669780503427507,0.27223405999999994,0.42066247683977753,-1.249709,1.107152,2.356861,0.5010671640060442,0.25106830284506,0.5,2949.9312142696367,0.4068954855826251,-0.1016128,0.30571426997454665,-0.93555,0.588616,1.5241660000000001,0.3221589297069228,0.10378637598991002,0.5,1610.3431003259936,0.3143701297761362,-0.13075924,0.09353441874642938,-0.549316,0.158203,0.707519,0.16076898437077344,0.025846666335609995,0.5,95.20541915151334,0.7262951574626728,-1.793066425,0.11450469785128632,-3.106445,-1.353516,1.752929,1.7967188233811922,3.2281985302922953,0.5,58.42145777333002,0.8985372192780415,0.9972924649999999,0.12472270598222593,0.690918,1.236328,0.5454100000000001,1.0050611991979916,1.010148014133305,0.5,287.4193343823985,0.2509351750496276,0.07515307,0.5465248716276004,-1.276089,1.438631,2.71472,0.551667852278878,0.30433741923798996,0.5,5282.620010762711,0.3222803304621969,-0.029827814999999997,0.5575596126575711,-1.269694,1.477534,2.747228,0.5583568932273828,0.311762420214535,0.5,4551.186711906094,0.5146906188606525,0.11561404,0.3581469210916637,-0.832429,1.417847,2.250276,0.3763453511504559,0.14163582333255997,0.5,1820.2369010255034,0.5654575614051185,1.857855346413394,0.040157532467871807,1.7632485781477325,1.9537914543494657,0.19054287620173316,1.8582892981478263,3.4532391156107405,0.5,19.763179214323987,0.5811290805200454,0.672611841001756,0.2491566541693871,0.23928605719514875,1.4295857630117894,1.1902997058166407,0.7172766042278634,0.514485726972655,0.5,946.6229661559211,0.5532398213942733,2.0629454301498016,0.09192041658555364,1.6734342469359231,3.1862825376852566,1.5128482907493335,2.064992302833405,4.26419321076121,1.0,13.606959843671113,0.9651319656830707,0.786311130327216,0.37343067510398875,0.0736036968432972,1.806563677551666,1.7329599807083689,0.8704801334809916,0.757735662785085,1.0,2099.384366589436,0.583260410196866,-0.051762884117681845,0.43687282934032107,-0.8109540951504695,-0.12427402093460171,0.6672099288576246,-0.24324993581242993,-0.1634344926404207,0.7009568985329103,-0.14470637110030496,-0.13689713581779367,0.7544708535015969,-0.060694117369475,-0.052432651117117035,0.8536001623096531,-0.03784944734264996,chewing,chewing_01.csv,6174935.0,6176925.0
-0.014841305,0.11741252333542608,-0.21582,0.20752,0.42334000000000005,0.11834679957690027,0.014005964970095,0.5,238.16122776940443,0.355485894164629,1.756215835,0.05580622680219273,1.646484,1.898438,0.251954,1.7571022719394125,3.087408394054645,0.5,54.31113285614552,0.29954499845798743,-0.588366655,0.0847871063645645,-0.773437,-0.413086,0.36035100000000003,0.5944444247543794,0.353364174121565,0.5,132.06396527513994,0.17452986485572883,0.008794605000000004,0.3156884523183244,-0.707724,0.678413,1.3861370000000002,0.31581093078651507,0.099736544004245,0.5,1782.1000198761894,0.43989654702483283,0.08468313500000002,0.40908426272251874,-1.249709,0.812178,2.061887,0.4177573067711144,0.17452116736065498,0.5,2482.1246530832823,0.49552924262486947,-0.14642647999999997,0.24877681218158096,-0.93555,0.246744,1.182294,0.288670428558971,0.08333061632442,0.5,1042.8240349393407,0.34734502646848375,-0.17325191999999998,0.09899414989287803,-0.549316,0.158203,0.707519,0.19953964392245466,0.039816069496699996,0.5,129.77512932386006,0.5597100454509092,-1.792236355,0.10834776398804442,-3.106445,-1.353516,1.752929,1.7955083932259674,3.223850390144895,0.5,39.56159824342757,0.9180168881921318,1.00022214,0.10596004932331997,0.690918,1.236328,0.5454100000000001,1.005819000317045,1.01167186139878,0.5,207.44776780951102,0.19384706838713653,-0.06513809999999999,0.3700818577210993,-1.276089,0.519602,1.7956910000000001,0.37577061285564894,0.14120355348591002,0.5,1996.7320367458371,0.4719716765897529,0.066450405,0.5569607703428681,-1.269694,1.477534,2.747228,0.5609108271602403,0.31462095602558504,0.5,4133.103538701244,0.49643793767857597,0.06905639499999999,0.35163093074814816,-0.832429,1.417847,2.250276,0.3583477321669624,0.128413097149205,0.5,1678.0830078294591,0.5144211057045923,1.8583460932389995,0.03644627401605309,1.7632485781477325,1.9537914543494657,0.19054287620173316,1.8587034548701697,3.454778533146305,0.5,16.285497409985346,0.5985977356971923,0.5454353044284197,0.24512987653975823,0.10863058611643407,1.4295857630117894,1.3209551768953554,0.5979868959177284,0.35758832768932003,0.5,861.8563970281698,0.5730587707222421,2.065726431416364,0.09007014815236443,1.6734342469359231,3.1862825376852566,1.5128482907493335,2.067689125821475,4.275338321040375,1.0,11.713717023555684,0.9770558240746835,0.6793898804464311,0.3502384859030829,0.0736036968432972,1.806563677551666,1.7329599807083689,0.764354372435129,0.5842376066607,1.5,1665.8998231010257,0.5751950626425066,-0.053623874136311325,0.40464321158215333,-0.8205597878940702,-0.10510860936332456,0.6998941761288622,-0.22664927897137999,-0.054393405402774986,0.8530233129023934,-0.04146700948166501,-0.14787650762034915,0.7344938539758993,-0.14009978866493006,-0.10285411856656729,0.7074941093841501,-0.04508248082478501,chewing,chewing_01.csv,6175435.0,6177425.0
-0.077998035,0.0954206414647993,-0.237793,0.15625,0.39404300000000003,0.12324281837662997,0.015188792281415,0.5,145.7014385999787,0.43466459340695335,1.779150405,0.04454101338475557,1.646484,1.898438,0.251954,1.7797078595896028,3.167360065485005,0.5,29.722075787823545,0.5334220097931476,-0.5526952650000001,0.06268309173425299,-0.731445,-0.413086,0.318359,0.5562384614019288,0.30940122594278496,0.5,67.19057886955281,0.4279305839322685,-0.029738559999999997,0.26036611794457126,-0.707724,0.52573,1.233454,0.2620589577259285,0.0686748973244,0.5,1224.542915533144,0.45963248733374557,-0.034107175,0.30354410212421257,-1.249709,0.673351,1.92306,0.3054542867940717,0.093302321320875,0.5,1309.3704351342471,0.5667409213938276,-0.07909940500000001,0.24374190823053177,-0.93555,0.246744,1.182294,0.2562554071609319,0.06566683369921501,0.5,1005.3709464890068,0.3924441837301869,-0.21018063500000003,0.08383010350501648,-0.549316,0.158203,0.707519,0.22628165100746678,0.051203385582665,0.5,70.39283216590532,0.7263247961370143,-1.8068188750000003,0.10517441025624709,-3.106445,-1.353516,1.752929,1.809877372539094,3.2756561036290144,0.5,24.62333570265769,0.9537816059447931,0.9592700049999999,0.07973183547018703,0.690918,1.178711,0.48779300000000003,0.9625778452053345,0.926556108080145,0.5,104.73408208558794,0.4597175942475674,-0.117362085,0.34675461495834164,-1.276089,0.519602,1.7956910000000001,0.36607734427365896,0.13401262199045502,0.5,1726.4046156168451,0.466572426638186,0.172089445,0.47841049539432867,-1.269694,1.477534,2.747228,0.5084204747881964,0.258491379183855,0.5,2836.3286233881995,0.5531270744511471,0.03562736000000001,0.34698637934864307,-0.832429,1.417847,2.250276,0.34881063090744524,0.12166885623405001,0.5,1634.5642785723307,0.5312072202735861,1.8683870892145489,0.03285983209924199,1.7632485781477325,1.9537914543494657,0.19054287620173316,1.868676024277404,3.491950083709205,0.5,11.541462282399582,0.6765444185150203,0.41095514956284945,0.2424044500257082,0.022529560781337925,1.4295857630117894,1.4070562022304516,0.4771205847000211,0.22764405234449,0.5,810.193474900988,0.5675785928365399,2.0604298344535077,0.08969110650290883,1.6734342469359231,3.1862825376852566,1.5128482907493335,2.0623810504588684,4.253415597291825,1.5,10.631979392931513,0.9757659780101464,0.598839378353238,0.394416348978928,0.04298630510988354,1.806563677551666,1.7635773724417825,0.717058475585053,0.51417285740836,1.5,2372.4921856415313,0.5249643201504315,-0.0568312744036668,0.36636667090483843,-0.7614655135826203,-0.1520118989532199,0.614590269022187,-0.28652880506387,-0.08638849701377038,0.7508656171046234,-0.06533772466605502,-0.174866393270116,0.6344846215675456,-0.16518905786298,-0.10324447111811128,0.702453821640146,-0.056002022534834994,chewing,chewing_01.csv,6175935.0,6177925.0
-0.11521483,0.06622863285038504,-0.237793,0.130371,0.368164,0.13289352452681807,0.017660688861159998,1.5,65.52444499093026,0.5675058463065821,1.78901369,0.026700511842170746,1.736816,1.898438,0.16162200000000015,1.7892129276137174,3.2012829003400496,0.5,8.84965322617398,0.65466632319771,-0.5359716299999999,0.042348819699881836,-0.661133,-0.413086,0.24804699999999996,0.5376420841924765,0.28905901069483003,0.5,24.26095048074111,0.6014194303097381,0.05628750000000001,0.20913939616966004,-0.707724,0.52573,1.233454,0.21658155435415086,0.046907569686459996,1.5,755.9709618514066,0.4991806857363777,-0.08199713500000001,0.27577536111521417,-1.249709,0.377844,1.627553,0.28770745549331006,0.082775579946435,2.5,1049.645114527854,0.5927965180402682,0.03911666999999999,0.11162924661884581,-0.315492,0.246744,0.562236,0.1182844139038614,0.013991202572579998,1.5,169.4714629417731,0.5756901995046768,-0.23685299999999998,0.06607007156693566,-0.549316,0.158203,0.707519,0.2458955021261267,0.06046459796585999,1.0,20.952172126614172,0.8802305197602966,-1.817883325,0.10037369442039769,-3.106445,-1.353516,1.752929,1.8206522627466937,3.3147746618446554,0.5,8.720980537234349,0.9716841507532061,0.9393530150000001,0.04854949349792204,0.690918,1.031738,0.34082,0.9406067935691805,0.884741140108495,0.5,34.92792060848698,0.532334479918204,0.020693474999999996,0.18104850778274692,-0.945142,0.519602,1.464744,0.18222728137667807,0.033206782077935,1.0,300.88347039181633,0.699625629891052,0.22961337999999998,0.43000835407529653,-1.269694,1.477534,2.747228,0.4874725518935092,0.23762948884957003,0.5,2072.023156315673,0.6117979726412907,-0.0801466,0.2239439430579894,-0.832429,1.417847,2.250276,0.2378536674594697,0.05657436712392,0.5,346.13567085248843,0.7867197886223011,1.8728177644090807,0.023584342471484693,1.7928352535704444,1.9537914543494657,0.16095620077902129,1.8729662570094638,3.5080025998960407,0.5,4.557319262360131,0.7775046241956383,0.3078922677685658,0.22108076274023664,0.022529560781337925,1.4295857630117894,1.4070562022304516,0.37904399771725045,0.14367435220547498,0.5,532.6472656356434,0.6325804598219914,2.0621305432308277,0.08716663692916939,1.6734342469359231,3.1862825376852566,1.5128482907493335,2.0639719959144336,4.2599803999190105,50.0,3.094252907229877,0.9730178889430695,0.4274686860467613,0.3803697681216007,0.01431228021665311,1.806563677551666,1.792251397335013,0.5721980758893069,0.327410638051425,0.5,2293.9295497897438,0.4711985486108097,-0.06358229445768471,0.2705661627240369,-0.7519778000229698,-0.15928900538136423,0.5812259050765545,-0.18373628584595003,0.02809088838691315,1.155156696572288,0.013700787608524993,-0.15423299296008236,0.6413255893789556,-0.15485390890313502,-0.11231469643914369,0.49846959508942734,-0.04258316455134,chewing,chewing_01.csv,6176435.0,6178425.0
-0.12084716499999999,0.04145827964095682,-0.237793,0.040527,0.27832,0.12776081652574472,0.016322826239325003,0.5,17.5277268989929,0.6912088477473133,1.7823974750000002,0.020046465227051256,1.730469,1.834961,0.10449200000000003,1.7825102018374188,3.177342619654475,0.5,4.822041823150018,0.6705306406335196,-0.5554638249999999,0.04181350941925797,-0.734375,-0.391113,0.343262,0.5570353942556837,0.310288430453585,1.5,15.937632982199798,0.8029016705596782,0.088100475,0.11017894517923726,-0.291243,0.295773,0.587016,0.14107123610444122,0.019901093656035,1.5,139.24154259539822,0.6058850313305004,-0.02238149999999999,0.25047093732658887,-1.223596,0.564634,1.78823,0.25146892847330066,0.06323662198751,1.0,715.6131193120308,0.6508569351362874,0.053051325,0.07607270293133651,-0.167072,0.233421,0.400493,0.09274426783114414,0.008601499215535,0.5,77.48261499026468,0.6256015137972893,-0.238994115,0.03769304551560904,-0.378418,-0.057617,0.320801,0.24194824381440547,0.058538952684874995,1.0,11.735820771671921,0.8118167716654162,-1.808371595,0.02264839647791814,-1.887207,-1.704102,0.18310500000000007,1.8085134158932483,3.270720775465865,1.0,3.4367640971570883,0.8462219283535224,0.9525610050000001,0.0412874461919719,0.810059,1.031738,0.22167900000000007,0.9534553589233558,0.9090771214596651,1.0,24.98642849078901,0.6098266580044411,0.044436625,0.1442181210167584,-0.400227,0.519602,0.919829,0.15090884689439185,0.022773480070995,1.0,240.0981755057295,0.5741325478085098,0.10419748000000001,0.26309867690328587,-0.512141,0.823103,1.3352439999999999,0.2829806152841745,0.08007802862660998,0.5,943.5728690666882,0.5734539481867358,-0.0550778,0.13850027803130938,-0.525198,0.196116,0.721314,0.14904996164907255,0.02221589106759,0.5,262.4585756358357,0.54471138651951,1.8717563941196043,0.0219517065341783,1.7874378628646088,1.94998956777671,0.16255170491210125,1.8718851130203973,3.5039538763473854,3.0,3.139032996789246,0.8410687957116024,0.2529509388793462,0.1665984315026323,0.022529560781337925,1.2249472884144852,1.2024177276331474,0.30288482111040166,0.09173921485908,5.5,156.08019971170276,0.7334740120104966,2.0586493539155724,0.017311476927181938,1.9724926032756118,2.1116146821321355,0.13912207885652372,2.058722139971882,4.2383368496104055,1.0,1.2656495531746634,0.8873359304287131,0.2883992241988845,0.20467849727481532,0.01431228021665311,0.9928151020492184,0.9785028218325653,0.35364869541000005,0.125067399765195,0.5,584.497497347439,0.46020376793336715,0.004640229606996352,1.2680435428192962,-0.73438297326302,-0.038080065772183064,0.8139518010968482,-0.033328184906114985,-0.03403917583752107,0.7639743494261331,-0.0028723864149600015,-0.01262773957669694,0.95200378912837,-0.016841406639099984,-0.06242757509997296,0.5492602903955143,-0.013614391852055001,chewing,chewing_01.csv,6176935.0,6178925.0
-0.10822752,0.03889917483121718,-0.237793,0.040527,0.27832,0.11500583414722924,0.0132263418879,1.5,14.36763903358668,0.7061798344594183,1.768820805,0.026029487279563824,1.700684,1.834961,0.13427699999999998,1.7690123160704352,3.129404574408885,0.5,8.973667347703536,0.6080767776177708,-0.57828858,0.04587332711580445,-0.734375,-0.391113,0.343262,0.5801052007171544,0.33652204389909,0.5,25.375666366142923,0.6725554029031305,0.100040665,0.11134325336351895,-0.291243,0.322153,0.613396,0.14968451731296392,0.022405454723215,1.5,122.04616940309157,0.6186504163255425,0.04616863,0.20907155361393165,-1.223596,0.564634,1.78823,0.21410851670734632,0.04584245692662,1.0,371.09466742927367,0.6807947249358557,0.045836845,0.06911392960258428,-0.167072,0.251807,0.418879,0.08293221101999512,0.006877751624665001,2.0,63.436251489049745,0.581333251283118,-0.23377683499999996,0.0330917309554483,-0.378418,-0.057617,0.320801,0.23610732991638572,0.05574667124024501,5.0,3.4733912510247587,0.8798245650124525,-1.7963378849999998,0.022510500398075884,-1.878418,-1.704102,0.17431599999999992,1.7964789227025306,3.227336519714445,0.5,2.3755164895759977,0.7992844456041733,0.978776855,0.03696643902452568,0.896484,1.163086,0.2666020000000001,0.9794746803760906,0.959370649497845,1.0,21.410576127509298,0.5132522537280287,0.011876275,0.1352314999956348,-0.400227,0.372781,0.7730079999999999,0.13575199629819446,0.018428604498945,4.0,111.16534314586173,0.6490952826903302,0.0015707900000000005,0.19360704597432887,-0.512141,0.53479,1.0469309999999998,0.19361341800642332,0.03748615563213,1.0,435.848675373314,0.6447974009495773,0.004976189999999999,0.08215372561615145,-0.311228,0.196116,0.507344,0.0823042957538062,0.00677399709953,3.0,49.213956740151275,0.7294394051239761,1.865082957229569,0.024870119575114143,1.7874378628646088,1.94998956777671,0.16255170491210125,1.8652487663032713,3.4791529601958753,3.0,5.266926394112185,0.7269450375699222,0.2259694733960108,0.15512401608915868,0.022529560781337925,1.2249472884144852,1.2024177276331474,0.2740906114307821,0.07512566327449999,3.0,190.96591678484165,0.6961312945497141,2.0596241929719605,0.0200505405696361,1.9724926032756118,2.1346530338097103,0.16216043053409845,2.0597217871480935,4.242453840452535,5.0,1.7020153976464676,0.7845600356802425,0.21549656226097078,0.12747544424048318,0.01431228021665311,0.6125751933762907,0.5982629131596376,0.25037722985648075,0.062688757230605,0.5,159.1342547128747,0.6689945022703798,0.004819579005478032,1.2403715245850602,-0.7633008802566601,0.027648571848675557,1.2168933163042472,0.012436906043894982,-0.02388824663211586,0.8233529419337435,0.003976850224269999,0.015464507639602748,1.0798757481256815,0.008356301294489998,-0.013039796013567195,0.8412756583372335,0.00010375452513500076,chewing,chewing_01.csv,6177435.0,6179425.0
-0.09077879,0.041180218438054694,-0.209961,0.040527,0.250488,0.09968249146399784,0.009936599104470001,1.5,12.121031211758053,0.7503148265831068,1.7545263800000002,0.030245673082700607,1.695801,1.817383,0.12158200000000008,1.7547870579805773,3.07927761885613,1.5,12.447558272285598,0.6012115590699754,-0.6047192250000001,0.05022907794141134,-0.748535,-0.391113,0.35742199999999996,0.6068016985436387,0.36820830135544497,0.5,30.039610289898782,0.6505171759387876,0.10223635,0.11661124453005164,-0.291243,0.373847,0.66509,0.15508208669014611,0.024050453612169998,4.0,101.28253288493099,0.6136312133128924,0.024260085,0.2175957088940583,-1.223596,0.564634,1.78823,0.21894392947354122,0.047936444253314996,1.5,345.64384233902933,0.6714265274148544,0.05454483999999999,0.07445687603502044,-0.167072,0.251807,0.418879,0.09229824461776075,0.00851896595952,1.5,73.14111923577804,0.5699390571855352,-0.23479734,0.028275345228032142,-0.321777,-0.101074,0.22070299999999998,0.23649373357203357,0.055929286018839994,3.0,4.611636261729738,0.7924974774798142,-1.782722165,0.02659592445183612,-1.851563,-1.688965,0.16259800000000002,1.7829205424751087,3.1788056607797355,0.5,7.881491374324575,0.627292460439284,1.006142585,0.05052845919185321,0.900391,1.163086,0.262695,1.0074105551059036,1.014876026538785,0.5,40.708558176159706,0.4615149058461201,0.03734211500000001,0.1374548614108347,-0.233421,0.522799,0.75622,0.1424369070084892,0.020288272478145002,4.0,160.7891339376535,0.5356208855344072,-0.003073629999999998,0.17873344661907323,-0.41728,0.53479,0.95207,0.17875987285101205,0.031955092141709995,1.5,390.57853613667834,0.565090688753396,-0.006665544999999999,0.07702267924830956,-0.220364,0.236619,0.45698300000000003,0.07731055949050557,0.005976922608735,3.0,47.63028971989777,0.6906661414224701,1.859209042384652,0.027645180975906354,1.7874378628646088,1.94998956777671,0.16255170491210125,1.859414563596845,3.4574225193160455,3.0,7.096286020201546,0.7491577916700345,0.23753113269910378,0.15519286331428303,0.05473933881588268,1.2249472884144852,1.1702079495986024,0.2837355526278034,0.08050586382500502,2.5,187.44376561568626,0.7472590781083867,2.0613643503244004,0.019697424933828544,2.010157366761369,2.1346530338097103,0.12449566704834147,2.0614584578247896,4.24961097333736,4.0,2.11592394982209,0.7966211470420856,0.20971019905703944,0.11933951416042758,0.01431228021665311,0.6807799627640343,0.6664676825473812,0.2412888046068238,0.05822028722859,0.5,139.2489743153822,0.6563503097236607,0.007947756042077814,1.4034921350774263,-0.7921884540213142,0.03585334915385542,1.3004314992070265,0.022285576596415023,-0.020843616880783053,0.8483602786627954,0.003762181134024996,0.03886226227498507,1.2174313930050848,0.015981352111605,-0.002565803213289114,0.9666876920105915,0.002542043350785,chewing,chewing_01.csv,6177935.0,6179925.0
-0.07807860999999999,0.039683242325292675,-0.17627,0.040527,0.21679700000000002,0.08758441106144403,0.007671029060979999,2.5,11.217414810719632,0.7058069996225758,1.74077637,0.030802179678767864,1.695313,1.817383,0.1220699999999999,1.7410488633646501,3.03125114462334,0.5,13.981159554529125,0.5752857703507088,-0.6308959550000001,0.0489350531660381,-0.748535,-0.391113,0.35742199999999996,0.6327909176526834,0.4004243454637251,0.5,29.8885669391595,0.6338170681765818,0.08989782000000002,0.12260216239046356,-0.207308,0.373847,0.581155,0.15202930067447526,0.02311290826357,4.0,135.41014424793204,0.6087766007170013,0.01520301,0.221270431724756,-1.223596,0.564634,1.78823,0.2217920996535269,0.04919173546872,1.5,302.46330273078655,0.6832697830096117,0.04944877999999999,0.07531878220113226,-0.088732,0.251807,0.34053900000000004,0.09010050385957895,0.00811810079575,1.5,81.67895725060968,0.5340250479372002,-0.228364225,0.030718509504928375,-0.321777,-0.101074,0.22070299999999998,0.23042101919324764,0.053093846086055,0.5,7.292191769927458,0.7612111406940246,-1.772014185,0.024991395798569845,-1.851563,-1.688965,0.16259800000000002,1.7721904078583586,3.140658841705175,0.5,6.381518146237058,0.6158944134270438,1.027272955,0.04840683364219328,0.92627,1.163086,0.23681600000000003,1.0284128284000034,1.057632945617695,0.5,37.36517131258904,0.46666327059272844,0.023735205000000002,0.16350716075882726,-0.379975,0.522799,0.902774,0.16522091748869147,0.027297951575805,1.5,322.5928692263267,0.5217283660703833,-0.019644935000000002,0.18078088143086585,-0.41728,0.53479,0.95207,0.18184512795803742,0.033067650562075,1.5,380.76135012280486,0.6054046675082452,-0.006714834999999999,0.0787982447936994,-0.220364,0.236619,0.45698300000000003,0.07908383141733208,0.006254252391645001,3.0,56.05579953017796,0.6611955841477382,1.8543435294630979,0.027506251769115912,1.7874378628646088,1.94998956777671,0.16255170491210125,1.8545475241007021,3.4393465191480446,3.0,7.961419943910875,0.6925651513941019,0.23774453700304174,0.1545971527980037,0.043895452714375775,1.2249472884144852,1.1810518357001094,0.2835890416219216,0.08042274452803999,1.5,187.29800519441227,0.7083392258729263,2.061793662764494,0.019812258657082398,2.010157366761369,2.1346530338097103,0.12449566704834147,2.061888850886227,4.251385633408925,4.5,2.0884652535572457,0.7927186576301334,0.23509673955956675,0.1065334575520115,0.0221057277871596,0.6807799627640343,0.6586742349768747,0.2581082225143651,0.066619854529525,1.5,69.0024953110518,0.6944755219547493,0.007693993112033538,1.388345076914445,-0.8120391142608807,0.04806369524599216,1.4511605682423911,0.013802889998514992,-0.04090499836836367,0.7498274804691981,-0.004185043312234998,0.04048955029389023,1.2239703113151057,0.016124084906645,-0.0034794625925670813,0.9558433997904825,0.001863848404104999,chewing,chewing_01.csv,6178435.0,6180425.0
-0.07017576,0.03416379556990704,-0.167969,0.036621,0.20459,0.07804999820192182,0.006091802219319999,8.0,4.326047123686299,0.7268041756120399,1.7281469750000003,0.0234489383587909,1.695313,1.817383,0.1220699999999999,1.7283060550469078,2.987041819911805,0.5,6.32845823092795,0.6814672734751354,-0.6516943000000001,0.036010110925960785,-0.748535,-0.551758,0.19677699999999998,0.6526884315976421,0.42600218874139,0.5,15.232030644040893,0.6648517156060463,0.09478206499999998,0.11582697297607658,-0.207308,0.373847,0.581155,0.14966471699924805,0.022399527514465004,4.0,121.52439424169667,0.6136242864126397,0.023163564999999994,0.16782579493410948,-0.732772,0.435666,1.168438,0.16941678839115976,0.028702048188775003,6.5,95.60547810423189,0.7024307106272868,0.052277290000000004,0.07336885629315684,-0.088732,0.251807,0.34053900000000004,0.09008831291299667,0.008115904123510001,1.5,81.20688330955133,0.5250131049097585,-0.222392535,0.032458957343370946,-0.321777,-0.101074,0.22070299999999998,0.22474880096575597,0.05051202353554499,0.5,8.770275556361252,0.7220083345522899,-1.7607251400000001,0.01941361037366311,-1.819336,-1.688965,0.13037100000000001,1.7608321631818746,3.10052990689576,1.0,2.9251755595307807,0.7770986345470445,1.05261234,0.034339406954319994,0.937012,1.163086,0.2260740000000001,1.0531723188492232,1.10917193319025,1.5,12.423302193127306,0.7354085061726402,0.02448661,0.16277058025450392,-0.379975,0.522799,0.902774,0.16460211379468978,0.02709385586568,1.5,346.53921150802347,0.5293614437657269,-0.03394465,0.1585453938452565,-0.41728,0.3051,0.72238,0.16213846296659531,0.02628888117317,2.0,192.80861092905232,0.6240499367588377,-0.01057056,0.0744784309541118,-0.205709,0.236619,0.442328,0.07522481914966629,0.0056587734161000006,4.5,42.317563719511135,0.6854730102583084,1.848964259408616,0.021609680748741807,1.8011838947139738,1.9244825329324244,0.12329863821845066,1.8490905361481127,3.4191358108725147,3.0,4.393920678239174,0.6854110154067626,0.21491869881012066,0.11413777958465218,0.043895452714375775,0.7567966866946498,0.712901233980274,0.24334641938345836,0.05921747982675,1.5,97.06102754422125,0.6938804822426549,2.06394546105435,0.018520189380810733,2.010157366761369,2.1346530338097103,0.12449566704834147,2.0640285520364188,4.260213863621555,4.5,1.4576182979696153,0.8057748202792524,0.21588432353615153,0.11151443541662326,0.0221057277871596,0.6807799627640343,0.6586742349768747,0.2429845889247917,0.05904151045495001,3.5,79.25416967126306,0.679665583160215,0.003089491367931081,1.166817482500054,-0.8410780527490402,0.0026233441680289793,1.0235247047454263,0.00017596937179999161,-0.04694360727842729,0.7115964862628893,-0.004694328351214996,0.00928040108885303,1.0585346623056795,0.002413167015605004,-0.0011095746609549317,0.9851020671791734,0.0024571307074100004,chewing,chewing_01.csv,6178935.0,6180925.0
-0.06266845500000001,0.033633130912211776,-0.167969,0.036621,0.20459,0.07112329257736175,0.005058522747045,7.0,2.6808972167030527,0.6678695012175516,1.72336181,0.019777478135088407,1.692383,1.817383,0.125,1.7234752904546846,2.9703670768078596,3.0,3.707991960256125,0.7428940629746582,-0.662187445,0.03199937117643056,-0.756836,-0.551758,0.20507799999999998,0.6629601587360398,0.439516172071315,1.0,7.731039807057149,0.7780756215538748,0.07329184,0.11953805493705509,-0.300836,0.373847,0.6746829999999999,0.14021783192133588,0.01966104038872,1.5,174.8392808477821,0.6065968978880256,0.011054184999999996,0.20627680593224915,-1.012824,0.437531,1.450355,0.20657278540898122,0.042672315671625,7.0,169.43308503114335,0.6777677808890256,0.037773759999999997,0.06887273881574915,-0.110315,0.217966,0.328281,0.07855132778330358,0.006170311096520001,3.0,68.90911460787632,0.5932299218650198,-0.21222650999999998,0.027433053462381837,-0.289551,-0.126953,0.162598,0.2139922053932105,0.04579266396905,11.0,5.034835342194375,0.7508421515024191,-1.752031285,0.01652149073703021,-1.794922,-1.67627,0.11865199999999998,1.7521091813225926,3.0698865832749256,0.5,1.3161263631521272,0.8495501508862913,1.06966309,0.029039907336317377,0.937012,1.142578,0.20556600000000014,1.070057214510724,1.14502244232645,1.5,7.73214769390364,0.7087324208071839,0.010590595000000001,0.1325652919114614,-0.379975,0.522799,0.902774,0.13298765853275635,0.017685717322025,1.5,242.05510508987715,0.5984627572824953,-0.009552689999999999,0.15533052403312073,-0.41728,0.338674,0.755954,0.15562398781241918,0.024218825582639995,3.5,158.41790627626986,0.6070503775183682,-0.015950469999999998,0.06767640848544713,-0.182793,0.236619,0.419412,0.06953066775682512,0.00483451375871,1.5,36.82921807696413,0.7063632348310062,1.8478679809004221,0.01804707148589471,1.8011838947139738,1.9244825329324244,0.12329863821845066,1.8479561065204497,3.41494177162622,3.0,1.9472736448736523,0.7871425399098825,0.21988601321938714,0.14196410936341802,0.028237842375082412,1.0216642124856876,0.9934263701106052,0.26173205221536205,0.06850366715686501,4.5,89.74048196892853,0.7215467576868273,2.064085314693345,0.015921785003541262,2.0042810733876624,2.109492293216072,0.10521121982840942,2.064146721909667,4.260701689570425,11.0,0.7901355278993876,0.8331568088125462,0.1852751731515737,0.11140990475280634,0.0221057277871596,0.6807799627640343,0.6586742349768747,0.21619217530561785,0.046739056663375,1.5,79.98114762881391,0.6889216561738519,0.002125286482353453,1.1334829280687282,-0.8457599179442048,0.03055420461061162,1.2742503431665664,0.02176461049349001,-0.013027236974406345,0.9017296549755492,0.001975323066694998,0.050946281899128365,1.327986287410356,0.018453490088985006,0.0011963303303020034,1.0176772136269503,0.001335797337810001,chewing,chewing_01.csv,6179435.0,6181425.0
-0.065080555,0.028276651750816874,-0.167969,0.008789,0.176758,0.07095806982539055,0.005035047673345,7.0,3.7206730512609627,0.698328447562927,1.720507805,0.011797313412255138,1.684082,1.749512,0.06542999999999988,1.720548250898435,2.9602862836696646,3.0,0.8770308114122852,0.756804725759444,-0.667131325,0.0257723486003774,-0.785645,-0.570312,0.215333,0.6676289528987153,0.445728418748635,1.5,2.3124127969192614,0.8017984613095317,0.039303195000000006,0.11930214166760367,-0.333611,0.22596,0.559571,0.12560948269810285,0.015777742143685,1.5,180.85792898714772,0.4594275578867594,0.009888395000000001,0.20470620007913531,-1.012824,0.437531,1.450355,0.20494489187709705,0.042002408706515004,3.0,265.4618184152259,0.6519377010418838,0.01281956,0.054957786776455984,-0.110315,0.153749,0.26406399999999997,0.056433141379512095,0.00318469944596,3.0,37.067628495651704,0.5762677536439563,-0.20575924,0.021929152086717807,-0.275879,-0.126953,0.14892599999999998,0.20692450931830186,0.042817752556619994,11.0,1.298114277074076,0.7812613483646704,-1.745888705,0.01845092096937102,-1.783203,-1.67627,0.10693300000000017,1.7459861988948238,3.0484678067311948,0.5,3.739448860431686,0.6592146546794486,1.0831005850000002,0.03091627750607719,0.994629,1.146973,0.15234400000000003,1.0835417359023025,1.174062693442175,0.5,13.658112148691826,0.5265482632488215,0.0041195300000000015,0.1146696297452778,-0.379975,0.285648,0.6656230000000001,0.11474360336567786,0.013166094513339999,1.5,198.10095446283015,0.5215101012491836,0.012736885000000002,0.15125942633380499,-0.375179,0.338674,0.713853,0.15179473737364876,0.023041642294335,1.5,261.20586205504554,0.604708942444494,-0.016534035,0.05506385745726297,-0.136962,0.153482,0.29044400000000004,0.057492631801431736,0.0033054027114549998,1.5,27.584004255920075,0.7270070015716064,1.8468667066372018,0.011537677699675265,1.8124918204540952,1.8832467746543469,0.07075495420025169,1.846902745163276,3.411049750091645,3.0,0.5930520737096869,0.798130621846764,0.19988368020486685,0.1449529740430272,0.01410534086791241,1.0216642124856876,1.0075588716177752,0.246910611955339,0.06096485029616,4.5,98.95641665543579,0.6990105693362046,2.0652256979115275,0.013822786109702483,2.0042810733876624,2.10809764286311,0.10381656947544782,2.06527195611861,4.26534825272999,11.0,0.44036356908297314,0.8479276103564803,0.1708321840189957,0.10163416956137337,0.015176419109921813,0.46565362361523616,0.45047720450531437,0.19877912244280083,0.03951313951913,1.5,79.83218555702098,0.698344278061446,-0.002285108410027218,0.8346853961356419,-0.8542985026383452,0.04331880448165386,1.42622284088714,0.02145171077703,0.004632511922325874,1.0403987693395047,0.002611647630345,0.0534467737453303,1.3533450776639993,0.018960766412180006,-0.00010607068080700083,0.9980736787122237,-0.0001207032654949999,chewing,chewing_01.csv,6179935.0,6181925.0
-0.067941875,0.027667489497050054,-0.162598,0.019531,0.18212899999999999,0.07335930993122142,0.005381588353585,0.5,3.3950994380190767,0.8068138949201233,1.71968503,0.011542862080485055,1.682617,1.749512,0.06689499999999993,1.7197237685370026,2.95744984007111,1.5,0.6466978147547912,0.8067451579450517,-0.669213875,0.02697272206432593,-0.785645,-0.570312,0.215333,0.669757223348935,0.4485747382280751,1.5,3.1778384897385523,0.8107999121397715,0.051893539999999995,0.12124289970257393,-0.333611,0.284582,0.618193,0.13188169024553786,0.01739278022202,1.5,178.76288871952585,0.4703724968633877,0.024924894999999996,0.18991775077976247,-1.012824,0.437531,1.450355,0.19154634544152754,0.036690002452005,3.0,291.4529278534488,0.6073999760783676,0.014591515,0.05594282137638193,-0.110315,0.192386,0.302701,0.05781445817046978,0.003342511573545,3.0,28.272749954621446,0.6557120791994036,-0.20414793000000003,0.023255874594499775,-0.308105,-0.12207,0.186035,0.20546827742121165,0.04221721302643999,11.0,1.578905427656836,0.7799536130074929,-1.73773682,0.01835218548423049,-1.773438,-1.651367,0.12207100000000004,1.7378337257332073,3.02006605829576,0.5,3.1350100860147982,0.6887939752972095,1.0982055750000002,0.028723301704093398,1.027344,1.178711,0.15136700000000003,1.0985811362943863,1.206880513021865,0.5,8.125280360663576,0.6595461220295225,0.003773089999999999,0.09046203723121594,-0.218766,0.280319,0.499085,0.09054068913019163,0.008197616388170001,1.5,95.57615353192237,0.5899035203904104,0.017458619999999998,0.1653782214107577,-0.555308,0.365587,0.920895,0.16629720240969176,0.027654759529289995,1.5,318.6123655174794,0.5377597480912707,-0.018938865,0.0629903595911055,-0.181994,0.159877,0.341871,0.06577587710479428,0.004326466008905,1.5,32.144650700585856,0.6425668315293602,1.8469640601463397,0.011398560458137976,1.8079254370227773,1.8747748169753613,0.066849379952584,1.8469992329865137,3.4114061666527697,3.0,0.28994311083668356,0.8392830341595449,0.1984220955147916,0.1343650485025363,0.01410534086791241,1.0216642124856876,1.0075588716177752,0.23963575327477743,0.05742529424757001,4.5,78.37943533731601,0.680854920263549,2.066124709379626,0.017101743625181846,1.9582878989160404,2.10809764286311,0.1498097439470698,2.066195485510523,4.269163784344065,11.0,0.4072673033714348,0.8231913938125509,0.16871015491009733,0.10823920526581839,0.015176419109921813,0.6263874836720479,0.611211064562126,0.20044660617322757,0.040178841926365,1.5,81.67324796307302,0.7022765515231667,-0.005703183167043872,0.666514520855868,-0.8577576176912953,0.026125843236717877,1.2413713512821618,0.01724645232120501,0.030780862471357986,1.340262760086685,0.009195163833849999,0.024539529369004748,1.1483842863931566,0.009035242922715007,-0.007047538214723571,0.8881171934805289,-0.0009839544353600002,chewing,chewing_01.csv,6180435.0,6182425.0
-0.07225095,0.029454454178230838,-0.162598,0.019531,0.18212899999999999,0.07802412861954947,0.006087764646839999,9.5,3.3134049110771215,0.7682408455311056,1.71712888,0.013237560901298993,1.677734,1.749512,0.0717779999999999,1.7171799042466895,2.9487068235486698,1.5,0.9786363906281483,0.7756665064324925,-0.67400882,0.028487054552333066,-0.785645,-0.570312,0.215333,0.6746105555910462,0.45509940171486,1.5,4.368268863255015,0.8060990981163797,0.05425439,0.12372560067349804,-0.333611,0.381308,0.714919,0.13509834601611523,0.01825156309629,1.5,187.16027308470674,0.49210098187464124,0.019457104999999995,0.18079409310393404,-1.012824,0.437531,1.450355,0.1818380681712578,0.033065083036255,3.0,248.17133296621103,0.6275444261408732,0.017157525,0.053777663983473424,-0.110315,0.192386,0.302701,0.056448364082982955,0.003186417807645,3.0,27.299301346234294,0.6666369397135112,-0.19786377000000002,0.027204005218112646,-0.308105,-0.023926,0.284179,0.1997251345687868,0.039890129378519996,11.0,3.832915373215027,0.7810438571807359,-1.7323559499999999,0.016444179822280594,-1.789551,-1.651367,0.13818399999999986,1.732433995438334,3.00132754855043,0.5,1.3195570164776147,0.843823136387472,1.11125,0.022985539936447003,1.027344,1.197266,0.1699219999999999,1.1114876956341757,1.2354048975461702,0.5,3.1392546763734,0.8017318666096457,-0.007778054999999999,0.07717472844061049,-0.218766,0.269926,0.488692,0.07756569376641326,0.006016436849465,1.5,61.37187160518301,0.6759086228935252,0.012250629999999998,0.16258181845708672,-0.555308,0.365587,0.920895,0.1630427110551404,0.026582925628209998,1.5,291.551631671232,0.5762183139322025,-0.01661662,0.07315861110543037,-0.181994,0.196383,0.37837699999999996,0.07502195971247351,0.005628294439099999,1.5,48.99818321342469,0.6602072423952383,1.846549371675459,0.012223251422481552,1.8079254370227773,1.8792687435944333,0.071343306571656,1.8465898271977916,3.40989398991037,4.5,0.2487355456772818,0.8359347855665082,0.19382330698534503,0.1301368111237351,0.01410534086791241,1.0216642124856876,1.0075588716177752,0.2334589127452409,0.05450306394019,4.5,74.19694216430155,0.6979056470461276,2.0679224914830203,0.01786462128839428,1.9582878989160404,2.1158526884625024,0.15756478954646203,2.067999655579062,4.27662257547512,11.0,0.4922961833509468,0.8626652081086892,0.1667808666197422,0.10203822541745207,0.015176419109921813,0.6263874836720479,0.611211064562126,0.19551894260345978,0.038227656916775,3.0,75.92092888595047,0.7233218177652658,-0.005641369865912731,0.6842155355637102,-0.8667285855647497,0.02809858570628304,1.2753731318956985,0.016275407023414998,0.04655087223288751,1.6031880276548112,0.012235126246824999,0.018212274646847354,1.1120191348558108,0.006482157408045003,-0.019380947121956947,0.7350831729975482,-0.0024418766314549993,chewing,chewing_01.csv,6180935.0,6182925.0
-0.07391355,0.029075475665197636,-0.162598,0.019531,0.18212899999999999,0.07942667158303941,0.00630859615876,10.0,3.6533429055363307,0.7542530214118349,1.7142138299999998,0.012513252205605853,1.677734,1.749512,0.0717779999999999,1.714259500905283,2.9386856364440304,0.5,0.9665245991506736,0.7879865413030337,-0.680100135,0.026560935104336502,-0.785645,-0.58252,0.203125,0.6806185987031467,0.46324167690063506,0.5,4.044434510848021,0.8135510098092922,0.052101379999999996,0.11818010673677529,-0.333611,0.381308,0.714919,0.12915529964434289,0.01668109142622,1.5,156.1855228052183,0.5672254260894054,0.0216101,0.15009632480407373,-0.619792,0.269926,0.889718,0.15164400133767245,0.022995903141700004,1.5,223.07860574608242,0.6014547631475821,0.01819273,0.05132356734178851,-0.074077,0.192386,0.266463,0.054452584782909985,0.00296508398954,3.0,25.216018656489723,0.6666762198654413,-0.193183605,0.02667479001265005,-0.308105,-0.023926,0.284179,0.19501653689627196,0.038031449663015,0.5,4.379860984200647,0.7746395769620276,-1.7275878749999998,0.013637233644672042,-1.789551,-1.651367,0.13818399999999986,1.7276416989608971,2.9847458399884954,3.0,0.6584189690334741,0.8824931858571996,1.12022217,0.022751788825520952,1.027344,1.197266,0.1699219999999999,1.120453191371362,1.25541535405427,1.5,2.129729344482671,0.8115671792248078,-0.00978587,0.08343447864122543,-0.218766,0.269926,0.488692,0.08400640140959498,0.007057075477790001,1.5,76.49479845462477,0.6052414159534507,0.021872600000000002,0.17770877726721884,-0.555308,0.466842,1.02215,0.17904977003216171,0.03205882014857,3.0,388.2129380688582,0.5330891546608979,-0.02269462,0.07469553546320959,-0.260334,0.196383,0.45671700000000004,0.07806707881738627,0.006094468795079999,1.5,53.32602445665364,0.6431048099432435,1.8460995038746852,0.012350356151367814,1.8079254370227773,1.8792687435944333,0.071343306571656,1.8461408151881114,3.4082359095034245,5.5,0.3253792839683972,0.8228954368340334,0.17837848016510613,0.10403459218667045,0.01410534086791241,0.6251724019276602,0.6110670610597478,0.2064995848844738,0.04264207855746,1.5,57.88836464848981,0.7304502534790728,2.068309422896093,0.016993377092610853,1.9582878989160404,2.1158526884625024,0.15756478954646203,2.0683792311144926,4.27819264370578,11.5,0.6100560592128201,0.8696305769511187,0.18237190307411466,0.10931995879328593,0.015176419109921813,0.6263874836720479,0.611211064562126,0.2126272899263874,0.045210364421440004,1.5,109.46846984516154,0.6677284389152531,-0.004643020941243034,0.7267746772204604,-0.8699567342023555,-0.0052853666066155075,0.9516523179759915,-0.002568285863980002,0.03474562809554986,1.416442083193912,0.009624015948429997,-0.02761245246314517,0.8446196474492388,-0.009062917006869994,-0.02337196812142108,0.6871035467316159,-0.0031293848055399987,chewing,chewing_01.csv,6181435.0,6183425.0
-0.5829614,0.004693972529744928,-0.592773,-0.572754,0.02001900000000001,0.5829802974956101,0.33986602726807,5.0,0.013132833860258701,0.9240160265641987,0.9744775149999999,0.004157719480649819,0.963867,0.987793,0.023926000000000003,0.9744863846518611,0.949623713871855,47.5,0.022615514837360937,0.8902750062116807,-1.3229321549999997,0.006760006440157798,-1.34082,-1.305176,0.03564400000000001,1.3229494262518182,1.750195184420015,8.0,0.06833043006587455,0.9102492217424152,0.048132465,0.005408640707125497,0.033841,0.065816,0.031974999999999996,0.04843539595455992,0.002345987581275,0.5,0.0774569097521836,0.9032998948501733,0.021591425,0.005019669418833774,0.008793,0.034107,0.025313999999999996,0.022167244181562126,0.000491386714605,50.0,0.013964380383384616,0.9095821998890364,0.01272756,0.004357269762867569,0.001066,0.023182,0.022116,0.01345275374560911,0.00018097658333999996,23.5,0.025755916956813913,0.8945406412020085,-1.86280029,0.004354603240927927,-1.875,-1.850098,0.02490199999999998,1.862805379795074,3.47004388299347,22.5,0.0236956953720908,0.9100659102159049,0.20510009999999998,0.0044901447003409594,0.193359,0.21875,0.025390999999999997,0.2051492442575405,0.04208621241944001,9.5,0.029878348553155014,0.8997978069288426,-0.573496055,0.007251944787570782,-0.59375,-0.554199,0.039551,0.573541904139327,0.328950315803765,48.0,0.06175585106584933,0.9224577957037691,-0.032034075,0.0046123469372300035,-0.0429,-0.017054,0.025846,0.032364420362104435,0.001047455705375,1.0,0.03196397614127419,0.8951572730967228,0.041510835,0.005096842657741653,0.028511,0.056757,0.028246,0.04182256839883223,0.001749127227475,3.0,0.046198139131043175,0.9170537327006082,-0.011669715,0.004505942473420516,-0.024248,0.003997,0.028245,0.012509427075409968,0.00015648576575499998,50.0,0.01868099346363705,0.9017671610680634,1.7434603792734316,0.005552608727591066,1.728077194140933,1.761802723305308,0.03372552916437499,1.7434692212826528,3.0396849255599396,8.0,0.05522235971981357,0.9075440329873118,0.054708053081456764,0.005037837557574637,0.040603337178118745,0.06845793458759912,0.027854597409480375,0.05493952019466497,0.00301835087922,17.5,0.060642602991554495,0.8986347651104266,1.9598619702258924,0.004633452164216905,1.9480409768865232,1.971301009702222,0.023260032815698883,1.9598674473587938,3.8410804112166748,48.0,0.018031157761268183,0.9030094504548768,0.054145711431660366,0.004616344025780972,0.04197766572833701,0.06714518491299283,0.025167519184655818,0.05434214477369291,0.002953068698605,3.0,0.03992451818029935,0.9200592264547063,0.0009191565633741607,1.1983740267079042,-0.8013954856567351,0.00042149353179366314,1.0913046188585038,6.528218061500023e-05,0.0007962937698954928,1.1726439447709274,0.0012985318758999998,-7.717323890788202e-05,0.9848586185428615,-0.0012577405128700002,-0.0001486727105529488,0.9670051911603547,2.4490817584999977e-05,non_chewing,still_01.csv,5896900.0,5898890.0
-0.58328855,0.004481122761931432,-0.592285,-0.572754,0.019530999999999965,0.583305762891393,0.34024561302231,50.0,0.021463593567080577,0.9149218324962061,0.9742236299999999,0.00405786223190241,0.963867,0.987793,0.023926000000000003,0.9742320809213121,0.9491281474962701,47.5,0.02112787712612342,0.9030759141120898,-1.323142125,0.006413835520137304,-1.344238,-1.305176,0.03906200000000015,1.3231576702100152,1.750746220235595,42.5,0.04535026135542054,0.9215231470380271,0.04745833,0.0054892719053714215,0.033841,0.065816,0.031974999999999996,0.047774733829085855,0.0022824251924400004,0.5,0.0579098991472598,0.9144904719120537,0.02182591,0.00481308261428162,0.008793,0.034107,0.025313999999999996,0.022350304507545306,0.00049953611158,12.0,0.02161280337826214,0.9237187101816766,0.01298336,0.004244369067411551,0.001066,0.02558,0.024513999999999998,0.013659513376032105,0.00018658230567,21.0,0.028380992505243827,0.9044757037503678,-1.862563495,0.004309626846952648,-1.874023,-1.850098,0.023924999999999974,1.8625684808323626,3.469161345790175,3.0,0.025771551158134585,0.9249126149771888,0.20520752,0.004534298050371193,0.195801,0.21875,0.022948999999999997,0.20525760917286356,0.04213068612336,9.5,0.03436552666400376,0.8918146344853213,-0.5734057149999999,0.007203998606591691,-0.588867,-0.554199,0.03466800000000003,0.5734509670325659,0.32884601159058496,34.0,0.050684237508602466,0.9144694465184011,-0.031968825,0.004794781221742552,-0.0429,-0.017054,0.025846,0.032326393223571975,0.001044995698845,1.0,0.03061068994011432,0.9169849594805632,0.041229724999999995,0.005045167639372849,0.028511,0.056757,0.028246,0.04153725966027369,0.0017253439400850001,42.5,0.02728416235447772,0.9174957641661782,-0.012008115,0.004651359267114829,-0.024248,0.003997,0.028245,0.012877498549213664,0.000165829968885,14.5,0.02139794049520287,0.901328351559073,1.743585885197507,0.005314291505131253,1.7315706481665716,1.761802723305308,0.03023207513873638,1.7435939839177512,3.0401199807541754,30.5,0.04107195628816078,0.9206804462654278,0.054254443277526654,0.004999899432552871,0.040603337178118745,0.06845793458759912,0.027854597409480375,0.05448434279396237,0.0029685436096899996,0.5,0.055563383662433845,0.9178433620826156,1.9596214621052248,0.004665700451317469,1.9478199183317744,1.971301009702222,0.023481091370447738,1.9596270164253502,3.84013804350412,9.0,0.020905742460728224,0.916873982708942,0.05395752397797916,0.004975461182725044,0.04197766572833701,0.06803532478793645,0.026057659059599433,0.05418643379864558,0.0029361696078150003,10.0,0.029425519641413926,0.9115348863073534,0.0006485910538137881,1.1390125792646297,-0.8000180627499445,2.4438249827825852e-05,1.0049117557006928,3.237400187499923e-05,0.0006944906836288678,1.1448430390274347,0.0012374294935950003,-0.0002320850250912285,0.9539985503593537,-0.001225807828505,-0.0004069901997032794,0.9125008032424617,2.0752336785e-05,non_chewing,still_01.csv,5897400.0,5899390.0
-0.58331784,0.004428875764164082,-0.592285,-0.572754,0.019530999999999965,0.5833346530104311,0.3402793174028,50.0,0.016864399072978365,0.9090117897521471,0.9745507549999999,0.0037516750692157493,0.964355,0.987793,0.02343800000000007,0.9745579762830403,0.9497632491368949,47.5,0.01624510789538688,0.9269704836395007,-1.322995645,0.0063279038495361924,-1.344238,-1.307129,0.03710900000000006,1.3230107781330034,1.7503575190560952,33.0,0.027714731119233484,0.9040079816501672,0.047642199999999996,0.00540486242840648,0.031709,0.065816,0.034107,0.04794780243879796,0.00229899175871,12.0,0.051791059833414727,0.9226496421865844,0.021426215000000002,0.0051164027146790355,0.003997,0.034107,0.030109999999999998,0.02202862378735903,0.000485260265965,20.0,0.027471786863179512,0.8993019713321334,0.012672914999999998,0.004258810002544725,-0.002665,0.02558,0.028245,0.01336937684542552,0.00017874023723500002,21.0,0.009331240218783511,0.9141649676525948,-1.862463405,0.004440965146336437,-1.874023,-1.850098,0.023924999999999974,1.862468699639171,3.4687896571356247,22.5,0.03019276354421257,0.9091257079598052,0.20488525500000002,0.00442289716249146,0.195801,0.21875,0.022948999999999997,0.20493298840285573,0.041997529735725,9.0,0.024169339274227646,0.9129614518927709,-0.57303464,0.006932471656660415,-0.588867,-0.557617,0.03125,0.5730765723733608,0.32841675780319995,48.0,0.06716328833867172,0.9077044539033284,-0.032010135,0.004887770261251545,-0.0429,-0.017054,0.025846,0.032381152555846435,0.001048539040845,27.0,0.03755311706316512,0.9272566421514176,0.041133804999999996,0.005123066221217035,0.028778,0.056757,0.027979,0.04145160698073116,0.0017182357212850003,5.0,0.022163621126458283,0.9143211729422485,-0.012234614999999999,0.004744288853640238,-0.024248,0.003997,0.028245,0.013122274228387394,0.000172194080925,7.5,0.020607896692676354,0.9265582006661823,1.7436660555951569,0.005363968774881819,1.7301221292816298,1.761802723305308,0.03168059402367818,1.7436743060548292,3.04040008559579,30.5,0.016299919194348027,0.9079308556642308,0.054194949781816534,0.005089172826342614,0.039043688516839696,0.06845793458759912,0.029414246070759424,0.05443337452252983,0.00296299226191,12.0,0.054653612701399644,0.9124484241082456,1.9593833295992398,0.004573003733571998,1.9478199183317744,1.970621756674781,0.022801838343006642,1.95938866605749,3.83920394467455,46.5,0.02598032803844267,0.9334998681294779,0.053966641001239345,0.00515465829113363,0.04200332211861343,0.06803532478793645,0.02603200266932302,0.05421225731377545,0.0029389688430549996,29.0,0.027618061912769262,0.923444158171497,0.0007909650413098195,1.1729640051467862,-0.7988038590787601,-6.548546479101698e-05,0.9872958669435651,2.402341885500035e-05,0.0005170921671549351,1.105793058903413,0.001250452717865,-6.663506538000415e-06,0.998699312823558,-0.0012329754553200003,-0.0004854788510955093,0.8976708910286929,6.546156310000033e-06,non_chewing,still_01.csv,5897900.0,5899890.0
-0.58338131,0.004448165263780111,-0.594727,-0.571289,0.02343799999999996,0.58339826793669,0.34035353903152993,24.5,0.011612249103925738,0.9118267264273372,0.97455076,0.0038277936964261784,0.964355,0.98584,0.021485000000000087,0.9745582772831802,0.94976383582116,6.0,0.017706414598661208,0.9187730139695406,-1.322744155,0.006197902661463389,-1.344238,-1.307129,0.03710900000000006,1.322758675490002,1.7496905135840648,18.5,0.04919898201914218,0.9335915963190973,0.0475156,0.005349303496718054,0.031709,0.065816,0.034107,0.047815764045553016,0.0022863472912600003,12.0,0.02881565996723942,0.9085654374096181,0.021181099999999998,0.004703544812160293,0.003997,0.034107,0.030109999999999998,0.021697058118786517,0.00047076233100999996,38.0,0.03581826108649304,0.9183936290757484,0.012696905000000001,0.004233083739542014,-0.002665,0.02558,0.028245,0.01338396034531633,0.000179130394525,14.0,0.0067735539768292805,0.9037046807904083,-1.862768575,0.0042848860760089135,-1.872559,-1.852539,0.02002000000000015,1.862773503208647,3.469925124256215,15.5,0.024756917074364414,0.9351959834492236,0.20497312,0.004521794008532454,0.195312,0.21875,0.023437999999999987,0.20502299028057805,0.042034426543590006,17.5,0.020229376947187155,0.9099511875373696,-0.572214345,0.006520405515454926,-0.588867,-0.557617,0.03125,0.5722514939358961,0.327471772311865,34.0,0.03430571723456943,0.8964868486450165,-0.032392515,0.004851261748223342,-0.043167,-0.019985,0.023181999999999998,0.03275377487519568,0.001072809768575,27.0,0.025066465498512477,0.916052930753146,0.04160013,0.005033604070951548,0.028778,0.056757,0.027979,0.04190355576750021,0.00175590798596,43.0,0.031076296427265886,0.9160006609903093,-0.012614340000000002,0.0047357906873509515,-0.024248,0.002665,0.026913,0.013474022675875235,0.00018154928707000002,7.5,0.02592670341119249,0.9070983018027757,1.7434965389465102,0.005263755151519732,1.7301221292816298,1.760365430339394,0.030243301057764294,1.7435044847767829,3.039807888436755,30.5,0.03317020898625117,0.9152818868140893,0.053955284753989766,0.005006721872730657,0.039043688516839696,0.06845793458759912,0.029414246070759424,0.05418708348670373,0.002936240016795,12.0,0.034996827218642126,0.9013269589456973,1.9594415490357482,0.004487652399399251,1.9470556136713197,1.9705487086702527,0.02349309499893293,1.9594466879993622,3.83943132311167,24.5,0.021628891388699605,0.927633475134304,0.05464103161956237,0.00496232860207635,0.04200332211861343,0.06803532478793645,0.02603200266932302,0.05486590053580639,0.003010267041605,29.0,0.0316221244903516,0.901685654605998,0.0007761027521204812,1.1729418152404976,-0.7996234346749151,4.4393270654308203e-05,1.0089460562196009,-7.402702480999992e-05,0.0004980417484947101,1.1026623122689898,0.0012135375226850003,-0.00033005925879125726,0.9344288398255243,-0.00128514565495,-0.000502706947808935,0.8938494158638305,-2.418892545000029e-06,non_chewing,still_01.csv,5898400.0,5900390.0
-0.58325191,0.004633543818925207,-0.594727,-0.570801,0.023926000000000003,0.5832703149029359,0.34020426024697004,37.5,0.016991278598822164,0.9095530127373284,0.974660605,0.0035842488849095,0.964355,0.983398,0.019043000000000032,0.9746671953949384,0.949976141779035,36.5,0.01795087450540975,0.891853561735413,-1.3224902550000002,0.006519394083039848,-1.344238,-1.306641,0.0375970000000001,1.3225063240185944,1.7490229770691752,36.0,0.053119896543214515,0.9009200078676283,0.04727444,0.004945101075448307,0.031709,0.058355,0.026645999999999996,0.04753237530315522,0.00225932670196,12.0,0.01703130924557439,0.9174782383054902,0.020983905000000004,0.00457319094134227,0.003997,0.033574,0.029577,0.021476460239876587,0.00046123834443499994,38.0,0.02969688967293224,0.9132158065985865,0.01272357,0.003943763742302523,-0.002665,0.02558,0.028245,0.013320754708348922,0.00017744250599999997,36.0,0.008566379575163563,0.9172847547081283,-1.8626880399999999,0.0044067047471324965,-1.872559,-1.852539,0.02002000000000015,1.8626932526333395,3.46962615340577,46.5,0.019953025623243338,0.9273707792157563,0.205061005,0.004660841515753887,0.193359,0.215332,0.021972999999999993,0.20511396640708066,0.042071739215245006,47.0,0.014836253512136476,0.9068970130532453,-0.5722387550000001,0.005933805753053854,-0.585449,-0.557617,0.027831999999999968,0.5722695193478899,0.32749240277466496,48.0,0.04738505058558398,0.8855411937293938,-0.031786310000000005,0.004980054653706122,-0.044233,-0.019452,0.024781,0.03217406483132027,0.0010351704477699999,42.5,0.022489409749647752,0.9040799791601964,0.041468255,0.004860495800839149,0.028778,0.053825,0.025046999999999996,0.0417521327859428,0.0017432405921749999,4.5,0.016852553953422538,0.8929247034118581,-0.012854160000000002,0.004864276991948547,-0.024781,0.002665,0.027446,0.013743748395543334,0.00018889061996,22.5,0.021256880482113327,0.9161090784840752,1.7433223524213242,0.005527625472140288,1.7301221292816298,1.760365430339394,0.030243301057764294,1.7433311157365317,3.0392033790951802,36.0,0.03057428451277946,0.9048440058317524,0.05362851726438533,0.004689316412711505,0.039043688516839696,0.06563499214595825,0.026591303629118553,0.05383314548115315,0.002898007552395,12.0,0.017480360989291566,0.9175578069509598,1.959380037827053,0.004490296263752038,1.9470556136713197,1.9705487086702527,0.02349309499893293,1.9593851830091193,3.83919029539568,14.5,0.021587962778875206,0.9203364005281164,0.0542473989181442,0.004951905746349328,0.04200332211861343,0.06803532478793645,0.02603200266932302,0.05447294429260273,0.002967301659905,44.0,0.02173647639170474,0.8783287237986883,0.0010373292083882494,1.2310157609782009,-0.7999869163004996,-0.0002625893336378228,0.9469720654858161,-6.929410750999973e-05,-3.495357825781392e-05,0.9929812862130335,0.0012241562541900001,-0.0002873048594968777,0.9408898039892812,-0.00128200224774,-0.000920513249646023,0.8107605197710418,-1.1448113960000022e-05,non_chewing,still_01.csv,5898900.0,5900890.0
-0.58278559,0.004754121019904731,-0.594727,-0.570801,0.023926000000000003,0.5828049807425465,0.33966164557832,37.5,0.013748204472066573,0.9072094749102939,0.9749462299999999,0.003592877720866655,0.964355,0.983398,0.019043000000000032,0.9749528502248352,0.95053306016153,39.5,0.01211658715071743,0.9097534612491922,-1.32201173,0.006810411818465895,-1.336914,-1.303223,0.033690999999999915,1.3220292719780187,1.74776139596673,36.0,0.05092051499068084,0.9105674114895927,0.047245129999999996,0.0050260575268395,0.031709,0.058355,0.026645999999999996,0.04751172026963453,0.0022573635629800004,12.0,0.030792654306670865,0.9249496832338279,0.021023865000000006,0.004641959663415333,0.003997,0.03091,0.026913,0.021530227334029706,0.0004635506890549999,47.5,0.03376319272347176,0.8971755329880406,0.01252373,0.0038184772209743506,-0.002665,0.02185,0.024515000000000002,0.013092921041539966,0.0001714245814,24.5,0.00964029405397442,0.9289281137261025,-1.86275883,0.004656237000099979,-1.878418,-1.851074,0.027343999999999813,1.8627646494621832,3.46989213928597,13.5,0.01888515770263754,0.909026522208641,0.205163555,0.0042995017184523825,0.193359,0.215332,0.021972999999999993,0.2052086012214522,0.042110570015265,49.5,0.019601851670332883,0.8855167653169869,-0.57251955,0.006399824809125637,-0.599121,-0.553223,0.045897999999999994,0.572555318628506,0.32781959288978996,49.5,0.07270293915706275,0.8860887156329535,-0.032146,0.00472259293397176,-0.044233,-0.019452,0.024781,0.03249104799817944,0.00105566820002,44.5,0.02078746232198629,0.9060730163534194,0.041808,0.004466158612275207,0.03011,0.053026,0.022915999999999995,0.042045873004969224,0.00176785543675,8.5,0.01275578798136423,0.9183625932297814,-0.012626334999999999,0.0048330449514540005,-0.024781,0.005063,0.029844000000000002,0.013519713718677625,0.00018278265903499998,20.0,0.027174241610583086,0.9004350533558818,1.7429638404668146,0.005757823525683567,1.7301221292816298,1.756419079031539,0.02629694974990926,1.742973350830867,3.03795610170658,36.0,0.03835391972398902,0.9166668416308756,0.05357504647989862,0.00469608646765601,0.039043688516839696,0.06563499214595825,0.026591303629118553,0.05378046888448445,0.002892338833435,12.0,0.02598635444793731,0.9242291263845304,1.9595404074571234,0.0048676209585008425,1.9470556136713197,1.976012902368302,0.02895728869698222,1.9595464531852838,3.8398223021910254,13.5,0.028477244133278953,0.9133870132097435,0.05464693822445987,0.004474196966726725,0.04200332211861343,0.06638607023314454,0.02438274811453111,0.05482979386980221,0.003006306295805,24.5,0.01685521414070678,0.8724718108430967,0.0008902025671827223,1.1828824747802245,-0.8018662004844455,0.00022188950092928098,1.0495931454469722,-0.0001139674623699999,0.00030346459286774343,1.0642580457622728,0.0012016953629600004,0.0001758010511401266,1.0393629215623776,-0.001304304747695,-0.001014567730479647,0.7900769099665793,-1.1358077634999986e-05,non_chewing,still_01.csv,5899400.0,5901390.0
-0.5824071500000001,0.004883714114022235,-0.596191,-0.568848,0.027343000000000006,0.5824276255764917,0.33922193903467,40.0,0.026612967233226866,0.9158361810820385,0.97480707,0.0036715395810340916,0.964355,0.983398,0.019043000000000032,0.9748139842682192,0.95026230392488,44.5,0.015087854849562909,0.9023806430406918,-1.3221679849999999,0.006741823631242139,-1.336914,-1.303223,0.033690999999999915,1.3221851733947236,1.7481736327448352,19.0,0.05131907778092157,0.9172847840532341,0.047596849999999996,0.004690383906195739,0.035972,0.060487,0.024515000000000002,0.04782739624012581,0.00228745983111,32.0,0.034131442914096546,0.9144749383304613,0.02119973,0.0044848799757741566,0.010126,0.031176,0.02105,0.021668933994776946,0.00046954270047,47.5,0.027522955330405607,0.9042279853747596,0.012333205,0.0038281464578794524,0.000533,0.02185,0.021317000000000003,0.012913661404690769,0.00016676265087499996,37.0,0.00944240985160704,0.893270871469716,-1.8627612799999997,0.004500136649214116,-1.878418,-1.851074,0.027343999999999813,1.8627667158012835,3.4698998374971,26.5,0.01746030489462465,0.906803995858515,0.20504635499999999,0.004203787798994496,0.193359,0.215332,0.021972999999999993,0.2050894427576539,0.042061679530645,7.0,0.01304468400021725,0.8815647706316274,-0.5729468099999999,0.006407088555178556,-0.599121,-0.553223,0.045897999999999994,0.5729826331337888,0.32830909787293,28.0,0.06527962441199824,0.9053904437870995,-0.03181826,0.004913015615932845,-0.044233,-0.019452,0.024781,0.03219533183351276,0.00103653939187,6.5,0.02705107447540464,0.8759479482223643,0.04171072499999999,0.004343879063622168,0.029577,0.053026,0.023448999999999998,0.041936307244975685,0.001758653865345,36.5,0.01557464363056288,0.9057089739431301,-0.012415824999999998,0.00469219880912723,-0.024781,0.005063,0.029844000000000002,0.013272883639021326,0.000176169440095,6.5,0.025642912901886188,0.8970345564623524,1.7428784101102235,0.005720426211757351,1.730347135059899,1.756419079031539,0.026071943971640144,1.7428877977954822,3.0376578757043853,41.5,0.03442866419536458,0.9233849909944826,0.05389358416195925,0.004387113929773758,0.040404999368889985,0.06514670623293245,0.024741706864042465,0.05407185203463074,0.0029237651824550004,39.0,0.035058362561828336,0.9260060088939109,1.9596551962326192,0.0047039110504583865,1.9470556136713197,1.976012902368302,0.02895728869698222,1.9596608418041819,3.8402706149006747,21.5,0.021197224469916905,0.9107997281329123,0.054322056916149615,0.004525133115014673,0.04241431411681674,0.06638607023314454,0.0239717561163278,0.054510207276344126,0.00297136269731,6.5,0.02452880586652137,0.8831423236248217,0.0010165151612989637,1.21609999644868,-0.8026127391962894,-0.00013801918524091426,0.9694994198550849,-4.7597514854999697e-05,-0.00022263170973710767,0.9546853242201967,0.0012509204392400003,0.00014100091215199072,1.0324596771887145,-0.001289111164875,-0.0008640523512477788,0.815853422585797,-9.406789220000033e-06,non_chewing,still_01.csv,5899900.0,5901890.0
-0.58205803,0.0047754658106932335,-0.596191,-0.568848,0.027343000000000006,0.5820776197047864,0.33881435536119,38.0,0.01995029188641236,0.9106048757545628,0.974894955,0.0038058415157458904,0.964355,0.984375,0.020020000000000038,0.9749023836846923,0.950434657714095,37.0,0.011888790593296778,0.8967615253093771,-1.32228273,0.006840544258105486,-1.336914,-1.303223,0.033690999999999915,1.32230042392113,1.7484784111020002,41.5,0.043706319736629,0.9232762157752697,0.04798722,0.0050209159653991425,0.035972,0.065017,0.02904500000000001,0.04824917491999216,0.00232798288046,19.5,0.0361438622962674,0.9160681673000459,0.020754730000000002,0.00625102601395163,-0.013323,0.036239,0.049562,0.02167565785852877,0.00046983414360000003,1.0,0.16434862641845827,0.8844933009458898,0.012154670000000001,0.004744157904317688,-0.01359,0.02185,0.03544,0.01304772152638153,0.00017024303703,1.5,0.04417122906982153,0.9020616222686594,-1.8624072699999998,0.0046244177511444605,-1.878418,-1.851074,0.027343999999999813,1.8624130112809,3.46858222458839,14.0,0.014261607679768857,0.9024778015564656,0.20486326,0.004021928051619023,0.193359,0.213867,0.020508,0.20490273595801498,0.04198513120308,50.0,0.008804744682045942,0.9006789171486793,-0.5727002250000001,0.006925328173767293,-0.599121,-0.547852,0.05126900000000001,0.572742095436825,0.32803350788536506,37.0,0.05987671851700911,0.913255643470046,-0.031848894999999995,0.005172085027720929,-0.045832,-0.019185,0.026646999999999997,0.03226612118391363,0.001041102576255,29.5,0.049099303089637156,0.9063231802737005,0.0418333,0.004589876619256775,0.029577,0.053825,0.024248,0.04208434336270438,0.00177109195627,3.5,0.023790110229402295,0.9166152126082924,-0.011448555000000001,0.006191129101946994,-0.027712,0.015988,0.0437,0.013015355974578645,0.00016939949114500003,16.5,0.08657189595547456,0.8793249334499907,1.7428971943664653,0.006065809656501061,1.729393826020551,1.756690422245479,0.027296596224928082,1.7429077497610954,3.037727424177285,36.0,0.022929091431457823,0.9150295758862648,0.054272273094852184,0.0047518874363545365,0.040404999368889985,0.06754355955973894,0.027138560190848954,0.05447990511271105,0.00296806006109,2.5,0.03979661609518693,0.9159372229951162,1.9592287842309406,0.004840941828298385,1.9466697178168155,1.976012902368302,0.029343184551486434,1.959234764819376,3.8386008636768354,12.5,0.01808457523158432,0.8888947638330729,0.05436750361717637,0.005076275613706802,0.041160623136682464,0.07158080549979862,0.030420182363116152,0.05460397443107965,0.00298159402367,1.0,0.041581291725605415,0.9119847856653497,0.0012248678282026793,1.2530226289939177,-0.8008734394995503,-0.00032438817735226666,0.936097209443009,-1.3533962580000117e-05,-0.00015116906232178536,0.9707721235224167,0.0012868803042050002,0.0016611493946948547,1.361915914629496,-0.00130125781267,-0.0014469711976293062,0.7662831490342753,8.435458849999551e-07,non_chewing,still_01.csv,5900400.0,5902390.0
-0.58246333,0.004672245916162803,-0.596191,-0.568848,0.027343000000000006,0.5824820689743075,0.33928536067659,25.0,0.04858113987841987,0.9074343931234288,0.9748119749999999,0.003984870967092282,0.964355,0.984375,0.020020000000000038,0.9748201197144143,0.9502742658000249,27.0,0.0191890319258372,0.914715092589487,-1.322617185,0.007051594353107315,-1.344238,-1.303223,0.041015000000000024,1.3226359828162262,1.7493659430402448,45.0,0.028903956116399086,0.9126700239995347,0.048037865,0.006059983341295172,0.032242,0.070346,0.038104000000000006,0.048418590147328744,0.002344359871855,20.0,0.03671713765384798,0.8949158741633426,0.020951909999999997,0.008987858006883509,-0.013323,0.046897,0.06022,0.02279833599629587,0.0005197641242,20.0,0.18175112167711274,0.8154139844600556,0.012052065,0.006118161921751908,-0.01359,0.029311,0.042901,0.013516071029148966,0.00018268417606499997,20.0,0.045808044177085755,0.8561396256153648,-1.862185085,0.00490875878688034,-1.878418,-1.84375,0.03466799999999992,1.8621915547841164,3.467757386709285,14.0,0.01868097215762959,0.916542577210397,0.205241685,0.0039593703168275375,0.194336,0.21582,0.021484000000000003,0.2052798720648106,0.042139825874945004,9.5,0.013743930005617779,0.9259892900581456,-0.57221684,0.007342768095507308,-0.599121,-0.547852,0.05126900000000001,0.5722639497844417,0.32748602822289,37.0,0.07645695915911799,0.9308021246302078,-0.03195548,0.005379276982048796,-0.045832,-0.019185,0.026646999999999997,0.03240508174468937,0.00105008932288,29.5,0.03936130572394495,0.9090035275073952,0.04227027,0.005442247359051222,0.023982,0.060753,0.036771,0.04261917153336043,0.00181639378219,9.5,0.031681244444833515,0.8947628828484314,-0.011111475000000003,0.011122516648195002,-0.05196,0.042634,0.094594,0.01572180820596028,0.000247175253265,20.0,0.15805411518975132,0.7801065781751226,1.7432400676692794,0.006295711974485428,1.729393826020551,1.7617601747400242,0.03236634871947319,1.7432514361149571,3.03892556951686,20.5,0.02725261512755416,0.9031384400698653,0.054942176542524666,0.005307109278133754,0.040404999368889985,0.07165040698418956,0.031245407615299578,0.055197900069839614,0.0030468081721200004,13.0,0.07854978745757611,0.9198475174224972,1.9589172583011776,0.005139643656698259,1.9396226200601498,1.976012902368302,0.03639028230815211,1.9589240007736697,3.83738324080712,12.5,0.02868452806033552,0.9116952592234829,0.055398389501328416,0.006684070540778737,0.041160623136682464,0.08788278349028324,0.04672216035360077,0.0558001645009672,0.0031136583583349997,0.5,0.10070598174192681,0.879459161749066,0.0011560683177871678,1.2249316090777067,-0.7984576712902598,-0.0013769612626449842,0.7939936070027533,-6.685018621499939e-05,0.0006807063592463788,1.1265423516056092,0.001294270548975,0.0035456106478322855,1.6514975181963083,-0.0012966296579899998,-0.005004354726443095,0.5500699270919753,-6.449107720000002e-05,non_chewing,still_01.csv,5900900.0,5902890.0
-0.582690375,0.004585881298548292,-0.596191,-0.568848,0.027343000000000006,0.5827084205886551,0.33954910342492506,0.5,0.05709728058757429,0.8913265877537859,0.97467283,0.004036030698731119,0.964355,0.984375,0.020020000000000038,0.9746811863804543,0.95000341508401,30.5,0.020186576180869095,0.9138028993457914,-1.3223998999999997,0.00685771704723955,-1.344238,-1.302734,0.041503999999999985,1.3224176812955541,1.74878852380311,33.0,0.046130199706364616,0.903029493562097,0.048073835,0.006166554096720064,0.032242,0.070346,0.038104000000000006,0.04846772122799874,0.002349120001035,20.5,0.0123792268186046,0.8866220130731407,0.020882650000000003,0.009130538157606047,-0.013323,0.046897,0.06022,0.022791485209832204,0.00051945179807,20.0,0.18058243105474153,0.8010700033889013,0.011880165,0.0064150284791086466,-0.01359,0.029311,0.042901,0.013501515130347409,0.00018229091081500002,20.0,0.042011733828053746,0.838252684908192,-1.86177249,0.00474494859823581,-1.873535,-1.84375,0.02978499999999995,1.8617785365230743,3.466219319058,10.5,0.017743703985157098,0.9001953444467523,0.20567867,0.004358229620052161,0.194336,0.219727,0.025390999999999997,0.20572483918669132,0.04232270945839,9.5,0.02983103266455184,0.8975951965444853,-0.57239993,0.0071795573502201416,-0.592773,-0.547852,0.04492099999999999,0.572444954478376,0.32769322590774996,10.0,0.0792802503178336,0.9053889012131456,-0.031759625,0.005544968241962708,-0.045832,-0.019185,0.026646999999999997,0.032240044245394575,0.001039420452945,29.5,0.038408750239944396,0.9227319137808615,0.041975825,0.00577887034240906,0.023982,0.060753,0.036771,0.042371750339878576,0.001795365226865,20.0,0.03990645547353075,0.8988020585348306,-0.011066195,0.011354355225505982,-0.05196,0.042634,0.094594,0.015855032461808458,0.000251382054365,20.0,0.15576800751142247,0.7669817612752877,1.7430732073104613,0.006069288958874494,1.728093295311917,1.7617601747400242,0.0336668794281072,1.7430837737504314,3.038341042312045,43.0,0.03641229694162943,0.9105086904897269,0.054964530437219945,0.005455557142576998,0.040404999368889985,0.07165040698418956,0.031245407615299578,0.05523461514231813,0.0030508627099199996,13.0,0.05858012285048973,0.9275422246297247,1.958624869101675,0.004886364761982575,1.9396226200601498,1.9713723463021895,0.031749726242039644,1.9586309643279258,3.8362352544241403,10.5,0.017366245584567425,0.9020043507190835,0.05509947662876433,0.007086283187345416,0.03817341874917676,0.08788278349028324,0.049709364741106474,0.05555328733904952,0.0030861677341749998,0.5,0.11978202325215594,0.853749641945452,0.001182924196891917,1.2420867566202654,-0.7978942121120953,-0.0016307260447684154,0.7698756877680893,-3.530502425500015e-05,0.0006215858547573535,1.11209908292231,0.00130969954809,0.0033516678151969863,1.5799866784690249,-0.001275913428795,-0.004939326746397329,0.5649839512417386,-6.909114354999998e-05,non_chewing,still_01.csv,5901400.0,5903390.0
-0.58301755,0.004344871376404599,-0.594727,-0.569824,0.02490300000000001,0.5830337396028467,0.33992834151528,0.5,0.045060613740743306,0.9055104791838579,0.974506835,0.003943459459380177,0.964355,0.984375,0.020020000000000038,0.974514813809531,0.9496791223342249,21.0,0.024984626825246787,0.9156449858512696,-1.32213865,0.0069327820077873465,-1.344238,-1.302734,0.041503999999999985,1.3221568262843066,1.7480986732901902,33.0,0.04677123599028481,0.920932132950408,0.048183094999999995,0.006271985753808359,0.032242,0.070346,0.038104000000000006,0.04858959198300599,0.002360948449075,20.5,0.01949825731575715,0.8634309853570883,0.020985269999999997,0.009085802421200892,-0.013323,0.046897,0.06022,0.022867736280838994,0.00052293336261,20.5,0.17280327912662194,0.7990818909352219,0.01217195,0.0064923592682090536,-0.01359,0.029311,0.042901,0.013795183785292606,0.00019030709567000002,20.0,0.06858827043498655,0.8305672330695647,-1.861750525,0.004743331310310824,-1.873535,-1.84375,0.02978499999999995,1.8617565674732277,3.466137516529695,11.0,0.012588147693409248,0.9049268403070039,0.20599606999999998,0.004398207685535098,0.194336,0.219727,0.025390999999999997,0.20604301756257115,0.04245372508629,16.5,0.02362347243946297,0.9045898008409666,-0.5726196349999999,0.007390966052673699,-0.595215,-0.547852,0.047363000000000044,0.5726673316740923,0.32794787276672493,10.0,0.09943431199180192,0.9153474799361625,-0.03162505,0.005295101618241146,-0.045832,-0.019185,0.026646999999999997,0.032065275433870825,0.00102818188865,47.5,0.04203360363673607,0.9170868211016668,0.04196784,0.0058536060658708495,0.023982,0.060753,0.036771,0.04237409937969183,0.00179556429824,13.0,0.04712537960764926,0.9062743464659655,-0.011296680000000002,0.01135910107700429,-0.05196,0.042634,0.094594,0.01602011723739873,0.00025664415629999995,20.0,0.16362021413231242,0.7632999052085068,1.7428911537297902,0.00604676691600904,1.728093295311917,1.7617601747400242,0.0336668794281072,1.7429016429907038,3.037706137139695,35.5,0.03689965390507098,0.9049732549652564,0.05518180455564359,0.005399754933119901,0.043750231096532505,0.07165040698418956,0.027900175887657058,0.05544536867363225,0.003074188907355,7.0,0.04982924140877944,0.9133218286010303,1.9587021833170488,0.00498712860633159,1.9396226200601498,1.9713723463021895,0.031749726242039644,1.9587085322688291,3.8365391143827106,11.0,0.017279818860797352,0.8953985535287841,0.05505852844825821,0.006996341065324271,0.03817341874917676,0.08788278349028324,0.049709364741106474,0.05550126433866169,0.00308039034319,0.5,0.1236025276886761,0.8408471510459001,0.0010596383096774511,1.212474630859158,-0.7988329772430154,-0.001596586132204373,0.77179698398103,-6.201435834999984e-06,0.000976884135567211,1.1844882697249723,0.0013327665604250002,0.003232196355330047,1.5521718268974747,-0.00127263093563,-0.004866741808795233,0.5715557264784259,-6.633706062999993e-05,non_chewing,still_01.csv,5901900.0,5903890.0
-0.583474115,0.004151901126204117,-0.594727,-0.571777,0.022950000000000026,0.5834888869190185,0.34045928115799506,48.0,0.03605830523192666,0.9173809949966002,0.974201685,0.003993409349888265,0.964355,0.984375,0.020020000000000038,0.9742098697791328,0.9490848703750749,2.0,0.019126611887135044,0.9056616489767523,-1.32239257,0.006912636815651463,-1.344238,-1.302734,0.041503999999999985,1.3224106373358278,1.7487698937389502,33.0,0.07290098545919005,0.9117077254301756,0.048259039999999996,0.006150487849626239,0.032242,0.070346,0.038104000000000006,0.04864939303331543,0.00236676344251,20.5,0.023848124917895966,0.8690865122043833,0.021515535,0.00820613512737726,-0.008793,0.046897,0.05569,0.023027351130014934,0.000530258900065,20.5,0.00991299624559943,0.7582109876607327,0.0123305,0.005769545270643085,-0.00906,0.029311,0.038371,0.01361355511539877,0.00018532888288,20.0,0.029171897277296584,0.7976637073450025,-1.861674865,0.004563458087544468,-1.873535,-1.84375,0.02978499999999995,1.8616804581137132,3.465854128122485,19.0,0.008112997659641474,0.8962112780883661,0.20664550500000003,0.0042911920523294,0.194336,0.219727,0.025390999999999997,0.206690055556466,0.042720779065935,13.5,0.015245116133072334,0.9093919913638392,-0.57338623,0.007203556086899032,-0.595215,-0.557617,0.03759800000000002,0.5734314780110262,0.32882365997391005,1.0,0.1246910323239197,0.9297381940716836,-0.031451855,0.005066832357003239,-0.045299,-0.015988,0.029311,0.03185736921145561,0.001014891973075,17.5,0.022432635356811344,0.8961554237681215,0.041361635,0.0060131082205274675,0.023982,0.060753,0.036771,0.04179643908690069,0.0017469423203450001,10.0,0.033027701998192216,0.908130139893147,-0.011777635000000002,0.010625775373673913,-0.05196,0.042634,0.094594,0.01586252780880147,0.00025161978848499997,20.0,0.044982124251559896,0.774263896082892,1.7430666284932301,0.005724849802704287,1.728093295311917,1.7617601747400242,0.0336668794281072,1.743076029687753,3.0383140452720205,33.0,0.05045858455260482,0.9108096255654445,0.055258757140466026,0.00536851792825501,0.043750231096532505,0.07165040698418956,0.027900175887657058,0.055518926731836234,0.0030823512254550003,7.0,0.03715993849300145,0.9165512325923643,1.958922005422781,0.004810803749988129,1.9396226200601498,1.9713723463021895,0.031749726242039644,1.9589279127018253,3.8373985671623303,10.5,0.021000324187596554,0.900413495173589,0.05446680657890643,0.006842591833581443,0.03817341874917676,0.08788278349028324,0.049709364741106474,0.05489493676018763,0.0030134540819049998,20.5,0.10831630711385279,0.8613980235698444,0.0009140460527161595,1.1899986156613467,-0.7990845218903098,-0.0014740739053264304,0.7845737490738369,6.88971435500005e-05,0.0010836554926229956,1.2138723794808794,0.001351871469435,0.0021930269068497895,1.3647077063012543,-0.0012166834202800001,-0.004856230103030836,0.5429764010386973,-6.629090560499997e-05,non_chewing,still_01.csv,5902400.0,5904390.0
-0.58374999,0.007486773297616276,-0.623047,-0.528809,0.09423800000000004,0.5837979981118554,0.34082010259941,38.0,0.04731755925185142,0.9418210708072419,0.97429688,0.004956685848992247,0.95752,1.003906,0.04638599999999993,0.9743094883620604,0.9492789791123399,21.5,0.01866586966392457,0.9143982413100569,-1.321923845,0.007355272700653245,-1.338379,-1.29248,0.04589899999999991,1.321944307456288,1.747536752016085,23.0,0.05500088759106298,0.9076983934746935,0.04603541,0.014823520718503415,-0.045565,0.132432,0.177997,0.04836316511933436,0.00233899574036,0.5,0.7515961721966342,0.923821893845601,0.022055119999999998,0.02123982152551193,-0.083936,0.208374,0.29231,0.030619574403475954,0.0009375583366499998,12.0,0.14445161767078907,0.8794536043550019,0.014258350000000001,0.022471515076591966,-0.113247,0.185724,0.298971,0.02661333377388109,0.00070826953456,32.5,0.48008263399441925,0.8969201370182046,-1.86149663,0.004309538238964823,-1.873535,-1.849121,0.024413999999999936,1.8615016184847086,3.46518827562119,8.0,0.008017008602432348,0.8941302906938583,0.20687011,0.004147820437036783,0.195801,0.219727,0.023926000000000003,0.2069116884706855,0.04281244682579,25.5,0.015448804303424811,0.9236858367778676,-0.574643545,0.006985356040172546,-0.595215,-0.557617,0.03759800000000002,0.5746860003594789,0.330263999009175,10.5,0.06855242599834714,0.9205373801331157,-0.031828925,0.005609471901112884,-0.059155,-0.011724,0.047431,0.03231944680320194,0.001044546641665,24.5,0.024880531069408685,0.9024207163828298,0.040678165,0.008162796009197767,-0.01732,0.076475,0.093795,0.041489087076663905,0.001721344346455,10.0,0.042385865647047036,0.894582757026971,-0.011639075,0.015421397359817138,-0.102322,0.101789,0.204111,0.019320651215344684,0.00037328756338500003,14.5,0.05701982877230356,0.8524924587248216,1.742867636470793,0.006945176063110444,1.7255780307102893,1.7791663363845438,0.053588305674254544,1.74288147437737,3.037635833727835,23.0,0.03463592149538979,0.9023089658632136,0.058900133186685404,0.022706781413505562,0.035906461674745954,0.2497002860831361,0.21379382440839015,0.06312545929789343,0.00398482361157,1.0,3.533272478077322,0.8720115869950362,1.9591437594287107,0.004522316628933481,1.942277676256925,1.9692585098724344,0.026980833615509514,1.9591489788824523,3.8382647214561554,8.0,0.012384521371906739,0.9034108554266901,0.055021365639477314,0.010574869960048972,0.03633389438251837,0.13322886906748102,0.09689497468496265,0.05602837273654305,0.0031391785515050004,0.5,0.4241790955577632,0.8777727914497885,0.0024228594341769638,1.5357562579045596,-0.8006288877283203,0.01213191145345659,2.147239776875744,0.0008456450600649993,0.00921404881739053,2.642587569707323,0.001294449098695,0.013077025516314164,2.6020277245173205,-0.0007837860098050002,0.007050117716774829,1.4571646493686112,0.00033498197117499994,non_chewing,still_01.csv,5902900.0,5904890.0
-0.583630375,0.008699042756785088,-0.623047,-0.528809,0.09423800000000004,0.5836952012544947,0.34070008796752504,34.5,0.07390104896994559,0.9422144496728805,0.97596925,0.007259935941005265,0.944336,1.006348,0.06201200000000007,0.9759962518449699,0.9525686836154299,0.5,0.2158842017675565,0.8785549784438297,-1.3217431849999999,0.00860784020418449,-1.352051,-1.28418,0.06787099999999979,1.3217712139424602,1.747079142006925,20.5,0.06307904716119274,0.9043218864039517,0.045064150000000004,0.040304036516923464,-0.233155,0.202245,0.4354,0.06045819195758338,0.0036551929747799996,19.5,1.3298201084718242,0.8810717634196151,0.021892575,0.0429972012462948,-0.228891,0.253939,0.48283000000000004,0.048249809897501154,0.002328044155145,19.0,0.156255078395721,0.8342974603109365,0.015016465000000001,0.032187198593831914,-0.113247,0.201979,0.315226,0.035517741685177566,0.001261509974415,34.0,0.45456399044273604,0.8758186029607254,-1.86177007,0.0046889556028075225,-1.87793,-1.845215,0.03271500000000005,1.8617759746683944,3.46620977985245,15.5,0.010828027167281044,0.8627941238117525,0.206872575,0.004781884373798158,0.18457,0.227539,0.04296899999999998,0.20692783453488078,0.042819128705295,15.0,0.0194296715390983,0.9177409125106432,-0.57485838,0.00707744210471552,-0.595215,-0.554199,0.04101600000000005,0.5749019457637711,0.33051224724297,47.0,0.06629413951316497,0.9002912962958494,-0.03184092,0.006728359174687392,-0.059155,-0.009859,0.049296,0.03254404713046612,0.00105911500363,50.0,0.033850915590915354,0.8905461334349654,0.04121109,0.01499548895641286,-0.034374,0.10925,0.143624,0.04385451662064012,0.0019232186280300002,10.0,0.024176270391141536,0.7509764785142011,-0.011688359999999998,0.03506940655258369,-0.176931,0.171335,0.34826599999999996,0.03696594426549929,0.00136648103544,11.0,0.044338864128898633,0.6846176077557442,1.7436370485027128,0.00881797474639011,1.6916573264500114,1.7791663363845438,0.08750900993453237,1.7436593456262837,3.0403479135898794,23.0,0.031907283768501715,0.9162942445917905,0.0702915416466375,0.04799839869494632,0.03171217048705434,0.34100960227096244,0.3092974317839081,0.08511608017489998,0.00724474710434,0.5,30.728817302546368,0.6387582750254984,1.9594685307325335,0.004922689265090605,1.9415318829681887,1.973525102809944,0.031993219841755405,1.9594747142539797,3.839541155800715,15.5,0.018127587354004077,0.8657041466486408,0.06140187462832021,0.024054614094348878,0.03633389438251837,0.20623370409804503,0.16989980971552665,0.06594554319360786,0.0043488146671,0.5,6.605549779022157,0.7261797478705626,0.003895285481299509,1.7912921721310016,-0.7991932422108357,0.023943784600597456,1.9953925889928346,0.0028959324372400006,0.03357567734223606,5.990173156711127,0.0025960779711499994,0.02800171228988195,2.867342396855085,0.000404825527115,-0.002882207958751784,0.9178141793066801,-0.00010497106102500008,non_chewing,still_01.csv,5903400.0,5905390.0
-0.583017595,0.008882516557315,-0.623047,-0.528809,0.09423800000000004,0.5830852554986921,0.33998841517997497,0.5,0.11374519106309958,0.9337822931875162,0.9775219850000001,0.007422426539533752,0.944336,1.006348,0.06201200000000007,0.9775501642238494,0.9556043235740751,0.5,0.23657086154919243,0.856524960206672,-1.3211450550000001,0.008692909714357724,-1.352051,-1.28418,0.06787099999999979,1.3211736536240248,1.745499823030255,23.0,0.08301843117941923,0.907722915755998,0.044830989999999994,0.040294265523147334,-0.233155,0.202245,0.4354,0.060278068137839314,0.003633445498429999,18.5,1.3077248855493204,0.8812319258471898,0.022393515000000003,0.04301548875869918,-0.228891,0.253939,0.48283000000000004,0.04849537902939825,0.002351801787205,19.0,0.1468869085085467,0.8343764528554098,0.014965855000000002,0.03218926471580199,-0.113247,0.201979,0.315226,0.035498247545829635,0.0012601255788249998,34.0,0.4442718764502999,0.8751471159734185,-1.861799375,0.00475978785812719,-1.87793,-1.845215,0.03271500000000005,1.8618054593138469,3.4663195683308445,11.5,0.010358250073922243,0.8911048871306105,0.206965345,0.004703141281736602,0.18457,0.227539,0.04296899999999998,0.20701877588490616,0.04285677356888501,10.0,0.018097835696493488,0.9196718294943358,-0.5752270500000001,0.00685803991367067,-0.590332,-0.554199,0.03613299999999997,0.575267930414307,0.33093319176316,32.0,0.07877351664293276,0.9073638183527254,-0.03212738,0.006859953213076603,-0.059155,-0.009859,0.049296,0.03285159819171664,0.00107922750375,50.0,0.033984509616093804,0.895852625448625,0.04136431,0.014989176926165759,-0.034374,0.10925,0.143624,0.04399638129096528,0.0019356815667,11.0,0.03163347690820609,0.7554023234414237,-0.011661725000000001,0.03509192727037623,-0.176931,0.171335,0.34826599999999996,0.036978901951315424,0.0013674391895249997,11.0,0.040678816563133394,0.683194048893226,1.7438503046826832,0.008869985480135095,1.6916573264500114,1.7791663363845438,0.08750900993453237,1.7438728628498998,3.041092561784305,23.0,0.025911715100147555,0.9156744338287316,0.07028509266756888,0.04801435840632731,0.03171217048705434,0.34100960227096244,0.3092974317839081,0.08511975601739,0.00724537286446,0.5,30.769347740237755,0.6381904875037558,1.9596134653243595,0.00495985708918349,1.9415318829681887,1.973525102809944,0.031993219841755405,1.9596197421088843,3.8401095336628903,15.5,0.019979981265516186,0.8883277939525464,0.061694201912522235,0.02400361869285416,0.03633389438251837,0.20623370409804503,0.16989980971552665,0.0661993070958828,0.004382348259974999,0.5,6.48882053464918,0.7324760519060611,0.003910128390951606,1.7883550514951039,-0.7990169718785851,0.024010739713473152,2.000296664461726,0.0028630246044850007,0.03343431231007073,5.873839700005163,0.002554217994679999,0.028026311832533422,2.8697698993471397,0.0004161202205050002,-0.002902662554574234,0.9172840370889349,-0.00010731361069999984,non_chewing,still_01.csv,5903900.0,5905890.0
-0.5820312599999999,0.009166145933400803,-0.623047,-0.528809,0.09423800000000004,0.5821034322596458,0.33884440584846004,0.5,0.1379821594098889,0.9310161101543293,0.9792578049999999,0.007211360599566145,0.944336,1.006348,0.06201200000000007,0.9792843572605022,0.9589978523751149,1.0,0.16852767194226514,0.8935126356618082,-1.320119655,0.009215085747076628,-1.352051,-1.28418,0.06787099999999979,1.3201518175280618,1.742800821322645,20.5,0.061531054595142215,0.9149054356590821,0.044488585,0.041520766726215144,-0.233155,0.202245,0.4354,0.0608539913632212,0.0037032082648350007,19.5,1.2537213857737912,0.8640328430607486,0.022755900000000003,0.04623931724733833,-0.228891,0.253939,0.48283000000000004,0.05153547753062932,0.00265590544431,19.5,0.16038040861799008,0.8018880189144829,0.015195015000000001,0.034253650357513356,-0.113247,0.201979,0.315226,0.037472670623602475,0.0014042010436649999,18.5,0.4200305365577165,0.8747665151868648,-1.8617554200000002,0.005376427480548777,-1.878418,-1.844727,0.033690999999999915,1.861763183079908,3.4661621498718307,11.5,0.009243778211063607,0.8697304149344013,0.20684569999999997,0.006081334030457462,0.18457,0.229492,0.04492199999999999,0.20693507733605726,0.04282212623208,18.5,0.02862898953665782,0.8984873317368227,-0.5750781150000001,0.006984312420831056,-0.590332,-0.551758,0.038574,0.5751205256048031,0.330763618971945,47.5,0.06066891055432505,0.922998493564724,-0.031912880000000005,0.008623366291396881,-0.060753,0.00826,0.069013,0.033057440253141196,0.00109279435609,17.5,0.04209980277698941,0.8681635325055246,0.04131503,0.015728998670897647,-0.034374,0.10925,0.143624,0.04420783983740893,0.00195433310309,10.0,0.02549719596131541,0.7691343506916424,-0.011900214999999999,0.04066538685957353,-0.176931,0.171335,0.34826599999999996,0.0423708485339272,0.0017952888054850002,11.0,0.06579013191990796,0.7472079066507876,1.7437196300913944,0.00921581142115278,1.6916573264500114,1.7791663363845438,0.08750900993453237,1.7437439833720487,3.04064307954622,27.0,0.034250662249598746,0.9208112324319495,0.0734910400540799,0.048604339153820654,0.03171217048705434,0.34100960227096244,0.3092974317839081,0.0881096745698791,0.0077633147528099996,1.5,30.554086616264186,0.6497654942628772,1.9595193244218598,0.00564909666700683,1.9415318829681887,1.9773062986702388,0.03577441570205009,1.9595274672930347,3.8397478950758557,16.5,0.01830579271320217,0.8839949714559816,0.06442908026743191,0.026292772401514012,0.03633389438251837,0.20623370409804503,0.16989980971552665,0.0695874720381837,0.0048424162646649995,1.5,7.014203152294317,0.7653045491325499,0.0035667147541459483,1.6313778935625418,-0.7991048155296356,0.02231156675230665,1.8485817475460244,0.002920898488145,0.03289740043481825,4.814913958559131,0.002610413908745001,0.030510318576440695,2.9397495806832223,0.0007015723412199999,-0.006411736502060152,0.8423293863107394,-0.00039108776182000034,non_chewing,still_01.csv,5904400.0,5906390.0
-0.58077393,0.006538651968494731,-0.62207,-0.559082,0.06298800000000004,0.580810736589132,0.33734111173721004,50.0,0.06268212187046257,0.9233532159520844,0.980739755,0.006065074562194188,0.944336,1.006348,0.06201200000000007,0.9807585085875651,0.961887252166905,19.0,0.04036502042940893,0.9062015457376301,-1.3196460150000002,0.00872321404212776,-1.352051,-1.28418,0.06787099999999979,1.3196748460770953,1.741541699368605,19.5,0.0355255039111977,0.864828477167395,0.04662693,0.03971445468120014,-0.233155,0.202245,0.4354,0.0612479265922529,0.00375130851185,19.5,0.6238460750312674,0.7978161997941876,0.022258950000000003,0.04285753630736956,-0.228891,0.253939,0.48283000000000004,0.04829315969617229,0.0023322292734399997,19.5,0.24220178272879972,0.7659880281919653,0.013578930000000003,0.027291279373732186,-0.084469,0.201979,0.286448,0.03048280285341228,0.0009292012698,19.5,0.11743714113843551,0.7866242817891175,-1.8620703500000002,0.005336578070964582,-1.878418,-1.844727,0.033690999999999915,1.8620779971350905,3.4673344674146303,19.5,0.007015937305362705,0.858661519353615,0.206777345,0.006554998965367958,0.18457,0.229492,0.04492199999999999,0.20688121813418686,0.042799838416685006,19.5,0.02688290414548757,0.8630461362126494,-0.57507081,0.006863259467913184,-0.590332,-0.551758,0.038574,0.5751117637855967,0.33075354084458,3.0,0.07680457687561462,0.9270031840467786,-0.03186226,0.008483818764707319,-0.060753,0.00826,0.069013,0.032972394410172884,0.0010871787931400001,17.5,0.03642249289176288,0.8293904897983071,0.041662775,0.01457935792085423,-0.034374,0.10925,0.143624,0.04414005548348348,0.0019483444980850002,11.0,0.035844246652156325,0.8195503776514306,-0.012518385,0.040837985521408555,-0.176931,0.171335,0.34826599999999996,0.04271359297056383,0.001824451024455,19.5,0.06534746830053613,0.7528488476473449,1.743761036591534,0.008216479656050676,1.6916573264500114,1.7705713180877523,0.07891399163774082,1.74378039422191,3.0407700632727197,19.5,0.04046012574112978,0.8361755636445461,0.07089620384794937,0.04456980295042832,0.03171217048705434,0.34100960227096244,0.3092974317839081,0.08374209846361624,0.007012739055089999,1.5,20.419138900486363,0.7171306211280524,1.9598102124546977,0.005637183176599314,1.9415318829681887,1.9773062986702388,0.03577441570205009,1.9598183198133177,3.840887846675895,17.5,0.019791078925014367,0.8807848588689406,0.06465522916758747,0.02607058988528543,0.03688094583928129,0.20623370409804503,0.16935275825876375,0.06971351601863157,0.00485997431568,1.5,6.034072541018861,0.7877076586329501,0.0025792964794513658,1.4575505884141504,-0.8001177834031754,0.01849921306514291,1.709581683672762,0.002152764739409999,0.031230635916492857,4.681200268729488,0.00266412971871,0.02827817838651534,2.9396038248067415,0.0003838847753549995,-0.01354670614767638,0.6682817241174943,-0.000895249754655,non_chewing,still_01.csv,5904900.0,5906890.0
-0.580156285,0.004833581606197936,-0.592285,-0.568359,0.023926000000000003,0.5801764201828139,0.33660467853614506,11.5,0.015552875103494436,0.8888871972310504,0.980891115,0.004150597236757018,0.969238,0.991211,0.02197299999999991,0.9808998964947264,0.962164606943365,48.5,0.0233974289604729,0.8913101726907902,-1.31976809,0.007649394246075957,-1.340332,-1.301758,0.03857400000000011,1.3197902578116645,1.7418463246145799,19.5,0.05330818097504663,0.8923459394454076,0.047640825000000005,0.01301286502905394,-0.016254,0.090864,0.107118,0.04938605939883238,0.002438982862945,20.0,0.040244126540114736,0.6366294726258315,0.022434785000000002,0.020928432494546144,-0.056757,0.121507,0.178264,0.03068092020580543,0.0009413188646749999,20.0,0.027952385368323566,0.5569973644799746,0.013068650000000001,0.014449011038389444,-0.046631,0.078606,0.125237,0.019482390325881473,0.00037956353281,20.0,0.014013069432172575,0.5888923442796401,-1.8618554900000002,0.004781005432950269,-1.878418,-1.844727,0.033690999999999915,1.8618616284933986,3.4665287236560904,19.5,0.005057743761057989,0.8613360971788065,0.206401355,0.0059553842200965506,0.186035,0.229492,0.043456999999999996,0.20648725371568336,0.04263698594704499,19.5,0.026773132431543896,0.8212943592107729,-0.5748706050000001,0.006593096544035661,-0.596191,-0.551758,0.044433000000000056,0.5749084113274957,0.330519681415105,18.5,0.051864720994759264,0.9049941796443229,-0.031666415,0.007507385274699507,-0.060753,0.00826,0.069013,0.03254416495495007,0.0010591226726150002,19.5,0.027209224556375183,0.8063780284286771,0.041589495,0.007298111333076182,0.013323,0.066349,0.053026000000000004,0.042224975114083844,0.0017829485233850002,19.5,0.03772028641345299,0.8493526092922248,-0.01275954,0.025916555432163434,-0.145222,0.088732,0.233954,0.02888725854905585,0.0008344737064800001,20.0,0.02555704770945463,0.5597832545597716,1.743724748645712,0.006293731368459922,1.7277239494849865,1.7600447157901984,0.03232076630521186,1.7437361067816686,3.0406156100940906,20.0,0.04242559940691353,0.8861075429645211,0.059585689727278554,0.01447103452260726,0.041440532875434886,0.14562639458903046,0.10418586171359556,0.06131774017712981,0.00375986526043,0.5,2.413641302312222,0.6805146071319702,1.9595050318463563,0.00504194278525687,1.9419546023326602,1.9773062986702388,0.03535169633757862,1.9595115184704173,3.8396853910182402,19.0,0.013800544529406104,0.8797983552403791,0.05853879459217261,0.01580362079320503,0.03688094583928129,0.17033144344189652,0.13345049760261524,0.060634519066947334,0.00367654490248,0.5,1.9635473304510953,0.7674943056454054,0.0012517885832030503,1.2482750472423847,-0.7990697809241496,-0.0013325862705977649,0.9156784202788055,8.332035794999994e-05,0.005505479754354432,1.7333418431192473,0.0013798601903299997,0.013630321161469975,2.867650483721073,-0.0008416296587100003,-0.011467544393773984,0.5575205036876805,-0.00045491017367000014,non_chewing,still_01.csv,5905400.0,5907390.0
-0.579758315,0.005161161678902824,-0.592285,-0.566895,0.025389999999999913,0.5797812875572262,0.3361463414015151,31.5,0.027498624372877426,0.897014098451351,0.9811767299999999,0.00407701823605193,0.969238,0.991211,0.02197299999999991,0.981185200444437,0.96272439757119,48.5,0.022916318776267073,0.899692161906551,-1.31972904,0.007507122300748795,-1.340332,-1.301758,0.03857400000000011,1.3197503915152138,1.74174109590456,19.0,0.03984751983771379,0.8747968473954751,0.0477887,0.012955936384916376,-0.016254,0.090864,0.107118,0.049513797423546495,0.0024516161352999997,20.0,0.02561306594141539,0.6272760941488694,0.021911165,0.020932384664146007,-0.056757,0.121507,0.178264,0.0303028691609392,0.000918263879385,20.0,0.031433558220575024,0.5578855501495352,0.012879445,0.014401835812387773,-0.046631,0.078606,0.125237,0.019320791347017852,0.00037329297827499996,20.0,0.02478169027289258,0.587218949448041,-1.8616040099999998,0.004761325303935868,-1.878418,-1.844727,0.033690999999999915,1.8616100988839555,3.46559216026673,18.0,0.007329960629521354,0.8680852770359079,0.20611084,0.006121335758999011,0.186035,0.229492,0.043456999999999996,0.20620171948114302,0.04251914911698,19.5,0.03925701626853866,0.8240468342291026,-0.574291965,0.006879696464508812,-0.596191,-0.551758,0.044433000000000056,0.5743331709791843,0.32985859128700495,18.5,0.05717615543176263,0.8860939669299988,-0.031629115,0.007462016665873577,-0.060753,0.00826,0.069013,0.03249742464265438,0.001056082608405,20.0,0.02212063295466183,0.8110383025903207,0.041600155,0.007425416034201384,0.013323,0.066349,0.053026000000000004,0.04225765846926448,0.001785709699305,19.5,0.0248830083195162,0.8209443881271457,-0.012566325,0.025864098116875737,-0.145222,0.088732,0.233954,0.02875524465910523,0.0008268640954049999,20.0,0.04015649001268733,0.5587278287165806,1.7437239980921482,0.006201076906397008,1.7277239494849865,1.7600447157901984,0.03232076630521186,1.7437350242732594,3.0406118348772644,19.5,0.039759601746996595,0.8807618005847083,0.059446370571079175,0.014467274065487649,0.041440532875434886,0.14562639458903046,0.10418586171359556,0.06118147589720274,0.00374317299296,0.5,2.409870336277944,0.678681704456443,1.9590671652944716,0.00507371025958762,1.9419546023326602,1.9773062986702388,0.03535169633757862,1.9590737353838206,3.8379699006707155,18.0,0.019968946095541628,0.8939539030618278,0.05847900913403138,0.015775357169233107,0.03688094583928129,0.17033144344189652,0.13345049760261524,0.060569434561625224,0.0036686564031150003,0.5,2.0021207893645387,0.7593877227894956,0.0011273666468093859,1.2221976796327774,-0.7973580657934511,-0.0013080831037454548,0.9170806030118528,7.451658984499983e-05,0.005493919719042793,1.7362513332579936,0.0013955335268949997,0.013506968629944618,2.8190184317931375,-0.0008674458199200001,-0.011462262304487955,0.5568272957869314,-0.00045357111713,non_chewing,still_01.csv,5905900.0,5907890.0
-0.57955568,0.004687635680980342,-0.589844,-0.566895,0.022948999999999997,0.5795746372543746,0.33590676014854,11.0,0.031849180741034835,0.8881846111196221,0.98103025,0.0038238539194770495,0.97168,0.990234,0.01855399999999996,0.9810377022693164,0.96243497327386,27.5,0.020738209107460628,0.9137367161013635,-1.319934135,0.006903173797375735,-1.340332,-1.302734,0.03759800000000002,1.319952186462326,1.742273774546675,33.0,0.018841045898738768,0.9245074270324182,0.04808046,0.008060790472925097,0.016254,0.090864,0.07461,0.04875148179142866,0.00237670697686,20.0,0.03791954613397643,0.810890490356666,0.021511465000000004,0.012196618457948704,-0.042101,0.089798,0.131899,0.024728538740795017,0.000611500628255,20.0,0.01449468546306425,0.7025636680281205,0.012714240000000002,0.008483219478617772,-0.018652,0.055158,0.07381,0.015284531772350764,0.00023361691149999998,20.0,0.020517655436669547,0.7493457096188436,-1.861462395,0.004260343944915127,-1.87207,-1.850586,0.021483999999999837,1.86146727033533,3.465060398529665,21.0,0.008108241287604638,0.8996246777159891,0.20577637499999998,0.004903417085500171,0.190918,0.223145,0.032227000000000006,0.20583478813663883,0.042367960007255,19.5,0.037435520464320055,0.8967050390993923,-0.5746996950000001,0.007054869998233494,-0.596191,-0.553711,0.04248000000000007,0.5747429952803123,0.330329510623785,8.0,0.08006204377980305,0.9176071105103407,-0.031643755,0.005403686307973011,-0.057556,-0.014922,0.042634000000000005,0.03210182325374994,0.0010305270562150002,20.0,0.02292262558289798,0.8934034370089982,0.04145759,0.005515713410058576,0.029577,0.058888,0.029311000000000004,0.04182289878798456,0.00174915486303,20.5,0.028842593952466175,0.898707019684159,-0.012277215,0.015723624133728683,-0.112447,0.069547,0.181994,0.019948994061230255,0.000397962364055,20.0,0.05804974613986061,0.6950115483071672,1.7437261361613412,0.0058881267747511925,1.7298789370652503,1.7586064215014112,0.02872748443616091,1.7437360774982764,3.040615507969075,33.0,0.021409999994968485,0.9141874072711259,0.05619828091530398,0.007973564998141032,0.04238758928035422,0.10663150699488402,0.06424391771452981,0.056761118000044714,0.003221824516615,0.5,0.45056999044534884,0.8465639948592368,1.9590144982530404,0.004479374408739952,1.9453102217921439,1.9695588919984088,0.024248670206264977,1.9590196193914713,3.837757869160705,21.0,0.021394157731036853,0.9043226365229561,0.055455900571802615,0.010113722117516481,0.04157901136390811,0.13937294389156027,0.09779393252765216,0.0563705976844312,0.0031776442833000005,20.5,0.36765976233512104,0.86938927385934,0.0014087523660112405,1.3144975698531802,-0.79714236119163,-0.0021401571193754507,0.7883907532253828,4.41802333149997e-05,0.0026571041649520906,1.4917206539231553,0.001346179920645,0.00668090504789012,2.211249488725551,-0.001137654234775,-0.007240404655110895,0.5395206223748672,-0.000164345452555,non_chewing,still_01.csv,5906400.0,5908390.0
-0.5790625149999999,0.0047745379985685565,-0.589844,-0.5625,0.027344000000000035,0.5790821983891622,0.33533619249122504,49.0,0.027894032066542666,0.895153365156626,0.9812280099999999,0.0038681595920928586,0.970703,0.991211,0.02050799999999997,0.9812356344258957,0.9628233702671899,27.0,0.0197450559927571,0.9192558753519365,-1.319631395,0.0069902502737008545,-1.340332,-1.302246,0.038086000000000064,1.3196499089790956,1.7414758822685352,12.5,0.034723080991249274,0.9034852505185076,0.04785396,0.0051181361107731395,0.032775,0.060753,0.027978000000000003,0.04812688235207013,0.00231619680493,19.5,0.030878999870097953,0.9002158734875816,0.021356915,0.0051929170249268375,0.006928,0.032775,0.025847,0.021979176634828703,0.000483084205545,32.0,0.016839041197565296,0.8967449110441664,0.01229989,0.004110901804701738,0.000799,0.023182,0.022383,0.012968685656611467,0.00016818680766,18.5,0.017868960705133878,0.9014228224865078,-1.86153077,0.004230990911961406,-1.870605,-1.848633,0.021972000000000103,1.8615355782097989,3.46531470894089,22.0,0.010791935529856606,0.9138669658634558,0.205629895,0.004206671913041828,0.194336,0.222168,0.027831999999999996,0.2056729194772491,0.042301349806295,43.0,0.026657198684421613,0.9148430903585695,-0.5745190099999999,0.007257954297176313,-0.596191,-0.553711,0.04248000000000007,0.5745648533907726,0.33012477075196,20.0,0.09287536830572991,0.9082076283281773,-0.031457219999999994,0.00488582788702181,-0.041835,-0.014922,0.026913,0.031834383993883095,0.00101342800427,15.5,0.020537070932200512,0.9089713023084687,0.041255070000000005,0.0050435684227637875,0.028778,0.055424,0.026646,0.04156222302933278,0.00172741838314,4.5,0.03118281540686528,0.901228072383748,-0.012081374999999998,0.004668629569196403,-0.025314,-0.000533,0.024781,0.012952054815549539,0.00016775572394499999,30.0,0.02619567389474408,0.9133462416742069,1.7434446216989516,0.00602462413339495,1.7268051245543024,1.7586064215014112,0.03180129694710887,1.7434550309735406,3.0396354450269496,6.0,0.01859706671891464,0.9117576866525773,0.054247431609318914,0.004968297689074974,0.04238758928035422,0.06585174551217303,0.023464156231818807,0.054474469415819,0.002967467818135,32.0,0.0302584040453604,0.9211596316727888,1.9590102313477862,0.004443306633400193,1.9453102217921439,1.9683886273276932,0.023078405535549296,1.9590152703588468,3.8377408294991455,10.0,0.025170604628595827,0.9103436035214915,0.05370714216197069,0.004913755401815302,0.04304985878025618,0.06762508573746877,0.024575226957212586,0.0539314575304154,0.0029086021113550005,19.5,0.0284513842661248,0.9094158939732373,0.0015813174999947596,1.3558875473747518,-0.7981053844721959,5.454228725967035e-05,1.0110999190638428,5.88657067799995e-05,0.00023230822375133135,1.0475473612912993,0.0013027688006599998,0.0001493486021630526,1.0296116934765827,-0.001244334177595,-0.0005577277644946681,0.8805371563050208,4.3108371500000285e-07,non_chewing,still_01.csv,5906900.0,5908890.0
-0.5787426500000001,0.004545621659080309,-0.589355,-0.5625,0.026854999999999962,0.5787605010756091,0.33496371760529003,5.0,0.04333275141299403,0.8996203686921784,0.9811620999999999,0.004059943039009291,0.970703,0.996094,0.025391000000000052,0.9811704997674411,0.96269554961389,46.0,0.01809406355345004,0.8943171969136906,-1.319426325,0.006875780937419028,-1.337891,-1.302246,0.03564499999999993,1.3194442403779347,1.7409331034665052,28.5,0.022307752591290992,0.9143000937158934,0.04787924500000001,0.00486738837416689,0.032775,0.061286,0.028511,0.0481260176137087,0.002316113571355,17.0,0.03469685429866669,0.8895387639574481,0.021416905,0.005015681377038917,0.006928,0.031975,0.025047000000000003,0.021996383326697143,0.00048384087945500007,32.0,0.012749295339814953,0.919856135916365,0.012410484999999997,0.00401777733451905,0.000799,0.022649,0.021849999999999998,0.013044641529953976,0.000170162672645,18.0,0.019820784195004566,0.9121054190902191,-1.8616479850000003,0.004380570522748725,-1.870605,-1.848633,0.021972000000000103,1.861653138866815,3.465752409452665,10.0,0.012095129486713612,0.9118190008716008,0.205664095,0.0042255269276121055,0.194336,0.222168,0.027831999999999996,0.20570749876945418,0.042315575049984996,43.0,0.022818513399668484,0.9179402576636889,-0.57443114,0.007202233194669561,-0.591797,-0.553711,0.038086000000000064,0.574476289123137,0.33002300676469004,9.5,0.11630908896587012,0.8933238476733735,-0.032104725,0.0052941759594270195,-0.046631,-0.014922,0.031709,0.03253831074925372,0.0010587416664150002,15.5,0.02900818921242798,0.8932468263389085,0.040991269999999996,0.0049335608942324815,0.028778,0.055424,0.026646,0.0412870953120948,0.00170462423931,17.0,0.017568051539403707,0.9198056425443057,-0.01186554,0.004580853390843239,-0.023449,0.002132,0.025581,0.012719090269354959,0.00016177525728,30.0,0.03607729448864553,0.9135139080533936,1.7431459761071904,0.005871683489119993,1.7268051245543024,1.7586064215014112,0.03180129694710887,1.7431558652873487,3.038592370685685,6.0,0.013073413842626534,0.9208759954024197,0.05428105922222727,0.004866593589776705,0.04238758928035422,0.06585174551217303,0.023464156231818807,0.05449878093549433,0.002970117123455,1.0,0.03630876770829815,0.8901968700373685,1.9590993088948863,0.0045704655035368556,1.9453102217921439,1.9683886273276932,0.023078405535549296,1.959104640203616,3.83809099126734,10.0,0.027116390528799515,0.9122671718644162,0.053866840539608024,0.004848159783406474,0.04370460103924986,0.06762508573746877,0.023920484698218905,0.05408457416865737,0.002925141163005,0.5,0.046451368524202424,0.9181577747532834,0.0013012179855831363,1.2847014127064713,-0.7994986205816548,1.8433806370231863e-05,1.0038022274829563,4.497596044999996e-05,-0.0004267875852601291,0.9193854551622573,0.0012573719049399999,8.212048280643609e-05,1.0166452760119853,-0.001220783359855,-0.0005630760563241927,0.8770805331928464,8.38741536499999e-06,non_chewing,still_01.csv,5907400.0,5909390.0
-0.57846677,0.0043201158927857475,-0.588379,-0.5625,0.025878999999999985,0.5784829015585162,0.33464246739556003,49.5,0.039403273124553384,0.9129184279345419,0.9811230499999999,0.0041545877818984665,0.970703,0.996094,0.025391000000000052,0.9811318463086091,0.96261969984094,15.5,0.012830653943654468,0.8981977333610629,-1.3198511000000002,0.0071721192474748984,-1.337402,-1.302246,0.035155999999999965,1.319870586635565,1.74205836546571,28.0,0.061427658255471904,0.9173892868164493,0.04778865999999999,0.004958318867761532,0.03464,0.061286,0.026646000000000003,0.04804519695651169,0.00230834095059,37.5,0.03558599681071421,0.9182241629986414,0.021668725000000003,0.005001008401250191,0.006928,0.032775,0.025847,0.022238339150102916,0.000494543728155,8.5,0.01538823670590543,0.9078696643252644,0.012643615000000002,0.004207300190950843,0.000799,0.02638,0.025581,0.013325253287086142,0.000177562375165,30.5,0.018687450669470966,0.9212550969054417,-1.861850635,0.004488611097185303,-1.873535,-1.848633,0.02490199999999998,1.8618560456381918,3.4665079346794845,5.0,0.026558788100685467,0.9016186802213952,0.20618166500000001,0.0038790341159591515,0.196777,0.222168,0.025390999999999997,0.2062181512084836,0.042525925887845005,24.5,0.013713043668793688,0.9192490617993208,-0.574648425,0.006973682435010578,-0.591797,-0.560059,0.031738000000000044,0.5746907382250779,0.330269444601685,25.5,0.06239439555189337,0.9105387486625482,-0.03223128,0.005390918771563898,-0.046631,-0.014922,0.031709,0.03267900573212104,0.00106791741564,10.5,0.027480818885216068,0.8978266799441369,0.041276379999999994,0.004602074087365391,0.028778,0.053825,0.025046999999999996,0.04153213974514195,0.00172491863181,5.0,0.023797720331920246,0.9105139679314225,-0.011982830000000002,0.004928152569787181,-0.024515,0.002132,0.026646999999999997,0.012956654759620632,0.00016787490255999998,3.0,0.034692427873692526,0.911891405788108,1.743354094699082,0.006085490789885359,1.7268051245543024,1.7580192310813894,0.031214106527087004,1.7433647159163828,3.03932053270221,33.0,0.03579896861636149,0.9297548356531677,0.054361770604983456,0.005024435351475538,0.04238758928035422,0.06569315911112815,0.023305569830773927,0.05459347079926317,0.0029804470539100004,37.5,0.044270075748988,0.9073794705344641,1.9594084121702229,0.004688228405425384,1.9453102217921439,1.9711381237419665,0.02582790194982265,1.9594140208667017,3.839303305169015,5.0,0.031095559713166007,0.9148980477562048,0.054193508365938135,0.004875920528576463,0.04379535121448394,0.06663812627918045,0.022842775064696508,0.05441241540319636,0.0029607109500100004,5.0,0.03693718035294115,0.9052442170440951,0.0013972623844599732,1.2980363292119068,-0.7999827724668052,0.00014851482289907503,1.0304588276262234,1.9736103899999947e-05,-0.00043259990380236507,0.919753956211648,0.0012404235349499997,0.0003989343138848028,1.0866857652248676,-0.001230374903655,-0.0007208523788363392,0.8537276659704818,9.687472605000034e-06,non_chewing,still_01.csv,5907900.0,5909890.0
-0.578247025,0.004456693057007068,-0.588379,-0.5625,0.025878999999999985,0.5782641991636306,0.33438948403435503,1.5,0.03591023567629616,0.9126126634045729,0.98146484,0.004233420248971275,0.970703,0.996094,0.025391000000000052,0.98147397010987,0.96329115400323,27.0,0.017585034277224503,0.9087068198010204,-1.32006107,0.007049536235462578,-1.337402,-1.302246,0.035155999999999965,1.3200798932226336,1.74261092449068,9.5,0.06627052287209438,0.9113231634509086,0.047576835000000005,0.004886626873189214,0.035706,0.061286,0.02558,0.04782712986177406,0.002287434350815,38.0,0.026731534585331885,0.9085179433438106,0.021718025000000002,0.004715604114466671,0.00906,0.032775,0.023715,0.022224075505293803,0.000493909532065,20.0,0.023421211863636826,0.9092778463025211,0.012598315000000002,0.004227621343707948,0.002132,0.02638,0.024248,0.013288729174191187,0.00017659032306499998,14.0,0.020188669233322867,0.901546077350616,-1.862075255,0.004593722144402618,-1.873535,-1.848633,0.02490199999999998,1.8620809213260459,3.4673453575664555,5.5,0.027493880255110757,0.9174065334282381,0.20648926499999998,0.003800028818940062,0.196777,0.217773,0.020995999999999987,0.20652422806843995,0.042652256779265,50.0,0.013876310950738224,0.9202949047189982,-0.57409175,0.006650054043201456,-0.591309,-0.557617,0.033691999999999944,0.5741302645191595,0.32962556063684006,26.5,0.061033001174824526,0.9170539256715731,-0.032461785,0.00520676537773453,-0.046631,-0.019185,0.027445999999999998,0.03287670742463424,0.0010808778910850001,10.5,0.022554064755852702,0.8769068950494056,0.041740034999999995,0.004452475324330837,0.028778,0.053825,0.025046999999999996,0.04197683954652851,0.001762055058315,36.0,0.02360241636238008,0.9026468101258398,-0.012659635000000002,0.004858232133376811,-0.024515,0.002132,0.026646999999999997,0.013559822188915311,0.00018386877779500002,20.0,0.043789134984388786,0.916759867044157,1.7436333960035972,0.005843189987257592,1.7268051245543024,1.7580061751899507,0.031201050635648375,1.7436431867008413,3.040291562528265,5.5,0.04137767731202018,0.9214272959995597,0.05418152218549958,0.004721955061965058,0.042755060858335824,0.06599550886234608,0.023240448004010254,0.05438689369641366,0.002957934205945,38.0,0.03771420258701794,0.9038143149501253,1.9594897569108902,0.0048028682951488325,1.946420965087974,1.9711381237419665,0.024717158653992488,1.9594956430118846,3.8396231749825596,5.5,0.03344001730968762,0.9299862456158982,0.05482325959441526,0.00460564160984716,0.044294452146967575,0.06663812627918045,0.022343674132212873,0.05501637689992863,0.0030268017271950004,36.0,0.022028792127257744,0.9217977616354935,0.0010403216921087604,1.2166042514968698,-0.7993316124542944,0.00011631345211789851,1.025254559944311,-6.886752125000043e-05,-0.00032013850454531544,0.9385148971923509,0.0012065564597299999,0.00026312879013583486,1.0590971922287702,-0.00126814552625,-0.0006306107896688652,0.8701974767042375,-7.27845473000004e-06,non_chewing,still_01.csv,5908400.0,5910390.0
-0.57817378,0.004467432647684798,-0.588379,-0.564453,0.023926000000000003,0.5781910392196943,0.3343048778339501,2.5,0.03960089002499934,0.9111277793940243,0.9817162850000001,0.004233652873556713,0.971191,0.996094,0.02490300000000001,0.9817254137745722,0.9637847880508551,50.0,0.021710270766456437,0.9202948972487701,-1.32048588,0.006817926829733502,-1.34082,-1.303223,0.03759699999999988,1.3205034810274563,1.7437294434056299,19.0,0.06164943022354911,0.9175143446242158,0.047422315,0.005003438417306143,0.035706,0.061286,0.02558,0.047685536129470116,0.002273910355955,17.0,0.034459065513536107,0.8975704521502976,0.021678060000000002,0.004766287590609698,0.00906,0.032775,0.023715,0.022195850575276455,0.0004926557827600001,19.0,0.03194490179994021,0.8960370012510425,0.013007355,0.004062338706825787,0.002132,0.02638,0.024248,0.013626954166834201,0.000185693879865,14.0,0.0171842223622009,0.8998228160003278,-1.861845765,0.004646528555790327,-1.873535,-1.850098,0.02343699999999993,1.861851563061904,3.466491242876055,4.5,0.02979896045393352,0.8982676200958859,0.20637697,0.0038846013256317573,0.193848,0.217773,0.023925000000000002,0.20641352638293836,0.04260654387383999,50.0,0.013702441766063899,0.9081512061529035,-0.5737572750000001,0.006503963492315665,-0.588867,-0.555176,0.033691000000000026,0.5737941374365331,0.329239712156535,29.5,0.0427627415918979,0.9142471655106925,-0.032599010000000005,0.005275774364005724,-0.046631,-0.020251,0.026379999999999997,0.033023162297393625,0.00109052924812,10.5,0.03591837915216933,0.887207133227083,0.041851954999999996,0.00451510829914134,0.03011,0.053825,0.023714999999999996,0.042094801820117884,0.001771972340275,27.0,0.01934004015111596,0.9162557661403309,-0.012395840000000002,0.004801750422960361,-0.025047,0.002132,0.027179000000000002,0.013293368889412495,0.00017671365642999998,19.0,0.04829608946862554,0.9129288604082786,1.7440719393808064,0.005672702610612238,1.7298710663439631,1.761019882787528,0.03114881644356493,1.7440811647656869,3.041819109290435,39.0,0.05101922737443722,0.9043996640831838,0.054115554618184826,0.00487511712128583,0.041766623097875655,0.06599550886234608,0.024228885764470423,0.05433470363018464,0.0029522600185799995,17.0,0.042395156169941745,0.8834136210687238,1.9591614528539734,0.0048888196466667245,1.9438295773894378,1.9711381237419665,0.027308546352528662,1.9591675525351144,3.83833749890643,4.5,0.028344965504161497,0.892029452136284,0.05491778744437438,0.00482201897958886,0.04294859156014316,0.06720430815059404,0.02425571659045088,0.0551290780335115,0.0030392152448249997,10.5,0.02400753817919363,0.9102003947913296,0.0007838829639455142,1.160341968123119,-0.7965183896159949,5.309814169697155e-05,1.011011599481821,-8.695522624500027e-05,-0.0002723359466995801,0.9483799101497578,0.0011833811078349999,0.0002511792914683571,1.0556308453367829,-0.0012793165575149998,-0.0007394117161345741,0.8460120474819026,8.980223435000006e-06,non_chewing,still_01.csv,5908900.0,5910890.0
-0.577973605,0.004410589274572615,-0.588379,-0.564453,0.023926000000000003,0.5779904336357523,0.33407294137444504,16.5,0.018097106190929583,0.8759271440078219,0.982089805,0.0040887007027875025,0.97168,0.994141,0.022461000000000064,0.9820983161366152,0.964517102558375,2.0,0.02877418759512058,0.926194399275524,-1.320532265,0.006875708178418781,-1.34082,-1.303711,0.03710899999999984,1.3205501649952511,1.7438527382689852,21.5,0.07134149457120151,0.9035801022043124,0.047381049999999994,0.004861101133231029,0.035706,0.059155,0.023448999999999998,0.04762976173916893,0.00226859420333,38.0,0.025094472467559956,0.9119441841189432,0.021915205000000004,0.0048984981854620505,0.010392,0.033041,0.022649000000000002,0.022455990173336823,0.000504271494665,19.0,0.03955792061239773,0.9118973059092416,0.012948729999999999,0.003996985727657781,0.002132,0.02638,0.024248,0.013551586752849277,0.00018364550352,14.0,0.016018804065983626,0.9082067953958014,-1.8619751500000001,0.004668640496707789,-1.874512,-1.850098,0.024413999999999936,1.8619810029701187,3.4669732554216095,4.5,0.03055072792962481,0.8916394317554084,0.206215835,0.004208276972559554,0.193848,0.217773,0.023925000000000002,0.20625876999493867,0.04254268019982501,50.0,0.026783500989642283,0.9124701013279649,-0.573913515,0.006444529943275537,-0.588867,-0.555176,0.033691000000000026,0.5739496969821005,0.32941825466584507,15.5,0.032467205457563125,0.8942604835644032,-0.032247279999999996,0.005218244974280146,-0.045032,-0.019985,0.025047000000000003,0.03266675906804959,0.0010671171480100001,47.5,0.03431571185331995,0.8826252432843459,0.041665425000000006,0.004359507674540211,0.03011,0.053825,0.023714999999999996,0.04189287466377785,0.0017550129475949999,22.0,0.03061367171189941,0.8947263894419575,-0.012419815,0.0048221810532968375,-0.025047,-0.000266,0.024781,0.013323109049504924,0.000177505234745,46.5,0.04795441295467086,0.9155235142073948,1.7442498802868998,0.005927674159450039,1.7298710663439631,1.761019882787528,0.03114881644356493,1.7442599525878604,3.042442782201805,4.5,0.04756713374698253,0.8959100097265993,0.054159539671735216,0.00482239194391539,0.041766623097875655,0.06599550886234608,0.024228885764470423,0.0543738098859644,0.002956511201515,38.0,0.035076966792166056,0.9013214826146667,1.9593136737817232,0.004911010002708483,1.9438295773894378,1.972219143365412,0.028389565975974085,1.95931982848316,3.83893419028728,4.5,0.037385433358570364,0.8935869195450828,0.054553751739992024,0.004850103240274018,0.04294859156014316,0.06720430815059404,0.02425571659045088,0.054768926686123764,0.00299963533035,10.0,0.024449686733803745,0.8989478845906921,0.0010166641567415568,1.2070173255971488,-0.7964914080854748,-2.7711296358630053e-05,0.9942864522700213,-4.3124128834999814e-05,-0.0003571438410491165,0.9315586288475496,0.00120147705532,0.0005389905109218409,1.1236356375903587,-0.00125074145293,-0.0008251953256390599,0.8288750844236991,6.140268774999997e-06,non_chewing,still_01.csv,5909400.0,5911390.0
-0.5782006749999999,0.004255069169752119,-0.587891,-0.564453,0.02343800000000007,0.5782163316476758,0.3343341261840951,16.5,0.013260521548852208,0.9007549434845668,0.9821337450000002,0.0038707680891491036,0.972656,0.992187,0.019531000000000076,0.9821413726716357,0.9646016759133249,2.0,0.027518020607093577,0.907093612896175,-1.320314975,0.00688677064046531,-1.34082,-1.303711,0.03710899999999984,1.320332935595831,1.7432790608191049,4.5,0.04313207237206603,0.9169123329303521,0.04749695,0.00489063716886665,0.033308,0.059155,0.025847000000000002,0.04774807421477855,0.00227987859122,37.0,0.027534181060185056,0.8927341598094747,0.022073745000000002,0.004732576782258794,0.010392,0.033041,0.022649000000000002,0.022575373780405052,0.000509647501325,31.0,0.04009658129682983,0.9233972770249063,0.012840820000000001,0.0038800879020455194,0.002132,0.023715,0.021582999999999998,0.013414236482185635,0.00017994174040000002,37.5,0.01746158185378477,0.9202956968554608,-1.862092305,0.004733969713884418,-1.874512,-1.848145,0.02636700000000003,1.8620983225408547,3.467410162809465,4.5,0.014407610193886668,0.8835733289970104,0.20581056,0.004339376004266053,0.193848,0.217773,0.023925000000000002,0.20585630131628227,0.042376816791619996,15.0,0.025645006045566365,0.9153372876889508,-0.5738232050000001,0.006495181642800683,-0.588867,-0.555176,0.033691000000000026,0.5738599637377093,0.329315257981045,27.5,0.025903506979085254,0.9162356343630355,-0.032142045,0.004991348843045835,-0.045032,-0.019985,0.025047000000000003,0.03252729038907176,0.001058024620055,10.0,0.03827597130853461,0.8908922224792954,0.041637450000000006,0.004350853355090239,0.027979,0.053026,0.025046999999999996,0.04186415134001883,0.00175260716742,21.5,0.030402934359554143,0.9093751481035491,-0.012317225000000001,0.004476144355846335,-0.025047,-0.000266,0.024781,0.01310533860665187,0.00017174989999499998,5.5,0.041076048369756556,0.9249893601188025,1.7441850079585401,0.005789726175973771,1.7298710663439631,1.761019882787528,0.03114881644356493,1.7441946172708265,3.042214862916525,4.5,0.035664998129299824,0.9183899666384762,0.054281885899143525,0.004790062231053375,0.041766623097875655,0.06599550886234608,0.024228885764470423,0.054492823682986,0.002969467832945,11.0,0.029598077653510347,0.8999131632048234,1.959356410140949,0.004969468955886566,1.9430166028855749,1.972219143365412,0.029202540479837058,1.9593627121036394,3.8391022375821295,4.5,0.014450277681723264,0.8992029569785414,0.054410474072165246,0.004677819867441836,0.04152575763306433,0.06720430815059404,0.025678550517529715,0.05461118646825026,0.00298238168747,10.0,0.02046834084148337,0.9131364579243968,0.0008202572200872059,1.1650593307591897,-0.7968873746656047,0.00011224236361153956,1.023994588674258,-1.2913854525000053e-05,-0.00010071167417918456,0.9798227538595102,0.001221853971165,0.00038172342716855535,1.087735300644404,-0.001242959666095,-0.0005960564538008157,0.8668370797688192,8.191840405000043e-06,non_chewing,still_01.csv,5909900.0,5911890.0
-0.5781762699999999,0.00421091088805023,-0.588379,-0.564453,0.023926000000000003,0.578191604022075,0.33430553096162,29.5,0.010361111821106914,0.9130276659336412,0.9821996749999999,0.003840351334106686,0.972656,0.992187,0.019531000000000076,0.9822071827615979,0.964730949868475,37.0,0.03170499745522244,0.9163725020710567,-1.32048342,0.006785662413029401,-1.34082,-1.303711,0.03710899999999984,1.3205008548688184,1.74372250770928,40.5,0.03470676820917515,0.9183633186811941,0.047600885,0.005063907426264327,0.033308,0.059688,0.02638,0.047869483088968066,0.0022914874112049998,11.0,0.047118544249922206,0.9099281581934686,0.022321565,0.005312347772480167,0.008527,0.040236,0.031709,0.022945006055893735,0.0005264733029050001,19.5,0.03374743981007403,0.9087828656933968,0.012648975,0.0038724461241410445,0.000799,0.023715,0.022916,0.013228469584007063,0.00017499240753499998,37.5,0.026841384708446624,0.9003622050893627,-1.8621924049999998,0.004449471500186842,-1.874512,-1.848145,0.02636700000000003,1.8621977207150466,3.4677803510363145,16.5,0.021519046409185012,0.8733619287512818,0.205620145,0.004154624397460618,0.193848,0.217285,0.023437000000000013,0.2056621135107412,0.042296904933705005,46.5,0.021641755478775598,0.9055145878081242,-0.57391357,0.006389502804999777,-0.588867,-0.555176,0.033691000000000026,0.5739491367501479,0.32941761157624,27.5,0.0176469809575517,0.8884583475270442,-0.03224597,0.004999168454763251,-0.045032,-0.019985,0.025047000000000003,0.032631185489957304,0.00106479426648,1.5,0.034194434775809045,0.9193861023827077,0.041500215,0.004529663698198245,0.027979,0.054625,0.026646,0.041746684877544474,0.0017427856982650002,3.5,0.02031081683690603,0.9126933737867549,-0.01167107,0.004684065748375016,-0.025047,-0.000266,0.024781,0.012575943180533221,0.00015815434688000002,16.5,0.022402372860771243,0.9077297294766783,1.7443407543815983,0.005858424942875849,1.7298710663439631,1.761019882787528,0.03114881644356493,1.7443505922088527,3.0427589885393753,30.0,0.04062360799313093,0.9246650256287235,0.054468342507544135,0.0051139794803910675,0.041766623097875655,0.06755595158829457,0.025789328490418914,0.05470788902566978,0.002992953121645,0.5,0.05686926602312216,0.9076543648511071,1.9594570290852045,0.004797782283898752,1.9430166028855749,1.972219143365412,0.029202540479837058,1.9594629028247155,3.8394948675462603,16.5,0.022080058592451615,0.893358199080392,0.05425564671587578,0.004696712793760962,0.04152575763306433,0.06720430815059404,0.025678550517529715,0.05445855590836944,0.002965734311625,12.0,0.02242578915972152,0.9363484926090793,0.0010606426589770965,1.2210693600117264,-0.796735879006885,0.00041726668663010294,1.088842282880144,2.7218810020000154e-05,6.473897150107571e-05,1.0129499479937292,0.0012266931447249998,0.0007826840742819223,1.1727907691233785,-0.0012163123953600002,-0.0008116196242339713,0.8267275337636889,1.683806065499996e-05,non_chewing,still_01.csv,5910400.0,5912390.0
-0.5781640299999999,0.004134932946143139,-0.590332,-0.567871,0.022460999999999953,0.5781788159871564,0.3342907432563101,49.5,0.0038545674567448123,0.9006658399684474,0.98170896,0.003980889402934977,0.970215,0.993652,0.02343699999999993,0.9817170313408645,0.9637683296247199,1.0,0.03810580415059554,0.8981433388031923,-1.3206054699999998,0.007077905967805732,-1.338379,-1.303711,0.03466799999999992,1.3206244372064337,1.7440489041468101,34.0,0.0256479439051246,0.8807333635460506,0.047760745,0.005162029528196734,0.033308,0.064217,0.030909,0.04803889374043703,0.0023077353118049998,11.5,0.055151215664950334,0.9132667658352832,0.022473454999999996,0.005311281137162201,0.008527,0.040236,0.031709,0.023092550464489624,0.000533265886955,37.5,0.026670173909816724,0.8926661949835598,0.012574355000000002,0.003989270265220821,0.000799,0.023715,0.022916,0.013191993060754694,0.000174028680915,37.5,0.02295990563075038,0.9048153280687212,-1.86232912,0.0042835095477423675,-1.874512,-1.848145,0.02636700000000003,1.8623340462049283,3.46828809965402,16.5,0.015702014224932212,0.8922408463968201,0.205900895,0.004148274559859195,0.195801,0.217285,0.021484000000000003,0.20594267829574567,0.042412386743625,2.0,0.03255189243326531,0.9220860330409907,-0.5740502949999999,0.006575606018305461,-0.589355,-0.550293,0.03906199999999993,0.5740879547456949,0.329576979784095,48.5,0.02989211991942346,0.9005549111852317,-0.0320541,0.004662267691799775,-0.045032,-0.019985,0.025047000000000003,0.0323913887760312,0.00104920206684,7.0,0.039677366710104606,0.9116976589936248,0.041760025,0.004643586838250686,0.027979,0.055158,0.027179,0.04201740813906779,0.0017654625867250002,12.0,0.02040995392383506,0.9125768007541318,-0.011854935,0.0047805430842923075,-0.024248,-0.000266,0.023982,0.012782530110858335,0.000163393076035,16.5,0.026002815700409326,0.9087253172406052,1.744152910062241,0.006213159361900073,1.729808444290003,1.7600302706109914,0.030221826320988354,1.7441639765308308,3.04210797702784,34.0,0.028666735611621433,0.8983709013355992,0.054665139272362835,0.005172274935478077,0.04087362995869097,0.06915725724752247,0.028283627288831506,0.054909287736001455,0.0030150298796749997,6.0,0.06624790943178036,0.9025564868189145,1.9596570574003822,0.0046565612434510155,1.9430166028855749,1.972219143365412,0.029202540479837058,1.9596625898816713,3.84027746618174,16.5,0.02013033388810996,0.9120159951810877,0.05438549100802097,0.004502898779283261,0.04152575763306433,0.06679095694029244,0.025265199307228113,0.054571583535756044,0.0029780577296,12.0,0.016028626477629614,0.9072647096266416,0.001556598118449059,1.334280606883085,-0.7981694891538997,0.0006693761561948168,1.1486544976925648,3.697215007499987e-05,0.00049976183639696,1.1071928660973211,0.0012585332449649997,0.0006676942989115127,1.1437884812256562,-0.0012321966997700003,-0.000791272819071486,0.8344805589826364,1.0635604880000006e-05,non_chewing,still_01.csv,5910900.0,5912890.0
-0.578259225,0.004499061504844647,-0.592773,-0.566406,0.02636700000000003,0.5782767268808464,0.33440397285202506,40.0,0.016031729084520042,0.9073136027745146,0.98121337,0.0039940928310568825,0.96875,0.993652,0.02490199999999998,0.9812214990736291,0.9627956302442999,1.5,0.026762254813984657,0.9309378757990773,-1.32079346,0.007001605724289251,-1.338379,-1.305664,0.03271500000000005,1.3208120178365617,1.7445443864614898,34.0,0.02731927912282593,0.8906518402246608,0.048083150000000005,0.00541255291775517,0.033308,0.065816,0.032508,0.048386827164115645,0.00234128504301,15.0,0.05269383163222224,0.9137769798373971,0.02250541,0.005160734592274631,0.008527,0.040236,0.031709,0.023089535742409375,0.0005331266608,18.5,0.025395270976944755,0.8969560891339526,0.01266228,0.004066702234194188,0.000799,0.023715,0.022916,0.01329930080342572,0.00017687140186,29.5,0.026367858865245283,0.9235856540960199,-1.86210937,0.004186166665709814,-1.873047,-1.848145,0.02490199999999998,1.8621140754081502,3.46746882983315,16.5,0.027075884273322616,0.9119317351941397,0.20608155,0.003859647815215787,0.196777,0.215332,0.018554999999999988,0.20611769000175603,0.04248450213166,31.5,0.02481625212246479,0.8980893561909493,-0.5740722650000001,0.006383587885725002,-0.589355,-0.550293,0.03906199999999993,0.5741077561194632,0.32959971563652496,12.0,0.023745186973835864,0.89085020765183,-0.032115384999999996,0.004577834753109269,-0.044233,-0.019985,0.024248000000000002,0.03244001425284829,0.0010523545247250001,5.0,0.022221858665014162,0.903020797053365,0.04205847,0.00486699763602778,0.027979,0.055158,0.027179,0.042339137505740476,0.00179260256473,12.0,0.03428518670211791,0.9067229952831695,-0.011635089999999999,0.004641225251148666,-0.024248,-0.000533,0.023715,0.012526623293609497,0.00015691629114000002,31.5,0.010534574851407654,0.9067832425467534,1.744048899851473,0.006117555449844954,1.729808444290003,1.7600302706109914,0.030221826320988354,1.744059629014391,3.041743989557815,47.0,0.0318358827652256,0.9054157821822598,0.054980853879999556,0.00532811526678411,0.04087362995869097,0.07057411623251118,0.029700486273820215,0.05523842055734396,0.0030512831056699998,31.5,0.06484563614756525,0.9071775416762451,1.9594723869094053,0.0045839438143290626,1.9430166028855749,1.9702203764637602,0.027203773578185375,1.959477748687475,3.8395530476013358,34.5,0.026474100532520948,0.9129590454776373,0.05458936792843956,0.004676995805905147,0.040602969669717506,0.06679095694029244,0.026187987270574933,0.05478935462838561,0.003001873380595,43.0,0.02187375435943872,0.9191212043392518,0.001533611635515894,1.3345616128020463,-0.7978090580435206,0.0006511194608789621,1.1392174566538764,4.9409725074999866e-05,0.0008347181646459001,1.182339077241475,0.0012889305182849998,0.00029373695624685097,1.0603528043803583,-0.0012594759039300002,-0.0005745230169544807,0.8762130717934256,1.9955110719999976e-05,non_chewing,still_01.csv,5911400.0,5913390.0
-0.5782763049999999,0.004642386795816887,-0.592773,-0.566406,0.02636700000000003,0.5782949391786297,0.33442503667961504,40.0,0.02167733256500254,0.9060801126418523,0.9808886700000001,0.004186177529811653,0.96875,0.993652,0.02490199999999998,0.9808976027173681,0.9621601070166799,11.5,0.027816396747136898,0.9253420848949496,-1.321167025,0.006797064032681684,-1.345215,-1.304199,0.04101599999999994,1.3211845094561223,1.7455285080268148,47.0,0.023923378454432723,0.898420134450759,0.04804983,0.005366591511481006,0.036239,0.065816,0.029577,0.04834859323165463,0.00233758646748,12.0,0.044481584402975616,0.8946186276073215,0.022162975,0.005415877543332659,0.008527,0.040236,0.031709,0.022815108818828807,0.000520529190415,18.5,0.03772169703476369,0.8923052790556234,0.012607680000000001,0.004208421821490807,0.000799,0.023715,0.022916,0.01329151643756272,0.00017666440921,18.0,0.02156120667448842,0.9015320806762419,-1.8621337850000004,0.0038853824880924013,-1.873047,-1.852539,0.02050799999999997,1.8621378384629599,3.467557329435505,42.0,0.02198376267472206,0.887101048437038,0.20640625999999998,0.004004843554048023,0.195312,0.216309,0.020996999999999988,0.20644510877974317,0.04261958293908,31.5,0.018281383651082644,0.9037216315795201,-0.5741626049999999,0.0062343359661615125,-0.589355,-0.550293,0.03906199999999993,0.5741964506380417,0.329701563925325,12.0,0.027867107296155786,0.9210325179709844,-0.03206876,0.00458703566068545,-0.044233,-0.020251,0.023982,0.032395158034650796,0.0010494462640900002,43.0,0.019454439227351784,0.9186140773504542,0.042311619999999994,0.005083859738977857,0.027979,0.055158,0.027179,0.042615945570525594,0.0018161188168699998,46.5,0.04274996392047484,0.8919530427253913,-0.0120441,0.004839081585383739,-0.024248,-0.000533,0.023715,0.012979871162688788,0.0001684770554,18.5,0.014928863777170308,0.9054763516560643,1.7441542160275885,0.006302573783613251,1.729808444290003,1.7679623940641385,0.03815394977413544,1.7441656032966335,3.0421136517231098,11.5,0.03504597078524639,0.9128068165319435,0.054833175691178716,0.0053012178530341125,0.04087362995869097,0.07057411623251118,0.029700486273820215,0.05508883795384506,0.0030347800671050003,21.5,0.06022469649644589,0.9195348576653208,1.9595561416561729,0.004266614288109952,1.9483282765832866,1.9710119696320973,0.022683693048810794,1.9595607865794595,3.8398784762999103,42.0,0.0252429625998635,0.8855225045563407,0.054879220950337315,0.004723689685411,0.040602969669717506,0.06679095694029244,0.026187987270574933,0.05508213990360215,0.00303404213636,43.0,0.025308146362127294,0.8981842647319283,0.002035959495503301,1.4771838647747093,-0.7977648245768005,0.0005775281676231115,1.1222620887664982,7.37930745000389e-07,0.0007795558507955585,1.1699476325150409,0.0012881402033899998,0.0003320178043548028,1.0653082149000352,-0.0012955896264549998,-0.0006306597638929337,0.8696736658051359,8.187353809999983e-06,non_chewing,still_01.csv,5911900.0,5913890.0
-0.578217725,0.004631089315633525,-0.592773,-0.566406,0.02636700000000003,0.5782362704746434,0.334357184492425,5.0,0.024861672204728506,0.8903572412839604,0.9803173700000001,0.0042836757642356615,0.96875,0.993652,0.02490199999999998,0.9803267291070716,0.9610404958017699,11.5,0.018653876543558157,0.911643631762712,-1.32079103,0.006889100634270051,-1.345215,-1.304199,0.04101599999999994,1.3208089962731213,1.7445364046360101,47.0,0.024425521412632406,0.9106839270089095,0.048193715,0.005224043071584977,0.036239,0.067948,0.031708999999999994,0.04847602285166348,0.002349924791515,12.5,0.03416777807365787,0.9058091103392019,0.022170959999999997,0.004918601384377474,0.008793,0.036239,0.027445999999999998,0.022710000151915453,0.0005157441069,31.0,0.029993389172776733,0.9019107051599936,0.012828824999999999,0.0040526573978532906,0.003198,0.023715,0.020517,0.013453727471039394,0.00018100278286500003,11.0,0.012605528590043942,0.8980946858406905,-1.861857905,0.0038579896495422477,-1.871582,-1.852539,0.019043000000000143,1.8618619021009923,3.466529742495125,7.0,0.022373288535796305,0.8998869512011183,0.20620605,0.004251804562476973,0.195312,0.216309,0.020996999999999988,0.20624987975424375,0.042539012898640004,31.5,0.027755922546520484,0.9049828879887364,-0.57420898,0.006445296768155828,-0.589844,-0.550293,0.039551,0.5742451519717603,0.32975749456307,50.0,0.03851440904238716,0.9263623270918803,-0.0318196,0.004820955722675744,-0.044233,-0.017587,0.026646000000000003,0.032182736960053596,0.0010357285582399999,43.0,0.03168598222807412,0.9103635614873905,0.042288980000000004,0.004874430085620267,0.029577,0.055158,0.025581,0.04256897811904815,0.0018121178981,12.0,0.041716347286365224,0.9086423119935296,-0.012373185000000002,0.004647310217832999,-0.022116,-0.000533,0.021583,0.01321715549220028,0.000174693199305,48.0,0.018321416302776235,0.9011307645252897,1.74352947724783,0.006248751724394175,1.729808444290003,1.7679623940641385,0.03815394977413544,1.7435406748711673,3.0399340849302052,47.0,0.032258453097316335,0.9190180139727525,0.05497190227939063,0.004976107019058936,0.04087362995869097,0.07105468770601979,0.03018105774732882,0.05519666367888552,0.00304667168128,20.5,0.033281342886847906,0.9217964142803744,1.9592875780168526,0.004293784541755303,1.9483282765832866,1.9710119696320973,0.022683693048810794,1.9592922829319863,3.838826249956835,1.0,0.03426057333280534,0.8897583945854909,0.05476209455098596,0.004863399637483432,0.040602969669717506,0.06612585393021402,0.02552288426049651,0.05497762868335629,0.003022539655645,43.0,0.03753102091180725,0.9004891526716923,0.0019549671826388695,1.4553016490761497,-0.7988921650266296,0.00011270738157550479,1.023174608293927,2.4132025634999825e-05,0.000403087348909233,1.0836115019711299,0.0013141962332750001,4.4171298757208176e-05,1.0090618386111465,-0.0012963737912,-0.0005946528199797076,0.8720436570604083,6.3095835600000154e-06,non_chewing,still_01.csv,5912400.0,5914390.0
-0.578376455,0.004521576646256812,-0.592773,-0.566406,0.02636700000000003,0.5783941289066954,0.33453976835373495,22.5,0.020721427499910197,0.9131971323555799,0.980165995,0.004155184558473305,0.96875,0.991211,0.022460999999999953,0.9801748024271257,0.960742643313055,3.5,0.028332606079933403,0.9084657745115113,-1.321088925,0.006709416413472566,-1.345215,-1.304199,0.04101599999999994,1.321105962452015,1.745320964026265,24.5,0.07251569425316007,0.9166300875641814,0.04822303,0.005115316788733617,0.03464,0.067948,0.033308,0.048493577803973176,0.00235162708823,5.0,0.017169838598128182,0.9053385035037018,0.022230914999999997,0.004846534275931101,0.010658,0.036239,0.025581,0.022753076192572292,0.0005177024762250001,31.0,0.030316390351434134,0.9240796901972912,0.012795505,0.004213671986519002,0.000266,0.023715,0.023449,0.013471450546062216,0.00018147997981499998,13.0,0.01672673455151671,0.9182965518906354,-1.8621142550000003,0.003979056293893698,-1.871094,-1.852539,0.0185550000000001,1.8621185063156411,3.4674853315631946,1.0,0.030269956532829434,0.9132690711506616,0.20618897000000003,0.004519421908729036,0.195312,0.218262,0.022949999999999998,0.20623849428283267,0.04253431652405,1.0,0.03427727034821496,0.8953512420974326,-0.5743579,0.006391146836836092,-0.592285,-0.558594,0.033690999999999915,0.5743934575274164,0.3299278440503,42.0,0.03578951610839244,0.9061538240044871,-0.03154115500000001,0.005294390837572818,-0.046364,-0.017587,0.028777000000000004,0.03198241756145085,0.001022875033075,48.5,0.044104586785970006,0.9152557630198483,0.04225298,0.004609155324959228,0.029577,0.05276,0.023183000000000002,0.04250363080596763,0.00180655863169,30.5,0.0378203601640303,0.9240974867361432,-0.012245285,0.0044797251638660825,-0.022116,0.000533,0.022649,0.013038977807903501,0.000170014942275,37.5,0.01826888164271928,0.9111803295097463,1.7437227633299421,0.0058566490458268495,1.7299800492300483,1.7679623940641385,0.03798234483409013,1.7437325986782075,3.040603375693055,49.5,0.03405275841493429,0.9120627716848703,0.05501846767646791,0.004876244333855259,0.0405625081694907,0.07105468770601979,0.030492179536529086,0.05523413386910308,0.00305080954427,39.5,0.01766802096176333,0.8949840305545463,1.9595734113273238,0.004420153451938412,1.9483282765832866,1.971693151707689,0.02336487512440244,1.9595783965275657,3.8399474921375454,1.0,0.0409143389163383,0.9118730209871067,0.05455305098538402,0.004838722478722152,0.040602969669717506,0.06612585393021402,0.02552288426049651,0.05476722201317134,0.00299944860704,33.5,0.04720105791449147,0.9108665893576204,0.0014364955938884379,1.3249877203377358,-0.7993441164444905,3.752185513310451e-05,1.0077544962121932,5.1360937230000066e-05,-0.00017907404883920307,0.966176647260651,0.001328752055155,0.0002373789509718732,1.0515016167249631,-0.001288856155465,-0.00026605317734707846,0.9406094866057654,1.1465037539999971e-05,non_chewing,still_01.csv,5912900.0,5914890.0
-0.578430175,0.004233035377170264,-0.589355,-0.566406,0.022948999999999997,0.5784456637740791,0.33459938593903504,21.0,0.009139532449187663,0.915666455405242,0.980092745,0.004095088660819808,0.969238,0.991211,0.02197299999999991,0.9801013001484975,0.9605985585527751,3.5,0.028990308181353473,0.8909406846863024,-1.321543015,0.007107631510902568,-1.345703,-1.302246,0.04345700000000008,1.32156212828644,1.7465264589209852,43.0,0.07291091255476607,0.886953351105318,0.04804449499999999,0.005195192949253665,0.03464,0.067948,0.033308,0.04832456445313294,0.0023352635295849997,9.0,0.014878087168445821,0.906648733343013,0.021643394999999996,0.005040196070489222,0.009326,0.034907,0.025581,0.022222513889184545,0.000493840123555,42.0,0.04739648833544573,0.9032635009434313,0.012561029999999999,0.004539513144501291,0.000266,0.022916,0.02265,0.01335614668420499,0.00017838665424999998,23.5,0.02686729171698453,0.9102997010425696,-1.86215333,0.0040402102520908575,-1.872559,-1.853027,0.019532000000000105,1.8621577129042992,3.4676313477289704,43.0,0.024071035883419474,0.8921259420277805,0.20641113,0.004602735392470438,0.195312,0.218262,0.022949999999999998,0.20646244152622528,0.04262673976097,8.5,0.03433565018593996,0.9246032199318894,-0.57429197,0.0066414939064264765,-0.592285,-0.558594,0.033690999999999915,0.5743303720401612,0.32985537624779,42.0,0.047136586155770585,0.9099658380896102,-0.03122671,0.005186394765721174,-0.046364,-0.017587,0.028777000000000004,0.0316544800634918,0.00100200610809,1.5,0.045929100009213165,0.9371017018016518,0.04201183499999999,0.004476351012574304,0.03011,0.05276,0.02265,0.04224963903342844,0.001785031998455,49.0,0.026391177492457646,0.9164225489907021,-0.01250111,0.004471264171115368,-0.023449,0.000533,0.023982,0.013276669556782679,0.00017626995452,26.0,0.01702034491251438,0.9168378352012748,1.7440441476359403,0.005866388124063295,1.7299062923962094,1.7679623940641385,0.038056101667929054,1.744054013903467,3.041724403412795,41.5,0.03246533556194123,0.9015710093143608,0.05462060910190648,0.00490707333618842,0.0405625081694907,0.07105468770601979,0.030492179536529086,0.05484058996208921,0.00300749030739,24.0,0.020158482271982615,0.9221852127433657,1.959615815611343,0.004395332026272774,1.949606800731881,1.971693151707689,0.022086350975808022,1.9596207448732854,3.84011346373773,43.0,0.03399082978354128,0.9041318662103234,0.054236470188013385,0.004659759930483085,0.041926231049308496,0.06534893852236622,0.02342270747305772,0.05443627523136571,0.0029633080610650003,33.5,0.044824011470789286,0.9165084361350725,0.0014710560977905214,1.3346860007383723,-0.7983890603249351,0.00024731340570533465,1.0530742805197897,4.418224632499971e-05,8.798183532492988e-06,1.0016963968093295,0.0013332574214949997,0.000563845057914918,1.1259608677539021,-0.0012911918749,6.82489733859204e-05,1.0152639098863387,2.116699729999994e-06,non_chewing,still_01.csv,5913400.0,5915390.0
-0.5784277350000001,0.004246564756927063,-0.589844,-0.568359,0.021485000000000087,0.5784433230053443,0.33459667792946507,21.0,0.009750208635382823,0.8978238885797527,0.9800903150000001,0.003987353569195357,0.969238,0.991211,0.02197299999999991,0.9800984259477642,0.960592924545285,33.5,0.031196052204333104,0.8909137137672045,-1.3214722,0.0072769390508647305,-1.345703,-1.302246,0.04345700000000008,1.321492235775447,1.7463417292147898,43.0,0.09125557729817903,0.8976227510760982,0.04786464000000001,0.005359533926602201,0.032775,0.067948,0.035172999999999996,0.04816376611354225,0.0023197483662400005,9.0,0.03650859044133564,0.9140226496188357,0.02159681,0.004849003875426375,0.009326,0.033308,0.023981999999999996,0.022134476292878492,0.00048993504076,42.0,0.023054020611453115,0.9189232245381258,0.012728899999999998,0.004598847500189586,0.000266,0.022916,0.02265,0.013534189799910447,0.00018317429353999998,24.0,0.030051577301451256,0.922075795451898,-1.8621313849999999,0.00410621813190374,-1.872559,-1.852539,0.02002000000000015,1.8621359123408165,3.467550156029365,1.0,0.02996066807023294,0.8981500238850715,0.206303695,0.0047295165463263796,0.192871,0.218262,0.025391000000000025,0.206357900012127,0.042583582897415005,8.5,0.03393628267985704,0.9206599161484224,-0.574760685,0.0068091885644161,-0.592285,-0.558594,0.033690999999999915,0.5748010178057925,0.33039621007057496,14.5,0.04681309434190352,0.927737807641592,-0.031351939999999995,0.005270528057642801,-0.046364,-0.017587,0.028777000000000004,0.031791863861214555,0.00101072260777,22.5,0.05691418163297811,0.9099004301603254,0.04163744,0.004283182579157698,0.03011,0.054092,0.023982,0.0418571626219456,0.0017520220627600003,26.0,0.03565850453234351,0.9051001531347852,-0.01211071,0.004540133990963262,-0.023449,0.000533,0.023982,0.012933758671012846,0.00016728211335999998,44.0,0.009984392389660684,0.9125767662117805,1.743989742191641,0.00557770740298278,1.7299062923962094,1.7608225917192795,0.03091629932307005,1.743998661607726,3.0415313316895403,41.5,0.05175560505690708,0.9039678568757789,0.054470078192880605,0.00508608712090853,0.04055681635680986,0.07105468770601979,0.030497871349209928,0.05470701692232908,0.0029928577005400004,9.0,0.030939611715232893,0.9145477372581864,1.9597221307092647,0.004372574263993483,1.949606800731881,1.971693151707689,0.022086350975808022,1.9597270087941725,3.840529948997355,35.0,0.032183500082842334,0.8981018372335567,0.053941686000019605,0.004507914746896715,0.041926231049308496,0.06413579132590476,0.022209560276596263,0.05412972181611503,0.0029300267838899994,33.5,0.03438873720696227,0.9127203366920659,0.001205133138989298,1.2756118172567406,-0.7989986173078147,0.0005781723740118172,1.12825716688849,6.283091665000096e-05,8.900586895939627e-05,1.0168874670594588,0.0013090257584700005,0.0005658212962686756,1.1321030065405118,-0.0012620870220000002,5.87135092263236e-05,1.0129321093481354,1.5892180180000006e-05,non_chewing,still_01.csv,5913900.0,5915890.0
-0.578396005,0.004502482875589312,-0.589844,-0.566895,0.022948999999999997,0.5784135293645931,0.33456221095200506,21.0,0.02214261732196097,0.8981425692507455,0.9800341750000001,0.0038933552900261978,0.967285,0.991211,0.023926000000000003,0.9800419084831755,0.960482142383345,33.5,0.027663101849839708,0.9153414730758186,-1.32185062,0.007197933881719115,-1.345703,-1.302246,0.04345700000000008,1.321870217474677,1.7473408718465497,43.0,0.08108854239535498,0.8978719551785798,0.047575505,0.005467574310420938,0.032775,0.062086,0.029311000000000004,0.04788865256869314,0.002293323044845,33.5,0.03189317333322576,0.8837579858340912,0.021484879999999998,0.004781276792405979,0.009326,0.033308,0.023981999999999996,0.022010467427567276,0.00048446067637999995,37.5,0.012374825238299242,0.8979746832080215,0.012723580000000002,0.004585859509797481,0.000266,0.022916,0.02265,0.013524777094651134,0.00018291959546,23.0,0.026602590394438075,0.9144391131478866,-1.862441455,0.0040748177355527234,-1.872559,-1.852539,0.02002000000000015,1.8624459126219195,3.468704777442095,44.0,0.018480700333532187,0.9131435619111405,0.206323235,0.004820839776405663,0.192871,0.218262,0.025391000000000025,0.20637954791358323,0.042592517797015,26.5,0.02878751877859493,0.9058856729305383,-0.574685015,0.00706006770681238,-0.592285,-0.552246,0.040038999999999936,0.5747283802124052,0.33031271102157506,46.0,0.04470941218537214,0.9092555994530955,-0.03164774,0.005099026435742416,-0.048496,-0.017853,0.030642999999999997,0.032055881171791235,0.0010275795176999999,22.5,0.05589968694407692,0.9218428862466717,0.041781324999999994,0.004297373515227063,0.031176,0.054092,0.022916000000000002,0.04200174446240299,0.0017641465378850003,1.0,0.03900562019595115,0.9155919524813886,-0.012098705000000001,0.0046562582969563665,-0.024781,0.000533,0.025314,0.012963772753523567,0.000168059404005,22.5,0.011989020768478884,0.8986965071787477,1.7442344355352817,0.0056088389901305866,1.7299062923962094,1.7604572487223313,0.030550956326121925,1.7442434535298965,3.0423852251819,36.5,0.04449720020207087,0.910032811166741,0.05416297447092691,0.00520341360519409,0.04055681635680986,0.0679511112271168,0.027394294870306944,0.05441234525992241,0.0029607033166850006,37.5,0.022722953565562715,0.892094943298949,1.95999767892256,0.004370912818233611,1.9466599893342955,1.971693151707689,0.02503316237339348,1.9600025526158593,3.8416100062606846,44.0,0.013037722112202388,0.9159606112956642,0.054225511721635755,0.004402196964782854,0.041926231049308496,0.06775308542051793,0.025826854371209435,0.05440391033363318,0.0029597854595899997,45.0,0.03247617959257169,0.9292776079045639,0.0012379261718969753,1.283219140572392,-0.7992247810787845,0.0008012166404112358,1.1820038146454805,9.178570950008937e-07,0.0003685478746785287,1.072278086674573,0.0012657435271450001,0.00048390327717891864,1.1126044258113204,-0.0012796858615050004,-7.039878715888685e-05,0.9848808243295042,1.4860191454999996e-05,non_chewing,still_01.csv,5914400.0,5916390.0
-0.578312985,0.004522554047745034,-0.589844,-0.566895,0.022948999999999997,0.5783306684888196,0.334466362114725,21.0,0.028410714436948092,0.9130249709086431,0.97989991,0.004005926149082126,0.967285,0.991211,0.023926000000000003,0.9799080982736698,0.9602198810623199,24.0,0.016940186490386575,0.9289178454294386,-1.32114501,0.007234304726088055,-1.345703,-1.302246,0.04345700000000008,1.321164816596616,1.74547647261277,43.0,0.054960084711121536,0.8956313013879865,0.047496905,0.0054847052205177806,0.032775,0.062086,0.029311000000000004,0.04781252948689287,0.0022860379759350002,33.5,0.032927637022321196,0.9253770103096327,0.021454240000000003,0.004817715407991635,0.009326,0.03464,0.025313999999999996,0.021988515086972107,0.00048349479572999996,37.5,0.022060324277343515,0.9086513919568983,0.01266231,0.004537159838919056,0.002665,0.022916,0.020250999999999998,0.013450647342786146,0.00018091991394000002,28.5,0.025461053034283275,0.8988764807564773,-1.8619360649999999,0.004000842122700549,-1.872559,-1.852539,0.02002000000000015,1.861940363407318,3.466821916885375,28.0,0.021590843058885974,0.9211138086117454,0.20605954500000004,0.004743378224216894,0.192871,0.217773,0.024902000000000007,0.2061141327580062,0.042483035722585,31.5,0.02308585937729636,0.9084639523939703,-0.57480222,0.006868594944499204,-0.590332,-0.552246,0.03808599999999995,0.5748432566477926,0.33044476971343995,47.0,0.054987704925768786,0.9211366044715771,-0.032019455,0.0047181103249049824,-0.048496,-0.019185,0.029310999999999997,0.03236519833918835,0.001047506063535,22.5,0.03101369839261056,0.8913255369010502,0.041213765,0.004391544131598247,0.029844,0.054092,0.024248000000000002,0.04144707571512132,0.0017178600853349998,1.0,0.050728554958464366,0.9120409242117697,-0.012082705000000003,0.004538164925162482,-0.024781,-0.003198,0.021583,0.012906847059022588,0.000166586701005,50.0,0.014082924403505807,0.9053358995253736,1.7435966299890437,0.005788581921704202,1.7284529454251856,1.7604572487223313,0.032004303297145764,1.7436062387448077,3.040162715789815,36.5,0.06027312856457673,0.9143033225333032,0.054074040708545185,0.0051430348098761335,0.04055681635680986,0.0679511112271168,0.027394294870306944,0.0543180696049206,0.0029504526856049995,11.0,0.021222778227419258,0.9155225685965884,1.9595235403777327,0.00414934053993469,1.9466599893342955,1.9709125667400877,0.02425257740579223,1.9595279335394533,3.8397497223214003,26.5,0.017250275244549567,0.9227328199284226,0.05397045577665075,0.00437524320873536,0.041926231049308496,0.06775308542051793,0.025826854371209435,0.0541475100985724,0.002931952849875,47.0,0.03917719903059469,0.9046840613821037,0.0016392413817695106,1.3950607008494202,-0.7995870065315853,0.0007677916011407746,1.1754854677810471,1.8499835729999473e-05,0.0007665948956127999,1.162479222150923,0.0012385319124000001,0.00042617127639338944,1.0970436055343227,-0.0012343652896049998,-1.0050862434239638e-06,0.9997785258446975,1.4333212935000009e-05,non_chewing,still_01.csv,5914900.0,5916890.0
-0.578388685,0.004762425991632309,-0.590332,-0.566895,0.02343699999999993,0.5784082914666377,0.334556151637355,3.0,0.03842780046723816,0.9044256545890812,0.9799389650000001,0.0038499324856125683,0.967285,0.991211,0.023926000000000003,0.9799465276765946,0.9602951971054149,28.5,0.025912132997977247,0.9234732520005365,-1.320336935,0.00701119324229299,-1.339844,-1.303711,0.03613299999999997,1.3203555501287807,1.743338778755875,4.0,0.0847620028887541,0.896222308812729,0.04758751,0.005514305568237944,0.032775,0.061286,0.028511,0.04790593568546595,0.0022949786739,24.0,0.04229251959178543,0.8944206248865686,0.021259705000000004,0.005011935522128652,0.002132,0.03464,0.032507999999999995,0.021842494234061274,0.000477094554365,37.5,0.07431784688837248,0.9172594986391811,0.012499755000000001,0.004569444567447448,0.002132,0.022116,0.019984000000000002,0.01330878276609097,0.00017712369871500003,9.5,0.021710254856781814,0.9267746174963851,-1.86211429,0.003986581106148479,-1.871094,-1.852539,0.0185550000000001,1.862118557410113,3.4674855218511196,27.0,0.01835122820067902,0.911091966566205,0.20562009499999997,0.004766641363263551,0.192871,0.217773,0.024902000000000007,0.20567533721303338,0.042302344337694996,31.5,0.022085940627736302,0.9380709568014111,-0.5747558500000001,0.006925691254849583,-0.590332,-0.552246,0.03808599999999995,0.5747975750719377,0.33039225230857994,26.5,0.056569499857463325,0.9068714854555565,-0.03213406,0.0046331772366703175,-0.048496,-0.020251,0.028244999999999996,0.03246635402058568,0.00105406414339,8.0,0.03317162043792859,0.8995768024368178,0.04152552999999999,0.004435257221300699,0.029844,0.054092,0.024248000000000002,0.04176171869547517,0.0017440411484000002,1.0,0.04913486916626318,0.9209924159665595,-0.011656345000000002,0.004685211746119379,-0.024781,0.000799,0.025580000000000002,0.01256270623174004,0.00015782158786500003,50.0,0.030689380675724128,0.8908246154215027,1.7430311926770872,0.005691120569395174,1.7284529454251856,1.756174794749657,0.027721849324471526,1.743040483608641,3.038190127498645,32.0,0.057569841155865026,0.9074878659958638,0.054050883928702165,0.005262971927149664,0.04055681635680986,0.0679511112271168,0.027394294870306944,0.05430650906640934,0.00294919692698,6.0,0.016310816746375436,0.8963558498928897,1.959633204863989,0.004221479821793772,1.9466599893342955,1.9690174372973441,0.022357447963048616,1.95963775185553,3.840180118497395,8.5,0.015146163332466857,0.9095833215073381,0.05419986621923778,0.0042780113921923515,0.042629483435763095,0.06775308542051793,0.025123601984754836,0.0543684364282715,0.0029559268796549997,44.5,0.03023243464108873,0.8819203230571718,0.0014696407476013995,1.3481340216324724,-0.80198999099875,0.0009849605349573137,1.2302379411038808,-6.729952674999675e-06,0.0008811283315676268,1.1901779894353577,0.0012409145305100002,0.0005766783008279543,1.1300213881752805,-0.0012669465940350001,-0.00011576717867193068,0.9752909398880815,1.930211085000001e-05,non_chewing,still_01.csv,5915400.0,5917390.0
-0.578342285,0.004681083310920132,-0.590332,-0.566895,0.02343699999999993,0.578361228956424,0.334501711159985,3.0,0.04543277911133355,0.8972539732045224,0.979753375,0.003815745361574194,0.967285,0.990234,0.022948999999999997,0.9797608053686139,0.9599312357365549,15.0,0.024030380978045662,0.9050571138788143,-1.3200976749999997,0.006961022577134407,-1.340332,-1.304199,0.03613299999999997,1.320116027997435,1.742706327375725,38.0,0.09174140422113476,0.9209768867884924,0.047634144999999996,0.005416322740935496,0.033574,0.061286,0.027712,0.0479410922061127,0.002298348321915,34.0,0.022898868742246836,0.9175609199620307,0.021215739999999997,0.005378464723543327,0.002132,0.03464,0.032507999999999995,0.021886879780590014,0.00047903550652999996,0.5,0.06707082271318786,0.9296877498391564,0.01228658,0.004610465867306687,0.002132,0.022649,0.020517,0.013123126289493673,0.00017221644361,6.0,0.012795828407801168,0.9093359250678343,-1.861818855,0.0041157010732043005,-1.871094,-1.852539,0.0185550000000001,1.8618234040393937,3.4663863878288352,14.5,0.02730501756438072,0.9259307841012647,0.20595215500000003,0.004608167546972983,0.194336,0.217773,0.023436999999999986,0.20600370229023798,0.042437525357285004,27.0,0.03388312613426178,0.9186039747276887,-0.573901385,0.006874858178666307,-0.590332,-0.552246,0.03808599999999995,0.5739425610458724,0.329410063379895,4.0,0.10211769033505676,0.9189960013428299,-0.031943515,0.004824726347656932,-0.048496,-0.018119,0.030376999999999998,0.032305821996739224,0.001043666134885,8.5,0.022878234355339925,0.9138035861104846,0.041521539999999996,0.0044608832083344215,0.029844,0.054092,0.024248000000000002,0.041760480875703526,0.0017439377629699998,25.5,0.030335211310198888,0.9177286835898701,-0.011477854999999999,0.004762433805731582,-0.025047,0.000799,0.025846,0.012426662108345908,0.000154421931155,16.5,0.026102819339836845,0.9138196115269721,1.7427294700931588,0.005767871451581659,1.7284529454251856,1.7585796353745258,0.030126689949340202,1.7427390149624427,3.037139274272265,38.0,0.036250431545292755,0.9109847962385721,0.05407030246372111,0.005099280688167139,0.04084831426142332,0.0679511112271168,0.02710279696569349,0.054310222537336375,0.002949600272055,6.0,0.007123494239207859,0.9005802810661488,1.9591365901227444,0.004218744865503898,1.9466599893342955,1.9690174372973441,0.022357447963048616,1.959141132375617,3.838233976566015,8.5,0.015897939052595664,0.91925198386025,0.05404360396402904,0.00461678455087361,0.03798748512339294,0.06775308542051793,0.029765600297124988,0.05424044458713442,0.00294202582901,25.5,0.03129073926623765,0.9138537829331334,0.0015491265860777589,1.3672008228667145,-0.8010947022937498,0.0004824961372935305,1.1045091301048975,7.574443045000202e-06,0.0005915963932785658,1.1226176057769301,0.0012546821870299998,0.0009175815152089074,1.205695032206752,-0.00126490225644,-0.00015196793842489533,0.9680902780754659,1.7794512454999997e-05,non_chewing,still_01.csv,5915900.0,5917890.0
-0.578623025,0.004367624456655472,-0.590332,-0.568848,0.021483999999999948,0.5786395088511888,0.334823681203545,20.5,0.017299281904696866,0.9160800752638032,0.979733825,0.003744226554894209,0.96875,0.990234,0.021483999999999948,0.9797409795867605,0.959892387081625,15.0,0.02557250755782039,0.9129301393416693,-1.32000247,0.007126606126979374,-1.340332,-1.303223,0.03710900000000006,1.3200217078976355,1.7424573093209903,46.5,0.08281992774388648,0.914038450009207,0.04777405,0.005411058535767285,0.033574,0.060753,0.027179000000000002,0.048079511310744415,0.00231163940788,19.0,0.020360778755277104,0.913521380550924,0.020959945,0.005483963843970436,0.002132,0.03464,0.032507999999999995,0.021665483005116688,0.00046939315384499997,8.5,0.06539737769906565,0.9176596060291252,0.01221598,0.004543089591852663,0.002132,0.022649,0.020517,0.013033412078193491,0.0001698698304,6.0,0.014842941604683533,0.9118863891934567,-1.86171142,0.004174767814334116,-1.871582,-1.853027,0.0185550000000001,1.861716100817931,3.4659868400447205,14.5,0.032994685648710206,0.9118687301306313,0.20644044,0.0043518951522756154,0.194336,0.21875,0.02441399999999999,0.2064863052572979,0.04263659425881,7.0,0.02849866066741674,0.9281472525073786,-0.57443116,0.006675654399712434,-0.589844,-0.555176,0.03466800000000003,0.5744699486836626,0.33001572194060996,39.0,0.10064210452802597,0.8957086017476275,-0.031820934999999995,0.004864864319873166,-0.045299,-0.018119,0.02718,0.032190663384357276,0.0010362388091250002,31.5,0.032969662721973256,0.89723406892364,0.04171203999999999,0.004568964362785072,0.029844,0.058355,0.028510999999999998,0.041961526620345926,0.00176076971631,25.0,0.03927459003923774,0.9197784332187481,-0.01118875,0.004674101617155964,-0.025047,0.000799,0.025846,0.012125813477453791,0.00014703535249,10.0,0.017653474952741024,0.9063213503023152,1.7427388551855287,0.005887294182593384,1.7270480557080627,1.7586149196651892,0.03156686395712649,1.7427487993414772,3.0371733776061602,38.0,0.039076313070164424,0.9229055119417839,0.054082645275214676,0.005096064379528545,0.04084831426142332,0.06575751309926495,0.02490919883784163,0.05432220901367138,0.002950902392125,19.0,0.003676140261235768,0.8999190504573229,1.9592402079034408,0.0041187350754479145,1.949181070007094,1.9692276656631147,0.020046595656020738,1.959244537122444,3.8386391562441404,24.0,0.021535730323399983,0.9191187443143564,0.05406051286241502,0.004637329724923625,0.03798748512339294,0.06799433090339223,0.030006845779999285,0.05425904420393894,0.002944043877925,18.0,0.03134566411747858,0.9105615726851233,0.0017685591071454716,1.4293937519040696,-0.8014657786379802,0.0004587346546049203,1.0989221560285916,6.858514200000065e-06,0.0005461942158941201,1.11227326806688,0.001275400598755,0.0009149994811853647,1.200264087992933,-0.001291376562465,-0.00013101202530330265,0.971970651039671,2.283447790999999e-05,non_chewing,still_01.csv,5916400.0,5918390.0
-0.5787890450000001,0.00454317152911653,-0.590332,-0.566406,0.023926000000000003,0.5788068754079853,0.335017399019555,28.0,0.01301275849675164,0.8871917869489132,0.9797094000000002,0.003814480566210813,0.971191,0.991699,0.02050799999999997,0.9797168257768926,0.95984505871035,37.5,0.019147210545399203,0.9054693943008473,-1.32058599,0.006919250749893372,-1.340332,-1.303223,0.03710900000000006,1.3206041166887297,1.7439952330152202,46.5,0.05682564553137769,0.9144135159687449,0.047732755,0.005217654571258526,0.033574,0.060753,0.027179000000000002,0.04801707841086336,0.002305639819115,46.0,0.021500189785692264,0.9160903624590742,0.02070014,0.005225068523033933,0.002132,0.032775,0.030642999999999997,0.021349406012580303,0.00045579713708999997,8.5,0.05527721642262637,0.9200601415617776,0.012202635000000002,0.004501110242126381,0.002132,0.022649,0.020517,0.01300631747863322,0.00016916429435499998,4.0,0.025672472882134978,0.8973104671631355,-1.8618334950000002,0.004040224258624148,-1.871582,-1.853027,0.0185550000000001,1.8618378786876089,3.4664402865159754,40.0,0.025875954171602728,0.9134753550631245,0.20648926999999997,0.004034697000655688,0.194336,0.21875,0.02441399999999999,0.20652868421848816,0.04265409740502,8.0,0.024789297145280935,0.9035900397139714,-0.574233405,0.006588548308313069,-0.589844,-0.555176,0.03466800000000003,0.574271201077248,0.32978741238670506,39.0,0.08470104817586133,0.9105104760300374,-0.031812950000000007,0.0048380232189914095,-0.045299,-0.018119,0.02718,0.032178723659741386,0.00103547025637,10.0,0.029930049010754748,0.9180743920909364,0.04192520499999999,0.004480110354999641,0.030377,0.058355,0.027977999999999996,0.04216389691531132,0.0017777942030849996,2.0,0.031959479726889804,0.9088708495048712,-0.011082165,0.004820011366975704,-0.025047,0.000799,0.025846,0.01208498616734831,0.000146046890665,13.5,0.01679880371085015,0.9031618087201663,1.743222441009883,0.005762977066471691,1.7270480557080627,1.7586149196651892,0.03156686395712649,1.7432319669926675,3.038857690745125,28.0,0.01794653096934679,0.9127988343695713,0.053902459135449235,0.005012599097397068,0.04084831426142332,0.06575751309926495,0.02490919883784163,0.054135027944575774,0.00293060125056,4.0,0.01231589225223361,0.9128490976053428,1.9593021129327537,0.004126325841187191,1.949181070007094,1.9692276656631147,0.020046595656020738,1.9593064579865245,3.8388817963077004,23.5,0.022182486366060305,0.8986336476080677,0.05421737911691433,0.0044482751503006806,0.03798748512339294,0.06799433090339223,0.030006845779999285,0.054399552848529924,0.00295931135012,26.0,0.029754433298041415,0.9065679493377846,0.001636651225284498,1.396636448083706,-0.8000241055625756,0.0005643239470963868,1.1268635432900866,-2.8710099559999935e-05,0.0003796313522671166,1.0784682782788007,0.0012701695627450002,0.0007449581680342935,1.1662812093909578,-0.0013219970659949997,-0.00031890112484932436,0.93383809693183,2.3117403689999983e-05,non_chewing,still_01.csv,5916900.0,5918890.0
-0.578986785,0.004171057748194698,-0.590332,-0.566406,0.023926000000000003,0.5790018090881712,0.33524309492737503,28.0,0.008755209883375603,0.9022207827697601,0.9794310850000001,0.003814240428679735,0.969727,0.991699,0.02197199999999999,0.9794385119517841,0.9592997986943251,37.5,0.010461454984754835,0.9142232133478135,-1.32110109,0.006454858004782132,-1.340332,-1.303223,0.03710900000000006,1.321116859021582,1.7453497551910504,49.0,0.03491903904550732,0.9020705975737581,0.047751400000000006,0.004986676172562241,0.034374,0.059688,0.025313999999999996,0.04801107311037736,0.0023050631412100003,4.0,0.02796354598466049,0.8982706931617013,0.021210424999999998,0.005021376157426867,0.008793,0.033041,0.024248,0.021796704961874396,0.00047509634719499996,32.0,0.014603025980528945,0.9072584786956241,0.012403840000000001,0.004099442122338112,0.001599,0.022649,0.02105,0.013063715874895628,0.00017066067246000003,3.0,0.02914516506267118,0.8919367520959491,-1.861855445,0.004161138853363949,-1.873535,-1.852051,0.02148400000000006,1.8618600949461013,3.466523013152705,11.0,0.03118110777271147,0.9162897532038279,0.20669679,0.004229936999046204,0.191895,0.21875,0.02685499999999999,0.20674006714548585,0.04274145536332,8.0,0.033930006171716424,0.9048023911731066,-0.57416261,0.006740977053654762,-0.589844,-0.555176,0.03466800000000003,0.5742021799798831,0.32970814349365,14.5,0.08909475892582805,0.92833265111875,-0.03201279,0.005004185468775113,-0.044233,-0.018119,0.026114000000000002,0.03240155236697773,0.0010498605957900001,10.0,0.02630856810314166,0.913030691278674,0.041998475,0.004436397317573686,0.030377,0.058355,0.027977999999999996,0.04223213851422871,0.001783553523485,2.0,0.037752923934918754,0.924144925203664,-0.011351305,0.004756679746627368,-0.025047,0.000266,0.025313,0.012307645079989916,0.000151478127415,50.0,0.018141756223908272,0.9104796348157392,1.7435203369980206,0.005429851476690162,1.7270480557080627,1.7586149196651892,0.03156686395712649,1.743528792080231,3.0398926488127493,28.0,0.01670817064149229,0.8989042931192011,0.054106877346902366,0.004823482624853476,0.04084831426142332,0.06657148615586106,0.025723171894437742,0.0543214521240458,0.002950820160865,4.0,0.025518429247397785,0.9026306603385836,1.9593251340706777,0.004198929458274647,1.9484828768069788,1.9715661699344509,0.023083293127472038,1.959329633320967,3.838972612009675,11.0,0.022560528742538444,0.9137298104359801,0.054434361939260933,0.004668242383975087,0.03798748512339294,0.06799433090339223,0.030006845779999285,0.05463416739266739,0.0029848922466900003,26.0,0.0327561101435728,0.9138949243151371,0.0012309220184155137,1.2931513926698124,-0.7990799631969256,0.00015524024087838761,1.0332545373846245,-3.407208582500033e-05,-1.7509296212873428e-05,0.996501069690137,0.0012552025454200001,0.0005849788398531799,1.1318589833097075,-0.00130845717629,-0.0006572376242892555,0.8618284897663634,1.918254504500004e-05,non_chewing,still_01.csv,5917400.0,5919390.0
-0.5791577,0.004122824483288127,-0.590332,-0.566406,0.023926000000000003,0.579172374298887,0.3354406391510101,32.5,0.010187230967431496,0.9085059210494751,0.9793529899999999,0.003881910183131491,0.969727,0.991699,0.02197199999999999,0.9793606834300681,0.95914734824861,18.5,0.010311887573966599,0.8898750255796304,-1.321269535,0.006405746484897369,-1.340332,-1.303223,0.03710900000000006,1.3212850630000874,1.7457942177071448,40.0,0.054080631431930315,0.9215522436858546,0.04757419499999999,0.0052852645985773505,0.031443,0.059688,0.028245,0.04786687844193519,0.002291238051775,46.5,0.023311719030805735,0.9112859910853792,0.021222395,0.004708245045553067,0.010392,0.033041,0.022649000000000002,0.021738390486533265,0.000472557620945,15.0,0.013802890676106471,0.9067734347228794,0.012415845000000002,0.003705774038035104,0.001599,0.020518,0.018919000000000002,0.012957081781211384,0.000167885968285,8.0,0.01697350092701367,0.9160867582889771,-1.86192382,0.0041564872317378845,-1.873535,-1.851074,0.022460999999999842,1.8619284593854566,3.4667775878694997,22.5,0.013789948983505716,0.9194585259205453,0.20642087499999998,0.004287899624451931,0.191895,0.21875,0.02685499999999999,0.20646540562272167,0.04262796371895499,8.0,0.02824733006647081,0.9126291545992431,-0.57488281,0.006439584531932167,-0.589844,-0.555176,0.03466800000000003,0.5749188755663186,0.3305317134824401,7.5,0.05923348123994145,0.90613094092234,-0.0319222,0.004955004396567171,-0.044233,-0.018919,0.025314000000000003,0.03230447215804648,0.00104357892141,10.0,0.02773508410919661,0.8956566468589481,0.042382185,0.004438587970376953,0.032508,0.058355,0.025846999999999995,0.04261397269141895,0.001815950668545,2.0,0.03993047896028233,0.9262239351283421,-0.011635079999999999,0.004807797601147536,-0.024781,-0.001865,0.022916000000000002,0.01258928132897188,0.00015849000438,50.0,0.017340827698056185,0.9184470343725155,1.7436607954026764,0.005407003095130815,1.7270480557080627,1.7586149196651892,0.03156686395712649,1.743669178802781,3.0403822051067646,11.0,0.03151819060771883,0.9110596024765589,0.05389320578659536,0.005215746451725217,0.03475504092933858,0.06704320315289239,0.03228816222355381,0.05414500568847509,0.002931681641005,8.0,0.025794433567557628,0.9125885620888271,1.9595713067072233,0.004190346124218158,1.9484828768069788,1.9715661699344509,0.023083293127472038,1.9595757870189394,3.8399372650708954,17.5,0.018127148828926614,0.9129979987393729,0.05472203750477048,0.004849557264482311,0.041951582258599025,0.06799433090339223,0.026042748644793202,0.054936505115769786,0.003018019594335,10.0,0.02601884014668329,0.9105660279043684,0.0012166569709126593,1.2903476072969189,-0.7995550599641308,0.0003661891872429029,1.0755098181693485,-8.633795332999971e-05,0.00033026020201017744,1.06665184843004,0.0012476591303650002,0.00026965707517611053,1.0607528964111552,-0.0013433930476,-0.0011020235631124314,0.7707841189384932,9.395963904999994e-06,non_chewing,still_01.csv,5917900.0,5919890.0
-0.5792700000000001,0.004168358068832383,-0.588867,-0.566406,0.022461000000000064,0.579284997310469,0.33557110810899005,27.0,0.015370130591770084,0.9128037041223435,0.9793603250000001,0.003996688566723079,0.969727,0.991699,0.02197199999999999,0.9793684800439542,0.959162619703605,11.5,0.008497039476963376,0.912642020190525,-1.32154785,0.006419908798222922,-1.340332,-1.305664,0.03466800000000014,1.3215634434519594,1.7465299350686,10.5,0.08710993452147572,0.9051285458433366,0.047530229999999986,0.004916718019888877,0.031443,0.059688,0.028245,0.047783855850485744,0.0022832968799400004,16.5,0.0344700146645896,0.9032785819352706,0.021319669999999995,0.004524923334278715,0.011191,0.033041,0.02185,0.021794569509169023,0.00047500326009,23.0,0.01304865716302665,0.9107300911537946,0.012612995000000002,0.0037951559104963,0.001599,0.020518,0.018919000000000002,0.013171592586130198,0.000173490851255,8.0,0.015879740459541512,0.9113028159325391,-1.86183593,0.004124997290314267,-1.873535,-1.851074,0.022460999999999842,1.8618404995706828,3.4664500458416097,18.0,0.011357681695710466,0.9098145791333516,0.20626951499999996,0.004328820370467571,0.191895,0.219238,0.02734299999999998,0.20631493281906427,0.042565851504135006,12.5,0.027294091321612125,0.9171537419244105,-0.57446778,0.00684812543924248,-0.590332,-0.553223,0.03710899999999995,0.5745085961760363,0.33006012708016,8.0,0.05270812167019703,0.9170251463928799,-0.031883575,0.004983477445958294,-0.044233,-0.018919,0.025314000000000003,0.032270689522149974,0.001041397402235,7.5,0.028126990124426526,0.8901569338363744,0.041927874999999996,0.004343552145350048,0.029311,0.055158,0.025847,0.042152261472606666,0.001776813147255,0.5,0.03527961026575161,0.9324347940653877,-0.011668385000000002,0.004618925770866533,-0.023715,-0.001865,0.02185,0.012549330013391152,0.000157485683785,30.5,0.013392518540300715,0.9209433914615243,1.743913747272525,0.005339003193044082,1.729982098397553,1.7560843231792715,0.02610222478171864,1.743921919949742,3.0412636628811947,10.5,0.04808265428771488,0.9090179802488754,0.05392240194675403,0.00491584779846745,0.03475504092933858,0.06704320315289239,0.03228816222355381,0.054146015470069454,0.0029317909912850004,16.5,0.035933937976318456,0.8927086635375499,1.9593515939606851,0.004166013637489862,1.9484828768069788,1.9715661699344509,0.023083293127472038,1.959356022887598,3.8390760244259052,17.5,0.012300694416840665,0.9118608549964224,0.05433288544432267,0.004861459921578105,0.041951582258599025,0.06762586500001312,0.025674282741414096,0.05454994255977728,0.0029756962332750003,10.0,0.03460884746872835,0.9229078015310141,0.001172989555554219,1.2815616216419727,-0.7978123615447106,5.438787688934188e-05,1.011187560479093,-4.3905241989999986e-05,-6.675942606941456e-05,0.9866038470539166,0.0012418994777050004,0.0001813711889286692,1.0417564202890564,-0.001301809887165,-0.0008237698603702341,0.82165336677067,1.6005167470000006e-05,non_chewing,still_01.csv,5918400.0,5920390.0
-0.5795702899999999,0.003993427328235736,-0.589355,-0.569824,0.019530999999999965,0.5795840478416483,0.33591766851251004,49.5,0.017312435811077845,0.9171029279133492,0.9794823850000001,0.003953882048920399,0.969238,0.991211,0.02197299999999991,0.9794903652964356,0.9594013757085449,11.5,0.011139868613017334,0.9199721764869466,-1.3210351500000002,0.006647976305425588,-1.337402,-1.305664,0.031738000000000044,1.3210518775295994,1.74517806312448,1.0,0.10319576181768207,0.8997412216471781,0.047755365,0.005265759632928093,0.029577,0.066349,0.036772000000000006,0.04804480316116406,0.0023083031107949997,27.5,0.03448645477640983,0.9264812762728286,0.021338315,0.004544768178441558,0.011191,0.033041,0.02185,0.02181693390087159,0.00047597860483499996,35.0,0.012659840845086433,0.9144199745428422,0.012606355,0.0040306739187107405,0.001599,0.022649,0.02105,0.013235048871273577,0.000175166518625,20.5,0.009412585799955814,0.901512226517632,-1.861796865,0.0042249418359043755,-1.873535,-1.851074,0.022460999999999842,1.8618016587857433,3.4663054166573453,13.0,0.008498726964661096,0.9050830370988945,0.20628172,0.0047249422559011225,0.191895,0.219238,0.02734299999999998,0.2063358259863759,0.04257447308547999,1.5,0.03006071282288647,0.9218923306548962,-0.5748242100000001,0.007228570455207583,-0.593262,-0.553223,0.040038999999999936,0.5748696588209801,0.33047512463295,14.5,0.04359057001403647,0.9159982902948174,-0.031474545,0.005103655220327388,-0.044233,-0.018119,0.026114000000000002,0.03188564378470348,0.001016694279565,19.5,0.043058600205233596,0.9089622595733738,0.04214638,0.004755502025612018,0.029044,0.055158,0.026114,0.04241382023138213,0.0017989321466199998,14.0,0.028922088892776785,0.9041982532722274,-0.01207608,0.0046023074129831875,-0.023715,-0.001332,0.022383,0.012923348702638957,0.00016701294169,40.0,0.03242686655382999,0.9081384747108936,1.7436933687630563,0.005526579166086771,1.729982098397553,1.7573457978670561,0.027363699469503233,1.7437021268971187,3.0404971073455354,16.5,0.06353358333077762,0.8993716589674129,0.05415982846469866,0.005114803508387789,0.03475504092933858,0.06928471493049532,0.03452967400115674,0.054400810970563665,0.002959448234255,8.0,0.03297352066306971,0.9248261849721178,1.959422825186347,0.0041480735926095235,1.9484828768069788,1.9715661699344509,0.023083293127472038,1.9594272158913622,3.839355014375775,34.5,0.0117800726542897,0.9015372279180357,0.05435129016602183,0.0053457109128625235,0.039131102770047256,0.06762586500001312,0.028494762229965866,0.05461354564460176,0.002982639367875,29.0,0.031220580746339655,0.9140625587495441,0.0013785055734772487,1.332324280825992,-0.7988579070302397,-0.0002309074044747313,0.9568051082000831,-2.3191133620000144e-05,0.00016210441260070332,1.0317624145054032,0.0012916088312299998,-0.00021073384717045732,0.9556863090299417,-0.0013229535417849999,-0.0005716334942724487,0.8757941521550993,8.153576934999992e-06,non_chewing,still_01.csv,5918900.0,5920890.0
-0.5793945050000001,0.004149828185596969,-0.589355,-0.569336,0.02001900000000001,0.5794093660773573,0.335715213498165,37.0,0.020355456790643794,0.9216445330552657,0.9797607049999999,0.004065309671842354,0.969238,0.991211,0.02197299999999991,0.9797691390347141,0.959947565804825,25.0,0.01418535424602874,0.9200607149791044,-1.32067384,0.006760226451414189,-1.337402,-1.304688,0.03271399999999991,1.320691141910939,1.74422509232202,34.5,0.07778010912961499,0.9083059033387976,0.047265085,0.005437360744678893,0.029577,0.066349,0.036772000000000006,0.04757681317537987,0.002263553151925,4.0,0.029372596099024265,0.9240245480613378,0.02134496,0.004347949102553985,0.011191,0.032775,0.021584,0.021783295866328403,0.00047451197880000003,23.5,0.014000207436153834,0.9089008130578035,0.01262231,0.004131156140101702,0.002398,0.023449,0.021051,0.013281158111776246,0.00017638916079,8.5,0.011548658110638075,0.8916484171066836,-1.8618408349999997,0.004153781769397017,-1.87207,-1.851074,0.020995999999999793,1.8618454685543815,3.4664685487764846,19.0,0.011977022569604623,0.9248280463033127,0.20674802,0.004503407044627434,0.195312,0.219238,0.023925999999999975,0.2067970610258521,0.04276502444893,11.0,0.016287450723497326,0.920268110322169,-0.57521727,0.007021951765506507,-0.595215,-0.553223,0.04199200000000003,0.5752601285617229,0.33092421551285,24.0,0.056463468610410385,0.9187043838060625,-0.031281365,0.004842333749523571,-0.0437,-0.018119,0.025581000000000003,0.03165394118281324,0.0010019719924050001,8.0,0.04167619005859967,0.9067606187285115,0.042255640000000004,0.005020975127442875,0.029044,0.055957,0.026913,0.042552900054402876,0.0018107493030400002,14.0,0.03091789842748029,0.9049588618689447,-0.012193319999999999,0.004472232683749806,-0.023715,-0.001332,0.022383,0.012987606315253017,0.00016867791780000003,17.0,0.02416684912872271,0.9159982826104841,1.7435177694262851,0.005801665261116504,1.729982098397553,1.7573457978670561,0.027363699469503233,1.7435274221029649,3.03988787162501,5.5,0.046517323486888876,0.9085155935723821,0.053727571695995555,0.005272791591430176,0.03475504092933858,0.06928471493049532,0.03452967400115674,0.05398568598725962,0.002914454291515,23.5,0.02603652183383916,0.9159855128148492,1.9596276914844304,0.004135154854084338,1.948356343738229,1.9717438164642485,0.023387472726019487,1.9596320544271226,3.840157788738265,17.5,0.018106175456588203,0.914303184618224,0.05434432833702926,0.005300301014297074,0.039131102770047256,0.0668423361725187,0.02771123340247144,0.054602190553539154,0.0029813992132450002,8.0,0.030977355118024755,0.8874534949664519,0.0016665104070321688,1.4030103988454359,-0.8002699171132548,-2.7509422866896227e-05,0.9948098376313549,-6.694492173000026e-05,0.0005950269951553264,1.1228802114711467,0.00126158115952,-0.0006730260248888932,0.865957108369175,-0.0013362373242400002,-0.00034107654364810315,0.9237346158469281,7.711242989999955e-06,non_chewing,still_01.csv,5919400.0,5921390.0
-0.579592255,0.004071383072123654,-0.589355,-0.569336,0.02001900000000001,0.5796065546697217,0.335943758216105,48.5,0.013884242387444347,0.9216882156680851,0.980200155,0.0042039852914793835,0.969238,0.992187,0.022948999999999997,0.980209170205194,0.9608100173543551,33.0,0.01606662890817,0.9299480865709815,-1.3209424099999998,0.006930083991691588,-1.342285,-1.304688,0.03759699999999988,1.320960588587237,1.7449368766007398,8.5,0.06318504679563215,0.9108644656999793,0.04757688,0.005282579444324524,0.029577,0.066349,0.036772000000000006,0.04786925063253027,0.00229146515612,4.0,0.031001895748396163,0.912268089731988,0.021364945,0.004265144408103318,0.011458,0.032242,0.020784,0.021786517199290943,0.000474652331675,19.0,0.01949094011516071,0.9140389627651087,0.01239579,0.00417295013340682,0.002398,0.023449,0.021051,0.013079339529960984,0.00017106912254,15.5,0.017452480308335364,0.91220608206495,-1.8618725500000002,0.004119045372109902,-1.872559,-1.851563,0.020996000000000015,1.8618771063038182,3.46658635897828,7.5,0.011767400045859754,0.9225058094838772,0.20664304,0.004657721568363656,0.1875,0.219238,0.03173799999999999,0.2066955257151204,0.04272304035065,21.5,0.034057118497901585,0.9139008919699694,-0.574743645,0.007418019264532479,-0.595215,-0.553223,0.04199200000000003,0.5747915139228267,0.330385284477695,24.0,0.05809050226118394,0.9174794676801612,-0.031413264999999996,0.004757768318736737,-0.0437,-0.018119,0.025581000000000003,0.031771521482846864,0.001009429577335,2.0,0.048596008246718086,0.9095149110031715,0.041681405,0.004889736433692004,0.029044,0.055957,0.026913,0.04196723775953094,0.0017612490451649999,14.0,0.022392961195358375,0.9044225576870969,-0.012293229999999999,0.0043040857632138324,-0.022116,-0.001332,0.020784,0.013024924494598808,0.00016964865809000003,42.5,0.03006379395260043,0.9082989527443313,1.7440335061858365,0.00614666351267417,1.7303131640255183,1.7617507364621705,0.03143757243665224,1.744044337788234,3.0416906521711997,8.5,0.03642465222427156,0.9157977245457672,0.05396164705691197,0.0050326193220096415,0.04111633713014815,0.06928471493049532,0.028168377800347165,0.054195817277120195,0.0029371866103349996,4.0,0.030767502525358748,0.9145757420624967,1.9595089098842757,0.004417679341255312,1.948356343738229,1.9725626524399675,0.024206308701738566,1.9595138896692275,3.8396946838066253,7.5,0.019229521169375208,0.9073433236033766,0.0539969935021357,0.004965075358976406,0.039131102770047256,0.06615037205488719,0.027019269284839935,0.05422478474452434,0.00294032728059,29.0,0.029012609016731184,0.9103939507610662,0.0017289841714188603,1.3913783771656814,-0.7980040316354255,6.754396303323539e-05,1.0136038142726518,-3.140670255000373e-06,0.0005248111255877885,1.1103061541523598,0.0012820355787850001,-0.0006245920255886868,0.8722646845983297,-0.0012865967134899998,-0.00013113562980701134,0.9695322916360539,1.4204644499999676e-06,non_chewing,still_01.csv,5919900.0,5921890.0
-0.5799120950000001,0.004274489081279193,-0.591309,-0.569336,0.02197300000000002,0.5799278482571733,0.33631630918419503,48.5,0.02100619500887353,0.909305952362911,0.98026363,0.004219165686850896,0.969238,0.992187,0.022948999999999997,0.9802727098414349,0.9609345856598699,15.5,0.026329982826728656,0.9201894544648658,-1.320500515,0.006725466105020157,-1.342285,-1.304688,0.03759699999999988,1.3205176416881355,1.743766842009595,38.0,0.04548560625660128,0.9059162758894188,0.04737037499999999,0.0055972550794451915,0.029577,0.066349,0.036772000000000006,0.047699912914647966,0.002275281692065,47.5,0.01904317591059128,0.90226654558543,0.021287655000000003,0.004412108092054749,0.011458,0.033574,0.022116,0.021740077120723376,0.00047263095321499997,13.5,0.021087209840526783,0.8959203613688163,0.012278579999999999,0.004258452935468467,0.002398,0.023449,0.021051,0.01299607433881478,0.00016889794822000002,22.0,0.015792949374797742,0.8955313526594288,-1.8623144550000001,0.004191025078423533,-1.875977,-1.853516,0.022461000000000064,1.8623191708171707,3.4682326939931545,6.0,0.02263444653202546,0.8966901751392587,0.206625935,0.004676337172486069,0.1875,0.216797,0.02929699999999999,0.20667884541959053,0.042716145143975,32.5,0.02881668868920558,0.9291147442435607,-0.5746484100000001,0.007032383842759153,-0.595215,-0.554199,0.04101600000000005,0.5746914385459732,0.33027024953804,41.5,0.05342328454270837,0.9140255665495606,-0.031366625,0.004843147670097929,-0.046364,-0.018119,0.028245000000000003,0.031738324518553275,0.001007321243245,36.5,0.030519149894701246,0.9161575218080559,0.041791985000000004,0.005245810344910975,0.029044,0.055957,0.026913,0.04211993039423261,0.001774088536415,14.5,0.02497062564806958,0.9064424638051222,-0.01229057,0.004400202211842088,-0.022116,-0.001332,0.020784,0.013054496942816296,0.00017041989043000002,37.0,0.030408849030025435,0.9177344322174481,1.743840828743818,0.006074607784317875,1.7303131640255183,1.7617507364621705,0.03143757243665224,1.7438514090522907,3.0410177368536595,42.0,0.0416893872658611,0.9179760794389611,0.05373133830815489,0.005454711460252293,0.04111633713014815,0.06928471493049532,0.028168377800347165,0.054007504973845995,0.0029168105934999997,18.0,0.02229732500196761,0.9053966886522535,1.9598979195651716,0.004385608199841493,1.948356343738229,1.9725626524399675,0.024206308701738566,1.9599028263348082,3.841219088675169,35.0,0.02298469699053188,0.9216094708303928,0.05408447269885068,0.0051671542436118115,0.039131102770047256,0.06615037205488719,0.027019269284839935,0.05433074332355485,0.00295182967009,14.5,0.02563782508291904,0.9149895216533556,0.0016889995844763823,1.3851232275006753,-0.8002013518215096,0.00028755721664048325,1.0556509837104229,-3.501907659000025e-05,0.0007541074093472639,1.15570605331801,0.00126796044882,-0.0008337022528562251,0.8410727422380014,-0.0013014575832,-0.00014174927637361934,0.9677857358481992,-1.5219422100000045e-06,non_chewing,still_01.csv,5920400.0,5922390.0
-0.57995604,0.004429886248923333,-0.591309,-0.569336,0.02197300000000002,0.5799729581839658,0.33636863222466007,43.0,0.023150981588289626,0.9272232232197932,0.9803295650000001,0.004213516839384294,0.970215,0.992187,0.02197199999999999,0.9803386199356042,0.961063809737245,13.5,0.01250588826784189,0.9167652495914271,-1.3211450400000002,0.006900800157112218,-1.342285,-1.304688,0.03759699999999988,1.321163062517042,1.7454718377594098,11.5,0.0633596895546172,0.9104680059442455,0.04700400500000001,0.005361913918086992,0.033841,0.060221,0.026379999999999994,0.04730884279820212,0.0022381266069050002,18.0,0.017270130563708158,0.8996802317770822,0.02150083,0.004458334269780586,0.009859,0.033574,0.023715,0.021958197447650388,0.00048216243514999997,49.5,0.015708800941351003,0.908484046804267,0.012190645,0.0040090860503330435,0.002398,0.023449,0.021051,0.012832949640476269,0.00016468459647500002,37.5,0.019481918512911672,0.8942678427087539,-1.8622436549999997,0.004181340212895263,-1.875977,-1.852539,0.02343800000000007,1.8622483492256707,3.4679689141937353,7.5,0.027270075813771284,0.9012201380266983,0.20657710999999998,0.004371542849830024,0.1875,0.216309,0.028809,0.20662335967368262,0.04269321276284001,21.0,0.03026315458618788,0.909248413536808,-0.5745580849999999,0.007190244428235737,-0.595215,-0.552734,0.0424810000000001,0.574603074003094,0.33016869265380505,41.0,0.06622477610590105,0.8901485399016159,-0.031846240000000005,0.004820329650801904,-0.046364,-0.020518,0.025846,0.03220898290974119,0.0010374185800800001,41.5,0.034787561186722715,0.8913952475035845,0.04185861,0.0051407236609158444,0.026646,0.055957,0.029311,0.04217309890072106,0.00177857027089,21.0,0.02356963471329757,0.9092779344411667,-0.012065424999999998,0.004541161495077554,-0.024248,-0.001865,0.022383,0.012891727120715827,0.00016619662815499999,37.0,0.02602705922227705,0.9188892215938413,1.7443815920619337,0.006094341374474079,1.7303131640255183,1.7617507364621705,0.03143757243665224,1.7443922379216534,3.0429042797213146,11.5,0.04035850014907557,0.9031545541243908,0.05346013494009871,0.005194960126549354,0.04087312948625294,0.06622251288647993,0.025349383400226987,0.05371195061185174,0.00288497363853,18.0,0.015780834441915383,0.903971218481982,1.9597987008697078,0.004457766232774175,1.948356343738229,1.9725626524399675,0.024206308701738566,1.9598037706899076,3.8408308196103804,26.0,0.03296848961047509,0.905425561027808,0.054384800405205234,0.004947622056199229,0.040994212420779594,0.06726490274281231,0.02627069032203272,0.05460939002703656,0.002982185479125,41.5,0.030971347495543866,0.9126557086195977,0.001636575141699904,1.3671289736253003,-0.7979265398890658,0.00024733807035012476,1.0499913023955048,-9.721184059500012e-05,0.000541584267285092,1.1123541970194912,0.001200708026825,-0.0006823893911352538,0.8672581068063707,-0.00129640783574,-0.000532075444744512,0.8828327410682792,-1.5120316799999676e-06,non_chewing,still_01.csv,5920900.0,5922890.0
-0.5798559400000001,0.004554078186241429,-0.591309,-0.569336,0.02197300000000002,0.5798738231558741,0.33625365078141,18.5,0.028741400701991597,0.917737212513196,0.98023435,0.004105057303802225,0.970215,0.992187,0.02197199999999999,0.9802429456085824,0.9608762324153901,37.5,0.018756178634803836,0.8855191387329859,-1.3210424849999998,0.0071986107242838875,-1.342285,-1.304688,0.03759699999999988,1.3210620981510803,1.7452050671713348,26.0,0.06085511453561299,0.9058416275026869,0.04733575500000001,0.005339332873587767,0.033841,0.061553,0.027711999999999994,0.04763593367359351,0.0022691821769550004,47.0,0.01626236905102326,0.8872272326552451,0.021466195,0.00470447399365487,0.00826,0.033574,0.025314,0.021975659337890183,0.000482929603335,39.0,0.016986837564440138,0.9275507724220569,0.011841575000000002,0.003776165188968168,0.002398,0.022116,0.019718,0.012429091761468334,0.000154482322015,37.5,0.02420768311107459,0.9041710875939526,-1.8621801949999996,0.004098715081214479,-1.875977,-1.852051,0.023926000000000114,1.8621847056926322,3.467731878115555,7.5,0.029163892605266674,0.8859255146077437,0.206088825,0.004452859404290125,0.1875,0.217285,0.029785000000000006,0.20613692475331782,0.04249243174675501,21.0,0.028312568197582204,0.9055524367307278,-0.57445552,0.007126937720339642,-0.59082,-0.552734,0.038086000000000064,0.5744997281981429,0.33004993769974,8.0,0.04007490185340533,0.9001574137296613,-0.03205675,0.004910382081620533,-0.046364,-0.020518,0.025846,0.03243065020547692,0.00105174707275,41.5,0.029505595842629972,0.9282884320678085,0.04152951,0.004882596343125244,0.026646,0.052227,0.025581000000000003,0.04181554672475298,0.00174853994789,21.0,0.02111312667418047,0.8809552022062271,-0.011985490000000001,0.004705253272662377,-0.02558,0.0,0.02558,0.012876000112612612,0.0001657913789,37.0,0.03495794093885247,0.9187355103309409,1.7442182496170842,0.006135802380327017,1.7309414179171403,1.7617507364621705,0.030809318545030218,1.7442290418314146,3.0423349503681347,11.5,0.04960506333852584,0.9107015563754146,0.05365672853374015,0.005248769890318703,0.03943041588672379,0.06948809634750401,0.030057680460780223,0.05391283801011592,0.002906594102305,47.0,0.017659639422750846,0.9072289913863341,1.9596569437380873,0.004348611404706843,1.9484755320591018,1.9725626524399675,0.02408712038086569,1.9596617686636768,3.8402742475620504,26.0,0.03124395618533654,0.9027397282581916,0.05424171073324791,0.004890318626700985,0.040994212420779594,0.06726490274281231,0.02627069032203272,0.054461714988971836,0.0029660783995399996,41.5,0.02640075416921292,0.9040604564046144,0.0017871909756201733,1.4109796919738002,-0.7979392971939157,0.000358451263617718,1.0732981408738043,-5.948429723499947e-05,0.00042895079196723137,1.087355888979146,0.0012174351042050003,-0.0001781223494703747,0.9635189278505127,-0.001265610344555,-0.0009290880836942072,0.8025423861681944,-1.1309056885000003e-05,non_chewing,still_01.csv,5921400.0,5923390.0
-0.579352995,0.004731799165748164,-0.591309,-0.567383,0.023926000000000003,0.5793723178913668,0.335672282738815,0.5,0.04751355769909427,0.9156436904307257,0.98022947,0.003852794806254283,0.970215,0.991211,0.020995999999999904,0.9802370416813986,0.9608646578842999,37.5,0.01752853800773391,0.8786920640379862,-1.3208471600000002,0.007135829753742734,-1.341309,-1.304688,0.036621000000000015,1.3208664353924435,1.74468814014634,21.0,0.0741347012244134,0.9180290060507416,0.04719849500000001,0.005296531861508528,0.033841,0.062619,0.02877799999999999,0.047494748973175974,0.0022557511800250004,40.0,0.025115865428583385,0.9086896673018661,0.021688710000000003,0.004628319392166016,0.00826,0.033574,0.025314,0.022177048538071967,0.00049182148186,44.5,0.01440758936686432,0.9159146030810952,0.012070750000000002,0.003896665467742901,0.002398,0.02185,0.019452,0.012684124224005376,0.00016088700733,37.5,0.02329295839445849,0.9186396519338501,-1.862375525,0.0041580102933224,-1.875977,-1.851074,0.024902999999999897,1.8623801666600257,3.468459885168625,11.5,0.029398128626493634,0.9136251440975625,0.206203575,0.004154440124057032,0.196289,0.217285,0.020996000000000015,0.2062454210777175,0.042537173715525,14.5,0.012623622488360608,0.9048452349681115,-0.57535393,0.007044796181231931,-0.59082,-0.552734,0.038086000000000064,0.5753970576216739,0.33108177391967997,7.5,0.04657621542183471,0.8836545517483129,-0.03213538,0.004926614362379097,-0.046364,-0.016521,0.029843,0.03251083168453246,0.00105695417682,41.0,0.023956977188297413,0.9089375687424349,0.04172936,0.004963611581338733,0.026646,0.052227,0.025581000000000003,0.04202352824240249,0.0017659769259399999,24.5,0.016490501761684706,0.8857343709725837,-0.011636434999999999,0.004643198168910627,-0.02558,0.0,0.02558,0.0125286036231098,0.000156965908745,37.5,0.027438405337101276,0.9242922652985031,1.7439014014855514,0.005743053733430169,1.7309414179171403,1.7590418723731394,0.02810045445599907,1.743910858034164,3.0412250807694545,12.0,0.04906528573303297,0.9190109360015,0.05367355670975905,0.005254424739139314,0.03943041588672379,0.06948809634750401,0.030057680460780223,0.0539301369293181,0.0029084596692149998,40.0,0.023508183801546272,0.9038635954958136,1.960117646365194,0.004200620383031646,1.9491879390687292,1.971158625524846,0.021970686456116884,1.9601221474193464,3.8420788328038302,13.0,0.028801250140442294,0.9060804705906206,0.054382793747442086,0.0047337887287218754,0.040994212420779594,0.06726490274281231,0.02627069032203272,0.054588432946046365,0.002979897011505,41.0,0.022382092350748797,0.895739114255053,0.0015424333503985263,1.367191797818524,-0.8008537520343757,0.0005206360104174383,1.1099829418365297,-7.143734229000031e-05,0.0003699174991294322,1.0750855398697772,0.0011987970032050004,-0.0003352921891727149,0.9324499542967294,-0.00127415544408,-0.000746532701167727,0.8392201508507063,3.921098584999991e-06,non_chewing,still_01.csv,5921900.0,5923890.0
-0.578925745,0.0044743984578907384,-0.590332,-0.567383,0.022948999999999997,0.5789430355962191,0.335175038465365,29.5,0.03127330602311326,0.9226815247673454,0.9802685449999999,0.0039002031688073636,0.970215,0.991211,0.020995999999999904,0.980276303855793,0.960941631901175,11.0,0.013501514070888905,0.9142422389825583,-1.3208959949999999,0.007392017888572449,-1.341309,-1.303223,0.038086000000000064,1.3209166784984983,1.7448208715355051,46.0,0.056834451474239316,0.9012963603868936,0.04758087,0.005185200372512137,0.033841,0.062619,0.02877799999999999,0.047862568807576555,0.00229082549286,45.0,0.032575653981550406,0.9042390714727436,0.021868584999999996,0.004569466712076476,0.00826,0.032775,0.024515,0.022340882613160116,0.0004991150359349999,16.0,0.014426191524819082,0.9290055525396607,0.012359840000000002,0.003891349256286308,0.002398,0.02185,0.019452,0.01295794134343878,0.00016790824386,0.5,0.029937904085927985,0.9019145935064646,-1.8621142600000002,0.0042082477567747896,-1.877441,-1.851074,0.026366999999999807,1.8621190151664662,3.46748722664453,9.0,0.018800518934089374,0.9153902421981628,0.20601316500000003,0.004134762725692371,0.196289,0.217285,0.020996000000000015,0.2060546539540299,0.042458520416115,6.5,0.012631432991632281,0.9153756079118529,-0.575615185,0.0070879953823895095,-0.59082,-0.552734,0.038086000000000064,0.575658823332992,0.33138308088112495,37.5,0.04490131773980293,0.8952581573252022,-0.03232723,0.005088281577025784,-0.043966,-0.016521,0.027444999999999997,0.03272522587973993,0.00107094040888,41.0,0.018855839622324136,0.911471262008432,0.041692045000000004,0.004867762572576337,0.026646,0.053292,0.026646,0.041975251383940516,0.0017619217287450002,24.5,0.021945994274126426,0.9209573056173993,-0.012030794999999999,0.004761703467560217,-0.02558,0.0,0.02558,0.012938850344794934,0.000167413848245,31.5,0.042792572543461964,0.9194572955730108,1.7438175747306053,0.0061488179932629745,1.729954695951891,1.7590418723731394,0.029087176421248362,1.7438284152697034,3.040937541902045,11.0,0.03172308249187423,0.8960582458753569,0.054151743151609096,0.0050435588920084784,0.03943041588672379,0.06948809634750401,0.030057680460780223,0.054386108269069956,0.0029578487726549998,45.0,0.03128554250345311,0.9114768376378508,1.9599258120339993,0.004431620994485892,1.9491879390687292,1.975288196723202,0.02610025765447288,1.9599308222337262,3.84132882794177,13.0,0.02443447694365551,0.9020954014999688,0.054573526394219286,0.0046910769306686174,0.040994212420779594,0.06726490274281231,0.02627069032203272,0.054774775087352026,0.00300027598587,41.0,0.01964845591694711,0.9134194212044005,0.0017171969987770817,1.3874873327195012,-0.8003912860397251,0.00035248196133985926,1.075138814935107,-4.242721321500017e-05,9.69187954863518e-05,1.0190474512896361,0.00121988508398,-0.00029829586049986024,0.9387201294121494,-0.0012628066928100003,-0.0008703542112739123,0.8172178891013848,4.94395614999987e-07,non_chewing,still_01.csv,5922400.0,5924390.0
-0.578745105,0.0042566706901021835,-0.591309,-0.567383,0.023926000000000003,0.5787607586963934,0.334964015806825,29.5,0.020249023420878042,0.8857584248852839,0.9804321,0.00380544218849794,0.970703,0.990234,0.019530999999999965,0.9804394851803246,0.9612615841006601,17.0,0.014552503004950427,0.8944519074954052,-1.320822765,0.007151474175984632,-1.341309,-1.303223,0.038086000000000064,1.3208421253598535,1.744623920125135,46.0,0.04300609742593861,0.915717480901981,0.04781800499999999,0.005188928658690057,0.034107,0.063951,0.029843999999999996,0.048098717059865535,0.002313486582805,4.0,0.02099901467332979,0.9033597082122471,0.021751345,0.0046803790974636866,0.00826,0.032775,0.024515,0.022249201284652895,0.000495026957805,35.0,0.024308709592830435,0.9230095827910971,0.012510384999999999,0.0039371523575771105,0.001332,0.021317,0.019985,0.013115292659144134,0.000172010901535,21.5,0.022442931750706226,0.9025458934996738,-1.862626955,0.004172011929869694,-1.877441,-1.851074,0.026366999999999807,1.8626316273423777,3.4693965791761148,9.0,0.014152758936111537,0.8899319160278124,0.20610595,0.004287516819500537,0.196289,0.21875,0.02246100000000001,0.2061505406878187,0.04249804542588,6.0,0.013523188199735432,0.9049977579273898,-0.5749120550000001,0.007046197952937102,-0.595215,-0.548828,0.04638700000000007,0.5749552329441963,0.330573519889915,37.5,0.09393522764808859,0.8955333605923892,-0.03233524,0.005236938077961204,-0.050095,-0.016521,0.033574,0.032756575924385016,0.00107299326629,14.0,0.011299381346464566,0.9063662667979953,0.041428219999999995,0.0047773638328685,0.029844,0.053292,0.023448,0.0417027651068847,0.00173912061756,15.5,0.01042921303137833,0.9040737785423428,-0.012140040000000001,0.004891445714551067,-0.029577,0.0,0.029577,0.013088422837760095,0.00017130681238000002,35.5,0.03425947797645999,0.9098089263085709,1.743792574891179,0.006080771909206778,1.729954695951891,1.7608657129395187,0.03091101698762766,1.7438031769762952,3.04084952003262,11.0,0.029181328032859794,0.9136195717746841,0.05435952491322633,0.0050563320058443035,0.03943041588672379,0.06973824220612389,0.0303078263194001,0.054594179562889304,0.002980524442145,46.0,0.024233225456529058,0.9101454097034899,1.9602164639039676,0.004422570715671697,1.9497816695738013,1.975288196723202,0.025506527149400826,1.9602214529210493,3.8424681444919098,9.0,0.012969580048239612,0.8805137357893996,0.05440620059448012,0.0048359107832123905,0.044018683771780365,0.07144891538714916,0.027430231615368797,0.05462069842312528,0.0029834206962300004,15.5,0.01088140273070523,0.9071615078480894,0.001658201193535081,1.37494057193006,-0.8016186244592896,0.00022042122263191306,1.04558008460311,-2.896254085000497e-06,-4.800941927114895e-05,0.9908325402064254,0.001240493316515,-9.698473540481044e-05,0.9796991104722754,-0.001244093659755,-0.0009542933569739549,0.8049056633430226,7.040891549999775e-07,non_chewing,still_01.csv,5922900.0,5924890.0
-0.578950205,0.004178027572069745,-0.591309,-0.567383,0.023926000000000003,0.5789652802922943,0.33520079578393497,29.5,0.023455148188953442,0.8972746023415679,0.9803246949999999,0.003908933683496689,0.970703,0.990234,0.019530999999999965,0.9803324881841797,0.9610517873893849,49.5,0.010041897879957982,0.9046683836804439,-1.32115724,0.006858357982228698,-1.341309,-1.303223,0.038086000000000064,1.321175041347145,1.7455034898786301,4.0,0.04329794938566765,0.9091528758037088,0.04808712,0.005181945245330174,0.034107,0.063951,0.029843999999999996,0.04836552146333171,0.00233922366642,23.0,0.023964391191761567,0.9135648842273105,0.021583465,0.004567080173237054,0.006662,0.032775,0.026112999999999997,0.022061373092239746,0.00048670418271499994,28.0,0.02344892404003896,0.9146798447660093,0.012680934999999999,0.004018212734634019,0.001332,0.021317,0.019985,0.013302336112690882,0.00017695214605499999,21.5,0.013123155696642377,0.9259821885269263,-1.86245602,0.00412228596771258,-1.877441,-1.851074,0.026366999999999807,1.862460582046192,3.46875941967584,9.0,0.018239783761597197,0.9205619637570633,0.20586672999999997,0.004011217511816082,0.196289,0.21875,0.02246100000000001,0.20590580464576516,0.04239720038682,26.0,0.021002921874034297,0.9061344132971183,-0.57480221,0.007198391490874893,-0.595215,-0.548828,0.04638700000000007,0.5748472818592256,0.33044939746094004,0.5,0.0834339829364938,0.8876168434216632,-0.031915555,0.005432514544570958,-0.050095,-0.016521,0.033574,0.03237460216334712,0.0010481148652350001,31.0,0.019077077423663463,0.9165924513940048,0.041502859999999996,0.004954495594952124,0.028245,0.053292,0.025047,0.041797540774308715,0.0017470344147799998,4.5,0.016031774551774337,0.9014497251064045,-0.01259435,0.004916263648086828,-0.029577,0.0,0.029577,0.013519885361200369,0.00018278730018,7.5,0.03517570701865649,0.914096439188103,1.7440527510308326,0.006006219587630717,1.729954695951891,1.7608657129395187,0.03091101698762766,1.744063093197018,3.04175607305195,4.0,0.028469395845476263,0.9011163580414067,0.05457760385615978,0.004915806394691868,0.04052005778623718,0.06973824220612389,0.02921818441988671,0.054798540082651837,0.00300287999519,46.0,0.023730909862074923,0.9151594085996534,1.959996444097702,0.004467286420579148,1.9497816695738013,1.975288196723202,0.025506527149400826,1.96000153508195,3.8416060175236,9.0,0.017848236844938248,0.9295987379797642,0.054347840458236166,0.004924308857201036,0.040289784325558256,0.07144891538714916,0.031159131061590906,0.05457047351998148,0.002977936580195,34.5,0.016507504264915426,0.9160991157847125,0.0015389331670515715,1.3444894779887566,-0.7998499444716498,-8.502462509169494e-06,0.9982733693690362,2.4943414994999663e-05,-0.00025056929924078316,0.9538760002969173,0.0012911088011849999,-0.0003874154217150677,0.9218052747670651,-0.0012603302320649999,-0.0008980509134528074,0.817330603536227,-5.835154125000022e-06,non_chewing,still_01.csv,5923400.0,5925390.0
-0.57917727,0.004201536447194048,-0.591309,-0.567871,0.02343799999999996,0.5791925094415241,0.33546396299317005,29.5,0.013418478794068028,0.9007856492428011,0.98030516,0.00420809615080264,0.970703,0.991211,0.02050799999999997,0.980314191877196,0.96101591479584,50.0,0.008276278603979136,0.8956534260540168,-1.320827655,0.0067952301915369315,-1.337891,-1.303223,0.03466799999999992,1.320845134512807,1.744631869366155,49.5,0.06508413696304088,0.9242844230993926,0.048139104999999995,0.005208802592148698,0.030643,0.063951,0.03330799999999999,0.04842008937047721,0.002344505054645,23.0,0.023269507802955242,0.901010430026935,0.021253035000000003,0.00490791289590341,0.00373,0.032775,0.029044999999999998,0.02181236130511779,0.00047577910570499994,37.5,0.021783212320505584,0.9271445804078133,0.012680934999999999,0.004131149233660653,0.001332,0.023982,0.02265,0.013336885186017009,0.00017787250646499996,25.0,0.0118656174951433,0.9129962685221258,-1.862292455,0.004027504513712557,-1.877441,-1.854492,0.022948999999999886,1.8622968100554045,3.4681494087425353,9.0,0.01851972949281442,0.9034496260197341,0.205808155,0.004019646490796796,0.194824,0.21875,0.023926000000000003,0.20584740518747133,0.04237315422241499,27.0,0.015485219250274213,0.9118644526489345,-0.574001455,0.007108934244172969,-0.595215,-0.548828,0.04638700000000007,0.5740454749305188,0.329528207288205,14.5,0.04171136914470611,0.9083250306634687,-0.031691715,0.0053826403988911425,-0.050095,-0.016521,0.033574,0.03214556917064932,0.001033337617305,43.5,0.03175350207379365,0.9143101561069775,0.041377620000000004,0.005085686337712935,0.028245,0.054891,0.026646000000000003,0.0416889870636119,0.0017379716423900002,33.5,0.031409773416356646,0.9154512958729977,-0.013022019999999999,0.005073888585651049,-0.029577,0.0,0.029577,0.013975598386473475,0.00019531735026,13.0,0.02643936857227097,0.9037540352611176,1.7438675932390653,0.006128980808910965,1.729954695951891,1.7608657129395187,0.03091101698762766,1.7438783636352524,3.041111747155165,17.0,0.043827660543469246,0.930478706302729,0.054532557755401265,0.0049352620466217596,0.038420429539504114,0.06973824220612389,0.031317812666619774,0.05475542591209569,0.002998156666815,23.0,0.022803084882563922,0.8902777083177426,1.9595996283682091,0.00447959287563431,1.950118602342432,1.975288196723202,0.025169594380770155,1.9596047484768848,3.840050770253155,9.0,0.010953578096528922,0.9078210355293712,0.05421800907052349,0.005199432890578733,0.03953786870836616,0.07144891538714916,0.031911046678783,0.05446674774534459,0.0029666266099549997,12.0,0.03224599710685871,0.9105551990501691,0.0016493879332766543,1.3682004099631713,-0.79893902309799,-0.00026417084395697395,0.9491923735691163,3.1530056860000315e-05,-0.00017383780674244242,0.9677039902613123,0.0013111674373400002,-0.00017777344180952472,0.9650443558637809,-0.0012621925366850003,-0.0009427393519903966,0.8141978610534606,-1.744484379500005e-05,non_chewing,still_01.csv,5923900.0,5925890.0
-0.5793408250000001,0.004369788480507379,-0.591309,-0.568848,0.022460999999999953,0.5793573047464275,0.33565488656304493,36.0,0.014588262742926458,0.913493449391647,0.980146455,0.0041697246081695795,0.969238,0.991211,0.02197299999999991,0.980155324350368,0.9607044598523751,37.5,0.010379832868055276,0.8956500943610547,-1.32104494,0.006521633469185461,-1.337891,-1.305176,0.03271500000000005,1.321061037652201,1.74520226520271,3.0,0.07222874664078033,0.9213178627816284,0.04808979,0.005246990695236651,0.030643,0.063951,0.03330799999999999,0.048375187995500335,0.0023401588136,16.0,0.026832081396222503,0.9044491559956603,0.02164739,0.004863156047043935,0.00373,0.033574,0.029844,0.022186928145870036,0.0004922597805500001,37.5,0.026635074381231607,0.8971880974691092,0.012301245,0.004097034454941159,0.001332,0.023982,0.02265,0.012965582126345118,0.000168106319875,36.0,0.006720464736222467,0.8989990807443838,-1.86229978,0.003868245332395556,-1.872559,-1.853027,0.019532000000000105,1.862303797426725,3.46817543391,49.0,0.023605004346394343,0.9015665051827103,0.20594488499999997,0.003997464577926238,0.194824,0.21875,0.023926000000000003,0.20598367746186833,0.042429275380715004,39.5,0.013318695815939021,0.9205633003273902,-0.5735619900000001,0.006826793700552266,-0.595215,-0.548828,0.04638700000000007,0.5736026163512419,0.32901996148499,24.5,0.047526750553148894,0.9222130091937265,-0.03143058,0.005141146808213125,-0.050095,-0.016521,0.033574,0.03184827702780796,0.00101431274964,12.0,0.0318139883153914,0.9424907453762729,0.04141094,0.004833430000155169,0.028245,0.054891,0.026646000000000003,0.041692061561525114,0.00173822799725,8.0,0.029804017123115062,0.9156874721208836,-0.01259568,0.005259887308450629,-0.029577,0.0,0.029577,0.013649819381955204,0.00018631756915999997,21.0,0.029070783567500622,0.8979656586095602,1.7439975689602585,0.005838756617465989,1.730847572169485,1.7608657129395187,0.03001814077003373,1.7440073427649696,3.04156161161813,14.0,0.04568489232756265,0.9159261509910841,0.05454746361135904,0.00500990295239959,0.038420429539504114,0.07013662359994241,0.031716194060438296,0.054777047328465965,0.0030005249140250003,37.0,0.023658794169223996,0.8980311045904027,1.959491355124242,0.004277846311705368,1.950118602342432,1.9719332813482813,0.021814679005849325,1.959496024689947,3.8396246707757054,17.0,0.015220908206395326,0.9079013523539714,0.053975684832371106,0.005048144503334303,0.03953786870836616,0.07144891538714916,0.031911046678783,0.0542112379129088,0.0029388583160500003,12.0,0.032793356564168395,0.8935780534655149,0.0015609103057606212,1.36488227767546,-0.7980630591575752,-3.824155093471414e-05,0.9924246322763828,6.166659797499996e-05,0.00010584388702352711,1.0205876025275993,0.00132584606396,2.972604688876619e-05,1.0061500935956065,-0.0012459682167,-0.001162852853509467,0.7789205765604128,-1.821124928499997e-05,non_chewing,still_01.csv,5924400.0,5926390.0
-0.5789502,0.005104708882002971,-0.595215,-0.550781,0.044434000000000085,0.5789727041344954,0.33520939213281,27.0,0.026797198375805575,0.9323950165885861,0.98041504,0.006645452231293209,0.962891,1.05127,0.08837899999999987,0.9804375618536654,0.9612578126935599,45.0,0.03238274775149348,0.9223831245686471,-1.3209985499999999,0.006728906799584909,-1.337402,-1.300293,0.03710900000000006,1.3210156877527306,1.74508244728882,24.5,0.04064706020343374,0.8871273770201825,0.047756715,0.006365701372494236,-0.001066,0.062086,0.063152,0.048179103162626434,0.002321225981555,5.5,0.05664296402279282,0.9087253845855147,0.02177264,0.0054998292828414225,0.002398,0.050628,0.04823,0.022456535233869004,0.00050429597471,37.5,0.023524646358296514,0.8892800830026445,0.012780870000000001,0.005257930687361711,0.001599,0.046897,0.045298,0.013820147360647064,0.00019099647307,46.5,0.053106440883196604,0.9190138872763421,-1.86203856,0.004226058536792882,-1.872559,-1.850098,0.022461000000000064,1.862043355697614,3.4672054584976304,32.5,0.01728693969736237,0.9034711272405436,0.20575687,0.003998482154905783,0.193848,0.21582,0.02197200000000002,0.20579571767104388,0.04235187741174,26.5,0.01436477452326779,0.9257316845945662,-0.57435302,0.006829482252674802,-0.59375,-0.55127,0.04247999999999996,0.574393622362714,0.32992803341096,48.5,0.0461646557189071,0.9171047582327763,-0.031108155000000002,0.00530064285733108,-0.044499,-0.00826,0.03623899999999999,0.031556522657051424,0.000995814122205,17.5,0.020500902978132042,0.9027202733214581,0.041328344999999996,0.005787967693929795,0.007194,0.064217,0.057023,0.04173167466643293,0.001741532670465,42.5,0.034598671999816366,0.8927080818874845,-0.012966060000000001,0.007299941876919295,-0.063685,0.025314,0.08899900000000001,0.014879780352209503,0.00022140786332999998,49.5,0.08634448583471303,0.9165777330057244,1.7439933620794028,0.006066723841623759,1.7265138708420502,1.7666201005584081,0.04010622971635791,1.744003914019458,3.0415496521151897,4.0,0.03737458790529869,0.9026555423384331,0.0546463806789423,0.005503772163445872,0.038420429539504114,0.0808461071604564,0.042425677620952285,0.05492284068887005,0.003016518429335,22.0,0.033167204809846564,0.9056094843622564,1.9594550037423624,0.004632238049747545,1.9429477581319576,1.9719332813482813,0.02898552321632364,1.9594604791422385,3.8394853693203306,32.5,0.016059998993009403,0.90649887376467,0.054097441290529485,0.005676398666206971,0.03953786870836616,0.08009527055950308,0.04055740185113692,0.05439443589191821,0.002958754656,50.0,0.05259613744474665,0.8819627872110568,0.0014344857918762131,1.3096744546525176,-0.7979357172051409,-0.00017262650276109962,0.9695887281862726,5.776377333499994e-05,0.0010650585151631541,1.2009300652448447,0.00132541185935,-0.0002881384110883737,0.9502176884313708,-0.0012372366957550001,-0.002042011189557584,0.7202702125596445,-3.041139025999998e-05,non_chewing,still_01.csv,5924900.0,5926890.0
-0.57897705,0.005365332410717907,-0.595703,-0.550781,0.04492200000000002,0.5790019095120327,0.33524321121858003,3.5,0.03641671702398154,0.925188595755252,0.980659165,0.006991115337181537,0.958984,1.05127,0.09228599999999998,0.9806840845002813,0.961741273592155,12.5,0.030760061094100895,0.9282354449083886,-1.320749515,0.0072091040975820996,-1.341797,-1.300293,0.041503999999999985,1.3207691897355212,1.7444312525546248,25.5,0.049963440962730414,0.9054407101000664,0.047254435,0.00626186482333937,-0.001066,0.062086,0.063152,0.04766752120925736,0.002272192578235,33.0,0.05370144493911456,0.8955385857520439,0.021937860000000003,0.006171730008709065,0.0,0.050628,0.050628,0.022789470214991833,0.0005193599526799999,44.0,0.02292346738862573,0.8972439206854919,0.012984735,0.005896945652180882,-0.007727,0.046897,0.054624,0.014261041723696063,0.00020337731104499998,44.5,0.04338254724786658,0.9258265051971545,-1.8625073450000003,0.004550795102613936,-1.874023,-1.848633,0.025390000000000024,1.8625129046304658,3.468954319915015,33.5,0.022196111537554002,0.92422626588845,0.20556884500000003,0.004453420393470057,0.193359,0.217773,0.02441399999999999,0.2056170785412413,0.042278382987835,26.5,0.01774465746441409,0.9180551722692218,-0.57427245,0.006928059643038595,-0.59375,-0.55127,0.04247999999999996,0.5743142387573374,0.32983684483942,43.5,0.05157268490598788,0.9262944048286628,-0.031098835000000002,0.005445668656627485,-0.050361,-0.00826,0.042101,0.031572026312465286,0.0009967928454750002,26.0,0.016803009739434743,0.8878984047331306,0.041328335,0.006214487035369452,0.007194,0.064217,0.057023,0.041792955422953755,0.001746651122985,26.5,0.026490563617925206,0.9023481968152243,-0.01264363,0.007731718536205259,-0.063685,0.025314,0.08899900000000001,0.014820285122088576,0.0002196408511,42.0,0.07867270136055374,0.906495158602664,1.7439544753882996,0.006206862208987327,1.7265138708420502,1.7666201005584081,0.04010622971635791,1.7439655206928144,3.0414157373653596,40.0,0.050771998300799114,0.9228808641913709,0.05445814173780392,0.005407461550973745,0.038420429539504114,0.0808461071604564,0.042425677620952285,0.054725952179564684,0.0029949298419600003,25.0,0.036351911460691805,0.8787045929254526,1.9598585397667225,0.004904268112572772,1.9429477581319576,1.9732247210297664,0.03027696289780879,1.959864675874911,3.8410695477422703,33.0,0.015797098360693016,0.9268393711977111,0.054099831893719974,0.0060243679030450486,0.039038858961296496,0.08009527055950308,0.04105641159820658,0.05443422470799047,0.00296308481956,41.0,0.05528831921974939,0.9127820464546959,0.0013025940964145576,1.2656041771197575,-0.7996538103769106,-0.0006169063520713022,0.8975981610021719,3.184502240000022e-05,0.0008161961667118847,1.149879880355658,0.0012753997327599998,-4.275702666038574e-05,0.9931197818231761,-0.0012272911703049998,-0.0018347728840243773,0.7626953341055162,-1.6263540055000018e-05,non_chewing,still_01.csv,5925400.0,5927390.0
-0.58182617,0.026660434140521796,-0.788086,-0.54834,0.2397459999999999,0.5824366668105898,0.33923247084543,2.0,3.6547232883800005,0.8300007237993116,0.9819775350000001,0.01591689288268206,0.827148,1.05127,0.22412199999999993,0.9821065251405853,0.964533226723715,41.0,0.4341416552741515,0.9349952788071648,-1.31654788,0.025396748331737277,-1.351563,-1.102539,0.24902400000000013,1.3167928140593417,1.73394331515832,0.5,2.9842124700682415,0.8472348481937527,0.039660235,0.07608323402635941,-0.656031,0.263265,0.9192960000000001,0.08579972459259412,0.007361592740165001,17.0,14.083060795554381,0.8809470620703217,0.021408939999999998,0.04927083544153072,-0.383173,0.434067,0.81724,0.05372111258183322,0.00288595793703,19.0,0.3592314158406626,0.8925707299588443,0.007559555000000001,0.0961223533444067,-0.770077,0.868401,1.638478,0.09641915621008618,0.009296653684264999,38.0,7.796040907005428,0.9802996632468789,-1.862478035,0.00501101104805956,-1.879883,-1.845215,0.03466799999999992,1.8624847760691052,3.4688495410891846,41.0,0.025368037077456367,0.9174014891565403,0.20529539500000002,0.004643745090869545,0.193359,0.217773,0.02441399999999999,0.20534790862503324,0.042167763576675,25.0,0.02194961818608933,0.9040462225797663,-0.57426024,0.007241200226647514,-0.59375,-0.55127,0.04247999999999996,0.5743058925569021,0.32982725822557996,30.5,0.06171974501725985,0.9002069851518203,-0.031018904999999996,0.00578447308801545,-0.050361,-0.007994,0.042367,0.03155364632344414,0.000995632596305,26.0,0.04027929280951695,0.9165138319997845,0.04228892,0.008298622770291465,0.007194,0.090597,0.08340299999999999,0.04309547417827074,0.00185721989465,6.0,0.1541106920610629,0.9184135537025505,-0.012185305,0.008573421977365572,-0.063685,0.025314,0.08899900000000001,0.014899168511866694,0.000221985222345,42.0,0.1100578242357104,0.921296287036754,1.742814415037962,0.01751934540306569,1.5777580956144703,1.8102610713355685,0.23250297572109813,1.7429024679331502,3.0377090127274653,12.5,0.44975323005119916,0.9268063781443254,0.07806996213071848,0.1159710540366353,0.04189720723389567,1.09258955511482,1.0506923478809242,0.13980058784375693,0.019544204361459996,0.5,111.63631155533648,0.7894682607240651,1.9597995115352842,0.005517017083595941,1.9421187842094005,1.9801052237015082,0.03798643949210767,1.9598072769768562,3.84084456289144,41.0,0.018810127661987964,0.9010573896402626,0.054976530460704096,0.007240083687587816,0.039038858961296496,0.09323469723767006,0.05419583827637356,0.05545121922284487,0.0030748377133000006,6.0,0.12300917082837295,0.8914765789212511,0.012002328319469747,3.1755104502316933,-0.8031355501639745,0.10873097034904747,16.01791623423533,0.016469366648159997,0.07029876093834395,13.15301028610407,0.006365960143860001,0.04097221267123925,5.937230406220793,0.0010287380423799999,0.08754893136704114,11.21166712640255,0.00907466846192,non_chewing,still_01.csv,5925900.0,5927890.0
-0.5796802150000001,0.027243280878205087,-0.788086,-0.541504,0.24658199999999997,0.580320039301983,0.33677134801545505,1.0,4.1847228666900875,0.8268350167347487,0.9852319399999999,0.016519421105365643,0.827148,1.05127,0.22412199999999993,0.9853704211461901,0.9709548668698201,0.5,0.7130759799041748,0.9156461612592462,-1.3152002049999998,0.02529931718254418,-1.351563,-1.102539,0.24902400000000013,1.315443512539381,1.7303916346819448,0.5,2.8796453284006702,0.849953137687997,0.039814814999999996,0.0765903712174107,-0.656031,0.263265,0.9192960000000001,0.08632093869221417,0.007451304456704999,17.5,14.299902793119347,0.8826670850121494,0.021142465000000003,0.049739863266285475,-0.383173,0.434067,0.81724,0.05404681141404181,0.002921057824025,19.0,0.3595979609869628,0.8918494594106559,0.0066762199999999975,0.09694575952640527,-0.770077,0.868401,1.638478,0.09717536829690948,0.00944305220364,38.0,7.489480175158042,0.976187158999901,-1.862622105,0.00506635824275929,-1.879883,-1.845215,0.03466799999999992,1.8626289952699855,3.4693867740204754,47.0,0.02665240234529183,0.8945868812347106,0.20517818,0.004465914046150015,0.193359,0.217773,0.02441399999999999,0.20522677685034182,0.04211802993638,12.0,0.020882638773504034,0.9252463282612229,-0.5748827900000001,0.007514625778832905,-0.59375,-0.55127,0.04247999999999996,0.5749319019142877,0.33054669183878005,40.5,0.03816850967444608,0.8844235434980017,-0.030977605000000002,0.005781463171981208,-0.050361,-0.007994,0.042367,0.03151249479087621,0.000993037327945,25.5,0.04466538264796294,0.9099885175920743,0.042192999999999994,0.008259806246516925,0.007194,0.090597,0.08340299999999999,0.04299387919495053,0.0018484736482299998,5.5,0.16324961729815968,0.909944193769569,-0.012077395000000001,0.008782434538838021,-0.063685,0.025314,0.08899900000000001,0.014933004601050655,0.00022299462641500002,15.5,0.10977192491018863,0.898629856918097,1.7429302366450738,0.017664647054691143,1.5777580956144703,1.8102610713355685,0.23250297572109813,1.7430197501942484,3.03811784956722,9.5,0.45170136067194255,0.9287761124490094,0.07943485954994328,0.11621324181284501,0.04189720723389567,1.09258955511482,1.0506923478809242,0.14076723512369632,0.019815414484370002,1.5,109.50413073697861,0.7916012310650213,1.960107045987492,0.005644826465188699,1.9421187842094005,1.9801052237015082,0.03798643949210767,1.9601151741149385,3.8420514957956353,41.0,0.02348221339185399,0.8858541987668854,0.054891539669408386,0.007171086062219966,0.039038858961296496,0.09323469723767006,0.05419583827637356,0.05535797686503725,0.0030645056025899995,40.5,0.13597802920644247,0.9084995775631917,0.012019820589502447,3.1293516574208167,-0.8039336462284155,0.10904215575062505,16.205807712321423,0.01675090888178,0.07080890804542954,13.24757573283383,0.006458267128759999,0.041480057019768535,6.021916468955943,0.0010725841757950002,0.0881633249875673,11.038597452413457,0.009220057577224999,non_chewing,still_01.csv,5926400.0,5928390.0
-0.5782641900000001,0.027609268057554513,-0.788086,-0.531738,0.2563479999999999,0.5789229181152099,0.33515174511903,0.5,4.351665892001255,0.8318301237502543,0.98741942,0.015831930140181895,0.827148,1.041016,0.21386799999999995,0.987546333599138,0.9752477610050999,0.5,0.7181937946672695,0.9103802400928562,-1.3142090100000001,0.025643596819867144,-1.351563,-1.102539,0.24902400000000013,1.3144591724443329,1.7278029160230401,2.5,2.7123111698853934,0.856215622880004,0.039228580000000006,0.07896919121514161,-0.656031,0.263265,0.9192960000000001,0.0881760435151748,0.0077750146499899996,17.5,13.887911704873655,0.8844364088764405,0.021230370000000002,0.051911180054715574,-0.383173,0.434067,0.81724,0.05608475037842283,0.00314549922501,21.0,0.3881062660208816,0.8917917533921984,0.006668225,0.10103325222843405,-0.770077,0.868401,1.638478,0.10125306553633326,0.010252183280505,38.0,7.436923744751588,0.9647707497982387,-1.862656275,0.004847627627961434,-1.879883,-1.845215,0.03466799999999992,1.8626625830489252,3.4695118982904942,47.0,0.026926093458833036,0.9057475810743526,0.20559324000000004,0.004463737647129365,0.193359,0.217773,0.02441399999999999,0.2056416915109385,0.042288505287479995,33.5,0.04413506334444406,0.9066783468487646,-0.574780245,0.007493467773666278,-0.594727,-0.553223,0.041503999999999985,0.5748290894705443,0.330428482101535,36.0,0.03891520590507486,0.9180092396978324,-0.031395945,0.005550922328043782,-0.050361,-0.007994,0.042367,0.03188288100431014,0.001016518101135,16.0,0.05116615434249158,0.912624114524886,0.042364879999999994,0.0074872531408788365,0.024515,0.090597,0.066082,0.04302141347061949,0.0018508420170099999,5.5,0.1541342998947472,0.8885763665162,-0.011457865000000001,0.0070412631378734165,-0.034107,0.020518,0.054625,0.013448496456295774,0.000180862056935,15.5,0.03776010125342534,0.8535739991730724,1.7429505221678847,0.018052684616671904,1.5777580956144703,1.8102610713355685,0.23250297572109813,1.7430440103873368,3.0382024221471706,11.5,0.46260068380123787,0.92554788362891,0.08416137673391244,0.11869945164893334,0.02209033044116815,1.09258955511482,1.0704992246736518,0.14550840922608219,0.021172697155505002,1.0,108.36557202079246,0.7905716202105842,1.9601529547427663,0.005411071309200155,1.9421187842094005,1.9801052237015082,0.03798643949210767,1.9601604234550574,3.84222888567951,44.5,0.023511718978651043,0.8932225596456314,0.05481924337971304,0.006562981818943838,0.039038858961296496,0.09323469723767006,0.05419583827637356,0.055210707069190845,0.0030482221750799997,6.5,0.0994009976824219,0.9171299501234411,0.012641613307471749,3.3362496232451955,-0.8040264635323395,0.1121364698299895,18.08620759946511,0.018124474980425003,0.07341826888709785,14.226318897704957,0.006758496548855,0.04442392691383675,6.933274336791342,0.0012946572080000003,0.09399198909056064,14.348739743157482,0.010071321223569999,non_chewing,still_01.csv,5926900.0,5928890.0
-0.57657471,0.027638880143665372,-0.788086,-0.531738,0.2563479999999999,0.5772367832243368,0.33320230390718,2.5,4.638026238165598,0.830865290929037,0.9902465699999999,0.015285521611155437,0.827148,1.041016,0.21386799999999995,0.9903645372122782,0.98082191656769,42.0,0.4342582387937007,0.9397834177497469,-1.3131469999999998,0.025394753490042,-1.351563,-1.102539,0.24902400000000013,1.3133925297160098,1.7249999371138198,0.5,2.4127603214344577,0.854669757259553,0.039091354999999994,0.0789665146948311,-0.656031,0.263265,0.9192960000000001,0.08811268057881907,0.007763844478784999,17.5,13.75295356077558,0.8853233655622482,0.02110248,0.051840149008655446,-0.383173,0.434067,0.81724,0.055970668312876164,0.00313271571139,18.5,0.4166349689432401,0.8914934438000659,0.006528319999999999,0.10099484067415324,-0.770077,0.868401,1.638478,0.10120561646875138,0.01024257680482,38.0,7.3583866715156,0.965165456909754,-1.8625561549999998,0.004767238028562761,-1.879883,-1.845215,0.03466799999999992,1.8625622558955728,3.4691381570868054,47.0,0.030421029989559985,0.922755460756516,0.20602050500000002,0.004376709766476982,0.195312,0.218262,0.022949999999999998,0.20606698927493214,0.042463604068835,38.0,0.02508262058433572,0.9065595316973306,-0.57520505,0.0075897703909604585,-0.59668,-0.553223,0.04345699999999997,0.5752551209333908,0.3309184541600901,27.0,0.03349844191600135,0.9027804570915784,-0.031505200000000004,0.005302941776033375,-0.044499,-0.007994,0.036504999999999996,0.03194837740042521,0.00102069881852,36.0,0.05011299570831347,0.914837865018795,0.04250475499999999,0.007072586897661632,0.026113,0.090597,0.064484,0.04308915969283922,0.001856675683035,6.5,0.16292741216682619,0.8892514932331345,-0.011341944999999999,0.006497080680734618,-0.027712,0.020518,0.04823,0.013071028029768736,0.00017085177375499998,15.5,0.035461183002897,0.8363055877718297,1.7431866464475547,0.018013140637254375,1.5777580956144703,1.8102610713355685,0.23250297572109813,1.7432797129516222,3.03902415758869,13.5,0.44147458672278905,0.9236736152529955,0.083815473439445,0.11880279208468414,0.02209033044116815,1.09258955511482,1.0704992246736518,0.14539304314510718,0.021139136994995,1.0,109.00054259875188,0.7902729902938705,1.9602272590773355,0.005413694291955886,1.9421187842094005,1.9801052237015082,0.03798643949210767,1.960234734748808,3.84252021531573,47.0,0.03420462408079542,0.9024859849741498,0.054869413754529583,0.006129739761542889,0.03934445071417315,0.09323469723767006,0.05389024652349691,0.0552107442017403,0.00304822627531,6.5,0.09995407590666999,0.910367834338356,0.012599446345298481,3.3273287455517724,-0.80349605772704,0.11267305232314126,19.381376160540437,0.018090910719685,0.0736635729187977,14.891077071922593,0.006743145660265,0.04476756211099379,7.329729525952522,0.0012760400283550002,0.09449775999341867,15.54464930282102,0.010071725031065,non_chewing,still_01.csv,5927400.0,5929390.0
-0.57203858,0.006584515245908383,-0.60498,-0.531738,0.07324199999999992,0.572076474651283,0.32727149284944007,19.0,0.06860003693621151,0.9275188023138817,0.991750475,0.005064103153508523,0.964844,1.020508,0.055663999999999936,0.9917634041461073,0.983594649803475,48.5,0.019925388453894216,0.9039733220203149,-1.316228035,0.008803454630642178,-1.351563,-1.266602,0.08496100000000006,1.316257475167148,1.7325337409333952,13.5,0.07482390535567958,0.9162919389094367,0.04659361000000001,0.022241405440706755,-0.176665,0.142557,0.319222,0.05162988096838884,0.00266564460881,21.0,0.1764890958334434,0.8755942375166083,0.0218246,0.017292981149876964,-0.069014,0.172401,0.241415,0.02784529335830384,0.00077536036221,27.5,0.07080778435796839,0.8942085588525079,0.012065405,0.03173532478896309,-0.266196,0.248343,0.514539,0.03395150714290899,0.001152704837275,24.5,0.16636117209750492,0.9293136390611749,-1.8627734449999998,0.004270705044483291,-1.875977,-1.851074,0.024902999999999897,1.8627783406295944,3.4699431463187453,36.5,0.025636011562018467,0.9123331034525725,0.206044925,0.004447882020622288,0.194824,0.218262,0.023438000000000014,0.20609292751747937,0.04247429477272501,50.0,0.019833840650069358,0.9165720373940917,-0.5755785950000001,0.007237260033394894,-0.59668,-0.558594,0.03808599999999995,0.5756240934455098,0.331343096954965,27.0,0.037011079047136124,0.9136358146297258,-0.03199415,0.0049928491312576226,-0.044499,-0.018652,0.025847,0.03238138626850308,0.00104855417667,13.0,0.030643621827070623,0.9158184105588749,0.041741349999999997,0.004545070636139773,0.030643,0.054625,0.023982,0.041988069340111366,0.0017629979669099999,23.5,0.011650274352316366,0.9200013887426117,-0.011619065000000001,0.005208287881902747,-0.024781,0.001066,0.025847000000000002,0.01273298606513806,0.000162128934135,14.5,0.01885503230410363,0.8999140482906735,1.7445184171921562,0.0074414826267210155,1.7026259560305663,1.7776251253579873,0.07499916932742101,1.744534288452454,3.04339988358631,13.5,0.04295527732303343,0.9065621469078541,0.06023702417974928,0.031067840708090756,0.02209033044116815,0.3093430990825559,0.28725276864138777,0.06777691205930673,0.004593709808294999,0.5,6.034581065863492,0.8535534044833815,1.9605452872817517,0.004765979830774669,1.950137519471127,1.9779312406031713,0.027793721132044258,1.9605510801931265,3.843760538046435,36.5,0.033389121906494165,0.9177773536992403,0.054332040134832074,0.004659451952965852,0.03934445071417315,0.06835615298566765,0.0290117022714945,0.05453146869207724,0.0029736810777150004,23.5,0.015350443264525948,0.908446522418055,0.002675502795946346,1.5613751822175599,-0.8003606544601252,0.02640838875512491,6.66770277313737,0.0016200287305799988,0.01724855630944915,4.454652014511101,0.0016170904321399998,0.012747910513737205,3.8047772046430244,-0.0009876376047,0.02652703690706034,6.093235533165112,0.0009905759031400001,non_chewing,still_01.csv,5927900.0,5929890.0
-0.57217772,0.005765371326428155,-0.60498,-0.531738,0.07324199999999992,0.5722067657507468,0.32742058277093,49.5,0.02520117038418217,0.9060100403428053,0.991887195,0.004772843984143521,0.964844,1.004883,0.040038999999999936,0.9918986781141838,0.9838629876446651,13.5,0.017647804568556396,0.9049726058501831,-1.31616702,0.008580710647120097,-1.351563,-1.266602,0.08496100000000006,1.3161949905431527,1.73236925313089,39.0,0.06364387344690067,0.9048464107327401,0.046103319999999996,0.020509389592272123,-0.176665,0.135096,0.31176099999999995,0.050459401269436405,0.00254615117647,22.5,0.35309141931783466,0.9029704867280941,0.021539515,0.01592793368361932,-0.069014,0.172401,0.241415,0.02678898612984448,0.000717649777865,27.5,0.03969114567556013,0.9114763694681903,0.012988714999999998,0.028969883588888908,-0.266196,0.248343,0.514539,0.03174839952666906,0.0010079608725050001,24.5,0.20375760843102458,0.9425088715953222,-1.86253173,0.0042768334836769135,-1.875977,-1.851074,0.024902999999999897,1.8625366403272285,3.4690427365614402,32.5,0.020603271809762347,0.9148937925711306,0.20631104,0.004723193106194157,0.194824,0.218262,0.023438000000000014,0.20636509825791763,0.042586553779,13.0,0.017029812944697683,0.9092105400403591,-0.575605465,0.007318602812612189,-0.59668,-0.558594,0.03808599999999995,0.5756519897342448,0.33137521328499503,19.5,0.05327466381631091,0.9213772365812903,-0.03228325,0.004969093732009893,-0.044499,-0.021051,0.023447999999999997,0.032663437098382646,0.00106690012308,49.0,0.019541641265574818,0.8955150330752926,0.04190921,0.0048805005671447264,0.026113,0.054625,0.028512,0.042192430228774454,0.00178020116861,39.0,0.010554917112491527,0.912257808503832,-0.011643035,0.004923163883497583,-0.022916,0.001599,0.024515,0.01264111571954786,0.000159797806635,13.0,0.02090391600379206,0.8903756786135554,1.744592431665422,0.007076080992665672,1.7026259560305663,1.7653089039420269,0.06268294791146056,1.74460678192723,3.043652823546485,7.0,0.03585778686169081,0.9146561752682819,0.058393966083599015,0.029358245040660876,0.02209033044116815,0.3093430990825559,0.28725276864138777,0.06535871653299198,0.00427176182684,0.5,4.886905865789553,0.8375478670102195,1.9603521977728602,0.004874865388138501,1.9481888955979088,1.9779312406031713,0.029742345005262516,1.9603582589989603,3.843004503625435,36.5,0.027313027626213838,0.9277613080643781,0.054609152930127414,0.004973883249429561,0.03934445071417315,0.06835615298566765,0.0290117022714945,0.05483519944638662,0.003006899098325,23.5,0.005050940127288077,0.9017134631982423,0.00220121560452717,1.4515438743976719,-0.7993516800789502,0.024384361791231306,5.902479726283859,0.001264862728515,0.015540295860262225,4.127390364998511,0.00147925105339,0.011047433116474596,3.2635860737001723,-0.001062551390745,0.024046719705391337,5.88440366285506,0.0008481630658700001,non_chewing,still_01.csv,5928400.0,5930390.0
-0.57219725,0.006824940871355587,-0.618164,-0.545898,0.07226600000000005,0.5722379511404849,0.32745627272546,13.0,0.01885962254343739,0.8340018250582271,0.99219969,0.006179109686993751,0.940918,1.008301,0.06738299999999986,0.9922189305957733,0.9844984062326199,47.5,0.011890029352598043,0.9121184196421636,-1.3156957999999996,0.007801772128817926,-1.352539,-1.278809,0.07372999999999985,1.3157189311498068,1.73111630578599,12.0,0.03140687147733368,0.9095163075717252,0.04748763,0.007765615883695252,0.011991,0.09193,0.079939,0.048118393500510795,0.0023153797930699997,13.5,0.07622822352396683,0.9113412338226233,0.021439605000000004,0.013128253884998378,-0.080738,0.062885,0.143623,0.02513976357536005,0.000632007712625,12.5,0.0605199817616099,0.8161414052494087,0.012554395000000001,0.006961547113894655,-0.035706,0.03011,0.065816,0.014355346461684581,0.000206075972035,13.0,0.027411878931191683,0.8559210872700036,-1.862353525,0.007171948470909072,-1.89502,-1.797363,0.09765699999999988,1.8623673345838072,3.468412088924795,13.5,0.026851821425878913,0.9105600851544924,0.20597900500000002,0.006220362212522275,0.169922,0.233398,0.063476,0.20607290798851993,0.042466043406845,13.0,0.010033287341908262,0.8811025720955169,-0.576003395,0.008761409525240502,-0.601074,-0.533691,0.06738299999999997,0.576070024691786,0.331856673348395,24.5,0.03609975468665753,0.8783579009849087,-0.032400505,0.006229753019179412,-0.066882,-0.01732,0.049561999999999995,0.03299397743429852,0.001088602546935,38.5,0.03947811345044689,0.9071144138961456,0.041793294999999994,0.00976460053908889,-0.020518,0.132165,0.152683,0.04291884120808715,0.001842026930645,33.5,0.0194200493071379,0.9162924609067065,-0.011796230000000001,0.010793363550677797,-0.055957,0.032508,0.088465,0.015988988052719283,0.00025564773895,13.0,0.02210684861492144,0.8288632915001328,1.7444277216432564,0.006550473768113487,1.703762269831387,1.7601945735710582,0.05643230373967123,1.7444400203916643,3.04307098474407,19.5,0.021775030380027295,0.9278725138810116,0.055341044455076996,0.009530596851781717,0.03625142426167557,0.12745457222085052,0.09120314795917495,0.05615570743682248,0.0031534634777299997,12.0,0.29003434303632464,0.8947861336757058,1.9602740943555603,0.007764063273974752,1.889395264007508,1.9955014760455576,0.1061062120380496,1.9602894698691913,3.842734805680035,16.5,0.03136384159890529,0.9092498402054148,0.0556858248319007,0.009239379271405125,0.03910824879740846,0.13853672689218552,0.09942847809477706,0.0564471187619882,0.00318627721653,12.0,0.2463920810569181,0.9128741849938603,-0.0012135895058612645,0.8436914456983841,-0.7996638209359648,0.0002912175803765904,1.0315191715614356,-3.281373880000037e-05,0.0015358628645158415,1.246536718195314,0.0012267772461349996,0.0033636533459094915,1.3444742396214138,-0.00121001921802,-0.003831816436783142,0.6449840294184742,-4.9571766915e-05,non_chewing,still_01.csv,5928900.0,5930890.0
-0.572075205,0.006917021937436298,-0.618164,-0.545898,0.07226600000000005,0.5721170206944336,0.327317885368275,13.0,0.016397597905922164,0.8061995516326478,0.9922802350000001,0.0061156839584608205,0.940918,1.008301,0.06738299999999986,0.9922990811050543,0.984657466361935,45.5,0.007410212989624072,0.9188830814171117,-1.315913105,0.007974677038223877,-1.352539,-1.278809,0.07372999999999985,1.315937268787766,1.731690895384605,12.5,0.03379865374314034,0.9092072398643681,0.04718651499999999,0.007647028685036757,0.011991,0.09193,0.079939,0.047802136412037066,0.002285044245555,13.0,0.11174177222312198,0.9082016829051867,0.02132101,0.013436265767686348,-0.080738,0.062885,0.143623,0.025201561562728608,0.0006351187052,12.5,0.04415667766943894,0.7734898425235496,0.0128022,0.007136816218034482,-0.035706,0.03011,0.065816,0.014657096253010008,0.00021483047057000001,13.0,0.027816443184207118,0.8019656911098388,-1.8620508,0.00700647956608738,-1.89502,-1.797363,0.09765699999999988,1.862063981858988,3.4672822725365493,12.5,0.01682144385642639,0.9083382506945653,0.20614991500000002,0.00611864967764743,0.169922,0.233398,0.063476,0.20624069755599886,0.042535225328384996,13.0,0.009915471899939788,0.880744292247821,-0.5755346400000001,0.008726170973594315,-0.601074,-0.533691,0.06738299999999997,0.5756007886545934,0.33131626789978996,24.5,0.07144170922058142,0.8850707097642181,-0.03239916,0.006364211908351261,-0.066882,-0.016254,0.05062799999999999,0.033018309495187664,0.00109020876192,33.0,0.042990191019997105,0.9104381038351047,0.04170669999999999,0.009740791820996896,-0.020518,0.132165,0.152683,0.04282910050643138,0.0018343318501900002,33.5,0.02103837740460159,0.9186964522425047,-0.011848205,0.01096249789614461,-0.055957,0.032508,0.088465,0.016141757086668106,0.000260556321845,12.5,0.021448634372241367,0.8325896281187802,1.7445976542606962,0.006728436883242355,1.703762269831387,1.7601945735710582,0.05643230373967123,1.7446106290845573,3.0436662471148153,8.5,0.022039914581882075,0.9083436520304682,0.055198541321599584,0.009386930131446815,0.036440164365710535,0.12745457222085052,0.09101440785513998,0.05599101196910983,0.0031349934213249996,13.0,0.31166976024368015,0.8684557893270103,1.9598664186574064,0.00757540650510009,1.889395264007508,1.9955014760455576,0.1061062120380496,1.9598810590861695,3.841133765764725,16.0,0.024371800026335107,0.9215587162720879,0.05565525048269432,0.009358954410806433,0.03910824879740846,0.13853672689218552,0.09942847809477706,0.05643666302994004,0.0031850969339550007,12.0,0.2510685715737712,0.9281598890992321,-0.0008469696218577341,0.8881948287147999,-0.7974675186499098,2.7975720640381965e-05,1.0029891929602819,-5.0103512630001075e-05,0.0012828167766854963,1.201567263183389,0.0011948354836349999,0.003695473946689457,1.3793812674164363,-0.0011992131449900002,-0.0038256816781101254,0.6510209886146864,-4.572585127499997e-05,non_chewing,still_01.csv,5929400.0,5931390.0
-0.5718286,0.006840008379380832,-0.618164,-0.545898,0.07226600000000005,0.5718695073988384,0.32703473349259,13.0,0.013084143064216834,0.8104855887778397,0.99258297,0.0062913427214784596,0.940918,1.008301,0.06738299999999986,0.9926029081799327,0.9852605333272599,45.5,0.007997214852687765,0.9074883884585827,-1.3164209199999999,0.007822985786999748,-1.352539,-1.278809,0.07372999999999985,1.3164441643002829,1.73302523772027,12.5,0.04689503098443702,0.9076683521471185,0.046999985,0.007525411824264172,0.011991,0.09193,0.079939,0.04759863877386621,0.0022656304131249997,13.0,0.11562856426408694,0.8917468304989735,0.0210692,0.013369839123190676,-0.080738,0.062885,0.143623,0.02495323199146756,0.0006226637868200001,12.5,0.054120031913974714,0.7664654331500222,0.01265031,0.007024132621462952,-0.035706,0.03011,0.065816,0.014469581271757658,0.00020936878218,13.0,0.03352709929466766,0.7981619782574898,-1.8616381999999998,0.006924376314874857,-1.89502,-1.797363,0.09765699999999988,1.8616510775885446,3.4657447346865897,16.5,0.014975783636739569,0.9037366468606814,0.20625001499999995,0.005856900391399448,0.169922,0.233398,0.063476,0.20633315770785604,0.042573371969695,13.0,0.011645287218883669,0.8821439142433168,-0.5750268,0.00870846740994074,-0.601074,-0.533691,0.06738299999999997,0.5750927387151311,0.33073165812287003,12.5,0.06542218370050946,0.9007356590074702,-0.03202343,0.006231961297625331,-0.066882,-0.016254,0.05062799999999999,0.03262418444313973,0.00106433741058,31.0,0.05168809735541834,0.9070790090854961,0.041632075,0.009747843020349424,-0.020518,0.132165,0.152683,0.042758041493443075,0.0018282501123549999,33.5,0.020834936707094097,0.9198169424153234,-0.01178693,0.01098835736791901,-0.055957,0.032508,0.088465,0.016114456753797194,0.00025967571647,12.5,0.022836200973966478,0.832791586485076,1.7450721332124504,0.006614712803112639,1.703762269831387,1.7601945735710582,0.05643230373967123,1.7450846697338558,3.0453205045401206,10.0,0.023774216546487523,0.9223380635705432,0.05487747041813597,0.00928042146842544,0.036440164365710535,0.12745457222085052,0.09101440785513998,0.0556566526313342,0.003097662982125,12.5,0.3338240881508844,0.8557101156396542,1.9593350158691476,0.007487347207327954,1.889395264007508,1.9955014760455576,0.1061062120380496,1.959349321784953,3.8390497647791553,16.5,0.021964208351492206,0.9189566405934192,0.05535703273784292,0.009373482056652544,0.03910824879740846,0.13853672689218552,0.09942847809477706,0.056145019720407974,0.003152263239405,11.5,0.26457522160900515,0.9206075913146713,-0.0008726344042153163,0.8834521252919514,-0.7937292602390347,-9.306058822710662e-05,0.9900719297626371,-5.4600257279999957e-05,0.001293450526638834,1.207551116713722,0.0012012930025449998,0.00362199610284125,1.371568981494679,-0.0012055863255349998,-0.003964224746456045,0.6392340898895611,-5.030693428999998e-05,non_chewing,still_01.csv,5929900.0,5931890.0
-0.57198485,0.006794558621242442,-0.618164,-0.545898,0.07226600000000005,0.5720252045639073,0.32721283465637996,13.0,0.015665876818517475,0.8050253959264192,0.9927611850000001,0.006129140239117958,0.940918,1.008301,0.06738299999999986,0.9927801049591369,0.9856123368026749,11.5,0.012203949316123779,0.9129343423349662,-1.31670656,0.007941379767798544,-1.352539,-1.278809,0.07372999999999985,1.316730507985461,1.73377923065965,12.5,0.03236118047732645,0.9028150929104977,0.04679213000000001,0.007369735582305514,0.011991,0.09193,0.079939,0.04736893953309489,0.00224381643249,13.0,0.11237333702872351,0.8782106339053624,0.021323659999999998,0.013426955695331687,-0.080738,0.062885,0.143623,0.025198841541626472,0.00063498161504,12.5,0.04807224398580268,0.7720658801771132,0.01272092,0.007085850520128123,-0.035706,0.03011,0.065816,0.014561287142282444,0.00021203108324,12.5,0.03308265951599866,0.8133618474946183,-1.861696805,0.006951744906638542,-1.89502,-1.797363,0.09765699999999988,1.8617097841780967,3.4659633205044553,12.5,0.019851518431035737,0.9080807315273629,0.20596925000000002,0.005753505330448561,0.169922,0.233398,0.063476,0.20604959298467446,0.04245643476915,13.0,0.01192690372407535,0.8867681039461542,-0.575161075,0.008406300265240052,-0.601074,-0.533691,0.06738299999999997,0.5752225031058026,0.330880928079305,12.0,0.06776116068774242,0.9168352418126486,-0.03170902,0.0063515273320359725,-0.066882,-0.016254,0.05062799999999999,0.032338890655215745,0.00104580384881,34.0,0.039773310860544635,0.8886100413543555,0.041257705,0.00965198985484211,-0.020518,0.132165,0.152683,0.04237167839518515,0.001795359130025,19.0,0.034411825704587104,0.9300236428806201,-0.012487729999999999,0.010955352825313295,-0.055957,0.032508,0.088465,0.01661213881714212,0.00027596315608,12.5,0.048804283128063335,0.8450406735911637,1.7454398499166621,0.006643225241175246,1.703762269831387,1.7601945735710582,0.05643230373967123,1.7454524920829857,3.0466044021187053,14.5,0.025012922664021556,0.9005336284516475,0.05483975982488518,0.009133995463044045,0.036440164365710535,0.12745457222085052,0.09101440785513998,0.05559522579115944,0.0030908291307699997,12.5,0.3392937599137202,0.8504015065806014,1.9593994071932217,0.007392323299313924,1.889395264007508,1.9955014760455576,0.1061062120380496,1.9594133518359291,3.8393006833529104,24.0,0.027837821707682488,0.9261136952421088,0.05504895026313267,0.009313388741062295,0.03910824879740846,0.13853672689218552,0.09942847809477706,0.05583122902923596,0.003117126134915,1.0,0.2885421779062126,0.9094184764404474,-0.0007490980581386763,0.8986654089914872,-0.7926962812342051,-0.0001793932780182559,0.9807381305552813,-2.6297004145000528e-05,0.0010182082502695426,1.1603091976214732,0.00119801258368,0.0037749658404895824,1.3911075226209235,-0.001160377514985,-0.003869502305185178,0.646793456414808,-6.393207284e-05,non_chewing,still_01.csv,5930400.0,5932390.0
-0.5721361950000001,0.004172592114857981,-0.582031,-0.55957,0.022460999999999953,0.5721514101652071,0.327357236154035,30.5,0.01758286407402795,0.9019732479685556,0.9931884500000001,0.004122939988345691,0.980469,1.008301,0.027831999999999857,0.993197007570779,0.98644029584755,40.0,0.012262995982847257,0.8971943868778618,-1.316447795,0.006716988421381639,-1.331055,-1.29834,0.03271500000000005,1.316464931129506,1.733079914893815,45.0,0.04235284648382538,0.8982770798302833,0.046479030000000005,0.004886914334127415,0.03464,0.058355,0.023715,0.04673523468915075,0.00218418216145,1.0,0.052026900763582115,0.8983560086354982,0.021460904999999995,0.005974566506950525,0.002398,0.038904,0.036506000000000004,0.022277026021554132,0.0004962658883649999,12.5,0.028205745865614196,0.8595852388019769,0.01263432,0.004769088984030388,0.0,0.03011,0.03011,0.013504453028538402,0.00018237025160000003,12.5,0.020578290173248394,0.9120107399334997,-1.861701675,0.0038725393296098307,-1.875488,-1.849609,0.025878999999999985,1.8617057026443962,3.4659481232586646,43.0,0.017558996146021202,0.9099576653405931,0.206066925,0.004095003826539726,0.196289,0.216309,0.02002000000000001,0.20610760935806083,0.042480346635295006,20.5,0.01784684562249185,0.9104782349025873,-0.5743505250000001,0.006900600015170781,-0.59082,-0.552734,0.038086000000000064,0.574391977527842,0.32992614384834495,31.0,0.0504484193411048,0.9032034649276752,-0.031268035,0.00505946986094146,-0.044499,-0.016254,0.028244999999999996,0.03167472569786517,0.001003288248035,21.0,0.014311646924096024,0.8890699570220716,0.041244385,0.004548691093795555,0.030643,0.058355,0.027711999999999997,0.04149445607180555,0.001721789884695,7.5,0.02474010220927425,0.9152255638900822,-0.012646290000000003,0.0049906496607055074,-0.027712,-0.000533,0.027179000000000002,0.01359541227032119,0.0001848352348,20.5,0.05075224439188428,0.9036234701977185,1.745521424126481,0.005692522363736905,1.7320621897212582,1.7595863530313027,0.02752416331004448,1.7455307063742533,3.0468774468953996,40.0,0.023705766187923152,0.8860573515808553,0.053310025250896474,0.004567221164316506,0.04106463321399571,0.06778303851259547,0.026718405298599757,0.05350531096456687,0.0028628183014149998,1.0,0.048713982912882495,0.9000852738683291,1.9591674297185233,0.004194767266428959,1.9434185030185858,1.972980487636155,0.029561984617569204,1.959171920414925,3.838354613742305,48.0,0.026613737827840066,0.9316215937560121,0.053724703456212615,0.004854853867215457,0.04323796550486621,0.07426873650466931,0.0310307709998031,0.05394361285203282,0.0029099133675300004,21.0,0.017680984602311316,0.8875072532934566,0.0014977550973079446,1.3570532051431297,-0.7914771668469052,-0.0002876327028989486,0.9407535817213128,-4.709506611500066e-05,-0.00017255552681404336,0.965894543982532,0.0011808939134149998,0.0014258754131549704,1.3134693879520363,-0.0012255239963300001,-0.0002215606766751187,0.9556048427082342,-2.464983199999967e-06,non_chewing,still_01.csv,5930900.0,5932890.0
-0.57202387,0.0041932534818563,-0.58252,-0.55957,0.022950000000000026,0.5720392392349847,0.32722889122454,30.5,0.019280683169925737,0.9048741761869951,0.9933032150000001,0.004062243323432874,0.982422,1.008301,0.025878999999999874,0.9933115215027736,0.986667778750155,30.0,0.012134691731044325,0.8977064632546949,-1.3165894050000002,0.006635352486565805,-1.337891,-1.29834,0.03955099999999989,1.3166061253316708,1.7334516892608753,40.0,0.040103776942022794,0.9034261266136027,0.047037274999999996,0.004994383411330672,0.03544,0.060221,0.024780999999999997,0.047301681842033906,0.002237449105085,25.5,0.03428080416074053,0.909204863715773,0.02174471,0.005085083247686315,0.007994,0.03544,0.027445999999999998,0.022331378923389395,0.00049869048462,47.0,0.022209768399948832,0.915422676977649,0.012473115,0.004571151616581428,0.0,0.027446,0.027446,0.013284352634020223,0.00017647402490500002,26.5,0.020905116124601927,0.9117339143919353,-1.861672375,0.003927194855666697,-1.875488,-1.849609,0.025878999999999985,1.861676517200981,3.465839454697575,43.0,0.016730533211873164,0.8929591684057709,0.20619874,0.003889670704879785,0.196289,0.215332,0.019043000000000004,0.20623542352316684,0.042533049915780004,32.5,0.016016013444818004,0.905193785250921,-0.574621535,0.006628639169450618,-0.59082,-0.556641,0.03417899999999996,0.5746597665949783,0.330233847342995,31.0,0.05845733004249212,0.9012096147248725,-0.031362615,0.004933430626529068,-0.044499,-0.017853,0.026645999999999996,0.031748265423247934,0.0010079523573850002,41.5,0.03485930182858662,0.8925105858279676,0.04113381499999999,0.004790471888110294,0.025847,0.058355,0.032507999999999995,0.04141182629835347,0.0017149393573650002,21.0,0.02030787875208833,0.9042265791569634,-0.01262232,0.004479576262058723,-0.024248,-0.000533,0.023715,0.013393639000286665,0.00017938956567,20.5,0.04644130327820431,0.8896663825248216,1.7456570594456104,0.005458025583790401,1.7320621897212582,1.7595863530313027,0.02752416331004448,1.7456655920409183,3.04734835923557,40.0,0.02027082974442739,0.8963920176835051,0.05376868854337626,0.004641308752431475,0.04106463321399571,0.06778303851259547,0.026718405298599757,0.05396863547107709,0.00291261361461,1.5,0.03929176090544775,0.9182676176034136,1.9592314771469699,0.004286130288743809,1.9434185030185858,1.972980487636155,0.029561984617569204,1.959236165437018,3.8386063519563502,27.0,0.02674141140479676,0.905791861088397,0.05365782747709142,0.004808204535862951,0.04155700495704665,0.07426873650466931,0.032711731547622656,0.05387282506440515,0.0029022812804199993,21.0,0.026912939707394203,0.8790504768141861,0.001171895295046594,1.273415695767395,-0.7912579927207801,-0.00016689578343147445,0.9652893752362969,1.0332334190000809e-05,6.095278480160171e-05,1.0123550505552532,0.0012294967476999998,0.0002946113595760219,1.0614994444090637,-0.001216248872745,9.157535452270545e-05,1.020442860923774,-2.9155407649999803e-06,non_chewing,still_01.csv,5931400.0,5933390.0
-0.572143505,0.0050775922325424095,-0.589844,-0.549805,0.04003900000000005,0.5721660355670939,0.327373972256565,20.5,0.014922292797721174,0.901610004916772,0.9935668799999999,0.005398881318903021,0.967773,1.027344,0.05957100000000004,0.993581548214554,0.9872042929524301,20.0,0.010994656899136427,0.9150898292518591,-1.3155493649999999,0.009867125610418415,-1.349121,-1.266113,0.08300799999999997,1.3155863680958826,1.7307674919197151,20.5,0.11622014723146036,0.8963332735672266,0.04759152999999999,0.018228904542486914,-0.015188,0.155348,0.17053600000000002,0.05096318954461151,0.00259724668856,20.0,0.04143486967454975,0.6515930721650296,0.021626130000000004,0.03168703766452617,-0.143623,0.16494,0.30856300000000003,0.03836349638302015,0.0014717578547299999,20.5,0.03562603625828122,0.6234752899488357,0.012517105000000002,0.02271940553566433,-0.099923,0.112714,0.212637,0.02593933895601428,0.000672849305475,20.5,0.016681976991658794,0.641456038382425,-1.861445345,0.0066079137188658045,-1.882813,-1.810059,0.07275399999999999,1.8614570736242846,3.465022436945885,19.5,0.050146656952135646,0.9202299215419241,0.20636961499999998,0.00744910003938563,0.160645,0.245117,0.08447199999999999,0.2065040122773526,0.042643907086645,20.5,0.025364612296110117,0.8547536941527656,-0.5749999750000001,0.009480434584678855,-0.619629,-0.511719,0.10790999999999995,0.5750781250316473,0.330714849889915,17.5,0.08485353243866552,0.9170771474313915,-0.032118060000000004,0.011511109395119134,-0.089798,0.040769,0.130567,0.03411854946608956,0.00116407541767,19.0,0.0757528245197928,0.8449984167277023,0.04136165,0.00847497401633185,0.011991,0.086067,0.074076,0.042220981458274985,0.0017826112753000002,21.0,0.057077950644088785,0.8370536987882415,-0.013392395000000001,0.0349504223712529,-0.189455,0.138294,0.327749,0.037428441962830884,0.001400888267765,19.5,0.07628400262420372,0.6274357638086119,1.7450743563886248,0.007826097593118453,1.7080356748996786,1.771048436946319,0.06301276204664052,1.7450919050665237,3.0453457571287093,20.5,0.05594223092435792,0.8706319535989803,0.06332861956914738,0.027043294773958327,0.04106463321399571,0.23397686458707836,0.19291223137308267,0.06886112000806406,0.004741853848765,0.5,7.874431878545951,0.6812869858684916,1.9591676615784042,0.006577822424930973,1.9176634844064795,1.9810857217720288,0.0634222373655493,1.9591787039273485,3.838381193922445,27.0,0.06663850035693317,0.9203916080610317,0.061561978985524124,0.023615624152685148,0.04155700495704665,0.20868127696321967,0.16712427200617302,0.06593614305322233,0.004347574960735,0.5,5.791340735884846,0.7154270953441272,0.0012482751681874805,1.1897702746514291,-0.7930354367937356,0.003427670621273183,1.1451441892499568,0.00039427888802999987,0.006717795147367776,1.5835923295296117,0.00143317127089,0.023212063648194323,3.738894963390225,-0.0003108534205700003,-0.012231016835588568,0.6500466659410471,-0.0007280389622899999,non_chewing,still_01.csv,5931900.0,5933890.0
-0.571594185,0.005347600932266266,-0.589844,-0.549805,0.04003900000000005,0.5716191994339807,0.32674850916154496,30.5,0.03707176090545721,0.8843629617731367,0.9936328050000001,0.00564339122132916,0.967773,1.027344,0.05957100000000004,0.9936488308434953,0.9873379990366451,20.0,0.018373824357235696,0.9030872222552381,-1.3155786550000002,0.010008748035392588,-1.349121,-1.266113,0.08300799999999997,1.3156167270633363,1.7308473725288451,20.5,0.1288090443419134,0.8722391699647687,0.04773407,0.01980032174751461,-0.015188,0.155348,0.17053600000000002,0.05167779194267108,0.0026705941800700002,20.5,0.03174223809627727,0.5708488699932903,0.02191256,0.03423986305969111,-0.143623,0.16494,0.30856300000000003,0.04065130389175727,0.0016525285080999997,20.5,0.0376175185410056,0.5434541803536478,0.012474465,0.024455058042024254,-0.099923,0.112714,0.212637,0.02745290769435908,0.0007536621408749999,20.5,0.023073617566732464,0.5610358206707974,-1.86105716,0.0066470249890007126,-1.882813,-1.810059,0.07275399999999999,1.861069030350156,3.46357793572847,20.0,0.054397333988460014,0.8967410617010027,0.206230465,0.007742283777334372,0.160645,0.245117,0.08447199999999999,0.20637574385621243,0.042590947652205,20.5,0.037006430007732814,0.8280822688497576,-0.574272435,0.009735256464817705,-0.619629,-0.511719,0.10790999999999995,0.5743549467178506,0.32988360481926504,17.5,0.093673022988121,0.9074281909957579,-0.03192486,0.011718482681234802,-0.089798,0.040769,0.130567,0.03400763917666147,0.00115651952237,20.0,0.08307085115329643,0.8259323173530735,0.041562825000000005,0.008759227539821933,0.011991,0.086067,0.074076,0.0424757870918833,0.001804192489075,20.5,0.045021301422243566,0.808626917886953,-0.012601020000000001,0.036855326147242275,-0.189455,0.138294,0.327749,0.03894997779793976,0.00151710077046,20.0,0.06507262676056916,0.5811009713908508,1.744955209058579,0.008074596359396205,1.7080356748996786,1.771048436946319,0.06301276204664052,1.7449738911304762,3.044933880727035,20.0,0.05100180996946293,0.8517064035817707,0.06597371691448452,0.026911958411317063,0.0425253181175638,0.23397686458707836,0.19145154646951457,0.07125156018674259,0.005076784829045,0.5,7.525297491862006,0.6704896712386649,1.9585734717167727,0.006514912681501453,1.9176634844064795,1.9810857217720288,0.0634222373655493,1.958584307146348,3.83605248819994,20.0,0.07944735301844638,0.9015586003607718,0.062487887233459743,0.023939021095345948,0.04155700495704665,0.20868127696321967,0.16712427200617302,0.06691646121773774,0.004477812781904999,0.5,5.589337740588545,0.7100373572492389,0.0015596836778947543,1.239402084746791,-0.7911186074729049,0.0029729373159711157,1.1241879233127496,0.0005989720471400008,0.008081839066279805,1.689665999099143,0.0015140746577000002,0.025480635519869177,3.909004864187737,-0.00015166398097500025,-0.01240026810521802,0.6635420330923898,-0.0007634386295850001,non_chewing,still_01.csv,5932400.0,5934390.0
-0.578569315,0.3093295222039529,-2.495605,2.448242,4.943847,0.6560695127549329,0.430427205566495,10.0,46.58295210744973,0.8896285508567022,1.0097509699999998,0.17712345340289948,0.400879,2.462891,2.062012,1.0251681516518691,1.05096973916131,9.5,55.12899482595747,0.9408121817448475,-1.3508594,0.157841063767576,-2.635254,-1.165527,1.4697270000000002,1.3600496020291466,1.84973491997964,0.5,254.9766194183193,0.7694974837028905,-0.032217995000000006,0.8634314992678777,-3.933519,4.681213,8.614732,0.8640323796767081,0.746551953129795,4.5,1412.6536460245652,0.7224462460703897,-0.09783969,1.2797446564443524,-8.731442,4.324419,13.055861,1.2834792521257092,1.6473189906371701,3.0,8696.05678939001,0.768209235135625,0.03620826,0.7905267665164492,-5.486196,3.578857,9.065052999999999,0.7913555500981717,0.62624360667118,10.0,1331.8175143692483,0.8261838895819762,-1.861159695,0.008578970905182918,-1.892578,-1.810059,0.08251900000000001,1.8611794671751258,3.463989009034285,20.5,0.05307496361516856,0.9013771812330275,0.20655273000000002,0.009031606616051211,0.160645,0.245117,0.08447199999999999,0.20675009114513107,0.04274560018852,20.5,0.0626566050003832,0.8640058155341576,-0.574704565,0.009959557511545125,-0.619629,-0.511719,0.10790999999999995,0.5747908574583149,0.330384529817665,13.0,0.1018077404003513,0.9044712280966983,-0.031892875,0.013387518305846493,-0.089798,0.040769,0.130567,0.03458874270850272,0.001196381122155,20.0,0.11077254314841456,0.8610441993594558,0.041842609999999995,0.01993019176947126,-0.046364,0.178263,0.22462700000000002,0.04634669951118418,0.00214801655558,20.5,0.11390099094782252,0.8375545452850348,-0.01217069,0.055156056550426984,-0.315225,0.231023,0.546248,0.056482884746354795,0.0031903162692699994,20.5,0.36866187094909914,0.7409218402685865,1.8101863252936405,0.2331465899972615,1.5276913680354418,3.502038344477827,1.974346976442385,1.8251388617602347,3.331131864707445,0.5,732.0704701096562,0.6756144944691758,0.601894636156132,1.6302875198579614,0.0425253181175638,10.95812770404128,10.915602385923716,1.7378476775707776,3.0201145504381453,0.5,32789.553053068375,0.669263084252177,1.9588381289463057,0.008504329873966389,1.9176634844064795,1.9892901491680395,0.07162666476155999,1.9588565897074932,3.83711913904047,20.5,0.08528025763862968,0.9013539157334838,0.07026421698189717,0.039970661227028415,0.04155700495704665,0.3639740551454183,0.32241705018837163,0.08083757756764486,0.006534713947005,1.0,11.845862280321402,0.8214864519479648,0.22464226012329513,27.415045447728232,-0.5059872743330254,1.590316858630933,40.78710408612282,3.0135798364911404,0.8500439809620312,64.49526189561261,0.74535557200764,1.2598144646748812,64.21135688240813,1.64517097408159,0.7353707099660219,14.332546885285426,0.6230532904019099,non_chewing,still_01.csv,5932900.0,5934890.0
-0.6509936399999999,0.37691614843649296,-2.495605,2.448242,4.943847,0.7522356693700786,0.5658585022726501,0.5,654.5475884943717,0.8653877837802085,1.14067321,0.39441484499483015,0.23584,3.999878,3.7640379999999998,1.2069376296909464,1.456698441964,0.5,1620.6234759648949,0.7374569679907924,-1.0838476499999998,0.5657942495084741,-2.635254,0.833008,3.468262,1.2226401192449803,1.4948488611873798,0.5,5742.348470914809,0.40449942656663634,-0.57229478,1.7575204512679337,-8.731442,4.681213,13.412654999999999,1.848350467806441,3.41639945184029,0.5,29050.201269525263,0.7290045026185461,-0.59379696,2.5692528265929195,-8.731442,5.550147,14.281589,2.6369783686372834,6.953654916660949,1.0,72209.48029336086,0.6093046135812635,0.466414605,1.4983801151212295,-8.731442,5.315127,14.046569,1.5692946036828186,2.462685553148015,0.5,14623.048703450915,0.8415305254515205,-1.8611841050000002,0.010558724722426239,-1.892578,-1.810059,0.08251900000000001,1.8612140552264307,3.464117759372415,20.5,0.04632334895233143,0.8831101307737911,0.207272945,0.010885926719483968,0.160645,0.245117,0.08447199999999999,0.2075586113113956,0.043080577129515005,20.5,0.12506928994731314,0.8563980498535672,-0.574519015,0.010390382534573738,-0.619629,-0.511719,0.10790999999999995,0.5746129642165977,0.330180058645785,13.0,0.09472743388329326,0.9061088228176074,-0.0312747,0.019679760898445895,-0.089798,0.071412,0.16121000000000002,0.036951317285179426,0.00136539984911,41.0,0.2004963393093865,0.8931690502962423,0.040885979999999995,0.033574660741988144,-0.093262,0.178263,0.271525,0.05290483157992283,0.0027989212045,13.5,0.6823787485141195,0.7683847058960203,-0.008177734999999998,0.08636509282843836,-0.315225,0.292043,0.6072679999999999,0.08675139542967017,0.007525804608994999,14.0,4.245046928116066,0.7630604629353336,1.8503591399785426,0.30590334833391086,1.34192363387005,4.038028599839406,2.696104965969356,1.8754748213249972,3.51740580542403,0.5,742.9481675195727,0.8041161513283237,1.9655327801080076,2.9948991321862812,0.0425253181175638,11.339569048296015,11.297043730178451,3.5822813850463024,12.832739921649255,0.5,124519.96027822647,0.48794687858997987,1.958895576566398,0.010320622864668488,1.9176634844064795,1.9903834287674322,0.07271994436095275,1.9589227639566893,3.837378395147715,20.5,0.07996947438633287,0.8940661770502928,0.09021035516428846,0.05960048224417261,0.03604032885532539,0.3639740551454183,0.32793372629009293,0.10812088448863615,0.011690125662605,0.5,34.398982035734605,0.7554727539104278,0.29558272546924236,29.640008393402038,-0.31997258972368536,2.935298649942109,50.2495788526796,12.82104979598665,1.7378406903694883,89.3059859993891,3.4150340519911797,2.5356781658509315,76.52356776847002,6.9508559954564495,1.4120150222927912,17.349371905356673,2.4551597485390197,non_chewing,still_01.csv,5933400.0,5935390.0
-0.677216795,0.38436177269022603,-2.495605,2.448242,4.943847,0.7786890006515086,0.6063565597356451,0.5,628.3235157643231,0.8727334764363964,1.198475955,0.5389056705848371,0.0625,3.999878,3.937378,1.3140639012246151,1.726763936501655,0.5,3853.1143759755546,0.6149108232513691,-0.404401845,1.237146143499369,-2.635254,2.308594,4.943848,1.3015649936191296,1.694071432614765,0.5,27999.568901594022,0.3213548713774335,-1.7193690949999998,2.693593998264003,-8.731442,4.681213,13.412654999999999,3.1955717348113115,10.211678712324975,0.5,102948.95182236128,0.5415897812001695,-0.09137264499999993,3.147784876324859,-8.731442,7.519038,16.25048,3.1491107614489846,9.916898587873805,1.0,128618.79665726906,0.511559019254573,0.6967780600000001,1.7865822657665966,-8.731442,5.315127,14.046569,1.9176485228657179,3.6773758572490696,0.5,26714.21121277756,0.7767498241332854,-1.862277845,0.014922212288765202,-1.929199,-1.803711,0.12548800000000004,1.862337629002173,3.4683014443974347,14.5,0.07931270104464487,0.7897443373213542,0.207919925,0.015117860142869923,0.144531,0.270508,0.12597700000000003,0.2084688103945168,0.043459244907304996,15.5,0.1893878931121824,0.7633866076686039,-0.574733835,0.010860090021623898,-0.630371,-0.535645,0.09472599999999998,0.5748364312124667,0.33043692264908503,32.5,0.09561346190243965,0.9098417385136954,-0.02942146,0.026256020480613585,-0.099657,0.100723,0.20038,0.03943349997159775,0.0015550009200099998,14.5,0.3460954019618615,0.8972246276076695,0.044858935,0.058837037676371634,-0.139893,0.460447,0.60034,0.07398730331526483,0.0054741210518649995,15.5,2.84788311600686,0.811559519121256,-0.012317225000000001,0.14349771494558503,-0.571828,0.565167,1.136995,0.14402537355030537,0.020743308226305,14.5,11.307700417496942,0.7048270646275598,1.9761774934276581,0.3491624884234323,1.34192363387005,4.038028599839406,2.696104965969356,2.0067864681754424,4.027191928852066,1.0,1170.1600179879908,0.7591857026308864,3.4410016891142927,3.459112680003419,0.0425253181175638,11.664086914717586,11.621561596600023,4.8791344680637625,23.805953157447853,0.5,179882.8582601093,0.4471945198037221,1.9600990564958005,0.01446722772676927,1.9007952721013908,2.020370987143203,0.11957571504181219,1.960152446100513,3.842197611953825,14.5,0.08989889174254981,0.7858443036496595,0.1265361992111948,0.10844823874717756,0.03604032885532539,0.6744144158327281,0.6383740869774027,0.1666506231556906,0.027772430198179997,0.5,113.59957505341387,0.7395569328365293,0.3346952606966631,24.134719866015754,0.18499431689824064,3.3506644412562427,31.89643944395959,23.778180727249673,2.66733797778339,102.58957560811045,10.210123711404965,3.0889478386484877,53.50005711774607,9.91142446682194,1.6430845508210115,12.45024888684866,3.6566325490227647,non_chewing,still_01.csv,5933900.0,5935890.0
-0.6829101700000001,0.4350046852986771,-2.575684,2.448242,5.0239259999999994,0.8096884441075036,0.65559537652123,1.5,640.7749176945209,0.9031582070512966,1.224369515,0.583333986617015,-0.212891,3.999878,4.212769,1.3562297921826652,1.8393592492038349,1.0,3908.5602562037548,0.6792063398727982,0.4007959100000001,1.4231923314489374,-2.635254,2.564941,5.200195000000001,1.4785512415089948,2.18611377376779,0.5,37976.292168472704,0.24307368829900589,-1.307933675,3.2063391580078053,-8.731442,6.534459,15.265901,3.4628458375118587,11.991301294373205,0.5,138927.52157095485,0.5301933392179262,-0.2804091199999999,3.301851267463322,-8.731442,7.699433,16.430875,3.313736722648364,10.98085106702832,1.0,137216.57724931528,0.552030790440396,0.3817847650000001,2.41849118700085,-8.731442,8.731176,17.462618,2.4484401623047445,5.9948592283868845,0.5,50560.313370708565,0.7095185715455643,-1.8516699349999999,0.3655906948149129,-4.0,0.180176,4.180176,1.887415721116616,3.5623381043181555,50.0,79.6062617414052,0.9333945089868043,-0.02049559499999999,0.6167945463348642,-4.0,2.260742,6.2607420000000005,0.6171349785928805,0.3808555818028351,0.5,4544.136929121851,0.6727532771535111,-0.6094628449999999,0.3543532834570339,-2.510742,2.425781,4.936523,0.704990219033055,0.49701120893227496,2.0,917.8757927544369,0.866918691902498,0.566756335,1.494919918841987,-4.239685,6.58642,10.826105,1.5987489818646219,2.555998307013165,0.5,28849.86037968344,0.6370503707085785,-0.23925668500000005,2.343510665417823,-5.992475,8.731176,14.723651,2.3556922549951795,5.549286000244274,2.0,44639.01149440289,0.7920900377634167,-0.774892845,2.249694566456318,-8.731442,6.183528,14.91497,2.379408448244075,5.661584563575276,0.5,43616.309198661795,0.726336373777972,2.1279391949757764,0.391079508512911,1.2156500782618327,4.038028599839406,2.8223785215775736,2.1635776851069743,4.681068399492855,0.5,1202.3669362924686,0.8048354608401633,4.370315261448287,3.1412348058272572,0.04814755803776553,11.677467210503568,11.629319652465803,5.382101038608288,28.96701158978841,0.5,115905.29536493066,0.608997325351847,2.057646566390815,0.45419764736660156,0.5376518878614676,6.1550315563741025,5.617379668512635,2.107179369454168,4.440204895053265,0.5,997.4537651635621,0.8516062867912617,1.661269631753276,3.3176877612950633,0.03604032885532539,13.994729084864058,13.958688756008733,3.7103731444199406,13.766868870832717,0.5,165696.6233767783,0.4734390400125219,-0.06311813885369044,0.8610337609196262,0.2408635044395897,-0.17645295546780648,0.9468144779848336,15.200142718955693,1.7114192391658178,2.1448233564855688,9.43530298736004,0.9583406020454972,1.4089337489209315,5.431565066784046,0.1687966205445317,1.0750309055555116,0.3332746648116087,non_chewing,still_01.csv,5934400.0,5936390.0
-0.6865649450000001,0.3234247424416412,-2.575684,0.524414,3.100098,0.7589301599793586,0.575974987726295,2.5,568.3394146133,0.8784741076722998,1.283781135,0.5567831980798422,-0.212891,3.999878,4.212769,1.3993218115379698,1.9581015322459052,1.0,3677.7154163500163,0.6651589389428938,1.1889404499999998,0.9713402545491964,-1.05957,2.564941,3.624511,1.5352788944533498,2.3570812837539,0.5,16891.698508650457,0.3331707060763546,-1.141562515,3.1859484448470288,-8.731442,6.534459,15.265901,3.384292018853622,11.453432468876324,0.5,140769.17645997097,0.49866141852941404,-0.11941383499999998,3.083813558011896,-8.731442,7.699433,16.430875,3.0861247098209423,9.524165724567395,1.0,138482.191112227,0.5143882755841864,0.4153590599999999,2.333638299883745,-8.731442,8.731176,17.462618,2.3703145072771212,5.618390863408381,0.5,56111.27248859965,0.7157808454701218,-1.4643237550000001,0.7918413084541908,-4.0,0.620605,4.620605,1.6647091989989558,2.771256717231745,0.5,9146.412091683633,0.5582128801372734,-0.45355227,0.8853704010805575,-4.0,2.260742,6.2607420000000005,0.9947815884563305,0.9895904087317001,0.5,11368.387413470453,0.45474270593889227,-0.27490963,0.7180039463758421,-2.510742,2.425781,4.936523,0.7688335136282887,0.5911049716780199,0.5,8304.34954206182,0.4646245165710763,0.9460923049999999,1.800342147648094,-4.239685,6.58642,10.826105,2.0337950973926464,4.136322498178364,0.5,44732.55158452945,0.5670696126450304,-0.11543555500000002,2.516017958549566,-5.992475,8.731176,14.723651,2.5186646730166533,6.343671735102085,2.5,55503.13744872585,0.7665641784420781,-1.2458506200000001,2.380253137110531,-8.731442,6.183528,14.91497,2.6865868242211923,7.2177487640789115,0.5,50275.37358915694,0.7177813825608961,2.1864223140852066,0.33273903918294645,1.2156500782618327,4.038028599839406,2.8223785215775736,2.2115962117271994,4.8911578037261,0.5,646.168286390376,0.8218492363291139,4.160197148137921,3.0477448622673804,0.19076079447045716,11.677467210503568,11.486706416033112,5.157129924371898,26.5959890568521,0.5,123557.37100136052,0.5802265196382624,2.0279645971968363,0.48919494085460385,0.5376518878614676,6.1550315563741025,5.617379668512635,2.0861332885607924,4.351952097641465,1.0,1277.3388520824863,0.8417376049826301,2.5668394280647653,3.333028404903191,0.03604032885532539,13.994729084864058,13.958688756008733,4.206868550045194,17.69774299735936,0.5,170211.2044646532,0.4396542914197007,-0.15645590167165752,0.6801767790191465,0.5392057060846343,-0.28528354263581024,0.914407107297336,8.898246059492742,1.3856062971989338,1.7696349824443331,7.31710997069796,0.5677955994623298,1.2256723158644116,3.18049398946531,-0.04661483722678472,0.9804160168933242,-1.5993579006705305,non_chewing,still_01.csv,5934900.0,5936890.0
-0.640358905,0.25248154231837616,-2.575684,0.524414,3.100098,0.6883360054684522,0.473806456424265,2.5,125.1973153842367,0.9161150964410332,1.2847412200000001,0.4850591181393786,-0.212891,2.439941,2.652832,1.3732597534542546,1.88584235045724,0.5,2958.4373979601173,0.6440987876512445,1.61315674,0.4496073252828321,0.021973,2.564941,2.542968,1.6746406822824442,2.80442141475541,0.5,3313.08640395947,0.5045010405808151,-0.429243045,2.960850071798304,-8.731442,6.534459,15.265901,2.9918025903038616,8.950882739348895,0.5,138656.02865721937,0.47935457196328474,0.517897775,2.01954732208141,-4.343072,7.699433,12.042505,2.0848955588892566,4.346789491476145,0.5,53451.777048337884,0.6016574233813041,0.020024659999999982,1.954322305003119,-7.574462,8.731176,16.305638,1.9544248920950682,3.8197766588408193,2.0,41190.57403893671,0.6989665164206527,-1.1037719950000002,0.8698292711663336,-4.0,0.620605,4.620605,1.4053168959078357,1.9749155779240348,0.5,11270.026954510926,0.4168113317054264,-0.92773683,0.9275730018649158,-4.0,2.260742,6.2607420000000005,1.3119021684284007,1.7210872995271398,0.5,13404.685633147825,0.42811238647552535,0.15932864500000002,0.9180187526421064,-2.510742,2.425781,4.936523,0.9317424790789056,0.868144047320105,0.5,14572.339199181895,0.3279060315117461,1.181657135,1.7710327913553963,-4.239685,6.58642,10.826105,2.1290539525226917,4.532870732752495,0.5,40904.57961946654,0.6311376218134528,-0.25116752500000006,2.647854895279218,-5.992475,8.731176,14.723651,2.659740715195514,7.074220672068745,2.5,64392.69476876451,0.7341414539058291,-0.9849252449999999,2.6525941963692197,-8.731442,6.183528,14.91497,2.829546555342388,8.006333708849974,0.5,70582.78051871959,0.6754521771612606,2.262201350857479,0.21567398965919057,1.2156500782618327,3.7200594684011437,2.504409390139311,2.2724590692984803,5.164070221636916,0.5,107.94309683368323,0.9108963148204119,3.0560396857504446,2.7889192044202686,0.19076079447045716,11.677467210503568,11.486706416033112,4.137323880199115,17.11744888966586,0.5,114096.11594260369,0.5419325177285905,2.076186040132541,0.5035855950382588,0.5376518878614676,6.1550315563741025,5.617379668512635,2.13638641747491,4.56414692477128,1.0,1447.206131310452,0.8368998849876267,3.1534413192511748,3.109539026883345,0.05899732038830238,13.994729084864058,13.935731764475756,4.428704676727859,19.613425113671216,0.5,135512.63111359437,0.5191373321581532,-0.2879116053790683,0.42827672551436907,0.5999232968656356,-0.3206198224630761,0.8968915264638342,-2.495976224005357,1.1898172804429081,1.6718211465369448,4.4180120065964,-0.6283075731978078,0.7627107231903082,-2.7274311805925997,-0.6982718913661001,0.7367588708737014,-4.186557050009155,non_chewing,still_01.csv,5935400.0,5937390.0
-0.6707617349999999,0.24828503619788442,-2.575684,0.524414,3.100098,0.7152389561118682,0.5115667643399949,0.5,201.3675335499854,0.9206896908991963,1.3904028449999999,0.3395568628635283,-0.212891,2.31543,2.528321,1.431264802369504,2.0485189345018155,0.5,874.8728540867506,0.7590490183144609,1.5591992249999997,0.3111796951401784,0.89502,2.564941,1.669921,1.5899481205083816,2.527935025908135,0.5,1373.1171617419104,0.49331570297000155,0.783422335,1.2542507238213667,-2.686741,6.534459,9.2212,1.478815550764623,2.1868954331832753,1.0,8430.064539516054,0.7642401381225499,0.08562372,1.1957619960267938,-4.343072,7.699433,12.042505,1.1988236619989698,1.4371781725686201,2.5,15447.824710193589,0.698735811466094,-0.19346772999999998,1.6112206974271486,-7.574462,8.731176,16.305638,1.6227944720046898,2.63346189836898,2.5,26244.846252325482,0.7479151185412501,-0.7110620400000001,0.7919766051964214,-4.0,0.620605,4.620605,1.064347766431353,1.1328361679074102,0.5,8769.836761064995,0.5475248851116977,-1.359519055,0.6715780240856694,-4.0,2.260742,6.2607420000000005,1.5163472898194876,2.299309103342905,0.5,5158.626879949929,0.6947554752195235,0.63346682,0.9081742735958488,-2.510742,2.425781,4.936523,1.1072762632975839,1.2260607232622602,0.5,14163.01997427867,0.41261476155178334,1.2428262749999999,1.7447514185710495,-4.239685,6.58642,10.826105,2.142142540177022,4.588774662436065,0.5,38145.51998333728,0.646542079424831,-0.45635161,2.7645154772170253,-5.992475,8.731176,14.723651,2.8019283744810592,7.8508026157220705,2.5,71578.0380259045,0.7156388247530593,-0.8281600450000001,3.048831574916549,-8.731442,6.704995,15.436437,3.159307365917809,9.981223032342525,0.5,107331.7923179775,0.6407314290779326,2.2466559324900546,0.2013897856327083,1.2156500782618327,3.7200594684011437,2.504409390139311,2.2556641427193775,5.088020724749945,0.5,113.85441175807136,0.9194319832977257,1.7153679493074043,1.8207274102978144,0.17983785234482758,11.677467210503568,11.497629358158742,2.501506646827243,6.257535504120876,0.5,33942.88192836846,0.634726608755169,2.0990439235595364,0.5022156921884885,0.5376518878614676,6.1550315563741025,5.617379668512635,2.158287745995092,4.658205994512575,1.0,1376.5423541328644,0.8453835932587811,3.7587171613380135,2.8797301282522585,0.07350379703797622,13.994729084864058,13.921225287826083,4.735060750455126,22.420800310500663,0.5,99101.26491597101,0.6032808505675469,-0.3008259065557804,0.40100257472067175,0.4298147302373696,-1.0590027179544446,0.6322562633335488,-16.163264806379786,-0.49050069474968194,0.718870728787599,-2.4018792292527897,-1.5687534811902324,0.4325394471043221,-6.41362444315345,-1.4376108774894003,0.5284715333844738,-7.347761133973545,non_chewing,still_01.csv,5935900.0,5937890.0
-0.722680675,0.13972224117598234,-1.128906,-0.151855,0.977051,0.7360636267998133,0.5417896626976949,0.5,148.439285853538,0.70636646328036,1.5304809600000002,0.18403157481513438,0.716797,1.746582,1.029785,1.541505624203642,2.37623958945146,0.5,456.73281698265856,0.5304243045504684,1.35791993,0.24569999997687242,1.055176,1.915527,0.8603510000000001,1.3799692120767912,1.90431502627984,0.5,1097.056828044086,0.3222984558180814,0.430603345,0.4933279232358898,-1.716818,2.043767,3.760585,0.6548218693426671,0.42879168056942496,0.5,1593.4474049431967,0.7306760603332473,0.19431912499999998,0.6010148232922374,-1.861507,2.314493,4.176,0.6316476392402374,0.398978740157765,0.5,3992.084162863302,0.6189023819868357,0.05248379500000001,0.5825766675708381,-1.49592,2.889519,4.385439,0.584935998495173,0.34215012233554504,1.5,3818.589814436515,0.6202377202791806,-0.3801221,0.3014958538946266,-1.229004,0.620605,1.849609,0.48517271236546267,0.23539256082406,1.0,947.2385133065528,0.7330581978117298,-1.5160840100000001,0.314543738377622,-2.668457,-0.047363,2.6210940000000003,1.5483696227743071,2.39744848873025,2.0,1366.8526609721005,0.6072155534591589,1.1885229800000001,0.36515711746200374,-0.076172,1.626465,1.702637,1.243352964536314,1.5459265944212401,0.5,2009.4951928663183,0.5429124343025943,0.636757405,1.277133378875668,-2.804784,4.155216,6.960000000000001,1.4270703066985575,2.0365296602607152,1.5,23005.763620228598,0.5703087176161505,-0.23109623,1.509258260449618,-5.110484,4.117645,9.228129,1.5268483763149567,2.33126596425562,3.0,29205.12500569539,0.5989402313297425,0.06246281,2.1060910921208715,-5.704962,6.704995,12.409957,2.1070171548765284,4.43952129094398,1.5,66883.66745449178,0.5588748942649021,2.194643330952725,0.07671328655273976,1.8732153237399058,2.6209465849032485,0.7477312611633427,2.195983669891239,4.822344278428995,0.5,39.87343629084657,0.8680686328020994,0.9014158342142216,0.5978043466642027,0.17983785234482758,4.055379158430812,3.8755413060859842,1.081628653033348,1.169920543062735,0.5,4780.158593113001,0.6182728229221859,2.030765543962585,0.23400630211576848,0.8495844227208972,2.9025146982220433,2.0529302755011463,2.044203425292001,4.17876764397555,2.5,523.113429944866,0.7523560913887214,2.3527414711103067,1.8088461752117078,0.12176174397568391,8.434766801418164,8.31300505744248,2.9677124044388656,8.807316915460314,1.0,40633.32805817957,0.5578939668087266,-0.15729301556302855,0.32782572887625877,0.6435766344534448,-1.2110418285475053,0.3304893223406547,-7.637396372397578,-0.7838054556397782,0.38627752699580525,-1.6077379796912903,-0.9082434371573805,0.39821867406125117,-1.932287224097855,-1.5235144245500334,0.27661513300650875,-4.097371168608435,non_chewing,still_01.csv,5936400.0,5938390.0
-0.7684399300000001,0.06923269422306992,-1.024414,-0.533203,0.49121099999999995,0.7715523909416586,0.59529309196779,0.5,65.95178637127809,0.6179066696093546,1.63217287,0.09039515187410828,1.331543,1.787598,0.4560550000000001,1.6346741452186668,2.6721595610463793,0.5,105.68767905056156,0.656387866778535,1.1857934499999998,0.17534476410579672,0.929687,1.633789,0.7041019999999999,1.1986875707882434,1.4368518923622198,0.5,540.3319045023578,0.4291250859410839,0.41299020999999997,0.316984342290571,-0.294441,1.331779,1.62622,0.5206150082481583,0.27103998681323,2.0,1306.9003401165392,0.6228018524099308,0.10737109499999999,0.4592160228755046,-0.676548,1.265963,1.942511,0.47160142886456036,0.22240790770709498,0.5,3762.0732720676233,0.4048729172469077,-0.0008087099999999924,0.3173379942947675,-0.902775,0.90464,1.807415,0.31733902475883735,0.10070405663489,1.5,1609.1884583602246,0.5036582583366347,-0.43129882500000005,0.20185096252476573,-1.167969,0.230957,1.3989260000000001,0.4761958499593996,0.22676248751855504,0.5,272.26418663283994,0.8341648070744433,-1.468339865,0.25814101890053576,-2.668457,-1.002441,1.6660160000000002,1.4908583919297047,2.222658744787225,0.5,990.3268725018081,0.5707719233761321,1.3715844950000002,0.21662614269388167,0.350586,1.626465,1.275879,1.3885859399485634,1.928170912622835,0.5,719.1113709089777,0.5533290582263224,0.218052955,0.6498020275025178,-0.591547,2.979584,3.5711310000000003,0.6854121140821886,0.46978976613061507,0.5,5158.593666810651,0.5572077588609865,-0.370492095,1.1837397219776,-5.110484,3.560738,8.671222,1.240364511684003,1.538504121845095,3.0,18308.61755466774,0.5715760821150755,0.537831895,1.6107408810575503,-3.32785,6.704995,10.032845,1.6981605734409644,2.883749333189345,2.5,38896.494926761276,0.5361362988506073,2.1683816985849345,0.04924788948071636,1.9698287865842554,2.338231734259246,0.3684029476749904,2.168940881023821,4.70430454537639,0.5,25.029144275647667,0.7556166943049468,0.6706178945669581,0.38003103905049046,0.07396593243514206,1.8674669609203265,1.7935010284851844,0.7708125265946416,0.594151951155215,1.5,2152.278915294996,0.5950254683318972,2.0878788999165936,0.13547636034264543,1.746474241462782,2.9025146982220433,1.1560404567592613,2.0922696157351743,4.377592144928615,0.5,105.2508619110198,0.8557398584243668,1.4840841535433258,1.6399809286594296,0.0785472431152106,8.434766801418164,8.356219558302953,2.2117963787756447,4.892043221165055,0.5,34600.529649503995,0.519718878694516,-0.08622847086192904,0.3635164788613977,0.32671240044777505,-1.259949889608939,0.23172893806828562,-4.29789127000984,-0.3328176852119469,0.48781679476883877,-0.19874977931738508,-0.7245236991020952,0.38793665055720283,-1.316096214138,-1.2934028867627834,0.19701368359534988,-2.783045276554455,non_chewing,still_01.csv,5936900.0,5938890.0
-0.814555655,0.12270836833625477,-1.435547,-0.344727,1.09082,0.8237464772320577,0.678558258752225,2.0,108.72727304420482,0.8608821387074117,1.6568042250000001,0.15347647600233197,0.587891,2.499512,1.9116210000000002,1.663897613636111,2.768555268663945,1.0,106.33411039103659,0.9027872795677352,1.1261303649999999,0.1827375664540594,0.730469,1.877441,1.1469719999999999,1.1408604722614353,1.301562617168585,0.5,476.0117202619263,0.6092968911492278,0.216426175,0.744027447883957,-3.933253,2.443461,6.376714,0.774865880284998,0.600417132429845,2.5,6195.0896049683515,0.6092438350887849,-0.17961565499999999,0.7217162347398289,-3.292943,2.463446,5.756389,0.7437312061545589,0.553136107008115,1.0,5620.737597537308,0.6435685130063207,0.080992585,0.8520461548695955,-1.812744,3.708891,5.521635,0.855886936956655,0.732542448853045,2.0,10895.129701359343,0.6073041631494394,-0.4384057800000001,0.1680625999053674,-1.265625,0.151855,1.41748,0.4695153516386445,0.22044466542435998,0.5,326.10047608367495,0.6049188442744938,-1.4183349950000002,0.17913772542439232,-1.989258,-1.079102,0.910156,1.4296029108503783,2.043764482711875,0.5,439.85117119415537,0.5630561060564157,1.42488527,0.1269883374447319,1.02832,1.645508,0.6171880000000001,1.4305327925321916,2.0464240705099503,0.5,240.98012320416524,0.5083681794311362,-0.272340625,0.7236805786399165,-3.364089,1.315525,4.679614,0.7732289414694686,0.597882995925995,1.0,8610.309946024232,0.5035670322256517,-0.43233805000000003,1.1340494045349336,-5.110484,1.899877,7.010361,1.213665621744243,1.4729842414038399,1.5,17110.891295360012,0.5132296282487525,0.17173510999999997,1.802801493971668,-4.746496,6.704995,11.451491,1.8109627756177624,3.2795861746731902,1.5,47558.73271693897,0.5067029935676887,2.1743475365222587,0.1445300487938031,1.610788912989843,3.280116702534378,1.6693277895445349,2.1791457373440526,4.7486761445847545,0.5,101.9511537426406,0.8884186526147775,0.922794118782306,1.017126689568115,0.07396593243514206,4.407238819581031,4.333272887145889,1.3733519899468618,1.8860956882910052,0.5,14472.391089602634,0.5312803335269787,2.0736220063144093,0.10356154486482248,1.77791056280399,2.627808866959125,0.8498983041551349,2.0762064489462952,4.310633218646185,3.5,79.0487046757123,0.7167350443802706,1.4818242313023502,1.7761335421437838,0.0785472431152106,8.434766801418164,8.356219558302953,2.313104712719038,5.3504534120030245,0.5,42826.82849774599,0.4828551198458503,0.04096850392898063,1.39559572023048,0.43804292593856964,-0.759006852575669,0.5726634092729583,-3.4643577237120193,0.02034686924404061,1.0281158149667087,0.0025341365038499264,-0.41233316979510515,0.6364063433689644,-0.9198481343957249,-0.9507553391020718,0.47262339071646353,-2.5470437258201453,non_chewing,still_01.csv,5937400.0,5939390.0
-0.574147945,0.4848198296319695,-1.435547,1.227051,2.662598,0.7514626603844632,0.5646961299520951,0.5,4067.1686903271866,0.39021014795021675,1.69505373,0.21293298807542033,0.587891,2.499512,1.9116210000000002,1.708375721262053,2.9185476049976398,1.0,274.44828071669286,0.8468959604013563,1.04016846,0.336844756874036,-0.183594,1.877441,2.061035,1.0933502711447507,1.1954148154122999,1.0,1767.5074358729898,0.5674351866787215,0.585164935,1.9279016265347282,-3.933253,8.731176,12.664429,2.0147512706904553,4.059222682748805,2.5,54605.578017316395,0.5762429408445009,-0.12409421500000002,1.0638355600948854,-3.292943,3.440031,6.7329740000000005,1.071048772521058,1.147145473118865,1.0,8537.770980399224,0.698974564441486,0.42932831500000007,1.4400656015102733,-2.667289,4.15868,6.825969000000001,1.502701480239467,2.258111738713885,1.0,34713.12979784774,0.4643889028693425,-0.25342284,0.5015700473609587,-1.265625,1.639648,2.905273,0.5619569807764114,0.31579564824334,0.5,3908.857748774158,0.4556188923140388,-1.4016089100000002,0.26769696818989547,-2.68457,-0.380859,2.303711,1.4269440084913807,2.03616920336945,0.5,235.736657105518,0.85095098844517,1.4146191349999997,0.2172669277492706,0.38916,2.13916,1.75,1.4312065591666896,2.048352215001755,0.5,299.09334857158825,0.7721865003297523,-0.19964565999999997,1.1318532299630482,-3.871167,3.588717,7.459884,1.1493259432095928,1.32095012373462,1.0,14564.898619800457,0.6236517269322752,-0.0015815000000000002,1.381604721383229,-4.648705,5.103289,9.751994,1.3816056265413368,1.90883410729068,1.0,22137.448941695846,0.6385247993707124,-0.4368039,2.076397526373519,-7.989877,8.731176,16.721052999999998,2.121844559477739,4.50222433458528,1.0,51281.71119626137,0.6412030701878236,2.1546039778540274,0.19063118574262147,1.4851888148020103,3.280116702534378,1.7949278877323676,2.163020700400723,4.678658550362035,2.0,193.75826426962138,0.8697080710593866,1.8647041402289408,1.9968370899987313,0.07396593243514206,9.244216813250379,9.170250880815237,2.7321200366348393,7.464479894581555,0.5,67106.73680029236,0.38862251291824934,2.0919177159301228,0.15555493046587204,1.5201549672086068,2.964543707916785,1.4443887407081784,2.097693272767624,4.400317066614545,2.0,113.87198075205674,0.8748663424093696,1.8595032124788287,2.067427475968987,0.0785472431152106,9.676752018153921,9.598204775038711,2.7806489468486633,7.73200856561058,0.5,65580.84408482468,0.423482282177769,0.0350762552767494,1.2254911186144946,0.27834148374748935,-0.07059038597025502,0.9658559312039858,-0.2675286710290248,0.7960483965716803,1.7033141537243914,2.7382725590141854,-0.317769161288344,0.7699999454473483,-0.761688634171815,-0.636331924863246,0.6935404146938011,-2.244112595871395,non_chewing,still_01.csv,5937900.0,5939890.0
-0.32029294500000005,0.590925664703702,-1.435547,1.626953,3.0625,0.6721463470274052,0.451780711822285,0.5,5785.5599952861885,0.4034145199621279,1.76781742,0.27426252605159823,0.587891,2.909668,2.321777,1.7889657245603283,3.20039836365166,0.5,440.95445465722446,0.834600274962395,0.7410229300000001,0.5959369629386694,-0.437012,1.877441,2.314453,0.9509236807348684,0.9042558465823499,0.5,6287.176576148369,0.34875145322978107,0.6014684400000001,2.224987645748148,-7.827602,8.731176,16.558778,2.3048501704119335,5.3123343080479195,2.5,66751.64957209534,0.5949359974898379,-0.184495915,1.7551264038645984,-8.731442,3.440031,12.171472999999999,1.7647967124273451,3.114507436194365,3.0,25977.248779968122,0.6958086106256505,0.5808841749999999,1.8284643272785346,-8.731442,4.15868,12.890122,1.9185171932759881,3.6807082208955753,1.5,41328.607370166275,0.6517064444140998,-0.058671859999999965,0.5323231653458925,-1.265625,1.639648,2.905273,0.5355467668838362,0.28681033951973,0.5,4403.843509096392,0.43394540275845606,-1.469377475,0.305065419682237,-2.68457,-0.380859,2.303711,1.5007115226862473,2.2521350743232746,4.5,277.9644539582788,0.8512107977952549,1.3746484399999996,0.23155472193785295,0.38916,2.13916,1.75,1.394014319455202,1.9432759228461498,1.5,324.3698716548086,0.8174396626384657,-0.53657951,1.2976380366765454,-3.871167,3.588717,7.459884,1.4042015684301168,1.9717820447816001,1.0,21795.371078972687,0.5752713865681195,0.29425712000000004,1.6590092951222533,-4.648705,8.731176,13.379881,1.6849032892046742,2.83889909397273,0.5,30692.74661523658,0.6515793498098644,-0.7652442399999999,2.203955348567655,-8.731442,8.731176,17.462618,2.333027630640741,5.443017925333149,1.5,53478.09381469835,0.6767585662223448,2.1218782415929978,0.23252451464416238,1.4851888148020103,3.280116702534378,1.7949278877323676,2.1345807368324805,4.556434922056295,0.5,331.7751198926986,0.8376311932552402,2.549298539251026,2.3682539819264417,0.07396593243514206,14.441834853662087,14.367868921226945,3.479590488137629,12.107549965137862,0.5,63451.24248620715,0.647789101232065,2.1086786112936697,0.18893345643838533,1.5201549672086068,2.964543707916785,1.4443887407081784,2.11712572529105,4.482221336689155,2.0,120.65750421364544,0.9125040855482724,2.3907749744681372,2.130233340632983,0.0785472431152106,12.416942277491872,12.338395034376662,3.2021397633594133,10.25369906408748,0.5,53724.560449965684,0.5283694359611928,0.04359105820577697,1.2307217526610634,0.07421358536713996,0.23802064129345846,1.1117345394766625,1.8538509010503823,0.9273496090716027,1.7146442866661729,3.3405522632663196,0.09611710874234514,1.0579364497986505,0.2756083422216351,-0.3754910212891196,0.8296285714076964,-1.7623097044375737,non_chewing,still_01.csv,5938400.0,5940390.0
-0.09175537000000002,0.6361079464578894,-3.247559,1.802734,5.050293,0.6426915025661301,0.41305236747071,0.5,4856.006267812842,0.6873484203079735,1.8190155149999998,0.40102562619427423,0.238281,3.999878,3.7615969999999996,1.862696700130009,3.469638996675225,0.5,544.5361240674007,0.8884356180320274,0.4872021350000001,0.6659147082913522,-1.26416,1.877441,3.1416009999999996,0.8251110949849815,0.6808083190673151,0.5,7599.534142357826,0.29572192828604793,0.535838725,2.5421357514528995,-8.731442,8.731176,17.462618,2.597994864895738,6.749577318024625,2.5,73244.53750166677,0.5905060274119768,-0.13374147,2.156854020256329,-8.731442,4.132566,12.864007999999998,2.1609965399078384,4.669906045493649,3.0,33108.508649881594,0.7033858594147858,0.627529775,2.0457047082904523,-8.731442,7.514508,16.24595,2.1397900298938857,4.578701372033276,1.5,46010.498801420006,0.6963151976908802,0.18085693,0.49148337917891494,-1.265625,1.639648,2.905273,0.5237032949468143,0.27426514113815,1.0,3382.015561206328,0.5625675263428085,-1.544458025,0.3052010824053781,-2.68457,-0.380859,2.303711,1.5743247097369446,2.478498291688315,4.5,211.90816142172116,0.8667426356436899,1.27843262,0.24760982711658597,0.38916,2.13916,1.75,1.3021906889410513,1.69570059036477,1.0,425.43194475107236,0.7959720382097208,-0.493091505,1.3397780684548617,-3.871167,3.588717,7.459884,1.4276359847719604,2.038144505015805,1.0,23566.254117762524,0.5461278191979403,0.308540835,1.680495506523203,-4.648705,8.731176,13.379881,1.7085849684189474,2.9192625943071757,0.5,30512.72533052486,0.656582285743802,-0.8447420099999999,2.232989454352682,-8.731442,8.731176,17.462618,2.3874318768729568,5.69983096670913,1.5,53592.63378043281,0.6847882446396136,2.094945689004393,0.4179739744710899,0.37218014114807363,5.288204962953024,4.9160248218049505,2.1362349316527083,4.563499683213251,6.5,392.578429647008,0.9227874854611549,3.201855478050105,2.3971454343097505,0.10326485718287708,14.441834853662087,14.33856999647921,3.9997730855076705,15.998184735551552,1.0,54790.19118016177,0.6795380897983408,2.10029238387068,0.1929661251257634,1.5201549672086068,2.964543707916785,1.4443887407081784,2.1091382181334715,4.448464023191235,2.0,139.17680855510838,0.9028757583953512,2.6149406238700657,1.9543089826499136,0.17804811774910737,12.416942277491872,12.238894159742765,3.2645425508074037,10.657238066032109,0.5,40305.452267050925,0.6165200519315066,0.22500784934532672,2.166048440878836,0.11503566002201548,0.4428364516598373,1.226594901620613,5.340946669519443,1.2023576829980378,1.8974304859197257,4.71143281300882,0.47635851373312565,1.283463128514202,1.7506434511864732,-0.18728474606223067,0.9161282442704046,-1.1211295946758542,non_chewing,still_01.csv,5938900.0,5940890.0
0.172045895,0.44708179248636815,-3.247559,1.802734,5.050293,0.47904271120556147,0.22948191915917499,10.5,794.150360998216,0.8989828758314439,1.898910535,0.365936138235456,0.238281,3.999878,3.7615969999999996,1.9338486179638428,3.739770477200665,13.0,268.36538320533,0.8997850440726679,0.13322019999999998,0.5386226054022519,-1.26416,1.662598,2.926758,0.5548530731088636,0.30786193273834994,1.0,4621.929567913711,0.5203841261588479,0.830539545,2.432026569915956,-8.731442,8.731176,17.462618,2.569931744732917,6.604549172585974,2.5,67328.44327075456,0.6068509117541325,0.21012035499999995,2.1140628420712,-8.731442,4.132566,12.864007999999998,2.124479292394135,4.513412263811485,3.5,26218.14418548337,0.6801877302680822,0.45625305,1.9381867241777733,-8.731442,7.514508,16.24595,1.9911641377378386,3.9647346234132703,3.0,35108.01177538225,0.7472663956832426,0.38764407000000006,0.31610162048421253,-0.579102,1.639648,2.21875,0.5001881240882374,0.25018815947891004,1.0,634.9889158822119,0.8168459216231243,-1.59939454,0.3055429534526994,-2.68457,-0.380859,2.303711,1.628317963724042,2.65141939098641,4.5,264.3062664134241,0.8682105353513152,1.1963257100000002,0.2497175388008938,0.38916,2.13916,1.75,1.2221104915644003,1.4935540535917802,0.5,532.9054288676418,0.7305906190616145,-0.26405230500000004,1.2299571424284148,-3.871167,3.588717,7.459884,1.257981793185611,1.5825181919864852,1.0,16974.705695444227,0.606873539105699,0.5075656900000001,1.4469973083439802,-3.914067,8.731176,12.645243,1.5334354045801537,2.3514241400199,3.0,16356.99044780812,0.7252391792931789,-0.7057511949999999,2.0392337608249247,-8.731442,8.731176,17.462618,2.1579061797335153,4.656559080532094,2.0,33302.64835976164,0.7347799383833755,2.029662051537869,0.39697139146955873,0.37218014114807363,5.288204962953024,4.9160248218049505,2.068118548124887,4.27711432909819,13.0,230.0065930137179,0.9183079196724644,3.084623629692711,2.3596171560132575,0.5213565756092465,14.441834853662087,13.92047827805284,3.883644687636953,15.082696059810727,1.0,51095.013580865365,0.687193264013238,2.088363681550634,0.1841160982570022,1.3639228611219185,2.964543707916785,1.6006208467948666,2.096464071730565,4.3951616040571,0.5,90.10711025591527,0.9149767146395458,2.2598587216537265,1.8664243811909613,0.37153977391121934,12.416942277491872,12.045402503580652,2.930955716577526,8.59050141253848,0.5,35549.338879385774,0.6279349848670822,0.21285529321255658,2.1560927872555617,-0.11804727495891054,0.4931927748222962,1.2642447129347887,6.492194647272248,1.202069427487541,1.977326270990376,5.022030980599489,0.6670655337272198,1.4609998442157743,2.1619881237915854,-0.10104703664715187,0.9504485269965932,-0.6918244571188241,non_chewing,still_01.csv,5939400.0,5941390.0
0.18250731,0.40157022035798906,-3.247559,1.802734,5.050293,0.4410981297645684,0.1945675600818,2.0,436.88106515754174,0.9205127182284845,1.9092621000000003,0.33807175122004796,0.238281,3.999878,3.7615969999999996,1.9389621645275599,3.7595742754694,13.0,192.14855290412797,0.9021348192587356,-0.18158937000000003,0.2648214553621045,-1.26416,1.191406,2.455566,0.3210998326332482,0.1031051025171,0.5,684.1861806366448,0.7359414762118844,0.38620003999999997,1.7252849514257662,-8.731442,4.07128,12.802722,1.7679815141884854,3.1257586345122097,1.0,29962.412359606595,0.6933406126005547,0.09279958500000003,1.9774773991456294,-8.731442,4.132566,12.864007999999998,1.9796536634239672,3.9190286271079344,3.5,26430.86942998344,0.6931662926865899,0.059627659999999985,1.5752343270134397,-8.731442,7.514508,16.24595,1.5763624719075748,2.4849186428385597,3.0,16344.142629780476,0.7586423095833605,0.367277835,0.1758610887911188,-0.20459,1.051758,1.256348,0.40721017992320013,0.165820130633085,0.5,149.20833367509763,0.8507612573891788,-1.6603247449999998,0.20131456018904836,-2.510742,-0.539551,1.9711910000000001,1.6724849210092823,2.797205811003425,0.5,70.59031842423255,0.9075281129799944,1.150961935,0.16910361424402134,0.853027,1.950684,1.097657,1.1633182746649064,1.3533094081693349,0.5,329.1021858803889,0.6416438916595539,-0.34823049000000006,0.8542765876723182,-3.007029,1.470606,4.477635,0.9225253180323563,0.8510529624107,1.0,9548.742242497961,0.5758810731610171,0.24178537500000005,1.0774573281946365,-3.088567,8.731176,11.819742999999999,1.104252897503201,1.219374461644215,0.5,9885.340874379068,0.7363059523907038,-0.15694908,1.261036625192561,-8.731442,2.760018,11.49146,1.2707660617870977,1.6148463837898899,0.5,13103.615974425338,0.7340978627513838,1.978332168196377,0.3787463139724559,0.37218014114807363,5.288204962953024,4.9160248218049505,2.014260891262177,4.0572469380683,13.0,160.81961241129682,0.9276237961665428,2.1457139299302863,2.219373252826534,0.21080016360762152,14.441834853662087,14.231034690054466,3.0870221742738915,9.529705904458705,0.5,47048.42428096282,0.6603573471137683,2.0716748905588873,0.15651995921820086,1.3639228611219185,2.9911520231583015,1.627229162036383,2.077579204219624,4.316335349805845,4.5,39.001111129780604,0.901249582121283,1.46020028676241,1.2462298866516486,0.14755592555028077,12.416942277491872,12.269386351941591,1.9197066983903572,3.6852738078448057,0.5,14482.577020947625,0.7463961795495077,0.22222635475425503,2.4197956341430835,-0.2590884117375456,0.9731433661748858,1.7808698672678385,5.844432096613899,0.8710083637534478,2.0195859003074395,2.2747056721015095,0.9000200709509933,1.8353185294670065,2.6996541654637194,0.3141977018208799,1.249158268319845,0.8700722590486698,non_chewing,still_01.csv,5939900.0,5941890.0
0.18738034499999998,0.3542942629204232,-3.247559,1.802734,5.050293,0.4007939850230352,0.16063581843064498,4.5,207.92103818570268,0.9544125759257456,1.8823382500000003,0.30779038115177915,0.238281,3.999878,3.7615969999999996,1.90733641661418,3.6379322061426205,13.5,211.54589319231889,0.9197234465745914,-0.25831299,0.2579726013974738,-1.26416,1.191406,2.455566,0.36506912205022213,0.13327546387451997,0.5,766.3389266921873,0.6475586996795887,0.31672395,1.3238061648383035,-8.731442,4.07128,12.802722,1.3611674483940248,1.8527768225675,2.5,17759.24958429976,0.7284219108492351,0.23668395999999994,1.3678309822245502,-8.731442,4.132566,12.864007999999998,1.388157373230665,1.9269808928546595,3.5,8917.979303962371,0.8013317618748887,-0.002483399999999998,1.0198926500169272,-6.46358,7.514508,13.978088,1.0198956735049474,1.04018718483411,1.5,5756.0657819903045,0.8612615220322755,0.35686278,0.14217551414832863,-0.20459,1.051758,1.256348,0.3841417974819585,0.14756492057267,0.5,151.17411388002802,0.7853565850747761,-1.6940136849999998,0.15287324062927354,-2.510742,-0.539551,1.9711910000000001,1.700897584414704,2.8930525926677753,3.5,38.24148510998565,0.919767412896413,1.078735375,0.08119942080738246,0.853027,1.59082,0.7377929999999999,1.08178711178117,1.1702633552158452,1.0,34.78347366676165,0.8774146771666875,-0.039449745,0.47068803344352195,-1.660328,1.470606,3.130934,0.4723383397602771,0.22310350720749497,1.0,1988.2830096939922,0.6932703077531299,0.0002997750000000021,0.5196893171038388,-1.568398,2.084802,3.6532,0.5196894035641915,0.270077076176905,3.0,1664.8136606305056,0.7449480854969754,0.06910569999999999,0.7657388594623953,-3.011825,2.760018,5.7718430000000005,0.76885082991648,0.59113159866326,1.0,4218.933688381533,0.7467215518666359,1.949862877305055,0.36038624856594814,0.37218014114807363,5.288204962953024,4.9160248218049505,1.9828876641019744,3.9318434884477846,13.5,176.98213767613532,0.9454952836991294,1.36945946122365,1.71596202881104,0.04267780090398286,11.7576346598005,11.714956858896517,2.195437291351377,4.819944900256271,0.5,27455.797146821642,0.7120313913639063,2.0492998864880985,0.10606999432524183,1.3639228611219185,2.9911520231583015,1.627229162036383,2.0520430961498564,4.2108808684562895,27.0,2.456444198122095,0.9214630233579035,0.8829415420573009,0.5520203033921266,0.07233653280327997,3.0496341849221853,2.977297652118905,1.0413031172754936,1.0843121820476602,2.5,2552.1722158999614,0.7800795821982277,0.25431625424070625,3.3976267356147654,-0.27903738000850487,1.1639417254189128,3.1085125280113273,3.7356327182086106,0.8531181313947813,2.8124916521744283,1.6296733153600051,0.8481416651207114,2.6320167400155436,1.6569038166777545,0.25415379055453147,1.33190661204391,0.44905558617084995,non_chewing,still_01.csv,5940400.0,5942390.0
0.22122067,0.08082195250729285,-0.098145,0.544922,0.643067,0.2355223404315183,0.05547077284234,1.5,28.8841659708306,0.8232564025005343,1.864077155,0.09960943754198683,1.461426,2.375488,0.9140619999999999,1.866736639121953,3.4847056798403253,0.5,57.162049135575515,0.809964516192944,-0.36095213000000004,0.12440717357637822,-0.484375,0.196289,0.6806639999999999,0.3817899749715804,0.1457635849888,0.5,251.63644928443037,0.5254991594230688,0.310973685,0.520571878777077,-0.488426,2.070147,2.558573,0.6063824813894074,0.367699713735975,0.5,4444.325822414007,0.45855875298461635,0.22888059500000002,0.5546482039174571,-1.302202,2.110383,3.412585,0.6000174638095253,0.360020956876415,0.5,4179.38976898735,0.5291571240437738,-0.05449556999999999,0.3652783126446396,-1.346435,1.219332,2.565767,0.36932101597139044,0.13639801283814001,0.5,1607.680271872831,0.6164347585274066,0.30951657,0.11455176889566177,-0.079102,1.051758,1.13086,0.3300342631632207,0.10892261486169001,0.5,94.60422310745322,0.7830137264365895,-1.7222241350000003,0.1367723233271146,-2.510742,-0.539551,1.9711910000000001,1.7276465609622806,2.9847626396047953,27.0,20.940830239148546,0.9152696343717853,1.06150637,0.05549542609804073,0.880371,1.466797,0.5864259999999999,1.062956027250601,1.12987551586838,0.5,20.810660688876926,0.8485982750487701,-0.04116578999999999,0.3768853986241917,-1.660328,1.470606,3.130934,0.37912692592645014,0.14373722596244,1.0,1260.4874342021392,0.7398635110147579,-0.0012923399999999986,0.4345086038852215,-1.568398,2.084802,3.6532,0.4345105257562353,0.18879939699296,3.0,1448.3085253442457,0.7456904698618538,0.1341239,0.5627365406240828,-1.78743,2.760018,4.547448,0.5784994681974824,0.33466163470477,1.5,2082.1717762302833,0.784561631441887,1.9176095499065458,0.09334694306017603,1.501676830919356,2.382134954359429,0.880458123440073,1.919880214406999,3.685940037671465,4.0,32.972530074347155,0.8365096192627602,0.6377582300500022,0.6763010597759096,0.04267780090398286,2.732765847385575,2.690088046481592,0.9295798424291105,0.8641186834505299,0.5,7746.136398543938,0.36878902208026804,2.052581300543287,0.10232680486994591,1.3639228611219185,2.9911520231583015,1.627229162036383,2.055130353611387,4.223560770334865,27.5,1.1283795444630538,0.9133476247263685,0.6339089633791617,0.5151288031237689,0.05195600181884669,2.913968758282937,2.8620127564640905,0.8168220477314322,0.66719825766017,0.5,3332.262404651092,0.5408004253213036,-0.008979861809769965,0.9122433088653255,-0.5376207326634002,0.16117225665214086,1.3128775864886288,0.19692042579035984,0.14368648015288532,1.3812471395214785,0.22396248777353497,0.12013960003223512,1.2764953304905575,0.171221559883455,-0.19745822797944307,0.649110705054875,-0.19826362186663,non_chewing,still_01.csv,5940900.0,5942890.0
0.23285885,0.0334233417194855,0.07373,0.315918,0.24218799999999996,0.2352453268292911,0.05534036379502,0.5,10.104239893965337,0.7478319434034083,1.8389013749999998,0.0330153264764166,1.693359,2.007813,0.314454,1.8391977269340116,3.3826482787592353,11.0,1.094498980022879,0.8952247395622505,-0.41161128500000005,0.017941509515193393,-0.483887,-0.374023,0.10986400000000002,0.41200212099336936,0.16974574770303497,2.5,3.9918624502061513,0.6938099456052501,0.04103387,0.12117595956951652,-0.488426,0.429538,0.917964,0.12793510724101498,0.01636739166477,2.0,127.37829174437906,0.7286355827674329,0.033049314999999996,0.23734671484184436,-0.880392,1.300603,2.180995,0.2396366421651434,0.05742572026818499,2.0,670.044449001994,0.6546618386365387,0.002595339999999997,0.285050766673718,-1.346435,0.599008,1.945443,0.28506258149920344,0.08126067537099001,1.5,1026.4158248920783,0.6310438964493753,0.28136715,0.08655520544431454,0.080566,1.051758,0.9711919999999999,0.29437947735640474,0.08665927668863001,0.5,55.29662456124077,0.8057172903040675,-1.7315893850000001,0.10075282645353814,-2.510742,-1.063477,1.447265,1.7345180685951516,3.008552930283055,0.5,19.521744830959722,0.9324716205876891,1.060917975,0.04132901057047428,0.880371,1.287109,0.40673800000000004,1.061722674144635,1.1272550367928351,0.5,20.706218752012564,0.6750146720291468,-0.02153683,0.2746684661957049,-0.809779,1.470606,2.280385,0.27551152674389146,0.07590660136875,1.0,920.0170382132499,0.6854389852084912,0.0029377400000000042,0.3031948138369659,-1.568398,2.084802,3.6532,0.30320904579834024,0.09193572545393998,2.5,813.9584072016095,0.7563268754314146,0.09109421000000001,0.4262449734149552,-1.78743,2.760018,4.547448,0.4358703160999152,0.18998293245704,0.5,1460.9824542699594,0.7811280688509453,1.8991080514919618,0.03351117747399821,1.747756436189551,2.0629655466795853,0.3152091104900343,1.899403693335698,3.60773439025729,6.5,1.3596818957252532,0.8928189643611179,0.25152316715191053,0.3029684532914559,0.026142849768148846,1.8035671122234405,1.7774242624552916,0.39376869771979717,0.155053787303945,0.5,1124.3501358841072,0.6066584290216296,2.053201916387834,0.08263857637838726,1.6933059342419492,2.9911520231583015,1.2978460889163523,2.0548642884055677,4.22246724376452,28.0,2.5115756884836697,0.9458436942803167,0.40114783983264224,0.4437405434229949,0.05195600181884669,2.913968758282937,2.8620127564640905,0.5981849707905824,0.35782525927972997,0.5,2527.646611450217,0.564184664051785,-0.04912739890438905,0.4055149416001132,-0.6147328535072298,-0.14077209013153896,0.6827603602645156,-0.20277147197578496,-0.15349250662618852,0.44117171966576235,-0.05953920970398001,-0.06584809899512148,0.7828191776706003,-0.03451000518575499,-0.14119420674123728,0.6687486878495508,-0.10872225708605,non_chewing,still_01.csv,5941400.0,5943390.0
0.24435543000000004,0.0175342561825445,0.172363,0.289063,0.11670000000000003,0.24498372662354534,0.06001702631036,1.0,1.9906532042909244,0.7369273292141278,1.83740969,0.00976197362493364,1.812012,1.874023,0.06201100000000004,1.837435622011,3.3761696650349506,4.0,0.36233790858295306,0.8546503512754405,-0.410512675,0.012176255080252506,-0.441406,-0.382324,0.05908200000000002,0.4106932158234843,0.16866891752343502,2.5,1.5384790776126782,0.7418969641053765,0.050382705,0.04820786898845431,-0.054358,0.197449,0.251807,0.06973102319287305,0.004862415595525,2.0,30.06927555413378,0.5803029584920674,0.027045910000000003,0.05336053108048963,-0.136429,0.183593,0.32002200000000003,0.05982330252435082,0.0035788275249199995,4.0,19.286184809738664,0.56914926184013,0.039525710000000006,0.07443676749245563,-0.168138,0.293109,0.461247,0.0842799745237859,0.007103114105730001,0.5,76.52665333466292,0.6131521601186197,0.260771455,0.024971816394847513,0.162109,0.342773,0.180664,0.2619643932996906,0.068625343356875,0.5,6.23614593560375,0.6920507008615973,-1.7453051749999997,0.020967064435546887,-1.856445,-1.650879,0.20556599999999992,1.7454311134137677,3.046529771672825,4.0,1.1085197746611766,0.7666519228003285,1.044729025,0.017023633942092824,1.004883,1.111816,0.10693299999999994,1.0448677140145757,1.091748539790045,1.0,2.9720950628905634,0.7013185349179402,-0.07977751,0.15090120663241863,-0.706392,0.257669,0.9640610000000001,0.17069160865408703,0.02913562526492,3.0,203.80532573156387,0.5258412166570455,0.03295875000000001,0.08660141244568416,-0.403691,0.234753,0.638444,0.09266112366656257,0.00858608383915,2.5,90.8103769336481,0.6236722511690275,-0.0077820100000000015,0.1430147479950928,-0.313893,0.793525,1.107418,0.14322631679876432,0.020513777823739997,0.5,217.5710387702431,0.6907657366133987,1.8986203342472336,0.00982014519588611,1.8705197286863884,1.933865432606157,0.06334570391976868,1.8986457302163415,3.604855608868745,4.0,0.187017740472559,0.8549955196124955,0.11026992182519019,0.0581799068995598,0.007277413551530516,0.3357754438356087,0.3284980302840782,0.12467701161872224,0.015544357226175002,0.5,44.99742763409955,0.6271427515686899,2.0510234101656493,0.014374483372209673,2.005159599980261,2.146626727475925,0.14146712749566426,2.0510737809303072,4.206903654819746,4.0,0.41427986366892555,0.8199442300580718,0.18224375585648414,0.15818565162217527,0.013830020028908128,0.9597359922239032,0.9459059721949951,0.24132029945242897,0.05823548692780999,0.5,330.75270238720964,0.5926436138157207,-0.0045543381763235614,0.6831650878578003,-0.6020480459510007,-0.10000574472261538,0.3677950958442293,-0.04269112970163499,-0.10269333764396424,0.3194664248502947,-0.024273209669395,-0.033240881365194604,0.6161623647184388,-0.005007256314230001,-0.0685779805026372,0.5204831567091929,-0.013410663718009995,non_chewing,still_01.csv,5941900.0,5943890.0
0.252216765,0.015888905622785193,0.199219,0.291992,0.09277299999999997,0.2527167463168102,0.06386575386895499,0.5,2.4787292163764523,0.6677929944442881,1.835285685,0.008073934925163511,1.812012,1.858887,0.046875,1.8353034446627878,3.368338733991095,3.0,0.20548021869608318,0.8687835764687072,-0.41123776999999995,0.01128822110507674,-0.441406,-0.382813,0.058593000000000006,0.41139266815329856,0.16924392741029004,2.5,1.2559000267407658,0.7283993506959727,0.04756487,0.03630802154666514,-0.054358,0.147087,0.20144499999999999,0.059838861008127485,0.0035806892867500002,2.5,17.87165571449204,0.5518221356365347,0.028487480000000006,0.0445437410184596,-0.136429,0.154548,0.290977,0.05287420335730837,0.00279568138067,1.5,20.491464009584575,0.5692989228513917,0.027572195,0.053288084179270084,-0.168138,0.174266,0.34240400000000004,0.05999871542470722,0.0035998458526150003,1.0,38.40919844326943,0.5590100554816356,0.273493645,0.020595890451470533,0.207031,0.317383,0.11035200000000003,0.27426805238466073,0.075222964558875,0.5,5.5804468089504935,0.5930615319416958,-1.7481909450000002,0.009965720147685023,-1.770996,-1.71582,0.055176000000000114,1.7482193500124792,3.056270895758055,0.5,0.45347716666399096,0.8369843078118767,1.03607422,0.01229300693409062,1.004883,1.066406,0.061522999999999994,1.0361471456159543,1.0736009073680899,0.5,1.7771574281112323,0.5680576563665828,-0.04384371,0.04863546054501695,-0.167072,0.113247,0.280319,0.06548037056240595,0.00428767892899,2.5,28.589345234321517,0.5812938998100827,0.036250905,0.047790366515606204,-0.141225,0.140159,0.28138399999999997,0.059983724834449886,0.0035980472450149997,1.0,25.107549409833336,0.6447113499237784,-0.040534234999999995,0.0556956396219648,-0.211838,0.109783,0.321621,0.06888416712086312,0.004745028479935,1.5,26.809820708439144,0.6888527414989073,1.8977303103571943,0.008251328494609756,1.8743320783126984,1.9239208052113268,0.049588726898628366,1.8977482486542676,3.60144841527034,10.0,0.11416261889219295,0.8418360376758951,0.09344578772531585,0.03527181986274894,0.007277413551530516,0.20303637802374233,0.1957589644722118,0.09988101180922727,0.009976216520034999,2.5,12.28212948292829,0.6104742618937098,2.050616979140143,0.008048139360963873,2.0306722070469667,2.073480579580624,0.04280837253365721,2.050632772508286,4.205094767685019,13.0,0.11605306025764077,0.8881312645238432,0.1035554688967203,0.04366943456836132,0.013830020028908128,0.2297975985905858,0.21596757856167767,0.11238663022770992,0.01263075465394,0.5,17.953632362897757,0.6435004769934926,0.00020318913364588895,1.0252467215753522,-0.6036463524146796,-0.0083976147056124,0.8077004021550465,-0.0026545381339050014,-0.012327438998351793,0.7465339309999639,-0.0007069896422399998,-0.003246625497146577,0.9320652731113419,-0.0008023658643449998,-0.002407555442694713,0.9567729994836931,-0.0011451826273199996,non_chewing,still_01.csv,5942400.0,5944390.0
0.25774655,0.018037289965998217,0.199219,0.296875,0.09765599999999999,0.2583769104742527,0.06675862786622,0.5,4.292841576264415,0.5738052127506746,1.8338428299999998,0.008531284154867898,1.813965,1.858887,0.044921999999999906,1.8338626742348347,3.36305230795174,0.5,0.28724049614967956,0.8458532594758472,-0.4108545,0.010614076270688843,-0.435547,-0.382813,0.052734,0.4109915799445653,0.16891407878533002,2.5,0.8986979910282955,0.7845536578779133,0.05633412,0.033024426094719644,-0.039436,0.147087,0.186523,0.06530042721958257,0.004264145795059999,2.5,10.378791926605041,0.6022185952641038,0.027019285,0.041518058265817,-0.113513,0.154548,0.268061,0.04953575399723921,0.002453790924075,4.0,15.837442394972118,0.5938642648790837,0.029147015000000002,0.03299088377741304,-0.077541,0.103121,0.180662,0.044022118256905815,0.0019379468958250002,0.5,11.574311675484514,0.6656298704328508,0.285161155,0.01700348091777019,0.240234,0.321289,0.08105499999999999,0.28566764374751125,0.081606002684255,0.5,3.4076850069986064,0.5950408963740842,-1.750664085,0.010206131963078626,-1.777344,-1.71582,0.061524000000000134,1.750693834923324,3.0649289036385348,0.5,0.608010956277883,0.8298556934031525,1.03003174,0.013842221727107251,1.000977,1.066406,0.06542899999999996,1.0301247460913507,1.06115699250977,0.5,2.620406069313839,0.6079276662128339,-0.04935014499999999,0.040656264788516604,-0.167072,0.113247,0.280319,0.06394035250196076,0.004088368678074999,2.5,15.150656732379273,0.6350015728615734,0.035214379999999997,0.03382606281753169,-0.02558,0.140159,0.165739,0.04882883456032921,0.00238425508452,1.0,11.203589937811175,0.6457423851412091,-0.0304793,0.03977590491139077,-0.135363,0.085002,0.220365,0.050110980233976664,0.0025111103400099997,2.0,12.053519797110411,0.7034995906543413,1.8970124398718082,0.00829563589482103,1.8803835322151703,1.9239208052113268,0.043537272996156506,1.89703057819406,3.5987250146032896,5.0,0.11875919248360084,0.8738489467433177,0.08749444271756382,0.03163235856686862,0.007277413551530516,0.1758193333339653,0.16854191978243477,0.09303700132183969,0.008655883614960001,2.5,8.721037037067504,0.6026049385668357,2.0512521252481295,0.0075244599535208186,2.0306722070469667,2.0716772066265534,0.0410049995795867,2.0512659259180803,4.20769189883256,13.0,0.06365611770954106,0.8659712225403945,0.08599181031615041,0.039864052242041446,0.008401515160969479,0.18742837929193115,0.17902686413096167,0.09478256222852914,0.008983734102605,0.5,15.797098350174187,0.6504470860643454,0.0007711759413002129,1.102489208004804,-0.6089668842292704,-0.008231693675172826,0.7935058476947431,-0.00032785048764499836,-0.007631838693796966,0.8122838206240584,0.00017577711698500004,0.007691995448285305,1.227398485297515,6.953583955500008e-05,-0.006785021133977727,0.8294188114866828,-0.0005731634441849996,non_chewing,still_01.csv,5942900.0,5944890.0
0.264501945,0.013377598464671266,0.225098,0.296875,0.07177700000000001,0.26484002539167867,0.070140239049465,0.5,1.7560140065982281,0.675399178089054,1.830854535,0.008350334970453288,1.810547,1.858887,0.04834000000000005,1.8308735774007403,3.3520980564241847,0.5,0.4012128011995175,0.81995174790817,-0.41555422999999997,0.012430201290288908,-0.44873,-0.389648,0.05908200000000002,0.4157400966649837,0.17283982797500996,0.5,1.8372947209080674,0.6488342619130278,0.06263066,0.029930622923260385,-0.039436,0.132698,0.172134,0.06941499665497362,0.004818441760609999,2.5,7.847597361235537,0.644393685234624,0.03158645,0.04038271922403815,-0.113513,0.12577,0.239283,0.05126858526944156,0.00262846783553,1.0,15.43965373613282,0.6092550414516122,0.020027339999999998,0.03443056593470981,-0.062086,0.103121,0.165207,0.03983162334201306,0.0015865582180599998,0.5,14.836202263929184,0.5984731883950885,0.29459230000000003,0.013261391070321397,0.257324,0.324219,0.06689499999999998,0.29489063686799216,0.08696048771241001,0.5,1.5403487711800778,0.7401894052014802,-1.7539746299999999,0.008604834426245522,-1.777344,-1.731934,0.04540999999999995,1.7539957371268438,3.07650104585914,13.0,0.35219734258476876,0.8252740293993456,1.0233032149999999,0.010950873245032793,1.000977,1.055664,0.05468699999999993,1.0233618086748035,1.047269391454165,0.5,1.0905220885645357,0.7795006837736753,-0.04724776500000001,0.029807998756202585,-0.147354,0.021317,0.16867100000000002,0.0558647302628859,0.003120868087345,3.0,7.302933446060567,0.6765513712603377,0.029197650000000006,0.02219469300210075,-0.02558,0.087133,0.11271300000000001,0.03667570262421703,0.0013451071629799998,1.0,2.8521853178085457,0.6804307550803023,-0.028122434999999998,0.032823465993032715,-0.124704,0.054891,0.179595,0.043223272320880565,0.0018682512701249999,2.0,8.46140524689913,0.7188008517954105,1.8960529196727174,0.007838957151571804,1.8803835322151703,1.9239208052113268,0.043537272996156506,1.8960691241219716,3.59507812344866,6.5,0.14776078404315504,0.8760374479754607,0.09084474165764583,0.02794102230333725,0.007277413551530516,0.17354020694063957,0.16626279338910904,0.09504455699407516,0.0090334678142,2.5,6.294079206350885,0.6562706244499533,2.051993710652321,0.0072619879532706145,2.032590449532812,2.0708163605433487,0.03822591101053652,2.0520065606682927,4.210730925025715,13.0,0.09601525750241774,0.8835975566911097,0.07270854541529054,0.03236810071725916,0.008401515160969479,0.17110288843266205,0.16270137327169257,0.07958785410130118,0.006334226520450002,3.0,6.796395386573587,0.7321169027939404,0.0005769691983011898,1.079450585984701,-0.6156528015770553,-0.004427078413921908,0.8632271181867238,0.002699241293749999,0.00012262416705779988,1.004113800730493,0.0016975736732649993,0.018188026221937388,1.8194763595160282,0.0012833606725500002,0.0016070999416770912,1.0489619207800365,-0.00028169305206500006,non_chewing,still_01.csv,5943400.0,5945390.0
0.26603517,0.01142038232245751,0.227051,0.296875,0.069824,0.2662801847853497,0.07090513680932,0.5,0.9008648263374026,0.7380887302366228,1.827514685,0.008498871014774551,1.807617,1.851074,0.04345700000000008,1.8275344469254677,3.339882154699175,0.5,0.2877369961657235,0.8162725991212709,-0.42155763,0.013663729742025055,-0.452637,-0.389648,0.06298900000000002,0.42177900957928194,0.17789753292168,0.5,2.4233018087108973,0.6180787039139646,0.06723114499999999,0.026706278676632864,-0.039436,0.132698,0.172134,0.07234122046775959,0.005233252178765,4.0,5.318375263268018,0.6769302355998561,0.03601241,0.03971332338966231,-0.113513,0.12577,0.239283,0.05361008980276007,0.00287404172866,0.5,13.796387733824492,0.6220973241463433,0.013019364999999998,0.033658409799064704,-0.062086,0.102855,0.164941,0.03608867433427002,0.001302392415205,0.5,14.737029791372839,0.5338127767820301,0.30083497000000003,0.011884164746379952,0.26416,0.328125,0.063965,0.3010696141204223,0.09064291254661999,11.5,0.6029773264956392,0.8113256663027858,-1.756501485,0.008076518444835935,-1.779785,-1.736328,0.04345699999999986,1.7565200531042606,3.085362696957395,13.0,0.2884075836446182,0.8258411509930593,1.01777344,0.008962816629073703,0.994629,1.041504,0.046875,1.0178129038538273,1.03594310725136,1.0,0.618015514747515,0.7912802679651308,-0.036894359999999994,0.02812891520944951,-0.115112,0.057822,0.172934,0.04639428489232268,0.0021524296706700004,1.0,7.57508525494927,0.6460094732956889,0.032205985000000006,0.019741945668671438,-0.009859,0.087133,0.096992,0.03777525497736581,0.001426969888605,1.0,1.6590093821964182,0.7101854206529916,-0.022282919999999998,0.027259244152463214,-0.124704,0.043167,0.167871,0.035207881439956026,0.00123959491549,1.0,6.236096627784342,0.7450145105569628,1.8943645235395004,0.008238712589783948,1.8714070186565508,1.9162518950153709,0.04484487635882006,1.8943824387990338,3.588684824430175,5.0,0.09130141635192991,0.8439370936899603,0.09381980692024237,0.024648126745828794,0.01755252671269866,0.17354020694063957,0.1559876802279409,0.09700353768100418,0.00940968632263,2.5,3.2662202584065954,0.712210096285726,2.0522918329291935,0.006851952094616925,2.033156965839578,2.0708163605433487,0.037659394703770666,2.0523032711457083,4.2119487167553755,13.0,0.05690893077588863,0.868130949314016,0.06453640811874882,0.025574332872927343,0.008401515160969479,0.14709339115677494,0.13869187599580546,0.06941897777095973,0.004818994474765001,1.0,3.406491972567936,0.7314789271782995,0.0013867604951670167,1.2023891113098253,-0.6232638923252005,-0.0009262061270985597,0.9637837619577154,0.004590691847864999,-0.0014226365328166499,0.9494244082210914,0.0030808225080949997,0.019971377720990884,2.0116215522102023,0.0014470718400549998,0.0063991656466014755,1.234752130719781,6.279749971500014e-05,non_chewing,still_01.csv,5943900.0,5945890.0
0.26542237,0.01090060435265403,0.227051,0.296875,0.069824,0.2656461136016674,0.07056785767167,0.5,0.7851153389191259,0.73079139353946,1.8243091099999997,0.008212735900289255,1.802734,1.847168,0.04443399999999986,1.8243275960912173,3.32817117785996,3.5,0.21925095666138641,0.8487224209345519,-0.430212415,0.01290185987610992,-0.460937,-0.392578,0.068359,0.43040583175463015,0.185249180008395,0.5,1.8872932153614466,0.663292339019282,0.06822106,0.02422421072679975,-0.039436,0.132698,0.172134,0.0723942360472158,0.00524092541286,3.0,4.095103174841483,0.6971054222313837,0.036333485000000006,0.04038024138090032,-0.113513,0.12577,0.239283,0.05432021747218065,0.002950686026225,1.5,17.181728599661316,0.5709271425873573,0.007310405,0.028250996244397735,-0.062086,0.075675,0.13776100000000002,0.0291815148692627,0.0008515608100649999,0.5,8.274584626867709,0.6321839912579919,0.305285665,0.010118534478508981,0.279297,0.328125,0.04882799999999998,0.3054533057514438,0.093301721994485,0.5,0.6757584490250699,0.8080286439058427,-1.7574072250000001,0.007496511985875498,-1.779785,-1.741211,0.038573999999999886,1.7574232137348575,3.088536352174155,1.5,0.19972599984475325,0.8641276922984952,1.01612794,0.008183293460239587,0.994629,1.036133,0.041503999999999985,1.016160891168569,1.0325829567405,0.5,0.3377686549360614,0.8705652482264311,-0.038061475000000004,0.028878041809987307,-0.115112,0.057822,0.172934,0.0477767430655858,0.0022826171779550004,2.0,8.673218777999443,0.6472281410398194,0.03668921,0.019949324849375227,-0.009859,0.100989,0.110848,0.04176210833243456,0.0017440736923700002,1.0,2.9028308279044377,0.6849582513667216,-0.019537045,0.023325014570905953,-0.077274,0.043167,0.12044099999999999,0.03042618004391941,0.0009257524320649998,1.5,3.898752945065524,0.7739596734589708,1.8931260782691708,0.007865577996144867,1.8714070186565508,1.9162518950153709,0.04484487635882006,1.8931424181872913,3.583988215540025,3.5,0.06759701034439551,0.8600083908224763,0.09192080744765509,0.024366727464333788,0.01755252671269866,0.17354020694063957,0.1559876802279409,0.09509559531939427,0.00904317224915,2.5,4.8032112827864255,0.7058522043243751,2.052894853046827,0.006614623419814099,2.033156965839578,2.0708163605433487,0.037659394703770666,2.052905509493591,4.21442103090914,12.0,0.05980256804432297,0.8883739755951761,0.06620659921646785,0.023856435663778427,0.008401515160969479,0.13420615879310457,0.1258046436321351,0.0703735980491974,0.00495244330239,1.0,3.2032095199556037,0.7135462436842357,0.0012509545763307673,1.1891195457300765,-0.6304328153691148,0.0005102918005553576,1.0213901107335217,0.0040907289467599995,-0.004653831083187562,0.8388453374432728,0.0029583082349049997,0.020430916531525085,2.0241407509169385,0.001206612333855,0.004925981673491786,1.2111887929809109,-7.419162199999994e-05,non_chewing,still_01.csv,5944400.0,5946390.0
0.26123781,0.0105580833011442,0.227051,0.281738,0.054686999999999986,0.2614510785913686,0.06835666649659,1.0,0.6761357919312024,0.8077157045537933,1.82211183,0.007643385191857073,1.802734,1.843262,0.0405279999999999,1.8221278611456277,3.32014994236314,0.5,0.14482715551822364,0.8321816216257224,-0.43727782,0.011003177443702342,-0.467773,-0.409668,0.05810500000000002,0.4374162340126507,0.19133296177780998,0.5,0.9650052260053187,0.781238622220025,0.065218045,0.021183901260461328,-0.013323,0.100989,0.114312,0.06857223247229888,0.004702151066235,2.0,3.332445118095886,0.7140889429226006,0.03992805,0.03372671705840193,-0.055424,0.12577,0.181194,0.05226605610087679,0.0027317406203399997,3.5,9.091756166048008,0.6085605483032064,-0.003121600000000001,0.03264166378418845,-0.088199,0.075675,0.16387400000000002,0.032790587081661104,0.00107522260116,0.5,13.95082441869528,0.6028813695206167,0.31062744999999997,0.010522969239121625,0.285645,0.339355,0.053710000000000035,0.31080563954843227,0.09660014557511,0.5,0.7204694270802555,0.7800025513606794,-1.75761718,0.006953177748885755,-1.779785,-1.742676,0.03710900000000006,1.7576309334191749,3.08926649811196,12.0,0.11351796701062686,0.8627442153051907,1.01561768,0.008383847463879575,0.994629,1.035645,0.04101599999999994,1.0156522834252282,1.03154956082688,1.0,0.2992067756119689,0.8501872281509102,-0.03644004,0.028760968339720413,-0.092995,0.057822,0.15081699999999998,0.04642272950872234,0.00215506981504,1.5,10.003359747024339,0.5863898102551415,0.042310245,0.020219446496009107,-0.009859,0.100989,0.110848,0.04689331347393784,0.002198982848565,0.5,3.7497321645052826,0.6799646792666119,-0.020954635000000003,0.022460591880486477,-0.077274,0.031443,0.108717,0.03071766455323386,0.000943574915605,1.5,4.859179079450287,0.7121210975357887,1.892030349295307,0.00779281611610432,1.8714070186565508,1.9162518950153709,0.04484487635882006,1.8920463975911213,3.5798395706375397,5.5,0.057673133416657155,0.8397497062370306,0.08945703803538589,0.022506724187907043,0.024302449444449013,0.15211787519223371,0.1278154257477847,0.092244860494962,0.008509114287735,2.5,4.281696115781569,0.7010965699615026,2.0536254865031602,0.00621012871110495,2.0382792166042902,2.0708163605433487,0.03253714393905849,2.053634876143749,4.21741620451395,12.0,0.04798245767364903,0.8917229514261242,0.06893377262442449,0.02336156182651632,0.013706722511235135,0.1327141372499554,0.11900741473872026,0.07278480321612472,0.00529762757921,1.0,3.8678496579709805,0.7462499495403183,0.0015826874049993693,1.2548558135629633,-0.6375766338764102,-0.0008548376386092807,0.9634083694849971,0.0032114867085250003,-0.007577067079259092,0.7365503487309653,0.002547081251195,0.013507270562392829,1.668033645978335,0.0005327577717749998,0.010181071903701967,1.4532860023402667,0.00013164768555500007,non_chewing,still_01.csv,5944900.0,5946890.0
0.25531249500000003,0.01215618605073051,0.226562,0.28125,0.05468799999999999,0.25560172722895474,0.065332242962425,0.5,1.3866171866471872,0.6887188678210633,1.8204370499999998,0.007559383296770971,1.80127,1.843262,0.04199200000000003,1.820452745140211,3.31404819728853,5.5,0.13093080173533705,0.856253533776582,-0.44244383,0.010681392362941265,-0.470703,-0.415527,0.055176,0.44257274526102486,0.19587063484788,0.5,0.955917054211427,0.7297310138386417,0.05691507,0.024779682886290132,-0.013323,0.100989,0.114312,0.06207542087694613,0.00385335787705,4.5,5.164360463933207,0.6647867642794805,0.036386779999999994,0.0317077463931387,-0.055424,0.115911,0.17133500000000002,0.04826363993836354,0.0023293789401,3.5,7.8441208762590655,0.5824792976393233,-0.0003303999999999996,0.030805272242588604,-0.088199,0.075675,0.16387400000000002,0.030807044033792013,0.0009490739621,0.5,11.467957395074084,0.6006820659129086,0.31284914,0.009894215764293801,0.291504,0.339355,0.04785100000000003,0.31300555890324055,0.09797247990433,10.5,0.48798967321323616,0.7602324704665345,-1.75888182,0.007363883862310698,-1.780273,-1.742676,0.0375970000000001,1.7588972350629386,3.09371948351205,0.5,0.2280621415327212,0.8583983543510064,1.0132397700000002,0.009331046880018339,0.988281,1.034668,0.046386999999999956,1.0132827344554578,1.02674189994553,0.5,0.48472574733737,0.8296418679436571,-0.035625994999999994,0.028745910750835064,-0.092462,0.057822,0.150284,0.0457770565309195,0.002095538904635,1.5,9.941198086789905,0.5965700657075216,0.04342138,0.02011595208772381,-0.009859,0.100989,0.110848,0.047854652537658235,0.0022900677695,9.5,3.2741788411700585,0.7074761708226082,-0.01705497,0.02408778666148262,-0.077274,0.03464,0.11191399999999999,0.029514292604600912,0.00087109346795,0.5,5.371754530210932,0.7219606921545172,1.8908172123743525,0.007832272193744605,1.8691573656514318,1.911468143621808,0.04231077797037619,1.8908334339911685,3.575251075098835,5.5,0.057630627394696564,0.8607921429796229,0.0807873460724937,0.024601127897174523,0.024302449444449013,0.14703216447430814,0.12272971502985913,0.08445004901863587,0.007131810779250001,2.5,5.073983125109851,0.6867602900954479,2.0538739769834558,0.005962384763845173,2.0382792166042902,2.0714070670616627,0.03312785045737243,2.053882631350173,4.21843386336191,10.5,0.05963827755251966,0.8845002596097582,0.06863441701001301,0.02336700545171836,0.013706722511235135,0.1327141372499554,0.11900741473872026,0.07250310436170992,0.0052567001420850005,1.0,4.123216715140003,0.7255390526096356,0.00186988742989943,1.3136140158612524,-0.6431827882630752,0.0012341224454561622,1.0528147454754588,0.0018751106371650006,-0.003966227864544935,0.8620246232960381,0.001757818972415,0.011591794305414876,1.576248852396552,3.9311170600000046e-05,0.0067174855811059885,1.2788751692096116,7.798049414999995e-05,non_chewing,still_01.csv,5945400.0,5947390.0
0.250991205,0.012975309572914819,0.223145,0.28125,0.05810499999999999,0.2513263687834307,0.063164943645865,0.5,1.984284149584192,0.5796218064079007,1.8192627299999997,0.006895764260551544,1.80127,1.835938,0.03466800000000014,1.8192757988638748,3.30976443233179,6.5,0.06800171998453962,0.8629114755498638,-0.44613034,0.009685653304470484,-0.470703,-0.42041,0.05029299999999998,0.44623546715657864,0.19912609214844998,1.5,0.48259859002974725,0.8335842307894412,0.05584257000000001,0.02564816108915218,-0.013323,0.101789,0.115112,0.06145096249417091,0.00377622079146,1.0,7.342797104422513,0.6003643920671827,0.031796955,0.029691631756489485,-0.055424,0.108983,0.164407,0.04350447498401745,0.001892639343635,3.5,7.70619306707915,0.6141021252029352,0.0002824600000000005,0.028341572629238487,-0.088199,0.057556,0.145755,0.028342980131771604,0.00080332452275,0.5,10.425570130407444,0.6230554225404356,0.3142212,0.008657312423032911,0.292969,0.339355,0.04638600000000004,0.31434043899541464,0.09880991158783,10.5,0.24566135029355304,0.8434396493931925,-1.7590649200000001,0.007358563717438338,-1.780273,-1.742676,0.0375970000000001,1.759080311195197,3.094363541234591,0.5,0.21965845657720623,0.8660819529526791,1.013117705,0.009315020555960948,0.988281,1.034668,0.046386999999999956,1.0131605271586657,1.026494253792425,0.5,0.5210347716781099,0.8524902251145113,-0.043025665000000005,0.026384584762182157,-0.106052,0.022383,0.128435,0.05047132019043092,0.0025473541617649998,1.0,6.875611936622808,0.5430496602718663,0.04832962999999999,0.017998565032054638,0.0,0.100989,0.100989,0.05157229371619998,0.00265970147915,9.0,1.7948990470125041,0.7196932952604473,-0.016520700000000003,0.023601888659808563,-0.077274,0.038104,0.115378,0.028809419931682068,0.0008299826768,0.5,5.003375395754695,0.7138979382000733,1.8899744506024216,0.007214166353739898,1.8691573656514318,1.9100298516902818,0.040872486038850075,1.889988219044263,3.5720554681261047,6.5,0.03777243174833124,0.8657257102272446,0.07655638433563977,0.02472457634215009,0.024302449444449013,0.1357335105307455,0.1114310610862965,0.08044988911020946,0.006472184657845,0.5,6.505270258069186,0.63775826248429,2.054173487601826,0.006244153152808008,2.0382792166042902,2.0743326367701975,0.03605342016590729,2.054182977880706,4.219667706614845,7.0,0.053671492523847876,0.9060973349391251,0.07412773188956664,0.023283420767222434,0.02570494874532918,0.1327141372499554,0.10700918850462622,0.07769838040599689,0.006037038317715,9.0,3.5752475366300693,0.7050660301813202,0.0009700132009318914,1.1553474389870906,-0.6476122384887404,0.001441155574927671,1.0618962131611038,0.00043514634012999966,-0.0007364236730299858,0.9720888662956892,0.001228866629695,0.011693066724434847,1.6496666097330546,-0.000767062135515,0.004739683969429923,1.2008179954471647,-2.6658154050000012e-05,non_chewing,still_01.csv,5945900.0,5947890.0
0.244311505,0.012026279466234559,0.217285,0.280273,0.06298799999999999,0.24460732383386438,0.059832742873165,0.5,1.2659116623767699,0.7512449805860132,1.818459505,0.007997583850137172,1.760742,1.835938,0.07519600000000004,1.8184770915995299,3.306858932672285,6.5,0.09800599993205317,0.8767715773509503,-0.448867135,0.009556214645285811,-0.472168,-0.42041,0.05175799999999997,0.44896884760688577,0.201573026121455,1.0,0.5999597852330494,0.8269667627913749,0.05279021500000001,0.02793084611748765,-0.018919,0.101789,0.12070800000000001,0.05972385590854797,0.0035669389645850004,1.0,8.423017033102417,0.5405049006098775,0.024021584999999998,0.03252543552979383,-0.072478,0.100989,0.17346699999999998,0.04043439751393607,0.0016349405023149998,3.5,7.421096345137593,0.5999460311981758,-0.004376640000000001,0.026080270300179023,-0.088199,0.04823,0.136429,0.026444951817312882,0.0006993354766199999,0.5,7.794675790189441,0.6141249548192279,0.314990235,0.00886107950702255,0.29248,0.339355,0.046875,0.31511484711987947,0.09929736687538501,10.0,0.20604609625407175,0.8151325336591139,-1.7621118049999998,0.007817809842722892,-1.782227,-1.743652,0.038575000000000026,1.762129147216825,3.105099131471095,1.0,0.39761797081550565,0.8073927389014596,1.0079663150000002,0.010973289867481629,0.98291,1.034668,0.05175799999999997,1.0080260439419186,1.016116505265195,1.0,1.0208309814232757,0.7479533297076487,-0.042296895,0.02525018973124707,-0.106052,0.022383,0.128435,0.049260525861027915,0.002426599408105,1.0,7.154417992691862,0.5714260447462257,0.04701731000000001,0.018023689890360964,0.0,0.099391,0.099391,0.05035355833404428,0.0025354808369,10.0,2.356113952802202,0.6897037095671171,-0.016033040000000002,0.02359767305389241,-0.071678,0.038104,0.109782,0.028529082445813078,0.0008139085452,0.5,4.447203362495281,0.737567268676363,1.8889673104993359,0.008197654043182769,1.8349009546809332,1.9100298516902818,0.07512889700934866,1.888985098317852,3.5682647016669047,6.5,0.04430717124052726,0.8401321034486974,0.07305596900846566,0.023749533379713084,0.02392390854354698,0.1357335105307455,0.11180960198719853,0.07681936568027622,0.00590121494352,1.0,5.075459732455581,0.6403824993515768,2.054379769530638,0.006063510115383204,2.038791859216875,2.0743326367701975,0.035540777553322744,2.0543887177483415,4.220513003611675,7.0,0.04373730271579854,0.9149304220521569,0.07257868015472085,0.02254604127565919,0.02570494874532918,0.1327141372499554,0.10700918850462622,0.0759999262513129,0.005775988790205,3.0,4.325760148424571,0.6964905068396896,0.0021341439277995644,1.35196509730976,-0.6522483019447702,0.0012034921040538736,1.0533793090032693,0.00012522615331500044,0.0026806563862405847,1.1061638116296322,0.0011403395564800003,0.014501745639432868,1.8045936058402987,-0.0009005403345850001,0.0024825972462866053,1.1052051717394695,-0.00011457306858000005,non_chewing,still_01.csv,5946400.0,5948390.0
0.237395005,0.009973263212959688,0.216797,0.261719,0.04492199999999999,0.23760440732037147,0.05645585437806499,0.5,0.9158673429186002,0.7558424026918964,1.8171338,0.007903379553077272,1.760742,1.833984,0.07324200000000003,1.8171509872629739,3.3020377105108003,6.5,0.15135230760132143,0.8997299941997893,-0.453586375,0.01052617300990132,-0.480469,-0.429687,0.050781999999999994,0.4537084966185612,0.205851399903875,0.5,1.1869513473689421,0.7151935914606133,0.05653268499999999,0.026928398941002324,-0.018919,0.11751,0.136429,0.06261855270472962,0.0039210831428350005,1.0,10.330103149955772,0.5641774262421467,0.030423349999999995,0.030973352067503124,-0.072478,0.099124,0.171602,0.04341576630119524,0.00188492876352,2.0,10.861618103021137,0.6059723879656328,0.0026672750000000006,0.018925788654092463,-0.050095,0.04823,0.098325,0.019112818528542564,0.000365299832105,3.0,2.6255606371406635,0.7259526644961134,0.31194092500000004,0.011851018373936265,0.194824,0.338379,0.143555,0.31216596119108664,0.097447587326355,10.0,0.4811840069794075,0.8948973357396603,-1.765717765,0.008659150993011669,-1.793945,-1.743652,0.05029299999999992,1.765738997284852,3.117834206532515,0.5,0.47502987847657413,0.8235494796845467,1.002290055,0.011903141497603688,0.969727,1.034668,0.06494099999999992,1.0023607330344775,1.0047270391294152,0.5,1.0490767355512893,0.7461481740346317,-0.047582185,0.026511201419226083,-0.116977,0.013057,0.13003399999999998,0.05446933201412516,0.0029669081300650003,1.0,7.533371003781285,0.6411938538337338,0.04786065,0.019385793421665774,-0.009859,0.111115,0.120974,0.05163768783563029,0.00266645080501,2.5,3.479335726405779,0.6680553372765569,-0.010705089999999999,0.026206743708669718,-0.071678,0.054092,0.12577,0.02830887436335115,0.0008013923677199999,1.5,8.000401212253939,0.6745169336194637,1.8879311061005213,0.007816867070771987,1.8349009546809332,1.9035434769760318,0.0686425222950986,1.8879472886690296,3.56434496479274,6.5,0.06285806336879607,0.8999413641965174,0.07498385319127814,0.023425061345679458,0.02392390854354698,0.13568038467663626,0.11175647613308928,0.07855769687599044,0.006171311738459999,0.5,6.533675099994199,0.6417139569855187,2.054255315994144,0.00662794825597989,2.035510698107234,2.078866910970974,0.043356212863739696,2.0542660083319992,4.220008832988285,10.5,0.08095612991281328,0.9120614613288968,0.07562099130821591,0.02676223040700709,0.021173264013845384,0.15174292953874327,0.13056966552489788,0.08021690160305994,0.006434751302795,2.5,7.8093089008754415,0.6365655276558004,0.0011889188147920981,1.1793796162665313,-0.6556638681955453,-0.003337169061327621,0.8753030292851129,-0.00026343956433500047,0.0004171975217762518,1.015736650903859,0.0009541750127700001,0.011587558645837336,1.5977345571467274,-0.00078152204149,-0.007280955054577251,0.7221724631065642,-0.0004360925356149999,non_chewing,still_01.csv,5946900.0,5948890.0
0.23322508499999997,0.010238201323366083,0.197266,0.261719,0.06445299999999998,0.2334496970218531,0.054498761039595,0.5,0.86775832801788,0.7147097678472976,1.8151416,0.0078123838506565955,1.760742,1.833984,0.07324200000000003,1.8151584122031856,3.29480006139199,0.5,0.20016280660182376,0.9013761756831835,-0.4585229,0.011487838323636002,-0.486816,-0.432129,0.05468700000000004,0.45866678564482954,0.21037522025376001,0.5,1.4750723451011567,0.6411741592596545,0.05858576,0.027640239155303992,-0.034107,0.11751,0.151617,0.0647786546274311,0.0041962740953400005,1.0,11.001218761325882,0.5778025053739262,0.026706205,0.03375899149771769,-0.072478,0.099124,0.171602,0.043045219158984425,0.001852890892445,2.0,14.110926475705575,0.5502669831099137,0.0068574050000000004,0.016893043281806124,-0.048496,0.045565,0.094061,0.018231810515003714,0.000332398914655,0.5,2.198127765988583,0.739348897552833,0.310197765,0.01217000277525749,0.194824,0.338379,0.143555,0.31043640633557307,0.09637076237854501,0.5,0.6246588797070428,0.892760242390441,-1.768686525,0.0091016701857063,-1.794434,-1.746582,0.047852000000000006,1.7687099434663518,3.1283348641167454,0.5,0.6690693636006582,0.7791485953986237,0.996840805,0.012367449085279267,0.969727,1.032227,0.0625,0.9969175213175486,0.9938445443099251,0.5,1.7431861276458003,0.6573941546815587,-0.042147685,0.030416081451524538,-0.116977,0.03917,0.156147,0.051976584744719424,0.002701565361725,1.0,11.526230235980012,0.5962068171682663,0.04810582,0.020382404492051472,-0.009859,0.111115,0.120974,0.05224569198268887,0.0027296123307500005,1.0,4.301132053373029,0.672354020651521,-0.010109545,0.02563492880598608,-0.071678,0.054092,0.12577,0.027556350901289522,0.0007593524749949999,2.0,7.689193119694627,0.6934522416444483,1.8866944841123796,0.007613560616862304,1.8349009546809332,1.9035434769760318,0.0686425222950986,1.8867098459183769,3.5596740426853457,10.0,0.10230820194318202,0.9041743202321735,0.07659960344470639,0.02267299394772831,0.02392390854354698,0.13568038467663626,0.11175647613308928,0.0798846912896332,0.006381563902439999,0.5,6.364082837155034,0.658643059398544,2.053899188136246,0.006949516420891463,2.031509864187964,2.078866910970974,0.04735704678300978,2.053910945198261,4.218550170805215,10.0,0.06154211962602092,0.8937653641929885,0.07359169912123145,0.027835085556185073,0.014838428926271137,0.15174292953874327,0.13690450061247214,0.07867992226400583,0.006190530167469999,2.5,10.245706304182786,0.6282729169247837,0.0006640441959708358,1.0955525760000513,-0.6588761281198692,-0.005162091608456768,0.8145473058440186,0.00019103373496999997,-0.002775842296220535,0.9087376754745834,0.0014947087336150003,0.01337658700566622,1.6562811080941255,-0.0008767214383050006,-0.00874188552417995,0.6589853792713241,-0.00042695356033999987,non_chewing,still_01.csv,5947400.0,5949390.0
0.22959472499999997,0.0098781052388287,0.197266,0.259766,0.0625,0.22980712502212589,0.052811314710935,0.5,0.5812917679648787,0.7857770849696539,1.81302977,0.007543411140664413,1.760742,1.832031,0.07128899999999994,1.8130454627388388,3.28713384995789,0.5,0.1899459491479407,0.8823881954311514,-0.46479246500000004,0.01143429638013529,-0.492676,-0.432129,0.06054700000000002,0.46493309051355447,0.21616277865448502,0.5,1.4299782658095304,0.6908267572708002,0.059815465000000005,0.027244173644630425,-0.034107,0.11751,0.151617,0.06572773273698858,0.004320134850745,2.0,10.381356141140769,0.5473388013602677,0.01906273,0.037382933063727086,-0.07834,0.099124,0.177464,0.041962737750294604,0.0017608713595,2.0,18.852927144354947,0.5869304617960199,0.010659835,0.018337441148856482,-0.048496,0.05276,0.101256,0.021210700839788394,0.00044989383011500005,0.5,3.182244864049053,0.6702751859977467,0.30735844,0.012698408530457667,0.194824,0.338379,0.143555,0.30762064335548095,0.09463046021844,0.5,0.862219717849115,0.8635494718753348,-1.771984865,0.008150567824193296,-1.794434,-1.748535,0.045899000000000134,1.7720036099130625,3.1399967935449253,12.0,0.2630932057356253,0.8404563302076866,0.99176753,0.00964329145930475,0.969727,1.032227,0.0625,0.9918144113857542,0.98369582663247,0.5,0.4695073892487493,0.8704124174261593,-0.041887879999999995,0.02964035107088983,-0.120708,0.03917,0.159878,0.051314178376935936,0.0026331449024999997,2.5,11.544321981044963,0.5826200257253169,0.041970525,0.02560534640733015,-0.024781,0.111115,0.13589600000000002,0.049164608545324555,0.002417158733415,1.5,9.059911272699653,0.5770514472447494,-0.009398085,0.02522174052930874,-0.062619,0.054092,0.116711,0.02691579827898478,0.0007244601969950002,2.0,7.657127522405851,0.6793679814185433,1.8857498120981626,0.0074558363082114715,1.8349009546809332,1.9019458217827867,0.06704486710185353,1.8857645514017147,3.55610794332331,11.5,0.07912337127715542,0.8967814851204592,0.07771947894905627,0.022149100032443712,0.02392390854354698,0.13568038467663626,0.11175647613308928,0.08081398418813417,0.00653090004036,2.0,5.88299401116805,0.6103775304126983,2.0538442212195225,0.006855316112964911,2.031509864187964,2.078866910970974,0.04735704678300978,2.053855662016159,4.218323080395836,12.0,0.07317746360060556,0.8852771388239096,0.07022576310989596,0.029036288133003064,0.014838428926271137,0.15174292953874327,0.13690450061247214,0.07599186688659516,0.005774763832909999,1.5,11.267407926014007,0.6054659166936757,0.0006005201952465596,1.0875991982500768,-0.6622151370725256,-0.006887188100559348,0.7628075575978572,0.0007561362074500009,-0.0023961774262594056,0.919158264336055,0.0016869899482450006,0.011777586656396943,1.4599659176266926,-0.0006562873739150001,-0.006884299380452246,0.7270489967790923,-0.00027456636688000013,non_chewing,still_01.csv,5947900.0,5949890.0
0.22799561000000002,0.009262856289930229,0.197266,0.259766,0.0625,0.22818369504835354,0.05206779868592,3.5,0.25555869024937417,0.8366819733418751,1.8113085899999999,0.006135374290285804,1.794922,1.830078,0.03515600000000019,1.8113189810261112,3.28087645102547,0.5,0.09214248609166316,0.8806270075060593,-0.46970215,0.010160917277859316,-0.496094,-0.432129,0.063965,0.469812041091488,0.22072335395455,2.5,0.819757171617978,0.7756019366398802,0.05573992,0.029904776488607968,-0.03917,0.11751,0.15668,0.063255310752853,0.004001234338439999,1.0,13.311893492348164,0.5280549268902536,0.020235165000000003,0.033908927239560016,-0.07834,0.099124,0.177464,0.039487684777851945,0.001559277249115,0.5,13.637578230034794,0.5727496329656072,0.01743865,0.02130423524460571,-0.048496,0.06928,0.11777599999999999,0.02753138124359183,0.00075797695318,0.5,5.107699901380204,0.6476357447545266,0.306735875,0.01227361286416412,0.194824,0.328613,0.133789,0.306981332632385,0.094237538584755,0.5,0.8225015219107489,0.8592726780808607,-1.7737402200000003,0.007918673978741641,-1.794434,-1.748535,0.045899000000000134,1.7737578959495093,3.14621707344323,1.0,0.2148399673379801,0.8338054245638605,0.987941855,0.00989059926414851,0.964355,1.032227,0.06787200000000004,0.9879913627226935,0.976126932814645,1.0,0.6298187853593482,0.803675723458908,-0.036742495,0.032730844798751754,-0.120708,0.043433,0.16414099999999998,0.049206901345898627,0.002421319140065,1.0,15.399372083686146,0.5332539082343619,0.032304585000000004,0.028664961071188898,-0.034374,0.111115,0.145489,0.04318872775661492,0.001865266205235,0.5,12.028240272015301,0.5299236064954534,-0.008809215,0.02440136279777781,-0.060221,0.054092,0.114313,0.025942798139464446,0.000673028775305,1.0,7.051450531938452,0.667239721021896,1.8851063428141237,0.006456000921583245,1.8632373238033848,1.9016688366708334,0.038431512867448614,1.8851173978471314,3.5536676036659403,4.5,0.04085209043421936,0.8776657194195122,0.07622148392409768,0.02255601758164586,0.026764690956556925,0.13568038467663626,0.10891569372007934,0.07948892086784799,0.006318488540735,2.0,6.614490729943124,0.5930141029066159,2.0534200268128586,0.00690929276475256,2.031509864187964,2.078866910970974,0.04735704678300978,2.0534316508816723,4.21658154484263,12.0,0.06958425990815136,0.8730574982196614,0.06384779658788282,0.02971654407022016,0.014838428926271137,0.15174292953874327,0.13690450061247214,0.07042452783373844,0.004959614120605,1.5,12.143948228820022,0.5623062692760619,-0.0004532918431693128,0.9343938868125895,-0.66291394117669,-0.007160526488574317,0.7590390567740988,0.0013588744201299997,-0.0028260683101438006,0.9136573367561971,0.0015799151983749995,0.005243966168371108,1.1829399368569806,-0.0003059889561199999,-0.003097127553172121,0.8730756319292884,8.494817787500005e-05,non_chewing,still_01.csv,5948400.0,5950390.0
0.22764159499999997,0.009886332594090441,0.197266,0.259766,0.0625,0.2278561724999018,0.051918435346305004,1.0,0.4123570894350184,0.833720132482931,1.808837915,0.006932540484394951,1.783203,1.827637,0.04443399999999986,1.8088511997561092,3.2719426628591153,1.0,0.2042183988098928,0.8995160715929894,-0.47526857000000006,0.01135731992219555,-0.504883,-0.443359,0.06152399999999997,0.47540425150145643,0.22600920234566002,1.0,1.338523134344424,0.70506645624208,0.059583634999999996,0.034535838557095654,-0.03917,0.172934,0.21210400000000001,0.06886896038604765,0.004742933704655,1.0,17.992512140914602,0.5189278947344024,0.02059489,0.035345023769236594,-0.07834,0.102322,0.180662,0.04090745896972825,0.00167342019936,0.5,15.81817859078281,0.5549007355118362,0.014254425,0.02883436275218121,-0.103654,0.06928,0.17293399999999998,0.03216534015683652,0.001034609107405,0.5,12.668749294318618,0.5717563866959227,0.30752443,0.008982029311079987,0.28125,0.335938,0.054688000000000014,0.30765557348660205,0.09465195189737001,0.5,0.6578099366198964,0.7409772379585926,-1.775312495,0.007573494068788519,-1.794434,-1.748535,0.045899000000000134,1.775328649212741,3.151791812715535,11.5,0.2656720907335522,0.837098700763215,0.984594675,0.009652124475439335,0.963379,1.013184,0.0498050000000001,0.9846419844518337,0.9695198375452451,0.5,0.7713254647671528,0.7981828365512287,-0.03704761,0.03151581352381531,-0.120708,0.043433,0.16414099999999998,0.04863920135836936,0.00236577190878,1.0,13.593776200559082,0.5424788160160728,0.02977853,0.02470717561072289,-0.034374,0.09113,0.125504,0.038693738196509266,0.00149720537562,0.5,8.661620711864952,0.5604117206210424,-0.006760139999999999,0.023120977178536378,-0.060221,0.054891,0.11511199999999999,0.02408898251296638,0.00058027907851,0.5,5.763022289177633,0.6627270772182888,1.8840967980014187,0.007039624413408743,1.8595135971315189,1.9073374563495573,0.047823859218038445,1.8841099491672666,3.54987030055108,2.5,0.12020161139081427,0.907632896039454,0.08097352187417839,0.029904042648310182,0.026764690956556925,0.19212291727172998,0.16535822631517305,0.08631896090326853,0.00745096301142,1.0,12.529803072417721,0.5643526329466375,2.0532714695624805,0.006314621040178318,2.031509864187964,2.06927347077519,0.03776360658722577,2.0532811795168606,4.21596360215815,12.5,0.05139287163189944,0.8956182861618085,0.06174076967976212,0.025126355132819536,0.014838428926271137,0.13274085355307913,0.117902424626808,0.06665775545958624,0.00444325636291,1.5,8.170587915839517,0.583633170753705,0.000725003373230425,1.114813441474542,-0.6660933016070705,0.004777687515490649,1.1901464613643915,0.00300770664851,0.0030200250332803463,1.0958257044831867,0.0023771617958749996,0.010637848158513711,1.430557030318629,0.00017621482373999988,0.005713385573644834,1.24710830902721,0.00045433002889499997,non_chewing,still_01.csv,5948900.0,5950890.0
0.22674072000000003,0.009793733821255302,0.205566,0.255371,0.049805000000000016,0.22695213444310233,0.05150727132828,0.5,0.5021259624318136,0.7965404491591399,1.80657962,0.0076524598303813396,1.783203,1.827637,0.04443399999999986,1.8065958273894025,3.2637884835407998,0.5,0.2845759870201389,0.8496693442926715,-0.48025147500000004,0.011930118016573642,-0.507324,-0.443359,0.063965,0.4803996325514467,0.230783806955565,0.5,1.5504976335905194,0.7042255957519086,0.06174198500000001,0.03353639466884857,-0.03917,0.172934,0.21210400000000001,0.07026209845375386,0.004936762479125,1.0,17.181062636487763,0.5031200953567108,0.018297965,0.032902211871601805,-0.07834,0.102322,0.180662,0.03764798891288883,0.001417371069185,0.5,12.479852913279833,0.5512302889890445,0.014598145,0.02916790529012968,-0.103654,0.06928,0.17293399999999998,0.03261705897923662,0.001063872536455,0.5,13.337900974434168,0.549326184275086,0.308520525,0.008615063208669742,0.28125,0.335938,0.054688000000000014,0.30864078418181384,0.095259133660365,1.0,0.7323212079778368,0.7255085210661658,-1.7772534,0.008131363298365162,-1.797852,-1.748535,0.049317000000000055,1.7772720013775747,3.1586957668806495,1.0,0.49588669093348936,0.7576995241302076,0.9815771199999999,0.010355533269976977,0.949219,1.013184,0.06396500000000005,0.9816317433624485,0.9636008795768,1.0,1.102134586313155,0.7069661346712324,-0.03998004,0.031259638887044104,-0.120708,0.043433,0.16414099999999998,0.050750060312772044,0.0025755686217500003,1.5,13.951717154622319,0.4689025686325935,0.02938015,0.024034573909838715,-0.034374,0.079672,0.11404600000000001,0.03795858212644408,0.00144085395705,0.5,8.100415518323612,0.5584723068588996,-0.011615074999999999,0.025553284629756992,-0.072211,0.054891,0.127102,0.02806920594931392,0.000787880322625,1.0,8.746451660211434,0.5774329019044082,1.8830884985915464,0.007567581970566048,1.8595135971315189,1.9073374563495573,0.047823859218038445,1.8831037044795607,3.546079561824645,5.5,0.1280061531186802,0.906597490163651,0.08052022800479022,0.03056957583646847,0.02571606046811992,0.19212291727172998,0.16640685680361006,0.08612784732457325,0.007418006084765,1.0,12.352316899369482,0.5555781349509678,2.0536591287077215,0.0063216448220897396,2.0340076169685304,2.074725192271015,0.040717575302484654,2.0536688584379457,4.217555780117815,12.5,0.08118645647411271,0.8690026759113798,0.0644552915398623,0.02549153376979021,0.018707479947871117,0.13274085355307913,0.11403337360520802,0.0693130788626865,0.004804302901425,1.5,7.610176700756138,0.6283637102539904,0.0012459371484763076,1.1970906597160642,-0.67147621829317,0.005078042066678251,1.1992050424481007,0.0026137031833400005,0.0022767557818044806,1.0728337198657822,0.0023611938573749997,0.00886763796176309,1.3689534083287018,-2.348288786500007e-05,0.003614620660372686,1.1414542479663625,0.00027599221383,non_chewing,still_01.csv,5949400.0,5951390.0
0.226750455,0.009841256508087521,0.198242,0.255371,0.05712900000000001,0.22696391601390076,0.051512619172365,0.5,0.48715911069155343,0.8140252541920174,1.80404056,0.008004698736142417,1.783203,1.827637,0.04443399999999986,1.8040583187156036,3.2546264173269703,0.5,0.3603273107680891,0.8227722228284147,-0.48500976,0.012158594228873667,-0.51123,-0.443359,0.06787099999999996,0.4851621365161135,0.23538229870887994,0.5,1.8713556322843454,0.6243998138837265,0.056487365,0.03342925137902096,-0.03917,0.172934,0.21210400000000001,0.06563792541210454,0.004308337252405,1.0,17.883976838320148,0.533020798443441,0.02570028,0.029563592298663573,-0.033308,0.102322,0.13563,0.03917282708306869,0.0015345103816799999,1.0,9.750505314072882,0.6038356950192322,0.01345767,0.028651962919512164,-0.103654,0.06928,0.17293399999999998,0.03165507638547094,0.00100204386097,2.5,13.005635003357094,0.556095261521507,0.31234863,0.008214374129725284,0.296875,0.342773,0.045897999999999994,0.3124566251581489,0.09762914260521999,1.5,0.4994055528874412,0.7922029955976683,-1.779033195,0.007344868717477186,-1.79834,-1.759766,0.03857400000000011,1.7790483568493536,3.165013056008385,0.5,0.4581032614878313,0.7617866398723595,0.9763915950000001,0.009376992037480625,0.948242,0.99707,0.04882799999999998,0.9764366209674415,0.9534284747663151,0.5,0.81483947717486,0.771850706240582,-0.0352157,0.029886509285461896,-0.115645,0.043433,0.159078,0.0461881907391922,0.00213334896376,1.0,12.546624315678958,0.538419832915799,0.030467320000000006,0.020981906486008367,-0.034374,0.083136,0.11751,0.03699321542891345,0.00136849798777,0.5,4.374766175003973,0.6547325056932762,-0.0146221,0.026128243229693034,-0.072211,0.054891,0.127102,0.029941457925091088,0.00089649090268,1.0,9.55172582961319,0.6248429571397839,1.88187669469938,0.007838440887864267,1.8595135971315189,1.9073374563495573,0.047823859218038445,1.8818930190657,3.541521335208215,4.5,0.15321384100189592,0.8843493976641904,0.07680229331531982,0.030761977123757507,0.02571606046811992,0.19212291727172998,0.16640685680361006,0.08273385942318297,0.006844891495055,0.5,13.710100084448364,0.5509557396006874,2.053298139640035,0.006117444784450769,2.0340076169685304,2.074725192271015,0.040717575302484654,2.053307252551337,4.21607067337992,2.5,0.09010539945904429,0.8814520260008236,0.06193630904276798,0.023711420800296597,0.012306424704194147,0.13207406244225245,0.1197676377380583,0.06631996572835364,0.00439833785421,1.5,5.42495596631193,0.6709742482926448,0.001720996103413499,1.2813259725347912,-0.6745493381717051,0.007050556323460914,1.2973485386153125,0.002446553640845,0.003542742093559058,1.1185398421649195,0.0021749882886450004,0.008581685812655202,1.4090041016233599,0.00016601239391,0.0025237196898191226,1.0965897197003693,0.00010555295828999995,non_chewing,still_01.csv,5949900.0,5951890.0
0.22640133499999998,0.009406519842788565,0.198242,0.258789,0.06054699999999999,0.22659666172592877,0.051346047105334996,0.5,0.43300359966108043,0.8290066685090772,1.8013232499999998,0.007336904054674563,1.783203,1.827637,0.04443399999999986,1.8013381917762332,3.2448192811516696,0.5,0.15179592836937872,0.8620267066615398,-0.49064943,0.009827401133824753,-0.51709,-0.464355,0.05273500000000003,0.4907478384795699,0.24083344097237003,2.0,0.7933018623705924,0.8054357794274304,0.059755539999999996,0.029733999496509043,0.006129,0.172934,0.166805,0.06674455248745025,0.00445483528675,0.5,14.440251648621341,0.552228745057638,0.029429435,0.027328833829597905,-0.033308,0.102322,0.13563,0.0401616334690834,0.001612956802905,1.0,7.948517988267114,0.6279154495187707,0.011930824999999999,0.025563531756867534,-0.103654,0.053825,0.15747899999999998,0.028210613978873273,0.000795838741065,0.5,10.282013304385142,0.5650609385229938,0.31471437,0.009384655149929593,0.296875,0.347656,0.05078100000000002,0.31485426221790297,0.09913320643678,0.5,0.765404765092314,0.7251839836497159,-1.7801318549999998,0.006785498850045956,-1.79834,-1.762695,0.03564500000000015,1.780144787420502,3.168915464180385,2.5,0.34635332158414245,0.8071893539109349,0.9741845699999999,0.008724567291568104,0.948242,0.99707,0.04882799999999998,0.974223636800355,0.94911169450051,1.0,0.41867231351704054,0.8495066642168475,-0.03578723,0.03067116133417677,-0.115645,0.031975,0.14762,0.04713221794759929,0.00222144596866,1.0,12.43412472392004,0.609615727094686,0.037047619999999996,0.017386965651188246,-0.005063,0.083136,0.088199,0.040924720184993324,0.00167483272222,10.5,1.6619483910790873,0.7143721962831197,-0.016270189999999997,0.02705793499777653,-0.092729,0.054891,0.14762,0.03157294615616351,0.0009968509289800002,2.5,10.60480387689424,0.6135696378666919,1.880675676217453,0.007600665326218889,1.8595135971315189,1.9073374563495573,0.047823859218038445,1.8806910350265869,3.536998769229375,6.0,0.08061652995797479,0.869572995197937,0.077242371264277,0.029954080059177178,0.02571606046811992,0.19212291727172998,0.16640685680361006,0.08284703272127493,0.00686363083072,0.5,13.647576318814467,0.5534096836610483,2.053563201134696,0.006208386512947128,2.038744021206684,2.074725192271015,0.035981171064331186,2.0535725857923004,4.217160365117675,2.5,0.10599240658428193,0.8865489366327705,0.06579464418321371,0.023752777030576912,0.012306424704194147,0.13207406244225245,0.1197676377380583,0.06995090864213273,0.00489312961986,3.5,4.5969236500609485,0.6953709034542565,0.0013922788132717627,1.2242577536640589,-0.6801615958882996,0.006201303028600263,1.2610769688368368,0.00197050121086,-0.0009371618376677257,0.9694448531812374,0.00223338931809,0.009941868178409665,1.5718000701134545,-6.187591931499986e-05,-0.0014944032409090063,0.9447702405585715,-0.00020101218791500016,non_chewing,still_01.csv,5950400.0,5952390.0
0.227836875,0.009628775344215638,0.198242,0.258789,0.06054699999999999,0.22804024847468263,0.052002354924395,0.5,0.5292963080044074,0.800337411525737,1.8001244950000004,0.006478310365363417,1.783691,1.820313,0.036622000000000154,1.8001361520741133,3.240490166004195,6.0,0.11739760259775256,0.8456387743180916,-0.49162845000000005,0.008914071531432765,-0.51709,-0.465332,0.051758000000000026,0.49170925710288393,0.24177799352067,0.5,0.5050940632967117,0.861365081060369,0.04823904,0.022558723363444128,-0.001066,0.106851,0.107917,0.05325317812027748,0.00283590097991,2.5,6.938403450691201,0.5911985258308244,0.025888135000000007,0.022329634666666064,-0.033308,0.079406,0.11271400000000001,0.03418783582101974,0.0011688081181250001,0.5,4.892396411524211,0.6860124531449329,0.01720147,0.014989758980020326,-0.017054,0.053825,0.070879,0.022816297781191406,0.0005205834444399999,0.5,2.0341089516848756,0.7368375258988715,0.32293949,0.016754210841155723,0.296875,0.382813,0.08593800000000001,0.32337380503431323,0.10457061778237002,0.5,3.4646726473632814,0.674788695700051,-1.778442405,0.008517378249260453,-1.79834,-1.742676,0.05566400000000016,1.77846280074519,3.162929933634425,2.5,0.5300356151662226,0.8258494192316111,0.97493895,0.009573533379452962,0.948242,1.006836,0.058594000000000035,0.9749859531134129,0.9505976087684701,0.5,0.5629924946842498,0.839717340059282,-0.011034194999999998,0.05728858241950987,-0.098858,0.320821,0.419679,0.05834153867472986,0.0034037351349350004,0.5,41.26007204381465,0.5973606579092774,0.039384489999999994,0.023704877913625712,-0.058622,0.136162,0.194784,0.04596802464170067,0.00211305928946,10.5,2.8152560822431227,0.7421459181952049,-0.05132066500000001,0.08341727170612076,-0.527596,0.04823,0.575826,0.09794004224491126,0.009592251874935002,0.5,91.90069518306784,0.5912661223089939,1.8799528636132548,0.006909778692816369,1.864109320578329,1.8976472007056528,0.03353788012732384,1.8799655620381082,3.53427051444926,6.0,0.06422458191804338,0.8431508600125097,0.06462621064002377,0.018674727328297922,0.012969143418129048,0.11769821587432837,0.10472907245619932,0.06727029465131694,0.004525292542475,2.5,3.4648923110810275,0.6908228648788717,2.0537891080242887,0.006961317839395802,2.03862207406032,2.074725192271015,0.03610311821069523,2.0538009056832323,4.2180981601852645,12.5,0.11837718067133492,0.8776197719685427,0.08780130888672703,0.08602311583003458,0.012306424704194147,0.5845071317494765,0.5722007070452824,0.12291886063306151,0.01510904629933,0.5,94.88778766988375,0.588078539254453,-5.153914657943237e-05,0.9925963520459072,-0.6838276457360046,-0.06734838850173668,0.2170896409425072,-0.010583753756855,-0.03472985905606574,0.3937734607962941,-0.0005678341550250003,-0.0013752432469596489,0.9419847994167837,-0.0009442511713349997,-0.06842751272610045,0.17969610697445582,-0.009071668430495002,non_chewing,still_01.csv,5950900.0,5952890.0
0.230214815,0.0090592933008472,0.198242,0.258789,0.06054699999999999,0.2303929943392268,0.053080931840594994,6.5,0.29031031783959976,0.8025545038525284,1.799421365,0.0065139351571668995,1.783691,1.821289,0.03759800000000002,1.7994331552379752,3.237959680169695,11.0,0.09676938302133747,0.8175978927294327,-0.493037135,0.008697730258910946,-0.51709,-0.475098,0.04199200000000003,0.4931138479100592,0.24316126700066498,1.0,0.3936987188801562,0.8702475876683636,0.04406624,0.020226894625038218,-0.011458,0.088199,0.099657,0.048486707187743734,0.00235096077391,2.5,5.565127017189577,0.5993773752549609,0.032335205,0.018925767789259567,-0.030643,0.071412,0.102055,0.037466654091405066,0.001403750168805,3.0,3.0005590877432464,0.7114534264788268,0.015558724999999997,0.014124356503549994,-0.017054,0.050361,0.067415,0.021013599650345487,0.000441571370265,0.5,1.7268170647379089,0.7277866066888614,0.34373293000000005,0.037834950105228096,0.303711,0.624512,0.32080099999999995,0.345808922117186,0.11958381061585,0.5,18.600449175848198,0.5729082915591427,-1.7685888899999997,0.01883872333275002,-1.79834,-1.665039,0.1333010000000001,1.7686892206739544,3.12826155932824,0.5,4.8288229532613745,0.5718717435506989,0.987753905,0.02543358561461547,0.941895,1.054688,0.11279300000000003,0.9880812942870465,0.976304644119965,0.5,10.701126878718826,0.42468057784038593,-0.0037570900000000007,0.07241717475282987,-0.134564,0.320821,0.45538500000000004,0.07251457042863868,0.00525836292445,2.0,77.33494727101436,0.5675188354341443,0.032798875,0.04416634952313101,-0.093795,0.27419,0.367985,0.05501302238075091,0.0030264326314650004,1.0,12.90856445928191,0.7724792489391411,-0.058660385,0.1624050259546384,-1.974753,0.144423,2.119176,0.17267435601059875,0.029816433223675,0.5,109.12101932895268,0.9196121457230207,1.8799346757742241,0.0068915769325819535,1.8623717932448398,1.9006037362201516,0.03823194297531174,1.879947307509164,3.534201879010955,11.0,0.06420280836832712,0.8127144822969091,0.06258034614411777,0.016732680283278126,0.012969143418129048,0.09936361926781853,0.08639447584968948,0.06477871805600972,0.00419628231298,2.0,3.179292767562657,0.6674800715568988,2.0552543647991213,0.008916840147527354,2.0298958196432153,2.0955104373572087,0.06561461771399335,2.055273707821918,4.224150014064055,0.5,0.3279926526463527,0.8655215125104229,0.10819754002025178,0.16246390710910535,0.012306424704194147,1.9982334791522736,1.9859270544480794,0.19519536054832348,0.03810122877959,0.5,155.77078786447404,0.8893283727064624,-0.0020252632149454003,0.7728720957830553,-0.6899481350530996,-0.14573122682582718,0.10299321603807682,-0.03390494646661,-0.052190280127791644,0.2793107393940111,-0.00290740215054,-0.025240581733871465,0.4285110269153592,-0.0016226824626600004,-0.14828066945108842,0.08696994702303788,-0.029374861853409998,non_chewing,still_01.csv,5951400.0,5953390.0
0.233088355,0.0094484937793796,0.207031,0.267578,0.06054699999999999,0.23327977895931098,0.054419455271305,2.5,0.5589037238248574,0.8233869878658029,1.7994506849999998,0.010620550751056886,1.750488,1.84668,0.09619200000000006,1.7994820265413116,3.2381355638452254,6.5,0.1332521517916864,0.8957873261654015,-0.491025415,0.011893293294238359,-0.538574,-0.435059,0.10351500000000002,0.4911694296282139,0.241247408601305,1.0,0.7399783228838519,0.8732408052479891,0.05019221,0.03128891494500728,-0.011458,0.168138,0.179596,0.059146040806802955,0.00349825414312,2.5,9.727415000641699,0.6235603582522189,0.035708645000000004,0.024054083135488142,-0.033041,0.107917,0.140958,0.04305468898070221,0.0018537062432250001,3.5,3.0287743095435697,0.6801295753460074,0.01281418,0.02091608477577962,-0.071945,0.07008,0.142025,0.024529284771880325,0.00060168581142,3.5,2.8833329521116156,0.71788744404682,0.365488315,0.041403821693604265,0.305664,0.624512,0.31884799999999996,0.3678260252515787,0.135295984852375,0.5,24.36113285661546,0.5118273274772699,-1.75831056,0.020999919705475076,-1.794434,-1.665039,0.12939500000000015,1.7584359590372207,3.09209702203515,0.5,6.072146225911591,0.5090251526113703,0.99992187,0.02591440795548106,0.941895,1.054688,0.11279300000000003,1.0002576181384373,1.00051530264398,0.5,10.637056592353375,0.3853848622054345,-0.004776299999999999,0.07694306861257874,-0.134564,0.320821,0.45538500000000004,0.07709117231700398,0.0059430488492099994,2.5,82.40941776757752,0.5849201008358559,0.043133625,0.0533096666116416,-0.093795,0.27419,0.367985,0.06857426747610944,0.004702430159885001,1.0,28.592342554216916,0.6635280739898193,-0.059998035000000005,0.162658890716689,-1.974753,0.144423,2.119176,0.17337150553953495,0.030057678933044996,0.5,110.12455492935001,0.91933376654744,1.879814217270727,0.010046704170013191,1.8415665015529579,1.9153360067899314,0.07376950523697356,1.879841064483334,3.533802427717835,6.5,0.08054237698470831,0.8709086436069972,0.0706998965670588,0.030905838011162024,0.012969143418129048,0.1922527932202807,0.17928364980215164,0.07715987427261012,0.0059536461977650005,3.5,7.1595108655398265,0.6569016336900007,2.056158874105383,0.010908435689339439,2.0066339852765878,2.0955104373572087,0.0888764520806209,2.056187809887877,4.2279083095315055,46.5,0.25650157554925096,0.8585443706101962,0.1222360042853764,0.16050394761028602,0.024167919335350323,1.9982334791522736,1.9740655598169232,0.20175023653552426,0.040703157942139995,1.0,144.89917186392893,0.906831808903361,-0.0008617315193262462,0.9210031993708873,-0.6941058818136705,-0.12959810959912396,0.1925550023617077,-0.034749511744374996,-0.04565415366757147,0.4066502091637677,-0.0024447947060899995,-0.029255583476153462,0.4512142855951623,-0.0028487239166600006,-0.14174280594090935,0.12858863529452072,-0.029455993121624995,non_chewing,still_01.csv,5951900.0,5953890.0
0.23420895000000003,0.010032551639413575,0.194824,0.267578,0.07275399999999999,0.23442372821986257,0.05495448435249999,1.5,0.5451038586120747,0.8481046235202171,1.799189475,0.012577141544459734,1.750488,1.84668,0.09619200000000006,1.7992334343937155,3.2372409514402047,6.5,0.08454575231007395,0.8970342954985866,-0.491164555,0.014997166857009194,-0.574707,-0.435059,0.139648,0.4913934626163488,0.241467535102085,1.0,0.9037541509927782,0.891571640416633,0.0554975,0.040541266088517755,-0.011458,0.18679,0.198248,0.06872820936347752,0.00472356676231,2.5,22.657082685486536,0.588029986118419,0.038673035,0.03024515003754776,-0.033041,0.113779,0.14682,0.04909554701706663,0.0024103727369049997,3.5,4.651497142500354,0.6082573640766933,0.0071398650000000004,0.02264650750572315,-0.071945,0.07008,0.142025,0.02374535690245569,0.000563841974425,2.5,5.5230633544013275,0.667114386964538,0.382443865,0.03396850878456066,0.311035,0.624512,0.31347699999999995,0.3839494360787433,0.147417169465185,0.5,13.107559982063046,0.6779251113981133,-1.74921143,0.018936276272411647,-1.789063,-1.665039,0.12402400000000013,1.7493139253437933,3.0600992094017103,0.5,3.90348693462575,0.6841168281071547,1.013034665,0.022789649537295984,0.941895,1.064941,0.12304599999999988,1.013290975296679,1.026758600617695,1.0,6.828533299301856,0.5856320650643441,-0.007146504999999998,0.07828367551086227,-0.134564,0.320821,0.45538500000000004,0.07860920038522845,0.006179406385205,2.5,88.61165220339315,0.5595358640056948,0.04828835,0.05569787531098022,-0.093795,0.27419,0.367985,0.07371579247271239,0.00543401805988,1.5,33.110042796895904,0.6900420943343624,-0.046445735,0.16812459183818046,-1.974753,0.144423,2.119176,0.17442214504025857,0.030423084680445,0.5,144.13226602958315,0.9043776969319428,1.879770938108369,0.011144107769238782,1.8415665015529579,1.9153360067899314,0.07376950523697356,1.8798039714009516,3.5336629708947895,6.5,0.05065265133108088,0.879656374146817,0.07857741421566881,0.03903039134852747,0.012969143418129048,0.20993432936039785,0.1969651859422688,0.08773700173609764,0.0076977814736399995,0.5,16.952981226554027,0.5966770831895831,2.0576882966611985,0.01392311991352924,2.0066339852765878,2.122252325367085,0.1156183400904971,2.057735400746313,4.23427497948459,47.5,0.3556038151100379,0.9023727786880522,0.12881938071131357,0.15950572490880585,0.019203986565294196,1.9982334791522736,1.9790294925869794,0.205028069116231,0.04203650912553,1.0,138.7339862783262,0.9116408413099163,-0.0027790121442904606,0.8004030589731498,-0.7006120085898009,-0.12047533356027831,0.24469586512234792,-0.03433872765189,-0.0377424094223445,0.517876374914109,-0.001455839622895,-0.025452725273432477,0.5430216120216215,-0.003023645322975,-0.14547808433245724,0.1347007434077245,-0.029859242706019997,non_chewing,still_01.csv,5952400.0,5954390.0
0.234042935,0.010530226143857263,0.194824,0.267578,0.07275399999999999,0.23427970694461567,0.054886981086055,1.5,0.607359176387014,0.8411051211207591,1.797897975,0.01416501790872059,1.750488,1.84668,0.09619200000000006,1.7979537747788332,3.232637776241455,6.5,0.15901978293816743,0.906957909821568,-0.49538816500000005,0.018070394593582485,-0.574707,-0.435059,0.139648,0.49571763452880613,0.245735973182835,0.5,1.8624919050977944,0.8571936985565344,0.056498055000000005,0.0431272628692336,-0.045299,0.18679,0.23208900000000002,0.07107735941476019,0.0050519910213749995,2.0,26.691240700374426,0.5147654825435392,0.034744065000000005,0.03460297674132638,-0.037838,0.113779,0.151617,0.049035864957039356,0.002404516052085,3.5,6.840229432311458,0.5764475816618903,0.008372235,0.024034330699226367,-0.071945,0.07008,0.142025,0.025450802955014996,0.000647743371055,2.0,6.766045005265116,0.5971422015061351,0.3921459949999999,0.025824123296928687,0.336914,0.624512,0.28759799999999996,0.39299537750283403,0.15444536673859502,0.5,2.4803960904833335,0.8921299128305189,-1.742055665,0.014455877434897374,-1.780273,-1.665039,0.11523400000000006,1.7421156426457474,3.0349669123510052,3.5,0.3988801724278853,0.8883295360341636,1.02422365,0.014994586793156389,0.941895,1.064941,0.12304599999999988,1.0243334041475072,1.04925892285242,34.0,0.6544573825295645,0.9175515860253975,-0.024513195,0.06200699458090978,-0.134564,0.266729,0.401293,0.06667656339423171,0.004445764106065,2.5,37.960518848560746,0.6235225444630897,0.044696414999999996,0.05473866750006594,-0.093795,0.27419,0.367985,0.07066888447920343,0.0049940912335349995,1.5,33.55858313866361,0.671400994868199,-0.018361924999999998,0.14700355157791042,-1.974753,0.144423,2.119176,0.14814588913036028,0.021947204466224998,2.0,60.756909450295964,0.9663576082356793,1.879658354679176,0.012049904361348833,1.8415665015529579,1.9153360067899314,0.07376950523697356,1.8796969783745319,3.5332607305103454,6.5,0.06182508809652812,0.8904108144223015,0.08090931504588159,0.03947066231166231,0.015530133225442723,0.20993432936039785,0.19440419613495513,0.090023610483667,0.008104250444515,2.0,17.508859188999715,0.5631186707447321,2.058744156032004,0.015610955963440113,2.0066339852765878,2.122252325367085,0.1156183400904971,2.0588033422214034,4.2386712019420205,32.0,0.2720942646380354,0.9148552786460011,0.10357386145319702,0.14373418184099057,0.018493641637060017,1.9982334791522736,1.9797398375152135,0.17716393483388485,0.03138705980582499,1.5,85.66502131826346,0.9513782122857685,-0.003561051602091284,0.7718876659167417,-0.7054104714316751,-0.10426351952932822,0.2746087382006856,-0.02328280936130999,-0.01887973171167616,0.6955225480725249,0.0006062269153099993,-0.020135690758739604,0.6321486861419245,-0.0025895751814499993,-0.12296922087868395,0.16349489819290813,-0.02129946109517,non_chewing,still_01.csv,5952900.0,5954890.0
0.232893035,0.011636310900529214,0.194824,0.267578,0.07275399999999999,0.23318355319980222,0.054374569482884993,1.5,0.7802074699266665,0.8548535595598112,1.796855495,0.014340104725906817,1.750488,1.84668,0.09619200000000006,1.7969127158866802,3.228895308515245,5.0,0.2409567002261944,0.9179191463369709,-0.49842285500000005,0.019098083944573473,-0.574707,-0.435059,0.139648,0.49878861173517686,0.24879007919670498,2.5,2.3247379805899278,0.8557304266335116,0.054484935,0.05003878418727593,-0.127369,0.18679,0.314159,0.07397626690293989,0.005472488064895,2.5,36.075702877718655,0.5330672401334158,0.027692135000000003,0.041332863020201914,-0.096193,0.113779,0.209972,0.04975198394340672,0.002475259906305,1.5,14.852604648533283,0.581132164717363,0.016288840000000002,0.036554809849380976,-0.071945,0.190521,0.262466,0.040019750519837076,0.00160158043167,2.5,19.580351541413904,0.5679963567240159,0.38922364000000004,0.017472840026750088,0.336914,0.447754,0.11084,0.3896156337641625,0.15180034207345,0.5,2.3671480466697177,0.8035227752016616,-1.742797865,0.013192767946749274,-1.780273,-1.70752,0.07275300000000007,1.742847798109363,3.037518447374655,3.5,0.36115140795346445,0.9175955031010673,1.0240625,0.012999589306589648,0.980469,1.064941,0.08447199999999988,1.024145005957843,1.04887299322839,2.0,0.5291895731209679,0.8949300831695284,-0.035542095,0.03787237357858595,-0.114579,0.082603,0.197182,0.05193801302962023,0.0026975571974650002,2.0,15.513569420653692,0.5909043700877069,0.042255614999999996,0.05921241225905912,-0.191587,0.200913,0.3925,0.0727437060134071,0.005291646764565,1.5,55.41039351222305,0.5084472211337633,-0.007087885,0.042006324455750414,-0.094328,0.133231,0.22755899999999998,0.042600110423037636,0.001814769408055,2.0,21.26801743253548,0.6612774402826342,1.879336093671124,0.012482156055556356,1.8415665015529579,1.9153360067899314,0.07376950523697356,1.8793775451448904,3.532059957194835,5.0,0.2254487677897695,0.9015325153217969,0.08827037553762233,0.041924565654483825,0.015530133225442723,0.22251759603680785,0.20698746281136512,0.09772066517820066,0.00954932840287,4.0,15.258615716200522,0.5620228799693947,2.0586292172638165,0.015411959780020133,2.0066339852765878,2.122252325367085,0.1156183400904971,2.0586869073942484,4.238191782676495,46.0,0.2274238522927643,0.92588188122446,0.09014136068869615,0.04096960413862188,0.018493641637060017,0.20838659319879482,0.1898929515617348,0.09901501588186006,0.009803973370085,2.0,24.14762250986919,0.5630495018136227,-0.002929803724463779,0.80990063779806,-0.70613182548166,0.0009549615158619476,1.023309024725521,-0.0002546449672149991,0.012166410608689962,1.3212476393496808,0.00277493086743,-0.017879549238857186,0.6980438972722018,-0.0028163868582600005,-0.005451514606369438,0.8702215755127045,-0.0002131889763850002,non_chewing,still_01.csv,5953400.0,5955390.0
0.23572262500000002,0.015469592136652308,0.188965,0.298828,0.10986299999999999,0.23622968530175245,0.055804464217765,1.5,2.5817087164259025,0.7119208770729484,1.796047385,0.012655085781881327,1.753418,1.825684,0.07226600000000016,1.7960919687926575,3.2259463603614846,5.0,0.2140392548128881,0.9018941616092627,-0.50012207,0.01991856333461578,-0.574707,-0.452637,0.12206999999999996,0.5005185651565784,0.2505188340664,1.5,3.038947159672185,0.7913615250202559,0.05093966,0.06281740792061066,-0.142557,0.18679,0.329347,0.08087568051509675,0.00654087569878,1.5,66.68491070473128,0.4784795721368514,0.01845653,0.05237734025415093,-0.143623,0.113779,0.257402,0.05553403705602538,0.0030840292717399997,1.5,30.60301982491886,0.5978474729701803,0.020939935,0.042231490382305656,-0.052493,0.190521,0.243014,0.04713787922377289,0.002221979657715,1.5,30.51019214271277,0.48413398329632207,0.39096679999999995,0.01994382036371166,0.336914,0.447754,0.11084,0.3914751520504718,0.15325279467294,0.5,4.624684368163761,0.6939110941912553,-1.7410669250000002,0.015396917961052305,-1.797363,-1.688477,0.10888600000000004,1.7411350040739675,3.031551102411655,3.5,1.0428617107864913,0.816911319208857,1.026132815,0.01281707632070493,0.990234,1.064941,0.07470699999999997,1.026212858750676,1.053112831465235,2.0,0.5861122597074407,0.8992447715346379,-0.030509949999999997,0.058928909581694285,-0.234753,0.137495,0.372248,0.06635867263206822,0.00440347343349,2.0,53.0205036933406,0.49412249477369286,0.036830415,0.06735270570031152,-0.191587,0.189455,0.381042,0.07676500787614758,0.005892866434225001,1.5,77.54378746049763,0.4374444896697909,-0.00853079,0.05517625788766306,-0.175599,0.133231,0.30883,0.055831835116804104,0.00311719381251,2.0,43.46058378242957,0.5682202563169358,1.8793994382473875,0.01128761095428405,1.8436294119480738,1.9135627308439616,0.06993331889588772,1.8794333344510121,3.5322696586456503,5.0,0.27510329817014945,0.8769730802769475,0.09773134211104477,0.047911057151861364,0.02255555743048706,0.23602788797301053,0.21347233054252346,0.1088433949683443,0.011846884628234999,2.0,31.50655058815601,0.5226738318525163,2.058565276509198,0.015024343594307994,2.0136838250661397,2.122252325367085,0.10856850030094511,2.0586201030179976,4.2379167285498305,3.5,0.28166618282838574,0.8953878632089902,0.10261114972419741,0.05370740761294796,0.018493641637060017,0.23524621720444305,0.21675257556738303,0.11581681087055108,0.013413533680225,2.5,48.931362734475854,0.47798067958641266,-0.003736732640023943,0.7512881267279049,-0.7056470699041801,-0.005796350461086619,0.8920754004203842,-0.0015666490519900007,0.0038884983389163782,1.0659862598259293,0.00213740226529,-0.014975365446160564,0.7776575522772011,-0.002808837162485001,-0.01294476750535739,0.7653924350630575,-0.0008952141547950002,non_chewing,still_01.csv,5953900.0,5955890.0
0.23763425999999999,0.016098557879897193,0.177734,0.298828,0.12109399999999998,0.23817893502902393,0.05672920509156001,0.5,2.639124570564296,0.7381539121000396,1.79499269,0.013436742706991897,1.721191,1.855469,0.13427800000000012,1.795042980880405,3.22217930320801,2.5,0.3101350870275176,0.9154924975675506,-0.5007861250000001,0.019431878715898136,-0.583984,-0.452637,0.13134699999999994,0.5011629883610171,0.251164340902945,2.0,3.034065287783675,0.767285139716171,0.045723625,0.05829226604725857,-0.142557,0.179862,0.322419,0.07408534378718237,0.005488638164065001,2.0,53.903997651616244,0.4932061440400332,0.021772655,0.05644459325077978,-0.143623,0.1303,0.273923,0.06049826950413541,0.003660040612995,2.5,47.451859723510644,0.5625889180100112,0.02159278,0.04454075900185806,-0.079406,0.190521,0.26992700000000003,0.04949876120257961,0.00245012736059,1.0,31.926546822137997,0.5130425099383796,0.3918384,0.01882455330944137,0.336914,0.443848,0.10693400000000003,0.3922903204539464,0.15389169552185997,0.5,4.338154009647042,0.6660300136507078,-1.7420678950000001,0.015291809878950721,-1.797363,-1.688477,0.10888600000000004,1.7421350091881813,3.0350343902391046,3.5,0.8500180909165094,0.8537336958805519,1.02430664,0.012954127590864622,0.984863,1.071777,0.08691399999999994,1.024388550389807,1.0493719021697299,2.0,0.8859834179268584,0.8542634169066046,-0.031663739999999996,0.06066131555169571,-0.234753,0.137495,0.372248,0.06842797406945496,0.004682387635250001,2.0,54.87568226832137,0.5007588748760095,0.031701,0.0658583205098642,-0.191587,0.189455,0.381042,0.07309084608471844,0.005342271781380001,1.5,73.178613992295,0.44036725202306204,-0.010242805,0.051070773380251205,-0.175599,0.087933,0.263532,0.052087800375183825,0.002713138947925,1.0,36.73659686681142,0.569607287404952,1.8788117059237792,0.011807746876261752,1.8262325003933644,1.9254852553333146,0.09925275493995023,1.8788488095646534,3.530072849202515,2.5,0.3088758277532597,0.8995305588890877,0.09841312107217715,0.04374544248813814,0.0267700274560935,0.23602788797301053,0.20925786051691703,0.10769775363325829,0.011598806137649999,0.5,26.35268020973618,0.4926997697008278,2.058663070198263,0.014295150665746303,2.017433401070776,2.1031207594726937,0.08568735840191755,2.0587127016489446,4.238297987930696,3.5,0.157465937063905,0.9124555761136449,0.09938842472247959,0.053476531261283294,0.018493641637060017,0.23524621720444305,0.21675257556738303,0.11286185522378674,0.012737798364554999,0.5,47.99859881154033,0.4556772494903553,-0.002487403789484555,0.8259966720431418,-0.7082251387281806,-0.009731088773145144,0.8180306660953831,-0.0011389922269050001,-0.002369049504437115,0.9609462887032477,0.0008062505288150001,-0.00941372725908441,0.8570609273633932,-0.0016822311683850006,-0.006530014378393144,0.872137938272964,-0.00026301158733500014,non_chewing,still_01.csv,5954400.0,5956390.0
0.24106689000000003,0.01673936272167791,0.177734,0.298828,0.12109399999999998,0.24164737060146133,0.0583934517186,3.0,3.1396184788934853,0.7227651151422501,1.7934131150000001,0.01230432012107028,1.721191,1.855469,0.13427800000000012,1.7934553234880553,3.216481997347645,0.5,0.46442748992822513,0.9335184016847233,-0.5019921700000001,0.018762171543856537,-0.583984,-0.452637,0.13134699999999994,0.5023426697209287,0.25234815782235004,2.0,3.605458271037265,0.7474878160051613,0.055500135000000006,0.06061866356920759,-0.142557,0.179862,0.322419,0.08218812175694855,0.0067548873579349996,2.0,61.809970498575545,0.4684363196394409,0.03817476,0.06412198936022181,-0.143623,0.163341,0.306964,0.07462534301810611,0.005568941820569999,0.5,67.09968233447366,0.5118483435361526,0.019684919999999998,0.04534397624727677,-0.079406,0.190521,0.26992700000000003,0.049432502033783396,0.0024435722573199997,2.0,34.08845683991937,0.4843546828907595,0.38985353500000003,0.02041042310484462,0.344238,0.443848,0.09961000000000003,0.39038745384978113,0.152402364123315,0.5,6.418456795672656,0.5263065054445526,-1.7442871500000001,0.01592881919062113,-1.797363,-1.688477,0.10888600000000004,1.7443598794216548,3.04279138893593,0.5,1.8175356212558518,0.8044755757218706,1.02040774,0.012884063493416975,0.984863,1.071777,0.08691399999999994,1.0204890763472239,1.0413979549440102,0.5,1.337987868356743,0.8000572842255707,-0.039376495,0.06096639564079522,-0.234753,0.137495,0.372248,0.07257692302595227,0.0052674097559150005,1.5,59.60348692321609,0.511977666332925,0.043246865,0.0702664463734774,-0.191587,0.189455,0.381042,0.08250857421071461,0.006807664818285001,1.5,86.15825990222507,0.43732738500233515,-0.0017572849999999995,0.054134814245767715,-0.175599,0.108717,0.284316,0.054163328590431,0.002933666163995,1.5,43.14791589823949,0.5468009601393641,1.8780581459195047,0.011009424779999097,1.8262325003933644,1.9254852553333146,0.09925275493995023,1.8780904149930042,3.527223606888595,5.5,0.2933334894511055,0.8972498156234432,0.11302193800593555,0.04464798948673347,0.0267700274560935,0.23602788797301053,0.20925786051691703,0.1215211974752759,0.014767401435825,1.5,26.860485598444637,0.5379983381830045,2.0582617423787273,0.012260010739835668,2.0227881848695874,2.1031207594726937,0.08033257460310628,2.0582982553564135,4.236591708003255,3.5,0.19889328933564188,0.9183363995457364,0.1115364918646024,0.050678908045975905,0.018572338463424577,0.23524621720444305,0.21667387874101848,0.12251016585653209,0.015008740738195,2.5,42.4668417708282,0.5086105922171692,-0.001250585959836568,0.8979947092727154,-0.7093681011146598,-0.006030918559242419,0.8809974643934481,-0.00024133930236999897,-0.0003477320715876281,0.994296332136208,0.001487477602019999,-0.006144457013255583,0.9125548916961475,-0.001238722997715002,-0.008790837998490952,0.8376121148475498,-0.0004900939066750003,non_chewing,still_01.csv,5954900.0,5956890.0
0.24784178,0.0154045208436225,0.177734,0.298828,0.12109399999999998,0.24832004988721712,0.06166284717599,2.5,2.640514178720432,0.6830714090606823,1.7906445450000001,0.012457613201491486,1.721191,1.855469,0.13427800000000012,1.790687878627913,3.2065630786649355,0.5,0.7245933020637187,0.8917570184923914,-0.504423795,0.019333443590394725,-0.583984,-0.452637,0.13134699999999994,0.5047941630043526,0.25481714700326497,0.5,3.995970529451916,0.7433156068486303,0.059838140000000005,0.05583209297071354,-0.142557,0.179862,0.322419,0.08184024440426606,0.006697825604150001,2.0,44.94257389809873,0.5789250567355014,0.045964785,0.062193043980245694,-0.143623,0.163341,0.306964,0.07733521952917054,0.005980736179625,1.5,62.37899362963359,0.4900579848348551,0.01414383,0.03710839425428026,-0.079406,0.179596,0.259002,0.039712477273521986,0.0015770808512,2.5,18.146286704217324,0.6252207006717273,0.38625489,0.02256722879593106,0.344238,0.443848,0.09961000000000003,0.38691358190743314,0.14970211986444,0.5,8.265703793279283,0.4764562668838014,-1.747126505,0.016118833836849828,-1.797363,-1.688477,0.10888600000000004,1.747200858881936,3.052710841277775,0.5,2.482778901589849,0.7527046384820146,1.015939965,0.01292772889581828,0.984863,1.071777,0.08691399999999994,1.0160222136639558,1.0323011386586052,0.5,1.6152986620648626,0.7434897936794563,-0.03780835999999999,0.06138654673664581,-0.234753,0.137495,0.372248,0.07209563236521335,0.00519778020614,1.5,59.32461208494503,0.5266133766653703,0.05480733499999999,0.05294519000421828,-0.183859,0.189455,0.37331400000000003,0.07620391797266726,0.005807037114385001,1.5,40.533335114577,0.5852720090176763,-0.0017173250000000004,0.05182642472184798,-0.175599,0.108717,0.284316,0.05185486963251378,0.0026889275046050004,0.5,41.466304484667674,0.5638628799296109,1.8769476523032518,0.010515862185345816,1.8262325003933644,1.9254852553333146,0.09925275493995023,1.8769771103676758,3.52304307284419,10.5,0.24096731972613009,0.8987793370133226,0.11136566946784622,0.04305032286700556,0.025466286753274416,0.23602788797301053,0.2105616012197361,0.11939699592106578,0.014255642634974999,1.5,22.625561456727983,0.582316626337664,2.057810018436925,0.011490336002144564,2.0227881848695874,2.1031207594726937,0.08033257460310628,2.05784209787846,4.23471409980082,25.5,0.20094543665656356,0.9308033095475219,0.10561699101250613,0.05038646678021991,0.018572338463424577,0.23524621720444305,0.21667387874101848,0.11702027527368922,0.013693744825130002,1.0,41.49571036232073,0.5290139505847612,-0.0009744738167987502,0.9151918780602348,-0.7116710269566302,-0.007336143913214327,0.8544024937248773,0.0005618978098449971,-0.005554453765932277,0.9095167579671583,0.001500045398010001,0.00924785397602744,1.174668444391089,0.00017369906523999942,-0.014718030467567686,0.7160130079093967,-0.0011118466534050003,non_chewing,still_01.csv,5955400.0,5957390.0
0.24829589500000002,0.013803892225527371,0.177734,0.277832,0.10009800000000002,0.24867930938143004,0.061841398914425,2.5,1.6277119128249664,0.7459637983294473,1.7872583049999997,0.012268629628119638,1.721191,1.855469,0.13427800000000012,1.7873004134908115,3.1944427680644254,0.5,0.39869831291636443,0.8512595017630974,-0.512158175,0.015899683230944414,-0.583984,-0.457031,0.12695299999999993,0.5124049142486584,0.262558796146175,0.5,2.211943407990584,0.790678979170052,0.06689139499999999,0.04276672114610816,-0.048763,0.219832,0.26859500000000003,0.07939427663651204,0.006303451162635001,2.5,25.170490253252634,0.5685730861978341,0.053123304999999996,0.05150151374806351,-0.171868,0.163341,0.335209,0.07398980640916017,0.005474491452465,2.0,32.61354221385303,0.5947725804988113,0.00662559,0.030115662442687527,-0.117243,0.131366,0.24860900000000002,0.030835881164805394,0.0009508515672100002,2.0,8.953823587801859,0.7508405287775928,0.373752455,0.017453253177788234,0.32666,0.442383,0.11572300000000002,0.374159743512066,0.139995513665015,0.5,3.9309326846888353,0.6144422268544121,-1.754150415,0.013492475006194188,-1.806641,-1.708496,0.09814499999999993,1.7542023045608124,3.077225725326465,0.5,1.1465175312059368,0.8470807182100395,1.00937013,0.011801813598472906,0.976074,1.071777,0.09570299999999998,1.0094391225529304,1.0189673421404302,0.5,0.9150802928071927,0.8369783749296716,-0.051880255,0.036188507997014396,-0.164141,0.058089,0.22223,0.06325479404689419,0.004001168969915,3.0,18.39495315243621,0.5932499256730687,0.05752394499999999,0.03362825921397025,-0.032775,0.232089,0.264864,0.06663230497382631,0.0044398640661249995,1.0,11.965031034865323,0.6845560515598894,0.005267999999999999,0.034802716408493174,-0.144423,0.108717,0.25314,0.03519916040774268,0.00123898089341,1.5,11.18994763231663,0.7405103096258591,1.8758271943258438,0.010737790864906777,1.8262325003933644,1.9465451998065701,0.12031269941320577,1.8758579272229081,3.518842963125025,9.5,0.07516721595054475,0.8870295053149643,0.10462985899423512,0.04220647804729124,0.025466286753274416,0.2835981523776204,0.25813186562434604,0.11282195789078471,0.012728794182309999,1.5,25.592313957193817,0.5133279775774195,2.058170130609522,0.011148748750192127,2.0227881848695874,2.1008921844366504,0.07810399956706293,2.0582003258021095,4.23618858113191,25.5,0.18546596148481442,0.9274480155485151,0.09007925450846997,0.03956945585484205,0.014511339669375808,0.30914644240391964,0.29463510273454385,0.09838706179904957,0.009680013929449999,1.5,20.424547292992003,0.6551317490580371,-0.00041095788528534676,0.9631386539876715,-0.7173456180068851,0.0026370221924491843,1.0666428722730716,0.0030487802528599995,0.0065782131490937715,1.18177630173746,0.0023022821927200007,0.017873254534093275,1.5314950863310866,0.0010346273863400006,-0.00468705396580564,0.8653250536311061,-0.0002881293261999999,non_chewing,still_01.csv,5955900.0,5957890.0
0.24762207500000002,0.014508416533149817,0.194824,0.277832,0.08300800000000003,0.24804674192096335,0.061527186177605,0.5,1.8363345937685516,0.7494704159025425,1.7828662200000003,0.015332738107122285,1.664063,1.848145,0.18408199999999986,1.782932149935872,3.1788470512749503,25.5,0.40810990003263636,0.9309370815563687,-0.5206396200000001,0.013152490645334058,-0.555664,-0.486816,0.06884800000000002,0.5208057237818341,0.27123860192392,0.5,1.615698497955591,0.7567912021198197,0.06505682500000001,0.04760837217354081,-0.090597,0.219832,0.310429,0.08061605038759341,0.006498947580095,1.0,32.25236809340948,0.5864141587598799,0.039587000000000004,0.05452881627855129,-0.171868,0.163341,0.335209,0.06738339835404564,0.00454052237374,1.0,40.52846195223925,0.6018311238427918,-0.0019158649999999988,0.04017334398113723,-0.290711,0.131366,0.42207700000000004,0.040219001794239,0.0016175681053249998,0.5,12.348377787640183,0.8212264426505423,0.36353758999999997,0.014132507979191097,0.32666,0.413086,0.086426,0.3638121866084065,0.13235930712479,1.5,2.2067068995498054,0.7362886092783556,-1.76034669,0.012979370185178475,-1.806641,-1.719727,0.08691399999999994,1.7603945390293507,3.09898893304436,0.5,1.5195104287459342,0.7999231087494884,1.000417495,0.014007767565532174,0.96875,1.029297,0.060546999999999906,1.0005155580270828,1.001031381854245,0.5,2.667240730827667,0.6111219286434497,-0.05627288,0.03285875000324267,-0.164141,0.017853,0.18199400000000002,0.06516390469631175,0.0042463344752700005,1.5,12.934494486313413,0.6223593156072399,0.057001665,0.03135801606978309,-0.013057,0.232089,0.24514599999999998,0.06505778189121575,0.004232514984605,1.5,9.607687334101211,0.7210463701634894,0.0038824100000000006,0.03511770848947721,-0.144423,0.108717,0.25314,0.03533166507483054,0.0012483265569600002,1.5,12.848343810165352,0.7304694196240051,1.8738685783656766,0.015145639315424465,1.7569009697265239,1.9465451998065701,0.18964423008004627,1.873929785071062,3.511612839376476,8.0,0.2679020195020489,0.9273440403993451,0.10199031670372646,0.04748698092986723,0.024171902573028876,0.326380597396659,0.3022086948236301,0.11250350243063546,0.012657038059159999,1.5,28.11123928888856,0.6453096311812625,2.057257870134904,0.008347322408693243,2.030399144027351,2.0906046914558,0.06020554742844908,2.057274804692702,4.232379622023395,10.5,0.06422146003492642,0.9076223734674103,0.09045829421141782,0.039299784034973695,0.012916983355257526,0.30914644240391964,0.2962294590486621,0.09862644684279669,0.009727176016835,1.5,18.3882068984117,0.6553192208688909,0.00679831690673122,1.8144308526589523,-0.7207667826469195,0.008187196894893549,1.208326765551882,0.0029298620423249995,0.014749622170298154,1.448879588202308,0.002252613104825,0.023170800208768175,1.738911548396577,0.00030800738913500016,0.005055635491660021,1.1439625678644412,0.00036924154836499965,non_chewing,still_01.csv,5956400.0,5958390.0
0.24171631,0.01813791676609803,0.175293,0.276367,0.10107399999999997,0.24239587155030093,0.05875575854462999,0.5,3.683541860287794,0.6322636013005208,1.780383295,0.01568705815180064,1.664063,1.848145,0.18408199999999986,1.7804524034381024,3.1700107609085153,25.5,0.31021360949263543,0.9099842607141047,-0.526618625,0.012845367880071588,-0.566406,-0.489258,0.07714799999999994,0.526775264864311,0.277492179672865,0.5,1.44431658288136,0.725642300864996,0.06170609,0.04656359973135561,-0.090597,0.219832,0.310429,0.07730336579367034,0.005975810363030001,2.0,28.18694334685079,0.5684078654110052,0.023005019999999998,0.047370616655576694,-0.171868,0.155081,0.326949,0.05266124065695756,0.00277320626753,3.0,24.92544097539084,0.6433275420615224,-0.005517105,0.042502337943152904,-0.290711,0.131366,0.42207700000000004,0.04285892180415881,0.0018368871782149998,1.5,16.118613895820612,0.8006855210941217,0.35927003,0.010462062979599196,0.32666,0.384277,0.057616999999999974,0.35942232710001476,0.12918440921799001,0.5,0.7637077210522187,0.7511961365311347,-1.7665429650000002,0.012775194992397371,-1.806641,-1.736328,0.07031299999999985,1.7665891578966753,3.1208372527980845,0.5,1.43883924192281,0.6998306571343079,0.9895556550000001,0.01809678675168538,0.94043,1.025879,0.085449,0.9897211162914606,0.979547888033215,0.5,4.963065577707686,0.516740192199465,-0.059740875000000006,0.037576130689832545,-0.176398,0.017853,0.194251,0.07057575889344017,0.004980937743385,1.0,15.160678797826613,0.6414270687558984,0.035364885,0.033758286763575174,-0.039436,0.232089,0.271525,0.04889066389685254,0.002390297016275,0.5,14.888419154608908,0.5882339038654283,0.0005929150000000005,0.03391783429094162,-0.144423,0.116711,0.261134,0.03392301624539009,0.001150771031185,1.5,10.496283182399752,0.7465038115726957,1.872433903352948,0.015810651487288444,1.7569009697265239,1.9465451998065701,0.18964423008004627,1.872500653972118,3.50625869912601,9.0,0.23027318730984841,0.9101088096110013,0.09324426722818338,0.043490348789750194,0.024171902573028876,0.326380597396659,0.3022086948236301,0.10288782147939084,0.010585903808774999,2.0,17.89654377494727,0.7329786200424292,2.056572516309534,0.008890174889245416,2.0314469315406694,2.0906046914558,0.059157759915130725,2.0565917314939517,4.22956955004929,10.5,0.16026846705794656,0.8850975970356666,0.08378680836110654,0.0387527616500322,0.012916983355257526,0.30914644240391964,0.2962294590486621,0.09231471058745187,0.008522005790845,1.0,15.080726247957971,0.7093085251261313,0.006920476598043025,1.7784409962974779,-0.7233108509232804,0.0047375871397180025,1.1222516006085483,0.0020638980179299993,0.008987469041523075,1.2391802688709226,0.000994872619645001,0.01361232989200152,1.4032292867032896,0.00038290925125500017,0.008584503652211285,1.2530970456006956,0.0006861161470299998,non_chewing,still_01.csv,5956900.0,5958890.0
0.23114257500000002,0.019006909341720314,0.175293,0.273438,0.09814500000000001,0.23192272976220982,0.053788152580355,0.5,4.870101047129294,0.574886989564076,1.7775366350000001,0.015969453261516966,1.664063,1.848145,0.18408199999999986,1.7776083686247077,3.1598915122045947,9.0,0.5271978117055067,0.9040748387898563,-0.535412585,0.01475028441870783,-0.576172,-0.502441,0.07373099999999999,0.5356157270532812,0.286884207066815,0.5,2.379427016268173,0.6774212128962585,0.06993845,0.04496498281838324,-0.090597,0.219832,0.310429,0.08314587463163761,0.00691323646826,2.0,24.894997900713353,0.6476997715602403,0.024892915,0.04489175854706268,-0.171868,0.11751,0.289378,0.0513315419858492,0.0026349272026449998,0.5,21.549390543160044,0.6445210005513721,-0.008312284999999999,0.04127401558103809,-0.290711,0.131366,0.42207700000000004,0.04210271302546904,0.001772638444105,1.5,13.992559733698252,0.828190082783141,0.35305911,0.011593753881202583,0.318359,0.384277,0.06591799999999998,0.3532494165360362,0.12478515028305001,1.0,1.2397391992902924,0.7245108021169121,-1.7752807400000001,0.014907248221331796,-1.806641,-1.737305,0.06933599999999984,1.775343327884632,3.15184393186448,0.5,2.1828755689363004,0.7140750885501359,0.9749658250000001,0.021255523392388512,0.930176,1.016113,0.08593700000000004,0.9751974965065359,0.9510101571926151,0.5,6.876950145733516,0.4834572793163568,-0.06198315,0.03745511738704739,-0.176398,0.015188,0.191586,0.0724209686651594,0.0052447967024000005,1.0,15.62649494946522,0.5743311137605871,0.033193215,0.03409599212970309,-0.039436,0.232089,0.271525,0.04758493670632546,0.002264326201345,0.5,14.78048200921877,0.5994267536598284,0.010817054999999999,0.03649661830926223,-0.144423,0.116711,0.261134,0.03806588796921727,0.001449011826885,1.0,12.563200838163072,0.7425486637719868,1.8709121737490375,0.01585906584311223,1.7569009697265239,1.9465451998065701,0.18964423008004627,1.8709793884091201,3.500563871851765,9.0,0.29200312630449415,0.9036467553896148,0.09710254668742366,0.04349594856796102,0.024171902573028876,0.326380597396659,0.3022086948236301,0.10639925805667068,0.01132080211501,2.0,16.37017761450538,0.7468593207265675,2.056104583335681,0.008554631853633836,2.0314469315406694,2.0906046914558,0.059157759915130725,2.05612237946581,4.227639239340145,43.5,0.1524801366566626,0.9076536686883073,0.0861564205486895,0.039181704006683436,0.012916983355257526,0.30914644240391964,0.2962294590486621,0.09464742326460875,0.00895813473063,1.0,15.720594175035043,0.6535133595108008,0.007304433989478391,1.8538571985860048,-0.7270753674883799,0.004314244561277589,1.1101086507248814,0.002362667384379999,0.0075098654313358396,1.2005030541950157,0.0016684397658599994,0.010795766417359597,1.3166286048017575,0.00037060100129999995,0.004777397271775861,1.1308997242235848,0.00032362661721999997,non_chewing,still_01.csv,5957400.0,5959390.0
0.22327148000000002,0.015048095678510287,0.175293,0.273438,0.09814500000000001,0.2237780126932492,0.05007659896494,0.5,2.6141081200131824,0.6644328929114811,1.7737866350000002,0.014940604667541907,1.664063,1.837891,0.17382799999999987,1.7738495562398902,3.146542248172455,0.5,0.5298728250711738,0.9033521646316487,-0.5444799650000001,0.014873315857056724,-0.580078,-0.513672,0.06640599999999997,0.5446830709788814,0.29667964781098505,0.5,2.3033185096688427,0.5972057410832669,0.06329685999999998,0.03859271297512524,-0.090597,0.164141,0.254738,0.07413426994744064,0.00549588998064,2.0,14.931377186563877,0.712919237547479,0.025829510000000003,0.04175200667452883,-0.096726,0.105253,0.20197900000000002,0.04909575998179476,0.0024103936481899998,0.5,20.811922913241144,0.6237073308370827,-0.005341235,0.03871883435461061,-0.290711,0.104986,0.39569699999999997,0.039085507865511994,0.001527676925105,1.5,15.290492448739428,0.7791658045875995,0.34544924500000007,0.01327161509368679,0.318359,0.380371,0.06201200000000001,0.3457040882579565,0.119511316638265,0.5,2.286116052277356,0.5792354900141979,-1.7835571250000002,0.012283842835992945,-1.807129,-1.744629,0.0625,1.7835994255810594,3.181226910933085,0.5,1.8193142858565963,0.6039716526995397,0.96219972,0.016861000956692934,0.921875,1.004883,0.08300799999999997,0.9623474396086582,0.9261125945213401,0.5,4.23665622610337,0.43140727389891903,-0.051076844999999996,0.03703974321186602,-0.176398,0.015188,0.191586,0.06309347567185533,0.003980786672355,1.0,18.191970634733877,0.573899630749196,0.028368885,0.026446539037306472,-0.039436,0.084735,0.124171,0.038784185735876935,0.0015042130631950001,0.5,9.414712892812435,0.5650855052692265,0.012930075000000001,0.03186095111918938,-0.06475,0.116711,0.18146099999999998,0.034384692026031005,0.001182307045725,1.0,10.80689178115984,0.668169452696103,1.8689800998010673,0.014556149764705791,1.7569009697265239,1.9251567237965328,0.16825575407000892,1.8690367826632999,3.4932984949483794,39.5,0.237185965483558,0.9095553579914784,0.09040923855092661,0.03549831177079616,0.024171902573028876,0.326380597396659,0.3022086948236301,0.0971285774318506,0.009433960553934998,2.5,7.338610957656785,0.802121861431224,2.0559186540465326,0.007022110521950161,2.0314469315406694,2.0770346224769582,0.045587690936288894,2.055930646226348,4.22685082209269,1.5,0.1530376366413278,0.8970324968826071,0.07475897172576411,0.03283904578061614,0.012916983355257526,0.18624193823626298,0.17332495488100544,0.08165357788410132,0.006667306781275,1.0,13.974799890306667,0.5904022632918203,0.007534039242755624,2.072902401522341,-0.7335523271443103,0.0026592659901800153,1.0809787838521696,0.0027666537726599985,0.001552969763259228,1.0419271201308362,0.0015151033082850002,0.015305467637222361,1.5787323481394637,0.0009061805849949996,0.006857883235421233,1.2152441466598538,0.0003453698793799999,non_chewing,still_01.csv,5957900.0,5959890.0
0.21635740499999997,0.011013237526766369,0.165527,0.244141,0.07861399999999999,0.21663752698725816,0.046931818099155004,1.0,0.8099698521922166,0.7782333164672377,1.77143801,0.009018350827612556,1.749512,1.806152,0.056640000000000024,1.7714609659612628,3.13807395392441,0.5,0.5531589333991676,0.7871355326487199,-0.55308104,0.015014014551025322,-0.580566,-0.513672,0.06689400000000001,0.5532847887303789,0.30612405744042,0.5,2.84562020021732,0.598931203687053,0.06613868,0.031067795024391415,-0.015988,0.164141,0.180129,0.07307210739960905,0.005339532879819999,0.5,10.492461047671775,0.6662063047579613,0.026522300000000002,0.04528581744928538,-0.11298,0.105253,0.218233,0.052480831351456314,0.00275423765934,2.5,22.21867984167192,0.6143370018162878,0.00411419,0.023769601857286125,-0.075675,0.056224,0.13189900000000002,0.02412302907617532,0.00058192053181,2.5,6.030218877489084,0.7013427663035126,0.34016603500000003,0.013658481272593045,0.312988,0.380371,0.06738300000000003,0.3404401349404841,0.11589948547829501,0.5,2.6958215686327454,0.4699686232803063,-1.789287135,0.010754477856538417,-1.811035,-1.744629,0.06640599999999997,1.789319454505113,3.201664110270475,0.5,1.1994178788748935,0.6838560865571791,0.9532788149999999,0.012566463611962396,0.921875,0.990723,0.06884800000000002,0.9533616392196169,0.9088984151355151,0.5,1.7967910141391585,0.6856088550779038,-0.04329881,0.03512505046208332,-0.176398,0.031443,0.207841,0.05575442688594332,0.0031085561173799995,0.5,17.569772486225304,0.5526143409791856,0.022193624999999998,0.026355254031679813,-0.039436,0.084735,0.124171,0.03445513612968319,0.0011871564057150002,0.5,10.246446789770298,0.4698436255197896,0.007611455000000001,0.03007829622232574,-0.06475,0.116711,0.18146099999999998,0.031026410537717704,0.0009626381508550003,0.5,10.426973006519964,0.641310686871525,1.8684375848077643,0.0084155297940186,1.8454184994081964,1.8982875406589486,0.0528690412507522,1.8684565366804722,3.491129829463985,9.5,0.12416291115487293,0.8858977281812497,0.08754594435941446,0.03180249514092107,0.023320006582331833,0.16949890843896312,0.1461789018566313,0.09314338984044976,0.00867569107097,2.0,10.44634853911984,0.6379358143885343,2.0558240669609806,0.007029693328804607,2.0314469315406694,2.0770346224769582,0.045587690936288894,2.0558360856070905,4.226462010884285,6.5,0.15013710030571303,0.9132663633349191,0.06488829902517322,0.03237065528483637,0.009930508395847618,0.18624193823626298,0.17631142984041537,0.0725144859593585,0.005258350673950001,0.5,14.982170121439793,0.5328301190007197,0.001385836465213992,1.1971403872677404,-0.7353321814203002,-0.0005681601439153222,0.9824482964921174,0.003417340397019999,-0.00405725543769191,0.8844911143381382,0.0022309767624399996,0.01893056341760555,1.718284232618302,0.0015670812536249996,-0.006308694365039624,0.7902575891131437,-0.0003807176190450003,non_chewing,still_01.csv,5958400.0,5960390.0
0.21456542000000003,0.011618818757240341,0.165527,0.244629,0.079102,0.21487977198677868,0.04617331640909,3.0,0.9247508080958051,0.763429740675244,1.76759035,0.009059261127569954,1.720215,1.79541,0.0751949999999999,1.7676135651282212,3.1244577156253,2.5,0.3614976508828266,0.8950371314306919,-0.56013671,0.010502584880204493,-0.587402,-0.53418,0.05322199999999999,0.5602351632830539,0.31386343817879003,0.5,0.9994263942966003,0.7592500870830343,0.05213872,0.0371546261733529,-0.057556,0.136429,0.193985,0.064022748842267,0.0040989123693200005,0.5,19.155138973958238,0.5687001727343137,-0.00048498999999999624,0.1020439387641417,-0.508144,0.127636,0.63578,0.10204509127733681,0.010413200653800001,0.5,141.47851008724427,0.52906584007037,0.028635389999999997,0.04661005215045248,-0.041835,0.179063,0.22089799999999998,0.05470358783407172,0.0029924825219199997,0.5,38.303766047728736,0.4617133695556975,0.34361086,0.024581195711567815,0.312988,0.430664,0.117676,0.34448898138046447,0.11867265829255,0.5,10.063978341558414,0.4691227664068711,-1.7882641899999998,0.015477505508766592,-1.811523,-1.731934,0.07958899999999991,1.7883311679924192,3.19812836641313,0.5,3.578834423908954,0.5782693079390079,0.95443117,0.015523849846642424,0.921875,1.006348,0.08447300000000002,0.9545574095787167,0.91117984818163,1.0,3.627300845214005,0.54651840524234,-0.005900814999999999,0.06695116467949437,-0.142557,0.248609,0.391166,0.06721069907094405,0.004517278069604999,1.0,78.8582477392902,0.4399542005363147,0.007277019999999999,0.05560425114943641,-0.225161,0.084735,0.309896,0.056078407305931936,0.00314478776597,0.5,51.316421903378384,0.4238683539219723,-0.023940384999999998,0.08115778434319641,-0.327749,0.10392,0.431669,0.08461517590506445,0.007159727993445001,0.5,117.48372766061033,0.46208360434618967,1.8666594511806103,0.008772886143382695,1.8231899777691847,1.894951721840691,0.07176174407150637,1.8666800663780552,3.48449447021318,5.5,0.1432307714217751,0.9095263289280365,0.10722847772529016,0.07750257485888419,0.023320006582331833,0.5135424138764003,0.49022240729406846,0.1323049339406509,0.01750459554504,0.5,83.55502742315805,0.5507729509232215,2.0561921848564437,0.007387274368400603,2.035776639962499,2.0787212428909267,0.042944602928427944,2.056205454930832,4.22798087288731,10.5,0.13696035117002467,0.8821322968085565,0.08824998270672042,0.08386736183571979,0.009930508395847618,0.41161133838731895,0.4016808299914713,0.12174478974075235,0.01482179382902,0.5,126.06500207065402,0.4467045862692272,0.0013856117749820908,1.1875673903366994,-0.7434864026741295,-0.006364786976835582,0.9241088924520723,0.0026828017160200005,-0.029796538506141487,0.55495115508771,-0.0004183657002849988,0.04643968761470528,1.8351823224792407,0.007268412887830001,-0.0345477321927439,0.574314004844563,-0.004167245471525001,non_chewing,still_01.csv,5958900.0,5960890.0
0.216823725,0.012616420119010584,0.165527,0.253906,0.08837900000000001,0.21719047350078458,0.04717170177949501,4.0,1.1647456010969277,0.7336553310809407,1.7667211949999997,0.0090083134657368,1.720215,1.793457,0.07324200000000003,1.766744161041356,3.1213849305737242,3.5,0.19946408310948405,0.8632990648730404,-0.56245115,0.009049924064184187,-0.587402,-0.538574,0.04882799999999998,0.5625239526117,0.31643319726189,2.5,0.48826306544050785,0.8531737428250286,0.047425014999999994,0.03522858028213421,-0.057556,0.120441,0.17799700000000002,0.059077786996848486,0.003490184916445,2.5,17.391024908583045,0.5614666147927472,0.009917714999999999,0.10848474115212597,-0.508144,0.14842,0.656564,0.10893713844995655,0.011867300133665002,0.5,171.16672608709246,0.5176106131552771,0.028115765,0.04838916487820156,-0.041835,0.179063,0.22089799999999998,0.055964341496572624,0.003132007519145001,0.5,39.9091105588627,0.5053230365789855,0.358054215,0.0348202782922362,0.312988,0.431152,0.11816399999999999,0.35974334275927194,0.129415272659615,0.5,22.11229504868639,0.26159603225010514,-1.781660205,0.018340274694861446,-1.811523,-1.731934,0.07958899999999991,1.7817545991961197,3.174649451756525,0.5,5.343483985600378,0.435441315399828,0.9620947200000001,0.018176172390841808,0.921875,1.006348,0.08447300000000002,0.9622663994417867,0.9259566234946601,0.5,5.3204108352975386,0.40643538208148877,-0.006479065000000002,0.06886571087276146,-0.105519,0.248609,0.354128,0.06916982302482058,0.004784464417285,1.0,80.46571428738835,0.4272125215936969,0.014376930000000001,0.06100476653201043,-0.225161,0.10845,0.333611,0.06267597351338071,0.00392827765585,0.5,61.59821384340972,0.4023950982776085,-0.0293642,0.07746767573420543,-0.327749,0.057289,0.385038,0.08284622517230342,0.0068634970253,0.5,105.64065852669324,0.46220706875277906,1.8667896330204143,0.009289545877861304,1.8231899777691847,1.894951721840691,0.07176174407150637,1.8668127462643676,3.48498982961511,4.5,0.12533092768062734,0.8743298950638944,0.11110411287847013,0.07839240186869621,0.023320006582331833,0.5135424138764003,0.49022240729406846,0.1359760735175678,0.018489492569255,0.5,88.12348784453147,0.5432686131821259,2.0566876741003863,0.0075603646963763906,2.035776639962499,2.0787212428909267,0.042944602928427944,2.0567015699684776,4.2300213479108,9.5,0.145646870017615,0.8906116239211505,0.092223050465714,0.08409011868961401,0.009930508395847618,0.41161133838731895,0.4016808299914713,0.1248048039878073,0.015576239098435,0.5,130.91650389457968,0.4427832403894954,0.001729181181484912,1.228716636158265,-0.7450315182956904,-0.00569771682091777,0.9322427306596073,0.0029132534708200004,-0.033637130590627236,0.5115547321833894,-0.0012942795008400003,0.04747997462011558,1.778299423459016,0.007939022477815002,-0.0290785108560039,0.6246368491062856,-0.0037314895061549987,non_chewing,still_01.csv,5959400.0,5961390.0
0.21878173,0.013076754630912825,0.165527,0.253906,0.08837900000000001,0.21917218549229736,0.048036446893469996,0.5,1.5663802522880346,0.7211009770001158,1.7651171900000002,0.009253795411283953,1.720215,1.793457,0.07324200000000003,1.7651414467863504,3.11572432716301,4.5,0.2920220372515434,0.8608735684222639,-0.56529785,0.009148306280809582,-0.591797,-0.54248,0.049317000000000055,0.5653718694120092,0.31964535072243,2.5,0.6886038618914616,0.7787255556156685,0.04916901,0.03458574239899875,-0.057556,0.120441,0.17799700000000002,0.060114599904432534,0.00361376512167,0.5,16.448247924358178,0.5831431603725793,0.01129,0.10776130998586646,-0.508144,0.14842,0.656564,0.10835111457603933,0.011739964029870001,0.5,169.75819987546575,0.5303889590912603,0.025782890000000003,0.049913500835524455,-0.042634,0.179063,0.221697,0.05617931098197983,0.0031561149824099995,0.5,42.8942023647047,0.49152705842439726,0.37149659000000007,0.031971791628901555,0.312988,0.431152,0.11816399999999999,0.3728698323028963,0.13903191184159,0.5,18.306317975040823,0.2955394295015188,-1.775031775,0.01747646048759231,-1.811523,-1.731934,0.07958899999999991,1.7751178070569922,3.151043228930825,0.5,4.748098747119794,0.4743185574325916,0.969536105,0.017481209014080658,0.928223,1.006348,0.078125,0.9696936895572567,0.9403058515671652,0.5,5.032162839041639,0.39638277015789813,-0.012782235000000001,0.07176629658871757,-0.105519,0.248609,0.354128,0.07289572592172329,0.005313786857655001,0.5,90.20398573102848,0.41714254978008886,0.018958775,0.06391701881763866,-0.225161,0.10845,0.333611,0.06666948660395548,0.004444820444035,0.5,69.9279226390733,0.3780401816763004,-0.030725815,0.0777290405833674,-0.327749,0.057289,0.385038,0.08358157367162333,0.006985879457424999,0.5,106.45047885214376,0.46583777978869967,1.8663652349387774,0.009323872094401588,1.8231899777691847,1.894951721840691,0.07176174407150637,1.8663885246054503,3.48340612477891,4.5,0.1323771313411751,0.8761397120716347,0.11135010008956535,0.07817288112890418,0.023320006582331833,0.5135424138764003,0.49022240729406846,0.13605088803072915,0.01850984413395,0.5,86.57515263191819,0.5498996483501156,2.0567749403590896,0.007605067418751867,2.035776639962499,2.0787212428909267,0.042944602928427944,2.056789000442092,4.23038099233958,10.0,0.16855536973904053,0.8771458151472412,0.09998538384853135,0.08214261851059317,0.009930508395847618,0.41161133838731895,0.4016808299914713,0.12940048979472604,0.016744486759115,0.5,124.02701325936053,0.44930725653194425,0.001718804675649722,1.2260078157113576,-0.7469748675606698,-0.003969737381688959,0.9516726219145666,0.001765357374835002,-0.037180554189718856,0.4819217939753071,-0.0017000217359850007,0.043844291168227814,1.6859564475827595,0.007295143585835001,-0.02781553974784292,0.6421473938301131,-0.003829764475015,non_chewing,still_01.csv,5959900.0,5961890.0
0.22228515000000001,0.012123188745024965,0.177246,0.253906,0.07666000000000003,0.22261549725001176,0.04955765961587,0.5,1.102926569943706,0.7730073753717925,1.7641162050000003,0.009644663599782778,1.720215,1.793457,0.07324200000000003,1.7641425691478438,3.112199004279555,4.5,0.29757968278138414,0.8496792715620258,-0.566379415,0.009670480865643394,-0.592285,-0.54248,0.04980499999999999,0.5664619668926724,0.32087915993591504,0.5,0.8464241105445547,0.7535382879795445,0.049648634999999997,0.03363543286672219,-0.057556,0.12657,0.18412599999999998,0.0599694030443442,0.0035963293014949996,2.5,16.230441885004577,0.5619669307413017,0.011393939999999998,0.10478565185451871,-0.508144,0.14842,0.656564,0.10540329550493191,0.011109854703299999,0.5,158.24158620478832,0.5408898102150035,0.023331424999999996,0.05168610512733935,-0.073544,0.179063,0.252607,0.05670810220563725,0.0032158088557649998,0.5,46.36181528478645,0.48823865952961304,0.385522475,0.022537002934715496,0.314453,0.431152,0.116699,0.3861806510318778,0.14913549523140499,1.0,7.71183621462104,0.591142154805651,-1.76892093,0.013723697848069233,-1.811523,-1.731934,0.07958899999999991,1.7689741650105266,3.12926959647469,1.5,2.428368664427078,0.6825403022394884,0.9761132499999999,0.011651669529621067,0.937012,1.006348,0.06933600000000006,0.9761827893526858,0.9529328382283901,1.5,1.6655749659742953,0.6935916982110307,-0.014849985000000001,0.07211017424431018,-0.105519,0.248609,0.354128,0.07362336099394674,0.0054203992840449996,0.5,90.58733806009018,0.4439914437811995,0.023463325,0.06419656061869183,-0.225161,0.10845,0.333611,0.0683500257156133,0.004671726015324999,0.5,71.05238891868281,0.42174905149676983,-0.03229126499999999,0.07804664654906561,-0.327749,0.057289,0.385038,0.08446303826440889,0.007134004832855,0.5,104.98075937762133,0.48448019997919023,1.8661577026812353,0.009552620312519406,1.8231899777691847,1.894951721840691,0.07176174407150637,1.866182151836026,3.48263582383134,4.5,0.1559536738069931,0.8551600950724206,0.10795652674213402,0.07916679350797846,0.027645593518678523,0.5135424138764003,0.4858968203577218,0.13387304755087934,0.01792199286056,0.5,89.17655876860549,0.5390235655620947,2.057007035166057,0.007745141175818341,2.0340356306746448,2.0787212428909267,0.04468561221628198,2.0570216163021926,4.231337929934485,2.0,0.21467131444783027,0.8571564067119545,0.104091989911934,0.07994365370933973,0.017781083937713136,0.41161133838731895,0.3938302544496058,0.13124835287433134,0.017226130132225,0.5,114.58192725672478,0.4746027104417417,0.0018074791367010679,1.2333694242197066,-0.7487021061031447,-0.0007768602013612097,0.9902824031012427,0.0006958627283349984,-0.038474741377587995,0.4664450366291573,-0.00182406998255,0.04058909123582688,1.6322627076069358,0.0064381286879749994,-0.0263605414217263,0.6622463284805683,-0.00391819597709,non_chewing,still_01.csv,5960400.0,5962390.0
0.22215086999999997,0.010246280579463946,0.196777,0.253906,0.05712900000000001,0.22238703943231494,0.049455995307469997,0.5,0.7015180533547645,0.774703548775174,1.76306155,0.009846915768274851,1.736816,1.813965,0.07714900000000013,1.7630890479038628,3.1084829908385494,6.0,0.35940212564376983,0.8538553851513314,-0.570886255,0.011828049867580665,-0.608398,-0.54248,0.06591800000000003,0.571008773060095,0.32605101891159505,0.5,1.5133541079932509,0.7587340707970905,0.06542719999999999,0.02776519429285522,0.006129,0.137495,0.131366,0.07107478113902287,0.005051624513960001,2.5,10.450087798520851,0.5738346804199622,0.046544335,0.040587060123551386,-0.034107,0.14842,0.182527,0.06175503679915509,0.0038136845700649995,0.5,22.515517052677286,0.5204064304900042,-0.0035373099999999997,0.02776041309281798,-0.121773,0.160144,0.28191700000000003,0.02798487264791462,0.0007831530971199998,2.5,9.279372762823343,0.7132328982619496,0.38833740000000005,0.013995509314062135,0.345703,0.431152,0.085449,0.38858951416593834,0.15100181051972,1.5,1.6091032948700632,0.7918369124608787,-1.77056399,0.010555601926460663,-1.800293,-1.73877,0.061522999999999994,1.770595454477603,3.1350082634167493,1.5,0.9874673999699577,0.7604080957123963,0.972822225,0.012035533581623,0.938965,1.001465,0.0625,0.9728966725827286,0.9465279355225451,0.5,1.794731793590152,0.6679837687785839,-0.05309002,0.037262150227537864,-0.144689,0.055957,0.20064600000000002,0.06486152991704712,0.004207018063179999,2.5,22.24875082542068,0.5513723585908274,0.05451157,0.02629848712863727,-0.020518,0.10845,0.128968,0.060523728314769244,0.0036631216891200003,0.5,9.603702224028815,0.6089253204874586,-0.0003224199999999999,0.027587205132698744,-0.073277,0.065816,0.139093,0.0275890891783328,0.00076115784169,0.5,6.929973249435245,0.6958287245172528,1.8665206228142819,0.009527311614531563,1.8431156876053656,1.9167589823725883,0.07364329476722276,1.8665449378618277,3.4839900050576147,6.0,0.12818283650196688,0.8628032390520566,0.09057413715253165,0.03801036516819305,0.017767301004936006,0.19829505981995618,0.18052775881502017,0.09822658591819731,0.009648462181145,0.5,19.487100355670094,0.582481580196151,2.0573024808265883,0.006671719701786556,2.0340356306746448,2.0783888040090095,0.044353173334364726,2.057313298809643,4.232538009459015,10.0,0.13137730560203623,0.8682632393053517,0.08538808215684675,0.03660837362633839,0.016263179086513188,0.17379081727755355,0.15752763819104038,0.09290477702459653,0.008631297593989999,2.5,21.059164378472442,0.5701754107844365,0.002855591912745003,1.4280143711643538,-0.7485480044014001,0.0014019915418546358,1.0382970179490836,0.001017164587155001,-0.00949695593468267,0.7451312960553702,0.0008446064507800013,0.014288572994914102,1.5433230027652356,0.00015056288094499916,0.0001732079601192496,1.0062785613579228,2.1995255429999873e-05,non_chewing,still_01.csv,5960900.0,5962890.0
0.218208025,0.011621268600044274,0.189453,0.245117,0.05566399999999999,0.2185172671856277,0.047749796058275,0.5,1.5767775611861774,0.6264519334650687,1.75872562,0.009330560016719251,1.736816,1.813965,0.07714900000000013,1.7587503705172631,3.0932028657946105,0.5,0.3733475110680206,0.8393284002006441,-0.57910157,0.013722339523751043,-0.616699,-0.54541,0.07128900000000005,0.5792641288552831,0.33554693097847,0.5,2.3256044328131913,0.6653674847704371,0.06677815499999999,0.029749472746436613,0.015988,0.138294,0.122306,0.07310508268167816,0.005344353113895,2.0,13.341923066506133,0.5631380207683576,0.03366751,0.029692655935262848,-0.034107,0.12657,0.160677,0.044890478345524454,0.00201515504609,1.0,11.203483853286471,0.6124543349170433,-0.0050601150000000004,0.02512234021089148,-0.121773,0.038637,0.16041,0.025626875374984755,0.000656736741485,2.0,8.681211572119008,0.6200549016746417,0.38180908,0.012064214635590664,0.345703,0.42334,0.07763700000000001,0.38199963199618403,0.14592371884522,0.5,1.1351873185742694,0.7782116912298094,-1.7764111550000001,0.013110749788664841,-1.845703,-1.73877,0.10693300000000017,1.7764595360909448,3.155808483368455,0.5,1.8513216637175522,0.6737191623470563,0.9633715649999999,0.016739498738187322,0.92334,0.993652,0.07031199999999993,0.9635169863933667,0.9283649830685551,0.5,4.34768832606808,0.4931452599446499,-0.06118778,0.04490854205439762,-0.227559,0.006395,0.23395400000000002,0.07589941746008332,0.00576072157078,1.5,34.04891642341947,0.47429965129758395,0.057013635,0.0341926026118483,-0.020518,0.215035,0.235553,0.06648073893455908,0.0044196886492850005,0.5,14.730403387948368,0.5974320770214532,-0.00709058,0.03210453329007603,-0.115378,0.089798,0.205176,0.032878220488797745,0.00108097738251,11.0,5.529858381310588,0.7463185328783002,1.8645171976309216,0.008672518082410511,1.8431156876053656,1.9167589823725883,0.07364329476722276,1.8645373669710552,3.476499592831355,5.0,0.14072745535670197,0.8796345933828668,0.08291089302376008,0.03379391542086554,0.017767301004936006,0.1868979195095547,0.1691306185046187,0.08953348480579766,0.008016244901470002,2.0,17.727416852674978,0.5462609654889857,2.0567037083297266,0.008187882814317513,2.0321419491674297,2.10646286974753,0.07432092058010031,2.056720006535219,4.23009718528223,11.0,0.1344768142453115,0.8502527350462973,0.09256868212208035,0.05188859887062129,0.016263179086513188,0.318653796790498,0.3023906177039848,0.10611968527363337,0.011261387602575,0.5,42.13727664395857,0.5303395911304704,0.0004846352680929981,1.0591893263598686,-0.7535975924508751,-0.018094683449755747,0.651278241394166,-0.003245142701104998,-0.015159069307961012,0.6624457483033215,-0.0004163684568850006,-0.004499946676585449,0.8683941457259489,-0.0024045336031950004,-0.006982193079184552,0.7825169107397413,-0.0004242406410249999,non_chewing,still_01.csv,5961400.0,5963390.0
0.21230226,0.012321167852618517,0.168945,0.245117,0.07617199999999999,0.2126594949170152,0.04522406077836001,0.5,1.6469313537803758,0.6575691030059014,1.75503422,0.010868106997614622,1.727051,1.813965,0.08691400000000016,1.755067870232009,3.08026322912072,0.5,0.8610189988076917,0.7932084956084191,-0.5872949,0.015609579625665775,-0.618164,-0.556641,0.061522999999999994,0.5875023051376905,0.3451589585421,0.5,3.5393050318516557,0.5217396798979514,0.06780672,0.031897250791903684,-0.00906,0.138294,0.147354,0.07493454400501814,0.00561518588524,2.5,15.520432438801782,0.5616997519713245,0.026013400000000006,0.040684183594119225,-0.120974,0.12657,0.247544,0.04828974812814827,0.0023318997742799996,2.0,22.233337219538623,0.5934714503515908,-0.0033987099999999997,0.026323605143405034,-0.121773,0.041835,0.163608,0.026542106499108164,0.0007044834174099999,2.5,9.658865564534691,0.6387647073097822,0.37956055000000005,0.013661770265507321,0.345703,0.42334,0.07763700000000001,0.37980633891904697,0.14425285508309,0.5,1.9450395422232825,0.6942350584650944,-1.7847265749999999,0.016212522644066685,-1.845703,-1.73877,0.10693300000000017,1.7848002110605306,3.1855117934017145,0.5,2.9808283473131447,0.6232287293963827,0.945756825,0.02637019839599951,0.877441,0.987793,0.110352,0.9461243889666543,0.895151359397525,0.5,11.998882701942655,0.404100442512924,-0.074394975,0.05468006226088605,-0.227825,0.006395,0.23422,0.09232833538034249,0.008524521514105002,2.0,51.740145738914734,0.45579815522233785,0.04246477500000001,0.053764010464662844,-0.153749,0.215035,0.368784,0.06851150222440755,0.004693825937045,0.5,45.83305947485188,0.5492318344271401,-0.017510585,0.05468797940199267,-0.230224,0.089798,0.32002200000000003,0.05742295427888572,0.0032973956781149993,2.0,33.76982319833234,0.6970776100461841,1.8629418645440985,0.00968802199302158,1.8396955157990138,1.9167589823725883,0.07706346657357455,1.8629670551142818,3.47064624844118,10.0,0.3024638700266825,0.87108815195616,0.08633050314689213,0.03462099512339946,0.017767301004936006,0.1868979195095547,0.1691306185046187,0.09301381121602319,0.00865156907693,1.5,17.06593855515313,0.5769863103128877,2.055437969801505,0.009526813769488027,2.0243838315512206,2.10646286974753,0.08207903819630946,2.0554600477465694,4.22491600788233,11.0,0.2805516026840343,0.8763165228078785,0.11201726504817719,0.06299107445020621,0.016263179086513188,0.318653796790498,0.3023906177039848,0.12851359122390518,0.016515743129265,2.0,60.07259935697782,0.5761262004617633,0.00016120822353355227,1.0169215256468918,-0.7542697594411498,-0.028370079326806755,0.5496174724050309,-0.007864174052335,-0.022782811468982374,0.5833433517269518,-0.0029093356288650016,-0.013079826870543619,0.7567177976959044,-0.0023619261627650006,-0.028364374258587628,0.4813417030808399,-0.0025929122607049994,non_chewing,still_01.csv,5961900.0,5963890.0
0.199521505,0.028582257540648796,0.032715,0.245117,0.212402,0.20155836971851354,0.040625776403584994,0.5,9.671326140344883,0.7077733752646979,1.7669238649999999,0.053880647334889877,1.715332,2.062012,0.3466800000000001,1.7677451934212025,3.124923068863765,0.5,40.994167185319135,0.6245188899733554,-0.579638645,0.0831926154323145,-0.692383,0.005859,0.6982419999999999,0.5855783210125738,0.34290197003990497,0.5,77.95573286062023,0.7000288938734334,-0.19442034999999996,0.8106006822402677,-3.349966,0.138294,3.4882600000000004,0.8335902701822461,0.69487273854251,0.5,11237.333729693468,0.5015179427777573,-0.12230893999999999,0.4467415887452571,-1.882824,0.12657,2.009394,0.4631819555191674,0.21453752391855999,0.5,3540.0137107904757,0.48112394374676226,0.045787610000000006,0.16420304190053212,-0.121773,0.799121,0.920894,0.17046742855718802,0.029059144198900003,1.5,435.9135154155471,0.5427153334615898,0.38550537999999995,0.07017064876147007,0.27832,1.269531,0.991211,0.39183965847850316,0.15353831795654999,2.0,20.78434033114414,0.9486068203415646,-1.766091925,0.4133022334745113,-1.980957,3.999878,5.980835,1.8138079897677222,3.2898994237452253,3.0,321.240045088144,0.9948709944595151,0.9234374700000001,0.11218813577031708,-0.569336,1.20752,1.776856,0.9302273586643321,0.8653229388076201,0.5,13.684080602893214,0.9814520267388628,0.11444697999999999,0.7443397367603718,-4.331347,3.06192,7.393267,0.7530868176721858,0.56713975495162,0.5,6424.0799215223,0.7581736073089439,0.07621892,0.20124861843775127,-0.628851,1.443694,2.072545,0.21519835080471691,0.04631033018907,2.5,284.2416024766789,0.8250894066705196,-0.11849187999999998,0.46711297023925125,-3.049663,1.079173,4.128836,0.4819075145623587,0.23223485259166998,2.0,2503.4465555684187,0.73358112991261,1.8725919593868445,0.04301359025926652,1.7996167087935697,2.137879996255169,0.33826328746159917,1.8730859070814811,3.508450815307255,0.5,21.320042800761158,0.6964472001548796,0.38798540132590587,0.8876580056631865,0.017767301004936006,3.7384497206330063,3.72068241962807,0.9687463066561699,0.9384694066599699,0.5,13670.912844864515,0.49544509839049944,2.06964310523764,0.1591794504692527,1.7662398619796802,4.234958849356272,2.468718987376592,2.075755448146384,4.308760680509395,0.5,23.80509637251869,0.9881658134723051,0.3942389881100784,0.8308192089656459,0.016263179086513188,4.691421273342867,4.6751580942563535,0.9196112970882644,0.84568493773236,0.5,10670.276931412956,0.5853687504882809,-0.11616586020998616,0.2702207485480363,-0.8003098652021401,0.05683879669754066,1.0684129544480607,0.09278446892760994,0.06626094547989592,1.0890197610143546,0.12773298359089003,0.2454929703075058,2.2198492203982005,0.16822719372949,-0.3029099283387191,0.3515274727148525,-0.20317570839277,non_chewing,still_01.csv,5962400.0,5964390.0
0.23625978,0.17123629282132802,-0.974609,0.893555,1.868164,0.29178853922805126,0.08514055162484001,1.0,309.77932356961816,0.765542405743671,1.79667726,0.43814281865823435,-4.0,2.504395,6.504395000000001,1.8493291502982616,3.4200183061428904,6.5,229.03534981682003,0.9861614412306794,-0.364245585,0.45367371275693585,-1.869141,1.067871,2.937012,0.581802959633805,0.338494683838655,0.5,3325.028689337177,0.49927474858077664,-0.7332261200000001,1.4817919510511572,-6.21124,4.497354,10.708594,1.6532779346650246,2.7333279292502497,0.5,31372.628155965915,0.5819204616351237,-0.73108644,1.1930959535230545,-5.013492,0.936616,5.950108,1.3992731459814984,1.9579653370649601,0.5,21262.56356098314,0.4189201034370462,-0.29657402,1.3066187205066442,-6.448392,1.3054,7.753792,1.3398539585034557,1.79520863011738,1.0,26006.935047810017,0.5558047692047283,0.41168457,0.1537121752578666,-0.250488,1.375,1.625488,0.43944467000817067,0.19311161799859,0.5,206.34409505425492,0.7672459658209332,-1.690049435,0.4515063931724619,-2.722168,3.999878,6.722046,1.749321330064727,3.0601251158194254,0.5,850.419150991959,0.9424586420701555,1.018427725,0.2561566178446291,-0.569336,2.615723,3.185059,1.0501482009289331,1.102811243914275,0.5,659.896266035406,0.7358463175970602,0.23779515,0.8731315018991398,-4.331347,3.06192,7.393267,0.9049337837500432,0.8189051529721699,2.0,8420.746578343269,0.7107691805272812,0.32981926,0.9506777123404349,-0.628851,6.336478,6.965329,1.00626480461546,1.01256885700779,2.0,11426.40455176409,0.6341020092834443,-0.008815915,0.777243205817978,-3.049663,3.016089,6.065752,0.7772932016604127,0.604184721347495,1.5,6340.222435426779,0.7109972603173919,1.9470466297662197,0.22948412390052467,1.5828147441545395,4.417578851576619,2.834764107422079,1.9605237926652115,3.843653541606385,0.5,321.6770292999123,0.8329397575572655,1.4904439297387766,2.065206718161023,0.033272642485982384,7.203140047741055,7.169867405255072,2.546861185151753,6.486501896432591,0.5,75220.6990129186,0.36333993787179153,2.0783360939668603,0.1912251506650298,1.5531102762218785,4.234958849356272,2.6818485731343937,2.087114749536376,4.356047977732291,23.0,31.608216201073958,0.9411542190206557,0.8633744809707057,1.300093549301749,0.033393182597650076,6.700681336719722,6.667288154122072,1.5606597102915982,2.435658731327455,0.5,25149.65773412627,0.5008054787189395,0.038258973235494875,1.20007291458493,-0.5123944361259061,0.7651131688592738,1.588506241931743,4.050843165105135,0.6086604491520173,1.6971005488040758,1.9144227762780797,0.24241824118261968,1.254995187155298,0.9453964800571701,0.529375514688666,1.6810937821341856,1.191023908769885,non_chewing,still_01.csv,5962900.0,5964890.0
-0.056445310000000005,0.5941242107165587,-2.122559,0.893555,3.016114,0.5967995063508096,0.35616965078057,0.5,6170.34517335182,0.4461765261818222,1.748000515,0.4887318536980578,-4.0,2.504395,6.504395000000001,1.8150384638512223,3.2943646252594045,2.0,555.4101639617617,0.9575956981128497,0.0575268650000001,0.7519427416888381,-1.869141,1.945313,3.814454,0.754140057930392,0.568727226975255,0.5,9853.76916708177,0.29447993192439964,-0.737785295,1.5971848471298893,-6.21124,4.497354,10.708594,1.7593540227650504,3.0953265774195655,0.5,33230.46758305841,0.6176847339801229,-1.036785495,1.4129742755392682,-5.013492,6.316226,11.329718,1.7525468512933156,3.071420465978115,0.5,22808.11908344663,0.683026347831956,-0.5698579599999999,1.5323765797341324,-8.294177,1.483663,9.77784,1.6349055253111846,2.67291607669304,0.5,35232.02440281021,0.5975114243029594,0.274624015,0.305222940493592,-0.62793,1.375,2.00293,0.4105842094117539,0.168579393018275,0.5,1569.147705059802,0.4060428142686735,-1.645796515,0.45311608626761396,-2.722168,3.999878,6.722046,1.7070326172691093,2.9139603564206253,0.5,868.3418811480873,0.9389626816531516,1.1129442950000001,0.2854686269230438,-0.569336,2.615723,3.185059,1.1489722976340095,1.3201373407303751,0.5,1036.890128094163,0.6041703793856483,0.18855555,0.984857879786778,-4.331347,3.06192,7.393267,1.0027453509310875,1.00549823881391,2.0,11834.020337366064,0.6576698445726576,0.30476915499999996,1.0777762268608317,-2.908971,6.336478,9.245449,1.120038317659617,1.2544858330257849,2.0,15019.923998711953,0.6355634046595678,0.12035845,0.943191886961777,-3.049663,4.237553,7.287216,0.9508402032502201,0.9040970921169199,0.5,8862.89160638172,0.7507201693692821,2.0358503555499423,0.27308392999662773,1.5828147441545395,4.417578851576619,2.834764107422079,2.054084103199095,4.21926150301523,0.5,529.3168980406307,0.7642765153455849,2.1090791151531665,2.0955782987317506,0.033272642485982384,9.548593323286577,9.515320680800594,2.9731570964365,8.83966312009072,0.5,71230.48947799274,0.4129358336835517,2.0892572068361637,0.19411701072401363,1.5531102762218785,4.234958849356272,2.6818485731343937,2.0982557256371956,4.402677090169274,31.5,31.373169095612525,0.947378978300227,1.1702291111460537,1.3396436061068377,0.033393182597650076,6.700681336719722,6.667288154122072,1.7787864301136926,3.164081163956615,0.5,27970.747594384986,0.4846406062048292,0.0789669192726141,1.4068006146297272,-0.1834155871540446,0.7559346926249133,1.5642804468135738,5.6755819561341045,0.6123269673431111,1.6217414511377826,2.0898283386056553,0.3351980486784367,1.3110089463141585,1.8169346329523302,0.5891846927723556,1.6246710779820699,1.7688189845761202,non_chewing,still_01.csv,5963400.0,5965390.0
-0.356706545,0.7076877974881353,-2.122559,0.893555,3.016114,0.7925033614814798,0.6280615779594451,0.5,8564.917748021518,0.38660201636246283,1.7075561699999997,0.5072930377253873,-4.0,2.504395,6.504395000000001,1.781318135491165,3.17309429982972,0.5,661.8524838734947,0.9485611603215243,0.47939941,0.7447657447660518,-1.869141,1.945313,3.814454,0.8857199381775709,0.7844998088852799,0.5,9639.992067280882,0.31611445143541744,-0.53402413,1.9505035731085045,-6.21124,6.156882,12.368122,2.02228730899724,4.0896459601313,0.5,52576.795462601236,0.5902798820010424,-1.17273999,2.1955088077504152,-8.731442,7.822006,16.553448,2.4890918040632513,6.1955780090548505,1.5,29554.993311744765,0.7090953933052875,-0.7290266650000001,1.8922297370217558,-8.334947,5.619427,13.954374,2.027809965443124,4.112013255950445,0.5,33802.4700312158,0.7248779187671184,0.10637206499999997,0.4839870014576743,-1.404785,1.999512,3.4042969999999997,0.4955385290694912,0.24555843379235498,0.5,2851.709009350083,0.5949000279424037,-1.6136041349999999,0.5310392834350551,-4.0,3.999878,7.999878,1.69874101176145,2.8857210250403154,2.0,802.4337776095392,0.9343341376267612,1.1576269199999998,0.31352743825020096,-0.569336,2.615723,3.185059,1.1993329564572217,1.43839954044442,0.5,1045.5627979232354,0.7088346375985076,-0.02674746999999993,1.5373093162865887,-4.331347,8.731176,13.062522999999999,1.5375419867740001,2.36403536109294,2.0,19694.851860486448,0.7472060771938354,0.16197058499999997,1.9609996418449909,-8.731442,6.336478,15.067919999999999,1.9676773276432864,3.871754065721425,1.5,41100.52579219625,0.6780979999411231,0.16413292999999998,1.5051650263688314,-8.731442,6.519004,15.250446,1.5140876379239974,2.2924613753142697,3.5,9704.384482769628,0.8912842271146685,2.1223722592758167,0.28494153739128597,1.5828147441545395,4.417578851576619,2.834764107422079,2.141414412642832,4.585655686674445,0.5,409.59391579776263,0.8665760776847761,3.0549961820906413,2.2503856452946467,0.033272642485982384,13.550520907112649,13.517248264626666,3.7943691471885805,14.397237225136596,1.0,62467.723739442794,0.64167034159576,2.1164526832509143,0.3005112956896881,0.7480560912251166,4.234958849356272,3.486902758131156,2.1376807524223747,4.56967899927709,28.0,78.23693763318535,0.9255167573452101,2.1176545268941376,2.010917727519801,0.07236908882941666,12.69290001799829,12.620530929168874,2.9203169009764394,8.528250802128634,1.0,44717.77700063935,0.6720736364680779,-0.015569758298402125,0.9481891079579263,0.01597668739735525,0.23946791777484489,1.1190838961224916,5.8689864230079625,0.41319425682191624,1.2687775663911267,1.72561059903836,0.23450916590542437,1.1195865419357183,2.3238239433334256,0.38706471065292414,1.2571576563845008,1.8195518806361752,non_chewing,still_01.csv,5963900.0,5965890.0
-0.6146484249999999,0.6555543725323661,-2.122559,0.893555,3.016114,0.898634643056501,0.8075442217012849,0.5,7134.599494267327,0.48231296660997325,1.595610375,0.5534281593371215,-4.0,2.504395,6.504395000000001,1.6888621010476004,2.8522551963549154,1.5,1092.350316669706,0.9245166193127161,0.990415045,0.582291039426276,-1.869141,3.238281,5.107422,1.1489059212827153,1.3199848159584848,1.0,4921.072388620086,0.5818464884927473,-0.43609781000000003,2.153567180419841,-7.226729,6.156882,13.383611,2.1972785213687094,4.828032900468261,1.5,56959.0117179864,0.6236394934765099,-1.5251033200000002,2.306675097794674,-8.731442,7.822006,16.553448,2.765264931875622,7.64669014346109,1.5,35683.32838604053,0.6986503474900615,-1.272141145,2.0411213787259355,-8.334947,5.619427,13.954374,2.4051028201501023,5.7845195754939756,1.5,35613.03388312343,0.7132723338108142,-0.024563005000000013,0.4536349084873704,-1.404785,1.999512,3.4042969999999997,0.4542994292457069,0.20638797141297502,0.5,2216.316996626355,0.6936916403242657,-1.591813965,0.35395938961604584,-4.0,0.338379,4.338379,1.6306927818158714,2.659158948666385,3.0,351.5186194952758,0.9203334400358312,1.26398682,0.27773492084382834,0.108887,2.615723,2.506836,1.2941403970937002,1.67479936738984,1.0,707.561264545975,0.7770074113019819,-0.082556695,1.5796329881466047,-3.967893,8.731176,12.699069,1.5817888560520001,2.502055985130295,1.5,21628.752152901652,0.7209028936359991,-0.31798428,2.203553647667831,-8.731442,6.336478,15.067919999999999,2.226378826812122,4.95676268047732,0.5,59129.312475333485,0.6420136574135035,0.63049421,1.6524378767124062,-8.731442,6.519004,15.250446,1.7686361653085492,3.1280738852373298,1.0,12607.118528697672,0.8625981479680821,2.2132190418052597,0.28538694259775377,1.5828147441545395,4.417578851576619,2.834764107422079,2.231543016393519,4.9797842340146845,6.0,136.0644264316895,0.9044934610312657,3.7628099271238016,2.024970140955638,0.6877718576832,13.550520907112649,12.862749049429448,4.273083502510023,18.259242619423325,2.5,39766.461850551364,0.7006503619653838,2.112780690655663,0.2765936381440793,0.7480560912251166,4.119882549380261,3.3718264581551445,2.130808834097794,4.5403462874692,32.0,70.9022734679005,0.9394558618631164,2.562747806465217,2.0047983019003843,0.1664863637929545,12.69290001799829,12.526413654205337,3.25375053604989,10.586892550844945,1.0,38660.04412208423,0.6799049414374665,0.008793304453674378,1.031791419761773,0.4394379465454845,0.02017183905525277,1.0100617797990608,7.67235006857838,0.5739341922732355,1.3633338861494888,2.325976915337966,0.10312145012684315,1.0467977942066369,2.6899274629837695,0.38868350201352997,1.2352182236265559,2.656445690256646,non_chewing,still_01.csv,5964400.0,5966390.0
-1.01582518,0.32664448904329857,-2.122559,0.065918,2.188477,1.067050804106529,1.13859741854439,1.0,809.3372862827589,0.8096351435060126,1.35598879,0.39653543543386627,-0.351074,2.317383,2.668457,1.4127795122241793,1.9959459501603902,0.5,1867.3458979964737,0.6068646934269402,1.3286792,0.3766338412074518,0.461914,3.238281,2.776367,1.381029133239165,1.90724146685532,0.5,1872.2974930135724,0.5814686315913408,0.14818112,1.6738493429226584,-7.226729,6.156882,13.383611,1.6803955686465821,2.82372926712707,1.5,30846.654388984505,0.6198519797035731,-0.860496605,2.2845320863343677,-8.731442,7.822006,16.553448,2.4412171678709345,5.959541260707786,1.0,41244.75510986963,0.6790273268455771,-1.0255634550000001,1.7590848188341455,-8.334947,5.619427,13.954374,2.03621212060146,4.146159800084295,1.0,16235.761824181873,0.785446182230488,-0.17327394,0.3340594147009277,-1.404785,1.999512,3.4042969999999997,0.37632373142475345,0.14161955083345,1.5,386.9510838069194,0.8993710758948625,-1.6411670149999997,0.33501224365708604,-4.0,0.338379,4.338379,1.675011156537223,2.8056623745241653,1.0,197.37221800972497,0.9136089774122436,1.23235106,0.26095577174528334,0.108887,2.381836,2.2729489999999997,1.2596773594418136,1.5867870498903,1.0,553.8137453446964,0.7589418787320878,-0.17935187500000005,1.8148183258630848,-3.967893,8.731176,12.699069,1.8236591378200326,3.325732650954505,2.5,26063.287815424956,0.7465989126732014,-0.5432756499999999,2.1936070749704895,-8.731442,6.624257,15.355699,2.2598806232284727,5.10706043124351,1.0,43362.038320700645,0.6878860511877614,0.35593661,2.1262798521296995,-8.731442,6.519004,15.250446,2.155865691528809,4.64775687991099,3.5,18932.954042020945,0.8095791603107142,2.2352094611930493,0.21359658272823512,1.6681390834381886,3.426470504464616,1.7583314210264274,2.2453919113509118,5.041784835560101,6.0,122.58987313510349,0.8850127813242648,2.8438769769750096,2.2004077048925796,0.402370405379173,13.550520907112649,13.148150501733475,3.595751705543522,12.92943032791915,0.5,56241.90666070344,0.6344686992604192,2.1120160873885014,0.27102955901539766,0.7480560912251166,4.119882549380261,3.3718264581551445,2.129335336495385,4.534068975247915,4.0,74.35330960966692,0.9169413685736189,2.835151295334689,2.2455438304943063,0.18780316492008328,12.69290001799829,12.505096853078207,3.6167042956411306,13.080549962109005,1.0,40470.00528679455,0.7234279793001392,-0.057432976287162624,0.7880933116822887,0.5077158603121861,-0.04513612560172664,0.9798996906723523,-0.15111963418985574,-0.14096898294042703,0.9223233637596284,-0.5020033838274349,0.0909250113638791,1.0414499991367425,0.8524808294642758,-0.3671950332955549,0.8273063477849497,-0.5015970798266949,non_chewing,still_01.csv,5964900.0,5966890.0
-0.992263195,0.3007785562809739,-1.883301,0.047363,1.930664,1.0368481026987875,1.0750539880700751,1.0,920.1779545215023,0.7178783178755936,1.273986825,0.40389079879914863,-0.456055,2.73877,3.1948250000000002,1.336476789034585,1.786170207628195,0.5,1512.037459404192,0.67499411333401,1.467053215,0.3514638750096641,0.470703,3.238281,2.7675780000000003,1.5085662037440202,2.2757719910786447,0.5,1692.4626818363322,0.5634473275953302,0.12958870499999997,1.8533882092764669,-7.226729,6.156882,13.383611,1.8579130998915436,3.451841086748605,2.0,40202.663758156916,0.586522754189082,-0.3991461499999999,2.3449279749215894,-8.731442,7.822006,16.553448,2.378656103061073,5.658004856629689,0.5,48101.53998887163,0.6051496982215502,-0.18847956500000002,2.6225087886305802,-8.731442,8.312031,17.043473,2.629273073088306,6.913076892867225,0.5,72181.50425901568,0.6418981660286638,0.078195795,0.5793128675117125,-1.404785,1.999512,3.4042969999999997,0.5845664896488038,0.34171798082032495,0.5,4701.283628769159,0.5789252128993019,-1.5634936549999998,0.37128609532393747,-4.0,0.338379,4.338379,1.606974104895955,2.5823657738061554,1.0,706.8224971798522,0.8531520225806959,1.2322680750000001,0.263937561440219,0.108887,2.381836,2.2729489999999997,1.2602173007077846,1.588147645003215,1.0,560.1656536467392,0.7872145035090551,-0.132081425,1.9145776406505024,-3.967893,8.731176,12.699069,1.9191281991854727,3.6830530449088754,1.0,34296.532885303386,0.6714441697570446,-0.833585185,2.3206727194299543,-8.731442,6.624257,15.355699,2.4658438984165048,6.080386131357905,1.0,53019.49064794648,0.6067688236133575,-0.38260411999999994,2.439489829157571,-8.731442,6.519004,15.250446,2.469310944211808,6.09749653920421,0.5,49359.45873629306,0.6868582027013902,2.2552005320248423,0.22597952812540933,1.5527711614059556,3.426470504464616,1.8736993430586604,2.2664942503295515,5.136996186776916,49.5,77.87344280593246,0.9031396559966409,3.1949011299372136,2.411540919447861,0.402370405379173,13.550520907112649,13.148150501733475,4.002864328983124,16.022922836245517,0.5,75051.3551403823,0.6085557487561779,2.106734568805965,0.2718471192189467,0.7480560912251166,4.119882549380261,3.3718264581551445,2.124201355716942,4.5122313996296946,34.5,73.87906980072324,0.9186534644504474,3.37933709070832,2.107371951705255,0.3388101498892854,12.69290001799829,12.354089868109005,3.982579028151355,15.860935715470989,2.5,29751.134268336504,0.7556659684876493,-0.04586759109353733,0.8312743161475424,0.6247647871472211,0.3041689677426058,1.1443356819362034,0.16198712077452804,-0.06118943137403576,0.968040245496001,-0.2312119581602703,0.024255255491635097,1.0104518208399473,-0.42238127472821585,0.18301895947300828,1.0750234566611045,0.8155803536630151,non_chewing,still_01.csv,5965400.0,5967390.0
