time_ms,l_ax,l_ay,l_az,l_gx,l_gy,l_gz,r_ax,r_ay,r_az,r_gx,r_gy,r_gz,state,chewing_side,cpm,channel,activity_label
6038143.0,-1.180176,1.55957,-0.005859,0.09193,0.037038,0.083136,-1.052734,-1.622559,0.583008,-0.039703,-0.052227,-0.025314,warming_up,-,0.000,-,non_chewing
6038153.0,-1.182617,1.550293,-0.010254,0.115112,0.005862,0.054358,-1.038574,-1.627441,0.577148,-0.031443,-0.027979,-0.023182,warming_up,-,0.000,-,non_chewing
6038163.0,-1.188477,1.557617,-0.009766,0.13856,0.002931,0.041568,-1.012207,-1.630371,0.589355,-0.031709,0.010658,-0.010126,warming_up,-,0.000,-,non_chewing
6038173.0,-1.1875,1.554199,-0.016602,0.138294,0.025314,0.04743,-1.014648,-1.635254,0.577148,-0.033841,0.069014,-0.01279,warming_up,-,0.000,-,non_chewing
6038183.0,-1.208496,1.52002,-0.022461,0.13483,0.030643,0.061286,-1.009766,-1.617188,0.57373,-0.032242,0.091663,-0.058355,warming_up,-,0.000,-,non_chewing
6038193.0,-1.20752,1.507324,-0.013184,0.076208,0.03464,0.088998,-1.036621,-1.610352,0.582031,-0.015188,0.087133,-0.059421,warming_up,-,0.000,-,non_chewing
6038203.0,-1.222656,1.494629,-0.015625,0.019985,0.072478,0.086867,-1.057129,-1.597656,0.5625,-0.017587,0.058089,-0.033041,warming_up,-,0.000,-,non_chewing
6038213.0,-1.208496,1.48584,-0.003906,-0.052493,0.083669,0.081538,-1.037109,-1.609863,0.578125,-0.019452,0.023182,-0.000266,warming_up,-,0.000,-,non_chewing
6038223.0,-1.21875,1.496582,-0.003906,-0.069813,0.121773,0.08287,-1.054199,-1.606934,0.571777,-0.024781,-0.019452,0.03544,warming_up,-,0.000,-,non_chewing
6038233.0,-1.210938,1.50293,-0.007324,-0.096726,0.154015,0.075142,-1.057129,-1.602051,0.574707,-0.03464,-0.072478,0.118309,warming_up,-,0.000,-,non_chewing
6038243.0,-1.192383,1.519043,-0.017578,-0.08287,0.16574,0.061819,-1.034668,-1.617188,0.58252,-0.021583,-0.066083,0.116711,warming_up,-,0.000,-,non_chewing
6038253.0,-1.199707,1.532715,-0.017578,-0.08207,0.171602,0.047963,-1.044434,-1.620117,0.58252,-0.014922,-0.018919,0.100456,warming_up,-,0.000,-,non_chewing
6038263.0,-1.207031,1.525879,-0.021484,-0.049029,0.13936,0.041568,-1.052246,-1.637695,0.585937,-0.024248,0.034107,0.062086,warming_up,-,0.000,-,non_chewing
6038273.0,-1.206543,1.541016,-0.004395,0.001865,0.083936,0.027712,-1.064453,-1.638184,0.584961,-0.037838,0.076475,0.026646,warming_up,-,0.000,-,non_chewing
6038283.0,-1.217773,1.542969,-0.018555,0.031176,0.085534,0.034374,-1.085938,-1.632324,0.566895,-0.065017,0.073277,0.085002,warming_up,-,0.000,-,non_chewing
6038293.0,-1.227539,1.538086,-0.01123,0.041302,0.089265,0.026646,-1.066406,-1.638184,0.588379,-0.068214,0.072211,0.097259,warming_up,-,0.000,-,non_chewing
6038303.0,-1.227539,1.532227,-0.009277,0.056757,0.105519,-0.001865,-1.066406,-1.631836,0.58252,-0.074876,0.107651,0.079939,warming_up,-,0.000,-,non_chewing
6038313.0,-1.230957,1.525879,0.00293,0.050361,0.136429,-0.040502,-1.065918,-1.612793,0.566406,-0.084202,0.115911,0.054625,warming_up,-,0.000,-,non_chewing
6038323.0,-1.228027,1.530273,0.000977,0.058355,0.153482,-0.036772,-1.068848,-1.607422,0.560547,-0.092462,0.084469,0.057289,warming_up,-,0.000,-,non_chewing
6038333.0,-1.229004,1.536133,-0.01416,0.040769,0.175332,-0.054625,-1.059082,-1.620605,0.557617,-0.090597,0.051161,0.055691,warming_up,-,0.000,-,non_chewing
6038343.0,-1.226563,1.539551,-0.009277,0.046098,0.165473,-0.055957,-1.066406,-1.618652,0.550781,-0.084202,0.0437,0.018119,warming_up,-,0.000,-,non_chewing
6038353.0,-1.225586,1.540039,-0.028809,0.06928,0.17027,-0.049562,-1.052246,-1.625488,0.555176,-0.089265,0.046098,0.002398,warming_up,-,0.000,-,non_chewing
6038363.0,-1.222656,1.540527,-0.036133,0.038104,0.171335,-0.046364,-1.063965,-1.623535,0.532715,-0.098058,0.071945,-0.061553,warming_up,-,0.000,-,non_chewing
6038373.0,-1.207031,1.541992,-0.007324,0.009593,0.180129,-0.031709,-1.070801,-1.609863,0.513672,-0.087133,0.080205,-0.072478,warming_up,-,0.000,-,non_chewing
6038383.0,-1.214355,1.546387,-0.03125,-0.014655,0.19132,0.00373,-1.064453,-1.604492,0.493652,-0.097792,0.094328,-0.067415,warming_up,-,0.000,-,non_chewing
6038393.0,-1.206543,1.548828,-0.018555,-0.05649,0.138827,-0.002931,-1.052246,-1.59375,0.50293,-0.055424,0.07008,-0.059155,warming_up,-,0.000,-,non_chewing
6038403.0,-1.20166,1.547852,0.007813,-0.033041,0.099657,0.003464,-1.062988,-1.612793,0.552246,-0.015721,0.044766,-0.031176,warming_up,-,0.000,-,non_chewing
6038413.0,-1.19043,1.552734,0.016113,-0.019452,0.053292,0.024781,-1.048828,-1.61377,0.55957,-0.002398,0.053559,-0.045565,warming_up,-,0.000,-,non_chewing
6038423.0,-1.176758,1.560547,-0.010742,0.000266,0.034107,0.020784,-1.058594,-1.614746,0.543457,-0.006662,0.067415,-0.0437,warming_up,-,0.000,-,non_chewing
6038433.0,-1.190918,1.560547,-0.006348,0.014655,0.025847,-0.00453,-1.058594,-1.625977,0.548828,-0.011991,0.063152,-0.050095,warming_up,-,0.000,-,non_chewing
6038443.0,-1.205078,1.544434,-0.01123,0.03091,0.006928,-0.009859,-1.074219,-1.615234,0.554687,-0.005063,0.057822,-0.033841,warming_up,-,0.000,-,non_chewing
6038453.0,-1.21582,1.545898,0.003418,0.093795,-0.037838,-0.005063,-1.070313,-1.621094,0.549805,0.050628,0.037838,-0.027712,warming_up,-,0.000,-,non_chewing
6038463.0,-1.237793,1.526855,0.009277,0.100989,-0.030643,0.006395,-1.084961,-1.610352,0.545898,0.03544,0.007194,-0.014922,warming_up,-,0.000,-,non_chewing
6038473.0,-1.231934,1.523438,-0.016602,0.096726,-0.021051,-0.00826,-1.101563,-1.623047,0.551758,0.023449,-0.05276,0.034107,warming_up,-,0.000,-,non_chewing
6038483.0,-1.231934,1.517578,0.009766,0.083936,-0.008527,-0.019718,-1.066406,-1.623535,0.586426,0.040502,-0.019718,-0.005063,warming_up,-,0.000,-,non_chewing
6038493.0,-1.223145,1.533203,0.004395,0.039969,0.003198,-0.002132,-1.067871,-1.624023,0.60498,0.038904,0.036772,-0.021051,warming_up,-,0.000,-,non_chewing
6038503.0,-1.206055,1.551758,0.01709,0.023715,0.042634,0.015721,-1.053711,-1.613281,0.55957,0.007194,0.077274,-0.025847,warming_up,-,0.000,-,non_chewing
6038513.0,-1.201172,1.540527,-0.025879,0.042634,0.0429,0.067415,-1.063965,-1.589844,0.532715,-0.02185,0.108983,-0.062619,warming_up,-,0.000,-,non_chewing
6038523.0,-1.210449,1.523926,-0.059082,0.070879,0.001066,0.073011,-1.074707,-1.60498,0.532715,-0.010126,0.096459,-0.058622,warming_up,-,0.000,-,non_chewing
6038533.0,-1.224121,1.53418,-0.044434,0.089798,-0.040236,0.06475,-1.08252,-1.615723,0.583008,-0.009859,0.099657,-0.073277,warming_up,-,0.000,-,non_chewing
6038543.0,-1.222168,1.523438,-0.019531,0.092462,-0.046098,0.056224,-1.060059,-1.631348,0.596191,0.014123,0.063418,-0.03917,warming_up,-,0.000,-,non_chewing
6038553.0,-1.216797,1.521484,-0.005859,0.096992,-0.055691,0.036505,-1.035645,-1.642578,0.594238,0.039969,0.071412,-0.03464,warming_up,-,0.000,-,non_chewing
6038563.0,-1.210449,1.52832,0.013184,0.093262,-0.035173,0.024515,-1.038574,-1.630371,0.553223,-0.02185,0.113247,-0.032508,warming_up,-,0.000,-,non_chewing
6038573.0,-1.213379,1.538086,-0.04541,0.109516,-0.047963,0.036772,-1.085938,-1.602539,0.540039,-0.047164,0.052227,0.007194,warming_up,-,0.000,-,non_chewing
6038583.0,-1.236328,1.525391,-0.023437,0.120974,-0.078074,0.040769,-1.054199,-1.625,0.631348,-0.016787,0.016787,-0.009593,warming_up,-,0.000,-,non_chewing
6038593.0,-1.201172,1.532715,0.017578,0.087133,-0.095127,0.010925,-1.042969,-1.608398,0.563477,-0.021317,0.050361,-0.018652,warming_up,-,0.000,-,non_chewing
6038603.0,-1.231445,1.527832,-0.072266,0.097525,-0.098058,0.022649,-1.093262,-1.609375,0.538086,-0.03011,0.00373,-0.023449,warming_up,-,0.000,-,non_chewing
6038613.0,-1.239258,1.51123,-0.009766,0.066616,-0.081005,0.034374,-1.064453,-1.629395,0.624023,0.029311,-0.025047,0.00373,warming_up,-,0.000,-,non_chewing
6038623.0,-1.218262,1.522461,-0.019531,0.053026,-0.017853,0.037305,-1.046387,-1.625,0.585937,0.001332,0.015721,-0.014123,warming_up,-,0.000,-,non_chewing
6038633.0,-1.21582,1.519531,-0.000488,0.050095,0.046897,0.04743,-1.059082,-1.614746,0.579102,0.000533,0.043167,-0.02558,warming_up,-,0.000,-,non_chewing
6038643.0,-1.226563,1.509766,-0.024414,0.039703,0.060753,0.013323,-1.070313,-1.609375,0.570801,-0.016787,0.009326,-0.003997,warming_up,-,0.000,-,non_chewing
6038653.0,-1.217773,1.516602,-0.021973,0.043966,0.063418,0.000533,-1.064453,-1.615723,0.58252,-0.014389,0.002132,-0.004263,warming_up,-,0.000,-,non_chewing
6038663.0,-1.217285,1.525879,-0.025391,0.037305,0.054891,0.000799,-1.061035,-1.615723,0.566406,-0.011191,0.005329,-0.011458,warming_up,-,0.000,-,non_chewing
6038673.0,-1.214355,1.526855,-0.030273,0.037038,0.03464,-0.000799,-1.061523,-1.609863,0.583496,-0.011724,0.015188,-0.021317,warming_up,-,0.000,-,non_chewing
6038683.0,-1.208008,1.53125,-0.022949,0.023449,0.015188,0.000533,-1.062012,-1.614746,0.567871,-0.041835,0.011458,-0.016254,warming_up,-,0.000,-,non_chewing
6038693.0,-1.209961,1.538574,-0.021484,-0.001599,-0.005063,0.018119,-1.061523,-1.623535,0.583984,-0.049296,0.021051,-0.015988,warming_up,-,0.000,-,non_chewing
6038703.0,-1.215332,1.541016,-0.015137,-0.003464,-0.016521,0.044499,-1.062012,-1.615723,0.603516,-0.040236,0.033041,-0.006928,warming_up,-,0.000,-,non_chewing
6038713.0,-1.213379,1.53125,-0.027344,0.022383,-0.01359,0.041568,-1.06543,-1.618164,0.583984,-0.036505,0.041302,0.019718,warming_up,-,0.000,-,non_chewing
6038723.0,-1.227539,1.528809,-0.022461,0.036239,-0.012257,0.011458,-1.056641,-1.611328,0.598145,-0.0429,0.065816,0.021051,warming_up,-,0.000,-,non_chewing
6038733.0,-1.224609,1.533691,-0.010742,0.033308,0.012524,-0.009326,-1.049805,-1.623535,0.593262,-0.039969,0.071945,0.021583,warming_up,-,0.000,-,non_chewing
6038743.0,-1.209961,1.537109,-0.01416,0.041835,0.042368,-0.015455,-1.043457,-1.592285,0.493164,-0.108717,0.113779,0.003997,warming_up,-,0.000,-,non_chewing
6038753.0,-1.249512,1.525879,-0.052734,0.054891,0.02185,-0.002132,-1.086426,-1.632813,0.614746,-0.062619,0.067948,-0.024515,warming_up,-,0.000,-,non_chewing
6038763.0,-1.235352,1.525391,0.023437,0.02638,0.040236,-0.005329,-1.044922,-1.630371,0.605469,-0.040769,0.046897,-0.039436,warming_up,-,0.000,-,non_chewing
6038773.0,-1.219238,1.535645,0.015137,0.031176,0.062619,0.018652,-0.998535,-1.619629,0.558594,-0.109516,0.027712,0.025314,warming_up,-,0.000,-,non_chewing
6038783.0,-1.223633,1.538086,-0.061523,0.034107,0.046631,0.032242,-1.11377,-1.594727,0.533691,-0.075409,0.022649,-0.011191,warming_up,-,0.000,-,non_chewing
6038793.0,-1.222168,1.538086,-0.065918,0.01732,0.031176,0.036505,-1.095215,-1.615234,0.586914,-0.055158,0.006129,0.017054,warming_up,-,0.000,-,non_chewing
6038803.0,-1.240234,1.531738,-0.052734,0.02558,0.020518,0.032242,-1.090332,-1.630859,0.589844,-0.054625,0.018119,-0.018652,warming_up,-,0.000,-,non_chewing
6038813.0,-1.248047,1.529785,-0.04541,0.027712,0.010658,0.03091,-1.083984,-1.629395,0.603027,-0.039703,0.005063,-0.028511,warming_up,-,0.000,-,non_chewing
6038823.0,-1.233887,1.526855,-0.017578,0.022916,-0.007994,0.041568,-1.085938,-1.633301,0.606445,-0.035706,-0.017587,0.003464,warming_up,-,0.000,-,non_chewing
6038833.0,-1.236328,1.530273,-0.018066,0.038637,0.000533,0.031709,-1.07666,-1.637207,0.609863,-0.022649,-0.015721,0.002398,warming_up,-,0.000,-,non_chewing
6038843.0,-1.22998,1.522949,0.036621,0.050095,-0.002398,0.011991,-1.064453,-1.632324,0.606934,0.000799,-0.026646,0.027712,warming_up,-,0.000,-,non_chewing
6038853.0,-1.225586,1.525879,0.033691,0.058355,0.026913,0.002132,-1.062012,-1.64209,0.622559,0.005063,-0.014389,0.022649,warming_up,-,0.000,-,non_chewing
6038863.0,-1.22168,1.518066,0.042969,0.046897,0.041035,0.020518,-1.062988,-1.645996,0.619629,0.005862,-0.026646,0.013323,warming_up,-,0.000,-,non_chewing
6038873.0,-1.208008,1.528809,0.037598,0.044766,0.044499,0.019185,-1.055664,-1.635254,0.638184,0.006662,-0.027446,0.010925,warming_up,-,0.000,-,non_chewing
6038883.0,-1.209961,1.526367,0.034668,0.034374,0.045032,0.015455,-1.047852,-1.644043,0.619629,0.017587,-0.017054,0.004263,warming_up,-,0.000,-,non_chewing
6038893.0,-1.189941,1.54248,0.029785,0.022383,0.038371,0.005596,-1.039551,-1.638672,0.634277,0.016521,-0.001865,-0.000533,warming_up,-,0.000,-,non_chewing
6038903.0,-1.1875,1.547852,0.023926,0.002132,0.041835,0.00453,-1.037598,-1.632324,0.624023,0.019718,0.027979,0.000266,warming_up,-,0.000,-,non_chewing
6038913.0,-1.178223,1.547852,-0.005371,0.0,0.033041,-0.004263,-1.030762,-1.62793,0.587891,0.016521,0.03917,-0.010925,warming_up,-,0.000,-,non_chewing
6038923.0,-1.194824,1.532227,-0.013672,0.034107,0.019452,0.014123,-1.056641,-1.620605,0.555176,-0.011991,0.052493,-0.039436,warming_up,-,0.000,-,non_chewing
6038933.0,-1.21875,1.513672,-0.01709,0.049828,-0.029844,0.021317,-1.086914,-1.600098,0.544922,-0.025847,0.01732,-0.030643,warming_up,-,0.000,-,non_chewing
6038943.0,-1.217773,1.517578,-0.019531,0.044766,-0.049296,0.017054,-1.081543,-1.618652,0.550293,-0.03464,-0.034107,0.0,warming_up,-,0.000,-,non_chewing
6038953.0,-1.223633,1.51709,-0.00293,0.052493,-0.050095,0.030643,-1.067383,-1.631836,0.57959,-0.041835,-0.056757,0.004796,warming_up,-,0.000,-,non_chewing
6038963.0,-1.222656,1.511719,-0.014648,0.057023,-0.023449,0.024248,-1.063965,-1.611816,0.587891,-0.014389,-0.002398,-0.014389,warming_up,-,0.000,-,non_chewing
6038973.0,-1.228027,1.51416,0.012695,0.029844,0.021051,0.033308,-1.064941,-1.614746,0.578613,0.010658,0.044766,-0.043966,warming_up,-,0.000,-,non_chewing
6038983.0,-1.208496,1.530273,0.004883,0.010126,0.039969,0.034107,-1.068848,-1.608887,0.576172,0.022649,0.104986,-0.087933,warming_up,-,0.000,-,non_chewing
6038993.0,-1.203613,1.541992,-0.02002,-0.001865,0.054891,0.017587,-1.062012,-1.602539,0.565918,0.021583,0.090597,-0.085268,warming_up,-,0.000,-,non_chewing
6039003.0,-1.214355,1.540527,-0.028809,-0.039969,0.055158,0.010658,-1.062012,-1.609863,0.567383,0.000266,0.076208,-0.106319,warming_up,-,0.000,-,non_chewing
6039013.0,-1.204102,1.536133,-0.007813,-0.031443,0.011991,0.018386,-1.06543,-1.62793,0.560547,-0.001599,0.03917,-0.086067,warming_up,-,0.000,-,non_chewing
6039023.0,-1.209961,1.534668,0.005371,-0.025314,-0.020784,-0.001066,-1.046875,-1.634766,0.592773,-0.001066,-0.005063,-0.047697,warming_up,-,0.000,-,non_chewing
6039033.0,-1.203125,1.539063,-0.001465,-0.033041,-0.041302,-0.013323,-1.044434,-1.639648,0.588379,-0.00906,-0.00906,-0.039436,warming_up,-,0.000,-,non_chewing
6039043.0,-1.215332,1.540527,-0.019531,-0.031176,-0.034374,0.000533,-1.041016,-1.631836,0.564453,-0.029044,0.003198,-0.01279,warming_up,-,0.000,-,non_chewing
6039053.0,-1.228027,1.541992,-0.044922,-0.015721,-0.01732,0.024515,-1.051758,-1.610352,0.553711,-0.050894,0.05276,0.000266,warming_up,-,0.000,-,non_chewing
6039063.0,-1.245605,1.53125,-0.041992,0.001332,0.018919,0.031443,-1.085938,-1.590332,0.500977,-0.068747,0.062352,-0.010392,warming_up,-,0.000,-,non_chewing
6039073.0,-1.248535,1.522949,-0.00293,0.02558,0.027179,0.024515,-1.101563,-1.601563,0.555664,-0.055691,0.038637,0.00906,warming_up,-,0.000,-,non_chewing
6039083.0,-1.244629,1.518066,0.04248,0.043167,0.02185,-0.007727,-1.091309,-1.610352,0.611816,-0.006395,0.035972,0.019718,warming_up,-,0.000,-,non_chewing
6039093.0,-1.224609,1.526855,0.064453,0.061819,0.046897,-0.008793,-1.038574,-1.632813,0.637695,0.019985,0.06475,-0.011191,warming_up,-,0.000,-,non_chewing
6039103.0,-1.20752,1.527344,0.026855,0.059688,0.063152,-0.007727,-1.035156,-1.628906,0.625,0.003464,0.094328,-0.020251,warming_up,-,0.000,-,non_chewing
6039113.0,-1.202637,1.535156,-0.009277,0.086067,0.063418,0.002398,-1.054199,-1.625977,0.595215,-0.031709,0.102855,-0.011191,warming_up,-,0.000,-,non_chewing
6039123.0,-1.220703,1.535645,-0.038574,0.097259,0.026113,0.016521,-1.06543,-1.618652,0.580078,-0.03544,0.088732,0.022116,warming_up,-,0.000,-,non_chewing
6039133.0,-1.218262,1.53418,-0.017578,0.094594,0.014389,0.013856,-1.070313,-1.615234,0.583496,-0.040769,0.073544,0.017587,warming_up,-,0.000,-,non_chewing
6039143.0,-1.243164,1.525879,-0.029785,0.078074,-0.002665,0.001332,-1.065918,-1.617676,0.582031,-0.027446,0.053825,0.031176,warming_up,-,0.000,-,non_chewing
6039153.0,-1.23877,1.528809,-0.012207,0.069547,0.00906,-0.006928,-1.074707,-1.612793,0.572754,-0.049562,0.032508,0.060753,warming_up,-,0.000,-,non_chewing
6039163.0,-1.238281,1.529297,-0.01709,0.055691,0.015188,-0.005596,-1.077148,-1.623535,0.58252,-0.044233,0.040236,0.036505,warming_up,-,0.000,-,non_chewing
6039173.0,-1.228027,1.525879,-0.013184,0.056757,0.024781,0.00373,-1.078125,-1.625977,0.583496,-0.053026,0.029844,0.042634,warming_up,-,0.000,-,non_chewing
6039183.0,-1.242676,1.52002,-0.003906,0.042101,0.034374,0.021051,-1.083984,-1.611816,0.575684,-0.043433,0.035173,0.024781,warming_up,-,0.000,-,non_chewing
6039193.0,-1.236328,1.524414,0.001465,0.021051,0.044233,0.029844,-1.083008,-1.616699,0.568848,-0.033574,0.036505,-0.001599,warming_up,-,0.000,-,non_chewing
6039203.0,-1.224609,1.526855,-0.021484,0.021583,0.045565,0.04743,-1.072754,-1.617676,0.584961,-0.010392,0.041835,-0.017853,warming_up,-,0.000,-,non_chewing
6039213.0,-1.23584,1.521484,-0.016113,0.000799,0.014123,0.034107,-1.087402,-1.621094,0.583496,-0.021051,0.003464,-0.024248,warming_up,-,0.000,-,non_chewing
6039223.0,-1.220703,1.529785,-0.001465,0.03011,-0.018919,0.018652,-1.069824,-1.617188,0.59668,-0.009593,-0.020251,-0.009859,warming_up,-,0.000,-,non_chewing
6039233.0,-1.197754,1.53125,-0.035156,0.017054,0.010925,0.014389,-1.086426,-1.587402,0.481445,-0.041568,0.024248,-0.027712,warming_up,-,0.000,-,non_chewing
6039243.0,-1.236816,1.524902,-0.086426,0.077274,-0.011724,0.021317,-1.098633,-1.620117,0.576172,-0.075942,-0.005596,-0.019985,warming_up,-,0.000,-,non_chewing
6039253.0,-1.25293,1.516113,-0.037598,0.085801,-0.024248,0.036772,-1.071777,-1.646484,0.625,-0.046631,-0.038104,-0.010126,warming_up,-,0.000,-,non_chewing
6039263.0,-1.233887,1.52002,0.016602,0.074876,-0.002665,0.031975,-1.033203,-1.639648,0.628906,-0.00453,-0.022916,-0.036505,warming_up,-,0.000,-,non_chewing
6039273.0,-1.211426,1.528809,0.033691,0.057023,0.019452,0.030377,-1.044434,-1.616699,0.611816,0.014922,-0.019718,-0.020518,warming_up,-,0.000,-,non_chewing
6039283.0,-1.201172,1.523926,0.026855,0.055957,0.009326,0.019452,-1.05127,-1.609375,0.59375,0.011191,-0.017054,-0.018919,warming_up,-,0.000,-,non_chewing
6039293.0,-1.203125,1.525879,0.011719,0.035173,0.012524,0.015721,-1.059082,-1.602539,0.555664,0.004263,0.016787,-0.031176,warming_up,-,0.000,-,non_chewing
6039303.0,-1.204102,1.538086,-0.015137,0.034907,0.044766,0.022116,-1.080078,-1.598145,0.52002,-0.044766,0.050628,-0.041035,warming_up,-,0.000,-,non_chewing
6039313.0,-1.199219,1.540039,-0.032715,0.044499,0.077274,0.016521,-1.069824,-1.606445,0.526367,-0.044499,0.088199,-0.033574,warming_up,-,0.000,-,non_chewing
6039323.0,-1.21875,1.524414,-0.038086,0.041568,0.063418,0.020784,-1.069824,-1.620605,0.570801,-0.066616,0.054358,-0.004263,warming_up,-,0.000,-,non_chewing
6039333.0,-1.21875,1.519531,-0.009277,0.037038,0.037838,0.019985,-1.070801,-1.612305,0.567871,-0.038371,0.034374,0.006928,warming_up,-,0.000,-,non_chewing
6039343.0,-1.215332,1.524414,-0.002441,0.034907,0.019985,0.000266,-1.06543,-1.625488,0.563477,-0.05196,-0.001066,0.018919,warming_up,-,0.000,-,non_chewing
6039353.0,-1.227051,1.522461,-0.020996,0.047164,-0.015455,0.010126,-1.083984,-1.620605,0.585449,-0.048763,-0.033574,0.067415,warming_up,-,0.000,-,non_chewing
6039363.0,-1.21875,1.533203,-0.003906,0.018386,-0.013323,0.005862,-1.072754,-1.611328,0.57666,-0.035706,-0.037838,0.062086,warming_up,-,0.000,-,non_chewing
6039373.0,-1.208008,1.530762,0.003418,0.007194,-0.015188,0.009593,-1.078125,-1.611328,0.581543,-0.022116,-0.016787,0.02185,warming_up,-,0.000,-,non_chewing
6039383.0,-1.216797,1.526855,0.001953,-0.027712,0.032242,0.018919,-1.066406,-1.608887,0.583496,-0.01279,0.007727,0.002398,warming_up,-,0.000,-,non_chewing
6039393.0,-1.21875,1.532227,-0.009277,-0.032775,0.136695,0.03544,-1.061035,-1.611816,0.589355,0.00453,0.095127,-0.058888,warming_up,-,0.000,-,non_chewing
6039403.0,-1.21875,1.536133,0.001953,-0.031443,0.20491,0.017853,-1.056152,-1.620117,0.606445,0.020784,0.23875,-0.152417,warming_up,-,0.000,-,non_chewing
6039413.0,-1.227539,1.539551,-0.002441,0.07834,0.153216,0.013057,-1.07373,-1.625977,0.570312,0.001599,0.324818,-0.185191,warming_up,-,0.000,-,non_chewing
6039423.0,-1.215332,1.535156,-0.014648,0.129501,0.102055,-0.02185,-1.09082,-1.625,0.553223,-0.028778,0.255005,-0.120974,warming_up,-,0.000,-,non_chewing
6039433.0,-1.220215,1.53418,-0.008301,0.206242,0.041835,-0.039703,-1.077148,-1.63623,0.55957,-0.01732,0.162276,-0.029577,warming_up,-,0.000,-,non_chewing
6039443.0,-1.212402,1.538574,0.002441,0.23875,-0.005329,-0.027712,-1.066406,-1.620117,0.54541,-0.033841,0.101789,0.011724,warming_up,-,0.000,-,non_chewing
6039453.0,-1.242676,1.521973,-0.03418,0.232888,-0.04743,-0.028778,-1.098145,-1.611816,0.563965,-0.029311,0.001865,0.0429,warming_up,-,0.000,-,non_chewing
6039463.0,-1.256348,1.522461,0.009766,0.160144,-0.041302,-0.027979,-1.085449,-1.620605,0.564941,-0.033041,-0.066349,0.075942,warming_up,-,0.000,-,non_chewing
6039473.0,-1.241699,1.522949,-0.013184,0.145755,-0.015188,-0.008527,-1.085938,-1.605957,0.552734,-0.044233,-0.037838,0.041035,warming_up,-,0.000,-,non_chewing
6039483.0,-1.249512,1.52832,-0.03125,0.071145,0.029044,0.003464,-1.098145,-1.611328,0.577637,-0.057289,-0.016787,0.017853,warming_up,-,0.000,-,non_chewing
6039493.0,-1.231934,1.528809,-0.016113,0.04823,0.043966,0.019452,-1.076172,-1.61377,0.583984,-0.045032,0.02638,0.009326,warming_up,-,0.000,-,non_chewing
6039503.0,-1.225586,1.535645,-0.036133,-0.030377,0.122306,0.04743,-1.07666,-1.606445,0.571777,-0.075409,0.062086,0.010658,warming_up,-,0.000,-,non_chewing
6039513.0,-1.228027,1.530762,-0.023926,-0.057023,0.143623,0.069547,-1.046387,-1.626953,0.583008,-0.057556,0.050095,-0.008527,warming_up,-,0.000,-,non_chewing
6039523.0,-1.200684,1.544434,0.019043,-0.094594,0.169204,0.058355,-1.036621,-1.617188,0.554199,-0.042368,0.083669,-0.015988,warming_up,-,0.000,-,non_chewing
6039533.0,-1.191895,1.533203,-0.041504,-0.118309,0.190254,0.058355,-1.052734,-1.619141,0.5625,-0.049029,0.04823,0.015455,warming_up,-,0.000,-,non_chewing
6039543.0,-1.20459,1.51709,-0.02002,-0.084735,0.137761,0.064217,-1.032715,-1.636719,0.598145,-0.015721,0.02638,-0.006928,warming_up,-,0.000,-,non_chewing
6039553.0,-1.208008,1.525879,0.008789,-0.05649,0.087933,0.059688,-1.04834,-1.617188,0.547363,0.007727,0.038371,-0.060221,warming_up,-,0.000,-,non_chewing
6039563.0,-1.208984,1.532227,-0.02002,-0.023982,0.030643,0.03917,-1.070313,-1.610352,0.567871,0.023715,-0.019985,-0.041568,warming_up,-,0.000,-,non_chewing
6039573.0,-1.216797,1.524414,-0.023926,0.013057,0.014123,0.03544,-1.069824,-1.611328,0.577148,0.024248,-0.066083,-0.020784,warming_up,-,0.000,-,non_chewing
6039583.0,-1.211914,1.534668,-0.01416,0.039969,0.003464,0.024781,-1.06543,-1.617676,0.578613,0.007727,-0.031176,0.002931,warming_up,-,0.000,-,non_chewing
6039593.0,-1.224609,1.538574,-0.020508,0.068481,0.029044,0.046098,-1.082031,-1.608887,0.569336,-0.019452,0.034107,-0.000799,warming_up,-,0.000,-,non_chewing
6039603.0,-1.240723,1.522949,-0.036133,0.070613,0.063685,0.053825,-1.083008,-1.609375,0.59082,-0.021317,0.088466,0.011724,warming_up,-,0.000,-,non_chewing
6039613.0,-1.231934,1.515625,-0.013672,0.096992,0.080472,0.062885,-1.080078,-1.612793,0.586426,-0.009593,0.158545,-0.011991,warming_up,-,0.000,-,non_chewing
6039623.0,-1.228027,1.529297,-0.026855,0.118309,0.076475,0.060487,-1.083984,-1.612305,0.583984,0.008527,0.174266,-0.024515,warming_up,-,0.000,-,non_chewing
6039633.0,-1.217285,1.527832,-0.008789,0.142291,0.055424,0.055424,-1.062012,-1.60791,0.568359,0.007194,0.189188,-0.064217,warming_up,-,0.000,-,non_chewing
6039643.0,-1.215332,1.539063,-0.014648,0.123905,0.003198,0.049562,-1.067871,-1.612793,0.563965,0.018919,0.174799,-0.084735,warming_up,-,0.000,-,non_chewing
6039653.0,-1.203125,1.53418,-0.030762,0.108717,0.00373,0.049029,-1.063477,-1.610352,0.57373,0.042368,0.118309,-0.063951,warming_up,-,0.000,-,non_chewing
6039663.0,-1.224609,1.523926,-0.025391,0.085268,-0.032242,0.042101,-1.068848,-1.607422,0.583008,0.02558,0.082337,-0.067415,warming_up,-,0.000,-,non_chewing
6039673.0,-1.205566,1.535645,-0.023437,0.069547,-0.044766,0.048496,-1.07373,-1.611328,0.57959,0.02638,0.066349,-0.066616,warming_up,-,0.000,-,non_chewing
6039683.0,-1.224609,1.533203,-0.025391,0.05196,-0.01359,0.06475,-1.058105,-1.61377,0.581543,0.037838,0.045565,-0.019718,warming_up,-,0.000,-,non_chewing
6039693.0,-1.209473,1.541504,-0.033691,0.016254,0.024781,0.077541,-1.083984,-1.600098,0.558105,-0.020784,0.040502,0.009593,warming_up,-,0.000,-,non_chewing
6039703.0,-1.213867,1.520996,-0.041992,0.00373,0.016787,0.07381,-1.072754,-1.624512,0.583496,-0.020251,0.000266,0.035972,warming_up,-,0.000,-,non_chewing
6039713.0,-1.230957,1.521484,-0.042969,0.024781,0.013323,0.061286,-1.085938,-1.62207,0.588867,-0.028245,0.013057,0.060487,warming_up,-,0.000,-,non_chewing
6039723.0,-1.21875,1.526367,-0.037109,0.052493,0.01732,0.04823,-1.080566,-1.619629,0.593262,-0.042368,0.014123,0.051161,warming_up,-,0.000,-,non_chewing
6039733.0,-1.224121,1.535645,-0.047363,0.054092,0.021317,0.040236,-1.063965,-1.627441,0.587891,-0.038904,0.018919,0.050628,warming_up,-,0.000,-,non_chewing
6039743.0,-1.20459,1.533203,-0.037598,0.069813,0.03917,0.049828,-1.087402,-1.609863,0.584961,-0.032508,0.019985,0.020251,warming_up,-,0.000,-,non_chewing
6039753.0,-1.202637,1.538574,-0.005371,0.088199,0.04823,0.064484,-1.071777,-1.609863,0.544922,-0.025847,0.045032,-0.019985,warming_up,-,0.000,-,non_chewing
6039763.0,-1.191406,1.531738,-0.015137,0.075675,0.068747,0.064217,-1.062988,-1.609863,0.566895,0.006662,0.03464,-0.01732,warming_up,-,0.000,-,non_chewing
6039773.0,-1.197266,1.52832,-0.038086,0.074609,0.062086,0.065017,-1.061035,-1.609375,0.551758,0.008793,0.035173,-0.018119,warming_up,-,0.000,-,non_chewing
6039783.0,-1.222656,1.531738,-0.057129,0.082337,0.061286,0.055957,-1.103516,-1.594727,0.559082,-0.022116,-0.005329,0.002132,warming_up,-,0.000,-,non_chewing
6039793.0,-1.210449,1.525391,-0.025391,0.081271,0.068747,0.060487,-1.07666,-1.60498,0.585449,-0.00373,0.006928,-0.005596,warming_up,-,0.000,-,non_chewing
6039803.0,-1.214355,1.525879,-0.026367,0.081538,0.025047,0.037571,-1.076172,-1.604492,0.578125,0.015455,0.019985,-0.016254,warming_up,-,0.000,-,non_chewing
6039813.0,-1.206055,1.538086,-0.033203,0.062352,0.010658,0.014655,-1.081543,-1.614258,0.565918,0.007194,0.02638,-0.020251,warming_up,-,0.000,-,non_chewing
6039823.0,-1.195313,1.537598,-0.020508,0.106319,0.022116,0.00826,-1.044922,-1.615234,0.598633,0.0,0.063951,-0.039969,warming_up,-,0.000,-,non_chewing
6039833.0,-1.182617,1.550781,-0.029785,0.10925,0.011724,0.020518,-1.046875,-1.631348,0.575684,0.00453,0.145755,-0.110582,warming_up,-,0.000,-,non_chewing
6039843.0,-1.201172,1.525391,-0.016602,0.136695,-0.019718,0.038104,-1.067871,-1.616211,0.570801,0.013323,0.193985,-0.163608,warming_up,-,0.000,-,non_chewing
6039853.0,-1.208984,1.532227,-0.010254,0.122306,-0.036772,0.036505,-1.07959,-1.60498,0.566406,0.00906,0.144956,-0.127369,warming_up,-,0.000,-,non_chewing
6039863.0,-1.216797,1.521484,-0.030762,0.090597,-0.037305,0.05276,-1.084961,-1.61084,0.579102,-0.007727,0.06928,-0.07008,warming_up,-,0.000,-,non_chewing
6039873.0,-1.216797,1.530762,-0.031738,0.040236,-0.059155,0.031176,-1.066895,-1.61377,0.586426,-0.008527,-0.005862,-0.031443,warming_up,-,0.000,-,non_chewing
6039883.0,-1.219238,1.53125,-0.037109,0.014655,-0.028511,0.022116,-1.059082,-1.613281,0.570801,-0.004796,-0.054891,0.032242,warming_up,-,0.000,-,non_chewing
6039893.0,-1.224121,1.537598,-0.030273,0.000799,0.00906,0.040769,-1.069336,-1.621582,0.595703,-0.002132,-0.069014,0.044233,warming_up,-,0.000,-,non_chewing
6039903.0,-1.215332,1.557129,-0.038086,-0.03091,0.011724,0.005596,-1.053223,-1.59668,0.572266,0.019452,-0.06475,0.06102,warming_up,-,0.000,-,non_chewing
6039913.0,-1.234863,1.539551,-0.054687,-0.043433,0.034374,0.01359,-1.069824,-1.614258,0.57666,-0.02558,-0.093795,0.08207,warming_up,-,0.000,-,non_chewing
6039923.0,-1.212891,1.541504,-0.023926,-0.018119,0.027712,0.002132,-1.064453,-1.620117,0.574219,0.001066,-0.085534,0.081804,warming_up,-,0.000,-,non_chewing
6039933.0,-1.21875,1.530762,-0.008301,0.031975,0.01359,-0.006129,-1.07666,-1.625,0.605957,0.000533,-0.073277,0.053292,warming_up,-,0.000,-,non_chewing
6039943.0,-1.203613,1.541504,-0.002441,0.050361,0.006129,-0.035706,-1.072754,-1.612793,0.583984,-0.011991,-0.029044,0.045299,warming_up,-,0.000,-,non_chewing
6039953.0,-1.209961,1.539063,-0.052734,0.098858,-0.00453,-0.052493,-1.081543,-1.602051,0.55957,-0.029311,-0.03544,0.054092,warming_up,-,0.000,-,non_chewing
6039963.0,-1.226563,1.514648,-0.01416,0.10392,-0.041302,-0.059155,-1.089355,-1.61084,0.600098,-0.030643,-0.015988,0.044233,warming_up,-,0.000,-,non_chewing
6039973.0,-1.220215,1.525391,0.00293,0.086334,-0.019452,-0.054092,-1.074707,-1.607422,0.600586,-0.027712,0.015988,0.031443,warming_up,-,0.000,-,non_chewing
6039983.0,-1.225098,1.511719,-0.03125,0.080738,-0.017853,-0.017587,-1.091797,-1.594727,0.558105,-0.036239,0.046631,0.011724,warming_up,-,0.000,-,non_chewing
6039993.0,-1.224121,1.519531,-0.041992,0.069547,0.00453,-0.005063,-1.091797,-1.602539,0.584473,-0.052493,0.008793,0.019185,warming_up,-,0.000,-,non_chewing
6040003.0,-1.234863,1.512207,-0.000488,0.037038,0.05276,0.008527,-1.067383,-1.611816,0.602539,-0.035706,0.033308,-0.01732,warming_up,-,0.000,-,non_chewing
6040013.0,-1.215332,1.535156,-0.003418,0.011458,0.079672,0.018119,-1.044434,-1.605957,0.598145,-0.014389,0.096459,-0.071678,warming_up,-,0.000,-,non_chewing
6040023.0,-1.193848,1.54834,-0.013672,0.006129,0.10472,0.042368,-1.031738,-1.601563,0.584961,-0.009859,0.167072,-0.123905,warming_up,-,0.000,-,non_chewing
6040033.0,-1.193359,1.541016,-0.067383,0.005596,0.092729,0.057556,-1.072754,-1.591797,0.540039,-0.032242,0.151884,-0.123106,warming_up,-,0.000,-,non_chewing
6040043.0,-1.224121,1.527832,-0.048828,0.02558,0.032242,0.07381,-1.103516,-1.597656,0.575684,-0.040769,0.108184,-0.085801,warming_up,-,0.000,-,non_chewing
6040053.0,-1.217285,1.514648,-0.007324,0.033041,-0.02638,0.042634,-1.079102,-1.636719,0.621094,-0.022649,0.026646,-0.015188,warming_up,-,0.000,-,non_chewing
6040063.0,-1.204102,1.530273,0.022949,0.037038,-0.052493,0.023182,-1.04248,-1.635254,0.615234,0.00373,0.029311,0.003464,warming_up,-,0.000,-,non_chewing
6040073.0,-1.208008,1.541016,-0.032227,0.006129,-0.039703,0.021317,-1.066895,-1.605469,0.55957,-0.021317,0.049562,0.015988,warming_up,-,0.000,-,non_chewing
6040083.0,-1.233887,1.535645,-0.066406,0.052493,-0.032242,0.028778,-1.089355,-1.598633,0.519043,-0.057023,0.061553,0.020784,warming_up,-,0.000,-,non_chewing
6040093.0,-1.235352,1.526855,-0.018066,0.076475,-0.027446,0.037305,-1.080078,-1.626953,0.615723,-0.019185,0.016521,0.026113,warming_up,-,0.000,-,non_chewing
6040103.0,-1.219727,1.529785,0.030273,0.076475,0.009326,0.015188,-1.041992,-1.64209,0.634277,0.000799,0.052227,-0.007727,warming_up,-,0.000,-,non_chewing
6040113.0,-1.202148,1.54834,-0.006836,0.064217,0.057556,0.024248,-1.055664,-1.604492,0.565918,-0.010126,0.068747,0.013057,warming_up,-,0.000,-,non_chewing
6040123.0,-1.228027,1.520508,-0.070801,0.08287,0.075409,0.028778,-1.105469,-1.589355,0.536621,-0.057556,0.038904,0.009326,warming_up,-,0.000,-,non_chewing
6040133.0,-1.221191,1.530273,-0.00293,0.097525,0.046098,0.010658,-1.064941,-1.622559,0.600586,0.009326,0.017853,-0.003464,warming_up,-,0.000,-,non_chewing
6040143.0,-1.205078,1.533203,-0.026367,0.090331,0.038104,0.007461,-1.083984,-1.589844,0.564453,-0.038637,0.0429,0.005063,warming_up,-,0.000,-,non_chewing
6040153.0,-1.219727,1.530762,-0.022461,0.058089,0.037038,0.015455,-1.092285,-1.607422,0.594238,-0.032508,0.031176,0.007194,warming_up,-,0.000,-,non_chewing
6040163.0,-1.214355,1.520508,-0.022461,0.042368,0.01359,0.012257,-1.079102,-1.614746,0.597656,-0.004796,0.047963,-0.015988,warming_up,-,0.000,-,non_chewing
6040173.0,-1.212402,1.525879,-0.010742,0.018652,-0.002398,0.024781,-1.078613,-1.613281,0.60791,-0.03544,0.046631,-0.007194,warming_up,-,0.000,-,non_chewing
6040183.0,-1.213379,1.536133,0.005859,0.01732,-0.004796,0.027712,-1.069824,-1.609863,0.566406,-0.061819,0.051427,0.014123,warming_up,-,0.000,-,non_chewing
6040193.0,-1.211914,1.537598,-0.023437,0.021051,0.024248,0.042634,-1.049805,-1.60791,0.527832,-0.08207,0.051694,0.018919,warming_up,-,0.000,-,non_chewing
6040203.0,-1.226563,1.524902,-0.044434,0.026113,0.029844,0.039703,-1.083008,-1.61377,0.586914,-0.061553,0.024515,0.041302,warming_up,-,0.000,-,non_chewing
6040213.0,-1.214844,1.537109,0.001465,0.051694,0.06555,0.046364,-1.041016,-1.636719,0.633301,-0.004263,0.058622,-0.042368,warming_up,-,0.000,-,non_chewing
6040223.0,-1.204102,1.540527,-0.004883,0.037838,0.098325,0.062619,-1.04248,-1.615723,0.588379,-0.015988,0.121507,-0.087133,warming_up,-,0.000,-,non_chewing
6040233.0,-1.200195,1.537598,-0.026855,0.059421,0.063685,0.058622,-1.084473,-1.603027,0.57959,-0.006662,0.077274,-0.076741,warming_up,-,0.000,-,non_chewing
6040243.0,-1.214355,1.522949,-0.025879,0.040502,0.013856,0.037838,-1.080078,-1.614746,0.589844,0.007461,0.046631,-0.058888,warming_up,-,0.000,-,non_chewing
6040253.0,-1.212891,1.530273,-0.033691,0.055957,-0.029844,0.033308,-1.072754,-1.621582,0.581055,0.007461,0.055957,-0.059421,warming_up,-,0.000,-,non_chewing
6040263.0,-1.209961,1.524414,-0.022949,0.081804,-0.075142,0.027446,-1.085938,-1.629395,0.588379,0.002665,0.070346,-0.021583,warming_up,-,0.000,-,non_chewing
6040273.0,-1.211426,1.539551,-0.020996,0.087666,-0.091663,0.017054,-1.087402,-1.622559,0.571777,-0.025847,0.075142,0.007194,warming_up,-,0.000,-,non_chewing
6040283.0,-1.217773,1.535645,-0.013184,0.118576,-0.084735,0.024781,-1.072266,-1.615723,0.581543,-0.042368,0.096992,-0.004263,warming_up,-,0.000,-,non_chewing
6040293.0,-1.223145,1.535156,-0.017578,0.135096,-0.070346,0.0429,-1.06543,-1.604492,0.570801,-0.063152,0.084735,0.033041,warming_up,-,0.000,-,non_chewing
6040303.0,-1.226074,1.544434,-0.022949,0.142025,-0.026113,0.02185,-1.056152,-1.603516,0.573242,-0.066882,0.074343,0.067149,warming_up,-,0.000,-,non_chewing
6040313.0,-1.21875,1.547852,-0.016602,0.122839,-0.010925,-0.002398,-1.053223,-1.589844,0.574707,-0.046364,0.036505,0.122839,warming_up,-,0.000,-,non_chewing
6040323.0,-1.226074,1.550293,-0.020996,0.126037,0.006129,-0.015455,-1.044434,-1.595703,0.578125,-0.045565,0.043167,0.115645,warming_up,-,0.000,-,non_chewing
6040333.0,-1.217773,1.534668,-0.027832,0.120708,0.055957,0.00453,-1.048828,-1.586426,0.585449,-0.049562,0.068481,0.083403,warming_up,-,0.000,-,non_chewing
6040343.0,-1.206543,1.533691,-0.035645,0.085268,0.054092,0.011991,-1.068359,-1.611816,0.589355,-0.049562,0.075942,0.088199,warming_up,-,0.000,-,non_chewing
6040353.0,-1.20166,1.53125,-0.03418,0.055957,0.077807,0.022916,-1.071289,-1.615723,0.594727,-0.057289,0.096992,0.073277,warming_up,-,0.000,-,non_chewing
6040363.0,-1.203125,1.532715,-0.024414,0.037838,0.081804,0.0429,-1.064941,-1.616211,0.560547,-0.062352,0.102055,0.084469,warming_up,-,0.000,-,non_chewing
6040373.0,-1.203613,1.530762,-0.023437,0.055957,0.053292,0.043966,-1.085938,-1.61084,0.567871,-0.044766,0.100989,0.096193,warming_up,-,0.000,-,non_chewing
6040383.0,-1.203125,1.522461,-0.021484,0.055957,0.018119,0.006129,-1.096191,-1.602539,0.574707,-0.043433,0.09193,0.106585,warming_up,-,0.000,-,non_chewing
6040393.0,-1.208008,1.517578,-0.041016,0.087133,-0.00906,0.007994,-1.099121,-1.605469,0.588379,-0.046364,0.07834,0.079139,warming_up,-,0.000,-,non_chewing
6040403.0,-1.221191,1.51709,0.010254,0.075409,0.002665,0.025314,-1.086426,-1.599609,0.572266,-0.043433,0.083403,0.023982,warming_up,-,0.000,-,non_chewing
6040413.0,-1.217773,1.528809,-0.041504,0.050095,0.013057,0.045832,-1.106445,-1.589844,0.553711,-0.057556,0.052493,0.021051,warming_up,-,0.000,-,non_chewing
6040423.0,-1.207031,1.521484,-0.04248,0.03464,0.041568,0.048496,-1.108887,-1.600586,0.551758,-0.030643,0.046364,-0.003997,warming_up,-,0.000,-,non_chewing
6040433.0,-1.216797,1.528809,-0.037598,0.02185,0.050361,0.049562,-1.094727,-1.602539,0.542969,-0.016787,0.039969,-0.028245,warming_up,-,0.000,-,non_chewing
6040443.0,-1.205566,1.525879,-0.029297,0.005329,0.051161,0.053292,-1.100586,-1.602539,0.547363,-0.01732,0.037838,-0.030643,warming_up,-,0.000,-,non_chewing
6040453.0,-1.199219,1.52832,-0.007813,0.012257,0.025047,0.028778,-1.100586,-1.605957,0.547363,-0.027712,0.026646,-0.019452,warming_up,-,0.000,-,non_chewing
6040463.0,-1.205078,1.535156,0.013184,0.022116,0.006662,0.002931,-1.075684,-1.602539,0.591309,-0.020784,0.044766,-0.042101,warming_up,-,0.000,-,non_chewing
6040473.0,-1.200684,1.525391,-0.048828,0.053292,-0.005596,-0.013856,-1.081055,-1.605469,0.58252,-0.005862,0.022116,-0.023715,warming_up,-,0.000,-,non_chewing
6040483.0,-1.216797,1.529785,-0.019043,0.08287,-0.016521,-0.02185,-1.072754,-1.605469,0.589355,-0.022116,0.041035,-0.053825,warming_up,-,0.000,-,non_chewing
6040493.0,-1.224609,1.536133,-0.028809,0.10392,-0.023715,-0.025314,-1.087891,-1.609375,0.596191,-0.015455,0.03464,-0.058888,warming_up,-,0.000,-,non_chewing
6040503.0,-1.221191,1.519043,-0.036133,0.068747,-0.010658,-0.06475,-1.087891,-1.591797,0.564941,-0.037305,0.040236,-0.040236,warming_up,-,0.000,-,non_chewing
6040513.0,-1.229004,1.530762,-0.032715,0.062885,0.000799,-0.023982,-1.095703,-1.612305,0.572266,-0.019452,0.033041,-0.032508,warming_up,-,0.000,-,non_chewing
6040523.0,-1.227539,1.524414,-0.020508,0.059155,-0.001865,-0.006928,-1.095215,-1.595215,0.562012,-0.011458,0.053559,-0.031443,warming_up,-,0.000,-,non_chewing
6040533.0,-1.217285,1.535156,-0.015137,0.041835,0.020251,-0.015988,-1.089355,-1.604004,0.57373,-0.022916,0.058622,-0.02638,warming_up,-,0.000,-,non_chewing
6040543.0,-1.205566,1.52832,-0.027832,0.048496,0.022116,-0.010392,-1.080078,-1.611328,0.565918,-0.034107,0.055691,-0.037038,warming_up,-,0.000,-,non_chewing
6040553.0,-1.212402,1.527344,-0.023926,0.045832,0.053026,0.00453,-1.087402,-1.619141,0.566895,-0.03464,0.062619,-0.061286,warming_up,-,0.000,-,non_chewing
6040563.0,-1.211914,1.535156,-0.013184,0.017853,0.081005,-0.001865,-1.075684,-1.617676,0.562988,-0.027179,0.077807,-0.062086,warming_up,-,0.000,-,non_chewing
6040573.0,-1.218262,1.521484,-0.017578,0.01359,0.099657,-0.005862,-1.081055,-1.60791,0.563965,-0.028245,0.072744,-0.077008,warming_up,-,0.000,-,non_chewing
6040583.0,-1.199707,1.527344,-0.031738,0.00373,0.076208,-0.01279,-1.099121,-1.605957,0.580566,-0.027446,0.036505,-0.055424,warming_up,-,0.000,-,non_chewing
6040593.0,-1.20166,1.532715,-0.022949,0.007461,0.04823,-0.047697,-1.091309,-1.611328,0.568359,-0.019718,0.035706,-0.036505,warming_up,-,0.000,-,non_chewing
6040603.0,-1.202637,1.524414,-0.037598,0.005063,0.017853,-0.05276,-1.090332,-1.601563,0.57959,-0.021051,0.050095,-0.03917,warming_up,-,0.000,-,non_chewing
6040613.0,-1.216797,1.518066,-0.031738,0.028778,-0.029311,-0.050095,-1.09375,-1.601074,0.568359,-0.02638,0.043433,-0.022916,warming_up,-,0.000,-,non_chewing
6040623.0,-1.220215,1.51709,-0.023437,0.016254,-0.054891,-0.058888,-1.089355,-1.606934,0.572266,-0.044499,0.035173,-0.028511,warming_up,-,0.000,-,non_chewing
6040633.0,-1.231934,1.516602,-0.041016,0.036772,-0.066349,-0.054891,-1.087402,-1.602539,0.574707,-0.045832,0.019985,-0.019185,warming_up,-,0.000,-,non_chewing
6040643.0,-1.245117,1.51416,-0.032715,0.043433,-0.046098,-0.046364,-1.106934,-1.583008,0.583984,-0.062352,0.013057,0.0,warming_up,-,0.000,-,non_chewing
6040653.0,-1.255371,1.514648,-0.038574,0.030377,-0.040236,-0.050095,-1.092773,-1.586914,0.592773,-0.051161,-0.027979,0.005063,warming_up,-,0.000,-,non_chewing
6040663.0,-1.234375,1.530762,-0.010254,0.038637,0.000533,-0.013856,-1.064453,-1.591309,0.581055,-0.054891,0.034107,-0.020518,warming_up,-,0.000,-,non_chewing
6040673.0,-1.221191,1.526367,-0.031738,0.07381,-0.001066,-0.012257,-1.061523,-1.603516,0.592773,-0.052493,0.101256,-0.0866,warming_up,-,0.000,-,non_chewing
6040683.0,-1.216309,1.530273,-0.051758,0.072744,-0.029311,-0.00453,-1.074707,-1.600098,0.578613,-0.034374,0.109783,-0.10019,warming_up,-,0.000,-,non_chewing
6040693.0,-1.216309,1.533691,-0.036621,0.055158,-0.059421,-0.025314,-1.077148,-1.599609,0.571289,-0.027446,0.103387,-0.093262,warming_up,-,0.000,-,non_chewing
6040703.0,-1.215332,1.546387,-0.01416,0.071678,-0.108983,-0.031975,-1.074707,-1.611328,0.566895,-0.047697,0.131632,-0.10845,warming_up,-,0.000,-,non_chewing
6040713.0,-1.220703,1.530273,-0.037598,0.102588,-0.196649,-0.04823,-1.086426,-1.610352,0.575684,-0.046631,0.076475,-0.077274,warming_up,-,0.000,-,non_chewing
6040723.0,-1.216309,1.559082,-0.000977,0.159877,-0.214236,-0.082337,-1.074219,-1.620605,0.571777,-0.050361,0.070879,-0.045565,warming_up,-,0.000,-,non_chewing
6040733.0,-1.225098,1.558105,-0.033691,0.180928,-0.186524,-0.065017,-1.046875,-1.611328,0.569824,-0.050361,0.103387,-0.039969,warming_up,-,0.000,-,non_chewing
6040743.0,-1.246582,1.538086,-0.021973,0.186524,-0.189188,-0.026113,-1.054688,-1.617188,0.558105,-0.09193,0.093528,-0.015721,warming_up,-,0.000,-,non_chewing
6040753.0,-1.249023,1.515625,-0.015137,0.185191,-0.148686,0.011458,-1.0625,-1.614746,0.574707,-0.036505,0.055158,0.008527,warming_up,-,0.000,-,non_chewing
6040763.0,-1.240234,1.512695,-0.016602,0.155881,-0.109516,0.045299,-1.054199,-1.610352,0.566895,-0.049296,0.062619,-0.006928,warming_up,-,0.000,-,non_chewing
6040773.0,-1.241211,1.505371,-0.010254,0.102855,-0.053559,0.0437,-1.066895,-1.60498,0.570801,-0.054891,0.045299,-0.026646,warming_up,-,0.000,-,non_chewing
6040783.0,-1.228516,1.516113,-0.002441,0.059688,0.002398,0.070879,-1.075195,-1.614258,0.562012,-0.041568,0.060221,-0.039436,warming_up,-,0.000,-,non_chewing
6040793.0,-1.21582,1.524902,-0.020996,0.020784,0.045565,0.062086,-1.061523,-1.60498,0.55957,-0.050894,0.117776,-0.055424,warming_up,-,0.000,-,non_chewing
6040803.0,-1.202637,1.538574,-0.01416,0.00906,0.038904,0.055691,-1.080566,-1.602539,0.565918,-0.032242,0.171602,-0.056224,warming_up,-,0.000,-,non_chewing
6040813.0,-1.205566,1.552246,-0.009766,0.020251,0.046364,0.05196,-1.097168,-1.61084,0.572266,-0.029577,0.224628,-0.079939,warming_up,-,0.000,-,non_chewing
6040823.0,-1.21582,1.550293,-0.014648,0.036239,0.047963,0.049562,-1.086914,-1.617676,0.577148,-0.020518,0.224361,-0.073544,warming_up,-,0.000,-,non_chewing
6040833.0,-1.223145,1.556152,-0.022461,0.034907,0.053825,0.027179,-1.086426,-1.623535,0.581055,0.014655,0.206508,-0.074876,warming_up,-,0.000,-,non_chewing
6040843.0,-1.243652,1.528809,-0.019043,0.042101,0.090597,0.029044,-1.052246,-1.631348,0.575684,0.013856,0.221697,-0.107651,warming_up,-,0.000,-,non_chewing
6040853.0,-1.235352,1.536133,-0.03125,0.050628,0.120974,0.026913,-1.08252,-1.61377,0.57666,-0.008793,0.153749,-0.008527,warming_up,-,0.000,-,non_chewing
6040863.0,-1.238281,1.529297,-0.024902,0.082603,0.106052,0.018386,-1.058105,-1.605957,0.580078,-0.01279,0.128435,-0.058888,warming_up,-,0.000,-,non_chewing
6040873.0,-1.243164,1.51709,-0.033203,0.059954,0.112714,0.028511,-1.03125,-1.639648,0.562988,-0.120441,0.087133,-0.098591,warming_up,-,0.000,-,non_chewing
6040883.0,-1.240723,1.522949,-0.022461,0.085801,0.101789,0.046364,-1.20166,-1.562012,0.586426,-0.074876,0.077541,0.024781,warming_up,-,0.000,-,non_chewing
6040893.0,-1.259766,1.51709,-0.021973,0.085801,0.0874,0.044499,-1.098633,-1.62207,0.561523,-0.057822,0.014922,-0.001066,warming_up,-,0.000,-,non_chewing
6040903.0,-1.257813,1.522949,-0.040527,0.077541,0.081804,0.046897,-1.091309,-1.61084,0.564453,-0.075942,0.02185,-0.003997,warming_up,-,0.000,-,non_chewing
6040913.0,-1.259277,1.522461,-0.033203,0.09193,0.095127,0.075409,-1.106445,-1.596191,0.562012,-0.079939,0.010658,-0.003464,warming_up,-,0.000,-,non_chewing
6040923.0,-1.261719,1.514648,-0.024902,0.088732,0.093528,0.073277,-1.105957,-1.600586,0.574707,-0.072211,0.010925,-0.002931,warming_up,-,0.000,-,non_chewing
6040933.0,-1.229492,1.535156,-0.032227,0.094861,0.099124,0.076741,-1.092285,-1.599609,0.568848,-0.072744,0.033574,0.010658,warming_up,-,0.000,-,non_chewing
6040943.0,-1.226074,1.543945,-0.03125,0.064484,0.145489,0.104986,-1.076172,-1.60791,0.572266,-0.080472,0.062352,-0.000266,warming_up,-,0.000,-,non_chewing
6040953.0,-1.215332,1.535156,-0.038574,0.075142,0.159078,0.115911,-1.055664,-1.611816,0.566406,-0.045032,0.090597,-0.011458,warming_up,-,0.000,-,non_chewing
6040963.0,-1.202148,1.534668,-0.028809,0.061286,0.158279,0.104986,-1.056641,-1.60791,0.5625,-0.044233,0.132698,-0.049562,warming_up,-,0.000,-,non_chewing
6040973.0,-1.197754,1.516602,-0.01709,0.059421,0.144423,0.095926,-1.054199,-1.603027,0.55127,-0.054358,0.10845,-0.078074,warming_up,-,0.000,-,non_chewing
6040983.0,-1.193359,1.516602,-0.01709,0.046098,0.12577,0.088732,-1.058594,-1.593262,0.562012,-0.021583,0.067948,-0.097792,warming_up,-,0.000,-,non_chewing
6040993.0,-1.205566,1.503906,-0.013184,0.015455,0.0874,0.079939,-1.064453,-1.607422,0.557617,-0.021051,-0.027179,-0.032775,warming_up,-,0.000,-,non_chewing
6041003.0,-1.212891,1.497559,-0.026367,0.005063,0.061286,0.081271,-1.083496,-1.61084,0.571289,-0.005063,-0.06102,-0.055158,warming_up,-,0.000,-,non_chewing
6041013.0,-1.212402,1.500977,-0.01416,-0.004263,0.038904,0.079139,-1.081543,-1.612305,0.577637,-0.018652,-0.067681,-0.065017,warming_up,-,0.000,-,non_chewing
6041023.0,-1.212402,1.500977,-0.023437,-0.028511,0.03464,0.0866,-1.088867,-1.620117,0.570312,-0.036239,-0.035706,-0.048496,warming_up,-,0.000,-,non_chewing
6041033.0,-1.196777,1.510742,0.021973,-0.077541,0.044499,0.109783,-1.053711,-1.619141,0.558594,-0.027446,0.039436,-0.076741,warming_up,-,0.000,-,non_chewing
6041043.0,-1.192871,1.513672,-0.082031,-0.09193,0.103387,0.139626,-1.089355,-1.588379,0.52832,-0.103654,0.110315,-0.07008,warming_up,-,0.000,-,non_chewing
6041053.0,-1.206055,1.512695,-0.044922,-0.115645,0.065017,0.123905,-1.065918,-1.62793,0.620117,-0.077807,0.084735,-0.052227,warming_up,-,0.000,-,non_chewing
6041063.0,-1.187988,1.512695,0.01709,-0.100989,0.068214,0.107118,-1.036621,-1.620605,0.565918,-0.042368,0.125237,-0.092196,warming_up,-,0.000,-,non_chewing
6041073.0,-1.182617,1.525391,-0.011719,-0.124971,0.079139,0.0874,-1.071777,-1.583984,0.495605,-0.070613,0.162542,-0.087933,warming_up,-,0.000,-,non_chewing
6041083.0,-1.199219,1.537109,-0.05127,-0.071678,0.057023,0.043966,-1.116699,-1.584473,0.491211,-0.11298,0.10472,-0.03544,warming_up,-,0.000,-,non_chewing
6041093.0,-1.193359,1.546875,-0.089844,-0.026646,0.031443,0.000266,-1.093262,-1.619141,0.568359,-0.11298,0.017587,0.037305,warming_up,-,0.000,-,non_chewing
6041103.0,-1.211426,1.548828,-0.049316,0.014922,0.015188,-0.032242,-1.061523,-1.646973,0.586914,-0.097792,0.014123,0.044233,warming_up,-,0.000,-,non_chewing
6041113.0,-1.231934,1.537598,-0.041992,0.031975,0.028778,-0.032775,-1.075195,-1.648926,0.586426,-0.089798,-0.002665,0.071945,warming_up,-,0.000,-,non_chewing
6041123.0,-1.236816,1.533203,-0.041016,0.058355,0.003997,-0.031709,-1.082031,-1.652344,0.587402,-0.118309,-0.027712,0.088998,warming_up,-,0.000,-,non_chewing
6041133.0,-1.236816,1.53418,-0.057129,0.066616,0.011991,-0.03544,-1.09668,-1.647949,0.577148,-0.110848,-0.006395,0.077008,warming_up,-,0.000,-,non_chewing
6041143.0,-1.23291,1.541016,-0.068359,0.074077,0.016787,-0.028245,-1.124023,-1.64502,0.56543,-0.110848,0.016254,0.079139,warming_up,-,0.000,-,non_chewing
6041153.0,-1.241211,1.520996,-0.027832,0.043966,0.006928,-0.027712,-1.106934,-1.640137,0.594238,-0.086067,0.027712,0.053026,warming_up,-,0.000,-,non_chewing
6041163.0,-1.236816,1.523926,-0.035156,0.028778,0.009326,-0.034907,-1.098633,-1.632813,0.588379,-0.076475,0.054358,0.051161,warming_up,-,0.000,-,non_chewing
6041173.0,-1.229492,1.533691,-0.009766,0.023449,0.010925,-0.044766,-1.093262,-1.638672,0.574707,-0.043433,0.070613,0.034907,warming_up,-,0.000,-,non_chewing
6041183.0,-1.22998,1.531738,0.00293,0.023449,0.000533,-0.062885,-1.085938,-1.637695,0.579102,-0.015988,0.065816,0.015188,chewing,left_chewing,66.933,l_gy,non_chewing
6041193.0,-1.200684,1.553223,0.033203,0.011991,0.019985,-0.078873,-1.084961,-1.586426,0.48291,-0.02638,0.114579,-0.00906,chewing,left_chewing,66.933,l_gy,non_chewing
6041203.0,-1.214355,1.542969,-0.062988,0.041035,0.041568,-0.037838,-1.126465,-1.600098,0.505859,-0.087133,0.053825,0.032775,chewing,left_chewing,66.933,l_gy,non_chewing
6041213.0,-1.22998,1.541504,-0.067871,0.057023,0.003198,-0.010392,-1.101074,-1.638672,0.603027,-0.049296,-0.001332,0.026646,chewing,left_chewing,66.933,l_gy,non_chewing
6041223.0,-1.222168,1.534668,0.016113,0.055158,-0.010658,-0.006662,-1.041504,-1.637207,0.597168,0.005329,-0.003464,-0.011191,chewing,left_chewing,66.933,l_gy,non_chewing
6041233.0,-1.201172,1.532715,0.041016,0.050894,-0.014123,0.011191,-1.050781,-1.595703,0.504883,0.01279,0.027446,-0.012524,chewing,left_chewing,66.933,l_gy,non_chewing
6041243.0,-1.206543,1.547363,-0.036133,0.061553,-0.013057,0.017054,-1.111816,-1.590332,0.481934,-0.071945,0.05196,-0.013057,chewing,left_chewing,66.933,l_gy,non_chewing
6041253.0,-1.242188,1.541992,-0.088379,0.109516,-0.05276,0.018386,-1.117188,-1.626465,0.591797,-0.036772,0.014123,-0.003464,chewing,left_chewing,66.933,l_gy,non_chewing
6041263.0,-1.232422,1.532227,-0.00293,0.084735,-0.032508,0.005329,-1.0625,-1.637207,0.591309,-0.002132,0.046631,-0.008527,chewing,left_chewing,66.933,l_gy,non_chewing
6041273.0,-1.208496,1.539063,0.024414,0.058622,0.022116,0.009859,-1.074707,-1.602051,0.527832,-0.005329,0.112714,-0.026113,chewing,left_chewing,66.933,l_gy,non_chewing
6041283.0,-1.230469,1.539063,-0.049805,0.036772,0.091397,0.015988,-1.108398,-1.599121,0.53125,-0.05196,0.112181,0.014123,chewing,left_chewing,66.933,l_gy,non_chewing
6041293.0,-1.241699,1.529785,-0.024902,0.042368,0.099657,0.013323,-1.073242,-1.629883,0.57666,-0.016254,0.088199,-0.000799,chewing,left_chewing,66.933,l_gy,non_chewing
6041303.0,-1.210449,1.537109,-0.004883,0.012257,0.146021,0.012524,-1.062012,-1.603516,0.53125,-0.012524,0.111381,0.002132,chewing,left_chewing,66.933,l_gy,non_chewing
6041313.0,-1.21582,1.533691,-0.036621,-0.000266,0.16121,0.01279,-1.106445,-1.61377,0.53418,-0.042634,0.041302,0.046897,chewing,left_chewing,66.933,l_gy,non_chewing
6041323.0,-1.223633,1.523438,-0.010254,0.017587,0.127636,0.011458,-1.070801,-1.627441,0.567871,-0.005329,0.031176,0.023449,chewing,left_chewing,66.933,l_gy,non_chewing
6041333.0,-1.20752,1.535645,-0.010254,0.014123,0.102588,0.007194,-1.076172,-1.601074,0.538574,-0.003464,0.060221,0.022649,chewing,left_chewing,66.933,l_gy,non_chewing
6041343.0,-1.20752,1.525391,-0.036621,0.014389,0.091397,-0.005063,-1.108398,-1.594727,0.535645,-0.036239,0.035706,0.037305,chewing,left_chewing,66.933,l_gy,non_chewing
6041353.0,-1.224609,1.515625,-0.041016,0.047697,0.067415,0.010658,-1.090332,-1.614746,0.576172,-0.038637,0.020784,0.046897,chewing,left_chewing,66.933,l_gy,non_chewing
6041363.0,-1.208496,1.52002,-0.009766,0.026113,0.018119,-0.015455,-1.070801,-1.601563,0.532715,-0.026113,0.094061,0.012257,chewing,left_chewing,66.933,l_gy,non_chewing
6041373.0,-1.205078,1.518555,-0.067871,0.050894,0.007994,-0.007727,-1.105957,-1.587891,0.553223,-0.066083,0.093528,-0.002132,chewing,left_chewing,66.933,l_gy,non_chewing
6041383.0,-1.208496,1.512695,-0.010254,0.045032,-0.025847,-0.014123,-1.06543,-1.610352,0.584961,-0.019185,0.099124,-0.000799,chewing,left_chewing,66.933,l_gy,non_chewing
6041393.0,-1.197266,1.531738,-0.032227,0.0429,-0.023182,-0.005596,-1.095215,-1.584961,0.480957,-0.077274,0.134564,-0.010925,chewing,left_chewing,66.933,l_gy,non_chewing
6041403.0,-1.20752,1.512695,-0.052246,0.061819,-0.029311,-0.00453,-1.075195,-1.624512,0.587402,-0.059421,0.112447,-0.010392,chewing,left_chewing,66.933,l_gy,non_chewing
6041413.0,-1.203613,1.520996,-0.008789,0.025314,-0.019452,0.003464,-1.069336,-1.621582,0.547363,-0.051427,0.127902,-0.035173,chewing,left_chewing,66.933,l_gy,non_chewing
6041423.0,-1.205566,1.524414,-0.016602,0.013323,-0.02638,0.023182,-1.088379,-1.611328,0.556152,-0.057822,0.108717,-0.019985,chewing,left_chewing,66.933,l_gy,non_chewing
6041433.0,-1.197754,1.524414,-0.033203,-0.000266,-0.052493,0.013057,-1.102539,-1.615723,0.536133,-0.063685,0.063152,0.00373,chewing,left_chewing,66.933,l_gy,non_chewing
6041443.0,-1.199707,1.533691,-0.009277,-0.012524,-0.119642,0.008527,-1.119141,-1.605469,0.553711,-0.045832,0.041568,0.000799,chewing,left_chewing,66.933,l_gy,non_chewing
6041453.0,-1.209473,1.521973,-0.035156,0.003198,-0.182527,-0.006662,-1.118164,-1.61084,0.545898,-0.054625,0.041035,-0.014123,chewing,left_chewing,66.933,l_gy,non_chewing
6041463.0,-1.206055,1.523438,-0.022949,0.017587,-0.234487,-0.02558,-1.119629,-1.611328,0.546875,-0.049029,0.027179,-0.016521,chewing,left_chewing,66.933,l_gy,non_chewing
6041473.0,-1.237793,1.524902,-0.01416,0.056224,-0.28245,-0.033041,-1.117188,-1.61084,0.533203,-0.046364,0.027446,-0.040769,chewing,left_chewing,66.933,l_gy,non_chewing
6041483.0,-1.233398,1.525391,-0.00293,0.071945,-0.308564,-0.030377,-1.120117,-1.605957,0.530762,-0.032508,0.014655,-0.036772,chewing,left_chewing,66.933,l_gy,non_chewing
6041493.0,-1.248047,1.522461,-0.000977,0.081271,-0.330946,-0.051427,-1.103027,-1.609863,0.532715,0.00453,-0.028778,-0.024781,chewing,left_chewing,66.933,l_gy,non_chewing
6041503.0,-1.246094,1.525391,-0.000488,0.065017,-0.367452,-0.081271,-1.109375,-1.612793,0.54248,-0.003464,-0.081804,0.014123,chewing,left_chewing,66.933,l_gy,non_chewing
6041513.0,-1.245605,1.543457,-0.019043,0.050628,-0.351997,-0.082603,-1.09375,-1.614258,0.543945,-0.002132,-0.112714,0.039703,chewing,left_chewing,66.933,l_gy,non_chewing
6041523.0,-1.254395,1.526367,-0.012695,0.011724,-0.305366,-0.056757,-1.09668,-1.604004,0.56543,0.01732,-0.085534,0.018919,chewing,left_chewing,66.933,l_gy,non_chewing
6041533.0,-1.259766,1.525879,-0.012695,0.054092,-0.322953,-0.023715,-1.095215,-1.611816,0.555176,0.034107,0.019185,-0.038104,chewing,left_chewing,66.933,l_gy,non_chewing
6041543.0,-1.262695,1.532715,-0.026855,0.052227,-0.325351,-0.0429,-1.11377,-1.61084,0.561035,-0.001332,0.063152,-0.060221,chewing,left_chewing,66.933,l_gy,non_chewing
6041553.0,-1.254883,1.524902,-0.01123,0.069813,-0.325617,-0.053825,-1.098145,-1.614746,0.541504,0.000266,0.063152,-0.060753,chewing,left_chewing,66.933,l_gy,non_chewing
6041563.0,-1.250977,1.536133,-0.017578,0.0874,-0.309896,-0.071145,-1.082031,-1.614746,0.53418,-0.015455,0.060487,-0.072211,chewing,left_chewing,66.933,l_gy,non_chewing
6041573.0,-1.253418,1.52832,0.008301,0.126037,-0.281917,-0.046631,-1.061035,-1.618164,0.569824,-0.022649,0.099391,-0.102055,chewing,left_chewing,66.933,l_gy,non_chewing
6041583.0,-1.252441,1.519531,0.002441,0.112447,-0.240616,-0.065816,-1.052734,-1.622559,0.552246,-0.037305,0.103387,-0.115911,chewing,left_chewing,66.933,l_gy,non_chewing
6041593.0,-1.269043,1.516113,0.021484,0.077274,-0.205975,-0.029577,-1.064941,-1.618652,0.532227,-0.015188,0.092729,-0.125504,chewing,left_chewing,66.933,l_gy,non_chewing
6041603.0,-1.262695,1.505859,0.01123,0.079406,-0.182527,0.012257,-1.079102,-1.600098,0.519043,-0.00906,0.065017,-0.121507,chewing,left_chewing,66.933,l_gy,non_chewing
6041613.0,-1.273438,1.506348,0.001465,0.081271,-0.211838,0.018652,-1.099121,-1.60498,0.521973,0.003198,0.032242,-0.124172,chewing,left_chewing,66.933,l_gy,non_chewing
6041623.0,-1.266602,1.506836,0.006836,0.092995,-0.20864,0.015988,-1.097168,-1.61377,0.552734,0.010925,0.019185,-0.112447,chewing,left_chewing,66.933,l_gy,non_chewing
6041633.0,-1.253906,1.519043,0.020508,0.060487,-0.184392,0.009859,-1.084961,-1.621094,0.575195,0.033574,0.028511,-0.139893,chewing,left_chewing,66.933,l_gy,non_chewing
6041643.0,-1.250977,1.527832,0.008789,0.016254,-0.132432,0.025847,-1.072266,-1.621582,0.549316,0.021583,0.058089,-0.155881,chewing,left_chewing,66.933,l_gy,non_chewing
6041653.0,-1.25293,1.527832,-0.000488,-0.002398,-0.063685,0.052493,-1.074219,-1.61377,0.541504,0.006928,0.041035,-0.118842,chewing,left_chewing,66.933,l_gy,non_chewing
6041663.0,-1.23877,1.533691,0.025391,-0.027979,-0.027979,0.042368,-1.049805,-1.640137,0.5625,0.025847,0.01732,-0.112714,chewing,left_chewing,66.933,l_gy,non_chewing
6041673.0,-1.235352,1.539063,0.009277,-0.03544,-0.000266,0.031176,-1.059082,-1.624512,0.528809,0.014922,0.019985,-0.099657,chewing,left_chewing,66.933,l_gy,non_chewing
6041683.0,-1.248047,1.533691,0.018066,-0.020518,0.011458,0.033308,-1.071289,-1.636719,0.559082,0.012524,-0.010925,-0.089265,chewing,left_chewing,66.933,l_gy,non_chewing
6041693.0,-1.231445,1.547852,0.037598,-0.033041,0.035173,0.043167,-1.039063,-1.626953,0.5625,0.045032,0.022916,-0.120441,chewing,left_chewing,66.933,l_gy,non_chewing
6041703.0,-1.227051,1.558105,-0.018555,-0.022916,0.087666,0.033308,-1.046387,-1.602539,0.523437,0.017587,0.057556,-0.148686,chewing,left_chewing,66.933,l_gy,non_chewing
6041713.0,-1.245117,1.534668,0.025879,-0.00826,0.122573,0.064217,-1.058594,-1.618652,0.562988,0.028511,0.0429,-0.154282,chewing,left_chewing,66.933,l_gy,non_chewing
6041723.0,-1.227051,1.508301,0.022461,0.007727,0.144423,0.07381,-1.030762,-1.603027,0.568848,0.058355,0.053559,-0.200113,chewing,left_chewing,69.356,l_gy,non_chewing
6041733.0,-1.213379,1.526855,0.009277,0.028511,0.157746,0.055691,-1.038086,-1.603516,0.563965,0.059421,0.039969,-0.198515,chewing,left_chewing,69.356,l_gy,non_chewing
6041743.0,-1.22998,1.516113,0.003418,0.056757,0.144956,0.034907,-1.048828,-1.59375,0.561523,0.049296,-0.003198,-0.155081,chewing,left_chewing,69.356,l_gy,non_chewing
6041753.0,-1.222168,1.507813,0.009277,0.102322,0.123106,0.006129,-1.042969,-1.61377,0.554199,0.042368,0.011458,-0.119375,chewing,left_chewing,69.356,l_gy,non_chewing
6041763.0,-1.230469,1.502441,0.001465,0.128968,0.09193,-0.016521,-1.055664,-1.600098,0.531738,0.035706,0.007461,-0.074343,chewing,left_chewing,69.356,l_gy,non_chewing
6041773.0,-1.256836,1.504395,-0.003906,0.146821,0.096193,-0.035706,-1.095703,-1.598633,0.553223,-0.008793,0.013323,-0.011191,chewing,left_chewing,69.356,l_gy,non_chewing
6041783.0,-1.23877,1.504883,0.037598,0.118842,0.115911,-0.051694,-1.050293,-1.629395,0.546387,-0.006129,0.057822,0.025047,chewing,left_chewing,69.356,l_gy,non_chewing
6041793.0,-1.252441,1.498535,-0.002441,0.124438,0.182527,-0.03011,-1.073242,-1.619629,0.543945,-0.057023,0.081005,0.038637,chewing,left_chewing,69.356,l_gy,non_chewing
6041803.0,-1.242676,1.489258,0.027344,0.096193,0.212104,-0.021051,-1.04834,-1.637207,0.558594,-0.032508,0.105253,0.039969,chewing,left_chewing,69.356,l_gy,non_chewing
6041813.0,-1.227539,1.50293,0.02002,0.06928,0.247277,0.001599,-1.080078,-1.622559,0.517578,-0.064217,0.150018,0.034107,chewing,left_chewing,69.356,l_gy,non_chewing
6041823.0,-1.222656,1.507813,-0.013672,0.038637,0.264597,0.028778,-1.09082,-1.606445,0.530273,-0.058355,0.16121,0.044233,chewing,left_chewing,69.356,l_gy,non_chewing
6041833.0,-1.201172,1.516113,-0.000488,-0.004263,0.272858,0.042634,-1.084961,-1.623535,0.557129,-0.045832,0.180129,0.025847,chewing,left_chewing,69.356,l_gy,non_chewing
6041843.0,-1.193359,1.53125,0.012695,-0.025047,0.262199,0.071678,-1.071289,-1.62793,0.566406,-0.033041,0.172668,0.041035,chewing,left_chewing,69.356,l_gy,non_chewing
6041853.0,-1.188965,1.539551,0.004395,-0.015455,0.194518,0.070613,-1.066406,-1.636719,0.578125,-0.016787,0.205176,0.03091,chewing,left_chewing,69.356,l_gy,non_chewing
6041863.0,-1.1875,1.534668,0.008789,-0.011191,0.08287,0.074343,-1.074219,-1.623047,0.574707,0.014123,0.207308,0.023982,chewing,left_chewing,69.356,l_gy,non_chewing
6041873.0,-1.185547,1.541992,0.005859,0.019985,0.003198,0.067149,-1.080566,-1.621094,0.579102,0.011191,0.193185,0.008793,chewing,left_chewing,69.356,l_gy,non_chewing
6041883.0,-1.207031,1.52832,0.029297,0.045299,-0.080205,0.053559,-1.093262,-1.617676,0.561035,0.001865,0.134031,0.025047,chewing,left_chewing,69.356,l_gy,non_chewing
6041893.0,-1.231934,1.535645,0.043457,0.043167,-0.102322,0.049029,-1.102051,-1.623047,0.550293,-0.022383,0.115911,0.025847,chewing,left_chewing,69.356,l_gy,non_chewing
6041903.0,-1.260254,1.543457,0.038574,0.061553,-0.073011,0.05649,-1.075684,-1.617676,0.537109,-0.00826,0.113247,-0.011191,chewing,left_chewing,69.356,l_gy,non_chewing
6041913.0,-1.258301,1.541504,0.023437,0.06475,-0.058622,0.068747,-1.112305,-1.601074,0.515137,-0.013856,0.133231,0.011991,chewing,left_chewing,69.356,l_gy,non_chewing
6041923.0,-1.27002,1.545898,-0.008789,0.059954,-0.018386,0.079406,-1.106445,-1.600098,0.48877,-0.011991,0.150818,-0.010126,chewing,left_chewing,69.356,l_gy,non_chewing
6041933.0,-1.252441,1.540527,-0.041992,0.041035,0.019452,0.109783,-1.100098,-1.616699,0.493164,0.000533,0.166006,-0.038104,chewing,left_chewing,69.356,l_gy,non_chewing
6041943.0,-1.248047,1.544922,-0.03125,0.053026,0.010925,0.13936,-1.083008,-1.618164,0.530762,0.021317,0.179063,-0.062619,chewing,left_chewing,69.356,l_gy,non_chewing
6041953.0,-1.229004,1.564941,-0.019043,0.043167,0.007727,0.153216,-1.070801,-1.643555,0.545898,0.043966,0.183859,-0.118309,chewing,left_chewing,69.356,l_gy,non_chewing
6041963.0,-1.23291,1.561035,-0.000488,0.062352,-0.015455,0.163874,-1.055176,-1.651855,0.557617,0.071678,0.128968,-0.123372,chewing,left_chewing,69.356,l_gy,non_chewing
6041973.0,-1.23291,1.550781,0.026367,0.099124,-0.054625,0.162276,-1.068359,-1.648926,0.574219,0.088199,0.083136,-0.118842,chewing,left_chewing,69.356,l_gy,non_chewing
6041983.0,-1.216797,1.541992,0.028809,0.149752,-0.094328,0.125504,-1.064453,-1.640137,0.580078,0.114046,0.017054,-0.102322,chewing,left_chewing,69.356,l_gy,non_chewing
6041993.0,-1.228516,1.52832,0.017578,0.2614,-0.139626,0.079406,-1.07373,-1.62207,0.575195,0.132432,0.059688,-0.133231,chewing,left_chewing,69.356,l_gy,non_chewing
6042003.0,-1.225586,1.513184,0.004395,0.307764,-0.17027,0.051427,-1.086426,-1.608887,0.563477,0.146821,0.070879,-0.15668,chewing,left_chewing,69.356,l_gy,non_chewing
6042013.0,-1.240723,1.499512,-0.031738,0.320554,-0.134564,0.03011,-1.0625,-1.595215,0.549316,0.1311,0.053825,-0.120441,chewing,left_chewing,69.356,l_gy,non_chewing
6042023.0,-1.238281,1.492676,-0.015625,0.305366,-0.067948,0.028778,-1.050781,-1.597168,0.522949,0.106052,0.046631,-0.055158,chewing,left_chewing,69.356,l_gy,non_chewing
6042033.0,-1.240723,1.485352,-0.004395,0.286714,0.023449,0.057289,-1.031738,-1.61084,0.540039,0.071678,0.101256,-0.021051,chewing,left_chewing,69.356,l_gy,non_chewing
6042043.0,-1.245117,1.496582,0.013672,0.247011,0.087666,0.074343,-1.049316,-1.619629,0.552246,0.050894,0.16121,-0.013856,chewing,left_chewing,69.356,l_gy,non_chewing
6042053.0,-1.234375,1.49707,0.006348,0.225694,0.163608,0.09113,-1.059082,-1.628418,0.554199,0.018652,0.215835,-0.020251,chewing,left_chewing,69.356,l_gy,non_chewing
6042063.0,-1.22998,1.506836,0.01123,0.205709,0.199047,0.123905,-1.053711,-1.633789,0.57959,0.031443,0.308564,-0.075142,chewing,left_chewing,69.356,l_gy,non_chewing
6042073.0,-1.22168,1.512695,0.020508,0.197182,0.214502,0.103654,-1.06543,-1.646973,0.562988,0.055691,0.416214,-0.127103,chewing,left_chewing,69.356,l_gy,non_chewing
6042083.0,-1.213379,1.533203,0.001465,0.189721,0.240882,0.085002,-1.071777,-1.616211,0.527832,0.01732,0.473237,-0.151617,chewing,left_chewing,69.356,l_gy,non_chewing
6042093.0,-1.132813,1.55127,-0.002441,0.328548,0.20411,0.002398,-1.071777,-1.619629,0.541016,0.031443,0.431669,-0.141492,chewing,left_chewing,69.356,l_gy,non_chewing
6042103.0,-1.268555,1.509766,-0.013184,0.252606,0.151884,-0.018386,-1.036133,-1.630371,0.535156,0.06102,0.366386,-0.105786,chewing,left_chewing,69.356,l_gy,non_chewing
6042113.0,-1.239258,1.52832,-0.016602,0.230224,0.197982,0.010658,-1.041016,-1.629883,0.535645,0.071145,0.291776,-0.118842,chewing,left_chewing,69.356,l_gy,non_chewing
6042123.0,-1.21875,1.537109,-0.024414,0.180395,0.259801,0.037838,-1.039063,-1.628906,0.547852,0.093262,0.201179,-0.105519,chewing,left_chewing,69.356,l_gy,non_chewing
6042133.0,-1.212402,1.556641,-0.009766,0.150551,0.276855,0.035706,-1.037598,-1.634766,0.531738,0.123106,0.140426,-0.084469,chewing,left_chewing,69.356,l_gy,non_chewing
6042143.0,-1.207031,1.558594,-0.020508,0.195051,0.266995,0.054625,-1.069336,-1.643066,0.531738,0.13936,0.151084,-0.154282,chewing,left_chewing,69.356,l_gy,non_chewing
6042153.0,-1.24707,1.546387,-0.012207,0.220364,0.259801,0.074876,-1.041504,-1.630371,0.527832,0.143623,0.179063,-0.158812,chewing,left_chewing,69.356,l_gy,non_chewing
6042163.0,-1.226074,1.532715,-0.021484,0.235286,0.286181,0.087933,-1.074219,-1.614746,0.536621,0.123106,0.207041,-0.173201,chewing,left_chewing,69.356,l_gy,non_chewing
6042173.0,-1.206055,1.544434,-0.033203,0.207574,0.347467,0.067681,-1.062988,-1.60791,0.538574,0.135896,0.263798,-0.153482,chewing,left_chewing,69.356,l_gy,non_chewing
6042183.0,-1.208984,1.537109,-0.040039,0.14309,0.385305,0.066349,-1.026367,-1.615234,0.531738,0.129501,0.329348,-0.115911,chewing,left_chewing,69.356,l_gy,non_chewing
6042193.0,-1.198242,1.526367,-0.05127,0.138028,0.397562,0.100723,-1.026855,-1.608887,0.550293,0.127636,0.393032,-0.097259,chewing,left_chewing,69.356,l_gy,non_chewing
6042203.0,-1.17334,1.523926,-0.033691,0.185724,0.350398,0.103654,-1.008301,-1.60791,0.557129,0.126037,0.53026,-0.090597,chewing,left_chewing,69.356,l_gy,non_chewing
6042213.0,-1.156738,1.522461,-0.098633,0.358658,0.298704,0.153749,-1.03125,-1.608887,0.501953,0.06928,0.702395,-0.125504,chewing,left_chewing,69.356,l_gy,non_chewing
6042223.0,-1.171387,1.499512,-0.051758,0.47457,0.188922,0.154815,-1.056152,-1.619141,0.529785,0.107651,0.689338,-0.110582,chewing,left_chewing,69.356,l_gy,non_chewing
6042233.0,-1.147461,1.496094,-0.020508,0.441262,0.10845,0.110582,-1.059082,-1.61084,0.550781,0.108184,0.594744,0.015188,chewing,left_chewing,69.356,l_gy,non_chewing
6042243.0,-1.149902,1.500977,-0.036621,0.409819,0.031176,0.096459,-1.033691,-1.600586,0.524414,0.057289,0.515338,0.065283,chewing,left_chewing,80.970,l_gy,non_chewing
6042253.0,-1.157227,1.496094,-0.051758,0.363188,-0.041568,0.068481,-1.054199,-1.605469,0.509277,0.030643,0.427139,0.157479,chewing,left_chewing,80.970,l_gy,non_chewing
6042263.0,-1.171387,1.507324,-0.091309,0.333345,-0.128701,0.024515,-1.072266,-1.611816,0.514648,0.021051,0.381574,0.163608,chewing,left_chewing,80.970,l_gy,non_chewing
6042273.0,-1.182617,1.519043,-0.071289,0.353862,-0.159611,0.0,-1.070313,-1.598145,0.516113,0.023449,0.389302,0.119375,chewing,left_chewing,80.970,l_gy,non_chewing
6042283.0,-1.204102,1.51416,-0.048828,0.385305,-0.132698,-0.010392,-1.073242,-1.609863,0.503418,0.035706,0.409553,0.109783,chewing,left_chewing,80.970,l_gy,non_chewing
6042293.0,-1.202148,1.502441,-0.043457,0.378377,-0.079139,-0.016254,-1.083984,-1.606934,0.509277,0.063951,0.433801,0.115112,chewing,left_chewing,80.970,l_gy,non_chewing
6042303.0,-1.217285,1.481934,-0.030762,0.365853,-0.02638,-0.032242,-1.110352,-1.602539,0.504395,0.059421,0.428738,0.132432,chewing,left_chewing,80.970,l_gy,non_chewing
6042313.0,-1.216309,1.480957,-0.033691,0.276588,0.018919,-0.071145,-1.13916,-1.584473,0.490723,0.045565,0.403158,0.154548,chewing,left_chewing,80.970,l_gy,non_chewing
6042323.0,-1.208496,1.472656,-0.074219,0.178796,0.034907,-0.09113,-1.13916,-1.59082,0.491211,0.003464,0.363455,0.168937,chewing,left_chewing,80.970,l_gy,non_chewing
6042333.0,-1.19873,1.468262,-0.083008,0.09113,0.077008,-0.106585,-1.141113,-1.602539,0.499023,-0.000266,0.354129,0.189188,chewing,left_chewing,80.970,l_gy,non_chewing
6042343.0,-1.191895,1.48291,-0.092285,0.062086,0.054891,-0.073011,-1.160645,-1.611816,0.514648,0.000533,0.402625,0.164141,chewing,left_chewing,80.970,l_gy,non_chewing
6042353.0,-1.183594,1.50293,-0.065918,0.017853,-0.020251,-0.063685,-1.174316,-1.618164,0.544434,0.047697,0.410086,0.116444,chewing,left_chewing,80.970,l_gy,non_chewing
6042363.0,-1.183594,1.535645,-0.018555,0.062086,-0.112714,-0.06928,-1.163086,-1.618652,0.570801,0.059421,0.475902,0.062885,chewing,left_chewing,80.970,l_gy,non_chewing
6042373.0,-1.205566,1.539063,-0.086914,0.072478,-0.164674,-0.06475,-1.146973,-1.609863,0.527344,0.006928,0.489492,0.074077,chewing,left_chewing,80.970,l_gy,non_chewing
6042383.0,-1.242676,1.525879,-0.178711,0.202245,-0.293109,-0.057822,-1.164551,-1.602051,0.5,0.001865,0.445259,0.098325,chewing,left_chewing,80.970,l_gy,non_chewing
6042393.0,-1.240723,1.536133,-0.100586,0.242481,-0.311228,-0.082337,-1.117676,-1.637695,0.57959,0.04743,0.395963,0.08287,chewing,left_chewing,80.970,l_gy,non_chewing
6042403.0,-1.244629,1.536133,-0.065918,0.287247,-0.269394,-0.05649,-1.088867,-1.653809,0.608398,0.076475,0.43087,0.020251,chewing,left_chewing,80.970,l_gy,non_chewing
6042413.0,-1.26123,1.521973,-0.10498,0.206508,-0.215568,-0.014389,-1.109375,-1.619141,0.533203,0.039969,0.389568,-0.060221,chewing,left_chewing,80.970,l_gy,non_chewing
6042423.0,-1.285645,1.506836,-0.141113,0.152683,-0.200913,-0.019185,-1.145996,-1.615234,0.554687,0.046631,0.260334,-0.095127,chewing,left_chewing,80.970,l_gy,non_chewing
6042433.0,-1.290527,1.51416,-0.144531,0.118842,-0.180129,0.014389,-1.130859,-1.637695,0.565918,0.022916,0.163341,-0.137495,chewing,left_chewing,80.970,l_gy,non_chewing
6042443.0,-1.29248,1.521973,-0.125,0.029844,-0.126303,-0.008793,-1.084961,-1.649414,0.595703,0.046098,0.131366,-0.182793,chewing,left_chewing,80.970,l_gy,non_chewing
6042453.0,-1.285645,1.526855,-0.129883,-0.000266,-0.081538,-0.001066,-1.080566,-1.644531,0.554687,0.030377,0.115112,-0.206775,chewing,left_chewing,80.970,l_gy,non_chewing
6042463.0,-1.299316,1.516113,-0.122559,-0.094061,-0.075409,0.021051,-1.075195,-1.629883,0.554199,0.061286,0.114845,-0.290977,chewing,left_chewing,80.970,l_gy,non_chewing
6042473.0,-1.306152,1.51416,-0.115234,-0.190787,-0.031709,0.05649,-1.058105,-1.627441,0.56543,0.057822,0.054891,-0.30057,chewing,left_chewing,80.970,l_gy,non_chewing
6042483.0,-1.283691,1.539551,-0.115723,-0.188123,-0.002398,0.088199,-1.027832,-1.624512,0.552246,0.060487,0.037038,-0.298172,chewing,left_chewing,80.970,l_gy,non_chewing
6042493.0,-1.285156,1.555664,-0.100098,-0.274989,0.045832,0.115112,-1.043945,-1.620605,0.519043,0.035972,-0.008527,-0.301369,chewing,left_chewing,80.970,l_gy,non_chewing
6042503.0,-1.263184,1.536621,-0.092285,-0.256337,0.13936,0.167072,-1.020996,-1.618164,0.541992,0.075142,-0.022916,-0.325617,chewing,left_chewing,80.970,l_gy,non_chewing
6042513.0,-1.256348,1.508789,-0.092773,-0.243547,0.198781,0.163874,-1.029785,-1.592773,0.519043,0.080738,-0.062619,-0.345602,chewing,left_chewing,80.970,l_gy,non_chewing
6042523.0,-1.244629,1.495117,-0.077148,-0.141225,0.225161,0.106851,-1.046875,-1.577148,0.503418,0.088732,-0.086867,-0.341072,chewing,left_chewing,80.970,l_gy,non_chewing
6042533.0,-1.246582,1.478516,-0.054687,-0.057556,0.243014,0.063685,-1.052246,-1.580078,0.493652,0.084735,-0.111914,-0.341605,chewing,left_chewing,80.970,l_gy,non_chewing
6042543.0,-1.22998,1.487793,-0.050293,-0.018119,0.29604,0.02558,-1.027832,-1.603027,0.491699,0.039703,-0.065283,-0.321087,chewing,left_chewing,80.970,l_gy,non_chewing
6042553.0,-1.214844,1.492188,-0.039551,-0.003997,0.272858,-0.006129,-1.02832,-1.625,0.507812,-0.063152,-0.063418,-0.293375,chewing,left_chewing,80.970,l_gy,non_chewing
6042563.0,-1.200684,1.494629,-0.055176,-0.054625,0.254472,-0.058355,-1.031738,-1.621094,0.495117,-0.03917,-0.017587,-0.191054,chewing,left_chewing,80.970,l_gy,non_chewing
6042573.0,-1.205078,1.491211,-0.058594,-0.097792,0.224628,-0.037038,-1.079102,-1.607422,0.477539,-0.098325,-0.045565,0.058355,chewing,left_chewing,80.970,l_gy,non_chewing
6042583.0,-1.220215,1.478027,-0.061523,-0.142824,0.18679,-0.046364,-1.095703,-1.633301,0.514648,-0.17773,-0.032508,0.192119,chewing,left_chewing,80.970,l_gy,non_chewing
6042593.0,-1.215332,1.478027,-0.052734,-0.121773,0.116444,-0.061819,-1.108887,-1.617676,0.525391,-0.171069,-0.024781,0.286447,chewing,left_chewing,80.970,l_gy,non_chewing
6042603.0,-1.214355,1.490723,-0.036621,-0.151351,0.090597,-0.101789,-1.14502,-1.600098,0.481445,-0.159611,0.017853,0.323485,chewing,left_chewing,80.970,l_gy,non_chewing
6042613.0,-1.238281,1.476563,-0.108398,-0.102588,0.110049,-0.113247,-1.17334,-1.603027,0.498047,-0.19958,0.058089,0.353596,chewing,left_chewing,80.970,l_gy,non_chewing
6042623.0,-1.244629,1.475098,-0.043945,-0.051427,0.09566,-0.142025,-1.118164,-1.647461,0.556641,-0.160677,0.093528,0.333611,chewing,left_chewing,80.970,l_gy,non_chewing
6042633.0,-1.246094,1.494141,-0.027344,-0.075942,0.163874,-0.136162,-1.097168,-1.657227,0.519531,-0.157746,0.144956,0.272591,chewing,left_chewing,80.970,l_gy,non_chewing
6042643.0,-1.251953,1.482422,-0.048828,-0.134297,0.186257,-0.119908,-1.141113,-1.63623,0.494141,-0.126037,0.129501,0.266462,chewing,left_chewing,80.970,l_gy,non_chewing
6042653.0,-1.259277,1.497559,-0.049805,-0.143357,0.164407,-0.10019,-1.144531,-1.634277,0.512207,-0.107384,0.072744,0.229424,chewing,left_chewing,80.970,l_gy,non_chewing
6042663.0,-1.243164,1.522461,-0.070801,-0.182793,0.159078,-0.065283,-1.130859,-1.626953,0.509766,-0.105786,0.050628,0.16121,chewing,left_chewing,80.970,l_gy,non_chewing
6042673.0,-1.228027,1.553223,-0.057129,-0.210505,0.177198,-0.043167,-1.113281,-1.637695,0.520996,-0.063685,0.01732,0.094061,chewing,left_chewing,80.970,l_gy,non_chewing
6042683.0,-1.24707,1.56543,-0.050293,-0.2177,0.175599,-0.019452,-1.103516,-1.633301,0.490234,-0.037305,-0.023182,0.051694,chewing,left_chewing,80.970,l_gy,non_chewing
6042693.0,-1.256836,1.558594,-0.038574,-0.211838,0.172401,-0.023715,-1.114746,-1.638672,0.48584,0.000266,-0.054891,-0.025847,chewing,left_chewing,80.970,l_gy,non_chewing
6042703.0,-1.255859,1.576172,-0.026367,-0.154282,0.170003,-0.025314,-1.102539,-1.635254,0.479004,0.037571,-0.126037,-0.047164,chewing,left_chewing,80.970,l_gy,non_chewing
6042713.0,-1.280762,1.5625,-0.093262,-0.092462,0.219565,-0.022116,-1.124023,-1.634277,0.5,0.003997,-0.150818,-0.095127,chewing,left_chewing,80.970,l_gy,non_chewing
6042723.0,-1.256836,1.577637,-0.003418,-0.027179,0.244346,-0.036239,-1.054688,-1.617188,0.505859,0.080472,-0.195317,-0.098058,chewing,left_chewing,80.970,l_gy,non_chewing
6042733.0,-1.253418,1.586914,-0.131348,0.029044,0.281651,-0.00453,-1.123535,-1.596191,0.475586,0.021051,-0.165473,-0.116711,chewing,left_chewing,80.970,l_gy,non_chewing
6042743.0,-1.249512,1.574707,-0.050293,0.087666,0.295773,0.041835,-1.066895,-1.633789,0.578613,0.086067,-0.241149,-0.106585,chewing,left_chewing,80.970,l_gy,non_chewing
6042753.0,-1.214844,1.572266,-0.042969,0.066882,0.306965,0.065283,-1.0625,-1.600098,0.497559,0.099124,-0.171069,-0.122573,chewing,left_chewing,80.970,l_gy,non_chewing
6042763.0,-1.211914,1.568359,-0.132812,0.072211,0.347201,0.105253,-1.106934,-1.605469,0.517578,0.011724,-0.184925,-0.061553,chewing,left_chewing,80.970,l_gy,non_chewing
6042773.0,-1.222656,1.535645,-0.085937,0.105519,0.33068,0.117243,-1.04248,-1.625,0.601074,0.050095,-0.19585,-0.026646,chewing,left_chewing,80.970,l_gy,non_chewing
6042783.0,-1.19043,1.524414,-0.041504,0.075142,0.342671,0.116178,-1.058105,-1.587402,0.490234,0.043433,-0.104453,-0.026113,chewing,left_chewing,93.215,l_gy,non_chewing
6042793.0,-1.214844,1.503906,-0.108887,0.107651,0.350931,0.1303,-1.105469,-1.611328,0.535645,-0.006395,-0.117243,-0.020784,chewing,left_chewing,93.215,l_gy,non_chewing
6042803.0,-1.190918,1.491211,-0.050781,0.096459,0.323485,0.129234,-1.078613,-1.595215,0.532715,0.031443,-0.065283,-0.046364,chewing,left_chewing,93.215,l_gy,non_chewing
6042813.0,-1.17627,1.470703,-0.097168,0.115112,0.294974,0.133231,-1.103516,-1.591309,0.529297,-0.009326,-0.039969,-0.054625,chewing,left_chewing,93.215,l_gy,non_chewing
6042823.0,-1.163574,1.458984,-0.061035,0.115911,0.239283,0.108184,-1.067871,-1.603027,0.557617,0.008527,-0.029311,-0.078074,chewing,left_chewing,93.215,l_gy,non_chewing
6042833.0,-1.151367,1.464844,-0.077637,0.092196,0.201179,0.093528,-1.086426,-1.57959,0.501953,-0.020251,0.003198,-0.062885,chewing,left_chewing,93.215,l_gy,non_chewing
6042843.0,-1.18457,1.451172,-0.09375,0.098591,0.140692,0.113513,-1.068359,-1.620117,0.549316,-0.020784,-0.001865,-0.037038,chewing,left_chewing,93.215,l_gy,non_chewing
6042853.0,-1.149414,1.471191,-0.062988,0.047164,0.116444,0.120441,-1.072266,-1.593262,0.485352,-0.049296,0.045565,-0.015988,chewing,left_chewing,93.215,l_gy,non_chewing
6042863.0,-1.158203,1.480469,-0.092285,0.023182,0.10845,0.130567,-1.083008,-1.615723,0.545898,-0.040769,0.055691,0.018386,chewing,left_chewing,93.215,l_gy,non_chewing
6042873.0,-1.154785,1.496094,-0.034668,-0.027979,0.055957,0.079939,-1.069336,-1.619141,0.489746,-0.027979,0.08207,0.053026,chewing,left_chewing,93.215,l_gy,non_chewing
6042883.0,-1.163086,1.514648,-0.069336,-0.036505,0.006395,0.067948,-1.111328,-1.62793,0.498535,-0.034907,0.111381,0.083136,chewing,left_chewing,93.215,l_gy,non_chewing
6042893.0,-1.164551,1.524902,-0.055664,-0.039436,-0.04823,0.055691,-1.103027,-1.650391,0.516113,-0.017587,0.108184,0.077008,chewing,left_chewing,93.215,l_gy,non_chewing
6042903.0,-1.155762,1.53125,-0.055176,-0.050894,-0.116178,0.025047,-1.101563,-1.628906,0.506348,-0.002665,0.126303,0.051427,chewing,left_chewing,93.215,l_gy,non_chewing
6042913.0,-1.16748,1.538574,-0.060059,-0.03091,-0.138827,0.033041,-1.116211,-1.633301,0.515625,-0.003198,0.107118,0.055957,chewing,left_chewing,93.215,l_gy,non_chewing
6042923.0,-1.186035,1.534668,-0.042969,-0.033574,-0.189188,0.026113,-1.131836,-1.624512,0.521973,-0.005329,0.099923,0.014389,chewing,left_chewing,93.215,l_gy,non_chewing
6042933.0,-1.177734,1.55127,-0.053711,0.011724,-0.20038,0.01359,-1.119141,-1.625,0.520508,0.010392,0.074609,-0.024248,chewing,left_chewing,93.215,l_gy,non_chewing
6042943.0,-1.187012,1.544434,-0.068848,0.032508,-0.165207,-0.000799,-1.119629,-1.615234,0.5,0.010658,0.063152,-0.050095,chewing,left_chewing,93.215,l_gy,non_chewing
6042953.0,-1.19043,1.54834,-0.058594,0.051427,-0.127636,0.006129,-1.10498,-1.618164,0.524902,0.017054,0.045032,-0.076475,chewing,left_chewing,93.215,l_gy,non_chewing
6042963.0,-1.182129,1.547852,-0.058594,0.053825,-0.094061,-0.019185,-1.092773,-1.613281,0.526367,0.040769,0.051694,-0.094594,chewing,left_chewing,93.215,l_gy,non_chewing
6042973.0,-1.182129,1.558105,-0.055176,0.065816,-0.083403,-0.055424,-1.058105,-1.62207,0.526855,0.071678,0.068747,-0.102588,chewing,left_chewing,93.215,l_gy,non_chewing
6042983.0,-1.18457,1.558105,-0.06543,0.067415,-0.054358,-0.052493,-1.05957,-1.603516,0.490234,0.06555,0.107384,-0.14309,chewing,left_chewing,93.215,l_gy,non_chewing
6042993.0,-1.178223,1.555664,-0.112305,0.114312,-0.041302,-0.030377,-1.081055,-1.593262,0.472656,0.03544,0.106851,-0.134564,chewing,left_chewing,93.215,l_gy,non_chewing
6043003.0,-1.20459,1.542969,-0.114258,0.181194,-0.05276,-0.020518,-1.084473,-1.602051,0.51709,0.02558,0.094328,-0.119908,chewing,left_chewing,93.215,l_gy,non_chewing
6043013.0,-1.203613,1.525391,-0.077148,0.233954,-0.05649,-0.041035,-1.050781,-1.614258,0.558105,0.053292,0.055158,-0.071412,chewing,left_chewing,93.215,l_gy,non_chewing
6043023.0,-1.211426,1.510254,-0.062012,0.251541,-0.066083,-0.052493,-1.055176,-1.605957,0.535156,0.057023,0.080472,-0.024248,chewing,left_chewing,93.215,l_gy,non_chewing
6043033.0,-1.220215,1.501465,-0.071777,0.262199,-0.060753,-0.046631,-1.0625,-1.602051,0.528809,0.039436,0.066349,-0.002132,chewing,left_chewing,93.215,l_gy,non_chewing
6043043.0,-1.235352,1.499512,-0.074219,0.271259,-0.037038,-0.019718,-1.081055,-1.600586,0.533691,0.050628,0.073011,0.016254,chewing,left_chewing,93.215,l_gy,non_chewing
6043053.0,-1.223145,1.500977,-0.075195,0.255271,-0.026646,-0.024248,-1.074219,-1.619141,0.533691,0.027446,0.110315,-0.028778,chewing,left_chewing,93.215,l_gy,non_chewing
6043063.0,-1.232422,1.495117,-0.068359,0.190787,0.006395,-0.020251,-1.089844,-1.626953,0.549805,0.022383,0.106585,-0.001865,chewing,left_chewing,93.215,l_gy,non_chewing
6043073.0,-1.23291,1.507813,-0.080566,0.124438,0.028778,-0.010126,-1.117188,-1.645996,0.517578,-0.013057,0.107384,0.024248,chewing,left_chewing,93.215,l_gy,non_chewing
6043083.0,-1.211426,1.511719,-0.080566,0.118842,0.049296,0.0,-1.095215,-1.629883,0.528809,0.028778,0.1311,0.050095,chewing,left_chewing,93.215,l_gy,non_chewing
6043093.0,-1.216797,1.530273,-0.066895,0.090597,0.070613,0.005329,-1.072754,-1.642578,0.531738,0.015455,0.191587,0.057023,chewing,left_chewing,93.215,l_gy,non_chewing
6043103.0,-1.1875,1.548828,-0.080566,0.108983,0.058355,-0.009593,-1.089844,-1.630859,0.524414,0.014655,0.245145,0.0429,chewing,left_chewing,93.215,l_gy,non_chewing
6043113.0,-1.183105,1.541504,-0.084961,0.129767,0.023182,-0.034107,-1.092285,-1.616699,0.53418,0.030377,0.226227,0.026913,chewing,left_chewing,93.215,l_gy,non_chewing
6043123.0,-1.198242,1.540527,-0.092285,0.106052,-0.020784,-0.048496,-1.083984,-1.616211,0.529785,0.050361,0.207041,-0.011724,chewing,left_chewing,93.215,l_gy,non_chewing
6043133.0,-1.199707,1.544922,-0.092285,0.103387,-0.073544,-0.048763,-1.092773,-1.617676,0.513184,0.081538,0.171069,-0.037571,chewing,left_chewing,93.215,l_gy,non_chewing
6043143.0,-1.227051,1.536133,-0.091309,0.122306,-0.120175,-0.047697,-1.080566,-1.638672,0.551758,0.111914,0.128168,-0.065017,chewing,left_chewing,93.215,l_gy,non_chewing
6043153.0,-1.231445,1.543457,-0.132324,0.115911,-0.09113,-0.02638,-1.128906,-1.629883,0.504883,0.048496,0.085002,-0.062619,chewing,left_chewing,93.215,l_gy,non_chewing
6043163.0,-1.257324,1.510742,-0.09375,0.13856,-0.100723,0.020251,-1.069824,-1.647949,0.563965,0.098325,0.069547,-0.078074,chewing,left_chewing,93.215,l_gy,non_chewing
6043173.0,-1.252441,1.497559,-0.058594,0.120175,-0.042368,0.015455,-1.064941,-1.609863,0.523926,0.102322,0.087933,-0.080738,chewing,left_chewing,93.215,l_gy,non_chewing
6043183.0,-1.242676,1.501953,-0.067871,0.104986,0.066616,0.045565,-1.092773,-1.575195,0.476074,0.054358,0.075675,-0.058622,chewing,left_chewing,93.215,l_gy,non_chewing
6043193.0,-1.255371,1.494141,-0.123535,0.1311,0.121507,0.06475,-1.101563,-1.584473,0.54248,0.036772,0.031443,-0.033574,chewing,left_chewing,93.215,l_gy,non_chewing
6043203.0,-1.254883,1.490723,-0.104004,0.179862,0.132698,0.058355,-1.077637,-1.591797,0.552246,0.075409,0.001865,-0.020518,chewing,left_chewing,93.215,l_gy,non_chewing
6043213.0,-1.224121,1.506348,-0.072754,0.177198,0.132165,0.017853,-1.019043,-1.587891,0.547363,0.082603,0.073544,-0.06928,chewing,left_chewing,93.215,l_gy,non_chewing
6043223.0,-1.211426,1.508789,-0.058594,0.213703,0.147354,0.00826,-1.114258,-1.557129,0.463867,0.050361,0.103654,-0.012524,chewing,left_chewing,93.215,l_gy,non_chewing
6043233.0,-1.224121,1.518555,-0.133789,0.260867,0.122839,0.019452,-1.134766,-1.595215,0.520508,0.053292,0.088466,-0.001066,chewing,left_chewing,93.215,l_gy,non_chewing
6043243.0,-1.265625,1.496094,-0.116699,0.293908,0.064217,0.010925,-1.095703,-1.633789,0.570312,0.067681,0.081804,0.022116,chewing,left_chewing,93.215,l_gy,non_chewing
6043253.0,-1.260254,1.501953,-0.063965,0.328015,0.076741,0.027179,-1.087891,-1.634277,0.568848,0.088199,0.102322,0.027446,chewing,left_chewing,93.215,l_gy,non_chewing
6043263.0,-1.289063,1.518066,-0.037109,0.348266,0.09193,0.031709,-1.106445,-1.592285,0.490234,0.027446,0.12204,0.070346,chewing,left_chewing,93.215,l_gy,non_chewing
6043273.0,-1.291992,1.521484,-0.103516,0.374913,0.186524,0.078074,-1.125488,-1.592285,0.486328,0.008793,0.071678,0.108717,chewing,left_chewing,93.215,l_gy,non_chewing
6043283.0,-1.298828,1.499512,-0.138184,0.337075,0.270193,0.112181,-1.118652,-1.627441,0.550781,0.023715,0.056224,0.103387,chewing,left_chewing,93.215,l_gy,non_chewing
6043293.0,-1.29834,1.51416,-0.138672,0.277121,0.364254,0.114579,-1.094727,-1.618164,0.557129,0.030643,0.088199,0.0429,chewing,left_chewing,93.215,l_gy,non_chewing
6043303.0,-1.26709,1.539063,-0.12207,0.212371,0.437531,0.158812,-1.097168,-1.62207,0.571289,0.063152,0.122306,-0.021583,chewing,left_chewing,93.215,l_gy,non_chewing
6043313.0,-1.21582,1.570313,-0.136719,0.252606,0.43007,0.183326,-1.112305,-1.629395,0.567383,0.10392,0.14842,-0.076208,chewing,left_chewing,91.327,l_gy,non_chewing
6043323.0,-1.227051,1.57373,-0.130859,0.36079,0.319755,0.149219,-1.097656,-1.629883,0.547852,0.094061,0.122573,-0.058622,chewing,left_chewing,91.327,l_gy,non_chewing
6043333.0,-1.241211,1.555176,-0.160156,0.516404,0.197449,0.1311,-1.07373,-1.633789,0.555664,0.113779,0.110049,-0.066083,chewing,left_chewing,91.327,l_gy,non_chewing
6043343.0,-1.26416,1.524902,-0.173828,0.589948,0.210239,0.148953,-1.05127,-1.628418,0.557129,0.11298,0.103654,-0.068747,chewing,left_chewing,91.327,l_gy,non_chewing
6043353.0,-1.249512,1.507324,-0.175781,0.554242,0.176665,0.256337,-1.040039,-1.605469,0.55127,0.110582,0.090864,-0.055691,chewing,left_chewing,91.327,l_gy,non_chewing
6043363.0,-1.26123,1.507324,-0.18457,0.432735,0.312028,0.308297,-1.039551,-1.587402,0.549805,0.093795,0.053292,-0.016521,chewing,left_chewing,91.327,l_gy,non_chewing
6043373.0,-1.256836,1.506836,-0.159668,0.341605,0.415149,0.364254,-1.035645,-1.591797,0.548828,0.071945,0.026646,0.006395,chewing,left_chewing,91.327,l_gy,non_chewing
6043383.0,-1.236328,1.536621,-0.178223,0.340806,0.51827,0.377577,-1.042969,-1.588867,0.535156,0.097792,-0.048496,0.029044,chewing,left_chewing,91.327,l_gy,non_chewing
6043393.0,-1.226563,1.504883,-0.185547,0.446058,0.564634,0.386637,-1.053711,-1.566406,0.554687,0.015455,0.038104,0.078606,chewing,left_chewing,91.327,l_gy,non_chewing
6043403.0,-1.227539,1.512207,-0.166504,0.502548,0.543051,0.314959,-1.056641,-1.574219,0.566406,0.037305,0.099923,0.070879,chewing,left_chewing,91.327,l_gy,non_chewing
6043413.0,-1.202148,1.512695,-0.165527,0.576092,0.61766,0.270459,-1.088379,-1.589355,0.544922,0.018386,0.159345,0.085534,chewing,left_chewing,91.327,l_gy,non_chewing
6043423.0,-1.1875,1.52002,-0.17041,0.567299,0.727176,0.204643,-1.085938,-1.613281,0.527832,0.014922,0.197182,0.098591,chewing,left_chewing,91.327,l_gy,non_chewing
6043433.0,-1.183594,1.507813,-0.157715,0.587017,0.844953,0.147354,-1.085938,-1.633789,0.509277,0.037838,0.168404,0.115112,chewing,left_chewing,91.327,l_gy,non_chewing
6043443.0,-1.07959,1.728027,-0.146484,0.770609,0.876395,0.259534,-1.097168,-1.607422,0.526855,0.058355,0.198781,0.187057,chewing,left_chewing,91.327,l_gy,non_chewing
6043453.0,-1.176758,1.512695,-0.186035,0.596609,0.96113,0.023982,-1.14209,-1.587891,0.507324,0.037571,0.163075,0.163341,chewing,left_chewing,91.327,l_gy,non_chewing
6043463.0,-1.145508,1.536133,-0.178711,0.651501,0.912101,-0.077008,-1.13916,-1.586426,0.509277,0.034107,0.141225,0.122573,chewing,left_chewing,91.327,l_gy,non_chewing
6043473.0,-1.121094,1.479004,-0.210937,0.625121,0.949406,-0.038637,-1.125488,-1.59375,0.527344,0.06475,0.130034,0.090331,chewing,left_chewing,91.327,l_gy,non_chewing
6043483.0,-1.110352,1.506836,-0.227051,0.566233,0.921694,-0.077541,-1.140137,-1.591797,0.500977,0.088199,0.130833,0.046897,chewing,left_chewing,91.327,l_gy,non_chewing
6043493.0,-1.120605,1.50293,-0.225586,0.593145,0.94834,-0.043167,-1.174316,-1.602539,0.509766,0.114845,0.085268,0.0,chewing,left_chewing,91.327,l_gy,non_chewing
6043503.0,-1.087891,1.500488,-0.224609,0.57396,0.87906,-0.005063,-1.138184,-1.622559,0.532227,0.1311,0.070613,-0.021583,chewing,left_chewing,91.327,l_gy,non_chewing
6043513.0,-1.078613,1.501465,-0.233398,0.562236,0.816974,-0.029577,-1.121094,-1.628418,0.521484,0.135096,0.06555,-0.051161,chewing,left_chewing,91.327,l_gy,non_chewing
6043523.0,-1.073242,1.473145,-0.236816,0.566233,0.703461,-0.006395,-1.119141,-1.624512,0.517578,0.126037,0.074876,-0.086334,chewing,left_chewing,91.327,l_gy,non_chewing
6043533.0,-1.072266,1.437988,-0.253418,0.561969,0.551844,-0.014922,-1.108887,-1.614746,0.53418,0.128168,0.047164,-0.100723,chewing,left_chewing,91.327,l_gy,non_chewing
6043543.0,-1.068848,1.447266,-0.26123,0.520934,0.357859,-0.003198,-1.121094,-1.594238,0.540039,0.137761,-0.018652,-0.086867,chewing,left_chewing,91.327,l_gy,non_chewing
6043553.0,-1.0625,1.421387,-0.300781,0.449522,0.14309,0.015455,-1.113281,-1.571289,0.549316,0.147354,-0.055691,-0.115911,chewing,left_chewing,91.327,l_gy,non_chewing
6043563.0,-1.081543,1.405762,-0.285156,0.399427,-0.039703,0.005063,-1.146484,-1.562988,0.555664,0.160677,-0.07381,-0.115378,chewing,left_chewing,91.327,l_gy,non_chewing
6043573.0,-1.111328,1.38623,-0.297363,0.291243,-0.18306,-0.031443,-1.15332,-1.56543,0.565918,0.16041,-0.062619,-0.098591,chewing,left_chewing,91.327,l_gy,non_chewing
6043583.0,-1.132324,1.392578,-0.300781,0.183326,-0.259801,-0.054358,-1.15625,-1.569824,0.575195,0.135363,-0.054625,-0.070879,chewing,left_chewing,91.327,l_gy,non_chewing
6043593.0,-1.168457,1.388184,-0.306152,0.11751,-0.297639,-0.002398,-1.152832,-1.579102,0.561035,0.110848,-0.062885,-0.039436,chewing,left_chewing,91.327,l_gy,non_chewing
6043603.0,-1.168945,1.389648,-0.287598,0.0437,-0.369583,-0.033574,-1.156738,-1.581055,0.552246,0.078074,-0.057023,0.009593,chewing,left_chewing,91.327,l_gy,non_chewing
6043613.0,-1.159668,1.405273,-0.285156,-0.070346,-0.446325,-0.098058,-1.163086,-1.578613,0.55127,0.053292,-0.048496,0.055691,chewing,left_chewing,91.327,l_gy,non_chewing
6043623.0,-1.159668,1.442871,-0.283691,-0.179862,-0.46551,-0.187856,-1.165039,-1.582031,0.569336,0.036239,-0.040236,0.073544,chewing,left_chewing,91.327,l_gy,non_chewing
6043633.0,-1.181641,1.444824,-0.28125,-0.215568,-0.503348,-0.235819,-1.162598,-1.597656,0.572754,0.039969,-0.043966,0.088998,chewing,left_chewing,91.327,l_gy,non_chewing
6043643.0,-1.194336,1.455566,-0.28418,-0.20491,-0.54758,-0.28698,-1.148926,-1.604004,0.57373,0.035972,-0.033308,0.079139,chewing,left_chewing,91.327,l_gy,non_chewing
6043653.0,-1.193359,1.48584,-0.280762,-0.185458,-0.579822,-0.290977,-1.129395,-1.61084,0.577637,0.01732,-0.032508,0.068481,chewing,left_chewing,91.327,l_gy,non_chewing
6043663.0,-1.182129,1.539063,-0.299805,-0.221164,-0.601139,-0.388769,-1.125977,-1.614258,0.57666,0.01732,-0.003997,0.062352,chewing,left_chewing,91.327,l_gy,non_chewing
6043673.0,-1.219238,1.494141,-0.276855,-0.165473,-0.599807,-0.403158,-1.120605,-1.612305,0.571289,0.014123,0.035173,0.040502,chewing,left_chewing,91.327,l_gy,non_chewing
6043683.0,-1.244141,1.489746,-0.263184,-0.110049,-0.516937,-0.387969,-1.121094,-1.605957,0.57666,0.020518,0.035972,0.02638,chewing,left_chewing,91.327,l_gy,non_chewing
6043693.0,-1.271484,1.481445,-0.247559,-0.060753,-0.366119,-0.293642,-1.124512,-1.608887,0.562988,0.032242,0.03091,-0.014922,chewing,left_chewing,91.327,l_gy,non_chewing
6043703.0,-1.274414,1.484375,-0.255859,-0.027979,-0.236885,-0.195317,-1.126953,-1.587891,0.569824,0.029044,-0.003464,-0.057023,chewing,left_chewing,91.327,l_gy,non_chewing
6043713.0,-1.24707,1.481445,-0.266113,-0.060487,-0.144689,-0.168404,-1.112305,-1.59082,0.593262,0.024515,-0.051161,-0.135629,chewing,left_chewing,91.327,l_gy,non_chewing
6043723.0,-1.206543,1.492676,-0.294434,-0.055957,-0.138827,-0.174799,-1.111328,-1.577637,0.584473,0.025314,-0.104453,-0.16494,chewing,left_chewing,91.327,l_gy,non_chewing
6043733.0,-1.192871,1.487305,-0.289551,-0.036239,-0.141758,-0.176931,-1.102051,-1.566406,0.612793,0.029844,-0.155614,-0.191054,chewing,left_chewing,91.327,l_gy,non_chewing
6043743.0,-1.191406,1.474609,-0.268555,-0.047697,-0.180928,-0.18759,-1.103027,-1.567871,0.61084,0.038637,-0.212904,-0.188123,chewing,left_chewing,91.327,l_gy,non_chewing
6043753.0,-1.195313,1.475098,-0.284668,-0.043167,-0.264597,-0.161743,-1.088867,-1.569336,0.606934,0.024515,-0.257936,-0.164407,chewing,left_chewing,91.327,l_gy,non_chewing
6043763.0,-1.205566,1.466309,-0.270996,-0.034107,-0.308031,-0.131366,-1.070801,-1.586914,0.602051,0.010392,-0.29524,-0.15215,chewing,left_chewing,91.327,l_gy,non_chewing
6043773.0,-1.227539,1.430664,-0.261719,0.006928,-0.332012,-0.079139,-1.078613,-1.59082,0.599121,-0.00826,-0.334943,-0.114046,chewing,left_chewing,91.327,l_gy,non_chewing
6043783.0,-1.243652,1.42627,-0.237305,0.019985,-0.319222,-0.061553,-1.086426,-1.599121,0.600098,0.001332,-0.349865,-0.072478,chewing,left_chewing,91.327,l_gy,non_chewing
6043793.0,-1.258789,1.411133,-0.236816,0.033308,-0.293642,-0.061819,-1.10498,-1.580078,0.597656,-0.011724,-0.340539,-0.049828,chewing,left_chewing,91.327,l_gy,non_chewing
6043803.0,-1.277344,1.411621,-0.227051,0.004796,-0.263265,-0.081271,-1.112305,-1.589355,0.596191,-0.066616,-0.286181,-0.051161,chewing,left_chewing,91.327,l_gy,non_chewing
6043813.0,-1.283203,1.412109,-0.236816,-0.028778,-0.218766,-0.101522,-1.118652,-1.58252,0.602539,-0.109516,-0.21317,-0.013323,chewing,left_chewing,91.327,l_gy,non_chewing
6043823.0,-1.279785,1.425293,-0.230469,-0.084469,-0.20944,-0.128435,-1.133789,-1.595703,0.589844,-0.131366,-0.125237,0.001865,chewing,left_chewing,91.327,l_gy,non_chewing
6043833.0,-1.259277,1.446289,-0.231934,-0.155881,-0.196649,-0.140426,-1.124512,-1.587891,0.592773,-0.138028,-0.03091,-0.019185,chewing,left_chewing,108.390,l_gy,non_chewing
6043843.0,-1.240723,1.458008,-0.249023,-0.198248,-0.220897,-0.167605,-1.115723,-1.590332,0.565918,-0.14389,0.049029,-0.01732,chewing,left_chewing,108.390,l_gy,non_chewing
6043853.0,-1.252441,1.477539,-0.225098,-0.264331,-0.292043,-0.155348,-1.106934,-1.604004,0.574219,-0.123639,0.103654,-0.054092,chewing,left_chewing,108.390,l_gy,non_chewing
6043863.0,-1.23877,1.509766,-0.207031,-0.272058,-0.324018,-0.12204,-1.094238,-1.623535,0.578613,-0.115378,0.093528,-0.046897,chewing,left_chewing,108.390,l_gy,non_chewing
6043873.0,-1.254883,1.504395,-0.182617,-0.271792,-0.361323,-0.109516,-1.088379,-1.635254,0.578613,-0.064217,0.017054,0.023715,chewing,left_chewing,108.390,l_gy,non_chewing
6043883.0,-1.266602,1.505859,-0.176758,-0.271259,-0.325084,-0.111381,-1.086914,-1.629395,0.582031,-0.071412,-0.068214,0.078873,chewing,left_chewing,108.390,l_gy,non_chewing
6043893.0,-1.295898,1.495605,-0.155273,-0.235553,-0.249942,-0.00906,-1.09375,-1.629395,0.589355,-0.069014,-0.097525,0.018652,chewing,left_chewing,108.390,l_gy,non_chewing
6043903.0,-1.296387,1.481934,-0.173828,-0.242481,-0.135096,0.060487,-1.099121,-1.635742,0.583984,-0.071945,-0.167072,0.005329,chewing,left_chewing,108.390,l_gy,non_chewing
6043913.0,-1.256836,1.487793,-0.159668,-0.261666,-0.037571,0.082337,-1.098145,-1.619629,0.567383,-0.075142,-0.171069,-0.072211,chewing,left_chewing,108.390,l_gy,non_chewing
6043923.0,-1.245117,1.490234,-0.170898,-0.287779,0.035173,0.076475,-1.103027,-1.620605,0.576172,-0.095394,-0.197982,-0.116444,chewing,left_chewing,108.390,l_gy,non_chewing
6043933.0,-1.217773,1.508789,-0.200195,-0.303501,0.045565,0.078074,-1.092773,-1.599121,0.563477,-0.079672,-0.189988,-0.150551,chewing,left_chewing,108.390,l_gy,non_chewing
6043943.0,-1.201172,1.50293,-0.214355,-0.314426,0.032242,0.10019,-1.102051,-1.569824,0.557617,-0.071412,-0.170536,-0.185191,chewing,left_chewing,108.390,l_gy,non_chewing
6043953.0,-1.19043,1.492188,-0.203125,-0.272858,0.041568,0.096992,-1.106934,-1.55127,0.552246,-0.087666,-0.158012,-0.157213,chewing,left_chewing,108.390,l_gy,non_chewing
6043963.0,-1.189941,1.496094,-0.192383,-0.172401,-0.003198,0.074876,-1.086914,-1.530762,0.54834,-0.101522,-0.10845,-0.13936,chewing,left_chewing,108.390,l_gy,non_chewing
6043973.0,-1.202148,1.466797,-0.191895,-0.037571,-0.015455,0.071412,-1.061523,-1.537109,0.555664,-0.100989,-0.066349,-0.125504,chewing,left_chewing,108.390,l_gy,non_chewing
6043983.0,-1.211426,1.452148,-0.162598,0.054625,-0.01359,0.023715,-1.055176,-1.555176,0.544922,-0.067948,-0.031176,-0.096193,chewing,left_chewing,108.390,l_gy,non_chewing
6043993.0,-1.220215,1.433105,-0.154297,0.153216,-0.025047,-0.007461,-1.05957,-1.564453,0.524414,-0.041835,-0.039436,-0.027179,chewing,left_chewing,108.390,l_gy,non_chewing
6044003.0,-1.211426,1.417969,-0.143555,0.18306,-0.011191,-0.079939,-1.062988,-1.563477,0.548828,-0.0429,-0.016254,-0.02185,chewing,left_chewing,108.390,l_gy,non_chewing
6044013.0,-1.232422,1.421387,-0.141602,0.174,0.013856,-0.102855,-1.067871,-1.557617,0.569336,-0.041302,-0.002931,-0.016787,chewing,left_chewing,108.390,l_gy,non_chewing
6044023.0,-1.246582,1.422852,-0.138184,0.109783,-0.000799,-0.081804,-1.07959,-1.580566,0.568848,-0.018386,0.005862,-0.019985,chewing,left_chewing,108.390,l_gy,non_chewing
6044033.0,-1.227051,1.429688,-0.13623,0.070613,-0.014655,-0.040236,-1.075195,-1.610352,0.561523,-0.023182,0.03011,-0.039436,chewing,left_chewing,108.390,l_gy,non_chewing
6044043.0,-1.223633,1.445801,-0.147461,0.005862,-0.026646,-0.02558,-1.088867,-1.616211,0.571777,-0.02638,0.026646,0.005596,chewing,left_chewing,108.390,l_gy,non_chewing
6044053.0,-1.234863,1.464844,-0.156738,-0.059155,-0.03011,0.063951,-1.092285,-1.631348,0.544434,-0.022116,0.021317,0.037838,chewing,left_chewing,108.390,l_gy,non_chewing
6044063.0,-1.217285,1.479492,-0.161621,-0.093262,-0.039703,0.107651,-1.085938,-1.619141,0.538574,0.000799,0.023715,0.066349,chewing,left_chewing,108.390,l_gy,non_chewing
6044073.0,-1.193848,1.512695,-0.175293,-0.114312,-0.069547,0.10019,-1.129395,-1.610352,0.544922,0.047164,0.000799,0.098058,chewing,left_chewing,108.390,l_gy,non_chewing
6044083.0,-1.180664,1.525879,-0.147949,-0.102588,-0.103654,0.0429,-1.081543,-1.655762,0.604492,0.048763,-0.032508,0.082337,chewing,left_chewing,108.390,l_gy,non_chewing
6044093.0,-1.201172,1.538086,-0.143555,-0.098858,-0.123905,0.029844,-1.072266,-1.640137,0.602051,0.039703,-0.035706,0.034907,chewing,left_chewing,108.390,l_gy,non_chewing
6044103.0,-1.195313,1.543457,-0.160156,-0.10019,-0.143357,0.027712,-1.058105,-1.633789,0.587891,0.030377,-0.08287,-0.007194,chewing,left_chewing,108.390,l_gy,non_chewing
6044113.0,-1.204102,1.531738,-0.148926,-0.06102,-0.164141,0.007194,-1.039551,-1.624023,0.583008,0.067948,-0.126037,-0.078074,chewing,left_chewing,108.390,l_gy,non_chewing
6044123.0,-1.203125,1.532715,-0.154297,-0.041035,-0.229957,-0.037038,-1.04834,-1.615723,0.588379,0.088466,-0.200646,-0.129767,chewing,left_chewing,108.390,l_gy,non_chewing
6044133.0,-1.209473,1.523926,-0.151367,-0.031975,-0.281384,-0.068214,-1.048828,-1.602539,0.598633,0.098058,-0.293908,-0.149219,chewing,left_chewing,108.390,l_gy,non_chewing
6044143.0,-1.216309,1.517578,-0.150879,-0.005329,-0.275789,-0.089798,-1.030762,-1.597168,0.602539,0.12124,-0.341072,-0.148153,chewing,left_chewing,108.390,l_gy,non_chewing
6044153.0,-1.228516,1.5,-0.157227,0.052493,-0.262732,-0.084469,-1.027832,-1.595703,0.605469,0.101522,-0.273124,-0.221963,chewing,left_chewing,108.390,l_gy,non_chewing
6044163.0,-1.236816,1.478516,-0.146973,0.075675,-0.155081,-0.047963,-1.019043,-1.598633,0.608398,0.107118,-0.253139,-0.20944,chewing,left_chewing,108.390,l_gy,non_chewing
6044173.0,-1.253906,1.446289,-0.146484,0.097259,-0.060221,-0.028511,-1.02002,-1.592285,0.615234,0.10019,-0.248876,-0.143623,chewing,left_chewing,108.390,l_gy,non_chewing
6044183.0,-1.237793,1.445313,-0.145508,0.102855,-0.019185,-0.057289,-1.002441,-1.578125,0.609375,0.081804,-0.233688,-0.102855,chewing,left_chewing,108.390,l_gy,non_chewing
6044193.0,-1.213867,1.444336,-0.165039,0.140959,0.011458,-0.054891,-1.028809,-1.566895,0.625977,0.06475,-0.192652,-0.048763,chewing,left_chewing,108.390,l_gy,non_chewing
6044203.0,-1.220703,1.435059,-0.161621,0.156147,0.011458,-0.067415,-1.03418,-1.5625,0.616699,0.055158,-0.162542,-0.018919,chewing,left_chewing,108.390,l_gy,non_chewing
6044213.0,-1.208496,1.441406,-0.16748,0.154282,-0.009859,-0.092729,-1.050293,-1.583008,0.625977,0.045565,-0.123639,0.038904,chewing,left_chewing,108.390,l_gy,non_chewing
6044223.0,-1.210938,1.433105,-0.163086,0.144689,-0.016254,-0.09113,-1.050781,-1.589355,0.637695,0.016787,-0.064484,0.039703,chewing,left_chewing,108.390,l_gy,non_chewing
6044233.0,-1.225586,1.435547,-0.144043,0.10392,-0.040502,-0.074077,-1.061035,-1.60498,0.625488,-0.007461,0.001865,0.044766,chewing,left_chewing,108.390,l_gy,non_chewing
6044243.0,-1.239746,1.44873,-0.154297,0.050894,-0.022116,-0.015188,-1.060547,-1.611328,0.624023,-0.003997,0.041302,0.041302,chewing,left_chewing,108.390,l_gy,non_chewing
6044253.0,-1.254395,1.447754,-0.147461,-0.025314,-0.02638,0.018919,-1.09082,-1.626465,0.62207,-0.00906,0.050628,0.070346,chewing,left_chewing,108.390,l_gy,non_chewing
6044263.0,-1.249512,1.48291,-0.152344,-0.05276,-0.031176,0.035972,-1.070313,-1.632813,0.634277,0.009859,0.071145,0.086067,chewing,left_chewing,108.390,l_gy,non_chewing
6044273.0,-1.254395,1.498047,-0.158203,-0.077274,-0.040236,0.052493,-1.064453,-1.637695,0.635254,0.004263,0.09113,0.104453,chewing,left_chewing,108.390,l_gy,non_chewing
6044283.0,-1.254395,1.511719,-0.156738,-0.081804,-0.057023,0.055158,-1.067871,-1.650391,0.621094,0.006662,0.093262,0.110582,chewing,left_chewing,108.390,l_gy,non_chewing
6044293.0,-1.246582,1.527344,-0.17041,-0.047963,-0.033308,0.039436,-1.058105,-1.637207,0.626953,0.027179,0.10019,0.076208,chewing,left_chewing,108.390,l_gy,non_chewing
6044303.0,-1.241211,1.532227,-0.163574,-0.012524,-0.015188,0.022116,-1.070801,-1.624512,0.62793,0.020251,0.059954,0.059688,chewing,left_chewing,108.390,l_gy,non_chewing
6044313.0,-1.252441,1.523438,-0.155762,0.066349,-0.013856,-0.004263,-1.054688,-1.615723,0.629883,0.053026,0.001332,0.039703,chewing,left_chewing,108.390,l_gy,non_chewing
6044323.0,-1.260742,1.521484,-0.169434,0.137761,-0.060221,-0.024515,-1.05127,-1.600586,0.637695,0.114312,-0.044233,-0.010925,chewing,left_chewing,108.390,l_gy,non_chewing
6044333.0,-1.248535,1.509277,-0.200195,0.217167,-0.09113,-0.035173,-1.086914,-1.598145,0.64502,0.129501,-0.085268,-0.05276,chewing,left_chewing,108.390,l_gy,non_chewing
6044343.0,-1.24707,1.491699,-0.19873,0.231289,-0.071145,-0.005862,-1.067871,-1.579102,0.674316,0.150551,-0.150285,-0.046098,chewing,left_chewing,108.390,l_gy,non_chewing
6044353.0,-1.243164,1.48291,-0.179687,0.18226,-0.025847,0.006395,-1.051758,-1.573242,0.659668,0.132698,-0.13936,-0.065816,chewing,left_chewing,108.390,l_gy,non_chewing
6044363.0,-1.232422,1.460449,-0.190918,0.16121,0.023982,0.012524,-1.045898,-1.569824,0.657227,0.12124,-0.111381,-0.077541,chewing,left_chewing,108.236,l_gx,non_chewing
6044373.0,-1.234863,1.445801,-0.173828,0.079406,0.082603,-0.014922,-1.040527,-1.568359,0.671875,0.083669,-0.085534,-0.086067,chewing,left_chewing,108.236,l_gx,non_chewing
6044383.0,-1.250488,1.425781,-0.185547,0.043433,0.12124,-0.046631,-1.04834,-1.560547,0.67041,0.048496,-0.088466,-0.044766,chewing,left_chewing,108.236,l_gx,non_chewing
6044393.0,-1.248047,1.415527,-0.185547,0.01279,0.142291,-0.088998,-1.038086,-1.566406,0.643555,0.010658,-0.104986,0.008793,chewing,left_chewing,108.236,l_gx,non_chewing
6044403.0,-1.248535,1.407715,-0.202637,0.042368,0.148153,-0.09193,-1.048828,-1.576172,0.656738,-0.02558,-0.153482,0.093262,chewing,left_chewing,108.236,l_gx,non_chewing
6044413.0,-1.250488,1.406738,-0.195312,0.058622,0.177198,-0.065816,-1.051758,-1.567871,0.657227,-0.0437,-0.145755,0.130833,chewing,left_chewing,108.236,l_gx,non_chewing
6044423.0,-1.233398,1.410645,-0.20459,0.062885,0.192386,-0.056224,-1.089355,-1.584473,0.655273,-0.092196,-0.082603,0.12124,chewing,left_chewing,108.236,l_gx,non_chewing
6044433.0,-1.249512,1.402832,-0.178223,0.037838,0.235819,-0.039703,-1.09668,-1.589844,0.681641,-0.110315,-0.009593,0.074343,chewing,left_chewing,108.236,l_gx,non_chewing
6044443.0,-1.243164,1.399902,-0.182129,0.010126,0.240616,-0.04743,-1.101074,-1.588379,0.67041,-0.123639,0.027712,0.089265,chewing,left_chewing,108.236,l_gx,non_chewing
6044453.0,-1.254395,1.416504,-0.192383,-0.01279,0.214502,-0.042634,-1.094238,-1.599121,0.680176,-0.127902,0.077008,0.107917,chewing,left_chewing,108.236,l_gx,non_chewing
6044463.0,-1.257813,1.435547,-0.191895,-0.039703,0.201979,-0.019985,-1.095215,-1.603516,0.672852,-0.142557,0.123639,0.11298,chewing,left_chewing,108.236,l_gx,non_chewing
6044473.0,-1.243652,1.453613,-0.176758,-0.042101,0.193185,0.029311,-1.111328,-1.602051,0.661133,-0.122306,0.145489,0.114845,chewing,left_chewing,108.236,l_gx,non_chewing
6044483.0,-1.240723,1.479492,-0.202637,-0.049029,0.172135,0.033041,-1.099121,-1.607422,0.674805,-0.116711,0.162809,0.092729,chewing,left_chewing,108.236,l_gx,non_chewing
6044493.0,-1.234863,1.494629,-0.1875,-0.022916,0.168138,0.037305,-1.100098,-1.599609,0.664062,-0.102322,0.147887,0.067948,chewing,left_chewing,108.236,l_gx,non_chewing
6044503.0,-1.247559,1.502441,-0.169922,-0.036239,0.151617,0.037305,-1.060547,-1.620605,0.677734,-0.085534,0.111914,0.029844,chewing,left_chewing,108.236,l_gx,non_chewing
6044513.0,-1.221191,1.51709,-0.199219,-0.01279,0.155881,0.046631,-1.076172,-1.595215,0.622559,-0.08287,0.100723,-0.042634,chewing,left_chewing,108.236,l_gx,non_chewing
6044523.0,-1.230469,1.503418,-0.200195,0.019985,0.151084,0.049029,-1.071289,-1.607422,0.660156,-0.088732,-0.013057,-0.031709,chewing,left_chewing,108.236,l_gx,non_chewing
6044533.0,-1.232422,1.505859,-0.183105,0.042368,0.145755,0.018652,-1.037109,-1.615723,0.666016,-0.065283,-0.093528,-0.036505,chewing,left_chewing,108.236,l_gx,non_chewing
6044543.0,-1.243652,1.491699,-0.183594,0.060753,0.152949,0.016521,-1.025391,-1.602539,0.65625,-0.044499,-0.142025,-0.033841,chewing,left_chewing,108.236,l_gx,non_chewing
6044553.0,-1.238281,1.480957,-0.186035,0.097259,0.167871,0.029311,-1.018066,-1.599121,0.669434,-0.023715,-0.121773,-0.063152,chewing,left_chewing,108.236,l_gx,non_chewing
6044563.0,-1.219727,1.456543,-0.180176,0.125237,0.184925,0.005596,-1.026367,-1.588867,0.665039,-0.03091,-0.104453,-0.066349,chewing,left_chewing,108.236,l_gx,non_chewing
6044573.0,-1.235352,1.456055,-0.191406,0.124172,0.251008,-0.005063,-1.016113,-1.5625,0.658691,-0.062885,-0.099657,-0.030377,chewing,left_chewing,108.236,l_gx,non_chewing
6044583.0,-1.233398,1.437012,-0.190918,0.163341,0.273923,-0.003464,-1.027344,-1.554688,0.664062,-0.090597,-0.090597,0.027979,chewing,left_chewing,108.236,l_gx,non_chewing
6044593.0,-1.246094,1.428223,-0.166992,0.185191,0.334677,-0.003198,-1.036621,-1.554199,0.630371,-0.111381,-0.050628,0.066882,chewing,left_chewing,108.236,l_gx,non_chewing
6044603.0,-1.250488,1.401367,-0.170898,0.176132,0.367185,-0.009593,-1.057617,-1.546387,0.634766,-0.154815,-0.028778,0.10019,chewing,left_chewing,108.236,l_gx,non_chewing
6044613.0,-1.22998,1.408203,-0.201172,0.164407,0.380775,-0.041035,-1.075195,-1.555176,0.635254,-0.150551,0.015721,0.119908,chewing,left_chewing,108.236,l_gx,non_chewing
6044623.0,-1.222168,1.40918,-0.174316,0.181461,0.381308,-0.045832,-1.079102,-1.57373,0.618164,-0.154282,0.113513,0.123106,chewing,left_chewing,108.236,l_gx,non_chewing
6044633.0,-1.214355,1.422852,-0.182617,0.184126,0.365054,-0.034907,-1.07959,-1.591309,0.631348,-0.168138,0.173734,0.129767,chewing,left_chewing,108.236,l_gx,non_chewing
6044643.0,-1.199707,1.426758,-0.182129,0.123106,0.323219,-0.045299,-1.078125,-1.616211,0.615723,-0.188655,0.241681,0.157479,chewing,left_chewing,108.236,l_gx,non_chewing
6044653.0,-1.199219,1.46582,-0.163574,0.057289,0.268328,-0.098858,-1.083984,-1.640137,0.598633,-0.199047,0.239017,0.177997,chewing,left_chewing,108.236,l_gx,non_chewing
6044663.0,-1.204102,1.476563,-0.166992,-0.001332,0.195583,-0.088732,-1.108887,-1.625,0.609863,-0.205709,0.193452,0.198781,chewing,left_chewing,108.236,l_gx,non_chewing
6044673.0,-1.213867,1.487305,-0.181152,-0.067149,0.170003,-0.07834,-1.119141,-1.614746,0.587891,-0.194518,0.168138,0.226493,chewing,left_chewing,108.236,l_gx,non_chewing
6044683.0,-1.216797,1.494629,-0.188965,-0.087133,0.097259,-0.056224,-1.112793,-1.614746,0.591309,-0.17773,0.138028,0.2177,chewing,left_chewing,108.236,l_gx,non_chewing
6044693.0,-1.229004,1.509277,-0.173828,-0.06928,0.034374,-0.059155,-1.115234,-1.612305,0.594727,-0.152417,0.134297,0.152949,chewing,left_chewing,108.236,l_gx,non_chewing
6044703.0,-1.235352,1.506348,-0.200195,-0.041835,0.001865,-0.045299,-1.132324,-1.609863,0.588867,-0.130034,0.096992,0.109783,chewing,left_chewing,108.236,l_gx,non_chewing
6044713.0,-1.224121,1.501953,-0.19873,-0.039703,-0.031176,-0.035972,-1.117188,-1.611328,0.594727,-0.123905,0.084469,0.036239,chewing,left_chewing,108.236,l_gx,non_chewing
6044723.0,-1.224609,1.501953,-0.189941,-0.023715,-0.06475,-0.036772,-1.098145,-1.604004,0.60498,-0.07008,0.092462,-0.062352,chewing,left_chewing,108.236,l_gx,non_chewing
6044733.0,-1.233398,1.516602,-0.17627,-0.011458,-0.087666,-0.041835,-1.09668,-1.604004,0.589844,-0.031709,0.072478,-0.107651,chewing,left_chewing,108.236,l_gx,non_chewing
6044743.0,-1.24707,1.498535,-0.175293,-0.023715,-0.072478,-0.011458,-1.074219,-1.592773,0.595703,-0.006928,0.079939,-0.166806,chewing,left_chewing,108.236,l_gx,non_chewing
6044753.0,-1.252441,1.475586,-0.185059,0.003198,-0.088199,0.006129,-1.083008,-1.577148,0.601562,0.009593,0.068214,-0.162809,chewing,left_chewing,108.236,l_gx,non_chewing
6044763.0,-1.249023,1.474121,-0.181152,0.032775,-0.098325,0.004796,-1.081543,-1.557129,0.614258,0.023182,0.057822,-0.150818,chewing,left_chewing,108.236,l_gx,non_chewing
6044773.0,-1.261719,1.446289,-0.185059,0.098058,-0.063418,0.019452,-1.079102,-1.55127,0.606445,0.014123,0.025047,-0.097792,chewing,left_chewing,108.236,l_gx,non_chewing
6044783.0,-1.25,1.428711,-0.175293,0.170003,-0.072211,-0.021317,-1.082031,-1.549316,0.61084,-0.015188,0.017054,-0.046364,chewing,left_chewing,108.236,l_gx,non_chewing
6044793.0,-1.257324,1.424805,-0.193848,0.155614,-0.019985,-0.102322,-1.076172,-1.550781,0.60498,-0.049296,0.031975,0.009593,chewing,left_chewing,108.236,l_gx,non_chewing
6044803.0,-1.26416,1.40625,-0.185547,0.173467,0.01359,-0.127103,-1.091309,-1.55957,0.60791,-0.061553,0.038637,0.090064,chewing,left_chewing,108.236,l_gx,non_chewing
6044813.0,-1.252441,1.409668,-0.177734,0.197982,0.058089,-0.117776,-1.083008,-1.560059,0.588379,-0.09193,0.094061,0.139893,chewing,left_chewing,108.236,l_gx,non_chewing
6044823.0,-1.254395,1.406738,-0.18457,0.211305,0.074077,-0.123905,-1.09082,-1.569824,0.574707,-0.10925,0.168937,0.158012,chewing,left_chewing,108.236,l_gx,non_chewing
6044833.0,-1.247559,1.412109,-0.174316,0.213436,0.075942,-0.14309,-1.10498,-1.575684,0.594238,-0.131366,0.241681,0.151084,chewing,left_chewing,108.236,l_gx,non_chewing
6044843.0,-1.247559,1.417969,-0.192871,0.169204,0.063152,-0.115645,-1.113281,-1.594727,0.620605,-0.151617,0.303501,0.133231,chewing,left_chewing,108.236,l_gx,non_chewing
6044853.0,-1.259277,1.430664,-0.179199,0.137495,0.061819,-0.076208,-1.101563,-1.600098,0.607422,-0.144689,0.364787,0.113779,chewing,left_chewing,108.236,l_gx,non_chewing
6044863.0,-1.257324,1.444824,-0.201172,0.093795,0.058355,-0.033308,-1.118652,-1.611816,0.606934,-0.127636,0.378377,0.112181,chewing,left_chewing,108.236,l_gx,non_chewing
6044873.0,-1.241699,1.463379,-0.195801,0.033841,0.018119,-0.028511,-1.115723,-1.610352,0.599121,-0.118576,0.365587,0.100456,chewing,left_chewing,108.236,l_gx,non_chewing
6044883.0,-1.246094,1.466309,-0.189453,-0.023982,-0.02558,-0.032242,-1.121582,-1.62207,0.603027,-0.078606,0.312827,0.083403,chewing,left_chewing,108.236,l_gx,non_chewing
6044893.0,-1.25293,1.474609,-0.222168,-0.063685,-0.082337,-0.015721,-1.13623,-1.603027,0.595703,-0.07834,0.227559,0.073277,chewing,left_chewing,107.653,l_gy,non_chewing
6044903.0,-1.245117,1.492188,-0.196777,-0.073011,-0.10019,-0.042634,-1.106445,-1.620605,0.587891,-0.061286,0.151617,0.040236,chewing,left_chewing,107.653,l_gy,non_chewing
6044913.0,-1.254395,1.492188,-0.178711,-0.033574,-0.135096,-0.049828,-1.103516,-1.615234,0.589844,-0.041835,0.08207,0.022916,chewing,left_chewing,107.653,l_gy,non_chewing
6044923.0,-1.262695,1.488281,-0.196289,-0.015455,-0.147354,-0.06555,-1.095703,-1.609863,0.574707,-0.034374,0.024515,0.000266,chewing,left_chewing,107.653,l_gy,non_chewing
6044933.0,-1.263672,1.489258,-0.182129,0.023715,-0.127369,-0.069813,-1.083008,-1.598145,0.589844,-0.016254,0.010925,-0.048763,chewing,left_chewing,107.653,l_gy,non_chewing
6044943.0,-1.265137,1.475586,-0.208496,0.041035,-0.097792,-0.051427,-1.087402,-1.575195,0.606934,-0.006662,0.02185,-0.098591,chewing,left_chewing,107.653,l_gy,non_chewing
6044953.0,-1.255371,1.460938,-0.204102,0.060221,-0.08287,-0.037038,-1.103027,-1.540527,0.61377,-0.009326,0.061819,-0.13856,chewing,left_chewing,107.653,l_gy,non_chewing
6044963.0,-1.254395,1.435547,-0.202148,0.081804,-0.081804,-0.059155,-1.106934,-1.533691,0.62207,-0.019985,0.067681,-0.174533,chewing,left_chewing,107.653,l_gy,non_chewing
6044973.0,-1.257324,1.413574,-0.195312,0.093262,-0.114579,-0.066882,-1.092285,-1.527344,0.616211,-0.029311,0.069014,-0.168404,chewing,left_chewing,107.653,l_gy,non_chewing
6044983.0,-1.268066,1.394043,-0.195801,0.10472,-0.131632,-0.073277,-1.095215,-1.541016,0.601562,-0.023982,0.037038,-0.10392,chewing,left_chewing,107.653,l_gy,non_chewing
6044993.0,-1.285645,1.368652,-0.188965,0.107917,-0.152949,-0.111648,-1.103516,-1.563477,0.587402,-0.025314,0.03011,-0.051427,chewing,left_chewing,107.653,l_gy,non_chewing
6045003.0,-1.299316,1.361816,-0.18457,0.105786,-0.18679,-0.138294,-1.130371,-1.577637,0.589355,-0.049828,0.044499,-0.010392,chewing,left_chewing,107.653,l_gy,non_chewing
6045013.0,-1.303223,1.369629,-0.163086,0.061553,-0.203844,-0.168404,-1.151367,-1.574219,0.578613,-0.065283,0.064484,0.003464,chewing,left_chewing,107.653,l_gy,non_chewing
6045023.0,-1.302246,1.380859,-0.163086,-0.010392,-0.184392,-0.13483,-1.152832,-1.595215,0.591797,-0.061553,0.126836,-0.01359,chewing,left_chewing,107.653,l_gy,non_chewing
6045033.0,-1.30127,1.395508,-0.182129,-0.057289,-0.163608,-0.101256,-1.158203,-1.604004,0.583496,-0.092995,0.200113,-0.038904,chewing,left_chewing,107.653,l_gy,non_chewing
6045043.0,-1.289551,1.408691,-0.179687,-0.084202,-0.168671,-0.096992,-1.129395,-1.626953,0.586914,-0.080738,0.258202,-0.088199,chewing,left_chewing,107.653,l_gy,non_chewing
6045053.0,-1.291504,1.430176,-0.161621,-0.109516,-0.196649,-0.102855,-1.126465,-1.616699,0.577637,-0.059421,0.310695,-0.120974,chewing,left_chewing,107.653,l_gy,non_chewing
6045063.0,-1.291016,1.457031,-0.186035,-0.075675,-0.257669,-0.129501,-1.150391,-1.60498,0.59668,-0.037571,0.301103,-0.140426,chewing,left_chewing,107.653,l_gy,non_chewing
6045073.0,-1.29248,1.456055,-0.181152,-0.007727,-0.359458,-0.152683,-1.16748,-1.59375,0.592285,-0.012257,0.238484,-0.168937,chewing,left_chewing,107.653,l_gy,non_chewing
6045083.0,-1.317383,1.445313,-0.195801,-0.00453,-0.47457,-0.154548,-1.177734,-1.584961,0.588867,0.000266,0.122839,-0.227292,chewing,left_chewing,107.653,l_gy,non_chewing
6045093.0,-1.334961,1.452148,-0.189453,-0.036505,-0.552377,-0.122839,-1.174316,-1.592285,0.599121,0.033574,-0.005596,-0.25687,chewing,left_chewing,107.653,l_gy,non_chewing
6045103.0,-1.325684,1.455078,-0.1875,-0.07834,-0.546515,-0.083669,-1.13623,-1.623535,0.592773,0.040236,-0.079139,-0.281118,chewing,left_chewing,107.653,l_gy,non_chewing
6045113.0,-1.334961,1.456055,-0.180664,-0.093262,-0.557173,-0.083669,-1.130859,-1.620605,0.608398,0.05196,-0.088732,-0.320554,chewing,left_chewing,107.653,l_gy,non_chewing
6045123.0,-1.349609,1.452637,-0.166504,-0.096459,-0.523865,0.000799,-1.10791,-1.624023,0.589844,0.051427,-0.115645,-0.369583,chewing,left_chewing,107.653,l_gy,non_chewing
6045133.0,-1.349609,1.443848,-0.15625,-0.132698,-0.476168,0.061286,-1.100586,-1.596191,0.600586,0.055691,-0.102588,-0.409553,chewing,left_chewing,107.653,l_gy,non_chewing
6045143.0,-1.34375,1.438477,-0.148926,-0.159611,-0.392233,0.091397,-1.09082,-1.566895,0.599609,0.050628,-0.121773,-0.415948,chewing,left_chewing,107.653,l_gy,non_chewing
6045153.0,-1.349121,1.430664,-0.152832,-0.086067,-0.314159,0.153482,-1.077148,-1.540527,0.592285,0.031443,-0.114312,-0.418613,chewing,left_chewing,107.653,l_gy,non_chewing
6045163.0,-1.365723,1.407227,-0.159668,-0.023449,-0.282983,0.154015,-1.057617,-1.532715,0.600586,0.038904,-0.167338,-0.403424,chewing,left_chewing,107.653,l_gy,non_chewing
6045173.0,-1.334473,1.40332,-0.148437,0.049828,-0.270726,0.109783,-1.044434,-1.541504,0.602539,0.019718,-0.217433,-0.31789,chewing,left_chewing,107.653,l_gy,non_chewing
6045183.0,-1.324707,1.40332,-0.138672,0.118043,-0.264864,0.070346,-1.006348,-1.561035,0.609375,0.007461,-0.251274,-0.223828,chewing,left_chewing,107.653,l_gy,non_chewing
6045193.0,-1.314453,1.406738,-0.144043,0.155881,-0.261133,0.081804,-1.002441,-1.580078,0.597168,-0.040769,-0.271525,-0.099391,chewing,left_chewing,107.653,l_gy,non_chewing
6045203.0,-1.311035,1.382813,-0.152832,0.168138,-0.261933,0.08207,-1.01416,-1.583008,0.613281,-0.093262,-0.277121,0.010126,chewing,left_chewing,107.653,l_gy,non_chewing
6045213.0,-1.311035,1.373535,-0.128906,0.160144,-0.278986,0.039703,-1.062012,-1.561523,0.61377,-0.155614,-0.284582,0.115645,chewing,left_chewing,107.653,l_gy,non_chewing
6045223.0,-1.317871,1.412109,-0.147461,0.141225,-0.221697,0.098058,-1.063965,-1.562988,0.618652,-0.208374,-0.225694,0.123905,chewing,left_chewing,107.653,l_gy,non_chewing
6045233.0,-1.332031,1.393555,-0.120605,0.03464,-0.168671,0.192386,-1.060547,-1.572754,0.609375,-0.21317,-0.088732,0.070613,chewing,left_chewing,107.653,l_gy,non_chewing
6045243.0,-1.328613,1.438477,-0.10791,-0.053026,-0.062885,0.192386,-1.060547,-1.593262,0.617676,-0.203311,0.023982,0.052227,chewing,left_chewing,107.653,l_gy,non_chewing
6045253.0,-1.345703,1.456543,-0.118652,-0.118309,0.017853,0.205709,-1.052734,-1.619141,0.602539,-0.162809,0.087933,0.047697,chewing,left_chewing,107.653,l_gy,non_chewing
6045263.0,-1.344727,1.476074,-0.097656,-0.141758,0.110049,0.257669,-1.056641,-1.638672,0.589355,-0.134297,0.112447,0.049828,chewing,left_chewing,107.653,l_gy,non_chewing
6045273.0,-1.330078,1.48584,-0.12207,-0.22223,0.23875,0.268061,-1.057129,-1.648926,0.585449,-0.130034,0.058622,0.057289,chewing,left_chewing,107.653,l_gy,non_chewing
6045283.0,-1.295898,1.494141,-0.119629,-0.270992,0.29151,0.282184,-1.037598,-1.661133,0.590332,-0.105786,-0.053559,0.046631,chewing,left_chewing,107.653,l_gy,non_chewing
6045293.0,-1.259277,1.509766,-0.117676,-0.286714,0.307764,0.268061,-1.033203,-1.671387,0.582031,-0.095926,-0.135896,-0.033041,chewing,left_chewing,107.653,l_gy,non_chewing
6045303.0,-1.247559,1.514648,-0.105957,-0.264864,0.296839,0.255538,-1.032715,-1.656738,0.588379,-0.082603,-0.255271,-0.075409,chewing,left_chewing,107.653,l_gy,non_chewing
6045313.0,-1.240234,1.505859,-0.112305,-0.220631,0.245145,0.245412,-1.038574,-1.628418,0.594727,-0.077807,-0.363188,-0.085002,chewing,left_chewing,107.653,l_gy,non_chewing
6045323.0,-1.231445,1.503906,-0.127441,-0.139893,0.172135,0.214769,-1.056152,-1.624023,0.600098,-0.050361,-0.445259,-0.082603,chewing,left_chewing,107.653,l_gy,non_chewing
6045333.0,-1.236816,1.503418,-0.111816,-0.080205,0.162276,0.216634,-1.062988,-1.618652,0.617187,-0.037571,-0.450055,-0.041835,chewing,left_chewing,107.653,l_gy,non_chewing
6045343.0,-1.218262,1.5,-0.108398,-0.013856,0.198515,0.196649,-1.034668,-1.629883,0.614258,-0.02558,-0.350132,-0.083669,chewing,left_chewing,107.653,l_gy,non_chewing
6045353.0,-1.213379,1.47998,-0.102539,0.018386,0.245945,0.207041,-1.032227,-1.588379,0.629883,-0.014922,-0.206775,-0.14389,chewing,left_chewing,107.653,l_gy,non_chewing
6045363.0,-1.204102,1.466797,-0.113281,0.030377,0.308297,0.216368,-1.038574,-1.583496,0.619141,0.000266,-0.110049,-0.166539,chewing,left_chewing,107.653,l_gy,non_chewing
6045373.0,-1.211426,1.43457,-0.108398,0.063418,0.344802,0.225427,-1.035156,-1.572754,0.601074,0.004263,0.007461,-0.213969,chewing,left_chewing,107.653,l_gy,non_chewing
6045383.0,-1.220215,1.419922,-0.105469,0.083936,0.337874,0.172401,-1.060059,-1.568848,0.596191,-0.023982,0.039436,-0.171069,chewing,left_chewing,107.653,l_gy,non_chewing
6045393.0,-1.237305,1.40918,-0.103027,0.095394,0.388236,0.127369,-1.053223,-1.586914,0.603027,-0.013856,0.06475,-0.14309,chewing,left_chewing,107.653,l_gy,non_chewing
6045403.0,-1.233887,1.398926,-0.12207,0.099657,0.408487,0.104453,-1.059082,-1.598145,0.611328,-0.031709,0.092196,-0.105519,chewing,left_chewing,107.653,l_gy,non_chewing
6045413.0,-1.226563,1.410645,-0.119629,0.084735,0.402092,0.077008,-1.06543,-1.592773,0.595703,-0.055158,0.188655,-0.101256,chewing,left_chewing,107.653,l_gy,non_chewing
6045423.0,-1.226074,1.415039,-0.103027,0.022116,0.39543,0.078606,-1.073242,-1.605469,0.60498,-0.039436,0.258735,-0.094594,chewing,left_chewing,109.198,l_gy,non_chewing
6045433.0,-1.253906,1.407227,-0.126465,-0.014389,0.398894,0.113779,-1.09668,-1.629395,0.603027,-0.051694,0.264864,-0.040236,chewing,left_chewing,109.198,l_gy,non_chewing
6045443.0,-1.226563,1.450195,-0.114258,-0.093262,0.36532,0.114579,-1.066895,-1.648438,0.562988,-0.063951,0.301902,-0.001865,chewing,left_chewing,109.198,l_gy,non_chewing
6045453.0,-1.243652,1.462402,-0.121582,-0.11751,0.328015,0.118842,-1.087891,-1.672852,0.619629,-0.057023,0.193185,0.068747,chewing,left_chewing,109.198,l_gy,non_chewing
6045463.0,-1.208008,1.490723,-0.148437,-0.138028,0.285381,0.080205,-1.087402,-1.638184,0.520996,-0.0866,0.173201,0.102855,chewing,left_chewing,109.198,l_gy,non_chewing
6045473.0,-1.220703,1.512695,-0.098145,-0.085801,0.192919,0.0437,-1.062988,-1.678711,0.652832,-0.030377,0.118043,0.091663,chewing,left_chewing,109.198,l_gy,non_chewing
6045483.0,-1.245117,1.512695,-0.150391,-0.00826,0.140959,0.033041,-1.100098,-1.635254,0.59082,-0.080205,0.095394,0.063685,chewing,left_chewing,109.198,l_gy,non_chewing
6045493.0,-1.208008,1.547852,-0.147949,0.043966,0.106585,-0.02185,-1.041504,-1.602539,0.512207,-0.059421,0.128168,0.020784,chewing,left_chewing,109.198,l_gy,non_chewing
6045503.0,-1.244141,1.535156,-0.125977,0.120175,0.057822,-0.026646,-1.036133,-1.665039,0.683594,0.019718,0.048763,0.002132,chewing,left_chewing,109.198,l_gy,non_chewing
6045513.0,-1.213867,1.550293,-0.168945,0.097792,0.070879,-0.058355,-1.010254,-1.598145,0.540527,0.029844,0.124971,-0.095394,chewing,left_chewing,109.198,l_gy,non_chewing
6045523.0,-1.235352,1.507813,-0.14502,0.1311,0.015188,-0.071412,-1.051758,-1.621582,0.611816,0.076208,0.039969,-0.120441,chewing,left_chewing,109.198,l_gy,non_chewing
6045533.0,-1.231934,1.504395,-0.144531,0.130833,-0.022649,-0.046631,-1.036621,-1.621094,0.606934,0.096193,0.016521,-0.147887,chewing,left_chewing,109.198,l_gy,non_chewing
6045543.0,-1.229004,1.486816,-0.144531,0.125504,-0.037038,0.007994,-1.037109,-1.61377,0.606934,0.09113,0.037571,-0.203044,chewing,left_chewing,109.198,l_gy,non_chewing
6045553.0,-1.23291,1.456543,-0.148926,0.14842,-0.017853,0.067948,-1.039551,-1.597168,0.61084,0.081271,0.008527,-0.189988,chewing,left_chewing,109.198,l_gy,non_chewing
6045563.0,-1.242188,1.43457,-0.130859,0.164674,-0.022649,0.038637,-1.036621,-1.580566,0.597168,0.060487,-0.009859,-0.137228,chewing,left_chewing,109.198,l_gy,non_chewing
6045573.0,-1.258789,1.443359,-0.140625,0.199047,-0.002665,0.012257,-1.03125,-1.586914,0.592773,0.045299,-0.054625,-0.063152,chewing,left_chewing,109.198,l_gy,non_chewing
6045583.0,-1.258301,1.419922,-0.144043,0.218499,0.002398,0.004796,-1.044434,-1.576172,0.600586,0.013323,-0.07008,-0.015721,chewing,left_chewing,109.198,l_gy,non_chewing
6045593.0,-1.271973,1.405762,-0.147461,0.248077,0.011991,-0.007194,-1.052246,-1.584961,0.595703,0.005862,-0.065816,0.03917,chewing,left_chewing,109.198,l_gy,non_chewing
6045603.0,-1.259277,1.414551,-0.160645,0.255538,0.022916,-0.030377,-1.089844,-1.580078,0.604004,-0.037038,-0.031975,0.107384,chewing,left_chewing,109.198,l_gy,non_chewing
6045613.0,-1.249023,1.421387,-0.164551,0.203577,0.054625,-0.038371,-1.09375,-1.571289,0.547852,-0.0866,0.074876,0.133764,chewing,left_chewing,109.198,l_gy,non_chewing
6045623.0,-1.26416,1.405273,-0.103027,0.176665,0.046631,-0.002132,-1.061035,-1.619141,0.646484,-0.057023,0.172135,0.087133,chewing,left_chewing,109.198,l_gy,non_chewing
6045633.0,-1.271973,1.404785,-0.186035,0.166273,0.009859,0.006395,-1.116211,-1.614258,0.608887,-0.079139,0.153482,0.14762,chewing,left_chewing,109.198,l_gy,non_chewing
6045643.0,-1.237305,1.438477,-0.125488,0.101256,-0.047164,-0.002398,-1.058594,-1.612793,0.567383,-0.062352,0.230757,0.121507,chewing,left_chewing,109.198,l_gy,non_chewing
6045653.0,-1.277832,1.456543,-0.199219,0.07008,-0.044766,0.032508,-1.12207,-1.627441,0.626953,-0.067149,0.178263,0.141492,chewing,left_chewing,109.198,l_gy,non_chewing
6045663.0,-1.251465,1.46582,-0.113281,0.048763,-0.081804,0.054092,-1.054199,-1.65332,0.660156,0.002132,0.224095,0.085801,chewing,left_chewing,109.198,l_gy,non_chewing
6045673.0,-1.240234,1.505371,-0.198242,0.00453,-0.080205,0.049828,-1.104492,-1.609375,0.542969,-0.072211,0.20411,0.076208,chewing,left_chewing,109.198,l_gy,non_chewing
6045683.0,-1.275879,1.51123,-0.185059,-0.003997,-0.081271,0.035706,-1.129395,-1.637207,0.605469,-0.060753,0.129234,0.088998,chewing,left_chewing,109.198,l_gy,non_chewing
6045693.0,-1.265625,1.498047,-0.145508,-0.017054,-0.098591,0.021317,-1.065918,-1.645996,0.669434,0.017587,0.064484,0.0437,chewing,left_chewing,109.198,l_gy,non_chewing
6045703.0,-1.262207,1.520996,-0.149902,0.015988,-0.111381,-0.004263,-1.063965,-1.626953,0.601074,0.00826,0.055957,-0.006662,chewing,left_chewing,109.198,l_gy,non_chewing
6045713.0,-1.263184,1.52002,-0.176758,0.057556,-0.094594,-0.015988,-1.098633,-1.613281,0.592285,0.006928,-0.033308,-0.044499,chewing,left_chewing,109.198,l_gy,non_chewing
6045723.0,-1.269531,1.51123,-0.178711,0.042101,-0.056224,-0.018652,-1.068359,-1.618652,0.616699,0.011458,-0.059155,-0.089798,chewing,left_chewing,109.198,l_gy,non_chewing
6045733.0,-1.255859,1.496582,-0.17041,0.051427,-0.024248,0.020518,-1.047852,-1.621582,0.642578,0.038637,-0.075675,-0.14309,chewing,left_chewing,109.198,l_gy,non_chewing
6045743.0,-1.241699,1.467285,-0.163086,0.069547,-0.029044,0.044499,-1.025391,-1.597656,0.659668,0.062086,-0.05649,-0.203844,chewing,left_chewing,109.198,l_gy,non_chewing
6045753.0,-1.249023,1.448242,-0.169922,0.081271,-0.025047,0.029577,-1.013672,-1.57959,0.651855,0.067415,-0.055691,-0.218766,chewing,left_chewing,109.198,l_gy,non_chewing
6045763.0,-1.250488,1.444824,-0.141602,0.123372,-0.034374,0.009326,-1.01123,-1.578125,0.651367,0.051694,-0.062619,-0.199314,chewing,left_chewing,109.198,l_gy,non_chewing
6045773.0,-1.257813,1.44043,-0.145508,0.139093,-0.020518,-0.00826,-1.003906,-1.587402,0.60498,0.039703,-0.07381,-0.156147,chewing,left_chewing,109.198,l_gy,non_chewing
6045783.0,-1.25293,1.420898,-0.157227,0.178796,-0.029311,-0.031176,-1.026855,-1.566406,0.611328,0.011724,-0.082603,-0.095127,chewing,left_chewing,109.198,l_gy,non_chewing
6045793.0,-1.269043,1.401855,-0.15625,0.171602,0.017587,-0.037838,-1.043945,-1.570313,0.59668,-0.042101,-0.043167,-0.058355,chewing,left_chewing,109.198,l_gy,non_chewing
6045803.0,-1.282715,1.390137,-0.146484,0.160677,0.053026,-0.016521,-1.061523,-1.569336,0.596191,-0.069813,0.025047,-0.035173,chewing,left_chewing,109.198,l_gy,non_chewing
6045813.0,-1.276855,1.396973,-0.151367,0.107384,0.069547,-0.002398,-1.074219,-1.57959,0.586914,-0.111115,0.08207,0.015721,chewing,left_chewing,109.198,l_gy,non_chewing
6045823.0,-1.273438,1.394531,-0.162598,0.027179,0.129234,0.007194,-1.065918,-1.587402,0.555176,-0.128701,0.151617,0.047164,chewing,left_chewing,109.198,l_gy,non_chewing
6045833.0,-1.273926,1.426758,-0.162598,-0.026646,0.128168,0.009593,-1.072266,-1.598145,0.563477,-0.119109,0.185991,0.071678,chewing,left_chewing,109.198,l_gy,non_chewing
6045843.0,-1.257813,1.449219,-0.154785,-0.090597,0.111381,0.023715,-1.067871,-1.608887,0.557617,-0.127369,0.204643,0.106585,chewing,left_chewing,109.198,l_gy,non_chewing
6045853.0,-1.246582,1.481445,-0.144043,-0.129767,0.084202,0.027446,-1.070313,-1.617188,0.569824,-0.135629,0.206242,0.118043,chewing,left_chewing,109.198,l_gy,non_chewing
6045863.0,-1.242676,1.500977,-0.155273,-0.152949,0.031709,0.033041,-1.061035,-1.62207,0.581543,-0.138294,0.203844,0.110315,chewing,left_chewing,109.198,l_gy,non_chewing
6045873.0,-1.236816,1.514648,-0.13623,-0.157479,-0.025047,0.011724,-1.05957,-1.628418,0.587891,-0.085534,0.199047,0.066882,chewing,left_chewing,109.198,l_gy,non_chewing
6045883.0,-1.243652,1.522461,-0.133301,-0.140959,-0.050361,0.012524,-1.063477,-1.609375,0.558105,-0.084735,0.14309,0.066616,chewing,left_chewing,109.198,l_gy,non_chewing
6045893.0,-1.262695,1.528809,-0.171387,-0.093528,-0.07381,0.002931,-1.084473,-1.598633,0.535156,-0.092196,0.074609,0.047164,chewing,left_chewing,109.198,l_gy,non_chewing
6045903.0,-1.271973,1.516602,-0.188965,-0.054891,-0.070879,0.019185,-1.111816,-1.596191,0.535645,-0.076475,0.001066,0.042101,chewing,left_chewing,109.198,l_gy,non_chewing
6045913.0,-1.30127,1.491211,-0.178223,-0.01279,-0.050095,0.038104,-1.103027,-1.609375,0.573242,-0.042634,-0.060753,0.002665,chewing,left_chewing,109.198,l_gy,non_chewing
6045923.0,-1.290527,1.491211,-0.162598,-0.018652,0.008527,0.045832,-1.084961,-1.601563,0.605469,-0.019718,-0.085534,-0.028245,chewing,left_chewing,109.198,l_gy,non_chewing
6045933.0,-1.285156,1.476563,-0.158691,-0.026913,0.054358,0.035706,-1.067871,-1.596191,0.620605,-0.007461,-0.078873,-0.074609,chewing,left_chewing,109.198,l_gy,non_chewing
6045943.0,-1.27002,1.470703,-0.14502,-0.041835,0.086067,0.036505,-1.065918,-1.593262,0.598145,-0.001599,-0.093262,-0.091663,chewing,left_chewing,109.198,l_gy,non_chewing
6045953.0,-1.270508,1.459473,-0.143066,0.019718,0.090331,0.071945,-1.051758,-1.584961,0.62207,-0.002931,-0.070879,-0.127902,chewing,left_chewing,109.198,l_gy,non_chewing
6045963.0,-1.268555,1.458496,-0.22998,0.083403,0.092995,0.074609,-1.09082,-1.556641,0.554687,-0.037571,-0.100723,-0.08207,chewing,left_chewing,88.880,l_gy,non_chewing
6045973.0,-1.26123,1.434082,-0.133789,0.141758,0.078606,0.039969,-1.043945,-1.619141,0.670898,0.03917,-0.086067,-0.071945,chewing,left_chewing,88.880,l_gy,non_chewing
6045983.0,-1.253418,1.42627,-0.102051,0.188922,0.058355,0.029044,-1.02002,-1.611816,0.661133,0.031975,-0.037305,-0.071412,chewing,left_chewing,88.880,l_gy,non_chewing
6045993.0,-1.265137,1.422852,-0.112305,0.179063,0.071678,0.011191,-1.047852,-1.588867,0.631348,-0.026646,0.014123,-0.056757,chewing,left_chewing,88.880,l_gy,non_chewing
6046003.0,-1.265137,1.421875,-0.126953,0.193452,0.069813,0.005862,-1.12207,-1.562988,0.544434,-0.110315,0.044499,-0.002931,chewing,left_chewing,88.880,l_gy,non_chewing
6046013.0,-1.272949,1.416504,-0.17041,0.158812,0.092995,0.016787,-1.115723,-1.601563,0.611328,-0.1311,0.045832,0.037571,chewing,left_chewing,88.880,l_gy,non_chewing
6046023.0,-1.291992,1.397461,-0.184082,0.131366,0.10392,0.039703,-1.075684,-1.647461,0.660156,-0.12204,0.077807,0.059688,chewing,left_chewing,88.880,l_gy,non_chewing
6046033.0,-1.291504,1.410645,-0.097168,0.061819,0.113247,0.038637,-1.035156,-1.625,0.616699,-0.054092,0.141225,0.05649,chewing,left_chewing,88.880,l_gy,non_chewing
6046043.0,-1.260254,1.446289,-0.125,-0.023715,0.151884,0.080205,-1.09082,-1.61377,0.55957,-0.099657,0.174799,0.053825,chewing,left_chewing,88.880,l_gy,non_chewing
6046053.0,-1.25,1.450684,-0.144043,-0.079406,0.097259,0.096992,-1.087402,-1.639648,0.597168,-0.094061,0.134297,0.085801,chewing,left_chewing,88.880,l_gy,non_chewing
6046063.0,-1.244629,1.482422,-0.128418,-0.111381,0.059688,0.087133,-1.071777,-1.640137,0.611816,-0.048763,0.101256,0.075675,chewing,left_chewing,88.880,l_gy,non_chewing
6046073.0,-1.237793,1.500488,-0.153809,-0.125504,0.020784,0.117243,-1.086426,-1.626465,0.589844,-0.026113,0.041302,0.059954,chewing,left_chewing,88.880,l_gy,non_chewing
6046083.0,-1.233887,1.514648,-0.159668,-0.111381,-0.033574,0.099124,-1.074707,-1.625977,0.61377,0.012257,-0.017587,0.042634,chewing,left_chewing,88.880,l_gy,non_chewing
6046093.0,-1.223145,1.527832,-0.155762,-0.077541,-0.108184,0.067948,-1.073242,-1.623535,0.613281,0.028778,-0.065283,0.002132,chewing,left_chewing,88.880,l_gy,non_chewing
6046103.0,-1.228516,1.524414,-0.134766,-0.059954,-0.126037,0.041035,-1.056152,-1.629883,0.614746,0.031443,-0.086067,-0.044766,chewing,left_chewing,88.880,l_gy,non_chewing
6046113.0,-1.242188,1.523438,-0.165039,-0.046364,-0.122306,0.044233,-1.057129,-1.624023,0.611328,0.026646,-0.085801,-0.100456,chewing,left_chewing,88.880,l_gy,non_chewing
6046123.0,-1.250488,1.508301,-0.154297,-0.013057,-0.090597,0.048496,-1.050293,-1.626953,0.62207,0.028511,-0.092462,-0.125237,chewing,left_chewing,88.880,l_gy,non_chewing
6046133.0,-1.253418,1.483398,-0.108398,-0.016521,-0.05196,0.04743,-1.015625,-1.605957,0.59668,0.063951,-0.089531,-0.148953,chewing,left_chewing,88.880,l_gy,non_chewing
6046143.0,-1.247559,1.469238,-0.154785,0.045832,-0.003198,0.065017,-1.027832,-1.584473,0.60791,0.053559,-0.077541,-0.18759,chewing,left_chewing,88.880,l_gy,non_chewing
6046153.0,-1.245605,1.454102,-0.154785,0.119908,0.002132,0.067149,-1.030762,-1.577637,0.620117,0.067948,-0.080472,-0.179596,chewing,left_chewing,88.880,l_gy,non_chewing
6046163.0,-1.25,1.444336,-0.138672,0.175332,0.011191,0.055158,-1.011719,-1.587402,0.612793,0.06102,-0.067681,-0.156147,chewing,left_chewing,88.880,l_gy,non_chewing
6046173.0,-1.239258,1.424805,-0.137207,0.215835,0.022383,0.02185,-1.008789,-1.582031,0.612793,0.074609,0.015188,-0.138294,chewing,left_chewing,88.880,l_gy,non_chewing
6046183.0,-1.240234,1.425781,-0.129395,0.260067,0.008793,-0.009326,-1.04541,-1.585938,0.603027,0.019452,0.098058,-0.090597,chewing,left_chewing,88.880,l_gy,non_chewing
6046193.0,-1.240723,1.423828,-0.125488,0.263798,0.022649,-0.023715,-1.06543,-1.573242,0.606445,-0.038637,0.181994,-0.050095,chewing,left_chewing,88.880,l_gy,non_chewing
6046203.0,-1.246582,1.415039,-0.140625,0.231556,0.054625,-0.024515,-1.071289,-1.599609,0.606934,-0.079672,0.251807,0.032775,chewing,left_chewing,88.880,l_gy,non_chewing
6046213.0,-1.251953,1.407227,-0.149414,0.184925,0.060487,-0.00373,-1.077637,-1.604004,0.606445,-0.098058,0.307764,0.06555,chewing,left_chewing,88.880,l_gy,non_chewing
6046223.0,-1.26416,1.414063,-0.147949,0.126037,0.062619,0.001332,-1.07373,-1.612793,0.597168,-0.12124,0.311495,0.082603,chewing,left_chewing,88.880,l_gy,non_chewing
6046233.0,-1.266602,1.429199,-0.135254,0.046897,0.04743,0.015988,-1.072266,-1.621094,0.616699,-0.107384,0.271792,0.120708,chewing,left_chewing,88.880,l_gy,non_chewing
6046243.0,-1.261719,1.448242,-0.141602,-0.036239,0.032775,0.035706,-1.084961,-1.634766,0.620605,-0.093528,0.218499,0.14842,chewing,left_chewing,88.880,l_gy,non_chewing
6046253.0,-1.252441,1.469238,-0.126953,-0.096992,0.009859,0.053292,-1.101563,-1.642578,0.585937,-0.081271,0.174266,0.16121,chewing,left_chewing,88.880,l_gy,non_chewing
6046263.0,-1.252441,1.495117,-0.145508,-0.140692,0.005862,0.056224,-1.100586,-1.660156,0.586914,-0.073544,0.12577,0.148686,chewing,left_chewing,88.880,l_gy,non_chewing
6046273.0,-1.255371,1.515137,-0.140625,-0.132165,-0.004263,0.074343,-1.099121,-1.669434,0.631836,-0.035173,0.102055,0.089531,chewing,left_chewing,88.880,l_gy,non_chewing
6046283.0,-1.240723,1.527344,-0.116211,-0.132965,-0.014123,0.054358,-1.070801,-1.645996,0.622559,0.005862,0.095926,0.009593,chewing,left_chewing,88.880,l_gy,non_chewing
6046293.0,-1.227051,1.532715,-0.145996,-0.111381,-0.009326,0.035173,-1.075195,-1.630859,0.588379,0.010925,0.06555,-0.079939,chewing,left_chewing,88.880,l_gy,non_chewing
6046303.0,-1.239258,1.518066,-0.140137,-0.070879,-0.032508,0.032775,-1.078613,-1.617676,0.603516,0.023982,-0.002132,-0.133231,chewing,left_chewing,88.880,l_gy,non_chewing
6046313.0,-1.248047,1.508301,-0.138184,-0.039436,-0.048763,0.021583,-1.064453,-1.607422,0.610352,0.049296,-0.086334,-0.141492,chewing,left_chewing,88.880,l_gy,non_chewing
6046323.0,-1.253418,1.489746,-0.154785,-0.003198,-0.058089,0.019452,-1.0625,-1.606934,0.604492,0.049296,-0.135629,-0.155348,chewing,left_chewing,88.880,l_gy,non_chewing
6046333.0,-1.240723,1.492188,-0.145996,0.00906,-0.020518,0.024781,-1.047852,-1.591797,0.608398,0.070879,-0.161476,-0.145755,chewing,left_chewing,88.880,l_gy,non_chewing
6046343.0,-1.248047,1.479492,-0.15625,0.016254,0.025847,0.038904,-1.037109,-1.585938,0.619629,0.055424,-0.152683,-0.126836,chewing,left_chewing,88.880,l_gy,non_chewing
6046353.0,-1.254883,1.46582,-0.151367,0.046631,0.103387,0.046631,-1.036621,-1.576172,0.603027,0.026113,-0.175865,-0.060753,chewing,left_chewing,88.880,l_gy,non_chewing
6046363.0,-1.253418,1.442383,-0.15332,0.093262,0.158279,0.023182,-1.034668,-1.584473,0.634766,0.014655,-0.17853,0.001865,chewing,left_chewing,88.880,l_gy,non_chewing
6046373.0,-1.243652,1.435547,-0.118652,0.149219,0.17853,-0.010126,-1.011719,-1.564453,0.602051,0.000799,-0.13936,0.029044,chewing,left_chewing,88.880,l_gy,non_chewing
6046383.0,-1.26416,1.427734,-0.149902,0.187057,0.199847,-0.027979,-1.04834,-1.565918,0.601562,-0.041302,-0.102055,0.080738,chewing,left_chewing,88.880,l_gy,non_chewing
6046393.0,-1.266113,1.411621,-0.146484,0.200913,0.193452,-0.038371,-1.054199,-1.595703,0.614258,-0.063685,-0.058089,0.10019,chewing,left_chewing,88.880,l_gy,non_chewing
6046403.0,-1.269043,1.411621,-0.130371,0.198781,0.215035,-0.038637,-1.063477,-1.602051,0.617676,-0.083136,0.002665,0.114579,chewing,left_chewing,88.880,l_gy,non_chewing
6046413.0,-1.254883,1.415527,-0.153809,0.155614,0.205443,-0.021583,-1.078125,-1.603516,0.615723,-0.119375,0.085002,0.113247,chewing,left_chewing,88.880,l_gy,non_chewing
6046423.0,-1.254883,1.414551,-0.151367,0.133764,0.175066,-0.001865,-1.095703,-1.614746,0.622559,-0.119375,0.15215,0.116977,chewing,left_chewing,88.880,l_gy,non_chewing
6046433.0,-1.239258,1.43457,-0.163086,0.059155,0.127902,0.005596,-1.080566,-1.612793,0.614258,-0.114579,0.184925,0.118842,chewing,left_chewing,88.880,l_gy,non_chewing
6046443.0,-1.228027,1.463379,-0.171875,0.040502,0.092729,0.053026,-1.102051,-1.620605,0.616211,-0.098858,0.251274,0.080738,chewing,left_chewing,88.880,l_gy,non_chewing
6046453.0,-1.228516,1.475098,-0.167969,0.017587,0.010925,0.057822,-1.103027,-1.623047,0.629395,-0.077274,0.282184,0.049562,chewing,left_chewing,88.880,l_gy,non_chewing
6046463.0,-1.22998,1.507813,-0.171387,-0.023182,-0.063418,0.044499,-1.101074,-1.630371,0.599121,-0.046364,0.278453,0.021051,chewing,left_chewing,88.880,l_gy,non_chewing
6046473.0,-1.228516,1.510254,-0.157715,-0.025314,-0.097525,0.03011,-1.092773,-1.64209,0.586426,-0.036505,0.241681,-0.014655,chewing,left_chewing,88.880,l_gy,non_chewing
6046483.0,-1.256836,1.504883,-0.171875,-0.035972,-0.140159,0.011191,-1.086914,-1.630371,0.583496,-0.002931,0.159078,-0.039436,chewing,left_chewing,88.880,l_gy,non_chewing
6046493.0,-1.267578,1.500977,-0.149414,0.011191,-0.177997,0.010658,-1.07666,-1.614746,0.59375,0.007194,0.075409,-0.061819,chewing,left_chewing,88.880,l_gy,non_chewing
6046503.0,-1.263184,1.500488,-0.157227,0.00826,-0.172934,0.015188,-1.074219,-1.601074,0.597656,0.017054,-0.010392,-0.097259,chewing,left_chewing,86.367,l_gy,non_chewing
6046513.0,-1.270508,1.499512,-0.169434,0.010126,-0.142025,0.035972,-1.059082,-1.606934,0.603516,0.019985,-0.029044,-0.086067,chewing,left_chewing,86.367,l_gy,non_chewing
6046523.0,-1.257324,1.498535,-0.149902,-0.022649,-0.076475,0.035706,-1.049805,-1.593262,0.608887,0.03464,-0.057556,-0.119109,chewing,left_chewing,86.367,l_gy,non_chewing
6046533.0,-1.262207,1.484375,-0.146484,0.002665,-0.047697,0.049296,-1.033691,-1.586426,0.624512,0.050361,-0.007194,-0.161476,chewing,left_chewing,86.367,l_gy,non_chewing
6046543.0,-1.26123,1.472168,-0.136719,0.002931,0.010658,0.059688,-1.035156,-1.571777,0.644531,0.046897,0.020784,-0.178796,chewing,left_chewing,86.367,l_gy,non_chewing
6046553.0,-1.255371,1.450195,-0.163574,0.046098,0.025847,0.047697,-1.026367,-1.568359,0.640137,0.037305,0.020518,-0.155348,chewing,left_chewing,86.367,l_gy,non_chewing
6046563.0,-1.245605,1.455078,-0.145508,0.091663,0.046631,0.024248,-1.025391,-1.572754,0.623535,-0.000533,-0.002398,-0.113247,chewing,left_chewing,86.367,l_gy,non_chewing
6046573.0,-1.262695,1.425293,-0.160645,0.14309,0.060753,-0.005596,-1.068359,-1.564941,0.591797,-0.043966,-0.003997,-0.071145,chewing,left_chewing,86.367,l_gy,non_chewing
6046583.0,-1.273926,1.410156,-0.166504,0.188922,0.042368,-0.025314,-1.078613,-1.582031,0.599609,-0.031176,-0.008527,-0.0437,chewing,left_chewing,86.367,l_gy,non_chewing
6046593.0,-1.279297,1.39502,-0.154297,0.222496,0.017054,0.002931,-1.057129,-1.592285,0.645508,-0.034374,0.005596,-0.005063,chewing,left_chewing,86.367,l_gy,non_chewing
6046603.0,-1.259277,1.404297,-0.140137,0.156147,0.064217,0.002665,-1.058594,-1.606445,0.605957,-0.083136,0.071678,0.002931,chewing,left_chewing,86.367,l_gy,non_chewing
6046613.0,-1.272949,1.411621,-0.152832,0.101256,0.089798,0.037038,-1.088867,-1.615234,0.632812,-0.094861,0.107917,0.039436,chewing,left_chewing,86.367,l_gy,non_chewing
6046623.0,-1.261719,1.425293,-0.13623,0.039436,0.091663,0.055691,-1.083008,-1.626465,0.587891,-0.091663,0.174799,0.025047,chewing,left_chewing,86.367,l_gy,non_chewing
6046633.0,-1.249023,1.453125,-0.141113,-0.000266,0.106851,0.044766,-1.080078,-1.638184,0.625488,-0.097525,0.175332,0.063418,chewing,left_chewing,86.367,l_gy,non_chewing
6046643.0,-1.240723,1.477539,-0.157715,-0.028245,0.081804,0.045032,-1.083008,-1.633301,0.603027,-0.095926,0.184392,0.059421,chewing,left_chewing,86.367,l_gy,non_chewing
6046653.0,-1.216309,1.495117,-0.12793,-0.054625,0.063418,0.036505,-1.083984,-1.623047,0.586914,-0.090864,0.205443,0.046098,chewing,left_chewing,86.367,l_gy,non_chewing
6046663.0,-1.222168,1.524902,-0.162109,-0.058622,0.03464,0.031176,-1.08252,-1.626953,0.594727,-0.075942,0.164407,0.026913,chewing,left_chewing,86.367,l_gy,non_chewing
6046673.0,-1.240723,1.506348,-0.185547,-0.068214,0.004796,0.022383,-1.083984,-1.632813,0.616699,-0.063951,0.105253,-0.00373,chewing,left_chewing,86.367,l_gy,non_chewing
6046683.0,-1.25,1.510742,-0.169434,-0.031176,-0.016787,0.024781,-1.065918,-1.637207,0.615723,-0.042101,0.039969,-0.034907,chewing,left_chewing,86.367,l_gy,non_chewing
6046693.0,-1.262207,1.490723,-0.158203,-0.035173,-0.022383,0.04823,-1.060059,-1.626465,0.622559,-0.024781,-0.023182,-0.096459,chewing,left_chewing,86.367,l_gy,non_chewing
6046703.0,-1.268555,1.469727,-0.140625,-0.050894,-0.020784,0.045832,-1.046875,-1.634277,0.644531,0.00453,-0.061819,-0.112181,chewing,left_chewing,86.367,l_gy,non_chewing
6046713.0,-1.26709,1.479004,-0.14502,-0.058622,-0.002132,0.049296,-1.039063,-1.626953,0.643555,0.029844,-0.097792,-0.119642,chewing,left_chewing,86.367,l_gy,non_chewing
6046723.0,-1.262695,1.465332,-0.136719,-0.067948,0.017587,0.04743,-1.026855,-1.627441,0.646973,0.037038,-0.079406,-0.151617,chewing,left_chewing,86.367,l_gy,non_chewing
6046733.0,-1.261719,1.460449,-0.141113,-0.044499,0.040502,0.083136,-1.016602,-1.609375,0.649902,0.039703,-0.100456,-0.12657,chewing,left_chewing,86.367,l_gy,non_chewing
6046743.0,-1.253418,1.44873,-0.135254,-0.021051,0.045299,0.075942,-1.01709,-1.598633,0.657715,0.048763,-0.095926,-0.088466,chewing,left_chewing,86.367,l_gy,non_chewing
6046753.0,-1.253418,1.450195,-0.116699,0.028511,0.055424,0.047697,-1.005859,-1.601563,0.644531,0.031176,-0.068214,-0.071412,chewing,left_chewing,86.367,l_gy,non_chewing
6046763.0,-1.253418,1.45459,-0.101563,0.069547,0.08287,0.013856,-1.017578,-1.586914,0.599121,0.004796,-0.06102,-0.03464,chewing,left_chewing,86.367,l_gy,non_chewing
6046773.0,-1.239258,1.453613,-0.128906,0.11298,0.126303,-0.013057,-1.054688,-1.561523,0.550781,-0.053026,-0.035706,0.002931,chewing,left_chewing,86.367,l_gy,non_chewing
6046783.0,-1.24707,1.433594,-0.178711,0.151617,0.131632,-0.001066,-1.106445,-1.561035,0.540039,-0.077274,0.032242,-0.009326,chewing,left_chewing,86.367,l_gy,non_chewing
6046793.0,-1.263672,1.429688,-0.178223,0.163874,0.134564,0.014389,-1.119141,-1.59375,0.581543,-0.092462,0.083669,0.015188,chewing,left_chewing,86.367,l_gy,non_chewing
6046803.0,-1.258301,1.412109,-0.141602,0.130034,0.107651,-0.006395,-1.085449,-1.626465,0.620117,-0.074077,0.131632,0.017853,chewing,left_chewing,86.367,l_gy,non_chewing
6046813.0,-1.23291,1.430664,-0.092285,0.077008,0.095394,-0.00453,-1.04834,-1.628906,0.638184,-0.042101,0.20411,0.024248,chewing,left_chewing,86.367,l_gy,non_chewing
6046823.0,-1.217773,1.46875,-0.105957,0.018919,0.0866,0.002398,-1.066895,-1.617676,0.588379,-0.07008,0.234221,0.05276,chewing,left_chewing,86.367,l_gy,non_chewing
6046833.0,-1.209961,1.484375,-0.12207,-0.018119,0.072211,0.027712,-1.084473,-1.614746,0.537109,-0.086067,0.237152,0.055158,chewing,left_chewing,86.367,l_gy,non_chewing
6046843.0,-1.220215,1.500488,-0.168457,-0.065017,0.042368,0.033841,-1.112793,-1.620117,0.522461,-0.110049,0.205176,0.058355,chewing,left_chewing,86.367,l_gy,non_chewing
6046853.0,-1.245605,1.489258,-0.182617,-0.050894,-0.016521,0.019718,-1.102539,-1.651367,0.597656,-0.072744,0.114845,0.06555,chewing,left_chewing,86.367,l_gy,non_chewing
6046863.0,-1.253418,1.478027,-0.115723,-0.04823,-0.070879,0.021051,-1.047363,-1.668945,0.662109,0.006129,0.06475,0.033574,chewing,left_chewing,86.367,l_gy,non_chewing
6046873.0,-1.244141,1.498535,-0.087402,-0.051427,-0.072211,0.003464,-1.047852,-1.624023,0.585449,0.018386,0.049296,0.009326,chewing,left_chewing,86.367,l_gy,non_chewing
6046883.0,-1.244141,1.503906,-0.131348,-0.013856,-0.056757,0.031709,-1.09375,-1.589844,0.526855,-0.022916,-0.025314,0.032242,chewing,left_chewing,86.367,l_gy,non_chewing
6046893.0,-1.250977,1.508301,-0.196777,0.011991,-0.052493,0.042368,-1.086914,-1.610352,0.595215,0.016521,-0.0874,0.025314,chewing,left_chewing,86.367,l_gy,non_chewing
6046903.0,-1.260742,1.512207,-0.152832,0.017853,-0.020784,0.029844,-1.047363,-1.63623,0.65918,0.070879,-0.075942,-0.053026,chewing,left_chewing,86.367,l_gy,non_chewing
6046913.0,-1.239258,1.494141,-0.120605,0.043167,0.002132,0.049029,-1.013672,-1.602051,0.645996,0.107118,-0.031176,-0.103654,chewing,left_chewing,86.367,l_gy,non_chewing
6046923.0,-1.215332,1.490723,-0.107422,0.047963,0.027712,0.025047,-1.016113,-1.583496,0.621582,0.093528,0.02185,-0.126836,chewing,left_chewing,86.367,l_gy,non_chewing
6046933.0,-1.221191,1.495605,-0.119629,0.06928,0.068214,0.003198,-1.024902,-1.578125,0.574707,0.04743,0.036239,-0.118576,chewing,left_chewing,86.367,l_gy,non_chewing
6046943.0,-1.22168,1.482422,-0.143066,0.09113,0.080205,-0.004263,-1.043945,-1.558594,0.540527,0.003464,0.028511,-0.080738,chewing,left_chewing,86.367,l_gy,non_chewing
6046953.0,-1.241211,1.477539,-0.168945,0.142025,0.071945,-0.010392,-1.063477,-1.568359,0.541016,-0.034374,0.006395,-0.057023,chewing,left_chewing,86.367,l_gy,non_chewing
6046963.0,-1.245605,1.445313,-0.200195,0.168404,0.072744,-0.010392,-1.081055,-1.566895,0.555176,-0.063685,0.003464,-0.019718,chewing,left_chewing,86.367,l_gy,non_chewing
6046973.0,-1.28418,1.408203,-0.209961,0.157213,0.0874,0.000266,-1.09668,-1.588867,0.593262,-0.056757,0.000533,0.002398,chewing,left_chewing,86.367,l_gy,non_chewing
6046983.0,-1.278809,1.402344,-0.188477,0.122573,0.089531,-0.005329,-1.105469,-1.607422,0.634277,-0.063951,0.030377,0.027712,chewing,left_chewing,86.367,l_gy,non_chewing
6046993.0,-1.28418,1.399902,-0.160645,0.069014,0.107384,-0.000799,-1.090332,-1.629883,0.661133,-0.066349,0.087666,0.03917,chewing,left_chewing,86.367,l_gy,non_chewing
6047003.0,-1.276367,1.416504,-0.144043,0.067149,0.097525,0.027179,-1.076172,-1.644043,0.660645,-0.042368,0.151351,0.050894,chewing,left_chewing,86.367,l_gy,non_chewing
6047013.0,-1.257813,1.438965,-0.094727,0.005596,0.106319,0.031443,-1.025391,-1.659668,0.702637,-0.010658,0.200646,0.032775,chewing,left_chewing,86.367,l_gy,non_chewing
6047023.0,-1.242676,1.471191,-0.067383,-0.041302,0.110315,0.047697,-1.025391,-1.635742,0.643555,-0.015455,0.228358,0.041835,chewing,left_chewing,86.367,l_gy,non_chewing
6047033.0,-1.228516,1.500977,-0.121582,-0.037838,0.080472,0.038637,-1.059082,-1.614258,0.599609,-0.061553,0.216368,0.062352,chewing,left_chewing,86.367,l_gy,non_chewing
6047043.0,-1.229004,1.5,-0.159668,0.007461,0.040236,0.055691,-1.074219,-1.614258,0.59668,-0.047963,0.168671,0.06102,chewing,left_chewing,88.672,r_gy,non_chewing
6047053.0,-1.23584,1.509766,-0.146973,-0.019718,-0.016787,0.029311,-1.081055,-1.629395,0.594727,-0.024515,0.109516,0.048763,chewing,left_chewing,88.672,r_gy,non_chewing
6047063.0,-1.248535,1.504395,-0.151855,-0.00826,-0.071145,0.025847,-1.092285,-1.617188,0.605469,0.013057,0.050361,0.011991,chewing,left_chewing,88.672,r_gy,non_chewing
6047073.0,-1.250488,1.494141,-0.186035,0.009859,-0.115112,0.013856,-1.088379,-1.631836,0.654297,0.059954,-0.026646,-0.016521,chewing,left_chewing,88.672,r_gy,non_chewing
6047083.0,-1.239258,1.502441,-0.128906,-0.012257,-0.110315,0.006395,-1.048828,-1.61377,0.591797,0.062086,-0.018652,-0.059688,chewing,left_chewing,88.672,r_gy,non_chewing
6047093.0,-1.254883,1.489746,-0.192383,0.031975,-0.124172,0.027179,-1.085938,-1.619141,0.605957,0.053559,-0.09566,-0.087666,chewing,left_chewing,88.672,r_gy,non_chewing
6047103.0,-1.256348,1.489258,-0.131348,0.021051,-0.085002,0.038104,-1.003906,-1.636719,0.651855,0.076208,-0.051161,-0.116444,chewing,left_chewing,88.672,r_gy,non_chewing
6047113.0,-1.230957,1.499512,-0.146973,0.027179,-0.035706,0.041035,-1.037598,-1.572754,0.586914,0.032508,-0.00826,-0.135096,chewing,left_chewing,88.672,r_gy,non_chewing
6047123.0,-1.248047,1.480469,-0.183105,0.046631,-0.025847,0.016521,-1.037598,-1.600098,0.634766,0.031709,-0.027179,-0.114046,chewing,left_chewing,88.672,r_gy,non_chewing
6047133.0,-1.249512,1.455078,-0.152832,0.095127,-0.033841,-0.002665,-1.01416,-1.584961,0.631836,0.051427,-0.041035,-0.085801,chewing,left_chewing,88.672,r_gy,non_chewing
6047143.0,-1.243164,1.456543,-0.152344,0.181461,-0.058888,-0.020251,-1.036133,-1.566895,0.594238,-0.002132,-0.01279,-0.076208,chewing,left_chewing,88.672,r_gy,non_chewing
6047153.0,-1.256348,1.431152,-0.17627,0.231023,-0.092995,-0.056757,-1.067871,-1.575684,0.605469,-0.019985,-0.067681,-0.000266,chewing,left_chewing,88.672,r_gy,non_chewing
6047163.0,-1.275879,1.418945,-0.149414,0.236619,-0.065017,-0.047164,-1.053711,-1.59375,0.631348,-0.021051,-0.068481,0.040236,chewing,left_chewing,88.672,r_gy,non_chewing
6047173.0,-1.269531,1.404297,-0.129883,0.208374,-0.040236,-0.038904,-1.069824,-1.590332,0.608887,-0.045299,0.008793,0.046631,chewing,left_chewing,88.672,r_gy,non_chewing
6047183.0,-1.285156,1.407715,-0.143066,0.187856,-0.036239,-0.019718,-1.10791,-1.57959,0.583008,-0.092995,0.03544,0.071412,chewing,left_chewing,88.672,r_gy,non_chewing
6047193.0,-1.277344,1.404297,-0.158203,0.14842,-0.011191,0.000533,-1.118164,-1.61084,0.625488,-0.110582,0.100989,0.078606,chewing,left_chewing,88.672,r_gy,non_chewing
6047203.0,-1.255859,1.419434,-0.12793,0.084202,-0.008793,0.006395,-1.078613,-1.616211,0.640625,-0.077008,0.192119,0.069813,chewing,left_chewing,88.672,r_gy,non_chewing
6047213.0,-1.235352,1.459473,-0.161621,-0.006129,0.029311,0.018119,-1.083984,-1.611816,0.570312,-0.123639,0.253139,0.079139,chewing,left_chewing,88.672,r_gy,non_chewing
6047223.0,-1.243164,1.486816,-0.161133,-0.04743,-0.003198,0.038104,-1.10498,-1.624512,0.591797,-0.120974,0.191054,0.135096,chewing,left_chewing,88.672,r_gy,non_chewing
6047233.0,-1.224121,1.489258,-0.097656,-0.086334,-0.029844,0.00826,-1.076172,-1.663086,0.668945,-0.069813,0.119642,0.155081,chewing,left_chewing,88.672,r_gy,non_chewing
6047243.0,-1.220703,1.52832,-0.145508,-0.100723,-0.054358,-0.021583,-1.05127,-1.627441,0.615723,-0.051161,0.088732,0.142025,chewing,left_chewing,88.672,r_gy,non_chewing
6047253.0,-1.247559,1.52002,-0.202148,-0.054358,-0.092196,-0.028778,-1.099609,-1.606934,0.55127,-0.079672,0.023982,0.117243,chewing,left_chewing,88.672,r_gy,non_chewing
6047263.0,-1.254395,1.507324,-0.11084,0.017587,-0.154815,-0.060221,-1.07959,-1.648926,0.648926,-0.006395,-0.051427,0.079406,chewing,left_chewing,88.672,r_gy,non_chewing
6047273.0,-1.240234,1.51416,-0.138184,0.033041,-0.173467,-0.077274,-1.065918,-1.599609,0.570312,0.016787,-0.036239,0.01279,chewing,left_chewing,88.672,r_gy,non_chewing
6047283.0,-1.282227,1.504883,-0.182129,0.074343,-0.140159,-0.054092,-1.111816,-1.603027,0.572754,-0.015988,-0.10925,-0.001332,chewing,left_chewing,88.672,r_gy,non_chewing
6047293.0,-1.280762,1.473145,-0.11084,0.094328,-0.127902,-0.024515,-1.054199,-1.637207,0.685547,0.037838,-0.106851,-0.062619,chewing,left_chewing,88.672,r_gy,non_chewing
6047303.0,-1.256836,1.489258,-0.110352,0.088998,-0.066616,-0.03091,-1.039551,-1.61377,0.63916,0.047963,-0.028245,-0.100989,chewing,left_chewing,88.672,r_gy,non_chewing
6047313.0,-1.260254,1.479004,-0.157715,0.115645,-0.026646,-0.023449,-1.057129,-1.567871,0.580566,-0.000266,-0.011991,-0.127369,chewing,left_chewing,88.672,r_gy,non_chewing
6047323.0,-1.279785,1.449219,-0.183105,0.168671,-0.008793,-0.019985,-1.087402,-1.546387,0.571777,-0.005329,-0.032775,-0.114046,chewing,left_chewing,88.672,r_gy,non_chewing
6047333.0,-1.280762,1.430176,-0.144043,0.202778,0.002931,-0.05276,-1.063477,-1.577637,0.638672,0.015988,-0.077274,-0.072211,chewing,left_chewing,88.672,r_gy,non_chewing
6047343.0,-1.267578,1.425293,-0.101563,0.22676,0.005329,-0.05276,-1.033203,-1.588867,0.666016,0.014389,-0.076741,-0.029044,chewing,left_chewing,88.672,r_gy,non_chewing
6047353.0,-1.272949,1.431152,-0.125,0.223029,0.014389,-0.043433,-1.044434,-1.57373,0.626953,-0.028511,-0.063152,0.011991,chewing,left_chewing,88.672,r_gy,non_chewing
6047363.0,-1.280762,1.412598,-0.162109,0.226493,0.039436,-0.05276,-1.083496,-1.562988,0.572266,-0.09193,-0.029044,0.045565,chewing,left_chewing,88.672,r_gy,non_chewing
6047373.0,-1.294922,1.408203,-0.152344,0.216634,0.046098,-0.041302,-1.100586,-1.588379,0.608398,-0.074343,-0.002931,0.0874,chewing,left_chewing,88.672,r_gy,non_chewing
6047383.0,-1.280762,1.414551,-0.117676,0.175332,0.065283,-0.023182,-1.081055,-1.623047,0.638184,-0.085534,0.098591,0.067948,chewing,left_chewing,88.672,r_gy,non_chewing
6047393.0,-1.257324,1.436035,-0.129883,0.075409,0.085801,-0.010658,-1.070313,-1.62207,0.630859,-0.083136,0.174,0.051427,chewing,left_chewing,88.672,r_gy,non_chewing
6047403.0,-1.23877,1.445801,-0.119629,0.014123,0.114579,-0.032508,-1.07666,-1.62793,0.625,-0.097792,0.219032,0.06555,chewing,left_chewing,88.672,r_gy,non_chewing
6047413.0,-1.23584,1.506836,-0.154785,-0.070613,0.090597,-0.037571,-1.080566,-1.626465,0.59375,-0.103121,0.224095,0.058622,chewing,left_chewing,88.672,r_gy,non_chewing
6047423.0,-1.271484,1.46582,-0.140137,-0.038371,0.080205,0.020251,-1.075684,-1.620117,0.585449,-0.103654,0.217433,0.072478,chewing,left_chewing,88.672,r_gy,non_chewing
6047433.0,-1.243164,1.507813,-0.171387,-0.063418,-0.008793,0.000533,-1.100586,-1.605469,0.59082,-0.075675,0.155614,0.076475,chewing,left_chewing,88.672,r_gy,non_chewing
6047443.0,-1.250977,1.501953,-0.164551,-0.026646,-0.051161,-0.023449,-1.086914,-1.609863,0.606934,-0.056757,0.129501,0.055691,chewing,left_chewing,88.672,r_gy,non_chewing
6047453.0,-1.264648,1.499512,-0.157715,-0.025314,-0.055957,-0.046098,-1.07959,-1.624023,0.593262,-0.044499,0.105786,0.019452,chewing,left_chewing,88.672,r_gy,non_chewing
6047463.0,-1.277344,1.499023,-0.152832,0.005329,-0.054092,-0.028778,-1.086426,-1.609375,0.600098,-0.023182,0.070879,-0.032242,chewing,left_chewing,88.672,r_gy,non_chewing
6047473.0,-1.297363,1.48584,-0.130371,-0.003997,0.026646,0.015188,-1.069336,-1.609863,0.595215,-0.005329,0.011991,-0.039969,chewing,left_chewing,88.672,r_gy,non_chewing
6047483.0,-1.288574,1.467773,-0.14502,0.024248,0.045832,0.040769,-1.075684,-1.595703,0.604004,0.004263,-0.057023,-0.063951,chewing,left_chewing,88.672,r_gy,non_chewing
6047493.0,-1.276367,1.470215,-0.129883,0.003198,0.096193,0.031709,-1.058105,-1.605957,0.608887,0.005596,-0.068747,-0.078873,chewing,left_chewing,88.672,r_gy,non_chewing
6047503.0,-1.271973,1.461914,-0.133789,-0.022649,0.13936,0.058355,-1.040527,-1.602051,0.624023,0.025847,-0.068747,-0.089798,chewing,left_chewing,88.672,r_gy,non_chewing
6047513.0,-1.247559,1.460449,-0.120117,-0.010658,0.192919,0.066616,-1.006836,-1.597168,0.645508,0.02558,0.019718,-0.134564,chewing,left_chewing,88.672,r_gy,non_chewing
6047523.0,-1.225586,1.452148,-0.162598,0.050095,0.199847,0.07834,-1.027832,-1.577148,0.615723,-0.011191,0.104453,-0.197449,chewing,left_chewing,88.672,r_gy,non_chewing
6047533.0,-1.23291,1.445801,-0.161621,0.096726,0.165473,0.061286,-1.026855,-1.555664,0.601074,-0.019985,0.116711,-0.126037,chewing,left_chewing,88.672,r_gy,non_chewing
6047543.0,-1.236328,1.431152,-0.144531,0.132165,0.130567,0.03544,-1.052734,-1.59082,0.600098,0.00373,0.059954,-0.060487,chewing,left_chewing,88.672,r_gy,non_chewing
6047553.0,-1.248535,1.411133,-0.152832,0.167605,0.101789,0.031709,-1.0625,-1.57959,0.592285,-0.013057,0.035706,-0.008527,chewing,left_chewing,88.672,r_gy,non_chewing
6047563.0,-1.249023,1.395508,-0.157715,0.192919,0.084735,0.029577,-1.09082,-1.59082,0.59668,-0.041835,0.045832,0.019718,chewing,left_chewing,88.672,r_gy,non_chewing
6047573.0,-1.267578,1.395508,-0.138184,0.162542,0.088199,0.024515,-1.098633,-1.59668,0.612793,-0.049029,0.107651,0.029577,chewing,left_chewing,88.790,r_gy,non_chewing
6047583.0,-1.274414,1.395996,-0.150879,0.126303,0.096726,0.032242,-1.125488,-1.596191,0.610352,-0.067948,0.154548,0.039436,chewing,left_chewing,88.790,r_gy,non_chewing
6047593.0,-1.262207,1.404785,-0.151855,0.061553,0.099657,0.042634,-1.116211,-1.601563,0.60498,-0.093262,0.19585,0.070613,chewing,left_chewing,88.790,r_gy,non_chewing
6047603.0,-1.259766,1.436523,-0.146973,0.019185,0.079672,0.058089,-1.110352,-1.62207,0.601074,-0.119642,0.205176,0.127902,chewing,left_chewing,88.790,r_gy,non_chewing
6047613.0,-1.257324,1.445313,-0.140137,-0.018652,0.0429,0.070613,-1.123535,-1.632324,0.611328,-0.122573,0.212104,0.130034,chewing,left_chewing,88.790,r_gy,non_chewing
6047623.0,-1.242188,1.483398,-0.147461,-0.057023,0.013323,0.076475,-1.095703,-1.631836,0.596191,-0.099657,0.18679,0.149752,chewing,left_chewing,88.790,r_gy,non_chewing
6047633.0,-1.234863,1.495605,-0.145508,-0.083403,-0.038904,0.054891,-1.090332,-1.638672,0.590332,-0.06555,0.170536,0.103387,chewing,left_chewing,88.790,r_gy,non_chewing
6047643.0,-1.234375,1.510254,-0.130859,-0.061819,-0.108184,0.013323,-1.092773,-1.625488,0.611328,-0.025314,0.139893,0.030643,chewing,left_chewing,88.790,r_gy,non_chewing
6047653.0,-1.23877,1.504883,-0.13916,-0.042634,-0.152949,-0.001599,-1.087891,-1.629883,0.599121,0.006129,0.061286,-0.014123,chewing,left_chewing,88.790,r_gy,non_chewing
6047663.0,-1.255859,1.508301,-0.147461,0.054625,-0.205975,-0.006395,-1.081543,-1.632813,0.592285,0.047697,-0.001599,-0.067681,chewing,left_chewing,88.790,r_gy,non_chewing
6047673.0,-1.258789,1.499512,-0.133301,0.041568,-0.220364,-0.028511,-1.080078,-1.623047,0.582031,0.060487,-0.065017,-0.099124,chewing,left_chewing,88.790,r_gy,non_chewing
6047683.0,-1.26416,1.506348,-0.162598,0.036772,-0.193452,-0.030643,-1.081543,-1.595703,0.583008,0.055158,-0.087933,-0.129234,chewing,left_chewing,88.790,r_gy,non_chewing
6047693.0,-1.273438,1.48291,-0.133301,0.00826,-0.140692,0.015188,-1.070801,-1.592773,0.610352,0.033841,-0.096193,-0.135629,chewing,left_chewing,88.790,r_gy,non_chewing
6047703.0,-1.272461,1.468262,-0.147949,-0.016521,-0.059954,0.043167,-1.054199,-1.58252,0.620605,0.022649,-0.079939,-0.110049,chewing,left_chewing,88.790,r_gy,non_chewing
6047713.0,-1.267578,1.46582,-0.147949,-0.002931,0.005862,0.038904,-1.022461,-1.588867,0.628418,0.049029,-0.055691,-0.104453,chewing,left_chewing,88.790,r_gy,non_chewing
6047723.0,-1.27002,1.452637,-0.124512,0.0874,-0.006928,0.018919,-1.039551,-1.585449,0.592773,0.026113,-0.015188,-0.125237,chewing,left_chewing,88.790,r_gy,non_chewing
6047733.0,-1.272461,1.445313,-0.140137,0.106052,0.019185,-0.011991,-1.049316,-1.572754,0.588867,0.038371,-0.030643,-0.077541,chewing,left_chewing,88.790,r_gy,non_chewing
6047743.0,-1.257324,1.445801,-0.143066,0.147354,0.058355,-0.025047,-1.041504,-1.592285,0.59082,0.002931,-0.006662,-0.059155,chewing,left_chewing,88.790,r_gy,non_chewing
6047753.0,-1.259766,1.432129,-0.14209,0.15668,0.110582,-0.058622,-1.060059,-1.603027,0.591309,0.001865,0.010925,-0.058888,chewing,left_chewing,88.790,r_gy,non_chewing
6047763.0,-1.277344,1.41748,-0.127441,0.172135,0.152949,-0.034374,-1.083984,-1.573242,0.608887,-0.027712,0.025047,0.032242,chewing,left_chewing,88.790,r_gy,non_chewing
6047773.0,-1.265137,1.413574,-0.133789,0.170802,0.163608,-0.011458,-1.086426,-1.583984,0.612305,-0.039436,0.055957,0.048763,chewing,left_chewing,88.790,r_gy,non_chewing
6047783.0,-1.249512,1.404785,-0.132324,0.134564,0.150018,-0.008527,-1.087402,-1.591797,0.594727,-0.038371,0.116977,0.054092,chewing,left_chewing,88.790,r_gy,non_chewing
6047793.0,-1.250488,1.418457,-0.164062,0.069547,0.129501,-0.01279,-1.102051,-1.604004,0.60498,-0.095394,0.156946,0.101789,chewing,left_chewing,88.790,r_gy,non_chewing
6047803.0,-1.255859,1.418457,-0.143555,0.010658,0.089531,-0.007194,-1.098633,-1.63623,0.643555,-0.079939,0.185724,0.122306,chewing,left_chewing,88.790,r_gy,non_chewing
6047813.0,-1.242188,1.459961,-0.146484,-0.070613,0.053026,0.011458,-1.102539,-1.635742,0.615723,-0.085268,0.215302,0.128435,chewing,left_chewing,88.790,r_gy,non_chewing
6047823.0,-1.248535,1.46875,-0.143066,-0.096992,0.052227,0.020518,-1.110352,-1.654785,0.601074,-0.0866,0.263798,0.119642,chewing,left_chewing,88.790,r_gy,non_chewing
6047833.0,-1.269043,1.484375,-0.141602,-0.112181,0.02185,0.014123,-1.116211,-1.644043,0.584473,-0.077008,0.267528,0.083936,chewing,left_chewing,88.790,r_gy,non_chewing
6047843.0,-1.263672,1.496094,-0.152832,-0.085801,0.02185,0.005329,-1.107422,-1.623535,0.587891,-0.053559,0.224628,0.009326,chewing,left_chewing,88.790,r_gy,non_chewing
6047853.0,-1.258789,1.498535,-0.147461,-0.027979,-0.010658,0.020518,-1.089355,-1.599609,0.60791,-0.041302,0.171602,-0.0429,chewing,left_chewing,88.790,r_gy,non_chewing
6047863.0,-1.251953,1.493164,-0.136719,-0.031975,-0.011191,0.00906,-1.07373,-1.606445,0.609375,-0.019185,0.105253,-0.097792,chewing,left_chewing,88.790,r_gy,non_chewing
6047873.0,-1.260742,1.486816,-0.15332,-0.026646,-0.020251,-0.001599,-1.06543,-1.589844,0.595703,-0.018386,0.026113,-0.116444,chewing,left_chewing,88.790,r_gy,non_chewing
6047883.0,-1.252441,1.48584,-0.157715,-0.019185,-0.027979,-0.007461,-1.055664,-1.599609,0.62207,-0.003997,-0.031176,-0.10845,chewing,left_chewing,88.790,r_gy,non_chewing
6047893.0,-1.262207,1.475098,-0.147949,0.010658,-0.049562,-0.006395,-1.046875,-1.604492,0.609375,0.016787,-0.028778,-0.12657,chewing,left_chewing,88.790,r_gy,non_chewing
6047903.0,-1.259766,1.474121,-0.154785,0.039436,-0.038904,0.011724,-1.04834,-1.581543,0.580566,-0.007994,-0.005862,-0.120974,chewing,left_chewing,88.790,r_gy,non_chewing
6047913.0,-1.279785,1.458984,-0.157227,0.096992,-0.031975,0.029844,-1.060547,-1.583008,0.600586,-0.014922,0.018386,-0.096459,chewing,left_chewing,88.790,r_gy,non_chewing
6047923.0,-1.286621,1.450195,-0.154785,0.167871,-0.01359,0.008527,-1.050293,-1.572754,0.612305,-0.029044,0.05649,-0.075675,chewing,left_chewing,88.790,r_gy,non_chewing
6047933.0,-1.287109,1.437012,-0.146484,0.227026,0.036239,-0.005329,-1.039551,-1.563477,0.605469,-0.036505,0.06475,-0.039703,chewing,left_chewing,88.790,r_gy,non_chewing
6047943.0,-1.289551,1.416504,-0.154785,0.248077,0.081005,-0.003464,-1.043945,-1.563477,0.602051,-0.051161,0.070613,-0.003464,chewing,left_chewing,88.790,r_gy,non_chewing
6047953.0,-1.276367,1.400879,-0.14502,0.229957,0.112181,-0.006395,-1.069336,-1.569824,0.601074,-0.0429,0.074609,-0.000266,chewing,left_chewing,88.790,r_gy,non_chewing
6047963.0,-1.272949,1.390625,-0.139648,0.197982,0.12204,0.009326,-1.097168,-1.566895,0.611816,-0.054358,0.108184,0.007461,chewing,left_chewing,88.790,r_gy,non_chewing
6047973.0,-1.262695,1.391602,-0.14502,0.151351,0.113513,0.004263,-1.103516,-1.587402,0.612793,-0.078074,0.158279,-0.006662,chewing,left_chewing,88.790,r_gy,non_chewing
6047983.0,-1.251953,1.397949,-0.14502,0.116711,0.067681,0.034907,-1.106934,-1.60498,0.613281,-0.096992,0.228891,-0.008793,chewing,left_chewing,88.790,r_gy,non_chewing
6047993.0,-1.254883,1.415039,-0.162598,0.06555,0.003198,0.040502,-1.103027,-1.630371,0.594727,-0.111648,0.245412,0.042101,chewing,left_chewing,88.790,r_gy,non_chewing
6048003.0,-1.243652,1.44043,-0.154297,0.01279,-0.036772,0.045565,-1.102539,-1.641602,0.598145,-0.110582,0.242214,0.06102,chewing,left_chewing,88.790,r_gy,non_chewing
6048013.0,-1.251465,1.458008,-0.159668,0.003997,-0.060221,0.049029,-1.097656,-1.647949,0.568359,-0.1311,0.236885,0.068481,chewing,left_chewing,88.790,r_gy,non_chewing
6048023.0,-1.253906,1.481445,-0.145508,-0.00453,-0.080472,0.029844,-1.119629,-1.623535,0.585937,-0.066349,0.281917,0.019718,chewing,left_chewing,88.790,r_gy,non_chewing
6048033.0,-1.263184,1.506348,-0.15918,-0.000799,-0.076208,0.014655,-1.098633,-1.610352,0.59668,-0.045299,0.2169,0.0,chewing,left_chewing,88.790,r_gy,non_chewing
6048043.0,-1.264648,1.511719,-0.13916,0.006662,-0.068214,-0.007194,-1.094727,-1.616699,0.585937,-0.022383,0.177198,-0.01359,chewing,left_chewing,88.790,r_gy,non_chewing
6048053.0,-1.260254,1.505371,-0.149414,0.017587,-0.054358,-0.011724,-1.081055,-1.615234,0.587891,0.014655,0.147887,-0.071145,chewing,left_chewing,88.790,r_gy,non_chewing
6048063.0,-1.231445,1.514648,-0.151367,0.018919,-0.03011,-0.046631,-1.07666,-1.614746,0.598145,0.011458,0.139093,-0.135629,chewing,left_chewing,88.790,r_gy,non_chewing
6048073.0,-1.240723,1.496094,-0.146973,0.027179,-0.015455,-0.050095,-1.064941,-1.629395,0.576172,0.006395,0.098591,-0.167072,chewing,left_chewing,88.790,r_gy,non_chewing
6048083.0,-1.239746,1.493164,-0.134277,0.041302,0.0,-0.037571,-1.061035,-1.624023,0.57666,0.031176,0.057822,-0.15668,chewing,left_chewing,88.790,r_gy,non_chewing
6048093.0,-1.237305,1.489258,-0.156738,0.053292,-0.000799,-0.050628,-1.062012,-1.628906,0.577637,0.035173,0.041035,-0.183326,chewing,left_chewing,88.790,r_gy,non_chewing
6048103.0,-1.25,1.456055,-0.150879,0.115645,-0.024248,-0.07008,-1.073242,-1.606445,0.572754,0.046364,0.031443,-0.207574,chewing,left_chewing,88.565,r_gy,non_chewing
6048113.0,-1.282227,1.433594,-0.142578,0.169204,-0.060221,-0.11298,-1.100098,-1.592285,0.578125,0.05276,-0.033574,-0.211305,chewing,left_chewing,88.565,r_gy,non_chewing
6048123.0,-1.282715,1.420898,-0.165039,0.197982,-0.066616,-0.128968,-1.092773,-1.569824,0.595703,0.02638,-0.109783,-0.169204,chewing,left_chewing,88.565,r_gy,non_chewing
6048133.0,-1.291992,1.403809,-0.162598,0.260067,-0.034907,-0.120441,-1.078613,-1.561523,0.599121,0.014922,-0.098591,-0.160677,chewing,left_chewing,88.565,r_gy,non_chewing
6048143.0,-1.316895,1.363281,-0.146484,0.216101,-0.010392,-0.12124,-1.095215,-1.543457,0.601562,0.01279,-0.106851,-0.136162,chewing,left_chewing,88.565,r_gy,non_chewing
6048153.0,-1.322266,1.353027,-0.149414,0.159078,0.037571,-0.087133,-1.083008,-1.54834,0.600586,0.01359,-0.06102,-0.119908,chewing,left_chewing,88.565,r_gy,non_chewing
6048163.0,-1.319824,1.360352,-0.165527,0.024515,0.092729,-0.044233,-1.113281,-1.575684,0.59375,-0.026113,-0.007727,-0.087133,chewing,left_chewing,88.565,r_gy,non_chewing
6048173.0,-1.318848,1.359863,-0.171387,-0.024515,0.064484,0.013057,-1.151367,-1.591797,0.594727,-0.045832,-0.040769,-0.033308,chewing,left_chewing,88.565,r_gy,non_chewing
6048183.0,-1.300781,1.382324,-0.153809,-0.050628,0.025847,0.014389,-1.125977,-1.638184,0.575684,-0.117243,-0.057556,0.058089,chewing,left_chewing,88.565,r_gy,non_chewing
6048193.0,-1.288574,1.420898,-0.172852,0.03464,-0.0437,0.049029,-1.086914,-1.641113,0.583008,-0.131632,-0.046897,0.082603,chewing,left_chewing,88.565,r_gy,non_chewing
6048203.0,-1.260254,1.456055,-0.179199,0.14762,-0.185724,0.090331,-1.080078,-1.625488,0.602051,-0.164407,-0.023715,0.091397,chewing,left_chewing,88.565,r_gy,non_chewing
6048213.0,-1.253418,1.50293,-0.14502,0.203844,-0.236885,0.070879,-1.056152,-1.638672,0.605469,-0.148686,0.060221,0.033574,chewing,left_chewing,88.565,r_gy,non_chewing
6048223.0,-1.259766,1.509277,-0.136719,0.202245,-0.224894,0.059155,-1.055176,-1.626465,0.59668,-0.134031,0.103654,-0.033841,chewing,left_chewing,88.565,r_gy,non_chewing
6048233.0,-1.268555,1.515625,-0.164062,0.195051,-0.209173,0.034374,-1.061035,-1.631836,0.593262,-0.102855,0.071412,-0.095394,chewing,left_chewing,88.565,r_gy,non_chewing
6048243.0,-1.294922,1.506348,-0.143555,0.174,-0.202511,0.022383,-1.049805,-1.627441,0.609863,-0.078606,-0.014389,-0.131899,chewing,left_chewing,88.565,r_gy,non_chewing
6048253.0,-1.31543,1.481934,-0.14502,0.1303,-0.163341,0.052227,-1.061523,-1.640625,0.601562,-0.041568,-0.102588,-0.114312,chewing,left_chewing,88.565,r_gy,non_chewing
6048263.0,-1.3125,1.474609,-0.146973,0.054092,-0.10019,0.062086,-1.050781,-1.637695,0.601562,-0.015988,-0.174799,-0.110049,chewing,left_chewing,88.565,r_gy,non_chewing
6048273.0,-1.312988,1.469238,-0.146973,0.006928,0.005063,0.092729,-1.039551,-1.642578,0.617187,-0.015455,-0.20944,-0.146288,chewing,left_chewing,88.565,r_gy,non_chewing
6048283.0,-1.302246,1.45752,-0.141113,-0.007194,0.069014,0.107118,-1.04248,-1.633789,0.59668,-0.001599,-0.207574,-0.176398,chewing,left_chewing,88.565,r_gy,non_chewing
6048293.0,-1.289063,1.462402,-0.133301,-0.022916,0.136429,0.105519,-1.041016,-1.618164,0.580566,-0.011724,-0.165473,-0.268328,chewing,left_chewing,88.565,r_gy,non_chewing
6048303.0,-1.279297,1.44873,-0.148926,0.001332,0.170536,0.145755,-1.02002,-1.613281,0.602539,-0.029044,-0.088199,-0.363455,chewing,left_chewing,88.565,r_gy,non_chewing
6048313.0,-1.256836,1.458008,-0.146484,0.029044,0.148686,0.13936,-1.028809,-1.56543,0.59375,-0.046364,-0.062619,-0.398361,chewing,left_chewing,88.565,r_gy,non_chewing
6048323.0,-1.262695,1.455566,-0.149902,0.093528,0.155881,0.135363,-1.011719,-1.56543,0.594727,-0.038904,-0.144156,-0.254738,chewing,left_chewing,88.565,r_gy,non_chewing
6048333.0,-1.252441,1.445313,-0.161621,0.110848,0.144689,0.117776,-1.015625,-1.582031,0.594238,-0.07381,-0.157746,-0.210505,chewing,left_chewing,88.565,r_gy,non_chewing
6048343.0,-1.26709,1.418457,-0.168457,0.156413,0.14842,0.096193,-1.035156,-1.560547,0.592773,-0.115112,-0.200646,-0.031443,chewing,left_chewing,88.565,r_gy,non_chewing
6048353.0,-1.274414,1.385742,-0.147461,0.153749,0.195051,0.111648,-1.04834,-1.588867,0.592773,-0.136695,-0.151617,-0.015721,chewing,left_chewing,88.565,r_gy,non_chewing
6048363.0,-1.271484,1.376465,-0.152344,0.127103,0.223029,0.109783,-1.074707,-1.597656,0.609863,-0.196916,-0.124172,0.001865,chewing,left_chewing,88.565,r_gy,non_chewing
6048373.0,-1.274902,1.394043,-0.131348,0.074876,0.247277,0.119109,-1.079102,-1.598145,0.581055,-0.245412,-0.023715,0.020251,chewing,left_chewing,88.565,r_gy,non_chewing
6048383.0,-1.277832,1.393555,-0.137695,0.049296,0.246211,0.131899,-1.125977,-1.623535,0.591309,-0.344003,0.066349,0.066616,chewing,left_chewing,88.565,r_gy,non_chewing
6048393.0,-1.276855,1.410645,-0.144531,-0.044233,0.27419,0.134564,-1.029297,-1.617188,0.592285,-0.439397,0.06928,0.136429,chewing,left_chewing,88.565,r_gy,non_chewing
6048403.0,-1.257813,1.444336,-0.142578,-0.072478,0.243547,0.179063,-1.11084,-1.633301,0.581055,-0.32615,0.140159,0.124438,chewing,left_chewing,88.565,r_gy,non_chewing
6048413.0,-1.272949,1.459961,-0.149902,-0.150818,0.22143,0.207574,-1.03125,-1.655273,0.601074,-0.294708,0.18679,0.088998,chewing,left_chewing,88.565,r_gy,non_chewing
6048423.0,-1.231934,1.510254,-0.14502,-0.218499,0.220631,0.20491,-1.067871,-1.662109,0.587891,-0.208907,0.207041,0.050894,chewing,left_chewing,88.565,r_gy,non_chewing
6048433.0,-1.248535,1.497559,-0.138672,-0.222496,0.177464,0.160144,-1.04834,-1.662598,0.567871,-0.179862,0.115645,0.075675,chewing,left_chewing,88.565,r_gy,non_chewing
6048443.0,-1.245605,1.512207,-0.135254,-0.273657,0.179329,0.132965,-1.077148,-1.638184,0.566406,-0.132965,0.093262,0.021583,chewing,left_chewing,88.565,r_gy,non_chewing
6048453.0,-1.253418,1.518555,-0.133789,-0.311495,0.215302,0.142824,-1.050293,-1.640137,0.563477,-0.073277,0.002132,0.014922,chewing,left_chewing,88.565,r_gy,non_chewing
6048463.0,-1.26416,1.506836,-0.152344,-0.344536,0.234487,0.13936,-1.052246,-1.639648,0.571777,-0.033574,-0.069014,-0.00826,chewing,left_chewing,88.565,r_gy,non_chewing
6048473.0,-1.236816,1.525879,-0.138184,-0.330946,0.28325,0.129234,-1.046387,-1.646484,0.570312,0.002132,-0.071412,-0.070879,chewing,left_chewing,88.565,r_gy,non_chewing
6048483.0,-1.201172,1.54541,-0.138672,-0.189721,0.304034,0.133231,-1.046387,-1.637695,0.567871,0.022649,-0.03091,-0.135363,chewing,left_chewing,88.565,r_gy,non_chewing
6048493.0,-1.213867,1.516113,-0.146484,-0.13936,0.275256,0.050628,-1.044434,-1.605957,0.57373,0.033841,0.008793,-0.20491,chewing,left_chewing,88.565,r_gy,non_chewing
6048503.0,-1.223633,1.487305,-0.141113,-0.022116,0.281651,0.076208,-1.025879,-1.594727,0.575195,0.037571,0.02638,-0.216634,chewing,left_chewing,88.565,r_gy,non_chewing
6048513.0,-1.21582,1.454102,-0.151855,0.074876,0.218766,0.07834,-1.012695,-1.574707,0.581543,0.049029,0.047963,-0.192386,chewing,left_chewing,88.565,r_gy,non_chewing
6048523.0,-1.197266,1.447266,-0.148926,0.162276,0.162009,0.06555,-1.005371,-1.58252,0.570312,0.038371,0.015188,-0.124438,chewing,left_chewing,88.565,r_gy,non_chewing
6048533.0,-1.192383,1.44043,-0.160645,0.205443,0.114579,0.044499,-0.99707,-1.600586,0.581543,0.032508,0.036505,-0.092729,chewing,left_chewing,88.565,r_gy,non_chewing
6048543.0,-1.194824,1.413574,-0.156738,0.239816,0.082337,0.034374,-1.004395,-1.609863,0.567383,0.022116,0.076208,-0.033841,chewing,left_chewing,88.565,r_gy,non_chewing
6048553.0,-1.217773,1.40918,-0.15332,0.268861,0.049296,0.026913,-1.039551,-1.613281,0.581055,0.011991,0.113779,0.011458,chewing,left_chewing,88.565,r_gy,non_chewing
6048563.0,-1.221191,1.421875,-0.154785,0.285115,-0.006395,0.024781,-1.078613,-1.610352,0.576172,-0.035173,0.14762,0.085002,chewing,left_chewing,88.565,r_gy,non_chewing
6048573.0,-1.192383,1.42627,-0.160156,0.267795,-0.004796,0.013856,-1.074707,-1.613281,0.578613,-0.076475,0.213436,0.1311,chewing,left_chewing,88.565,r_gy,non_chewing
6048583.0,-1.269531,1.401855,-0.156738,0.236352,0.011458,-0.069014,-1.061035,-1.617188,0.571289,-0.108983,0.323485,0.131899,chewing,left_chewing,88.565,r_gy,non_chewing
6048593.0,-1.246582,1.416992,-0.151855,0.209173,-0.012257,0.029577,-1.059082,-1.637207,0.572754,-0.085801,0.385838,0.108983,chewing,left_chewing,88.565,r_gy,non_chewing
6048603.0,-1.250488,1.441406,-0.135254,0.142291,-0.029044,0.002931,-1.05127,-1.63623,0.539062,-0.096992,0.358658,0.131366,chewing,left_chewing,88.565,r_gy,non_chewing
6048613.0,-1.247559,1.453125,-0.172363,0.049029,-0.03917,0.012524,-1.076172,-1.652832,0.567871,-0.086334,0.310962,0.13936,chewing,left_chewing,88.565,r_gy,non_chewing
6048623.0,-1.248535,1.467285,-0.161133,-0.026913,-0.080738,0.058622,-1.080078,-1.655273,0.574219,-0.065816,0.261666,0.146554,chewing,left_chewing,88.565,r_gy,non_chewing
6048633.0,-1.219238,1.504883,-0.168457,-0.111115,-0.126303,0.0429,-1.09668,-1.65918,0.570312,-0.022916,0.228891,0.085268,chewing,left_chewing,88.497,r_gy,non_chewing
6048643.0,-1.228516,1.52832,-0.162598,-0.126037,-0.182793,0.049562,-1.088867,-1.67041,0.574707,0.027979,0.206242,0.047963,chewing,left_chewing,88.497,r_gy,non_chewing
6048653.0,-1.233398,1.540527,-0.149414,-0.109516,-0.208374,0.038371,-1.073242,-1.675293,0.567871,0.052493,0.194518,-0.047164,chewing,left_chewing,88.497,r_gy,non_chewing
6048663.0,-1.237305,1.544922,-0.144531,-0.053292,-0.249142,-0.024781,-1.070313,-1.661621,0.569336,0.069014,0.123905,-0.06475,chewing,left_chewing,88.497,r_gy,non_chewing
6048673.0,-1.259766,1.538574,-0.173828,0.016254,-0.254738,-0.05276,-1.056152,-1.647461,0.558594,0.07008,0.050095,-0.106052,chewing,left_chewing,88.497,r_gy,non_chewing
6048683.0,-1.266602,1.530762,-0.178223,0.058622,-0.216101,-0.049828,-1.044922,-1.641602,0.567871,0.059421,-0.007194,-0.123905,chewing,left_chewing,88.497,r_gy,non_chewing
6048693.0,-1.273926,1.508789,-0.15918,0.120708,-0.161476,-0.023449,-1.040527,-1.630371,0.580566,0.070879,-0.042634,-0.160943,chewing,left_chewing,88.497,r_gy,non_chewing
6048703.0,-1.26123,1.495605,-0.130371,0.152683,-0.104187,-0.033308,-1.030762,-1.597656,0.584473,0.10019,-0.056224,-0.175865,chewing,left_chewing,88.497,r_gy,non_chewing
6048713.0,-1.26123,1.486816,-0.144531,0.197715,-0.031975,-0.038637,-1.026855,-1.57666,0.547852,0.105519,-0.032242,-0.173734,chewing,left_chewing,88.497,r_gy,non_chewing
6048723.0,-1.258789,1.475098,-0.181152,0.255538,0.020251,-0.05649,-1.040527,-1.591797,0.564453,0.09113,-0.007727,-0.168671,chewing,left_chewing,88.497,r_gy,non_chewing
6048733.0,-1.263184,1.461426,-0.152832,0.285914,0.066083,-0.071412,-1.030273,-1.594238,0.576172,0.074343,0.035972,-0.14842,chewing,left_chewing,88.497,r_gy,non_chewing
6048743.0,-1.25293,1.430176,-0.147949,0.313893,0.084469,-0.075409,-1.05957,-1.598145,0.583496,0.063685,0.043433,-0.106851,chewing,left_chewing,88.497,r_gy,non_chewing
6048753.0,-1.249512,1.405273,-0.15918,0.303767,0.089798,-0.084735,-1.087891,-1.602539,0.546387,0.106585,0.031975,-0.096193,chewing,left_chewing,88.497,r_gy,non_chewing
6048763.0,-1.259277,1.385254,-0.178711,0.285914,0.102055,-0.062885,-1.104492,-1.589355,0.600586,-0.024781,0.106585,0.002398,chewing,left_chewing,88.497,r_gy,non_chewing
6048773.0,-1.264648,1.384277,-0.172363,0.20491,0.111648,-0.049029,-1.108398,-1.604004,0.598145,-0.04743,0.14309,0.036505,chewing,left_chewing,88.497,r_gy,non_chewing
6048783.0,-1.276367,1.383301,-0.164062,0.104986,0.150018,-0.018919,-1.077637,-1.622559,0.574707,-0.062086,0.187057,0.090597,chewing,left_chewing,88.497,r_gy,non_chewing
6048793.0,-1.259766,1.402344,-0.185059,0.043966,0.140426,-0.005862,-1.062012,-1.637695,0.553711,-0.086867,0.195583,0.148953,chewing,left_chewing,88.497,r_gy,non_chewing
6048803.0,-1.26416,1.411621,-0.16748,-0.013057,0.137495,-0.007994,-1.058105,-1.655273,0.568848,-0.082337,0.194251,0.159611,chewing,left_chewing,88.497,r_gy,non_chewing
6048813.0,-1.265625,1.435059,-0.162598,-0.077807,0.111648,0.013856,-1.062988,-1.65332,0.590332,-0.049828,0.136429,0.184392,chewing,left_chewing,88.497,r_gy,non_chewing
6048823.0,-1.237305,1.470703,-0.178711,-0.119375,0.058355,0.034907,-1.02002,-1.629395,0.566895,-0.063152,0.057289,0.229957,chewing,left_chewing,88.497,r_gy,non_chewing
6048833.0,-1.250977,1.47998,-0.178711,-0.150818,0.024515,0.057023,-1.112793,-1.633301,0.603027,-0.043167,0.027979,0.097525,chewing,left_chewing,88.497,r_gy,non_chewing
6048843.0,-1.245117,1.482422,-0.142578,-0.154015,-0.036505,0.061553,-1.094727,-1.638672,0.59375,0.005063,0.001066,0.005596,chewing,left_chewing,88.497,r_gy,non_chewing
6048853.0,-1.23584,1.497559,-0.180176,-0.157479,-0.059688,0.07008,-1.058594,-1.62207,0.543945,-0.008793,0.010126,-0.027446,chewing,left_chewing,88.497,r_gy,non_chewing
6048863.0,-1.253906,1.481445,-0.181641,-0.14842,-0.117776,0.038637,-1.089355,-1.643066,0.612305,0.001066,-0.047963,-0.047697,chewing,left_chewing,88.497,r_gy,non_chewing
6048873.0,-1.287598,1.465332,-0.143066,-0.132165,-0.115645,0.045832,-1.043457,-1.629883,0.599609,0.03011,-0.089531,-0.061819,chewing,left_chewing,88.497,r_gy,non_chewing
6048883.0,-1.23877,1.50293,-0.157715,-0.081804,-0.107917,0.119908,-1.053711,-1.597656,0.540039,0.014655,-0.099657,-0.077008,chewing,left_chewing,88.497,r_gy,non_chewing
6048893.0,-1.271973,1.471191,-0.1875,-0.018119,-0.076208,0.043966,-1.056152,-1.611328,0.588867,0.033308,-0.116178,-0.100723,chewing,left_chewing,88.497,r_gy,non_chewing
6048903.0,-1.257813,1.472168,-0.186523,0.152683,-0.112714,0.072744,-1.005371,-1.602051,0.611328,0.057289,-0.090597,-0.108983,chewing,left_chewing,88.497,r_gy,non_chewing
6048913.0,-1.272949,1.452637,-0.152832,0.154815,-0.036239,-0.040502,-1.035156,-1.569824,0.563477,0.003464,-0.062619,-0.07834,chewing,left_chewing,88.497,r_gy,non_chewing
6048923.0,-1.225098,1.466309,-0.154785,0.272325,-0.023982,-0.071945,-1.043457,-1.577148,0.566895,-0.038637,-0.058888,-0.028778,chewing,left_chewing,88.497,r_gy,non_chewing
6048933.0,-1.254395,1.443848,-0.165527,0.321354,0.029044,-0.083136,-1.05127,-1.591797,0.57666,-0.050628,-0.062352,0.018652,chewing,left_chewing,88.497,r_gy,non_chewing
6048943.0,-1.262695,1.409668,-0.162598,0.346401,0.028511,-0.073011,-1.068359,-1.591797,0.586426,-0.094594,-0.045565,0.065816,chewing,left_chewing,88.497,r_gy,non_chewing
6048953.0,-1.265137,1.396973,-0.165039,0.292309,0.06102,-0.077274,-1.078125,-1.594727,0.595215,-0.108717,0.000533,0.08207,chewing,left_chewing,88.497,r_gy,non_chewing
6048963.0,-1.287598,1.385254,-0.161621,0.223562,0.087933,-0.065816,-1.071289,-1.611328,0.581055,-0.119375,0.083136,0.108184,chewing,left_chewing,88.497,r_gy,non_chewing
6048973.0,-1.261719,1.404297,-0.154785,0.133764,0.106585,-0.046364,-1.054688,-1.618652,0.568359,-0.137495,0.172668,0.127103,chewing,left_chewing,88.497,r_gy,non_chewing
6048983.0,-1.246094,1.423828,-0.162598,0.054891,0.117776,-0.027979,-1.049805,-1.644531,0.563965,-0.135096,0.234487,0.149219,chewing,left_chewing,88.497,r_gy,non_chewing
6048993.0,-1.25,1.448242,-0.146973,-0.014389,0.095127,-0.033308,-1.057129,-1.655273,0.562012,-0.123639,0.243547,0.173467,chewing,left_chewing,88.497,r_gy,non_chewing
6049003.0,-1.238281,1.475098,-0.151367,-0.063685,0.065816,-0.037038,-1.06543,-1.664063,0.555176,-0.112714,0.231023,0.166806,chewing,left_chewing,88.497,r_gy,non_chewing
6049013.0,-1.23584,1.492676,-0.13916,-0.092196,0.039436,-0.022383,-1.067383,-1.660156,0.544922,-0.089265,0.203311,0.116178,chewing,left_chewing,88.497,r_gy,non_chewing
6049023.0,-1.233398,1.50293,-0.164551,-0.107917,0.008527,-0.003198,-1.08252,-1.653809,0.562988,-0.059155,0.142824,0.078873,chewing,left_chewing,88.497,r_gy,non_chewing
6049033.0,-1.234375,1.51709,-0.148926,-0.12204,-0.011724,0.002931,-1.089355,-1.642578,0.560059,-0.043167,0.059421,0.054625,chewing,left_chewing,88.497,r_gy,non_chewing
6049043.0,-1.239258,1.51123,-0.166992,-0.134564,-0.018919,0.010126,-1.103516,-1.648438,0.573242,-0.023715,0.003464,0.00373,chewing,left_chewing,88.497,r_gy,non_chewing
6049053.0,-1.246582,1.503418,-0.158691,-0.133231,-0.025047,0.021317,-1.090332,-1.63916,0.575684,0.002665,-0.041835,-0.037838,chewing,left_chewing,88.497,r_gy,non_chewing
6049063.0,-1.253418,1.511719,-0.146973,-0.096193,-0.054358,0.02558,-1.063965,-1.629395,0.569336,0.009593,-0.067415,-0.059155,chewing,left_chewing,88.497,r_gy,non_chewing
6049073.0,-1.251953,1.499023,-0.169434,-0.059954,-0.065283,0.005063,-1.040527,-1.631348,0.570801,0.025847,-0.059688,-0.094861,chewing,left_chewing,88.497,r_gy,non_chewing
6049083.0,-1.249023,1.490723,-0.144043,-0.036772,-0.04743,-0.007994,-1.04541,-1.615723,0.557617,0.041302,-0.046098,-0.102855,chewing,left_chewing,88.497,r_gy,non_chewing
6049093.0,-1.246582,1.475586,-0.161621,0.020518,-0.009859,-0.021051,-1.050293,-1.600098,0.57373,0.041568,-0.045832,-0.10019,chewing,left_chewing,88.497,r_gy,non_chewing
6049103.0,-1.25293,1.463867,-0.149902,0.099923,0.002665,-0.05649,-1.050781,-1.584473,0.574707,0.021317,-0.052227,-0.077274,chewing,left_chewing,88.497,r_gy,non_chewing
6049113.0,-1.265137,1.441895,-0.154297,0.165207,0.012257,-0.0874,-1.049805,-1.572754,0.572754,0.010925,-0.040769,-0.040236,chewing,left_chewing,88.497,r_gy,non_chewing
6049123.0,-1.28125,1.410645,-0.161621,0.23049,0.001599,-0.092462,-1.055664,-1.568848,0.57373,-0.016254,-0.04823,0.00373,chewing,left_chewing,88.497,r_gy,non_chewing
6049133.0,-1.283691,1.394531,-0.163086,0.285381,-0.011458,-0.104187,-1.068359,-1.554199,0.571777,-0.055158,-0.033574,0.058622,chewing,left_chewing,88.497,r_gy,non_chewing
6049143.0,-1.291992,1.370605,-0.155273,0.297905,0.002931,-0.074077,-1.092285,-1.56543,0.577148,-0.080738,0.005329,0.071412,chewing,left_chewing,88.497,r_gy,non_chewing
6049153.0,-1.297852,1.38623,-0.164551,0.264597,0.007461,-0.045832,-1.099121,-1.591309,0.585937,-0.090597,0.07834,0.082603,chewing,left_chewing,88.497,r_gy,non_chewing
6049163.0,-1.296875,1.38623,-0.168457,0.201979,0.058355,-0.005329,-1.080078,-1.614258,0.575195,-0.075409,0.156413,0.127103,chewing,left_chewing,88.734,l_gx,non_chewing
6049173.0,-1.277832,1.400391,-0.157715,0.143623,0.084735,0.025047,-1.085938,-1.634277,0.559082,-0.067415,0.198781,0.152949,chewing,left_chewing,88.734,l_gx,non_chewing
6049183.0,-1.275879,1.424316,-0.15918,0.072211,0.088998,0.032508,-1.110352,-1.641113,0.552246,-0.074876,0.203311,0.166539,chewing,left_chewing,88.734,l_gx,non_chewing
6049193.0,-1.25293,1.460938,-0.160645,0.023182,0.041835,0.045299,-1.101563,-1.621582,0.565918,-0.144689,0.141225,0.127902,chewing,left_chewing,88.734,l_gx,non_chewing
6049203.0,-1.259277,1.486816,-0.175781,0.019452,-0.034907,0.045565,-1.145996,-1.634277,0.588867,-0.213703,0.083936,0.179596,chewing,left_chewing,88.734,l_gx,non_chewing
6049213.0,-1.269043,1.502441,-0.17627,0.051161,-0.091663,0.058622,-1.128418,-1.619141,0.583496,-0.085268,0.096459,0.06555,chewing,left_chewing,88.734,l_gx,non_chewing
6049223.0,-1.279785,1.504883,-0.202637,0.058622,-0.124971,0.076475,-1.09082,-1.617676,0.597656,-0.092995,0.007727,0.075142,chewing,left_chewing,88.734,l_gx,non_chewing
6049233.0,-1.285156,1.503418,-0.189453,0.051694,-0.164407,0.067948,-1.086914,-1.602539,0.580566,-0.078074,-0.049828,0.091663,chewing,left_chewing,88.734,l_gx,non_chewing
6049243.0,-1.287109,1.501465,-0.186035,0.047164,-0.163075,0.080205,-1.091797,-1.627441,0.586914,-0.067681,-0.123905,-0.048763,chewing,left_chewing,88.734,l_gx,non_chewing
6049253.0,-1.286133,1.494629,-0.189941,0.058089,-0.15215,0.087133,-1.079102,-1.624023,0.595215,-0.045832,-0.153216,-0.053825,chewing,left_chewing,88.734,l_gx,non_chewing
6049263.0,-1.290527,1.483398,-0.186523,0.067948,-0.116711,0.10392,-1.083496,-1.638184,0.591309,-0.026913,-0.192119,-0.066083,chewing,left_chewing,88.734,l_gx,non_chewing
6049273.0,-1.27832,1.476563,-0.181641,0.057822,-0.087666,0.120974,-1.0625,-1.641602,0.586914,-0.031443,-0.212904,-0.063951,chewing,left_chewing,88.734,l_gx,non_chewing
6049283.0,-1.271484,1.467773,-0.192383,0.092995,-0.051694,0.118576,-1.044434,-1.630371,0.585937,-0.027712,-0.220897,-0.074876,chewing,left_chewing,88.734,l_gx,non_chewing
6049293.0,-1.280273,1.44873,-0.166992,0.117243,-0.036505,0.102588,-1.053711,-1.59668,0.594238,-0.047963,-0.196383,-0.120708,chewing,left_chewing,88.734,l_gx,non_chewing
6049303.0,-1.276367,1.435547,-0.187012,0.149219,-0.04823,0.110582,-1.057617,-1.562988,0.60498,-0.052227,-0.155348,-0.134297,chewing,left_chewing,88.734,l_gx,non_chewing
6049313.0,-1.26416,1.420898,-0.182129,0.167871,-0.028245,0.106319,-1.052246,-1.547852,0.605469,-0.083669,-0.105253,-0.155081,chewing,left_chewing,88.734,l_gx,non_chewing
6049323.0,-1.268066,1.419922,-0.173828,0.186257,0.023982,0.11298,-1.053711,-1.545898,0.585449,-0.083669,-0.064217,-0.150018,chewing,left_chewing,88.734,l_gx,non_chewing
6049333.0,-1.28418,1.400391,-0.163086,0.196116,0.068747,0.124971,-1.071289,-1.568848,0.574219,-0.080472,-0.016521,-0.150018,chewing,left_chewing,88.734,l_gx,non_chewing
6049343.0,-1.277344,1.389648,-0.144531,0.193452,0.088466,0.127902,-1.085938,-1.582031,0.578613,-0.098858,0.011191,-0.129501,chewing,left_chewing,88.734,l_gx,non_chewing
6049353.0,-1.263672,1.395996,-0.15918,0.17027,0.117243,0.111914,-1.098145,-1.60498,0.563965,-0.123106,0.007194,-0.058355,chewing,left_chewing,88.734,l_gx,non_chewing
6049363.0,-1.27832,1.38916,-0.17041,0.145489,0.129501,0.107651,-1.098145,-1.625,0.575684,-0.130567,0.031975,-0.002665,chewing,left_chewing,88.734,l_gx,non_chewing
6049373.0,-1.257813,1.418945,-0.156738,0.074876,0.130034,0.090864,-1.105469,-1.626953,0.54834,-0.16041,0.075409,0.020784,chewing,left_chewing,88.734,l_gx,non_chewing
6049383.0,-1.256348,1.442383,-0.164062,0.058888,0.087133,0.087666,-1.105469,-1.635742,0.57666,-0.144689,0.085002,0.05196,chewing,left_chewing,88.734,l_gx,non_chewing
6049393.0,-1.259766,1.452148,-0.173828,0.001599,0.068747,0.081804,-1.112793,-1.630371,0.585449,-0.151884,0.10392,0.061553,chewing,left_chewing,88.734,l_gx,non_chewing
6049403.0,-1.241211,1.479004,-0.168457,-0.023182,0.04823,0.095127,-1.100098,-1.619629,0.59082,-0.141492,0.103387,0.074876,chewing,left_chewing,88.734,l_gx,non_chewing
6049413.0,-1.225586,1.504395,-0.164062,-0.079139,0.022649,0.10472,-1.067383,-1.633301,0.566406,-0.151617,0.112181,0.014123,chewing,left_chewing,88.734,l_gx,non_chewing
6049423.0,-1.229004,1.496582,-0.155273,-0.09113,0.018919,0.134297,-1.043945,-1.627441,0.561035,-0.120974,0.108983,-0.067681,chewing,left_chewing,88.734,l_gx,non_chewing
6049433.0,-1.216309,1.489746,-0.149414,-0.142557,0.025847,0.124172,-1.037109,-1.635742,0.571289,-0.100723,0.076208,-0.121507,chewing,left_chewing,88.734,l_gx,non_chewing
6049443.0,-1.229492,1.484863,-0.16748,-0.180662,0.057289,0.111115,-1.036133,-1.650391,0.566406,-0.079672,0.037571,-0.177997,chewing,left_chewing,88.734,l_gx,non_chewing
6049453.0,-1.228027,1.492676,-0.164551,-0.193718,0.056757,0.110315,-1.036621,-1.634277,0.561035,-0.051427,-0.041035,-0.19585,chewing,left_chewing,88.734,l_gx,non_chewing
6049463.0,-1.232422,1.478027,-0.150391,-0.194784,0.045299,0.11298,-1.056152,-1.656738,0.56543,-0.011991,-0.114845,-0.253139,chewing,left_chewing,88.734,l_gx,non_chewing
6049473.0,-1.23291,1.471191,-0.149902,-0.216368,0.05276,0.115911,-1.04834,-1.632813,0.567383,-0.008793,-0.130833,-0.267262,chewing,left_chewing,88.734,l_gx,non_chewing
6049483.0,-1.229492,1.477051,-0.15918,-0.207308,0.041035,0.118043,-1.027344,-1.629395,0.580566,0.038104,-0.128968,-0.298438,chewing,left_chewing,88.734,l_gx,non_chewing
6049493.0,-1.224121,1.464355,-0.17627,-0.175599,0.033308,0.127103,-1.034668,-1.619629,0.617187,0.010126,-0.14309,-0.281118,chewing,left_chewing,88.734,l_gx,non_chewing
6049503.0,-1.226074,1.460938,-0.134277,-0.110049,0.024781,0.088466,-1.00293,-1.601074,0.566406,0.047963,-0.136429,-0.257936,chewing,left_chewing,88.734,l_gx,non_chewing
6049513.0,-1.228027,1.473633,-0.131348,-0.032508,0.015455,0.05276,-1.023926,-1.577637,0.510254,-0.005862,-0.120175,-0.196383,chewing,left_chewing,88.734,l_gx,non_chewing
6049523.0,-1.243164,1.450684,-0.183594,0.078074,0.038104,0.001599,-1.004883,-1.60498,0.569336,-0.002132,-0.180129,-0.086867,chewing,left_chewing,88.734,l_gx,non_chewing
6049533.0,-1.26709,1.417969,-0.155762,0.150818,0.053559,-0.045299,-1.00293,-1.61084,0.563965,-0.015455,-0.162276,-0.027979,chewing,left_chewing,88.734,l_gx,non_chewing
6049543.0,-1.282715,1.40625,-0.122559,0.184925,0.088466,-0.090864,-1.016602,-1.589844,0.562012,-0.010925,-0.117776,0.015721,chewing,left_chewing,88.734,l_gx,non_chewing
6049553.0,-1.280273,1.393555,-0.113281,0.163874,0.137495,-0.093528,-1.077637,-1.571777,0.556641,-0.047697,-0.033041,0.059954,chewing,left_chewing,88.734,l_gx,non_chewing
6049563.0,-1.286133,1.397461,-0.133301,0.120974,0.212104,-0.076741,-1.123535,-1.579102,0.506348,-0.135896,0.062619,0.134564,chewing,left_chewing,88.734,l_gx,non_chewing
6049573.0,-1.266602,1.401855,-0.195801,0.086334,0.214502,-0.028511,-1.118652,-1.642578,0.606445,-0.150818,0.105786,0.200913,chewing,left_chewing,88.734,l_gx,non_chewing
6049583.0,-1.268066,1.421387,-0.129883,0.03464,0.195583,-0.013057,-1.091309,-1.655762,0.589844,-0.150285,0.197982,0.19958,chewing,left_chewing,88.734,l_gx,non_chewing
6049593.0,-1.233887,1.45752,-0.117188,-0.028245,0.155348,-0.000799,-1.097656,-1.641113,0.551758,-0.138294,0.267528,0.191587,chewing,left_chewing,88.734,l_gx,non_chewing
6049603.0,-1.234863,1.493164,-0.130859,-0.075142,0.105786,0.015455,-1.133789,-1.646484,0.496094,-0.185191,0.286714,0.172668,chewing,left_chewing,88.734,l_gx,non_chewing
6049613.0,-1.230957,1.507813,-0.213867,-0.055691,0.03464,0.029044,-1.123047,-1.682129,0.587891,-0.168937,0.212104,0.177997,chewing,left_chewing,88.734,l_gx,non_chewing
6049623.0,-1.24707,1.509277,-0.167969,-0.05649,-0.028245,0.013323,-1.071777,-1.689453,0.575684,-0.099923,0.159877,0.132965,chewing,left_chewing,88.734,l_gx,non_chewing
6049633.0,-1.256836,1.51416,-0.150879,-0.045832,-0.080472,0.011458,-1.058594,-1.686035,0.61084,-0.039703,0.102855,0.065816,chewing,left_chewing,88.734,l_gx,non_chewing
6049643.0,-1.27002,1.505371,-0.144043,-0.019452,-0.104986,-0.004263,-1.052246,-1.667969,0.617676,-0.015721,0.006928,0.009326,chewing,left_chewing,88.734,l_gx,non_chewing
6049653.0,-1.271973,1.501465,-0.137207,-0.00826,-0.095926,0.016254,-1.05957,-1.663574,0.618164,0.027446,-0.086067,-0.011991,chewing,left_chewing,88.734,l_gx,non_chewing
6049663.0,-1.271973,1.494141,-0.108887,0.014922,-0.106319,0.018119,-1.027832,-1.646973,0.598145,0.071945,-0.142291,-0.06555,chewing,left_chewing,88.734,l_gx,non_chewing
6049673.0,-1.246582,1.516602,-0.119141,-0.003198,-0.083936,0.034374,-1.044922,-1.607422,0.540039,0.074077,-0.099391,-0.151617,chewing,left_chewing,88.734,l_gx,non_chewing
6049683.0,-1.235352,1.508789,-0.14209,-0.006662,-0.031975,0.057023,-1.074219,-1.599609,0.514648,0.045565,-0.090064,-0.203044,chewing,left_chewing,88.734,l_gx,non_chewing
6049693.0,-1.263672,1.477051,-0.209473,0.04823,-0.038371,0.097525,-1.04248,-1.627441,0.652832,0.066616,-0.114046,-0.23502,chewing,left_chewing,89.135,l_gx,non_chewing
6049703.0,-1.230469,1.469727,-0.089355,0.054891,-0.003997,0.08207,-1.038574,-1.552734,0.507812,0.092462,-0.043966,-0.23502,chewing,left_chewing,89.135,l_gx,non_chewing
6049713.0,-1.252441,1.473145,-0.217773,0.143623,0.024781,0.066083,-1.025879,-1.611816,0.60791,0.0429,-0.060221,-0.218499,chewing,left_chewing,89.135,l_gx,non_chewing
6049723.0,-1.274902,1.441895,-0.094238,0.218233,0.049562,0.03464,-0.970215,-1.623047,0.577637,0.113247,-0.059155,-0.208907,chewing,left_chewing,89.135,l_gx,non_chewing
6049733.0,-1.252441,1.446777,-0.124512,0.232355,0.11298,0.003464,-1.041504,-1.578125,0.491211,0.045032,-0.052227,-0.1303,chewing,left_chewing,89.135,l_gx,non_chewing
6049743.0,-1.293457,1.40918,-0.209473,0.28325,0.134564,0.019185,-1.033691,-1.633301,0.624512,0.038904,-0.09113,-0.032775,chewing,left_chewing,89.135,l_gx,non_chewing
6049753.0,-1.275879,1.392578,-0.084961,0.241415,0.16494,0.007994,-1.050781,-1.57373,0.52002,-0.001066,0.026646,0.018119,chewing,left_chewing,89.135,l_gx,non_chewing
6049763.0,-1.27002,1.392578,-0.204102,0.217167,0.215568,0.028511,-1.098633,-1.615723,0.591797,-0.063951,0.066882,0.098858,chewing,left_chewing,89.135,l_gx,non_chewing
6049773.0,-1.255371,1.38916,-0.134277,0.165207,0.190787,0.036239,-1.060547,-1.628418,0.592773,-0.038371,0.154548,0.133498,chewing,left_chewing,89.135,l_gx,non_chewing
6049783.0,-1.219727,1.441406,-0.165039,0.081804,0.240349,0.058089,-1.11084,-1.620117,0.535645,-0.114312,0.231023,0.145222,chewing,left_chewing,89.135,l_gx,non_chewing
6049793.0,-1.240234,1.447266,-0.179199,0.050095,0.16947,0.081538,-1.043457,-1.678711,0.604492,-0.062885,0.185458,0.172934,chewing,left_chewing,89.135,l_gx,non_chewing
6049803.0,-1.191895,1.48584,-0.113281,-0.028778,0.179862,0.062885,-1.083496,-1.644531,0.496582,-0.10472,0.223029,0.16041,chewing,left_chewing,89.135,l_gx,non_chewing
6049813.0,-1.210449,1.49707,-0.208008,-0.02558,0.099657,0.059954,-1.044922,-1.694336,0.622559,-0.058089,0.165207,0.138827,chewing,left_chewing,89.135,l_gx,non_chewing
6049823.0,-1.198242,1.527832,-0.11084,-0.059155,0.062086,0.038904,-1.074707,-1.638184,0.495605,-0.050628,0.192386,0.045032,chewing,left_chewing,89.135,l_gx,non_chewing
6049833.0,-1.220215,1.510742,-0.200684,-0.019452,-0.00906,0.037038,-1.052246,-1.679199,0.627441,0.001332,0.078873,0.002931,chewing,left_chewing,89.135,l_gx,non_chewing
6049843.0,-1.208984,1.521973,-0.13623,-0.055158,-0.03544,0.020518,-1.091797,-1.61084,0.510742,-0.029844,0.055424,-0.038637,chewing,left_chewing,89.135,l_gx,non_chewing
6049853.0,-1.238281,1.500977,-0.208496,-0.028511,-0.058622,0.017054,-1.04541,-1.665039,0.654297,0.02185,-0.074876,-0.040769,chewing,left_chewing,89.135,l_gx,non_chewing
6049863.0,-1.223145,1.509277,-0.150391,-0.047697,-0.047697,0.002931,-1.076172,-1.603516,0.519531,0.014922,-0.067681,-0.062619,chewing,left_chewing,89.135,l_gx,non_chewing
6049873.0,-1.263184,1.495117,-0.193359,-0.040236,-0.045032,0.031975,-1.041016,-1.663086,0.643555,0.043966,-0.131899,-0.054358,chewing,left_chewing,89.135,l_gx,non_chewing
6049883.0,-1.249023,1.488281,-0.134277,-0.049828,-0.024248,0.040769,-1.053223,-1.593262,0.504395,0.039436,-0.05196,-0.146821,chewing,left_chewing,89.135,l_gx,non_chewing
6049893.0,-1.268555,1.477539,-0.20166,-0.013057,-0.003464,0.073277,-1.056152,-1.647949,0.630859,0.0437,-0.077807,-0.140426,chewing,left_chewing,89.135,l_gx,non_chewing
6049903.0,-1.265137,1.476074,-0.134766,0.029311,0.024515,0.057023,-1.027832,-1.589844,0.525879,0.055691,-0.049029,-0.159611,chewing,left_chewing,89.135,l_gx,non_chewing
6049913.0,-1.248047,1.5,-0.199219,0.088466,0.063418,0.041568,-1.02832,-1.602051,0.591797,-0.001066,-0.135629,-0.058888,chewing,left_chewing,89.135,l_gx,non_chewing
6049923.0,-1.240723,1.477539,-0.141602,0.111115,0.118576,0.018386,-0.95166,-1.599609,0.605957,0.066083,-0.127369,-0.007194,chewing,left_chewing,89.135,l_gx,non_chewing
6049933.0,-1.219727,1.468262,-0.170898,0.132965,0.182527,0.01359,-1.020508,-1.566406,0.585937,-0.008793,-0.094594,0.017587,chewing,left_chewing,89.135,l_gx,non_chewing
6049943.0,-1.251953,1.425781,-0.150391,0.153749,0.187856,0.008527,-1.027344,-1.596191,0.59082,-0.003464,-0.067149,0.033308,chewing,left_chewing,89.135,l_gx,non_chewing
6049953.0,-1.256836,1.413574,-0.160645,0.230224,0.115645,-0.017853,-1.064453,-1.594238,0.546875,-0.027979,-0.066882,0.06928,chewing,left_chewing,89.135,l_gx,non_chewing
6049963.0,-1.240723,1.420898,-0.182617,0.237951,0.120974,-0.025847,-1.057129,-1.623535,0.578613,-0.052493,-0.045565,0.138827,chewing,left_chewing,89.135,l_gx,non_chewing
6049973.0,-1.226074,1.419434,-0.146484,0.200913,0.14309,-0.028245,-1.05957,-1.612793,0.566895,-0.068747,0.096193,0.103387,chewing,left_chewing,89.135,l_gx,non_chewing
6049983.0,-1.215332,1.418457,-0.15918,0.148153,0.164407,-0.011724,-1.115234,-1.60498,0.556641,-0.094328,0.201446,0.071145,chewing,left_chewing,89.135,l_gx,non_chewing
6049993.0,-1.21875,1.426758,-0.172363,0.07834,0.174,-0.00826,-1.091797,-1.624023,0.601074,-0.075675,0.272058,0.045032,chewing,left_chewing,89.135,l_gx,non_chewing
6050003.0,-1.201172,1.439941,-0.146484,-0.002132,0.141225,-0.001066,-1.081543,-1.621094,0.553223,-0.0874,0.322153,0.060221,chewing,left_chewing,89.135,l_gx,non_chewing
6050013.0,-1.204102,1.450684,-0.183105,-0.045032,0.077008,0.014922,-1.088379,-1.646973,0.569336,-0.081005,0.243547,0.101522,chewing,left_chewing,89.135,l_gx,non_chewing
6050023.0,-1.199707,1.46875,-0.149414,-0.073544,-0.016787,0.023982,-1.083984,-1.643066,0.568359,-0.036505,0.181461,0.098325,chewing,left_chewing,89.135,l_gx,non_chewing
6050033.0,-1.210449,1.481445,-0.182617,-0.086334,-0.09113,0.025847,-1.09668,-1.656738,0.541992,-0.043966,0.120708,0.069014,chewing,left_chewing,89.135,l_gx,non_chewing
6050043.0,-1.219238,1.491211,-0.15332,-0.10019,-0.151617,0.007194,-1.079102,-1.659668,0.598145,-0.014123,0.029844,0.04823,chewing,left_chewing,89.135,l_gx,non_chewing
6050053.0,-1.234863,1.503418,-0.188965,-0.094328,-0.163341,0.015455,-1.090332,-1.628906,0.533691,-0.015988,0.040236,-0.010925,chewing,left_chewing,89.135,l_gx,non_chewing
6050063.0,-1.251465,1.502441,-0.172852,-0.058089,-0.188922,0.013323,-1.075684,-1.643066,0.601562,-0.014922,0.025847,-0.057822,chewing,left_chewing,89.135,l_gx,non_chewing
6050073.0,-1.246094,1.507324,-0.168457,-0.059155,-0.174,-0.012524,-1.069336,-1.614258,0.584473,0.022383,0.052227,-0.107384,chewing,left_chewing,89.135,l_gx,non_chewing
6050083.0,-1.268555,1.498535,-0.178223,-0.014123,-0.147354,0.005329,-1.06543,-1.631348,0.618652,0.026646,0.023982,-0.122306,chewing,left_chewing,89.135,l_gx,non_chewing
6050093.0,-1.234375,1.507813,-0.149902,-0.024248,-0.066349,0.011724,-0.98877,-1.599121,0.55127,0.07834,0.095926,-0.167605,chewing,left_chewing,89.135,l_gx,non_chewing
6050103.0,-1.261719,1.47168,-0.215332,0.015988,-0.032775,0.02638,-1.072754,-1.595703,0.57373,-0.008793,0.070879,-0.145755,chewing,left_chewing,89.135,l_gx,non_chewing
6050113.0,-1.252441,1.458984,-0.161621,0.042634,-0.022383,0.008527,-1.023926,-1.59668,0.59668,0.058888,0.060487,-0.168138,chewing,left_chewing,89.135,l_gx,non_chewing
6050123.0,-1.254883,1.456543,-0.172363,0.07381,0.005596,-0.001066,-1.034668,-1.596191,0.586914,0.042101,0.040769,-0.125237,chewing,left_chewing,89.135,l_gx,non_chewing
6050133.0,-1.260254,1.446777,-0.176758,0.146021,0.002665,-0.025047,-1.032227,-1.599121,0.569824,0.033041,0.018919,-0.081804,chewing,left_chewing,89.135,l_gx,non_chewing
6050143.0,-1.266602,1.434082,-0.172363,0.208907,-0.006129,-0.046631,-1.046387,-1.601563,0.600098,0.003997,-0.011991,-0.040236,chewing,left_chewing,89.135,l_gx,non_chewing
6050153.0,-1.28125,1.427246,-0.174805,0.211305,0.030643,-0.039703,-1.065918,-1.599121,0.58252,-0.025314,-0.015721,0.015988,chewing,left_chewing,89.135,l_gx,non_chewing
6050163.0,-1.291992,1.402832,-0.181152,0.197182,0.063685,-0.016787,-1.083984,-1.604004,0.578613,-0.069547,0.033841,0.039969,chewing,left_chewing,89.135,l_gx,non_chewing
6050173.0,-1.285645,1.408203,-0.178711,0.168937,0.104986,-0.008527,-1.11084,-1.614746,0.577148,-0.101256,0.097525,0.038637,chewing,left_chewing,89.135,l_gx,non_chewing
6050183.0,-1.287109,1.40918,-0.175293,0.100456,0.132165,0.005596,-1.09668,-1.616699,0.57959,-0.12657,0.112714,0.078606,chewing,left_chewing,89.135,l_gx,non_chewing
6050193.0,-1.258789,1.437012,-0.182617,0.067681,0.127369,0.010925,-1.086426,-1.632324,0.583984,-0.115378,0.141492,0.104187,chewing,left_chewing,89.135,l_gx,non_chewing
6050203.0,-1.262695,1.448242,-0.197754,0.025314,0.114579,0.048496,-1.099609,-1.668945,0.614258,-0.123106,0.122839,0.10845,chewing,left_chewing,89.135,l_gx,non_chewing
6050213.0,-1.228516,1.495117,-0.181152,-0.053026,0.106052,0.033841,-1.109375,-1.618164,0.519531,-0.132698,0.173467,0.041568,chewing,left_chewing,89.135,l_gx,non_chewing
6050223.0,-1.240723,1.494141,-0.169922,-0.038637,0.030643,0.029844,-1.087402,-1.696289,0.648926,-0.094328,0.095926,0.059688,chewing,left_chewing,88.649,l_gx,non_chewing
6050233.0,-1.212891,1.510254,-0.142578,-0.072744,-0.01732,0.010126,-1.030762,-1.643555,0.609375,-0.035173,0.14762,-0.044499,chewing,left_chewing,88.649,l_gx,non_chewing
6050243.0,-1.241211,1.517578,-0.230957,-0.069014,-0.045032,0.021317,-1.106934,-1.587402,0.486816,-0.114845,0.103121,-0.070346,chewing,left_chewing,88.649,l_gx,non_chewing
6050253.0,-1.268555,1.488281,-0.182617,-0.042634,-0.102322,0.021051,-1.08252,-1.666504,0.627441,-0.063152,-0.058622,-0.068214,chewing,left_chewing,88.649,l_gx,non_chewing
6050263.0,-1.251953,1.485352,-0.144043,-0.062086,-0.093528,0.019185,-1.018555,-1.625488,0.585449,0.014922,-0.06555,-0.102588,chewing,left_chewing,88.649,l_gx,non_chewing
6050273.0,-1.26416,1.497559,-0.186035,-0.064217,-0.054891,0.050628,-1.065918,-1.614258,0.540527,-0.011724,-0.134297,-0.108717,chewing,left_chewing,88.649,l_gx,non_chewing
6050283.0,-1.263672,1.485352,-0.173828,-0.090597,-0.033841,0.071412,-1.04541,-1.631348,0.576172,0.026113,-0.140692,-0.135629,chewing,left_chewing,88.649,l_gx,non_chewing
6050293.0,-1.257813,1.489746,-0.164062,-0.093528,-0.002931,0.09113,-1.040039,-1.62793,0.571777,0.062352,-0.137228,-0.176132,chewing,left_chewing,88.649,l_gx,non_chewing
6050303.0,-1.245117,1.484375,-0.171387,-0.088732,0.034107,0.11751,-1.031738,-1.606934,0.567383,0.066349,-0.14389,-0.190521,chewing,left_chewing,88.649,l_gx,non_chewing
6050313.0,-1.22998,1.486328,-0.151855,-0.050628,0.049828,0.099124,-1.019531,-1.603516,0.577637,0.046631,-0.136695,-0.195051,chewing,left_chewing,88.649,l_gx,non_chewing
6050323.0,-1.225586,1.479004,-0.146484,0.020251,0.033574,0.063685,-1.012695,-1.592285,0.565918,0.050894,-0.142557,-0.166273,chewing,left_chewing,88.649,l_gx,non_chewing
6050333.0,-1.235352,1.461914,-0.164062,0.115911,0.020784,0.015188,-1.02002,-1.601074,0.591309,0.026913,-0.161476,-0.115645,chewing,left_chewing,88.649,l_gx,non_chewing
6050343.0,-1.224121,1.45459,-0.178711,0.160144,0.049828,-0.027179,-1.025879,-1.575195,0.522949,0.005329,-0.119109,-0.05276,chewing,left_chewing,88.649,l_gx,non_chewing
6050353.0,-1.246094,1.409668,-0.115234,0.200113,0.046364,-0.053825,-1.024414,-1.604492,0.59082,0.009593,-0.129501,-0.003997,chewing,left_chewing,88.649,l_gx,non_chewing
6050363.0,-1.244141,1.399414,-0.15918,0.203577,0.091397,-0.054358,-1.08252,-1.57373,0.549316,-0.047963,-0.055424,0.038904,chewing,left_chewing,88.649,l_gx,non_chewing
6050373.0,-1.248535,1.394043,-0.11084,0.165207,0.115378,-0.031709,-1.059082,-1.59668,0.590332,-0.040236,0.067681,0.049029,chewing,left_chewing,88.649,l_gx,non_chewing
6050383.0,-1.246094,1.390625,-0.162598,0.136429,0.1311,0.00906,-1.099609,-1.600586,0.568848,-0.093795,0.174,0.073277,chewing,left_chewing,88.649,l_gx,non_chewing
6050393.0,-1.227051,1.398438,-0.120117,0.048496,0.144689,0.023449,-1.073242,-1.617188,0.562012,-0.09566,0.290444,0.073011,chewing,left_chewing,88.649,l_gx,non_chewing
6050403.0,-1.227539,1.421875,-0.178711,-0.034374,0.131632,0.033041,-1.116211,-1.641113,0.562988,-0.135896,0.302968,0.105786,chewing,left_chewing,88.649,l_gx,non_chewing
6050413.0,-1.209473,1.462402,-0.127441,-0.094861,0.074876,0.033308,-1.050293,-1.665527,0.559082,-0.103387,0.335743,0.102855,chewing,left_chewing,88.649,l_gx,non_chewing
6050423.0,-1.22168,1.483887,-0.181641,-0.105786,0.006662,0.051694,-1.093262,-1.656738,0.524414,-0.124971,0.302168,0.119109,chewing,left_chewing,88.649,l_gx,non_chewing
6050433.0,-1.223633,1.500977,-0.123047,-0.105786,-0.080472,0.023982,-1.064453,-1.69043,0.580078,-0.054092,0.231023,0.091663,chewing,left_chewing,88.649,l_gx,non_chewing
6050443.0,-1.223145,1.526855,-0.166504,-0.092995,-0.122306,0.006928,-1.089355,-1.63916,0.494629,-0.077541,0.181994,0.061286,chewing,left_chewing,88.649,l_gx,non_chewing
6050453.0,-1.268066,1.508789,-0.161621,-0.07834,-0.192386,0.005596,-1.090332,-1.655762,0.59668,-0.035706,0.071945,0.04743,chewing,left_chewing,88.649,l_gx,non_chewing
6050463.0,-1.257813,1.524902,-0.125977,-0.082603,-0.184658,-0.023982,-1.058105,-1.635742,0.57373,0.013856,0.057556,-0.010658,chewing,left_chewing,88.649,l_gx,non_chewing
6050473.0,-1.26709,1.528809,-0.196777,-0.066349,-0.123372,-0.006662,-1.126465,-1.620117,0.498535,-0.023449,-0.013856,-0.025847,chewing,left_chewing,88.649,l_gx,non_chewing
6050483.0,-1.285156,1.511719,-0.126465,-0.046897,-0.118043,-0.013323,-1.05957,-1.666504,0.645508,0.06475,-0.044233,-0.088998,chewing,left_chewing,88.649,l_gx,non_chewing
6050493.0,-1.25293,1.51123,-0.117188,-0.047697,-0.058089,-0.014123,-1.041992,-1.608887,0.543457,0.064217,0.025847,-0.136962,chewing,left_chewing,88.649,l_gx,non_chewing
6050503.0,-1.255371,1.500488,-0.212402,0.010126,-0.015988,0.020784,-1.093262,-1.584473,0.509766,-0.001599,0.007994,-0.151884,chewing,left_chewing,88.649,l_gx,non_chewing
6050513.0,-1.251953,1.455566,-0.132812,0.074343,-0.032508,-0.000533,-1.032227,-1.636719,0.641113,0.066882,-0.051427,-0.151084,chewing,left_chewing,88.649,l_gx,non_chewing
6050523.0,-1.232422,1.475098,-0.104004,0.119642,-0.011991,-0.024515,-1.005371,-1.589844,0.562012,0.06475,-0.035706,-0.128701,chewing,left_chewing,88.649,l_gx,non_chewing
6050533.0,-1.247559,1.476074,-0.20166,0.184392,0.006395,-0.014655,-1.068848,-1.563477,0.520996,-0.014655,-0.088466,-0.089531,chewing,left_chewing,88.649,l_gx,non_chewing
6050543.0,-1.27002,1.443359,-0.157715,0.260867,-0.022116,-0.014123,-1.030273,-1.628418,0.607422,0.034907,-0.125237,-0.03917,chewing,left_chewing,88.649,l_gx,non_chewing
6050553.0,-1.259766,1.419922,-0.078125,0.286181,-0.005329,-0.028245,-1.01709,-1.618652,0.620605,0.062619,-0.047963,-0.046897,chewing,left_chewing,88.649,l_gx,non_chewing
6050563.0,-1.253418,1.431641,-0.137207,0.255271,0.058622,-0.011458,-1.086914,-1.552734,0.479492,-0.061286,0.075409,-0.085534,chewing,left_chewing,88.649,l_gx,non_chewing
6050573.0,-1.275879,1.427734,-0.193848,0.243547,0.093262,0.010658,-1.109375,-1.617676,0.577148,-0.018386,0.095127,0.001332,chewing,left_chewing,88.649,l_gx,non_chewing
6050583.0,-1.26709,1.420898,-0.140137,0.213969,0.143357,0.023982,-1.03418,-1.641113,0.62207,0.011724,0.215835,-0.027446,chewing,left_chewing,88.649,l_gx,non_chewing
6050593.0,-1.248047,1.449219,-0.116699,0.11298,0.196383,0.03544,-1.036133,-1.627441,0.54541,-0.045032,0.291776,-0.044766,chewing,left_chewing,88.649,l_gx,non_chewing
6050603.0,-1.23584,1.447266,-0.166992,0.060487,0.192119,0.059688,-1.060059,-1.623535,0.499023,-0.074077,0.253939,0.013057,chewing,left_chewing,88.649,l_gx,non_chewing
6050613.0,-1.236816,1.456543,-0.138184,0.025847,0.119375,0.059155,-1.037598,-1.69043,0.625,-0.003464,0.174,0.018119,chewing,left_chewing,88.649,l_gx,non_chewing
6050623.0,-1.202148,1.474121,-0.166016,-0.008793,0.065816,0.073011,-1.07666,-1.616699,0.485352,-0.058888,0.131899,0.032242,chewing,left_chewing,88.649,l_gx,non_chewing
6050633.0,-1.235352,1.474609,-0.185547,0.009326,-0.054358,0.067681,-1.087891,-1.673828,0.609863,0.032242,0.029577,0.059421,chewing,left_chewing,88.649,l_gx,non_chewing
6050643.0,-1.221191,1.484863,-0.125977,-0.021583,-0.12204,0.0437,-1.070313,-1.640137,0.591797,0.048763,0.053825,0.028245,chewing,left_chewing,88.649,l_gx,non_chewing
6050653.0,-1.227539,1.487793,-0.188965,-0.021583,-0.140692,0.028778,-1.111816,-1.606445,0.526855,0.004796,0.034107,0.029311,chewing,left_chewing,88.649,l_gx,non_chewing
6050663.0,-1.272461,1.470703,-0.200684,0.004796,-0.146288,0.064217,-1.092773,-1.651855,0.603516,0.048763,-0.002931,-0.014123,chewing,left_chewing,88.649,l_gx,non_chewing
6050673.0,-1.265625,1.46582,-0.142578,-0.013057,-0.109783,0.067149,-1.041504,-1.636719,0.617676,0.08287,0.011458,-0.054358,chewing,left_chewing,88.649,l_gx,non_chewing
6050683.0,-1.260742,1.47168,-0.15918,-0.019452,-0.065816,0.075942,-1.04834,-1.584473,0.577148,0.147087,-0.014922,-0.114845,chewing,left_chewing,88.649,l_gx,non_chewing
6050693.0,-1.256348,1.479004,-0.175781,0.007194,-0.021051,0.075409,-1.08252,-1.571289,0.534668,0.002132,0.02185,-0.076475,chewing,left_chewing,88.649,l_gx,non_chewing
6050703.0,-1.26416,1.472168,-0.217285,0.039703,-0.014922,0.077541,-1.077148,-1.597168,0.591797,0.038104,0.013323,-0.114845,chewing,left_chewing,88.649,l_gx,non_chewing
6050713.0,-1.261719,1.458984,-0.168945,0.083936,-0.016787,0.068747,-1.055664,-1.619141,0.642578,0.055691,0.024248,-0.123372,chewing,left_chewing,88.649,l_gx,non_chewing
6050723.0,-1.268555,1.45459,-0.165039,0.133764,-0.017587,0.045032,-1.039063,-1.613281,0.612793,0.055424,0.018919,-0.127636,chewing,left_chewing,88.649,l_gx,non_chewing
6050733.0,-1.254395,1.442871,-0.165039,0.14762,-0.00826,0.022649,-1.03125,-1.62207,0.602539,0.056224,0.019452,-0.094594,chewing,left_chewing,88.649,l_gx,non_chewing
6050743.0,-1.255859,1.445801,-0.151367,0.140959,0.003198,0.017853,-1.026855,-1.618652,0.62207,0.038104,0.038371,-0.067948,chewing,left_chewing,88.649,l_gx,non_chewing
6050753.0,-1.256348,1.450195,-0.154785,0.14762,0.009859,0.00906,-1.035645,-1.615234,0.624023,0.019452,0.053026,-0.0437,chewing,left_chewing,88.649,l_gx,non_chewing
6050763.0,-1.269043,1.441895,-0.143555,0.133231,0.043433,0.037571,-1.029785,-1.61084,0.600586,0.018386,0.062885,-0.052227,chewing,left_chewing,86.910,r_gy,non_chewing
6050773.0,-1.263184,1.44873,-0.150879,0.095127,0.054891,0.03011,-1.041016,-1.604492,0.564941,-0.006129,0.082603,-0.044766,chewing,left_chewing,86.910,r_gy,non_chewing
6050783.0,-1.252441,1.452637,-0.145996,0.045032,0.076208,0.033041,-1.064941,-1.604492,0.541992,-0.029044,0.062086,-0.03091,chewing,left_chewing,86.910,r_gy,non_chewing
6050793.0,-1.248047,1.461426,-0.184082,-0.010392,0.105253,0.045299,-1.072266,-1.60791,0.529297,-0.060221,0.045299,-0.022116,chewing,left_chewing,86.910,r_gy,non_chewing
6050803.0,-1.248535,1.473145,-0.193359,-0.011991,0.088732,0.072744,-1.083984,-1.624512,0.53125,-0.060753,0.014389,-0.007194,chewing,left_chewing,86.910,r_gy,non_chewing
6050813.0,-1.243652,1.473145,-0.212891,-0.025314,0.061553,0.073011,-1.082031,-1.62793,0.569336,-0.046897,-0.03917,0.023715,chewing,left_chewing,86.910,r_gy,non_chewing
6050823.0,-1.244629,1.467773,-0.179199,-0.006662,0.027446,0.076741,-1.064453,-1.644043,0.615723,-0.028511,-0.060221,0.03091,chewing,left_chewing,86.910,r_gy,non_chewing
6050833.0,-1.240234,1.469238,-0.146484,-0.003997,0.036239,0.054625,-1.033203,-1.639648,0.619141,-0.009593,-0.047697,0.016254,chewing,left_chewing,86.910,r_gy,non_chewing
6050843.0,-1.218262,1.469238,-0.149902,-0.008527,0.021583,0.037305,-1.043945,-1.620605,0.600098,-0.018652,-0.035706,0.014123,chewing,left_chewing,86.910,r_gy,non_chewing
6050853.0,-1.231934,1.474121,-0.15332,0.00906,0.013323,0.031176,-1.038574,-1.603516,0.582031,-0.052493,-0.010392,-0.027446,chewing,left_chewing,86.910,r_gy,non_chewing
6050863.0,-1.232422,1.475586,-0.145508,0.025847,0.02638,0.014123,-1.062012,-1.601563,0.557129,-0.060487,-0.010126,-0.044766,chewing,left_chewing,86.910,r_gy,non_chewing
6050873.0,-1.233887,1.479004,-0.148926,0.056224,0.051161,0.00826,-1.072754,-1.596191,0.532715,-0.068481,-0.037571,-0.020251,chewing,left_chewing,86.910,r_gy,non_chewing
6050883.0,-1.23584,1.472168,-0.182617,0.066349,0.06102,0.021317,-1.081055,-1.602051,0.536621,-0.065283,-0.063951,-0.027712,chewing,left_chewing,86.910,r_gy,non_chewing
6050893.0,-1.237305,1.470215,-0.194336,0.0866,0.062885,0.018119,-1.083496,-1.605469,0.550293,-0.043966,-0.063951,-0.017853,chewing,left_chewing,86.910,r_gy,non_chewing
6050903.0,-1.248535,1.452148,-0.206543,0.10925,0.068214,0.02558,-1.078613,-1.624512,0.573242,-0.037305,-0.047697,-0.025047,chewing,left_chewing,86.910,r_gy,non_chewing
6050913.0,-1.245117,1.451172,-0.197266,0.094594,0.076475,0.009593,-1.062988,-1.630371,0.615723,-0.043966,-0.025847,-0.029844,chewing,left_chewing,86.910,r_gy,non_chewing
6050923.0,-1.25,1.452148,-0.185059,0.110049,0.096726,0.000533,-1.052734,-1.64209,0.631348,-0.041835,0.022383,-0.044499,chewing,left_chewing,86.910,r_gy,non_chewing
6050933.0,-1.239258,1.46582,-0.158691,0.103387,0.10472,0.001066,-1.036621,-1.643066,0.630371,-0.033574,0.039703,-0.027179,chewing,left_chewing,86.910,r_gy,non_chewing
6050943.0,-1.231445,1.460449,-0.164062,0.08287,0.099124,0.003997,-1.031738,-1.638672,0.607422,-0.034107,0.061819,-0.040236,chewing,left_chewing,86.910,r_gy,non_chewing
6050953.0,-1.23584,1.466309,-0.166016,0.080205,0.074077,0.018652,-1.033203,-1.633789,0.608887,-0.039436,0.053825,-0.033308,chewing,left_chewing,86.910,r_gy,non_chewing
6050963.0,-1.229492,1.467773,-0.159668,0.091397,0.045299,0.024248,-1.037109,-1.637207,0.598633,-0.04743,0.06102,-0.022649,chewing,left_chewing,86.910,r_gy,non_chewing
6050973.0,-1.243652,1.45752,-0.163086,0.069813,0.045032,0.01732,-1.046875,-1.621582,0.553711,-0.046098,0.06555,-0.011191,chewing,left_chewing,86.910,r_gy,non_chewing
6050983.0,-1.250488,1.466309,-0.161621,0.05649,0.050894,0.011191,-1.044922,-1.640625,0.583496,-0.047164,0.076741,-0.013856,chewing,left_chewing,86.910,r_gy,non_chewing
6050993.0,-1.257813,1.459473,-0.145508,0.045832,0.046364,0.002132,-1.06543,-1.629883,0.609863,-0.051161,0.066349,0.005596,chewing,left_chewing,86.910,r_gy,non_chewing
6051003.0,-1.254883,1.45166,-0.184082,0.03544,0.054891,0.029044,-1.073242,-1.612793,0.554687,-0.065816,0.050628,0.040769,chewing,left_chewing,86.910,r_gy,non_chewing
6051013.0,-1.257324,1.458496,-0.188477,0.025847,0.053026,0.030643,-1.084473,-1.60791,0.559082,-0.067681,0.050894,0.055957,chewing,left_chewing,86.910,r_gy,non_chewing
6051023.0,-1.243164,1.453125,-0.156738,0.007194,0.0437,0.041302,-1.078613,-1.619629,0.582031,-0.051694,0.029044,0.058355,chewing,left_chewing,86.910,r_gy,non_chewing
6051033.0,-1.237793,1.464844,-0.175781,-0.018919,0.057023,0.03917,-1.063965,-1.611816,0.570801,-0.046631,0.021583,0.054625,chewing,left_chewing,86.910,r_gy,non_chewing
6051043.0,-1.239746,1.483398,-0.156738,-0.037838,0.036239,0.030643,-1.048828,-1.631836,0.573242,-0.045832,0.022116,0.030643,chewing,left_chewing,86.910,r_gy,non_chewing
6051053.0,-1.226563,1.481445,-0.155273,-0.021051,0.037838,0.030377,-1.040039,-1.638184,0.586426,-0.016521,0.03464,-0.01359,chewing,left_chewing,86.910,r_gy,non_chewing
6051063.0,-1.21875,1.5,-0.15625,0.003997,0.020251,0.015988,-1.046875,-1.63623,0.591797,-0.007727,0.036772,-0.028778,chewing,left_chewing,86.910,r_gy,non_chewing
6051073.0,-1.226074,1.493652,-0.164062,0.02558,0.028245,0.019985,-1.043945,-1.641113,0.589844,-0.002931,0.07008,-0.075142,chewing,left_chewing,86.910,r_gy,non_chewing
6051083.0,-1.231445,1.480469,-0.15918,0.058355,0.024781,0.014655,-1.052734,-1.635742,0.57373,0.005596,0.053026,-0.066083,chewing,left_chewing,86.910,r_gy,non_chewing
6051093.0,-1.246582,1.463867,-0.155273,0.063152,0.018652,0.00453,-1.038086,-1.630859,0.563965,0.001599,0.023449,-0.062885,chewing,left_chewing,86.910,r_gy,non_chewing
6051103.0,-1.238281,1.461426,-0.169922,0.077541,0.022116,-0.007461,-1.038574,-1.625488,0.583984,0.011991,-0.014655,-0.051427,chewing,left_chewing,86.910,r_gy,non_chewing
6051113.0,-1.242676,1.465332,-0.154785,0.085002,0.024515,0.001865,-1.034668,-1.627441,0.612305,0.002931,0.001066,-0.057023,chewing,left_chewing,86.910,r_gy,non_chewing
6051123.0,-1.231934,1.477051,-0.178711,0.06475,0.080738,0.019718,-1.030273,-1.60498,0.586426,-0.011991,0.018386,-0.045565,chewing,left_chewing,86.910,r_gy,non_chewing
6051133.0,-1.229492,1.462402,-0.161133,0.065283,0.07834,0.031709,-1.032715,-1.617676,0.583008,-0.002931,0.075409,-0.05196,chewing,left_chewing,86.910,r_gy,non_chewing
6051143.0,-1.231445,1.466309,-0.161621,0.058888,0.078074,0.020518,-1.044434,-1.622559,0.580566,0.01732,0.083936,-0.04743,chewing,left_chewing,86.910,r_gy,non_chewing
6051153.0,-1.225098,1.460938,-0.163086,0.068747,0.073277,0.014123,-1.039551,-1.633301,0.572754,0.002931,0.096459,-0.030377,chewing,left_chewing,86.910,r_gy,non_chewing
6051163.0,-1.219238,1.462891,-0.166992,0.073277,0.06555,-0.003464,-1.049316,-1.625977,0.570801,-0.005862,0.083936,-0.015988,chewing,left_chewing,86.910,r_gy,non_chewing
6051173.0,-1.228027,1.45166,-0.171387,0.085534,0.053292,0.0,-1.04541,-1.637695,0.586914,-0.020251,0.10392,-0.009859,chewing,left_chewing,86.910,r_gy,non_chewing
6051183.0,-1.240234,1.459473,-0.168945,0.067149,0.043167,0.009859,-1.048828,-1.631836,0.581055,-0.014922,0.090864,0.004796,chewing,left_chewing,86.910,r_gy,non_chewing
6051193.0,-1.241211,1.44873,-0.171875,0.028245,0.035972,0.00826,-1.061035,-1.628418,0.582031,-0.002665,0.096992,-0.003198,chewing,left_chewing,86.910,r_gy,non_chewing
6051203.0,-1.238281,1.458008,-0.156738,0.005063,0.045565,0.01359,-1.074219,-1.630371,0.583008,-0.018919,0.089265,0.011991,chewing,left_chewing,86.910,r_gy,non_chewing
6051213.0,-1.240723,1.459961,-0.154785,0.002132,0.035706,0.011458,-1.07959,-1.626953,0.585449,-0.02558,0.086867,0.014655,chewing,left_chewing,86.910,r_gy,non_chewing
6051223.0,-1.237305,1.480957,-0.168945,-0.002665,0.020251,0.009859,-1.074707,-1.626953,0.572754,-0.028245,0.103654,-0.015455,chewing,left_chewing,86.910,r_gy,non_chewing
6051233.0,-1.227051,1.48291,-0.178223,0.010392,-0.009326,-0.003198,-1.067871,-1.633301,0.588379,-0.022383,0.146821,-0.063152,chewing,left_chewing,86.910,r_gy,non_chewing
6051243.0,-1.231445,1.477539,-0.182129,0.030643,-0.047963,-0.009859,-1.069824,-1.618652,0.579102,-0.001332,0.14389,-0.063685,chewing,left_chewing,86.910,r_gy,non_chewing
6051253.0,-1.243164,1.477539,-0.173828,0.075409,-0.073011,-0.019452,-1.06543,-1.624023,0.570801,0.000799,0.112181,0.00906,chewing,left_chewing,86.910,r_gy,non_chewing
6051263.0,-1.25,1.473633,-0.174805,0.089531,-0.073277,-0.003997,-1.06543,-1.636719,0.587402,0.005862,0.113513,-0.072211,chewing,left_chewing,86.910,r_gy,non_chewing
6051273.0,-1.246094,1.467773,-0.174805,0.096459,-0.059688,-0.013856,-1.061523,-1.625,0.581055,-0.005329,0.096193,-0.033308,chewing,left_chewing,86.910,r_gy,non_chewing
6051283.0,-1.25293,1.465332,-0.185059,0.124172,-0.042368,-0.029844,-1.047363,-1.618652,0.57666,0.001332,0.084735,-0.03011,chewing,left_chewing,87.980,r_gy,non_chewing
6051293.0,-1.26123,1.452148,-0.168457,0.119109,-0.037838,-0.02185,-1.057129,-1.611816,0.585937,-0.014123,0.068214,-0.044766,chewing,left_chewing,87.980,r_gy,non_chewing
6051303.0,-1.257324,1.45752,-0.180664,0.118842,-0.02558,-0.024781,-1.046875,-1.612793,0.586914,0.002931,0.050095,0.007727,chewing,left_chewing,87.980,r_gy,non_chewing
6051313.0,-1.254883,1.454102,-0.165527,0.178796,0.01359,-0.011991,-1.02832,-1.607422,0.593262,-0.009326,0.085268,-0.026113,chewing,left_chewing,87.980,r_gy,non_chewing
6051323.0,-1.258301,1.441406,-0.169922,0.114845,0.036505,0.002931,-1.059082,-1.608398,0.587891,-0.037305,0.056757,0.008793,chewing,left_chewing,87.980,r_gy,non_chewing
6051333.0,-1.259766,1.445801,-0.175293,0.033841,0.09113,0.020784,-1.069824,-1.605957,0.583008,-0.069547,0.033841,0.045032,chewing,left_chewing,87.980,r_gy,non_chewing
6051343.0,-1.266113,1.416504,-0.166504,0.002132,0.12204,0.030377,-1.080078,-1.629883,0.57666,-0.062885,0.031443,0.061553,chewing,left_chewing,87.980,r_gy,non_chewing
6051353.0,-1.267578,1.421875,-0.165039,-0.01359,0.096992,0.007461,-1.092773,-1.620605,0.568848,-0.08207,0.032242,0.092995,chewing,left_chewing,87.980,r_gy,non_chewing
6051363.0,-1.27002,1.436035,-0.164551,-0.003464,0.084202,0.023449,-1.090332,-1.62793,0.574219,-0.062885,0.007461,0.137761,chewing,left_chewing,87.980,r_gy,non_chewing
6051373.0,-1.265625,1.437988,-0.160645,-0.014123,0.09566,0.023715,-1.082031,-1.620117,0.608887,-0.063685,0.021051,0.150285,chewing,left_chewing,87.980,r_gy,non_chewing
6051383.0,-1.251953,1.462402,-0.202148,-0.017054,0.101256,0.00453,-1.085938,-1.626953,0.569824,-0.081271,0.045565,0.149485,chewing,left_chewing,87.980,r_gy,non_chewing
6051393.0,-1.248535,1.479004,-0.15918,-0.010126,0.091397,0.02185,-1.055176,-1.638672,0.581055,-0.067948,0.061286,0.096726,chewing,left_chewing,87.980,r_gy,non_chewing
6051403.0,-1.231445,1.477051,-0.179199,0.001332,0.094061,0.026913,-1.063477,-1.628906,0.567871,-0.04823,0.122306,0.039703,chewing,left_chewing,87.980,r_gy,non_chewing
6051413.0,-1.224609,1.492188,-0.18457,0.00826,0.085268,0.028511,-1.058105,-1.637207,0.575195,-0.037305,0.118043,0.024781,chewing,left_chewing,87.980,r_gy,non_chewing
6051423.0,-1.238281,1.495117,-0.175293,0.042634,0.06928,0.020784,-1.073242,-1.626465,0.57666,-0.032508,0.133498,-0.0437,chewing,left_chewing,87.980,r_gy,non_chewing
6051433.0,-1.24707,1.494141,-0.173828,0.067415,0.059688,-0.004263,-1.071777,-1.617676,0.584961,-0.025314,0.087133,-0.021051,chewing,left_chewing,87.980,r_gy,non_chewing
6051443.0,-1.235352,1.484375,-0.131836,0.075142,0.054358,-0.024248,-1.054199,-1.615723,0.567871,-0.015455,0.076208,-0.038371,chewing,left_chewing,87.980,r_gy,non_chewing
6051453.0,-1.249023,1.45752,-0.210449,0.087933,0.037571,-0.005329,-1.087402,-1.616699,0.570312,-0.048763,0.060753,-0.029044,chewing,left_chewing,87.980,r_gy,non_chewing
6051463.0,-1.260254,1.436035,-0.17334,0.081804,0.026913,0.016521,-1.049805,-1.641113,0.602051,-0.025314,0.010658,-0.023449,chewing,left_chewing,87.980,r_gy,non_chewing
6051473.0,-1.242676,1.453125,-0.141113,0.029577,0.059155,0.031975,-1.032715,-1.625,0.583496,0.00906,0.023449,-0.072211,chewing,left_chewing,87.980,r_gy,non_chewing
6051483.0,-1.242188,1.461426,-0.161133,0.0,0.049296,0.045299,-1.043457,-1.617676,0.566406,0.018652,0.027979,-0.124704,chewing,left_chewing,87.980,r_gy,non_chewing
6051493.0,-1.224609,1.46875,-0.175293,-0.021051,0.060221,0.045565,-1.043945,-1.60498,0.547363,0.015188,0.034107,-0.157746,chewing,left_chewing,87.980,r_gy,non_chewing
6051503.0,-1.21582,1.478027,-0.175781,0.010925,0.049296,0.043966,-1.054688,-1.605469,0.546875,0.00826,0.041035,-0.140426,chewing,left_chewing,87.980,r_gy,non_chewing
6051513.0,-1.232422,1.47998,-0.187012,0.059688,0.043433,0.030643,-1.052246,-1.599121,0.564453,-0.005063,0.0429,-0.085801,chewing,left_chewing,87.980,r_gy,non_chewing
6051523.0,-1.228027,1.480957,-0.165039,0.102322,0.055691,-0.013856,-1.049316,-1.604004,0.567871,-0.027712,0.037305,-0.031443,chewing,left_chewing,87.980,r_gy,non_chewing
6051533.0,-1.246094,1.461426,-0.181641,0.159078,0.072478,-0.054625,-1.067871,-1.609863,0.556641,-0.029577,0.039703,0.014922,chewing,left_chewing,87.980,r_gy,non_chewing
6051543.0,-1.250977,1.447754,-0.183105,0.168937,0.086867,-0.053559,-1.068359,-1.606934,0.557129,-0.058355,0.092196,0.024248,chewing,left_chewing,87.980,r_gy,non_chewing
6051553.0,-1.260254,1.416992,-0.178711,0.183859,0.088732,-0.040236,-1.09375,-1.598145,0.576172,-0.047963,0.113247,0.025314,chewing,left_chewing,87.980,r_gy,non_chewing
6051563.0,-1.25293,1.420898,-0.168457,0.158545,0.102588,-0.037571,-1.086426,-1.608887,0.582031,-0.067415,0.141758,0.025847,chewing,left_chewing,87.980,r_gy,non_chewing
6051573.0,-1.258789,1.415039,-0.193848,0.090597,0.117776,-0.024248,-1.09375,-1.634277,0.566406,-0.084469,0.168937,0.03544,chewing,left_chewing,87.980,r_gy,non_chewing
6051583.0,-1.258301,1.424316,-0.180176,0.030643,0.096459,-0.009593,-1.087402,-1.65332,0.578613,-0.079139,0.16494,0.060221,chewing,left_chewing,87.980,r_gy,non_chewing
6051593.0,-1.250488,1.449707,-0.187012,0.005862,0.057023,0.030643,-1.064453,-1.682129,0.595215,-0.063152,0.140159,0.065816,chewing,left_chewing,87.980,r_gy,non_chewing
6051603.0,-1.246582,1.458984,-0.173828,0.023715,-0.005329,0.051427,-1.068359,-1.667969,0.60498,-0.018386,0.151617,0.042634,chewing,left_chewing,87.980,r_gy,non_chewing
6051613.0,-1.241699,1.47168,-0.169434,0.030643,-0.061819,0.049828,-1.080566,-1.650879,0.594238,0.009593,0.157479,0.010126,chewing,left_chewing,87.980,r_gy,non_chewing
6051623.0,-1.232422,1.487305,-0.145508,0.0437,-0.090597,0.027179,-1.081543,-1.62793,0.562988,0.010658,0.160677,-0.011991,chewing,left_chewing,87.980,r_gy,non_chewing
6051633.0,-1.234375,1.516113,-0.170898,0.058089,-0.093795,0.015988,-1.086914,-1.613281,0.526367,-0.02185,0.158545,-0.028778,chewing,left_chewing,87.980,r_gy,non_chewing
6051643.0,-1.241211,1.505371,-0.189453,0.067149,-0.077541,0.015988,-1.088867,-1.604004,0.53125,-0.046364,0.144156,-0.065283,chewing,left_chewing,87.980,r_gy,non_chewing
6051653.0,-1.25293,1.502441,-0.201172,0.078606,-0.06928,0.024515,-1.079102,-1.62793,0.578613,-0.019452,0.102055,-0.101256,chewing,left_chewing,87.980,r_gy,non_chewing
6051663.0,-1.25,1.492188,-0.178711,0.088466,-0.066083,0.031975,-1.060059,-1.615723,0.576172,0.01359,0.074077,-0.135096,chewing,left_chewing,87.980,r_gy,non_chewing
6051673.0,-1.246582,1.478516,-0.189453,0.087933,-0.051694,0.029577,-1.052246,-1.623047,0.566406,0.036505,0.024248,-0.14389,chewing,left_chewing,87.980,r_gy,non_chewing
6051683.0,-1.256348,1.477051,-0.178223,0.11298,-0.054092,0.045565,-1.058105,-1.621094,0.562988,0.045299,0.014389,-0.154548,chewing,left_chewing,87.980,r_gy,non_chewing
6051693.0,-1.266602,1.46875,-0.185059,0.133231,-0.042634,0.051694,-1.049805,-1.623047,0.571289,0.015188,-0.003997,-0.135096,chewing,left_chewing,87.980,r_gy,non_chewing
6051703.0,-1.271484,1.456543,-0.171875,0.165207,-0.001332,0.050095,-1.043457,-1.602539,0.567871,0.015721,0.019185,-0.102855,chewing,left_chewing,87.980,r_gy,non_chewing
6051713.0,-1.270508,1.43457,-0.177734,0.166539,0.033308,0.036772,-1.051758,-1.598145,0.57959,0.006662,0.023982,-0.083403,chewing,left_chewing,87.980,r_gy,non_chewing
6051723.0,-1.266602,1.438477,-0.168457,0.201179,0.092196,0.037038,-1.057617,-1.589844,0.575684,0.00453,0.062619,-0.054092,chewing,left_chewing,87.980,r_gy,non_chewing
6051733.0,-1.257324,1.427734,-0.17334,0.188389,0.120974,0.037838,-1.070313,-1.59668,0.553711,-0.011458,0.05196,-0.006395,chewing,left_chewing,87.980,r_gy,non_chewing
6051743.0,-1.245605,1.427246,-0.19873,0.179063,0.13856,0.025847,-1.059082,-1.615234,0.584961,-0.028778,0.040236,0.026646,chewing,left_chewing,87.980,r_gy,non_chewing
6051753.0,-1.243164,1.413574,-0.163086,0.168404,0.127103,0.016254,-1.061035,-1.619141,0.569336,-0.015455,0.083403,0.019718,chewing,left_chewing,87.980,r_gy,non_chewing
6051763.0,-1.227539,1.41748,-0.169434,0.138827,0.128435,0.006395,-1.078125,-1.601074,0.532715,-0.057556,0.118309,0.033841,chewing,left_chewing,87.980,r_gy,non_chewing
6051773.0,-1.23584,1.43457,-0.208008,0.111381,0.100723,0.002398,-1.088379,-1.630859,0.566895,-0.064484,0.107651,0.055158,chewing,left_chewing,87.980,r_gy,non_chewing
6051783.0,-1.250977,1.442383,-0.196777,0.067681,0.06555,0.001599,-1.083496,-1.639648,0.568848,-0.08207,0.084735,0.105519,chewing,left_chewing,87.980,r_gy,non_chewing
6051793.0,-1.234863,1.466797,-0.192871,0.028245,0.058355,0.004263,-1.07373,-1.65332,0.578125,-0.066882,0.110315,0.10845,chewing,left_chewing,87.980,r_gy,non_chewing
6051803.0,-1.249023,1.466797,-0.183594,-0.013323,0.054092,0.02558,-1.078613,-1.651855,0.575195,-0.044233,0.109516,0.085002,chewing,left_chewing,87.980,r_gy,non_chewing
6051813.0,-1.23877,1.486328,-0.180664,-0.031176,0.040769,0.045299,-1.088379,-1.643555,0.570312,-0.033574,0.11298,0.043966,chewing,left_chewing,77.300,r_gy,non_chewing
6051823.0,-1.230469,1.492188,-0.195312,-0.04743,0.008527,0.038371,-1.081543,-1.63623,0.587891,-0.024248,0.08287,0.00373,chewing,left_chewing,77.300,r_gy,non_chewing
6051833.0,-1.224121,1.48584,-0.183105,-0.023715,-0.01732,0.011458,-1.07373,-1.638672,0.586426,-0.015188,0.062619,-0.024248,chewing,left_chewing,77.300,r_gy,non_chewing
6051843.0,-1.23584,1.479004,-0.191406,-0.034907,-0.031975,-0.007194,-1.063965,-1.63623,0.597656,-0.00373,0.010392,-0.043167,chewing,left_chewing,77.300,r_gy,non_chewing
6051853.0,-1.253418,1.47998,-0.198242,-0.027179,-0.032508,-0.013323,-1.0625,-1.632813,0.598633,0.003198,-0.039969,-0.059688,chewing,left_chewing,77.300,r_gy,non_chewing
6051863.0,-1.250977,1.476074,-0.190918,-0.021317,-0.031975,-0.024781,-1.04248,-1.623535,0.62207,0.018652,-0.095127,-0.068747,chewing,left_chewing,77.300,r_gy,non_chewing
6051873.0,-1.269043,1.459961,-0.175293,0.005862,-0.01279,-0.005596,-1.032227,-1.611328,0.604492,0.033841,-0.107651,-0.075409,chewing,left_chewing,77.300,r_gy,non_chewing
6051883.0,-1.261719,1.458008,-0.171387,0.021051,0.012257,0.006928,-1.032715,-1.591309,0.600586,0.032508,-0.080205,-0.071412,chewing,left_chewing,77.300,r_gy,non_chewing
6051893.0,-1.26123,1.45752,-0.177246,0.028511,0.064217,0.020251,-1.023926,-1.599121,0.598145,0.015455,-0.062619,-0.040769,chewing,left_chewing,77.300,r_gy,non_chewing
6051903.0,-1.250977,1.450195,-0.182129,0.046897,0.103654,0.020784,-1.029297,-1.599609,0.570801,0.011724,-0.040236,-0.025047,chewing,left_chewing,77.300,r_gy,non_chewing
6051913.0,-1.256348,1.438477,-0.209961,0.126303,0.100989,0.019718,-1.041016,-1.59375,0.565918,0.002931,-0.005329,-0.010925,chewing,left_chewing,77.300,r_gy,non_chewing
6051923.0,-1.246582,1.423828,-0.201172,0.178796,0.076741,0.002931,-1.056152,-1.601074,0.546875,-0.000266,-0.001865,0.029577,chewing,left_chewing,77.300,r_gy,non_chewing
6051933.0,-1.260254,1.421875,-0.193848,0.239017,0.053825,-0.006928,-1.078125,-1.60791,0.556641,-0.014655,-0.008527,0.071145,chewing,left_chewing,77.300,r_gy,non_chewing
6051943.0,-1.259277,1.413086,-0.187012,0.2606,0.033841,-0.034374,-1.088379,-1.603516,0.569336,-0.026913,-0.005596,0.094061,chewing,left_chewing,77.300,r_gy,non_chewing
6051953.0,-1.264648,1.41748,-0.183105,0.229158,0.045299,-0.033574,-1.099121,-1.606445,0.572266,-0.040236,0.019718,0.077541,chewing,left_chewing,77.300,r_gy,non_chewing
6051963.0,-1.256348,1.415039,-0.178711,0.20038,0.066349,-0.012524,-1.102539,-1.601074,0.552734,-0.05649,0.083936,0.055424,chewing,left_chewing,77.300,r_gy,non_chewing
6051973.0,-1.235352,1.419434,-0.178711,0.151084,0.071145,0.00453,-1.109863,-1.608887,0.56543,-0.058622,0.136962,0.035972,chewing,left_chewing,77.300,r_gy,non_chewing
6051983.0,-1.227051,1.42041,-0.196777,0.116444,0.03544,0.020784,-1.087402,-1.626465,0.569824,-0.053026,0.160677,0.033574,chewing,left_chewing,77.300,r_gy,non_chewing
6051993.0,-1.232422,1.435059,-0.205078,0.041835,0.002665,0.021317,-1.097656,-1.631836,0.5625,-0.042101,0.147887,0.035706,chewing,left_chewing,77.300,r_gy,non_chewing
6052003.0,-1.224609,1.452637,-0.175781,-0.007461,-0.043433,0.036772,-1.104004,-1.63623,0.583496,-0.046897,0.088199,0.057289,chewing,left_chewing,77.300,r_gy,non_chewing
6052013.0,-1.231934,1.462891,-0.1875,-0.021051,-0.099391,0.053559,-1.095215,-1.647949,0.578613,-0.026913,0.078606,0.029577,chewing,left_chewing,77.300,r_gy,non_chewing
6052023.0,-1.229004,1.480469,-0.189941,-0.053026,-0.138028,0.046098,-1.102539,-1.654297,0.584961,-0.005596,0.044233,-0.018919,chewing,left_chewing,77.300,r_gy,non_chewing
6052033.0,-1.244141,1.493652,-0.181152,-0.058622,-0.197715,0.025314,-1.087402,-1.649414,0.575195,0.004796,0.024248,-0.045032,chewing,left_chewing,77.300,r_gy,non_chewing
6052043.0,-1.235352,1.510254,-0.184082,-0.1303,-0.169737,-0.007461,-1.081543,-1.631348,0.576172,-0.005596,-0.029844,-0.047697,chewing,left_chewing,77.300,r_gy,non_chewing
6052053.0,-1.258301,1.510742,-0.191895,-0.105519,-0.154282,0.001599,-1.04541,-1.620117,0.584961,0.015188,-0.055691,-0.095394,chewing,left_chewing,77.300,r_gy,non_chewing
6052063.0,-1.263184,1.497559,-0.185059,-0.099657,-0.159078,-0.018386,-1.047852,-1.619141,0.56543,0.018386,-0.086067,-0.109783,chewing,left_chewing,77.300,r_gy,non_chewing
6052073.0,-1.270996,1.498535,-0.192383,-0.079139,-0.126303,-0.021051,-1.039551,-1.611328,0.5625,0.048763,-0.106851,-0.135629,chewing,left_chewing,77.300,r_gy,non_chewing
6052083.0,-1.273926,1.483398,-0.193359,-0.07008,-0.054358,-0.00906,-1.04541,-1.609863,0.559082,0.049296,-0.136962,-0.146288,chewing,left_chewing,77.300,r_gy,non_chewing
6052093.0,-1.270508,1.462402,-0.228027,-0.039969,-0.003464,0.01732,-1.04834,-1.582031,0.530762,0.0437,-0.135629,-0.134031,chewing,left_chewing,77.300,r_gy,non_chewing
6052103.0,-1.269043,1.451172,-0.203125,-0.019185,0.011458,0.014389,-1.071777,-1.604004,0.563477,0.057023,-0.142025,-0.136695,chewing,left_chewing,77.300,r_gy,non_chewing
6052113.0,-1.271973,1.43457,-0.17041,0.022916,-0.008527,-0.008793,-1.0625,-1.624512,0.625,0.10845,-0.171069,-0.085268,chewing,left_chewing,77.300,r_gy,non_chewing
6052123.0,-1.26416,1.438965,-0.145996,0.075409,-0.037571,-0.013057,-1.047852,-1.612793,0.603516,0.105519,-0.146021,-0.045299,chewing,left_chewing,77.300,r_gy,non_chewing
6052133.0,-1.268555,1.434082,-0.214844,0.135096,-0.039969,-0.017054,-1.086914,-1.57666,0.559082,0.010392,-0.120708,-0.001865,chewing,left_chewing,77.300,r_gy,non_chewing
6052143.0,-1.27002,1.433594,-0.131836,0.181461,-0.043167,-0.033041,-1.06543,-1.616211,0.627441,0.055957,-0.080205,0.037038,chewing,left_chewing,77.300,r_gy,non_chewing
6052153.0,-1.280762,1.416504,-0.173828,0.164407,-0.025314,-0.041035,-1.100586,-1.599121,0.583496,-0.023182,-0.069014,0.079406,chewing,left_chewing,77.300,r_gy,non_chewing
6052163.0,-1.273926,1.413574,-0.161621,0.118576,0.038904,0.0,-1.080566,-1.620117,0.574219,-0.029044,0.020784,0.045299,chewing,left_chewing,77.300,r_gy,non_chewing
6052173.0,-1.275879,1.410156,-0.160156,0.074876,0.060487,0.010658,-1.083008,-1.615723,0.569824,-0.039969,0.081538,0.027712,chewing,left_chewing,77.300,r_gy,non_chewing
6052183.0,-1.283691,1.422852,-0.161133,0.045032,0.057023,0.037571,-1.092285,-1.626465,0.584961,-0.041835,0.075142,0.053559,chewing,left_chewing,77.300,r_gy,non_chewing
6052193.0,-1.266602,1.450684,-0.166016,0.019985,0.042634,0.066882,-1.087402,-1.640137,0.578613,-0.053026,0.092462,0.061819,chewing,left_chewing,77.300,r_gy,non_chewing
6052203.0,-1.245117,1.457031,-0.166992,-0.003997,0.018919,0.080472,-1.097168,-1.64209,0.568848,-0.039969,0.062619,0.101789,chewing,left_chewing,77.300,r_gy,non_chewing
6052213.0,-1.242676,1.483887,-0.17627,-0.008527,-0.020784,0.071145,-1.089355,-1.640137,0.575684,-0.039703,0.040502,0.092462,chewing,left_chewing,77.300,r_gy,non_chewing
6052223.0,-1.254883,1.481934,-0.17627,-0.013057,-0.072478,0.071945,-1.081543,-1.622559,0.587402,-0.030377,0.030377,0.061553,chewing,left_chewing,77.300,r_gy,non_chewing
6052233.0,-1.253418,1.498047,-0.188477,-0.018386,-0.086334,0.073011,-1.074707,-1.62207,0.585937,-0.011991,-0.019718,0.024248,chewing,left_chewing,77.300,r_gy,non_chewing
6052243.0,-1.258789,1.48877,-0.175293,-0.007461,-0.114579,0.063685,-1.074219,-1.617676,0.603027,0.01279,-0.05276,-0.022116,chewing,left_chewing,77.300,r_gy,non_chewing
6052253.0,-1.279785,1.487793,-0.166992,-0.016254,-0.096459,0.067415,-1.062012,-1.609863,0.60791,0.038904,-0.106052,-0.040769,chewing,left_chewing,77.300,r_gy,non_chewing
6052263.0,-1.271973,1.486328,-0.169434,-0.012257,-0.067681,0.072211,-1.044434,-1.617188,0.609863,0.049296,-0.140692,-0.072211,chewing,left_chewing,77.300,r_gy,non_chewing
6052273.0,-1.27832,1.479004,-0.165039,-0.029577,-0.008793,0.081538,-1.030273,-1.596191,0.589844,0.038371,-0.142557,-0.102855,chewing,left_chewing,77.300,r_gy,non_chewing
6052283.0,-1.270996,1.46875,-0.19873,-0.014389,0.047963,0.097792,-1.038086,-1.573242,0.54834,0.020251,-0.127103,-0.120175,chewing,left_chewing,77.300,r_gy,non_chewing
6052293.0,-1.27002,1.458496,-0.18457,0.015455,0.105253,0.086067,-1.035156,-1.570313,0.57666,0.040502,-0.121507,-0.105519,chewing,left_chewing,77.300,r_gy,non_chewing
6052303.0,-1.266602,1.4375,-0.177734,0.099124,0.124971,0.05649,-1.038086,-1.575195,0.565918,0.011724,-0.118842,-0.056224,chewing,left_chewing,77.300,r_gy,non_chewing
6052313.0,-1.266602,1.431641,-0.183105,0.153482,0.138827,0.0429,-1.049805,-1.578125,0.592285,0.006129,-0.145755,0.034374,chewing,left_chewing,77.300,r_gy,non_chewing
6052323.0,-1.244141,1.424805,-0.214355,0.196649,0.150818,0.017853,-1.059082,-1.572754,0.583496,-0.01359,-0.144956,0.104986,chewing,left_chewing,77.300,r_gy,non_chewing
6052333.0,-1.238281,1.405762,-0.208008,0.181994,0.193185,0.026113,-1.111328,-1.516602,0.578613,0.015721,-0.094594,0.197715,chewing,left_chewing,77.471,r_gy,non_chewing
6052343.0,-1.240723,1.420898,-0.229004,0.151884,0.189721,0.015188,-1.077148,-1.580078,0.557617,-0.073011,-0.058622,0.186257,chewing,left_chewing,77.471,r_gy,non_chewing
6052353.0,-1.222168,1.407715,-0.203125,0.131632,0.199314,0.02185,-1.124023,-1.569336,0.525879,-0.090064,0.031443,0.191587,chewing,left_chewing,77.471,r_gy,non_chewing
6052363.0,-1.226074,1.421387,-0.182129,0.111381,0.219832,0.037838,-1.114258,-1.601074,0.541016,-0.089798,0.098058,0.212371,chewing,left_chewing,77.471,r_gy,non_chewing
6052373.0,-1.211914,1.427734,-0.173828,0.080472,0.228625,0.030377,-1.077637,-1.61377,0.562012,-0.10845,0.151084,0.148686,chewing,left_chewing,77.471,r_gy,non_chewing
6052383.0,-1.20752,1.441895,-0.154297,0.025847,0.219565,0.027446,-1.058594,-1.627441,0.587402,-0.078074,0.132432,0.224894,chewing,left_chewing,77.471,r_gy,non_chewing
6052393.0,-1.208008,1.456055,-0.175781,-0.004263,0.165473,0.015721,-1.09375,-1.637207,0.596191,-0.070346,0.087666,0.238217,chewing,left_chewing,77.471,r_gy,non_chewing
6052403.0,-1.200195,1.471191,-0.180176,-0.036772,0.149485,0.033308,-1.096191,-1.638672,0.603027,-0.048763,0.099657,0.172135,chewing,left_chewing,77.471,r_gy,non_chewing
6052413.0,-1.210938,1.478027,-0.1875,-0.086334,0.123106,0.03544,-1.105469,-1.633301,0.603027,-0.047697,0.026913,0.163075,chewing,left_chewing,77.471,r_gy,non_chewing
6052423.0,-1.208984,1.487793,-0.181641,-0.106585,0.089531,0.039703,-1.095703,-1.635254,0.608887,-0.023715,0.002665,0.107651,chewing,left_chewing,77.471,r_gy,non_chewing
6052433.0,-1.220703,1.508301,-0.191895,-0.103387,0.057822,0.038104,-1.073242,-1.640625,0.606934,0.001332,-0.009859,0.073011,chewing,left_chewing,77.471,r_gy,non_chewing
6052443.0,-1.216797,1.518066,-0.164551,-0.084202,0.060487,0.007194,-1.057129,-1.631836,0.592285,0.031443,0.022916,-0.041568,chewing,left_chewing,77.471,r_gy,non_chewing
6052453.0,-1.255371,1.498047,-0.207031,-0.071678,0.079139,-0.004263,-1.090332,-1.611328,0.570801,0.0437,-0.020784,-0.042368,chewing,left_chewing,77.471,r_gy,non_chewing
6052463.0,-1.26123,1.496094,-0.20752,-0.035972,0.066616,0.006129,-1.082031,-1.608398,0.585449,0.067149,-0.095127,-0.037038,chewing,left_chewing,77.471,r_gy,non_chewing
6052473.0,-1.264648,1.502441,-0.180176,0.014922,0.080205,0.025847,-1.053711,-1.603516,0.609863,0.077541,-0.148153,0.000533,chewing,left_chewing,77.471,r_gy,non_chewing
6052483.0,-1.261719,1.493164,-0.161621,0.011991,0.112714,0.025047,-1.05957,-1.581055,0.605469,0.031443,-0.172401,-0.038637,chewing,left_chewing,77.471,r_gy,non_chewing
6052493.0,-1.276855,1.47998,-0.190918,0.058355,0.116711,0.028778,-1.054688,-1.620117,0.600098,0.034374,-0.125504,-0.019452,chewing,left_chewing,77.471,r_gy,non_chewing
6052503.0,-1.253906,1.48877,-0.209961,0.098325,0.136695,0.021583,-1.066406,-1.606934,0.595703,0.067149,-0.198781,-0.010392,chewing,left_chewing,77.471,r_gy,non_chewing
6052513.0,-1.23877,1.481445,-0.193848,0.145755,0.131899,0.015988,-1.050293,-1.568848,0.621094,0.040502,-0.125504,-0.000533,chewing,left_chewing,77.471,r_gy,non_chewing
6052523.0,-1.219727,1.474609,-0.175781,0.168138,0.154282,0.006928,-1.037598,-1.58252,0.60791,0.056224,-0.018919,-0.086334,chewing,left_chewing,77.471,r_gy,non_chewing
6052533.0,-1.209473,1.468262,-0.177246,0.185458,0.145222,0.008527,-1.04248,-1.569824,0.59375,0.030643,0.073277,-0.086067,chewing,left_chewing,77.471,r_gy,non_chewing
6052543.0,-1.219727,1.457031,-0.193359,0.228625,0.135896,0.002132,-1.054688,-1.587891,0.581055,0.016787,0.094328,-0.064484,chewing,left_chewing,77.471,r_gy,non_chewing
6052553.0,-1.225586,1.439453,-0.19043,0.248876,0.109783,0.014123,-1.062012,-1.612793,0.59082,0.016521,0.108184,-0.039436,chewing,left_chewing,77.471,r_gy,non_chewing
6052563.0,-1.220215,1.419434,-0.160156,0.206242,0.106319,0.005063,-1.050293,-1.616699,0.611816,0.003464,0.135096,-0.016254,chewing,left_chewing,77.471,r_gy,non_chewing
6052573.0,-1.236328,1.402832,-0.171875,0.136962,0.111914,0.031709,-1.083496,-1.601563,0.583008,-0.03917,0.156147,0.014123,chewing,left_chewing,77.471,r_gy,non_chewing
6052583.0,-1.234375,1.401855,-0.200684,0.094328,0.079139,0.053825,-1.094238,-1.601074,0.57959,-0.051694,0.166806,0.009859,chewing,left_chewing,77.471,r_gy,non_chewing
6052593.0,-1.212891,1.42334,-0.187988,0.034374,0.045299,0.056757,-1.039063,-1.629883,0.614258,-0.119908,0.150551,-0.054891,chewing,left_chewing,77.471,r_gy,non_chewing
6052603.0,-1.200195,1.446777,-0.174805,-0.036505,0.028245,0.070879,-1.091309,-1.633789,0.621094,-0.063685,0.18759,0.060753,chewing,left_chewing,77.471,r_gy,non_chewing
6052613.0,-1.196777,1.476074,-0.18457,-0.07381,0.015188,0.057289,-1.077148,-1.604004,0.582031,-0.04823,0.225161,0.024781,chewing,left_chewing,77.471,r_gy,non_chewing
6052623.0,-1.192871,1.491699,-0.213867,-0.076741,-0.014123,0.06102,-1.081055,-1.625977,0.609863,-0.020518,0.198781,-0.003198,chewing,left_chewing,77.471,r_gy,non_chewing
6052633.0,-1.214844,1.485352,-0.175293,-0.088199,-0.030643,0.042634,-1.066895,-1.628418,0.617676,0.029044,0.191054,-0.058888,chewing,left_chewing,77.471,r_gy,non_chewing
6052643.0,-1.202148,1.506836,-0.16748,-0.073277,-0.059155,0.011458,-1.057617,-1.606445,0.58252,0.020518,0.206508,-0.107384,chewing,left_chewing,77.471,r_gy,non_chewing
6052653.0,-1.213867,1.494141,-0.217285,-0.045032,-0.08287,0.001599,-1.101563,-1.609863,0.596191,0.030643,0.160144,-0.121773,chewing,left_chewing,77.471,r_gy,non_chewing
6052663.0,-1.243652,1.476074,-0.188965,0.01279,-0.12204,-0.004796,-1.07959,-1.624023,0.638672,0.061553,0.103387,-0.12577,chewing,left_chewing,77.471,r_gy,non_chewing
6052673.0,-1.237305,1.469727,-0.15918,0.049562,-0.131366,-0.027712,-1.062012,-1.595703,0.614746,0.027179,0.092196,-0.10925,chewing,left_chewing,77.471,r_gy,non_chewing
6052683.0,-1.23584,1.481445,-0.22998,0.120708,-0.128435,-0.011458,-1.065918,-1.589844,0.603027,0.024248,0.014123,-0.045832,chewing,left_chewing,77.471,r_gy,non_chewing
6052693.0,-1.248047,1.463867,-0.197754,0.146821,-0.090864,-0.018919,-1.053711,-1.59668,0.653809,0.0437,0.034374,-0.047164,chewing,left_chewing,77.471,r_gy,non_chewing
6052703.0,-1.238281,1.458984,-0.180664,0.148953,-0.040769,-0.030377,-1.038574,-1.581543,0.611816,0.007194,0.105253,-0.075409,chewing,left_chewing,77.471,r_gy,non_chewing
6052713.0,-1.241211,1.45166,-0.219238,0.18306,-0.035173,-0.034907,-1.060547,-1.578613,0.597168,-0.012524,0.138827,-0.092196,chewing,left_chewing,77.471,r_gy,non_chewing
6052723.0,-1.254395,1.432129,-0.202148,0.225694,-0.042368,-0.029577,-1.053223,-1.588867,0.63916,0.005063,0.153216,-0.106851,chewing,left_chewing,77.471,r_gy,non_chewing
6052733.0,-1.246094,1.42627,-0.200195,0.184126,-0.038637,-0.038104,-1.061035,-1.572754,0.60498,-0.023982,0.18759,-0.110315,chewing,left_chewing,77.471,r_gy,non_chewing
6052743.0,-1.262695,1.428711,-0.21582,0.159345,-0.028245,-0.032242,-1.099609,-1.575195,0.602051,-0.051427,0.181194,-0.081538,chewing,left_chewing,77.471,r_gy,non_chewing
6052753.0,-1.262207,1.422852,-0.210937,0.137761,-0.018652,-0.032508,-1.073242,-1.597168,0.620605,-0.029844,0.191853,-0.03464,chewing,left_chewing,77.471,r_gy,non_chewing
6052763.0,-1.264648,1.422363,-0.193359,0.105519,-0.014922,-0.042101,-1.09668,-1.600586,0.601074,-0.046364,0.207041,0.013323,chewing,left_chewing,77.471,r_gy,non_chewing
6052773.0,-1.268066,1.434082,-0.217773,0.054092,0.005596,-0.05276,-1.100098,-1.612793,0.59668,-0.058888,0.166273,0.081005,chewing,left_chewing,77.471,r_gy,non_chewing
6052783.0,-1.263184,1.443848,-0.19043,0.017587,0.039436,-0.040769,-1.061523,-1.625488,0.623535,-0.089265,0.197982,0.069547,chewing,left_chewing,77.471,r_gy,non_chewing
6052793.0,-1.26416,1.447266,-0.196289,0.006928,0.057822,-0.03917,-1.058594,-1.630859,0.615723,-0.071412,0.134297,0.097792,chewing,left_chewing,77.471,r_gy,non_chewing
6052803.0,-1.257813,1.449707,-0.210937,0.001066,0.045832,-0.045832,-1.083984,-1.623047,0.608887,-0.077807,0.104187,0.107384,chewing,left_chewing,77.471,r_gy,non_chewing
6052813.0,-1.268066,1.452637,-0.214355,0.002132,0.029044,-0.06555,-1.083984,-1.623535,0.622559,-0.073277,0.070613,0.105253,chewing,left_chewing,77.471,r_gy,non_chewing
6052823.0,-1.267578,1.467773,-0.201172,0.021051,0.058089,-0.059155,-1.102539,-1.607422,0.608398,-0.069813,0.064217,0.077008,chewing,left_chewing,77.471,r_gy,non_chewing
6052833.0,-1.259277,1.485352,-0.205078,0.020784,0.059688,-0.049562,-1.104492,-1.609375,0.619141,-0.06102,0.029044,0.072744,chewing,left_chewing,77.471,r_gy,non_chewing
6052843.0,-1.269043,1.472656,-0.208984,0.047697,0.088199,-0.053292,-1.092773,-1.601074,0.623047,-0.046364,0.014922,0.031443,chewing,left_chewing,77.471,r_gy,non_chewing
6052853.0,-1.249512,1.469727,-0.217773,0.068481,0.085534,-0.042101,-1.085938,-1.587891,0.609863,-0.049562,0.032775,-0.03464,chewing,left_chewing,77.471,r_gy,non_chewing
6052863.0,-1.237793,1.47168,-0.227051,0.098591,0.070346,-0.037571,-1.078613,-1.574707,0.606445,-0.05276,0.058355,-0.088466,chewing,left_chewing,77.471,r_gy,non_chewing
6052873.0,-1.230957,1.453125,-0.236328,0.12657,0.050361,-0.029311,-1.081543,-1.577637,0.61084,-0.056224,0.081271,-0.114312,chewing,left_chewing,78.152,l_gy,non_chewing
6052883.0,-1.244141,1.438477,-0.239258,0.1311,0.019185,-0.011724,-1.078613,-1.575684,0.594238,-0.059954,0.110848,-0.116444,chewing,left_chewing,78.152,l_gy,non_chewing
6052893.0,-1.250977,1.418457,-0.226562,0.115112,0.001066,-0.008793,-1.080078,-1.585449,0.592285,-0.061819,0.128968,-0.146288,chewing,left_chewing,78.152,l_gy,non_chewing
6052903.0,-1.27002,1.416504,-0.228027,0.102855,-0.006395,0.007194,-1.087402,-1.578125,0.585937,-0.079672,0.094061,-0.099923,chewing,left_chewing,78.152,l_gy,non_chewing
6052913.0,-1.275391,1.407227,-0.203125,0.078606,0.016787,0.009326,-1.081055,-1.590332,0.581055,-0.098058,0.102855,-0.08207,chewing,left_chewing,78.152,l_gy,non_chewing
6052923.0,-1.289063,1.399902,-0.191895,0.028511,0.053026,0.015455,-1.090332,-1.588867,0.575195,-0.106851,0.111914,-0.06475,chewing,left_chewing,78.152,l_gy,non_chewing
6052933.0,-1.283691,1.407227,-0.193359,-0.037838,0.084202,0.019985,-1.098633,-1.598633,0.587402,-0.122573,0.097792,-0.051161,chewing,left_chewing,78.152,l_gy,non_chewing
6052943.0,-1.274414,1.431641,-0.191406,-0.085002,0.080472,0.018652,-1.105957,-1.597656,0.586914,-0.13483,0.076208,-0.01732,chewing,left_chewing,78.152,l_gy,non_chewing
6052953.0,-1.268066,1.44043,-0.17334,-0.128168,0.092196,0.029044,-1.088867,-1.613281,0.58252,-0.140159,0.070879,0.016521,chewing,left_chewing,78.152,l_gy,non_chewing
6052963.0,-1.25293,1.451172,-0.206055,-0.160144,0.081005,0.030377,-1.09082,-1.625488,0.585449,-0.133498,0.058089,0.044233,chewing,left_chewing,78.152,l_gy,non_chewing
6052973.0,-1.234863,1.464844,-0.177246,-0.193985,0.068481,0.014389,-1.091797,-1.634277,0.59668,-0.102055,0.044499,0.054891,chewing,left_chewing,78.152,l_gy,non_chewing
6052983.0,-1.235352,1.45752,-0.192871,-0.171868,0.019185,0.018652,-1.104492,-1.630371,0.563477,-0.117243,0.061819,0.03917,chewing,left_chewing,78.152,l_gy,non_chewing
6052993.0,-1.239258,1.466797,-0.191406,-0.154548,-0.039703,0.022116,-1.116699,-1.629883,0.560059,-0.124438,0.017853,0.027712,chewing,left_chewing,78.152,l_gy,non_chewing
6053003.0,-1.245117,1.465332,-0.149902,-0.136962,-0.078606,0.010658,-1.103516,-1.638672,0.606445,-0.074876,-0.025847,0.021583,chewing,left_chewing,78.152,l_gy,non_chewing
6053013.0,-1.249023,1.473145,-0.131836,-0.09113,-0.094061,-0.008793,-1.051758,-1.635254,0.621094,-0.03917,-0.01359,-0.010925,chewing,left_chewing,78.152,l_gy,non_chewing
6053023.0,-1.259766,1.467773,-0.150391,-0.073277,-0.073277,-0.02185,-1.063477,-1.622559,0.596191,-0.051161,-0.007994,-0.04823,chewing,left_chewing,78.152,l_gy,non_chewing
6053033.0,-1.261719,1.472656,-0.146484,-0.075942,-0.031443,-0.011991,-1.064453,-1.612305,0.589355,-0.056224,0.00826,-0.087133,chewing,left_chewing,78.152,l_gy,non_chewing
6053043.0,-1.25293,1.466309,-0.168457,-0.066349,0.019985,0.000533,-1.076172,-1.588867,0.566895,-0.060221,0.017853,-0.117243,chewing,left_chewing,78.152,l_gy,non_chewing
6053053.0,-1.274902,1.453613,-0.179199,-0.048496,0.022649,-0.018652,-1.085449,-1.584961,0.575684,-0.056224,0.034374,-0.130567,chewing,left_chewing,78.152,l_gy,non_chewing
6053063.0,-1.268066,1.45166,-0.171387,-0.001066,0.022649,-0.014123,-1.066406,-1.594727,0.597656,-0.058888,0.035706,-0.127369,chewing,left_chewing,78.152,l_gy,non_chewing
6053073.0,-1.245605,1.447266,-0.113281,0.035173,0.025314,-0.001066,-1.030273,-1.578125,0.564453,-0.027446,0.081005,-0.128435,chewing,left_chewing,78.152,l_gy,non_chewing
6053083.0,-1.243164,1.446777,-0.15918,0.070879,0.029044,-0.01279,-1.070801,-1.556641,0.537109,-0.070346,0.107651,-0.075142,chewing,left_chewing,78.152,l_gy,non_chewing
6053093.0,-1.242676,1.440918,-0.15918,0.090597,0.023715,-0.040769,-1.068359,-1.563965,0.491699,-0.098858,0.136695,-0.069014,chewing,left_chewing,78.152,l_gy,non_chewing
6053103.0,-1.244629,1.438477,-0.15918,0.117243,0.015988,-0.043433,-1.106934,-1.564941,0.497559,-0.123372,0.162009,-0.023715,chewing,left_chewing,78.152,l_gy,non_chewing
6053113.0,-1.249023,1.427246,-0.178223,0.111648,0.023449,-0.031709,-1.114746,-1.568359,0.495117,-0.131366,0.144423,0.013856,chewing,left_chewing,78.152,l_gy,non_chewing
6053123.0,-1.260254,1.42627,-0.195312,0.112447,0.017853,-0.030643,-1.12207,-1.587891,0.509277,-0.138028,0.152417,0.030377,chewing,left_chewing,78.152,l_gy,non_chewing
6053133.0,-1.262207,1.431152,-0.195312,0.07834,0.014922,-0.025314,-1.119141,-1.616699,0.522949,-0.12657,0.142291,0.045565,chewing,left_chewing,78.152,l_gy,non_chewing
6053143.0,-1.260254,1.443359,-0.205078,0.045832,0.02558,-0.009326,-1.121582,-1.625,0.538086,-0.121773,0.175332,0.058622,chewing,left_chewing,78.152,l_gy,non_chewing
6053153.0,-1.250977,1.468262,-0.19873,0.028245,0.027446,0.002665,-1.11084,-1.63916,0.544922,-0.116977,0.170802,0.08287,chewing,left_chewing,78.152,l_gy,non_chewing
6053163.0,-1.243652,1.47168,-0.205078,0.009326,0.02185,-0.003198,-1.096191,-1.651367,0.556152,-0.11298,0.188123,0.047697,chewing,left_chewing,78.152,l_gy,non_chewing
6053173.0,-1.237793,1.495605,-0.207031,0.00826,0.015988,-0.031443,-1.09375,-1.633301,0.554199,-0.100723,0.189455,0.03544,chewing,left_chewing,78.152,l_gy,non_chewing
6053183.0,-1.234375,1.499023,-0.208984,0.012257,-0.005596,-0.027179,-1.094727,-1.627441,0.563477,-0.07008,0.181727,-0.007727,chewing,left_chewing,78.152,l_gy,non_chewing
6053193.0,-1.237793,1.49707,-0.19043,0.018652,-0.030377,-0.026913,-1.091797,-1.612793,0.564941,-0.042634,0.135896,-0.007461,chewing,left_chewing,78.152,l_gy,non_chewing
6053203.0,-1.248535,1.479492,-0.192871,0.039436,-0.051427,-0.015188,-1.088379,-1.61084,0.562988,-0.031709,0.091663,-0.037838,chewing,left_chewing,78.152,l_gy,non_chewing
6053213.0,-1.270508,1.474609,-0.166992,0.053559,-0.08207,-0.010126,-1.071289,-1.634766,0.561035,0.009326,0.080472,-0.127902,chewing,left_chewing,78.152,l_gy,non_chewing
6053223.0,-1.270508,1.47168,-0.156738,0.049562,-0.072744,-0.024781,-1.066406,-1.608398,0.547852,0.023715,0.06928,-0.145222,chewing,left_chewing,78.152,l_gy,non_chewing
6053233.0,-1.28125,1.464355,-0.180664,0.053825,-0.047963,-0.005596,-1.07666,-1.60498,0.558594,0.018652,0.103654,-0.192919,chewing,left_chewing,78.152,l_gy,non_chewing
6053243.0,-1.27832,1.45752,-0.177246,0.063418,-0.032775,0.014922,-1.067871,-1.603027,0.57666,0.026913,0.095394,-0.193985,chewing,left_chewing,78.152,l_gy,non_chewing
6053253.0,-1.270996,1.456055,-0.177734,0.074343,-0.001066,0.035173,-1.044922,-1.640137,0.562012,-0.011724,0.119375,-0.136962,chewing,left_chewing,78.152,l_gy,non_chewing
6053263.0,-1.258789,1.448242,-0.1875,0.075942,0.039703,0.05196,-1.040527,-1.591309,0.571777,-0.035706,0.088732,-0.02185,chewing,left_chewing,78.152,l_gy,non_chewing
6053273.0,-1.255371,1.450684,-0.177734,0.102055,0.075409,0.032508,-1.048828,-1.604492,0.566895,-0.058089,0.108184,0.012524,chewing,left_chewing,78.152,l_gy,non_chewing
6053283.0,-1.256836,1.443848,-0.181641,0.124971,0.085801,0.018919,-1.078613,-1.599609,0.549316,-0.078606,0.096726,0.00906,chewing,left_chewing,78.152,l_gy,non_chewing
6053293.0,-1.254883,1.428223,-0.174805,0.159877,0.076741,0.011724,-1.055664,-1.59082,0.554687,-0.026913,0.108184,-0.037838,chewing,left_chewing,78.152,l_gy,non_chewing
6053303.0,-1.258301,1.42041,-0.164062,0.182793,0.051694,0.011724,-1.077148,-1.59375,0.536133,-0.027179,0.104453,0.015188,chewing,left_chewing,78.152,l_gy,non_chewing
6053313.0,-1.258301,1.417969,-0.185059,0.191054,0.02558,0.010658,-1.102539,-1.595215,0.559082,-0.016254,0.151084,-0.024515,chewing,left_chewing,78.152,l_gy,non_chewing
6053323.0,-1.265137,1.405273,-0.178711,0.181727,0.025314,0.007994,-1.114746,-1.599121,0.569336,-0.03464,0.215302,-0.030377,chewing,left_chewing,78.152,l_gy,non_chewing
6053333.0,-1.265137,1.405762,-0.177246,0.162009,0.018119,0.005063,-1.111816,-1.598633,0.551758,-0.041302,0.282184,-0.006395,chewing,left_chewing,78.152,l_gy,non_chewing
6053343.0,-1.263672,1.40918,-0.172363,0.113247,0.038104,-0.014389,-1.132813,-1.61084,0.534668,-0.061819,0.27792,0.069547,chewing,left_chewing,78.152,l_gy,non_chewing
6053353.0,-1.258301,1.42627,-0.174805,0.045299,0.028245,0.034374,-1.099121,-1.627441,0.562988,-0.038104,0.296573,0.041835,chewing,left_chewing,78.152,l_gy,non_chewing
6053363.0,-1.246582,1.436035,-0.180664,-0.012524,0.014123,0.027712,-1.099121,-1.782715,0.54248,0.062885,0.45725,0.433268,chewing,left_chewing,78.152,l_gy,non_chewing
6053373.0,-1.23584,1.469727,-0.184082,-0.024248,-0.016254,0.04743,-1.10498,-1.647949,0.537598,0.00906,0.342671,0.154548,chewing,left_chewing,78.152,l_gy,non_chewing
6053383.0,-1.244629,1.478516,-0.173828,-0.030643,-0.050095,0.069547,-1.100098,-1.630859,0.540039,0.026113,0.296573,0.054625,chewing,left_chewing,78.152,l_gy,non_chewing
6053393.0,-1.233887,1.490723,-0.1875,-0.03917,-0.085268,0.056757,-1.107422,-1.62207,0.542969,0.029044,0.202778,0.029577,chewing,left_chewing,78.152,l_gy,non_chewing
6053403.0,-1.254395,1.489258,-0.186035,-0.023182,-0.126037,0.018386,-1.090332,-1.611816,0.560547,0.011991,0.12657,-0.021317,chewing,left_chewing,85.667,r_gy,non_chewing
6053413.0,-1.257324,1.483887,-0.191895,-0.006129,-0.129501,-0.001332,-1.077637,-1.606934,0.547852,0.018119,0.0429,-0.049562,chewing,left_chewing,85.667,r_gy,non_chewing
6053423.0,-1.268555,1.478027,-0.181152,0.018652,-0.111115,-0.001865,-1.066406,-1.602051,0.544922,0.02558,0.03464,-0.096193,chewing,left_chewing,85.667,r_gy,non_chewing
6053433.0,-1.282227,1.467773,-0.175781,0.025314,-0.081804,-0.005329,-1.066895,-1.602051,0.537109,0.019718,0.011191,-0.092462,chewing,left_chewing,85.667,r_gy,non_chewing
6053443.0,-1.282715,1.456543,-0.171387,0.037838,-0.043966,-0.008527,-1.07959,-1.59668,0.530762,0.009593,0.002931,-0.09566,chewing,left_chewing,85.667,r_gy,non_chewing
6053453.0,-1.289551,1.456055,-0.175781,0.028245,0.015721,0.010658,-1.059082,-1.594727,0.543945,-0.002132,0.001066,-0.098325,chewing,left_chewing,85.667,r_gy,non_chewing
6053463.0,-1.275879,1.452148,-0.182129,0.041835,0.0437,0.031176,-1.056641,-1.59082,0.566895,0.015188,0.000533,-0.083669,chewing,left_chewing,85.667,r_gy,non_chewing
6053473.0,-1.258301,1.44043,-0.189941,0.063418,0.063152,0.025847,-1.046387,-1.59668,0.596191,0.037571,0.030643,-0.103387,chewing,left_chewing,85.667,r_gy,non_chewing
6053483.0,-1.255859,1.425293,-0.185059,0.084735,0.080205,0.018386,-1.046387,-1.579102,0.59375,0.023182,0.046098,-0.097792,chewing,left_chewing,85.667,r_gy,non_chewing
6053493.0,-1.254883,1.418945,-0.172363,0.085801,0.095926,0.014389,-1.051758,-1.597168,0.58252,0.014389,0.061819,-0.088199,chewing,left_chewing,85.667,r_gy,non_chewing
6053503.0,-1.259277,1.414551,-0.169922,0.085002,0.086334,0.013323,-1.051758,-1.603027,0.584473,0.00373,0.064217,-0.033574,chewing,left_chewing,85.667,r_gy,non_chewing
6053513.0,-1.265625,1.402832,-0.168945,0.100456,0.078074,0.006928,-1.041992,-1.616699,0.594238,-0.007194,0.089531,-0.022383,chewing,left_chewing,85.667,r_gy,non_chewing
6053523.0,-1.246094,1.398926,-0.168945,0.075675,0.0874,0.001332,-1.062012,-1.607422,0.583496,-0.007461,0.1311,-0.00373,chewing,left_chewing,85.667,r_gy,non_chewing
6053533.0,-1.239746,1.40332,-0.169434,0.047697,0.096459,0.010925,-1.086426,-1.606934,0.576172,-0.049029,0.172135,0.0,chewing,left_chewing,85.667,r_gy,non_chewing
6053543.0,-1.23877,1.409668,-0.175293,-0.009593,0.095394,0.006928,-1.087891,-1.616699,0.541992,-0.045565,0.24781,-0.021051,chewing,left_chewing,85.667,r_gy,non_chewing
6053553.0,-1.241211,1.422363,-0.183105,-0.053559,0.077541,0.017587,-1.101563,-1.628906,0.541992,-0.06102,0.248077,-0.010126,chewing,left_chewing,85.667,r_gy,non_chewing
6053563.0,-1.231445,1.424316,-0.17627,-0.084202,0.017853,-0.001599,-1.114258,-1.625488,0.535645,-0.066882,0.212104,0.018119,chewing,left_chewing,85.667,r_gy,non_chewing
6053573.0,-1.232422,1.446289,-0.185547,-0.095394,-0.029311,-0.013057,-1.062988,-1.629395,0.533691,-0.079939,0.197715,0.004796,chewing,left_chewing,85.667,r_gy,non_chewing
6053583.0,-1.245605,1.45459,-0.191895,-0.079406,-0.09113,-0.016787,-1.154297,-1.632324,0.556641,-0.050361,0.106851,0.106319,chewing,left_chewing,85.667,r_gy,non_chewing
6053593.0,-1.247559,1.456055,-0.1875,-0.066616,-0.133231,-0.032508,-1.121582,-1.623535,0.560059,-0.03544,0.066083,0.097259,chewing,left_chewing,85.667,r_gy,non_chewing
6053603.0,-1.259277,1.468262,-0.180664,-0.045565,-0.149219,-0.045565,-1.110352,-1.627441,0.565918,-0.029844,0.060753,0.081271,chewing,left_chewing,85.667,r_gy,non_chewing
6053613.0,-1.262695,1.47998,-0.189453,-0.019452,-0.145755,-0.061819,-1.095703,-1.617676,0.568359,-0.019718,0.073011,0.036772,chewing,left_chewing,85.667,r_gy,non_chewing
6053623.0,-1.263184,1.479004,-0.177734,0.020251,-0.136695,-0.06475,-1.093262,-1.614746,0.555664,-0.027179,0.073011,-0.007461,chewing,left_chewing,85.667,r_gy,non_chewing
6053633.0,-1.275879,1.469238,-0.174316,0.03011,-0.111115,-0.070879,-1.094238,-1.600098,0.549316,-0.015455,0.087666,-0.053292,chewing,left_chewing,85.667,r_gy,non_chewing
6053643.0,-1.271973,1.464844,-0.172852,0.070613,-0.08287,-0.090331,-1.089355,-1.598145,0.557617,-0.023182,0.060753,-0.058355,chewing,left_chewing,85.667,r_gy,non_chewing
6053653.0,-1.278809,1.44873,-0.179687,0.128968,-0.074876,-0.095127,-1.079102,-1.59668,0.552246,-0.019452,0.070346,-0.077541,chewing,left_chewing,85.667,r_gy,non_chewing
6053663.0,-1.285156,1.442383,-0.177246,0.133498,-0.049562,-0.079406,-1.07959,-1.59668,0.55127,-0.019185,0.066349,-0.08207,chewing,left_chewing,85.667,r_gy,non_chewing
6053673.0,-1.289063,1.43457,-0.183594,0.136162,-0.027979,-0.076741,-1.087402,-1.605957,0.553711,-0.016254,0.074077,-0.042368,chewing,left_chewing,85.667,r_gy,non_chewing
6053683.0,-1.282715,1.436035,-0.185547,0.109783,-0.010392,-0.077807,-1.075195,-1.611816,0.563477,-0.03544,0.067415,-0.041568,chewing,left_chewing,85.667,r_gy,non_chewing
6053693.0,-1.291992,1.44043,-0.17334,0.093262,0.00373,-0.065816,-1.070801,-1.625488,0.562012,-0.018386,0.085801,-0.033841,chewing,left_chewing,85.667,r_gy,non_chewing
6053703.0,-1.285645,1.425781,-0.168945,0.097792,0.003198,-0.038637,-1.079102,-1.623535,0.563477,0.006395,0.107917,-0.062086,chewing,left_chewing,85.667,r_gy,non_chewing
6053713.0,-1.289551,1.437988,-0.168457,0.074876,-0.015721,-0.032775,-1.088379,-1.608887,0.570801,-0.008527,0.167072,-0.101522,chewing,left_chewing,85.667,r_gy,non_chewing
6053723.0,-1.280273,1.433594,-0.150391,0.074343,-0.027179,-0.017587,-1.086426,-1.611328,0.536621,-0.017054,0.16574,-0.076475,chewing,left_chewing,85.667,r_gy,non_chewing
6053733.0,-1.294922,1.42627,-0.163086,0.06102,-0.032242,-0.011191,-1.092773,-1.614746,0.551758,-0.017587,0.104986,-0.051161,chewing,left_chewing,85.667,r_gy,non_chewing
6053743.0,-1.291016,1.428223,-0.17334,0.030643,-0.03011,-0.014389,-1.07666,-1.627441,0.571289,-0.018386,0.093795,-0.068747,chewing,left_chewing,85.667,r_gy,non_chewing
6053753.0,-1.289063,1.431152,-0.150391,0.009859,-0.012524,-0.006395,-1.085449,-1.575195,0.594238,0.000533,0.092995,0.055424,chewing,left_chewing,85.667,r_gy,non_chewing
6053763.0,-1.281738,1.431641,-0.147949,-0.023982,0.006928,0.013323,-1.092773,-1.612793,0.594238,0.022916,0.139893,-0.068747,chewing,left_chewing,85.667,r_gy,non_chewing
6053773.0,-1.266602,1.429199,-0.144531,-0.05276,0.02558,0.029044,-1.074707,-1.619629,0.570312,0.027712,0.157213,-0.12124,chewing,left_chewing,85.667,r_gy,non_chewing
6053783.0,-1.255371,1.441406,-0.149902,-0.061553,0.010925,0.019185,-1.092773,-1.608398,0.542969,0.019985,0.174533,-0.115112,chewing,left_chewing,85.667,r_gy,non_chewing
6053793.0,-1.257813,1.456543,-0.17627,-0.046897,-0.023449,0.031443,-1.102051,-1.614746,0.529785,0.015721,0.129501,-0.114579,chewing,left_chewing,85.667,r_gy,non_chewing
6053803.0,-1.270508,1.450684,-0.161621,-0.019985,-0.041835,0.018386,-1.094727,-1.620117,0.538086,0.008527,0.1311,-0.11298,chewing,left_chewing,85.667,r_gy,non_chewing
6053813.0,-1.273926,1.45459,-0.174805,-0.011458,-0.051427,0.002665,-1.094727,-1.619629,0.535156,-0.000799,0.083669,-0.096992,chewing,left_chewing,85.667,r_gy,non_chewing
6053823.0,-1.288086,1.445801,-0.155762,0.015988,-0.04823,0.009859,-1.086426,-1.623535,0.540527,0.005063,0.040502,-0.083669,chewing,left_chewing,85.667,r_gy,non_chewing
6053833.0,-1.297852,1.438965,-0.17041,0.027979,-0.031443,0.008793,-1.091309,-1.594238,0.536133,0.003198,0.043966,-0.097792,chewing,left_chewing,85.667,r_gy,non_chewing
6053843.0,-1.297852,1.424316,-0.155762,0.046364,-0.014922,0.018119,-1.09375,-1.60791,0.547852,0.006395,0.056224,-0.107118,chewing,left_chewing,85.667,r_gy,non_chewing
6053853.0,-1.294922,1.416016,-0.171875,0.041035,0.014655,0.014655,-1.099121,-1.603516,0.544922,0.000266,0.061286,-0.115645,chewing,left_chewing,85.667,r_gy,non_chewing
6053863.0,-1.275391,1.421875,-0.166992,0.015988,0.007461,0.004263,-1.098145,-1.597168,0.557129,0.03011,0.097792,-0.142557,chewing,left_chewing,85.667,r_gy,non_chewing
6053873.0,-1.274414,1.435547,-0.168457,0.009593,0.020518,0.013323,-1.083984,-1.617676,0.545898,0.022116,0.118043,-0.136962,chewing,left_chewing,85.667,r_gy,non_chewing
6053883.0,-1.267578,1.437012,-0.165527,0.004796,0.00453,-0.000533,-1.081543,-1.611328,0.529297,0.019718,0.096459,-0.096459,chewing,left_chewing,85.667,r_gy,non_chewing
6053893.0,-1.265137,1.444824,-0.15625,0.019985,-0.024515,-0.010925,-1.075684,-1.629883,0.539551,0.02638,0.065283,-0.042101,chewing,left_chewing,85.667,r_gy,non_chewing
6053903.0,-1.26709,1.441895,-0.157715,0.031176,-0.034107,-0.040502,-1.070801,-1.62207,0.534668,0.019452,0.070613,-0.046098,chewing,left_chewing,85.667,r_gy,non_chewing
6053913.0,-1.277344,1.438965,-0.152832,0.026113,-0.058888,-0.04823,-1.080566,-1.617676,0.545898,0.003198,0.087933,-0.053825,chewing,left_chewing,85.667,r_gy,non_chewing
6053923.0,-1.289063,1.437012,-0.171387,0.029311,-0.027979,-0.015721,-1.088379,-1.615723,0.532715,-0.006395,0.05276,-0.045832,chewing,left_chewing,85.667,r_gy,non_chewing
6053933.0,-1.279785,1.419922,-0.163574,0.006395,-0.023982,-0.019718,-1.080566,-1.623047,0.52832,0.010392,0.058089,-0.071945,chewing,left_chewing,85.667,r_gy,non_chewing
6053943.0,-1.26709,1.428711,-0.157715,0.007461,-0.000533,0.002398,-1.104004,-1.612793,0.551758,-0.006928,0.074343,-0.053559,chewing,left_chewing,85.448,r_gy,non_chewing
6053953.0,-1.276855,1.427246,-0.166016,-0.014922,-0.00906,-0.004796,-1.092285,-1.614258,0.559082,0.006928,0.073544,-0.033041,chewing,left_chewing,85.448,r_gy,non_chewing
6053963.0,-1.280762,1.435547,-0.160156,-0.025047,-0.001865,-0.032775,-1.100098,-1.611816,0.546387,-0.023182,0.082603,0.001332,chewing,left_chewing,85.448,r_gy,non_chewing
6053973.0,-1.276367,1.435547,-0.13916,0.015721,-0.00826,-0.053026,-1.083496,-1.615234,0.553223,-0.023449,0.090597,-0.004263,chewing,left_chewing,85.448,r_gy,non_chewing
6053983.0,-1.269043,1.452148,-0.152832,0.041568,-0.010925,-0.078873,-1.09375,-1.515137,0.436523,-0.022649,0.093528,0.377844,chewing,left_chewing,85.448,r_gy,non_chewing
6053993.0,-1.292969,1.438477,-0.193359,0.100989,-0.014389,-0.062086,-1.115234,-1.652832,0.54541,-0.042634,0.069547,-0.124438,chewing,left_chewing,85.448,r_gy,non_chewing
6054003.0,-1.270508,1.435059,-0.124512,0.108184,-0.006129,-0.058089,-1.067383,-1.655762,0.57373,-0.009593,0.128435,-0.053559,chewing,left_chewing,85.448,r_gy,non_chewing
6054013.0,-1.270996,1.455078,-0.143555,0.097525,0.023449,-0.085002,-1.109863,-1.596191,0.486816,0.003997,0.169737,-0.080472,chewing,left_chewing,85.448,r_gy,non_chewing
6054023.0,-1.295898,1.432129,-0.20166,0.090331,0.049562,-0.055158,-1.108398,-1.618164,0.517578,-0.023715,0.106319,-0.067149,chewing,left_chewing,85.448,r_gy,non_chewing
6054033.0,-1.286621,1.425781,-0.153809,0.092729,0.061819,-0.040502,-1.081543,-1.647949,0.568359,-0.014655,0.090864,-0.045299,chewing,left_chewing,85.448,r_gy,non_chewing
6054043.0,-1.279785,1.43457,-0.127441,0.085002,0.099391,-0.058888,-1.056641,-1.62207,0.57373,0.01279,0.104986,0.026913,chewing,left_chewing,85.448,r_gy,non_chewing
6054053.0,-1.293945,1.44043,-0.135742,0.044499,0.153216,-0.068214,-1.087891,-1.60791,0.530273,-0.014389,0.166806,-0.042634,chewing,left_chewing,85.448,r_gy,non_chewing
6054063.0,-1.289551,1.446777,-0.164551,0.0429,0.192119,-0.057289,-1.08252,-1.592285,0.494629,0.010392,0.18679,0.04743,chewing,left_chewing,85.448,r_gy,non_chewing
6054073.0,-1.299805,1.434082,-0.177246,0.061553,0.204377,-0.063152,-1.099609,-1.613281,0.53125,0.002398,0.211838,-0.023182,chewing,left_chewing,85.448,r_gy,non_chewing
6054083.0,-1.293945,1.423828,-0.154297,0.077008,0.185991,-0.07008,-1.080566,-1.644531,0.554199,0.033308,0.127902,-0.031176,chewing,left_chewing,85.448,r_gy,non_chewing
6054093.0,-1.287109,1.419922,-0.149414,0.090331,0.195051,-0.065017,-1.067871,-1.627441,0.577148,0.033574,0.096193,-0.045299,chewing,left_chewing,85.448,r_gy,non_chewing
6054103.0,-1.28125,1.430664,-0.154297,0.035706,0.243014,-0.032508,-1.075195,-1.602051,0.526855,-0.048496,0.091397,-0.055424,chewing,left_chewing,85.448,r_gy,non_chewing
6054113.0,-1.288086,1.422852,-0.183105,-0.000266,0.270726,-0.011458,-1.109375,-1.587402,0.462402,-0.063685,0.048496,0.021317,chewing,left_chewing,85.448,r_gy,non_chewing
6054123.0,-1.302734,1.401367,-0.186523,0.000799,0.293642,-0.018919,-1.125488,-1.602051,0.552734,-0.062885,0.063951,0.019985,chewing,left_chewing,85.448,r_gy,non_chewing
6054133.0,-1.300781,1.404785,-0.176758,-0.020784,0.281917,0.001066,-1.083984,-1.641602,0.59375,-0.016521,0.066882,0.028511,chewing,left_chewing,85.448,r_gy,non_chewing
6054143.0,-1.293945,1.408691,-0.163574,-0.041835,0.254205,0.005329,-1.059082,-1.61377,0.556152,-0.013057,0.118842,-0.010925,chewing,left_chewing,85.448,r_gy,non_chewing
6054153.0,-1.29248,1.422852,-0.208496,-0.033574,0.212637,0.038637,-1.124023,-1.577148,0.462402,-0.047963,0.127369,-0.008793,chewing,left_chewing,85.448,r_gy,non_chewing
6054163.0,-1.296875,1.431152,-0.179199,0.007994,0.177997,0.061819,-1.070801,-1.644043,0.623535,-0.000266,0.136162,-0.018119,chewing,left_chewing,85.448,r_gy,non_chewing
6054173.0,-1.268555,1.456055,-0.175293,-0.014922,0.136162,0.077807,-1.083496,-1.613281,0.521973,-0.038904,0.170003,-0.016521,chewing,left_chewing,85.448,r_gy,non_chewing
6054183.0,-1.271973,1.445313,-0.195801,-0.008793,0.097259,0.08207,-1.121094,-1.618164,0.522461,-0.032242,0.097792,0.001066,chewing,left_chewing,85.448,r_gy,non_chewing
6054193.0,-1.275879,1.441895,-0.165039,0.017587,0.05196,0.094594,-1.100098,-1.630371,0.560059,-0.024515,0.053292,-0.002132,chewing,left_chewing,85.448,r_gy,non_chewing
6054203.0,-1.261719,1.458008,-0.180664,0.02185,0.015988,0.076208,-1.088867,-1.63623,0.531738,-0.007194,0.054891,-0.006928,chewing,left_chewing,85.448,r_gy,non_chewing
6054213.0,-1.266113,1.474609,-0.19043,0.039969,-0.017853,0.079139,-1.083008,-1.646973,0.514648,0.01732,0.100723,-0.044499,chewing,left_chewing,85.448,r_gy,non_chewing
6054223.0,-1.27002,1.452637,-0.181641,0.073277,-0.07008,0.059688,-1.093262,-1.630371,0.538574,0.008527,0.114579,-0.096459,chewing,left_chewing,85.448,r_gy,non_chewing
6054233.0,-1.281738,1.449707,-0.178711,0.075409,-0.0874,0.040236,-1.105957,-1.614746,0.529785,0.009859,0.032242,-0.06555,chewing,left_chewing,85.448,r_gy,non_chewing
6054243.0,-1.305664,1.449707,-0.170898,0.090331,-0.090331,0.049828,-1.072754,-1.603027,0.529785,-0.011724,0.012257,-0.0866,chewing,left_chewing,85.448,r_gy,non_chewing
6054253.0,-1.30957,1.435059,-0.174805,0.113513,-0.094328,0.057822,-1.107422,-1.617188,0.532715,-0.011991,-0.041035,-0.028511,chewing,left_chewing,85.448,r_gy,non_chewing
6054263.0,-1.314941,1.438477,-0.181641,0.107384,-0.063951,0.050894,-1.087891,-1.604492,0.54248,0.009326,-0.050361,-0.038104,chewing,left_chewing,85.448,r_gy,non_chewing
6054273.0,-1.292969,1.442871,-0.175781,0.104986,-0.015988,0.06102,-1.083984,-1.610352,0.550293,0.02638,-0.027179,-0.045299,chewing,left_chewing,85.448,r_gy,non_chewing
6054283.0,-1.291504,1.437012,-0.171875,0.094594,0.025047,0.062619,-1.079102,-1.604004,0.542969,0.011991,0.00373,-0.057822,chewing,left_chewing,85.448,r_gy,non_chewing
6054293.0,-1.277344,1.438477,-0.183594,0.085534,0.049562,0.061553,-1.062988,-1.620117,0.538574,0.00453,0.010925,-0.067415,chewing,left_chewing,85.448,r_gy,non_chewing
6054303.0,-1.258789,1.443848,-0.172363,0.091397,0.052493,0.04743,-1.063965,-1.61084,0.537109,-0.012257,0.018919,-0.043966,chewing,left_chewing,85.448,r_gy,non_chewing
6054313.0,-1.258789,1.451172,-0.175293,0.123106,0.056757,0.064217,-1.068848,-1.612793,0.527344,-0.016521,0.021317,-0.022916,chewing,left_chewing,85.448,r_gy,non_chewing
6054323.0,-1.26123,1.430664,-0.182129,0.140426,0.053292,0.086334,-1.071289,-1.62207,0.540527,-0.015188,0.031709,-0.026646,chewing,left_chewing,85.448,r_gy,non_chewing
6054333.0,-1.257324,1.443359,-0.175781,0.136429,0.031975,0.071945,-1.071777,-1.617676,0.533203,-0.033308,0.018919,0.001865,chewing,left_chewing,85.448,r_gy,non_chewing
6054343.0,-1.274414,1.423828,-0.17041,0.141758,0.015455,0.078074,-1.063477,-1.621582,0.543457,-0.023182,-0.028511,0.038904,chewing,left_chewing,85.448,r_gy,non_chewing
6054353.0,-1.275879,1.422363,-0.16748,0.113779,-0.001332,0.066882,-1.067871,-1.617676,0.53125,-0.003997,-0.053825,0.055691,chewing,left_chewing,85.448,r_gy,non_chewing
6054363.0,-1.26416,1.427734,-0.171387,0.059954,0.043167,0.057822,-1.076172,-1.611328,0.535645,-0.037838,-0.031975,0.07834,chewing,left_chewing,85.448,r_gy,non_chewing
6054373.0,-1.262207,1.429688,-0.179687,0.067948,0.043966,0.064484,-1.08252,-1.608398,0.541992,-0.03011,-0.017853,0.091397,chewing,left_chewing,85.448,r_gy,non_chewing
6054383.0,-1.26709,1.428223,-0.181152,0.0866,0.0429,0.085801,-1.086426,-1.602051,0.527832,-0.007194,0.003464,0.061553,chewing,left_chewing,85.448,r_gy,non_chewing
6054393.0,-1.254883,1.42041,-0.17041,0.083669,0.033574,0.067681,-1.080078,-1.611816,0.539062,-0.012257,0.04743,0.05276,chewing,left_chewing,85.448,r_gy,non_chewing
6054403.0,-1.239258,1.429688,-0.186523,0.105786,0.038104,0.067948,-1.089355,-1.610352,0.506836,-0.032508,0.087666,0.045565,chewing,left_chewing,85.448,r_gy,non_chewing
6054413.0,-1.262207,1.416016,-0.17627,0.124438,0.001066,0.058355,-1.091797,-1.627441,0.555176,0.002665,0.088199,0.026113,chewing,left_chewing,85.448,r_gy,non_chewing
6054423.0,-1.251465,1.428223,-0.185547,0.132165,-0.039969,0.041035,-1.083984,-1.631836,0.540039,0.001865,0.094328,0.018386,chewing,left_chewing,85.448,r_gy,non_chewing
6054433.0,-1.259766,1.421875,-0.182129,0.132698,-0.092462,0.010658,-1.107422,-1.624512,0.534668,-0.008527,0.085534,0.032775,chewing,left_chewing,85.448,r_gy,non_chewing
6054443.0,-1.265137,1.433594,-0.179687,0.151617,-0.091397,-0.007461,-1.094238,-1.628418,0.548828,0.007994,0.072211,0.023182,chewing,left_chewing,85.448,r_gy,non_chewing
6054453.0,-1.273926,1.430176,-0.184082,0.162542,-0.072478,-0.016521,-1.092285,-1.622559,0.552734,0.010392,0.104986,-0.010658,chewing,left_chewing,85.448,r_gy,non_chewing
6054463.0,-1.27002,1.438965,-0.180176,0.157213,-0.005063,-0.027446,-1.095215,-1.61084,0.539551,0.007461,0.134031,-0.01359,chewing,left_chewing,85.448,r_gy,non_chewing
6054473.0,-1.282227,1.430176,-0.185059,0.207841,0.037305,-0.029311,-1.09082,-1.60498,0.551758,-0.010658,0.14389,-0.009859,chewing,left_chewing,85.448,r_gy,non_chewing
6054483.0,-1.28125,1.425781,-0.189941,0.22223,0.069813,-0.002931,-1.092285,-1.606445,0.54541,-0.015721,0.150018,-0.005063,chewing,left_chewing,75.610,l_gy,non_chewing
6054493.0,-1.274902,1.428223,-0.185059,0.218233,0.088199,-0.015721,-1.083496,-1.604492,0.548828,-0.026113,0.137228,0.016254,chewing,left_chewing,75.610,l_gy,non_chewing
6054503.0,-1.27002,1.433594,-0.196777,0.192386,0.099923,-0.040769,-1.083496,-1.617188,0.555176,-0.0429,0.147887,0.009859,chewing,left_chewing,75.610,l_gy,non_chewing
6054513.0,-1.284668,1.432129,-0.188965,0.19132,0.100456,-0.015455,-1.077148,-1.609375,0.536621,-0.034907,0.151884,-0.002665,chewing,left_chewing,75.610,l_gy,non_chewing
6054523.0,-1.284668,1.429199,-0.208008,0.139893,0.096992,-0.029577,-1.077637,-1.604492,0.532715,-0.028245,0.14389,0.008793,chewing,left_chewing,75.610,l_gy,non_chewing
6054533.0,-1.275391,1.434082,-0.211914,0.12204,0.0874,-0.011458,-1.087402,-1.610352,0.562012,-0.045299,0.133764,0.019985,chewing,left_chewing,75.610,l_gy,non_chewing
6054543.0,-1.288086,1.430664,-0.195312,0.108983,0.088732,0.007194,-1.087891,-1.604004,0.547363,-0.057023,0.123106,0.047963,chewing,left_chewing,75.610,l_gy,non_chewing
6054553.0,-1.284668,1.437988,-0.189941,0.03464,0.102322,0.006928,-1.103027,-1.59668,0.540039,-0.075409,0.093795,0.094861,chewing,left_chewing,75.610,l_gy,non_chewing
6054563.0,-1.288574,1.433105,-0.180176,0.061286,0.111914,0.015188,-1.092285,-1.61377,0.549316,-0.085534,0.083403,0.079672,chewing,left_chewing,75.610,l_gy,non_chewing
6054573.0,-1.280273,1.428223,-0.191895,0.029044,0.142291,0.006662,-1.089844,-1.611328,0.536621,-0.071145,0.085002,0.069547,chewing,left_chewing,75.610,l_gy,non_chewing
6054583.0,-1.274902,1.423828,-0.210937,0.02638,0.137495,0.023715,-1.101563,-1.606445,0.530762,-0.077008,0.072478,0.071412,chewing,left_chewing,75.610,l_gy,non_chewing
6054593.0,-1.279297,1.428711,-0.202148,0.013057,0.151084,0.032242,-1.107422,-1.600586,0.510254,-0.077541,0.047963,0.065017,chewing,left_chewing,75.610,l_gy,non_chewing
6054603.0,-1.267578,1.424316,-0.209473,0.006662,0.127369,0.028511,-1.108398,-1.604004,0.538574,-0.066616,0.018652,0.068481,chewing,left_chewing,75.610,l_gy,non_chewing
6054613.0,-1.272461,1.419434,-0.231445,0.018386,0.093528,0.037038,-1.110352,-1.601563,0.525391,-0.065816,0.018919,0.058888,chewing,left_chewing,75.610,l_gy,non_chewing
6054623.0,-1.274414,1.427734,-0.233887,0.027712,0.105786,0.042634,-1.120605,-1.612305,0.525879,-0.073277,-0.006129,0.063951,chewing,left_chewing,75.610,l_gy,non_chewing
6054633.0,-1.258789,1.431152,-0.221191,0.019185,0.087666,0.040502,-1.127441,-1.604492,0.507812,-0.063951,0.024248,0.03544,chewing,left_chewing,75.610,l_gy,non_chewing
6054643.0,-1.269531,1.431152,-0.205078,0.045032,0.059688,0.02558,-1.100098,-1.612305,0.53418,-0.054092,0.050628,-0.003997,chewing,left_chewing,75.610,l_gy,non_chewing
6054653.0,-1.275391,1.427246,-0.196289,0.072478,0.022649,0.011724,-1.112305,-1.603516,0.526367,-0.019985,0.036505,-0.032508,chewing,left_chewing,75.610,l_gy,non_chewing
6054663.0,-1.279297,1.423828,-0.202148,0.0866,0.010392,0.01279,-1.102051,-1.614258,0.532227,-0.005862,0.021051,-0.03091,chewing,left_chewing,75.610,l_gy,non_chewing
6054673.0,-1.273926,1.422852,-0.189453,0.077807,-0.010126,0.027446,-1.115723,-1.607422,0.532715,0.011191,0.007994,-0.006662,chewing,left_chewing,75.610,l_gy,non_chewing
6054683.0,-1.28418,1.419922,-0.198242,0.037038,-0.004263,0.029577,-1.114746,-1.602539,0.528809,0.007194,-0.002665,-0.032775,chewing,left_chewing,75.610,l_gy,non_chewing
6054693.0,-1.282227,1.422852,-0.210937,0.054092,-0.006129,0.038104,-1.095703,-1.609863,0.530273,0.010925,0.029844,-0.038104,chewing,left_chewing,75.610,l_gy,non_chewing
6054703.0,-1.277344,1.413574,-0.211426,0.095394,-0.009326,0.033041,-1.108398,-1.586914,0.533691,0.019718,0.055957,-0.047697,chewing,left_chewing,75.610,l_gy,non_chewing
6054713.0,-1.27832,1.422363,-0.209473,0.092995,0.001599,0.059421,-1.101074,-1.595703,0.529785,0.011991,0.074609,-0.028778,chewing,left_chewing,75.610,l_gy,non_chewing
6054723.0,-1.271484,1.425293,-0.197754,0.092995,-0.009326,0.040236,-1.100098,-1.608887,0.519531,0.001066,0.09113,-0.051161,chewing,left_chewing,75.610,l_gy,non_chewing
6054733.0,-1.279297,1.420898,-0.193359,0.110848,-0.020518,0.035972,-1.098145,-1.612305,0.532227,-0.003198,0.06555,-0.030643,chewing,left_chewing,75.610,l_gy,non_chewing
6054743.0,-1.270508,1.435059,-0.204102,0.134564,-0.023449,0.023182,-1.092773,-1.602539,0.541016,-0.007461,0.055158,-0.034107,chewing,left_chewing,75.610,l_gy,non_chewing
6054753.0,-1.276367,1.418457,-0.214844,0.150551,-0.037038,0.014389,-1.094238,-1.609375,0.524902,-0.003997,0.054358,-0.035972,chewing,left_chewing,75.610,l_gy,non_chewing
6054763.0,-1.27832,1.42041,-0.208008,0.165473,-0.037838,0.008527,-1.096191,-1.606934,0.526367,-0.010392,0.047697,-0.032242,chewing,left_chewing,75.610,l_gy,non_chewing
6054773.0,-1.290527,1.416992,-0.197754,0.188655,-0.054625,-0.002665,-1.095703,-1.605957,0.538574,-0.017853,0.031443,-0.00826,chewing,left_chewing,75.610,l_gy,non_chewing
6054783.0,-1.289063,1.418945,-0.203613,0.211038,-0.054358,-0.00373,-1.105469,-1.606934,0.527344,-0.006662,0.016787,0.021317,chewing,left_chewing,75.610,l_gy,non_chewing
6054793.0,-1.274902,1.430176,-0.20166,0.199314,-0.047164,0.004796,-1.11084,-1.595215,0.529297,-0.019718,0.005596,0.034107,chewing,left_chewing,75.610,l_gy,non_chewing
6054803.0,-1.278809,1.422363,-0.217285,0.171069,-0.018386,0.03011,-1.110352,-1.601563,0.53125,-0.02185,-0.010126,0.031975,chewing,left_chewing,75.610,l_gy,non_chewing
6054813.0,-1.255371,1.424805,-0.203613,0.15668,-0.009593,0.035972,-1.103027,-1.597168,0.538086,-0.018652,-0.001865,0.036505,chewing,left_chewing,75.610,l_gy,non_chewing
6054823.0,-1.26123,1.435059,-0.191895,0.116711,-0.007994,0.033841,-1.108398,-1.605957,0.521484,-0.017054,0.024781,0.000533,chewing,left_chewing,75.610,l_gy,non_chewing
6054833.0,-1.262695,1.429688,-0.208008,0.081804,-0.008527,0.035173,-1.105957,-1.608398,0.526855,-0.007727,0.026646,-0.004263,chewing,left_chewing,75.610,l_gy,non_chewing
6054843.0,-1.252441,1.438965,-0.191406,0.063951,-0.017587,0.019185,-1.116699,-1.615723,0.533691,0.001332,0.043167,0.002931,chewing,left_chewing,75.610,l_gy,non_chewing
6054853.0,-1.271973,1.424316,-0.192383,0.031709,-0.018119,0.021583,-1.106934,-1.614746,0.530273,-0.010392,0.046364,-0.031443,chewing,left_chewing,75.610,l_gy,non_chewing
6054863.0,-1.277832,1.423828,-0.20166,0.022383,-0.029044,0.009859,-1.109863,-1.605469,0.544434,-0.013057,0.026913,-0.011458,chewing,left_chewing,75.610,l_gy,non_chewing
6054873.0,-1.275879,1.424316,-0.197266,0.029577,-0.034374,-0.002665,-1.112305,-1.61084,0.535156,-0.022383,-0.002665,-0.012524,chewing,left_chewing,75.610,l_gy,non_chewing
6054883.0,-1.283203,1.422363,-0.203613,0.017587,-0.016787,0.005063,-1.103516,-1.611328,0.523437,-0.024515,0.004796,-0.046098,chewing,left_chewing,75.610,l_gy,non_chewing
6054893.0,-1.286133,1.430664,-0.212402,-0.001865,0.001865,0.00826,-1.118164,-1.594238,0.530273,-0.03544,0.015455,-0.063685,chewing,left_chewing,75.610,l_gy,non_chewing
6054903.0,-1.276367,1.425293,-0.216797,0.003997,0.024248,0.041035,-1.117188,-1.589844,0.538574,-0.054625,0.010658,-0.054092,chewing,left_chewing,75.610,l_gy,non_chewing
6054913.0,-1.280762,1.418945,-0.211426,-0.010126,0.040236,0.031443,-1.114746,-1.592773,0.544434,-0.065283,0.032508,-0.047164,chewing,left_chewing,75.610,l_gy,non_chewing
6054923.0,-1.279297,1.422363,-0.211914,-0.002665,0.053825,0.028778,-1.116211,-1.601074,0.526367,-0.058888,0.040769,-0.060487,chewing,left_chewing,75.610,l_gy,non_chewing
6054933.0,-1.287109,1.429199,-0.211914,0.010126,0.044766,0.022383,-1.119141,-1.611328,0.540039,-0.059421,0.040502,-0.08207,chewing,left_chewing,75.610,l_gy,non_chewing
6054943.0,-1.280762,1.428223,-0.185059,-0.016254,0.051161,0.00906,-1.100098,-1.611328,0.543945,-0.046897,0.016254,-0.057289,chewing,left_chewing,75.610,l_gy,non_chewing
6054953.0,-1.282227,1.433105,-0.166992,-0.062885,0.05196,-0.003464,-1.09082,-1.611816,0.539062,-0.021317,0.020251,-0.060221,chewing,left_chewing,75.610,l_gy,non_chewing
6054963.0,-1.279785,1.436035,-0.188965,-0.120974,0.066349,-0.003464,-1.109863,-1.601563,0.526855,-0.033574,0.049828,-0.059954,chewing,left_chewing,75.610,l_gy,non_chewing
6054973.0,-1.279785,1.422363,-0.195312,-0.172934,0.084469,-0.006395,-1.118652,-1.60791,0.504395,-0.028778,0.031975,-0.069014,chewing,left_chewing,75.610,l_gy,non_chewing
6054983.0,-1.28418,1.42041,-0.209961,-0.207574,0.071945,-0.00906,-1.119629,-1.615234,0.524414,-0.037571,0.008527,-0.051694,chewing,left_chewing,75.610,l_gy,non_chewing
6054993.0,-1.268066,1.412598,-0.195801,-0.177198,0.045832,-0.005596,-1.092773,-1.616211,0.540039,-0.023982,0.005063,-0.042101,chewing,left_chewing,75.610,l_gy,non_chewing
6055003.0,-1.269531,1.416016,-0.184082,-0.170003,0.059688,0.012257,-1.095703,-1.623535,0.564941,-0.029844,-0.001066,-0.029577,chewing,left_chewing,75.610,l_gy,non_chewing
6055013.0,-1.267578,1.427734,-0.158691,-0.142557,0.049562,0.014123,-1.081055,-1.621582,0.587891,0.021317,-0.001332,-0.031709,chewing,left_chewing,75.610,l_gy,non_chewing
6055023.0,-1.266602,1.44873,-0.142578,-0.07834,0.012524,0.002931,-1.070313,-1.61377,0.556152,0.011991,0.052227,-0.058089,chewing,left_chewing,74.577,l_gx,non_chewing
6055033.0,-1.264648,1.444824,-0.165527,-0.081271,0.00826,-0.007727,-1.103516,-1.586914,0.508301,-0.009326,0.069014,-0.075942,chewing,left_chewing,74.577,l_gx,non_chewing
6055043.0,-1.263672,1.449219,-0.193848,-0.075942,-0.004796,-0.011458,-1.11084,-1.565918,0.489258,-0.042368,0.060487,-0.061553,chewing,left_chewing,74.577,l_gx,non_chewing
6055053.0,-1.279297,1.445801,-0.23877,-0.025314,-0.022383,-0.005596,-1.10791,-1.578125,0.498535,-0.059688,0.036505,-0.022383,chewing,left_chewing,74.577,l_gx,non_chewing
6055063.0,-1.286621,1.435547,-0.220703,0.025847,-0.038104,0.009326,-1.12793,-1.594727,0.507812,-0.067415,0.022383,0.001066,chewing,left_chewing,74.577,l_gx,non_chewing
6055073.0,-1.295898,1.436523,-0.200195,0.031709,-0.030377,-0.007727,-1.106934,-1.621094,0.513672,-0.091397,0.023715,0.011191,chewing,left_chewing,74.577,l_gx,non_chewing
6055083.0,-1.305176,1.42334,-0.187012,0.008527,-0.008527,-0.00373,-1.106445,-1.619629,0.558594,-0.067415,0.029044,0.028511,chewing,left_chewing,74.577,l_gx,non_chewing
6055093.0,-1.29834,1.41748,-0.1875,0.016254,0.005596,0.007727,-1.117188,-1.619629,0.561523,-0.067948,0.067415,0.003198,chewing,left_chewing,74.577,l_gx,non_chewing
6055103.0,-1.290527,1.419922,-0.192871,-0.006395,0.016254,0.024515,-1.110352,-1.619629,0.547363,-0.066882,0.06928,0.020251,chewing,left_chewing,74.577,l_gx,non_chewing
6055113.0,-1.294434,1.412598,-0.187988,-0.005063,0.015988,0.013856,-1.109863,-1.629883,0.553223,-0.064484,0.057023,0.033574,chewing,left_chewing,74.577,l_gx,non_chewing
6055123.0,-1.293457,1.422852,-0.171387,-0.009593,0.0,0.002665,-1.089355,-1.61084,0.539551,-0.059421,0.054891,0.024515,chewing,left_chewing,74.577,l_gx,non_chewing
6055133.0,-1.287109,1.432129,-0.170898,-0.01359,-0.015188,0.00373,-1.101074,-1.597168,0.526855,-0.036239,0.110315,0.025847,chewing,left_chewing,74.577,l_gx,non_chewing
6055143.0,-1.28125,1.448242,-0.166016,0.003198,-0.028778,0.001066,-1.111816,-1.597168,0.498535,-0.035972,0.183326,-0.035706,chewing,left_chewing,74.577,l_gx,non_chewing
6055153.0,-1.272949,1.455078,-0.176758,0.016787,-0.05276,0.019452,-1.105957,-1.602051,0.490723,-0.019718,0.247544,-0.057556,chewing,left_chewing,74.577,l_gx,non_chewing
6055163.0,-1.29541,1.437988,-0.18457,0.060753,-0.074609,0.044233,-1.142578,-1.591309,0.496582,-0.027446,0.212104,-0.054358,chewing,left_chewing,74.577,l_gx,non_chewing
6055173.0,-1.303711,1.436035,-0.175293,0.053825,-0.06555,0.037305,-1.116211,-1.60498,0.492676,-0.053825,0.185991,-0.045832,chewing,left_chewing,74.577,l_gx,non_chewing
6055183.0,-1.316895,1.416992,-0.175293,0.053825,-0.038371,0.044233,-1.132324,-1.581543,0.473633,-0.058355,0.133231,-0.046098,chewing,left_chewing,74.577,l_gx,non_chewing
6055193.0,-1.322754,1.421387,-0.176758,0.065017,-0.014922,0.0437,-1.145508,-1.584961,0.482422,-0.073011,0.078873,-0.035706,chewing,left_chewing,74.577,l_gx,non_chewing
6055203.0,-1.315918,1.42627,-0.182129,0.057822,0.021051,0.055424,-1.128906,-1.594238,0.486328,-0.06475,0.016787,-0.046631,chewing,left_chewing,74.577,l_gx,non_chewing
6055213.0,-1.303223,1.413574,-0.216309,0.053026,0.043167,0.095394,-1.111816,-1.620605,0.539062,-0.060487,-0.019985,-0.066616,chewing,left_chewing,74.577,l_gx,non_chewing
6055223.0,-1.303711,1.411621,-0.199707,0.04823,0.046364,0.099657,-1.088379,-1.623535,0.577148,-0.037838,-0.029844,-0.054891,chewing,left_chewing,74.577,l_gx,non_chewing
6055233.0,-1.27832,1.418457,-0.17627,0.061819,0.027179,0.099391,-1.088867,-1.606445,0.533691,-0.010925,-0.018919,-0.076475,chewing,left_chewing,74.577,l_gx,non_chewing
6055243.0,-1.259277,1.432129,-0.187988,0.042368,0.046897,0.121507,-1.132813,-1.576172,0.480469,-0.030377,0.000266,-0.073544,chewing,left_chewing,74.577,l_gx,non_chewing
6055253.0,-1.266602,1.435547,-0.231934,0.069547,0.032775,0.104453,-1.119629,-1.617676,0.565918,-0.026646,-0.024515,-0.027179,chewing,left_chewing,74.577,l_gx,non_chewing
6055263.0,-1.26709,1.425781,-0.170898,0.076208,0.021317,0.085801,-1.077148,-1.623047,0.580078,-0.001599,-0.011191,-0.03917,chewing,left_chewing,74.577,l_gx,non_chewing
6055273.0,-1.24707,1.432129,-0.152344,0.088466,0.060753,0.070879,-1.069336,-1.603516,0.536621,-0.01359,0.027979,-0.046098,chewing,left_chewing,74.577,l_gx,non_chewing
6055283.0,-1.256836,1.441406,-0.203125,0.067948,0.077541,0.052227,-1.081543,-1.600098,0.527832,-0.031176,0.022649,-0.045832,chewing,left_chewing,74.577,l_gx,non_chewing
6055293.0,-1.269531,1.432129,-0.192383,0.029311,0.074876,0.061286,-1.098633,-1.597168,0.517578,-0.02185,-0.009859,-0.042101,chewing,left_chewing,74.577,l_gx,non_chewing
6055303.0,-1.26123,1.427246,-0.198242,0.021317,0.056224,0.052227,-1.094727,-1.613281,0.525391,-0.044233,-0.015988,-0.069813,chewing,left_chewing,74.577,l_gx,non_chewing
6055313.0,-1.273926,1.433105,-0.178711,-0.006395,0.040236,0.064217,-1.089355,-1.619629,0.521973,-0.038371,-0.081005,-0.050628,chewing,left_chewing,74.577,l_gx,non_chewing
6055323.0,-1.280273,1.421875,-0.191895,-0.032508,0.026913,0.063418,-1.087402,-1.612793,0.538574,-0.041835,-0.1303,-0.018652,chewing,left_chewing,74.577,l_gx,non_chewing
6055333.0,-1.268555,1.42041,-0.177734,-0.046098,0.022916,0.079939,-1.097656,-1.619141,0.516113,-0.042634,-0.162542,0.045832,chewing,left_chewing,74.577,l_gx,non_chewing
6055343.0,-1.265625,1.427246,-0.19873,-0.060487,0.039436,0.070346,-1.074707,-1.614746,0.53125,-0.058355,-0.123905,0.03544,chewing,left_chewing,74.577,l_gx,non_chewing
6055353.0,-1.268555,1.44043,-0.165039,-0.054092,0.062885,0.049029,-1.075684,-1.60791,0.541992,-0.038104,-0.145489,0.075409,chewing,left_chewing,74.577,l_gx,non_chewing
6055363.0,-1.258789,1.44873,-0.188477,-0.062352,0.086867,0.038371,-1.077148,-1.601074,0.52832,-0.05276,-0.10472,0.088466,chewing,left_chewing,74.577,l_gx,non_chewing
6055373.0,-1.237305,1.459961,-0.174316,-0.001865,0.111914,0.023182,-1.074707,-1.613281,0.530273,-0.048763,-0.037038,0.058622,chewing,left_chewing,74.577,l_gx,non_chewing
6055383.0,-1.239258,1.460449,-0.173828,0.081005,0.119908,0.026646,-1.067871,-1.608887,0.532227,-0.037838,0.037838,0.006928,chewing,left_chewing,74.577,l_gx,non_chewing
6055393.0,-1.236328,1.466309,-0.186035,0.106319,0.116711,0.016254,-1.091797,-1.593262,0.499023,-0.051161,0.053559,-0.028778,chewing,left_chewing,74.577,l_gx,non_chewing
6055403.0,-1.249512,1.436523,-0.181641,0.092729,0.0874,0.00453,-1.081055,-1.601074,0.524414,-0.063685,-0.001066,-0.005329,chewing,left_chewing,74.577,l_gx,non_chewing
6055413.0,-1.220703,1.450684,-0.17334,0.106319,0.051694,-0.059155,-1.085449,-1.608887,0.532715,-0.073011,-0.045832,0.021317,chewing,left_chewing,74.577,l_gx,non_chewing
6055423.0,-1.297363,1.404785,-0.183594,0.065017,0.022916,-0.050095,-1.082031,-1.607422,0.540039,-0.044766,-0.107651,0.057023,chewing,left_chewing,74.577,l_gx,non_chewing
6055433.0,-1.262207,1.427246,-0.146973,0.008527,0.068481,-0.020784,-1.085938,-1.587402,0.491211,-0.049296,-0.102588,0.100456,chewing,left_chewing,74.577,l_gx,non_chewing
6055443.0,-1.255859,1.43457,-0.212402,-0.02558,0.110848,-0.013856,-1.119629,-1.591309,0.516602,-0.094061,-0.147887,0.168138,chewing,left_chewing,74.577,l_gx,non_chewing
6055453.0,-1.24707,1.447266,-0.199219,-0.050095,0.124438,-0.030377,-1.102051,-1.606445,0.515625,-0.06102,-0.10925,0.169204,chewing,left_chewing,74.577,l_gx,non_chewing
6055463.0,-1.251953,1.450684,-0.195801,-0.022916,0.159611,0.010925,-1.10498,-1.597168,0.51416,-0.062086,-0.039703,0.127103,chewing,left_chewing,74.577,l_gx,non_chewing
6055473.0,-1.249512,1.461426,-0.158691,-0.024781,0.132698,-0.007461,-1.107422,-1.59375,0.497559,-0.063418,0.00373,0.114046,chewing,left_chewing,74.577,l_gx,non_chewing
6055483.0,-1.241699,1.459961,-0.161621,0.015721,0.084469,-0.027712,-1.09082,-1.600586,0.531738,-0.028778,-0.001332,0.091663,chewing,left_chewing,74.577,l_gx,non_chewing
6055493.0,-1.244141,1.458008,-0.168945,0.066882,0.075142,-0.038371,-1.075195,-1.61377,0.555664,-0.043433,-0.03917,0.089798,chewing,left_chewing,74.577,l_gx,non_chewing
6055503.0,-1.257324,1.453125,-0.178223,0.078606,0.092729,-0.026113,-1.095215,-1.603027,0.52832,-0.029311,-0.058089,0.102855,chewing,left_chewing,74.577,l_gx,non_chewing
6055513.0,-1.253906,1.449707,-0.179687,0.067681,0.079672,-0.015188,-1.10498,-1.592773,0.524414,-0.027179,-0.029044,0.070879,chewing,left_chewing,74.577,l_gx,non_chewing
6055523.0,-1.253906,1.439941,-0.178223,0.090064,0.06102,-0.007194,-1.101563,-1.606445,0.53418,-0.010658,-0.034107,0.076208,chewing,left_chewing,74.577,l_gx,non_chewing
6055533.0,-1.260742,1.441406,-0.180664,0.091397,0.05649,0.006928,-1.106934,-1.605957,0.533691,-0.020251,-0.003464,0.062885,chewing,left_chewing,74.577,l_gx,non_chewing
6055543.0,-1.249512,1.437988,-0.166992,0.071945,0.037305,-0.002665,-1.09082,-1.620605,0.532227,-0.039703,0.053026,0.035972,chewing,left_chewing,74.577,l_gx,non_chewing
6055553.0,-1.258789,1.444336,-0.191406,0.075675,0.029577,0.007994,-1.108398,-1.613281,0.549316,-0.040502,0.05649,0.026913,chewing,left_chewing,74.577,l_gx,non_chewing
6055563.0,-1.254395,1.443848,-0.169922,0.066083,0.011191,0.009326,-1.07666,-1.600098,0.539551,-0.03011,0.106851,0.00906,chewing,left_chewing,74.577,l_gx,non_chewing
6055573.0,-1.251953,1.448242,-0.171875,0.077541,0.005862,0.001865,-1.087402,-1.591797,0.51709,-0.016521,0.116178,0.022649,chewing,left_chewing,66.817,l_gx,non_chewing
6055583.0,-1.252441,1.43457,-0.187012,0.088998,0.00906,0.015455,-1.085938,-1.595703,0.532227,0.002665,0.100989,0.009593,chewing,left_chewing,66.817,l_gx,non_chewing
6055593.0,-1.269043,1.441895,-0.187988,0.072744,0.037838,0.021583,-1.094727,-1.591797,0.533203,-0.010658,0.070879,0.034374,chewing,left_chewing,66.817,l_gx,non_chewing
6055603.0,-1.263672,1.442871,-0.180664,0.059688,0.033841,0.014655,-1.105957,-1.59668,0.524902,-0.020518,0.055957,0.027446,chewing,left_chewing,66.817,l_gx,non_chewing
6055613.0,-1.253906,1.426758,-0.182617,0.026113,0.026113,0.002132,-1.10498,-1.604004,0.539062,0.004263,0.024515,0.025047,chewing,left_chewing,66.817,l_gx,non_chewing
6055623.0,-1.259277,1.431641,-0.18457,0.032775,-0.02638,-0.005596,-1.117188,-1.599121,0.532227,0.018919,0.002665,0.027712,chewing,left_chewing,66.817,l_gx,non_chewing
6055633.0,-1.265137,1.43457,-0.183105,0.044233,-0.073277,-0.006129,-1.124023,-1.603516,0.544922,0.030643,0.015455,0.039436,chewing,left_chewing,66.817,l_gx,non_chewing
6055643.0,-1.269531,1.437012,-0.203125,0.059155,-0.088199,-0.005329,-1.12207,-1.60791,0.555176,0.031709,0.020784,0.031443,chewing,left_chewing,66.817,l_gx,non_chewing
6055653.0,-1.269531,1.428711,-0.203125,0.069014,-0.085534,-0.015188,-1.103027,-1.592285,0.555664,0.006129,0.057289,0.029311,chewing,left_chewing,66.817,l_gx,non_chewing
6055663.0,-1.262695,1.437988,-0.192871,0.070613,-0.054358,-0.023449,-1.100586,-1.594238,0.541504,-0.010925,0.09193,0.015455,chewing,left_chewing,66.817,l_gx,non_chewing
6055673.0,-1.291016,1.428223,-0.19043,0.07381,-0.037038,-0.020251,-1.103516,-1.580566,0.547852,-0.011458,0.074077,0.036505,chewing,left_chewing,66.817,l_gx,non_chewing
6055683.0,-1.28418,1.42334,-0.179199,0.074343,-0.005329,-0.022916,-1.106934,-1.583008,0.532227,-0.005329,0.039436,0.029844,chewing,left_chewing,66.817,l_gx,non_chewing
6055693.0,-1.27832,1.415039,-0.196289,0.083403,0.001332,-0.039436,-1.09668,-1.596191,0.549316,-0.002931,0.012257,0.055424,chewing,left_chewing,66.817,l_gx,non_chewing
6055703.0,-1.268555,1.425781,-0.20166,0.076208,0.014655,-0.047697,-1.099121,-1.59375,0.549805,0.007194,0.033841,0.058089,chewing,left_chewing,66.817,l_gx,non_chewing
6055713.0,-1.264648,1.430176,-0.199707,0.066083,0.003997,-0.041568,-1.103027,-1.600098,0.557129,0.013856,0.055424,0.058888,chewing,left_chewing,66.817,l_gx,non_chewing
6055723.0,-1.25,1.435059,-0.186523,0.053559,-0.016521,-0.033841,-1.089355,-1.609375,0.56543,0.01732,0.094328,0.049296,chewing,left_chewing,66.817,l_gx,non_chewing
6055733.0,-1.253906,1.434082,-0.201172,0.053292,-0.018652,-0.031709,-1.103027,-1.586914,0.556641,-0.013856,0.099923,0.05196,chewing,left_chewing,66.817,l_gx,non_chewing
6055743.0,-1.262695,1.425781,-0.196289,0.049562,-0.011991,-0.019985,-1.09375,-1.599609,0.547363,-0.01279,0.071412,0.050361,chewing,left_chewing,66.817,l_gx,non_chewing
6055753.0,-1.259766,1.439453,-0.20166,0.037571,-0.039436,-0.026113,-1.101074,-1.591309,0.541992,-0.019452,0.080472,0.031709,chewing,left_chewing,66.817,l_gx,non_chewing
6055763.0,-1.282715,1.42627,-0.197266,0.03917,-0.041035,-0.033574,-1.10791,-1.596191,0.554199,-0.01732,0.06555,0.018386,chewing,left_chewing,66.817,l_gx,non_chewing
6055773.0,-1.286621,1.428223,-0.205566,0.03011,-0.000266,-0.040236,-1.120117,-1.585449,0.538574,-0.019185,0.073277,0.005596,chewing,left_chewing,66.817,l_gx,non_chewing
6055783.0,-1.304199,1.410645,-0.197266,0.030377,0.009593,-0.036239,-1.127441,-1.59082,0.561035,-0.020518,0.072478,0.011458,chewing,left_chewing,66.817,l_gx,non_chewing
6055793.0,-1.28418,1.41748,-0.184082,0.023449,0.031709,-0.045565,-1.113281,-1.594238,0.556152,-0.014123,0.092196,-0.014123,chewing,left_chewing,66.817,l_gx,non_chewing
6055803.0,-1.295898,1.413574,-0.229492,0.003198,0.041302,-0.042368,-1.130859,-1.569336,0.538086,-0.0437,0.119642,-0.019985,chewing,left_chewing,66.817,l_gx,non_chewing
6055813.0,-1.296387,1.407227,-0.211426,0.022916,0.03464,-0.044766,-1.137695,-1.595215,0.546875,-0.05196,0.103654,0.014922,chewing,left_chewing,66.817,l_gx,non_chewing
6055823.0,-1.291504,1.416504,-0.20459,0.041302,0.016521,-0.024515,-1.128418,-1.605957,0.54541,-0.044499,0.110049,0.014655,chewing,left_chewing,66.817,l_gx,non_chewing
6055833.0,-1.279297,1.421875,-0.191895,0.025047,-0.001332,-0.034374,-1.116699,-1.595703,0.548828,-0.03091,0.117243,-0.006395,chewing,left_chewing,66.817,l_gx,non_chewing
6055843.0,-1.29834,1.420898,-0.197266,0.024248,-0.005329,-0.028778,-1.138672,-1.585938,0.529785,-0.041835,0.105519,-0.022383,chewing,left_chewing,66.817,l_gx,non_chewing
6055853.0,-1.299805,1.411133,-0.197266,0.036772,-0.014655,-0.009326,-1.137207,-1.590332,0.542969,-0.053292,0.060221,-0.017054,chewing,left_chewing,66.817,l_gx,non_chewing
6055863.0,-1.294922,1.422363,-0.197266,0.029844,0.002132,-0.019185,-1.130371,-1.597656,0.547852,-0.047963,0.046631,-0.022116,chewing,left_chewing,66.817,l_gx,non_chewing
6055873.0,-1.307129,1.413574,-0.207031,0.023982,-0.005329,0.002665,-1.144531,-1.589355,0.536621,-0.056757,0.031443,-0.03091,chewing,left_chewing,66.817,l_gx,non_chewing
6055883.0,-1.312012,1.425293,-0.188477,-0.001332,0.013057,0.007461,-1.141113,-1.59375,0.538574,-0.045565,-0.017054,0.004263,chewing,left_chewing,66.817,l_gx,non_chewing
6055893.0,-1.302734,1.410645,-0.189453,-0.023449,0.023982,0.003464,-1.12793,-1.601563,0.535645,-0.048763,-0.019985,0.006928,chewing,left_chewing,66.817,l_gx,non_chewing
6055903.0,-1.297363,1.416016,-0.187012,-0.058622,0.035706,0.002931,-1.133789,-1.587402,0.540527,-0.043433,-0.030643,0.032242,chewing,left_chewing,66.817,l_gx,non_chewing
6055913.0,-1.287598,1.427246,-0.190918,-0.09113,0.046098,0.008527,-1.125488,-1.594238,0.546875,-0.06102,-0.015721,0.007727,chewing,left_chewing,66.817,l_gx,non_chewing
6055923.0,-1.291016,1.427246,-0.194336,-0.088998,0.045299,0.014655,-1.126953,-1.595215,0.551758,-0.052227,0.024515,-0.006395,chewing,left_chewing,66.817,l_gx,non_chewing
6055933.0,-1.276367,1.424805,-0.195801,-0.039703,0.007994,0.019185,-1.126465,-1.591797,0.54834,-0.049562,0.045032,-0.031176,chewing,left_chewing,66.817,l_gx,non_chewing
6055943.0,-1.287598,1.421875,-0.186035,0.027446,0.000266,0.019985,-1.120605,-1.589355,0.541016,-0.040236,0.06555,-0.042634,chewing,left_chewing,66.817,l_gx,non_chewing
6055953.0,-1.295898,1.420898,-0.17627,0.063951,-0.025847,0.004796,-1.108398,-1.59082,0.551758,-0.044766,0.061286,-0.050361,chewing,left_chewing,66.817,l_gx,non_chewing
6055963.0,-1.313477,1.406738,-0.178711,0.141758,-0.008527,-0.005329,-1.112793,-1.585449,0.539062,-0.053026,0.077274,-0.038904,chewing,left_chewing,66.817,l_gx,non_chewing
6055973.0,-1.300781,1.417969,-0.177246,0.197715,0.001599,0.002931,-1.117676,-1.591309,0.52832,-0.071145,0.031975,-0.00906,chewing,left_chewing,66.817,l_gx,non_chewing
6055983.0,-1.297852,1.418457,-0.181641,0.215035,0.001599,0.00453,-1.115723,-1.591797,0.528809,-0.068214,0.036239,0.005063,chewing,left_chewing,66.817,l_gx,non_chewing
6055993.0,-1.291504,1.423828,-0.164062,0.20864,0.014922,0.00373,-1.124023,-1.583496,0.524414,-0.065283,0.041035,0.014123,chewing,left_chewing,66.817,l_gx,non_chewing
6056003.0,-1.283203,1.423828,-0.188965,0.198781,0.023449,0.003997,-1.127441,-1.577148,0.527832,-0.066083,0.053825,0.02638,chewing,left_chewing,66.817,l_gx,non_chewing
6056013.0,-1.278809,1.425781,-0.181152,0.164407,0.029311,0.004263,-1.121582,-1.584473,0.526855,-0.074343,0.092462,-0.011724,chewing,left_chewing,66.817,l_gx,non_chewing
6056023.0,-1.28125,1.42041,-0.192383,0.163608,0.023182,0.023982,-1.131348,-1.596191,0.527832,-0.062619,0.132432,-0.021583,chewing,left_chewing,66.817,l_gx,non_chewing
6056033.0,-1.285645,1.419434,-0.181641,0.132698,0.032242,0.041835,-1.128906,-1.59375,0.531738,-0.069813,0.136429,-0.007194,chewing,left_chewing,66.817,l_gx,non_chewing
6056043.0,-1.282715,1.415039,-0.175293,0.120175,0.026646,0.038637,-1.118164,-1.603516,0.525879,-0.076475,0.121773,-0.017054,chewing,left_chewing,66.817,l_gx,non_chewing
6056053.0,-1.286133,1.42334,-0.179199,0.066616,0.02558,0.046098,-1.117676,-1.602539,0.51416,-0.08207,0.097525,0.003997,chewing,left_chewing,66.817,l_gx,non_chewing
6056063.0,-1.282715,1.425781,-0.180664,0.066882,0.027979,0.052227,-1.130371,-1.603027,0.524902,-0.076741,0.041302,0.018386,chewing,left_chewing,66.817,l_gx,non_chewing
6056073.0,-1.280273,1.42334,-0.180176,0.044233,-0.003198,0.033041,-1.128418,-1.605469,0.525879,-0.062352,0.015988,0.008527,chewing,left_chewing,66.817,l_gx,non_chewing
6056083.0,-1.28125,1.433594,-0.180176,0.047697,-0.031709,0.035706,-1.131836,-1.594727,0.517578,-0.06555,0.023182,-0.020518,chewing,left_chewing,66.817,l_gx,non_chewing
6056093.0,-1.286621,1.442871,-0.17627,0.046098,-0.010392,0.047697,-1.145508,-1.583984,0.516602,-0.078074,0.042634,-0.049562,chewing,left_chewing,66.817,l_gx,non_chewing
6056103.0,-1.283203,1.437988,-0.16748,0.030643,-0.018652,0.019985,-1.143555,-1.602051,0.508789,-0.068481,0.080472,-0.054891,chewing,left_chewing,66.817,l_gx,non_chewing
6056113.0,-1.291992,1.433105,-0.162109,0.005862,0.004796,0.034374,-1.136719,-1.599609,0.512207,-0.062619,0.11298,-0.092462,chewing,left_chewing,64.853,l_gx,non_chewing
6056123.0,-1.289063,1.434082,-0.167969,-0.027446,0.028778,0.03011,-1.136719,-1.591797,0.513672,-0.039703,0.055424,-0.063951,chewing,left_chewing,64.853,l_gx,non_chewing
6056133.0,-1.286133,1.433594,-0.177246,-0.034907,0.058622,0.016521,-1.125488,-1.590332,0.518555,-0.022116,0.057822,-0.102322,chewing,left_chewing,64.853,l_gx,non_chewing
6056143.0,-1.277344,1.431641,-0.177246,-0.056224,0.062885,0.014922,-1.125,-1.592285,0.518066,-0.007461,0.049296,-0.091397,chewing,left_chewing,64.853,l_gx,non_chewing
6056153.0,-1.282227,1.443848,-0.161621,-0.067948,0.094861,0.018386,-1.117188,-1.595215,0.523437,-0.033041,0.03917,-0.054358,chewing,left_chewing,64.853,l_gx,non_chewing
6056163.0,-1.265625,1.443848,-0.17041,-0.071678,0.106052,0.006662,-1.106934,-1.599121,0.520508,-0.028778,0.036772,-0.073277,chewing,left_chewing,64.853,l_gx,non_chewing
6056173.0,-1.274902,1.439941,-0.163574,-0.044499,0.112714,0.022383,-1.116211,-1.598633,0.514648,-0.029311,0.063152,-0.092729,chewing,left_chewing,64.853,l_gx,non_chewing
6056183.0,-1.271973,1.441895,-0.175293,-0.025047,0.08207,0.020518,-1.100586,-1.592285,0.492676,-0.011724,0.067681,-0.121507,chewing,left_chewing,64.853,l_gx,non_chewing
6056193.0,-1.269531,1.447266,-0.18457,-0.029311,0.041302,0.043433,-1.108887,-1.585449,0.48584,0.008527,0.041302,-0.116444,chewing,left_chewing,64.853,l_gx,non_chewing
6056203.0,-1.270996,1.432617,-0.188477,-0.00826,0.003198,0.04743,-1.121094,-1.585449,0.483887,0.041302,-0.030643,-0.070879,chewing,left_chewing,64.853,l_gx,non_chewing
6056213.0,-1.267578,1.427734,-0.162109,-0.044766,-0.02185,0.046364,-1.105957,-1.593262,0.503418,0.043167,-0.071678,-0.037838,chewing,left_chewing,64.853,l_gx,non_chewing
6056223.0,-1.28125,1.430664,-0.161621,-0.024248,-0.009326,0.035173,-1.097656,-1.585938,0.530273,0.034907,-0.06928,0.001865,chewing,left_chewing,64.853,l_gx,non_chewing
6056233.0,-1.28125,1.425781,-0.158203,0.010925,0.003464,0.031709,-1.111816,-1.570313,0.509766,0.012524,-0.029311,-0.007727,chewing,left_chewing,64.853,l_gx,non_chewing
6056243.0,-1.277832,1.435547,-0.192871,0.058888,0.026646,0.028245,-1.106934,-1.580078,0.500488,-0.01279,0.068747,-0.049029,chewing,left_chewing,64.853,l_gx,non_chewing
6056253.0,-1.276855,1.429199,-0.192871,0.062086,0.07381,0.023982,-1.130371,-1.594238,0.528809,-0.018119,0.056757,-0.010658,chewing,left_chewing,64.853,l_gx,non_chewing
6056263.0,-1.279785,1.432617,-0.183105,0.109783,0.088732,0.010126,-1.120605,-1.581055,0.540527,-0.02558,0.097792,-0.005063,chewing,left_chewing,64.853,l_gx,non_chewing
6056273.0,-1.273438,1.429688,-0.19043,0.146288,0.081005,0.003464,-1.10791,-1.589355,0.541504,-0.028511,0.156413,-0.044499,chewing,left_chewing,64.853,l_gx,non_chewing
6056283.0,-1.268066,1.42627,-0.194824,0.168404,0.05196,0.008793,-1.110352,-1.583496,0.537109,-0.001599,0.156946,-0.048496,chewing,left_chewing,64.853,l_gx,non_chewing
6056293.0,-1.273926,1.422363,-0.188477,0.150285,0.014389,-0.000533,-1.098633,-1.587402,0.525391,-0.003198,0.147354,-0.03544,chewing,left_chewing,64.853,l_gx,non_chewing
6056303.0,-1.282715,1.426758,-0.183105,0.171335,0.01732,0.005329,-1.103027,-1.606445,0.52832,-0.006928,0.114845,-0.011724,chewing,left_chewing,64.853,l_gx,non_chewing
6056313.0,-1.274902,1.425781,-0.177246,0.127369,0.011724,-0.00906,-1.099121,-1.606445,0.532227,-0.00906,0.053825,0.035173,chewing,left_chewing,64.853,l_gx,non_chewing
6056323.0,-1.287109,1.418457,-0.170898,0.100723,0.028778,-0.006129,-1.105957,-1.599121,0.544922,-0.032775,0.016521,0.062619,chewing,left_chewing,64.853,l_gx,non_chewing
6056333.0,-1.287598,1.41748,-0.195312,0.098591,0.040236,0.005596,-1.118164,-1.592285,0.528809,-0.030643,0.016787,0.07381,chewing,left_chewing,64.853,l_gx,non_chewing
6056343.0,-1.279297,1.425293,-0.212891,0.084735,0.076741,0.000266,-1.114258,-1.595703,0.522461,-0.046897,0.061286,0.05196,chewing,left_chewing,64.853,l_gx,non_chewing
6056353.0,-1.27832,1.42627,-0.191895,0.026913,0.102588,0.000799,-1.101074,-1.604004,0.548828,-0.05196,0.107384,0.008793,chewing,left_chewing,64.853,l_gx,non_chewing
6056363.0,-1.257324,1.439453,-0.186523,0.010392,0.125237,-0.022916,-1.118164,-1.576172,0.534668,-0.073544,0.185991,-0.006129,chewing,left_chewing,64.853,l_gx,non_chewing
6056373.0,-1.272949,1.433105,-0.22168,0.046631,0.089531,-0.022916,-1.138672,-1.585449,0.518066,-0.055957,0.262998,-0.107118,chewing,left_chewing,64.853,l_gx,non_chewing
6056383.0,-1.279297,1.422363,-0.213867,0.060487,0.03464,-0.021051,-1.140625,-1.581543,0.547363,-0.04823,0.242481,-0.125237,chewing,left_chewing,64.853,l_gx,non_chewing
6056393.0,-1.265137,1.419434,-0.181152,0.035173,-0.001066,-0.031709,-1.134277,-1.596191,0.54248,-0.058888,0.234753,-0.151351,chewing,left_chewing,64.853,l_gx,non_chewing
6056403.0,-1.289551,1.40625,-0.192383,0.049029,-0.00453,-0.021051,-1.130859,-1.606934,0.525879,-0.028511,0.186524,-0.151084,chewing,left_chewing,64.853,l_gx,non_chewing
6056413.0,-1.289063,1.413086,-0.193359,-0.012257,0.002665,-0.010925,-1.14502,-1.598145,0.512695,-0.041302,0.179862,-0.210505,chewing,left_chewing,64.853,l_gx,non_chewing
6056423.0,-1.29834,1.398926,-0.217285,-0.041568,-0.008527,-0.007727,-1.140625,-1.596191,0.499512,-0.044766,0.142824,-0.164407,chewing,left_chewing,64.853,l_gx,non_chewing
6056433.0,-1.30127,1.399902,-0.191406,-0.092995,-0.006129,-0.009859,-1.140137,-1.613281,0.522949,-0.030377,0.059954,-0.146288,chewing,left_chewing,64.853,l_gx,non_chewing
6056443.0,-1.291992,1.401855,-0.172852,-0.134297,-0.027712,-0.01732,-1.112793,-1.610352,0.531738,-0.010925,-0.050894,-0.122573,chewing,left_chewing,64.853,l_gx,non_chewing
6056453.0,-1.29834,1.425781,-0.194336,-0.149485,-0.034107,-0.009326,-1.111816,-1.604004,0.515137,-0.023715,-0.059954,-0.100456,chewing,left_chewing,64.853,l_gx,non_chewing
6056463.0,-1.303223,1.426758,-0.217285,-0.132432,-0.011991,0.005329,-1.125,-1.587402,0.510742,-0.038371,-0.00453,-0.132698,chewing,left_chewing,64.853,l_gx,non_chewing
6056473.0,-1.298828,1.428711,-0.224121,-0.125504,-0.024248,-0.003464,-1.141113,-1.586914,0.508301,-0.043433,0.046897,-0.12577,chewing,left_chewing,64.853,l_gx,non_chewing
6056483.0,-1.292969,1.412109,-0.181641,-0.096992,-0.031176,-0.00826,-1.112793,-1.609375,0.580566,0.009593,0.071945,-0.133231,chewing,left_chewing,64.853,l_gx,non_chewing
6056493.0,-1.273926,1.421387,-0.177246,-0.066882,-0.041302,-0.005596,-1.115723,-1.602051,0.553223,-0.008793,0.084202,-0.0874,chewing,left_chewing,64.853,l_gx,non_chewing
6056503.0,-1.277344,1.432617,-0.181641,-0.017853,-0.066083,-0.006129,-1.121582,-1.619141,0.518066,-0.053825,0.054092,0.010126,chewing,left_chewing,64.853,l_gx,non_chewing
6056513.0,-1.270996,1.430176,-0.17627,0.011191,-0.099923,-0.018919,-1.097656,-1.610352,0.523437,-0.030377,0.062619,-0.020518,chewing,left_chewing,64.853,l_gx,non_chewing
6056523.0,-1.276367,1.419434,-0.17627,0.045032,-0.136962,-0.033041,-1.112305,-1.593262,0.51709,-0.006928,0.026113,0.00906,chewing,left_chewing,64.853,l_gx,non_chewing
6056533.0,-1.282227,1.428711,-0.179199,0.059421,-0.143623,-0.052227,-1.113281,-1.606445,0.533691,-0.006395,0.067149,-0.009859,chewing,left_chewing,64.853,l_gx,non_chewing
6056543.0,-1.276367,1.436523,-0.184082,0.079139,-0.139093,-0.047697,-1.093262,-1.609863,0.529297,-0.005862,0.077274,-0.02638,chewing,left_chewing,64.853,l_gx,non_chewing
6056553.0,-1.271484,1.431641,-0.169922,0.089798,-0.10472,-0.023449,-1.097656,-1.60791,0.521973,-0.031176,0.117776,-0.053825,chewing,left_chewing,64.853,l_gx,non_chewing
6056563.0,-1.279297,1.42041,-0.154297,0.079139,-0.089531,-0.027979,-1.103027,-1.618164,0.524414,-0.032508,0.117243,-0.071678,chewing,left_chewing,64.853,l_gx,non_chewing
6056573.0,-1.28125,1.427734,-0.161133,0.083136,-0.104453,-0.015988,-1.088867,-1.612305,0.504883,-0.010925,0.106052,-0.067948,chewing,left_chewing,64.853,l_gx,non_chewing
6056583.0,-1.302734,1.405762,-0.158691,0.040236,-0.12124,-0.031709,-1.144531,-1.598145,0.524902,-0.028511,0.053825,-0.065017,chewing,left_chewing,64.853,l_gx,non_chewing
6056593.0,-1.303223,1.424805,-0.155273,0.058888,-0.079672,-0.034107,-1.105469,-1.600098,0.499023,-0.022116,0.028778,-0.039969,chewing,left_chewing,64.853,l_gx,non_chewing
6056603.0,-1.302246,1.417969,-0.184082,0.075942,-0.057556,-0.016521,-1.097656,-1.600586,0.515625,-0.024781,0.029311,-0.024781,chewing,left_chewing,64.853,l_gx,non_chewing
6056613.0,-1.311035,1.416504,-0.166992,0.090597,-0.039969,0.00826,-1.106934,-1.594238,0.508301,0.010392,0.040769,-0.046364,chewing,left_chewing,64.853,l_gx,non_chewing
6056623.0,-1.29248,1.419922,-0.183594,0.088199,-0.03464,0.00826,-1.097168,-1.605469,0.533691,0.029844,0.014123,-0.03464,chewing,left_chewing,64.853,l_gx,non_chewing
6056633.0,-1.282227,1.410156,-0.264648,0.064484,-0.014922,0.010392,-1.141113,-1.583984,0.50293,-0.067149,0.041035,0.00373,chewing,left_chewing,64.853,l_gx,non_chewing
6056643.0,-1.268066,1.429688,-0.104004,0.083136,-0.056224,-0.010126,-1.049316,-1.641602,0.581055,0.059155,-0.007727,-0.020518,chewing,left_chewing,64.853,l_gx,non_chewing
6056653.0,-1.26709,1.447266,-0.219727,0.016254,-0.041035,-0.006928,-1.143066,-1.563965,0.45166,-0.049828,0.013856,0.001865,chewing,left_chewing,65.003,l_gx,non_chewing
6056663.0,-1.294434,1.406738,-0.195801,0.031443,-0.077008,-0.006928,-1.110352,-1.635742,0.589844,-0.059954,-0.054891,0.041035,chewing,left_chewing,65.003,l_gx,non_chewing
6056673.0,-1.293945,1.419434,-0.12793,-0.024248,-0.066882,-0.023715,-1.085938,-1.600098,0.530762,0.001066,-0.036772,-0.007461,chewing,left_chewing,65.003,l_gx,non_chewing
6056683.0,-1.314453,1.416504,-0.196777,-0.044499,-0.009326,-0.011724,-1.145996,-1.558594,0.469727,-0.07008,0.025047,-0.028778,chewing,left_chewing,65.003,l_gx,non_chewing
6056693.0,-1.319824,1.402832,-0.181152,-0.023715,-0.01279,0.009326,-1.106934,-1.605957,0.574219,-0.036772,-0.044766,0.020518,chewing,left_chewing,65.003,l_gx,non_chewing
6056703.0,-1.29834,1.410645,-0.134277,-0.028778,-0.00453,0.006395,-1.08252,-1.612793,0.554199,0.03544,-0.040236,0.031176,chewing,left_chewing,65.003,l_gx,non_chewing
6056713.0,-1.286133,1.436523,-0.194824,-0.0437,0.017853,0.022649,-1.132324,-1.58252,0.464355,-0.033574,0.015188,-0.001066,chewing,left_chewing,65.003,l_gx,non_chewing
6056723.0,-1.308105,1.410645,-0.17041,-0.037571,0.012524,0.006129,-1.106934,-1.618652,0.549316,-0.034107,0.002132,0.011191,chewing,left_chewing,65.003,l_gx,non_chewing
6056733.0,-1.291016,1.420898,-0.167969,-0.027712,-0.019985,-0.014655,-1.107422,-1.605469,0.534668,-0.016254,-0.010925,0.016787,chewing,left_chewing,65.003,l_gx,non_chewing
6056743.0,-1.317383,1.413086,-0.177246,0.022649,-0.063685,-0.010658,-1.12793,-1.609375,0.507324,-0.022916,-0.001332,0.02185,chewing,left_chewing,65.003,l_gx,non_chewing
6056753.0,-1.307129,1.417969,-0.173828,0.075675,-0.079406,-0.019185,-1.129883,-1.607422,0.554199,-0.034107,-0.023182,0.0437,chewing,left_chewing,65.003,l_gx,non_chewing
6056763.0,-1.318359,1.420898,-0.163086,0.105253,-0.059155,-0.015455,-1.116699,-1.589355,0.525879,-0.0429,-0.042634,0.066349,chewing,left_chewing,65.003,l_gx,non_chewing
6056773.0,-1.322754,1.427734,-0.164551,0.085268,0.0,-0.000533,-1.123047,-1.594727,0.543945,-0.063685,-0.040769,0.069547,chewing,left_chewing,65.003,l_gx,non_chewing
6056783.0,-1.304688,1.420898,-0.141602,0.045299,0.033841,0.003464,-1.10498,-1.578125,0.510254,-0.013323,-0.006395,0.01732,chewing,left_chewing,65.003,l_gx,non_chewing
6056793.0,-1.305664,1.412598,-0.17334,0.03544,0.036772,0.01279,-1.111816,-1.60498,0.583008,-0.025047,0.010925,-0.023449,chewing,left_chewing,65.003,l_gx,non_chewing
6056803.0,-1.290039,1.419434,-0.151367,0.021051,0.023982,0.011724,-1.114258,-1.580078,0.504395,-0.020784,0.047697,-0.052227,chewing,left_chewing,65.003,l_gx,non_chewing
6056813.0,-1.301758,1.411621,-0.175293,0.013323,0.009859,0.042634,-1.108887,-1.615723,0.574707,-0.037038,0.011458,-0.023715,chewing,left_chewing,65.003,l_gx,non_chewing
6056823.0,-1.29541,1.430664,-0.15332,0.00453,-0.017853,0.033308,-1.112305,-1.606934,0.526855,0.000266,0.008793,-0.014655,chewing,left_chewing,65.003,l_gx,non_chewing
6056833.0,-1.300781,1.404785,-0.185059,0.00826,-0.034107,0.038904,-1.128418,-1.601074,0.527832,-0.058089,-0.029044,0.018652,chewing,left_chewing,65.003,l_gx,non_chewing
6056843.0,-1.305664,1.405762,-0.137695,0.015188,-0.046364,0.032775,-1.096191,-1.60791,0.552246,-0.036772,-0.042634,0.018386,chewing,left_chewing,65.003,l_gx,non_chewing
6056853.0,-1.308594,1.416016,-0.145508,0.010658,-0.012524,0.022649,-1.120117,-1.580078,0.499512,-0.063418,-0.023449,0.014123,chewing,left_chewing,65.003,l_gx,non_chewing
6056863.0,-1.325195,1.412109,-0.177246,-0.007994,0.02638,0.032242,-1.117188,-1.595703,0.533691,-0.082603,-0.067415,0.033041,chewing,left_chewing,65.003,l_gx,non_chewing
6056873.0,-1.323242,1.404297,-0.164062,0.001599,0.029844,0.032242,-1.109863,-1.601563,0.533203,-0.045565,-0.085268,0.050628,chewing,left_chewing,65.003,l_gx,non_chewing
6056883.0,-1.304199,1.416992,-0.150391,0.015721,0.023715,0.028778,-1.101563,-1.594238,0.555664,-0.021583,-0.07834,0.030643,chewing,left_chewing,65.003,l_gx,non_chewing
6056893.0,-1.297852,1.44043,-0.151855,0.027179,0.022649,0.044499,-1.13623,-1.571289,0.492187,-0.042368,-0.009593,0.00453,chewing,left_chewing,65.003,l_gx,non_chewing
6056903.0,-1.295898,1.431152,-0.186035,0.075409,0.013057,0.054092,-1.127441,-1.595215,0.569336,-0.05196,-0.026646,0.04743,chewing,left_chewing,65.003,l_gx,non_chewing
6056913.0,-1.277832,1.422852,-0.13623,0.083936,0.019718,0.032508,-1.07666,-1.594238,0.528809,-0.020784,0.05276,0.013057,chewing,left_chewing,65.003,l_gx,non_chewing
6056923.0,-1.265625,1.454102,-0.15625,0.045832,0.143623,0.014123,-1.069824,-1.597168,0.492187,-0.084735,0.197449,-0.018919,chewing,left_chewing,65.003,l_gx,non_chewing
6056933.0,-1.273926,1.429688,-0.153809,0.042368,0.14389,0.017853,-1.083008,-1.611328,0.520508,-0.055158,0.160943,-0.025314,chewing,left_chewing,65.003,l_gx,non_chewing
6056943.0,-1.286133,1.414551,-0.153809,0.059688,0.116711,0.005329,-1.10498,-1.606934,0.524902,-0.051694,0.103387,0.00373,chewing,left_chewing,65.003,l_gx,non_chewing
6056953.0,-1.289551,1.419922,-0.164062,0.081271,0.123905,0.004263,-1.104492,-1.613281,0.532227,-0.049296,0.067149,0.005596,chewing,left_chewing,65.003,l_gx,non_chewing
6056963.0,-1.28418,1.415039,-0.167969,0.088199,0.104453,0.015188,-1.106445,-1.608887,0.540527,-0.054092,0.058089,0.014655,chewing,left_chewing,65.003,l_gx,non_chewing
6056973.0,-1.29541,1.431641,-0.170898,0.096459,0.096459,0.033308,-1.12207,-1.603516,0.530762,-0.055158,0.069014,-0.002665,chewing,left_chewing,65.003,l_gx,non_chewing
6056983.0,-1.297852,1.422852,-0.165039,0.10925,0.088466,0.05196,-1.134766,-1.589844,0.516113,-0.038637,0.083403,-0.007194,chewing,left_chewing,65.003,l_gx,non_chewing
6056993.0,-1.305176,1.414063,-0.159668,0.078606,0.073544,0.0429,-1.13916,-1.597656,0.513184,-0.043167,0.101522,-0.029844,chewing,left_chewing,65.003,l_gx,non_chewing
6057003.0,-1.302246,1.424805,-0.155273,0.122573,0.055158,0.040236,-1.124512,-1.587402,0.524414,-0.036239,0.102855,-0.020784,chewing,left_chewing,65.003,l_gx,non_chewing
6057013.0,-1.328125,1.409668,-0.226074,0.158279,0.068747,0.059421,-1.132324,-1.619141,0.570801,-0.084735,0.069014,0.010392,chewing,left_chewing,65.003,l_gx,non_chewing
6057023.0,-1.300293,1.427246,-0.114746,0.159611,0.077807,0.050095,-1.074707,-1.642578,0.576172,-0.015721,0.084202,-0.024781,chewing,left_chewing,65.003,l_gx,non_chewing
6057033.0,-1.288574,1.437012,-0.105957,0.119642,0.09193,0.049296,-1.094727,-1.600586,0.515137,-0.011191,0.092995,-0.033041,chewing,left_chewing,65.003,l_gx,non_chewing
6057043.0,-1.285156,1.440918,-0.163574,0.10925,0.101789,0.029311,-1.121582,-1.563965,0.460937,-0.091663,0.132432,-0.053026,chewing,left_chewing,65.003,l_gx,non_chewing
6057053.0,-1.299805,1.41748,-0.250488,0.138827,0.102322,0.044233,-1.136719,-1.577637,0.493164,-0.135896,0.082603,-0.031176,chewing,left_chewing,65.003,l_gx,non_chewing
6057063.0,-1.296875,1.40332,-0.18457,0.105786,0.069547,0.039969,-1.116211,-1.611328,0.560059,-0.08287,0.03544,-0.010658,chewing,left_chewing,65.003,l_gx,non_chewing
6057073.0,-1.285156,1.407715,-0.165527,0.077541,0.018919,0.034374,-1.10791,-1.614258,0.54834,-0.060487,0.015721,-0.031176,chewing,left_chewing,65.003,l_gx,non_chewing
6057083.0,-1.280273,1.417969,-0.168457,0.044766,-0.014389,0.035173,-1.108887,-1.606934,0.536133,-0.078074,0.03011,-0.035706,chewing,left_chewing,65.003,l_gx,non_chewing
6057093.0,-1.288086,1.418945,-0.173828,0.035972,-0.008793,0.033574,-1.130859,-1.599609,0.534668,-0.087133,0.031975,-0.013856,chewing,left_chewing,65.003,l_gx,non_chewing
6057103.0,-1.308594,1.409668,-0.169922,0.030377,-0.020251,0.03544,-1.130859,-1.592285,0.518066,-0.09193,0.016787,0.030377,chewing,left_chewing,65.003,l_gx,non_chewing
6057113.0,-1.308594,1.408203,-0.161133,0.027179,-0.015188,0.028511,-1.086914,-1.613281,0.503418,-0.064217,0.008527,0.002132,chewing,left_chewing,65.003,l_gx,non_chewing
6057123.0,-1.3125,1.40625,-0.17041,0.022383,0.014123,0.011724,-1.126465,-1.594727,0.514648,-0.063951,-0.000266,0.006928,chewing,left_chewing,65.003,l_gx,non_chewing
6057133.0,-1.303711,1.406738,-0.165527,0.020518,0.014922,0.009859,-1.121094,-1.591797,0.522461,-0.021583,-0.005596,-0.029044,chewing,left_chewing,65.003,l_gx,non_chewing
6057143.0,-1.289063,1.40332,-0.185547,0.006129,0.00906,0.011991,-1.130859,-1.583984,0.531738,-0.013856,-0.021317,-0.005329,chewing,left_chewing,65.003,l_gx,non_chewing
6057153.0,-1.285645,1.408691,-0.174805,-0.005063,-0.014922,0.00826,-1.118164,-1.572754,0.529785,0.002132,-0.005596,-0.019185,chewing,left_chewing,65.003,l_gx,non_chewing
6057163.0,-1.272461,1.410645,-0.177734,0.023449,-0.046897,0.016521,-1.106934,-1.591797,0.545898,0.013057,0.035972,-0.032242,chewing,left_chewing,65.003,l_gx,non_chewing
6057173.0,-1.267578,1.398926,-0.171875,0.065283,-0.123372,0.009326,-1.111816,-1.597656,0.539062,0.017853,0.04823,-0.024515,chewing,left_chewing,65.003,l_gx,non_chewing
6057183.0,-1.274414,1.421387,-0.17041,0.121507,-0.165207,-0.00373,-1.09668,-1.601563,0.524902,-0.015988,0.073544,-0.02558,chewing,left_chewing,65.003,l_gx,non_chewing
6057193.0,-1.277832,1.418945,-0.142578,0.164141,-0.181994,-0.014123,-1.112305,-1.625,0.525391,-0.080738,0.104986,-0.050894,chewing,left_chewing,65.003,l_gx,non_chewing
6057203.0,-1.290039,1.406738,-0.161621,0.200913,-0.196916,-0.015721,-1.125488,-1.600586,0.48877,-0.0429,0.00906,0.029844,chewing,left_chewing,67.176,r_gy,non_chewing
6057213.0,-1.302734,1.404785,-0.181641,0.244613,-0.199047,-0.00373,-1.132324,-1.589844,0.512695,-0.06475,-0.00373,0.03091,chewing,left_chewing,67.176,r_gy,non_chewing
6057223.0,-1.307129,1.409668,-0.185059,0.229957,-0.17853,-0.008793,-1.128906,-1.588867,0.533203,-0.07008,-0.016787,0.043966,chewing,left_chewing,67.176,r_gy,non_chewing
6057233.0,-1.326172,1.402344,-0.15625,0.167072,-0.124704,-0.021051,-1.145996,-1.591309,0.516602,-0.051694,-0.041035,0.069547,chewing,left_chewing,67.176,r_gy,non_chewing
6057243.0,-1.34082,1.405762,-0.169922,0.114312,-0.075409,-0.021583,-1.130371,-1.575684,0.52832,-0.053026,-0.018652,0.023715,chewing,left_chewing,67.176,r_gy,non_chewing
6057253.0,-1.327148,1.411133,-0.152344,0.071678,-0.025047,-0.002132,-1.134277,-1.598145,0.519043,-0.019985,-0.020251,0.024515,chewing,left_chewing,67.176,r_gy,non_chewing
6057263.0,-1.319824,1.42627,-0.153809,0.061819,0.031709,0.014389,-1.126953,-1.592773,0.517578,-0.028245,0.000533,-0.025314,chewing,left_chewing,67.176,r_gy,non_chewing
6057273.0,-1.312988,1.418945,-0.172852,0.052227,0.068214,0.032242,-1.136719,-1.59375,0.51123,-0.058888,-0.029844,0.012257,chewing,left_chewing,67.176,r_gy,non_chewing
6057283.0,-1.31543,1.418945,-0.176758,0.030377,0.064484,0.020784,-1.130371,-1.609375,0.512207,-0.073544,-0.03917,0.002398,chewing,left_chewing,67.176,r_gy,non_chewing
6057293.0,-1.326172,1.419434,-0.167969,0.001865,0.049562,0.011458,-1.126953,-1.611328,0.51123,-0.074876,-0.089265,0.022916,chewing,left_chewing,67.176,r_gy,non_chewing
6057303.0,-1.303223,1.416016,-0.167969,-0.044766,0.048763,0.000799,-1.120605,-1.609375,0.537598,-0.073277,-0.153216,0.051161,chewing,left_chewing,67.176,r_gy,non_chewing
6057313.0,-1.306152,1.414551,-0.13916,-0.119642,0.087933,-0.007727,-1.111328,-1.608887,0.525879,-0.082603,-0.191587,0.06102,chewing,left_chewing,67.176,r_gy,non_chewing
6057323.0,-1.30957,1.421875,-0.158691,-0.171602,0.140426,-0.000533,-1.112793,-1.58252,0.51416,-0.10845,-0.232355,0.098058,chewing,left_chewing,67.176,r_gy,non_chewing
6057333.0,-1.313965,1.429199,-0.186035,-0.191853,0.170003,0.000799,-1.111816,-1.585449,0.512207,-0.114579,-0.251008,0.12577,chewing,left_chewing,67.176,r_gy,non_chewing
6057343.0,-1.312988,1.423828,-0.196777,-0.161743,0.186257,0.014655,-1.114746,-1.584961,0.52832,-0.093795,-0.246211,0.131366,chewing,left_chewing,67.176,r_gy,non_chewing
6057353.0,-1.316895,1.409668,-0.189941,-0.072478,0.167871,0.040236,-1.095215,-1.605957,0.55127,-0.044766,-0.247277,0.10392,chewing,left_chewing,67.176,r_gy,non_chewing
6057363.0,-1.307617,1.419922,-0.135254,-0.073277,0.134297,0.022916,-1.09375,-1.615234,0.569824,0.020518,-0.213436,0.075675,chewing,left_chewing,67.176,r_gy,non_chewing
6057373.0,-1.295898,1.42334,-0.12207,-0.057822,0.078074,0.02185,-1.087402,-1.603027,0.54248,0.037571,-0.198248,0.085002,chewing,left_chewing,67.176,r_gy,non_chewing
6057383.0,-1.298828,1.444824,-0.183594,-0.05276,0.061553,0.03011,-1.147461,-1.57373,0.469727,-0.053825,-0.219832,0.102855,chewing,left_chewing,67.176,r_gy,non_chewing
6057393.0,-1.305176,1.418945,-0.205078,0.013323,0.011191,0.00826,-1.145996,-1.598145,0.56543,-0.101256,-0.303234,0.175332,chewing,left_chewing,67.176,r_gy,non_chewing
6057403.0,-1.294922,1.429688,-0.137207,0.0,0.040502,-0.006928,-1.146484,-1.580078,0.506348,-0.22223,-0.540652,0.387969,chewing,left_chewing,67.176,r_gy,non_chewing
6057413.0,-1.313477,1.424805,-0.141113,0.019718,0.03917,-0.025047,-1.13623,-1.603027,0.554199,-0.190254,-0.299504,0.214236,chewing,left_chewing,67.176,r_gy,non_chewing
6057423.0,-1.305664,1.42041,-0.160156,0.027979,0.075409,0.006395,-1.09375,-1.583496,0.541016,-0.183859,-0.203844,0.121507,chewing,left_chewing,67.176,r_gy,non_chewing
6057433.0,-1.304199,1.40625,-0.15332,-0.001865,0.063418,0.009326,-1.125488,-1.591309,0.527344,-0.155348,-0.19958,0.122306,chewing,left_chewing,67.176,r_gy,non_chewing
6057443.0,-1.296875,1.406738,-0.15918,0.041302,0.049296,0.033308,-1.126953,-1.589355,0.553223,-0.091397,-0.118309,0.085002,chewing,left_chewing,67.176,r_gy,non_chewing
6057453.0,-1.293945,1.41748,-0.159668,0.045565,0.057289,0.036239,-1.122559,-1.573242,0.523437,-0.103387,-0.070613,0.075142,chewing,left_chewing,67.176,r_gy,non_chewing
6057463.0,-1.293945,1.414063,-0.161621,0.067681,0.049562,0.041568,-1.131836,-1.589355,0.522949,-0.088732,-0.03544,0.0429,chewing,left_chewing,67.176,r_gy,non_chewing
6057473.0,-1.285156,1.407227,-0.155762,0.131366,0.001066,0.054625,-1.120605,-1.583984,0.516113,-0.071678,0.000266,0.019718,chewing,left_chewing,67.176,r_gy,non_chewing
6057483.0,-1.282227,1.411133,-0.17334,0.152949,-0.046364,0.063418,-1.141113,-1.586426,0.525879,-0.077541,-0.029044,0.060221,chewing,left_chewing,67.176,r_gy,non_chewing
6057493.0,-1.282715,1.42041,-0.163086,0.168138,-0.064217,0.059155,-1.147949,-1.578125,0.536133,-0.056757,-0.071412,0.092462,chewing,left_chewing,67.176,r_gy,non_chewing
6057503.0,-1.285645,1.416016,-0.161133,0.182527,-0.062352,0.058355,-1.13623,-1.592773,0.529297,-0.046897,-0.121773,0.142291,chewing,left_chewing,67.176,r_gy,non_chewing
6057513.0,-1.288086,1.414551,-0.146484,0.18226,-0.031709,0.075675,-1.121094,-1.582031,0.533691,-0.026646,-0.096726,0.096459,chewing,left_chewing,67.176,r_gy,non_chewing
6057523.0,-1.28125,1.405762,-0.144043,0.166806,-0.010392,0.076208,-1.124023,-1.598145,0.555664,-0.001865,-0.111648,0.075942,chewing,left_chewing,67.176,r_gy,non_chewing
6057533.0,-1.267578,1.411133,-0.146484,0.16494,0.021317,0.080738,-1.133789,-1.576172,0.516602,0.001599,-0.072211,0.010392,chewing,left_chewing,67.176,r_gy,non_chewing
6057543.0,-1.269043,1.411621,-0.182617,0.185191,-0.002931,0.077807,-1.13916,-1.577637,0.538086,-0.017853,-0.07834,-0.016254,chewing,left_chewing,67.176,r_gy,non_chewing
6057553.0,-1.274414,1.40918,-0.179199,0.169737,-0.012257,0.044766,-1.120117,-1.566895,0.562012,0.00826,-0.031709,-0.034107,chewing,left_chewing,67.176,r_gy,non_chewing
6057563.0,-1.272949,1.402344,-0.174805,0.168404,-0.030643,0.0429,-1.125977,-1.57373,0.566895,0.023982,0.010392,-0.036505,chewing,left_chewing,67.176,r_gy,non_chewing
6057573.0,-1.276367,1.42334,-0.139648,0.127636,-0.028778,0.020784,-1.128418,-1.571777,0.546875,0.034107,0.03464,-0.027446,chewing,left_chewing,67.176,r_gy,non_chewing
6057583.0,-1.288574,1.414551,-0.205566,0.127636,-0.013856,0.015455,-1.118652,-1.571289,0.52832,0.015988,0.039436,-0.026113,chewing,left_chewing,67.176,r_gy,non_chewing
6057593.0,-1.303711,1.418945,-0.165527,0.131899,0.023982,0.023449,-1.115723,-1.576172,0.562012,0.0,0.049562,-0.004263,chewing,left_chewing,67.176,r_gy,non_chewing
6057603.0,-1.287598,1.420898,-0.14209,0.05196,0.072478,0.011458,-1.107422,-1.591797,0.570801,-0.015455,0.066349,-0.025314,chewing,left_chewing,67.176,r_gy,non_chewing
6057613.0,-1.292969,1.415527,-0.188477,0.043167,0.108983,0.003464,-1.117676,-1.567871,0.55127,-0.026113,0.099391,-0.032242,chewing,left_chewing,67.176,r_gy,non_chewing
6057623.0,-1.297852,1.395508,-0.209473,0.028778,0.126836,-0.009859,-1.127441,-1.575684,0.543457,-0.056757,0.10019,-0.019718,chewing,left_chewing,67.176,r_gy,non_chewing
6057633.0,-1.287109,1.408203,-0.190918,0.019985,0.122306,-0.012524,-1.121582,-1.576172,0.574219,-0.056224,0.06928,0.033308,chewing,left_chewing,67.176,r_gy,non_chewing
6057643.0,-1.274902,1.431152,-0.183594,-0.034374,0.158012,-0.02558,-1.104492,-1.583496,0.563477,-0.056757,0.067415,0.042101,chewing,left_chewing,67.176,r_gy,non_chewing
6057653.0,-1.284668,1.410645,-0.220215,-0.013057,0.136162,-0.010392,-1.11084,-1.584473,0.547363,-0.049562,0.057023,0.056757,chewing,left_chewing,67.176,r_gy,non_chewing
6057663.0,-1.282227,1.421387,-0.175293,-0.007461,0.109783,-0.015455,-1.114258,-1.594238,0.562012,-0.045565,0.0437,0.058622,chewing,left_chewing,67.176,r_gy,non_chewing
6057673.0,-1.274902,1.422363,-0.166992,-0.014922,0.098058,-0.013323,-1.106934,-1.597168,0.564941,-0.030643,0.060487,0.018652,chewing,left_chewing,67.176,r_gy,non_chewing
6057683.0,-1.281738,1.424805,-0.199707,-0.028245,0.094061,-0.015988,-1.116211,-1.587402,0.533691,-0.023182,0.066349,-0.007461,chewing,left_chewing,67.176,r_gy,non_chewing
6057693.0,-1.29248,1.411621,-0.212891,-0.009859,0.059421,-0.023182,-1.134277,-1.590332,0.555176,0.000799,0.031975,0.000533,chewing,left_chewing,67.176,r_gy,non_chewing
6057703.0,-1.285156,1.427734,-0.155273,-0.055957,0.044766,-0.038371,-1.10791,-1.597656,0.56543,0.020251,0.041835,-0.027712,chewing,left_chewing,67.176,r_gy,non_chewing
6057713.0,-1.278809,1.421387,-0.219727,-0.077541,0.028245,-0.036239,-1.14209,-1.577148,0.534668,-0.027179,0.044766,-0.028778,chewing,left_chewing,67.176,r_gy,non_chewing
6057723.0,-1.293945,1.425293,-0.172363,-0.046098,0.010126,-0.034907,-1.149902,-1.586426,0.562012,-0.022383,0.025847,-0.006129,chewing,left_chewing,67.176,r_gy,non_chewing
6057733.0,-1.29248,1.431152,-0.173828,-0.067415,0.022649,-0.024781,-1.121094,-1.580566,0.540527,-0.022383,0.066083,-0.03091,chewing,left_chewing,67.176,r_gy,non_chewing
6057743.0,-1.291992,1.425781,-0.205566,-0.050628,0.033841,-0.007994,-1.150879,-1.564453,0.53418,-0.050894,0.055957,-0.053292,chewing,left_chewing,67.176,r_gy,non_chewing
6057753.0,-1.292969,1.436523,-0.143066,-0.074343,0.038371,-0.011191,-1.12793,-1.591309,0.571777,-0.019452,0.040236,-0.064484,chewing,left_chewing,67.176,r_gy,non_chewing
6057763.0,-1.291992,1.417969,-0.181641,-0.084202,0.066882,-0.005063,-1.132813,-1.577637,0.541992,-0.028511,0.050095,-0.082337,chewing,left_chewing,67.079,r_gy,non_chewing
6057773.0,-1.278809,1.428711,-0.142578,-0.080738,0.047963,0.000533,-1.128418,-1.589844,0.547363,-0.009326,0.049562,-0.106585,chewing,left_chewing,67.079,r_gy,non_chewing
6057783.0,-1.271973,1.415039,-0.17627,-0.06475,0.075409,0.001599,-1.125977,-1.593262,0.534668,-0.037038,0.061819,-0.094861,chewing,left_chewing,67.079,r_gy,non_chewing
6057793.0,-1.269043,1.411621,-0.145996,-0.029311,0.04823,0.010392,-1.126465,-1.600098,0.560059,-0.033308,0.060487,-0.065283,chewing,left_chewing,67.079,r_gy,non_chewing
6057803.0,-1.279785,1.418945,-0.15918,0.025047,0.033308,0.012524,-1.127441,-1.590332,0.540527,-0.034907,0.087933,-0.039969,chewing,left_chewing,67.079,r_gy,non_chewing
6057813.0,-1.286621,1.419922,-0.172852,0.025314,0.05196,-0.001599,-1.132324,-1.584961,0.528809,-0.027446,0.116711,-0.062619,chewing,left_chewing,67.079,r_gy,non_chewing
6057823.0,-1.29248,1.42627,-0.178711,0.069014,0.038637,-0.006395,-1.130371,-1.583496,0.518066,-0.034907,0.099657,-0.014922,chewing,left_chewing,67.079,r_gy,non_chewing
6057833.0,-1.290527,1.431152,-0.180664,0.069547,0.07834,-0.009593,-1.131348,-1.57666,0.534668,-0.05649,0.095127,-0.001599,chewing,left_chewing,67.079,r_gy,non_chewing
6057843.0,-1.293945,1.427246,-0.155762,0.102855,0.088466,-0.018919,-1.121094,-1.583496,0.555664,-0.048763,0.10392,-0.011458,chewing,left_chewing,67.079,r_gy,non_chewing
6057853.0,-1.279785,1.418945,-0.17627,0.087933,0.106585,-0.010392,-1.125,-1.566895,0.532227,-0.053825,0.130034,-0.007994,chewing,left_chewing,67.079,r_gy,non_chewing
6057863.0,-1.288086,1.412598,-0.175293,0.10019,0.079672,-0.00906,-1.140137,-1.581055,0.538086,-0.076741,0.135896,-0.022383,chewing,left_chewing,67.079,r_gy,non_chewing
6057873.0,-1.275391,1.421387,-0.161133,0.0874,0.055691,-0.010925,-1.113281,-1.588867,0.535156,-0.04823,0.160144,-0.033041,chewing,left_chewing,67.079,r_gy,non_chewing
6057883.0,-1.271484,1.420898,-0.135254,0.060753,0.045299,0.006129,-1.098633,-1.588867,0.564941,-0.043167,0.192119,-0.049029,chewing,left_chewing,67.079,r_gy,non_chewing
6057893.0,-1.270996,1.418945,-0.203613,0.049029,0.063418,0.010658,-1.122559,-1.575195,0.493652,-0.074077,0.181194,-0.021051,chewing,left_chewing,67.079,r_gy,non_chewing
6057903.0,-1.274414,1.411133,-0.248047,0.059688,0.077008,0.001865,-1.125,-1.552734,0.487305,-0.100989,0.182527,-0.00906,chewing,left_chewing,67.079,r_gy,non_chewing
6057913.0,-1.294922,1.388184,-0.196289,0.099124,0.043966,0.004796,-1.137695,-1.587402,0.524414,-0.081804,0.151884,0.004263,chewing,left_chewing,67.079,r_gy,non_chewing
6057923.0,-1.294922,1.40332,-0.159668,0.104187,0.031975,-0.014922,-1.116699,-1.600586,0.543945,-0.059688,0.151351,0.027179,chewing,left_chewing,67.079,r_gy,non_chewing
6057933.0,-1.293457,1.423828,-0.16748,0.086334,0.049562,-0.022916,-1.124023,-1.59375,0.519043,-0.074609,0.150551,0.026913,chewing,left_chewing,67.079,r_gy,non_chewing
6057943.0,-1.291016,1.40918,-0.164062,0.098591,0.03091,-0.016787,-1.119629,-1.59082,0.530762,-0.077541,0.127369,0.047963,chewing,left_chewing,67.079,r_gy,non_chewing
6057953.0,-1.279297,1.40918,-0.17041,0.08207,0.016787,-0.016787,-1.125,-1.565918,0.526367,-0.062619,0.120974,0.06928,chewing,left_chewing,67.079,r_gy,non_chewing
6057963.0,-1.29248,1.408691,-0.176758,0.094861,-0.003997,-0.023182,-1.143555,-1.57959,0.546387,-0.06102,0.153482,0.052493,chewing,left_chewing,67.079,r_gy,non_chewing
6057973.0,-1.276855,1.443359,-0.167969,0.051694,0.019452,-0.022383,-1.112793,-1.575684,0.525391,-0.055424,0.231822,0.016787,chewing,left_chewing,67.079,r_gy,non_chewing
6057983.0,-1.305176,1.415039,-0.221191,0.079406,0.018652,-0.013057,-1.149902,-1.568848,0.51416,-0.065017,0.187856,0.034107,chewing,left_chewing,67.079,r_gy,non_chewing
6057993.0,-1.287598,1.436523,-0.12793,0.057023,0.008527,-0.037571,-1.108887,-1.605957,0.558594,-0.023982,0.185991,0.030377,chewing,left_chewing,67.079,r_gy,non_chewing
6058003.0,-1.309082,1.418945,-0.218262,0.041035,0.069813,-0.032242,-1.144531,-1.568848,0.48877,-0.096726,0.154282,0.068481,chewing,left_chewing,67.079,r_gy,non_chewing
6058013.0,-1.317871,1.41748,-0.129883,0.044766,0.060753,-0.020784,-1.127441,-1.622559,0.545898,-0.038904,0.118309,0.085801,chewing,left_chewing,67.079,r_gy,non_chewing
6058023.0,-1.308105,1.419922,-0.187012,0.023182,0.138028,0.0,-1.12207,-1.584961,0.487793,-0.088998,0.104187,0.093795,chewing,left_chewing,67.079,r_gy,non_chewing
6058033.0,-1.316895,1.394043,-0.187988,0.033308,0.125504,0.006928,-1.140137,-1.588867,0.52002,-0.070879,0.036772,0.111648,chewing,left_chewing,67.079,r_gy,non_chewing
6058043.0,-1.291992,1.414063,-0.133789,0.00826,0.144423,0.007461,-1.109375,-1.595215,0.526855,-0.032508,0.059421,0.080738,chewing,left_chewing,67.079,r_gy,non_chewing
6058053.0,-1.296875,1.41748,-0.20459,0.004796,0.156946,0.057023,-1.139648,-1.558594,0.47998,-0.068481,0.053026,0.069014,chewing,left_chewing,67.079,r_gy,non_chewing
6058063.0,-1.304688,1.410156,-0.217285,0.002398,0.128701,0.090597,-1.176758,-1.560059,0.512695,-0.032508,0.045032,0.067948,chewing,left_chewing,67.079,r_gy,non_chewing
6058073.0,-1.297363,1.449707,-0.130859,-0.007994,0.10392,0.097259,-1.128418,-1.604492,0.575195,0.027979,0.105519,0.000533,chewing,left_chewing,67.079,r_gy,non_chewing
6058083.0,-1.295898,1.436035,-0.165039,0.027446,0.096459,0.14762,-1.14502,-1.602051,0.513184,0.001599,0.220098,-0.039703,chewing,left_chewing,67.079,r_gy,non_chewing
6058093.0,-1.299316,1.447754,-0.185059,0.027446,0.07381,0.146021,-1.147461,-1.586914,0.504395,0.007994,0.234487,-0.035706,chewing,left_chewing,67.079,r_gy,non_chewing
6058103.0,-1.308594,1.4375,-0.171875,0.054891,0.06475,0.17027,-1.120605,-1.583984,0.508789,0.014123,0.209972,-0.053026,chewing,left_chewing,67.079,r_gy,non_chewing
6058113.0,-1.304199,1.434082,-0.170898,0.065816,0.066083,0.175865,-1.115234,-1.601563,0.491699,0.033308,0.151351,-0.018652,chewing,left_chewing,67.079,r_gy,non_chewing
6058123.0,-1.307617,1.4375,-0.187012,0.053825,0.124704,0.219032,-1.138184,-1.581543,0.515137,0.032508,0.102588,-0.066083,chewing,left_chewing,67.079,r_gy,non_chewing
6058133.0,-1.297852,1.448242,-0.170898,0.047697,0.142824,0.249409,-1.097168,-1.590332,0.509277,0.034907,0.067948,-0.104187,chewing,left_chewing,67.079,r_gy,non_chewing
6058143.0,-1.30957,1.46582,-0.175781,0.037038,0.17027,0.259268,-1.130859,-1.570801,0.524414,0.062352,0.061553,-0.108184,chewing,left_chewing,67.079,r_gy,non_chewing
6058153.0,-1.311523,1.455078,-0.175293,0.039703,0.161743,0.288579,-1.134277,-1.585938,0.52002,0.089798,0.061286,-0.116711,chewing,left_chewing,67.079,r_gy,non_chewing
6058163.0,-1.283691,1.469727,-0.181641,0.072211,0.166806,0.307498,-1.100586,-1.618164,0.513184,0.082603,0.106052,-0.158812,chewing,left_chewing,67.079,r_gy,non_chewing
6058173.0,-1.27832,1.469238,-0.187988,0.142025,0.126836,0.244346,-1.136719,-1.586914,0.517578,0.126037,0.132965,-0.102855,chewing,left_chewing,67.079,r_gy,non_chewing
6058183.0,-1.288574,1.464355,-0.175781,0.177464,0.124172,0.201712,-1.146484,-1.594238,0.520996,0.097792,0.165207,-0.063685,chewing,left_chewing,67.079,r_gy,non_chewing
6058193.0,-1.313965,1.443848,-0.187012,0.221697,0.12657,0.208374,-1.111816,-1.586426,0.521973,0.051694,0.210772,-0.098058,chewing,left_chewing,67.079,r_gy,non_chewing
6058203.0,-1.300781,1.431641,-0.189941,0.221963,0.144423,0.206242,-1.150391,-1.572754,0.518555,0.029844,0.147354,0.004263,chewing,left_chewing,67.079,r_gy,non_chewing
6058213.0,-1.314453,1.430664,-0.185059,0.193452,0.212371,0.205176,-1.07666,-1.630859,0.508789,0.00906,0.175066,-0.054625,chewing,left_chewing,67.079,r_gy,non_chewing
6058223.0,-1.315918,1.414063,-0.185547,0.188389,0.276322,0.240616,-1.115234,-1.589844,0.516602,0.014655,0.22223,-0.083669,chewing,left_chewing,67.079,r_gy,non_chewing
6058233.0,-1.32373,1.397949,-0.196289,0.160677,0.354928,0.300037,-1.126953,-1.580078,0.504395,0.006129,0.233688,-0.070613,chewing,left_chewing,67.079,r_gy,non_chewing
6058243.0,-1.305664,1.380371,-0.190918,0.159078,0.384239,0.33974,-1.124512,-1.587891,0.549316,0.016254,0.285381,-0.135629,chewing,left_chewing,67.079,r_gy,non_chewing
6058253.0,-1.265625,1.401367,-0.20166,0.149752,0.415415,0.334943,-1.132324,-1.564941,0.495605,-0.000799,0.351997,-0.119642,chewing,left_chewing,67.079,r_gy,non_chewing
6058263.0,-1.260254,1.407227,-0.252441,0.159877,0.408487,0.333345,-1.158203,-1.547363,0.488281,-0.015988,0.325884,-0.093795,chewing,left_chewing,67.079,r_gy,non_chewing
6058273.0,-1.256348,1.417969,-0.263672,0.131366,0.342671,0.30883,-1.17041,-1.568359,0.524902,-0.031709,0.320554,-0.130034,chewing,left_chewing,67.079,r_gy,non_chewing
6058283.0,-1.242676,1.433105,-0.217773,0.092995,0.289112,0.292043,-1.178223,-1.571777,0.53418,-0.020251,0.312294,-0.102588,chewing,left_chewing,67.079,r_gy,non_chewing
6058293.0,-1.269043,1.412598,-0.208984,0.094594,0.257136,0.321087,-1.132324,-1.577637,0.525879,-0.040502,0.312028,-0.174,chewing,left_chewing,67.079,r_gy,non_chewing
6058303.0,-1.285156,1.408691,-0.206055,0.038104,0.241948,0.345069,-1.144043,-1.586426,0.519531,-0.021317,0.308564,-0.167605,chewing,left_chewing,67.079,r_gy,non_chewing
6058313.0,-1.271484,1.401367,-0.220703,0.001066,0.266196,0.373314,-1.15918,-1.589355,0.533203,-0.029044,0.300037,-0.26593,chewing,left_chewing,75.347,r_gy,non_chewing
6058323.0,-1.287109,1.382813,-0.238281,-0.097259,0.318156,0.392233,-1.116699,-1.615723,0.512695,-0.054891,0.181727,-0.168671,chewing,left_chewing,75.347,r_gy,non_chewing
6058333.0,-1.285645,1.395996,-0.213867,-0.143623,0.387436,0.438064,-1.140137,-1.600098,0.530762,-0.046098,0.176398,-0.18306,chewing,left_chewing,75.347,r_gy,non_chewing
6058343.0,-1.296875,1.427734,-0.226562,-0.211305,0.481764,0.486294,-1.138672,-1.590332,0.509766,-0.036505,0.162276,-0.203044,chewing,left_chewing,75.347,r_gy,non_chewing
6058353.0,-1.282715,1.443359,-0.260742,-0.203844,0.579289,0.53559,-1.16748,-1.600098,0.483887,0.076475,0.127902,-0.280851,chewing,left_chewing,75.347,r_gy,non_chewing
6058363.0,-1.233887,1.47998,-0.276367,-0.163075,0.627253,0.524665,-1.120605,-1.572754,0.531738,-0.013856,0.193185,-0.229424,chewing,left_chewing,75.347,r_gy,non_chewing
6058373.0,-1.208984,1.518555,-0.26123,-0.044766,0.645106,0.512141,-1.121094,-1.581055,0.521484,0.040236,0.111115,-0.311761,chewing,left_chewing,75.347,r_gy,non_chewing
6058383.0,-1.189453,1.526855,-0.257813,0.027979,0.563035,0.446591,-1.104004,-1.561035,0.506836,0.01732,0.173201,-0.326949,chewing,left_chewing,75.347,r_gy,non_chewing
6058393.0,-1.200195,1.506836,-0.261719,0.163341,0.493489,0.443127,-1.148926,-1.560547,0.537109,0.062885,0.136962,-0.280851,chewing,left_chewing,75.347,r_gy,non_chewing
6058403.0,-1.203125,1.487793,-0.268555,0.240616,0.429271,0.447657,-1.140137,-1.595215,0.519043,0.130034,0.061819,-0.277121,chewing,left_chewing,75.347,r_gy,non_chewing
6058413.0,-1.198242,1.469727,-0.272461,0.269394,0.351464,0.414616,-1.137207,-1.591309,0.517578,0.089798,0.061819,-0.206775,chewing,left_chewing,75.347,r_gy,non_chewing
6058423.0,-1.228027,1.462402,-0.255371,0.245145,0.38717,0.463645,-1.147461,-1.598145,0.507324,0.088998,0.045032,-0.184392,chewing,left_chewing,75.347,r_gy,non_chewing
6058433.0,-1.211426,1.441406,-0.242187,0.227559,0.415149,0.488426,-1.136719,-1.608887,0.51709,0.087133,0.036505,-0.127902,chewing,left_chewing,75.347,r_gy,non_chewing
6058443.0,-1.200684,1.455078,-0.24707,0.173201,0.43913,0.479632,-1.13916,-1.610352,0.491211,0.077274,0.06475,-0.105786,chewing,left_chewing,75.347,r_gy,non_chewing
6058453.0,-1.190918,1.456055,-0.229004,0.165473,0.459648,0.489225,-1.122559,-1.59668,0.492187,0.067681,0.093795,-0.0866,chewing,left_chewing,75.347,r_gy,non_chewing
6058463.0,-1.125977,1.517578,-0.236328,0.165473,0.495087,0.584352,-1.125977,-1.594727,0.486328,0.054358,0.13483,-0.074609,chewing,left_chewing,75.347,r_gy,non_chewing
6058473.0,-1.155273,1.48584,-0.261719,0.079939,0.459648,0.397828,-1.129883,-1.593262,0.500977,0.058089,0.115378,-0.031176,chewing,left_chewing,75.347,r_gy,non_chewing
6058483.0,-1.141602,1.492188,-0.273926,0.086067,0.421277,0.359191,-1.119141,-1.601074,0.505859,0.046897,0.11751,-0.035173,chewing,left_chewing,75.347,r_gy,non_chewing
6058493.0,-1.144043,1.49707,-0.26123,0.081804,0.362655,0.342937,-1.132324,-1.600098,0.511719,0.026113,0.084469,0.032508,chewing,left_chewing,75.347,r_gy,non_chewing
6058503.0,-1.126465,1.501465,-0.27002,0.029844,0.322953,0.320288,-1.119141,-1.60791,0.512695,0.007194,0.060753,0.050095,chewing,left_chewing,75.347,r_gy,non_chewing
6058513.0,-1.123535,1.494629,-0.271973,-0.006928,0.237418,0.260867,-1.133789,-1.598633,0.505859,-0.015721,0.067681,0.055691,chewing,left_chewing,75.347,r_gy,non_chewing
6058523.0,-1.106934,1.489746,-0.276855,-0.03917,0.184658,0.196383,-1.135254,-1.620117,0.510742,-0.00826,0.063951,0.057023,chewing,left_chewing,75.347,r_gy,non_chewing
6058533.0,-1.117676,1.47168,-0.211914,-0.07008,0.122573,0.169737,-1.121094,-1.621094,0.496582,0.052493,0.067149,0.058089,chewing,left_chewing,75.347,r_gy,non_chewing
6058543.0,-1.12207,1.464844,-0.258789,-0.104453,0.119375,0.166006,-1.15918,-1.608398,0.466797,0.031176,0.059954,0.027979,chewing,left_chewing,75.347,r_gy,non_chewing
6058553.0,-1.14209,1.450195,-0.27002,-0.105253,0.088732,0.14762,-1.171875,-1.614746,0.494629,0.019718,0.005862,0.022383,chewing,left_chewing,75.347,r_gy,non_chewing
6058563.0,-1.124023,1.453613,-0.243652,-0.13483,0.051427,0.109516,-1.155273,-1.627441,0.526367,0.025314,-0.015988,0.008527,chewing,left_chewing,75.347,r_gy,non_chewing
6058573.0,-1.101074,1.471191,-0.253906,-0.141225,0.054092,0.074077,-1.131348,-1.608887,0.520508,0.031176,-0.005596,-0.011724,chewing,left_chewing,75.347,r_gy,non_chewing
6058583.0,-1.111816,1.478027,-0.231445,-0.171069,0.044233,0.026113,-1.130859,-1.602051,0.499023,0.028778,0.025314,-0.03091,chewing,left_chewing,75.347,r_gy,non_chewing
6058593.0,-1.115723,1.490723,-0.272949,-0.170802,0.006928,-0.009593,-1.154785,-1.57959,0.473633,0.021583,0.068214,-0.050095,chewing,left_chewing,75.347,r_gy,non_chewing
6058603.0,-1.121582,1.509766,-0.262207,-0.138827,-0.02558,-0.032508,-1.156738,-1.595703,0.480957,-0.013323,0.02185,0.033041,chewing,left_chewing,75.347,r_gy,non_chewing
6058613.0,-1.117676,1.494629,-0.25293,-0.132432,-0.061286,-0.059954,-1.132813,-1.592773,0.500488,-0.012257,-0.01359,0.027979,chewing,left_chewing,75.347,r_gy,non_chewing
6058623.0,-1.116211,1.510742,-0.227051,-0.065017,-0.112714,-0.085801,-1.139648,-1.581543,0.500488,-0.005862,-0.035173,0.058888,chewing,left_chewing,75.347,r_gy,non_chewing
6058633.0,-1.146973,1.503906,-0.280273,0.049828,-0.15215,-0.114579,-1.133301,-1.586426,0.487305,-0.035173,-0.031709,0.070346,chewing,left_chewing,75.347,r_gy,non_chewing
6058643.0,-1.151855,1.5,-0.259766,0.134564,-0.193185,-0.119642,-1.106934,-1.595215,0.530762,-0.02638,0.007194,0.05196,chewing,left_chewing,75.347,r_gy,non_chewing
6058653.0,-1.148438,1.499512,-0.26123,0.135363,-0.166006,-0.159345,-1.100586,-1.576172,0.508789,-0.003997,0.050894,0.036239,chewing,left_chewing,75.347,r_gy,non_chewing
6058663.0,-1.147949,1.503418,-0.297363,0.167871,-0.129501,-0.147354,-1.112305,-1.584961,0.535156,-0.032508,0.097259,0.034374,chewing,left_chewing,75.347,r_gy,non_chewing
6058673.0,-1.154297,1.493652,-0.242676,0.152417,-0.062885,-0.154015,-1.045898,-1.607422,0.60498,0.011191,0.124704,0.02185,chewing,left_chewing,75.347,r_gy,non_chewing
6058683.0,-1.137695,1.503418,-0.262207,0.113513,-0.033841,-0.170003,-1.106934,-1.557617,0.467773,-0.016787,0.175066,-0.01359,chewing,left_chewing,75.347,r_gy,non_chewing
6058693.0,-1.166016,1.491699,-0.317871,0.154282,-0.022116,-0.13856,-1.131348,-1.591309,0.513184,-0.055424,0.121507,0.023982,chewing,left_chewing,75.347,r_gy,non_chewing
6058703.0,-1.15625,1.491699,-0.272461,0.134297,-0.049296,-0.142824,-1.111816,-1.598633,0.530762,-0.038104,0.081804,0.061819,chewing,left_chewing,75.347,r_gy,non_chewing
6058713.0,-1.169434,1.5,-0.277344,0.138294,-0.054891,-0.150018,-1.126953,-1.59668,0.533691,-0.038904,0.054092,0.080205,chewing,left_chewing,75.347,r_gy,non_chewing
6058723.0,-1.172852,1.499023,-0.238281,0.162009,-0.063152,-0.147354,-1.100586,-1.608398,0.539551,-0.015988,0.059688,0.070879,chewing,left_chewing,75.347,r_gy,non_chewing
6058733.0,-1.181641,1.492188,-0.272949,0.145489,-0.039703,-0.138028,-1.131348,-1.59668,0.528809,-0.054625,0.058089,0.084469,chewing,left_chewing,75.347,r_gy,non_chewing
6058743.0,-1.182617,1.490234,-0.266113,0.129767,-0.028778,-0.137228,-1.106934,-1.588867,0.513184,-0.066349,0.067415,0.035972,chewing,left_chewing,75.347,r_gy,non_chewing
6058753.0,-1.189453,1.486328,-0.282715,0.112447,-0.006928,-0.142291,-1.135742,-1.597656,0.530273,-0.054891,0.092729,0.010126,chewing,left_chewing,75.347,r_gy,non_chewing
6058763.0,-1.189941,1.484375,-0.280273,0.104986,-0.011191,-0.142025,-1.133301,-1.592285,0.535156,-0.065283,0.092196,0.01732,chewing,left_chewing,75.347,r_gy,non_chewing
6058773.0,-1.191406,1.496094,-0.285645,0.090597,-0.001599,-0.109783,-1.115234,-1.59375,0.52832,-0.060487,0.095394,-0.011191,chewing,left_chewing,75.347,r_gy,non_chewing
6058783.0,-1.191895,1.47168,-0.281738,0.095394,-0.007461,-0.094061,-1.13623,-1.589844,0.520508,-0.056224,0.074343,0.0429,chewing,left_chewing,75.347,r_gy,non_chewing
6058793.0,-1.181152,1.489746,-0.275391,0.083936,-0.006395,-0.110049,-1.128906,-1.59375,0.521973,-0.059688,0.067948,0.062086,chewing,left_chewing,75.347,r_gy,non_chewing
6058803.0,-1.197266,1.486328,-0.280273,0.096193,0.005596,-0.098858,-1.125977,-1.605469,0.516602,-0.063685,0.072211,0.04823,chewing,left_chewing,75.347,r_gy,non_chewing
6058813.0,-1.195801,1.483887,-0.275879,0.123106,-0.000799,-0.077008,-1.142578,-1.585938,0.508789,-0.071145,0.058089,0.059155,chewing,left_chewing,75.347,r_gy,non_chewing
6058823.0,-1.196777,1.482422,-0.277832,0.10845,0.001332,-0.077274,-1.131348,-1.587402,0.499023,-0.07381,0.065017,0.051694,chewing,left_chewing,75.347,r_gy,non_chewing
6058833.0,-1.188477,1.480957,-0.274414,0.10472,-0.03464,-0.098858,-1.129883,-1.582031,0.505859,-0.096459,0.049828,0.071678,chewing,left_chewing,75.347,r_gy,non_chewing
6058843.0,-1.188477,1.481934,-0.26709,0.103654,-0.022116,-0.079139,-1.129395,-1.584961,0.51709,-0.088466,0.047164,0.065816,chewing,left_chewing,75.347,r_gy,non_chewing
6058853.0,-1.177246,1.476074,-0.282715,0.06555,-0.004263,-0.068481,-1.109863,-1.592285,0.512207,-0.085002,0.03091,0.059688,chewing,left_chewing,97.652,l_gyro_mag,non_chewing
6058863.0,-1.198242,1.462402,-0.291016,0.039969,-0.012257,-0.053292,-1.138184,-1.608398,0.54248,-0.090331,0.02558,0.062885,chewing,left_chewing,97.652,l_gyro_mag,non_chewing
6058873.0,-1.177246,1.462891,-0.277344,0.040502,-0.031709,-0.045299,-1.125977,-1.605469,0.529297,-0.080738,0.045832,0.033308,chewing,left_chewing,97.652,l_gyro_mag,non_chewing
6058883.0,-1.179199,1.459473,-0.258301,0.059155,-0.063418,-0.041568,-1.119141,-1.602539,0.515137,-0.088998,0.085002,-0.014922,chewing,left_chewing,97.652,l_gyro_mag,non_chewing
6058893.0,-1.183105,1.472656,-0.279297,0.047164,-0.044766,-0.03011,-1.145996,-1.59082,0.503418,-0.104187,0.069014,0.018119,chewing,left_chewing,97.652,l_gyro_mag,non_chewing
6058903.0,-1.186523,1.473145,-0.285156,0.025314,-0.014922,-0.028778,-1.151367,-1.578613,0.493652,-0.10925,0.03917,0.049562,chewing,left_chewing,97.652,l_gyro_mag,non_chewing
6058913.0,-1.199707,1.464844,-0.265625,-0.012524,0.029311,0.0,-1.151855,-1.584473,0.499023,-0.116178,-0.009326,0.084469,chewing,left_chewing,97.652,l_gyro_mag,non_chewing
6058923.0,-1.194336,1.467285,-0.240234,-0.045299,0.071678,-0.017853,-1.119141,-1.58252,0.490234,-0.090864,-0.002132,0.052227,chewing,left_chewing,97.652,l_gyro_mag,non_chewing
6058933.0,-1.180176,1.474609,-0.253906,-0.057822,0.084202,-0.01279,-1.143066,-1.582031,0.499512,-0.096726,0.025047,0.018386,chewing,left_chewing,97.652,l_gyro_mag,non_chewing
6058943.0,-1.186035,1.478027,-0.25,-0.067681,0.067149,-0.00906,-1.121582,-1.59668,0.507324,-0.064217,0.050628,-0.012257,chewing,left_chewing,97.652,l_gyro_mag,non_chewing
6058953.0,-1.178223,1.486816,-0.265625,-0.079939,0.051161,-0.010658,-1.14209,-1.587891,0.500488,-0.063418,0.079939,-0.026913,chewing,left_chewing,97.652,l_gyro_mag,non_chewing
6058963.0,-1.172852,1.491699,-0.248047,-0.088998,0.049029,-0.005329,-1.124512,-1.600098,0.515137,-0.059421,0.115645,-0.032508,chewing,left_chewing,97.652,l_gyro_mag,non_chewing
6058973.0,-1.177734,1.485352,-0.253418,-0.066882,0.045565,-0.001332,-1.135742,-1.595703,0.499023,-0.049828,0.170003,-0.041035,chewing,left_chewing,97.652,l_gyro_mag,non_chewing
6058983.0,-1.183594,1.48584,-0.245117,-0.049296,0.025047,0.010126,-1.137207,-1.586426,0.479492,-0.049828,0.260334,-0.145222,chewing,left_chewing,97.652,l_gyro_mag,non_chewing
6058993.0,-1.180176,1.472656,-0.249023,-0.035706,0.036239,0.004263,-1.160156,-1.587891,0.48584,-0.042634,0.220098,-0.113513,chewing,left_chewing,97.652,l_gyro_mag,non_chewing
6059003.0,-1.188477,1.477539,-0.262695,-0.007194,0.040236,-0.020518,-1.158203,-1.586426,0.501465,-0.032508,0.233954,-0.127369,chewing,left_chewing,97.652,l_gyro_mag,non_chewing
6059013.0,-1.184082,1.474121,-0.266602,0.099923,0.037571,-0.012257,-1.145996,-1.602051,0.493164,-0.030643,0.228625,-0.137761,chewing,left_chewing,97.652,l_gyro_mag,non_chewing
6059023.0,-1.178711,1.461914,-0.251953,0.204643,0.000266,-0.010392,-1.151367,-1.616211,0.464355,-0.025314,0.245945,-0.192119,chewing,left_chewing,97.652,l_gyro_mag,non_chewing
6059033.0,-1.176758,1.459961,-0.262207,0.268861,-0.025047,0.032242,-1.164551,-1.614258,0.467773,-0.027979,0.210505,-0.224628,chewing,left_chewing,97.652,l_gyro_mag,non_chewing
6059043.0,-1.172852,1.461914,-0.244629,0.28325,-0.086334,0.059421,-1.171387,-1.616211,0.460449,-0.01732,0.179596,-0.264597,chewing,left_chewing,97.652,l_gyro_mag,non_chewing
6059053.0,-1.178223,1.45459,-0.262695,0.243813,-0.131632,0.061553,-1.202148,-1.60498,0.46582,-0.046631,0.14842,-0.310429,chewing,left_chewing,97.652,l_gyro_mag,non_chewing
6059063.0,-1.178711,1.451172,-0.255859,0.197982,-0.191054,0.073011,-1.206543,-1.585938,0.48584,-0.051694,0.124438,-0.340806,chewing,left_chewing,97.652,l_gyro_mag,non_chewing
6059073.0,-1.178711,1.457031,-0.259766,0.197449,-0.255005,0.095926,-1.19043,-1.58252,0.483887,-0.031176,0.136162,-0.382374,chewing,left_chewing,97.652,l_gyro_mag,non_chewing
6059083.0,-1.203613,1.458984,-0.258789,0.151351,-0.253139,0.135096,-1.18457,-1.584473,0.483398,-0.037305,0.133764,-0.400227,chewing,left_chewing,97.652,l_gyro_mag,non_chewing
6059093.0,-1.200195,1.486328,-0.244141,0.136695,-0.215302,0.150818,-1.169434,-1.580078,0.484375,-0.036239,0.130833,-0.41728,chewing,left_chewing,97.652,l_gyro_mag,non_chewing
6059103.0,-1.222656,1.485352,-0.26416,0.124704,-0.21317,0.16494,-1.150879,-1.599609,0.473633,-0.004796,0.055424,-0.376511,chewing,left_chewing,97.652,l_gyro_mag,non_chewing
6059113.0,-1.22168,1.456055,-0.263672,0.116444,-0.206508,0.18679,-1.138184,-1.611328,0.464844,-0.004263,-0.018919,-0.361856,chewing,left_chewing,97.652,l_gyro_mag,non_chewing
6059123.0,-1.244629,1.50293,-0.264648,0.021051,-0.088199,0.298704,-1.115723,-1.605957,0.480957,0.02558,-0.07008,-0.362123,chewing,left_chewing,97.652,l_gyro_mag,non_chewing
6059133.0,-1.20166,1.504395,-0.260742,0.050894,-0.020518,0.332279,-1.093262,-1.608398,0.478516,0.046897,-0.071678,-0.337341,chewing,left_chewing,97.652,l_gyro_mag,non_chewing
6059143.0,-1.202148,1.494629,-0.267578,0.082603,-0.063685,0.301369,-1.082031,-1.609863,0.490234,0.051427,-0.080472,-0.270193,chewing,left_chewing,97.652,l_gyro_mag,non_chewing
6059153.0,-1.219727,1.493164,-0.258789,0.088199,0.001599,0.373847,-1.059082,-1.612793,0.500488,0.046364,-0.048763,-0.293375,chewing,left_chewing,97.652,l_gyro_mag,non_chewing
6059163.0,-1.210938,1.491211,-0.261719,0.037838,0.054092,0.429271,-1.07666,-1.599609,0.514648,0.011458,-0.050095,-0.280052,chewing,left_chewing,97.652,l_gyro_mag,non_chewing
6059173.0,-1.185059,1.512207,-0.254395,-0.00906,0.069014,0.461779,-1.107422,-1.594238,0.510254,0.000266,-0.084202,-0.269394,chewing,left_chewing,97.652,l_gyro_mag,non_chewing
6059183.0,-1.161133,1.54248,-0.253418,-0.055158,0.049296,0.43087,-1.115723,-1.613281,0.499512,0.040502,-0.1311,-0.243813,chewing,left_chewing,97.652,l_gyro_mag,non_chewing
6059193.0,-1.146973,1.518066,-0.26709,0.034907,-0.047963,0.410086,-1.102051,-1.629395,0.494141,0.092196,-0.1311,-0.273657,chewing,left_chewing,97.652,l_gyro_mag,non_chewing
6059203.0,-1.186035,1.498047,-0.270996,-0.045299,0.012257,0.273124,-1.064453,-1.637207,0.509277,0.112447,-0.06928,-0.30057,chewing,left_chewing,97.652,l_gyro_mag,non_chewing
6059213.0,-1.147949,1.526855,-0.257324,-0.03011,-0.022916,0.256337,-1.060547,-1.64209,0.500488,0.138294,0.002665,-0.361323,chewing,left_chewing,97.652,l_gyro_mag,non_chewing
6059223.0,-1.167969,1.515625,-0.254395,-0.013856,-0.022383,0.26593,-1.063965,-1.639648,0.502441,0.15215,0.005329,-0.394364,chewing,left_chewing,97.652,l_gyro_mag,non_chewing
6059233.0,-1.180664,1.510254,-0.246094,-0.019452,-0.05196,0.257936,-1.045898,-1.631836,0.493164,0.123372,-0.071945,-0.380775,chewing,left_chewing,97.652,l_gyro_mag,non_chewing
6059243.0,-1.175293,1.504395,-0.248047,-0.046098,-0.027979,0.253939,-1.068848,-1.629883,0.489258,0.090864,-0.197449,-0.33521,chewing,left_chewing,97.652,l_gyro_mag,non_chewing
6059253.0,-1.162598,1.512207,-0.243652,-0.108717,0.007994,0.255538,-1.061523,-1.632324,0.505859,0.085268,-0.331213,-0.259268,chewing,left_chewing,97.652,l_gyro_mag,non_chewing
6059263.0,-1.194824,1.494141,-0.256348,-0.155881,0.086867,0.286447,-1.058105,-1.654297,0.512695,0.075675,-0.375446,-0.270193,chewing,left_chewing,97.652,l_gyro_mag,non_chewing
6059273.0,-1.159668,1.495605,-0.247559,-0.15668,0.129234,0.284049,-1.072266,-1.647461,0.51123,0.068214,-0.341605,-0.309629,chewing,left_chewing,97.652,l_gyro_mag,non_chewing
6059283.0,-1.137695,1.517578,-0.257324,-0.156147,0.123905,0.258202,-1.115234,-1.636719,0.505859,0.023982,-0.309896,-0.35706,chewing,left_chewing,97.652,l_gyro_mag,non_chewing
6059293.0,-1.131836,1.503906,-0.23877,-0.118576,0.10472,0.255804,-1.101074,-1.610352,0.533691,-0.005329,-0.222763,-0.461779,chewing,left_chewing,97.652,l_gyro_mag,non_chewing
6059303.0,-1.145508,1.509277,-0.250488,-0.114845,0.053026,0.197982,-1.092285,-1.630371,0.518555,0.038104,-0.179862,-0.215302,chewing,left_chewing,97.652,l_gyro_mag,non_chewing
6059313.0,-1.137695,1.538086,-0.259766,-0.05649,0.099391,0.190521,-1.054199,-1.651855,0.513672,0.062086,-0.118576,-0.178796,chewing,left_chewing,97.652,l_gyro_mag,non_chewing
6059323.0,-1.15918,1.520996,-0.261719,0.004796,0.062352,0.182793,-1.067871,-1.618164,0.533203,0.043433,-0.06928,-0.262466,chewing,left_chewing,97.652,l_gyro_mag,non_chewing
6059333.0,-1.142578,1.515137,-0.263184,0.058888,0.06475,0.158812,-1.049805,-1.634277,0.532227,-0.016521,-0.119375,-0.159877,chewing,left_chewing,97.652,l_gyro_mag,non_chewing
6059343.0,-1.147461,1.520508,-0.260254,0.035173,0.103387,0.178796,-1.040527,-1.635254,0.530273,-0.02558,-0.152949,-0.141758,chewing,left_chewing,97.652,l_gyro_mag,non_chewing
6059353.0,-1.121582,1.51416,-0.260254,0.041835,0.130034,0.19958,-1.039063,-1.624512,0.552734,-0.054625,-0.128701,-0.158545,chewing,left_chewing,97.652,l_gyro_mag,non_chewing
6059363.0,-1.116211,1.508301,-0.258301,-0.002132,0.127902,0.175865,-1.055664,-1.620117,0.535156,-0.041835,-0.153749,-0.163874,chewing,left_chewing,97.652,l_gyro_mag,non_chewing
6059373.0,-1.102051,1.512695,-0.258301,-0.021051,0.105519,0.166806,-1.044922,-1.616211,0.550781,-0.051694,-0.147087,-0.186524,chewing,left_chewing,97.652,l_gyro_mag,non_chewing
6059383.0,-1.09375,1.520996,-0.263184,-0.051427,0.066083,0.156413,-1.054688,-1.643555,0.546387,-0.055424,-0.109516,-0.196649,chewing,left_chewing,97.652,l_gyro_mag,non_chewing
6059393.0,-1.088867,1.523438,-0.262207,-0.081804,0.029044,0.134031,-1.054199,-1.641113,0.536621,-0.067948,-0.077807,-0.154815,chewing,left_chewing,97.652,l_gyro_mag,non_chewing
6059403.0,-1.092773,1.533203,-0.249512,-0.091663,-0.009859,0.10472,-1.024902,-1.66748,0.535156,-0.072478,-0.062885,-0.134564,chewing,left_chewing,93.392,l_gyro_mag,non_chewing
6059413.0,-1.094238,1.538086,-0.252441,-0.086067,-0.035706,0.086067,-1.016113,-1.67041,0.537598,-0.090064,-0.029577,-0.114579,chewing,left_chewing,93.392,l_gyro_mag,non_chewing
6059423.0,-1.089355,1.537598,-0.243652,-0.037305,-0.080472,0.083403,-1.041504,-1.654785,0.526367,-0.105253,-0.037571,-0.121507,chewing,left_chewing,93.392,l_gyro_mag,non_chewing
6059433.0,-1.086426,1.53418,-0.255859,0.015988,-0.128435,0.069547,-1.049316,-1.638184,0.516113,-0.115911,-0.055158,-0.133231,chewing,left_chewing,93.392,l_gyro_mag,non_chewing
6059443.0,-1.11084,1.516113,-0.237793,0.099124,-0.228358,0.040502,-1.070313,-1.633301,0.529297,-0.100456,-0.08207,-0.150018,chewing,left_chewing,93.392,l_gyro_mag,non_chewing
6059453.0,-1.126953,1.476074,-0.246094,0.159078,-0.310429,0.064484,-1.07959,-1.625488,0.521973,-0.080205,-0.123639,-0.159877,chewing,left_chewing,93.392,l_gyro_mag,non_chewing
6059463.0,-1.116699,1.484863,-0.234375,0.133231,-0.331479,0.092995,-1.061523,-1.633789,0.528809,-0.084735,-0.14389,-0.124438,chewing,left_chewing,93.392,l_gyro_mag,non_chewing
6059473.0,-1.121582,1.481445,-0.226562,0.073011,-0.378643,0.069014,-1.047852,-1.64209,0.541992,-0.067681,-0.122839,-0.123639,chewing,left_chewing,93.392,l_gyro_mag,non_chewing
6059483.0,-1.155273,1.5,-0.221191,-0.024515,-0.3909,0.043966,-1.037598,-1.650391,0.546387,-0.085534,-0.086067,-0.085801,chewing,left_chewing,93.392,l_gyro_mag,non_chewing
6059493.0,-1.172852,1.493652,-0.226074,-0.1303,-0.381041,0.059155,-1.029297,-1.640625,0.543945,-0.100989,-0.029311,-0.070879,chewing,left_chewing,93.392,l_gyro_mag,non_chewing
6059503.0,-1.14209,1.516602,-0.229492,-0.208907,-0.379176,0.041035,-0.98877,-1.628906,0.532715,-0.114579,0.055957,-0.069813,chewing,left_chewing,93.392,l_gyro_mag,non_chewing
6059513.0,-1.150879,1.536133,-0.200684,-0.29604,-0.31256,0.047697,-0.993164,-1.631836,0.533691,-0.109783,0.159078,-0.111115,chewing,left_chewing,93.392,l_gyro_mag,non_chewing
6059523.0,-1.157715,1.528809,-0.200195,-0.375712,-0.246211,0.03091,-1.012695,-1.645996,0.526367,-0.062086,0.235819,-0.144423,chewing,left_chewing,93.392,l_gyro_mag,non_chewing
6059533.0,-1.147949,1.508301,-0.204102,-0.442861,-0.208374,0.016787,-1.021973,-1.624023,0.524414,-0.062352,0.223828,-0.159345,chewing,left_chewing,93.392,l_gyro_mag,non_chewing
6059543.0,-1.134277,1.522949,-0.194336,-0.47377,-0.218766,-0.002665,-1.043945,-1.666992,0.507812,-0.063685,0.220631,-0.158279,chewing,left_chewing,93.392,l_gyro_mag,non_chewing
6059553.0,-1.135254,1.526367,-0.187012,-0.4783,-0.237418,-0.009326,-1.061523,-1.669434,0.514648,-0.043167,0.184925,-0.140159,chewing,left_chewing,93.392,l_gyro_mag,non_chewing
6059563.0,-1.141602,1.535156,-0.186523,-0.472704,-0.273391,-0.011458,-1.036133,-1.674805,0.51416,-0.022116,0.107118,-0.091663,chewing,left_chewing,93.392,l_gyro_mag,non_chewing
6059573.0,-1.125,1.549316,-0.183594,-0.414882,-0.28325,-0.023982,-1.016113,-1.67334,0.501465,-0.017054,0.035972,-0.038104,chewing,left_chewing,93.392,l_gyro_mag,non_chewing
6059583.0,-1.128906,1.554688,-0.172852,-0.363721,-0.309363,-0.063418,-1.015625,-1.682617,0.533691,-0.040236,0.003464,-0.013057,chewing,left_chewing,93.392,l_gyro_mag,non_chewing
6059593.0,-1.146973,1.560547,-0.227051,-0.279786,-0.25234,-0.053825,-1.013672,-1.64209,0.458496,-0.090864,0.025314,0.029577,chewing,left_chewing,93.392,l_gyro_mag,non_chewing
6059603.0,-1.153809,1.552246,-0.144531,-0.201712,-0.253139,-0.069547,-0.987793,-1.682129,0.577148,-0.038904,0.002132,0.056757,chewing,left_chewing,93.392,l_gyro_mag,non_chewing
6059613.0,-1.125488,1.606445,-0.166016,-0.10845,-0.186524,-0.085268,-0.995117,-1.633789,0.474609,-0.078606,0.025314,0.059688,chewing,left_chewing,93.392,l_gyro_mag,non_chewing
6059623.0,-1.185547,1.559082,-0.193359,-0.038104,-0.139893,-0.079139,-1.041016,-1.629395,0.5,-0.098858,-0.053292,0.114845,chewing,left_chewing,93.392,l_gyro_mag,non_chewing
6059633.0,-1.166016,1.557617,-0.11084,0.016521,-0.125237,-0.121507,-1.01123,-1.660645,0.562988,-0.049296,-0.080205,0.124172,chewing,left_chewing,93.392,l_gyro_mag,non_chewing
6059643.0,-1.138672,1.572754,-0.164062,0.045565,-0.053292,-0.122573,-1.02002,-1.621094,0.490234,-0.070346,-0.053026,0.143357,chewing,left_chewing,93.392,l_gyro_mag,non_chewing
6059653.0,-1.172363,1.539063,-0.211914,0.088998,-0.050628,-0.097792,-1.069824,-1.631348,0.512207,-0.141492,-0.153216,0.24328,chewing,left_chewing,93.392,l_gyro_mag,non_chewing
6059663.0,-1.165039,1.527832,-0.11377,0.092462,-0.080205,-0.09566,-1.040527,-1.672363,0.586914,-0.165207,-0.255538,0.371982,chewing,left_chewing,93.392,l_gyro_mag,non_chewing
6059673.0,-1.160645,1.54541,-0.183594,0.077541,-0.073011,-0.087133,-1.064941,-1.643555,0.450684,-0.246211,-0.328015,0.490824,chewing,left_chewing,93.392,l_gyro_mag,non_chewing
6059683.0,-1.206543,1.510742,-0.192383,0.106052,-0.060221,-0.055957,-1.074707,-1.668945,0.524414,-0.25234,-0.375179,0.528662,chewing,left_chewing,93.392,l_gyro_mag,non_chewing
6059693.0,-1.197266,1.519531,-0.101074,0.0866,-0.063685,-0.01732,-1.018555,-1.670898,0.595215,-0.178796,-0.350665,0.507078,chewing,left_chewing,93.392,l_gyro_mag,non_chewing
6059703.0,-1.17041,1.550293,-0.206543,0.08207,-0.010925,0.000533,-1.065918,-1.62793,0.419922,-0.206508,-0.349066,0.523599,chewing,left_chewing,93.392,l_gyro_mag,non_chewing
6059713.0,-1.185059,1.525391,-0.167969,0.130567,-0.008527,0.01732,-1.070801,-1.662598,0.578613,-0.135096,-0.323219,0.455118,chewing,left_chewing,93.392,l_gyro_mag,non_chewing
6059723.0,-1.163086,1.553223,-0.134766,0.092729,0.033574,0.003997,-1.058594,-1.620117,0.491699,-0.080738,-0.22596,0.395164,chewing,left_chewing,93.392,l_gyro_mag,non_chewing
6059733.0,-1.185547,1.525879,-0.189941,0.116444,0.026913,0.03917,-1.104004,-1.643555,0.561523,-0.022383,-0.191587,0.293908,chewing,left_chewing,93.392,l_gyro_mag,non_chewing
6059743.0,-1.137695,1.561035,-0.149414,0.093795,0.005329,0.025847,-1.053711,-1.624023,0.497559,0.040502,-0.040502,0.171335,chewing,left_chewing,93.392,l_gyro_mag,non_chewing
6059753.0,-1.159668,1.548828,-0.196777,0.142025,-0.036239,0.046098,-1.095215,-1.663574,0.575195,0.072744,-0.046098,0.13936,chewing,left_chewing,93.392,l_gyro_mag,non_chewing
6059763.0,-1.126465,1.573242,-0.158203,0.120974,-0.025847,0.049828,-1.04834,-1.637695,0.503418,0.095394,0.018119,0.091663,chewing,left_chewing,93.392,l_gyro_mag,non_chewing
6059773.0,-1.15625,1.549805,-0.139648,0.07834,-0.010658,0.032242,-1.050293,-1.660156,0.55127,0.12124,-0.010126,0.054625,chewing,left_chewing,93.392,l_gyro_mag,non_chewing
6059783.0,-1.187988,1.527344,-0.214844,0.114845,-0.010392,0.044499,-1.09668,-1.622559,0.495605,0.136962,-0.009326,0.027446,chewing,left_chewing,93.392,l_gyro_mag,non_chewing
6059793.0,-1.197754,1.523438,-0.146973,0.163608,-0.108184,0.042368,-1.080566,-1.628906,0.543457,0.146554,-0.041835,-0.037305,chewing,left_chewing,93.392,l_gyro_mag,non_chewing
6059803.0,-1.174316,1.546387,-0.191895,0.145755,-0.045565,0.06102,-1.088379,-1.620117,0.53125,0.110848,-0.084202,0.075675,chewing,left_chewing,93.392,l_gyro_mag,non_chewing
6059813.0,-1.143066,1.55957,-0.147461,0.127103,-0.003198,0.070613,-1.0625,-1.637695,0.573242,0.124438,-0.053292,0.065816,chewing,left_chewing,93.392,l_gyro_mag,non_chewing
6059823.0,-1.145508,1.552246,-0.203125,0.068747,0.062086,0.071945,-1.108887,-1.619141,0.526855,0.094594,-0.013856,0.045032,chewing,left_chewing,93.392,l_gyro_mag,non_chewing
6059833.0,-1.142578,1.549316,-0.171387,0.072744,0.044766,0.059688,-1.066406,-1.631836,0.572266,0.110848,0.007461,0.008527,chewing,left_chewing,93.392,l_gyro_mag,non_chewing
6059843.0,-1.131348,1.550781,-0.175781,0.092462,0.047697,0.021583,-1.077148,-1.615234,0.523437,0.071412,0.000533,0.054891,chewing,left_chewing,93.392,l_gyro_mag,non_chewing
6059853.0,-1.143555,1.542969,-0.175293,0.144156,0.016787,0.008793,-1.053223,-1.634766,0.568359,0.090331,-0.049562,0.058622,chewing,left_chewing,93.392,l_gyro_mag,non_chewing
6059863.0,-1.12207,1.54834,-0.182129,0.159078,0.011991,-0.015988,-1.024902,-1.624512,0.553223,0.067149,-0.005596,0.028245,chewing,left_chewing,93.392,l_gyro_mag,non_chewing
6059873.0,-1.145996,1.527344,-0.197754,0.185724,0.022649,-0.002931,-1.032227,-1.632324,0.556641,0.03011,-0.001332,-0.018386,chewing,left_chewing,93.392,l_gyro_mag,non_chewing
6059883.0,-1.125488,1.513184,-0.117676,0.143357,0.060221,-0.001332,-1.001465,-1.63623,0.573242,0.068214,0.016521,-0.054092,chewing,left_chewing,93.392,l_gyro_mag,non_chewing
6059893.0,-1.151855,1.50293,-0.254883,0.146288,0.094061,0.018652,-1.053711,-1.59375,0.484863,0.03464,0.054358,-0.059421,chewing,left_chewing,93.392,l_gyro_mag,non_chewing
6059903.0,-1.141113,1.505371,-0.170898,0.086867,0.088732,0.007194,-1.075195,-1.641602,0.583008,0.097792,0.051161,-0.067948,chewing,left_chewing,93.392,l_gyro_mag,non_chewing
6059913.0,-1.133301,1.524902,-0.17334,0.01732,0.124172,0.017054,-1.059082,-1.620605,0.555664,0.057556,0.06475,0.0,chewing,left_chewing,93.392,l_gyro_mag,non_chewing
6059923.0,-1.147461,1.521484,-0.185547,-0.015721,0.137228,0.074876,-1.052246,-1.617188,0.549316,0.042634,0.033041,0.096459,chewing,left_chewing,93.392,l_gyro_mag,non_chewing
6059933.0,-1.131836,1.532715,-0.179687,-0.01359,0.136429,0.083936,-1.042969,-1.623535,0.568359,0.078606,0.053026,0.108983,chewing,left_chewing,93.392,l_gyro_mag,non_chewing
6059943.0,-1.129395,1.538086,-0.181641,0.00906,0.133498,0.073277,-1.048828,-1.616699,0.548828,0.01279,0.011724,0.129767,chewing,left_chewing,96.835,r_gz,non_chewing
6059953.0,-1.132324,1.535156,-0.172363,0.067681,0.135096,0.021583,-1.03125,-1.622559,0.530273,0.011724,-0.00373,0.148153,chewing,left_chewing,96.835,r_gz,non_chewing
6059963.0,-1.156738,1.509766,-0.182617,0.114312,0.075409,-0.007727,-1.078125,-1.605957,0.536133,-0.055424,0.052227,0.147087,chewing,left_chewing,96.835,r_gz,non_chewing
6059973.0,-1.151855,1.530273,-0.177246,0.076208,0.101522,-0.030643,-1.106934,-1.611328,0.554199,0.015988,0.013057,0.179063,chewing,left_chewing,96.835,r_gz,non_chewing
6059983.0,-1.154785,1.537598,-0.189941,0.104986,0.121507,-0.040236,-1.11084,-1.625,0.560547,-0.021317,0.032775,0.212904,chewing,left_chewing,96.835,r_gz,non_chewing
6059993.0,-1.131348,1.548828,-0.195801,0.092196,0.123106,-0.087933,-1.106445,-1.608887,0.509766,-0.01279,0.033574,0.215302,chewing,left_chewing,96.835,r_gz,non_chewing
6060003.0,-1.161133,1.534668,-0.15332,0.146021,0.074609,-0.100723,-1.100098,-1.645996,0.57666,0.040236,0.083136,0.134031,chewing,left_chewing,96.835,r_gz,non_chewing
6060013.0,-1.180176,1.515137,-0.230469,0.260867,-0.002931,-0.070613,-1.10791,-1.627441,0.548828,-0.069813,0.019718,0.173201,chewing,left_chewing,96.835,r_gz,non_chewing
6060023.0,-1.17041,1.523926,-0.220703,0.321887,-0.018919,-0.054358,-1.088867,-1.601563,0.524902,-0.049296,0.03917,0.145222,chewing,left_chewing,96.835,r_gz,non_chewing
6060033.0,-1.140137,1.53418,-0.158691,0.33521,-0.011991,-0.09113,-1.074707,-1.629395,0.60791,0.004263,0.104187,0.110049,chewing,left_chewing,96.835,r_gz,non_chewing
6060043.0,-1.147949,1.52002,-0.252441,0.305632,0.092196,-0.086334,-1.041504,-1.615723,0.541992,0.077807,0.227292,-0.025047,chewing,left_chewing,96.835,r_gz,non_chewing
6060053.0,-1.143555,1.525391,-0.158691,0.211838,0.105253,-0.108983,-1.047852,-1.59082,0.557129,0.000266,0.186524,0.046631,chewing,left_chewing,96.835,r_gz,non_chewing
6060063.0,-1.156738,1.522949,-0.209961,0.213436,0.114845,-0.091397,-1.095215,-1.616699,0.598633,0.010925,0.188123,-0.065017,chewing,left_chewing,96.835,r_gz,non_chewing
6060073.0,-1.122559,1.533203,-0.234863,0.176665,0.130833,-0.102322,-1.100586,-1.579102,0.525879,-0.00906,0.155081,-0.05649,chewing,left_chewing,96.835,r_gz,non_chewing
6060083.0,-1.157715,1.509766,-0.169922,0.150285,0.049296,-0.095394,-1.070313,-1.626465,0.626953,0.033041,0.064484,0.02558,chewing,left_chewing,96.835,r_gz,non_chewing
6060093.0,-1.15918,1.527832,-0.287598,0.154015,0.057822,-0.041835,-1.092773,-1.604004,0.541504,-0.009859,0.06928,-0.004796,chewing,left_chewing,96.835,r_gz,non_chewing
6060103.0,-1.146973,1.527344,-0.181641,0.094594,0.038104,-0.035972,-1.064453,-1.614258,0.538086,-0.013856,0.099923,-0.036772,chewing,left_chewing,96.835,r_gz,non_chewing
6060113.0,-1.191895,1.508301,-0.180176,0.077541,0.014123,-0.031443,-1.074707,-1.664063,0.652832,0.011458,0.06928,-0.092729,chewing,left_chewing,96.835,r_gz,non_chewing
6060123.0,-1.175293,1.51709,-0.310059,0.066882,0.057556,0.019985,-1.146973,-1.601563,0.502441,-0.005596,0.117243,-0.115645,chewing,left_chewing,96.835,r_gz,non_chewing
6060133.0,-1.147461,1.522461,-0.173828,-0.012257,0.092462,0.026913,-1.04541,-1.616699,0.529297,0.009859,0.185458,-0.175865,chewing,left_chewing,96.835,r_gz,non_chewing
6060143.0,-1.176758,1.504883,-0.226562,-0.047697,0.11751,0.038104,-1.105957,-1.610352,0.575684,0.023449,0.155348,-0.189188,chewing,left_chewing,96.835,r_gz,non_chewing
6060153.0,-1.17334,1.507324,-0.194824,-0.057023,0.12204,0.039703,-1.084961,-1.598145,0.566895,0.032242,0.158812,-0.18759,chewing,left_chewing,96.835,r_gz,non_chewing
6060163.0,-1.171875,1.504883,-0.212891,-0.070346,0.120974,0.048763,-1.089844,-1.611328,0.545898,0.031176,0.135096,-0.159877,chewing,left_chewing,96.835,r_gz,non_chewing
6060173.0,-1.180664,1.513184,-0.203613,-0.09113,0.113779,0.060221,-1.11084,-1.606934,0.54541,0.021051,0.067415,-0.126836,chewing,left_chewing,96.835,r_gz,non_chewing
6060183.0,-1.166504,1.512695,-0.19873,-0.083936,0.085534,0.058355,-1.115723,-1.616699,0.554199,0.042634,0.050894,-0.10845,chewing,left_chewing,96.835,r_gz,non_chewing
6060193.0,-1.172363,1.521973,-0.22168,-0.053026,0.057822,0.069813,-1.085938,-1.614258,0.543457,0.012524,0.049562,-0.0874,chewing,left_chewing,96.835,r_gz,non_chewing
6060203.0,-1.155273,1.530762,-0.213867,-0.023982,0.024515,0.058089,-1.092773,-1.605957,0.547852,0.006928,0.023449,-0.062352,chewing,left_chewing,96.835,r_gz,non_chewing
6060213.0,-1.157715,1.538574,-0.210449,0.005862,-0.005063,0.045565,-1.083984,-1.620117,0.556641,0.003997,0.043167,-0.060221,chewing,left_chewing,96.835,r_gz,non_chewing
6060223.0,-1.15625,1.534668,-0.202148,0.003198,0.01359,0.024515,-1.055176,-1.631836,0.558594,0.005596,0.053825,-0.067948,chewing,left_chewing,96.835,r_gz,non_chewing
6060233.0,-1.162109,1.538574,-0.192383,0.015988,0.019185,0.018919,-1.054199,-1.632324,0.55127,0.005596,0.065816,-0.087666,chewing,left_chewing,96.835,r_gz,non_chewing
6060243.0,-1.165039,1.53125,-0.198242,0.038371,0.018386,0.030377,-1.063477,-1.619629,0.543945,0.015455,0.054358,-0.088199,chewing,left_chewing,96.835,r_gz,non_chewing
6060253.0,-1.166504,1.519043,-0.200684,0.031975,0.033308,0.011191,-1.067871,-1.620117,0.544922,0.010925,0.051427,-0.10392,chewing,left_chewing,96.835,r_gz,non_chewing
6060263.0,-1.162598,1.513672,-0.231445,0.049828,0.037838,0.035972,-1.072754,-1.627441,0.588379,0.031176,0.039436,-0.10472,chewing,left_chewing,96.835,r_gz,non_chewing
6060273.0,-1.146484,1.521484,-0.154785,0.029577,0.04823,0.027979,-1.089355,-1.591309,0.504883,0.025047,0.088998,-0.132432,chewing,left_chewing,96.835,r_gz,non_chewing
6060283.0,-1.147461,1.536621,-0.233887,0.020518,0.038904,0.045565,-1.093262,-1.624512,0.580078,-0.021051,0.054092,-0.125237,chewing,left_chewing,96.835,r_gz,non_chewing
6060293.0,-1.15332,1.520996,-0.247559,0.027979,0.014123,0.07008,-1.077148,-1.629883,0.585937,0.015721,0.049029,-0.139093,chewing,left_chewing,96.835,r_gz,non_chewing
6060303.0,-1.161133,1.529297,-0.251953,0.003464,0.028778,0.053559,-1.079102,-1.64209,0.591797,0.005596,0.052493,-0.10019,chewing,left_chewing,96.835,r_gz,non_chewing
6060313.0,-1.140625,1.544434,-0.181152,0.033574,0.042634,0.053559,-1.08252,-1.623047,0.543945,-0.00453,0.083403,-0.107917,chewing,left_chewing,96.835,r_gz,non_chewing
6060323.0,-1.145996,1.538086,-0.176758,0.044766,0.045565,0.03011,-1.059082,-1.618652,0.532227,0.023982,0.126037,-0.105786,chewing,left_chewing,96.835,r_gz,non_chewing
6060333.0,-1.152832,1.541992,-0.209473,0.086067,0.037571,0.050628,-1.062988,-1.632813,0.573242,-0.007994,0.1311,-0.110315,chewing,left_chewing,96.835,r_gz,non_chewing
6060343.0,-1.166992,1.533203,-0.193848,0.085002,0.039969,0.018652,-1.062012,-1.620605,0.555664,0.00826,0.136962,-0.116178,chewing,left_chewing,96.835,r_gz,non_chewing
6060353.0,-1.160156,1.53125,-0.193848,0.097792,0.031975,0.023982,-1.067871,-1.620605,0.542969,0.037038,0.100989,-0.065816,chewing,left_chewing,96.835,r_gz,non_chewing
6060363.0,-1.150391,1.535156,-0.179199,0.074876,0.033041,0.010658,-1.060059,-1.60498,0.540527,0.019718,0.076475,-0.039969,chewing,left_chewing,96.835,r_gz,non_chewing
6060373.0,-1.152832,1.537109,-0.192871,0.062086,0.061553,0.027446,-1.078125,-1.630371,0.559082,0.000533,0.080738,-0.033574,chewing,left_chewing,96.835,r_gz,non_chewing
6060383.0,-1.175781,1.51709,-0.199219,0.014389,0.068481,0.016787,-1.078125,-1.619629,0.530273,-0.012524,0.080205,-0.038371,chewing,left_chewing,96.835,r_gz,non_chewing
6060393.0,-1.170898,1.52002,-0.197266,0.010925,0.086867,0.037838,-1.075195,-1.626953,0.558594,0.003198,0.077541,-0.011458,chewing,left_chewing,96.835,r_gz,non_chewing
6060403.0,-1.165527,1.523438,-0.188477,-0.021051,0.133498,0.044233,-1.077148,-1.619141,0.544434,0.005596,0.08207,-0.01279,chewing,left_chewing,96.835,r_gz,non_chewing
6060413.0,-1.168457,1.522949,-0.180664,-0.014655,0.140426,0.036505,-1.072266,-1.622559,0.536133,0.016521,0.079139,-0.019452,chewing,left_chewing,96.835,r_gz,non_chewing
6060423.0,-1.148926,1.528809,-0.19043,-0.002398,0.124172,0.022649,-1.076172,-1.622559,0.544434,0.022383,0.077807,-0.024781,chewing,left_chewing,96.835,r_gz,non_chewing
6060433.0,-1.144043,1.541016,-0.196289,0.015988,0.130833,0.019452,-1.072266,-1.621094,0.557129,0.024515,0.05276,0.011991,chewing,left_chewing,96.835,r_gz,non_chewing
6060443.0,-1.14209,1.536621,-0.191406,0.019185,0.154015,-0.000266,-1.071289,-1.613281,0.54834,0.031975,0.07381,-0.019452,chewing,left_chewing,96.835,r_gz,non_chewing
6060453.0,-1.12793,1.530762,-0.204102,0.022116,0.1311,0.003198,-1.083008,-1.620117,0.563477,0.00906,0.045032,0.030377,chewing,left_chewing,96.835,r_gz,non_chewing
6060463.0,-1.12793,1.52002,-0.19873,0.022383,0.111381,-0.016521,-1.061035,-1.634766,0.566406,0.007994,0.045299,0.020518,chewing,left_chewing,96.835,r_gz,non_chewing
6060473.0,-1.129883,1.517578,-0.185059,0.0429,0.081804,0.001599,-1.054688,-1.634766,0.564941,0.010392,0.058355,0.004263,chewing,left_chewing,96.835,r_gz,non_chewing
6060483.0,-1.116211,1.516113,-0.15625,0.03544,0.059954,0.015188,-1.029297,-1.631348,0.59082,0.050095,0.105519,-0.035972,chewing,left_chewing,87.847,r_gz,non_chewing
6060493.0,-1.111816,1.522949,-0.208496,0.017054,0.037305,0.006928,-1.046875,-1.619629,0.559082,0.025047,0.130034,-0.045565,chewing,left_chewing,87.847,r_gz,non_chewing
6060503.0,-1.140137,1.519531,-0.204102,0.010925,-0.006129,0.003997,-1.076172,-1.606445,0.548828,0.006662,0.111381,-0.031176,chewing,left_chewing,87.847,r_gz,non_chewing
6060513.0,-1.141602,1.524414,-0.228516,0.022649,-0.032775,-0.020784,-1.077637,-1.621582,0.543457,-0.016521,0.094328,0.005063,chewing,left_chewing,87.847,r_gz,non_chewing
6060523.0,-1.150879,1.523438,-0.194824,0.019452,-0.048763,-0.029311,-1.063477,-1.629395,0.539062,0.007194,0.075409,-0.014123,chewing,left_chewing,87.847,r_gz,non_chewing
6060533.0,-1.164063,1.522949,-0.208496,-0.00906,0.002931,-0.014389,-1.075684,-1.622559,0.564941,-0.006928,0.074609,-0.017054,chewing,left_chewing,87.847,r_gz,non_chewing
6060543.0,-1.169434,1.525879,-0.211426,-0.038371,0.044766,-0.022383,-1.085938,-1.619629,0.54541,-0.013856,0.054092,0.017853,chewing,left_chewing,87.847,r_gz,non_chewing
6060553.0,-1.166016,1.521484,-0.206055,-0.054092,0.058622,-0.023982,-1.078125,-1.631836,0.560059,-0.024781,0.042634,0.036239,chewing,left_chewing,87.847,r_gz,non_chewing
6060563.0,-1.15625,1.517578,-0.205566,0.007461,0.033308,-0.016787,-1.071289,-1.632813,0.571289,0.002931,0.081804,-0.008527,chewing,left_chewing,87.847,r_gz,non_chewing
6060573.0,-1.154297,1.510742,-0.197266,0.076475,-0.035972,-0.020784,-1.081543,-1.620605,0.562988,0.033308,0.076208,-0.039436,chewing,left_chewing,87.847,r_gz,non_chewing
6060583.0,-1.169922,1.50293,-0.188965,0.106319,-0.09193,-0.036505,-1.083496,-1.625488,0.574219,0.054358,0.057023,-0.059155,chewing,left_chewing,87.847,r_gz,non_chewing
6060593.0,-1.162109,1.535645,-0.249512,0.114579,-0.112181,-0.029044,-1.097656,-1.587891,0.49707,0.016521,0.040236,-0.005862,chewing,left_chewing,87.847,r_gz,non_chewing
6060603.0,-1.162109,1.544922,-0.240234,0.154815,-0.117243,-0.018919,-1.076172,-1.635254,0.597656,-0.001066,0.022649,0.002665,chewing,left_chewing,87.847,r_gz,non_chewing
6060613.0,-1.155762,1.532227,-0.192871,0.163341,-0.085801,-0.017054,-1.047363,-1.624512,0.586426,0.032242,0.045832,-0.043167,chewing,left_chewing,87.847,r_gz,non_chewing
6060623.0,-1.15332,1.537598,-0.176758,0.110582,-0.073277,-0.032775,-1.062012,-1.606445,0.557129,0.025847,0.087933,-0.067415,chewing,left_chewing,87.847,r_gz,non_chewing
6060633.0,-1.161621,1.523438,-0.230469,0.074876,-0.062619,-0.021317,-1.070801,-1.59668,0.520508,-0.002665,0.085002,-0.04743,chewing,left_chewing,87.847,r_gz,non_chewing
6060643.0,-1.163574,1.505859,-0.233398,0.103654,-0.071945,-0.013856,-1.081543,-1.605469,0.562988,-0.017587,0.013057,-0.00906,chewing,left_chewing,87.847,r_gz,non_chewing
6060653.0,-1.180176,1.49707,-0.209473,0.0874,-0.092462,-0.000533,-1.086914,-1.62207,0.58252,-0.018386,-0.01732,0.006129,chewing,left_chewing,87.847,r_gz,non_chewing
6060663.0,-1.15332,1.506836,-0.207031,0.096726,-0.111381,-0.01359,-1.05957,-1.626953,0.579102,0.000799,-0.029844,0.04743,chewing,left_chewing,87.847,r_gz,non_chewing
6060673.0,-1.162598,1.520508,-0.196777,0.065017,-0.089798,-0.038637,-1.064453,-1.62207,0.547852,0.006928,0.003198,0.018386,chewing,left_chewing,87.847,r_gz,non_chewing
6060683.0,-1.16748,1.537598,-0.222168,0.069547,-0.053825,-0.029311,-1.076172,-1.612793,0.537109,-0.037305,0.023449,0.023715,chewing,left_chewing,87.847,r_gz,non_chewing
6060693.0,-1.168945,1.522949,-0.215332,0.080205,-0.019185,-0.015188,-1.078125,-1.628418,0.580078,-0.039703,0.024515,0.019718,chewing,left_chewing,87.847,r_gz,non_chewing
6060703.0,-1.165527,1.520996,-0.19873,0.094328,-0.014389,-0.027979,-1.0625,-1.635254,0.579102,-0.02638,0.045565,-0.035173,chewing,left_chewing,87.847,r_gz,non_chewing
6060713.0,-1.173828,1.526855,-0.197754,0.092995,-0.004796,-0.044766,-1.069824,-1.602051,0.548828,-0.050628,0.049828,-0.033841,chewing,left_chewing,87.847,r_gz,non_chewing
6060723.0,-1.179199,1.519043,-0.224609,0.067149,0.016787,-0.018652,-1.086426,-1.607422,0.56543,-0.055691,0.033574,-0.03464,chewing,left_chewing,87.847,r_gz,non_chewing
6060733.0,-1.181641,1.519043,-0.227539,0.043966,0.014123,0.007727,-1.088379,-1.618164,0.578613,-0.049562,-0.00906,-0.010392,chewing,left_chewing,87.847,r_gz,non_chewing
6060743.0,-1.179199,1.513672,-0.206055,0.013856,0.028778,0.022916,-1.07666,-1.630371,0.560547,-0.033841,-0.015721,-0.013057,chewing,left_chewing,87.847,r_gz,non_chewing
6060753.0,-1.178711,1.518555,-0.208008,-0.015721,0.038104,0.006662,-1.097168,-1.620117,0.572266,-0.028511,0.018919,-0.029577,chewing,left_chewing,87.847,r_gz,non_chewing
6060763.0,-1.184082,1.52002,-0.19873,-0.018919,0.054358,0.02185,-1.084473,-1.624023,0.575684,-0.036239,0.031443,-0.050095,chewing,left_chewing,87.847,r_gz,non_chewing
6060773.0,-1.178711,1.525879,-0.20459,-0.026646,0.054625,0.025047,-1.070801,-1.631836,0.563477,-0.045299,0.041035,-0.042101,chewing,left_chewing,87.847,r_gz,non_chewing
6060783.0,-1.171387,1.538574,-0.212891,-0.023449,0.055158,0.01359,-1.076172,-1.625977,0.552734,-0.0437,0.021583,-0.071412,chewing,left_chewing,87.847,r_gz,non_chewing
6060793.0,-1.175293,1.525879,-0.194824,0.005596,0.051427,0.008527,-1.055176,-1.625488,0.558594,-0.046364,0.004263,-0.089265,chewing,left_chewing,87.847,r_gz,non_chewing
6060803.0,-1.175293,1.528809,-0.202637,0.020518,0.055691,0.01732,-1.060547,-1.62207,0.560547,-0.058622,-0.043167,-0.06555,chewing,left_chewing,87.847,r_gz,non_chewing
6060813.0,-1.173828,1.530762,-0.19043,0.031975,0.052227,0.040236,-1.0625,-1.617188,0.571289,-0.059688,-0.070613,-0.065283,chewing,left_chewing,87.847,r_gz,non_chewing
6060823.0,-1.183594,1.523438,-0.192871,0.027179,0.074876,0.039969,-1.074219,-1.614746,0.553223,-0.057556,-0.073277,-0.042368,chewing,left_chewing,87.847,r_gz,non_chewing
6060833.0,-1.182129,1.521484,-0.197266,0.047697,0.090064,0.051161,-1.078613,-1.611816,0.572754,-0.06475,-0.070879,-0.020518,chewing,left_chewing,87.847,r_gz,non_chewing
6060843.0,-1.169922,1.519531,-0.202148,0.056757,0.110315,0.065816,-1.05957,-1.607422,0.55127,-0.053559,-0.051427,-0.036239,chewing,left_chewing,87.847,r_gz,non_chewing
6060853.0,-1.158203,1.523926,-0.184082,0.062352,0.124971,0.054092,-1.04834,-1.621094,0.546875,-0.046098,-0.043167,-0.037038,chewing,left_chewing,87.847,r_gz,non_chewing
6060863.0,-1.153809,1.521484,-0.185059,0.072478,0.153482,0.04823,-1.046875,-1.619141,0.558105,-0.042101,-0.013856,-0.037038,chewing,left_chewing,87.847,r_gz,non_chewing
6060873.0,-1.151855,1.515625,-0.200684,0.069014,0.165207,0.068214,-1.051758,-1.616211,0.558594,-0.019985,0.008793,-0.057556,chewing,left_chewing,87.847,r_gz,non_chewing
6060883.0,-1.144531,1.520508,-0.175781,0.071412,0.172135,0.066882,-1.037598,-1.623047,0.575684,-0.018119,-0.011458,-0.032775,chewing,left_chewing,87.847,r_gz,non_chewing
6060893.0,-1.13916,1.511719,-0.161133,0.063152,0.176132,0.06555,-1.051758,-1.612793,0.547852,-0.037305,-0.004263,-0.026646,chewing,left_chewing,87.847,r_gz,non_chewing
6060903.0,-1.134766,1.514648,-0.173828,0.042101,0.160943,0.063152,-1.057617,-1.599609,0.514648,-0.034374,0.024515,-0.038371,chewing,left_chewing,87.847,r_gz,non_chewing
6060913.0,-1.131348,1.524902,-0.176758,0.012257,0.136429,0.055424,-1.064941,-1.592773,0.508301,-0.075409,0.050095,-0.010126,chewing,left_chewing,87.847,r_gz,non_chewing
6060923.0,-1.134277,1.520996,-0.175293,-0.002665,0.149752,0.059155,-1.07666,-1.584473,0.504395,-0.112447,0.030643,0.038637,chewing,left_chewing,87.847,r_gz,non_chewing
6060933.0,-1.140625,1.521973,-0.185059,-0.024515,0.115911,0.047164,-1.07666,-1.604492,0.503418,-0.112181,0.033841,0.074077,chewing,left_chewing,87.847,r_gz,non_chewing
6060943.0,-1.149902,1.52002,-0.20459,-0.053292,0.139626,0.060487,-1.078125,-1.603516,0.484375,-0.103121,0.055691,0.072478,chewing,left_chewing,87.847,r_gz,non_chewing
6060953.0,-1.150879,1.529297,-0.228516,-0.104986,0.174533,0.090064,-1.081543,-1.616211,0.509277,-0.0874,0.086334,0.086067,chewing,left_chewing,87.847,r_gz,non_chewing
6060963.0,-1.177734,1.517578,-0.240234,-0.141492,0.211038,0.115112,-1.074707,-1.632813,0.536133,-0.062885,0.124971,0.059421,chewing,left_chewing,87.847,r_gz,non_chewing
6060973.0,-1.171387,1.51709,-0.225098,-0.144423,0.212371,0.132165,-1.04541,-1.651855,0.575195,-0.024781,0.135363,0.042368,chewing,left_chewing,87.847,r_gz,non_chewing
6060983.0,-1.134766,1.542969,-0.188477,-0.083936,0.278187,0.127902,-1.038574,-1.652832,0.561035,0.0,0.13483,0.02638,chewing,left_chewing,87.847,r_gz,non_chewing
6060993.0,-1.217285,1.513184,-0.195312,-0.141758,0.250741,0.118842,-1.040039,-1.638184,0.560547,0.033574,0.06555,0.044233,chewing,left_chewing,87.847,r_gz,non_chewing
6061003.0,-1.099121,1.597168,-0.208984,0.005063,0.381308,0.151351,-1.059082,-1.625,0.56543,0.060221,0.00826,0.085002,chewing,left_chewing,87.847,r_gz,non_chewing
6061013.0,-1.233398,1.50293,-0.206055,-0.007994,0.199047,0.099923,-1.060547,-1.626465,0.576172,0.098325,-0.030377,0.044766,chewing,left_chewing,87.847,r_gz,non_chewing
6061023.0,-1.163086,1.585449,-0.20459,0.020518,0.293375,0.142824,-1.075684,-1.604492,0.572266,0.111914,-0.06475,0.048496,chewing,left_chewing,88.987,r_gy,non_chewing
6061033.0,-1.131836,1.587402,-0.213379,0.027446,0.291243,0.140692,-1.075195,-1.608887,0.565918,0.122839,-0.028778,-0.010658,chewing,left_chewing,88.987,r_gy,non_chewing
6061043.0,-1.132813,1.577637,-0.217773,0.128968,0.236352,0.112447,-1.084961,-1.61084,0.568848,0.124438,0.018119,-0.081005,chewing,left_chewing,88.987,r_gy,non_chewing
6061053.0,-1.114258,1.611328,-0.218262,0.232089,0.136429,0.089265,-1.104004,-1.609375,0.557617,0.130567,-0.006395,-0.06555,chewing,left_chewing,88.987,r_gy,non_chewing
6061063.0,-1.151367,1.567383,-0.227539,0.305366,0.079139,0.092462,-1.083984,-1.621094,0.564941,0.123905,-0.052227,-0.018919,chewing,left_chewing,88.987,r_gy,non_chewing
6061073.0,-1.154297,1.558594,-0.219727,0.369317,0.111648,0.147354,-1.091309,-1.627441,0.563965,0.129501,-0.055158,0.020518,chewing,left_chewing,88.987,r_gy,non_chewing
6061083.0,-1.145508,1.547852,-0.223633,0.391433,0.147354,0.146554,-1.09375,-1.612793,0.55957,0.124438,-0.062619,0.033574,chewing,left_chewing,88.987,r_gy,non_chewing
6061093.0,-1.162109,1.522461,-0.229492,0.402358,0.201446,0.143357,-1.096191,-1.613281,0.57373,0.088466,-0.03091,0.042634,chewing,left_chewing,88.987,r_gy,non_chewing
6061103.0,-1.147461,1.525391,-0.227539,0.403957,0.255005,0.142025,-1.077148,-1.614258,0.594238,0.077008,0.015721,0.036505,chewing,left_chewing,88.987,r_gy,non_chewing
6061113.0,-1.130371,1.528809,-0.234375,0.405289,0.27872,0.141225,-1.089844,-1.610352,0.578613,0.07381,0.050361,-0.000266,chewing,left_chewing,88.987,r_gy,non_chewing
6061123.0,-1.135742,1.520508,-0.242676,0.399427,0.257403,0.127902,-1.091797,-1.615723,0.575195,0.066616,0.041035,0.00373,chewing,left_chewing,88.987,r_gy,non_chewing
6061133.0,-1.131348,1.527832,-0.24707,0.363988,0.264064,0.146821,-1.087402,-1.617676,0.59082,0.042368,0.057289,0.003464,chewing,left_chewing,88.987,r_gy,non_chewing
6061143.0,-1.104492,1.542969,-0.253418,0.359191,0.211838,0.145755,-1.087402,-1.62207,0.583496,0.047697,0.054358,0.011724,chewing,left_chewing,88.987,r_gy,non_chewing
6061153.0,-1.118652,1.526855,-0.255859,0.31256,0.178263,0.139893,-1.07666,-1.632813,0.587891,0.057289,0.072478,-0.033308,chewing,left_chewing,88.987,r_gy,non_chewing
6061163.0,-1.095215,1.541992,-0.265625,0.281651,0.150285,0.114845,-1.08252,-1.630859,0.609375,0.07008,0.109783,-0.079939,chewing,left_chewing,88.987,r_gy,non_chewing
6061173.0,-1.100586,1.507813,-0.265625,0.267262,0.091663,0.135629,-1.080078,-1.621582,0.584473,0.052227,0.079672,-0.090331,chewing,left_chewing,88.987,r_gy,non_chewing
6061183.0,-1.090332,1.519043,-0.248047,0.248077,0.103121,0.160677,-1.076172,-1.60498,0.578613,0.031176,0.044499,-0.09193,chewing,left_chewing,88.987,r_gy,non_chewing
6061193.0,-1.101074,1.505859,-0.272949,0.243547,0.055424,0.108184,-1.071777,-1.597656,0.581543,0.018386,0.005063,-0.104986,chewing,left_chewing,88.987,r_gy,non_chewing
6061203.0,-1.094238,1.498535,-0.270508,0.204377,0.035972,0.107917,-1.067383,-1.602051,0.604004,0.021583,-0.014655,-0.106052,chewing,left_chewing,88.987,r_gy,non_chewing
6061213.0,-1.118652,1.485352,-0.278809,0.201179,0.06475,0.062352,-1.0625,-1.60498,0.616699,0.021317,-0.045565,-0.103654,chewing,left_chewing,88.987,r_gy,non_chewing
6061223.0,-1.13623,1.477539,-0.242676,0.177997,0.083669,0.060221,-1.057129,-1.601563,0.599121,0.021051,-0.071412,-0.079406,chewing,left_chewing,88.987,r_gy,non_chewing
6061233.0,-1.113281,1.480957,-0.265625,0.200913,0.089531,0.054358,-1.065918,-1.600098,0.602051,0.016787,-0.082603,-0.044766,chewing,left_chewing,88.987,r_gy,non_chewing
6061243.0,-1.10791,1.47998,-0.27832,0.23049,0.063685,0.016254,-1.070313,-1.592773,0.607422,0.040502,-0.081804,-0.033574,chewing,left_chewing,88.987,r_gy,non_chewing
6061253.0,-1.112793,1.46875,-0.282715,0.254472,-0.004796,-0.019718,-1.068848,-1.603027,0.60498,0.01279,-0.053559,-0.006928,chewing,left_chewing,88.987,r_gy,non_chewing
6061263.0,-1.114258,1.471191,-0.277344,0.255804,-0.014123,-0.031443,-1.065918,-1.608398,0.613281,-0.030377,0.018119,-0.032242,chewing,left_chewing,88.987,r_gy,non_chewing
6061273.0,-1.079102,1.491211,-0.275879,0.249142,-0.014922,-0.031975,-1.054688,-1.605957,0.617676,-0.07834,0.033574,0.039436,chewing,left_chewing,88.987,r_gy,non_chewing
6061283.0,-1.101074,1.477539,-0.278809,0.232888,-0.094594,-0.037038,-1.057617,-1.601074,0.619141,-0.091663,0.107917,0.000266,chewing,left_chewing,88.987,r_gy,non_chewing
6061293.0,-1.116699,1.481445,-0.269043,0.203044,-0.092729,-0.028511,-1.059082,-1.598633,0.626953,-0.071412,0.154815,-0.01359,chewing,left_chewing,88.987,r_gy,non_chewing
6061303.0,-1.129395,1.484863,-0.280762,0.137228,-0.068481,-0.029311,-1.055664,-1.614746,0.631348,-0.075675,0.171335,0.009326,chewing,left_chewing,88.987,r_gy,non_chewing
6061313.0,-1.121582,1.505859,-0.270508,0.03464,-0.007727,-0.042101,-1.04834,-1.611816,0.627441,-0.068747,0.153749,0.010392,chewing,left_chewing,88.987,r_gy,non_chewing
6061323.0,-1.118164,1.510254,-0.268066,-0.05196,0.059954,-0.066349,-1.054199,-1.624023,0.620117,-0.067415,0.134564,0.007727,chewing,left_chewing,88.987,r_gy,non_chewing
6061333.0,-1.123047,1.521484,-0.257813,-0.083403,0.053292,-0.106851,-1.047363,-1.605957,0.609863,-0.050095,0.116977,-0.008527,chewing,left_chewing,88.987,r_gy,non_chewing
6061343.0,-1.118164,1.54248,-0.259277,-0.106851,0.092729,-0.12657,-1.056641,-1.612305,0.574219,-0.051427,0.083403,-0.017853,chewing,left_chewing,88.987,r_gy,non_chewing
6061353.0,-1.131348,1.538086,-0.266113,-0.122306,0.122573,-0.102855,-1.068848,-1.616211,0.557617,-0.035706,0.065017,-0.047164,chewing,left_chewing,88.987,r_gy,non_chewing
6061363.0,-1.130859,1.532227,-0.29541,-0.090597,0.102855,-0.079672,-1.077148,-1.626465,0.570312,-0.022383,0.034107,-0.03544,chewing,left_chewing,88.987,r_gy,non_chewing
6061373.0,-1.119629,1.535156,-0.279785,-0.050894,0.081005,-0.078074,-1.081055,-1.624512,0.564941,-0.029311,-0.002398,-0.016521,chewing,left_chewing,88.987,r_gy,non_chewing
6061383.0,-1.120605,1.537598,-0.293945,0.008527,0.059421,-0.060487,-1.080078,-1.605957,0.561523,-0.002398,-0.010392,-0.014922,chewing,left_chewing,88.987,r_gy,non_chewing
6061393.0,-1.10791,1.533203,-0.262207,0.045032,0.059688,-0.041302,-1.068359,-1.600098,0.584961,0.007727,0.018652,-0.034907,chewing,left_chewing,88.987,r_gy,non_chewing
6061403.0,-1.134766,1.516602,-0.274902,0.074609,0.053825,-0.059954,-1.074707,-1.591309,0.569336,0.010126,0.033841,-0.032775,chewing,left_chewing,88.987,r_gy,non_chewing
6061413.0,-1.121582,1.533203,-0.252441,0.118043,0.018386,-0.014389,-1.063477,-1.588379,0.564941,0.018386,0.055424,-0.062619,chewing,left_chewing,88.987,r_gy,non_chewing
6061423.0,-1.10498,1.54248,-0.254883,0.156413,0.010392,-0.007994,-1.052246,-1.602539,0.574707,0.003997,0.080738,-0.093528,chewing,left_chewing,88.987,r_gy,non_chewing
6061433.0,-1.11084,1.524902,-0.251465,0.199314,-0.022383,-0.031443,-1.070313,-1.592773,0.566895,0.065816,0.123639,-0.072744,chewing,left_chewing,88.987,r_gy,non_chewing
6061443.0,-1.106445,1.51709,-0.23877,0.19958,-0.054891,-0.032242,-1.041992,-1.609863,0.573242,0.004263,-0.002398,-0.012524,chewing,left_chewing,88.987,r_gy,non_chewing
6061453.0,-1.12793,1.507324,-0.242676,0.176665,-0.018652,-0.034374,-1.062012,-1.608398,0.557617,0.004796,0.014123,-0.040502,chewing,left_chewing,88.987,r_gy,non_chewing
6061463.0,-1.134277,1.502441,-0.234375,0.163341,-0.030377,-0.021051,-1.08252,-1.619141,0.577148,0.000799,0.018919,-0.018119,chewing,left_chewing,88.987,r_gy,non_chewing
6061473.0,-1.150391,1.490234,-0.233887,0.098325,-0.005329,-0.036505,-1.080078,-1.635254,0.564453,0.002132,0.035173,0.031975,chewing,left_chewing,88.987,r_gy,non_chewing
6061483.0,-1.158203,1.491211,-0.251465,0.073011,-0.017054,-0.014655,-1.098633,-1.638672,0.564941,-0.017054,0.090864,0.031443,chewing,left_chewing,88.987,r_gy,non_chewing
6061493.0,-1.152344,1.499023,-0.267578,0.040236,-0.003464,0.013856,-1.099121,-1.625488,0.552734,-0.012524,0.131899,0.019185,chewing,left_chewing,88.987,r_gy,non_chewing
6061503.0,-1.149414,1.51416,-0.267578,0.049296,-0.026646,0.036772,-1.115723,-1.620117,0.560547,-0.031709,0.201179,-0.007194,chewing,left_chewing,88.987,r_gy,non_chewing
6061513.0,-1.154785,1.520996,-0.28125,0.074343,-0.055691,0.04823,-1.10791,-1.618164,0.56543,-0.013856,0.228358,-0.02558,chewing,left_chewing,88.987,r_gy,non_chewing
6061523.0,-1.128906,1.547363,-0.280762,0.084735,-0.116977,0.06102,-1.115723,-1.625488,0.55957,0.002665,0.251008,-0.035972,chewing,left_chewing,88.987,r_gy,non_chewing
6061533.0,-1.121094,1.562988,-0.265625,0.097792,-0.166006,0.050894,-1.086914,-1.621094,0.575195,0.010658,0.24328,-0.054092,chewing,left_chewing,88.987,r_gy,non_chewing
6061543.0,-1.108887,1.563965,-0.302246,0.118842,-0.193985,0.063152,-1.090332,-1.631348,0.564453,0.015188,0.19132,-0.051694,chewing,left_chewing,88.987,r_gy,non_chewing
6061553.0,-1.126953,1.551758,-0.282227,0.110848,-0.225427,0.041835,-1.087402,-1.621582,0.567383,0.029577,0.131899,-0.054092,chewing,left_chewing,88.987,r_gy,non_chewing
6061563.0,-1.155762,1.537598,-0.260742,0.106585,-0.250475,0.025314,-1.082031,-1.635742,0.549805,0.021051,0.070879,-0.10392,chewing,left_chewing,88.987,r_gy,non_chewing
6061573.0,-1.164063,1.527832,-0.260742,0.102055,-0.248876,0.029311,-1.07666,-1.624023,0.583984,0.040769,0.006129,-0.109516,chewing,left_chewing,78.790,l_gy,non_chewing
6061583.0,-1.173828,1.515137,-0.23877,0.118842,-0.185724,0.024248,-1.069824,-1.632813,0.587402,0.037838,-0.042101,-0.087933,chewing,left_chewing,78.790,l_gy,non_chewing
6061593.0,-1.177246,1.508301,-0.217285,0.089531,-0.140959,0.022649,-1.056152,-1.626465,0.599121,0.039436,-0.044233,-0.094328,chewing,left_chewing,78.790,l_gy,non_chewing
6061603.0,-1.17041,1.51123,-0.236328,0.055957,-0.041568,0.041568,-1.058594,-1.605469,0.601562,0.053292,0.005063,-0.098325,chewing,left_chewing,78.790,l_gy,non_chewing
6061613.0,-1.155762,1.505859,-0.228516,0.051161,-0.001332,0.067681,-1.050781,-1.598633,0.603516,0.068214,0.057822,-0.103387,chewing,left_chewing,78.790,l_gy,non_chewing
6061623.0,-1.130859,1.517578,-0.253418,0.056757,0.018919,0.062619,-1.044922,-1.585938,0.571777,0.065283,0.073544,-0.115112,chewing,left_chewing,78.790,l_gy,non_chewing
6061633.0,-1.133301,1.513672,-0.294434,0.116444,0.031709,0.083403,-1.042969,-1.583496,0.555664,0.04743,0.080472,-0.088732,chewing,left_chewing,78.790,l_gy,non_chewing
6061643.0,-1.120605,1.500488,-0.293457,0.147087,0.006395,0.069014,-1.061035,-1.594727,0.563965,0.026646,0.064484,-0.063685,chewing,left_chewing,78.790,l_gy,non_chewing
6061653.0,-1.128906,1.494141,-0.248535,0.175066,-0.001599,0.038637,-1.055664,-1.615723,0.581055,0.022916,0.041035,-0.015455,chewing,left_chewing,78.790,l_gy,non_chewing
6061663.0,-1.134277,1.492188,-0.231445,0.196916,0.000533,0.010658,-1.053711,-1.618164,0.588379,0.029044,0.038104,0.024515,chewing,left_chewing,78.790,l_gy,non_chewing
6061673.0,-1.138184,1.485352,-0.264648,0.187323,0.046098,0.027979,-1.067871,-1.604004,0.585937,-0.02638,0.061286,0.006395,chewing,left_chewing,78.790,l_gy,non_chewing
6061683.0,-1.161133,1.464355,-0.29834,0.174799,0.054358,0.025314,-1.097168,-1.589355,0.565918,-0.044233,0.07381,0.034107,chewing,left_chewing,78.790,l_gy,non_chewing
6061693.0,-1.164063,1.469727,-0.263184,0.108717,0.092995,0.013856,-1.100586,-1.620605,0.585449,-0.058355,0.08207,0.036239,chewing,left_chewing,78.790,l_gy,non_chewing
6061703.0,-1.152832,1.48584,-0.257324,0.04743,0.124438,0.027712,-1.091309,-1.630371,0.598633,-0.046897,0.102855,0.058888,chewing,left_chewing,78.790,l_gy,non_chewing
6061713.0,-1.143066,1.506348,-0.265625,-0.061819,0.169737,0.024248,-1.089355,-1.625,0.607422,-0.03464,0.110049,0.074343,chewing,left_chewing,78.790,l_gy,non_chewing
6061723.0,-1.115723,1.512695,-0.315918,-0.104986,0.172401,0.027446,-1.109375,-1.618652,0.576172,-0.043966,0.108184,0.089798,chewing,left_chewing,78.790,l_gy,non_chewing
6061733.0,-1.104004,1.526855,-0.307129,-0.16947,0.167605,0.00906,-1.086914,-1.632324,0.577637,-0.05649,0.100989,0.065283,chewing,left_chewing,78.790,l_gy,non_chewing
6061743.0,-1.107422,1.541992,-0.29541,-0.161743,0.109516,0.004796,-1.064941,-1.628418,0.595703,-0.063951,0.105253,0.037305,chewing,left_chewing,78.790,l_gy,non_chewing
6061753.0,-1.097168,1.539551,-0.282227,-0.129767,0.040236,-0.011458,-1.06543,-1.642578,0.585937,-0.050894,0.091663,-0.017054,chewing,left_chewing,78.790,l_gy,non_chewing
6061763.0,-1.100586,1.543945,-0.273926,-0.074609,-0.025314,-0.029044,-1.044922,-1.626953,0.606934,-0.023715,0.051427,-0.040236,chewing,left_chewing,78.790,l_gy,non_chewing
6061773.0,-1.128418,1.541016,-0.259766,-0.055691,-0.082337,-0.03544,-1.050781,-1.621094,0.614746,-0.013323,-0.027712,-0.045565,chewing,left_chewing,78.790,l_gy,non_chewing
6061783.0,-1.148438,1.53125,-0.271973,-0.025847,-0.095926,-0.034907,-1.047363,-1.620117,0.614258,-0.003997,-0.082337,-0.041835,chewing,left_chewing,78.790,l_gy,non_chewing
6061793.0,-1.158203,1.508301,-0.279297,-0.000266,-0.073011,-0.000533,-1.041992,-1.611328,0.598145,-0.010126,-0.108184,-0.032242,chewing,left_chewing,78.790,l_gy,non_chewing
6061803.0,-1.155762,1.507813,-0.305664,0.037838,-0.073544,-0.011458,-1.04834,-1.600586,0.582031,0.00373,-0.111381,-0.027179,chewing,left_chewing,78.790,l_gy,non_chewing
6061813.0,-1.156738,1.509277,-0.294922,0.041568,-0.04743,0.005063,-1.057129,-1.586426,0.588379,-0.019185,-0.083403,-0.024515,chewing,left_chewing,78.790,l_gy,non_chewing
6061823.0,-1.166504,1.497559,-0.29834,0.09566,-0.015455,0.022116,-1.057129,-1.584961,0.574219,-0.027979,-0.03917,-0.035972,chewing,left_chewing,78.790,l_gy,non_chewing
6061833.0,-1.152344,1.493164,-0.309082,0.131899,0.017587,0.013323,-1.049316,-1.584961,0.599121,-0.029044,-0.022116,-0.01279,chewing,left_chewing,78.790,l_gy,non_chewing
6061843.0,-1.142578,1.507813,-0.284668,0.174533,0.052227,0.001599,-1.044434,-1.594238,0.596191,-0.037305,0.021051,-0.011458,chewing,left_chewing,78.790,l_gy,non_chewing
6061853.0,-1.145508,1.490234,-0.270996,0.231822,0.025314,-0.005596,-1.067383,-1.595215,0.586914,-0.015988,0.046364,0.00826,chewing,left_chewing,78.790,l_gy,non_chewing
6061863.0,-1.155273,1.48877,-0.253418,0.273657,0.002398,-0.009326,-1.078613,-1.604492,0.584961,-0.022649,0.042101,0.036239,chewing,left_chewing,78.790,l_gy,non_chewing
6061873.0,-1.155273,1.490234,-0.242187,0.269926,0.0,0.012257,-1.099121,-1.612305,0.578125,-0.05649,0.085534,0.038371,chewing,left_chewing,78.790,l_gy,non_chewing
6061883.0,-1.167969,1.475586,-0.278809,0.267795,-0.00906,0.018119,-1.103516,-1.621094,0.561523,-0.054092,0.092462,0.046098,chewing,left_chewing,78.790,l_gy,non_chewing
6061893.0,-1.159668,1.486328,-0.275391,0.171602,0.016787,0.028778,-1.109863,-1.614746,0.564941,-0.070613,0.085002,0.047963,chewing,left_chewing,78.790,l_gy,non_chewing
6061903.0,-1.137695,1.508789,-0.286133,0.099124,0.049562,0.05649,-1.109863,-1.622559,0.570801,-0.074077,0.087933,0.030643,chewing,left_chewing,78.790,l_gy,non_chewing
6061913.0,-1.121094,1.518066,-0.288574,-0.025047,0.071145,0.045565,-1.111816,-1.630859,0.587402,-0.088466,0.074077,0.028778,chewing,left_chewing,78.790,l_gy,non_chewing
6061923.0,-1.114258,1.530762,-0.279297,-0.076475,0.049296,0.057023,-1.091309,-1.637207,0.601562,-0.0866,0.049828,0.042368,chewing,left_chewing,78.790,l_gy,non_chewing
6061933.0,-1.107422,1.546387,-0.274902,-0.136962,0.019718,0.0429,-1.083496,-1.638672,0.599121,-0.088466,0.026913,0.026113,chewing,left_chewing,78.790,l_gy,non_chewing
6061943.0,-1.114746,1.555664,-0.27832,-0.181194,-0.011458,0.029311,-1.066895,-1.63623,0.588867,-0.071145,0.00373,-0.01359,chewing,left_chewing,78.790,l_gy,non_chewing
6061953.0,-1.116699,1.551758,-0.266602,-0.196649,0.013057,0.012524,-1.061035,-1.638184,0.599609,-0.062885,-0.022916,-0.034374,chewing,left_chewing,78.790,l_gy,non_chewing
6061963.0,-1.115723,1.556641,-0.237305,-0.188389,0.016254,-0.024781,-1.054688,-1.610352,0.575684,-0.066083,-0.055158,-0.044766,chewing,left_chewing,78.790,l_gy,non_chewing
6061973.0,-1.122559,1.557617,-0.274414,-0.127636,0.053825,-0.014123,-1.051758,-1.612305,0.578613,-0.058622,-0.067948,-0.092462,chewing,left_chewing,78.790,l_gy,non_chewing
6061983.0,-1.146973,1.535645,-0.290039,-0.056224,0.061553,0.013856,-1.057129,-1.620117,0.585937,-0.039703,-0.097259,-0.107118,chewing,left_chewing,78.790,l_gy,non_chewing
6061993.0,-1.150879,1.528809,-0.279785,-0.038904,0.091397,0.015188,-1.041992,-1.632324,0.598633,-0.006395,-0.112181,-0.095394,chewing,left_chewing,78.790,l_gy,non_chewing
6062003.0,-1.149414,1.521484,-0.259277,-0.015721,0.124971,-0.001332,-1.036133,-1.621582,0.60498,0.035173,-0.082603,-0.105786,chewing,left_chewing,78.790,l_gy,non_chewing
6062013.0,-1.152344,1.526367,-0.228027,0.013057,0.128701,-0.023715,-1.055176,-1.583008,0.570312,0.039436,-0.076741,-0.085002,chewing,left_chewing,78.790,l_gy,non_chewing
6062023.0,-1.137207,1.539063,-0.289063,0.053292,0.106851,-0.045565,-1.061035,-1.583496,0.560547,-0.001865,-0.092196,-0.035173,chewing,left_chewing,78.790,l_gy,non_chewing
6062033.0,-1.145996,1.522461,-0.312988,0.12577,0.053292,-0.06102,-1.049316,-1.586426,0.593262,0.000799,-0.082337,0.013057,chewing,left_chewing,78.790,l_gy,non_chewing
6062043.0,-1.161621,1.527832,-0.269531,0.165207,-0.020518,-0.096992,-1.055664,-1.598633,0.602051,0.011724,-0.094328,0.060221,chewing,left_chewing,78.790,l_gy,non_chewing
6062053.0,-1.192871,1.524902,-0.26416,0.233688,-0.113247,-0.139093,-1.078613,-1.594238,0.60498,0.006395,-0.066083,0.057023,chewing,left_chewing,78.790,l_gy,non_chewing
6062063.0,-1.208008,1.516113,-0.215332,0.232355,-0.144156,-0.162009,-1.09668,-1.594238,0.569336,0.005596,-0.019185,0.071945,chewing,left_chewing,78.790,l_gy,non_chewing
6062073.0,-1.224609,1.494629,-0.232422,0.204643,-0.134564,-0.164141,-1.139648,-1.592285,0.526855,-0.041035,0.058355,0.045032,chewing,left_chewing,78.790,l_gy,non_chewing
6062083.0,-1.245605,1.467773,-0.267578,0.104986,-0.07008,-0.142291,-1.154297,-1.622559,0.53125,-0.07834,0.08207,0.043433,chewing,left_chewing,78.790,l_gy,non_chewing
6062093.0,-1.232422,1.461914,-0.298828,0.057023,-0.112714,-0.134564,-1.135742,-1.654297,0.564453,-0.077008,0.081005,0.062352,chewing,left_chewing,78.790,l_gy,non_chewing
6062103.0,-1.209473,1.456543,-0.278809,-0.005063,-0.174266,-0.131366,-1.098633,-1.685547,0.608887,-0.021317,0.053559,0.068481,chewing,left_chewing,78.790,l_gy,non_chewing
6062113.0,-1.182129,1.48877,-0.197266,-0.067681,-0.219032,-0.141758,-1.072754,-1.660156,0.604004,0.045565,0.049029,0.037571,chewing,left_chewing,76.562,l_gy,non_chewing
6062123.0,-1.156738,1.536621,-0.238281,-0.116444,-0.337075,-0.103121,-1.140137,-1.611816,0.532227,0.040502,0.045032,0.006662,chewing,left_chewing,76.562,l_gy,non_chewing
6062133.0,-1.164063,1.537598,-0.270996,-0.148953,-0.396763,-0.123106,-1.13916,-1.62793,0.568359,0.03917,-0.027179,-0.015455,chewing,left_chewing,76.562,l_gy,non_chewing
6062143.0,-1.137695,1.558594,-0.25293,-0.143623,-0.541452,-0.11298,-1.143066,-1.628906,0.601562,0.076741,-0.099124,-0.056757,chewing,left_chewing,76.562,l_gy,non_chewing
6062153.0,-1.15332,1.54834,-0.236328,-0.129501,-0.728242,-0.181994,-1.11084,-1.61377,0.585937,0.115911,-0.189721,-0.044766,chewing,left_chewing,76.562,l_gy,non_chewing
6062163.0,-1.151367,1.538574,-0.260742,-0.129501,-0.786864,-0.137495,-1.125488,-1.609375,0.576172,0.085268,-0.278187,-0.039969,chewing,left_chewing,76.562,l_gy,non_chewing
6062173.0,-1.178223,1.508789,-0.23291,-0.146821,-0.869201,-0.153482,-1.091309,-1.647461,0.601562,0.146554,-0.341338,-0.103654,chewing,left_chewing,76.562,l_gy,non_chewing
6062183.0,-1.175293,1.506836,-0.208984,-0.178796,-0.767145,-0.201446,-1.092285,-1.560547,0.543457,0.0866,-0.529461,0.097259,chewing,left_chewing,76.562,l_gy,non_chewing
6062193.0,-1.246582,1.455078,-0.172852,-0.157746,-0.824168,-0.145222,-1.083008,-1.569336,0.60498,0.268594,-0.461247,-0.024781,chewing,left_chewing,76.562,l_gy,non_chewing
6062203.0,-1.172852,1.521484,-0.201172,-0.159877,-0.587017,-0.194784,-1.101563,-1.572754,0.546875,0.132965,-0.414616,-0.064217,chewing,left_chewing,76.562,l_gy,non_chewing
6062213.0,-1.273926,1.445801,-0.173828,-0.14389,-0.401026,-0.099923,-1.007324,-1.599609,0.608398,0.282983,-0.355461,-0.080472,chewing,left_chewing,76.562,l_gy,non_chewing
6062223.0,-1.19043,1.481934,-0.205078,-0.123372,-0.28325,-0.140692,-1.166992,-1.529785,0.552734,0.268328,-0.305366,-0.048763,chewing,left_chewing,76.562,l_gy,non_chewing
6062233.0,-1.244629,1.435059,-0.205566,-0.109783,-0.153482,-0.111648,-0.938965,-1.583008,0.674805,0.399694,-0.348799,0.078074,chewing,left_chewing,76.562,l_gy,non_chewing
6062243.0,-1.169922,1.48584,-0.173828,-0.116977,0.033041,-0.102322,-1.07373,-1.533691,0.552734,0.291776,-0.322153,0.135363,chewing,left_chewing,76.562,l_gy,non_chewing
6062253.0,-1.218262,1.478516,-0.307129,0.021317,-0.071412,-0.036772,-1.056152,-1.588379,0.717773,0.313093,-0.473237,0.315758,chewing,left_chewing,76.562,l_gy,non_chewing
6062263.0,-1.145996,1.495117,-0.156738,0.05276,-0.144423,-0.264864,-1.060547,-1.558105,0.585449,0.311495,-0.464711,0.45645,chewing,left_chewing,76.562,l_gy,non_chewing
6062273.0,-1.171387,1.466797,-0.233398,0.210772,-0.270726,-0.103121,-1.094238,-1.560059,0.664551,0.212904,-0.45645,0.637911,chewing,left_chewing,76.562,l_gy,non_chewing
6062283.0,-1.169434,1.453613,-0.21582,0.285914,-0.435666,-0.155614,-1.01416,-1.547852,0.686523,0.111648,-0.314426,0.341338,chewing,left_chewing,76.562,l_gy,non_chewing
6062293.0,-1.200684,1.438965,-0.230469,0.340006,-0.434067,-0.241415,-1.041992,-1.688477,0.645996,0.099124,-0.137495,0.322686,chewing,left_chewing,76.562,l_gy,non_chewing
6062303.0,-1.174316,1.442871,-0.185547,0.298971,-0.338407,-0.363188,-1.062012,-1.603516,0.65918,0.119908,0.034107,0.26513,chewing,left_chewing,76.562,l_gy,non_chewing
6062313.0,-1.240234,1.44873,-0.185547,0.275522,-0.189721,-0.166806,-1.083008,-1.601074,0.64209,0.152949,0.06555,0.198248,chewing,left_chewing,76.562,l_gy,non_chewing
6062323.0,-1.211426,1.444336,-0.193848,0.173734,-0.215568,-0.083136,-1.10498,-1.636719,0.669434,0.046897,0.204643,-0.035972,chewing,left_chewing,76.562,l_gy,non_chewing
6062333.0,-1.20459,1.45166,-0.185059,0.105519,-0.109516,0.002132,-1.096191,-1.656738,0.666016,0.084469,0.14309,-0.067948,chewing,left_chewing,76.562,l_gy,non_chewing
6062343.0,-1.208496,1.477539,-0.222168,0.057289,-0.051427,0.086867,-1.072266,-1.619629,0.654785,0.100723,0.046098,-0.077274,chewing,left_chewing,76.562,l_gy,non_chewing
6062353.0,-1.182129,1.507324,-0.206543,0.011458,0.035972,0.075142,-1.083984,-1.601074,0.656738,0.100989,-0.03464,-0.14842,chewing,left_chewing,76.562,l_gy,non_chewing
6062363.0,-1.191895,1.5,-0.198242,0.015988,0.019185,0.130567,-1.092285,-1.57959,0.671387,0.108717,-0.137761,-0.154548,chewing,left_chewing,76.562,l_gy,non_chewing
6062373.0,-1.189453,1.520996,-0.209961,0.011191,0.035972,0.138028,-1.072266,-1.583008,0.671387,0.081005,-0.144156,-0.18679,chewing,left_chewing,76.562,l_gy,non_chewing
6062383.0,-1.177246,1.534668,-0.221191,0.023715,0.034374,0.130034,-1.13623,-1.634277,0.699219,0.105786,-0.214769,-0.217966,chewing,left_chewing,76.562,l_gy,non_chewing
6062393.0,-1.195801,1.533203,-0.203125,0.050894,0.026646,0.133498,-1.015625,-1.583984,0.710937,0.128701,-0.201446,-0.20038,chewing,left_chewing,76.562,l_gy,non_chewing
6062403.0,-1.183105,1.526367,-0.20166,0.053292,0.038104,0.119109,-1.020996,-1.593262,0.696777,0.137761,-0.220098,-0.207041,chewing,left_chewing,76.562,l_gy,non_chewing
6062413.0,-1.190918,1.529785,-0.195801,0.071145,0.083936,0.105786,-1.033691,-1.537598,0.668457,0.067149,-0.253406,-0.207041,chewing,left_chewing,76.562,l_gy,non_chewing
6062423.0,-1.167969,1.524414,-0.223633,0.067948,0.183326,0.113513,-1.040039,-1.613281,0.65332,0.075942,-0.166539,-0.185191,chewing,left_chewing,76.562,l_gy,non_chewing
6062433.0,-1.170898,1.493164,-0.26123,0.10019,0.256603,0.12204,-0.987793,-1.562988,0.677246,0.103654,-0.118842,-0.187057,chewing,left_chewing,76.562,l_gy,non_chewing
6062443.0,-1.170898,1.46582,-0.228516,0.090864,0.264864,0.079406,-1.009277,-1.557129,0.689453,0.051427,-0.163341,-0.06555,chewing,left_chewing,76.562,l_gy,non_chewing
6062453.0,-1.153809,1.473145,-0.192871,0.107917,0.289112,0.071945,-1.000488,-1.562988,0.713379,0.070613,-0.193718,-0.014655,chewing,left_chewing,76.562,l_gy,non_chewing
6062463.0,-1.141602,1.462402,-0.178223,0.117243,0.300037,0.051161,-0.96582,-1.572754,0.668945,0.031709,-0.182527,0.038371,chewing,left_chewing,76.562,l_gy,non_chewing
6062473.0,-1.137207,1.455566,-0.224609,0.141758,0.287513,0.050628,-1.022949,-1.538086,0.633789,-0.036505,-0.154548,0.079672,chewing,left_chewing,76.562,l_gy,non_chewing
6062483.0,-1.13916,1.444824,-0.234375,0.147887,0.272058,0.014922,-1.080078,-1.569336,0.67627,-0.125504,-0.107118,0.107651,chewing,left_chewing,76.562,l_gy,non_chewing
6062493.0,-1.150879,1.448242,-0.209473,0.124971,0.227559,-0.003997,-1.037109,-1.61377,0.705078,-0.076475,-0.084202,0.106851,chewing,left_chewing,76.562,l_gy,non_chewing
6062503.0,-1.147949,1.462402,-0.223145,0.099923,0.173467,-0.037038,-1.026855,-1.578613,0.716797,-0.057822,0.024515,0.09113,chewing,left_chewing,76.562,l_gy,non_chewing
6062513.0,-1.141113,1.478027,-0.214844,0.071145,0.140692,-0.03917,-0.966309,-1.631836,0.703125,-0.116444,0.075675,0.110049,chewing,left_chewing,76.562,l_gy,non_chewing
6062523.0,-1.144043,1.466797,-0.237305,0.044233,0.139093,-0.024515,-1.083496,-1.600586,0.687988,-0.155881,0.044766,0.240083,chewing,left_chewing,76.562,l_gy,non_chewing
6062533.0,-1.145996,1.479492,-0.217773,-0.023982,0.171069,-0.01279,-1.068848,-1.638672,0.687012,-0.127902,0.223296,0.081804,chewing,left_chewing,76.562,l_gy,non_chewing
6062543.0,-1.124023,1.504395,-0.222656,-0.055957,0.18306,-0.014922,-1.060059,-1.612305,0.692871,-0.122839,0.234753,0.031709,chewing,left_chewing,76.562,l_gy,non_chewing
6062553.0,-1.131836,1.51123,-0.237793,-0.080472,0.171602,-0.036505,-1.067383,-1.619629,0.695801,-0.129501,0.220364,0.014389,chewing,left_chewing,76.562,l_gy,non_chewing
6062563.0,-1.125977,1.537109,-0.240723,-0.094861,0.157746,-0.065283,-1.092285,-1.593262,0.690918,-0.092196,0.110315,0.057822,chewing,left_chewing,76.562,l_gy,non_chewing
6062573.0,-1.134766,1.563965,-0.245605,-0.082337,0.071945,-0.10845,-1.051758,-1.626953,0.677246,-0.059155,0.056224,0.020518,chewing,left_chewing,76.562,l_gy,non_chewing
6062583.0,-1.165527,1.569824,-0.255371,-0.045832,0.005862,-0.149219,-1.033691,-1.606445,0.702637,0.001332,-0.039969,0.021317,chewing,left_chewing,76.562,l_gy,non_chewing
6062593.0,-1.181641,1.578613,-0.269043,0.024781,-0.073011,-0.154015,-1.04541,-1.603516,0.70752,0.02185,-0.127902,0.057023,chewing,left_chewing,76.562,l_gy,non_chewing
6062603.0,-1.200684,1.558594,-0.252441,0.108983,-0.099923,-0.172934,-1.043945,-1.617188,0.709473,0.021317,-0.158279,0.100723,chewing,left_chewing,76.562,l_gy,non_chewing
6062613.0,-1.20166,1.536621,-0.254395,0.135896,-0.093262,-0.217167,-1.04834,-1.59668,0.704102,0.000799,-0.144423,0.102588,chewing,left_chewing,76.562,l_gy,non_chewing
6062623.0,-1.19873,1.51123,-0.248535,0.171069,-0.067149,-0.25234,-1.025391,-1.585449,0.72168,-0.014123,-0.098325,0.081804,chewing,left_chewing,76.562,l_gy,non_chewing
6062633.0,-1.196777,1.496582,-0.258301,0.147887,-0.030643,-0.292043,-1.046387,-1.54248,0.661621,-0.071412,-0.026913,0.058355,chewing,left_chewing,76.562,l_gy,non_chewing
6062643.0,-1.19043,1.465332,-0.273926,0.185991,-0.011724,-0.3051,-1.041504,-1.551758,0.753906,-0.0874,-0.065816,0.104187,chewing,left_chewing,76.562,l_gy,non_chewing
6062653.0,-1.169922,1.475098,-0.248047,0.242214,-0.006662,-0.336276,-0.998047,-1.561523,0.728027,-0.065816,-0.054358,0.120708,chewing,left_chewing,76.562,l_gy,non_chewing
6062663.0,-1.188965,1.458496,-0.22998,0.27419,-0.031709,-0.357326,-1.018555,-1.532715,0.713867,-0.070613,-0.046897,0.146554,chewing,left_chewing,107.606,l_gy,non_chewing
6062673.0,-1.180664,1.458008,-0.245605,0.277387,-0.043167,-0.397296,-1.010742,-1.536133,0.661621,-0.100989,-0.032242,0.220364,chewing,left_chewing,107.606,l_gy,non_chewing
6062683.0,-1.166016,1.432129,-0.280273,0.32242,-0.002665,-0.393832,-1.038574,-1.537598,0.691895,-0.155614,-0.042101,0.245678,chewing,left_chewing,107.606,l_gy,non_chewing
6062693.0,-1.215332,1.392578,-0.280273,0.275789,0.001865,-0.472704,-1.047363,-1.581543,0.741699,-0.139893,-0.027712,0.275256,chewing,left_chewing,107.606,l_gy,non_chewing
6062703.0,-1.238281,1.390625,-0.261719,0.218233,0.022649,-0.459381,-1.047852,-1.594727,0.731445,-0.20038,0.024781,0.313893,chewing,left_chewing,107.606,l_gy,non_chewing
6062713.0,-1.241211,1.380371,-0.26123,0.1303,0.051694,-0.38717,-1.027832,-1.580566,0.759277,-0.203311,0.052227,0.370116,chewing,left_chewing,107.606,l_gy,non_chewing
6062723.0,-1.23584,1.407227,-0.254395,0.001599,0.134564,-0.336009,-1.03418,-1.57373,0.716797,-0.228891,0.126836,0.354662,chewing,left_chewing,107.606,l_gy,non_chewing
6062733.0,-1.231934,1.415039,-0.263184,-0.076208,0.114046,-0.37358,-1.063477,-1.554199,0.678711,-0.268328,0.127636,0.398361,chewing,left_chewing,107.606,l_gy,non_chewing
6062743.0,-1.253418,1.413574,-0.279785,-0.166273,0.22223,-0.369051,-1.064941,-1.566895,0.693359,-0.274456,0.175599,0.342138,chewing,left_chewing,107.606,l_gy,non_chewing
6062753.0,-1.257324,1.364258,-0.280273,-0.151884,0.292576,-0.277654,-1.060059,-1.598145,0.732422,-0.273124,0.085801,0.416481,chewing,left_chewing,107.606,l_gy,non_chewing
6062763.0,-1.277344,1.453613,-0.255859,-0.316025,0.407688,-0.344003,-1.099609,-1.57959,0.708008,-0.216368,0.068214,0.373314,chewing,left_chewing,107.606,l_gy,non_chewing
6062773.0,-1.23291,1.442871,-0.233398,-0.246211,0.497752,-0.310695,-1.113281,-1.577637,0.694824,-0.213969,-0.006928,0.386904,chewing,left_chewing,107.606,l_gy,non_chewing
6062783.0,-1.177246,1.487793,-0.255371,-0.201979,0.537455,-0.379709,-1.103516,-1.568848,0.645996,-0.23955,-0.087133,0.441262,chewing,left_chewing,107.606,l_gy,non_chewing
6062793.0,-1.237305,1.452637,-0.272461,-0.166806,0.522,-0.445525,-1.162598,-1.56543,0.684082,-0.245678,-0.110582,0.367185,chewing,left_chewing,107.606,l_gy,non_chewing
6062803.0,-1.257813,1.446777,-0.266113,-0.124172,0.554242,-0.446591,-1.11084,-1.59375,0.695312,-0.310962,-0.075142,0.235819,chewing,left_chewing,107.606,l_gy,non_chewing
6062813.0,-1.255371,1.444824,-0.25,-0.058089,0.543051,-0.438331,-1.102051,-1.574219,0.713379,-0.294441,-0.053825,0.146821,chewing,left_chewing,107.606,l_gy,non_chewing
6062823.0,-1.253906,1.449707,-0.229492,-0.025047,0.570763,-0.480432,-1.070313,-1.563965,0.665039,-0.278187,0.013057,0.034107,chewing,left_chewing,107.606,l_gy,non_chewing
6062833.0,-1.21582,1.449219,-0.26416,0.038104,0.624055,-0.486028,-1.114746,-1.507813,0.605469,-0.340539,-0.067149,0.1311,chewing,left_chewing,107.606,l_gy,non_chewing
6062843.0,-1.238281,1.40918,-0.295898,0.100989,0.636312,-0.473504,-1.138672,-1.522461,0.635742,-0.346401,-0.083669,0.141492,chewing,left_chewing,107.606,l_gy,non_chewing
6062853.0,-1.230957,1.384277,-0.270508,0.151351,0.650701,-0.46924,-1.089844,-1.568848,0.694336,-0.264064,0.005862,0.057289,chewing,left_chewing,107.606,l_gy,non_chewing
6062863.0,-1.262207,1.342285,-0.247559,0.109783,0.605936,-0.455118,-1.103027,-1.541504,0.71582,-0.229158,-0.003464,0.141758,chewing,left_chewing,107.606,l_gy,non_chewing
6062873.0,-1.263184,1.338867,-0.212402,0.082337,0.601939,-0.420744,-1.112305,-1.525391,0.654297,-0.203044,0.119908,0.128168,chewing,left_chewing,107.606,l_gy,non_chewing
6062883.0,-1.246094,1.354492,-0.242676,0.036505,0.622456,-0.340273,-1.156738,-1.516602,0.5625,-0.281118,0.199047,0.148153,chewing,left_chewing,107.606,l_gy,non_chewing
6062893.0,-1.266602,1.357422,-0.285645,-0.043167,0.56943,-0.242747,-1.198242,-1.538574,0.594727,-0.287513,0.236086,0.239283,chewing,left_chewing,107.606,l_gy,non_chewing
6062903.0,-1.268066,1.373047,-0.243164,-0.09193,0.55291,-0.145222,-1.179688,-1.587891,0.69043,-0.290444,0.268061,0.171069,chewing,left_chewing,107.606,l_gy,non_chewing
6062913.0,-1.25,1.385254,-0.208984,-0.158279,0.527862,-0.111648,-1.150879,-1.553711,0.64209,-0.253939,0.345335,0.093262,chewing,left_chewing,107.606,l_gy,non_chewing
6062923.0,-1.233887,1.416504,-0.240234,-0.20491,0.458848,-0.084202,-1.228516,-1.521484,0.513184,-0.316557,0.284848,0.173467,chewing,left_chewing,107.606,l_gy,non_chewing
6062933.0,-1.236328,1.412109,-0.312012,-0.241415,0.373047,-0.023182,-1.238281,-1.594238,0.59668,-0.283516,0.180129,0.18679,chewing,left_chewing,107.606,l_gy,non_chewing
6062943.0,-1.260742,1.414063,-0.227539,-0.23049,0.231822,0.041568,-1.212891,-1.618652,0.646973,-0.192652,0.119109,0.175332,chewing,left_chewing,107.606,l_gy,non_chewing
6062953.0,-1.248535,1.458984,-0.1875,-0.252073,0.105786,0.060753,-1.180176,-1.613281,0.599609,-0.174266,0.108717,0.138294,chewing,left_chewing,107.606,l_gy,non_chewing
6062963.0,-1.23291,1.48877,-0.26123,-0.221164,0.117776,0.12204,-1.23291,-1.590332,0.527832,-0.200913,0.0866,0.154548,chewing,left_chewing,107.606,l_gy,non_chewing
6062973.0,-1.25293,1.492676,-0.243164,-0.181994,0.093262,0.164674,-1.210449,-1.603516,0.574707,-0.13483,0.008527,0.168937,chewing,left_chewing,107.606,l_gy,non_chewing
6062983.0,-1.257813,1.509766,-0.216797,-0.166539,0.090064,0.158812,-1.179199,-1.589844,0.580078,-0.065017,0.012257,0.085002,chewing,left_chewing,107.606,l_gy,non_chewing
6062993.0,-1.273438,1.498047,-0.207031,-0.112181,0.107917,0.184392,-1.141113,-1.597168,0.564941,0.046897,0.035972,-0.051694,chewing,left_chewing,107.606,l_gy,non_chewing
6063003.0,-1.264648,1.51123,-0.205566,-0.029044,0.136429,0.214502,-1.131348,-1.578613,0.576172,0.119642,0.034907,-0.161743,chewing,left_chewing,107.606,l_gy,non_chewing
6063013.0,-1.259277,1.510254,-0.221191,0.024515,0.147887,0.22223,-1.135742,-1.566406,0.550781,0.125504,-0.018919,-0.231556,chewing,left_chewing,107.606,l_gy,non_chewing
6063023.0,-1.275879,1.498047,-0.221191,0.039436,0.14309,0.260067,-1.124023,-1.545898,0.568848,0.138028,-0.059155,-0.301369,chewing,left_chewing,107.606,l_gy,non_chewing
6063033.0,-1.235352,1.510254,-0.222656,0.093795,0.089531,0.274723,-1.103516,-1.54541,0.562988,0.161743,-0.072478,-0.287247,chewing,left_chewing,107.606,l_gy,non_chewing
6063043.0,-1.227539,1.467773,-0.240723,0.129767,0.031975,0.221963,-1.085449,-1.543457,0.590332,0.192386,-0.002398,-0.334677,chewing,left_chewing,107.606,l_gy,non_chewing
6063053.0,-1.195313,1.501953,-0.232422,0.192386,-0.065816,0.191853,-1.085449,-1.537109,0.574219,0.193985,0.085268,-0.31256,chewing,left_chewing,107.606,l_gy,non_chewing
6063063.0,-1.216797,1.46875,-0.244629,0.270459,-0.119642,0.18759,-1.07959,-1.54834,0.596191,0.180395,0.177464,-0.230224,chewing,left_chewing,107.606,l_gy,non_chewing
6063073.0,-1.213379,1.435059,-0.242676,0.325617,-0.164141,0.207574,-1.07666,-1.58252,0.615234,0.174266,0.274456,-0.187856,chewing,left_chewing,107.606,l_gy,non_chewing
6063083.0,-1.223633,1.416016,-0.209961,0.351464,-0.159611,0.202778,-1.057617,-1.591797,0.602051,0.150818,0.357326,-0.144423,chewing,left_chewing,107.606,l_gy,non_chewing
6063093.0,-1.237305,1.395508,-0.20166,0.350132,-0.170003,0.23875,-1.069824,-1.591797,0.580566,0.148953,0.386371,-0.132432,chewing,left_chewing,107.606,l_gy,non_chewing
6063103.0,-1.228027,1.399902,-0.206543,0.231289,-0.132965,0.239017,-1.111816,-1.590332,0.571777,0.105786,0.36159,-0.098858,chewing,left_chewing,107.606,l_gy,non_chewing
6063113.0,-1.229492,1.416016,-0.212402,0.164141,-0.081538,0.257936,-1.119629,-1.584473,0.575195,0.106052,0.300836,-0.024515,chewing,left_chewing,107.606,l_gy,non_chewing
6063123.0,-1.215332,1.426758,-0.214844,0.056224,-0.040502,0.276322,-1.09082,-1.601563,0.583008,0.106585,0.267795,-0.005862,chewing,left_chewing,107.606,l_gy,non_chewing
6063133.0,-1.23584,1.419434,-0.217285,-0.007727,0.02185,0.365853,-1.088379,-1.597168,0.584473,0.0866,0.280052,-0.022649,chewing,left_chewing,107.606,l_gy,non_chewing
6063143.0,-1.161621,1.463867,-0.219238,0.003198,0.099391,0.434867,-1.107422,-1.59082,0.583496,0.105253,0.361057,-0.063685,chewing,left_chewing,107.606,l_gy,non_chewing
6063153.0,-1.157227,1.492188,-0.231934,-0.030377,0.098058,0.419412,-1.106445,-1.588867,0.592285,0.110049,0.427672,-0.115378,chewing,left_chewing,107.606,l_gy,non_chewing
6063163.0,-1.155273,1.511719,-0.258789,-0.000533,0.069547,0.403158,-1.134766,-1.566406,0.596191,0.114845,0.438064,-0.16574,chewing,left_chewing,107.606,l_gy,non_chewing
6063173.0,-1.126953,1.535156,-0.26123,0.08207,0.035173,0.362655,-1.131348,-1.564941,0.595703,0.12204,0.386637,-0.160677,chewing,left_chewing,107.606,l_gy,non_chewing
6063183.0,-1.140625,1.537109,-0.256348,0.144423,-0.083669,0.268061,-1.124512,-1.583008,0.595215,0.148153,0.365054,-0.18759,chewing,left_chewing,107.606,l_gy,non_chewing
6063193.0,-1.168945,1.519531,-0.276367,0.2614,-0.131899,0.241415,-1.120117,-1.588867,0.60791,0.172668,0.294441,-0.174,chewing,left_chewing,107.606,l_gy,non_chewing
6063203.0,-1.188965,1.478027,-0.253906,0.316557,-0.16121,0.228625,-1.099121,-1.581543,0.615234,0.180662,0.243813,-0.138827,chewing,left_chewing,101.014,l_gy,non_chewing
6063213.0,-1.24707,1.443359,-0.258301,0.334144,-0.086867,0.29151,-1.08252,-1.583984,0.625977,0.20038,0.218766,-0.12657,chewing,left_chewing,101.014,l_gy,non_chewing
6063223.0,-1.248047,1.400391,-0.265137,0.268861,-0.047697,0.329881,-1.060059,-1.563965,0.626953,0.198781,0.236885,-0.111914,chewing,left_chewing,101.014,l_gy,non_chewing
6063233.0,-1.217773,1.409668,-0.275879,0.280585,0.010925,0.34427,-1.054688,-1.552246,0.616211,0.195583,0.279253,-0.109516,chewing,left_chewing,101.014,l_gy,non_chewing
6063243.0,-1.157227,1.4375,-0.27832,0.266729,0.03544,0.296839,-1.05957,-1.541992,0.631348,0.174799,0.321087,-0.137761,chewing,left_chewing,101.014,l_gy,non_chewing
6063253.0,-1.194336,1.439941,-0.296875,0.265663,-0.01279,0.26513,-1.075684,-1.538574,0.647949,0.148153,0.353596,-0.116444,chewing,left_chewing,101.014,l_gy,non_chewing
6063263.0,-1.208984,1.407715,-0.306152,0.289112,-0.023715,0.306165,-1.086914,-1.514648,0.657715,0.135896,0.348266,-0.067681,chewing,left_chewing,101.014,l_gy,non_chewing
6063273.0,-1.211426,1.383301,-0.320801,0.227825,-0.077274,0.325884,-1.078613,-1.544922,0.654785,0.12657,0.373847,-0.050361,chewing,left_chewing,101.014,l_gy,non_chewing
6063283.0,-1.208008,1.358887,-0.310059,0.22143,-0.122306,0.339473,-1.104492,-1.520996,0.659668,0.105786,0.3909,-0.050894,chewing,left_chewing,101.014,l_gy,non_chewing
6063293.0,-1.191406,1.365723,-0.302246,0.148953,-0.151884,0.425541,-1.149902,-1.528809,0.646973,0.014922,0.369051,0.00906,chewing,left_chewing,101.014,l_gy,non_chewing
6063303.0,-1.20459,1.377441,-0.289551,0.087133,-0.185191,0.488692,-1.10791,-1.578125,0.627441,0.059954,0.38717,0.054092,chewing,left_chewing,101.014,l_gy,non_chewing
6063313.0,-1.1875,1.424316,-0.318359,-0.005862,-0.170003,0.482564,-1.138184,-1.562988,0.606445,0.039969,0.366652,0.100723,chewing,left_chewing,101.014,l_gy,non_chewing
6063323.0,-1.170898,1.480469,-0.275391,0.025314,-0.140692,0.507611,-1.103516,-1.595215,0.648926,0.092729,0.333611,0.12657,chewing,left_chewing,101.014,l_gy,non_chewing
6063333.0,-1.152832,1.516602,-0.305664,0.071412,-0.081538,0.492956,-1.137695,-1.566895,0.645508,0.074609,0.370116,0.108983,chewing,left_chewing,101.014,l_gy,non_chewing
6063343.0,-1.158691,1.521484,-0.325684,0.139626,-0.071945,0.395164,-1.152344,-1.569824,0.648926,0.09113,0.374913,0.091663,chewing,left_chewing,101.014,l_gy,non_chewing
6063353.0,-1.154785,1.51709,-0.324707,0.164674,-0.041568,0.274723,-1.156738,-1.594727,0.652832,0.107651,0.42181,0.007194,chewing,left_chewing,101.014,l_gy,non_chewing
6063363.0,-1.152832,1.520508,-0.324219,0.144689,-0.007994,0.195051,-1.169922,-1.572754,0.682129,0.085002,0.409286,-0.03464,chewing,left_chewing,101.014,l_gy,non_chewing
6063373.0,-1.161621,1.503418,-0.317383,0.093528,-0.014922,0.142025,-1.166016,-1.572266,0.671875,0.061553,0.373314,-0.057023,chewing,left_chewing,101.014,l_gy,non_chewing
6063383.0,-1.208984,1.47998,-0.329102,0.015988,-0.065017,0.141225,-1.160156,-1.568359,0.664062,0.062885,0.276588,-0.042368,chewing,left_chewing,101.014,l_gy,non_chewing
6063393.0,-1.140625,1.526855,-0.306641,0.043966,-0.141492,0.141492,-1.135742,-1.57959,0.669922,0.079139,0.196649,-0.042368,chewing,left_chewing,101.014,l_gy,non_chewing
6063403.0,-1.134277,1.522461,-0.367188,0.049296,-0.219032,0.09566,-1.120605,-1.564941,0.611816,0.077541,0.128968,0.005862,chewing,left_chewing,101.014,l_gy,non_chewing
6063413.0,-1.177734,1.496582,-0.338867,0.113513,-0.25607,0.073011,-1.141113,-1.558594,0.647949,0.092729,0.082603,0.034374,chewing,left_chewing,101.014,l_gy,non_chewing
6063423.0,-1.200684,1.461914,-0.31543,0.149485,-0.336009,0.039703,-1.140137,-1.549316,0.664551,0.0874,0.033574,0.04743,chewing,left_chewing,101.014,l_gy,non_chewing
6063433.0,-1.22168,1.419922,-0.325684,0.168671,-0.334677,0.009593,-1.133301,-1.536621,0.643066,0.077008,0.037838,0.045832,chewing,left_chewing,101.014,l_gy,non_chewing
6063443.0,-1.193848,1.431152,-0.314941,0.188922,-0.353862,-0.014922,-1.117188,-1.543457,0.650391,0.039703,0.056757,0.025047,chewing,left_chewing,101.014,l_gy,non_chewing
6063453.0,-1.181152,1.418457,-0.316406,0.180395,-0.368784,-0.03011,-1.126953,-1.519531,0.662109,0.027712,0.106851,0.022383,chewing,left_chewing,101.014,l_gy,non_chewing
6063463.0,-1.188477,1.422852,-0.314941,0.141758,-0.338674,-0.104453,-1.133789,-1.522949,0.640137,0.00373,0.124704,0.033574,chewing,left_chewing,101.014,l_gy,non_chewing
6063473.0,-1.199707,1.436035,-0.321777,0.119908,-0.312294,-0.10019,-1.125,-1.506348,0.637207,-0.015188,0.164407,0.037838,chewing,left_chewing,101.014,l_gy,non_chewing
6063483.0,-1.238281,1.414551,-0.310059,0.116178,-0.273657,-0.122306,-1.117676,-1.527832,0.648437,-0.049029,0.210505,0.074343,chewing,left_chewing,101.014,l_gy,non_chewing
6063493.0,-1.229004,1.40918,-0.314453,0.111381,-0.292309,-0.143623,-1.146484,-1.515625,0.652832,-0.074876,0.291243,0.08207,chewing,left_chewing,101.014,l_gy,non_chewing
6063503.0,-1.241699,1.414063,-0.312012,0.067149,-0.251807,-0.163075,-1.129395,-1.548828,0.629395,-0.084202,0.320821,0.114046,chewing,left_chewing,101.014,l_gy,non_chewing
6063513.0,-1.265625,1.390625,-0.29541,0.002132,-0.18759,-0.093795,-1.149414,-1.547363,0.641602,-0.118309,0.338674,0.136162,chewing,left_chewing,101.014,l_gy,non_chewing
6063523.0,-1.210938,1.469238,-0.275391,-0.118842,-0.089798,-0.106585,-1.180176,-1.553711,0.637207,-0.140959,0.288312,0.224894,chewing,left_chewing,101.014,l_gy,non_chewing
6063533.0,-1.244141,1.439453,-0.293945,-0.179329,-0.019718,-0.099923,-1.166992,-1.562012,0.632812,-0.148686,0.272325,0.205709,chewing,left_chewing,101.014,l_gy,non_chewing
6063543.0,-1.199219,1.469238,-0.293945,-0.211571,0.006928,-0.083403,-1.163574,-1.570313,0.641602,-0.16494,0.273657,0.168937,chewing,left_chewing,101.014,l_gy,non_chewing
6063553.0,-1.194336,1.473633,-0.285156,-0.283516,-0.001332,-0.079672,-1.189453,-1.563965,0.646973,-0.179596,0.208107,0.166806,chewing,left_chewing,101.014,l_gy,non_chewing
6063563.0,-1.196289,1.46875,-0.272461,-0.32615,-0.027712,-0.060221,-1.173828,-1.572266,0.63623,-0.155348,0.140959,0.135363,chewing,left_chewing,101.014,l_gy,non_chewing
6063573.0,-1.189941,1.478027,-0.279297,-0.323752,-0.005862,-0.010925,-1.171387,-1.570313,0.629883,-0.14762,0.078074,0.130833,chewing,left_chewing,101.014,l_gy,non_chewing
6063583.0,-1.184082,1.498535,-0.265625,-0.252073,-0.03091,0.015721,-1.152832,-1.567871,0.605957,-0.156946,0.063951,0.111381,chewing,left_chewing,101.014,l_gy,non_chewing
6063593.0,-1.200195,1.47168,-0.250977,-0.222763,-0.066616,-0.015455,-1.17334,-1.575684,0.626465,-0.14842,0.019985,0.115378,chewing,left_chewing,101.014,l_gy,non_chewing
6063603.0,-1.17041,1.500488,-0.252441,-0.14309,-0.066616,-0.057556,-1.140137,-1.547852,0.600586,-0.155881,0.029044,0.100723,chewing,left_chewing,101.014,l_gy,non_chewing
6063613.0,-1.209473,1.478027,-0.23877,-0.088732,-0.05276,-0.103387,-1.152344,-1.541016,0.588379,-0.151617,0.046631,0.087133,chewing,left_chewing,101.014,l_gy,non_chewing
6063623.0,-1.219238,1.45752,-0.239746,-0.035173,-0.01359,-0.115378,-1.120117,-1.494629,0.594238,-0.16041,0.025314,0.089798,chewing,left_chewing,101.014,l_gy,non_chewing
6063633.0,-1.237305,1.419922,-0.249023,-0.029044,0.067948,-0.109783,-1.140625,-1.500977,0.599609,-0.196649,0.005329,0.079406,chewing,left_chewing,101.014,l_gy,non_chewing
6063643.0,-1.257813,1.416016,-0.233398,-0.075142,0.157479,-0.03544,-1.134766,-1.516602,0.583984,-0.234487,-0.015188,0.128435,chewing,left_chewing,101.014,l_gy,non_chewing
6063653.0,-1.22168,1.41748,-0.246094,-0.120441,0.194784,0.006129,-1.136719,-1.525391,0.583984,-0.249675,-0.004263,0.118043,chewing,left_chewing,101.014,l_gy,non_chewing
6063663.0,-1.206055,1.414551,-0.244629,-0.127636,0.175599,0.001332,-1.158691,-1.53125,0.566406,-0.26513,-0.006662,0.191054,chewing,left_chewing,101.014,l_gy,non_chewing
6063673.0,-1.186523,1.446289,-0.24707,-0.112181,0.128701,-0.021583,-1.17627,-1.522461,0.584961,-0.273391,0.103121,0.170003,chewing,left_chewing,101.014,l_gy,non_chewing
6063683.0,-1.195313,1.453613,-0.245117,-0.071145,0.094328,-0.023182,-1.175293,-1.528809,0.571777,-0.285381,0.19585,0.193718,chewing,left_chewing,101.014,l_gy,non_chewing
6063693.0,-1.210938,1.436523,-0.239258,-0.054092,0.023182,-0.051427,-1.117676,-1.531738,0.570312,-0.308297,0.304833,0.198515,chewing,left_chewing,101.014,l_gy,non_chewing
6063703.0,-1.207031,1.463867,-0.236816,-0.053825,-0.030377,-0.087666,-1.186035,-1.538574,0.572266,-0.341072,0.378643,0.131899,chewing,left_chewing,101.014,l_gy,non_chewing
6063713.0,-1.219238,1.470703,-0.222168,-0.083936,-0.0437,-0.111914,-1.175781,-1.561035,0.557617,-0.324818,0.405289,0.163341,chewing,left_chewing,101.014,l_gy,non_chewing
6063723.0,-1.222656,1.46875,-0.241211,-0.087133,-0.040236,-0.09193,-1.193359,-1.543945,0.569336,-0.319755,0.362655,0.183593,chewing,left_chewing,101.014,l_gy,non_chewing
6063733.0,-1.190918,1.498535,-0.220215,-0.077274,-0.079672,-0.092995,-1.177734,-1.557617,0.554687,-0.318956,0.271792,0.241948,chewing,left_chewing,101.014,l_gy,non_chewing
6063743.0,-1.192871,1.504883,-0.236328,0.007461,-0.093528,-0.102855,-1.196777,-1.543945,0.564453,-0.280585,0.181194,0.240083,chewing,left_chewing,101.014,l_gy,non_chewing
6063753.0,-1.193359,1.51416,-0.221191,0.021317,-0.103654,-0.10845,-1.186523,-1.568848,0.554199,-0.245412,0.123106,0.202245,chewing,left_chewing,101.014,l_gy,non_chewing
6063763.0,-1.21582,1.521973,-0.218262,-0.010658,-0.097525,-0.167338,-1.198242,-1.580566,0.550293,-0.204643,0.06102,0.176931,chewing,left_chewing,108.078,l_gy,non_chewing
6063773.0,-1.206543,1.522949,-0.205566,0.021317,-0.096726,-0.271792,-1.181641,-1.590332,0.538574,-0.13483,0.041835,0.112181,chewing,left_chewing,108.078,l_gy,non_chewing
6063783.0,-1.223633,1.529785,-0.207031,-0.02638,0.031443,-0.193185,-1.183105,-1.558594,0.535645,-0.1311,0.015188,0.15668,chewing,left_chewing,108.078,l_gy,non_chewing
6063793.0,-1.190918,1.523926,-0.196777,-0.003997,0.06102,-0.211038,-1.189453,-1.568848,0.546875,-0.12124,0.059421,0.033841,chewing,left_chewing,108.078,l_gy,non_chewing
6063803.0,-1.202148,1.501953,-0.209473,0.006928,0.039703,-0.179063,-1.199219,-1.543457,0.543457,-0.135363,0.06928,-0.036772,chewing,left_chewing,108.078,l_gy,non_chewing
6063813.0,-1.17334,1.480957,-0.206055,0.023715,0.050628,-0.14309,-1.183105,-1.525879,0.540039,-0.150018,0.075942,-0.029844,chewing,left_chewing,108.078,l_gy,non_chewing
6063823.0,-1.193848,1.465332,-0.217773,0.05649,0.056757,-0.126836,-1.179199,-1.510742,0.535645,-0.170536,0.103121,-0.029311,chewing,left_chewing,108.078,l_gy,non_chewing
6063833.0,-1.207031,1.442871,-0.221191,0.080738,0.061286,-0.113779,-1.160645,-1.516113,0.546875,-0.175066,0.120974,0.01279,chewing,left_chewing,108.078,l_gy,non_chewing
6063843.0,-1.216797,1.435547,-0.20459,0.10472,0.080205,-0.125237,-1.147461,-1.543945,0.519043,-0.138827,0.196383,-0.005329,chewing,left_chewing,108.078,l_gy,non_chewing
6063853.0,-1.233398,1.446289,-0.205566,0.081005,0.128435,-0.161476,-1.162109,-1.512207,0.523437,-0.187323,0.214502,0.048496,chewing,left_chewing,108.078,l_gy,non_chewing
6063863.0,-1.250488,1.444336,-0.220215,0.084202,0.158279,-0.169737,-1.17627,-1.504395,0.511719,-0.16574,0.201446,0.077008,chewing,left_chewing,108.078,l_gy,non_chewing
6063873.0,-1.240723,1.456055,-0.202637,0.120441,0.163341,-0.137761,-1.187988,-1.52002,0.522461,-0.151884,0.187856,0.097525,chewing,left_chewing,108.078,l_gy,non_chewing
6063883.0,-1.245117,1.451172,-0.214844,0.124172,0.124704,-0.113513,-1.167969,-1.539551,0.524414,-0.151884,0.202778,0.167072,chewing,left_chewing,108.078,l_gy,non_chewing
6063893.0,-1.21875,1.474609,-0.223633,0.088998,0.056224,-0.09113,-1.175781,-1.558105,0.521484,-0.127902,0.262998,0.158012,chewing,left_chewing,108.078,l_gy,non_chewing
6063903.0,-1.226074,1.480469,-0.228516,0.084202,0.001332,-0.062619,-1.193359,-1.570801,0.51416,-0.113247,0.337608,0.122573,chewing,left_chewing,108.078,l_gy,non_chewing
6063913.0,-1.234863,1.476563,-0.22998,0.053559,-0.037838,-0.025847,-1.258301,-1.60791,0.498535,-0.076208,0.365853,0.098858,chewing,left_chewing,108.078,l_gy,non_chewing
6063923.0,-1.240234,1.461914,-0.223145,0.040236,-0.102055,-0.017054,-1.215332,-1.580566,0.509277,-0.119109,0.404224,0.067681,chewing,left_chewing,108.078,l_gy,non_chewing
6063933.0,-1.238281,1.466797,-0.213867,0.060753,-0.133498,-0.074077,-1.198242,-1.604492,0.487305,-0.095394,0.368784,0.019452,chewing,left_chewing,108.078,l_gy,non_chewing
6063943.0,-1.253418,1.475098,-0.21582,0.062352,-0.137495,-0.098058,-1.198242,-1.580078,0.504395,-0.087133,0.301103,0.023982,chewing,left_chewing,108.078,l_gy,non_chewing
6063953.0,-1.251953,1.477051,-0.231445,0.097259,-0.110315,-0.109516,-1.20459,-1.569336,0.512695,-0.067149,0.196916,-0.036505,chewing,left_chewing,108.078,l_gy,non_chewing
6063963.0,-1.268066,1.43457,-0.230469,0.015988,-0.087666,-0.089531,-1.214355,-1.53418,0.535645,-0.075409,0.064484,-0.027979,chewing,left_chewing,108.078,l_gy,non_chewing
6063973.0,-1.241699,1.446289,-0.232422,-0.027979,-0.084202,-0.108717,-1.232422,-1.525879,0.533203,-0.097259,-0.079139,-0.002665,chewing,left_chewing,108.078,l_gy,non_chewing
6063983.0,-1.22998,1.427734,-0.251465,-0.058888,-0.123905,0.041302,-1.253418,-1.501465,0.540039,-0.102855,-0.171335,0.026646,chewing,left_chewing,108.078,l_gy,non_chewing
6063993.0,-1.239746,1.420898,-0.256348,-0.095394,-0.222763,0.081804,-1.249023,-1.491699,0.540039,-0.099657,-0.221963,0.092995,chewing,left_chewing,108.078,l_gy,non_chewing
6064003.0,-1.222168,1.413574,-0.241699,-0.102055,-0.310162,0.12577,-1.239258,-1.485352,0.542969,-0.107651,-0.210772,0.149219,chewing,left_chewing,108.078,l_gy,non_chewing
6064013.0,-1.220703,1.414551,-0.22168,-0.108983,-0.339207,0.123106,-1.217773,-1.505371,0.519531,-0.132965,-0.114579,0.141758,chewing,left_chewing,108.078,l_gy,non_chewing
6064023.0,-1.218262,1.411133,-0.209961,-0.06928,-0.326683,0.107384,-1.184082,-1.522461,0.497559,-0.177198,0.00453,0.116977,chewing,left_chewing,108.078,l_gy,non_chewing
6064033.0,-1.237305,1.402832,-0.203125,-0.006129,-0.289911,0.052227,-1.179199,-1.521484,0.500488,-0.166539,0.075409,0.075675,chewing,left_chewing,108.078,l_gy,non_chewing
6064043.0,-1.208984,1.421875,-0.183105,0.062086,-0.167338,0.007727,-1.192383,-1.526855,0.479492,-0.163608,0.107118,0.065816,chewing,left_chewing,108.078,l_gy,non_chewing
6064053.0,-1.248535,1.409668,-0.178711,0.095127,-0.084202,0.004263,-1.213867,-1.523926,0.476074,-0.177997,0.102588,0.03917,chewing,left_chewing,108.078,l_gy,non_chewing
6064063.0,-1.242188,1.405273,-0.196289,0.142291,-0.052227,-0.088466,-1.256348,-1.515625,0.500488,-0.175066,0.081271,0.079406,chewing,left_chewing,108.078,l_gy,non_chewing
6064073.0,-1.270508,1.385254,-0.219727,0.14389,-0.081005,-0.196383,-1.248047,-1.524902,0.516602,-0.156946,0.077008,0.142557,chewing,left_chewing,108.078,l_gy,non_chewing
6064083.0,-1.238281,1.440918,-0.214844,0.093795,-0.098058,-0.262199,-1.203613,-1.543945,0.524414,-0.145222,0.177997,0.18679,chewing,left_chewing,108.078,l_gy,non_chewing
6064093.0,-1.203613,1.470215,-0.232422,0.056757,-0.050361,-0.290977,-1.214844,-1.557617,0.524414,-0.132965,0.303501,0.190254,chewing,left_chewing,108.078,l_gy,non_chewing
6064103.0,-1.20166,1.472656,-0.225098,0.048496,-0.071678,-0.337075,-1.208496,-1.548828,0.536133,-0.151617,0.355727,0.188389,chewing,left_chewing,108.078,l_gy,non_chewing
6064113.0,-1.231445,1.470703,-0.21875,-0.01732,-0.089798,-0.291776,-1.228516,-1.546387,0.518066,-0.174533,0.317357,0.208374,chewing,left_chewing,108.078,l_gy,non_chewing
6064123.0,-1.227539,1.452148,-0.226074,-0.051694,-0.132165,-0.268594,-1.238281,-1.549805,0.516113,-0.18679,0.248343,0.171868,chewing,left_chewing,108.078,l_gy,non_chewing
6064133.0,-1.245117,1.441895,-0.217285,-0.04823,-0.195051,-0.340006,-1.27832,-1.541504,0.500488,-0.173467,0.136429,0.19132,chewing,left_chewing,108.078,l_gy,non_chewing
6064143.0,-1.257324,1.452148,-0.219727,-0.042368,-0.203311,-0.372781,-1.23877,-1.548828,0.504883,-0.158545,0.04743,0.133764,chewing,left_chewing,108.078,l_gy,non_chewing
6064153.0,-1.255371,1.427246,-0.185547,-0.081804,-0.209173,-0.390101,-1.242188,-1.538574,0.494629,-0.128168,-0.004796,0.065283,chewing,left_chewing,108.078,l_gy,non_chewing
6064163.0,-1.270996,1.445313,-0.222168,-0.050095,-0.251274,-0.387703,-1.208984,-1.533691,0.506348,-0.085534,-0.111381,0.056757,chewing,left_chewing,108.078,l_gy,non_chewing
6064173.0,-1.256348,1.454102,-0.172363,-0.063152,-0.213436,-0.398361,-1.183594,-1.519043,0.481934,-0.081538,-0.171868,0.055424,chewing,left_chewing,108.078,l_gy,non_chewing
6064183.0,-1.25,1.456543,-0.219238,-0.094861,-0.194251,-0.324285,-1.188477,-1.518555,0.500977,-0.072211,-0.22596,0.062885,chewing,left_chewing,108.078,l_gy,non_chewing
6064193.0,-1.265625,1.456055,-0.196289,-0.1311,-0.240083,-0.281651,-1.210938,-1.520996,0.512207,-0.036239,-0.252873,0.048496,chewing,left_chewing,108.078,l_gy,non_chewing
6064203.0,-1.274902,1.471191,-0.174805,-0.092995,-0.262732,-0.196916,-1.208984,-1.518555,0.509766,-0.018919,-0.16947,0.037838,chewing,left_chewing,108.078,l_gy,non_chewing
6064213.0,-1.28418,1.474609,-0.171875,-0.067415,-0.238484,-0.181727,-1.188477,-1.516602,0.484375,-0.029577,-0.018919,-0.051161,chewing,left_chewing,108.078,l_gy,non_chewing
6064223.0,-1.318848,1.453125,-0.15918,-0.010925,-0.12577,-0.155348,-1.201172,-1.546387,0.469727,-0.044766,0.073277,-0.035173,chewing,left_chewing,108.078,l_gy,non_chewing
6064233.0,-1.357422,1.442383,-0.163574,0.054092,-0.033574,-0.154015,-1.173828,-1.532715,0.474121,-0.046631,0.154548,-0.015721,chewing,left_chewing,108.078,l_gy,non_chewing
6064243.0,-1.37207,1.433594,-0.149902,0.089265,0.103654,-0.173201,-1.183594,-1.538574,0.476074,-0.041568,0.205176,0.014922,chewing,left_chewing,108.078,l_gy,non_chewing
6064253.0,-1.339355,1.441406,-0.166992,0.164407,0.214769,-0.201979,-1.182129,-1.505371,0.491699,-0.033574,0.218766,0.062352,chewing,left_chewing,108.078,l_gy,non_chewing
6064263.0,-1.331055,1.435059,-0.189453,0.172934,0.354129,-0.213969,-1.200684,-1.512207,0.490234,-0.014123,0.25607,0.080738,chewing,left_chewing,108.078,l_gy,non_chewing
6064273.0,-1.321289,1.430664,-0.205566,0.201446,0.374113,-0.160943,-1.213379,-1.511719,0.512695,0.01359,0.29151,0.036772,chewing,left_chewing,108.078,l_gy,non_chewing
6064283.0,-1.323242,1.436035,-0.217773,0.179063,0.354928,-0.0874,-1.208984,-1.500488,0.529297,0.01359,0.29977,0.094594,chewing,left_chewing,108.078,l_gy,non_chewing
6064293.0,-1.291504,1.476074,-0.219727,0.16494,0.291776,0.007727,-1.205566,-1.515625,0.523926,-0.051427,0.332279,0.068747,chewing,left_chewing,103.788,l_gz,non_chewing
6064303.0,-1.298828,1.45166,-0.223145,0.07008,0.242214,0.057822,-1.202637,-1.530762,0.491211,-0.042634,0.261933,0.156147,chewing,left_chewing,103.788,l_gz,non_chewing
6064313.0,-1.318359,1.468262,-0.203613,0.093795,0.223296,0.066083,-1.25293,-1.541504,0.50293,-0.048496,0.25607,0.073277,chewing,left_chewing,103.788,l_gz,non_chewing
6064323.0,-1.314941,1.478516,-0.212402,0.075675,0.274456,0.032242,-1.21875,-1.557617,0.477539,-0.048763,0.237685,0.021583,chewing,left_chewing,103.788,l_gz,non_chewing
6064333.0,-1.324219,1.444336,-0.199707,0.088732,0.337075,-0.013057,-1.268555,-1.566406,0.514648,0.024781,0.227026,-0.068481,chewing,left_chewing,103.788,l_gz,non_chewing
6064343.0,-1.319824,1.424316,-0.21582,0.1303,0.36985,-0.046631,-1.259766,-1.530273,0.487793,0.0,0.208374,-0.131899,chewing,left_chewing,103.788,l_gz,non_chewing
6064353.0,-1.313965,1.40625,-0.221191,0.107651,0.415681,-0.088998,-1.325195,-1.520508,0.498535,0.008527,0.174,-0.187323,chewing,left_chewing,103.788,l_gz,non_chewing
6064363.0,-1.335449,1.355469,-0.20752,0.081271,0.415415,-0.074343,-1.296875,-1.509277,0.494629,0.014655,0.126037,-0.129767,chewing,left_chewing,103.788,l_gz,non_chewing
6064373.0,-1.319824,1.374512,-0.227051,0.037038,0.424741,-0.050095,-1.25293,-1.522461,0.496582,0.000533,0.132432,-0.110049,chewing,left_chewing,103.788,l_gz,non_chewing
6064383.0,-1.26123,1.414063,-0.240723,-0.022116,0.406089,-0.018386,-1.23291,-1.522949,0.521484,0.020784,0.130034,-0.083669,chewing,left_chewing,103.788,l_gz,non_chewing
6064393.0,-1.203613,1.451172,-0.22998,-0.027179,0.340273,-0.049828,-1.209473,-1.533691,0.512695,0.029044,0.166539,-0.123106,chewing,left_chewing,103.788,l_gz,non_chewing
6064403.0,-1.27832,1.427734,-0.251953,-0.080205,0.244613,-0.065816,-1.207031,-1.526855,0.50293,0.003997,0.151884,-0.142824,chewing,left_chewing,103.788,l_gz,non_chewing
6064413.0,-1.280762,1.405762,-0.246582,-0.028778,0.235553,-0.062885,-1.243164,-1.525391,0.494629,-0.004796,0.125237,-0.108184,chewing,left_chewing,103.788,l_gz,non_chewing
6064423.0,-1.258789,1.431152,-0.232422,-0.084469,0.347467,-0.115911,-1.176758,-1.548828,0.490723,-0.037838,0.1303,-0.093795,chewing,left_chewing,103.788,l_gz,non_chewing
6064433.0,-1.213379,1.439941,-0.213867,-0.000266,0.387969,-0.214769,-1.257813,-1.52832,0.463379,-0.018652,0.179063,-0.124172,chewing,left_chewing,103.788,l_gz,non_chewing
6064443.0,-1.180664,1.439453,-0.226074,0.0429,0.463911,-0.316557,-1.220703,-1.508301,0.461914,-0.045032,0.145755,-0.090597,chewing,left_chewing,103.788,l_gz,non_chewing
6064453.0,-1.237305,1.367188,-0.23291,0.046631,0.413283,-0.409286,-1.251953,-1.498047,0.480957,-0.070613,0.135896,-0.071678,chewing,left_chewing,103.788,l_gz,non_chewing
6064463.0,-1.26416,1.333496,-0.20752,0.107118,0.37358,-0.404224,-1.234863,-1.500977,0.48584,-0.137761,0.080472,-0.007194,chewing,left_chewing,103.788,l_gz,non_chewing
6064473.0,-1.244141,1.347656,-0.228516,0.126303,0.326949,-0.390634,-1.241211,-1.510742,0.491699,-0.141758,0.058089,0.037038,chewing,left_chewing,103.788,l_gz,non_chewing
6064483.0,-1.229004,1.337402,-0.244141,0.11298,0.250475,-0.377311,-1.208496,-1.522949,0.47168,-0.139893,0.044233,0.052493,chewing,left_chewing,103.788,l_gz,non_chewing
6064493.0,-1.228027,1.359375,-0.207031,0.087666,0.236352,-0.396763,-1.183594,-1.546875,0.480469,-0.136695,0.085002,0.03464,chewing,left_chewing,103.788,l_gz,non_chewing
6064503.0,-1.260254,1.373535,-0.242187,0.099391,0.219565,-0.402625,-1.195801,-1.539551,0.491699,-0.175865,0.106319,0.024781,chewing,left_chewing,103.788,l_gz,non_chewing
6064513.0,-1.286621,1.358398,-0.228027,0.088732,0.271525,-0.371182,-1.207031,-1.508301,0.435059,-0.202778,0.132698,0.009326,chewing,left_chewing,103.788,l_gz,non_chewing
6064523.0,-1.281738,1.35498,-0.234863,0.055691,0.283516,-0.35253,-1.23584,-1.524414,0.489746,-0.212637,0.045565,0.06475,chewing,left_chewing,103.788,l_gz,non_chewing
6064533.0,-1.306641,1.368652,-0.240234,-0.006395,0.312827,-0.287513,-1.211914,-1.521973,0.46582,-0.223828,0.017587,0.027712,chewing,left_chewing,103.788,l_gz,non_chewing
6064543.0,-1.337891,1.35498,-0.228516,-0.035972,0.264864,-0.231023,-1.216797,-1.510742,0.484863,-0.206775,-0.00906,-0.010658,chewing,left_chewing,103.788,l_gz,non_chewing
6064553.0,-1.324707,1.359375,-0.26709,-0.095926,0.230224,-0.158545,-1.225586,-1.519531,0.493652,-0.258735,-0.034107,0.070346,chewing,left_chewing,103.788,l_gz,non_chewing
6064563.0,-1.313477,1.394043,-0.265625,-0.125504,0.181194,-0.111914,-1.243652,-1.541016,0.450684,-0.199847,-0.003997,0.056224,chewing,left_chewing,103.788,l_gz,non_chewing
6064573.0,-1.306641,1.405273,-0.225098,-0.104453,0.080472,-0.074077,-1.210449,-1.53125,0.47168,-0.196116,-0.046098,0.072744,chewing,left_chewing,103.788,l_gz,non_chewing
6064583.0,-1.317871,1.400879,-0.241211,-0.066616,0.014922,-0.054092,-1.205566,-1.593262,0.466797,-0.147087,-0.168138,0.142824,chewing,left_chewing,103.788,l_gz,non_chewing
6064593.0,-1.339844,1.408691,-0.240723,-0.054891,-0.058622,-0.045032,-1.260742,-1.54541,0.495117,-0.154815,-0.392766,0.316025,chewing,left_chewing,103.788,l_gz,non_chewing
6064603.0,-1.339844,1.414063,-0.251465,-0.063685,-0.025847,0.021051,-1.219727,-1.547363,0.49707,-0.127636,-0.446858,0.278453,chewing,left_chewing,103.788,l_gz,non_chewing
6064613.0,-1.321289,1.422363,-0.254883,-0.036239,-0.060221,0.039436,-1.256836,-1.541504,0.500977,-0.157746,-0.461247,0.288845,chewing,left_chewing,103.788,l_gz,non_chewing
6064623.0,-1.286133,1.415039,-0.258789,-0.017853,-0.102055,0.032775,-1.259766,-1.520996,0.479492,-0.184925,-0.361856,0.195317,chewing,left_chewing,103.788,l_gz,non_chewing
6064633.0,-1.272461,1.407227,-0.262207,0.045565,-0.149485,0.015721,-1.287598,-1.487305,0.460937,-0.194518,-0.371715,0.246211,chewing,left_chewing,103.788,l_gz,non_chewing
6064643.0,-1.268555,1.387207,-0.227539,0.041302,-0.191853,-0.042634,-1.310547,-1.479004,0.465332,-0.205975,-0.272858,0.190254,chewing,left_chewing,103.788,l_gz,non_chewing
6064653.0,-1.304199,1.381836,-0.210937,0.036772,-0.177464,-0.072478,-1.292969,-1.487793,0.464355,-0.2177,-0.184392,0.14762,chewing,left_chewing,103.788,l_gz,non_chewing
6064663.0,-1.329102,1.370605,-0.216797,0.066616,-0.127902,-0.083403,-1.284668,-1.504883,0.464355,-0.203311,-0.173734,0.207041,chewing,left_chewing,103.788,l_gz,non_chewing
6064673.0,-1.308105,1.39209,-0.224609,0.057556,-0.088998,-0.097792,-1.273438,-1.479492,0.471191,-0.207841,-0.082337,0.179063,chewing,left_chewing,103.788,l_gz,non_chewing
6064683.0,-1.308105,1.383301,-0.216309,0.099124,-0.085534,-0.106585,-1.25,-1.507813,0.462402,-0.19585,-0.047697,0.189988,chewing,left_chewing,103.788,l_gz,non_chewing
6064693.0,-1.317383,1.369141,-0.230469,0.089531,-0.054891,-0.113513,-1.231934,-1.494629,0.44873,-0.256603,-0.010126,0.171868,chewing,left_chewing,103.788,l_gz,non_chewing
6064703.0,-1.253418,1.462402,-0.225586,0.224894,-0.09193,0.002398,-1.226074,-1.524414,0.45166,-0.35626,-0.065816,0.135363,chewing,left_chewing,103.788,l_gz,non_chewing
6064713.0,-1.318359,1.37207,-0.237305,0.034907,-0.06928,-0.090064,-1.250488,-1.48291,0.480469,-0.460714,-0.138028,0.150818,chewing,left_chewing,103.788,l_gz,non_chewing
6064723.0,-1.335449,1.348633,-0.26709,0.063152,-0.097525,-0.014389,-1.251953,-1.544922,0.499023,-0.494821,-0.174266,0.194518,chewing,left_chewing,103.788,l_gz,non_chewing
6064733.0,-1.324219,1.391113,-0.28125,0.023449,-0.1311,0.009859,-1.21875,-1.510742,0.477539,-0.419678,-0.254205,0.116977,chewing,left_chewing,103.788,l_gz,non_chewing
6064743.0,-1.333984,1.397461,-0.296875,0.024781,-0.13936,0.011724,-1.276367,-1.510254,0.472168,-0.316025,-0.305366,0.22143,chewing,left_chewing,103.788,l_gz,non_chewing
6064753.0,-1.34082,1.417969,-0.291016,0.030643,-0.090064,-0.036505,-1.229004,-1.527344,0.48584,-0.254738,-0.338407,0.282983,chewing,left_chewing,103.788,l_gz,non_chewing
6064763.0,-1.350098,1.42334,-0.265137,0.046098,-0.000533,-0.074077,-1.22998,-1.503418,0.451172,-0.228625,-0.255271,0.328815,chewing,left_chewing,103.788,l_gz,non_chewing
6064773.0,-1.37207,1.407715,-0.237793,0.103654,0.038371,-0.136429,-1.272949,-1.541016,0.489258,-0.159877,-0.280851,0.357593,chewing,left_chewing,103.788,l_gz,non_chewing
6064783.0,-1.347168,1.405762,-0.248047,0.103654,0.132432,-0.156413,-1.263672,-1.475586,0.470215,-0.173201,-0.204377,0.323752,chewing,left_chewing,103.788,l_gz,non_chewing
6064793.0,-1.335938,1.394043,-0.276367,0.116444,0.195583,-0.139893,-1.230469,-1.501465,0.519531,-0.143357,-0.175865,0.280319,chewing,left_chewing,103.788,l_gz,non_chewing
6064803.0,-1.338379,1.370605,-0.280762,0.1311,0.212104,-0.125504,-1.268066,-1.491211,0.516113,-0.120974,-0.122306,0.179063,chewing,left_chewing,103.788,l_gz,non_chewing
6064813.0,-1.34375,1.353027,-0.251953,0.159877,0.216368,-0.076741,-1.263672,-1.500488,0.49707,-0.143357,-0.090864,0.185191,chewing,left_chewing,103.788,l_gz,non_chewing
6064823.0,-1.332031,1.368164,-0.266602,0.187856,0.197715,-0.001599,-1.272461,-1.473633,0.449707,-0.181994,-0.100989,0.234221,chewing,left_chewing,103.788,l_gz,non_chewing
6064833.0,-1.31543,1.362305,-0.283691,0.210239,0.188655,0.035173,-1.281738,-1.499512,0.481934,-0.196116,-0.094861,0.293908,chewing,left_chewing,103.788,l_gz,non_chewing
6064843.0,-1.287598,1.370605,-0.262207,0.235553,0.187323,0.024515,-1.253418,-1.516113,0.524414,-0.178796,-0.106052,0.330147,chewing,left_chewing,105.810,l_gy,non_chewing
6064853.0,-1.304199,1.375,-0.262695,0.187856,0.227292,0.010658,-1.263672,-1.481445,0.445801,-0.209173,-0.124971,0.349332,chewing,left_chewing,105.810,l_gy,non_chewing
6064863.0,-1.354492,1.30957,-0.291992,0.172668,0.122573,0.06102,-1.27002,-1.492676,0.512695,-0.201712,-0.180395,0.359191,chewing,left_chewing,105.810,l_gy,non_chewing
6064873.0,-1.321777,1.325684,-0.283203,0.195051,0.066349,0.10392,-1.286621,-1.470703,0.49707,-0.145755,-0.175599,0.283783,chewing,left_chewing,105.810,l_gy,non_chewing
6064883.0,-1.368652,1.318359,-0.288086,0.114312,-0.116711,0.140159,-1.303223,-1.457031,0.494141,-0.184658,-0.216368,0.341605,chewing,left_chewing,105.810,l_gy,non_chewing
6064893.0,-1.321777,1.355469,-0.277344,0.106319,-0.016787,0.147354,-1.288574,-1.464844,0.508301,-0.192386,-0.267795,0.454585,chewing,left_chewing,105.810,l_gy,non_chewing
6064903.0,-1.334473,1.370605,-0.278809,0.084202,0.006129,0.107384,-1.265625,-1.487305,0.493652,-0.160677,-0.163874,0.380508,chewing,left_chewing,105.810,l_gy,non_chewing
6064913.0,-1.285645,1.414063,-0.265137,0.120441,0.096193,0.007994,-1.245117,-1.481445,0.481934,-0.137761,-0.109516,0.33894,chewing,left_chewing,105.810,l_gy,non_chewing
6064923.0,-1.285645,1.399902,-0.242187,0.144423,0.144156,-0.136429,-1.251953,-1.475586,0.48291,-0.127103,-0.081538,0.272325,chewing,left_chewing,105.810,l_gy,non_chewing
6064933.0,-1.311523,1.364746,-0.266602,0.149485,0.231822,-0.211305,-1.263184,-1.479492,0.48877,-0.107917,-0.018119,0.167605,chewing,left_chewing,105.810,l_gy,non_chewing
6064943.0,-1.289063,1.369629,-0.294434,0.133231,0.277654,-0.232622,-1.273926,-1.463867,0.518066,-0.085801,0.013856,0.140159,chewing,left_chewing,105.810,l_gy,non_chewing
6064953.0,-1.290527,1.342773,-0.29541,0.074077,0.304567,-0.215035,-1.273438,-1.470703,0.521973,-0.079406,0.038904,0.117243,chewing,left_chewing,105.810,l_gy,non_chewing
6064963.0,-1.291016,1.327148,-0.320801,0.051694,0.320554,-0.215835,-1.268555,-1.470703,0.541992,-0.085268,0.06555,0.068747,chewing,left_chewing,105.810,l_gy,non_chewing
6064973.0,-1.285645,1.324707,-0.322266,0.013323,0.288046,-0.183859,-1.241699,-1.46582,0.54248,-0.092196,0.092995,0.109516,chewing,left_chewing,105.810,l_gy,non_chewing
6064983.0,-1.290039,1.30957,-0.314941,0.028245,0.280319,-0.185458,-1.227051,-1.47998,0.518066,-0.113513,0.125237,0.101256,chewing,left_chewing,105.810,l_gy,non_chewing
6064993.0,-1.281738,1.317871,-0.302246,-0.012257,0.288579,-0.245678,-1.227539,-1.478516,0.520508,-0.141225,0.109516,0.168671,chewing,left_chewing,105.810,l_gy,non_chewing
6065003.0,-1.267578,1.297363,-0.300781,-0.033841,0.357593,-0.314159,-1.210938,-1.466309,0.492187,-0.195583,0.061553,0.200913,chewing,left_chewing,105.810,l_gy,non_chewing
6065013.0,-1.297363,1.262695,-0.302246,-0.080205,0.411951,-0.384772,-1.255859,-1.455566,0.497559,-0.167338,-0.065017,0.266729,chewing,left_chewing,105.810,l_gy,non_chewing
6065023.0,-1.304688,1.251953,-0.310059,-0.145489,0.443127,-0.369051,-1.248535,-1.429688,0.51416,-0.217167,-0.122306,0.275256,chewing,left_chewing,105.810,l_gy,non_chewing
6065033.0,-1.289063,1.253418,-0.314941,-0.2177,0.418879,-0.332279,-1.29541,-1.424805,0.52002,-0.186257,-0.212371,0.381841,chewing,left_chewing,105.810,l_gy,non_chewing
6065043.0,-1.264648,1.270996,-0.297852,-0.288312,0.346668,-0.299237,-1.277832,-1.428711,0.515625,-0.22143,-0.13483,0.393032,chewing,left_chewing,105.810,l_gy,non_chewing
6065053.0,-1.239258,1.299316,-0.302734,-0.27792,0.233954,-0.308564,-1.274902,-1.450195,0.494629,-0.250741,-0.071145,0.478034,chewing,left_chewing,105.810,l_gy,non_chewing
6065063.0,-1.249512,1.318359,-0.269531,-0.284049,0.127103,-0.309896,-1.253418,-1.46875,0.483398,-0.273391,-0.010392,0.568897,chewing,left_chewing,105.810,l_gy,non_chewing
6065073.0,-1.248047,1.333496,-0.251465,-0.272325,0.036505,-0.381841,-1.254395,-1.484375,0.448242,-0.336276,0.045565,0.585685,chewing,left_chewing,105.810,l_gy,non_chewing
6065083.0,-1.282715,1.337402,-0.244141,-0.25687,0.003198,-0.476435,-1.26416,-1.467773,0.42627,-0.398628,0.033841,0.617926,chewing,left_chewing,105.810,l_gy,non_chewing
6065093.0,-1.311523,1.344727,-0.246094,-0.229158,0.046897,-0.556107,-1.321777,-1.451172,0.416992,-0.36985,-0.024515,0.637112,chewing,left_chewing,105.810,l_gy,non_chewing
6065103.0,-1.347656,1.335938,-0.22168,-0.206775,0.161476,-0.559305,-1.325195,-1.465332,0.436523,-0.370649,-0.010126,0.542251,chewing,left_chewing,105.810,l_gy,non_chewing
6065113.0,-1.340332,1.353516,-0.21875,-0.245678,0.379443,-0.570496,-1.338867,-1.42334,0.419434,-0.375979,0.053825,0.478567,chewing,left_chewing,105.810,l_gy,non_chewing
6065123.0,-1.285645,1.34668,-0.24707,-0.227559,0.491357,-0.618459,-1.330566,-1.431641,0.430664,-0.366386,0.119642,0.40076,chewing,left_chewing,105.810,l_gy,non_chewing
6065133.0,-1.30957,1.321777,-0.242676,-0.27872,0.551844,-0.638178,-1.363281,-1.418457,0.430176,-0.364254,0.158279,0.355994,chewing,left_chewing,105.810,l_gy,non_chewing
6065143.0,-1.290039,1.366211,-0.289551,-0.249409,0.538521,-0.579822,-1.329102,-1.436523,0.43457,-0.359458,0.16041,0.363988,chewing,left_chewing,105.810,l_gy,non_chewing
6065153.0,-1.273438,1.37207,-0.27832,-0.19585,0.429271,-0.577957,-1.344727,-1.413574,0.44873,-0.344536,0.162276,0.381841,chewing,left_chewing,105.810,l_gy,non_chewing
6065163.0,-1.285156,1.381348,-0.28418,-0.076208,0.301369,-0.573427,-1.338379,-1.419922,0.433594,-0.363721,0.18679,0.324818,chewing,left_chewing,105.810,l_gy,non_chewing
6065173.0,-1.319336,1.34375,-0.291504,-0.039703,0.210772,-0.581421,-1.365723,-1.414063,0.443359,-0.35173,0.23875,0.231822,chewing,left_chewing,105.810,l_gy,non_chewing
6065183.0,-1.369629,1.316406,-0.27002,-0.062086,0.126836,-0.563835,-1.344727,-1.453125,0.429199,-0.325884,0.289645,0.16574,chewing,left_chewing,105.810,l_gy,non_chewing
6065193.0,-1.424316,1.299316,-0.283203,-0.067415,0.148953,-0.411418,-1.375,-1.458496,0.427246,-0.313893,0.257136,0.144423,chewing,left_chewing,105.810,l_gy,non_chewing
6065203.0,-1.437988,1.286621,-0.287598,-0.135363,0.128435,-0.333611,-1.40625,-1.466797,0.419922,-0.306965,0.144689,0.216368,chewing,left_chewing,105.810,l_gy,non_chewing
6065213.0,-1.432129,1.316895,-0.279297,-0.136962,0.084469,-0.275789,-1.379395,-1.464844,0.408203,-0.322686,0.078074,0.27792,chewing,left_chewing,105.810,l_gy,non_chewing
6065223.0,-1.415527,1.324219,-0.265625,-0.176398,0.116444,-0.258469,-1.390137,-1.45459,0.393555,-0.292576,0.126836,0.250208,chewing,left_chewing,105.810,l_gy,non_chewing
6065233.0,-1.418457,1.335938,-0.265137,-0.233954,0.149219,-0.285381,-1.358398,-1.439941,0.41748,-0.302701,0.177198,0.184392,chewing,left_chewing,105.810,l_gy,non_chewing
6065243.0,-1.419434,1.326172,-0.271484,-0.254205,0.145489,-0.260334,-1.380371,-1.40625,0.424805,-0.259801,0.220897,0.070613,chewing,left_chewing,105.810,l_gy,non_chewing
6065253.0,-1.395996,1.318359,-0.29248,-0.263265,0.10019,-0.220631,-1.375,-1.393555,0.418945,-0.243014,0.232888,-0.014922,chewing,left_chewing,105.810,l_gy,non_chewing
6065263.0,-1.382813,1.325195,-0.272949,-0.263265,0.004796,-0.208907,-1.391602,-1.403809,0.401855,-0.259801,0.176132,-0.029311,chewing,left_chewing,105.810,l_gy,non_chewing
6065273.0,-1.381836,1.32666,-0.265625,-0.252873,-0.085534,-0.150285,-1.39502,-1.421387,0.39502,-0.257136,0.123905,-0.040236,chewing,left_chewing,105.810,l_gy,non_chewing
6065283.0,-1.370117,1.33252,-0.264648,-0.263265,-0.128701,-0.172668,-1.385254,-1.427734,0.395508,-0.237152,0.10472,-0.011991,chewing,left_chewing,105.810,l_gy,non_chewing
6065293.0,-1.402832,1.330566,-0.255859,-0.207308,-0.11751,-0.140959,-1.352051,-1.441895,0.395996,-0.209173,0.196116,-0.035173,chewing,left_chewing,105.810,l_gy,non_chewing
6065303.0,-1.398438,1.31543,-0.240723,-0.203311,-0.031709,-0.030377,-1.342285,-1.431641,0.370605,-0.193718,0.271525,-0.081005,chewing,left_chewing,105.810,l_gy,non_chewing
6065313.0,-1.391113,1.279297,-0.249512,-0.193452,-0.044233,0.048496,-1.353027,-1.404297,0.38623,-0.144423,0.29604,-0.095127,chewing,left_chewing,105.810,l_gy,non_chewing
6065323.0,-1.36377,1.288574,-0.257813,-0.20491,-0.091663,0.063418,-1.365723,-1.399902,0.383789,-0.12577,0.254205,-0.050095,chewing,left_chewing,105.810,l_gy,non_chewing
6065333.0,-1.337402,1.317383,-0.221191,-0.243547,-0.153216,0.09113,-1.333984,-1.416016,0.391602,-0.124172,0.207841,0.015988,chewing,left_chewing,105.810,l_gy,non_chewing
6065343.0,-1.36084,1.335449,-0.23584,-0.168671,-0.197715,0.075409,-1.322754,-1.437012,0.372559,-0.081271,0.215035,0.043433,chewing,left_chewing,105.810,l_gy,non_chewing
6065353.0,-1.395996,1.322754,-0.20752,-0.07381,-0.241948,0.102055,-1.375488,-1.458008,0.34375,-0.130034,0.212904,0.019452,chewing,left_chewing,105.810,l_gy,non_chewing
6065363.0,-1.371094,1.330566,-0.20459,-0.022383,-0.172668,0.065283,-1.341309,-1.461914,0.343262,-0.150285,0.216101,0.105253,chewing,left_chewing,105.810,l_gy,non_chewing
6065373.0,-1.330566,1.33252,-0.193848,0.014922,-0.046897,0.038371,-1.316406,-1.439941,0.342773,-0.174266,0.28698,0.072744,chewing,left_chewing,105.810,l_gy,non_chewing
6065383.0,-1.32373,1.295898,-0.208984,-0.049828,0.061819,0.011458,-1.334961,-1.423828,0.357422,-0.179596,0.370383,0.002132,chewing,left_chewing,99.117,l_gy,non_chewing
6065393.0,-1.289551,1.274414,-0.21582,-0.073544,0.114845,0.053026,-1.395508,-1.395508,0.334473,-0.187856,0.376778,-0.06475,chewing,left_chewing,99.117,l_gy,non_chewing
6065403.0,-1.310547,1.205078,-0.254395,0.009593,0.033574,0.158545,-1.474121,-1.402344,0.297363,-0.306432,0.244346,-0.012257,chewing,left_chewing,99.117,l_gy,non_chewing
6065413.0,-1.249023,1.261719,-0.202637,0.025047,-0.065816,0.130567,-1.450195,-1.421875,0.326172,-0.326417,0.073011,0.145222,chewing,left_chewing,99.117,l_gy,non_chewing
6065423.0,-1.278809,1.279297,-0.20752,0.041035,-0.057289,0.073277,-1.355469,-1.425781,0.375,-0.216368,0.074876,0.123639,chewing,left_chewing,99.117,l_gy,non_chewing
6065433.0,-1.42627,1.174316,-0.178711,0.141492,0.083136,0.129234,-1.334961,-1.444336,0.367676,-0.161743,0.17773,0.107917,chewing,left_chewing,99.117,l_gy,non_chewing
6065443.0,-1.441406,1.172363,-0.181641,0.28325,0.108983,0.246744,-1.325684,-1.460938,0.350098,-0.069547,0.38344,0.028511,chewing,left_chewing,99.117,l_gy,non_chewing
6065453.0,-1.38623,1.307129,-0.187988,0.623522,0.12657,0.595544,-1.343262,-1.464355,0.351074,-0.038637,0.510542,-0.039703,chewing,left_chewing,99.117,l_gy,non_chewing
6065463.0,-1.662598,0.549316,-0.298828,0.624855,-1.095161,0.415149,-1.387695,-1.412598,0.369629,-0.027446,0.480965,-0.069014,chewing,left_chewing,99.117,l_gy,non_chewing
6065473.0,-1.301758,1.564941,-0.183105,0.220631,0.675216,0.771942,-1.412109,-1.385254,0.379395,0.022116,0.385838,-0.079939,chewing,left_chewing,99.117,l_gy,non_chewing
6065483.0,-1.224121,1.551758,-0.293457,0.464977,0.330946,-0.146554,-1.418945,-1.367188,0.386719,0.008793,0.243014,-0.026913,chewing,left_chewing,99.117,l_gy,non_chewing
6065493.0,-1.341309,1.400879,-0.250488,0.388769,0.601406,-0.477767,-1.40625,-1.381348,0.382324,0.013323,0.153216,0.046897,chewing,left_chewing,99.117,l_gy,non_chewing
6065503.0,-1.401367,1.537598,-0.318848,0.033574,0.546248,-0.29524,-1.383301,-1.421875,0.364746,-0.007461,0.176398,0.018919,chewing,left_chewing,99.117,l_gy,non_chewing
6065513.0,-1.983398,1.078125,-0.742187,-1.617694,2.247611,0.353329,-1.433105,-1.450684,0.325684,-0.011191,0.250475,-0.035173,chewing,left_chewing,99.117,l_gy,non_chewing
6065523.0,-1.306641,1.20459,-0.236328,-1.253706,0.15668,-0.656031,-1.47998,-1.463379,0.306641,0.011191,0.227026,-0.08207,chewing,left_chewing,99.117,l_gy,non_chewing
6065533.0,-1.353027,1.515137,-0.289551,-0.005862,-0.327216,-0.94834,-1.468262,-1.491211,0.310059,-0.000266,0.105786,-0.041835,chewing,left_chewing,99.117,l_gy,non_chewing
6065543.0,-1.220703,0.833984,-0.568359,0.922227,-1.072778,1.768511,-1.453125,-1.473633,0.304688,-0.016254,-0.029044,0.011991,chewing,left_chewing,99.117,l_gy,non_chewing
6065553.0,-1.709473,1.48291,-0.208496,0.775672,-0.031443,0.832695,-1.459473,-1.448242,0.334473,-0.033841,-0.098058,0.015188,chewing,left_chewing,99.117,l_gy,non_chewing
6065563.0,-1.634766,1.439453,-0.266602,1.247577,0.669354,0.709057,-1.446777,-1.395508,0.33252,-0.039703,-0.089265,-0.08287,chewing,left_chewing,99.117,l_gy,non_chewing
6065573.0,-1.458496,1.275391,-0.251953,0.441262,1.212138,1.603571,-1.487793,-1.370605,0.336426,-0.051694,-0.113779,-0.157479,chewing,left_chewing,99.117,l_gy,non_chewing
6065583.0,-2.044922,1.438965,-0.318848,0.44366,0.241149,1.93132,-1.506348,-1.363281,0.351563,-0.019985,-0.108184,-0.266729,chewing,left_chewing,99.117,l_gy,non_chewing
6065593.0,-1.195801,1.434082,-0.318848,0.770609,1.150851,1.587583,-1.538574,-1.370117,0.366211,-0.00906,-0.043167,-0.374913,chewing,left_chewing,99.117,l_gy,non_chewing
6065603.0,-1.393555,1.312988,-0.350098,0.617127,1.165507,1.283816,-1.470215,-1.379395,0.37207,0.01279,-0.005862,-0.442594,chewing,left_chewing,99.117,l_gy,non_chewing
6065613.0,-1.480957,1.316406,-0.356934,0.461247,1.391467,0.895047,-1.466797,-1.405273,0.369141,0.002132,0.025847,-0.464178,chewing,left_chewing,99.117,l_gy,non_chewing
6065623.0,-1.326172,1.419434,-0.343262,0.592613,1.591047,0.480165,-1.441895,-1.425293,0.366699,0.002398,0.085534,-0.55664,chewing,left_chewing,99.117,l_gy,non_chewing
6065633.0,-1.276855,1.427246,-0.38916,0.731439,1.799421,0.584885,-1.410645,-1.443359,0.334961,-0.006129,0.214769,-0.66589,chewing,left_chewing,99.117,l_gy,non_chewing
6065643.0,-1.340332,1.404297,-0.36084,0.72691,1.978217,0.298172,-1.402344,-1.466797,0.328613,-0.016521,0.305366,-0.80072,chewing,left_chewing,99.117,l_gy,non_chewing
6065653.0,-1.324707,1.41748,-0.333496,0.535323,2.092796,0.54838,-1.373535,-1.449219,0.319336,0.031176,0.291776,-0.870266,chewing,left_chewing,99.117,l_gy,non_chewing
6065663.0,-1.483398,1.367676,-0.360352,-0.156946,3.061387,0.045299,-1.354492,-1.454102,0.342773,0.057023,0.257669,-0.925158,chewing,left_chewing,99.117,l_gy,non_chewing
6065673.0,-1.350586,1.517578,-0.478027,0.433268,2.539121,0.322686,-1.374023,-1.475098,0.341797,0.123905,0.129767,-0.950205,chewing,left_chewing,99.117,l_gy,non_chewing
6065683.0,-1.264648,1.350586,-0.412598,0.289378,2.218567,0.968858,-1.287598,-1.486328,0.360352,0.092729,-0.099657,-0.734637,chewing,left_chewing,99.117,l_gy,non_chewing
6065693.0,-1.335449,1.416504,-0.395996,0.987243,2.339807,0.770876,-1.335449,-1.443848,0.333984,0.075409,-0.148686,-0.676282,chewing,left_chewing,99.117,l_gy,non_chewing
6065703.0,-1.208496,1.303223,-0.443848,0.631516,1.882557,0.572095,-1.313965,-1.46582,0.326172,0.072211,-0.188389,-0.568098,chewing,left_chewing,99.117,l_gy,non_chewing
6065713.0,-1.114746,1.290039,-0.474609,0.454052,1.301669,0.729041,-1.275879,-1.475098,0.326172,0.175066,-0.06555,-0.608334,chewing,left_chewing,99.117,l_gy,non_chewing
6065723.0,-1.175781,1.300293,-0.443848,0.398628,0.705859,0.420478,-1.27002,-1.453125,0.316895,0.169204,-0.019985,-0.57476,chewing,left_chewing,99.117,l_gy,non_chewing
6065733.0,-1.112793,1.362305,-0.431641,0.347734,0.169204,0.301902,-1.260742,-1.441895,0.333008,0.255005,0.030643,-0.588616,chewing,left_chewing,99.117,l_gy,non_chewing
6065743.0,-1.080078,1.286133,-0.444336,0.336009,-0.225694,0.365054,-1.26123,-1.44043,0.329102,0.17027,0.038904,-0.559038,chewing,left_chewing,99.117,l_gy,non_chewing
6065753.0,-1.072754,1.302246,-0.437012,0.288579,-0.642974,0.130833,-1.25293,-1.442871,0.332031,0.189188,0.023449,-0.527063,chewing,left_chewing,99.117,l_gy,non_chewing
6065763.0,-1.04248,1.289063,-0.405273,0.100989,-1.023482,0.064217,-1.207031,-1.463379,0.353027,0.253406,0.087133,-0.502282,chewing,left_chewing,99.117,l_gy,non_chewing
6065773.0,-1.078613,1.310059,-0.436035,0.082337,-1.322453,-0.129234,-1.227539,-1.480469,0.350586,0.233421,0.013057,-0.388236,chewing,left_chewing,99.117,l_gy,non_chewing
6065783.0,-1.000977,1.362305,-0.433105,0.185458,-1.581455,-0.224628,-1.218262,-1.438965,0.381348,0.255804,0.094861,-0.427139,chewing,left_chewing,99.117,l_gy,non_chewing
6065793.0,-1.074707,1.312012,-0.427734,0.20038,-1.706959,-0.209173,-1.121094,-1.690918,0.339355,0.340806,-0.049828,-0.627519,chewing,left_chewing,99.117,l_gy,non_chewing
6065803.0,-1.109375,1.306641,-0.400879,0.140959,-1.744263,-0.272325,-1.222656,-1.469238,0.378418,0.251008,-0.026113,-0.155881,chewing,left_chewing,99.117,l_gy,non_chewing
6065813.0,-1.129883,1.375,-0.401855,0.20411,-1.738135,-0.334677,-1.26416,-1.505371,0.370605,0.19585,-0.032242,-0.226493,chewing,left_chewing,99.117,l_gy,non_chewing
6065823.0,-1.268066,1.491699,-0.405762,0.314159,-1.708824,0.029311,-1.233398,-1.524902,0.354004,0.098591,-0.090064,-0.120441,chewing,left_chewing,99.117,l_gy,non_chewing
6065833.0,-1.121094,1.375977,-0.35498,0.706126,-1.966227,0.001599,-1.23291,-1.550781,0.363281,0.118842,-0.144956,-0.086867,chewing,left_chewing,99.117,l_gy,non_chewing
6065843.0,-1.069824,1.334473,-0.320313,0.640842,-2.175133,-0.239283,-1.20752,-1.535645,0.323242,0.128435,-0.069547,-0.142025,chewing,left_chewing,99.117,l_gy,non_chewing
6065853.0,-1.095703,1.333984,-0.375488,0.557972,-2.400827,-0.164674,-1.222656,-1.559082,0.348145,0.112181,-0.051427,-0.088998,chewing,left_chewing,99.117,l_gy,non_chewing
6065863.0,-1.181152,1.334473,-0.400879,0.500417,-2.40136,-0.091663,-1.210449,-1.557129,0.369629,0.110315,0.022649,-0.026646,chewing,left_chewing,99.117,l_gy,non_chewing
6065873.0,-1.206055,1.370605,-0.387207,0.54838,-2.198049,-0.123372,-1.217773,-1.513672,0.379395,0.105253,0.033308,-0.018919,chewing,left_chewing,99.117,l_gy,non_chewing
6065883.0,-1.222656,1.348145,-0.326172,0.482297,-1.959831,-0.109516,-1.248047,-1.49707,0.378418,0.121773,0.062619,-0.086334,chewing,left_chewing,99.117,l_gy,non_chewing
6065893.0,-1.226563,1.369629,-0.334961,0.37438,-1.767179,-0.185191,-1.236816,-1.449219,0.405762,0.116178,0.020784,-0.10019,chewing,left_chewing,99.117,l_gy,non_chewing
6065903.0,-1.268066,1.376953,-0.324707,0.26593,-1.511109,-0.148953,-1.22998,-1.533691,0.398926,0.097525,-0.03464,-0.111648,chewing,left_chewing,99.117,l_gy,non_chewing
6065913.0,-1.274902,1.354004,-0.266602,0.142557,-1.292077,-0.205975,-1.25,-1.499023,0.37207,0.102055,-0.049296,-0.184126,chewing,left_chewing,109.946,l_gy,non_chewing
6065923.0,-1.22168,1.344238,-0.285645,-0.022649,-1.190554,-0.20038,-1.277832,-1.509277,0.333496,0.089531,-0.042368,-0.227026,chewing,left_chewing,109.946,l_gy,non_chewing
6065933.0,-1.308105,1.355469,-0.382324,-0.109783,-1.066383,-0.054891,-1.325684,-1.533203,0.36377,0.071678,-0.112447,-0.221164,chewing,left_chewing,109.946,l_gy,non_chewing
6065943.0,-1.305664,1.382324,-0.341797,-0.015188,-0.971256,0.023182,-1.293945,-1.546875,0.388184,0.090331,-0.194784,-0.187856,chewing,left_chewing,109.946,l_gy,non_chewing
6065953.0,-1.298828,1.426758,-0.343262,0.199047,-0.920361,0.033574,-1.276367,-1.561035,0.403809,0.100456,-0.190787,-0.134297,chewing,left_chewing,109.946,l_gy,non_chewing
6065963.0,-1.322754,1.43457,-0.321289,0.555841,-0.91743,0.046364,-1.246582,-1.555664,0.418457,0.113779,-0.118309,-0.135363,chewing,left_chewing,109.946,l_gy,non_chewing
6065973.0,-1.417969,1.37207,-0.308594,0.783933,-0.852147,0.147887,-1.239258,-1.545898,0.43457,0.097259,-0.018652,-0.094328,chewing,left_chewing,109.946,l_gy,non_chewing
6065983.0,-1.411133,1.382324,-0.29541,0.847351,-0.763948,0.197182,-1.223145,-1.527344,0.411621,0.119642,0.106585,-0.143623,chewing,left_chewing,109.946,l_gy,non_chewing
6065993.0,-1.32666,1.347168,-0.283691,0.822836,-0.655764,0.215835,-1.222656,-1.496582,0.383789,0.121507,0.177198,-0.165207,chewing,left_chewing,109.946,l_gy,non_chewing
6066003.0,-1.336426,1.275879,-0.3125,0.729841,-0.434334,0.124704,-1.245117,-1.489746,0.370605,0.080472,0.204643,-0.174799,chewing,left_chewing,109.946,l_gy,non_chewing
6066013.0,-1.37793,1.366211,-0.371094,0.608867,-0.215035,0.14762,-1.249512,-1.520508,0.41748,0.086334,0.147887,-0.096992,chewing,left_chewing,109.946,l_gy,non_chewing
6066023.0,-1.397949,1.371094,-0.359863,0.467109,-0.057023,0.146288,-1.257324,-1.496094,0.430664,0.112181,0.099923,-0.04823,chewing,left_chewing,109.946,l_gy,non_chewing
6066033.0,-1.371582,1.362793,-0.344727,0.405023,0.032242,0.120708,-1.267578,-1.479004,0.436035,0.106585,0.071145,-0.057023,chewing,left_chewing,109.946,l_gy,non_chewing
6066043.0,-1.40332,1.354492,-0.349121,0.385838,0.06555,0.172934,-1.227051,-1.470215,0.452637,0.115645,0.049562,0.016521,chewing,left_chewing,109.946,l_gy,non_chewing
6066053.0,-1.320313,1.36084,-0.349609,0.376511,0.019985,0.141492,-1.213379,-1.499512,0.418457,0.122573,0.136162,-0.046897,chewing,left_chewing,109.946,l_gy,non_chewing
6066063.0,-1.327148,1.293945,-0.364258,0.335476,-0.043966,0.158012,-1.19043,-1.507324,0.444336,0.108717,0.154548,-0.050095,chewing,left_chewing,109.946,l_gy,non_chewing
6066073.0,-1.336426,1.303223,-0.338867,0.274989,-0.068214,0.17027,-1.200195,-1.527832,0.424316,0.112714,0.152949,-0.03091,chewing,left_chewing,109.946,l_gy,non_chewing
6066083.0,-1.306152,1.336426,-0.367676,0.317623,-0.083669,0.151884,-1.214355,-1.522949,0.435547,0.104986,0.141492,-0.010392,chewing,left_chewing,109.946,l_gy,non_chewing
6066093.0,-1.30127,1.322754,-0.327637,0.385038,-0.091663,0.136162,-1.243652,-1.509277,0.425293,0.126836,0.101789,0.022383,chewing,left_chewing,109.946,l_gy,non_chewing
6066103.0,-1.328125,1.30957,-0.320313,0.32162,0.00826,0.210772,-1.286133,-1.47998,0.390137,0.085801,0.072478,0.07008,chewing,left_chewing,109.946,l_gy,non_chewing
6066113.0,-1.359863,1.332031,-0.369141,0.236619,0.016787,0.275256,-1.29248,-1.500488,0.45166,0.051161,0.007994,0.112181,chewing,left_chewing,109.946,l_gy,non_chewing
6066123.0,-1.355469,1.301758,-0.381836,0.205709,0.025847,0.18759,-1.293457,-1.513184,0.462891,0.045832,-0.029577,0.12204,chewing,left_chewing,109.946,l_gy,non_chewing
6066133.0,-1.314453,1.248535,-0.342773,0.210772,0.026913,0.120175,-1.289063,-1.50293,0.442871,0.053292,-0.019985,0.106052,chewing,left_chewing,109.946,l_gy,non_chewing
6066143.0,-1.279297,1.333984,-0.324707,0.224361,0.072478,0.139093,-1.263672,-1.491211,0.427246,0.023715,-0.007461,0.139093,chewing,left_chewing,109.946,l_gy,non_chewing
6066153.0,-1.299316,1.277344,-0.31543,0.216101,0.186524,0.198781,-1.28418,-1.502441,0.405273,-0.016521,0.029044,0.071145,chewing,left_chewing,109.946,l_gy,non_chewing
6066163.0,-1.268555,1.292969,-0.368652,0.247544,0.224361,0.20038,-1.290527,-1.521973,0.444336,0.001332,0.045565,0.032508,chewing,left_chewing,109.946,l_gy,non_chewing
6066173.0,-1.286621,1.299805,-0.371094,0.209173,0.203311,0.167338,-1.288086,-1.510742,0.431152,-0.018919,0.032775,0.017054,chewing,left_chewing,109.946,l_gy,non_chewing
6066183.0,-1.312012,1.282715,-0.368164,0.150551,0.196383,0.191853,-1.307617,-1.503906,0.451172,-0.015455,0.005063,-0.0437,chewing,left_chewing,109.946,l_gy,non_chewing
6066193.0,-1.283691,1.257324,-0.375,0.106052,0.135896,0.250741,-1.287109,-1.505859,0.481445,-0.018386,-0.088199,-0.014922,chewing,left_chewing,109.946,l_gy,non_chewing
6066203.0,-1.352539,1.371582,-0.393555,0.003198,0.026913,0.117243,-1.279297,-1.487793,0.429687,-0.049828,-0.188123,-0.015721,chewing,left_chewing,109.946,l_gy,non_chewing
6066213.0,-1.27832,1.395508,-0.395508,0.02638,-0.140426,0.059155,-1.29834,-1.499512,0.45752,-0.076208,-0.253672,-0.031176,chewing,left_chewing,109.946,l_gy,non_chewing
6066223.0,-1.276855,1.321289,-0.379395,0.011724,-0.136695,0.027179,-1.289063,-1.530762,0.457031,-0.072478,-0.256603,-0.053825,chewing,left_chewing,109.946,l_gy,non_chewing
6066233.0,-1.286621,1.346191,-0.349609,0.032242,-0.245678,0.016787,-1.287109,-1.533203,0.458984,-0.059954,-0.245945,-0.092462,chewing,left_chewing,109.946,l_gy,non_chewing
6066243.0,-1.390625,1.379883,-0.375977,0.059155,-0.234487,0.067948,-1.289063,-1.494629,0.421875,-0.10392,-0.194784,-0.150018,chewing,left_chewing,109.946,l_gy,non_chewing
6066253.0,-1.351563,1.32959,-0.359863,0.054625,-0.208107,0.080738,-1.313965,-1.489258,0.437012,-0.093528,-0.171335,-0.174266,chewing,left_chewing,109.946,l_gy,non_chewing
6066263.0,-1.347168,1.230957,-0.32666,-0.050894,-0.236885,0.094594,-1.295898,-1.493652,0.435059,-0.098591,-0.16041,-0.18679,chewing,left_chewing,109.946,l_gy,non_chewing
6066273.0,-1.302734,1.346191,-0.362793,-0.170536,-0.130567,0.093528,-1.268066,-1.501953,0.416992,-0.094594,-0.114312,-0.248343,chewing,left_chewing,109.946,l_gy,non_chewing
6066283.0,-1.311035,1.36377,-0.353027,-0.176931,-0.192919,-0.001066,-1.27002,-1.509766,0.436035,-0.058888,-0.100723,-0.271792,chewing,left_chewing,109.946,l_gy,non_chewing
6066293.0,-1.308594,1.371094,-0.314941,-0.131899,-0.263531,-0.015188,-1.247559,-1.520996,0.451172,-0.035173,-0.091663,-0.256603,chewing,left_chewing,109.946,l_gy,non_chewing
6066303.0,-1.216797,1.366699,-0.314941,-0.208907,-0.332012,-0.037838,-1.233398,-1.513672,0.379395,-0.063418,-0.050361,-0.211838,chewing,left_chewing,109.946,l_gy,non_chewing
6066313.0,-1.263672,1.499512,-0.40332,-0.034907,-0.502015,-0.087133,-1.275391,-1.517578,0.351563,-0.103387,-0.101789,-0.134564,chewing,left_chewing,109.946,l_gy,non_chewing
6066323.0,-1.280762,1.465332,-0.331543,0.140959,-0.355194,0.10845,-1.274414,-1.532227,0.407227,-0.106052,-0.14389,-0.12577,chewing,left_chewing,109.946,l_gy,non_chewing
6066333.0,-1.368164,1.384277,-0.349121,0.419145,-0.415415,-0.020518,-1.257324,-1.507324,0.417969,-0.072478,-0.20944,-0.088199,chewing,left_chewing,109.946,l_gy,non_chewing
6066343.0,-1.358887,1.35498,-0.269531,0.31709,-0.057289,-0.139626,-1.249023,-1.520508,0.407715,-0.050095,-0.235819,-0.106585,chewing,left_chewing,109.946,l_gy,non_chewing
6066353.0,-1.319824,1.310059,-0.283203,0.220364,0.076208,-0.127902,-1.230469,-1.536133,0.404785,-0.046631,-0.192652,-0.175066,chewing,left_chewing,109.946,l_gy,non_chewing
6066363.0,-1.294922,1.354004,-0.290039,0.090064,0.219032,-0.146821,-1.225586,-1.53125,0.399902,-0.008793,-0.162009,-0.232888,chewing,left_chewing,109.946,l_gy,non_chewing
6066373.0,-1.273926,1.402344,-0.29834,0.0429,0.177464,-0.114845,-1.234863,-1.523438,0.414062,-0.009859,-0.126303,-0.218766,chewing,left_chewing,109.946,l_gy,non_chewing
6066383.0,-1.279297,1.383789,-0.269531,-0.012257,0.150551,-0.097792,-1.238281,-1.533203,0.415039,-0.004796,-0.083936,-0.179063,chewing,left_chewing,109.946,l_gy,non_chewing
6066393.0,-1.304688,1.355957,-0.273926,-0.100456,0.155348,-0.063418,-1.235352,-1.532227,0.40332,-0.002398,-0.049562,-0.129234,chewing,left_chewing,109.946,l_gy,non_chewing
6066403.0,-1.299316,1.35498,-0.306641,0.087933,-0.072211,-0.044233,-1.240234,-1.524902,0.405273,0.020784,-0.022916,-0.086067,chewing,left_chewing,109.946,l_gy,non_chewing
6066413.0,-1.30127,1.334473,-0.291504,0.157213,-0.264597,-0.079939,-1.254395,-1.525391,0.411621,0.068481,-0.038637,-0.077008,chewing,left_chewing,109.946,l_gy,non_chewing
6066423.0,-1.255859,1.336914,-0.299316,0.180395,-0.493489,-0.03464,-1.276367,-1.507813,0.407227,0.0866,-0.083936,-0.103121,chewing,left_chewing,109.946,l_gy,non_chewing
6066433.0,-1.244629,1.346191,-0.26709,0.11298,-0.64857,-0.079672,-1.288086,-1.499023,0.403809,0.073277,-0.171868,-0.108717,chewing,right_chewing,109.675,l_gy,non_chewing
6066443.0,-1.303711,1.354004,-0.270508,-0.124438,-0.694668,-0.02185,-1.276367,-1.501953,0.433105,0.070879,-0.223296,-0.095127,chewing,right_chewing,109.675,l_gy,non_chewing
6066453.0,-1.318848,1.364746,-0.287598,-0.231556,-0.750891,0.020784,-1.259766,-1.523926,0.416504,0.058355,-0.196916,-0.1311,chewing,right_chewing,109.675,l_gy,non_chewing
6066463.0,-1.373535,1.335938,-0.262695,-0.310695,-0.729841,0.116977,-1.252441,-1.540527,0.418457,0.067149,-0.131632,-0.16121,chewing,right_chewing,109.675,l_gy,non_chewing
6066473.0,-1.381836,1.332031,-0.269043,-0.353063,-0.684809,0.207041,-1.251953,-1.535156,0.414551,0.068747,-0.100989,-0.161743,chewing,right_chewing,109.675,l_gy,non_chewing
6066483.0,-1.373047,1.339355,-0.250488,-0.328282,-0.711721,0.288046,-1.255371,-1.541992,0.416992,0.082603,-0.069813,-0.10925,chewing,right_chewing,109.675,l_gy,non_chewing
6066493.0,-1.345215,1.369629,-0.26123,-0.362655,-0.72611,0.251274,-1.267578,-1.533691,0.433105,0.076741,-0.086334,-0.027179,chewing,right_chewing,109.675,l_gy,non_chewing
6066503.0,-1.331055,1.368652,-0.253906,-0.344536,-0.741299,0.240349,-1.269043,-1.507324,0.439453,0.088199,-0.148953,0.085534,chewing,right_chewing,109.675,l_gy,non_chewing
6066513.0,-1.35791,1.339355,-0.245605,-0.350665,-0.764747,0.234487,-1.281738,-1.497559,0.43457,0.062352,-0.277387,0.199847,chewing,right_chewing,109.675,l_gy,non_chewing
6066523.0,-1.367188,1.36084,-0.239258,-0.301369,-0.77434,0.195317,-1.264648,-1.45459,0.449219,0.037571,-0.255005,0.143623,chewing,right_chewing,109.675,l_gy,non_chewing
6066533.0,-1.361816,1.361328,-0.202148,-0.230224,-0.781002,0.184126,-1.282227,-1.477539,0.433105,0.067149,-0.246744,0.137495,chewing,right_chewing,109.675,l_gy,non_chewing
6066543.0,-1.366211,1.371094,-0.222656,-0.146288,-0.737302,0.085534,-1.262207,-1.49707,0.4375,0.128701,-0.190254,0.001599,chewing,right_chewing,109.675,l_gy,non_chewing
6066553.0,-1.362305,1.354004,-0.217773,-0.134564,-0.692003,-0.057556,-1.270508,-1.506836,0.449707,0.133498,-0.130833,-0.084469,chewing,right_chewing,109.675,l_gy,non_chewing
6066563.0,-1.375488,1.357422,-0.22998,-0.156413,-0.615528,-0.223029,-1.245117,-1.525879,0.460937,0.089531,-0.150818,-0.084202,chewing,right_chewing,109.675,l_gy,non_chewing
6066573.0,-1.395996,1.353516,-0.211914,-0.223562,-0.516671,-0.216634,-1.257813,-1.533203,0.472168,0.03917,-0.213436,-0.056224,chewing,right_chewing,109.675,l_gy,non_chewing
6066583.0,-1.370605,1.373047,-0.230957,-0.263798,-0.452453,-0.190787,-1.284668,-1.523926,0.475586,0.006928,-0.28245,0.01732,chewing,right_chewing,109.675,l_gy,non_chewing
6066593.0,-1.346191,1.377441,-0.208008,-0.287247,-0.421011,-0.192919,-1.268555,-1.520508,0.482422,0.001599,-0.257136,-0.038371,chewing,right_chewing,109.675,l_gy,non_chewing
6066603.0,-1.40332,1.30957,-0.192871,-0.20491,-0.297639,-0.10019,-1.291992,-1.595215,0.533691,-0.093528,-0.393832,0.088466,chewing,right_chewing,109.675,l_gy,non_chewing
6066613.0,-1.416992,1.303223,-0.195801,-0.15668,-0.524398,-0.022383,-1.254883,-1.520996,0.469727,-0.023449,-0.308031,0.024248,chewing,right_chewing,109.675,l_gy,non_chewing
6066623.0,-1.375977,1.353516,-0.196289,-0.043966,-0.660294,0.06555,-1.254395,-1.539063,0.483887,0.055691,-0.2614,-0.071412,chewing,right_chewing,109.675,l_gy,non_chewing
6066633.0,-1.365723,1.372559,-0.175293,-0.103121,-0.576891,0.09113,-1.216309,-1.539551,0.483398,0.135363,-0.251541,-0.233688,chewing,right_chewing,109.675,l_gy,non_chewing
6066643.0,-1.337891,1.40332,-0.195312,-0.120708,-0.643507,0.081538,-1.210938,-1.552734,0.499512,0.201979,-0.248609,-0.328815,chewing,right_chewing,109.675,l_gy,non_chewing
6066653.0,-1.319336,1.402832,-0.188965,-0.184126,-0.569697,-0.00453,-1.203613,-1.563477,0.500488,0.233954,-0.248343,-0.372781,chewing,right_chewing,109.675,l_gy,non_chewing
6066663.0,-1.309082,1.400391,-0.174805,-0.200913,-0.508144,-0.045299,-1.180176,-1.54834,0.496094,0.23955,-0.243813,-0.390368,chewing,right_chewing,109.675,l_gy,non_chewing
6066673.0,-1.342285,1.364746,-0.182129,-0.23955,-0.447124,-0.075409,-1.174316,-1.530762,0.511719,0.235286,-0.228092,-0.439663,chewing,right_chewing,109.675,l_gy,non_chewing
6066683.0,-1.325684,1.367676,-0.17627,-0.225161,-0.358658,0.099391,-1.166504,-1.521973,0.529297,0.270992,-0.168138,-0.490557,chewing,right_chewing,109.675,l_gy,non_chewing
6066693.0,-1.289063,1.354492,-0.176758,-0.262199,-0.332012,0.20864,-1.145508,-1.525879,0.530762,0.293375,-0.067149,-0.597675,chewing,right_chewing,109.675,l_gy,non_chewing
6066703.0,-1.262207,1.34668,-0.166016,-0.214769,-0.366386,0.223296,-1.152344,-1.512695,0.538086,0.291776,0.038904,-0.692802,chewing,right_chewing,109.675,l_gy,non_chewing
6066713.0,-1.311035,1.338379,-0.163086,-0.255538,-0.385571,0.268861,-1.153809,-1.53125,0.531738,0.305366,-0.005596,-0.637911,chewing,right_chewing,109.675,l_gy,non_chewing
6066723.0,-1.29541,1.34668,-0.138184,-0.261933,-0.452986,0.282184,-1.137207,-1.549805,0.515625,0.260867,-0.093795,-0.562502,chewing,right_chewing,109.675,l_gy,non_chewing
6066733.0,-1.29541,1.349121,-0.127441,-0.266995,-0.501482,0.269926,-1.115723,-1.576172,0.513184,0.247277,-0.164674,-0.471372,chewing,right_chewing,109.675,l_gy,non_chewing
6066743.0,-1.317871,1.352051,-0.143555,-0.292842,-0.556907,0.217966,-1.111328,-1.577148,0.515137,0.217966,-0.234753,-0.342671,chewing,right_chewing,109.675,l_gy,non_chewing
6066753.0,-1.312012,1.36377,-0.120117,-0.381841,-0.531326,0.189455,-1.104004,-1.579102,0.523437,0.161743,-0.209173,-0.292842,chewing,right_chewing,109.675,l_gy,non_chewing
6066763.0,-1.357422,1.351563,-0.115723,-0.442328,-0.584619,0.197182,-1.129395,-1.549805,0.535156,0.140159,-0.215568,-0.243813,chewing,right_chewing,109.675,l_gy,non_chewing
6066773.0,-1.334961,1.366211,-0.112793,-0.47457,-0.52653,0.220631,-1.115234,-1.533203,0.542969,0.136695,-0.187856,-0.219832,chewing,right_chewing,109.675,l_gy,non_chewing
6066783.0,-1.321777,1.39209,-0.109863,-0.458049,-0.49642,0.193985,-1.143066,-1.51709,0.55957,0.12124,-0.079406,-0.222763,chewing,right_chewing,109.675,l_gy,non_chewing
6066793.0,-1.320801,1.401855,-0.10791,-0.358392,-0.484962,0.190787,-1.137207,-1.506836,0.566895,0.117776,-0.018119,-0.153216,chewing,right_chewing,109.675,l_gy,non_chewing
6066803.0,-1.299805,1.444824,-0.121582,-0.297106,-0.37358,0.207308,-1.123047,-1.524414,0.54248,0.092462,0.071412,-0.137761,chewing,right_chewing,109.675,l_gy,non_chewing
6066813.0,-1.348633,1.392578,-0.098145,-0.155081,-0.3043,0.144156,-1.122559,-1.544434,0.536621,0.0866,0.103121,-0.094861,chewing,right_chewing,109.675,l_gy,non_chewing
6066823.0,-1.340332,1.38623,-0.07666,-0.0437,-0.215835,0.099124,-1.130371,-1.546387,0.544922,0.022116,0.084735,-0.016787,chewing,right_chewing,109.675,l_gy,non_chewing
6066833.0,-1.322266,1.386719,-0.065918,0.001599,-0.155614,0.041035,-1.136719,-1.548828,0.521484,0.008793,0.015188,0.057289,chewing,right_chewing,109.675,l_gy,non_chewing
6066843.0,-1.322754,1.391113,-0.049316,-0.004796,-0.124971,-0.047963,-1.143555,-1.574219,0.55127,-0.004796,-0.037838,0.118842,chewing,right_chewing,109.675,l_gy,non_chewing
6066853.0,-1.333008,1.385254,-0.094727,-0.014123,-0.09566,-0.084735,-1.143555,-1.555664,0.52832,-0.0437,-0.069547,0.159345,chewing,right_chewing,109.675,l_gy,non_chewing
6066863.0,-1.287109,1.429199,-0.085449,0.049296,-0.094328,-0.137228,-1.138672,-1.56543,0.558594,-0.047963,-0.0866,0.193985,chewing,right_chewing,109.675,l_gy,non_chewing
6066873.0,-1.293457,1.422852,-0.076172,0.04823,-0.090597,-0.175599,-1.134766,-1.560547,0.53125,-0.05649,-0.029311,0.166806,chewing,right_chewing,109.675,l_gy,non_chewing
6066883.0,-1.290039,1.419434,-0.094238,0.076475,-0.047963,-0.176398,-1.134766,-1.541504,0.545898,-0.072744,0.04823,0.123372,chewing,right_chewing,109.675,l_gy,non_chewing
6066893.0,-1.289063,1.415039,-0.077637,0.102588,-0.02558,-0.194784,-1.125488,-1.563477,0.560059,-0.026113,0.120974,0.031975,chewing,right_chewing,109.675,l_gy,non_chewing
6066903.0,-1.304688,1.424316,-0.073242,0.116711,0.045299,-0.150551,-1.12793,-1.549805,0.539062,-0.019185,0.189188,-0.027179,chewing,right_chewing,109.675,l_gy,non_chewing
6066913.0,-1.333984,1.40625,-0.101074,0.135629,0.119642,-0.077008,-1.161133,-1.550293,0.552734,0.005862,0.160677,-0.050894,chewing,right_chewing,109.675,l_gy,non_chewing
6066923.0,-1.308105,1.416504,-0.076172,0.150818,0.12657,-0.088998,-1.156738,-1.543945,0.550293,0.040502,0.120441,-0.039436,chewing,right_chewing,109.675,l_gy,non_chewing
6066933.0,-1.333496,1.398438,-0.110352,0.145222,0.081005,-0.088998,-1.176758,-1.562988,0.57666,0.025847,0.049828,-0.001066,chewing,right_chewing,109.675,l_gy,non_chewing
6066943.0,-1.350098,1.393066,-0.111816,0.135896,0.046098,-0.095926,-1.185059,-1.541504,0.526367,-0.019985,0.025314,0.050628,chewing,right_chewing,109.675,l_gy,non_chewing
6066953.0,-1.358398,1.396973,-0.080566,0.126037,0.001599,-0.105519,-1.149414,-1.596191,0.592773,-0.007727,-0.014123,0.109783,chewing,right_chewing,109.675,l_gy,non_chewing
6066963.0,-1.357422,1.40625,-0.118164,0.162276,-0.042101,-0.085002,-1.179688,-1.553223,0.535156,-0.071945,-0.022383,0.188655,chewing,unknown,106.283,l_gy,non_chewing
6066973.0,-1.380371,1.414063,-0.106445,0.158545,-0.067415,-0.074876,-1.163086,-1.591309,0.575195,-0.005596,-0.061553,0.150285,chewing,unknown,106.283,l_gy,non_chewing
6066983.0,-1.413086,1.381348,-0.070801,0.160677,-0.038904,-0.021051,-1.175293,-1.562012,0.568848,-0.006928,-0.018119,0.074609,chewing,unknown,106.283,l_gy,non_chewing
6066993.0,-1.436035,1.372559,-0.077637,0.193452,-0.028511,0.040502,-1.179688,-1.535645,0.521973,-0.021583,-0.066616,0.095926,chewing,unknown,106.283,l_gy,non_chewing
6067003.0,-1.418945,1.361328,-0.126953,0.151084,0.0437,0.09193,-1.205566,-1.509766,0.523926,-0.035173,-0.083403,0.082337,chewing,unknown,106.283,l_gy,non_chewing
6067013.0,-1.392578,1.361816,-0.139648,0.086867,0.093262,0.117776,-1.22998,-1.518555,0.539062,-0.012524,-0.12657,0.102322,chewing,unknown,106.283,l_gy,non_chewing
6067023.0,-1.375977,1.383789,-0.137695,0.036239,0.115112,0.127636,-1.227539,-1.520996,0.563965,-0.009326,-0.136429,0.082337,chewing,unknown,106.283,l_gy,non_chewing
6067033.0,-1.358398,1.396484,-0.135254,0.029844,0.150551,0.118576,-1.237305,-1.539063,0.566406,-0.024248,-0.068214,0.0429,chewing,unknown,106.283,l_gy,non_chewing
6067043.0,-1.365723,1.410156,-0.148926,0.054358,0.150818,0.129767,-1.239746,-1.526855,0.561523,-0.059688,0.010126,-0.021317,chewing,unknown,106.283,l_gy,non_chewing
6067053.0,-1.353516,1.423828,-0.163574,0.083669,0.104453,0.119109,-1.226074,-1.530762,0.514648,-0.075409,0.049828,-0.067415,chewing,unknown,106.283,l_gy,non_chewing
6067063.0,-1.342773,1.435547,-0.151367,0.149219,0.02185,0.084469,-1.197266,-1.523438,0.499023,-0.073544,0.068214,-0.102055,chewing,unknown,106.283,l_gy,non_chewing
6067073.0,-1.356934,1.437988,-0.135254,0.158012,0.010126,0.086067,-1.199707,-1.518066,0.507812,-0.078074,0.02638,-0.101256,chewing,unknown,106.283,l_gy,non_chewing
6067083.0,-1.381348,1.422363,-0.101074,0.167072,-0.00453,0.09193,-1.181641,-1.51123,0.523926,-0.057556,-0.022649,-0.127902,chewing,unknown,106.283,l_gy,non_chewing
6067093.0,-1.401855,1.399902,-0.102051,0.141225,0.007994,0.11751,-1.179199,-1.520996,0.522949,-0.022649,-0.070346,-0.131366,chewing,unknown,106.283,l_gy,non_chewing
6067103.0,-1.42041,1.381348,-0.088867,0.104187,0.045832,0.189988,-1.181152,-1.519531,0.528809,-0.010126,-0.088466,-0.120708,chewing,unknown,106.283,l_gy,non_chewing
6067113.0,-1.434082,1.352539,-0.112793,0.045565,0.094328,0.232089,-1.21875,-1.533203,0.526855,-0.019185,-0.107384,-0.08287,chewing,unknown,106.283,l_gy,non_chewing
6067123.0,-1.42041,1.351074,-0.056152,0.026113,0.10925,0.271259,-1.201172,-1.563965,0.563965,0.031176,-0.114845,-0.045299,chewing,unknown,106.283,l_gy,non_chewing
6067133.0,-1.394531,1.381836,-0.069336,0.022916,0.160677,0.255005,-1.188965,-1.562988,0.541992,0.02185,-0.095926,-0.047697,chewing,unknown,106.283,l_gy,non_chewing
6067143.0,-1.353027,1.393066,-0.077637,0.041835,0.183859,0.246478,-1.171875,-1.54834,0.54541,0.017054,-0.06555,-0.054625,chewing,unknown,106.283,l_gy,non_chewing
6067153.0,-1.323242,1.415527,-0.067871,0.067948,0.205975,0.220631,-1.163574,-1.535156,0.549805,0.010925,-0.067681,-0.03544,chewing,unknown,106.283,l_gy,non_chewing
6067163.0,-1.288086,1.418945,-0.087891,0.113247,0.235286,0.203844,-1.145508,-1.524902,0.552246,0.008527,-0.085002,-0.084735,chewing,unknown,106.283,l_gy,non_chewing
6067173.0,-1.291992,1.428711,-0.082031,0.125237,0.194518,0.168138,-1.173828,-1.517578,0.546387,0.01732,-0.085268,-0.088199,chewing,unknown,106.283,l_gy,non_chewing
6067183.0,-1.300781,1.417969,-0.077148,0.227292,0.187323,0.190787,-1.190918,-1.529297,0.525879,0.041835,-0.126037,-0.078074,chewing,unknown,106.283,l_gy,non_chewing
6067193.0,-1.317383,1.416016,-0.071777,0.278453,0.119375,0.134031,-1.189453,-1.549316,0.57666,0.052227,-0.077541,-0.082337,chewing,unknown,106.283,l_gy,non_chewing
6067203.0,-1.355469,1.421387,-0.070801,0.406355,0.16947,0.07834,-1.198242,-1.536621,0.526367,0.041568,0.014123,-0.051694,chewing,unknown,106.283,l_gy,non_chewing
6067213.0,-1.381836,1.382813,-0.078613,0.405023,0.212371,-0.015988,-1.194824,-1.539551,0.499512,0.02185,0.077541,0.022916,chewing,unknown,106.283,l_gy,non_chewing
6067223.0,-1.369629,1.390137,-0.10498,0.419145,0.318423,-0.054358,-1.167969,-1.536133,0.477539,0.010658,0.16041,0.047697,chewing,unknown,106.283,l_gy,non_chewing
6067233.0,-1.355957,1.375488,-0.10791,0.41728,0.404224,-0.044233,-1.192871,-1.541504,0.494629,0.013323,0.168138,0.038904,chewing,unknown,106.283,l_gy,non_chewing
6067243.0,-1.327148,1.365234,-0.097656,0.450322,0.425274,-0.013057,-1.194824,-1.536133,0.519531,0.006662,0.139626,0.038904,chewing,unknown,106.283,l_gy,non_chewing
6067253.0,-1.307617,1.366699,-0.10791,0.397296,0.437265,-0.006662,-1.174316,-1.54541,0.525879,0.009593,0.114579,0.048763,chewing,unknown,106.283,l_gy,non_chewing
6067263.0,-1.306641,1.381348,-0.10498,0.371182,0.43087,-0.010392,-1.165527,-1.552246,0.513184,0.023715,0.072211,0.028778,chewing,unknown,106.283,l_gy,non_chewing
6067273.0,-1.310547,1.388672,-0.124023,0.315492,0.413816,-0.03544,-1.155762,-1.560059,0.531738,0.048763,0.057289,0.019185,chewing,unknown,106.283,l_gy,non_chewing
6067283.0,-1.288574,1.407227,-0.127441,0.333345,0.40076,-0.075409,-1.155273,-1.555664,0.537598,0.042101,0.052493,0.047164,chewing,unknown,106.283,l_gy,non_chewing
6067293.0,-1.318848,1.397949,-0.14209,0.303767,0.37438,-0.095394,-1.181641,-1.541992,0.536621,0.055957,0.065017,0.023182,chewing,unknown,106.283,l_gy,non_chewing
6067303.0,-1.337891,1.377441,-0.147461,0.343204,0.302701,-0.082603,-1.200684,-1.515137,0.543945,0.066083,0.049828,0.037038,chewing,unknown,106.283,l_gy,non_chewing
6067313.0,-1.35791,1.353516,-0.155762,0.357859,0.206775,-0.094328,-1.188965,-1.505371,0.557129,0.079139,0.049562,0.022916,chewing,unknown,106.283,l_gy,non_chewing
6067323.0,-1.34375,1.352539,-0.162598,0.349066,0.161743,-0.117243,-1.224121,-1.500977,0.567383,0.124704,0.02638,0.02185,chewing,unknown,106.283,l_gy,non_chewing
6067333.0,-1.365723,1.313477,-0.140625,0.303767,0.16121,-0.133764,-1.173828,-1.51416,0.565918,0.112447,0.0429,-0.006395,chewing,unknown,106.283,l_gy,non_chewing
6067343.0,-1.393555,1.320801,-0.172363,0.217167,0.217966,-0.096193,-1.180176,-1.524414,0.555176,0.109516,0.019985,-0.016521,chewing,unknown,106.283,l_gy,non_chewing
6067353.0,-1.349609,1.342773,-0.171387,0.141225,0.274723,-0.050628,-1.157715,-1.526367,0.572266,0.115911,0.0437,-0.00826,chewing,unknown,106.283,l_gy,non_chewing
6067363.0,-1.32959,1.342773,-0.17334,0.096459,0.260867,-0.021051,-1.15332,-1.538086,0.586426,0.123639,0.070346,-0.009326,chewing,unknown,106.283,l_gy,non_chewing
6067373.0,-1.32666,1.36084,-0.17334,0.084202,0.301636,0.002398,-1.161133,-1.551758,0.584473,0.119908,0.067415,0.024781,chewing,unknown,106.283,l_gy,non_chewing
6067383.0,-1.312988,1.356934,-0.19043,0.097525,0.25234,0.00453,-1.15332,-1.526855,0.583008,0.111115,0.048496,0.073277,chewing,unknown,106.283,l_gy,non_chewing
6067393.0,-1.312012,1.372559,-0.182129,0.106585,0.157746,-0.022383,-1.165527,-1.532227,0.59375,0.104453,0.050894,0.098325,chewing,unknown,106.283,l_gy,non_chewing
6067403.0,-1.314453,1.375,-0.197266,0.178263,0.08207,-0.015455,-1.195313,-1.525391,0.568848,0.128968,0.058888,0.02558,chewing,unknown,106.283,l_gy,non_chewing
6067413.0,-1.341797,1.358398,-0.195312,0.263265,0.023982,0.01732,-1.233398,-1.55127,0.633301,0.185191,-0.075409,0.214502,chewing,unknown,106.283,l_gy,non_chewing
6067423.0,-1.348633,1.347168,-0.211426,0.22596,-0.006129,0.043167,-1.182129,-1.498047,0.607422,0.099657,-0.033041,0.046364,chewing,unknown,106.283,l_gy,non_chewing
6067433.0,-1.370117,1.348145,-0.213867,0.185991,-0.048763,0.049828,-1.220215,-1.514648,0.598633,0.100456,0.029844,0.019718,chewing,unknown,106.283,l_gy,non_chewing
6067443.0,-1.379395,1.322266,-0.202148,0.168937,-0.033308,0.088199,-1.201172,-1.531738,0.597656,0.057822,0.006129,-0.007461,chewing,unknown,106.283,l_gy,non_chewing
6067453.0,-1.387207,1.325195,-0.205566,0.120175,-0.010925,0.115112,-1.224121,-1.549805,0.596191,0.037038,0.060753,-0.028245,chewing,unknown,106.283,l_gy,non_chewing
6067463.0,-1.372559,1.34375,-0.203125,0.046098,0.04743,0.162542,-1.23877,-1.540039,0.595215,0.044499,0.049562,-0.028511,chewing,unknown,106.283,l_gy,non_chewing
6067473.0,-1.370117,1.335938,-0.203125,-0.018386,0.097259,0.203577,-1.241699,-1.527344,0.596191,0.025847,0.066083,-0.072744,chewing,unknown,106.283,l_gy,non_chewing
6067483.0,-1.37793,1.338379,-0.195312,-0.034374,0.102588,0.238217,-1.216309,-1.523926,0.602539,0.031443,-0.022916,-0.017054,chewing,left_chewing,109.240,l_gy,non_chewing
6067493.0,-1.359375,1.366699,-0.185547,-0.047963,0.095127,0.227559,-1.252441,-1.529297,0.597168,-0.00906,-0.032242,-0.101789,chewing,left_chewing,109.240,l_gy,non_chewing
6067503.0,-1.353027,1.368652,-0.20752,0.019985,0.033308,0.208107,-1.220215,-1.534668,0.601074,-0.052493,-0.015188,-0.118842,chewing,left_chewing,109.240,l_gy,non_chewing
6067513.0,-1.337402,1.399414,-0.20752,0.075409,-0.029844,0.194518,-1.212402,-1.529785,0.612305,-0.062352,-0.015988,-0.142557,chewing,left_chewing,109.240,l_gy,non_chewing
6067523.0,-1.356445,1.411133,-0.198242,0.052493,0.010658,0.143357,-1.202637,-1.552246,0.60791,-0.07381,-0.055957,-0.119642,chewing,left_chewing,109.240,l_gy,non_chewing
6067533.0,-1.355469,1.422363,-0.20752,0.060753,-0.001865,0.10845,-1.205078,-1.54834,0.59668,-0.118842,-0.059155,-0.100723,chewing,left_chewing,109.240,l_gy,non_chewing
6067543.0,-1.381348,1.419434,-0.202637,0.067948,0.082337,0.106851,-1.200195,-1.544434,0.595703,-0.103121,-0.102055,-0.071145,chewing,left_chewing,109.240,l_gy,non_chewing
6067553.0,-1.365723,1.415039,-0.185059,0.0874,0.083669,0.062885,-1.172852,-1.556641,0.589355,-0.132698,-0.138294,-0.05649,chewing,left_chewing,109.240,l_gy,non_chewing
6067563.0,-1.354492,1.432129,-0.203125,0.124971,0.110315,0.0,-1.188477,-1.55127,0.598633,-0.137761,-0.182527,-0.062885,chewing,left_chewing,109.240,l_gy,non_chewing
6067573.0,-1.361328,1.399414,-0.199707,0.142557,0.102588,-0.016787,-1.19043,-1.539551,0.588867,-0.135629,-0.196916,-0.063152,chewing,left_chewing,109.240,l_gy,non_chewing
6067583.0,-1.351074,1.383301,-0.185547,0.150818,0.146821,-0.024515,-1.184082,-1.536621,0.594727,-0.124172,-0.196916,-0.018119,chewing,left_chewing,109.240,l_gy,non_chewing
6067593.0,-1.355957,1.379883,-0.20166,0.097792,0.186524,-0.001332,-1.166992,-1.519043,0.604004,-0.12204,-0.138827,-0.034107,chewing,left_chewing,109.240,l_gy,non_chewing
6067603.0,-1.330078,1.387207,-0.198242,0.113779,0.17027,0.065017,-1.170898,-1.541992,0.606934,-0.107384,-0.06928,-0.129234,chewing,left_chewing,109.240,l_gy,non_chewing
6067613.0,-1.301758,1.384277,-0.195801,0.056224,0.179862,0.126037,-1.174316,-1.532227,0.576172,-0.104986,-0.011191,-0.210239,chewing,left_chewing,109.240,l_gy,non_chewing
6067623.0,-1.310547,1.35791,-0.179199,-0.010925,0.160943,0.171868,-1.175781,-1.550293,0.567871,-0.111115,-0.000533,-0.235819,chewing,left_chewing,109.240,l_gy,non_chewing
6067633.0,-1.275391,1.397461,-0.191895,0.00906,0.169737,0.208374,-1.155273,-1.558594,0.562012,-0.095394,0.0429,-0.292576,chewing,left_chewing,109.240,l_gy,non_chewing
6067643.0,-1.268066,1.373047,-0.181641,0.022649,0.079939,0.240083,-1.149414,-1.570801,0.577148,-0.05649,0.072744,-0.317623,chewing,left_chewing,109.240,l_gy,non_chewing
6067653.0,-1.273438,1.380371,-0.180176,0.015455,0.043433,0.24408,-1.14209,-1.55127,0.571289,-0.042101,0.082603,-0.337075,chewing,left_chewing,109.240,l_gy,non_chewing
6067663.0,-1.258789,1.399414,-0.19043,-0.007727,0.087933,0.265397,-1.135254,-1.568848,0.564941,-0.033574,0.097259,-0.359991,chewing,left_chewing,109.240,l_gy,non_chewing
6067673.0,-1.259766,1.393066,-0.179687,-0.049562,0.093262,0.260867,-1.138672,-1.550781,0.561523,-0.031176,0.08287,-0.314159,chewing,left_chewing,109.240,l_gy,non_chewing
6067683.0,-1.274902,1.378418,-0.186035,-0.060487,0.090597,0.27419,-1.127441,-1.550781,0.578613,-0.025314,0.109516,-0.310695,chewing,left_chewing,109.240,l_gy,non_chewing
6067693.0,-1.270996,1.39502,-0.182129,-0.079939,0.076741,0.252606,-1.115234,-1.556641,0.566406,-0.005862,0.16494,-0.359724,chewing,left_chewing,109.240,l_gy,non_chewing
6067703.0,-1.265625,1.385742,-0.183105,-0.078074,0.082337,0.225427,-1.119141,-1.566406,0.572754,-0.003464,0.249409,-0.428205,chewing,left_chewing,109.240,l_gy,non_chewing
6067713.0,-1.271484,1.375977,-0.162109,-0.113779,0.085002,0.223562,-1.114258,-1.566895,0.569824,0.025847,0.244346,-0.367985,chewing,left_chewing,109.240,l_gy,non_chewing
6067723.0,-1.263672,1.39209,-0.184082,-0.123372,0.074876,0.208907,-1.099609,-1.572754,0.578125,0.033574,0.229957,-0.322686,chewing,left_chewing,109.240,l_gy,non_chewing
6067733.0,-1.264648,1.385742,-0.166992,-0.146554,0.096992,0.222496,-1.096191,-1.581055,0.571777,0.051694,0.237685,-0.319488,chewing,left_chewing,109.240,l_gy,non_chewing
6067743.0,-1.265137,1.381348,-0.183594,-0.207041,0.097792,0.236619,-1.125488,-1.572266,0.550293,0.045032,0.192652,-0.28245,chewing,left_chewing,109.240,l_gy,non_chewing
6067753.0,-1.281738,1.411621,-0.156738,-0.223562,0.176398,0.25687,-1.126465,-1.575195,0.523437,0.016521,0.138028,-0.207574,chewing,left_chewing,109.240,l_gy,non_chewing
6067763.0,-1.287109,1.393555,-0.17627,-0.171069,0.094061,0.155081,-1.14209,-1.58252,0.557129,-0.004263,0.088998,-0.109516,chewing,left_chewing,109.240,l_gy,non_chewing
6067773.0,-1.288086,1.41748,-0.153809,-0.100723,0.08287,0.095926,-1.119629,-1.576172,0.577637,-0.014123,0.106052,-0.07381,chewing,left_chewing,109.240,l_gy,non_chewing
6067783.0,-1.285645,1.430664,-0.14502,-0.020518,0.157746,0.01732,-1.115234,-1.555664,0.543945,-0.005596,0.15668,-0.074876,chewing,left_chewing,109.240,l_gy,non_chewing
6067793.0,-1.280762,1.432617,-0.173828,0.035706,0.189721,-0.037305,-1.121094,-1.545898,0.539551,-0.025314,0.212904,-0.083403,chewing,left_chewing,109.240,l_gy,non_chewing
6067803.0,-1.275879,1.428711,-0.20459,0.119908,0.172668,-0.055424,-1.146973,-1.532227,0.562012,-0.019185,0.193985,-0.079939,chewing,left_chewing,109.240,l_gy,non_chewing
6067813.0,-1.295898,1.402832,-0.202148,0.145222,0.166006,-0.046364,-1.145996,-1.555664,0.583008,-0.01732,0.175332,-0.019185,chewing,left_chewing,109.240,l_gy,non_chewing
6067823.0,-1.288086,1.402832,-0.187012,0.165207,0.128701,-0.033308,-1.120605,-1.574707,0.605469,0.001599,0.146554,0.014655,chewing,left_chewing,109.240,l_gy,non_chewing
6067833.0,-1.291504,1.397949,-0.183594,0.228625,0.060487,-0.022649,-1.138184,-1.593262,0.608887,0.061286,0.173201,0.015988,chewing,left_chewing,109.240,l_gy,non_chewing
6067843.0,-1.289063,1.397461,-0.154785,0.252873,-0.002931,-0.023715,-1.150391,-1.577637,0.584961,0.071412,0.183326,0.059954,chewing,left_chewing,109.240,l_gy,non_chewing
6067853.0,-1.297363,1.418945,-0.152832,0.220364,0.005596,-0.036772,-1.15625,-1.57666,0.539062,0.053292,0.190521,0.130567,chewing,left_chewing,109.240,l_gy,non_chewing
6067863.0,-1.311035,1.417969,-0.211914,0.225427,-0.03917,-0.027446,-1.169434,-1.567383,0.550293,0.041035,0.185458,0.134297,chewing,left_chewing,109.240,l_gy,non_chewing
6067873.0,-1.348145,1.392578,-0.203613,0.162542,-0.02185,-0.035972,-1.188477,-1.574219,0.543945,0.028511,0.122839,0.144956,chewing,left_chewing,109.240,l_gy,non_chewing
6067883.0,-1.343262,1.38916,-0.170898,0.160144,-0.059421,-0.069547,-1.176758,-1.575195,0.546387,0.019452,0.071412,0.137761,chewing,left_chewing,109.240,l_gy,non_chewing
6067893.0,-1.335938,1.417969,-0.159668,0.175332,-0.006662,-0.035173,-1.162598,-1.588379,0.552246,0.005862,0.025047,0.139893,chewing,left_chewing,109.240,l_gy,non_chewing
6067903.0,-1.313477,1.415527,-0.200684,0.10925,0.123106,0.046364,-1.166504,-1.564453,0.564453,-0.027979,0.060487,0.095926,chewing,left_chewing,109.240,l_gy,non_chewing
6067913.0,-1.304688,1.425293,-0.212891,0.096726,0.121773,0.036772,-1.172363,-1.549316,0.566895,-0.046631,0.063685,0.041035,chewing,left_chewing,109.240,l_gy,non_chewing
6067923.0,-1.293945,1.414551,-0.215332,0.056224,0.16121,-0.004263,-1.157715,-1.552734,0.577148,-0.067149,0.095926,0.025047,chewing,left_chewing,109.240,l_gy,non_chewing
6067933.0,-1.29541,1.41748,-0.20752,0.015988,0.192652,-0.019718,-1.16748,-1.544434,0.557129,-0.07381,0.10925,-0.008793,chewing,left_chewing,109.240,l_gy,non_chewing
6067943.0,-1.29541,1.42041,-0.195312,-0.017587,0.189721,-0.058622,-1.17334,-1.543457,0.559082,-0.103121,0.090331,-0.002398,chewing,left_chewing,109.240,l_gy,non_chewing
6067953.0,-1.312988,1.400879,-0.230469,-0.015988,0.189721,-0.053292,-1.164551,-1.556641,0.57373,-0.069014,0.046631,-0.014922,chewing,left_chewing,109.240,l_gy,non_chewing
6067963.0,-1.300293,1.403809,-0.216797,-0.019185,0.177997,-0.078074,-1.148438,-1.575684,0.5625,-0.069014,0.040236,-0.025047,chewing,left_chewing,109.240,l_gy,non_chewing
6067973.0,-1.308105,1.407715,-0.17627,-0.050894,0.217167,-0.119375,-1.154785,-1.582031,0.541992,-0.029311,0.057822,-0.046364,chewing,left_chewing,109.240,l_gy,non_chewing
6067983.0,-1.297852,1.406738,-0.188965,-0.063152,0.233421,-0.102322,-1.151855,-1.562012,0.538086,-0.00453,0.074876,-0.051694,chewing,left_chewing,109.240,l_gy,non_chewing
6067993.0,-1.300781,1.416016,-0.228027,-0.019452,0.196916,-0.088466,-1.143555,-1.58252,0.583984,0.006928,0.067948,-0.102322,chewing,left_chewing,109.240,l_gy,non_chewing
6068003.0,-1.303223,1.387695,-0.173828,-0.000266,0.177997,-0.094861,-1.124512,-1.571289,0.587891,0.043966,0.113247,-0.127103,chewing,left_chewing,109.240,l_gy,non_chewing
6068013.0,-1.279785,1.410645,-0.213867,-0.018386,0.154548,-0.069547,-1.177246,-1.535645,0.537598,-0.006928,0.11751,-0.080472,chewing,left_chewing,110.186,l_gy,non_chewing
6068023.0,-1.32666,1.377441,-0.219238,0.011191,0.057822,-0.064217,-1.127441,-1.585938,0.640625,0.040769,0.04743,-0.068214,chewing,left_chewing,110.186,l_gy,non_chewing
6068033.0,-1.30957,1.398926,-0.193848,0.00373,0.018652,-0.052227,-1.160645,-1.533203,0.512695,-0.007461,0.113513,-0.055691,chewing,left_chewing,110.186,l_gy,non_chewing
6068043.0,-1.325684,1.365234,-0.224609,0.047697,-0.038371,-0.044766,-1.121094,-1.583008,0.657227,0.050361,0.016787,-0.015455,chewing,left_chewing,110.186,l_gy,non_chewing
6068053.0,-1.318848,1.410156,-0.202637,0.023449,0.023449,-0.062619,-1.166016,-1.527344,0.500488,-0.050628,0.064484,0.022383,chewing,left_chewing,110.186,l_gy,non_chewing
6068063.0,-1.330566,1.368652,-0.20752,0.04743,0.034907,-0.029044,-1.104492,-1.578125,0.660156,0.020251,0.038904,-0.007194,chewing,left_chewing,110.186,l_gy,non_chewing
6068073.0,-1.30127,1.402344,-0.199219,0.006395,0.108983,-0.030377,-1.185547,-1.513672,0.48584,-0.076475,0.097525,0.027446,chewing,left_chewing,110.186,l_gy,non_chewing
6068083.0,-1.319824,1.358398,-0.211914,0.058089,0.063418,-0.062086,-1.108398,-1.59375,0.655273,0.01732,0.083669,-0.032775,chewing,left_chewing,110.186,l_gy,non_chewing
6068093.0,-1.290039,1.386719,-0.186035,0.022916,0.062352,-0.037305,-1.15918,-1.528809,0.523926,-0.03917,0.179596,-0.069014,chewing,left_chewing,110.186,l_gy,non_chewing
6068103.0,-1.296387,1.362305,-0.199219,0.018919,0.028778,-0.039436,-1.179688,-1.553223,0.578125,-0.040502,0.148953,-0.025047,chewing,left_chewing,110.186,l_gy,non_chewing
6068113.0,-1.299316,1.36377,-0.219238,0.037305,-0.057023,-0.036772,-1.17627,-1.547852,0.554687,-0.044766,0.103387,0.00906,chewing,left_chewing,110.186,l_gy,non_chewing
6068123.0,-1.291504,1.375977,-0.208496,0.034374,-0.152949,-0.042368,-1.18457,-1.5625,0.554687,-0.0429,0.08287,0.041302,chewing,left_chewing,110.186,l_gy,non_chewing
6068133.0,-1.304199,1.374512,-0.204102,0.045832,-0.213969,-0.03917,-1.193359,-1.5625,0.577637,-0.049029,0.086867,0.03011,chewing,left_chewing,110.186,l_gy,non_chewing
6068143.0,-1.303223,1.388184,-0.196777,0.068481,-0.248077,-0.044766,-1.158203,-1.533691,0.558105,-0.088199,0.114046,-0.012257,chewing,left_chewing,110.186,l_gy,non_chewing
6068153.0,-1.302246,1.386719,-0.180664,0.093262,-0.244879,-0.073277,-1.177734,-1.570313,0.544922,-0.055957,0.052227,0.046364,chewing,left_chewing,110.186,l_gy,non_chewing
6068163.0,-1.302734,1.385254,-0.203613,0.120441,-0.22223,-0.104187,-1.174805,-1.553223,0.532715,-0.072478,0.106851,-0.000533,chewing,left_chewing,110.186,l_gy,non_chewing
6068173.0,-1.29834,1.410156,-0.169922,0.150285,-0.2177,-0.158012,-1.140625,-1.561523,0.527832,-0.034107,0.152417,-0.107118,chewing,left_chewing,110.186,l_gy,non_chewing
6068183.0,-1.322266,1.388184,-0.174316,0.160144,-0.221697,-0.154015,-1.172363,-1.574707,0.602539,-0.031975,0.118043,-0.101256,chewing,left_chewing,110.186,l_gy,non_chewing
6068193.0,-1.303223,1.391113,-0.222168,0.094061,-0.197449,-0.174799,-1.190918,-1.545898,0.513184,-0.06928,0.151351,-0.130034,chewing,left_chewing,110.186,l_gy,non_chewing
6068203.0,-1.299805,1.398926,-0.15332,0.062086,-0.246211,-0.207041,-1.169922,-1.577148,0.591309,-0.030377,0.118309,-0.188655,chewing,left_chewing,110.186,l_gy,non_chewing
6068213.0,-1.306152,1.411621,-0.222168,0.045032,-0.311495,-0.227559,-1.199219,-1.544922,0.521973,-0.08287,0.094594,-0.138827,chewing,left_chewing,110.186,l_gy,non_chewing
6068223.0,-1.306152,1.389648,-0.135254,0.051427,-0.396496,-0.236086,-1.140137,-1.583496,0.580078,-0.018919,0.062619,-0.168138,chewing,left_chewing,110.186,l_gy,non_chewing
6068233.0,-1.308594,1.385254,-0.202148,-0.000533,-0.423942,-0.255804,-1.165039,-1.574707,0.506348,-0.06555,0.129234,-0.258202,chewing,left_chewing,110.186,l_gy,non_chewing
6068243.0,-1.307129,1.351074,-0.160156,0.018652,-0.51827,-0.240083,-1.160156,-1.59082,0.580078,-0.033841,0.036239,-0.233155,chewing,left_chewing,110.186,l_gy,non_chewing
6068253.0,-1.292969,1.377441,-0.151855,-0.053292,-0.579822,-0.291243,-1.151367,-1.576172,0.490234,-0.076208,0.073277,-0.257936,chewing,left_chewing,110.186,l_gy,non_chewing
6068263.0,-1.364258,1.324219,-0.137695,-0.112181,-0.600606,-0.125504,-1.15918,-1.600098,0.563477,-0.10019,-0.044499,-0.194518,chewing,left_chewing,110.186,l_gy,non_chewing
6068273.0,-1.369141,1.298828,-0.172363,-0.235553,-0.660827,-0.121507,-1.154785,-1.558105,0.495117,-0.107651,-0.033308,-0.228358,chewing,left_chewing,110.186,l_gy,non_chewing
6068283.0,-1.364258,1.325684,-0.106445,-0.277387,-0.625121,0.0,-1.139648,-1.57373,0.591309,-0.166006,-0.139626,-0.160677,chewing,left_chewing,110.186,l_gy,non_chewing
6068293.0,-1.319824,1.375488,-0.138184,-0.350665,-0.652833,-0.021583,-1.127441,-1.572266,0.521484,-0.12204,-0.050894,-0.22676,chewing,left_chewing,110.186,l_gy,non_chewing
6068303.0,-1.305664,1.379395,-0.141113,-0.37438,-0.711721,0.045299,-1.142578,-1.574219,0.535645,-0.119908,-0.101789,-0.216101,chewing,left_chewing,110.186,l_gy,non_chewing
6068313.0,-1.334961,1.376465,-0.112793,-0.433002,-0.727176,0.073011,-1.186035,-1.574219,0.533691,-0.118842,-0.065017,-0.240882,chewing,left_chewing,110.186,l_gy,non_chewing
6068323.0,-1.339844,1.40625,-0.11084,-0.367985,-0.785531,0.053825,-1.125977,-1.577637,0.524902,-0.160677,-0.036505,-0.239283,chewing,left_chewing,110.186,l_gy,non_chewing
6068333.0,-1.354492,1.416016,-0.106934,-0.302968,-0.758086,0.051694,-1.165039,-1.567871,0.537598,-0.067415,-0.057822,-0.173201,chewing,left_chewing,110.186,l_gy,non_chewing
6068343.0,-1.37207,1.418457,-0.088379,-0.214769,-0.734371,0.007461,-1.130859,-1.569336,0.544922,-0.097525,0.03544,-0.179862,chewing,left_chewing,110.186,l_gy,non_chewing
6068353.0,-1.397949,1.442871,-0.096191,-0.046098,-0.744763,0.018119,-1.075684,-1.584473,0.540039,-0.094061,0.00826,-0.086867,chewing,left_chewing,110.186,l_gy,non_chewing
6068363.0,-1.421875,1.425293,-0.09082,0.040769,-0.605403,-0.008793,-1.136719,-1.563477,0.525391,0.046098,0.096459,-0.148153,chewing,left_chewing,110.186,l_gy,non_chewing
6068373.0,-1.467285,1.394531,-0.09668,0.087133,-0.424475,0.034107,-1.102051,-1.570801,0.546387,0.069014,0.124172,-0.12657,chewing,left_chewing,110.186,l_gy,non_chewing
6068383.0,-1.439453,1.407227,-0.087402,0.102588,-0.247011,0.00906,-1.10791,-1.577637,0.537598,0.063685,0.150818,-0.088466,chewing,left_chewing,110.186,l_gy,non_chewing
6068393.0,-1.422852,1.400391,-0.120117,0.102588,-0.060487,0.017853,-1.123535,-1.565918,0.530273,0.038904,0.142291,-0.034907,chewing,left_chewing,110.186,l_gy,non_chewing
6068403.0,-1.396973,1.419434,-0.058105,0.087933,0.045565,-0.000266,-1.077637,-1.580078,0.564453,0.049029,0.142824,-0.03917,chewing,left_chewing,110.186,l_gy,non_chewing
6068413.0,-1.373047,1.399902,-0.149902,0.176665,0.060221,0.050361,-1.124023,-1.573242,0.552246,-0.007727,0.118576,-0.007994,chewing,left_chewing,110.186,l_gy,non_chewing
6068423.0,-1.359863,1.416504,-0.081543,0.166006,0.07008,0.024248,-1.054199,-1.585938,0.591797,0.063951,0.155081,-0.014922,chewing,left_chewing,110.186,l_gy,non_chewing
6068433.0,-1.360352,1.40332,-0.173828,0.186257,0.055424,0.07008,-1.109375,-1.551758,0.53125,0.011724,0.127103,0.026646,chewing,left_chewing,110.186,l_gy,non_chewing
6068443.0,-1.376465,1.388184,-0.115723,0.254738,0.006129,0.096193,-1.089844,-1.59375,0.595215,0.050095,0.10392,0.067948,chewing,left_chewing,110.186,l_gy,non_chewing
6068453.0,-1.379395,1.394043,-0.097168,0.24408,0.002132,0.10019,-1.106445,-1.583496,0.604004,0.070613,0.092196,0.087933,chewing,left_chewing,110.186,l_gy,non_chewing
6068463.0,-1.382324,1.384766,-0.120605,0.225694,0.036505,0.080205,-1.121094,-1.564453,0.571777,0.0437,0.092995,0.13936,chewing,left_chewing,110.186,l_gy,non_chewing
6068473.0,-1.388672,1.361328,-0.140137,0.202245,0.089531,0.063152,-1.109863,-1.56543,0.565918,0.014123,0.084735,0.180662,chewing,left_chewing,110.186,l_gy,non_chewing
6068483.0,-1.396973,1.352539,-0.133301,0.135096,0.111115,0.069547,-1.132324,-1.560059,0.560547,0.005063,0.074077,0.190787,chewing,left_chewing,110.186,l_gy,non_chewing
6068493.0,-1.390625,1.348633,-0.125488,0.057023,0.203844,0.095926,-1.141113,-1.574219,0.571289,0.005329,0.049828,0.227825,chewing,left_chewing,110.186,l_gy,non_chewing
6068503.0,-1.371582,1.351563,-0.111816,0.021583,0.222496,0.118309,-1.139648,-1.57959,0.554687,-0.003997,0.029844,0.231289,chewing,left_chewing,110.186,l_gy,non_chewing
6068513.0,-1.356934,1.364258,-0.128418,0.021583,0.214236,0.13483,-1.140137,-1.575195,0.55127,-0.001066,0.027446,0.17853,chewing,left_chewing,110.186,l_gy,non_chewing
6068523.0,-1.335449,1.37793,-0.126465,0.030377,0.20491,0.135629,-1.157715,-1.569824,0.557129,-0.007994,-0.014123,0.162809,chewing,left_chewing,110.186,l_gy,non_chewing
6068533.0,-1.30957,1.399902,-0.137207,0.065017,0.146288,0.103121,-1.158203,-1.572266,0.564453,-0.032508,-0.039436,0.145222,chewing,left_chewing,110.980,l_gy,non_chewing
6068543.0,-1.354492,1.371094,-0.132324,0.078873,0.17853,0.110049,-1.155762,-1.559082,0.575684,-0.050095,-0.052227,0.131366,chewing,left_chewing,110.980,l_gy,non_chewing
6068553.0,-1.338867,1.374512,-0.106934,0.05649,0.108983,0.043966,-1.168457,-1.561035,0.567871,-0.045032,-0.022116,0.090064,chewing,left_chewing,110.980,l_gy,non_chewing
6068563.0,-1.341797,1.366211,-0.121582,0.088199,0.117776,0.032242,-1.171387,-1.574219,0.561523,-0.036505,0.011458,0.061819,chewing,left_chewing,110.980,l_gy,non_chewing
6068573.0,-1.34082,1.36084,-0.107422,0.071145,0.129234,0.009326,-1.166504,-1.571289,0.574219,-0.061286,0.056757,0.013856,chewing,left_chewing,110.980,l_gy,non_chewing
6068583.0,-1.337402,1.354492,-0.121582,0.062086,0.107651,-0.001066,-1.17334,-1.5625,0.557129,-0.071945,0.092196,-0.049296,chewing,left_chewing,110.980,l_gy,non_chewing
6068593.0,-1.333984,1.373535,-0.120605,0.043966,0.054092,0.001865,-1.176758,-1.56543,0.559082,-0.077008,0.096459,-0.084202,chewing,left_chewing,110.980,l_gy,non_chewing
6068603.0,-1.342285,1.367188,-0.128418,0.042634,0.008527,0.001066,-1.165039,-1.563477,0.559082,-0.085534,0.112181,-0.148953,chewing,left_chewing,110.980,l_gy,non_chewing
6068613.0,-1.354004,1.369141,-0.132324,0.01732,-0.025847,-0.007994,-1.193359,-1.565918,0.541992,-0.095926,0.066616,-0.129501,chewing,left_chewing,110.980,l_gy,non_chewing
6068623.0,-1.351074,1.368652,-0.123535,0.033308,-0.072211,0.021317,-1.162598,-1.580566,0.558594,-0.101256,0.049029,-0.140959,chewing,left_chewing,110.980,l_gy,non_chewing
6068633.0,-1.374023,1.385254,-0.094238,-0.019985,-0.051427,0.06555,-1.133789,-1.585449,0.562012,-0.066882,0.081804,-0.157213,chewing,left_chewing,110.980,l_gy,non_chewing
6068643.0,-1.369629,1.38623,-0.118652,-0.067948,-0.01359,0.083136,-1.139648,-1.57666,0.536133,-0.05196,0.085801,-0.159078,chewing,left_chewing,110.980,l_gy,non_chewing
6068653.0,-1.370117,1.377441,-0.131348,-0.088199,-0.001332,0.098591,-1.127441,-1.570801,0.569336,-0.038904,0.059954,-0.167605,chewing,left_chewing,110.980,l_gy,non_chewing
6068663.0,-1.365723,1.380371,-0.123535,-0.099923,0.023982,0.105786,-1.121094,-1.570801,0.56543,-0.041302,0.03544,-0.159611,chewing,left_chewing,110.980,l_gy,non_chewing
6068673.0,-1.364258,1.393066,-0.115723,-0.127103,0.051427,0.126836,-1.14209,-1.569824,0.561035,-0.036772,0.005596,-0.160943,chewing,left_chewing,110.980,l_gy,non_chewing
6068683.0,-1.352539,1.397949,-0.126465,-0.129234,0.042368,0.110848,-1.13623,-1.571777,0.558594,-0.031176,0.008527,-0.180129,chewing,left_chewing,110.980,l_gy,non_chewing
6068693.0,-1.348145,1.424805,-0.123535,-0.095394,0.011191,0.129767,-1.14502,-1.575684,0.561035,-0.015988,0.00453,-0.208107,chewing,left_chewing,110.980,l_gy,non_chewing
6068703.0,-1.34375,1.407715,-0.120605,-0.046098,-0.047697,0.139093,-1.125488,-1.583496,0.560059,-0.000533,0.033308,-0.255804,chewing,left_chewing,110.980,l_gy,non_chewing
6068713.0,-1.370117,1.407227,-0.11377,0.007727,-0.113779,0.159611,-1.131348,-1.572266,0.55957,-0.000799,0.023982,-0.263265,chewing,left_chewing,110.980,l_gy,non_chewing
6068723.0,-1.383789,1.397949,-0.097656,0.062619,-0.10925,0.163341,-1.140625,-1.574707,0.547852,0.033841,-0.017054,-0.239017,chewing,left_chewing,110.980,l_gy,non_chewing
6068733.0,-1.396484,1.384277,-0.09082,0.119375,-0.063152,0.20038,-1.131348,-1.583984,0.55127,0.041568,-0.049029,-0.193985,chewing,left_chewing,110.980,l_gy,non_chewing
6068743.0,-1.39209,1.387695,-0.091797,0.150818,-0.020784,0.180662,-1.132813,-1.580566,0.536621,0.049562,-0.050095,-0.177198,chewing,left_chewing,110.980,l_gy,non_chewing
6068753.0,-1.378418,1.39502,-0.089355,0.17773,0.029577,0.162542,-1.129395,-1.574707,0.539062,0.069014,-0.046364,-0.140692,chewing,left_chewing,110.980,l_gy,non_chewing
6068763.0,-1.380371,1.39209,-0.094238,0.174799,0.097259,0.149485,-1.129883,-1.561523,0.554199,0.075942,-0.075142,-0.072478,chewing,left_chewing,110.980,l_gy,non_chewing
6068773.0,-1.338379,1.414551,-0.100098,0.211038,0.155614,0.09566,-1.104492,-1.568359,0.547363,0.046897,-0.063418,-0.04823,chewing,left_chewing,110.980,l_gy,non_chewing
6068783.0,-1.341797,1.416504,-0.112305,0.225161,0.165207,0.092995,-1.125488,-1.572266,0.559082,0.029844,-0.0429,-0.019185,chewing,left_chewing,110.980,l_gy,non_chewing
6068793.0,-1.330078,1.410156,-0.118652,0.227292,0.175599,0.079139,-1.114258,-1.577637,0.559082,0.014389,-0.004263,0.005862,chewing,left_chewing,110.980,l_gy,non_chewing
6068803.0,-1.328125,1.396484,-0.117188,0.226227,0.191054,0.038637,-1.12207,-1.575684,0.556641,0.010126,0.02185,0.011191,chewing,left_chewing,110.980,l_gy,non_chewing
6068813.0,-1.344238,1.392578,-0.117188,0.213436,0.182793,0.038904,-1.141113,-1.586914,0.570801,-0.012257,0.025314,0.050361,chewing,left_chewing,110.980,l_gy,non_chewing
6068823.0,-1.352051,1.375,-0.119141,0.191853,0.206508,0.078873,-1.136719,-1.595215,0.546387,-0.016521,0.017853,0.095926,chewing,left_chewing,110.980,l_gy,non_chewing
6068833.0,-1.335938,1.374023,-0.115234,0.171602,0.205709,0.059155,-1.145996,-1.592773,0.542969,-0.00906,0.024248,0.098058,chewing,left_chewing,110.980,l_gy,non_chewing
6068843.0,-1.342285,1.380859,-0.103027,0.158545,0.233688,0.061553,-1.14209,-1.595215,0.550293,-0.011991,0.055158,0.06928,chewing,left_chewing,110.980,l_gy,non_chewing
6068853.0,-1.33252,1.383789,-0.118164,0.152949,0.237951,0.082603,-1.15918,-1.589844,0.558105,0.00453,0.027179,0.072744,chewing,left_chewing,110.980,l_gy,non_chewing
6068863.0,-1.315918,1.395508,-0.115234,0.150285,0.238484,0.09566,-1.149414,-1.588379,0.537598,0.001066,0.036505,0.0437,chewing,left_chewing,110.980,l_gy,non_chewing
6068873.0,-1.304199,1.404297,-0.147461,0.163075,0.243547,0.107917,-1.141602,-1.567383,0.561523,0.002665,0.02558,0.026113,chewing,left_chewing,110.980,l_gy,non_chewing
6068883.0,-1.306152,1.408691,-0.136719,0.166539,0.24328,0.116444,-1.145508,-1.566895,0.571777,-0.010658,0.041302,-0.004796,chewing,left_chewing,110.980,l_gy,non_chewing
6068893.0,-1.29834,1.412598,-0.151855,0.137761,0.201446,0.102855,-1.14502,-1.572266,0.553223,-0.020518,0.065816,-0.033041,chewing,left_chewing,110.980,l_gy,non_chewing
6068903.0,-1.297852,1.408203,-0.155273,0.14762,0.124438,0.10925,-1.145508,-1.569824,0.565918,0.008527,0.046897,-0.049029,chewing,left_chewing,110.980,l_gy,non_chewing
6068913.0,-1.310059,1.408203,-0.14502,0.114845,0.077541,0.092196,-1.133301,-1.584473,0.559082,0.035173,0.036239,-0.068481,chewing,left_chewing,110.980,l_gy,non_chewing
6068923.0,-1.312012,1.402344,-0.126953,0.119375,0.041568,0.118576,-1.137695,-1.583984,0.568359,0.046631,0.030643,-0.090597,chewing,left_chewing,110.980,l_gy,non_chewing
6068933.0,-1.331055,1.404297,-0.120117,0.057023,0.080472,0.117776,-1.12793,-1.578613,0.55127,0.045032,0.031443,-0.090331,chewing,left_chewing,110.980,l_gy,non_chewing
6068943.0,-1.337891,1.405273,-0.145996,0.006662,0.137761,0.133764,-1.14502,-1.577148,0.54248,0.015721,0.032775,-0.06555,chewing,left_chewing,110.980,l_gy,non_chewing
6068953.0,-1.336914,1.389648,-0.128906,0.009326,0.183326,0.138294,-1.147461,-1.596191,0.552734,0.006928,-0.001332,-0.027712,chewing,left_chewing,110.980,l_gy,non_chewing
6068963.0,-1.331055,1.383789,-0.142578,-0.046098,0.242214,0.07834,-1.135254,-1.573242,0.559082,-0.02185,-0.051427,0.003997,chewing,left_chewing,110.980,l_gy,non_chewing
6068973.0,-1.329102,1.38916,-0.144043,0.006129,0.221963,0.044499,-1.128906,-1.570313,0.572754,-0.00826,-0.055158,0.011458,chewing,left_chewing,110.980,l_gy,non_chewing
6068983.0,-1.317383,1.413086,-0.130371,-0.01279,0.230224,0.003198,-1.130859,-1.559082,0.570312,0.011724,-0.062086,0.003198,chewing,left_chewing,110.980,l_gy,non_chewing
6068993.0,-1.318359,1.40332,-0.166504,0.032508,0.163341,-0.001066,-1.154785,-1.563965,0.570312,0.009593,-0.053292,0.005063,chewing,left_chewing,110.980,l_gy,non_chewing
6069003.0,-1.322266,1.402832,-0.175781,0.126836,0.060221,-0.009859,-1.142578,-1.566895,0.57959,0.002931,-0.057289,0.033574,chewing,left_chewing,110.980,l_gy,non_chewing
6069013.0,-1.311035,1.404785,-0.147949,0.135629,0.058089,-0.012524,-1.105469,-1.587402,0.586914,0.033574,-0.005596,0.031176,chewing,left_chewing,110.980,l_gy,non_chewing
6069023.0,-1.322754,1.407227,-0.111328,0.107651,0.056224,0.025047,-1.095703,-1.603516,0.585449,0.019718,0.103121,-0.033041,chewing,left_chewing,110.980,l_gy,non_chewing
6069033.0,-1.294434,1.432617,-0.128418,0.035972,0.105253,0.010126,-1.108887,-1.602051,0.555664,0.010126,0.184392,-0.082603,chewing,left_chewing,110.980,l_gy,non_chewing
6069043.0,-1.288574,1.435059,-0.15332,-0.005596,0.166273,0.005862,-1.088867,-1.601074,0.575684,0.006928,0.239816,-0.142291,chewing,left_chewing,110.980,l_gy,non_chewing
6069053.0,-1.305664,1.416992,-0.138184,-0.058089,0.172401,0.053292,-1.096191,-1.60498,0.565918,0.020784,0.240083,-0.221697,chewing,left_chewing,110.980,l_gy,non_chewing
6069063.0,-1.274414,1.40625,-0.158691,-0.054625,0.158012,0.066349,-1.117676,-1.596191,0.571289,0.036772,0.190521,-0.236885,chewing,left_chewing,110.980,l_gy,non_chewing
6069073.0,-1.304688,1.407715,-0.148926,-0.063951,0.06102,0.063418,-1.112793,-1.588867,0.574707,0.049029,0.144956,-0.218233,chewing,left_chewing,107.718,l_gy,non_chewing
6069083.0,-1.32666,1.401367,-0.163574,-0.068481,0.031975,0.092196,-1.118652,-1.577148,0.587891,0.049562,0.111914,-0.177997,chewing,left_chewing,107.718,l_gy,non_chewing
6069093.0,-1.311523,1.417969,-0.149902,-0.050095,0.005329,0.146821,-1.109863,-1.580078,0.58252,0.065283,0.080738,-0.15215,chewing,left_chewing,107.718,l_gy,non_chewing
6069103.0,-1.314941,1.418457,-0.165039,-0.002931,-0.065017,0.1311,-1.106445,-1.577637,0.569824,0.063418,0.08287,-0.132165,chewing,left_chewing,107.718,l_gy,non_chewing
6069113.0,-1.320801,1.431641,-0.149414,-0.002665,-0.054092,0.095926,-1.110352,-1.586914,0.567871,0.08207,0.084735,-0.142824,chewing,left_chewing,107.718,l_gy,non_chewing
6069123.0,-1.334473,1.40918,-0.129883,0.026113,-0.033574,0.102855,-1.092773,-1.578125,0.559082,0.075675,0.115911,-0.178263,chewing,left_chewing,107.718,l_gy,non_chewing
6069133.0,-1.325195,1.416504,-0.13916,0.077008,-0.034107,0.04743,-1.095703,-1.57666,0.555176,0.095394,0.075142,-0.144956,chewing,left_chewing,107.718,l_gy,non_chewing
6069143.0,-1.324707,1.40332,-0.14209,0.132432,-0.043167,0.007461,-1.101563,-1.581543,0.565918,0.065816,0.104453,-0.144423,chewing,left_chewing,107.718,l_gy,non_chewing
6069153.0,-1.317383,1.398926,-0.142578,0.170003,-0.035173,0.0,-1.109375,-1.573242,0.568848,0.041035,0.122306,-0.132698,chewing,left_chewing,107.718,l_gy,non_chewing
6069163.0,-1.329102,1.370117,-0.14209,0.212637,-0.03464,0.034374,-1.106934,-1.583008,0.570801,0.03917,0.121507,-0.112181,chewing,left_chewing,107.718,l_gy,non_chewing
6069173.0,-1.326172,1.371094,-0.161133,0.248609,-0.079939,0.0429,-1.121094,-1.575684,0.571777,0.0437,0.113779,-0.057822,chewing,left_chewing,107.718,l_gy,non_chewing
6069183.0,-1.310059,1.378906,-0.154297,0.26966,-0.117776,0.042634,-1.112305,-1.569824,0.591309,0.045832,0.07381,0.024781,chewing,left_chewing,107.718,l_gy,non_chewing
6069193.0,-1.291016,1.380371,-0.166504,0.254205,-0.139893,0.011724,-1.105469,-1.569336,0.57666,0.02185,0.129234,0.030643,chewing,left_chewing,107.718,l_gy,non_chewing
6069203.0,-1.3125,1.394531,-0.154785,0.173467,-0.123905,-0.036772,-1.112305,-1.581543,0.567871,0.005063,0.173201,0.023182,chewing,left_chewing,107.718,l_gy,non_chewing
6069213.0,-1.31543,1.388184,-0.161621,0.140692,-0.150818,-0.085002,-1.126953,-1.571777,0.580078,0.019718,0.133498,0.099391,chewing,left_chewing,107.718,l_gy,non_chewing
6069223.0,-1.313477,1.406738,-0.183594,0.149485,-0.172668,-0.107384,-1.105957,-1.577637,0.541016,-0.027446,0.137228,0.107118,chewing,left_chewing,107.718,l_gy,non_chewing
6069233.0,-1.32373,1.390137,-0.134277,0.132165,-0.184126,-0.132432,-1.087402,-1.591309,0.586914,-0.011724,0.114845,0.109516,chewing,left_chewing,107.718,l_gy,non_chewing
6069243.0,-1.316895,1.394531,-0.170898,0.08287,-0.163075,-0.13856,-1.133789,-1.584961,0.573242,-0.061286,0.102322,0.120708,chewing,left_chewing,107.718,l_gy,non_chewing
6069253.0,-1.348633,1.368652,-0.148926,0.052493,-0.192652,-0.096459,-1.101074,-1.611816,0.608398,-0.019452,0.094861,0.108184,chewing,left_chewing,107.718,l_gy,non_chewing
6069263.0,-1.330566,1.379395,-0.150879,-0.033841,-0.185458,-0.084469,-1.129883,-1.571777,0.541504,-0.042368,0.124971,0.078074,chewing,left_chewing,107.718,l_gy,non_chewing
6069273.0,-1.333008,1.374023,-0.189941,-0.051161,-0.212371,-0.081005,-1.147461,-1.592285,0.596191,-0.078074,0.097525,0.05649,chewing,left_chewing,107.718,l_gy,non_chewing
6069283.0,-1.347168,1.372559,-0.134277,-0.087666,-0.287513,-0.103121,-1.112793,-1.604004,0.618164,0.002931,0.064217,0.009859,chewing,left_chewing,107.718,l_gy,non_chewing
6069293.0,-1.340332,1.400879,-0.140625,-0.116444,-0.297639,-0.089531,-1.149902,-1.567383,0.520996,-0.030377,0.071145,-0.010126,chewing,left_chewing,107.718,l_gy,non_chewing
6069303.0,-1.354004,1.385742,-0.164062,-0.113247,-0.315758,-0.047164,-1.157227,-1.592773,0.591309,-0.055691,0.01732,-0.001332,chewing,left_chewing,107.718,l_gy,non_chewing
6069313.0,-1.347168,1.399414,-0.100098,-0.06928,-0.355194,-0.038637,-1.097168,-1.59375,0.619629,0.002398,0.00373,-0.019985,chewing,left_chewing,107.718,l_gy,non_chewing
6069323.0,-1.352051,1.396973,-0.116699,-0.104453,-0.301103,-0.00906,-1.109375,-1.552734,0.516602,-0.017853,0.052493,-0.061819,chewing,left_chewing,107.718,l_gy,non_chewing
6069333.0,-1.359375,1.374512,-0.157715,-0.130567,-0.326417,-0.019185,-1.139648,-1.581543,0.585449,-0.053026,0.051694,-0.069813,chewing,left_chewing,107.718,l_gy,non_chewing
6069343.0,-1.348145,1.377441,-0.116211,-0.123372,-0.342404,-0.026913,-1.119629,-1.592773,0.611816,-0.009593,0.000533,-0.054891,chewing,left_chewing,107.718,l_gy,non_chewing
6069353.0,-1.34668,1.377441,-0.104004,-0.149219,-0.381574,-0.032775,-1.115723,-1.568848,0.57666,0.002931,0.01359,-0.037038,chewing,left_chewing,107.718,l_gy,non_chewing
6069363.0,-1.316406,1.419922,-0.133301,-0.149219,-0.384772,-0.065816,-1.13916,-1.558594,0.536133,-0.038371,0.020784,0.01359,chewing,left_chewing,107.718,l_gy,non_chewing
6069373.0,-1.32373,1.390625,-0.145508,-0.128435,-0.37891,-0.079672,-1.139648,-1.575195,0.587891,-0.038104,0.004263,0.037038,chewing,left_chewing,107.718,l_gy,non_chewing
6069383.0,-1.331055,1.386719,-0.109375,-0.073544,-0.380242,-0.029577,-1.11377,-1.594727,0.593262,-0.031176,-0.014389,0.077541,chewing,left_chewing,107.718,l_gy,non_chewing
6069393.0,-1.428223,1.32373,-0.101563,-0.053559,-0.444459,0.07381,-1.110352,-1.581543,0.586426,-0.028511,-0.007994,0.113513,chewing,left_chewing,107.718,l_gy,non_chewing
6069403.0,-1.35498,1.37207,-0.081055,-0.065816,-0.370649,0.030377,-1.132813,-1.560547,0.532715,-0.03091,-0.033308,0.18679,chewing,left_chewing,107.718,l_gy,non_chewing
6069413.0,-1.371582,1.317871,-0.105469,-0.104187,-0.526796,0.08287,-1.15625,-1.553223,0.550293,-0.089798,-0.038904,0.208107,chewing,left_chewing,107.718,l_gy,non_chewing
6069423.0,-1.413086,1.313965,-0.102051,-0.170003,-0.605136,0.155348,-1.132813,-1.581543,0.568359,-0.061286,-0.088732,0.294441,chewing,left_chewing,107.718,l_gy,non_chewing
6069433.0,-1.378906,1.330566,-0.111816,-0.18226,-0.72238,0.236086,-1.17334,-1.583496,0.583984,-0.100456,-0.074876,0.305632,chewing,left_chewing,107.718,l_gy,non_chewing
6069443.0,-1.361328,1.374023,-0.076172,-0.2177,-0.74423,0.303234,-1.139648,-1.610352,0.584961,-0.109783,-0.011458,0.283783,chewing,left_chewing,107.718,l_gy,non_chewing
6069453.0,-1.367676,1.405762,-0.051758,-0.203311,-0.762882,0.309096,-1.130859,-1.598145,0.565918,-0.102855,0.074077,0.26966,chewing,left_chewing,107.718,l_gy,non_chewing
6069463.0,-1.360352,1.444824,-0.026367,-0.159611,-0.691204,0.26593,-1.166016,-1.591309,0.55127,-0.100723,0.168404,0.153749,chewing,left_chewing,107.718,l_gy,non_chewing
6069473.0,-1.344238,1.447266,-0.019531,-0.096459,-0.586484,0.129767,-1.145508,-1.572266,0.529785,-0.105253,0.151351,0.142291,chewing,left_chewing,107.718,l_gy,non_chewing
6069483.0,-1.363281,1.441406,-0.033691,-0.060487,-0.450588,0.015455,-1.146973,-1.570313,0.563477,-0.071145,0.111914,0.112181,chewing,left_chewing,107.718,l_gy,non_chewing
6069493.0,-1.366699,1.432129,-0.029297,-0.126303,-0.231023,-0.061553,-1.197266,-1.549805,0.57373,-0.040236,0.057023,0.078606,chewing,left_chewing,107.718,l_gy,non_chewing
6069503.0,-1.396484,1.431641,-0.030762,-0.136429,-0.100456,-0.033574,-1.162598,-1.568848,0.573242,-0.025047,-0.007194,0.105519,chewing,left_chewing,107.718,l_gy,non_chewing
6069513.0,-1.371582,1.441406,-0.041992,-0.102588,-0.021051,0.019985,-1.162109,-1.565918,0.57373,-0.007727,-0.011724,0.060487,chewing,left_chewing,107.718,l_gy,non_chewing
6069523.0,-1.32666,1.45166,-0.046875,-0.075409,0.001599,0.038104,-1.188477,-1.561035,0.586914,-0.034907,-0.038371,0.027446,chewing,left_chewing,107.718,l_gy,non_chewing
6069533.0,-1.342773,1.452148,-0.069336,0.00453,-0.022916,0.049562,-1.154785,-1.564453,0.585449,-0.053026,-0.028511,0.03464,chewing,left_chewing,107.718,l_gy,non_chewing
6069543.0,-1.310059,1.459473,-0.045898,0.052227,0.023449,0.056757,-1.166016,-1.568848,0.577637,-0.058355,0.003997,0.010658,chewing,left_chewing,107.718,l_gy,non_chewing
6069553.0,-1.328125,1.427246,-0.043457,0.1303,-0.015988,0.054625,-1.164551,-1.572266,0.573242,-0.033574,0.019452,0.023182,chewing,left_chewing,107.718,l_gy,non_chewing
6069563.0,-1.351563,1.431152,-0.030762,0.199047,0.040502,0.053825,-1.151367,-1.558594,0.558105,-0.035972,0.059954,-0.015188,chewing,left_chewing,107.718,l_gy,non_chewing
6069573.0,-1.367676,1.415527,-0.025879,0.243813,0.178796,0.071145,-1.155762,-1.572754,0.572266,-0.027979,0.040769,-0.02638,chewing,left_chewing,107.718,l_gy,non_chewing
6069583.0,-1.378906,1.394531,-0.02002,0.20038,0.293908,0.047963,-1.117676,-1.574707,0.57666,0.006662,0.051694,-0.035972,chewing,left_chewing,107.718,l_gy,non_chewing
6069593.0,-1.379883,1.400879,-0.021973,0.155881,0.397029,0.049828,-1.115234,-1.560547,0.560059,-0.00373,0.03544,-0.021583,chewing,left_chewing,107.718,l_gy,non_chewing
6069603.0,-1.39502,1.411621,-0.049316,0.116711,0.494021,0.039436,-1.109375,-1.555176,0.575195,-0.018386,0.015455,0.026646,chewing,left_chewing,107.718,l_gy,non_chewing
6069613.0,-1.39209,1.411133,-0.047363,0.079406,0.546248,0.079939,-1.119141,-1.540039,0.560547,-0.023982,0.058622,0.000533,chewing,left_chewing,107.718,l_gy,non_chewing
6069623.0,-1.372559,1.421387,-0.068359,0.102322,0.566766,0.080738,-1.140625,-1.551758,0.543945,-0.055158,0.062885,-0.033308,chewing,left_chewing,110.589,l_gy,non_chewing
6069633.0,-1.364746,1.427734,-0.058105,0.09193,0.529994,0.09193,-1.169434,-1.569336,0.565918,-0.109516,0.060221,-0.021051,chewing,left_chewing,110.589,l_gy,non_chewing
6069643.0,-1.372559,1.418457,-0.068359,0.087133,0.535323,0.110848,-1.14502,-1.577637,0.584961,-0.055424,0.054625,-0.01732,chewing,left_chewing,110.589,l_gy,non_chewing
6069653.0,-1.364746,1.410645,-0.059082,0.070879,0.575559,0.144156,-1.127441,-1.583984,0.572266,-0.053292,0.011458,0.026113,chewing,left_chewing,110.589,l_gy,non_chewing
6069663.0,-1.35498,1.409668,-0.082031,0.038904,0.583553,0.163874,-1.124023,-1.583496,0.562988,-0.080472,-0.017054,0.046098,chewing,left_chewing,110.589,l_gy,non_chewing
6069673.0,-1.352051,1.40625,-0.079102,0.02185,0.578757,0.160144,-1.132813,-1.583984,0.564941,-0.085268,-0.031709,0.039436,chewing,left_chewing,110.589,l_gy,non_chewing
6069683.0,-1.341309,1.415527,-0.096191,0.013323,0.522533,0.131632,-1.154297,-1.561523,0.580566,-0.064484,-0.065816,0.045832,chewing,left_chewing,110.589,l_gy,non_chewing
6069693.0,-1.331543,1.432617,-0.094238,0.055957,0.462046,0.133231,-1.143066,-1.563965,0.576172,-0.058355,-0.116977,0.067415,chewing,left_chewing,110.589,l_gy,non_chewing
6069703.0,-1.351563,1.421875,-0.089355,0.056224,0.435133,0.157746,-1.145508,-1.569336,0.586426,-0.042634,-0.099124,0.043433,chewing,left_chewing,110.589,l_gy,non_chewing
6069713.0,-1.345703,1.415039,-0.106934,0.071678,0.401293,0.187057,-1.154297,-1.562012,0.58252,-0.014389,-0.084202,0.034107,chewing,left_chewing,110.589,l_gy,non_chewing
6069723.0,-1.358398,1.412109,-0.104492,0.064217,0.387703,0.198248,-1.166504,-1.55957,0.588379,-0.028778,-0.061553,0.032775,chewing,left_chewing,110.589,l_gy,non_chewing
6069733.0,-1.348633,1.396484,-0.104492,0.042634,0.423675,0.192119,-1.176758,-1.592773,0.587402,-0.044499,-0.109516,0.096459,chewing,left_chewing,110.589,l_gy,non_chewing
6069743.0,-1.337891,1.376465,-0.104492,0.047963,0.385305,0.193985,-1.149414,-1.524902,0.589355,-0.027712,-0.036772,0.023182,chewing,left_chewing,110.589,l_gy,non_chewing
6069753.0,-1.319824,1.407227,-0.102539,0.040502,0.3917,0.174266,-1.162109,-1.555664,0.568848,-0.066882,-0.071678,0.073544,chewing,left_chewing,110.589,l_gy,non_chewing
6069763.0,-1.302246,1.412598,-0.120117,0.045299,0.380508,0.182527,-1.144531,-1.544434,0.574707,-0.050361,-0.029044,-0.018652,chewing,left_chewing,110.589,l_gy,non_chewing
6069773.0,-1.284668,1.443359,-0.12207,0.078606,0.330413,0.166006,-1.143066,-1.554199,0.583984,-0.038637,-0.018652,0.01279,chewing,left_chewing,110.589,l_gy,non_chewing
6069783.0,-1.292969,1.43457,-0.128418,0.135896,0.295507,0.163075,-1.135254,-1.554199,0.576172,-0.031709,-0.014389,0.015988,chewing,left_chewing,110.589,l_gy,non_chewing
6069793.0,-1.290527,1.437988,-0.116699,0.219565,0.254472,0.147354,-1.073242,-1.552734,0.553223,-0.02558,-0.04823,0.018919,chewing,left_chewing,110.589,l_gy,non_chewing
6069803.0,-1.29248,1.455078,-0.118652,0.245945,0.257936,0.118043,-1.116699,-1.568848,0.575195,-0.048496,-0.017587,0.047963,chewing,left_chewing,110.589,l_gy,non_chewing
6069813.0,-1.283691,1.457031,-0.116211,0.292842,0.297905,0.089798,-1.108398,-1.555176,0.572754,-0.055158,-0.04823,0.082337,chewing,left_chewing,110.589,l_gy,non_chewing
6069823.0,-1.32666,1.405762,-0.114746,0.268328,0.315492,0.104986,-1.154785,-1.560059,0.565918,-0.067948,-0.039703,0.094594,chewing,left_chewing,110.589,l_gy,non_chewing
6069833.0,-1.302246,1.401367,-0.112305,0.268061,0.389302,0.137228,-1.148438,-1.572754,0.572266,-0.073277,-0.039969,0.109783,chewing,left_chewing,110.589,l_gy,non_chewing
6069843.0,-1.279297,1.414063,-0.121582,0.243547,0.407155,0.13856,-1.150391,-1.519043,0.554199,-0.042368,-0.035706,0.141225,chewing,left_chewing,110.589,l_gy,non_chewing
6069853.0,-1.279785,1.406738,-0.118652,0.201712,0.456717,0.15215,-1.148438,-1.549805,0.563965,-0.058089,-0.002132,0.111914,chewing,left_chewing,110.589,l_gy,non_chewing
6069863.0,-1.226563,1.416992,-0.123047,0.206775,0.456717,0.155614,-1.146973,-1.548828,0.564941,-0.062086,0.0,0.119375,chewing,left_chewing,110.589,l_gy,non_chewing
6069873.0,-1.223145,1.431641,-0.132812,0.185724,0.456184,0.124704,-1.145508,-1.564941,0.562988,-0.077541,0.070346,0.069014,chewing,left_chewing,110.589,l_gy,non_chewing
6069883.0,-1.220703,1.419434,-0.14502,0.167605,0.417813,0.08287,-1.145508,-1.558594,0.565918,-0.063152,0.058622,0.106319,chewing,left_chewing,110.589,l_gy,non_chewing
6069893.0,-1.223633,1.424805,-0.169434,0.166273,0.357326,0.093262,-1.071777,-1.607422,0.578125,-0.029311,0.101522,0.063685,chewing,left_chewing,110.589,l_gy,non_chewing
6069903.0,-1.224609,1.419434,-0.151855,0.117243,0.287513,0.071945,-1.125977,-1.539063,0.59375,-0.032508,0.02185,0.114579,chewing,left_chewing,110.589,l_gy,non_chewing
6069913.0,-1.233398,1.41748,-0.15625,0.091663,0.245678,0.080472,-1.15625,-1.564941,0.57666,-0.054358,0.0429,0.062885,chewing,left_chewing,110.589,l_gy,non_chewing
6069923.0,-1.243652,1.416016,-0.160645,0.035706,0.221963,0.057556,-1.183105,-1.561523,0.561035,-0.024248,0.018652,0.041302,chewing,left_chewing,110.589,l_gy,non_chewing
6069933.0,-1.259277,1.425781,-0.15332,-0.010126,0.220098,-0.016254,-1.184082,-1.568848,0.560547,0.00453,0.059954,-0.011724,chewing,left_chewing,110.589,l_gy,non_chewing
6069943.0,-1.276367,1.433105,-0.129883,-0.06102,0.209173,-0.007461,-1.186035,-1.566406,0.545898,-0.006395,0.082337,-0.032508,chewing,left_chewing,110.589,l_gy,non_chewing
6069953.0,-1.290039,1.423828,-0.137695,-0.051694,0.245145,0.002665,-1.192383,-1.541992,0.564453,-0.000533,0.074876,-0.005063,chewing,left_chewing,110.589,l_gy,non_chewing
6069963.0,-1.276855,1.432617,-0.140137,0.003997,0.218233,-0.020251,-1.161133,-1.556152,0.555176,0.007727,0.079406,0.0437,chewing,left_chewing,110.589,l_gy,non_chewing
6069973.0,-1.28125,1.437012,-0.15918,0.012524,0.207041,-0.018652,-1.15918,-1.558594,0.568359,0.031176,0.138294,-0.045032,chewing,left_chewing,110.589,l_gy,non_chewing
6069983.0,-1.26416,1.445313,-0.166504,0.020784,0.198781,-0.025847,-1.158203,-1.555664,0.574219,0.032775,0.150018,-0.063685,chewing,left_chewing,110.589,l_gy,non_chewing
6069993.0,-1.264648,1.445313,-0.178711,0.016254,0.158012,-0.021583,-1.152832,-1.541016,0.580078,0.025314,0.114312,-0.011191,chewing,left_chewing,110.589,l_gy,non_chewing
6070003.0,-1.258789,1.45459,-0.161621,0.004796,0.138827,-0.037838,-1.155273,-1.543945,0.579102,0.003198,0.135896,-0.012257,chewing,left_chewing,110.589,l_gy,non_chewing
6070013.0,-1.260254,1.460449,-0.146973,-0.008793,0.126037,-0.052493,-1.169434,-1.553223,0.565918,-0.021583,0.147887,-0.00906,chewing,left_chewing,110.589,l_gy,non_chewing
6070023.0,-1.266602,1.442871,-0.166016,0.026646,0.155881,-0.074077,-1.143066,-1.560059,0.551758,-0.028511,0.162809,0.053026,chewing,left_chewing,110.589,l_gy,non_chewing
6070033.0,-1.289551,1.439453,-0.152832,0.094328,0.135896,-0.093795,-1.155273,-1.555664,0.561523,-0.00373,0.179063,0.072478,chewing,left_chewing,110.589,l_gy,non_chewing
6070043.0,-1.29248,1.431152,-0.135254,0.131899,0.14389,-0.127369,-1.146973,-1.556152,0.561523,0.002398,0.188123,0.081804,chewing,left_chewing,110.589,l_gy,non_chewing
6070053.0,-1.314941,1.420898,-0.158691,0.1303,0.172135,-0.108717,-1.158691,-1.55957,0.59082,0.00906,0.180662,0.072744,chewing,left_chewing,110.589,l_gy,non_chewing
6070063.0,-1.319824,1.421875,-0.131836,0.102322,0.184658,-0.089531,-1.160156,-1.557617,0.607422,0.001599,0.168404,0.087666,chewing,left_chewing,110.589,l_gy,non_chewing
6070073.0,-1.304688,1.408691,-0.163574,0.075142,0.177464,-0.067948,-1.158691,-1.560059,0.595215,-0.028511,0.163608,0.089798,chewing,left_chewing,110.589,l_gy,non_chewing
6070083.0,-1.304199,1.418457,-0.172363,0.022649,0.16041,-0.069813,-1.182129,-1.566895,0.561523,-0.042368,0.161743,0.110582,chewing,left_chewing,110.589,l_gy,non_chewing
6070093.0,-1.305176,1.408203,-0.165527,0.015721,0.139093,-0.023715,-1.177734,-1.556152,0.558105,-0.049562,0.143357,0.114046,chewing,left_chewing,110.589,l_gy,non_chewing
6070103.0,-1.3125,1.40332,-0.165527,0.001599,0.103654,-0.016254,-1.206055,-1.546387,0.560547,-0.069014,0.140426,0.120974,chewing,left_chewing,110.589,l_gy,non_chewing
6070113.0,-1.311035,1.411621,-0.179199,0.014655,0.067681,0.010925,-1.197266,-1.557129,0.554199,-0.066349,0.107118,0.142025,chewing,left_chewing,110.589,l_gy,non_chewing
6070123.0,-1.317871,1.413574,-0.179199,-0.009859,0.030377,0.029311,-1.217773,-1.533203,0.549316,-0.054891,0.109516,0.135096,chewing,left_chewing,110.589,l_gy,non_chewing
6070133.0,-1.302246,1.416016,-0.179687,-0.004796,0.032775,0.0429,-1.192383,-1.545898,0.539551,-0.049296,0.111381,0.118576,chewing,left_chewing,110.589,l_gy,non_chewing
6070143.0,-1.307129,1.412109,-0.171875,-0.002132,0.033574,0.038637,-1.21875,-1.544434,0.553711,-0.027712,0.127636,0.079139,chewing,left_chewing,110.589,l_gy,non_chewing
6070153.0,-1.315918,1.402832,-0.177734,-0.001865,0.017853,0.023715,-1.22998,-1.541016,0.561523,-0.040502,0.110848,0.076208,chewing,left_chewing,110.051,l_gy,non_chewing
6070163.0,-1.321289,1.40332,-0.181641,0.000799,-0.005862,0.028245,-1.215332,-1.547363,0.55127,-0.013856,0.098325,0.036505,chewing,left_chewing,110.051,l_gy,non_chewing
6070173.0,-1.323242,1.410156,-0.175781,0.027179,-0.005596,0.067149,-1.208496,-1.55127,0.560059,0.00373,0.09113,0.022116,chewing,left_chewing,110.051,l_gy,non_chewing
6070183.0,-1.311035,1.419434,-0.177734,0.004796,0.019185,0.080205,-1.194336,-1.568359,0.601562,0.01732,0.085268,0.025047,chewing,left_chewing,110.051,l_gy,non_chewing
6070193.0,-1.302246,1.421875,-0.15625,-0.006129,0.026113,0.056224,-1.170898,-1.557617,0.609863,0.053559,0.100989,-0.006928,chewing,left_chewing,110.051,l_gy,non_chewing
6070203.0,-1.29541,1.438477,-0.189941,0.000533,-0.006395,0.035972,-1.172852,-1.550293,0.571289,0.045299,0.129767,-0.042634,chewing,left_chewing,110.051,l_gy,non_chewing
6070213.0,-1.291992,1.433105,-0.209961,-0.013323,-0.000799,-0.001332,-1.180664,-1.531738,0.554199,0.007994,0.135096,-0.060753,chewing,left_chewing,110.051,l_gy,non_chewing
6070223.0,-1.311035,1.422363,-0.183594,0.007461,-0.013856,0.0429,-1.186035,-1.545898,0.587402,0.017054,0.113247,-0.074343,chewing,left_chewing,110.051,l_gy,non_chewing
6070233.0,-1.297852,1.429199,-0.177246,0.014389,0.00826,0.041835,-1.168945,-1.550781,0.59082,0.015721,0.095926,-0.090064,chewing,left_chewing,110.051,l_gy,non_chewing
6070243.0,-1.30957,1.430664,-0.183594,0.010126,0.032508,0.061286,-1.169434,-1.558105,0.580078,-0.011191,0.06928,-0.082337,chewing,left_chewing,110.051,l_gy,non_chewing
6070253.0,-1.294922,1.429199,-0.183594,-0.008527,0.069813,0.045032,-1.167969,-1.563477,0.570312,-0.029577,0.051427,-0.086334,chewing,left_chewing,110.051,l_gy,non_chewing
6070263.0,-1.291016,1.422852,-0.178711,-0.045832,0.089265,0.028245,-1.153809,-1.550781,0.565918,-0.02638,0.011458,-0.074609,chewing,left_chewing,110.051,l_gy,non_chewing
6070273.0,-1.284668,1.422363,-0.178223,-0.060221,0.081271,0.007727,-1.154785,-1.549805,0.565918,-0.021317,0.005329,-0.067415,chewing,left_chewing,110.051,l_gy,non_chewing
6070283.0,-1.291992,1.430176,-0.158203,-0.061286,0.103121,0.030377,-1.157227,-1.540039,0.555664,-0.009859,-0.011991,-0.061819,chewing,left_chewing,110.051,l_gy,non_chewing
6070293.0,-1.299805,1.414551,-0.159668,-0.04743,0.086867,0.050894,-1.158203,-1.530762,0.566406,-0.008793,-0.010658,-0.067948,chewing,left_chewing,110.051,l_gy,non_chewing
6070303.0,-1.29248,1.410156,-0.148437,0.013323,0.049828,0.058089,-1.16748,-1.522949,0.546875,0.014922,0.023182,-0.074609,chewing,left_chewing,110.051,l_gy,non_chewing
6070313.0,-1.276367,1.401855,-0.157227,0.095926,-0.011458,0.043167,-1.168457,-1.512695,0.562988,0.024781,0.101522,-0.090064,chewing,left_chewing,110.051,l_gy,non_chewing
6070323.0,-1.26416,1.416992,-0.164062,0.162009,-0.059421,0.049562,-1.185547,-1.521484,0.550781,0.029311,0.125237,-0.082603,chewing,left_chewing,110.051,l_gy,non_chewing
6070333.0,-1.274414,1.407227,-0.158203,0.18226,-0.036505,0.059954,-1.177246,-1.541016,0.547363,0.025047,0.138294,-0.02185,chewing,left_chewing,110.051,l_gy,non_chewing
6070343.0,-1.268066,1.408691,-0.148437,0.184658,-0.026913,0.037571,-1.163574,-1.529785,0.552246,-0.000533,0.188922,0.025847,chewing,left_chewing,110.051,l_gy,non_chewing
6070353.0,-1.270996,1.405762,-0.153809,0.176931,-0.009593,-0.005862,-1.172852,-1.539551,0.533691,-0.038637,0.219032,0.056224,chewing,left_chewing,110.051,l_gy,non_chewing
6070363.0,-1.287109,1.390137,-0.157715,0.167605,0.045299,-0.026113,-1.166992,-1.53418,0.529785,-0.042634,0.231556,0.076741,chewing,left_chewing,110.051,l_gy,non_chewing
6070373.0,-1.291016,1.386719,-0.152832,0.20038,0.062086,-0.02638,-1.163574,-1.53418,0.550293,-0.054092,0.197182,0.114579,chewing,left_chewing,110.051,l_gy,non_chewing
6070383.0,-1.294922,1.399902,-0.142578,0.232888,0.071945,-0.033308,-1.160156,-1.538086,0.555664,-0.037571,0.201446,0.133498,chewing,left_chewing,110.051,l_gy,non_chewing
6070393.0,-1.275879,1.40918,-0.163574,0.20944,0.056757,-0.022649,-1.179199,-1.532227,0.520996,-0.021317,0.179862,0.132165,chewing,left_chewing,110.051,l_gy,non_chewing
6070403.0,-1.258301,1.404297,-0.19043,0.173734,0.074876,-0.030643,-1.202148,-1.535156,0.533691,0.006662,0.136429,0.148953,chewing,left_chewing,110.051,l_gy,non_chewing
6070413.0,-1.259277,1.40918,-0.170898,0.183326,0.010392,-0.055957,-1.207031,-1.54541,0.541504,0.011991,0.110582,0.192386,chewing,left_chewing,110.051,l_gy,non_chewing
6070423.0,-1.261719,1.418945,-0.169434,0.133498,-0.024781,-0.074876,-1.203125,-1.555664,0.549805,0.007994,0.12124,0.157746,chewing,left_chewing,110.051,l_gy,non_chewing
6070433.0,-1.26123,1.446777,-0.156738,0.094594,-0.053559,-0.081005,-1.216309,-1.549316,0.573242,0.001865,0.080472,0.198248,chewing,left_chewing,110.051,l_gy,non_chewing
6070443.0,-1.27002,1.441406,-0.17041,0.033308,-0.080738,-0.098325,-1.202148,-1.555176,0.558594,-0.018119,0.112181,0.108983,chewing,left_chewing,110.051,l_gy,non_chewing
6070453.0,-1.287109,1.438477,-0.181641,-0.063685,-0.070346,-0.140959,-1.229004,-1.540527,0.549316,-0.033841,0.086334,0.100456,chewing,left_chewing,110.051,l_gy,non_chewing
6070463.0,-1.302246,1.434082,-0.187988,-0.102055,-0.066882,-0.167871,-1.20752,-1.520508,0.560547,-0.057822,0.050628,0.118842,chewing,left_chewing,110.051,l_gy,non_chewing
6070473.0,-1.321289,1.43457,-0.17334,-0.187323,-0.013057,-0.171335,-1.202637,-1.53125,0.569824,-0.070613,0.01732,0.116977,chewing,left_chewing,110.051,l_gy,non_chewing
6070483.0,-1.344238,1.395996,-0.166504,-0.218233,0.053825,-0.165473,-1.200684,-1.527344,0.550293,-0.067415,0.005862,0.079672,chewing,left_chewing,110.051,l_gy,non_chewing
6070493.0,-1.349609,1.40625,-0.171387,-0.217966,0.10019,-0.14309,-1.211426,-1.515137,0.518066,-0.100989,0.017853,0.004263,chewing,left_chewing,110.051,l_gy,non_chewing
6070503.0,-1.348633,1.376465,-0.191406,-0.117776,0.09193,-0.120974,-1.22998,-1.499512,0.542969,-0.088998,0.037038,-0.011724,chewing,left_chewing,110.051,l_gy,non_chewing
6070513.0,-1.360352,1.362793,-0.199707,-0.017853,0.041568,-0.094594,-1.257324,-1.494629,0.569824,-0.093528,0.010925,-0.003464,chewing,left_chewing,110.051,l_gy,non_chewing
6070523.0,-1.359863,1.395508,-0.168945,0.00906,0.033574,-0.0866,-1.197266,-1.559082,0.618652,-0.053026,0.047963,-0.011458,chewing,left_chewing,110.051,l_gy,non_chewing
6070533.0,-1.355469,1.420898,-0.15332,0.007461,0.054358,-0.057822,-1.166016,-1.574219,0.637695,-0.02638,0.126836,-0.050361,chewing,left_chewing,110.051,l_gy,non_chewing
6070543.0,-1.358398,1.436523,-0.179687,0.007194,0.083936,-0.003997,-1.182617,-1.543945,0.561523,-0.066882,0.145489,-0.052493,chewing,left_chewing,110.051,l_gy,non_chewing
6070553.0,-1.351563,1.431152,-0.214355,0.012257,0.071145,-0.001865,-1.220215,-1.538574,0.521973,-0.092462,0.037571,0.001599,chewing,left_chewing,110.051,l_gy,non_chewing
6070563.0,-1.371582,1.416992,-0.178711,-0.001599,0.083936,-0.005063,-1.191406,-1.579102,0.605469,-0.050361,-0.057822,0.000799,chewing,left_chewing,110.051,l_gy,non_chewing
6070573.0,-1.364746,1.422363,-0.161621,-0.022116,0.095127,0.002931,-1.169434,-1.547852,0.61084,-0.019985,-0.106319,-0.000266,chewing,left_chewing,110.051,l_gy,non_chewing
6070583.0,-1.359863,1.428711,-0.180664,-0.029044,0.087933,0.023182,-1.206543,-1.507813,0.520996,-0.066616,-0.150551,0.026913,chewing,left_chewing,110.051,l_gy,non_chewing
6070593.0,-1.345215,1.418457,-0.213867,-0.029044,0.105786,0.066882,-1.253418,-1.516113,0.55127,-0.064484,-0.189455,0.03011,chewing,left_chewing,110.051,l_gy,non_chewing
6070603.0,-1.35498,1.403809,-0.17041,-0.038904,0.12124,0.086867,-1.234375,-1.557129,0.614746,-0.018119,-0.160943,-0.003997,chewing,left_chewing,110.051,l_gy,non_chewing
6070613.0,-1.328613,1.413574,-0.130859,-0.087666,0.145489,0.098858,-1.174316,-1.55127,0.618164,-0.002665,-0.077274,-0.083669,chewing,left_chewing,110.051,l_gy,non_chewing
6070623.0,-1.294434,1.429688,-0.157715,-0.099657,0.209173,0.098591,-1.211426,-1.502441,0.489258,-0.076741,-0.044499,-0.107118,chewing,left_chewing,110.051,l_gy,non_chewing
6070633.0,-1.29248,1.414551,-0.212402,-0.090864,0.260867,0.099391,-1.232422,-1.51416,0.506348,-0.071678,-0.068481,-0.118043,chewing,left_chewing,110.051,l_gy,non_chewing
6070643.0,-1.297363,1.418457,-0.148437,-0.051427,0.237418,0.093262,-1.165527,-1.547363,0.572754,-0.025047,-0.081005,-0.157213,chewing,left_chewing,110.051,l_gy,non_chewing
6070653.0,-1.288086,1.42041,-0.145996,-0.034107,0.24781,0.083936,-1.152344,-1.522461,0.542969,-0.02558,-0.063951,-0.13936,chewing,left_chewing,110.051,l_gy,non_chewing
6070663.0,-1.26123,1.431152,-0.181152,0.012257,0.196383,0.079406,-1.194824,-1.496094,0.487793,-0.038637,-0.127369,-0.099391,chewing,left_chewing,110.051,l_gy,non_chewing
6070673.0,-1.273926,1.422363,-0.165039,0.052493,0.133764,0.075409,-1.169434,-1.558105,0.585937,0.023182,-0.142291,-0.096459,chewing,left_chewing,110.051,l_gy,non_chewing
6070683.0,-1.261719,1.426758,-0.141113,0.051427,0.105253,0.081538,-1.147461,-1.537598,0.569824,0.045832,-0.058089,-0.094594,chewing,left_chewing,85.110,l_gy,non_chewing
6070693.0,-1.25293,1.419434,-0.164062,0.040236,0.086067,0.094594,-1.211914,-1.501465,0.480469,-0.036239,-0.03544,-0.044233,chewing,left_chewing,85.110,l_gy,non_chewing
6070703.0,-1.268555,1.409668,-0.171875,0.058355,0.022383,0.105519,-1.217285,-1.548828,0.574707,0.00453,-0.006395,-0.027446,chewing,left_chewing,85.110,l_gy,non_chewing
6070713.0,-1.271973,1.402344,-0.126953,0.054092,0.01732,0.097525,-1.166992,-1.54834,0.557617,0.00906,0.066616,-0.039436,chewing,left_chewing,85.110,l_gy,non_chewing
6070723.0,-1.24707,1.399414,-0.135254,0.045299,0.002132,0.108717,-1.17334,-1.533203,0.546387,-0.015721,0.113513,-0.024781,chewing,left_chewing,85.110,l_gy,non_chewing
6070733.0,-1.25,1.412109,-0.151855,0.046631,-0.005862,0.100723,-1.179199,-1.521973,0.508789,-0.031709,0.105253,-0.002931,chewing,left_chewing,85.110,l_gy,non_chewing
6070743.0,-1.248047,1.414551,-0.142578,0.050628,-0.01279,0.08287,-1.171387,-1.54541,0.555664,-0.000266,0.109516,0.000533,chewing,left_chewing,85.110,l_gy,non_chewing
6070753.0,-1.237793,1.425781,-0.168945,0.063152,-0.006129,0.057289,-1.177734,-1.540039,0.554687,-0.031975,0.102588,0.002665,chewing,left_chewing,85.110,l_gy,non_chewing
6070763.0,-1.246094,1.414063,-0.157715,0.071678,-0.034374,0.034374,-1.183105,-1.543945,0.544922,-0.0437,0.090331,0.005596,chewing,left_chewing,85.110,l_gy,non_chewing
6070773.0,-1.252441,1.423828,-0.164551,0.104187,-0.060221,-0.009326,-1.19043,-1.538086,0.533203,-0.032508,0.08207,0.002398,chewing,left_chewing,85.110,l_gy,non_chewing
6070783.0,-1.259277,1.41748,-0.161133,0.121507,-0.094861,-0.038104,-1.202637,-1.536133,0.544922,-0.032242,0.096992,-0.010658,chewing,left_chewing,85.110,l_gy,non_chewing
6070793.0,-1.27832,1.398438,-0.180664,0.129767,-0.097259,-0.066616,-1.212891,-1.509766,0.561523,-0.043433,0.099657,0.011724,chewing,left_chewing,85.110,l_gy,non_chewing
6070803.0,-1.279785,1.39502,-0.184082,0.131632,-0.146021,-0.06928,-1.208008,-1.508301,0.570312,-0.038371,0.108717,0.023449,chewing,left_chewing,85.110,l_gy,non_chewing
6070813.0,-1.306641,1.401367,-0.187012,0.110582,-0.160943,-0.069014,-1.208496,-1.507324,0.572266,-0.029844,0.120175,0.018386,chewing,left_chewing,85.110,l_gy,non_chewing
6070823.0,-1.312988,1.415527,-0.168457,0.059688,-0.127369,-0.046098,-1.19043,-1.535645,0.587891,-0.024781,0.139093,-0.016787,chewing,left_chewing,85.110,l_gy,non_chewing
6070833.0,-1.32666,1.438965,-0.177246,-0.029577,-0.054092,-0.008793,-1.180664,-1.560059,0.574219,-0.049828,0.171868,-0.043966,chewing,left_chewing,85.110,l_gy,non_chewing
6070843.0,-1.335938,1.436523,-0.180176,-0.049029,-0.016521,0.024781,-1.182129,-1.582031,0.556641,-0.038904,0.135096,-0.069014,chewing,left_chewing,85.110,l_gy,non_chewing
6070853.0,-1.335938,1.430664,-0.176758,-0.054092,-0.042634,0.00373,-1.170898,-1.580566,0.57959,-0.01279,0.050095,-0.051427,chewing,left_chewing,85.110,l_gy,non_chewing
6070863.0,-1.348145,1.444824,-0.158203,-0.045299,0.002398,-0.010392,-1.156738,-1.57373,0.57373,-0.016254,-0.038104,-0.018919,chewing,left_chewing,85.110,l_gy,non_chewing
6070873.0,-1.33252,1.449219,-0.156738,-0.054891,0.037571,-0.030643,-1.13916,-1.547363,0.589844,-0.010658,-0.105519,0.00906,chewing,left_chewing,85.110,l_gy,non_chewing
6070883.0,-1.324219,1.456543,-0.147949,-0.02185,0.053292,-0.045832,-1.127441,-1.526367,0.566895,-0.008527,-0.122839,0.011991,chewing,left_chewing,85.110,l_gy,non_chewing
6070893.0,-1.318359,1.449707,-0.144043,-0.000533,0.062086,-0.043433,-1.143066,-1.512207,0.54834,0.001066,-0.101522,0.005596,chewing,left_chewing,85.110,l_gy,non_chewing
6070903.0,-1.297363,1.454102,-0.161621,0.00826,0.077008,-0.007461,-1.178711,-1.495605,0.530762,0.005596,-0.081804,0.013057,chewing,left_chewing,85.110,l_gy,non_chewing
6070913.0,-1.283691,1.442871,-0.163574,0.013856,0.075675,0.018919,-1.213867,-1.484375,0.526367,0.00906,-0.025847,-0.020251,chewing,left_chewing,85.110,l_gy,non_chewing
6070923.0,-1.291504,1.433105,-0.166504,0.027979,0.051427,0.033574,-1.249512,-1.500977,0.522949,0.002931,0.025047,-0.044233,chewing,left_chewing,85.110,l_gy,non_chewing
6070933.0,-1.270996,1.413574,-0.175293,0.074609,0.042634,0.061553,-1.233398,-1.507324,0.52002,-0.000799,0.099657,-0.069813,chewing,left_chewing,85.110,l_gy,non_chewing
6070943.0,-1.298828,1.404785,-0.163574,0.128701,0.037838,0.068481,-1.248535,-1.515137,0.531738,-0.009326,0.142025,-0.060487,chewing,left_chewing,85.110,l_gy,non_chewing
6070953.0,-1.303711,1.387207,-0.182129,0.172934,0.080738,0.094328,-1.241211,-1.517578,0.530273,-0.029311,0.158012,-0.03917,chewing,left_chewing,85.110,l_gy,non_chewing
6070963.0,-1.314453,1.378418,-0.175293,0.22143,0.123106,0.103387,-1.236328,-1.527832,0.527832,-0.029577,0.122573,-0.005596,chewing,left_chewing,85.110,l_gy,non_chewing
6070973.0,-1.307129,1.376465,-0.169434,0.257669,0.159877,0.086067,-1.221191,-1.535645,0.551758,-0.024781,0.110049,0.015188,chewing,left_chewing,85.110,l_gy,non_chewing
6070983.0,-1.303223,1.368164,-0.166504,0.268861,0.153216,0.071945,-1.216797,-1.540039,0.58252,-0.007994,0.104453,0.034107,chewing,left_chewing,85.110,l_gy,non_chewing
6070993.0,-1.292969,1.381836,-0.184082,0.289911,0.110848,0.057289,-1.22998,-1.526367,0.594727,-0.017054,0.115112,0.037305,chewing,left_chewing,85.110,l_gy,non_chewing
6071003.0,-1.286133,1.395508,-0.188477,0.281917,0.069813,0.070346,-1.224609,-1.552246,0.612305,0.014389,0.110315,0.066083,chewing,left_chewing,85.110,l_gy,non_chewing
6071013.0,-1.279297,1.424805,-0.209961,0.191587,0.026913,0.052227,-1.197266,-1.589355,0.631348,-0.015721,0.167338,0.03917,chewing,left_chewing,85.110,l_gy,non_chewing
6071023.0,-1.289551,1.429199,-0.205566,0.110848,-0.002931,0.059155,-1.194336,-1.613281,0.617187,-0.020251,0.173734,0.024248,chewing,left_chewing,85.110,l_gy,non_chewing
6071033.0,-1.292969,1.435059,-0.208496,0.045299,-0.0437,0.057289,-1.184082,-1.608887,0.602051,-0.029311,0.099657,-0.001599,chewing,left_chewing,85.110,l_gy,non_chewing
6071043.0,-1.306152,1.430664,-0.197266,-0.019985,-0.05196,0.042368,-1.178223,-1.581543,0.583008,-0.026113,-0.001599,-0.003198,chewing,left_chewing,85.110,l_gy,non_chewing
6071053.0,-1.326172,1.429688,-0.187988,-0.063418,-0.068481,0.01732,-1.170898,-1.563965,0.575195,-0.047963,-0.08287,-0.025847,chewing,left_chewing,85.110,l_gy,non_chewing
6071063.0,-1.333496,1.427246,-0.17334,-0.094328,-0.032775,-0.001066,-1.149414,-1.544922,0.582031,-0.050361,-0.128701,-0.071945,chewing,left_chewing,85.110,l_gy,non_chewing
6071073.0,-1.316895,1.427734,-0.177246,-0.103654,0.013323,-0.01279,-1.157715,-1.516113,0.549316,-0.038904,-0.162009,-0.104453,chewing,left_chewing,85.110,l_gy,non_chewing
6071083.0,-1.314941,1.419434,-0.164062,-0.098591,0.036505,-0.004263,-1.162109,-1.518066,0.556641,-0.023182,-0.179862,-0.131632,chewing,left_chewing,85.110,l_gy,non_chewing
6071093.0,-1.294922,1.415039,-0.191406,-0.0874,0.050894,-0.003198,-1.179688,-1.502441,0.560059,-0.01359,-0.170802,-0.140426,chewing,left_chewing,85.110,l_gy,non_chewing
6071103.0,-1.285156,1.407715,-0.172363,-0.03917,0.03091,0.010658,-1.191406,-1.504395,0.553223,-0.001332,-0.120441,-0.151884,chewing,left_chewing,85.110,l_gy,non_chewing
6071113.0,-1.269043,1.416016,-0.182129,-0.016254,0.043167,0.016787,-1.192871,-1.489746,0.538086,0.001066,-0.053825,-0.168404,chewing,left_chewing,85.110,l_gy,non_chewing
6071123.0,-1.272461,1.412598,-0.184082,0.028245,0.038104,0.017587,-1.181641,-1.49707,0.54541,0.010126,0.021317,-0.167605,chewing,left_chewing,85.110,l_gy,non_chewing
6071133.0,-1.275879,1.402832,-0.166016,0.083403,0.036505,0.024248,-1.195313,-1.509766,0.53418,-0.007994,0.073544,-0.128968,chewing,left_chewing,85.110,l_gy,non_chewing
6071143.0,-1.276367,1.397461,-0.153809,0.127636,0.051427,0.033574,-1.188965,-1.51709,0.541504,-0.01359,0.135629,-0.102055,chewing,left_chewing,85.110,l_gy,non_chewing
6071153.0,-1.281738,1.412598,-0.149902,0.151351,0.085268,0.036239,-1.187988,-1.513184,0.526855,-0.027179,0.152683,-0.050361,chewing,left_chewing,85.110,l_gy,non_chewing
6071163.0,-1.276855,1.399414,-0.161621,0.115112,0.146554,0.036239,-1.182617,-1.533203,0.524902,-0.047697,0.150018,0.009593,chewing,left_chewing,85.110,l_gy,non_chewing
6071173.0,-1.275879,1.393066,-0.161621,0.147354,0.174266,0.031975,-1.174805,-1.537109,0.535156,-0.042101,0.170003,0.041568,chewing,left_chewing,85.110,l_gy,non_chewing
6071183.0,-1.264648,1.389648,-0.174805,0.102588,0.229424,0.045299,-1.192383,-1.557129,0.541504,-0.080472,0.169737,0.070879,chewing,left_chewing,85.110,l_gy,non_chewing
6071193.0,-1.265625,1.393066,-0.169922,0.055424,0.206775,0.028245,-1.203613,-1.569336,0.578125,-0.080472,0.115378,0.122306,chewing,left_chewing,85.110,l_gy,non_chewing
6071203.0,-1.254395,1.411621,-0.174805,0.014389,0.15215,-0.000533,-1.192383,-1.54541,0.563965,-0.065017,0.075409,0.142025,chewing,left_chewing,85.110,l_gy,non_chewing
6071213.0,-1.251465,1.424316,-0.202637,0.00906,0.076208,-0.002665,-1.217773,-1.536621,0.535645,-0.091663,0.068214,0.136429,chewing,left_chewing,84.168,l_gy,non_chewing
6071223.0,-1.255371,1.444824,-0.195801,-0.022916,0.035972,0.000533,-1.222168,-1.550293,0.556641,-0.07381,0.053292,0.101522,chewing,left_chewing,84.168,l_gy,non_chewing
6071233.0,-1.280762,1.444824,-0.209473,-0.045565,-0.006928,-0.003997,-1.213379,-1.570801,0.57959,-0.055158,0.041302,0.0866,chewing,left_chewing,84.168,l_gy,non_chewing
6071243.0,-1.280273,1.458008,-0.203125,-0.06475,-0.020251,-0.024781,-1.16748,-1.567383,0.56543,0.010126,0.065283,-0.015988,chewing,left_chewing,84.168,l_gy,non_chewing
6071253.0,-1.285645,1.455078,-0.19043,-0.078606,0.006928,-0.058089,-1.169434,-1.561523,0.569336,0.00906,0.034374,-0.074077,chewing,left_chewing,84.168,l_gy,non_chewing
6071263.0,-1.300781,1.443848,-0.181641,-0.113247,0.000533,-0.06475,-1.154297,-1.544922,0.574219,0.016521,-0.03091,-0.08207,chewing,left_chewing,84.168,l_gy,non_chewing
6071273.0,-1.298828,1.433105,-0.190918,-0.116178,-0.005596,-0.07008,-1.14209,-1.537109,0.58252,0.027979,-0.108717,-0.108983,chewing,left_chewing,84.168,l_gy,non_chewing
6071283.0,-1.299805,1.431641,-0.167969,-0.121773,-0.068214,-0.061819,-1.150879,-1.539063,0.575684,0.048763,-0.106319,-0.142291,chewing,left_chewing,84.168,l_gy,non_chewing
6071293.0,-1.294922,1.429688,-0.184082,-0.110315,-0.087133,-0.049029,-1.131348,-1.536621,0.570312,0.047164,-0.09113,-0.139893,chewing,left_chewing,84.168,l_gy,non_chewing
6071303.0,-1.292969,1.422852,-0.143066,-0.0866,-0.110582,0.00826,-1.157227,-1.529785,0.547363,0.054891,-0.050894,-0.142824,chewing,left_chewing,84.168,l_gy,non_chewing
6071313.0,-1.297852,1.437012,-0.149414,-0.025847,-0.124172,0.004263,-1.168945,-1.512695,0.569336,0.059954,0.00453,-0.132698,chewing,left_chewing,84.168,l_gy,non_chewing
6071323.0,-1.302734,1.430176,-0.158691,0.022916,-0.11298,0.03011,-1.175293,-1.516602,0.529785,0.059688,0.092462,-0.157746,chewing,left_chewing,84.168,l_gy,non_chewing
6071333.0,-1.300293,1.418945,-0.142578,0.018652,-0.026113,0.03464,-1.20166,-1.506836,0.530273,0.049562,0.176931,-0.150818,chewing,left_chewing,84.168,l_gy,non_chewing
6071343.0,-1.302734,1.419922,-0.165039,0.058888,0.043433,0.028778,-1.209961,-1.503906,0.532227,0.011991,0.221963,-0.085268,chewing,left_chewing,84.168,l_gy,non_chewing
6071353.0,-1.30127,1.393555,-0.15332,0.15668,0.058622,0.011458,-1.157227,-1.544434,0.593262,-0.007461,0.260067,-0.036239,chewing,left_chewing,84.168,l_gy,non_chewing
6071363.0,-1.274414,1.403809,-0.139648,0.180129,0.074343,0.009593,-1.164551,-1.538574,0.574707,-0.014123,0.285381,0.037571,chewing,left_chewing,84.168,l_gy,non_chewing
6071373.0,-1.274414,1.410156,-0.156738,0.211305,0.071412,0.012257,-1.169434,-1.526855,0.53418,-0.045832,0.298172,0.078606,chewing,left_chewing,84.168,l_gy,non_chewing
6071383.0,-1.281738,1.399902,-0.178223,0.236086,0.082337,0.01279,-1.203125,-1.519043,0.501465,-0.094061,0.276588,0.110049,chewing,left_chewing,84.168,l_gy,non_chewing
6071393.0,-1.279297,1.388672,-0.197754,0.276588,0.058622,0.02185,-1.226074,-1.514648,0.536621,-0.093795,0.254472,0.107651,chewing,left_chewing,84.168,l_gy,non_chewing
6071403.0,-1.289063,1.376953,-0.177734,0.268061,0.013856,-0.007994,-1.206055,-1.541016,0.577637,-0.069014,0.251274,0.104986,chewing,left_chewing,84.168,l_gy,non_chewing
6071413.0,-1.287598,1.404785,-0.148926,0.223296,0.00906,-0.016254,-1.186035,-1.558105,0.595703,-0.051427,0.263531,0.054625,chewing,left_chewing,84.168,l_gy,non_chewing
6071423.0,-1.282227,1.42627,-0.162598,0.116711,0.017587,-0.019185,-1.181641,-1.556152,0.533691,-0.039703,0.324018,-0.005329,chewing,left_chewing,84.168,l_gy,non_chewing
6071433.0,-1.30127,1.407227,-0.230469,0.085801,-0.011991,-0.002665,-1.210938,-1.564941,0.547363,-0.071145,0.268594,-0.007461,chewing,left_chewing,84.168,l_gy,non_chewing
6071443.0,-1.305176,1.411621,-0.157227,0.047697,-0.081005,-0.014389,-1.184082,-1.580078,0.552246,-0.001865,0.187057,-0.023715,chewing,left_chewing,84.168,l_gy,non_chewing
6071453.0,-1.300781,1.410645,-0.182129,0.015455,-0.106052,0.0,-1.213379,-1.551758,0.530273,-0.017853,0.106052,-0.00906,chewing,left_chewing,84.168,l_gy,non_chewing
6071463.0,-1.310059,1.40332,-0.162598,0.015455,-0.159345,-0.009326,-1.196777,-1.537598,0.546875,0.013323,0.047963,-0.023449,chewing,left_chewing,84.168,l_gy,non_chewing
6071473.0,-1.318359,1.400391,-0.15918,-0.001066,-0.179063,-0.009326,-1.206543,-1.526855,0.540039,0.034907,0.026913,-0.014922,chewing,left_chewing,84.168,l_gy,non_chewing
6071483.0,-1.310059,1.404785,-0.159668,0.014389,-0.186524,-0.007727,-1.19043,-1.513184,0.528809,-0.003997,0.045565,-0.007727,chewing,left_chewing,84.168,l_gy,non_chewing
6071493.0,-1.314453,1.406738,-0.148926,0.033574,-0.197182,-0.016787,-1.210938,-1.524902,0.515137,0.012257,0.079139,-0.00453,chewing,left_chewing,84.168,l_gy,non_chewing
6071503.0,-1.318848,1.412109,-0.152832,0.080738,-0.193985,-0.029311,-1.239258,-1.514648,0.522949,-0.002132,0.113779,-0.013057,chewing,left_chewing,84.168,l_gy,non_chewing
6071513.0,-1.33252,1.402344,-0.162109,0.10019,-0.16947,-0.007727,-1.227051,-1.512695,0.532227,-0.008527,0.183593,-0.036505,chewing,left_chewing,84.168,l_gy,non_chewing
6071523.0,-1.336426,1.408203,-0.166016,0.135896,-0.151617,0.001332,-1.229492,-1.494629,0.532227,0.014922,0.241681,-0.046897,chewing,left_chewing,84.168,l_gy,non_chewing
6071533.0,-1.337402,1.391602,-0.15625,0.163874,-0.116444,0.018386,-1.22998,-1.515137,0.535645,0.033574,0.263531,-0.047164,chewing,left_chewing,84.168,l_gy,non_chewing
6071543.0,-1.344727,1.404785,-0.163574,0.147087,-0.057289,0.007194,-1.223633,-1.527832,0.53418,0.009859,0.221697,0.028778,chewing,left_chewing,84.168,l_gy,non_chewing
6071553.0,-1.347656,1.410645,-0.17041,0.143357,-0.031176,0.035706,-1.211914,-1.54541,0.549316,-0.005063,0.154548,0.059421,chewing,left_chewing,84.168,l_gy,non_chewing
6071563.0,-1.333496,1.42627,-0.176758,0.139626,-0.033841,0.068481,-1.220703,-1.541504,0.545898,-0.038904,0.111648,0.072744,chewing,left_chewing,84.168,l_gy,non_chewing
6071573.0,-1.321289,1.4375,-0.1875,0.110848,-0.0437,0.077807,-1.230469,-1.535645,0.567383,-0.032508,0.039703,0.080205,chewing,left_chewing,84.168,l_gy,non_chewing
6071583.0,-1.30957,1.438477,-0.212402,0.101522,-0.086867,0.08207,-1.225098,-1.551758,0.581543,-0.017853,0.038371,0.040236,chewing,left_chewing,84.168,l_gy,non_chewing
6071593.0,-1.318848,1.442871,-0.206543,0.068214,-0.091397,0.097792,-1.220215,-1.55127,0.581543,-0.027179,0.038104,0.027446,chewing,left_chewing,84.168,l_gy,non_chewing
6071603.0,-1.318848,1.456543,-0.196289,0.038104,-0.098058,0.091663,-1.21582,-1.556641,0.57373,-0.035173,0.032242,0.003997,chewing,left_chewing,84.168,l_gy,non_chewing
6071613.0,-1.322754,1.459473,-0.203613,0.037038,-0.062619,0.108184,-1.215332,-1.541992,0.548828,-0.037838,0.017587,-0.031975,chewing,left_chewing,84.168,l_gy,non_chewing
6071623.0,-1.32959,1.430664,-0.196777,0.050628,-0.032775,0.094328,-1.172363,-1.560547,0.602539,-0.015455,-0.031443,-0.098591,chewing,left_chewing,84.168,l_gy,non_chewing
6071633.0,-1.343262,1.433594,-0.17627,0.050095,-0.000799,0.077008,-1.157227,-1.550293,0.594238,-0.013057,-0.070879,-0.12124,chewing,left_chewing,84.168,l_gy,non_chewing
6071643.0,-1.330566,1.438477,-0.17334,0.007461,0.040769,0.065816,-1.14502,-1.549316,0.592773,-0.011191,-0.118043,-0.123106,chewing,left_chewing,84.168,l_gy,non_chewing
6071653.0,-1.330566,1.433594,-0.180176,-0.019985,0.046364,0.074876,-1.135742,-1.55127,0.597656,-0.003464,-0.113247,-0.139093,chewing,left_chewing,84.168,l_gy,non_chewing
6071663.0,-1.328125,1.439941,-0.168457,-0.053026,0.122306,0.107118,-1.135742,-1.549316,0.548828,0.001865,-0.131366,-0.149752,chewing,left_chewing,84.168,l_gy,non_chewing
6071673.0,-1.302734,1.45459,-0.161621,-0.089265,0.121507,0.10019,-1.120117,-1.544434,0.540527,0.007994,-0.192652,-0.149752,chewing,left_chewing,84.168,l_gy,non_chewing
6071683.0,-1.277832,1.427246,-0.148926,-0.057556,0.137228,0.10392,-1.080566,-1.521973,0.549316,0.013323,-0.231556,-0.172135,chewing,left_chewing,84.168,l_gy,non_chewing
6071693.0,-1.28418,1.355957,-0.125,0.024781,0.131632,0.077807,-1.106445,-1.480957,0.519043,-0.006928,-0.221164,-0.22143,chewing,left_chewing,84.168,l_gy,non_chewing
6071703.0,-1.296387,1.319336,-0.09375,0.135096,0.114579,0.003997,-1.138672,-1.458008,0.489746,0.011458,-0.267528,-0.177464,chewing,left_chewing,84.168,l_gy,non_chewing
6071713.0,-1.306152,1.323242,-0.091309,0.18679,0.136162,-0.056757,-1.152832,-1.460938,0.486816,0.009593,-0.266729,-0.093795,chewing,left_chewing,84.168,l_gy,non_chewing
6071723.0,-1.304688,1.352539,-0.091797,0.159078,0.202778,-0.079406,-1.190918,-1.506836,0.499512,-0.01279,-0.156147,-0.014922,chewing,left_chewing,84.168,l_gy,non_chewing
6071733.0,-1.299805,1.374512,-0.110352,0.163341,0.232622,-0.063951,-1.229492,-1.529297,0.492676,-0.023182,-0.01359,0.084469,chewing,left_chewing,84.168,l_gy,non_chewing
6071743.0,-1.290039,1.394043,-0.121582,0.152417,0.242747,-0.029577,-1.282227,-1.556641,0.518066,-0.045832,0.14309,0.16574,chewing,left_chewing,89.310,r_gy,non_chewing
6071753.0,-1.290039,1.403809,-0.141113,0.13936,0.184392,-0.050894,-1.257813,-1.543945,0.538574,-0.048496,0.245945,0.215302,chewing,left_chewing,89.310,r_gy,non_chewing
6071763.0,-1.27832,1.430664,-0.164062,0.161743,0.093262,-0.068214,-1.233398,-1.544434,0.530762,-0.062086,0.273657,0.267528,chewing,left_chewing,89.310,r_gy,non_chewing
6071773.0,-1.268066,1.444824,-0.171387,0.180395,0.055424,-0.106319,-1.214355,-1.555664,0.527832,-0.073544,0.232089,0.310695,chewing,left_chewing,89.310,r_gy,non_chewing
6071783.0,-1.279785,1.452148,-0.189941,0.193718,0.012257,-0.159877,-1.21582,-1.562988,0.52832,-0.025314,0.122573,0.366652,chewing,left_chewing,89.310,r_gy,non_chewing
6071793.0,-1.285645,1.431152,-0.188965,0.181461,-0.038371,-0.15215,-1.22998,-1.55127,0.546387,-0.013856,0.007727,0.314426,chewing,left_chewing,89.310,r_gy,non_chewing
6071803.0,-1.291504,1.431152,-0.203125,0.145222,-0.037305,-0.145489,-1.266113,-1.550293,0.578125,-0.030643,-0.064484,0.243547,chewing,left_chewing,89.310,r_gy,non_chewing
6071813.0,-1.298828,1.404785,-0.206055,0.090597,-0.045299,-0.080738,-1.302246,-1.544434,0.598633,-0.055691,-0.106851,0.20038,chewing,left_chewing,89.310,r_gy,non_chewing
6071823.0,-1.320313,1.389648,-0.217285,0.012257,-0.050628,-0.042634,-1.257324,-1.549316,0.614258,-0.034107,-0.030377,0.071412,chewing,left_chewing,89.310,r_gy,non_chewing
6071833.0,-1.324707,1.393555,-0.214355,-0.058622,-0.005862,0.03544,-1.225586,-1.541992,0.630371,-0.006395,0.09566,-0.050628,chewing,left_chewing,89.310,r_gy,non_chewing
6071843.0,-1.321777,1.410156,-0.225586,-0.139893,0.052227,0.095394,-1.181641,-1.543945,0.611816,-0.00826,0.197182,-0.146554,chewing,left_chewing,89.310,r_gy,non_chewing
6071853.0,-1.306152,1.447266,-0.216309,-0.225694,0.148953,0.147354,-1.144531,-1.554199,0.633301,-0.000266,0.220098,-0.245945,chewing,left_chewing,89.310,r_gy,non_chewing
6071863.0,-1.276855,1.499023,-0.244629,-0.301636,0.223029,0.171069,-1.095215,-1.57373,0.61377,0.011458,0.167072,-0.347734,chewing,left_chewing,89.310,r_gy,non_chewing
6071873.0,-1.257324,1.523926,-0.235352,-0.305899,0.263531,0.18306,-1.071777,-1.560059,0.586914,0.040769,0.054092,-0.420478,chewing,left_chewing,89.310,r_gy,non_chewing
6071883.0,-1.22998,1.503418,-0.235352,-0.170003,0.228891,0.098058,-1.07666,-1.516602,0.574707,0.033308,-0.093795,-0.488959,chewing,left_chewing,89.310,r_gy,non_chewing
6071893.0,-1.333496,1.380859,-0.176758,-0.022916,0.193452,0.07834,-1.111328,-1.483398,0.537109,0.049828,-0.250208,-0.466043,chewing,left_chewing,89.310,r_gy,non_chewing
6071903.0,-1.310059,1.410156,-0.159668,0.137495,0.219832,-0.001066,-1.116699,-1.50293,0.520508,0.046897,-0.273923,-0.403158,chewing,left_chewing,89.310,r_gy,non_chewing
6071913.0,-1.319336,1.39502,-0.150391,0.205975,0.294708,-0.018386,-1.126465,-1.526855,0.526855,0.06555,-0.170003,-0.340539,chewing,left_chewing,89.310,r_gy,non_chewing
6071923.0,-1.300781,1.406738,-0.155273,0.234753,0.316025,-0.057023,-1.119141,-1.535645,0.541504,0.047164,-0.053559,-0.259002,chewing,left_chewing,89.310,r_gy,non_chewing
6071933.0,-1.296875,1.405762,-0.161133,0.259002,0.330147,-0.042634,-1.154785,-1.548828,0.54248,0.06928,0.031709,-0.116178,chewing,left_chewing,89.310,r_gy,non_chewing
6071943.0,-1.28418,1.399902,-0.1875,0.271792,0.297639,-0.021317,-1.185547,-1.517578,0.567383,0.041835,0.106319,-0.029577,chewing,left_chewing,89.310,r_gy,non_chewing
6071953.0,-1.276855,1.387207,-0.187012,0.267262,0.263265,0.014389,-1.186523,-1.535156,0.581543,-0.002132,0.115378,0.095926,chewing,left_chewing,89.310,r_gy,non_chewing
6071963.0,-1.238281,1.373535,-0.202148,0.228358,0.184658,0.003198,-1.160156,-1.535645,0.55957,-0.049828,0.119109,0.151617,chewing,left_chewing,89.310,r_gy,non_chewing
6071973.0,-1.208008,1.366699,-0.192383,0.237685,0.107384,-0.02185,-1.15918,-1.53418,0.563477,-0.057822,0.072744,0.214236,chewing,left_chewing,89.310,r_gy,non_chewing
6071983.0,-1.199219,1.337402,-0.216309,0.212104,0.040236,-0.092196,-1.176758,-1.519531,0.555176,-0.055158,0.046897,0.248609,chewing,left_chewing,89.310,r_gy,non_chewing
6071993.0,-1.211426,1.321777,-0.220215,0.216101,-0.042368,-0.114312,-1.234863,-1.518066,0.560547,-0.054625,0.074077,0.146554,chewing,left_chewing,89.310,r_gy,non_chewing
6072003.0,-1.209961,1.325195,-0.217773,0.240882,-0.131366,-0.127902,-1.275391,-1.510742,0.589355,-0.052227,0.156147,0.039703,chewing,left_chewing,89.310,r_gy,non_chewing
6072013.0,-1.224609,1.337891,-0.22998,0.164674,-0.156147,-0.133231,-1.289063,-1.509766,0.625977,-0.021317,0.23502,-0.080205,chewing,left_chewing,89.310,r_gy,non_chewing
6072023.0,-1.262207,1.302246,-0.231934,0.088466,-0.166806,-0.048496,-1.258789,-1.506836,0.610352,-0.051427,0.31709,-0.168937,chewing,left_chewing,89.310,r_gy,non_chewing
6072033.0,-1.291504,1.299316,-0.229004,-0.027979,-0.160677,0.026646,-1.240723,-1.515625,0.621094,-0.062086,0.316824,-0.290178,chewing,left_chewing,89.310,r_gy,non_chewing
6072043.0,-1.316895,1.325195,-0.219238,-0.176665,-0.124438,0.096992,-1.237793,-1.547852,0.589355,-0.113779,0.307231,-0.399694,chewing,left_chewing,89.310,r_gy,non_chewing
6072053.0,-1.337891,1.360352,-0.20752,-0.288845,-0.085801,0.12657,-1.205566,-1.571289,0.570312,-0.107384,0.293908,-0.438597,chewing,left_chewing,89.310,r_gy,non_chewing
6072063.0,-1.349121,1.401367,-0.20459,-0.336276,-0.02558,0.132698,-1.207031,-1.59375,0.558594,-0.122573,0.204643,-0.468708,chewing,left_chewing,89.310,r_gy,non_chewing
6072073.0,-1.327637,1.474121,-0.205078,-0.353329,-0.020518,0.110049,-1.162598,-1.625488,0.544922,-0.160677,0.141492,-0.518536,chewing,left_chewing,89.310,r_gy,non_chewing
6072083.0,-1.311523,1.510742,-0.214844,-0.334677,-0.051161,0.081804,-1.220215,-1.60498,0.554199,-0.046098,0.089798,-0.504946,chewing,left_chewing,89.310,r_gy,non_chewing
6072093.0,-1.31543,1.54834,-0.23877,-0.276322,-0.091397,0.059954,-1.183105,-1.604004,0.563965,-0.018119,0.030643,-0.521201,chewing,left_chewing,89.310,r_gy,non_chewing
6072103.0,-1.345703,1.530273,-0.241211,-0.210772,-0.159078,0.083136,-1.14502,-1.61084,0.572266,0.03091,-0.022916,-0.581421,chewing,left_chewing,89.310,r_gy,non_chewing
6072113.0,-1.352539,1.510742,-0.236328,-0.097525,-0.268328,0.096992,-1.150879,-1.543945,0.584473,0.061553,-0.119375,-0.580355,chewing,left_chewing,89.310,r_gy,non_chewing
6072123.0,-1.335938,1.505859,-0.21582,0.030377,-0.358658,0.102855,-1.130859,-1.535156,0.583984,0.07008,-0.249142,-0.560371,chewing,left_chewing,89.310,r_gy,non_chewing
6072133.0,-1.35498,1.454102,-0.216797,0.181194,-0.450855,0.107118,-1.118164,-1.543457,0.588379,0.069813,-0.31336,-0.51827,chewing,left_chewing,89.310,r_gy,non_chewing
6072143.0,-1.309082,1.459473,-0.202637,0.228625,-0.430603,0.106851,-1.108398,-1.564453,0.588379,0.043433,-0.371982,-0.407688,chewing,left_chewing,89.310,r_gy,non_chewing
6072153.0,-1.33252,1.391602,-0.179199,0.24408,-0.297639,0.116977,-1.102539,-1.560059,0.578125,0.031709,-0.322153,-0.428205,chewing,left_chewing,89.310,r_gy,non_chewing
6072163.0,-1.319336,1.378906,-0.157227,0.289378,-0.237685,0.128968,-1.12207,-1.541504,0.563965,-0.018919,-0.204377,-0.489758,chewing,left_chewing,89.310,r_gy,non_chewing
6072173.0,-1.342773,1.307617,-0.168945,0.292576,-0.133231,0.208107,-1.144043,-1.543457,0.570312,-0.040769,-0.007194,-0.59128,chewing,left_chewing,89.310,r_gy,non_chewing
6072183.0,-1.287109,1.360352,-0.146484,0.264597,0.020251,0.231023,-1.18457,-1.505371,0.569824,-0.101789,0.066083,-0.594211,chewing,left_chewing,89.310,r_gy,non_chewing
6072193.0,-1.269531,1.341309,-0.158203,0.3051,0.078873,0.222763,-1.097656,-1.543457,0.549805,-0.129767,0.076208,-0.426606,chewing,left_chewing,89.310,r_gy,non_chewing
6072203.0,-1.307617,1.316895,-0.150879,0.300037,0.034374,0.270726,-1.068359,-1.555176,0.531738,-0.201979,0.178263,-0.483096,chewing,left_chewing,89.310,r_gy,non_chewing
6072213.0,-1.266113,1.367676,-0.15918,0.300037,0.062885,0.288845,-1.147461,-1.561523,0.539551,-0.189988,0.143623,-0.23502,chewing,left_chewing,89.310,r_gy,non_chewing
6072223.0,-1.291992,1.361328,-0.150391,0.258469,0.007994,0.325351,-1.121582,-1.585449,0.522461,-0.209706,0.153749,-0.136162,chewing,left_chewing,89.310,r_gy,non_chewing
6072233.0,-1.300781,1.405762,-0.149902,0.228891,0.007461,0.349599,-1.115234,-1.604004,0.526855,-0.220364,0.206242,-0.093528,chewing,left_chewing,89.310,r_gy,non_chewing
6072243.0,-1.321289,1.42627,-0.173828,0.210772,-0.002398,0.371449,-1.131348,-1.60791,0.529297,-0.222763,0.227292,-0.060753,chewing,left_chewing,89.310,r_gy,non_chewing
6072253.0,-1.331543,1.461426,-0.169922,0.151617,-0.008793,0.323752,-1.150391,-1.625,0.54248,-0.235819,0.256337,-0.028245,chewing,left_chewing,89.310,r_gy,non_chewing
6072263.0,-1.333008,1.470215,-0.165039,0.139626,-0.02558,0.314426,-1.145996,-1.658203,0.539551,-0.214502,0.280585,-0.040769,chewing,left_chewing,89.310,r_gy,non_chewing
6072273.0,-1.333008,1.499023,-0.171875,0.116977,-0.062885,0.251274,-1.154297,-1.652832,0.539551,-0.203577,0.273124,-0.067415,chewing,left_chewing,89.310,r_gy,non_chewing
6072283.0,-1.341309,1.496094,-0.157227,0.070613,-0.057023,0.235819,-1.169434,-1.664063,0.519531,-0.160677,0.241415,-0.09566,chewing,left_chewing,87.824,r_gz,non_chewing
6072293.0,-1.322754,1.506348,-0.165527,0.020518,0.015988,0.231822,-1.132324,-1.636719,0.5,-0.153482,0.162276,-0.081271,chewing,left_chewing,87.824,r_gz,non_chewing
6072303.0,-1.309082,1.489746,-0.162598,-0.06928,0.031709,0.231289,-1.15332,-1.622559,0.51709,-0.12577,0.080472,-0.153216,chewing,left_chewing,87.824,r_gz,non_chewing
6072313.0,-1.290039,1.494141,-0.145508,-0.16947,0.027712,0.244613,-1.11084,-1.62793,0.50293,-0.099391,-0.031975,-0.215035,chewing,left_chewing,87.824,r_gz,non_chewing
6072323.0,-1.226563,1.507324,-0.139648,-0.23955,0.079139,0.271525,-1.069336,-1.625977,0.495605,-0.038371,-0.153749,-0.25687,chewing,left_chewing,87.824,r_gz,non_chewing
6072333.0,-1.199219,1.516113,-0.141113,-0.279519,0.075142,0.245945,-1.029297,-1.624023,0.49707,0.022649,-0.198781,-0.333877,chewing,left_chewing,87.824,r_gz,non_chewing
6072343.0,-1.173828,1.48584,-0.169434,-0.227559,-0.023449,0.222763,-1.056641,-1.586426,0.503906,0.07381,-0.26513,-0.385571,chewing,left_chewing,87.824,r_gz,non_chewing
6072353.0,-1.174805,1.478516,-0.157227,-0.126037,-0.080738,0.20411,-1.040527,-1.5625,0.518555,0.093528,-0.349599,-0.347467,chewing,left_chewing,87.824,r_gz,non_chewing
6072363.0,-1.200195,1.443848,-0.15625,-0.007194,-0.158812,0.154015,-1.023926,-1.558105,0.513184,0.077541,-0.378377,-0.279519,chewing,left_chewing,87.824,r_gz,non_chewing
6072373.0,-1.228027,1.44043,-0.144043,0.129234,-0.150285,0.113513,-1.040039,-1.547852,0.494629,0.049296,-0.329614,-0.243813,chewing,left_chewing,87.824,r_gz,non_chewing
6072383.0,-1.25293,1.406738,-0.140625,0.266196,-0.138294,0.060221,-1.06543,-1.549316,0.522461,0.074343,-0.289645,-0.157746,chewing,left_chewing,87.824,r_gz,non_chewing
6072393.0,-1.268555,1.379883,-0.119141,0.347467,-0.08207,0.037571,-1.067871,-1.540527,0.540039,0.038371,-0.13856,-0.080472,chewing,left_chewing,87.824,r_gz,non_chewing
6072403.0,-1.28418,1.362793,-0.129883,0.375179,-0.001865,0.056224,-1.08252,-1.532227,0.540527,0.003464,0.043167,-0.030377,chewing,left_chewing,87.824,r_gz,non_chewing
6072413.0,-1.297363,1.339355,-0.135742,0.31336,0.073544,0.062352,-1.130371,-1.550781,0.529785,-0.041302,0.145222,0.055957,chewing,left_chewing,87.824,r_gz,non_chewing
6072423.0,-1.283691,1.355957,-0.139648,0.254205,0.110848,0.086334,-1.141602,-1.583008,0.540527,-0.044766,0.231023,0.110582,chewing,left_chewing,87.824,r_gz,non_chewing
6072433.0,-1.270508,1.37793,-0.149902,0.192386,0.073011,0.080205,-1.135742,-1.612793,0.534668,-0.074343,0.297372,0.152949,chewing,left_chewing,87.824,r_gz,non_chewing
6072443.0,-1.263672,1.416992,-0.15918,0.117776,0.040236,0.085801,-1.134277,-1.626953,0.52002,-0.085268,0.317623,0.222763,chewing,left_chewing,87.824,r_gz,non_chewing
6072453.0,-1.28418,1.4375,-0.168457,0.045832,-0.024515,0.095926,-1.117188,-1.655762,0.526367,-0.078606,0.341871,0.231023,chewing,left_chewing,87.824,r_gz,non_chewing
6072463.0,-1.283691,1.464844,-0.163574,0.026913,-0.099923,0.084735,-1.120117,-1.674316,0.529297,-0.097259,0.349599,0.24328,chewing,left_chewing,87.824,r_gz,non_chewing
6072473.0,-1.287598,1.476563,-0.17627,0.012257,-0.174266,0.058622,-1.123047,-1.665527,0.54248,-0.080205,0.310695,0.232089,chewing,left_chewing,87.824,r_gz,non_chewing
6072483.0,-1.280273,1.488281,-0.187988,-0.00453,-0.204643,0.021583,-1.113281,-1.651855,0.546387,-0.059688,0.230224,0.253939,chewing,left_chewing,87.824,r_gz,non_chewing
6072493.0,-1.304199,1.518555,-0.196777,0.106851,-0.346401,0.021051,-1.130859,-1.617188,0.539551,-0.038371,0.170003,0.12204,chewing,left_chewing,87.824,r_gz,non_chewing
6072503.0,-1.297852,1.476563,-0.17041,-0.007461,-0.243813,-0.085002,-1.110352,-1.614258,0.524414,-0.023182,0.052227,0.079939,chewing,left_chewing,87.824,r_gz,non_chewing
6072513.0,-1.251465,1.505859,-0.182129,0.032775,-0.302968,-0.106851,-1.126953,-1.608887,0.544434,0.015188,-0.047697,0.026646,chewing,left_chewing,87.824,r_gz,non_chewing
6072523.0,-1.262207,1.478516,-0.165039,0.061553,-0.329614,-0.122839,-1.108887,-1.609375,0.552734,0.058089,-0.075675,-0.054092,chewing,left_chewing,87.824,r_gz,non_chewing
6072533.0,-1.263672,1.448242,-0.182617,0.126037,-0.408221,-0.074077,-1.125977,-1.609375,0.554687,0.061819,-0.106585,-0.110848,chewing,left_chewing,87.824,r_gz,non_chewing
6072543.0,-1.251953,1.478516,-0.169922,0.119375,-0.389835,-0.078873,-1.107422,-1.594238,0.566406,0.085002,-0.078606,-0.16041,chewing,left_chewing,87.824,r_gz,non_chewing
6072553.0,-1.256348,1.42627,-0.185059,0.360257,-0.49109,0.055158,-1.085938,-1.607422,0.575195,0.100989,-0.043966,-0.231289,chewing,left_chewing,87.824,r_gz,non_chewing
6072563.0,-1.275879,1.441406,-0.132812,0.434867,-0.445525,0.098058,-1.056152,-1.582031,0.59375,0.12124,0.00373,-0.231822,chewing,left_chewing,87.824,r_gz,non_chewing
6072573.0,-1.265625,1.436035,-0.166016,0.511874,-0.350665,0.095926,-1.068359,-1.535156,0.467285,0.063951,-0.017587,-0.202778,chewing,left_chewing,87.824,r_gz,non_chewing
6072583.0,-1.293457,1.396484,-0.180664,0.558772,-0.249675,0.07834,-1.102539,-1.547363,0.526367,0.06928,-0.112447,-0.131366,chewing,left_chewing,87.824,r_gz,non_chewing
6072593.0,-1.294922,1.352539,-0.114746,0.528928,-0.124172,-0.151884,-1.049805,-1.570313,0.580078,0.09193,-0.104986,-0.101789,chewing,left_chewing,87.824,r_gz,non_chewing
6072603.0,-1.288086,1.397949,-0.112793,0.421544,-0.015988,-0.134564,-1.086914,-1.525879,0.499023,0.024515,-0.060753,-0.043433,chewing,left_chewing,87.824,r_gz,non_chewing
6072613.0,-1.323242,1.335449,-0.155762,0.431669,0.084469,-0.182793,-1.171387,-1.561523,0.574707,0.018119,-0.052493,0.076208,chewing,left_chewing,87.824,r_gz,non_chewing
6072623.0,-1.303223,1.374512,-0.118652,0.344536,0.129767,-0.259268,-1.103516,-1.559082,0.501465,-0.038904,0.181461,0.127636,chewing,left_chewing,87.824,r_gz,non_chewing
6072633.0,-1.300781,1.36084,-0.178711,0.309363,0.170536,-0.233155,-1.17627,-1.60791,0.580078,-0.061819,0.292309,0.17773,chewing,left_chewing,87.824,r_gz,non_chewing
6072643.0,-1.291992,1.40332,-0.128418,0.198781,0.233155,-0.189721,-1.131348,-1.605469,0.496094,-0.093795,0.472704,0.158545,chewing,left_chewing,87.824,r_gz,non_chewing
6072653.0,-1.292969,1.393555,-0.17627,0.110848,0.227825,-0.120175,-1.133301,-1.652832,0.588379,-0.055158,0.442861,0.213703,chewing,left_chewing,87.824,r_gz,non_chewing
6072663.0,-1.278809,1.429688,-0.193848,0.03917,0.188922,-0.063418,-1.20752,-1.595215,0.507812,-0.101256,0.475103,0.23875,chewing,left_chewing,87.824,r_gz,non_chewing
6072673.0,-1.283203,1.460938,-0.145508,-0.034907,0.133231,0.003464,-1.147949,-1.635254,0.562012,-0.081538,0.484162,0.110315,chewing,left_chewing,87.824,r_gz,non_chewing
6072683.0,-1.29541,1.463867,-0.227539,-0.092995,0.09566,0.032242,-1.189453,-1.630371,0.564453,-0.040236,0.346668,0.0874,chewing,left_chewing,87.824,r_gz,non_chewing
6072693.0,-1.3125,1.488281,-0.168945,-0.199847,0.100989,0.053292,-1.136719,-1.612793,0.496582,-0.027446,0.305366,0.033841,chewing,left_chewing,87.824,r_gz,non_chewing
6072703.0,-1.309082,1.478027,-0.197754,-0.254738,0.113779,0.037038,-1.145508,-1.661621,0.600098,0.053292,0.148953,-0.037571,chewing,left_chewing,87.824,r_gz,non_chewing
6072713.0,-1.320801,1.498047,-0.192383,-0.300836,0.158545,0.032775,-1.133789,-1.597656,0.486816,0.038904,0.064217,-0.074609,chewing,left_chewing,87.824,r_gz,non_chewing
6072723.0,-1.329102,1.473145,-0.171387,-0.25687,0.123106,0.037571,-1.116211,-1.652832,0.609375,0.12124,-0.040502,-0.126303,chewing,left_chewing,87.824,r_gz,non_chewing
6072733.0,-1.326172,1.486816,-0.17627,-0.236885,0.141225,0.020251,-1.101563,-1.60498,0.498047,0.087133,-0.078074,-0.155348,chewing,left_chewing,87.824,r_gz,non_chewing
6072743.0,-1.318848,1.449707,-0.206055,-0.189188,0.169204,0.054625,-1.129883,-1.608398,0.57666,0.099124,-0.201446,-0.142824,chewing,left_chewing,87.824,r_gz,non_chewing
6072753.0,-1.310547,1.445313,-0.195801,-0.147087,0.185724,0.079139,-1.070313,-1.598633,0.595215,0.130833,-0.189988,-0.176132,chewing,left_chewing,87.824,r_gz,non_chewing
6072763.0,-1.292969,1.4375,-0.196777,-0.12124,0.244879,0.091663,-1.065918,-1.555664,0.539551,0.059421,-0.148953,-0.190787,chewing,left_chewing,87.824,r_gz,non_chewing
6072773.0,-1.269531,1.411133,-0.231445,-0.031176,0.282184,0.10472,-1.091309,-1.528809,0.515137,0.040236,-0.185458,-0.139626,chewing,left_chewing,87.824,r_gz,non_chewing
6072783.0,-1.253906,1.407227,-0.169434,0.042634,0.269127,0.051427,-1.039551,-1.586914,0.608398,0.066349,-0.165207,-0.135629,chewing,left_chewing,87.824,r_gz,non_chewing
6072793.0,-1.248535,1.416992,-0.166504,0.126037,0.262466,0.018386,-1.010254,-1.562012,0.581543,0.040502,-0.105786,-0.081804,chewing,left_chewing,87.824,r_gz,non_chewing
6072803.0,-1.250977,1.400391,-0.178711,0.188389,0.26966,-0.027446,-1.046387,-1.55957,0.538574,-0.00826,-0.083403,-0.01279,chewing,left_chewing,93.350,r_gy,non_chewing
6072813.0,-1.285156,1.356445,-0.17041,0.293375,0.187856,-0.033308,-1.114746,-1.544434,0.539062,-0.015721,-0.093262,0.05276,chewing,left_chewing,93.350,r_gy,non_chewing
6072823.0,-1.281738,1.344238,-0.169922,0.311228,0.170536,-0.067149,-1.119629,-1.563477,0.55127,-0.058888,-0.064484,0.153216,chewing,left_chewing,93.350,r_gy,non_chewing
6072833.0,-1.311035,1.350586,-0.183105,0.308564,0.172135,-0.01279,-1.134277,-1.588379,0.536621,-0.080472,0.047963,0.177198,chewing,left_chewing,93.350,r_gy,non_chewing
6072843.0,-1.296387,1.358398,-0.171875,0.241149,0.194784,0.034374,-1.160156,-1.602051,0.543945,-0.107118,0.149485,0.200646,chewing,left_chewing,93.350,r_gy,non_chewing
6072853.0,-1.291504,1.387695,-0.167969,0.150551,0.159345,0.094594,-1.151367,-1.625,0.550781,-0.084202,0.239816,0.175865,chewing,left_chewing,93.350,r_gy,non_chewing
6072863.0,-1.271484,1.420898,-0.1875,0.079939,0.092729,0.151084,-1.140625,-1.644043,0.541504,-0.031176,0.255538,0.189721,chewing,left_chewing,93.350,r_gy,non_chewing
6072873.0,-1.253906,1.440918,-0.205566,0.079139,-0.025314,0.223296,-1.123535,-1.633301,0.571289,0.013856,0.28245,0.123905,chewing,left_chewing,93.350,r_gy,non_chewing
6072883.0,-1.229004,1.473633,-0.216309,0.219832,-0.264331,0.303767,-1.101563,-1.638672,0.544922,0.045565,0.259002,0.098058,chewing,left_chewing,93.350,r_gy,non_chewing
6072893.0,-1.206543,1.524414,-0.204102,0.201979,-0.346135,0.366652,-1.132324,-1.635254,0.533203,0.034907,0.093528,0.081271,chewing,left_chewing,93.350,r_gy,non_chewing
6072903.0,-1.224121,1.514648,-0.215332,0.164407,-0.388769,0.35253,-1.114746,-1.615234,0.556152,0.022383,-0.083136,0.107651,chewing,left_chewing,93.350,r_gy,non_chewing
6072913.0,-1.231934,1.52832,-0.200195,0.157213,-0.44819,0.286714,-1.100098,-1.614746,0.562988,0.022649,-0.16041,0.078074,chewing,left_chewing,93.350,r_gy,non_chewing
6072923.0,-1.248535,1.517578,-0.226074,0.163341,-0.39996,0.249409,-1.127441,-1.59668,0.521973,0.010658,-0.167871,0.030377,chewing,left_chewing,93.350,r_gy,non_chewing
6072933.0,-1.293457,1.458984,-0.152832,0.219299,-0.314426,0.18679,-1.11377,-1.593262,0.574707,0.051694,-0.150285,-0.017587,chewing,left_chewing,93.350,r_gy,non_chewing
6072943.0,-1.268555,1.483398,-0.196289,0.242747,-0.268594,0.129234,-1.121094,-1.552246,0.521484,0.062086,-0.063685,-0.085801,chewing,left_chewing,93.350,r_gy,non_chewing
6072953.0,-1.269531,1.4375,-0.180176,0.212637,-0.116178,0.045299,-1.131836,-1.563965,0.575195,0.056224,-0.045832,-0.112714,chewing,left_chewing,93.350,r_gy,non_chewing
6072963.0,-1.275391,1.400391,-0.174316,0.20411,-0.005063,-0.014123,-1.118164,-1.559082,0.560547,0.070613,-0.076741,-0.123372,chewing,left_chewing,93.350,r_gy,non_chewing
6072973.0,-1.273926,1.383789,-0.181641,0.218233,0.051161,-0.053825,-1.095215,-1.553223,0.547852,0.059421,-0.072744,-0.063418,chewing,left_chewing,93.350,r_gy,non_chewing
6072983.0,-1.257813,1.38916,-0.195801,0.201979,0.136695,-0.09113,-1.094727,-1.550781,0.539062,0.019718,-0.074343,-0.025047,chewing,left_chewing,93.350,r_gy,non_chewing
6072993.0,-1.249512,1.377441,-0.197266,0.208107,0.20864,-0.110049,-1.109863,-1.552246,0.553223,-0.033574,-0.077008,0.029844,chewing,left_chewing,93.350,r_gy,non_chewing
6073003.0,-1.249512,1.383301,-0.191895,0.244346,0.205975,-0.109516,-1.094727,-1.56543,0.569824,-0.041835,-0.019452,0.038904,chewing,left_chewing,93.350,r_gy,non_chewing
6073013.0,-1.259277,1.370117,-0.194336,0.271792,0.231556,-0.097259,-1.12207,-1.581543,0.575684,-0.067415,0.087666,0.022383,chewing,left_chewing,93.350,r_gy,non_chewing
6073023.0,-1.251953,1.383789,-0.16748,0.287779,0.218499,-0.066882,-1.104004,-1.600098,0.609375,-0.069547,0.177464,-0.019985,chewing,left_chewing,93.350,r_gy,non_chewing
6073033.0,-1.263672,1.377441,-0.16748,0.255804,0.193185,-0.066349,-1.112793,-1.608887,0.600098,-0.028245,0.210505,0.007194,chewing,left_chewing,93.350,r_gy,non_chewing
6073043.0,-1.258301,1.422363,-0.180176,0.195317,0.145755,-0.07008,-1.117188,-1.581543,0.533203,-0.015188,0.250475,0.02638,chewing,left_chewing,93.350,r_gy,non_chewing
6073053.0,-1.252441,1.442383,-0.219238,0.111381,0.138294,-0.041835,-1.169922,-1.574219,0.490234,-0.066616,0.253406,0.062885,chewing,left_chewing,93.350,r_gy,non_chewing
6073063.0,-1.257813,1.433594,-0.242187,0.047164,0.096726,0.007727,-1.180664,-1.626465,0.56543,-0.102855,0.223296,0.074343,chewing,left_chewing,93.350,r_gy,non_chewing
6073073.0,-1.271973,1.446289,-0.224121,-0.021051,0.057556,0.018386,-1.13916,-1.651367,0.599121,-0.061553,0.191054,0.041835,chewing,left_chewing,93.350,r_gy,non_chewing
6073083.0,-1.274902,1.457031,-0.223633,-0.090064,0.036772,0.046098,-1.135742,-1.637695,0.568359,-0.033308,0.157479,0.009326,chewing,left_chewing,93.350,r_gy,non_chewing
6073093.0,-1.275879,1.459961,-0.228027,-0.142291,-0.00906,0.03544,-1.14209,-1.624512,0.550293,-0.033041,0.10845,-0.028245,chewing,left_chewing,93.350,r_gy,non_chewing
6073103.0,-1.261719,1.46875,-0.219727,-0.183859,-0.049296,0.014655,-1.136719,-1.615723,0.563965,-0.020518,0.031176,-0.042368,chewing,left_chewing,93.350,r_gy,non_chewing
6073113.0,-1.264648,1.476563,-0.239258,-0.189988,-0.10019,0.028245,-1.114258,-1.603027,0.57959,0.02558,-0.059421,0.0,chewing,left_chewing,93.350,r_gy,non_chewing
6073123.0,-1.253906,1.470703,-0.23291,-0.176931,-0.124704,0.038904,-1.119141,-1.590332,0.577148,0.058089,-0.083136,-0.088998,chewing,left_chewing,93.350,r_gy,non_chewing
6073133.0,-1.253418,1.469238,-0.211914,-0.140692,-0.12577,0.063418,-1.089844,-1.574707,0.581055,0.088466,-0.112447,-0.149219,chewing,left_chewing,93.350,r_gy,non_chewing
6073143.0,-1.257813,1.451172,-0.208984,-0.12657,-0.12577,0.078873,-1.077148,-1.57666,0.570801,0.113513,-0.067149,-0.194251,chewing,left_chewing,93.350,r_gy,non_chewing
6073153.0,-1.250977,1.421875,-0.212402,-0.079672,-0.111914,0.067415,-1.083984,-1.560547,0.579102,0.119109,-0.073277,-0.220364,chewing,left_chewing,93.350,r_gy,non_chewing
6073163.0,-1.257813,1.422363,-0.217285,-0.007994,-0.067948,0.069813,-1.084961,-1.558105,0.575684,0.080205,-0.077008,-0.234487,chewing,left_chewing,93.350,r_gy,non_chewing
6073173.0,-1.251953,1.415527,-0.214844,0.069813,-0.056757,0.02638,-1.074219,-1.544922,0.571777,0.053825,-0.057822,-0.208107,chewing,left_chewing,93.350,r_gy,non_chewing
6073183.0,-1.263672,1.412598,-0.199219,0.142557,-0.017054,-0.026913,-1.097656,-1.555664,0.558594,0.019185,-0.068747,-0.146554,chewing,left_chewing,93.350,r_gy,non_chewing
6073193.0,-1.274414,1.40332,-0.197754,0.22223,0.003198,-0.077541,-1.100586,-1.556152,0.578613,-0.011991,-0.027179,-0.100723,chewing,left_chewing,93.350,r_gy,non_chewing
6073203.0,-1.282715,1.388672,-0.187012,0.27872,0.046098,-0.08207,-1.121582,-1.561523,0.553223,-0.038371,0.011991,-0.029311,chewing,left_chewing,93.350,r_gy,non_chewing
6073213.0,-1.303711,1.369141,-0.190918,0.296306,0.070613,-0.096459,-1.142578,-1.553223,0.561523,-0.05649,0.073544,0.020784,chewing,left_chewing,93.350,r_gy,non_chewing
6073223.0,-1.316895,1.365723,-0.205078,0.292309,0.105786,-0.060487,-1.151855,-1.577637,0.575195,-0.090064,0.150551,0.085268,chewing,left_chewing,93.350,r_gy,non_chewing
6073233.0,-1.324219,1.367676,-0.164062,0.248343,0.09566,-0.046897,-1.117188,-1.592285,0.589844,-0.079939,0.215568,0.102322,chewing,left_chewing,93.350,r_gy,non_chewing
6073243.0,-1.286133,1.38916,-0.191895,0.190521,0.10019,-0.026646,-1.152344,-1.584473,0.526367,-0.144956,0.315492,0.117243,chewing,left_chewing,93.350,r_gy,non_chewing
6073253.0,-1.27002,1.419434,-0.186523,0.123372,0.090864,-0.003464,-1.144043,-1.597168,0.51709,-0.151617,0.306965,0.139093,chewing,left_chewing,93.350,r_gy,non_chewing
6073263.0,-1.256348,1.455078,-0.208008,0.06928,0.064217,0.008527,-1.132813,-1.61084,0.53125,-0.143357,0.289911,0.10472,chewing,left_chewing,93.350,r_gy,non_chewing
6073273.0,-1.244141,1.486328,-0.210449,0.011991,0.028511,-0.006395,-1.11377,-1.615723,0.533203,-0.116444,0.237152,0.102855,chewing,left_chewing,93.350,r_gy,non_chewing
6073283.0,-1.247559,1.495117,-0.215332,0.005596,-0.018919,0.003997,-1.114258,-1.630371,0.556641,-0.093528,0.153216,0.063685,chewing,left_chewing,93.350,r_gy,non_chewing
6073293.0,-1.237793,1.506348,-0.222656,0.013856,-0.059954,0.006129,-1.115723,-1.619629,0.569336,-0.080738,0.093795,-0.002398,chewing,left_chewing,93.350,r_gy,non_chewing
6073303.0,-1.243164,1.498047,-0.208496,-0.003997,-0.08287,0.0,-1.117676,-1.62207,0.563965,-0.022116,0.045032,-0.020251,chewing,left_chewing,93.350,r_gy,non_chewing
6073313.0,-1.256348,1.494141,-0.196289,-0.02558,-0.091397,-0.011191,-1.130859,-1.609375,0.576172,-0.03011,-0.022916,-0.025847,chewing,left_chewing,93.350,r_gy,non_chewing
6073323.0,-1.273438,1.480957,-0.202637,-0.032775,-0.058888,-0.015988,-1.12793,-1.583008,0.568848,-0.030377,-0.042101,-0.077807,chewing,left_chewing,93.350,r_gy,non_chewing
6073333.0,-1.273438,1.44873,-0.204102,-0.063152,-0.038637,-0.001865,-1.109863,-1.578613,0.567871,-0.040769,-0.050361,-0.086334,chewing,left_chewing,93.350,r_gy,non_chewing
6073343.0,-1.282715,1.43457,-0.20459,-0.055691,-0.020784,-0.005063,-1.101563,-1.577148,0.560547,-0.051694,-0.062885,-0.12657,chewing,left_chewing,91.881,r_gz,non_chewing
6073353.0,-1.275391,1.416504,-0.208496,-0.047164,0.047697,-0.00826,-1.056152,-1.562012,0.555176,-0.046098,-0.086067,-0.12577,chewing,left_chewing,91.881,r_gz,non_chewing
6073363.0,-1.274902,1.405273,-0.222168,-0.000533,0.099124,-0.005063,-1.064941,-1.547852,0.54541,-0.061819,-0.136695,-0.076475,chewing,left_chewing,91.881,r_gz,non_chewing
6073373.0,-1.274414,1.397461,-0.183594,0.038637,0.146554,-0.01732,-1.064941,-1.554688,0.548828,-0.069014,-0.17773,0.013057,chewing,left_chewing,91.881,r_gz,non_chewing
6073383.0,-1.273926,1.383301,-0.195801,0.095127,0.176132,-0.050894,-1.07666,-1.54541,0.537109,-0.075942,-0.168671,0.02638,chewing,left_chewing,91.881,r_gz,non_chewing
6073393.0,-1.279785,1.370605,-0.183105,0.091397,0.227292,-0.076208,-1.115234,-1.556641,0.554199,-0.096459,-0.142557,0.077807,chewing,left_chewing,91.881,r_gz,non_chewing
6073403.0,-1.299316,1.350098,-0.195312,0.100989,0.262466,-0.096193,-1.137207,-1.55957,0.537109,-0.100723,-0.07834,0.090064,chewing,left_chewing,91.881,r_gz,non_chewing
6073413.0,-1.28125,1.359375,-0.196777,0.096459,0.294708,-0.070879,-1.13916,-1.575195,0.540039,-0.097259,0.075409,0.091397,chewing,left_chewing,91.881,r_gz,non_chewing
6073423.0,-1.282227,1.373047,-0.186523,0.06475,0.288046,-0.056224,-1.154297,-1.583984,0.547852,-0.114579,0.234487,0.04743,chewing,left_chewing,91.881,r_gz,non_chewing
6073433.0,-1.283691,1.384766,-0.185059,0.011458,0.292576,-0.026646,-1.154785,-1.605469,0.524414,-0.131632,0.292842,0.049828,chewing,left_chewing,91.881,r_gz,non_chewing
6073443.0,-1.28418,1.398438,-0.189941,-0.045832,0.280052,-0.010658,-1.143555,-1.626953,0.536621,-0.140959,0.306165,0.077807,chewing,left_chewing,91.881,r_gz,non_chewing
6073453.0,-1.265625,1.420898,-0.200684,-0.088732,0.255005,0.021583,-1.137695,-1.631348,0.574219,-0.126303,0.304567,0.117243,chewing,left_chewing,91.881,r_gz,non_chewing
6073463.0,-1.252441,1.448242,-0.200684,-0.122839,0.184392,0.058089,-1.118164,-1.634766,0.556641,-0.115911,0.301902,0.088998,chewing,left_chewing,91.881,r_gz,non_chewing
6073473.0,-1.243652,1.473145,-0.21875,-0.172135,0.115378,0.054358,-1.132813,-1.615234,0.543457,-0.115378,0.281384,0.04743,chewing,left_chewing,91.881,r_gz,non_chewing
6073483.0,-1.244141,1.494141,-0.227539,-0.186524,0.023449,0.022649,-1.149414,-1.603027,0.546875,-0.088199,0.197715,0.028778,chewing,left_chewing,91.881,r_gz,non_chewing
6073493.0,-1.252441,1.499023,-0.220215,-0.160144,-0.070346,0.013057,-1.139648,-1.604004,0.540039,-0.056224,0.08287,0.009859,chewing,left_chewing,91.881,r_gz,non_chewing
6073503.0,-1.273926,1.501953,-0.210449,-0.167072,-0.116711,0.015188,-1.135742,-1.611816,0.543945,-0.026113,-0.015455,-0.011191,chewing,left_chewing,91.881,r_gz,non_chewing
6073513.0,-1.277832,1.475586,-0.200684,-0.172401,-0.142557,0.019985,-1.141602,-1.609863,0.541992,0.011724,-0.075142,-0.033841,chewing,left_chewing,91.881,r_gz,non_chewing
6073523.0,-1.284668,1.47168,-0.203613,-0.19132,-0.135363,0.016254,-1.129395,-1.618652,0.547852,0.038104,-0.060487,-0.082603,chewing,left_chewing,91.881,r_gz,non_chewing
6073533.0,-1.293457,1.45752,-0.188477,-0.159611,-0.090864,0.040502,-1.105957,-1.605469,0.537598,0.044766,-0.026113,-0.133498,chewing,left_chewing,91.881,r_gz,non_chewing
6073543.0,-1.287598,1.42627,-0.198242,-0.136429,-0.05276,0.069014,-1.094238,-1.58252,0.539551,0.056757,-0.027979,-0.168404,chewing,left_chewing,91.881,r_gz,non_chewing
6073553.0,-1.275391,1.41748,-0.193359,-0.10019,0.006395,0.034374,-1.089844,-1.553223,0.554687,0.0429,-0.077807,-0.12124,chewing,left_chewing,91.881,r_gz,non_chewing
6073563.0,-1.286133,1.420898,-0.191406,-0.005329,0.050361,0.041835,-1.063477,-1.547852,0.541992,0.009593,-0.128435,-0.071412,chewing,left_chewing,91.881,r_gz,non_chewing
6073573.0,-1.277344,1.413574,-0.189941,0.0866,0.080205,-0.002132,-1.07373,-1.539551,0.548828,-0.01279,-0.102855,-0.059688,chewing,left_chewing,91.881,r_gz,non_chewing
6073583.0,-1.27002,1.396484,-0.18457,0.183859,0.073544,-0.0437,-1.099609,-1.538574,0.53125,-0.017587,-0.059421,-0.050894,chewing,left_chewing,91.881,r_gz,non_chewing
6073593.0,-1.271973,1.377441,-0.179199,0.227292,0.07834,-0.066616,-1.133789,-1.533203,0.546387,-0.034107,0.000266,-0.02558,chewing,left_chewing,91.881,r_gz,non_chewing
6073603.0,-1.296387,1.376953,-0.189453,0.241681,0.079139,-0.068214,-1.159668,-1.550781,0.544922,-0.045032,0.092995,0.006129,chewing,left_chewing,91.881,r_gz,non_chewing
6073613.0,-1.292969,1.371582,-0.191406,0.216101,0.092729,-0.053292,-1.159668,-1.571777,0.541016,-0.057822,0.192652,0.037038,chewing,left_chewing,91.881,r_gz,non_chewing
6073623.0,-1.281738,1.376953,-0.185547,0.190521,0.06102,-0.033841,-1.15918,-1.612793,0.521484,-0.072478,0.292576,0.060221,chewing,left_chewing,91.881,r_gz,non_chewing
6073633.0,-1.277832,1.400391,-0.177734,0.142291,0.034374,-0.029311,-1.155762,-1.636719,0.513672,-0.070879,0.317623,0.085002,chewing,left_chewing,91.881,r_gz,non_chewing
6073643.0,-1.265137,1.41748,-0.191406,0.096193,0.012257,0.010126,-1.131348,-1.649902,0.505859,-0.066083,0.325084,0.107384,chewing,left_chewing,91.881,r_gz,non_chewing
6073653.0,-1.258301,1.433105,-0.186035,-0.001599,-0.003997,0.007727,-1.128906,-1.633789,0.504883,-0.065283,0.290711,0.122839,chewing,left_chewing,91.881,r_gz,non_chewing
6073663.0,-1.251953,1.46875,-0.20459,-0.072211,-0.026646,0.021317,-1.140625,-1.628418,0.534668,-0.061553,0.200913,0.121773,chewing,left_chewing,91.881,r_gz,non_chewing
6073673.0,-1.255859,1.478516,-0.204102,-0.10845,-0.098325,0.032508,-1.154297,-1.617676,0.526855,-0.038637,0.121507,0.083403,chewing,left_chewing,91.881,r_gz,non_chewing
6073683.0,-1.262695,1.473145,-0.219727,-0.115645,-0.172668,0.015721,-1.160156,-1.610352,0.537109,-0.024515,0.019185,0.013856,chewing,left_chewing,91.881,r_gz,non_chewing
6073693.0,-1.287109,1.477539,-0.209473,-0.147887,-0.196383,-0.005862,-1.155762,-1.606934,0.541992,0.004263,-0.07381,-0.020518,chewing,left_chewing,91.881,r_gz,non_chewing
6073703.0,-1.29541,1.481445,-0.1875,-0.14762,-0.208107,0.001599,-1.158203,-1.619629,0.538086,0.006928,-0.133231,-0.048763,chewing,left_chewing,91.881,r_gz,non_chewing
6073713.0,-1.302734,1.460449,-0.199707,-0.119109,-0.214236,0.019718,-1.151855,-1.60498,0.535156,0.015988,-0.125504,-0.065017,chewing,left_chewing,91.881,r_gz,non_chewing
6073723.0,-1.304199,1.453613,-0.186035,-0.079939,-0.191587,0.03917,-1.153809,-1.579102,0.553223,0.011991,-0.123372,-0.10845,chewing,left_chewing,91.881,r_gz,non_chewing
6073733.0,-1.307617,1.422363,-0.205566,-0.020251,-0.160677,0.041035,-1.138672,-1.560547,0.552246,0.006928,-0.113513,-0.125504,chewing,left_chewing,91.881,r_gz,non_chewing
6073743.0,-1.3125,1.415039,-0.196289,0.081271,-0.151351,0.03464,-1.113281,-1.546387,0.540039,0.005862,-0.107118,-0.137495,chewing,left_chewing,91.881,r_gz,non_chewing
6073753.0,-1.312988,1.415527,-0.198242,0.18226,-0.060487,-0.005329,-1.094238,-1.538086,0.556152,0.008527,-0.121773,-0.123106,chewing,left_chewing,91.881,r_gz,non_chewing
6073763.0,-1.294922,1.406738,-0.192871,0.231822,-0.004796,-0.02185,-1.088867,-1.533691,0.553711,-0.002665,-0.132432,-0.10019,chewing,left_chewing,91.881,r_gz,non_chewing
6073773.0,-1.290039,1.399902,-0.198242,0.296839,0.03091,-0.024248,-1.111328,-1.533691,0.550293,-0.037038,-0.13936,-0.078606,chewing,left_chewing,91.881,r_gz,non_chewing
6073783.0,-1.29541,1.391602,-0.20459,0.331213,0.048496,-0.046364,-1.140137,-1.528809,0.564941,-0.062619,-0.14389,-0.058888,chewing,left_chewing,91.881,r_gz,non_chewing
6073793.0,-1.303223,1.387695,-0.207031,0.37891,0.013856,-0.027979,-1.157227,-1.543945,0.555176,-0.097525,-0.077008,-0.05649,chewing,left_chewing,91.881,r_gz,non_chewing
6073803.0,-1.336914,1.369629,-0.187988,0.385838,-0.00826,-0.010126,-1.174316,-1.566895,0.546387,-0.103387,0.00373,-0.063152,chewing,left_chewing,91.881,r_gz,non_chewing
6073813.0,-1.340332,1.373535,-0.194824,0.359724,-0.01732,0.036239,-1.181152,-1.620605,0.555664,-0.105253,0.060221,-0.057289,chewing,left_chewing,91.881,r_gz,non_chewing
6073823.0,-1.351563,1.375488,-0.188477,0.319755,-0.034907,0.068747,-1.164551,-1.611816,0.547363,-0.137495,0.068747,0.020784,chewing,left_chewing,91.881,r_gz,non_chewing
6073833.0,-1.339355,1.390625,-0.185059,0.281651,-0.05196,0.087933,-1.15625,-1.626465,0.528809,-0.133231,0.085801,0.030377,chewing,left_chewing,91.881,r_gz,non_chewing
6073843.0,-1.334473,1.42334,-0.178711,0.21317,-0.037838,0.12204,-1.154297,-1.623047,0.544434,-0.12657,0.086067,0.051161,chewing,left_chewing,91.881,r_gz,non_chewing
6073853.0,-1.325684,1.442383,-0.171875,0.154815,-0.036772,0.118576,-1.164063,-1.641113,0.536621,-0.110582,0.042101,0.044499,chewing,left_chewing,91.881,r_gz,non_chewing
6073863.0,-1.31543,1.462891,-0.191895,0.114312,-0.022383,0.114046,-1.16748,-1.609375,0.554199,-0.110582,-0.007727,0.012524,chewing,left_chewing,93.346,l_gx,non_chewing
6073873.0,-1.284668,1.480957,-0.194336,0.107917,-0.041302,0.104453,-1.133301,-1.594727,0.545898,-0.104986,-0.061286,-0.060753,chewing,left_chewing,93.346,l_gx,non_chewing
6073883.0,-1.268555,1.481445,-0.214355,0.11298,-0.06475,0.083403,-1.122559,-1.610352,0.547852,-0.092995,-0.081005,-0.119375,chewing,left_chewing,93.346,l_gx,non_chewing
6073893.0,-1.272949,1.478027,-0.205566,0.070879,-0.060487,0.101256,-1.105957,-1.614258,0.547363,-0.053825,-0.154815,-0.151084,chewing,left_chewing,93.346,l_gx,non_chewing
6073903.0,-1.241211,1.460938,-0.210449,0.044766,-0.06475,0.14389,-1.114258,-1.616699,0.55127,-0.034107,-0.215035,-0.175865,chewing,left_chewing,93.346,l_gx,non_chewing
6073913.0,-1.244141,1.445801,-0.210937,-0.001599,-0.069014,0.163874,-1.101074,-1.611328,0.550293,-0.005063,-0.243813,-0.220364,chewing,left_chewing,93.346,l_gx,non_chewing
6073923.0,-1.23291,1.427734,-0.20752,-0.01359,-0.051694,0.174799,-1.074219,-1.582031,0.554199,0.001599,-0.286714,-0.163874,chewing,left_chewing,93.346,l_gx,non_chewing
6073933.0,-1.230957,1.416016,-0.214355,0.01279,-0.058089,0.190521,-1.143066,-1.535156,0.569824,-0.009593,-0.240882,-0.235553,chewing,left_chewing,93.346,l_gx,non_chewing
6073943.0,-1.240723,1.412109,-0.194824,0.072744,-0.055957,0.142025,-1.033203,-1.546387,0.539551,-0.051161,-0.208107,-0.236352,chewing,left_chewing,93.346,l_gx,non_chewing
6073953.0,-1.252441,1.403809,-0.209961,0.119375,-0.044499,0.090597,-1.039063,-1.548828,0.543457,-0.064484,-0.201979,-0.173734,chewing,left_chewing,93.346,l_gx,non_chewing
6073963.0,-1.280762,1.379395,-0.175781,0.192919,-0.022916,0.075142,-1.079102,-1.546387,0.541016,-0.053825,-0.21317,-0.149752,chewing,left_chewing,93.346,l_gx,non_chewing
6073973.0,-1.296875,1.352051,-0.176758,0.2177,0.015455,0.056224,-1.079102,-1.539551,0.539551,-0.076208,-0.239816,-0.05276,chewing,left_chewing,93.346,l_gx,non_chewing
6073983.0,-1.307617,1.354492,-0.174805,0.224894,0.047963,0.031176,-1.109863,-1.566406,0.536621,-0.077541,-0.158812,-0.058355,chewing,left_chewing,93.346,l_gx,non_chewing
6073993.0,-1.287598,1.356934,-0.172363,0.176931,0.10392,0.033041,-1.112305,-1.58252,0.533203,-0.093262,-0.049828,-0.030377,chewing,left_chewing,93.346,l_gx,non_chewing
6074003.0,-1.263672,1.375977,-0.177246,0.106851,0.148153,0.048496,-1.134277,-1.592285,0.548828,-0.102588,0.076741,-0.014655,chewing,left_chewing,93.346,l_gx,non_chewing
6074013.0,-1.255859,1.38916,-0.17334,0.03464,0.171335,0.086334,-1.137207,-1.605469,0.524902,-0.101256,0.172401,-0.008793,chewing,left_chewing,93.346,l_gx,non_chewing
6074023.0,-1.237793,1.412598,-0.178223,-0.018919,0.13856,0.097792,-1.146973,-1.625,0.544922,-0.120441,0.227559,-0.006129,chewing,left_chewing,93.346,l_gx,non_chewing
6074033.0,-1.226074,1.446289,-0.195312,-0.088466,0.10392,0.116711,-1.144043,-1.634766,0.54541,-0.124971,0.245412,-0.013856,chewing,left_chewing,93.346,l_gx,non_chewing
6074043.0,-1.232422,1.469238,-0.192871,-0.134564,0.041302,0.113513,-1.115234,-1.640625,0.536133,-0.114579,0.242747,-0.037838,chewing,left_chewing,93.346,l_gx,non_chewing
6074053.0,-1.23291,1.487793,-0.190918,-0.151084,-0.016521,0.137228,-1.099609,-1.64502,0.530762,-0.085002,0.181461,-0.039969,chewing,left_chewing,93.346,l_gx,non_chewing
6074063.0,-1.243164,1.48877,-0.187988,-0.18226,-0.03544,0.125504,-1.101563,-1.647461,0.540039,-0.040502,0.099124,-0.074077,chewing,left_chewing,93.346,l_gx,non_chewing
6074073.0,-1.26123,1.507324,-0.201172,-0.182793,-0.053559,0.140159,-1.120605,-1.648926,0.534668,0.001066,0.025847,-0.13856,chewing,left_chewing,93.346,l_gx,non_chewing
6074083.0,-1.259277,1.50293,-0.199707,-0.192919,-0.046631,0.148153,-1.094727,-1.613281,0.509766,0.01732,-0.071412,-0.158812,chewing,left_chewing,93.346,l_gx,non_chewing
6074093.0,-1.255859,1.491699,-0.188965,-0.188389,-0.037305,0.155348,-1.07959,-1.645508,0.592773,0.072211,-0.181727,-0.172401,chewing,left_chewing,93.346,l_gx,non_chewing
6074103.0,-1.249023,1.492188,-0.206543,-0.171868,-0.015721,0.154282,-1.111328,-1.597656,0.528809,0.058622,-0.166539,-0.236885,chewing,left_chewing,93.346,l_gx,non_chewing
6074113.0,-1.241699,1.467773,-0.217285,-0.127636,-0.009326,0.138294,-1.080078,-1.588379,0.569824,0.053825,-0.165473,-0.28325,chewing,left_chewing,93.346,l_gx,non_chewing
6074123.0,-1.237305,1.456543,-0.196289,-0.067415,0.006129,0.103387,-1.084961,-1.575684,0.574707,0.063152,-0.049828,-0.477501,chewing,left_chewing,93.346,l_gx,non_chewing
6074133.0,-1.243652,1.446777,-0.182129,0.002931,0.010392,0.046098,-1.058105,-1.565918,0.573242,0.02185,-0.141758,-0.259002,chewing,left_chewing,93.346,l_gx,non_chewing
6074143.0,-1.249023,1.441895,-0.203613,0.108983,0.029311,0.000799,-1.024414,-1.557617,0.511719,0.010658,-0.102055,-0.252606,chewing,left_chewing,93.346,l_gx,non_chewing
6074153.0,-1.270996,1.419922,-0.181641,0.207841,0.071945,-0.040236,-1.066406,-1.578613,0.553223,-0.009326,-0.071412,-0.231822,chewing,left_chewing,93.346,l_gx,non_chewing
6074163.0,-1.286621,1.385742,-0.15918,0.263531,0.098058,-0.066349,-1.053223,-1.601563,0.557129,-0.00373,-0.062086,-0.119908,chewing,left_chewing,93.346,l_gx,non_chewing
6074173.0,-1.291992,1.378418,-0.181641,0.290178,0.132698,-0.080472,-1.082031,-1.583496,0.52832,-0.057556,0.043433,-0.061286,chewing,left_chewing,93.346,l_gx,non_chewing
6074183.0,-1.287598,1.370605,-0.178711,0.282184,0.185991,-0.054625,-1.119141,-1.583984,0.539062,-0.081538,0.094861,-0.016787,chewing,left_chewing,93.346,l_gx,non_chewing
6074193.0,-1.29541,1.37207,-0.168945,0.246211,0.206242,-0.029311,-1.09082,-1.610352,0.576172,-0.097792,0.201446,-0.031443,chewing,left_chewing,93.346,l_gx,non_chewing
6074203.0,-1.276855,1.396484,-0.171875,0.189988,0.200913,-0.000533,-1.106445,-1.608398,0.524414,-0.130567,0.312294,-0.013057,chewing,left_chewing,93.346,l_gx,non_chewing
6074213.0,-1.243652,1.431641,-0.192871,0.14309,0.168937,0.032508,-1.125977,-1.625488,0.530762,-0.144956,0.294708,0.00826,chewing,left_chewing,93.346,l_gx,non_chewing
6074223.0,-1.251953,1.456055,-0.197266,0.064217,0.146288,0.044766,-1.15332,-1.659668,0.561523,-0.085002,0.334144,0.023182,chewing,left_chewing,93.346,l_gx,non_chewing
6074233.0,-1.23584,1.48291,-0.180664,0.020518,0.112714,0.054625,-1.083984,-1.646973,0.540527,-0.063951,0.333877,0.041035,chewing,left_chewing,93.346,l_gx,non_chewing
6074243.0,-1.229492,1.497559,-0.218262,-0.021051,0.07381,0.038371,-1.094238,-1.634277,0.493164,-0.065283,0.267262,0.088732,chewing,left_chewing,93.346,l_gx,non_chewing
6074253.0,-1.247559,1.498047,-0.202637,-0.055957,0.028245,0.019185,-1.108887,-1.666016,0.555664,0.005862,0.163874,0.070613,chewing,left_chewing,93.346,l_gx,non_chewing
6074263.0,-1.258789,1.51416,-0.193359,-0.107384,0.072478,0.005063,-1.077148,-1.654297,0.556152,0.0429,0.087133,0.021317,chewing,left_chewing,93.346,l_gx,non_chewing
6074273.0,-1.255371,1.498535,-0.206543,-0.128968,0.084202,0.019452,-1.088379,-1.628418,0.519043,0.029311,0.030377,-0.033841,chewing,left_chewing,93.346,l_gx,non_chewing
6074283.0,-1.254883,1.486328,-0.223145,-0.12204,0.090064,0.029044,-1.093262,-1.621582,0.555664,0.055424,-0.038904,-0.074876,chewing,left_chewing,93.346,l_gx,non_chewing
6074293.0,-1.241211,1.47998,-0.196289,-0.15668,0.116178,0.045832,-1.058594,-1.616699,0.577637,0.102855,-0.051694,-0.120175,chewing,left_chewing,93.346,l_gx,non_chewing
6074303.0,-1.223633,1.468262,-0.228027,-0.154282,0.13936,0.051427,-1.055176,-1.588379,0.531738,0.074876,-0.02638,-0.170802,chewing,left_chewing,93.346,l_gx,non_chewing
6074313.0,-1.229004,1.425781,-0.216309,-0.112447,0.163075,0.059421,-1.062988,-1.593262,0.57959,0.066083,-0.059688,-0.170536,chewing,left_chewing,93.346,l_gx,non_chewing
6074323.0,-1.220215,1.438965,-0.218262,-0.105786,0.152949,0.03544,-1.025391,-1.583008,0.578125,0.083669,-0.065816,-0.159345,chewing,left_chewing,93.346,l_gx,non_chewing
6074333.0,-1.212402,1.423828,-0.224609,-0.043966,0.156147,0.015188,-1.06543,-1.569336,0.536133,0.035972,-0.098591,-0.118043,chewing,left_chewing,93.346,l_gx,non_chewing
6074343.0,-1.227051,1.430664,-0.19873,0.031709,0.144423,-0.018652,-1.009277,-1.58252,0.569336,0.056757,-0.058888,-0.093795,chewing,left_chewing,93.346,l_gx,non_chewing
6074353.0,-1.240723,1.390625,-0.213379,0.116444,0.156946,-0.026113,-1.097656,-1.544434,0.506348,0.005063,-0.072211,-0.032508,chewing,left_chewing,93.346,l_gx,non_chewing
6074363.0,-1.258789,1.38623,-0.181152,0.166273,0.144423,-0.041835,-1.053711,-1.587891,0.57959,0.001332,0.026913,-0.055691,chewing,left_chewing,93.346,l_gx,non_chewing
6074373.0,-1.265137,1.386719,-0.189453,0.16494,0.181461,-0.044499,-1.094727,-1.588867,0.523437,-0.065816,0.122839,-0.052493,chewing,left_chewing,93.346,l_gx,non_chewing
6074383.0,-1.282227,1.368652,-0.1875,0.197182,0.140159,-0.011458,-1.10498,-1.606445,0.539062,-0.039969,0.203044,-0.013856,chewing,left_chewing,93.346,l_gx,non_chewing
6074393.0,-1.263672,1.391602,-0.187012,0.168138,0.113247,-0.013323,-1.117676,-1.632813,0.534668,-0.041302,0.245945,0.038904,chewing,left_chewing,88.868,l_gx,non_chewing
6074403.0,-1.245605,1.419434,-0.197266,0.133231,0.067149,0.021051,-1.11084,-1.650391,0.532715,-0.02558,0.252606,0.058355,chewing,left_chewing,88.868,l_gx,non_chewing
6074413.0,-1.248047,1.450195,-0.200195,0.10019,0.008527,0.032508,-1.104492,-1.652832,0.54248,-0.024248,0.23955,0.10845,chewing,left_chewing,88.868,l_gx,non_chewing
6074423.0,-1.226563,1.478027,-0.209473,0.107384,-0.051694,0.030377,-1.090332,-1.652344,0.542969,-0.019718,0.223029,0.087933,chewing,left_chewing,88.868,l_gx,non_chewing
6074433.0,-1.222168,1.496094,-0.211914,0.084735,-0.120974,-0.00373,-1.085449,-1.641113,0.542969,-0.005862,0.196383,0.068214,chewing,left_chewing,88.868,l_gx,non_chewing
6074443.0,-1.224609,1.51416,-0.225586,0.095394,-0.204643,0.003464,-1.083984,-1.635254,0.563965,-0.008793,0.13483,0.054092,chewing,left_chewing,88.868,l_gx,non_chewing
6074453.0,-1.250977,1.496582,-0.217773,0.066083,-0.243014,-0.018386,-1.093262,-1.620605,0.560547,0.00906,0.058355,0.037571,chewing,left_chewing,88.868,l_gx,non_chewing
6074463.0,-1.268066,1.496582,-0.22168,0.03917,-0.247544,-0.014655,-1.087402,-1.611328,0.565918,0.011458,0.001865,-0.00373,chewing,left_chewing,88.868,l_gx,non_chewing
6074473.0,-1.274414,1.47168,-0.224121,0.015188,-0.226493,-0.014655,-1.104492,-1.619141,0.560547,0.029044,-0.036505,0.00826,chewing,left_chewing,88.868,l_gx,non_chewing
6074483.0,-1.283203,1.45459,-0.210937,-0.00453,-0.188922,-0.015721,-1.091309,-1.600586,0.567383,0.032775,-0.042634,-0.043966,chewing,left_chewing,88.868,l_gx,non_chewing
6074493.0,-1.286621,1.419922,-0.208984,0.014922,-0.140692,0.012257,-1.097168,-1.590332,0.563965,0.041035,-0.011991,-0.113513,chewing,left_chewing,88.868,l_gx,non_chewing
6074503.0,-1.280762,1.400879,-0.200684,0.008527,-0.079406,0.028511,-1.074219,-1.586426,0.552246,0.03544,-0.022916,-0.079139,chewing,left_chewing,88.868,l_gx,non_chewing
6074513.0,-1.272461,1.411621,-0.192383,0.018919,-0.001332,0.021051,-1.066895,-1.583008,0.562012,0.024515,-0.024248,-0.053559,chewing,left_chewing,88.868,l_gx,non_chewing
6074523.0,-1.260254,1.419922,-0.196777,0.036505,0.045032,0.003997,-1.05127,-1.575684,0.56543,0.008527,0.00373,-0.067681,chewing,left_chewing,88.868,l_gx,non_chewing
6074533.0,-1.257813,1.413574,-0.210449,0.116977,0.040769,-0.012524,-1.068359,-1.572754,0.564453,-0.008793,0.003997,-0.05196,chewing,left_chewing,88.868,l_gx,non_chewing
6074543.0,-1.269043,1.410645,-0.208984,0.185458,0.030643,-0.045032,-1.10498,-1.580566,0.563965,-0.024248,0.014655,-0.020518,chewing,left_chewing,88.868,l_gx,non_chewing
6074553.0,-1.270508,1.404297,-0.216797,0.197982,0.062885,-0.057556,-1.113281,-1.560547,0.492187,-0.089798,0.086867,-0.016521,chewing,left_chewing,88.868,l_gx,non_chewing
6074563.0,-1.288574,1.410156,-0.186523,0.197449,0.059421,-0.062086,-1.101074,-1.608887,0.567871,-0.077541,0.188389,-0.029577,chewing,left_chewing,88.868,l_gx,non_chewing
6074573.0,-1.304688,1.384766,-0.210937,0.201179,0.076208,-0.0429,-1.131836,-1.625,0.604004,-0.081538,0.185991,0.013323,chewing,left_chewing,88.868,l_gx,non_chewing
6074583.0,-1.288574,1.413086,-0.225586,0.135896,0.119908,-0.014389,-1.125977,-1.609375,0.490234,-0.156413,0.231556,0.058355,chewing,left_chewing,88.868,l_gx,non_chewing
6074593.0,-1.294922,1.427246,-0.164551,0.077541,0.124971,0.000799,-1.071777,-1.67041,0.586914,-0.085268,0.244613,0.049562,chewing,left_chewing,88.868,l_gx,non_chewing
6074603.0,-1.266113,1.438477,-0.243652,0.053292,0.123905,0.02638,-1.118652,-1.631836,0.539551,-0.101789,0.193452,0.076208,chewing,left_chewing,88.868,l_gx,non_chewing
6074613.0,-1.258301,1.479492,-0.20166,-0.00453,0.10925,0.046098,-1.056641,-1.640625,0.523926,-0.083403,0.247011,0.00826,chewing,left_chewing,88.868,l_gx,non_chewing
6074623.0,-1.255859,1.463379,-0.220215,-0.011191,0.047164,0.059954,-1.112793,-1.646973,0.616699,-0.02558,0.131366,-0.022383,chewing,left_chewing,88.868,l_gx,non_chewing
6074633.0,-1.242676,1.482422,-0.246094,-0.032242,-0.010126,0.066349,-1.132324,-1.601074,0.510742,-0.072211,0.070613,-0.04743,chewing,left_chewing,88.868,l_gx,non_chewing
6074643.0,-1.255371,1.481934,-0.192383,-0.055158,-0.047164,0.068747,-1.078125,-1.634277,0.558105,-0.033308,0.012524,-0.087133,chewing,left_chewing,88.868,l_gx,non_chewing
6074653.0,-1.263184,1.476563,-0.20752,-0.09193,-0.061819,0.074077,-1.098633,-1.647949,0.571289,-0.006662,-0.071945,-0.075942,chewing,left_chewing,88.868,l_gx,non_chewing
6074663.0,-1.266602,1.46875,-0.231934,-0.102322,-0.037305,0.106585,-1.126953,-1.612793,0.547852,-0.010392,-0.125237,-0.090864,chewing,left_chewing,88.868,l_gx,non_chewing
6074673.0,-1.260254,1.466797,-0.223633,-0.106585,-0.019452,0.119375,-1.086914,-1.589844,0.507324,-0.027712,-0.094861,-0.105519,chewing,left_chewing,88.868,l_gx,non_chewing
6074683.0,-1.270508,1.441406,-0.185059,-0.128435,0.017587,0.091663,-1.047363,-1.625488,0.561523,0.031975,-0.085534,-0.141225,chewing,left_chewing,88.868,l_gx,non_chewing
6074693.0,-1.267578,1.429688,-0.200195,-0.063685,0.061819,0.083136,-1.070801,-1.590332,0.549316,0.009859,-0.072478,-0.142824,chewing,left_chewing,88.868,l_gx,non_chewing
6074703.0,-1.251465,1.433105,-0.18457,-0.026913,0.085002,0.051161,-1.032715,-1.581055,0.529297,-0.000799,-0.076475,-0.118576,chewing,left_chewing,88.868,l_gx,non_chewing
6074713.0,-1.253418,1.4375,-0.193359,0.034107,0.111648,0.007461,-1.039063,-1.583008,0.52832,0.013323,-0.106851,-0.09193,chewing,left_chewing,88.868,l_gx,non_chewing
6074723.0,-1.267578,1.407715,-0.182617,0.111115,0.129767,-0.020251,-1.057617,-1.576172,0.533203,-0.014123,-0.111648,-0.053292,chewing,left_chewing,88.868,l_gx,non_chewing
6074733.0,-1.271973,1.398438,-0.192871,0.174,0.110049,-0.034107,-1.09375,-1.569824,0.537109,-0.03544,-0.064484,-0.024248,chewing,left_chewing,88.868,l_gx,non_chewing
6074743.0,-1.277832,1.383301,-0.186523,0.191054,0.107384,-0.040769,-1.126465,-1.586426,0.533203,-0.03917,0.002665,0.026113,chewing,left_chewing,88.868,l_gx,non_chewing
6074753.0,-1.27002,1.387695,-0.178223,0.186524,0.12124,-0.025047,-1.143555,-1.604492,0.530762,-0.094861,0.099657,0.049029,chewing,left_chewing,88.868,l_gx,non_chewing
6074763.0,-1.267578,1.393555,-0.182617,0.142824,0.125237,-0.006395,-1.147461,-1.616699,0.537598,-0.10019,0.184126,0.075675,chewing,left_chewing,88.868,l_gx,non_chewing
6074773.0,-1.265625,1.398926,-0.19043,0.11751,0.097525,0.010392,-1.118652,-1.633301,0.522949,-0.092729,0.217966,0.102322,chewing,left_chewing,88.868,l_gx,non_chewing
6074783.0,-1.241699,1.43457,-0.186035,0.057023,0.084469,0.025314,-1.125,-1.634766,0.529785,-0.090064,0.225694,0.107651,chewing,left_chewing,88.868,l_gx,non_chewing
6074793.0,-1.230957,1.458496,-0.19043,0.015455,0.062352,0.041835,-1.101563,-1.647949,0.530273,-0.080205,0.205709,0.091663,chewing,left_chewing,88.868,l_gx,non_chewing
6074803.0,-1.228516,1.469727,-0.19043,-0.029044,0.028778,0.051161,-1.092773,-1.63623,0.528809,-0.071945,0.179862,0.091397,chewing,left_chewing,88.868,l_gx,non_chewing
6074813.0,-1.218262,1.501953,-0.197754,-0.062619,-0.01732,0.03464,-1.101074,-1.64209,0.52002,-0.055691,0.133764,0.074343,chewing,left_chewing,88.868,l_gx,non_chewing
6074823.0,-1.213867,1.507813,-0.21582,-0.07008,-0.074343,0.015455,-1.106934,-1.63916,0.532227,-0.018386,0.089531,0.026113,chewing,left_chewing,88.868,l_gx,non_chewing
6074833.0,-1.234375,1.5,-0.208984,-0.02558,-0.142824,0.014123,-1.089355,-1.638672,0.538086,0.018386,0.023182,-0.019452,chewing,left_chewing,88.868,l_gx,non_chewing
6074843.0,-1.245117,1.48291,-0.229492,-0.037305,-0.127636,0.014389,-1.121094,-1.603027,0.509277,-0.013856,0.021317,-0.049296,chewing,left_chewing,88.868,l_gx,non_chewing
6074853.0,-1.258789,1.474121,-0.192383,-0.003464,-0.142291,0.016521,-1.0625,-1.633789,0.584473,0.033308,-0.04823,-0.090064,chewing,left_chewing,88.868,l_gx,non_chewing
6074863.0,-1.271973,1.465332,-0.190918,-0.003464,-0.097525,0.008793,-1.054688,-1.586426,0.5625,0.070346,-0.034374,-0.118309,chewing,left_chewing,88.868,l_gx,non_chewing
6074873.0,-1.274902,1.444824,-0.193359,-0.012257,-0.01732,0.03917,-1.075684,-1.571777,0.507812,0.045032,-0.018652,-0.112447,chewing,left_chewing,88.868,l_gx,non_chewing
6074883.0,-1.259277,1.433105,-0.224609,0.00906,0.022116,0.033841,-1.077637,-1.577148,0.507812,0.027712,-0.050095,-0.0866,chewing,left_chewing,88.868,l_gx,non_chewing
6074893.0,-1.271973,1.416992,-0.22168,0.062086,0.054092,0.030377,-1.068848,-1.582031,0.566895,0.024248,-0.090331,-0.060753,chewing,left_chewing,88.868,l_gx,non_chewing
6074903.0,-1.275391,1.424316,-0.195312,0.10845,0.076208,-0.001865,-1.065918,-1.604004,0.565918,0.016787,-0.086334,-0.029311,chewing,left_chewing,88.868,l_gx,non_chewing
6074913.0,-1.263672,1.410645,-0.188477,0.157479,0.110848,-0.02638,-1.071289,-1.600586,0.553223,-0.010925,-0.07381,0.0,chewing,left_chewing,88.868,l_gx,non_chewing
6074923.0,-1.280762,1.400391,-0.183594,0.194784,0.135096,-0.023982,-1.091797,-1.586426,0.550781,-0.050361,-0.03464,0.015988,chewing,left_chewing,87.956,r_gy,non_chewing
6074933.0,-1.28418,1.379395,-0.189941,0.237685,0.15215,-0.027979,-1.105957,-1.595215,0.550781,-0.068747,0.038104,0.019718,chewing,left_chewing,87.956,r_gy,non_chewing
6074943.0,-1.299316,1.373535,-0.185547,0.222496,0.200913,-0.021583,-1.10791,-1.604004,0.558105,-0.070879,0.115112,0.055957,chewing,left_chewing,87.956,r_gy,non_chewing
6074953.0,-1.295898,1.379395,-0.197754,0.166273,0.227026,-0.020784,-1.114258,-1.617188,0.546387,-0.102855,0.184658,0.071678,chewing,left_chewing,87.956,r_gy,non_chewing
6074963.0,-1.294922,1.382324,-0.203125,0.102055,0.237685,0.006129,-1.118164,-1.637207,0.541504,-0.121773,0.230224,0.085534,chewing,left_chewing,87.956,r_gy,non_chewing
6074973.0,-1.276367,1.407227,-0.215332,0.010392,0.245945,0.024781,-1.125488,-1.625488,0.521973,-0.134031,0.23502,0.118842,chewing,left_chewing,87.956,r_gy,non_chewing
6074983.0,-1.269043,1.44043,-0.207031,-0.03011,0.18306,0.046897,-1.101074,-1.639648,0.54834,-0.089265,0.221697,0.110848,chewing,left_chewing,87.956,r_gy,non_chewing
6074993.0,-1.26123,1.462402,-0.219238,-0.06555,0.151084,0.075142,-1.10791,-1.646973,0.544434,-0.075142,0.180129,0.086867,chewing,left_chewing,87.956,r_gy,non_chewing
6075003.0,-1.255859,1.477051,-0.241699,-0.079672,0.092196,0.085801,-1.124512,-1.632813,0.537109,-0.065017,0.140426,0.06475,chewing,left_chewing,87.956,r_gy,non_chewing
6075013.0,-1.25293,1.504395,-0.224609,-0.073011,0.027712,0.082603,-1.094238,-1.631348,0.551758,-0.036505,0.104986,0.042634,chewing,left_chewing,87.956,r_gy,non_chewing
6075023.0,-1.262207,1.496094,-0.205566,-0.060487,0.00826,0.081005,-1.085449,-1.627441,0.558105,-0.023982,0.033841,-0.019452,chewing,left_chewing,87.956,r_gy,non_chewing
6075033.0,-1.269531,1.480469,-0.231934,-0.044233,-0.016521,0.088998,-1.101074,-1.623047,0.561523,-0.040236,-0.022116,-0.031443,chewing,left_chewing,87.956,r_gy,non_chewing
6075043.0,-1.268555,1.47168,-0.226562,-0.040236,0.000533,0.107384,-1.109863,-1.614258,0.561035,-0.032775,-0.066616,-0.067149,chewing,left_chewing,87.956,r_gy,non_chewing
6075053.0,-1.260742,1.464355,-0.220215,-0.042634,0.01732,0.118043,-1.117676,-1.609375,0.545898,-0.041835,-0.08287,-0.102322,chewing,left_chewing,87.956,r_gy,non_chewing
6075063.0,-1.249512,1.441895,-0.21875,-0.042101,0.033574,0.139093,-1.112793,-1.601074,0.561523,-0.010658,-0.086334,-0.109783,chewing,left_chewing,87.956,r_gy,non_chewing
6075073.0,-1.246094,1.432129,-0.207031,-0.005329,0.068214,0.128168,-1.086426,-1.603027,0.564453,0.004796,-0.08287,-0.111648,chewing,left_chewing,87.956,r_gy,non_chewing
6075083.0,-1.248047,1.42627,-0.182617,0.01732,0.089265,0.105519,-1.04248,-1.604492,0.57666,0.033841,-0.084735,-0.104187,chewing,left_chewing,87.956,r_gy,non_chewing
6075093.0,-1.255371,1.430176,-0.196777,0.072478,0.117243,0.099391,-1.04541,-1.592773,0.541992,0.025047,-0.060221,-0.081804,chewing,left_chewing,87.956,r_gy,non_chewing
6075103.0,-1.241211,1.421387,-0.223145,0.12657,0.11298,0.089531,-1.063477,-1.581543,0.533203,-0.017853,-0.054891,-0.056224,chewing,left_chewing,87.956,r_gy,non_chewing
6075113.0,-1.25,1.42041,-0.192383,0.145755,0.147887,0.044499,-1.092773,-1.568359,0.539551,-0.005596,-0.024248,-0.058089,chewing,left_chewing,87.956,r_gy,non_chewing
6075123.0,-1.259277,1.410156,-0.20752,0.162809,0.17853,0.035972,-1.115723,-1.579102,0.54248,-0.027446,0.021051,-0.038371,chewing,left_chewing,87.956,r_gy,non_chewing
6075133.0,-1.267578,1.409668,-0.213379,0.176398,0.194251,0.063951,-1.095215,-1.618164,0.549805,-0.052227,0.071145,-0.023449,chewing,left_chewing,87.956,r_gy,non_chewing
6075143.0,-1.255859,1.39209,-0.210449,0.140959,0.193985,0.071945,-1.11377,-1.612793,0.536133,-0.058888,0.104986,-0.006395,chewing,left_chewing,87.956,r_gy,non_chewing
6075153.0,-1.251465,1.408203,-0.199219,0.118576,0.180928,0.066616,-1.11084,-1.630371,0.533691,-0.064217,0.100723,0.050361,chewing,left_chewing,87.956,r_gy,non_chewing
6075163.0,-1.239258,1.417969,-0.218262,0.063152,0.12124,0.064484,-1.114258,-1.629395,0.533691,-0.063152,0.098858,0.075142,chewing,left_chewing,87.956,r_gy,non_chewing
6075173.0,-1.236328,1.455078,-0.212402,0.019718,0.067149,0.075409,-1.102539,-1.636719,0.527344,-0.059421,0.092729,0.067948,chewing,left_chewing,87.956,r_gy,non_chewing
6075183.0,-1.234863,1.467285,-0.218262,-0.024781,0.019185,0.078873,-1.116211,-1.631348,0.530762,-0.021583,0.064484,0.064484,chewing,left_chewing,87.956,r_gy,non_chewing
6075193.0,-1.212402,1.487305,-0.222656,-0.066882,-0.045299,0.085002,-1.112793,-1.631836,0.538086,-0.004263,0.027446,0.063951,chewing,left_chewing,87.956,r_gy,non_chewing
6075203.0,-1.209961,1.485352,-0.234863,-0.111381,-0.063951,0.079939,-1.092285,-1.629883,0.54834,0.021583,-0.00453,0.041302,chewing,left_chewing,87.956,r_gy,non_chewing
6075213.0,-1.22168,1.489258,-0.213867,-0.117243,-0.114046,0.075942,-1.097656,-1.62793,0.561035,0.034907,-0.045299,0.021051,chewing,left_chewing,87.956,r_gy,non_chewing
6075223.0,-1.216309,1.493164,-0.208984,-0.150285,-0.133231,0.067415,-1.090332,-1.627441,0.546387,0.037305,-0.092462,-0.019452,chewing,left_chewing,87.956,r_gy,non_chewing
6075233.0,-1.231934,1.479492,-0.19043,-0.135096,-0.12657,0.056757,-1.094238,-1.620605,0.554199,0.044233,-0.122306,-0.037571,chewing,left_chewing,87.956,r_gy,non_chewing
6075243.0,-1.226563,1.481445,-0.212402,-0.144156,-0.10019,0.049828,-1.097168,-1.605957,0.552734,0.027712,-0.127902,-0.061286,chewing,left_chewing,87.956,r_gy,non_chewing
6075253.0,-1.23877,1.449707,-0.207031,-0.129234,-0.082603,0.026646,-1.086426,-1.586426,0.54248,0.025047,-0.099657,-0.098325,chewing,left_chewing,87.956,r_gy,non_chewing
6075263.0,-1.234375,1.439453,-0.20166,-0.079939,-0.043966,0.023715,-1.075195,-1.585938,0.569824,0.023982,-0.086867,-0.106851,chewing,left_chewing,87.956,r_gy,non_chewing
6075273.0,-1.243164,1.4375,-0.206055,-0.036239,-0.00906,0.015721,-1.065918,-1.579102,0.546387,0.038371,-0.062086,-0.090064,chewing,left_chewing,87.956,r_gy,non_chewing
6075283.0,-1.251953,1.429199,-0.203613,-0.00906,0.036772,0.00373,-1.079102,-1.570313,0.555176,0.03544,-0.039703,-0.071678,chewing,left_chewing,87.956,r_gy,non_chewing
6075293.0,-1.271484,1.410645,-0.20166,0.049562,0.077807,-0.001066,-1.077148,-1.577637,0.550781,0.018386,-0.022916,-0.031443,chewing,left_chewing,87.956,r_gy,non_chewing
6075303.0,-1.270996,1.415039,-0.200684,0.100989,0.119908,-0.009326,-1.090332,-1.586914,0.560547,0.001066,0.041035,-0.031176,chewing,left_chewing,87.956,r_gy,non_chewing
6075313.0,-1.270996,1.419922,-0.208984,0.132432,0.149485,-0.002132,-1.100586,-1.594727,0.549316,-0.034107,0.091663,-0.003997,chewing,left_chewing,87.956,r_gy,non_chewing
6075323.0,-1.267578,1.4375,-0.212402,0.150285,0.173734,0.015988,-1.099609,-1.608887,0.553223,-0.054092,0.131632,-0.001865,chewing,left_chewing,87.956,r_gy,non_chewing
6075333.0,-1.271484,1.44043,-0.208496,0.127369,0.167871,0.023982,-1.100586,-1.612305,0.557617,-0.054358,0.150818,0.026113,chewing,left_chewing,87.956,r_gy,non_chewing
6075343.0,-1.26709,1.447266,-0.208496,0.11751,0.16574,0.032775,-1.107422,-1.611816,0.559082,-0.058355,0.142291,0.064217,chewing,left_chewing,87.956,r_gy,non_chewing
6075353.0,-1.243164,1.46875,-0.220703,0.076208,0.18226,0.049029,-1.100586,-1.634277,0.564941,-0.071145,0.127103,0.088998,chewing,left_chewing,87.956,r_gy,non_chewing
6075363.0,-1.241211,1.473633,-0.220703,0.045565,0.173201,0.069014,-1.09668,-1.632813,0.559082,-0.059155,0.106052,0.087133,chewing,left_chewing,87.956,r_gy,non_chewing
6075373.0,-1.242676,1.474609,-0.22998,0.019185,0.164141,0.096193,-1.098145,-1.631836,0.55127,-0.0429,0.075142,0.073011,chewing,left_chewing,87.956,r_gy,non_chewing
6075383.0,-1.226074,1.489258,-0.216309,-0.003464,0.16041,0.117776,-1.108887,-1.633789,0.561523,-0.039436,0.031443,0.033308,chewing,left_chewing,87.956,r_gy,non_chewing
6075393.0,-1.224121,1.491211,-0.210449,-0.013323,0.118842,0.127902,-1.098145,-1.640137,0.541992,-0.020251,-0.025047,0.007727,chewing,left_chewing,87.956,r_gy,non_chewing
6075403.0,-1.230957,1.500488,-0.228027,-0.031176,0.110315,0.108983,-1.102539,-1.621582,0.559082,-0.00906,-0.05649,-0.069547,chewing,left_chewing,87.956,r_gy,non_chewing
6075413.0,-1.229004,1.495605,-0.219727,-0.03091,0.103387,0.114579,-1.095703,-1.61377,0.557617,0.000799,-0.092462,-0.072744,chewing,left_chewing,87.956,r_gy,non_chewing
6075423.0,-1.223145,1.495605,-0.224121,-0.040769,0.103654,0.130833,-1.081543,-1.610352,0.555176,0.003997,-0.10845,-0.090864,chewing,left_chewing,87.956,r_gy,non_chewing
6075433.0,-1.248535,1.481934,-0.203125,-0.063152,0.173467,0.16041,-1.081543,-1.611816,0.554199,0.009326,-0.119375,-0.091663,chewing,left_chewing,87.956,r_gy,non_chewing
6075443.0,-1.273438,1.457031,-0.206543,-0.061286,0.262466,0.202778,-1.073242,-1.59668,0.557129,0.033308,-0.140426,-0.070879,chewing,left_chewing,87.956,r_gy,non_chewing
6075453.0,-1.268066,1.458496,-0.217285,-0.036239,0.334144,0.216101,-1.068848,-1.585449,0.552246,0.041035,-0.142025,-0.07834,chewing,left_chewing,87.340,r_gy,non_chewing
6075463.0,-1.262695,1.469238,-0.217285,0.025047,0.426073,0.228092,-1.05957,-1.587402,0.564453,0.055158,-0.143357,-0.083136,chewing,left_chewing,87.340,r_gy,non_chewing
6075473.0,-1.245117,1.479004,-0.21875,0.102055,0.502282,0.232888,-1.074219,-1.583984,0.542969,0.062619,-0.146554,-0.05196,chewing,left_chewing,87.340,r_gy,non_chewing
6075483.0,-1.241211,1.474609,-0.210937,0.196649,0.530527,0.237951,-1.08252,-1.593262,0.546875,0.049562,-0.115112,-0.032775,chewing,left_chewing,87.340,r_gy,non_chewing
6075493.0,-1.236328,1.469238,-0.203125,0.249142,0.602472,0.241948,-1.106445,-1.603516,0.541504,0.049562,-0.066616,-0.025314,chewing,left_chewing,87.340,r_gy,non_chewing
6075503.0,-1.245117,1.492676,-0.237793,0.309896,0.658695,0.263798,-1.110352,-1.609863,0.533203,0.015988,-0.021583,0.003198,chewing,left_chewing,87.340,r_gy,non_chewing
6075513.0,-1.232422,1.48584,-0.217285,0.353596,0.72158,0.294974,-1.117676,-1.620605,0.568359,0.002398,0.032508,0.044233,chewing,left_chewing,87.340,r_gy,non_chewing
6075523.0,-1.23877,1.481445,-0.231445,0.380508,0.741565,0.329614,-1.140137,-1.625,0.540039,-0.009593,0.060487,0.042101,chewing,left_chewing,87.340,r_gy,non_chewing
6075533.0,-1.230957,1.489258,-0.242676,0.346934,0.784199,0.388502,-1.096191,-1.611816,0.544434,-0.006395,-0.048763,0.143357,chewing,left_chewing,87.340,r_gy,non_chewing
6075543.0,-1.233398,1.47998,-0.239746,0.320821,0.813244,0.475369,-1.114258,-1.616699,0.542969,0.014922,-0.035173,0.102055,chewing,left_chewing,87.340,r_gy,non_chewing
6075553.0,-1.247559,1.492676,-0.243652,0.255804,0.870799,0.58675,-1.117676,-1.618652,0.547852,0.045832,-0.051427,0.063685,chewing,left_chewing,87.340,r_gy,non_chewing
6075563.0,-1.242676,1.52002,-0.26416,0.208107,0.936616,0.685075,-1.12207,-1.627441,0.564941,0.066616,-0.079672,0.054625,chewing,left_chewing,87.340,r_gy,non_chewing
6075573.0,-1.251465,1.538086,-0.271484,0.168671,1.0003,0.779669,-1.132324,-1.629883,0.571289,0.058089,-0.161743,-0.000266,chewing,left_chewing,87.340,r_gy,non_chewing
6075583.0,-1.224121,1.564941,-0.280762,0.154282,1.066116,0.825767,-1.144531,-1.634277,0.5625,0.095127,-0.234487,-0.063418,chewing,left_chewing,87.340,r_gy,non_chewing
6075593.0,-1.20752,1.533691,-0.293945,0.189188,1.111148,0.827632,-1.097656,-1.628418,0.56543,0.104453,-0.360257,-0.061819,chewing,left_chewing,87.340,r_gy,non_chewing
6075603.0,-1.187012,1.526855,-0.289551,0.163075,1.097292,0.840156,-1.105957,-1.625488,0.565918,0.13856,-0.411685,-0.111381,chewing,left_chewing,87.340,r_gy,non_chewing
6075613.0,-1.213867,1.525391,-0.284668,0.036505,1.130334,0.93928,-1.07959,-1.628906,0.575195,0.159877,-0.459381,-0.089531,chewing,left_chewing,87.340,r_gy,non_chewing
6075623.0,-1.115234,1.562012,-0.304199,0.186524,1.074643,0.984579,-1.09375,-1.615234,0.563965,0.151084,-0.46098,-0.154282,chewing,left_chewing,87.340,r_gy,non_chewing
6075633.0,-1.082031,1.54248,-0.329102,0.192652,0.93475,0.958998,-1.102539,-1.600586,0.583496,0.138827,-0.436199,-0.174,chewing,left_chewing,87.340,r_gy,non_chewing
6075643.0,-1.129883,1.562988,-0.308105,0.258202,1.016554,1.087167,-1.105957,-1.589844,0.581055,0.148953,-0.42181,-0.174266,chewing,left_chewing,87.340,r_gy,non_chewing
6075653.0,-1.099121,1.53418,-0.344727,0.39996,0.941412,1.016288,-1.061035,-1.586426,0.591797,0.167871,-0.38717,-0.128168,chewing,left_chewing,87.340,r_gy,non_chewing
6075663.0,-1.108887,1.538086,-0.334473,0.54385,0.895314,1.007761,-1.054688,-1.580078,0.587402,0.18759,-0.307498,-0.13936,chewing,left_chewing,87.340,r_gy,non_chewing
6075673.0,-1.080078,1.51123,-0.333008,0.641642,0.932619,0.99124,-1.049316,-1.580566,0.585449,0.172135,-0.210239,-0.143357,chewing,left_chewing,87.340,r_gy,non_chewing
6075683.0,-1.100098,1.487305,-0.348633,0.675482,0.916897,0.939813,-1.050293,-1.575684,0.606934,0.177997,-0.180395,-0.079672,chewing,left_chewing,87.340,r_gy,non_chewing
6075693.0,-1.062012,1.496094,-0.361816,0.658695,0.952603,0.889718,-1.058105,-1.574707,0.614258,0.142824,-0.153216,-0.062885,chewing,left_chewing,87.340,r_gy,non_chewing
6075703.0,-1.023438,1.498047,-0.370117,0.662426,0.958466,0.831629,-1.060059,-1.580078,0.612793,0.130567,-0.110049,-0.056757,chewing,left_chewing,87.340,r_gy,non_chewing
6075713.0,-1.012207,1.48584,-0.383789,0.573161,0.964328,0.75702,-1.067871,-1.588379,0.628906,0.1303,-0.058888,-0.078074,chewing,left_chewing,87.340,r_gy,non_chewing
6075723.0,-0.990723,1.503906,-0.388672,0.487093,0.986977,0.68774,-1.046875,-1.603516,0.624512,0.119109,-0.010392,-0.029044,chewing,left_chewing,87.340,r_gy,non_chewing
6075733.0,-0.992187,1.484863,-0.408691,0.320021,0.984579,0.696266,-1.056641,-1.609375,0.622559,0.116711,0.026913,-0.033041,chewing,left_chewing,87.340,r_gy,non_chewing
6075743.0,-0.971191,1.458496,-0.398438,0.189455,0.953403,0.762616,-1.077637,-1.615723,0.627441,0.116444,0.031176,-0.014655,chewing,left_chewing,87.340,r_gy,non_chewing
6075753.0,-0.953125,1.456543,-0.390137,0.029044,0.892916,0.791927,-1.053223,-1.646973,0.60791,0.118842,0.021051,0.00826,chewing,left_chewing,87.340,r_gy,non_chewing
6075763.0,-0.913574,1.47168,-0.41748,-0.111914,0.792726,0.792992,-1.054199,-1.680664,0.578125,0.292842,-0.014922,-0.148686,chewing,left_chewing,87.340,r_gy,non_chewing
6075773.0,-0.883789,1.484863,-0.414551,-0.22143,0.70959,0.773274,-1.067383,-1.625977,0.630859,0.111648,0.015188,-0.074876,chewing,left_chewing,87.340,r_gy,non_chewing
6075783.0,-0.856934,1.519531,-0.425293,-0.25234,0.549179,0.689871,-1.058594,-1.613281,0.631348,0.145755,-0.007461,-0.115112,chewing,left_chewing,87.340,r_gy,non_chewing
6075793.0,-0.859863,1.555664,-0.443848,-0.203311,0.310429,0.600606,-1.072754,-1.604492,0.635254,0.149485,-0.06928,-0.105786,chewing,left_chewing,87.340,r_gy,non_chewing
6075803.0,-0.861328,1.570801,-0.439941,-0.119908,0.125504,0.531326,-1.081055,-1.603027,0.625977,0.190254,-0.109783,-0.174,chewing,left_chewing,87.340,r_gy,non_chewing
6075813.0,-0.869141,1.570801,-0.428223,-0.040236,-0.028778,0.441262,-1.069336,-1.587891,0.637207,0.10925,-0.137761,-0.094061,chewing,left_chewing,87.340,r_gy,non_chewing
6075823.0,-0.871582,1.572266,-0.413086,0.028511,-0.088732,0.375446,-1.088867,-1.641602,0.625977,0.132965,-0.081005,-0.253406,chewing,left_chewing,87.340,r_gy,non_chewing
6075833.0,-0.913086,1.546387,-0.423828,0.033841,-0.070879,0.2606,-1.067383,-1.560059,0.638184,0.136962,0.023449,-0.266729,chewing,left_chewing,87.340,r_gy,non_chewing
6075843.0,-0.90918,1.538574,-0.419922,0.047697,-0.05649,0.14389,-1.060547,-1.586914,0.648437,0.115378,0.049296,-0.192119,chewing,left_chewing,87.340,r_gy,non_chewing
6075853.0,-0.908203,1.520508,-0.437012,0.041568,-0.075142,0.077807,-1.044434,-1.596191,0.653809,0.081804,0.106585,-0.199047,chewing,left_chewing,87.340,r_gy,non_chewing
6075863.0,-0.902832,1.511719,-0.424316,0.027446,-0.115911,0.017853,-1.023438,-1.601074,0.642578,0.083403,0.095926,-0.153482,chewing,left_chewing,87.340,r_gy,non_chewing
6075873.0,-0.899414,1.510254,-0.424805,0.029044,-0.171335,0.003464,-1.038574,-1.610352,0.648926,0.079406,0.104453,-0.127369,chewing,left_chewing,87.340,r_gy,non_chewing
6075883.0,-0.912598,1.506836,-0.444336,0.016521,-0.246744,0.001865,-1.043945,-1.589355,0.641602,0.05649,0.07381,-0.090597,chewing,left_chewing,87.340,r_gy,non_chewing
6075893.0,-0.915527,1.515137,-0.425781,-0.008793,-0.303501,-0.017054,-1.063477,-1.593262,0.646484,0.05196,0.03917,-0.077008,chewing,left_chewing,87.340,r_gy,non_chewing
6075903.0,-0.908691,1.529785,-0.440918,-0.03917,-0.348266,-0.058355,-1.051758,-1.598145,0.662598,0.065017,0.042101,-0.063685,chewing,left_chewing,87.340,r_gy,non_chewing
6075913.0,-0.916504,1.550293,-0.436035,-0.046098,-0.385305,-0.090864,-1.033691,-1.598145,0.654785,0.06928,0.012524,-0.013856,chewing,left_chewing,87.340,r_gy,non_chewing
6075923.0,-0.929687,1.554199,-0.432129,-0.052493,-0.401825,-0.140959,-1.048828,-1.614258,0.654785,0.075409,0.038371,-0.037571,chewing,left_chewing,87.340,r_gy,non_chewing
6075933.0,-0.959961,1.559082,-0.407227,-0.027179,-0.386904,-0.157746,-1.046875,-1.612305,0.657715,0.019985,0.081005,-0.03011,chewing,left_chewing,87.340,r_gy,non_chewing
6075943.0,-0.982422,1.54541,-0.42334,0.009859,-0.338674,-0.190254,-1.036621,-1.608398,0.647949,0.036505,0.136695,-0.019985,chewing,left_chewing,87.340,r_gy,non_chewing
6075953.0,-0.974609,1.543945,-0.412109,0.00373,-0.302968,-0.246478,-1.024902,-1.601563,0.675293,-0.025847,0.172934,-0.026646,chewing,left_chewing,87.340,r_gy,non_chewing
6075963.0,-0.980469,1.549805,-0.421875,0.002665,-0.277121,-0.287513,-1.055176,-1.602539,0.660645,-0.017853,0.127103,0.004263,chewing,left_chewing,87.340,r_gy,non_chewing
6075973.0,-0.995117,1.543457,-0.435547,-0.003464,-0.255804,-0.297639,-1.056641,-1.59375,0.678223,-0.018919,0.083136,0.031975,chewing,left_chewing,87.340,r_gy,non_chewing
6075983.0,-0.998047,1.536621,-0.418945,-0.001066,-0.237418,-0.310162,-1.051758,-1.599121,0.663574,-0.035972,0.077274,0.033574,chewing,left_chewing,107.877,l_gyro_mag,non_chewing
6075993.0,-0.995117,1.541992,-0.425781,-0.017054,-0.216101,-0.311495,-1.058594,-1.597656,0.666992,-0.040236,0.070346,0.041835,chewing,left_chewing,107.877,l_gyro_mag,non_chewing
6076003.0,-1.0,1.54541,-0.422363,-0.014123,-0.211038,-0.310962,-1.056152,-1.592285,0.666992,-0.040236,0.081005,0.046364,chewing,left_chewing,107.877,l_gyro_mag,non_chewing
6076013.0,-1.004883,1.560059,-0.427734,-0.020784,-0.168937,-0.306698,-1.059082,-1.595703,0.666504,-0.040769,0.067948,0.062619,chewing,left_chewing,107.877,l_gyro_mag,non_chewing
6076023.0,-1.009277,1.565918,-0.433105,-0.003464,-0.135896,-0.307231,-1.050781,-1.601074,0.675781,-0.040236,0.045565,0.083136,chewing,left_chewing,107.877,l_gyro_mag,non_chewing
6076033.0,-1.01416,1.559082,-0.40625,-0.019985,-0.053825,-0.283516,-1.047852,-1.598633,0.673828,-0.053825,0.0437,0.100456,chewing,left_chewing,107.877,l_gyro_mag,non_chewing
6076043.0,-1.01416,1.55957,-0.409668,-0.047963,0.037838,-0.288579,-1.049316,-1.602051,0.67041,-0.061286,0.056224,0.098058,chewing,left_chewing,107.877,l_gyro_mag,non_chewing
6076053.0,-1.02002,1.569824,-0.424316,-0.027446,0.104453,-0.279786,-1.04248,-1.609863,0.668457,-0.074876,0.083136,0.06928,chewing,left_chewing,107.877,l_gyro_mag,non_chewing
6076063.0,-1.031738,1.552246,-0.427734,-0.014389,0.110049,-0.274723,-1.064941,-1.601074,0.668945,-0.094061,0.096459,0.045565,chewing,left_chewing,107.877,l_gyro_mag,non_chewing
6076073.0,-1.059082,1.546387,-0.423828,0.049296,0.059954,-0.255804,-1.098145,-1.607422,0.667969,-0.100723,0.102055,0.027979,chewing,left_chewing,107.877,l_gyro_mag,non_chewing
6076083.0,-1.052734,1.54541,-0.397949,0.105519,-0.004796,-0.242481,-1.111816,-1.604004,0.654785,-0.111914,0.101256,0.021317,chewing,left_chewing,107.877,l_gyro_mag,non_chewing
6076093.0,-1.033203,1.561523,-0.415039,0.053559,0.075142,-0.262199,-1.091797,-1.602539,0.645996,-0.137495,0.072744,0.064484,chewing,left_chewing,107.877,l_gyro_mag,non_chewing
6076103.0,-1.029297,1.560547,-0.407227,0.009326,0.142824,-0.266729,-1.069824,-1.602051,0.65918,-0.13483,0.128168,0.025847,chewing,left_chewing,107.877,l_gyro_mag,non_chewing
6076113.0,-1.024902,1.566895,-0.405273,-0.002665,0.183593,-0.262732,-1.072754,-1.602539,0.653809,-0.129234,0.188655,-0.032775,chewing,left_chewing,107.877,l_gyro_mag,non_chewing
6076123.0,-1.036621,1.556152,-0.406738,-0.00373,0.196649,-0.248609,-1.071289,-1.594238,0.64502,-0.127103,0.178796,-0.048496,chewing,left_chewing,107.877,l_gyro_mag,non_chewing
6076133.0,-1.055176,1.54541,-0.388672,-0.030643,0.178263,-0.187856,-1.081055,-1.605957,0.641113,-0.127369,0.127636,-0.021583,chewing,left_chewing,107.877,l_gyro_mag,non_chewing
6076143.0,-1.068359,1.524414,-0.411621,-0.058622,0.218499,-0.121507,-1.084961,-1.620605,0.630371,-0.126836,0.062885,0.021583,chewing,left_chewing,107.877,l_gyro_mag,non_chewing
6076153.0,-1.046387,1.534668,-0.391113,-0.115911,0.220897,-0.076208,-1.084473,-1.615234,0.633789,-0.1311,0.005862,0.029044,chewing,left_chewing,107.877,l_gyro_mag,non_chewing
6076163.0,-1.043945,1.53125,-0.391602,-0.18306,0.200646,-0.024515,-1.074219,-1.614258,0.621094,-0.135629,-0.036239,0.044233,chewing,left_chewing,107.877,l_gyro_mag,non_chewing
6076173.0,-1.036133,1.55127,-0.384277,-0.198248,0.149752,0.022383,-1.088867,-1.618164,0.649902,-0.121773,-0.045565,0.026113,chewing,left_chewing,107.877,l_gyro_mag,non_chewing
6076183.0,-1.020508,1.5625,-0.389648,-0.192919,0.10925,0.055957,-1.075684,-1.614258,0.65332,-0.123639,-0.034907,-0.02638,chewing,left_chewing,107.877,l_gyro_mag,non_chewing
6076193.0,-1.025879,1.603516,-0.390625,-0.175066,0.085268,0.078606,-1.072754,-1.587402,0.633301,-0.13856,-0.044499,-0.024248,chewing,left_chewing,107.877,l_gyro_mag,non_chewing
6076203.0,-1.023438,1.615234,-0.385742,-0.168671,0.136429,0.07008,-1.052734,-1.584961,0.621094,-0.148686,-0.044499,-0.037305,chewing,left_chewing,107.877,l_gyro_mag,non_chewing
6076213.0,-1.020508,1.628418,-0.403809,-0.137495,0.209972,0.031975,-1.04834,-1.57666,0.599121,-0.135096,-0.011991,-0.046098,chewing,left_chewing,107.877,l_gyro_mag,non_chewing
6076223.0,-1.026367,1.611816,-0.400391,-0.093528,0.206242,-0.009859,-1.05957,-1.587402,0.59668,-0.129767,0.011191,-0.071145,chewing,left_chewing,107.877,l_gyro_mag,non_chewing
6076233.0,-1.033691,1.599121,-0.40625,-0.030377,0.198781,-0.029577,-1.052246,-1.604492,0.584473,-0.123905,0.003997,-0.029311,chewing,left_chewing,107.877,l_gyro_mag,non_chewing
6076243.0,-1.03125,1.588379,-0.395996,-0.010392,0.19958,-0.019452,-1.050781,-1.609375,0.591309,-0.128701,0.000266,-0.005063,chewing,left_chewing,107.877,l_gyro_mag,non_chewing
6076253.0,-1.026855,1.552734,-0.368652,0.026646,0.206242,0.015188,-1.02832,-1.612793,0.600586,-0.12204,-0.022116,0.0,chewing,left_chewing,107.877,l_gyro_mag,non_chewing
6076263.0,-1.00293,1.549805,-0.351074,0.011191,0.196383,0.022916,-1.041992,-1.619629,0.607422,-0.130833,-0.046098,0.0,chewing,left_chewing,107.877,l_gyro_mag,non_chewing
6076273.0,-0.998047,1.556152,-0.363281,0.013856,0.188922,0.02185,-1.052734,-1.619629,0.604492,-0.122839,-0.089531,0.058355,chewing,left_chewing,107.877,l_gyro_mag,non_chewing
6076283.0,-0.981934,1.553711,-0.37207,-0.016787,0.175865,-0.001599,-1.049805,-1.61084,0.629883,-0.085002,-0.090597,0.050894,chewing,left_chewing,107.877,l_gyro_mag,non_chewing
6076293.0,-0.987793,1.557129,-0.362305,-0.031975,0.16947,-0.001332,-1.053223,-1.603027,0.632812,-0.067681,-0.071945,0.03917,chewing,left_chewing,107.877,l_gyro_mag,non_chewing
6076303.0,-0.986816,1.563477,-0.348633,-0.027179,0.101522,0.022116,-1.044434,-1.615234,0.647949,-0.031709,-0.009326,0.022383,chewing,left_chewing,107.877,l_gyro_mag,non_chewing
6076313.0,-0.967773,1.575195,-0.349609,-0.007727,0.033308,-0.007194,-1.024414,-1.620117,0.625,-0.030643,0.050628,0.023182,chewing,left_chewing,107.877,l_gyro_mag,non_chewing
6076323.0,-0.971191,1.567383,-0.36377,0.027446,-0.020518,0.019718,-1.067871,-1.607422,0.594727,-0.066616,0.050628,0.053825,chewing,left_chewing,107.877,l_gyro_mag,non_chewing
6076333.0,-0.999512,1.549805,-0.363281,0.079406,-0.056757,0.011991,-1.067871,-1.624512,0.589355,-0.067948,0.040769,0.051427,chewing,left_chewing,107.877,l_gyro_mag,non_chewing
6076343.0,-1.019043,1.525879,-0.359863,0.096726,-0.08207,0.025314,-1.097168,-1.608398,0.591309,-0.071145,-0.022383,0.0866,chewing,left_chewing,107.877,l_gyro_mag,non_chewing
6076353.0,-1.02832,1.518555,-0.369141,0.0866,-0.102055,0.022649,-1.097168,-1.600098,0.594238,-0.072744,-0.036505,0.060487,chewing,left_chewing,107.877,l_gyro_mag,non_chewing
6076363.0,-1.025391,1.498535,-0.366211,0.070346,-0.111115,0.025314,-1.100586,-1.597168,0.607422,-0.038371,-0.059421,0.079939,chewing,left_chewing,107.877,l_gyro_mag,non_chewing
6076373.0,-1.01416,1.523926,-0.380859,-0.016787,-0.080472,0.009326,-1.102539,-1.596191,0.624023,-0.053292,-0.105519,0.08207,chewing,left_chewing,107.877,l_gyro_mag,non_chewing
6076383.0,-1.016602,1.533691,-0.395508,-0.067149,-0.041302,0.003464,-1.116699,-1.590332,0.643555,-0.069813,-0.20944,0.107118,chewing,left_chewing,107.877,l_gyro_mag,non_chewing
6076393.0,-1.006836,1.549316,-0.421875,-0.10925,-0.034107,-0.001066,-1.057129,-1.577148,0.613281,-0.101522,-0.334943,0.179329,chewing,left_chewing,107.877,l_gyro_mag,non_chewing
6076403.0,-1.022461,1.563965,-0.396484,-0.118043,-0.000266,-0.023982,-1.074707,-1.598633,0.658203,-0.115645,-0.405289,0.192919,chewing,left_chewing,107.877,l_gyro_mag,non_chewing
6076413.0,-1.01416,1.570313,-0.381836,-0.084735,0.010126,-0.029044,-1.071289,-1.598145,0.63916,-0.130034,-0.370383,0.113779,chewing,left_chewing,107.877,l_gyro_mag,non_chewing
6076423.0,-1.017578,1.554688,-0.393066,-0.018386,0.035972,-0.045832,-1.08252,-1.605469,0.608398,-0.175599,-0.328548,0.065017,chewing,left_chewing,107.877,l_gyro_mag,non_chewing
6076433.0,-1.030273,1.537109,-0.373047,0.032242,0.078873,-0.068481,-1.080078,-1.612305,0.635742,-0.151617,-0.244346,0.031709,chewing,left_chewing,107.877,l_gyro_mag,non_chewing
6076443.0,-1.026367,1.536621,-0.38916,0.042368,0.119908,-0.076741,-1.062988,-1.623535,0.649414,-0.123639,-0.062086,-0.048763,chewing,left_chewing,107.877,l_gyro_mag,non_chewing
6076453.0,-1.025879,1.543457,-0.360352,0.007461,0.185191,-0.06475,-1.065918,-1.597656,0.653809,-0.134564,0.091397,-0.08287,chewing,left_chewing,107.877,l_gyro_mag,non_chewing
6076463.0,-1.025391,1.551758,-0.402344,-0.038371,0.257669,-0.035972,-1.088867,-1.589355,0.610352,-0.125237,0.16041,-0.100456,chewing,left_chewing,107.877,l_gyro_mag,non_chewing
6076473.0,-1.022461,1.540527,-0.391602,-0.051161,0.280319,-0.023715,-1.080566,-1.601074,0.640625,-0.100723,0.097792,-0.094328,chewing,left_chewing,107.877,l_gyro_mag,non_chewing
6076483.0,-1.02002,1.546387,-0.395508,-0.048496,0.247277,-0.015721,-1.065918,-1.599121,0.646973,-0.060487,0.013323,-0.06555,chewing,left_chewing,107.877,l_gyro_mag,non_chewing
6076493.0,-1.01416,1.562012,-0.369629,-0.020518,0.184392,-0.010658,-1.046875,-1.594238,0.605469,-0.087933,0.000533,-0.094061,chewing,left_chewing,107.877,l_gyro_mag,non_chewing
6076503.0,-1.022949,1.553711,-0.398926,-0.008527,0.141225,0.014922,-1.088867,-1.585449,0.603027,-0.068481,-0.042368,-0.064484,chewing,left_chewing,107.877,l_gyro_mag,non_chewing
6076513.0,-1.02002,1.545898,-0.385254,0.005862,0.115378,0.028778,-1.068848,-1.611816,0.660156,-0.037038,0.015721,-0.083936,chewing,left_chewing,107.877,l_gyro_mag,non_chewing
6076523.0,-1.011719,1.562988,-0.349609,0.009326,0.13936,0.035706,-1.040039,-1.60498,0.612305,-0.041835,0.127103,-0.119375,chewing,left_chewing,107.877,l_gyro_mag,non_chewing
6076533.0,-1.016113,1.558594,-0.389648,0.021583,0.184126,0.030643,-1.084961,-1.587402,0.58252,-0.045832,0.142557,-0.085801,chewing,left_chewing,107.877,l_gyro_mag,non_chewing
6076543.0,-1.004883,1.558105,-0.35498,0.017853,0.228358,0.0,-1.05127,-1.630371,0.63623,-0.031443,0.155881,-0.053825,chewing,left_chewing,107.820,l_gyro_mag,non_chewing
6076553.0,-1.005371,1.563965,-0.361328,0.020251,0.280319,-0.020518,-1.033691,-1.630859,0.618164,-0.04823,0.154282,-0.006395,chewing,left_chewing,107.820,l_gyro_mag,non_chewing
6076563.0,-0.986328,1.560547,-0.36377,0.033574,0.282184,-0.049828,-1.056641,-1.60791,0.599609,-0.08287,0.128701,0.007194,chewing,left_chewing,107.820,l_gyro_mag,non_chewing
6076573.0,-0.979004,1.565918,-0.383301,0.054092,0.254205,-0.066882,-1.055176,-1.601563,0.612793,-0.081804,0.115112,0.015721,chewing,left_chewing,107.820,l_gyro_mag,non_chewing
6076583.0,-0.974609,1.57373,-0.38916,0.059954,0.2177,-0.043167,-1.055176,-1.599121,0.636719,-0.078074,0.082337,0.034907,chewing,left_chewing,107.820,l_gyro_mag,non_chewing
6076593.0,-0.984375,1.567383,-0.388184,0.071145,0.181994,-0.00906,-1.064453,-1.592773,0.621094,-0.055158,0.07381,0.012524,chewing,left_chewing,107.820,l_gyro_mag,non_chewing
6076603.0,-0.979492,1.5625,-0.392578,0.050361,0.150551,0.002931,-1.078125,-1.597168,0.624512,-0.057822,0.07834,0.042101,chewing,left_chewing,107.820,l_gyro_mag,non_chewing
6076613.0,-0.991211,1.557129,-0.384277,0.052227,0.108983,0.000533,-1.073242,-1.602539,0.62793,-0.051427,0.080472,0.046631,chewing,left_chewing,107.820,l_gyro_mag,non_chewing
6076623.0,-0.978516,1.568848,-0.384766,0.073011,0.098591,-0.002931,-1.074219,-1.623047,0.603516,-0.057023,0.079139,0.039436,chewing,left_chewing,107.820,l_gyro_mag,non_chewing
6076633.0,-0.991699,1.568848,-0.39502,0.071945,0.10845,-0.008527,-1.07373,-1.617188,0.625,-0.044499,0.101256,0.026113,chewing,left_chewing,107.820,l_gyro_mag,non_chewing
6076643.0,-0.98584,1.538086,-0.387695,0.063152,0.09566,0.008527,-1.040527,-1.618164,0.631836,-0.018652,0.102588,0.017587,chewing,left_chewing,107.820,l_gyro_mag,non_chewing
6076653.0,-0.981934,1.54248,-0.420898,0.032242,0.088199,0.028778,-1.053711,-1.625977,0.64209,-0.03544,0.086867,-0.022649,chewing,left_chewing,107.820,l_gyro_mag,non_chewing
6076663.0,-0.979492,1.54541,-0.381348,0.014389,0.08207,0.074609,-1.067383,-1.590332,0.599121,-0.011991,0.081271,-0.02558,chewing,left_chewing,107.820,l_gyro_mag,non_chewing
6076673.0,-0.98291,1.547852,-0.401367,-0.016787,0.089798,0.09113,-1.04834,-1.609375,0.651367,-0.014389,0.041035,-0.022649,chewing,left_chewing,107.820,l_gyro_mag,non_chewing
6076683.0,-0.982422,1.564941,-0.384277,-0.027979,0.061819,0.085268,-1.055176,-1.591309,0.605469,-0.006395,0.063152,-0.037305,chewing,left_chewing,107.820,l_gyro_mag,non_chewing
6076693.0,-0.975586,1.597168,-0.416504,0.001066,0.063951,0.089531,-1.066406,-1.613281,0.627441,-0.008793,0.075142,-0.051694,chewing,left_chewing,107.820,l_gyro_mag,non_chewing
6076703.0,-0.993164,1.591797,-0.398438,0.04743,0.04823,0.088466,-1.060059,-1.612305,0.629883,0.001066,0.122839,-0.086867,chewing,left_chewing,107.820,l_gyro_mag,non_chewing
6076713.0,-0.996582,1.591797,-0.36377,0.094328,0.052227,0.06555,-1.089355,-1.602539,0.577637,-0.014123,0.143357,-0.084202,chewing,left_chewing,107.820,l_gyro_mag,non_chewing
6076723.0,-1.005371,1.566406,-0.410645,0.118842,0.082603,0.076475,-1.063477,-1.631836,0.635742,0.008793,0.110848,-0.071412,chewing,left_chewing,107.820,l_gyro_mag,non_chewing
6076733.0,-1.003418,1.557617,-0.385742,0.068747,0.096193,0.102855,-1.060547,-1.60498,0.588379,0.038637,0.138028,-0.07834,chewing,left_chewing,107.820,l_gyro_mag,non_chewing
6076743.0,-1.033691,1.534668,-0.396484,-0.04743,0.141758,0.159877,-1.086426,-1.630859,0.626953,0.034907,0.116977,-0.090331,chewing,left_chewing,107.820,l_gyro_mag,non_chewing
6076753.0,-1.036133,1.526367,-0.403809,-0.142557,0.180395,0.234221,-1.067871,-1.625488,0.640625,0.060221,0.108983,-0.120175,chewing,left_chewing,107.820,l_gyro_mag,non_chewing
6076763.0,-1.022949,1.567383,-0.378418,-0.233954,0.237685,0.278187,-1.064941,-1.612793,0.585937,0.058622,0.073544,-0.132965,chewing,left_chewing,107.820,l_gyro_mag,non_chewing
6076773.0,-1.000488,1.588379,-0.384766,-0.227292,0.272591,0.327749,-1.062012,-1.625488,0.615234,0.090597,0.044766,-0.089798,chewing,left_chewing,107.820,l_gyro_mag,non_chewing
6076783.0,-0.991211,1.634766,-0.367676,-0.200913,0.257669,0.373047,-1.066406,-1.59082,0.564941,0.117776,0.067149,-0.113779,chewing,left_chewing,107.820,l_gyro_mag,non_chewing
6076793.0,-0.96582,1.660645,-0.384277,-0.147887,0.250475,0.414882,-1.071777,-1.632813,0.605957,0.127636,0.155348,-0.203577,chewing,left_chewing,107.820,l_gyro_mag,non_chewing
6076803.0,-0.936035,1.674805,-0.377441,-0.032508,0.202511,0.415681,-1.050293,-1.632324,0.612793,0.202778,0.19132,-0.249675,chewing,left_chewing,107.820,l_gyro_mag,non_chewing
6076813.0,-0.908691,1.676758,-0.401855,0.027979,0.193985,0.432202,-1.078125,-1.598145,0.572266,0.189455,0.232089,-0.314159,chewing,left_chewing,107.820,l_gyro_mag,non_chewing
6076823.0,-0.973633,1.625,-0.365723,-0.005063,0.085534,0.447657,-1.120605,-1.607422,0.630859,0.197182,0.111648,-0.023715,chewing,left_chewing,107.820,l_gyro_mag,non_chewing
6076833.0,-0.936035,1.674316,-0.35791,-0.066349,0.190787,0.459914,-1.027832,-1.615234,0.548828,0.2177,0.150018,-0.258202,chewing,left_chewing,107.820,l_gyro_mag,non_chewing
6076843.0,-0.942383,1.65918,-0.361816,-0.06475,0.180662,0.459648,-1.027344,-1.648438,0.59375,0.293908,0.089265,-0.20944,chewing,left_chewing,107.820,l_gyro_mag,non_chewing
6076853.0,-0.945312,1.648926,-0.333984,-0.047963,0.121507,0.48656,-1.049805,-1.662109,0.544434,0.336009,0.182527,-0.318156,chewing,left_chewing,107.820,l_gyro_mag,non_chewing
6076863.0,-0.902344,1.650391,-0.375488,0.054092,0.123905,0.482031,-1.064453,-1.632324,0.552246,0.314426,0.223562,-0.245145,chewing,left_chewing,107.820,l_gyro_mag,non_chewing
6076873.0,-0.95752,1.595703,-0.328613,0.11298,0.071145,0.536389,-1.052734,-1.623535,0.595703,0.375446,0.175599,-0.178263,chewing,left_chewing,107.820,l_gyro_mag,non_chewing
6076883.0,-0.925781,1.621094,-0.351074,0.148953,0.132698,0.542251,-1.022461,-1.614258,0.530762,0.356527,0.260067,-0.246744,chewing,left_chewing,107.820,l_gyro_mag,non_chewing
6076893.0,-0.898926,1.610352,-0.360352,0.192652,0.149219,0.52573,-1.023438,-1.612793,0.634766,0.364254,0.248343,-0.190254,chewing,left_chewing,107.820,l_gyro_mag,non_chewing
6076903.0,-0.882324,1.612305,-0.358887,0.24408,0.178796,0.4791,-1.011719,-1.58252,0.592285,0.349599,0.241149,-0.124704,chewing,left_chewing,107.820,l_gyro_mag,non_chewing
6076913.0,-0.898437,1.589355,-0.374512,0.265397,0.163075,0.441528,-1.001953,-1.598633,0.638184,0.278986,0.3051,-0.156413,chewing,left_chewing,107.820,l_gyro_mag,non_chewing
6076923.0,-0.882324,1.597656,-0.369141,0.270726,0.194251,0.406355,-1.005859,-1.593262,0.609863,0.264331,0.402625,-0.211571,chewing,left_chewing,107.820,l_gyro_mag,non_chewing
6076933.0,-0.864258,1.584961,-0.393555,0.305632,0.223828,0.414616,-0.97998,-1.588379,0.633789,0.213703,0.487893,-0.272058,chewing,left_chewing,107.820,l_gyro_mag,non_chewing
6076943.0,-0.859375,1.574707,-0.393555,0.309096,0.179329,0.379443,-0.960937,-1.54541,0.663574,0.200913,0.535323,-0.152417,chewing,left_chewing,107.820,l_gyro_mag,non_chewing
6076953.0,-0.864746,1.579102,-0.403809,0.352263,0.159877,0.376511,-1.011719,-1.585449,0.615723,0.218499,0.269926,-0.020784,chewing,left_chewing,107.820,l_gyro_mag,non_chewing
6076963.0,-0.878418,1.564453,-0.424805,0.423142,0.07834,0.355727,-0.993652,-1.618164,0.664062,0.233421,0.078606,0.031709,chewing,left_chewing,107.820,l_gyro_mag,non_chewing
6076973.0,-0.880859,1.564453,-0.427734,0.50015,0.015721,0.333611,-0.956543,-1.602539,0.660645,0.209706,-0.105786,0.137761,chewing,left_chewing,107.820,l_gyro_mag,non_chewing
6076983.0,-0.868164,1.5625,-0.446777,0.476701,-0.017587,0.271792,-1.010254,-1.595703,0.683594,0.196916,-0.279786,0.270992,chewing,left_chewing,107.820,l_gyro_mag,non_chewing
6076993.0,-0.850586,1.581543,-0.453125,0.469507,0.045832,0.246744,-0.992187,-1.608398,0.687988,0.181194,-0.297639,0.238217,chewing,left_chewing,107.820,l_gyro_mag,non_chewing
6077003.0,-0.881348,1.543457,-0.450684,0.406355,0.030643,0.174266,-1.013184,-1.607422,0.687012,0.201179,-0.267262,0.251541,chewing,left_chewing,107.820,l_gyro_mag,non_chewing
6077013.0,-0.876465,1.552734,-0.462891,0.35173,-0.006395,0.130034,-1.012695,-1.602539,0.692383,0.199314,-0.176931,0.192386,chewing,left_chewing,107.820,l_gyro_mag,non_chewing
6077023.0,-0.887695,1.548828,-0.481934,0.338141,-0.046897,0.058888,-1.038086,-1.602539,0.696777,0.198515,-0.039703,0.193718,chewing,left_chewing,107.820,l_gyro_mag,non_chewing
6077033.0,-0.879883,1.550293,-0.49707,0.337341,-0.073544,-0.013856,-1.020508,-1.584473,0.710449,0.19958,0.076475,0.233954,chewing,left_chewing,107.820,l_gyro_mag,non_chewing
6077043.0,-0.874512,1.543945,-0.504395,0.33068,-0.095394,-0.083136,-1.105957,-1.586914,0.723145,0.181194,0.258735,0.213969,chewing,left_chewing,107.820,l_gyro_mag,non_chewing
6077053.0,-0.870605,1.526367,-0.499512,0.349332,-0.134031,-0.154548,-1.071289,-1.577148,0.719238,0.18679,0.288845,0.292309,chewing,left_chewing,107.820,l_gyro_mag,non_chewing
6077063.0,-0.87793,1.508301,-0.498047,0.298172,-0.128701,-0.187856,-1.061523,-1.581055,0.740723,0.160677,0.220098,0.316025,chewing,left_chewing,107.820,l_gyro_mag,non_chewing
6077073.0,-0.879395,1.498047,-0.490234,0.224628,-0.163874,-0.234221,-1.069336,-1.566406,0.712891,0.138028,0.14762,0.325351,chewing,left_chewing,107.655,l_gz,non_chewing
6077083.0,-0.893066,1.497559,-0.492187,0.186257,-0.212104,-0.285115,-1.06543,-1.56543,0.72998,0.110049,0.017054,0.294974,chewing,left_chewing,107.655,l_gz,non_chewing
6077093.0,-0.914062,1.497559,-0.483887,0.152417,-0.24781,-0.276055,-1.083008,-1.55127,0.720215,0.080738,-0.083403,0.286181,chewing,left_chewing,107.655,l_gz,non_chewing
6077103.0,-0.932617,1.511719,-0.500977,0.111648,-0.262466,-0.284049,-1.060547,-1.568848,0.737793,0.039969,-0.181994,0.319755,chewing,left_chewing,107.655,l_gz,non_chewing
6077113.0,-0.960449,1.494141,-0.53125,0.051694,-0.28325,-0.302168,-1.13916,-1.543457,0.696289,0.014389,-0.215835,0.298704,chewing,left_chewing,107.655,l_gz,non_chewing
6077123.0,-0.969238,1.489258,-0.53418,-0.010392,-0.271792,-0.303234,-1.118164,-1.574707,0.726562,0.002398,-0.25687,0.278986,chewing,left_chewing,107.655,l_gz,non_chewing
6077133.0,-0.989746,1.5,-0.488281,-0.053026,-0.281384,-0.321087,-1.097656,-1.587402,0.754883,0.011458,-0.300037,0.337874,chewing,left_chewing,107.655,l_gz,non_chewing
6077143.0,-0.986816,1.524902,-0.461914,-0.08207,-0.268861,-0.331746,-1.067871,-1.579102,0.743652,-0.002931,-0.189721,0.26593,chewing,left_chewing,107.655,l_gz,non_chewing
6077153.0,-0.98584,1.552246,-0.455566,-0.095127,-0.310429,-0.359991,-1.158691,-1.543457,0.712891,-0.060487,-0.067948,0.224894,chewing,left_chewing,107.655,l_gz,non_chewing
6077163.0,-1.000977,1.562012,-0.444336,-0.119109,-0.338674,-0.380242,-1.142578,-1.539551,0.686035,-0.124438,0.023715,0.141758,chewing,left_chewing,107.655,l_gz,non_chewing
6077173.0,-1.013184,1.565918,-0.456543,-0.121507,-0.31256,-0.370649,-1.138672,-1.537109,0.656738,-0.139893,0.067149,0.176665,chewing,left_chewing,107.655,l_gz,non_chewing
6077183.0,-1.007813,1.567871,-0.460937,-0.117243,-0.295507,-0.355461,-1.114258,-1.536621,0.649414,-0.163608,0.049296,0.160943,chewing,left_chewing,107.655,l_gz,non_chewing
6077193.0,-1.020508,1.563477,-0.464844,-0.146021,-0.260067,-0.33521,-1.140137,-1.53125,0.656738,-0.138294,-0.023449,0.238484,chewing,left_chewing,107.655,l_gz,non_chewing
6077203.0,-1.02002,1.577637,-0.456055,-0.161743,-0.246744,-0.324551,-1.13916,-1.530273,0.668457,-0.149752,-0.088998,0.22676,chewing,left_chewing,107.655,l_gz,non_chewing
6077213.0,-1.012695,1.571777,-0.453613,-0.185991,-0.211305,-0.311495,-1.129883,-1.545898,0.645508,-0.170536,-0.133498,0.212371,chewing,left_chewing,107.655,l_gz,non_chewing
6077223.0,-1.003906,1.575195,-0.473633,-0.16121,-0.220364,-0.275789,-1.162598,-1.548828,0.649902,-0.179329,-0.162809,0.177198,chewing,left_chewing,107.655,l_gz,non_chewing
6077233.0,-1.006836,1.580078,-0.45459,-0.129501,-0.245945,-0.254205,-1.17627,-1.572754,0.665527,-0.194518,-0.127369,0.15215,chewing,left_chewing,107.655,l_gz,non_chewing
6077243.0,-1.009277,1.56543,-0.443359,-0.105786,-0.269127,-0.221697,-1.137695,-1.556152,0.687012,-0.23502,-0.043966,0.010126,chewing,left_chewing,107.655,l_gz,non_chewing
6077253.0,-1.027344,1.570313,-0.424805,-0.090597,-0.250475,-0.182527,-1.155762,-1.574219,0.65625,-0.194251,-0.073011,0.145489,chewing,left_chewing,107.655,l_gz,non_chewing
6077263.0,-1.01123,1.562988,-0.393066,-0.099391,-0.241948,-0.149752,-1.133301,-1.599121,0.6875,-0.172135,-0.032242,0.136429,chewing,left_chewing,107.655,l_gz,non_chewing
6077273.0,-1.00293,1.563965,-0.38623,-0.10392,-0.255005,-0.136162,-1.121582,-1.599121,0.671875,-0.167072,-0.022916,0.087666,chewing,left_chewing,107.655,l_gz,non_chewing
6077283.0,-0.987793,1.570801,-0.352051,-0.112714,-0.262466,-0.092995,-1.106445,-1.59668,0.68457,-0.160677,-0.083936,0.115645,chewing,left_chewing,107.655,l_gz,non_chewing
6077293.0,-0.978516,1.590332,-0.357422,-0.107917,-0.267795,-0.081538,-1.105957,-1.581543,0.654297,-0.140959,-0.113513,0.099391,chewing,left_chewing,107.655,l_gz,non_chewing
6077303.0,-0.975586,1.594727,-0.360352,-0.126836,-0.261133,-0.065017,-1.109375,-1.57373,0.64502,-0.093795,-0.101256,0.057822,chewing,left_chewing,107.655,l_gz,non_chewing
6077313.0,-0.972656,1.603027,-0.356934,-0.112181,-0.267528,-0.048496,-1.100098,-1.569336,0.637207,-0.130034,-0.071412,0.023182,chewing,left_chewing,107.655,l_gz,non_chewing
6077323.0,-0.963379,1.589844,-0.355469,-0.066083,-0.312028,-0.058355,-1.116211,-1.580566,0.632324,-0.128168,-0.002132,-0.028245,chewing,left_chewing,107.655,l_gz,non_chewing
6077333.0,-0.967773,1.597168,-0.344727,0.024515,-0.360524,-0.070613,-1.094238,-1.580078,0.608398,-0.119642,0.011458,0.00906,chewing,left_chewing,107.655,l_gz,non_chewing
6077343.0,-0.966797,1.594727,-0.333984,0.067149,-0.344003,-0.069813,-1.102051,-1.572754,0.619141,-0.1303,0.034374,0.002398,chewing,left_chewing,107.655,l_gz,non_chewing
6077353.0,-0.975098,1.587402,-0.325195,0.108184,-0.329881,-0.095127,-1.106934,-1.570801,0.611328,-0.116444,0.033841,0.043167,chewing,left_chewing,107.655,l_gz,non_chewing
6077363.0,-0.969727,1.588867,-0.320313,0.116178,-0.289378,-0.114579,-1.087891,-1.552734,0.631836,-0.119375,0.066083,0.044499,chewing,left_chewing,107.655,l_gz,non_chewing
6077373.0,-0.971191,1.577148,-0.320313,0.128168,-0.277387,-0.132432,-1.074707,-1.581543,0.62207,-0.098058,0.049029,0.075142,chewing,left_chewing,107.655,l_gz,non_chewing
6077383.0,-0.980957,1.567383,-0.31543,0.107118,-0.258202,-0.151884,-1.073242,-1.576172,0.624512,-0.051694,0.128701,0.050628,chewing,left_chewing,107.655,l_gz,non_chewing
6077393.0,-0.968262,1.576172,-0.32959,0.115645,-0.254738,-0.145222,-1.085449,-1.557129,0.59375,-0.065816,0.173734,0.071678,chewing,left_chewing,107.655,l_gz,non_chewing
6077403.0,-0.972656,1.580566,-0.341797,0.110582,-0.243014,-0.114046,-1.081055,-1.56543,0.595703,-0.066882,0.16947,0.104986,chewing,left_chewing,107.655,l_gz,non_chewing
6077413.0,-0.958008,1.58252,-0.337891,0.120708,-0.25687,-0.105786,-1.092285,-1.558594,0.593262,-0.049029,0.196916,0.112181,chewing,left_chewing,107.655,l_gz,non_chewing
6077423.0,-0.966797,1.585449,-0.332031,0.150018,-0.280585,-0.098858,-1.085449,-1.561035,0.59082,-0.052493,0.189188,0.130567,chewing,left_chewing,107.655,l_gz,non_chewing
6077433.0,-0.963379,1.586426,-0.32959,0.163075,-0.299504,-0.115645,-1.097168,-1.54834,0.597656,-0.032508,0.198781,0.105253,chewing,left_chewing,107.655,l_gz,non_chewing
6077443.0,-1.0,1.572754,-0.332031,0.180662,-0.297905,-0.130567,-1.103027,-1.557129,0.607422,-0.030377,0.164141,0.152683,chewing,left_chewing,107.655,l_gz,non_chewing
6077453.0,-1.025879,1.565918,-0.346191,0.192652,-0.268594,-0.131366,-1.103027,-1.570801,0.663574,-0.003464,0.152417,0.165473,chewing,left_chewing,107.655,l_gz,non_chewing
6077463.0,-1.036133,1.561035,-0.344238,0.193718,-0.188389,-0.150818,-1.103516,-1.557129,0.623535,-0.006928,0.150551,0.176132,chewing,left_chewing,107.655,l_gz,non_chewing
6077473.0,-1.04834,1.549805,-0.35498,0.184925,-0.110315,-0.14842,-1.113281,-1.558594,0.656738,0.004796,0.166006,0.167605,chewing,left_chewing,107.655,l_gz,non_chewing
6077483.0,-1.054688,1.550781,-0.354492,0.181461,-0.071145,-0.131899,-1.11084,-1.56543,0.662598,0.051161,0.171335,0.157213,chewing,left_chewing,107.655,l_gz,non_chewing
6077493.0,-1.045898,1.537598,-0.363281,0.172934,-0.041568,-0.116444,-1.104004,-1.549805,0.682129,0.050361,0.163608,0.129234,chewing,left_chewing,107.655,l_gz,non_chewing
6077503.0,-1.052734,1.542969,-0.379395,0.150551,-0.062885,-0.093528,-1.120117,-1.551758,0.67334,0.05649,0.166539,0.128435,chewing,left_chewing,107.655,l_gz,non_chewing
6077513.0,-1.056641,1.544922,-0.369141,0.113247,-0.091397,-0.075142,-1.12793,-1.559082,0.667969,0.036505,0.162809,0.123372,chewing,left_chewing,107.655,l_gz,non_chewing
6077523.0,-1.04541,1.549316,-0.379883,0.113513,-0.140159,-0.055957,-1.171387,-1.539063,0.647949,0.041835,0.162276,0.107384,chewing,left_chewing,107.655,l_gz,non_chewing
6077533.0,-1.062988,1.545898,-0.369629,0.132965,-0.203844,-0.066349,-1.163574,-1.567383,0.661133,0.077541,0.126037,0.157213,chewing,left_chewing,107.655,l_gz,non_chewing
6077543.0,-1.080078,1.547363,-0.390625,0.172135,-0.224894,-0.067149,-1.181152,-1.563965,0.668945,0.071412,0.06928,0.171069,chewing,left_chewing,107.655,l_gz,non_chewing
6077553.0,-1.079102,1.535156,-0.373535,0.214769,-0.209706,-0.068747,-1.162598,-1.566895,0.667969,0.076741,0.059155,0.156147,chewing,left_chewing,107.655,l_gz,non_chewing
6077563.0,-1.077148,1.525879,-0.386719,0.207308,-0.187057,-0.09193,-1.151367,-1.5625,0.698242,0.079672,0.061286,0.133498,chewing,left_chewing,107.655,l_gz,non_chewing
6077573.0,-1.083496,1.518066,-0.390137,0.201979,-0.200113,-0.083403,-1.14502,-1.562012,0.689941,0.073544,0.04823,0.091663,chewing,left_chewing,107.655,l_gz,non_chewing
6077583.0,-1.078125,1.527344,-0.405762,0.199314,-0.171868,-0.084469,-1.169434,-1.549316,0.689453,0.06555,0.010658,0.06555,chewing,left_chewing,107.655,l_gz,non_chewing
6077593.0,-1.073242,1.515137,-0.413086,0.183859,-0.205176,-0.082337,-1.166992,-1.546387,0.686035,0.066616,-0.018919,0.017853,chewing,left_chewing,107.655,l_gz,non_chewing
6077603.0,-1.081543,1.511719,-0.389648,0.171868,-0.231023,-0.070613,-1.179199,-1.536133,0.679199,0.061553,-0.033041,0.00906,chewing,left_chewing,107.655,l_gz,non_chewing
6077613.0,-1.080566,1.529785,-0.410645,0.184925,-0.315758,-0.05276,-1.177734,-1.534668,0.703613,0.056224,-0.047697,0.002398,chewing,left_chewing,107.803,l_gz,non_chewing
6077623.0,-1.086426,1.51709,-0.397949,0.206508,-0.307764,-0.0437,-1.1875,-1.532227,0.682617,0.058888,-0.032508,-0.005063,chewing,left_chewing,107.803,l_gz,non_chewing
6077633.0,-1.118164,1.5,-0.404785,0.228358,-0.297372,-0.022916,-1.18457,-1.525391,0.691895,0.053292,-0.035706,-0.016787,chewing,left_chewing,107.803,l_gz,non_chewing
6077643.0,-1.129395,1.495605,-0.387695,0.25607,-0.252606,-0.043966,-1.161621,-1.519043,0.685547,0.049029,-0.035173,-0.021583,chewing,left_chewing,107.803,l_gz,non_chewing
6077653.0,-1.118164,1.492188,-0.400391,0.262732,-0.20944,-0.050894,-1.15332,-1.521973,0.692871,0.033574,-0.045032,-0.016787,chewing,left_chewing,107.803,l_gz,non_chewing
6077663.0,-1.114746,1.500977,-0.391602,0.232355,-0.131366,-0.042101,-1.14209,-1.519043,0.70166,0.020784,-0.086334,0.014655,chewing,left_chewing,107.803,l_gz,non_chewing
6077673.0,-1.101074,1.520996,-0.411133,0.182527,-0.060753,-0.032508,-1.119629,-1.53125,0.702637,-0.001066,-0.124172,0.032775,chewing,left_chewing,107.803,l_gz,non_chewing
6077683.0,-1.085449,1.519531,-0.408203,0.119908,-0.013057,-0.026113,-1.125,-1.537109,0.692383,-0.028511,-0.130833,0.059688,chewing,left_chewing,107.803,l_gz,non_chewing
6077693.0,-1.112305,1.49707,-0.412598,0.107118,-0.011724,-0.004263,-1.11377,-1.546387,0.693848,-0.032508,-0.159877,0.084735,chewing,left_chewing,107.803,l_gz,non_chewing
6077703.0,-1.078125,1.508301,-0.38623,0.085002,0.002665,-0.028778,-1.098633,-1.540039,0.691406,-0.037838,-0.148686,0.078074,chewing,left_chewing,107.803,l_gz,non_chewing
6077713.0,-1.08252,1.542969,-0.392578,0.130567,-0.058355,-0.002132,-1.114258,-1.533691,0.702637,-0.027712,-0.213436,0.144956,chewing,left_chewing,107.803,l_gz,non_chewing
6077723.0,-1.096191,1.506348,-0.403809,0.132698,-0.017853,-0.020784,-1.133301,-1.523438,0.674805,-0.044766,-0.16494,0.115911,chewing,left_chewing,107.803,l_gz,non_chewing
6077733.0,-1.07373,1.521484,-0.390625,0.150285,-0.028778,-0.007461,-1.147461,-1.530273,0.673828,-0.03917,-0.193452,0.134031,chewing,left_chewing,107.803,l_gz,non_chewing
6077743.0,-1.066895,1.514648,-0.387207,0.143357,0.013856,-0.050361,-1.141602,-1.536133,0.682129,-0.01732,-0.169204,0.099391,chewing,left_chewing,107.803,l_gz,non_chewing
6077753.0,-1.058105,1.523438,-0.394043,0.123106,0.017853,-0.033841,-1.13916,-1.534668,0.688477,-0.013856,-0.192386,0.127103,chewing,left_chewing,107.803,l_gz,non_chewing
6077763.0,-1.059082,1.518555,-0.390137,0.075142,0.076475,-0.032508,-1.157715,-1.529297,0.681641,-0.001865,-0.184392,0.082337,chewing,left_chewing,107.803,l_gz,non_chewing
6077773.0,-1.050781,1.51416,-0.379883,0.049296,0.057023,-0.015188,-1.138672,-1.527832,0.703613,-0.006395,-0.153216,0.006395,chewing,left_chewing,107.803,l_gz,non_chewing
6077783.0,-1.054688,1.527344,-0.372559,0.017054,0.105253,0.000799,-1.140137,-1.552734,0.697754,-0.015188,-0.121773,-0.046631,chewing,left_chewing,107.803,l_gz,non_chewing
6077793.0,-1.060547,1.525391,-0.38623,-0.024248,0.093262,0.011191,-1.137695,-1.553223,0.68457,-0.034907,-0.122839,-0.107384,chewing,left_chewing,107.803,l_gz,non_chewing
6077803.0,-1.060547,1.527344,-0.391602,-0.013323,0.078074,0.053292,-1.137207,-1.544434,0.680664,-0.072478,-0.123372,-0.091397,chewing,left_chewing,107.803,l_gz,non_chewing
6077813.0,-1.052734,1.541992,-0.391602,-0.014389,0.042368,0.017853,-1.15332,-1.54248,0.699219,-0.083936,-0.120708,-0.122839,chewing,left_chewing,107.803,l_gz,non_chewing
6077823.0,-1.055664,1.543457,-0.381348,-0.024248,0.026646,-0.007461,-1.163086,-1.533691,0.685547,-0.101256,-0.118309,-0.122573,chewing,left_chewing,107.803,l_gz,non_chewing
6077833.0,-1.049805,1.543457,-0.378418,-0.049828,0.026646,-0.019185,-1.151855,-1.521484,0.693359,-0.127369,-0.150551,-0.122306,chewing,left_chewing,107.803,l_gz,non_chewing
6077843.0,-1.057129,1.550293,-0.366699,-0.080472,0.075142,-0.031176,-1.14502,-1.528809,0.697266,-0.142557,-0.126836,-0.156147,chewing,left_chewing,107.803,l_gz,non_chewing
6077853.0,-1.049805,1.557617,-0.376465,-0.147087,0.093262,-0.05649,-1.107422,-1.520508,0.699219,-0.156946,-0.194251,-0.06475,chewing,left_chewing,107.803,l_gz,non_chewing
6077863.0,-1.075195,1.571777,-0.364258,-0.243014,0.19585,-0.060487,-1.087891,-1.553223,0.680176,-0.170536,-0.160677,-0.05649,chewing,left_chewing,107.803,l_gz,non_chewing
6077873.0,-1.07959,1.551758,-0.36377,-0.330147,0.320021,-0.063685,-1.085938,-1.54834,0.670898,-0.166006,-0.153749,-0.050628,chewing,left_chewing,107.803,l_gz,non_chewing
6077883.0,-1.089355,1.544434,-0.370605,-0.41355,0.410885,-0.066349,-1.094727,-1.562012,0.638672,-0.140159,-0.175066,-0.039703,chewing,left_chewing,107.803,l_gz,non_chewing
6077893.0,-1.100098,1.519531,-0.374512,-0.425807,0.483096,-0.071145,-1.083984,-1.561523,0.651367,-0.099657,-0.198248,-0.031709,chewing,left_chewing,107.803,l_gz,non_chewing
6077903.0,-1.070313,1.525879,-0.376465,-0.344003,0.472971,-0.037571,-1.109863,-1.536621,0.681152,-0.115645,-0.22143,0.000799,chewing,left_chewing,107.803,l_gz,non_chewing
6077913.0,-1.074219,1.504395,-0.366699,-0.237152,0.377577,-0.006662,-1.133789,-1.523926,0.722656,-0.123639,-0.224095,-0.02558,chewing,left_chewing,107.803,l_gz,non_chewing
6077923.0,-1.030762,1.541504,-0.372559,-0.132965,0.262199,0.001066,-1.138184,-1.530762,0.703125,-0.121507,-0.151617,-0.095926,chewing,left_chewing,107.803,l_gz,non_chewing
6077933.0,-1.024414,1.554688,-0.381836,-0.046098,0.207308,0.024248,-1.118164,-1.547363,0.677246,-0.144689,-0.163341,-0.01279,chewing,left_chewing,107.803,l_gz,non_chewing
6077943.0,-1.033691,1.556152,-0.365723,-0.007461,0.244346,0.042634,-1.094727,-1.545898,0.693848,-0.119908,-0.104453,-0.026913,chewing,left_chewing,107.803,l_gz,non_chewing
6077953.0,-1.031738,1.553223,-0.366211,-0.017853,0.320288,0.040769,-1.105957,-1.556152,0.684082,-0.10019,-0.082603,-0.013057,chewing,left_chewing,107.803,l_gz,non_chewing
6077963.0,-1.053223,1.54541,-0.359863,-0.002132,0.374113,0.02558,-1.074219,-1.554199,0.674805,-0.068481,-0.068747,0.01359,chewing,left_chewing,107.803,l_gz,non_chewing
6077973.0,-1.050781,1.529785,-0.356934,0.031176,0.369051,0.02558,-1.097656,-1.558105,0.694824,-0.035706,-0.051427,-0.038371,chewing,left_chewing,107.803,l_gz,non_chewing
6077983.0,-1.040527,1.53418,-0.367676,0.060753,0.392766,0.022916,-1.115723,-1.556641,0.674316,-0.011458,-0.021317,-0.083403,chewing,left_chewing,107.803,l_gz,non_chewing
6077993.0,-1.027832,1.53125,-0.351563,0.089798,0.377044,0.036505,-1.119141,-1.562012,0.693848,-0.009859,0.023715,-0.113513,chewing,left_chewing,107.803,l_gz,non_chewing
6078003.0,-1.006836,1.539063,-0.36084,0.106851,0.360524,0.020518,-1.116699,-1.54541,0.677246,-0.024248,0.007461,-0.083136,chewing,left_chewing,107.803,l_gz,non_chewing
6078013.0,-1.000488,1.53418,-0.374512,0.146554,0.32162,0.047164,-1.124512,-1.540039,0.70166,-0.037571,0.03544,-0.095127,chewing,left_chewing,107.803,l_gz,non_chewing
6078023.0,-0.992187,1.539551,-0.372559,0.158545,0.265663,0.050894,-1.120117,-1.547363,0.655762,-0.057556,0.048763,-0.078606,chewing,left_chewing,107.803,l_gz,non_chewing
6078033.0,-1.0,1.552734,-0.395996,0.167338,0.235286,0.029044,-1.098633,-1.548828,0.678711,-0.05649,0.096459,-0.088998,chewing,left_chewing,107.803,l_gz,non_chewing
6078043.0,-1.001465,1.551758,-0.389648,0.192386,0.211038,0.054625,-1.099609,-1.537109,0.677246,-0.039969,0.075409,-0.060221,chewing,left_chewing,107.803,l_gz,non_chewing
6078053.0,-1.0,1.538086,-0.380371,0.167072,0.220897,0.034374,-1.101074,-1.549316,0.688477,-0.040502,0.076741,-0.064217,chewing,left_chewing,107.803,l_gz,non_chewing
6078063.0,-1.00293,1.540527,-0.376465,0.124438,0.212904,0.021317,-1.081543,-1.566406,0.696777,-0.014389,0.059421,-0.029844,chewing,left_chewing,107.803,l_gz,non_chewing
6078073.0,-0.998047,1.543457,-0.357422,0.098858,0.212904,0.011458,-1.097656,-1.560547,0.690918,-0.020784,0.079406,-0.054358,chewing,left_chewing,107.803,l_gz,non_chewing
6078083.0,-1.0,1.532715,-0.390625,0.037571,0.201979,-0.00826,-1.102539,-1.561035,0.668945,-0.044233,0.070613,-0.049828,chewing,left_chewing,107.803,l_gz,non_chewing
6078093.0,-0.992676,1.547852,-0.38916,0.067681,0.219032,-0.011724,-1.101563,-1.563965,0.668457,-0.02558,0.034107,-0.031176,chewing,left_chewing,107.803,l_gz,non_chewing
6078103.0,-1.013184,1.518066,-0.410645,0.078074,0.106851,0.009326,-1.105957,-1.577637,0.675293,-0.015188,0.054358,-0.060221,chewing,left_chewing,107.803,l_gz,non_chewing
6078113.0,-0.996582,1.539551,-0.400879,0.076475,0.083136,-0.00826,-1.113281,-1.566406,0.699219,-0.016254,0.038104,-0.037038,chewing,left_chewing,107.803,l_gz,non_chewing
6078123.0,-0.993164,1.549316,-0.399414,0.117776,0.081804,0.007194,-1.083984,-1.563477,0.713379,0.018386,0.047164,-0.025847,chewing,left_chewing,107.803,l_gz,non_chewing
6078133.0,-0.995605,1.564941,-0.405762,0.137761,0.033308,-0.014922,-1.09668,-1.556152,0.694336,0.020518,0.070613,-0.056757,chewing,left_chewing,107.803,l_gz,non_chewing
6078143.0,-1.00293,1.540039,-0.418457,0.151884,0.037838,-0.028778,-1.102539,-1.531738,0.666016,0.015455,0.082603,-0.071945,chewing,left_chewing,107.803,l_gz,non_chewing
6078153.0,-1.029785,1.51416,-0.419434,0.154015,0.047963,-0.050894,-1.119141,-1.549805,0.693848,-0.014123,0.097259,-0.078606,chewing,left_chewing,100.593,l_gy,non_chewing
6078163.0,-1.018066,1.525879,-0.380371,0.1303,0.027712,-0.071678,-1.07373,-1.580078,0.709961,0.01279,0.112714,-0.108184,chewing,left_chewing,100.593,l_gy,non_chewing
6078173.0,-1.01123,1.539551,-0.415527,0.100723,0.070346,-0.072744,-1.091309,-1.561523,0.692871,0.001332,0.093262,-0.055957,chewing,left_chewing,100.593,l_gy,non_chewing
6078183.0,-0.999023,1.495117,-0.412598,0.187323,0.101522,-0.03917,-1.105469,-1.56543,0.681641,-0.017853,0.075409,-0.052493,chewing,left_chewing,100.593,l_gy,non_chewing
6078193.0,-1.030273,1.516602,-0.413086,0.116178,0.040769,-0.091663,-1.103516,-1.540039,0.711914,0.004796,0.06928,-0.049828,chewing,left_chewing,100.593,l_gy,non_chewing
6078203.0,-1.049805,1.521973,-0.413086,0.105786,0.152417,-0.035972,-1.101074,-1.550293,0.702148,0.007994,0.114579,-0.08287,chewing,left_chewing,100.593,l_gy,non_chewing
6078213.0,-1.018555,1.52832,-0.42334,0.084469,0.147887,-0.031709,-1.105957,-1.53418,0.693359,0.043966,0.098325,-0.08287,chewing,left_chewing,100.593,l_gy,non_chewing
6078223.0,-1.029297,1.526367,-0.419434,0.099124,0.102055,-0.032508,-1.106934,-1.54248,0.696777,0.046364,0.066083,-0.080472,chewing,left_chewing,100.593,l_gy,non_chewing
6078233.0,-1.033203,1.525879,-0.435547,0.092196,0.087133,-0.001865,-1.108887,-1.541992,0.708496,0.053825,0.06928,-0.086867,chewing,left_chewing,100.593,l_gy,non_chewing
6078243.0,-1.040527,1.508789,-0.427246,0.130034,0.054092,-0.012524,-1.109863,-1.560547,0.707031,0.053026,0.048763,-0.074876,chewing,left_chewing,100.593,l_gy,non_chewing
6078253.0,-1.036133,1.518555,-0.426758,0.125237,0.035173,-0.031443,-1.11084,-1.558594,0.703125,0.039969,0.045299,-0.07381,chewing,left_chewing,100.593,l_gy,non_chewing
6078263.0,-1.034668,1.518066,-0.422852,0.131899,0.020518,-0.062885,-1.102051,-1.560547,0.709473,0.029844,0.071945,-0.083403,chewing,left_chewing,100.593,l_gy,non_chewing
6078273.0,-1.04248,1.509766,-0.412109,0.097792,0.053825,-0.052493,-1.08252,-1.562012,0.706543,0.016787,0.094861,-0.103654,chewing,left_chewing,100.593,l_gy,non_chewing
6078283.0,-1.046875,1.491211,-0.438477,0.073277,0.065017,-0.045299,-1.10791,-1.542969,0.704102,0.021317,0.083669,-0.085801,chewing,left_chewing,100.593,l_gy,non_chewing
6078293.0,-1.026855,1.529297,-0.402832,0.047963,0.097525,-0.031443,-1.084473,-1.558105,0.705078,0.03544,0.094328,-0.094594,chewing,left_chewing,100.593,l_gy,non_chewing
6078303.0,-1.015137,1.538086,-0.428711,0.029577,0.175066,-0.02558,-1.091797,-1.538574,0.681152,-0.014655,0.091397,-0.117243,chewing,left_chewing,100.593,l_gy,non_chewing
6078313.0,-1.01709,1.525879,-0.418945,0.071945,0.137761,-0.024781,-1.098145,-1.558594,0.712402,0.013057,0.094861,-0.145755,chewing,left_chewing,100.593,l_gy,non_chewing
6078323.0,-1.041504,1.504395,-0.411133,0.060753,0.13483,-0.071678,-1.102539,-1.554688,0.715332,0.044499,0.102322,-0.175066,chewing,left_chewing,100.593,l_gy,non_chewing
6078333.0,-1.038574,1.505859,-0.396973,0.182793,0.036239,-0.000266,-1.120605,-1.549805,0.708984,0.041568,0.054891,-0.166006,chewing,left_chewing,100.593,l_gy,non_chewing
6078343.0,-1.030762,1.505371,-0.403809,0.114046,0.019185,-0.044233,-1.129883,-1.562012,0.681152,0.03091,0.040502,-0.158812,chewing,left_chewing,100.593,l_gy,non_chewing
6078353.0,-1.014648,1.51709,-0.425293,0.084735,-0.00906,-0.010658,-1.119629,-1.553223,0.669434,0.029311,0.003997,-0.176132,chewing,left_chewing,100.593,l_gy,non_chewing
6078363.0,-1.025879,1.510254,-0.442871,0.080472,-0.027979,-0.000799,-1.119141,-1.564453,0.65918,0.026113,-0.006395,-0.179862,chewing,left_chewing,100.593,l_gy,non_chewing
6078373.0,-1.026855,1.51123,-0.452637,0.092729,-0.038104,0.007994,-1.106934,-1.55127,0.668945,0.027446,0.046631,-0.232089,chewing,left_chewing,100.593,l_gy,non_chewing
6078383.0,-1.010254,1.527832,-0.461426,0.113513,-0.034907,0.019718,-1.104492,-1.563965,0.651367,0.021317,0.108184,-0.308564,chewing,left_chewing,100.593,l_gy,non_chewing
6078393.0,-1.000977,1.51416,-0.491211,0.149752,-0.046098,0.041568,-1.103516,-1.559082,0.658691,0.011191,0.116977,-0.379176,chewing,left_chewing,100.593,l_gy,non_chewing
6078403.0,-1.018555,1.519531,-0.479004,0.150018,-0.066616,0.047697,-1.115723,-1.550781,0.641113,0.021051,0.095926,-0.41728,chewing,left_chewing,100.593,l_gy,non_chewing
6078413.0,-1.022461,1.52832,-0.467773,0.140959,-0.078074,0.069547,-1.127441,-1.54834,0.648926,0.047164,0.066349,-0.446325,chewing,left_chewing,100.593,l_gy,non_chewing
6078423.0,-1.026855,1.521973,-0.460937,0.140959,-0.085002,0.085801,-1.125,-1.55957,0.685547,0.088199,0.050095,-0.47004,chewing,left_chewing,100.593,l_gy,non_chewing
6078433.0,-1.03125,1.51709,-0.418945,0.158812,-0.040502,0.085801,-1.021973,-1.584961,0.696289,0.060221,0.139893,-0.540386,chewing,left_chewing,100.593,l_gy,non_chewing
6078443.0,-1.036621,1.519043,-0.403809,0.092729,0.026113,0.075675,-1.076172,-1.578125,0.700684,0.067149,0.181727,-0.589149,chewing,left_chewing,100.593,l_gy,non_chewing
6078453.0,-1.058105,1.500977,-0.411621,0.035706,0.094061,0.144689,-1.084961,-1.564453,0.718262,0.025847,0.140959,-0.594211,chewing,left_chewing,100.593,l_gy,non_chewing
6078463.0,-1.072754,1.504883,-0.427734,-0.026646,0.108983,0.189188,-1.083008,-1.588379,0.695312,0.043433,0.106851,-0.616861,chewing,left_chewing,100.593,l_gy,non_chewing
6078473.0,-1.068848,1.509766,-0.422852,-0.019718,0.067948,0.202778,-1.056152,-1.573242,0.70459,0.033308,0.090064,-0.605403,chewing,left_chewing,100.593,l_gy,non_chewing
6078483.0,-1.071289,1.512695,-0.438965,0.028778,0.08207,0.208907,-1.020996,-1.60791,0.738281,0.044766,0.096726,-0.577424,chewing,left_chewing,100.593,l_gy,non_chewing
6078493.0,-1.034668,1.524414,-0.394531,0.055691,0.06928,0.159078,-1.011719,-1.566406,0.698242,0.070879,0.237152,-0.646438,chewing,left_chewing,100.593,l_gy,non_chewing
6078503.0,-1.035156,1.549316,-0.413086,0.029311,0.123106,0.15668,-1.043945,-1.575684,0.671387,0.063152,0.259801,-0.649369,chewing,left_chewing,100.593,l_gy,non_chewing
6078513.0,-1.033203,1.538086,-0.460449,0.033574,0.093528,0.16947,-1.016602,-1.619629,0.736816,0.051694,0.229158,-0.676282,chewing,left_chewing,100.593,l_gy,non_chewing
6078523.0,-1.06543,1.527344,-0.443848,-0.017054,0.110049,0.227026,-1.018555,-1.611328,0.708008,0.035706,0.254472,-0.783933,chewing,left_chewing,100.593,l_gy,non_chewing
6078533.0,-1.044922,1.533691,-0.429687,-0.050095,0.053825,0.214236,-1.033691,-1.589844,0.701172,0.036772,0.245945,-0.881724,chewing,left_chewing,100.593,l_gy,non_chewing
6078543.0,-1.080566,1.541016,-0.406738,-0.03011,-0.001332,0.234221,-0.995117,-1.609375,0.695801,-0.008527,0.194518,-0.767945,chewing,left_chewing,100.593,l_gy,non_chewing
6078553.0,-1.028809,1.533691,-0.408691,-0.02558,0.055158,0.219832,-0.98291,-1.605957,0.693359,-0.062885,0.201979,-0.729041,chewing,left_chewing,100.593,l_gy,non_chewing
6078563.0,-1.027344,1.550293,-0.395996,0.051427,0.079672,0.199047,-0.983887,-1.625,0.67627,-0.102055,0.217167,-0.677614,chewing,left_chewing,100.593,l_gy,non_chewing
6078573.0,-1.058105,1.531738,-0.381836,0.077008,0.201179,0.232622,-0.97168,-1.600586,0.685547,-0.188389,0.284315,-0.746361,chewing,left_chewing,100.593,l_gy,non_chewing
6078583.0,-1.01709,1.548828,-0.382324,0.014123,0.361323,0.206775,-0.969727,-1.643066,0.650391,-0.123106,0.234753,-0.625121,chewing,left_chewing,100.593,l_gy,non_chewing
6078593.0,-1.008301,1.530762,-0.416504,0.033308,0.391966,0.236619,-0.931152,-1.624023,0.679199,-0.293642,0.415149,-1.055191,chewing,left_chewing,100.593,l_gy,non_chewing
6078603.0,-0.999512,1.552734,-0.422852,-0.005329,0.4783,0.352796,-0.996094,-1.671387,0.63916,-0.36079,0.248876,-0.975253,chewing,left_chewing,100.593,l_gy,non_chewing
6078613.0,-0.928223,1.586914,-0.436523,-0.00373,0.531326,0.328282,-0.963867,-1.713867,0.726562,-0.435133,0.1303,-1.308864,chewing,left_chewing,100.593,l_gy,non_chewing
6078623.0,-0.918457,1.611816,-0.429199,0.201446,0.476168,0.332012,-1.010742,-1.671387,0.631348,-0.510009,0.218499,-1.372282,chewing,left_chewing,100.593,l_gy,non_chewing
6078633.0,-0.866211,1.650879,-0.430176,0.306698,0.487626,0.29604,-0.994629,-1.604492,0.62793,-0.663492,-0.127369,-1.644073,chewing,left_chewing,98.232,r_gz,non_chewing
6078643.0,-0.903809,1.631348,-0.410156,0.394897,0.435133,0.281384,-0.894531,-1.739258,0.538086,-0.382107,-0.62592,-1.920129,chewing,left_chewing,98.232,r_gz,non_chewing
6078653.0,-0.933594,1.57959,-0.419434,0.442061,0.461779,0.403691,-0.839844,-1.562988,0.640625,-0.478567,-0.682677,-2.111449,chewing,left_chewing,98.232,r_gz,non_chewing
6078663.0,-1.016113,1.476563,-0.428223,0.305899,0.506812,0.711988,-0.966797,-1.604004,0.666504,-0.111914,-0.6531,-2.447458,chewing,left_chewing,98.232,r_gz,non_chewing
6078673.0,-1.054199,1.445801,-0.451172,0.16574,0.451121,1.11408,-0.990234,-1.77002,0.717285,0.07008,-0.499351,-2.609734,chewing,left_chewing,98.232,r_gz,non_chewing
6078683.0,-1.022949,1.46875,-0.439453,-0.075942,0.512407,1.519902,-1.034668,-1.674805,0.689941,-0.065816,-0.652567,-2.393632,chewing,left_chewing,98.232,r_gz,non_chewing
6078693.0,-0.98291,1.549316,-0.510742,-0.299237,0.549712,2.06988,-0.964844,-1.774414,0.674316,-0.096459,-0.416214,-2.358193,chewing,left_chewing,98.232,r_gz,non_chewing
6078703.0,-0.961914,1.509766,-0.491699,-0.2614,0.571562,2.403491,-0.916992,-1.800781,0.701172,-0.176398,-0.155348,-2.319556,chewing,left_chewing,98.232,r_gz,non_chewing
6078713.0,-0.874512,1.586914,-0.44043,-0.262732,0.331213,2.076808,-0.876465,-1.752441,0.710937,-0.14389,0.021317,-2.194319,chewing,left_chewing,98.232,r_gz,non_chewing
6078723.0,-0.830078,1.651367,-0.444824,-0.309096,0.285381,1.963828,-0.901367,-1.73877,0.710937,-0.111648,0.203577,-2.029911,chewing,left_chewing,98.232,r_gz,non_chewing
6078733.0,-0.942871,1.677734,-0.491211,-0.262998,0.010392,1.799954,-0.831543,-1.71582,0.691895,-0.045032,0.261133,-1.820205,chewing,left_chewing,98.232,r_gz,non_chewing
6078743.0,-0.94873,1.625977,-0.481445,-0.22596,-0.098058,1.581721,-0.79541,-1.716309,0.697266,0.024248,0.215835,-1.544683,chewing,left_chewing,98.232,r_gz,non_chewing
6078753.0,-0.989258,1.600586,-0.472656,-0.124704,-0.16121,1.366686,-0.779297,-1.729004,0.70459,0.033308,0.127369,-1.325917,chewing,left_chewing,98.232,r_gz,non_chewing
6078763.0,-0.990234,1.567871,-0.468262,-0.042101,-0.140159,1.195617,-0.74707,-1.734863,0.702637,0.03464,0.023715,-1.088766,chewing,left_chewing,98.232,r_gz,non_chewing
6078773.0,-0.93457,1.61084,-0.450684,0.001865,-0.292043,0.929688,-0.754883,-1.745117,0.677246,0.069813,-0.120441,-0.711455,chewing,left_chewing,98.232,r_gz,non_chewing
6078783.0,-0.880859,1.600586,-0.460937,0.058089,-0.316824,0.645106,-0.777344,-1.742676,0.701172,0.079139,-0.134564,-0.45192,chewing,left_chewing,98.232,r_gz,non_chewing
6078793.0,-0.834961,1.614746,-0.451172,0.047697,-0.373047,0.372248,-0.799316,-1.75,0.6875,0.038104,-0.098058,-0.242214,chewing,left_chewing,98.232,r_gz,non_chewing
6078803.0,-0.808594,1.611328,-0.472656,0.06475,-0.43913,0.147354,-0.714844,-1.765625,0.689453,-0.024248,-0.03091,-0.180129,chewing,left_chewing,98.232,r_gz,non_chewing
6078813.0,-0.831055,1.59668,-0.456543,0.047963,-0.517204,-0.016521,-0.710937,-1.758301,0.699707,-0.043433,0.031709,-0.044499,chewing,left_chewing,98.232,r_gz,non_chewing
6078823.0,-0.833008,1.603027,-0.459961,0.056224,-0.551577,-0.090864,-0.696777,-1.76123,0.713867,-0.047963,0.099391,0.031176,chewing,left_chewing,98.232,r_gz,non_chewing
6078833.0,-0.828125,1.620605,-0.45752,0.046897,-0.468175,-0.116178,-0.703125,-1.748047,0.70166,-0.06928,0.085801,0.131366,chewing,left_chewing,98.232,r_gz,non_chewing
6078843.0,-0.854492,1.597168,-0.425293,0.038637,-0.401293,-0.106319,-0.689453,-1.777344,0.677246,-0.063951,-0.005596,0.295507,chewing,left_chewing,98.232,r_gz,non_chewing
6078853.0,-0.879395,1.567871,-0.432129,0.033574,-0.367185,-0.14762,-0.691895,-1.789063,0.665527,-0.028511,-0.094861,0.455118,chewing,left_chewing,98.232,r_gz,non_chewing
6078863.0,-0.926758,1.550293,-0.410156,0.015721,-0.367718,-0.153216,-0.731934,-1.77832,0.654785,0.066616,-0.284582,0.631783,chewing,left_chewing,98.232,r_gz,non_chewing
6078873.0,-0.961426,1.530273,-0.41748,0.010392,-0.351464,-0.152949,-0.760254,-1.780273,0.660645,0.179329,-0.548646,0.871332,chewing,left_chewing,98.232,r_gz,non_chewing
6078883.0,-0.974609,1.539063,-0.432617,0.01359,-0.38264,-0.223029,-0.732422,-1.760742,0.702148,0.201446,-0.696533,1.060254,chewing,left_chewing,98.232,r_gz,non_chewing
6078893.0,-0.950684,1.574219,-0.436523,0.063685,-0.386904,-0.406355,-0.693848,-1.734375,0.73584,0.105253,-0.689871,1.190021,chewing,left_chewing,98.232,r_gz,non_chewing
6078903.0,-0.850098,1.632813,-0.44873,0.203044,-0.341072,-0.727975,-0.634277,-1.711914,0.777832,0.005596,-0.616594,1.425574,chewing,left_chewing,98.232,r_gz,non_chewing
6078913.0,-0.825195,1.670898,-0.438965,0.281384,-0.243813,-1.154315,-0.648437,-1.664551,0.774902,0.003198,-0.518003,1.630217,chewing,left_chewing,98.232,r_gz,non_chewing
6078923.0,-0.823242,1.668457,-0.432617,0.315758,-0.05276,-1.438098,-0.670898,-1.670898,0.77002,-0.071145,-0.562502,1.935583,chewing,left_chewing,98.232,r_gz,non_chewing
6078933.0,-0.798828,1.675293,-0.435059,0.276055,0.151351,-1.746129,-0.726562,-1.660645,0.778809,-0.145222,-0.630717,2.082138,chewing,left_chewing,98.232,r_gz,non_chewing
6078943.0,-0.82959,1.627441,-0.436035,0.282184,0.260067,-1.928922,-0.792969,-1.679199,0.751465,-0.231023,-0.792193,2.107185,chewing,left_chewing,98.232,r_gz,non_chewing
6078953.0,-0.839844,1.536133,-0.475098,0.31709,0.195583,-2.146355,-0.871094,-1.67041,0.76416,-0.353329,-1.337642,2.519669,chewing,left_chewing,98.232,r_gz,non_chewing
6078963.0,-0.816406,1.523926,-0.443359,0.356793,0.101522,-2.509011,-0.813965,-1.68457,0.741211,-0.470306,-1.80475,2.888187,chewing,left_chewing,98.232,r_gz,non_chewing
6078973.0,-0.867187,1.527832,-0.45166,0.324551,0.086334,-2.515939,-0.825195,-1.683594,0.730957,-0.689605,-2.295308,3.173568,chewing,left_chewing,98.232,r_gz,non_chewing
6078983.0,-0.785156,1.578613,-0.463867,0.066083,0.062619,-2.441063,-0.744141,-1.751465,0.754883,-0.697066,-2.215636,2.842622,chewing,left_chewing,98.232,r_gz,non_chewing
6078993.0,-0.819824,1.575195,-0.477539,-0.083136,0.078606,-2.254272,-0.789062,-1.734863,0.76709,-0.416747,-1.751991,2.307565,chewing,left_chewing,98.232,r_gz,non_chewing
6079003.0,-0.910156,1.522949,-0.470703,-0.194784,-0.172934,-1.763715,-0.857422,-1.729492,0.753418,-0.425807,-1.32192,1.523632,chewing,left_chewing,98.232,r_gz,non_chewing
6079013.0,-0.931152,1.516602,-0.487793,-0.193718,-0.434334,-1.446358,-0.944336,-1.696777,0.774902,-0.468441,-1.026147,1.244913,chewing,left_chewing,98.232,r_gz,non_chewing
6079023.0,-0.992676,1.477539,-0.47168,-0.266729,-0.632848,-1.188423,-1.050293,-1.675293,0.762695,-0.565966,-1.155914,1.212404,chewing,left_chewing,98.232,r_gz,non_chewing
6079033.0,-1.070313,1.470703,-0.453125,-0.175332,-0.782867,-0.858809,-1.057617,-1.663086,0.759766,-0.520135,-1.303534,1.36562,chewing,left_chewing,98.232,r_gz,non_chewing
6079043.0,-1.132813,1.452148,-0.427734,-0.119109,-0.775406,-0.58222,-1.047852,-1.630371,0.762207,-0.504147,-1.471139,1.391201,chewing,left_chewing,98.232,r_gz,non_chewing
6079053.0,-1.125488,1.485352,-0.404297,-0.184392,-0.743963,-0.476168,-1.021484,-1.634766,0.72998,-0.563302,-1.68724,1.41838,chewing,left_chewing,98.232,r_gz,non_chewing
6079063.0,-1.127441,1.525879,-0.410156,-0.209173,-0.594211,-0.441528,-1.015137,-1.658203,0.726562,-0.539853,-1.83113,1.425841,chewing,left_chewing,98.232,r_gz,non_chewing
6079073.0,-1.16748,1.523926,-0.386719,-0.276055,-0.446058,-0.409286,-0.949707,-1.685547,0.710937,-0.402625,-1.986744,1.336842,chewing,left_chewing,98.232,r_gz,non_chewing
6079083.0,-1.158691,1.552734,-0.356934,-0.31709,-0.234221,-0.389568,-0.930176,-1.640625,0.713867,-0.251274,-1.995538,1.215069,chewing,left_chewing,98.232,r_gz,non_chewing
6079093.0,-1.1875,1.524414,-0.343262,-0.241415,-0.028245,-0.31789,-0.961426,-1.611328,0.756348,-0.233421,-2.019786,1.173501,chewing,left_chewing,98.232,r_gz,non_chewing
6079103.0,-1.170898,1.533203,-0.362793,-0.171602,0.118043,-0.292842,-0.984375,-1.581543,0.780762,-0.264331,-1.92759,1.094628,chewing,left_chewing,98.232,r_gz,non_chewing
6079113.0,-1.126953,1.541504,-0.374023,-0.126836,0.209173,-0.319222,-1.028809,-1.581055,0.802246,-0.435133,-1.6089,0.915565,chewing,left_chewing,98.232,r_gz,non_chewing
6079123.0,-1.115234,1.540039,-0.366211,-0.087133,0.329348,-0.306432,-1.040039,-1.57666,0.805664,-0.634714,-1.260368,0.766879,chewing,left_chewing,98.232,r_gz,non_chewing
6079133.0,-1.126465,1.51709,-0.367188,-0.137228,0.426873,-0.304567,-1.116211,-1.526855,0.870605,-0.623789,-0.833761,0.47377,chewing,left_chewing,98.232,r_gz,non_chewing
6079143.0,-1.120117,1.51416,-0.375977,-0.105786,0.415948,-0.276855,-1.029785,-1.60498,0.788086,-0.573694,-0.598208,0.307764,chewing,left_chewing,98.232,r_gz,non_chewing
6079153.0,-1.118164,1.503418,-0.385254,-0.092729,0.370383,-0.242481,-1.007324,-1.665039,0.789062,-0.638977,-0.767145,-0.011991,chewing,left_chewing,98.232,r_gz,non_chewing
6079163.0,-1.114746,1.521973,-0.391113,-0.035706,0.322153,-0.157213,-0.900879,-1.64502,0.72998,-0.544116,-1.165773,0.122573,chewing,left_chewing,98.232,r_gz,non_chewing
6079173.0,-1.124023,1.516602,-0.378906,0.029044,0.296306,-0.057023,-0.814453,-1.699219,0.71875,-0.361856,-1.53509,0.150818,chewing,left_chewing,98.232,r_gz,non_chewing
6079183.0,-1.099121,1.531738,-0.382813,0.024515,0.256337,-0.000266,-0.848145,-1.669434,0.723145,-0.258735,-1.786364,0.373047,chewing,left_chewing,98.232,r_gz,non_chewing
6079193.0,-1.108887,1.510254,-0.388672,0.014922,0.235819,0.041035,-0.892578,-1.65332,0.775879,-0.217167,-1.754122,0.433268,chewing,left_chewing,98.232,r_gz,non_chewing
6079203.0,-1.09668,1.499023,-0.389648,-0.041302,0.228891,0.076208,-0.912109,-1.622559,0.799805,-0.211038,-1.422643,0.179063,chewing,left_chewing,98.232,r_gz,non_chewing
6079213.0,-1.094727,1.502441,-0.395996,-0.099124,0.20491,0.100989,-0.907227,-1.595703,0.803711,-0.315758,-1.1306,0.1303,chewing,left_chewing,98.232,r_gz,non_chewing
6079223.0,-1.077637,1.509766,-0.398926,-0.124172,0.13856,0.167338,-0.911621,-1.588379,0.819336,-0.352263,-0.751957,0.030643,chewing,left_chewing,98.232,r_gz,non_chewing
6079233.0,-1.072754,1.509277,-0.401367,-0.100456,0.067149,0.209173,-0.91748,-1.596191,0.833008,-0.372248,-0.30057,-0.075942,chewing,left_chewing,98.232,r_gz,non_chewing
6079243.0,-1.066406,1.503418,-0.394531,-0.085801,-0.016254,0.221963,-0.907227,-1.597168,0.806641,-0.415415,-0.033841,-0.005063,chewing,left_chewing,98.232,r_gz,non_chewing
6079253.0,-1.071289,1.501953,-0.367188,-0.006928,-0.076208,0.226493,-0.959473,-1.61377,0.79834,-0.344536,0.227292,-0.051161,chewing,left_chewing,98.232,r_gz,non_chewing
6079263.0,-1.076172,1.502441,-0.336426,0.021317,-0.067415,0.201712,-0.9375,-1.619629,0.775879,-0.296573,0.363188,-0.019452,chewing,left_chewing,98.232,r_gz,non_chewing
6079273.0,-1.066895,1.495605,-0.341309,0.035173,-0.017587,0.158279,-0.937012,-1.624023,0.772461,-0.260067,0.521201,-0.04823,chewing,left_chewing,98.232,r_gz,non_chewing
6079283.0,-1.073242,1.49707,-0.354492,0.042368,0.048496,0.1303,-0.906738,-1.598633,0.739258,-0.18226,0.690671,-0.153216,chewing,left_chewing,98.232,r_gz,non_chewing
6079293.0,-1.068359,1.495605,-0.367188,0.015721,0.091397,0.107651,-0.90625,-1.640137,0.842773,-0.027446,1.07944,-0.330946,chewing,left_chewing,98.232,r_gz,non_chewing
6079303.0,-1.063477,1.503906,-0.358887,-0.016254,0.15668,0.097259,-0.925293,-1.608398,0.773926,-0.069014,1.308597,-0.428738,chewing,left_chewing,98.232,r_gz,non_chewing
6079313.0,-1.049316,1.492188,-0.358398,-0.029577,0.208907,0.100456,-0.927246,-1.618652,0.783203,0.017054,1.717617,-0.663492,chewing,left_chewing,98.232,r_gz,non_chewing
6079323.0,-1.032227,1.513672,-0.349121,-0.017587,0.220897,0.101256,-0.935547,-1.625488,0.751465,0.057822,2.083204,-0.833495,chewing,left_chewing,98.232,r_gz,non_chewing
6079333.0,-1.005859,1.523438,-0.364746,0.010392,0.180395,0.047164,-0.949707,-1.60498,0.70752,0.091397,2.258536,-0.910502,chewing,left_chewing,98.232,r_gz,non_chewing
6079343.0,-1.043457,1.503906,-0.360352,0.050894,0.188389,0.077008,-0.953613,-1.619629,0.710937,0.129501,2.226294,-0.858809,chewing,left_chewing,98.232,r_gz,non_chewing
6079353.0,-1.027344,1.509766,-0.381836,0.066349,0.135096,0.059954,-0.975586,-1.626465,0.731445,0.123106,2.028579,-0.77807,chewing,left_chewing,98.232,r_gz,non_chewing
6079363.0,-1.040527,1.51416,-0.37793,0.085534,0.094861,0.065816,-0.95752,-1.637695,0.724609,0.117776,1.76638,-0.696533,chewing,left_chewing,98.232,r_gz,non_chewing
6079373.0,-1.043945,1.509277,-0.379883,0.090331,0.062885,0.054625,-0.96875,-1.647461,0.682129,0.076208,1.418113,-0.600606,chewing,left_chewing,98.232,r_gz,non_chewing
6079383.0,-1.070313,1.503418,-0.371094,0.116178,0.075942,0.058089,-0.953613,-1.655273,0.687012,0.011724,1.081305,-0.479632,chewing,left_chewing,98.232,r_gz,non_chewing
6079393.0,-1.066895,1.495605,-0.375977,0.121773,0.092995,0.05276,-0.928711,-1.666504,0.678711,-0.028778,0.824435,-0.449522,chewing,left_chewing,108.294,r_gyro_mag,non_chewing
6079403.0,-1.085449,1.51123,-0.367188,0.109516,0.176132,0.039703,-0.916504,-1.648438,0.689941,0.036505,0.697865,-0.387703,chewing,left_chewing,108.294,r_gyro_mag,non_chewing
6079413.0,-1.058105,1.512207,-0.373535,0.103121,0.180395,-0.037305,-0.907227,-1.647949,0.692383,0.070613,0.602738,-0.321887,chewing,left_chewing,108.294,r_gyro_mag,non_chewing
6079423.0,-1.087891,1.506836,-0.38623,0.107651,0.208907,-0.028511,-0.939941,-1.646484,0.700684,0.132165,0.540386,-0.270726,chewing,left_chewing,108.294,r_gyro_mag,non_chewing
6079433.0,-1.0625,1.509766,-0.397461,0.126037,0.146554,-0.042101,-0.95459,-1.637207,0.688477,0.150285,0.478567,-0.199847,chewing,left_chewing,108.294,r_gyro_mag,non_chewing
6079443.0,-1.0625,1.526855,-0.400391,0.154815,0.081538,-0.047963,-0.963867,-1.653809,0.68457,0.128435,0.436732,-0.175865,chewing,left_chewing,108.294,r_gyro_mag,non_chewing
6079453.0,-1.062988,1.509766,-0.412598,0.194251,0.027712,-0.037305,-0.991211,-1.658203,0.709961,0.132698,0.404224,-0.146821,chewing,left_chewing,108.294,r_gyro_mag,non_chewing
6079463.0,-1.078613,1.512207,-0.388672,0.204377,-0.027179,-0.054358,-0.995117,-1.665527,0.691406,0.176931,0.37358,-0.063685,chewing,left_chewing,108.294,r_gyro_mag,non_chewing
6079473.0,-1.084961,1.506836,-0.401855,0.189188,-0.00826,-0.067415,-0.978027,-1.648926,0.703125,0.171868,0.337874,0.010925,chewing,left_chewing,108.294,r_gyro_mag,non_chewing
6079483.0,-1.102051,1.490723,-0.387695,0.198781,0.007994,-0.066882,-0.983398,-1.643555,0.714844,0.113779,0.258202,0.055957,chewing,left_chewing,108.294,r_gyro_mag,non_chewing
6079493.0,-1.105469,1.489746,-0.387695,0.172401,0.019452,-0.067681,-0.972656,-1.647949,0.700684,0.08287,0.185724,0.059155,chewing,left_chewing,108.294,r_gyro_mag,non_chewing
6079503.0,-1.097656,1.487305,-0.395508,0.120708,0.025847,-0.05196,-0.953613,-1.645508,0.69873,0.087666,0.163075,0.049029,chewing,left_chewing,108.294,r_gyro_mag,non_chewing
6079513.0,-1.102051,1.500488,-0.405762,0.099391,0.033841,-0.030643,-0.979004,-1.661133,0.68457,0.054891,0.071412,0.055691,chewing,left_chewing,108.294,r_gyro_mag,non_chewing
6079523.0,-1.086426,1.507813,-0.389648,0.064484,0.039703,-0.001599,-1.006836,-1.645508,0.711426,0.046364,-0.020518,0.115378,chewing,left_chewing,108.294,r_gyro_mag,non_chewing
6079533.0,-1.070801,1.501953,-0.411621,0.07381,0.00906,-0.005063,-0.976074,-1.650391,0.718262,0.027179,-0.110582,0.185724,chewing,left_chewing,108.294,r_gyro_mag,non_chewing
6079543.0,-1.054199,1.52002,-0.422852,0.078606,-0.029577,-0.011191,-0.956543,-1.637695,0.726562,-0.017054,-0.175865,0.253939,chewing,left_chewing,108.294,r_gyro_mag,non_chewing
6079553.0,-1.051758,1.52002,-0.417969,0.07834,-0.075942,-0.021583,-0.97998,-1.65332,0.726074,-0.019985,-0.139093,0.114046,chewing,left_chewing,108.294,r_gyro_mag,non_chewing
6079563.0,-1.066895,1.515625,-0.423828,0.070346,-0.113247,-0.021583,-0.987793,-1.664551,0.729004,-0.007461,-0.126303,0.124438,chewing,left_chewing,108.294,r_gyro_mag,non_chewing
6079573.0,-1.07666,1.507813,-0.416992,0.058089,-0.124172,-0.020251,-0.975098,-1.657227,0.730957,-0.022116,-0.049296,0.021583,chewing,left_chewing,108.294,r_gyro_mag,non_chewing
6079583.0,-1.103516,1.507813,-0.415527,0.037571,-0.107118,0.00906,-0.958984,-1.663574,0.725586,-0.095127,-0.007994,-0.042634,chewing,left_chewing,108.294,r_gyro_mag,non_chewing
6079593.0,-1.106445,1.494629,-0.403809,0.021051,-0.09193,0.022116,-0.967773,-1.654785,0.713867,-0.077807,-0.05196,-0.057023,chewing,left_chewing,108.294,r_gyro_mag,non_chewing
6079603.0,-1.10791,1.494141,-0.401855,0.012257,-0.07381,0.031443,-0.950684,-1.655273,0.71582,-0.054625,-0.035706,-0.132698,chewing,left_chewing,108.294,r_gyro_mag,non_chewing
6079613.0,-1.099121,1.479492,-0.408203,0.023449,-0.0866,0.021317,-0.98291,-1.634766,0.724121,-0.034107,-0.084735,-0.095127,chewing,left_chewing,108.294,r_gyro_mag,non_chewing
6079623.0,-1.089844,1.484863,-0.416504,0.059421,-0.100456,0.018652,-0.993652,-1.629395,0.73291,-0.042634,-0.159345,-0.053559,chewing,left_chewing,108.294,r_gyro_mag,non_chewing
6079633.0,-1.07959,1.486816,-0.408203,0.085002,-0.086867,0.004263,-0.980469,-1.627441,0.713867,-0.060221,-0.247544,-0.027179,chewing,left_chewing,108.294,r_gyro_mag,non_chewing
6079643.0,-1.078613,1.476074,-0.405273,0.081271,-0.108717,-0.025047,-0.975586,-1.624512,0.70752,-0.062352,-0.407688,0.033574,chewing,left_chewing,108.294,r_gyro_mag,non_chewing
6079653.0,-1.07666,1.485352,-0.399414,0.102588,-0.100723,-0.083136,-0.978516,-1.627441,0.711914,-0.057023,-0.418879,0.018919,chewing,left_chewing,108.294,r_gyro_mag,non_chewing
6079663.0,-1.070313,1.488281,-0.39502,0.138028,-0.111914,-0.107651,-0.958496,-1.639648,0.720215,-0.029044,-0.478567,0.005063,chewing,left_chewing,108.294,r_gyro_mag,non_chewing
6079673.0,-1.069824,1.483887,-0.413574,0.164407,-0.115378,-0.092462,-0.976074,-1.644043,0.706543,-0.004796,-0.515871,-0.001332,chewing,left_chewing,108.294,r_gyro_mag,non_chewing
6079683.0,-1.070801,1.466797,-0.404785,0.17853,-0.143623,-0.119642,-1.018555,-1.654297,0.719238,0.040236,-0.569697,0.00453,chewing,left_chewing,108.294,r_gyro_mag,non_chewing
6079693.0,-1.053711,1.48291,-0.410645,0.131632,-0.135896,-0.119375,-1.018555,-1.637695,0.746582,0.067681,-0.609133,0.023182,chewing,left_chewing,108.294,r_gyro_mag,non_chewing
6079703.0,-1.038574,1.473145,-0.416016,0.122306,-0.122839,-0.140426,-0.998535,-1.631836,0.740723,0.0874,-0.624855,0.030643,chewing,left_chewing,108.294,r_gyro_mag,non_chewing
6079713.0,-1.041504,1.486816,-0.395996,0.092462,-0.146021,-0.207041,-1.034668,-1.654297,0.73877,0.114046,-0.520668,-0.034374,chewing,left_chewing,108.294,r_gyro_mag,non_chewing
6079723.0,-1.042969,1.48291,-0.39209,0.099923,-0.118842,-0.183859,-1.016113,-1.651855,0.753906,0.111115,-0.362389,-0.156946,chewing,left_chewing,108.294,r_gyro_mag,non_chewing
6079733.0,-1.039551,1.461426,-0.395996,0.074343,-0.189721,-0.241681,-1.017578,-1.655762,0.757324,0.131899,-0.238484,-0.269127,chewing,left_chewing,108.294,r_gyro_mag,non_chewing
6079743.0,-1.057129,1.423828,-0.381836,0.088732,-0.263798,-0.295773,-0.981934,-1.666992,0.754395,0.153216,-0.031176,-0.389835,chewing,left_chewing,108.294,r_gyro_mag,non_chewing
6079753.0,-1.101563,1.425293,-0.395508,0.088466,-0.403691,-0.24408,-0.994141,-1.648438,0.760254,0.18226,-0.003997,-0.45645,chewing,left_chewing,108.294,r_gyro_mag,non_chewing
6079763.0,-1.125,1.413086,-0.386719,0.013856,-0.451121,-0.191054,-0.973633,-1.642578,0.771973,0.140959,-0.059421,-0.397296,chewing,left_chewing,108.294,r_gyro_mag,non_chewing
6079773.0,-1.140625,1.408203,-0.402832,-0.024781,-0.565433,-0.119109,-0.913086,-1.653809,0.750488,0.177198,-0.18226,-0.274989,chewing,left_chewing,108.294,r_gyro_mag,non_chewing
6079783.0,-1.163574,1.411621,-0.407227,-0.116178,-0.658162,-0.047963,-0.896973,-1.629883,0.78125,0.113779,-0.204377,-0.362123,chewing,left_chewing,108.294,r_gyro_mag,non_chewing
6079793.0,-1.170898,1.46875,-0.405273,-0.165207,-0.675482,0.079672,-0.868652,-1.614258,0.786621,0.167871,-0.154815,-0.207841,chewing,left_chewing,108.294,r_gyro_mag,non_chewing
6079803.0,-1.169922,1.481445,-0.392578,-0.171868,-0.703727,0.206242,-0.810547,-1.623047,0.779785,0.182793,-0.045032,-0.331479,chewing,left_chewing,108.294,r_gyro_mag,non_chewing
6079813.0,-1.150879,1.505859,-0.397949,-0.166806,-0.71785,0.230757,-0.827637,-1.646484,0.766602,0.223296,0.153749,-0.348266,chewing,left_chewing,108.294,r_gyro_mag,non_chewing
6079823.0,-1.146973,1.546875,-0.378418,-0.110315,-0.66962,0.210505,-0.834473,-1.640625,0.797363,0.169204,0.31709,-0.448456,chewing,left_chewing,108.294,r_gyro_mag,non_chewing
6079833.0,-1.163086,1.549805,-0.374512,-0.056224,-0.633648,0.127902,-0.862305,-1.634277,0.763672,0.103654,0.419945,-0.451387,chewing,left_chewing,108.294,r_gyro_mag,non_chewing
6079843.0,-1.173828,1.536621,-0.348145,0.030377,-0.552377,0.051427,-0.884277,-1.642578,0.765625,0.084469,0.505746,-0.456717,chewing,left_chewing,108.294,r_gyro_mag,non_chewing
6079853.0,-1.173828,1.51709,-0.36377,0.071145,-0.436732,-0.027979,-0.867187,-1.662598,0.758301,0.103121,0.574493,-0.417014,chewing,left_chewing,108.294,r_gyro_mag,non_chewing
6079863.0,-1.191895,1.495117,-0.358398,0.082603,-0.332279,-0.043167,-0.897949,-1.67627,0.741211,0.189188,0.495887,-0.390634,chewing,left_chewing,108.294,r_gyro_mag,non_chewing
6079873.0,-1.172363,1.489258,-0.34375,0.053292,-0.282983,-0.036505,-0.849609,-1.668457,0.767578,0.135629,0.63045,-0.30883,chewing,left_chewing,108.294,r_gyro_mag,non_chewing
6079883.0,-1.14209,1.493652,-0.351563,0.010658,-0.257403,-0.015988,-0.900879,-1.680664,0.769531,0.116444,0.641642,-0.25607,chewing,left_chewing,108.987,r_gy,non_chewing
6079893.0,-1.138184,1.495117,-0.334473,-0.013057,-0.27872,0.021051,-0.878906,-1.672363,0.754883,0.071412,0.63498,-0.228891,chewing,left_chewing,108.987,r_gy,non_chewing
6079903.0,-1.105957,1.537109,-0.347656,-0.034374,-0.322953,0.023449,-0.86084,-1.645996,0.759277,0.061286,0.589948,-0.181994,chewing,left_chewing,108.987,r_gy,non_chewing
6079913.0,-1.164063,1.491211,-0.34375,-0.027712,-0.397562,0.054625,-0.894531,-1.666504,0.747559,0.029844,0.529194,-0.23875,chewing,left_chewing,108.987,r_gy,non_chewing
6079923.0,-1.083496,1.546875,-0.331055,-0.036772,-0.328548,0.041302,-0.899414,-1.65625,0.750977,0.085801,0.538254,-0.219832,chewing,left_chewing,108.987,r_gy,non_chewing
6079933.0,-1.122559,1.499023,-0.322754,-0.049562,-0.308031,0.04823,-0.909668,-1.676758,0.724609,0.10019,0.476168,-0.280052,chewing,left_chewing,108.987,r_gy,non_chewing
6079943.0,-1.123047,1.478027,-0.328613,-0.020784,-0.307231,0.094061,-0.924805,-1.678223,0.720215,0.155881,0.454319,-0.28698,chewing,left_chewing,108.987,r_gy,non_chewing
6079953.0,-1.107422,1.50293,-0.298828,0.013323,-0.338141,0.052227,-0.953613,-1.660645,0.727051,0.176132,0.41275,-0.388236,chewing,left_chewing,108.987,r_gy,non_chewing
6079963.0,-1.12793,1.496582,-0.304688,-0.001599,-0.350931,0.062352,-0.912598,-1.683105,0.736816,0.225161,0.397296,-0.393565,chewing,left_chewing,108.987,r_gy,non_chewing
6079973.0,-1.09668,1.516602,-0.308594,-0.035173,-0.375446,0.003997,-0.913574,-1.690918,0.725098,0.147887,0.357859,-0.454585,chewing,left_chewing,108.987,r_gy,non_chewing
6079983.0,-1.130859,1.535645,-0.312012,-0.046897,-0.407688,-0.044233,-0.862793,-1.680176,0.729492,0.119375,0.328815,-0.42634,chewing,left_chewing,108.987,r_gy,non_chewing
6079993.0,-1.170898,1.532715,-0.311523,-0.000266,-0.464178,-0.087933,-0.86377,-1.665527,0.744629,0.160943,0.324551,-0.393032,chewing,left_chewing,108.987,r_gy,non_chewing
6080003.0,-1.178711,1.515137,-0.318848,0.092462,-0.573161,-0.127369,-0.892578,-1.67041,0.753906,0.207308,0.346401,-0.393032,chewing,left_chewing,108.987,r_gy,non_chewing
6080013.0,-1.168945,1.528809,-0.302734,0.131632,-0.584086,-0.16494,-0.849121,-1.67334,0.721191,0.259268,0.329881,-0.276055,chewing,left_chewing,108.987,r_gy,non_chewing
6080023.0,-1.160156,1.484863,-0.305176,0.12577,-0.687207,-0.259002,-0.876465,-1.687012,0.743164,0.249675,0.306432,-0.247544,chewing,left_chewing,108.987,r_gy,non_chewing
6080033.0,-1.122559,1.508301,-0.278809,0.131899,-0.742364,-0.347201,-0.877441,-1.707031,0.711914,0.253139,0.211838,-0.115645,chewing,left_chewing,108.987,r_gy,non_chewing
6080043.0,-1.141602,1.443359,-0.266113,0.127103,-0.818306,-0.425807,-0.86084,-1.697266,0.713379,0.277121,0.130833,-0.107384,chewing,left_chewing,108.987,r_gy,non_chewing
6080053.0,-1.166992,1.392578,-0.26123,0.116977,-0.910769,-0.463112,-0.876465,-1.682129,0.703613,0.228891,0.054092,-0.072211,chewing,left_chewing,108.987,r_gy,non_chewing
6080063.0,-1.174805,1.394531,-0.254883,0.07008,-0.920894,-0.431669,-0.867187,-1.663574,0.736816,0.2606,-0.046098,0.028778,chewing,left_chewing,108.987,r_gy,non_chewing
6080073.0,-1.144531,1.391113,-0.274902,0.023182,-0.833228,-0.378377,-0.882812,-1.677246,0.720215,0.270992,-0.134031,0.080472,chewing,left_chewing,108.987,r_gy,non_chewing
6080083.0,-1.144043,1.415039,-0.260742,-0.028778,-0.82177,-0.355194,-0.881348,-1.650879,0.768555,0.293642,-0.193452,0.16947,chewing,left_chewing,108.987,r_gy,non_chewing
6080093.0,-1.138184,1.436523,-0.286621,-0.067681,-0.839623,-0.354395,-0.87793,-1.617188,0.724121,0.188922,-0.2169,0.309363,chewing,left_chewing,108.987,r_gy,non_chewing
6080103.0,-1.134766,1.438477,-0.245117,-0.065816,-0.886787,-0.387703,-0.883789,-1.653809,0.759277,0.196383,-0.184126,0.263531,chewing,left_chewing,108.987,r_gy,non_chewing
6080113.0,-1.197754,1.460938,-0.216309,-0.022649,-0.99124,-0.325351,-0.892578,-1.646484,0.77832,0.262199,-0.167338,0.311761,chewing,left_chewing,108.987,r_gy,non_chewing
6080123.0,-1.148926,1.469727,-0.266602,0.038904,-0.917164,-0.382907,-0.916016,-1.616699,0.746094,0.167072,-0.215568,0.425541,chewing,left_chewing,108.987,r_gy,non_chewing
6080133.0,-1.184082,1.483398,-0.258301,0.115911,-1.00936,-0.364521,-0.900391,-1.661133,0.785156,0.248609,-0.181194,0.404224,chewing,left_chewing,108.987,r_gy,non_chewing
6080143.0,-1.196777,1.504395,-0.233398,0.166806,-0.980049,-0.362389,-0.903809,-1.65625,0.785156,0.272325,-0.154015,0.468974,chewing,left_chewing,108.987,r_gy,non_chewing
6080153.0,-1.22998,1.485352,-0.254883,0.224628,-0.997902,-0.37358,-0.90332,-1.650879,0.779785,0.241149,-0.213969,0.617926,chewing,left_chewing,108.987,r_gy,non_chewing
6080163.0,-1.250977,1.490234,-0.227051,0.233954,-0.885721,-0.408753,-0.906738,-1.662598,0.808594,0.293375,-0.238217,0.654165,chewing,left_chewing,108.987,r_gy,non_chewing
6080173.0,-1.274414,1.453613,-0.239258,0.223562,-0.832695,-0.436998,-0.896973,-1.623535,0.791504,0.306698,-0.317357,0.741832,chewing,left_chewing,108.987,r_gy,non_chewing
6080183.0,-1.277344,1.457031,-0.223145,0.155081,-0.742098,-0.534524,-0.93457,-1.650391,0.834961,0.27872,-0.333078,0.615795,chewing,left_chewing,108.987,r_gy,non_chewing
6080193.0,-1.306152,1.390137,-0.253418,0.179596,-0.792459,-0.579289,-0.912109,-1.652344,0.824707,0.185724,-0.211305,0.38344,chewing,left_chewing,108.987,r_gy,non_chewing
6080203.0,-1.310059,1.445801,-0.256348,0.1303,-0.789262,-0.54838,-0.901855,-1.641113,0.85498,0.135096,-0.097525,0.265397,chewing,left_chewing,108.987,r_gy,non_chewing
6080213.0,-1.307129,1.422852,-0.250488,0.14762,-0.843354,-0.473237,-0.922852,-1.631836,0.865723,0.081538,-0.059421,0.194784,chewing,left_chewing,108.987,r_gy,non_chewing
6080223.0,-1.323242,1.422363,-0.252441,0.121773,-0.769011,-0.396763,-0.9375,-1.629883,0.851562,0.14842,-0.027446,0.209706,chewing,left_chewing,108.987,r_gy,non_chewing
6080233.0,-1.355469,1.400879,-0.24707,0.059421,-0.775139,-0.271525,-0.939941,-1.615723,0.880371,0.098858,-0.095127,0.253406,chewing,left_chewing,108.987,r_gy,non_chewing
6080243.0,-1.342773,1.416992,-0.251465,0.042368,-0.68321,-0.194251,-0.932617,-1.600098,0.870605,0.011458,-0.169737,0.219299,chewing,left_chewing,108.987,r_gy,non_chewing
6080253.0,-1.342773,1.394531,-0.245605,0.015988,-0.675216,-0.152417,-0.925781,-1.651855,0.853516,0.015455,-0.158012,0.16494,chewing,left_chewing,108.987,r_gy,non_chewing
6080263.0,-1.351563,1.396973,-0.230469,-0.016787,-0.616594,-0.119375,-0.938477,-1.611328,0.847656,-0.069547,-0.20944,0.10472,chewing,left_chewing,108.987,r_gy,non_chewing
6080273.0,-1.356934,1.383301,-0.218262,-0.078074,-0.539054,-0.097792,-0.884766,-1.60498,0.865234,-0.058355,-0.229957,0.139626,chewing,left_chewing,108.987,r_gy,non_chewing
6080283.0,-1.349121,1.384766,-0.21582,-0.076475,-0.471372,-0.068481,-0.882812,-1.611328,0.858398,-0.18226,-0.25687,0.048763,chewing,left_chewing,108.987,r_gy,non_chewing
6080293.0,-1.340332,1.38623,-0.217773,-0.050894,-0.349599,0.038904,-0.897949,-1.628906,0.859863,-0.127902,-0.205975,-0.083936,chewing,left_chewing,108.987,r_gy,non_chewing
6080303.0,-1.321289,1.39209,-0.213379,-0.044499,-0.308564,0.086067,-0.86084,-1.614258,0.858887,-0.130034,-0.133764,-0.161743,chewing,left_chewing,108.987,r_gy,non_chewing
6080313.0,-1.300293,1.398926,-0.186035,-0.046897,-0.270459,0.114312,-0.904785,-1.605957,0.853516,-0.138827,-0.164674,-0.189455,chewing,left_chewing,108.987,r_gy,non_chewing
6080323.0,-1.298828,1.413574,-0.19043,-0.065283,-0.215835,0.122573,-0.904297,-1.60791,0.816406,-0.115112,-0.291243,-0.106585,chewing,left_chewing,108.987,r_gy,non_chewing
6080333.0,-1.291504,1.416992,-0.167969,-0.053559,-0.176398,0.138827,-0.900391,-1.61377,0.816895,-0.111914,-0.358392,-0.044499,chewing,left_chewing,108.987,r_gy,non_chewing
6080343.0,-1.283691,1.431152,-0.148926,-0.010392,-0.1303,0.148686,-0.911133,-1.623535,0.806641,-0.104986,-0.363721,0.001599,chewing,left_chewing,108.987,r_gy,non_chewing
6080353.0,-1.26416,1.45752,-0.173828,-0.001599,0.006395,0.160943,-0.895508,-1.638672,0.808594,-0.120974,-0.316291,0.010925,chewing,left_chewing,108.987,r_gy,non_chewing
6080363.0,-1.257813,1.453613,-0.156738,-0.019185,0.064484,0.183326,-0.894531,-1.619141,0.818359,-0.10845,-0.222496,0.003198,chewing,left_chewing,108.987,r_gy,non_chewing
6080373.0,-1.25,1.472168,-0.146484,-0.00906,0.137495,0.154815,-0.884766,-1.614746,0.833008,-0.10845,-0.123106,-0.036772,chewing,left_chewing,108.987,r_gy,non_chewing
6080383.0,-1.254395,1.456543,-0.164062,0.022649,0.203577,0.156946,-0.88623,-1.62207,0.822266,-0.153216,-0.062352,-0.06555,chewing,left_chewing,108.987,r_gy,non_chewing
6080393.0,-1.239746,1.460449,-0.170898,0.090064,0.163341,0.109516,-0.874512,-1.633301,0.807129,-0.139626,-0.047963,-0.06475,chewing,left_chewing,108.987,r_gy,non_chewing
6080403.0,-1.230957,1.460938,-0.149414,0.169737,0.164141,0.088998,-0.85791,-1.63623,0.797363,-0.113247,-0.019718,-0.016787,chewing,left_chewing,108.987,r_gy,non_chewing
6080413.0,-1.224609,1.461914,-0.147949,0.182527,0.199314,0.059688,-0.842773,-1.643555,0.787109,-0.097792,-0.00373,0.015988,chewing,left_chewing,108.580,r_gy,non_chewing
6080423.0,-1.248047,1.418457,-0.166504,0.166273,0.228625,0.055691,-0.864746,-1.635742,0.786621,-0.110582,-0.056757,0.114845,chewing,left_chewing,108.580,r_gy,non_chewing
6080433.0,-1.248535,1.41748,-0.172363,0.144423,0.220631,0.069014,-0.887207,-1.614746,0.825684,-0.096992,-0.074343,0.133498,chewing,left_chewing,108.580,r_gy,non_chewing
6080443.0,-1.24707,1.410156,-0.138184,0.064217,0.273657,0.073277,-0.897949,-1.616211,0.810059,-0.160144,-0.004263,0.118576,chewing,left_chewing,108.580,r_gy,non_chewing
6080453.0,-1.23877,1.422363,-0.175293,0.030643,0.274989,0.078873,-0.891602,-1.625488,0.810059,-0.173201,0.086067,0.117243,chewing,left_chewing,108.580,r_gy,non_chewing
6080463.0,-1.245117,1.416016,-0.17334,0.009593,0.24328,0.0866,-0.875,-1.638672,0.820801,-0.167871,0.168671,0.129234,chewing,left_chewing,108.580,r_gy,non_chewing
6080473.0,-1.242188,1.440918,-0.166992,0.0,0.202511,0.076208,-0.871582,-1.63623,0.802734,-0.145489,0.292309,0.087666,chewing,left_chewing,108.580,r_gy,non_chewing
6080483.0,-1.230469,1.456055,-0.174805,-0.005329,0.22223,0.06102,-0.89209,-1.638672,0.798828,-0.136962,0.340539,0.112714,chewing,left_chewing,108.580,r_gy,non_chewing
6080493.0,-1.216797,1.478027,-0.197754,-0.028778,0.247277,0.056757,-0.897461,-1.63623,0.810547,-0.145489,0.372248,0.129234,chewing,left_chewing,108.580,r_gy,non_chewing
6080503.0,-1.228516,1.480957,-0.200684,-0.022116,0.260867,0.041302,-0.898437,-1.608887,0.818848,-0.174799,0.452986,0.079139,chewing,left_chewing,108.580,r_gy,non_chewing
6080513.0,-1.240723,1.477051,-0.199707,-0.051161,0.290711,0.023182,-0.902344,-1.645508,0.808594,-0.164141,0.500417,0.053559,chewing,left_chewing,108.580,r_gy,non_chewing
6080523.0,-1.239746,1.479492,-0.194336,-0.080205,0.292576,-0.015455,-0.904297,-1.641602,0.795898,-0.117776,0.499084,0.064484,chewing,left_chewing,108.580,r_gy,non_chewing
6080533.0,-1.255371,1.478027,-0.192383,-0.073011,0.282983,-0.022116,-0.926758,-1.63916,0.808105,-0.090064,0.61766,-0.08207,chewing,left_chewing,108.580,r_gy,non_chewing
6080543.0,-1.26123,1.467773,-0.204102,-0.048763,0.326683,-0.059421,-0.893555,-1.638184,0.79834,-0.110049,0.618193,-0.126836,chewing,left_chewing,108.580,r_gy,non_chewing
6080553.0,-1.271484,1.475586,-0.204102,-0.023449,0.302168,-0.00826,-0.904785,-1.625,0.785156,-0.05276,0.646704,-0.139893,chewing,left_chewing,108.580,r_gy,non_chewing
6080563.0,-1.283203,1.470215,-0.202148,-0.019985,0.307498,0.001066,-0.878906,-1.631836,0.775879,-0.046098,0.699997,-0.176398,chewing,left_chewing,108.580,r_gy,non_chewing
6080573.0,-1.270996,1.451172,-0.221191,-0.012257,0.297905,0.000799,-0.879395,-1.646484,0.799316,-0.044766,0.882257,-0.285648,chewing,left_chewing,108.580,r_gy,non_chewing
6080583.0,-1.281738,1.453613,-0.212891,0.019985,0.237152,-0.01279,-0.920898,-1.634277,0.788574,-0.03464,0.891051,-0.196916,chewing,left_chewing,108.580,r_gy,non_chewing
6080593.0,-1.291016,1.430176,-0.187988,0.060221,0.245412,-0.007727,-0.927734,-1.642578,0.794922,0.030643,1.045865,-0.194784,chewing,left_chewing,108.580,r_gy,non_chewing
6080603.0,-1.290527,1.427246,-0.176758,0.083136,0.25687,-0.016254,-0.935547,-1.638672,0.782227,0.056757,1.212404,-0.191054,chewing,left_chewing,108.580,r_gy,non_chewing
6080613.0,-1.269043,1.428223,-0.181152,0.095127,0.229424,-0.018652,-0.935547,-1.649414,0.758301,0.065283,1.309397,-0.255538,chewing,left_chewing,108.580,r_gy,non_chewing
6080623.0,-1.260254,1.4375,-0.179687,0.093795,0.231822,-0.023715,-0.937988,-1.632813,0.746094,0.030643,1.421844,-0.32162,chewing,left_chewing,108.580,r_gy,non_chewing
6080633.0,-1.241699,1.429688,-0.208984,0.117243,0.206775,-0.023982,-0.989746,-1.609863,0.735352,-0.083669,1.488459,-0.372781,chewing,left_chewing,108.580,r_gy,non_chewing
6080643.0,-1.224609,1.444824,-0.205078,0.095926,0.202778,-0.055691,-0.961426,-1.633301,0.731934,-0.110315,1.536956,-0.391167,chewing,left_chewing,108.580,r_gy,non_chewing
6080653.0,-1.244629,1.433105,-0.193359,0.116178,0.202778,-0.060487,-0.937012,-1.644043,0.722168,-0.08287,1.627819,-0.339207,chewing,left_chewing,108.580,r_gy,non_chewing
6080663.0,-1.246094,1.43457,-0.180176,0.111381,0.193185,-0.055424,-0.912598,-1.643555,0.705078,-0.045032,1.750126,-0.359991,chewing,left_chewing,108.580,r_gy,non_chewing
6080673.0,-1.237305,1.428711,-0.197754,0.110315,0.237152,-0.050894,-0.946777,-1.642578,0.695801,0.006395,1.884689,-0.323219,chewing,left_chewing,108.580,r_gy,non_chewing
6080683.0,-1.239258,1.428711,-0.189453,0.091397,0.244346,-0.054358,-0.970703,-1.648926,0.703613,-0.000799,1.972888,-0.342138,chewing,left_chewing,108.580,r_gy,non_chewing
6080693.0,-1.253906,1.418945,-0.184082,0.073011,0.223029,-0.077274,-0.975586,-1.672363,0.703613,0.024248,1.889752,-0.185191,chewing,left_chewing,108.580,r_gy,non_chewing
6080703.0,-1.23291,1.418457,-0.208984,0.060753,0.168138,-0.109783,-0.944824,-1.671875,0.664551,0.055957,1.804217,-0.045565,chewing,left_chewing,108.580,r_gy,non_chewing
6080713.0,-1.260254,1.414551,-0.187988,0.071145,0.128968,-0.094061,-0.953125,-1.656738,0.708984,-0.054891,1.761583,0.001066,chewing,left_chewing,108.580,r_gy,non_chewing
6080723.0,-1.258789,1.419922,-0.219238,0.043433,0.092196,-0.087133,-0.974121,-1.615723,0.65625,-0.026646,1.778903,-0.068481,chewing,left_chewing,108.580,r_gy,non_chewing
6080733.0,-1.260742,1.408691,-0.219238,0.049828,0.090064,-0.063418,-1.022949,-1.61377,0.698242,-0.079672,1.859642,-0.26593,chewing,left_chewing,108.580,r_gy,non_chewing
6080743.0,-1.270996,1.422363,-0.196777,0.010126,0.107917,-0.065816,-1.008789,-1.628906,0.679199,-0.081005,1.904674,-0.403158,chewing,left_chewing,108.580,r_gy,non_chewing
6080753.0,-1.287598,1.415039,-0.203613,0.008793,0.09113,-0.072478,-0.992187,-1.637695,0.654297,-0.021051,1.881225,-0.38717,chewing,left_chewing,108.580,r_gy,non_chewing
6080763.0,-1.302246,1.415527,-0.226562,0.055158,0.059688,-0.070613,-0.978516,-1.642578,0.623535,0.003464,1.767446,-0.318423,chewing,left_chewing,108.580,r_gy,non_chewing
6080773.0,-1.303223,1.411621,-0.219727,0.086867,0.015188,-0.100723,-0.998047,-1.676758,0.635742,-0.00826,1.511642,-0.129501,chewing,left_chewing,108.580,r_gy,non_chewing
6080783.0,-1.306641,1.412109,-0.226562,0.103387,-0.022116,-0.121773,-0.995605,-1.655273,0.623535,-0.021317,1.353363,-0.0429,chewing,left_chewing,108.580,r_gy,non_chewing
6080793.0,-1.300781,1.414551,-0.230469,0.087933,-0.054092,-0.131366,-1.030273,-1.649414,0.647461,-0.035706,1.235587,0.061553,chewing,left_chewing,108.580,r_gy,non_chewing
6080803.0,-1.314453,1.414063,-0.244141,0.061286,-0.055691,-0.137228,-1.062012,-1.647461,0.658691,-0.055424,1.142591,0.099923,chewing,left_chewing,108.580,r_gy,non_chewing
6080813.0,-1.32666,1.39502,-0.24707,0.04743,-0.055424,-0.129767,-1.057617,-1.662598,0.650391,-0.07834,0.984579,0.171335,chewing,left_chewing,108.580,r_gy,non_chewing
6080823.0,-1.336914,1.412598,-0.253418,0.033041,-0.006662,-0.109516,-1.022461,-1.626465,0.577637,-0.082337,0.877994,0.184658,chewing,left_chewing,108.580,r_gy,non_chewing
6080833.0,-1.347168,1.409668,-0.203125,0.045832,0.001865,-0.095394,-1.004883,-1.651367,0.650879,-0.023182,0.733038,0.127902,chewing,left_chewing,108.580,r_gy,non_chewing
6080843.0,-1.345215,1.42334,-0.210937,0.058089,0.024515,-0.102055,-1.027344,-1.651855,0.587402,-0.066083,0.598208,0.092729,chewing,left_chewing,108.580,r_gy,non_chewing
6080853.0,-1.334473,1.408203,-0.246582,0.081538,0.021051,-0.09113,-1.049316,-1.666016,0.589844,-0.066349,0.351997,0.0874,chewing,left_chewing,108.580,r_gy,non_chewing
6080863.0,-1.338379,1.404785,-0.206543,0.073544,0.024515,-0.101522,-1.048828,-1.700195,0.617676,-0.068214,0.147087,0.134031,chewing,left_chewing,108.580,r_gy,non_chewing
6080873.0,-1.344727,1.401367,-0.206055,0.055957,-0.00373,-0.098325,-1.062988,-1.646484,0.595703,-0.086867,-0.025314,0.080205,chewing,left_chewing,108.580,r_gy,non_chewing
6080883.0,-1.337402,1.40332,-0.215332,0.016787,-0.009859,-0.069547,-1.055176,-1.672852,0.616699,-0.082603,-0.167338,0.11298,chewing,left_chewing,108.580,r_gy,non_chewing
6080893.0,-1.331543,1.39209,-0.19873,0.005862,-0.03011,-0.02558,-1.035156,-1.657227,0.634766,0.023982,-0.160144,0.065283,chewing,left_chewing,108.580,r_gy,non_chewing
6080903.0,-1.331543,1.421875,-0.193359,-0.03917,-0.021051,0.018919,-1.026367,-1.635254,0.629883,0.058622,-0.118309,0.087133,chewing,left_chewing,108.580,r_gy,non_chewing
6080913.0,-1.316406,1.424316,-0.210937,-0.079139,0.006395,0.060753,-1.049805,-1.637695,0.593262,0.063152,-0.032242,0.035706,chewing,left_chewing,108.580,r_gy,non_chewing
6080923.0,-1.328613,1.416992,-0.19873,-0.055424,0.040502,0.065017,-1.051758,-1.642578,0.580566,-0.002665,-0.042368,-0.009326,chewing,left_chewing,108.580,r_gy,non_chewing
6080933.0,-1.321777,1.414063,-0.186523,-0.018386,0.07008,0.073544,-1.039063,-1.640625,0.562012,-0.018652,-0.091397,0.02638,chewing,left_chewing,108.580,r_gy,non_chewing
6080943.0,-1.324219,1.41748,-0.188477,-0.002665,0.081538,0.060487,-1.036133,-1.658691,0.57959,-0.006928,-0.142557,0.03464,chewing,left_chewing,108.580,r_gy,non_chewing
6080953.0,-1.316895,1.424316,-0.193848,0.014922,0.085002,0.045832,-1.013672,-1.642578,0.578613,-0.011191,-0.163608,-0.005329,chewing,right_chewing,108.456,r_gy,non_chewing
6080963.0,-1.311035,1.424316,-0.203613,0.007994,0.094861,0.044766,-1.019531,-1.635254,0.585449,-0.001332,-0.197715,-0.010126,chewing,right_chewing,108.456,r_gy,non_chewing
6080973.0,-1.314941,1.414063,-0.206543,0.011991,0.078606,0.056224,-1.023926,-1.629395,0.574707,0.042368,-0.27792,0.049562,chewing,right_chewing,108.456,r_gy,non_chewing
6080983.0,-1.296387,1.413574,-0.205566,0.0,0.086334,0.065017,-1.036621,-1.632813,0.611328,0.041835,-0.264597,0.105253,chewing,right_chewing,108.456,r_gy,non_chewing
6080993.0,-1.30127,1.402344,-0.195312,0.01732,0.11751,0.071945,-1.045898,-1.630859,0.598633,0.00453,-0.273923,0.114312,chewing,right_chewing,108.456,r_gy,non_chewing
6081003.0,-1.303711,1.416016,-0.182617,-0.002931,0.148953,0.051427,-1.020508,-1.65332,0.59668,0.01359,-0.256337,0.185191,chewing,right_chewing,108.456,r_gy,non_chewing
6081013.0,-1.278809,1.408203,-0.224609,0.00826,0.188922,0.036239,-1.019531,-1.618652,0.536133,-0.00373,-0.25687,0.286181,chewing,right_chewing,108.456,r_gy,non_chewing
6081023.0,-1.294434,1.411133,-0.192871,0.048496,0.225427,0.025047,-1.008301,-1.653809,0.64502,0.040236,-0.224894,0.259002,chewing,right_chewing,108.456,r_gy,non_chewing
6081033.0,-1.253418,1.439453,-0.188477,0.087666,0.285914,-0.010658,-0.987305,-1.629395,0.608398,0.05196,-0.177997,0.284315,chewing,right_chewing,108.456,r_gy,non_chewing
6081043.0,-1.235352,1.460938,-0.209961,0.12124,0.245145,-0.12657,-0.993164,-1.603027,0.568848,0.014922,-0.188389,0.329614,chewing,right_chewing,108.456,r_gy,non_chewing
6081053.0,-1.282715,1.431152,-0.233887,0.142291,0.245412,-0.135629,-0.997559,-1.620117,0.584473,0.03011,-0.173467,0.312028,chewing,right_chewing,108.456,r_gy,non_chewing
6081063.0,-1.276855,1.438965,-0.206543,0.188655,0.283516,-0.123905,-1.011719,-1.615723,0.614258,0.074077,-0.176665,0.345335,chewing,right_chewing,108.456,r_gy,non_chewing
6081073.0,-1.280273,1.404785,-0.220703,0.177464,0.295773,-0.120708,-1.005371,-1.625977,0.636719,0.081271,-0.174533,0.341338,chewing,right_chewing,108.456,r_gy,non_chewing
6081083.0,-1.27832,1.399902,-0.236816,0.153749,0.354662,-0.050894,-1.016602,-1.62793,0.65332,0.071678,-0.13936,0.289112,chewing,right_chewing,108.456,r_gy,non_chewing
6081093.0,-1.245117,1.417969,-0.251953,0.114579,0.349865,-0.081271,-1.005371,-1.623535,0.648437,0.085268,-0.154548,0.35253,chewing,right_chewing,108.456,r_gy,non_chewing
6081103.0,-1.260254,1.424316,-0.239746,0.134031,0.35173,-0.112447,-0.996094,-1.610352,0.640137,0.084469,-0.085534,0.332545,chewing,right_chewing,108.456,r_gy,non_chewing
6081113.0,-1.23877,1.418945,-0.248047,0.19132,0.405289,-0.17773,-0.961914,-1.626953,0.63623,0.097525,0.008793,0.330147,chewing,right_chewing,108.456,r_gy,non_chewing
6081123.0,-1.280273,1.401367,-0.233398,0.2606,0.401293,-0.218766,-1.004883,-1.646973,0.624023,0.137495,0.100456,0.349332,chewing,right_chewing,108.456,r_gy,non_chewing
6081133.0,-1.311523,1.369629,-0.223633,0.256603,0.498018,-0.23875,-0.999023,-1.627441,0.620117,0.144689,0.141492,0.34347,chewing,right_chewing,108.456,r_gy,non_chewing
6081143.0,-1.294922,1.351563,-0.241211,0.23502,0.617394,-0.241149,-1.029297,-1.611328,0.634277,0.151884,0.077807,0.395697,chewing,right_chewing,108.456,r_gy,non_chewing
6081153.0,-1.323242,1.380859,-0.261719,0.173201,0.706925,-0.252606,-1.045898,-1.597656,0.641113,0.137228,0.027979,0.360257,chewing,right_chewing,108.456,r_gy,non_chewing
6081163.0,-1.271484,1.400879,-0.270508,0.090597,0.773807,-0.107384,-1.045898,-1.590332,0.652832,0.129234,-0.024515,0.317623,chewing,right_chewing,108.456,r_gy,non_chewing
6081173.0,-1.27832,1.416992,-0.293945,0.032508,0.807115,-0.100723,-1.021484,-1.604004,0.65918,0.139626,-0.022383,0.312028,chewing,right_chewing,108.456,r_gy,non_chewing
6081183.0,-1.282227,1.433594,-0.281738,0.046098,0.908104,-0.071145,-0.993652,-1.614746,0.67041,0.13936,0.047697,0.216368,chewing,right_chewing,108.456,r_gy,non_chewing
6081193.0,-1.280762,1.424316,-0.298828,0.086067,0.984312,-0.089798,-1.007324,-1.619629,0.674316,0.168138,0.084735,0.186524,chewing,right_chewing,108.456,r_gy,non_chewing
6081203.0,-1.297363,1.408203,-0.294434,0.0866,1.09223,-0.094061,-1.015625,-1.620605,0.666016,0.148953,0.100723,0.121773,chewing,right_chewing,108.456,r_gy,non_chewing
6081213.0,-1.282227,1.395508,-0.307617,0.0429,1.240649,-0.098058,-1.025391,-1.627441,0.677734,0.077008,0.052227,0.081538,chewing,right_chewing,108.456,r_gy,non_chewing
6081223.0,-1.297852,1.381348,-0.307129,0.006129,1.344303,-0.092196,-1.041504,-1.603027,0.687988,0.038904,-0.042101,0.124172,chewing,right_chewing,108.456,r_gy,non_chewing
6081233.0,-1.265625,1.380859,-0.325195,-0.04743,1.405323,-0.08207,-1.043945,-1.59082,0.692871,-0.017054,-0.127103,0.18226,chewing,right_chewing,108.456,r_gy,non_chewing
6081243.0,-1.241211,1.391602,-0.362305,-0.10392,1.388802,-0.013323,-1.035156,-1.587402,0.703613,-0.06555,-0.172934,0.206508,chewing,right_chewing,108.456,r_gy,non_chewing
6081253.0,-1.211426,1.396484,-0.366211,-0.176665,1.335243,0.079672,-1.048828,-1.55957,0.705566,-0.104986,-0.18679,0.191054,chewing,right_chewing,108.456,r_gy,non_chewing
6081263.0,-1.225098,1.392578,-0.381348,-0.156413,1.154582,0.184658,-1.04541,-1.581543,0.691406,-0.081005,-0.14309,0.187856,chewing,right_chewing,108.456,r_gy,non_chewing
6081273.0,-1.234863,1.412598,-0.369141,-0.095926,1.027479,0.252606,-1.0625,-1.612305,0.675293,-0.077008,-0.119109,0.118576,chewing,right_chewing,108.456,r_gy,non_chewing
6081283.0,-1.225098,1.434082,-0.371094,-0.037305,0.948873,0.263531,-1.081055,-1.600098,0.679199,-0.073277,-0.053559,0.055424,chewing,right_chewing,108.456,r_gy,non_chewing
6081293.0,-1.222168,1.435059,-0.357422,-0.025047,0.971256,0.288579,-1.07959,-1.614746,0.668457,-0.046364,-0.016787,0.029311,chewing,right_chewing,108.456,r_gy,non_chewing
6081303.0,-1.216797,1.42627,-0.354492,0.023182,0.935017,0.26966,-1.101074,-1.640625,0.643555,-0.00906,-0.010658,0.001066,chewing,right_chewing,108.456,r_gy,non_chewing
6081313.0,-1.233398,1.423828,-0.338867,0.036239,0.917164,0.260867,-1.103516,-1.625977,0.662109,-0.044766,0.022116,-0.116977,chewing,right_chewing,108.456,r_gy,non_chewing
6081323.0,-1.211426,1.432129,-0.355957,0.005063,0.975786,0.307498,-1.12207,-1.606445,0.644531,-0.052227,0.021051,-0.118043,chewing,right_chewing,108.456,r_gy,non_chewing
6081333.0,-1.195801,1.409668,-0.360352,-0.008793,1.002432,0.333078,-1.125,-1.606934,0.640137,-0.062086,0.013323,-0.151084,chewing,right_chewing,108.456,r_gy,non_chewing
6081343.0,-1.172852,1.42334,-0.385742,-0.03091,0.905439,0.337075,-1.113281,-1.614258,0.635742,-0.073277,0.034107,-0.234221,chewing,right_chewing,108.456,r_gy,non_chewing
6081353.0,-1.161133,1.424805,-0.368652,-0.036772,0.835626,0.374646,-1.095215,-1.609375,0.640625,-0.047164,0.025847,-0.250208,chewing,right_chewing,108.456,r_gy,non_chewing
6081363.0,-1.153809,1.433105,-0.391602,-0.061286,0.722646,0.396763,-1.083496,-1.600098,0.628418,-0.02558,0.025047,-0.278453,chewing,right_chewing,108.456,r_gy,non_chewing
6081373.0,-1.137695,1.455078,-0.381836,-0.037038,0.589149,0.403424,-1.07959,-1.625,0.614746,0.041035,-0.057023,-0.205975,chewing,right_chewing,108.456,r_gy,non_chewing
6081383.0,-1.146973,1.45166,-0.380859,-0.058888,0.487893,0.387436,-1.078613,-1.616699,0.625,0.097525,-0.015455,-0.219565,chewing,right_chewing,108.456,r_gy,non_chewing
6081393.0,-1.147461,1.443848,-0.361328,-0.086867,0.40449,0.381841,-1.065918,-1.619141,0.618164,0.125504,-0.029577,-0.19585,chewing,right_chewing,108.456,r_gy,non_chewing
6081403.0,-1.175781,1.422852,-0.34082,-0.117243,0.423142,0.407954,-1.057129,-1.629395,0.632324,0.048496,-0.00906,-0.344802,chewing,right_chewing,108.456,r_gy,non_chewing
6081413.0,-1.16748,1.419434,-0.34668,-0.122839,0.408753,0.419412,-1.057617,-1.635254,0.612793,0.034907,-0.075409,-0.36532,chewing,right_chewing,108.456,r_gy,non_chewing
6081423.0,-1.156738,1.430664,-0.342773,-0.166806,0.384772,0.431936,-1.080078,-1.617188,0.615723,0.045565,-0.139893,-0.380775,chewing,right_chewing,108.456,r_gy,non_chewing
6081433.0,-1.133789,1.453125,-0.359375,-0.190787,0.365587,0.452187,-1.060547,-1.619141,0.57666,0.023982,-0.276588,-0.319222,chewing,right_chewing,108.456,r_gy,non_chewing
6081443.0,-1.106934,1.455566,-0.374512,-0.172934,0.307764,0.44366,-1.044434,-1.618652,0.613281,0.069014,-0.393299,-0.326949,chewing,right_chewing,108.456,r_gy,non_chewing
6081453.0,-1.07959,1.475586,-0.387695,-0.119642,0.220364,0.42634,-1.045898,-1.602539,0.620605,0.119642,-0.432735,-0.28245,chewing,right_chewing,108.456,r_gy,non_chewing
6081463.0,-1.05957,1.470215,-0.35498,-0.093262,0.108717,0.402891,-0.99707,-1.606445,0.641113,0.17773,-0.346934,-0.273124,chewing,right_chewing,108.456,r_gy,non_chewing
6081473.0,-1.039551,1.476563,-0.334473,-0.070346,0.027712,0.353063,-0.984863,-1.628418,0.628418,0.232888,-0.222763,-0.259002,chewing,right_chewing,108.456,r_gy,non_chewing
6081483.0,-1.035645,1.473145,-0.377441,-0.03917,-0.022116,0.33441,-1.004395,-1.615723,0.578125,0.195583,-0.078074,-0.266462,chewing,right_chewing,102.679,r_gy,non_chewing
6081493.0,-1.066406,1.443848,-0.356934,-0.000533,-0.054625,0.336809,-1.014648,-1.619141,0.636719,0.199047,0.047164,-0.31709,chewing,right_chewing,102.679,r_gy,non_chewing
6081503.0,-1.086914,1.439941,-0.339355,0.013323,-0.073277,0.325884,-1.028809,-1.598145,0.648926,0.204643,0.139626,-0.284049,chewing,right_chewing,102.679,r_gy,non_chewing
6081513.0,-1.103027,1.436035,-0.355957,0.000266,-0.079939,0.316291,-1.044434,-1.604492,0.624023,0.192919,0.175066,-0.223562,chewing,right_chewing,102.679,r_gy,non_chewing
6081523.0,-1.107422,1.435059,-0.336426,-0.00373,-0.105786,0.289911,-1.022461,-1.62207,0.668945,0.155348,0.164407,-0.167871,chewing,right_chewing,102.679,r_gy,non_chewing
6081533.0,-1.118652,1.416504,-0.338867,-0.012524,-0.115112,0.27419,-1.018555,-1.620605,0.639648,0.10472,0.107118,-0.082603,chewing,right_chewing,102.679,r_gy,non_chewing
6081543.0,-1.10791,1.455078,-0.355957,-0.006928,-0.155081,0.232089,-0.994629,-1.628418,0.666016,0.135096,0.102322,-0.042368,chewing,right_chewing,102.679,r_gy,non_chewing
6081553.0,-1.108887,1.447266,-0.357422,0.033041,-0.207841,0.203044,-0.987793,-1.612305,0.660645,0.103654,0.093262,0.005329,chewing,right_chewing,102.679,r_gy,non_chewing
6081563.0,-1.061523,1.493164,-0.368652,0.074343,-0.227026,0.119375,-0.983398,-1.630371,0.656738,0.081804,0.088199,-0.011724,chewing,right_chewing,102.679,r_gy,non_chewing
6081573.0,-1.098633,1.463867,-0.358398,0.098591,-0.244346,0.074077,-0.979004,-1.62207,0.660645,0.057289,0.088199,-0.020784,chewing,right_chewing,102.679,r_gy,non_chewing
6081583.0,-1.122559,1.450195,-0.369141,0.110848,-0.240616,0.056224,-0.988281,-1.605469,0.680664,0.055691,0.085002,-0.039969,chewing,right_chewing,102.679,r_gy,non_chewing
6081593.0,-1.091797,1.467285,-0.365723,0.105519,-0.180662,0.020784,-0.978516,-1.611328,0.686035,0.05276,0.065283,-0.007994,chewing,right_chewing,102.679,r_gy,non_chewing
6081603.0,-1.090332,1.475098,-0.369141,0.102055,-0.185991,0.003464,-0.97998,-1.610352,0.678223,0.029844,0.106319,-0.061553,chewing,right_chewing,102.679,r_gy,non_chewing
6081613.0,-1.106934,1.470215,-0.375488,0.081271,-0.170003,-0.019185,-0.994629,-1.603516,0.702637,0.023182,0.122573,-0.014389,chewing,right_chewing,102.679,r_gy,non_chewing
6081623.0,-1.119629,1.481934,-0.388672,0.079939,-0.150551,-0.058888,-1.008789,-1.600098,0.668945,-0.014123,0.130567,0.025314,chewing,right_chewing,102.679,r_gy,non_chewing
6081633.0,-1.151367,1.457031,-0.379395,0.092462,-0.166006,-0.060753,-1.014648,-1.599609,0.660645,-0.013323,0.125237,0.096992,chewing,right_chewing,102.679,r_gy,non_chewing
6081643.0,-1.161621,1.44873,-0.377441,0.097792,-0.139893,-0.04743,-1.026367,-1.624023,0.670898,-0.029311,0.149219,0.079672,chewing,right_chewing,102.679,r_gy,non_chewing
6081653.0,-1.158691,1.458008,-0.38623,0.086334,-0.123372,-0.039969,-1.003418,-1.633789,0.70752,-0.045832,0.186257,0.04823,chewing,right_chewing,102.679,r_gy,non_chewing
6081663.0,-1.15625,1.467773,-0.366699,0.064217,-0.119109,-0.027446,-1.003906,-1.632324,0.712402,-0.031443,0.157479,0.078873,chewing,right_chewing,102.679,r_gy,non_chewing
6081673.0,-1.157715,1.458984,-0.366699,0.055691,-0.05196,-0.04743,-1.021484,-1.624023,0.706055,-0.034107,0.097792,0.140426,chewing,right_chewing,102.679,r_gy,non_chewing
6081683.0,-1.166504,1.449219,-0.382813,0.052227,-0.107118,-0.077274,-1.02832,-1.615234,0.693848,-0.03091,0.113247,0.120175,chewing,right_chewing,102.679,r_gy,non_chewing
6081693.0,-1.178223,1.454102,-0.393066,0.01359,-0.092196,-0.069547,-1.039063,-1.627441,0.674805,-0.024248,0.146821,0.10019,chewing,right_chewing,102.679,r_gy,non_chewing
6081703.0,-1.172363,1.455078,-0.394043,-0.005596,-0.001066,-0.038637,-1.030762,-1.605957,0.669434,-0.016787,0.182793,0.03011,chewing,right_chewing,102.679,r_gy,non_chewing
6081713.0,-1.186523,1.443359,-0.400879,-0.029044,-0.034907,-0.027179,-1.046387,-1.586914,0.685059,-0.029577,0.215302,0.018652,chewing,right_chewing,102.679,r_gy,non_chewing
6081723.0,-1.152832,1.464355,-0.410645,-0.031709,0.030643,-0.013057,-1.070801,-1.587891,0.629395,-0.078873,0.197449,0.060487,chewing,right_chewing,102.679,r_gy,non_chewing
6081733.0,-1.160645,1.44873,-0.404785,-0.049296,0.026646,-0.019452,-1.094727,-1.592285,0.641113,-0.097525,0.13936,0.10019,chewing,right_chewing,102.679,r_gy,non_chewing
6081743.0,-1.168945,1.449707,-0.413086,-0.042101,0.054358,0.016254,-1.106445,-1.589844,0.646484,-0.0866,0.0874,0.167072,chewing,right_chewing,102.679,r_gy,non_chewing
6081753.0,-1.156738,1.423828,-0.403809,-0.020251,0.030643,0.043167,-1.085938,-1.618652,0.651367,-0.071145,0.076208,0.123106,chewing,right_chewing,102.679,r_gy,non_chewing
6081763.0,-1.147461,1.443359,-0.394043,-0.030643,0.034374,0.03544,-1.074707,-1.635254,0.674316,-0.065283,0.118576,0.031443,chewing,right_chewing,102.679,r_gy,non_chewing
6081773.0,-1.155273,1.455566,-0.370117,-0.038637,0.016787,0.053292,-1.061523,-1.627441,0.728027,-0.059688,0.10845,-0.007994,chewing,right_chewing,102.679,r_gy,non_chewing
6081783.0,-1.14502,1.452637,-0.38623,0.014389,0.02638,0.065283,-1.058105,-1.617676,0.719238,-0.039703,0.0874,0.006662,chewing,right_chewing,102.679,r_gy,non_chewing
6081793.0,-1.152832,1.454102,-0.359375,0.059954,-0.008793,0.091663,-1.029297,-1.611328,0.722168,-0.023715,0.063951,0.027979,chewing,right_chewing,102.679,r_gy,non_chewing
6081803.0,-1.143066,1.472168,-0.348633,0.067415,0.046631,0.111115,-1.034668,-1.602539,0.70166,-0.03917,0.081804,0.003464,chewing,right_chewing,102.679,r_gy,non_chewing
6081813.0,-1.130859,1.475586,-0.381348,0.050628,0.081005,0.066349,-1.041992,-1.589844,0.681641,-0.095394,0.074876,0.027446,chewing,right_chewing,102.679,r_gy,non_chewing
6081823.0,-1.144531,1.470703,-0.38916,0.066882,0.116444,0.044499,-1.049316,-1.600098,0.649902,-0.187856,0.072478,0.057556,chewing,right_chewing,102.679,r_gy,non_chewing
6081833.0,-1.150879,1.449219,-0.423828,0.105253,0.100456,0.038904,-1.040039,-1.598145,0.612793,-0.244346,0.081271,0.027712,chewing,right_chewing,102.679,r_gy,non_chewing
6081843.0,-1.161621,1.4375,-0.425781,0.139093,0.098058,0.052493,-1.054688,-1.600098,0.63623,-0.270992,0.171602,-0.151617,chewing,right_chewing,102.679,r_gy,non_chewing
6081853.0,-1.15332,1.439941,-0.411621,0.156413,0.100989,0.091397,-1.041504,-1.591309,0.680664,-0.267528,0.109516,0.026913,chewing,right_chewing,102.679,r_gy,non_chewing
6081863.0,-1.142578,1.445313,-0.395996,0.145755,0.106585,0.102588,-1.049805,-1.604004,0.69043,-0.198781,0.129501,0.016521,chewing,right_chewing,102.679,r_gy,non_chewing
6081873.0,-1.12207,1.462891,-0.405273,0.114046,0.102855,0.058888,-1.033691,-1.600586,0.693359,-0.229424,0.101789,0.010126,chewing,right_chewing,102.679,r_gy,non_chewing
6081883.0,-1.134766,1.44043,-0.393066,0.128968,0.066349,0.053026,-1.039551,-1.594238,0.679687,-0.258735,0.04823,0.019452,chewing,right_chewing,102.679,r_gy,non_chewing
6081893.0,-1.178223,1.409668,-0.385742,0.14762,0.046897,0.028245,-1.040039,-1.60498,0.65625,-0.276322,-0.004263,0.094328,chewing,right_chewing,102.679,r_gy,non_chewing
6081903.0,-1.138184,1.443848,-0.381836,0.132965,0.043167,-0.002132,-1.039063,-1.601074,0.654297,-0.264064,-0.010126,0.088199,chewing,right_chewing,102.679,r_gy,non_chewing
6081913.0,-1.137207,1.443848,-0.394531,0.137495,0.052227,-0.006928,-1.026367,-1.594727,0.665527,-0.248343,0.021051,0.092196,chewing,right_chewing,102.679,r_gy,non_chewing
6081923.0,-1.106934,1.45166,-0.387695,0.105786,0.090331,-0.007994,-1.019531,-1.615723,0.670898,-0.243547,0.075675,0.078873,chewing,right_chewing,102.679,r_gy,non_chewing
6081933.0,-1.177734,1.406738,-0.37207,0.141225,0.122573,-0.016787,-1.025391,-1.62793,0.65625,-0.203577,0.151351,0.005329,chewing,right_chewing,102.679,r_gy,non_chewing
6081943.0,-1.119629,1.479004,-0.388672,0.056757,0.115378,-0.10019,-1.041016,-1.585449,0.668945,-0.226493,0.169737,0.015988,chewing,right_chewing,102.679,r_gy,non_chewing
6081953.0,-1.133301,1.465332,-0.384766,0.047697,0.156413,-0.167871,-1.04541,-1.599121,0.655273,-0.200113,0.106585,0.075942,chewing,right_chewing,102.679,r_gy,non_chewing
6081963.0,-1.149902,1.441895,-0.382324,0.03091,0.13856,-0.184392,-1.056152,-1.597168,0.651855,-0.189188,0.058622,0.091663,chewing,right_chewing,102.679,r_gy,non_chewing
6081973.0,-1.129395,1.428711,-0.383789,0.004796,0.06555,-0.172668,-1.040039,-1.611816,0.656738,-0.166006,0.053026,0.031975,chewing,right_chewing,102.679,r_gy,non_chewing
6081983.0,-1.12793,1.434082,-0.39209,-0.051694,0.002132,-0.168138,-1.048828,-1.603516,0.654297,-0.146554,0.046098,-0.014922,chewing,right_chewing,102.679,r_gy,non_chewing
6081993.0,-1.135742,1.449219,-0.402344,-0.1311,-0.035972,-0.178263,-1.062988,-1.612793,0.649902,-0.130034,0.043966,0.01732,chewing,right_chewing,102.679,r_gy,non_chewing
6082003.0,-1.125977,1.445313,-0.410645,-0.160943,-0.021051,-0.171602,-1.043945,-1.602051,0.627441,-0.113247,0.045299,0.040502,chewing,right_chewing,102.679,r_gy,non_chewing
6082013.0,-1.13916,1.450195,-0.38916,-0.211838,0.001332,-0.179596,-1.04248,-1.598145,0.629883,-0.144156,0.074609,0.080738,chewing,right_chewing,102.679,r_gy,non_chewing
6082023.0,-1.160645,1.445801,-0.387207,-0.231556,0.062885,-0.173467,-1.044922,-1.609863,0.616211,-0.16947,0.110582,0.078606,chewing,right_chewing,104.507,r_gyro_mag,non_chewing
6082033.0,-1.142578,1.438965,-0.379395,-0.23049,0.12124,-0.169737,-1.043457,-1.613281,0.615234,-0.161476,0.155614,0.050894,chewing,right_chewing,104.507,r_gyro_mag,non_chewing
6082043.0,-1.146973,1.439941,-0.367188,-0.201979,0.109783,-0.17853,-1.05957,-1.619141,0.641602,-0.189455,0.179862,-0.007461,chewing,right_chewing,104.507,r_gyro_mag,non_chewing
6082053.0,-1.132324,1.431641,-0.371582,-0.205176,0.079939,-0.190521,-1.070313,-1.601074,0.64209,-0.190254,0.141492,-0.020251,chewing,right_chewing,104.507,r_gyro_mag,non_chewing
6082063.0,-1.135742,1.419922,-0.367188,-0.16574,0.077274,-0.16574,-1.073242,-1.605957,0.643066,-0.163075,0.085268,0.002665,chewing,right_chewing,104.507,r_gyro_mag,non_chewing
6082073.0,-1.144043,1.448242,-0.349609,-0.196916,0.002398,-0.218499,-1.068848,-1.606934,0.625,-0.151084,0.055691,0.006395,chewing,right_chewing,104.507,r_gyro_mag,non_chewing
6082083.0,-1.223145,1.419922,-0.364746,-0.234221,-0.006129,-0.073011,-1.080566,-1.621582,0.624023,-0.159078,0.037038,0.029044,chewing,right_chewing,104.507,r_gyro_mag,non_chewing
6082093.0,-1.179199,1.452637,-0.369141,-0.16947,-0.037038,-0.086067,-1.069336,-1.609375,0.63623,-0.177464,0.021051,0.094861,chewing,right_chewing,104.507,r_gyro_mag,non_chewing
6082103.0,-1.170898,1.443848,-0.344238,-0.171868,0.003997,-0.029577,-1.045898,-1.602051,0.617187,-0.200646,0.035706,0.132165,chewing,right_chewing,104.507,r_gyro_mag,non_chewing
6082113.0,-1.159668,1.452148,-0.352051,-0.124971,0.014123,-0.046098,-1.06543,-1.626465,0.605469,-0.202245,0.07834,0.091663,chewing,right_chewing,104.507,r_gyro_mag,non_chewing
6082123.0,-1.157227,1.464844,-0.345215,-0.104986,0.035173,-0.072478,-1.040039,-1.604492,0.617676,-0.229691,0.063418,0.143357,chewing,right_chewing,104.507,r_gyro_mag,non_chewing
6082133.0,-1.131348,1.468262,-0.355957,-0.08287,0.013057,-0.126303,-1.039063,-1.61084,0.621582,-0.24408,0.045299,0.105786,chewing,right_chewing,104.507,r_gyro_mag,non_chewing
6082143.0,-1.158691,1.473633,-0.349121,-0.065816,-0.03011,-0.139893,-1.051758,-1.594238,0.625488,-0.242747,-0.015188,0.156946,chewing,right_chewing,104.507,r_gyro_mag,non_chewing
6082153.0,-1.184082,1.467773,-0.350098,-0.058622,-0.081538,-0.171602,-1.04541,-1.60498,0.633789,-0.209706,-0.053292,0.150551,chewing,right_chewing,104.507,r_gyro_mag,non_chewing
6082163.0,-1.186035,1.473145,-0.349609,-0.046631,-0.051427,-0.173201,-1.078613,-1.586914,0.631348,-0.188922,-0.058355,0.140959,chewing,right_chewing,104.507,r_gyro_mag,non_chewing
6082173.0,-1.229492,1.447754,-0.35791,-0.097792,-0.013856,-0.074876,-1.064941,-1.631836,0.614258,-0.192386,-0.063418,0.189721,chewing,right_chewing,104.507,r_gyro_mag,non_chewing
6082183.0,-1.213379,1.464844,-0.346191,-0.095394,0.033041,-0.004263,-1.067871,-1.630859,0.604492,-0.185458,-0.014389,0.141758,chewing,right_chewing,104.507,r_gyro_mag,non_chewing
6082193.0,-1.180176,1.48291,-0.341797,-0.115378,0.031443,-0.043966,-1.056152,-1.637207,0.615234,-0.183859,-0.006395,0.123106,chewing,right_chewing,104.507,r_gyro_mag,non_chewing
6082203.0,-1.203125,1.488281,-0.326172,-0.101256,-0.04823,-0.033841,-1.079102,-1.619629,0.583984,-0.173467,-0.013856,0.100456,chewing,right_chewing,104.507,r_gyro_mag,non_chewing
6082213.0,-1.192871,1.518066,-0.345215,-0.146554,-0.016254,-0.010126,-1.067383,-1.620117,0.605957,-0.146554,-0.029577,0.055158,chewing,right_chewing,104.507,r_gyro_mag,non_chewing
6082223.0,-1.194824,1.467773,-0.331055,-0.075142,-0.063418,-0.094594,-1.076172,-1.606445,0.611328,-0.1311,-0.022383,0.038371,chewing,right_chewing,104.507,r_gyro_mag,non_chewing
6082233.0,-1.203613,1.486328,-0.330566,-0.093528,-0.110049,-0.098058,-1.063477,-1.622559,0.623535,-0.099657,0.0,0.001066,chewing,right_chewing,104.507,r_gyro_mag,non_chewing
6082243.0,-1.22168,1.471191,-0.310059,-0.119642,-0.009593,-0.04743,-1.061035,-1.614746,0.601562,-0.088199,0.001332,-0.013323,chewing,right_chewing,104.507,r_gyro_mag,non_chewing
6082253.0,-1.208984,1.485352,-0.316895,-0.166006,0.014655,-0.015188,-1.074219,-1.621582,0.583496,-0.090064,0.01359,-0.062352,chewing,right_chewing,104.507,r_gyro_mag,non_chewing
6082263.0,-1.212891,1.46582,-0.32959,-0.154815,0.005329,-0.014922,-1.087891,-1.622559,0.599121,-0.098058,0.01359,-0.071412,chewing,right_chewing,104.507,r_gyro_mag,non_chewing
6082273.0,-1.20752,1.473633,-0.323242,-0.134031,-0.034907,0.020518,-1.087402,-1.614746,0.579102,-0.085534,-0.001599,-0.072744,chewing,right_chewing,104.507,r_gyro_mag,non_chewing
6082283.0,-1.193359,1.478027,-0.318359,-0.121507,-0.046631,0.033574,-1.082031,-1.617188,0.586426,-0.054092,-0.041302,-0.031176,chewing,right_chewing,104.507,r_gyro_mag,non_chewing
6082293.0,-1.182129,1.487305,-0.327637,-0.087133,-0.081804,0.032508,-1.083496,-1.610352,0.574707,-0.027712,-0.079406,-0.013323,chewing,right_chewing,104.507,r_gyro_mag,non_chewing
6082303.0,-1.183594,1.484375,-0.310547,-0.051161,-0.116711,0.029311,-1.07373,-1.634277,0.586914,-0.035972,-0.054625,-0.061819,chewing,right_chewing,104.507,r_gyro_mag,non_chewing
6082313.0,-1.189453,1.484375,-0.313965,-0.020251,-0.122306,0.023982,-1.079102,-1.616211,0.596191,-0.04823,-0.034907,-0.059155,chewing,right_chewing,104.507,r_gyro_mag,non_chewing
6082323.0,-1.202148,1.489746,-0.317383,0.020518,-0.12204,0.02558,-1.064941,-1.62207,0.588379,-0.033574,-0.047164,-0.050628,chewing,right_chewing,104.507,r_gyro_mag,non_chewing
6082333.0,-1.202637,1.483398,-0.303223,0.081005,-0.095394,0.040502,-1.054199,-1.625977,0.603027,-0.010126,-0.032775,-0.039703,chewing,right_chewing,104.507,r_gyro_mag,non_chewing
6082343.0,-1.206055,1.482422,-0.306152,0.077807,-0.040236,0.049296,-1.062988,-1.602539,0.576172,-0.029044,-0.030377,-0.007461,chewing,right_chewing,104.507,r_gyro_mag,non_chewing
6082353.0,-1.19873,1.480469,-0.305664,0.091397,0.006662,0.058355,-1.064941,-1.624023,0.593262,-0.026913,0.009859,-0.023715,chewing,right_chewing,104.507,r_gyro_mag,non_chewing
6082363.0,-1.1875,1.472168,-0.313965,0.122573,0.036505,0.050095,-1.068359,-1.601074,0.569824,-0.035706,0.039703,-0.019718,chewing,right_chewing,104.507,r_gyro_mag,non_chewing
6082373.0,-1.172363,1.469238,-0.314453,0.111115,0.059688,0.050894,-1.060547,-1.61084,0.588867,-0.032242,0.074343,-0.05276,chewing,right_chewing,104.507,r_gyro_mag,non_chewing
6082383.0,-1.166504,1.467285,-0.305664,0.092462,0.068481,0.058089,-1.061035,-1.604492,0.582031,-0.015455,0.086067,-0.040236,chewing,right_chewing,104.507,r_gyro_mag,non_chewing
6082393.0,-1.158203,1.473145,-0.310547,0.093795,0.106052,0.074077,-1.042969,-1.608398,0.594727,0.000266,0.081804,-0.023182,chewing,right_chewing,104.507,r_gyro_mag,non_chewing
6082403.0,-1.157227,1.461426,-0.308105,0.082337,0.11751,0.086867,-1.041992,-1.612793,0.605957,0.024515,0.086334,-0.019185,chewing,right_chewing,104.507,r_gyro_mag,non_chewing
6082413.0,-1.147949,1.461426,-0.328125,0.05276,0.105519,0.078606,-1.042969,-1.605469,0.598633,0.020518,0.067948,-0.008793,chewing,right_chewing,104.507,r_gyro_mag,non_chewing
6082423.0,-1.160156,1.459961,-0.314453,0.085268,0.077541,0.080205,-1.047852,-1.61084,0.579102,0.022383,0.05649,0.014922,chewing,right_chewing,104.507,r_gyro_mag,non_chewing
6082433.0,-1.154785,1.459961,-0.305176,0.087666,0.081804,0.071412,-1.049805,-1.608887,0.586914,0.02558,0.076741,-0.007461,chewing,right_chewing,104.507,r_gyro_mag,non_chewing
6082443.0,-1.15332,1.459473,-0.310547,0.061553,0.105253,0.053292,-1.059082,-1.612793,0.593262,0.002398,0.104986,-0.034907,chewing,right_chewing,104.507,r_gyro_mag,non_chewing
6082453.0,-1.146973,1.45752,-0.321289,0.041302,0.128701,0.047963,-1.054688,-1.608887,0.587891,-0.024781,0.128168,-0.057023,chewing,right_chewing,104.507,r_gyro_mag,non_chewing
6082463.0,-1.143555,1.45459,-0.318848,0.048763,0.137495,0.041568,-1.065918,-1.60791,0.597168,-0.031975,0.132698,-0.020518,chewing,right_chewing,104.507,r_gyro_mag,non_chewing
6082473.0,-1.142578,1.455566,-0.331055,0.053559,0.105519,0.035972,-1.04834,-1.617676,0.588867,-0.018919,0.117243,0.015455,chewing,right_chewing,104.507,r_gyro_mag,non_chewing
6082483.0,-1.130371,1.447754,-0.328613,0.044766,0.066616,0.033841,-1.058105,-1.592773,0.581055,-0.007994,0.113779,0.026646,chewing,right_chewing,104.507,r_gyro_mag,non_chewing
6082493.0,-1.146973,1.446289,-0.333008,0.055424,0.053559,0.05276,-1.061035,-1.608398,0.584473,0.014655,0.133231,0.000799,chewing,right_chewing,104.507,r_gyro_mag,non_chewing
6082503.0,-1.137695,1.447266,-0.336914,0.023182,0.049828,0.042634,-1.052246,-1.595215,0.583496,-0.022916,0.155348,-0.063685,chewing,right_chewing,104.507,r_gyro_mag,non_chewing
6082513.0,-1.145508,1.44873,-0.344238,-0.006928,0.020518,0.04743,-1.068359,-1.599121,0.590332,-0.03917,0.159078,-0.083403,chewing,right_chewing,104.507,r_gyro_mag,non_chewing
6082523.0,-1.147949,1.43457,-0.34375,-0.027712,0.012524,0.024248,-1.070801,-1.606934,0.607422,-0.052493,0.128168,-0.065816,chewing,right_chewing,104.507,r_gyro_mag,non_chewing
6082533.0,-1.15625,1.453613,-0.342773,-0.036239,0.003997,0.022916,-1.065918,-1.602051,0.604004,-0.046897,0.088466,-0.033841,chewing,left_chewing,105.847,r_gy,non_chewing
6082543.0,-1.164551,1.458496,-0.356934,-0.040769,-0.013323,0.025314,-1.066406,-1.620605,0.616211,-0.067149,0.074343,-0.004796,chewing,left_chewing,105.847,r_gy,non_chewing
6082553.0,-1.163574,1.456055,-0.341797,-0.029044,-0.003997,0.015721,-1.064453,-1.620605,0.629883,-0.085268,0.074609,-0.033308,chewing,left_chewing,105.847,r_gy,non_chewing
6082563.0,-1.175781,1.458496,-0.339844,-0.000799,0.003997,0.010126,-1.048828,-1.632813,0.653809,-0.042634,0.098325,-0.020784,chewing,left_chewing,105.847,r_gy,non_chewing
6082573.0,-1.168457,1.464844,-0.346191,0.031176,0.025047,-0.005063,-1.049316,-1.621094,0.619629,-0.06102,0.1303,-0.054358,chewing,left_chewing,105.847,r_gy,non_chewing
6082583.0,-1.163574,1.460938,-0.341309,0.027179,0.021051,-0.032242,-1.078613,-1.597656,0.60498,-0.062352,0.141758,-0.055424,chewing,left_chewing,105.847,r_gy,non_chewing
6082593.0,-1.179688,1.46875,-0.351563,0.011991,0.027979,-0.050894,-1.084473,-1.609863,0.615234,-0.051427,0.067681,-0.032242,chewing,left_chewing,105.847,r_gy,non_chewing
6082603.0,-1.186523,1.452637,-0.34375,0.016787,0.013856,-0.046631,-1.067383,-1.614258,0.610352,-0.116444,-0.015455,-0.018386,chewing,left_chewing,105.847,r_gy,non_chewing
6082613.0,-1.187988,1.459961,-0.35498,0.054358,-0.011458,-0.035972,-1.080078,-1.611816,0.620605,-0.092729,0.00826,0.024781,chewing,left_chewing,105.847,r_gy,non_chewing
6082623.0,-1.187012,1.46875,-0.348633,0.051694,-0.020784,-0.011724,-1.050293,-1.625488,0.618164,-0.087133,0.003997,0.026646,chewing,left_chewing,105.847,r_gy,non_chewing
6082633.0,-1.189453,1.466797,-0.349121,0.046098,-0.002665,0.002665,-1.067871,-1.607422,0.615723,-0.074077,0.016787,-0.010126,chewing,left_chewing,105.847,r_gy,non_chewing
6082643.0,-1.191406,1.470703,-0.338867,0.031709,0.00373,0.006129,-1.075684,-1.618652,0.60498,-0.070346,0.001332,0.019185,chewing,left_chewing,105.847,r_gy,non_chewing
6082653.0,-1.189453,1.46875,-0.351563,0.014655,0.033041,0.012257,-1.07666,-1.607422,0.609863,-0.053026,0.000799,-0.00826,chewing,left_chewing,105.847,r_gy,non_chewing
6082663.0,-1.195801,1.450684,-0.334473,0.019452,0.03091,0.038637,-1.075195,-1.600586,0.60498,-0.043433,0.015188,-0.030643,chewing,left_chewing,105.847,r_gy,non_chewing
6082673.0,-1.190918,1.456543,-0.350098,0.02185,0.022649,0.034374,-1.078613,-1.608887,0.612305,-0.019718,0.010658,-0.019985,chewing,left_chewing,105.847,r_gy,non_chewing
6082683.0,-1.184082,1.455078,-0.333008,0.046364,-0.006129,0.042368,-1.060059,-1.629395,0.64209,-0.036505,0.017587,-0.025047,chewing,left_chewing,105.847,r_gy,non_chewing
6082693.0,-1.179688,1.470703,-0.341309,0.048763,0.001332,0.055424,-1.051758,-1.618164,0.630859,-0.035173,0.02558,-0.020518,chewing,left_chewing,105.847,r_gy,non_chewing
6082703.0,-1.176758,1.47168,-0.320801,0.016254,0.041035,0.063685,-1.055664,-1.602051,0.612793,-0.029844,0.038904,-0.044233,chewing,left_chewing,105.847,r_gy,non_chewing
6082713.0,-1.174805,1.473633,-0.351563,0.01359,0.028245,0.054092,-1.067383,-1.60791,0.58252,-0.046098,0.031975,-0.029577,chewing,left_chewing,105.847,r_gy,non_chewing
6082723.0,-1.171387,1.461426,-0.364746,0.059421,0.014655,0.063418,-1.091309,-1.59668,0.58252,-0.073544,0.017054,-0.021583,chewing,left_chewing,105.847,r_gy,non_chewing
6082733.0,-1.179199,1.450195,-0.361328,0.068214,-0.011991,0.062619,-1.07373,-1.624512,0.616211,-0.052227,-0.002931,-0.030643,chewing,left_chewing,105.847,r_gy,non_chewing
6082743.0,-1.169434,1.46582,-0.331055,0.060221,0.026113,0.049296,-1.055176,-1.625488,0.616699,-0.041835,0.006662,-0.032508,chewing,left_chewing,105.847,r_gy,non_chewing
6082753.0,-1.169922,1.467773,-0.321777,0.042101,0.033308,0.043433,-1.060059,-1.628418,0.637695,-0.028778,0.005063,-0.058888,chewing,left_chewing,105.847,r_gy,non_chewing
6082763.0,-1.162109,1.463867,-0.307617,0.059421,0.017587,0.03464,-1.039063,-1.612305,0.634766,0.002132,0.02185,-0.064217,chewing,left_chewing,105.847,r_gy,non_chewing
6082773.0,-1.150879,1.478027,-0.313965,0.06555,0.014655,0.053292,-1.03125,-1.597656,0.600098,-0.019185,0.029311,-0.037571,chewing,left_chewing,105.847,r_gy,non_chewing
6082783.0,-1.154297,1.465332,-0.342285,0.080472,0.031443,0.041035,-1.0625,-1.603516,0.554199,-0.061819,0.050894,-0.054358,chewing,left_chewing,105.847,r_gy,non_chewing
6082793.0,-1.158203,1.457031,-0.345215,0.08287,0.03544,0.054358,-1.078613,-1.608887,0.587402,-0.093795,0.03917,-0.067415,chewing,left_chewing,105.847,r_gy,non_chewing
6082803.0,-1.158203,1.450684,-0.338867,0.082337,0.031176,0.039436,-1.056152,-1.626465,0.611816,-0.081005,0.043167,-0.074077,chewing,left_chewing,105.847,r_gy,non_chewing
6082813.0,-1.149902,1.44043,-0.314453,0.031709,0.0429,0.040769,-1.037598,-1.63623,0.626465,-0.041035,0.049562,-0.083136,chewing,left_chewing,105.847,r_gy,non_chewing
6082823.0,-1.145996,1.448242,-0.322754,0.007461,0.021051,0.03011,-1.041016,-1.624023,0.597168,-0.018386,0.026913,-0.055957,chewing,left_chewing,105.847,r_gy,non_chewing
6082833.0,-1.145508,1.45752,-0.328125,0.003198,-0.018386,0.034907,-1.041992,-1.601074,0.581055,-0.00453,0.010658,-0.029577,chewing,left_chewing,105.847,r_gy,non_chewing
6082843.0,-1.134766,1.479492,-0.335938,-0.019985,-0.049029,0.018919,-1.068848,-1.612305,0.57666,0.003198,0.009859,-0.029844,chewing,left_chewing,105.847,r_gy,non_chewing
6082853.0,-1.150391,1.454102,-0.333984,-0.027179,-0.03091,0.0437,-1.079102,-1.616699,0.613281,-0.035972,-0.032242,0.002931,chewing,left_chewing,105.847,r_gy,non_chewing
6082863.0,-1.155762,1.462402,-0.30957,-0.053292,-0.045565,0.03464,-1.030762,-1.617676,0.606934,-0.018386,-0.021583,0.003198,chewing,left_chewing,105.847,r_gy,non_chewing
6082873.0,-1.145996,1.478027,-0.338867,-0.05276,-0.032508,0.028511,-1.057617,-1.60791,0.57666,-0.067415,-0.027712,0.037571,chewing,left_chewing,105.847,r_gy,non_chewing
6082883.0,-1.151855,1.478027,-0.351563,-0.018919,-0.041835,0.010392,-1.064453,-1.633301,0.604492,-0.067149,-0.016254,0.023715,chewing,left_chewing,105.847,r_gy,non_chewing
6082893.0,-1.173828,1.478027,-0.30127,0.017054,-0.02638,-0.012524,-1.046875,-1.625977,0.61084,-0.055158,0.011991,-0.016787,chewing,left_chewing,105.847,r_gy,non_chewing
6082903.0,-1.167969,1.465332,-0.316406,0.04823,-0.023982,-0.035706,-1.036133,-1.627441,0.61084,-0.029844,0.000266,0.009326,chewing,left_chewing,105.847,r_gy,non_chewing
6082913.0,-1.175293,1.47168,-0.296875,0.076741,-0.034107,-0.050095,-1.04834,-1.612793,0.622559,-0.032508,0.003198,0.007727,chewing,left_chewing,105.847,r_gy,non_chewing
6082923.0,-1.176758,1.46582,-0.303711,0.075675,-0.002665,-0.045032,-1.044922,-1.608887,0.59375,-0.057289,0.01359,0.023449,chewing,left_chewing,105.847,r_gy,non_chewing
6082933.0,-1.164063,1.471191,-0.289551,0.071678,0.009326,-0.057023,-1.047852,-1.615234,0.582031,-0.05196,0.00373,0.040236,chewing,left_chewing,105.847,r_gy,non_chewing
6082943.0,-1.175781,1.461914,-0.316895,0.058888,0.034374,-0.058089,-1.047363,-1.612793,0.599121,-0.057556,0.018119,0.059155,chewing,left_chewing,105.847,r_gy,non_chewing
6082953.0,-1.177246,1.470215,-0.312988,0.063951,0.021317,-0.05276,-1.036621,-1.618164,0.620117,-0.067415,0.022916,0.065816,chewing,left_chewing,105.847,r_gy,non_chewing
6082963.0,-1.175293,1.468262,-0.319824,0.0866,0.034107,-0.05196,-1.037109,-1.615723,0.612305,-0.061553,0.066882,0.049828,chewing,left_chewing,105.847,r_gy,non_chewing
6082973.0,-1.169922,1.461914,-0.321289,0.089265,0.026113,-0.042634,-1.052734,-1.616699,0.604004,-0.059155,0.079939,0.076741,chewing,left_chewing,105.847,r_gy,non_chewing
6082983.0,-1.166992,1.467773,-0.325684,0.089265,0.032508,-0.03091,-1.052734,-1.612305,0.615723,-0.062619,0.065816,0.119908,chewing,left_chewing,105.847,r_gy,non_chewing
6082993.0,-1.175781,1.460449,-0.328613,0.088732,0.021317,-0.015455,-1.055664,-1.612793,0.595703,-0.059954,0.061553,0.122306,chewing,left_chewing,105.847,r_gy,non_chewing
6083003.0,-1.17627,1.456055,-0.322266,0.075675,0.046897,-0.021051,-1.063965,-1.612305,0.597168,-0.055691,0.053292,0.144156,chewing,left_chewing,105.847,r_gy,non_chewing
6083013.0,-1.169922,1.452637,-0.327148,0.059688,0.055691,-0.018386,-1.066895,-1.625488,0.592285,-0.051427,0.056224,0.122573,chewing,left_chewing,105.847,r_gy,non_chewing
6083023.0,-1.164551,1.462402,-0.334961,0.045032,0.03917,-0.026913,-1.07959,-1.62793,0.592773,-0.051427,0.086867,0.059421,chewing,left_chewing,105.847,r_gy,non_chewing
6083033.0,-1.158203,1.46875,-0.332031,0.045832,0.036239,-0.040502,-1.084473,-1.615723,0.603027,-0.032508,0.068214,0.073011,chewing,left_chewing,105.847,r_gy,non_chewing
6083043.0,-1.152344,1.457031,-0.337402,0.040236,0.024248,-0.036772,-1.09082,-1.616211,0.573242,-0.042101,0.072211,0.0874,chewing,left_chewing,105.847,r_gy,non_chewing
6083053.0,-1.148926,1.459473,-0.312012,0.043966,0.006129,-0.017853,-1.060059,-1.607422,0.621582,-0.034374,0.069813,0.079139,chewing,left_chewing,105.847,r_gy,non_chewing
6083063.0,-1.154297,1.460449,-0.339355,0.031709,0.011991,-0.02185,-1.079102,-1.605957,0.601074,-0.062086,0.098058,0.060221,chewing,left_chewing,105.847,r_gy,non_chewing
6083073.0,-1.15332,1.458496,-0.327148,0.039703,0.011724,-0.023982,-1.0625,-1.597656,0.581055,-0.05196,0.127902,0.044766,chewing,left_chewing,106.757,l_gy,non_chewing
6083083.0,-1.157227,1.462891,-0.316406,0.03011,0.003464,-0.031709,-1.065918,-1.611816,0.58252,-0.046897,0.151617,0.01279,chewing,left_chewing,106.757,l_gy,non_chewing
6083093.0,-1.163086,1.453613,-0.328125,0.022383,-0.005862,-0.04823,-1.069336,-1.61084,0.595215,-0.018386,0.141492,0.010925,chewing,left_chewing,106.757,l_gy,non_chewing
6083103.0,-1.158691,1.449219,-0.330566,0.03011,-0.002931,-0.016254,-1.065918,-1.60498,0.589844,-0.020784,0.133498,0.015455,chewing,left_chewing,106.757,l_gy,non_chewing
6083113.0,-1.151367,1.456543,-0.329102,0.019718,-0.013057,-0.011458,-1.062988,-1.602539,0.600586,-0.023982,0.143357,-0.008793,chewing,left_chewing,106.757,l_gy,non_chewing
6083123.0,-1.143555,1.453613,-0.34082,0.00906,-0.042368,-0.001066,-1.078613,-1.605469,0.61084,-0.023982,0.14389,0.018386,chewing,left_chewing,106.757,l_gy,non_chewing
6083133.0,-1.138672,1.452148,-0.349609,-0.010925,-0.056224,-0.007194,-1.062012,-1.61084,0.599609,-0.042101,0.13936,0.042368,chewing,left_chewing,106.757,l_gy,non_chewing
6083143.0,-1.134766,1.463867,-0.348633,-0.030643,-0.086067,-0.00373,-1.07373,-1.603516,0.583008,-0.038104,0.119908,0.050095,chewing,left_chewing,106.757,l_gy,non_chewing
6083153.0,-1.148926,1.459961,-0.34082,-0.025314,-0.093262,0.001066,-1.0625,-1.610352,0.578125,-0.057023,0.114312,0.057289,chewing,left_chewing,106.757,l_gy,non_chewing
6083163.0,-1.154297,1.461914,-0.362305,-0.025847,-0.094861,0.000533,-1.078125,-1.598633,0.58252,-0.074609,0.162542,0.014123,chewing,left_chewing,106.757,l_gy,non_chewing
6083173.0,-1.164551,1.464355,-0.354492,0.005596,-0.079406,-0.006662,-1.080078,-1.595703,0.594727,-0.079672,0.197715,0.014922,chewing,left_chewing,106.757,l_gy,non_chewing
6083183.0,-1.17041,1.466309,-0.331055,0.023715,-0.076208,-0.022916,-1.041992,-1.610352,0.603516,-0.063152,0.222496,0.037838,chewing,left_chewing,106.757,l_gy,non_chewing
6083193.0,-1.166992,1.464844,-0.320313,0.033841,-0.06555,-0.048496,-1.077148,-1.589355,0.612305,-0.085801,0.253406,-0.005063,chewing,left_chewing,106.757,l_gy,non_chewing
6083203.0,-1.159668,1.45166,-0.343262,0.079406,-0.103654,-0.065283,-1.069824,-1.593262,0.593262,-0.090064,0.227825,0.038104,chewing,left_chewing,106.757,l_gy,non_chewing
6083213.0,-1.148438,1.45459,-0.338867,0.091397,-0.120175,-0.074077,-1.054199,-1.596191,0.596191,-0.090064,0.205176,0.06555,chewing,left_chewing,106.757,l_gy,non_chewing
6083223.0,-1.158203,1.454102,-0.322266,0.067948,-0.108184,-0.070613,-1.046875,-1.602051,0.602051,-0.090064,0.189455,0.053026,chewing,left_chewing,106.757,l_gy,non_chewing
6083233.0,-1.162109,1.441895,-0.317383,0.048496,-0.09193,-0.062086,-1.064453,-1.60498,0.602051,-0.085534,0.191587,0.094861,chewing,left_chewing,106.757,l_gy,non_chewing
6083243.0,-1.154785,1.443848,-0.321777,0.046098,-0.075675,-0.078873,-1.075195,-1.600586,0.591797,-0.111381,0.171868,0.093528,chewing,left_chewing,106.757,l_gy,non_chewing
6083253.0,-1.164551,1.447266,-0.322754,0.048496,-0.070346,-0.078606,-1.081543,-1.60498,0.583984,-0.106585,0.198781,0.090864,chewing,left_chewing,106.757,l_gy,non_chewing
6083263.0,-1.159668,1.455078,-0.333984,0.059688,-0.023449,-0.112714,-1.053223,-1.610352,0.584961,-0.111115,0.233155,0.100723,chewing,left_chewing,106.757,l_gy,non_chewing
6083273.0,-1.160156,1.453125,-0.320801,0.077807,-0.002398,-0.149752,-1.072266,-1.613281,0.582031,-0.127636,0.240882,0.078606,chewing,left_chewing,106.757,l_gy,non_chewing
6083283.0,-1.155273,1.457031,-0.32959,0.084735,0.003198,-0.148153,-1.087891,-1.600098,0.570801,-0.116977,0.185724,0.14309,chewing,left_chewing,106.757,l_gy,non_chewing
6083293.0,-1.15625,1.462402,-0.316406,0.098591,0.016254,-0.133231,-1.084961,-1.640137,0.57373,-0.118043,0.209706,0.131899,chewing,left_chewing,106.757,l_gy,non_chewing
6083303.0,-1.127441,1.452148,-0.333984,0.091663,-0.012257,-0.135629,-1.077637,-1.59668,0.585449,-0.12124,0.149219,0.166539,chewing,left_chewing,106.757,l_gy,non_chewing
6083313.0,-1.13916,1.441895,-0.33252,0.122573,-0.083669,-0.148686,-1.058594,-1.586426,0.575684,-0.129501,0.14762,0.181994,chewing,left_chewing,106.757,l_gy,non_chewing
6083323.0,-1.147949,1.453125,-0.325684,0.1303,-0.119908,-0.171335,-1.100098,-1.597656,0.579102,-0.107917,0.19958,0.124438,chewing,left_chewing,106.757,l_gy,non_chewing
6083333.0,-1.153809,1.467285,-0.330078,0.120441,-0.142025,-0.212637,-1.111816,-1.594727,0.574707,-0.124438,0.235553,0.13936,chewing,left_chewing,106.757,l_gy,non_chewing
6083343.0,-1.169434,1.459473,-0.32373,0.10019,-0.109783,-0.242481,-1.119141,-1.597168,0.580078,-0.127103,0.235553,0.168138,chewing,left_chewing,106.757,l_gy,non_chewing
6083353.0,-1.183594,1.456055,-0.319824,0.092729,-0.063152,-0.25234,-1.133789,-1.601563,0.54834,-0.122573,0.185191,0.20411,chewing,left_chewing,106.757,l_gy,non_chewing
6083363.0,-1.185547,1.455078,-0.29834,0.061553,0.007727,-0.240616,-1.131348,-1.603516,0.552734,-0.137495,0.171868,0.190521,chewing,left_chewing,106.757,l_gy,non_chewing
6083373.0,-1.201172,1.439941,-0.309082,0.048763,0.007727,-0.201712,-1.143066,-1.599609,0.543457,-0.107651,0.152949,0.176132,chewing,left_chewing,106.757,l_gy,non_chewing
6083383.0,-1.109863,1.483398,-0.28418,0.12124,-0.01732,-0.226493,-1.144043,-1.61084,0.518555,-0.084202,0.058089,0.166539,chewing,left_chewing,106.757,l_gy,non_chewing
6083393.0,-1.144531,1.45459,-0.299316,0.114845,-0.006129,-0.221164,-1.169922,-1.612305,0.539551,-0.108184,-0.02558,0.154015,chewing,left_chewing,106.757,l_gy,non_chewing
6083403.0,-1.074707,1.479492,-0.293945,0.211838,-0.081005,-0.258469,-1.175781,-1.615723,0.507812,-0.119908,-0.079672,0.126037,chewing,left_chewing,106.757,l_gy,non_chewing
6083413.0,-1.078125,1.48291,-0.283203,0.27419,-0.115911,-0.335476,-1.158691,-1.61377,0.515625,-0.109516,-0.231023,0.236619,chewing,left_chewing,106.757,l_gy,non_chewing
6083423.0,-1.181152,1.40625,-0.311523,0.371982,-0.262998,-0.318156,-1.132813,-1.593262,0.530273,-0.088466,-0.279786,0.214502,chewing,left_chewing,106.757,l_gy,non_chewing
6083433.0,-1.172363,1.405273,-0.298828,0.419412,-0.267528,-0.281384,-1.127441,-1.587402,0.558105,-0.062086,-0.275256,0.215568,chewing,left_chewing,106.757,l_gy,non_chewing
6083443.0,-1.22998,1.374023,-0.3125,0.328815,-0.168404,-0.232888,-1.108887,-1.576172,0.581055,-0.071145,-0.157746,0.188389,chewing,left_chewing,106.757,l_gy,non_chewing
6083453.0,-1.249023,1.345703,-0.327637,0.245412,-0.172934,-0.17853,-1.118164,-1.55957,0.592285,-0.070346,0.09193,0.081005,chewing,left_chewing,106.757,l_gy,non_chewing
6083463.0,-1.256348,1.349609,-0.351074,0.2169,-0.237418,-0.151084,-1.148438,-1.539551,0.608887,-0.091397,0.302701,0.046364,chewing,left_chewing,106.757,l_gy,non_chewing
6083473.0,-1.271973,1.325195,-0.336426,0.103387,-0.212637,-0.11298,-1.180176,-1.545898,0.613281,-0.177198,0.448723,-0.015988,chewing,left_chewing,106.757,l_gy,non_chewing
6083483.0,-1.267578,1.379883,-0.35791,0.069014,-0.311761,-0.132165,-1.09082,-1.607422,0.585937,-0.150818,0.427406,-0.008527,chewing,left_chewing,106.757,l_gy,non_chewing
6083493.0,-1.265137,1.397461,-0.361816,0.100989,-0.353596,-0.151084,-1.092285,-1.617188,0.598145,-0.158545,0.427939,-0.058888,chewing,left_chewing,106.757,l_gy,non_chewing
6083503.0,-1.197754,1.529297,-0.332031,0.022383,-0.255804,-0.04743,-1.091309,-1.596191,0.586914,-0.16121,0.376511,-0.083669,chewing,left_chewing,106.757,l_gy,non_chewing
6083513.0,-1.371582,1.304199,-0.34375,0.126836,-0.536922,-0.170003,-1.123535,-1.591309,0.583496,-0.162276,0.271525,-0.038104,chewing,left_chewing,106.757,l_gy,non_chewing
6083523.0,-1.291016,1.412109,-0.337402,0.233688,-0.607268,-0.17027,-1.129395,-1.594238,0.577148,-0.137495,0.234221,-0.084202,chewing,left_chewing,106.757,l_gy,non_chewing
6083533.0,-1.279297,1.44873,-0.353516,0.194518,-0.690937,-0.326417,-1.134277,-1.592285,0.601562,-0.127369,0.180662,-0.118842,chewing,left_chewing,106.757,l_gy,non_chewing
6083543.0,-1.299805,1.434082,-0.344238,0.211305,-0.844153,-0.453519,-1.135742,-1.608887,0.594727,-0.112447,0.134031,-0.11298,chewing,left_chewing,106.757,l_gy,non_chewing
6083553.0,-1.305176,1.381836,-0.342285,0.130567,-0.827366,-0.594744,-1.122559,-1.600098,0.543457,-0.117243,0.1303,-0.136162,chewing,left_chewing,106.757,l_gy,non_chewing
6083563.0,-1.302246,1.453613,-0.291992,0.176931,-0.899311,-0.386371,-1.123047,-1.614258,0.539551,-0.101256,0.092729,-0.110848,chewing,left_chewing,106.757,l_gy,non_chewing
6083573.0,-1.374512,1.443359,-0.264648,-0.444992,-0.4354,-0.305366,-1.126953,-1.606934,0.522461,-0.081538,0.131899,-0.146821,chewing,left_chewing,106.757,l_gy,non_chewing
6083583.0,-1.87207,1.078613,-0.40625,-0.22143,-0.423675,-0.226493,-1.15332,-1.602539,0.515625,-0.101522,0.136695,-0.166806,chewing,left_chewing,106.757,l_gy,non_chewing
6083593.0,-1.455566,1.288574,-0.269043,-0.560903,0.454585,0.502282,-1.143555,-1.575195,0.53125,-0.144423,0.150818,-0.134297,chewing,left_chewing,106.757,l_gy,non_chewing
6083603.0,-1.34082,1.458984,-0.248535,-0.215035,-0.094061,0.009326,-1.121094,-1.605469,0.527344,-0.119908,0.140159,-0.136695,chewing,left_chewing,106.757,l_gy,non_chewing
6083613.0,-1.371582,1.431641,-0.256836,-0.146021,-0.089531,0.189988,-1.108398,-1.599609,0.526367,-0.115112,0.154282,-0.164407,chewing,left_chewing,106.757,l_gy,non_chewing
6083623.0,-1.276855,1.390625,-0.27832,-0.258202,0.10472,0.011458,-1.125977,-1.589844,0.501953,-0.10845,0.176398,-0.155614,chewing,left_chewing,99.565,l_gy,non_chewing
6083633.0,-1.185547,1.408691,-0.280762,-0.312294,0.257936,0.024248,-1.105469,-1.571777,0.507812,-0.184392,0.162809,-0.127369,chewing,left_chewing,99.565,l_gy,non_chewing
6083643.0,-1.304199,1.372559,-0.279785,-0.385838,0.466309,0.062619,-1.112305,-1.583008,0.506836,-0.16494,0.148153,-0.133764,chewing,left_chewing,99.565,l_gy,non_chewing
6083653.0,-1.33252,1.363281,-0.257813,-0.634714,0.688539,0.16494,-1.120117,-1.586426,0.513184,-0.169737,0.172135,-0.167072,chewing,left_chewing,99.565,l_gy,non_chewing
6083663.0,-1.258301,1.449707,-0.280273,-0.554242,0.677614,0.09193,-1.102051,-1.619141,0.509277,-0.132965,0.150818,-0.119908,chewing,left_chewing,99.565,l_gy,non_chewing
6083673.0,-1.266113,1.431152,-0.277832,-0.301369,0.442594,0.106585,-1.099121,-1.616211,0.51416,-0.106052,0.136962,-0.132698,chewing,left_chewing,99.565,l_gy,non_chewing
6083683.0,-1.270508,1.428223,-0.239258,-0.188123,0.202245,0.144156,-1.119141,-1.627441,0.547852,-0.118309,0.112447,-0.158012,chewing,left_chewing,99.565,l_gy,non_chewing
6083693.0,-1.251465,1.399902,-0.227539,-0.189721,-0.297639,0.061286,-1.089844,-1.617188,0.546387,-0.12577,0.081538,-0.127902,chewing,left_chewing,99.565,l_gy,non_chewing
6083703.0,-1.259277,1.436523,-0.274902,-0.2606,-0.475636,0.03091,-1.107422,-1.613281,0.520996,-0.181727,0.095127,-0.20491,chewing,left_chewing,99.565,l_gy,non_chewing
6083713.0,-1.253906,1.534668,-0.30957,-0.122573,-0.913966,0.10392,-1.114746,-1.605957,0.485352,-0.172668,0.049562,-0.184392,chewing,left_chewing,99.565,l_gy,non_chewing
6083723.0,-1.286133,1.469238,-0.301758,0.05649,-1.110882,0.278453,-1.131348,-1.607422,0.47998,-0.183326,-0.000799,-0.206508,chewing,left_chewing,99.565,l_gy,non_chewing
6083733.0,-1.292969,1.458496,-0.214355,0.147887,-1.118609,0.355461,-1.112305,-1.630371,0.500977,-0.145489,-0.061819,-0.120974,chewing,left_chewing,99.565,l_gy,non_chewing
6083743.0,-1.34668,1.380371,-0.182129,0.14762,-0.888652,0.513207,-1.111816,-1.629395,0.508789,-0.097792,-0.046897,-0.133231,chewing,left_chewing,99.565,l_gy,non_chewing
6083753.0,-1.333496,1.413574,-0.158203,0.151884,-0.560903,0.495354,-1.112793,-1.632324,0.507812,-0.077807,-0.016521,-0.144423,chewing,left_chewing,99.565,l_gy,non_chewing
6083763.0,-1.273438,1.413086,-0.119141,0.002931,-0.288579,0.676015,-1.095703,-1.633301,0.543945,-0.044766,0.007994,-0.133231,chewing,left_chewing,99.565,l_gy,non_chewing
6083773.0,-1.250488,1.444824,-0.194824,-0.00453,0.116178,0.769011,-1.090332,-1.61084,0.503418,-0.070613,0.022916,-0.108983,chewing,left_chewing,99.565,l_gy,non_chewing
6083783.0,-1.458496,1.435059,-0.223633,-0.146021,0.596343,1.008028,-1.102539,-1.618652,0.48877,-0.083669,0.024248,-0.111914,chewing,left_chewing,99.565,l_gy,non_chewing
6083793.0,-1.382324,1.441406,-0.19043,-0.069547,0.494821,0.832695,-1.127441,-1.605469,0.501953,-0.089531,0.009326,-0.098591,chewing,left_chewing,99.565,l_gy,non_chewing
6083803.0,-1.145508,1.498047,-0.244141,-0.058355,0.560903,0.56117,-1.110352,-1.602539,0.496582,-0.064217,-0.046631,-0.050894,chewing,left_chewing,99.565,l_gy,non_chewing
6083813.0,-1.199219,1.443359,-0.225586,0.08207,0.454319,0.480165,-1.099121,-1.630859,0.481445,-0.026646,-0.058355,-0.001066,chewing,left_chewing,99.565,l_gy,non_chewing
6083823.0,-1.260254,1.503906,-0.240234,0.22223,0.274723,0.377311,-1.087891,-1.604492,0.496094,-0.043966,-0.005596,0.015988,chewing,left_chewing,99.565,l_gy,non_chewing
6083833.0,-1.17334,1.494629,-0.265625,0.358392,0.269926,0.325351,-1.094727,-1.597656,0.477539,-0.050628,0.006662,0.050361,chewing,left_chewing,99.565,l_gy,non_chewing
6083843.0,-1.129395,1.507813,-0.286133,0.612597,0.047963,0.309363,-1.09375,-1.614258,0.500488,-0.039703,0.015721,0.074343,chewing,left_chewing,99.565,l_gy,non_chewing
6083853.0,-1.170898,1.475098,-0.242187,0.623256,0.03917,0.382374,-1.092285,-1.620117,0.500977,-0.029844,0.0437,0.051427,chewing,left_chewing,99.565,l_gy,non_chewing
6083863.0,-1.187988,1.464844,-0.258789,0.695734,-0.167871,0.278187,-1.094727,-1.612305,0.505371,-0.03917,0.046098,0.025847,chewing,left_chewing,99.565,l_gy,non_chewing
6083873.0,-1.205566,1.477051,-0.268555,0.579822,-0.250475,0.284848,-1.09668,-1.619629,0.497559,-0.043167,0.032775,0.037838,chewing,left_chewing,99.565,l_gy,non_chewing
6083883.0,-1.251953,1.442383,-0.25293,0.4346,-0.316025,0.353862,-1.089844,-1.621582,0.496094,-0.058622,0.047697,0.007461,chewing,left_chewing,99.565,l_gy,non_chewing
6083893.0,-1.224121,1.420898,-0.230469,0.259268,-0.431136,0.245678,-1.086914,-1.624023,0.476074,-0.055158,0.062086,-0.025847,chewing,left_chewing,99.565,l_gy,non_chewing
6083903.0,-1.192871,1.45166,-0.250488,0.239017,-0.553443,0.263265,-1.093262,-1.620117,0.46875,-0.042101,0.063951,-0.027179,chewing,left_chewing,99.565,l_gy,non_chewing
6083913.0,-1.182617,1.51123,-0.254883,0.097525,-0.473504,0.13856,-1.101563,-1.623047,0.466797,-0.037305,0.005329,-0.029311,chewing,left_chewing,99.565,l_gy,non_chewing
6083923.0,-1.196777,1.483398,-0.246094,0.0429,-0.488692,0.121773,-1.098145,-1.612793,0.463379,-0.027979,-0.030377,-0.047697,chewing,left_chewing,99.565,l_gy,non_chewing
6083933.0,-1.205078,1.457031,-0.238281,-0.038371,-0.533191,0.18306,-1.099121,-1.605957,0.472656,0.006662,-0.035173,-0.053825,chewing,left_chewing,99.565,l_gy,non_chewing
6083943.0,-1.160645,1.458984,-0.234863,-0.139893,-0.519069,0.109516,-1.088867,-1.611816,0.47168,0.026646,-0.006662,-0.090331,chewing,left_chewing,99.565,l_gy,non_chewing
6083953.0,-1.126465,1.458984,-0.237305,-0.255271,-0.616594,0.068214,-1.077148,-1.62207,0.494141,0.056757,0.045565,-0.123905,chewing,left_chewing,99.565,l_gy,non_chewing
6083963.0,-1.109375,1.509277,-0.245605,-0.161743,-0.758086,-0.006662,-1.108887,-1.614746,0.489746,0.036772,0.083669,-0.127369,chewing,left_chewing,99.565,l_gy,non_chewing
6083973.0,-1.157715,1.450195,-0.21582,-0.098325,-0.885721,-0.042101,-1.109863,-1.615234,0.508789,0.066349,0.105253,-0.084202,chewing,left_chewing,99.565,l_gy,non_chewing
6083983.0,-1.125977,1.44873,-0.195312,0.01359,-1.019752,-0.16494,-1.105957,-1.611328,0.502441,0.068214,0.094328,-0.023182,chewing,left_chewing,99.565,l_gy,non_chewing
6083993.0,-1.204102,1.428711,-0.20166,0.12204,-0.947008,-0.138827,-1.093262,-1.612793,0.513672,0.072744,0.093262,0.005329,chewing,left_chewing,99.565,l_gy,non_chewing
6084003.0,-1.319824,1.535645,-0.202148,0.183859,-0.880126,-0.000533,-1.087402,-1.61084,0.505371,0.066083,0.067149,0.043167,chewing,left_chewing,99.565,l_gy,non_chewing
6084013.0,-1.296875,1.475586,-0.180664,0.144156,-0.796989,0.034107,-1.075195,-1.626465,0.518555,0.090331,0.0429,0.069547,chewing,left_chewing,99.565,l_gy,non_chewing
6084023.0,-1.231445,1.475586,-0.168945,0.187856,-0.567565,0.204377,-1.086914,-1.634277,0.491699,0.097259,0.046897,0.042101,chewing,left_chewing,99.565,l_gy,non_chewing
6084033.0,-1.266602,1.422852,-0.187012,0.125237,-0.352796,0.251008,-1.090332,-1.632813,0.501953,0.0874,0.016787,0.036772,chewing,left_chewing,99.565,l_gy,non_chewing
6084043.0,-1.254395,1.443359,-0.188965,0.080738,-0.324818,0.146021,-1.108398,-1.615723,0.512695,0.081271,0.001865,0.046098,chewing,left_chewing,99.565,l_gy,non_chewing
6084053.0,-1.242676,1.447754,-0.208496,0.023182,-0.181461,0.240349,-1.099609,-1.608887,0.530273,0.08207,-0.011191,0.042368,chewing,left_chewing,99.565,l_gy,non_chewing
6084063.0,-1.212402,1.54834,-0.216797,0.029844,-0.281917,0.16574,-1.112793,-1.598633,0.552734,0.046364,0.051427,0.026913,chewing,left_chewing,99.565,l_gy,non_chewing
6084073.0,-1.219727,1.508301,-0.224609,0.043966,-0.387969,0.154015,-1.125,-1.599609,0.524902,0.033841,0.066349,0.016521,chewing,left_chewing,99.565,l_gy,non_chewing
6084083.0,-1.272949,1.520508,-0.216309,0.053559,-0.268061,0.266995,-1.102051,-1.607422,0.533691,0.004796,0.078873,0.006928,chewing,left_chewing,99.565,l_gy,non_chewing
6084093.0,-1.278809,1.556152,-0.207031,0.147087,-0.240083,0.288312,-1.102051,-1.60791,0.532227,-0.007194,0.119642,-0.066349,chewing,left_chewing,99.565,l_gy,non_chewing
6084103.0,-1.288086,1.507324,-0.202637,0.192386,-0.054891,0.361057,-1.096191,-1.624512,0.51123,0.010392,0.108983,-0.090064,chewing,left_chewing,99.565,l_gy,non_chewing
6084113.0,-1.095703,1.520508,-0.20166,0.221963,0.039436,0.455384,-1.097168,-1.610352,0.512207,0.010658,0.096193,-0.115112,chewing,left_chewing,99.565,l_gy,non_chewing
6084123.0,-1.111816,1.503906,-0.163086,0.152949,0.17773,0.350398,-1.101074,-1.618652,0.523926,0.036505,0.071412,-0.117243,chewing,left_chewing,99.565,l_gy,non_chewing
6084133.0,-1.301758,1.433105,-0.212891,0.158012,-0.129767,-0.144423,-1.097168,-1.603516,0.530762,0.057822,0.037305,-0.099124,chewing,left_chewing,99.565,l_gy,non_chewing
6084143.0,-1.230469,1.48291,-0.208496,0.07834,-0.233688,-0.175332,-1.09375,-1.607422,0.507324,0.056757,0.061819,-0.116444,chewing,left_chewing,99.565,l_gy,non_chewing
6084153.0,-1.172852,1.498047,-0.186035,0.168404,-0.367185,-0.244879,-1.105957,-1.608398,0.501465,0.053292,0.054891,-0.130567,chewing,left_chewing,99.565,l_gy,non_chewing
6084163.0,-1.174805,1.491211,-0.175781,0.244613,-0.505213,-0.300836,-1.112793,-1.603027,0.508301,0.066882,0.013856,-0.070879,chewing,left_chewing,99.565,l_gy,non_chewing
6084173.0,-1.220215,1.489258,-0.170898,0.245945,-0.539054,-0.330946,-1.114746,-1.620117,0.525391,0.082337,0.002665,0.001865,chewing,right_chewing,106.657,l_gy,non_chewing
6084183.0,-1.250977,1.452148,-0.146484,0.16494,-0.459115,-0.243813,-1.085449,-1.608887,0.538086,0.06928,0.071678,-0.078873,chewing,right_chewing,106.657,l_gy,non_chewing
6084193.0,-1.23584,1.412109,-0.142578,0.155614,-0.231023,-0.243547,-1.083008,-1.615234,0.53418,0.05196,0.076208,-0.060487,chewing,right_chewing,106.657,l_gy,non_chewing
6084203.0,-1.246582,1.463379,-0.163086,0.039436,-0.298172,-0.138028,-1.07959,-1.609863,0.536621,0.050361,0.085801,-0.075142,chewing,right_chewing,106.657,l_gy,non_chewing
6084213.0,-1.236816,1.447266,-0.160156,0.022116,-0.269926,-0.170536,-1.0625,-1.615234,0.538574,0.063152,0.047164,-0.057289,chewing,right_chewing,106.657,l_gy,non_chewing
6084223.0,-1.222656,1.453613,-0.161133,0.007194,-0.175066,-0.112447,-1.074219,-1.613281,0.548828,0.062086,0.026646,-0.054625,chewing,right_chewing,106.657,l_gy,non_chewing
6084233.0,-1.237305,1.44043,-0.165039,-0.022916,-0.207041,-0.12124,-1.0625,-1.618652,0.543457,0.078873,0.047963,-0.051694,chewing,right_chewing,106.657,l_gy,non_chewing
6084243.0,-1.220703,1.468262,-0.155762,-0.031709,-0.095127,-0.134031,-1.082031,-1.599121,0.510742,0.074876,0.127369,-0.088199,chewing,right_chewing,106.657,l_gy,non_chewing
6084253.0,-1.210938,1.462402,-0.17334,-0.05276,0.022383,-0.131632,-1.102051,-1.601563,0.530762,0.065017,0.154015,-0.074609,chewing,right_chewing,106.657,l_gy,non_chewing
6084263.0,-1.183105,1.475586,-0.183105,0.060221,0.106319,-0.099124,-1.109863,-1.619141,0.526367,0.046631,0.154815,-0.034907,chewing,right_chewing,106.657,l_gy,non_chewing
6084273.0,-1.218262,1.469238,-0.199219,0.066083,0.196383,-0.16041,-1.108887,-1.604492,0.52832,0.005596,0.13483,0.006129,chewing,right_chewing,106.657,l_gy,non_chewing
6084283.0,-1.231445,1.452148,-0.169922,0.099657,0.053825,-0.189188,-1.09668,-1.620117,0.527832,0.037571,0.050361,0.036239,chewing,right_chewing,106.657,l_gy,non_chewing
6084293.0,-1.217773,1.477539,-0.177246,0.142557,-0.031975,-0.203044,-1.071777,-1.614258,0.532227,0.051427,0.005862,0.040236,chewing,right_chewing,106.657,l_gy,non_chewing
6084303.0,-1.228516,1.480957,-0.182129,0.141225,-0.067948,-0.14842,-1.075195,-1.615234,0.541992,0.028511,-0.00453,0.015721,chewing,right_chewing,106.657,l_gy,non_chewing
6084313.0,-1.208984,1.478516,-0.206055,0.177997,-0.123372,-0.113513,-1.091797,-1.601563,0.541992,0.034107,0.001332,-0.011991,chewing,right_chewing,106.657,l_gy,non_chewing
6084323.0,-1.21875,1.482422,-0.17334,0.118043,-0.114046,-0.120441,-1.102051,-1.602051,0.542969,0.027446,0.014389,-0.049029,chewing,right_chewing,106.657,l_gy,non_chewing
6084333.0,-1.242188,1.461426,-0.192383,0.053825,-0.094061,-0.106851,-1.100098,-1.600586,0.54248,-0.001332,0.024781,-0.065017,chewing,right_chewing,106.657,l_gy,non_chewing
6084343.0,-1.243652,1.459961,-0.188965,0.070613,-0.048763,-0.104986,-1.089355,-1.609863,0.547852,0.000266,0.035173,-0.036239,chewing,right_chewing,106.657,l_gy,non_chewing
6084353.0,-1.246582,1.456543,-0.179199,0.010126,-0.047697,-0.122306,-1.097168,-1.612305,0.552734,-0.01732,0.027712,-0.056224,chewing,right_chewing,106.657,l_gy,non_chewing
6084363.0,-1.26709,1.44873,-0.175293,-0.096992,0.040502,-0.110848,-1.103027,-1.623047,0.555176,-0.041035,-0.020251,-0.032775,chewing,right_chewing,106.657,l_gy,non_chewing
6084373.0,-1.273926,1.4375,-0.180176,-0.112714,0.066349,-0.101256,-1.089355,-1.62207,0.545898,-0.025314,-0.081804,0.009326,chewing,right_chewing,106.657,l_gy,non_chewing
6084383.0,-1.253418,1.44873,-0.187988,-0.111381,0.062885,-0.102588,-1.07373,-1.626953,0.549805,-0.03091,-0.095926,0.019452,chewing,right_chewing,106.657,l_gy,non_chewing
6084393.0,-1.22998,1.469238,-0.200684,-0.095394,0.049296,-0.124438,-1.048828,-1.621094,0.57959,-0.021583,-0.085801,0.019718,chewing,right_chewing,106.657,l_gy,non_chewing
6084403.0,-1.210938,1.48291,-0.174805,-0.011191,0.045032,-0.151351,-1.064453,-1.604004,0.568848,-0.027979,-0.02558,-0.053292,chewing,right_chewing,106.657,l_gy,non_chewing
6084413.0,-1.290039,1.428223,-0.161133,-0.02185,0.03544,-0.053825,-1.083984,-1.607422,0.55127,-0.031709,-0.007461,-0.080738,chewing,right_chewing,106.657,l_gy,non_chewing
6084423.0,-1.258789,1.44873,-0.12793,-0.021317,0.043167,-0.00826,-1.086426,-1.599121,0.534668,-0.015455,0.001865,-0.071945,chewing,right_chewing,106.657,l_gy,non_chewing
6084433.0,-1.233887,1.461914,-0.148437,-0.029844,0.037305,-0.055691,-1.086914,-1.605957,0.500488,-0.012257,0.027979,-0.082603,chewing,right_chewing,106.657,l_gy,non_chewing
6084443.0,-1.229492,1.471191,-0.162109,-0.03544,-0.023982,-0.029311,-1.094238,-1.59375,0.487793,-0.036772,0.028511,-0.087133,chewing,right_chewing,106.657,l_gy,non_chewing
6084453.0,-1.249023,1.480469,-0.185547,-0.039436,-0.008527,0.012524,-1.10498,-1.614746,0.53418,-0.037305,0.017853,-0.10019,chewing,right_chewing,106.657,l_gy,non_chewing
6084463.0,-1.280273,1.432617,-0.164062,-0.046897,-0.033308,0.039703,-1.089844,-1.612305,0.555176,-0.005063,0.007461,-0.101256,chewing,right_chewing,106.657,l_gy,non_chewing
6084473.0,-1.274902,1.444824,-0.169434,-0.081271,-0.018386,0.042368,-1.094238,-1.605469,0.544434,0.00453,-0.001599,-0.076208,chewing,right_chewing,106.657,l_gy,non_chewing
6084483.0,-1.246582,1.454102,-0.165527,-0.014389,-0.032242,0.046364,-1.081543,-1.618652,0.544434,0.01732,-0.015188,-0.068481,chewing,right_chewing,106.657,l_gy,non_chewing
6084493.0,-1.231445,1.455078,-0.15332,-0.047963,-0.020518,0.007461,-1.088867,-1.624023,0.519531,0.05276,-0.000266,-0.038371,chewing,right_chewing,106.657,l_gy,non_chewing
6084503.0,-1.226074,1.465332,-0.147461,-0.016787,-0.033574,-0.025047,-1.094238,-1.623535,0.515625,0.094594,0.011191,-0.047697,chewing,right_chewing,106.657,l_gy,non_chewing
6084513.0,-1.265137,1.459473,-0.162109,-0.022383,0.044766,0.029577,-1.098145,-1.605469,0.525879,0.087133,-0.004796,-0.056757,chewing,right_chewing,106.657,l_gy,non_chewing
6084523.0,-1.244141,1.441406,-0.164551,0.050361,0.01359,0.049562,-1.100586,-1.602051,0.540039,0.09113,-0.039436,-0.042634,chewing,right_chewing,106.657,l_gy,non_chewing
6084533.0,-1.26709,1.462891,-0.158203,0.023182,-0.090331,-0.001066,-1.083496,-1.624023,0.523926,0.087133,-0.070879,-0.027446,chewing,right_chewing,106.657,l_gy,non_chewing
6084543.0,-1.239746,1.478516,-0.160645,0.057289,-0.115378,0.03011,-1.084473,-1.621094,0.559082,0.047164,-0.092196,0.010658,chewing,right_chewing,106.657,l_gy,non_chewing
6084553.0,-1.277344,1.456055,-0.15332,-0.008527,-0.071678,0.020784,-1.088379,-1.633789,0.569336,0.049296,-0.1311,0.020784,chewing,right_chewing,106.657,l_gy,non_chewing
6084563.0,-1.26416,1.476074,-0.154785,-0.013323,-0.077807,-0.032775,-1.056641,-1.620117,0.558105,0.04823,-0.1311,0.013057,chewing,right_chewing,106.657,l_gy,non_chewing
6084573.0,-1.272949,1.46875,-0.152832,0.00906,-0.017853,-0.028511,-1.055664,-1.621094,0.559082,0.029044,-0.106585,0.039436,chewing,right_chewing,106.657,l_gy,non_chewing
6084583.0,-1.251465,1.465332,-0.149414,0.039703,-0.021583,-0.050095,-1.074219,-1.614746,0.576172,0.044233,-0.081005,0.029577,chewing,right_chewing,106.657,l_gy,non_chewing
6084593.0,-1.30957,1.442871,-0.131348,0.039969,0.027179,-0.077274,-1.094727,-1.61084,0.552734,0.03544,-0.063951,0.033041,chewing,right_chewing,106.657,l_gy,non_chewing
6084603.0,-1.291992,1.462402,-0.139648,0.101789,0.039703,-0.071678,-1.100098,-1.614746,0.549805,0.0429,-0.063685,0.071412,chewing,right_chewing,106.657,l_gy,non_chewing
6084613.0,-1.245605,1.461914,-0.145508,0.153216,0.033308,-0.098325,-1.091797,-1.597168,0.549805,0.018652,-0.054625,0.075409,chewing,right_chewing,106.657,l_gy,non_chewing
6084623.0,-1.288086,1.441895,-0.148437,0.086067,0.065816,-0.097792,-1.086914,-1.59668,0.546875,0.010392,-0.016521,0.074343,chewing,right_chewing,106.657,l_gy,non_chewing
6084633.0,-1.311035,1.433105,-0.157227,0.180395,0.122839,-0.12577,-1.090332,-1.595703,0.542969,0.013057,-0.012257,0.06928,chewing,right_chewing,106.657,l_gy,non_chewing
6084643.0,-1.263184,1.467773,-0.162598,0.117776,-0.05196,-0.07008,-1.087402,-1.592285,0.555664,0.011458,-0.026113,0.102855,chewing,right_chewing,106.657,l_gy,non_chewing
6084653.0,-1.242676,1.456543,-0.162598,0.071945,-0.0429,-0.082337,-1.070801,-1.605469,0.556152,0.005862,-0.005596,0.063685,chewing,right_chewing,106.657,l_gy,non_chewing
6084663.0,-1.240723,1.457031,-0.151367,-0.014655,-0.006928,-0.102055,-1.089844,-1.602051,0.562012,-0.005596,-0.068481,0.124971,chewing,right_chewing,106.657,l_gy,non_chewing
6084673.0,-1.260254,1.439453,-0.164062,-0.045832,-0.03917,-0.088732,-1.107422,-1.603516,0.558105,0.009326,-0.149485,0.174533,chewing,right_chewing,106.657,l_gy,non_chewing
6084683.0,-1.291504,1.445313,-0.139648,-0.079672,-0.019452,-0.07381,-1.095703,-1.612793,0.567871,0.027179,-0.123905,0.117243,chewing,right_chewing,106.657,l_gy,non_chewing
6084693.0,-1.276855,1.428223,-0.134766,-0.079406,-0.054092,-0.012524,-1.088867,-1.617188,0.555664,0.00826,-0.107118,0.100456,chewing,right_chewing,106.657,l_gy,non_chewing
6084703.0,-1.26709,1.450684,-0.147461,-0.041035,-0.077541,0.03011,-1.110352,-1.609375,0.545898,0.017853,-0.128968,0.099391,chewing,right_chewing,107.626,l_gy,non_chewing
6084713.0,-1.282715,1.433105,-0.145996,-0.085534,-0.026913,0.079672,-1.114258,-1.613281,0.543457,0.043966,-0.155081,0.136695,chewing,right_chewing,107.626,l_gy,non_chewing
6084723.0,-1.27002,1.432129,-0.156738,-0.038637,-0.066349,0.079406,-1.082031,-1.602051,0.525879,0.033574,-0.132698,0.085268,chewing,right_chewing,107.626,l_gy,non_chewing
6084733.0,-1.251465,1.45166,-0.135254,-0.048496,-0.078873,0.07008,-1.088867,-1.583008,0.540527,0.054891,-0.122306,0.055691,chewing,right_chewing,107.626,l_gy,non_chewing
6084743.0,-1.25293,1.46582,-0.151367,-0.057023,-0.091663,0.054625,-1.120605,-1.588379,0.515137,0.063418,-0.142557,0.050628,chewing,right_chewing,107.626,l_gy,non_chewing
6084753.0,-1.250977,1.463867,-0.157715,-0.09566,-0.063152,0.035173,-1.126953,-1.592773,0.527832,0.034907,-0.151884,0.037305,chewing,right_chewing,107.626,l_gy,non_chewing
6084763.0,-1.239746,1.477539,-0.169922,-0.100723,-0.089798,0.032242,-1.119141,-1.611328,0.538574,0.050095,-0.166006,-0.010658,chewing,right_chewing,107.626,l_gy,non_chewing
6084773.0,-1.24707,1.472168,-0.148926,-0.062885,-0.159078,0.03091,-1.075195,-1.579102,0.566406,0.075142,-0.127636,-0.11298,chewing,right_chewing,107.626,l_gy,non_chewing
6084783.0,-1.265625,1.460449,-0.132324,-0.070346,-0.220098,0.034907,-1.127441,-1.604492,0.577637,0.038104,-0.146821,-0.030643,chewing,right_chewing,107.626,l_gy,non_chewing
6084793.0,-1.303223,1.455566,-0.116699,-0.063951,-0.235819,0.066083,-1.138184,-1.575195,0.573242,0.025314,-0.106319,-0.098858,chewing,right_chewing,107.626,l_gy,non_chewing
6084803.0,-1.322754,1.443359,-0.121094,-0.050095,-0.252073,0.062619,-1.134766,-1.602539,0.568359,0.063418,-0.136429,-0.070613,chewing,right_chewing,107.626,l_gy,non_chewing
6084813.0,-1.330078,1.44873,-0.115234,-0.066083,-0.237152,0.082337,-1.103027,-1.597656,0.582031,0.03011,-0.056224,-0.117776,chewing,right_chewing,107.626,l_gy,non_chewing
6084823.0,-1.333008,1.447754,-0.129883,-0.091663,-0.209706,0.108717,-1.143555,-1.59082,0.59668,0.068481,-0.032508,-0.163341,chewing,right_chewing,107.626,l_gy,non_chewing
6084833.0,-1.316406,1.450684,-0.119141,-0.122839,-0.151351,0.147887,-1.085449,-1.60791,0.584473,0.098591,-0.041302,-0.174799,chewing,right_chewing,107.626,l_gy,non_chewing
6084843.0,-1.311035,1.467285,-0.12793,-0.175865,-0.127636,0.164674,-1.09375,-1.620605,0.581543,0.099124,-0.032775,-0.181194,chewing,right_chewing,107.626,l_gy,non_chewing
6084853.0,-1.294922,1.476563,-0.130859,-0.223029,-0.13483,0.162542,-1.118164,-1.622559,0.573242,0.079939,-0.033841,-0.246744,chewing,right_chewing,107.626,l_gy,non_chewing
6084863.0,-1.296387,1.479004,-0.121582,-0.207574,-0.137495,0.215302,-1.086426,-1.616211,0.580078,0.091397,-0.078074,-0.188922,chewing,right_chewing,107.626,l_gy,non_chewing
6084873.0,-1.279785,1.490723,-0.105469,-0.224095,-0.155614,0.158545,-1.114258,-1.604004,0.539062,0.108184,-0.087666,-0.241149,chewing,right_chewing,107.626,l_gy,non_chewing
6084883.0,-1.267578,1.51123,-0.133789,-0.114579,-0.215835,0.196649,-1.103516,-1.609863,0.575684,0.093528,-0.068747,-0.255804,chewing,right_chewing,107.626,l_gy,non_chewing
6084893.0,-1.241211,1.51416,-0.117676,-0.005063,-0.259268,0.163874,-1.070801,-1.628906,0.585937,0.097259,-0.076741,-0.261666,chewing,right_chewing,107.626,l_gy,non_chewing
6084903.0,-1.306641,1.461426,-0.10498,0.012257,-0.362123,0.179063,-1.099609,-1.624023,0.584961,0.131632,-0.079672,-0.285914,chewing,right_chewing,107.626,l_gy,non_chewing
6084913.0,-1.29248,1.492188,-0.095703,0.03011,-0.328282,0.157746,-1.077148,-1.630371,0.587891,0.148953,-0.065816,-0.258202,chewing,right_chewing,107.626,l_gy,non_chewing
6084923.0,-1.289551,1.466797,-0.08252,0.015721,-0.327216,0.155348,-1.072266,-1.610352,0.605469,0.159078,-0.058355,-0.23502,chewing,right_chewing,107.626,l_gy,non_chewing
6084933.0,-1.280273,1.475098,-0.070801,-0.043167,-0.328282,0.170802,-1.083496,-1.618164,0.60498,0.169204,-0.052227,-0.194784,chewing,right_chewing,107.626,l_gy,non_chewing
6084943.0,-1.283203,1.44873,-0.062988,-0.060753,-0.298172,0.205975,-1.085938,-1.62207,0.570312,0.147087,-0.06475,-0.198248,chewing,right_chewing,107.626,l_gy,non_chewing
6084953.0,-1.289063,1.447754,-0.063477,-0.124971,-0.400493,0.220897,-1.078613,-1.625977,0.553711,0.173734,-0.094861,-0.200913,chewing,right_chewing,107.626,l_gy,non_chewing
6084963.0,-1.259766,1.487793,-0.070312,-0.122306,-0.43007,0.197982,-1.094727,-1.647461,0.561035,0.186257,-0.15215,-0.199314,chewing,right_chewing,107.626,l_gy,non_chewing
6084973.0,-1.279297,1.474609,-0.067383,-0.102322,-0.519602,0.161476,-1.087891,-1.621094,0.594238,0.164407,-0.232089,-0.135096,chewing,right_chewing,107.626,l_gy,non_chewing
6084983.0,-1.257324,1.47998,-0.071777,-0.073011,-0.54838,0.187856,-1.05957,-1.612793,0.583984,0.146021,-0.318423,-0.088732,chewing,right_chewing,107.626,l_gy,non_chewing
6084993.0,-1.263184,1.473145,-0.075195,-0.002665,-0.641109,0.165207,-1.078125,-1.618164,0.596191,0.101256,-0.30057,-0.090331,chewing,right_chewing,107.626,l_gy,non_chewing
6085003.0,-1.269531,1.496094,-0.05127,0.048763,-0.583286,0.143623,-1.042969,-1.602539,0.613281,0.112181,-0.257936,-0.0429,chewing,right_chewing,107.626,l_gy,non_chewing
6085013.0,-1.287598,1.478516,-0.027832,0.133231,-0.295507,-0.047963,-1.071289,-1.587891,0.597656,0.139626,-0.230224,-0.050628,chewing,right_chewing,107.626,l_gy,non_chewing
6085023.0,-1.303223,1.480469,-0.058105,0.131632,-0.186524,-0.052493,-1.050293,-1.578613,0.623047,0.118309,-0.217966,-0.087133,chewing,right_chewing,107.626,l_gy,non_chewing
6085033.0,-1.294922,1.47168,-0.051758,0.128701,0.038904,-0.163341,-1.037109,-1.567871,0.599609,0.10925,-0.307231,0.006928,chewing,right_chewing,107.626,l_gy,non_chewing
6085043.0,-1.319824,1.490234,-0.065918,0.140959,0.015988,-0.218766,-1.075195,-1.585938,0.617187,0.086067,-0.304034,-0.0437,chewing,right_chewing,107.626,l_gy,non_chewing
6085053.0,-1.337891,1.477539,-0.097656,0.237951,-0.292576,-0.280319,-1.046875,-1.587891,0.617676,0.087933,-0.348533,0.036505,chewing,right_chewing,107.626,l_gy,non_chewing
6085063.0,-1.282715,1.5,-0.092285,0.275789,-0.414083,-0.268594,-1.053711,-1.581055,0.626953,0.008793,-0.442861,0.091397,chewing,right_chewing,107.626,l_gy,non_chewing
6085073.0,-1.299805,1.466309,-0.075195,0.208107,-0.335476,-0.23875,-1.047852,-1.597168,0.644043,-0.025047,-0.503081,0.116178,chewing,right_chewing,107.626,l_gy,non_chewing
6085083.0,-1.302734,1.471191,-0.074707,0.198248,-0.197182,-0.196383,-1.04248,-1.61084,0.648437,-0.028778,-0.49562,0.07381,chewing,right_chewing,107.626,l_gy,non_chewing
6085093.0,-1.222656,1.464355,-0.090332,0.022916,-0.350665,-0.156413,-1.030273,-1.640625,0.659668,-0.070346,-0.466842,0.069813,chewing,right_chewing,107.626,l_gy,non_chewing
6085103.0,-1.231934,1.421875,-0.095703,0.001599,-0.459648,-0.171069,-1.041016,-1.632813,0.663574,-0.052493,-0.372515,-0.02185,chewing,right_chewing,107.626,l_gy,non_chewing
6085113.0,-1.20459,1.439453,-0.086426,-0.087133,-0.538254,-0.194251,-1.057129,-1.621582,0.664062,0.05649,-0.23955,-0.026646,chewing,right_chewing,107.626,l_gy,non_chewing
6085123.0,-1.192871,1.445313,-0.0625,-0.00906,-0.556374,-0.240083,-1.017578,-1.612305,0.647949,0.131899,-0.167871,-0.05649,chewing,right_chewing,107.626,l_gy,non_chewing
6085133.0,-1.235352,1.430664,-0.078125,-0.074876,-0.629118,-0.270193,-1.038086,-1.60791,0.658203,0.095926,-0.158545,-0.167605,chewing,right_chewing,107.626,l_gy,non_chewing
6085143.0,-1.24707,1.429688,-0.051758,-0.095394,-0.715985,-0.240616,-1.075195,-1.592773,0.65625,0.003997,-0.2169,-0.338674,chewing,right_chewing,107.626,l_gy,non_chewing
6085153.0,-1.218262,1.439941,-0.058594,-0.115112,-0.791927,-0.193985,-1.055664,-1.608398,0.69043,0.043966,-0.276055,-0.266995,chewing,right_chewing,107.626,l_gy,non_chewing
6085163.0,-1.239258,1.450195,-0.052734,-0.093262,-0.83083,-0.163874,-1.039063,-1.618164,0.693359,0.05196,-0.223562,-0.371182,chewing,right_chewing,107.626,l_gy,non_chewing
6085173.0,-1.260254,1.456543,-0.046875,-0.005063,-0.870533,-0.119908,-1.045898,-1.603027,0.681152,0.062086,-0.123372,-0.494821,chewing,right_chewing,107.626,l_gy,non_chewing
6085183.0,-1.278809,1.463867,-0.04248,0.101522,-0.916364,-0.078606,-1.057617,-1.604492,0.681152,0.098325,-0.003997,-0.555041,chewing,right_chewing,107.626,l_gy,non_chewing
6085193.0,-1.308594,1.467773,-0.03418,0.174799,-0.851614,-0.083136,-1.054688,-1.604492,0.655273,0.120441,0.0866,-0.565167,chewing,right_chewing,107.626,l_gy,non_chewing
6085203.0,-1.345703,1.45459,-0.009766,0.193718,-0.718649,-0.082337,-1.045898,-1.619629,0.678223,0.118309,0.061819,-0.515605,chewing,right_chewing,107.626,l_gy,non_chewing
6085213.0,-1.368652,1.443848,-0.008789,0.174799,-0.511075,-0.039703,-1.054199,-1.618652,0.67041,0.132698,0.029844,-0.505213,chewing,right_chewing,107.626,l_gy,non_chewing
6085223.0,-1.38916,1.4375,0.003906,0.130567,-0.30057,0.033308,-1.025879,-1.643066,0.672363,0.138028,-0.041035,-0.413283,chewing,right_chewing,107.626,l_gy,non_chewing
6085233.0,-1.36084,1.434082,0.009277,0.09566,-0.114845,0.125237,-1.016113,-1.638672,0.663574,0.153749,-0.04823,-0.394897,chewing,unknown,110.453,l_gy,non_chewing
6085243.0,-1.339355,1.45752,-0.003906,0.050894,0.074343,0.189721,-1.009277,-1.632813,0.667969,0.144423,-0.089265,-0.286714,chewing,unknown,110.453,l_gy,non_chewing
6085253.0,-1.314453,1.453125,-0.025391,0.025314,0.183326,0.235553,-0.98291,-1.621582,0.675781,0.175599,-0.096992,-0.234753,chewing,unknown,110.453,l_gy,non_chewing
6085263.0,-1.299805,1.469727,-0.033203,0.063418,0.216634,0.242481,-0.953125,-1.624023,0.686523,0.173734,-0.127636,-0.210772,chewing,unknown,110.453,l_gy,non_chewing
6085273.0,-1.306641,1.462891,-0.02832,0.114312,0.284848,0.22676,-0.948242,-1.624023,0.68457,0.162542,-0.131632,-0.14842,chewing,unknown,110.453,l_gy,non_chewing
6085283.0,-1.315918,1.458496,-0.043457,0.168404,0.246211,0.200113,-0.94873,-1.627441,0.686523,0.18226,-0.20038,-0.032242,chewing,unknown,110.453,l_gy,non_chewing
6085293.0,-1.313477,1.45752,-0.024414,0.196649,0.254205,0.179329,-0.960449,-1.637207,0.700684,0.136429,-0.268328,0.103387,chewing,unknown,110.453,l_gy,non_chewing
6085303.0,-1.307617,1.466309,-0.03418,0.199047,0.289112,0.146821,-0.974121,-1.630859,0.701172,0.070613,-0.324551,0.262732,chewing,unknown,110.453,l_gy,non_chewing
6085313.0,-1.30957,1.459961,-0.060059,0.20038,0.293908,0.122839,-0.987305,-1.621582,0.700195,-0.007727,-0.284582,0.297639,chewing,unknown,110.453,l_gy,non_chewing
6085323.0,-1.29834,1.46875,-0.055664,0.218499,0.254472,0.102588,-0.979492,-1.615234,0.708984,-0.046098,-0.232622,0.230757,chewing,unknown,110.453,l_gy,non_chewing
6085333.0,-1.305664,1.456543,-0.056641,0.192386,0.265663,0.096459,-1.004395,-1.604492,0.698242,-0.068214,-0.235553,0.252606,chewing,unknown,110.453,l_gy,non_chewing
6085343.0,-1.303711,1.449707,-0.058105,0.149219,0.277387,0.104986,-0.986328,-1.592285,0.713379,-0.070613,-0.255271,0.285381,chewing,unknown,110.453,l_gy,non_chewing
6085353.0,-1.291016,1.455078,-0.027832,0.126836,0.294708,0.136962,-0.973145,-1.615234,0.750488,-0.065283,-0.279253,0.252606,chewing,unknown,110.453,l_gy,non_chewing
6085363.0,-1.253418,1.4375,-0.031738,0.077807,0.326683,0.147354,-0.96582,-1.614746,0.712402,-0.076475,-0.336276,0.31789,chewing,unknown,110.453,l_gy,non_chewing
6085373.0,-1.227539,1.459961,-0.046875,0.063951,0.311495,0.133231,-0.963867,-1.638672,0.697266,-0.063152,-0.36159,0.304833,chewing,unknown,110.453,l_gy,non_chewing
6085383.0,-1.237305,1.45166,-0.070312,0.062619,0.294974,0.133764,-0.982422,-1.582031,0.723145,-0.103387,-0.310162,0.209972,chewing,unknown,110.453,l_gy,non_chewing
6085393.0,-1.23877,1.451172,-0.084961,0.061553,0.281384,0.131899,-1.015625,-1.608398,0.730957,-0.096726,-0.276855,0.181194,chewing,unknown,110.453,l_gy,non_chewing
6085403.0,-1.238281,1.455078,-0.07959,0.085801,0.22676,0.144689,-1.002441,-1.602051,0.750977,-0.137495,-0.197449,0.118842,chewing,unknown,110.453,l_gy,non_chewing
6085413.0,-1.263672,1.456055,-0.087402,0.071412,0.19958,0.173201,-0.986816,-1.624023,0.728027,-0.134564,-0.050095,0.028511,chewing,unknown,110.453,l_gy,non_chewing
6085423.0,-1.265625,1.458008,-0.071289,0.070879,0.154282,0.189721,-1.034668,-1.605469,0.72998,-0.122306,-0.014922,0.034107,chewing,unknown,110.453,l_gy,non_chewing
6085433.0,-1.256348,1.47168,-0.070801,0.06475,0.131899,0.160943,-1.031738,-1.606934,0.72168,-0.106052,0.025047,0.038371,chewing,unknown,110.453,l_gy,non_chewing
6085443.0,-1.243164,1.491699,-0.070312,0.091397,0.153749,0.126836,-1.010254,-1.62207,0.705566,-0.101256,0.086334,-0.005862,chewing,unknown,110.453,l_gy,non_chewing
6085453.0,-1.252441,1.48291,-0.069824,0.111648,0.165473,0.087666,-1.010742,-1.615723,0.709961,-0.093795,0.119642,-0.045832,chewing,unknown,110.453,l_gy,non_chewing
6085463.0,-1.263184,1.488281,-0.04248,0.093795,0.187057,0.053825,-1.0,-1.615723,0.705078,-0.043433,0.133231,-0.129234,chewing,unknown,110.453,l_gy,non_chewing
6085473.0,-1.242676,1.48877,-0.05957,0.105786,0.177198,0.03544,-0.991211,-1.614746,0.696289,-0.020784,0.142291,-0.205709,chewing,unknown,110.453,l_gy,non_chewing
6085483.0,-1.255859,1.482422,-0.052734,0.12124,0.232888,0.063152,-0.984375,-1.628906,0.689453,-0.007994,0.130034,-0.242481,chewing,unknown,110.453,l_gy,non_chewing
6085493.0,-1.247559,1.479492,-0.058594,0.081538,0.246478,0.07008,-0.991211,-1.618652,0.702637,-0.035173,0.164407,-0.294974,chewing,unknown,110.453,l_gy,non_chewing
6085503.0,-1.251465,1.477051,-0.049316,0.069813,0.25607,0.104453,-0.993652,-1.63623,0.705566,-0.021583,0.167338,-0.282184,chewing,unknown,110.453,l_gy,non_chewing
6085513.0,-1.258301,1.47168,-0.047852,0.023182,0.288312,0.098325,-0.981934,-1.631836,0.702148,-0.010658,0.201712,-0.292842,chewing,unknown,110.453,l_gy,non_chewing
6085523.0,-1.254883,1.492188,-0.062988,0.04743,0.274723,0.110848,-0.994141,-1.630859,0.711426,0.002132,0.222763,-0.260867,chewing,unknown,110.453,l_gy,non_chewing
6085533.0,-1.258789,1.499023,-0.056152,0.061553,0.283516,0.091663,-0.975586,-1.625,0.695801,0.010658,0.219299,-0.23049,chewing,unknown,110.453,l_gy,non_chewing
6085543.0,-1.265625,1.479492,-0.055664,0.099923,0.258469,0.102055,-0.963379,-1.631836,0.703613,0.024515,0.27419,-0.304034,chewing,unknown,110.453,l_gy,non_chewing
6085553.0,-1.25293,1.475098,-0.049805,0.140692,0.23502,0.099657,-0.989258,-1.633789,0.692871,0.085002,0.381841,-0.399161,chewing,unknown,110.453,l_gy,non_chewing
6085563.0,-1.245605,1.478027,-0.05957,0.153749,0.204377,0.097792,-0.944336,-1.626953,0.674316,0.055158,0.325617,-0.399427,chewing,unknown,110.453,l_gy,non_chewing
6085573.0,-1.256836,1.473633,-0.062988,0.139626,0.186524,0.113779,-0.972168,-1.626465,0.679687,0.128168,0.434334,-0.493489,chewing,unknown,110.453,l_gy,non_chewing
6085583.0,-1.25,1.473145,-0.067871,0.128435,0.164674,0.115645,-0.946289,-1.637207,0.676758,0.090864,0.284049,-0.35173,chewing,unknown,110.453,l_gy,non_chewing
6085593.0,-1.257813,1.469727,-0.07666,0.166539,0.131366,0.14389,-0.979492,-1.645996,0.682129,0.142291,0.318156,-0.311228,chewing,unknown,110.453,l_gy,non_chewing
6085603.0,-1.251465,1.474609,-0.077637,0.174,0.107118,0.149485,-0.989258,-1.625977,0.681152,0.132698,0.288312,-0.233421,chewing,unknown,110.453,l_gy,non_chewing
6085613.0,-1.26123,1.468262,-0.06543,0.170802,0.098325,0.137228,-0.98291,-1.633789,0.701172,0.172135,0.328548,-0.185458,chewing,unknown,110.453,l_gy,non_chewing
6085623.0,-1.273438,1.479492,-0.083984,0.162009,0.100456,0.137228,-0.980469,-1.648926,0.672852,0.110848,0.312028,-0.129767,chewing,unknown,110.453,l_gy,non_chewing
6085633.0,-1.265625,1.483398,-0.067383,0.168138,0.12577,0.122573,-0.978027,-1.647461,0.690918,0.089798,0.362389,-0.136162,chewing,unknown,110.453,l_gy,non_chewing
6085643.0,-1.278809,1.493652,-0.05127,0.163608,0.132965,0.102855,-0.994141,-1.629395,0.682129,0.106585,0.371182,-0.105519,chewing,unknown,110.453,l_gy,non_chewing
6085653.0,-1.265137,1.494141,-0.057129,0.164674,0.120974,0.083403,-0.965332,-1.631348,0.67627,0.074876,0.304034,-0.063418,chewing,unknown,110.453,l_gy,non_chewing
6085663.0,-1.258301,1.498047,-0.064941,0.120441,0.123905,0.043966,-0.973633,-1.629395,0.684082,0.099124,0.262199,-0.011458,chewing,unknown,110.453,l_gy,non_chewing
6085673.0,-1.249023,1.488281,-0.081055,0.106585,0.111648,0.036505,-0.996094,-1.616211,0.705078,0.088199,0.194518,-0.000799,chewing,unknown,110.453,l_gy,non_chewing
6085683.0,-1.249023,1.49707,-0.083008,0.032242,0.085801,0.011991,-0.999023,-1.63623,0.694336,0.055158,0.185191,-0.021051,chewing,unknown,110.453,l_gy,non_chewing
6085693.0,-1.240723,1.493652,-0.081543,-0.041568,0.084469,-0.001599,-0.991211,-1.638184,0.704102,0.001599,0.216368,-0.074609,chewing,unknown,110.453,l_gy,non_chewing
6085703.0,-1.245117,1.484863,-0.083008,-0.064217,0.057556,-0.020518,-0.994141,-1.648438,0.689941,-0.037571,0.250741,-0.1303,chewing,unknown,110.453,l_gy,non_chewing
6085713.0,-1.259766,1.49707,-0.077637,-0.086067,0.086867,-0.025847,-1.006348,-1.644531,0.689941,-0.049562,0.260867,-0.10472,chewing,unknown,110.453,l_gy,non_chewing
6085723.0,-1.263672,1.485352,-0.083984,-0.092462,0.149219,-0.039703,-1.013184,-1.635742,0.687012,-0.065283,0.260067,-0.093262,chewing,unknown,110.453,l_gy,non_chewing
6085733.0,-1.248047,1.487305,-0.071777,-0.043966,0.134564,-0.039436,-1.016602,-1.635254,0.695312,-0.0429,0.241681,-0.087933,chewing,unknown,110.453,l_gy,non_chewing
6085743.0,-1.255371,1.485352,-0.079102,-0.054891,0.152417,-0.061553,-1.0,-1.63623,0.699219,-0.044766,0.240882,-0.09113,chewing,unknown,110.453,l_gy,non_chewing
6085753.0,-1.249512,1.502441,-0.07959,-0.053559,0.194784,-0.036239,-0.981934,-1.637695,0.688477,-0.048763,0.223296,-0.113779,chewing,unknown,109.293,l_gy,non_chewing
6085763.0,-1.259277,1.483398,-0.09375,-0.028778,0.219832,-0.002132,-0.977051,-1.633301,0.708496,-0.02638,0.189188,-0.105786,chewing,unknown,109.293,l_gy,non_chewing
6085773.0,-1.256348,1.491699,-0.097168,-0.023982,0.179063,-0.005596,-0.968262,-1.638184,0.691406,-0.022916,0.19132,-0.116444,chewing,unknown,109.293,l_gy,non_chewing
6085783.0,-1.269043,1.478027,-0.092285,0.03011,0.149752,-0.007994,-0.966309,-1.649414,0.679199,-0.013057,0.151084,-0.085534,chewing,unknown,109.293,l_gy,non_chewing
6085793.0,-1.263184,1.476074,-0.10498,0.058888,0.103387,0.002132,-0.978027,-1.638184,0.687012,-0.000266,0.174266,-0.110582,chewing,unknown,109.293,l_gy,non_chewing
6085803.0,-1.26416,1.479492,-0.094727,0.077274,0.094594,0.001332,-0.974609,-1.651855,0.692383,-0.006395,0.201179,-0.131632,chewing,unknown,109.293,l_gy,non_chewing
6085813.0,-1.266113,1.475098,-0.086426,0.05196,0.126037,-0.005063,-0.980957,-1.650879,0.682129,-0.022383,0.191054,-0.134564,chewing,unknown,109.293,l_gy,non_chewing
6085823.0,-1.270508,1.464355,-0.079102,0.035706,0.151351,0.019452,-0.980957,-1.641602,0.675293,-0.02638,0.189455,-0.117776,chewing,unknown,109.293,l_gy,non_chewing
6085833.0,-1.276367,1.45459,-0.082031,0.023182,0.163608,0.0429,-0.999023,-1.648438,0.680176,-0.032242,0.144423,-0.06102,chewing,unknown,109.293,l_gy,non_chewing
6085843.0,-1.272949,1.45459,-0.091797,0.002665,0.177464,0.057556,-1.007324,-1.646484,0.664062,-0.034374,0.089265,-0.0437,chewing,unknown,109.293,l_gy,non_chewing
6085853.0,-1.276855,1.466797,-0.083984,-0.013323,0.155081,0.046364,-0.991699,-1.637207,0.678223,-0.036772,0.046631,-0.005329,chewing,unknown,109.293,l_gy,non_chewing
6085863.0,-1.267578,1.472656,-0.100586,0.014123,0.138028,0.0437,-1.004883,-1.628418,0.678223,-0.045832,0.002398,0.040502,chewing,unknown,109.293,l_gy,non_chewing
6085873.0,-1.262207,1.472168,-0.096191,0.001066,0.128701,0.044499,-0.987305,-1.623535,0.689453,-0.0429,0.019718,0.015988,chewing,unknown,109.293,l_gy,non_chewing
6085883.0,-1.263184,1.478027,-0.114746,-0.002665,0.12577,0.047164,-0.986816,-1.625977,0.684082,-0.047963,0.049828,-0.042101,chewing,unknown,109.293,l_gy,non_chewing
6085893.0,-1.262207,1.469238,-0.10498,0.03544,0.077807,0.062619,-0.97168,-1.623535,0.685059,-0.018386,0.081804,-0.112714,chewing,unknown,109.293,l_gy,non_chewing
6085903.0,-1.254395,1.475586,-0.092773,0.067681,0.038637,0.063418,-0.984375,-1.641113,0.67334,-0.020518,0.069014,-0.104187,chewing,unknown,109.293,l_gy,non_chewing
6085913.0,-1.256348,1.481934,-0.094727,0.059688,0.065816,0.064217,-0.987793,-1.645508,0.655273,-0.033308,0.037571,-0.061553,chewing,unknown,109.293,l_gy,non_chewing
6085923.0,-1.260742,1.475098,-0.081055,0.070879,0.068481,0.06475,-0.992187,-1.650879,0.666504,-0.029844,0.034107,-0.034374,chewing,unknown,109.293,l_gy,non_chewing
6085933.0,-1.276855,1.480957,-0.083008,0.06475,0.067948,0.041835,-1.00293,-1.644531,0.677246,-0.022649,0.050095,-0.033041,chewing,unknown,109.293,l_gy,non_chewing
6085943.0,-1.279785,1.473633,-0.084473,0.085801,0.094328,0.038371,-0.995605,-1.644043,0.697266,-0.046364,0.053026,-0.038104,chewing,unknown,109.293,l_gy,non_chewing
6085953.0,-1.282715,1.478516,-0.084473,0.062086,0.080205,0.059954,-0.987305,-1.630859,0.67041,-0.0437,0.102055,-0.07381,chewing,unknown,109.293,l_gy,non_chewing
6085963.0,-1.266602,1.489746,-0.09375,0.049562,0.101522,0.056224,-0.996094,-1.632813,0.649414,-0.059954,0.106052,-0.098591,chewing,unknown,109.293,l_gy,non_chewing
6085973.0,-1.271484,1.478027,-0.106445,0.044233,0.143623,0.068481,-0.983398,-1.636719,0.6875,-0.071145,0.077274,-0.073011,chewing,unknown,109.293,l_gy,non_chewing
6085983.0,-1.264648,1.479004,-0.100586,0.037038,0.147087,0.066616,-0.985352,-1.641602,0.694824,-0.038904,0.074609,-0.060753,chewing,unknown,109.293,l_gy,non_chewing
6085993.0,-1.262207,1.489746,-0.108398,0.052493,0.114046,0.056757,-0.984375,-1.645508,0.682617,-0.032508,0.057289,-0.065816,chewing,unknown,109.293,l_gy,non_chewing
6086003.0,-1.253418,1.500977,-0.092773,0.074876,0.09113,0.036239,-0.97998,-1.65625,0.667969,-0.021583,0.053026,-0.081804,chewing,unknown,109.293,l_gy,non_chewing
6086013.0,-1.257324,1.49707,-0.107422,0.078606,0.046631,0.01359,-1.003906,-1.648438,0.669922,-0.015455,0.074876,-0.124172,chewing,unknown,109.293,l_gy,non_chewing
6086023.0,-1.268066,1.496094,-0.09668,0.103121,0.006129,0.010126,-1.003418,-1.654297,0.664062,-0.055691,0.078873,-0.112714,chewing,unknown,109.293,l_gy,non_chewing
6086033.0,-1.281738,1.474609,-0.095703,0.070346,0.033041,0.026113,-0.996582,-1.652344,0.688965,-0.05196,0.082603,-0.119375,chewing,unknown,109.293,l_gy,non_chewing
6086043.0,-1.276367,1.458984,-0.096191,0.059688,0.014655,0.043966,-1.002441,-1.665039,0.680664,-0.02185,0.036505,-0.10392,chewing,unknown,109.293,l_gy,non_chewing
6086053.0,-1.268555,1.455566,-0.085449,0.001599,0.058089,0.084469,-0.998047,-1.666504,0.680664,-0.026646,0.001066,-0.095926,chewing,unknown,109.293,l_gy,non_chewing
6086063.0,-1.252441,1.475098,-0.088867,-0.049296,0.056224,0.085534,-0.985352,-1.662109,0.666504,-0.003997,-0.011724,-0.057556,chewing,unknown,109.293,l_gy,non_chewing
6086073.0,-1.242188,1.483887,-0.079102,-0.046364,0.029044,0.085801,-0.964844,-1.655273,0.661133,-0.010126,0.01359,-0.12204,chewing,unknown,109.293,l_gy,non_chewing
6086083.0,-1.231445,1.494141,-0.064941,-0.023182,-0.00453,0.064217,-0.963379,-1.654297,0.654785,0.000533,0.018386,-0.105519,chewing,unknown,109.293,l_gy,non_chewing
6086093.0,-1.219238,1.501465,-0.091309,-0.003997,-0.046631,0.03544,-0.963379,-1.636719,0.649414,0.003464,0.014123,-0.10925,chewing,unknown,109.293,l_gy,non_chewing
6086103.0,-1.219727,1.486816,-0.085937,0.072744,-0.101789,0.017587,-0.982422,-1.637207,0.655273,0.003464,-0.00906,-0.123905,chewing,unknown,109.293,l_gy,non_chewing
6086113.0,-1.229492,1.48291,-0.096191,0.097525,-0.137761,0.014389,-0.981445,-1.628906,0.67041,0.011724,-0.01732,-0.115378,chewing,unknown,109.293,l_gy,non_chewing
6086123.0,-1.247559,1.458984,-0.084961,0.098058,-0.144689,0.046364,-0.993164,-1.644043,0.675293,0.013057,-0.007461,-0.133498,chewing,unknown,109.293,l_gy,non_chewing
6086133.0,-1.241211,1.459961,-0.089355,0.053825,-0.134564,0.071945,-0.993164,-1.648926,0.660156,-0.010658,0.00453,-0.142557,chewing,unknown,109.293,l_gy,non_chewing
6086143.0,-1.243652,1.469727,-0.09375,0.005329,-0.086334,0.106851,-0.982422,-1.64209,0.663574,0.020784,0.009859,-0.155614,chewing,unknown,109.293,l_gy,non_chewing
6086153.0,-1.249512,1.471191,-0.075684,-0.00906,-0.101256,0.130567,-0.986816,-1.645996,0.674805,0.038904,0.018652,-0.150551,chewing,unknown,109.293,l_gy,non_chewing
6086163.0,-1.245605,1.483398,-0.084473,-0.027979,-0.080738,0.136962,-0.959961,-1.642578,0.671875,0.030643,0.057289,-0.153749,chewing,unknown,109.293,l_gy,non_chewing
6086173.0,-1.233398,1.48877,-0.089844,-0.022649,-0.085534,0.112447,-0.952637,-1.645508,0.669922,0.039703,0.049296,-0.130567,chewing,unknown,109.293,l_gy,non_chewing
6086183.0,-1.240723,1.499023,-0.097168,0.019985,-0.079139,0.093528,-0.943359,-1.648926,0.679199,0.030643,0.063152,-0.1311,chewing,unknown,109.293,l_gy,non_chewing
6086193.0,-1.254395,1.516602,-0.08252,0.042101,-0.068481,0.085801,-0.952148,-1.633789,0.657715,-0.000266,0.084469,-0.114312,chewing,unknown,109.293,l_gy,non_chewing
6086203.0,-1.257324,1.505859,-0.104004,0.070613,-0.053559,0.077274,-0.956055,-1.652832,0.682129,0.005596,0.058888,-0.071678,chewing,unknown,109.293,l_gy,non_chewing
6086213.0,-1.259766,1.505371,-0.097168,0.118576,-0.024248,0.08207,-0.959961,-1.647949,0.699707,0.005596,0.061286,-0.057556,chewing,unknown,109.293,l_gy,non_chewing
6086223.0,-1.249023,1.492188,-0.098633,0.124971,0.025314,0.063951,-0.958496,-1.646484,0.697266,-0.011458,0.070346,-0.058622,chewing,unknown,109.293,l_gy,non_chewing
6086233.0,-1.241211,1.487793,-0.112305,0.096726,0.07381,0.059954,-0.961914,-1.64502,0.686523,-0.033574,0.061819,-0.008793,chewing,unknown,109.293,l_gy,non_chewing
6086243.0,-1.238281,1.48291,-0.09668,0.107118,0.093795,0.065017,-0.966309,-1.650391,0.683594,-0.037038,0.038637,0.036239,chewing,unknown,109.293,l_gy,non_chewing
6086253.0,-1.23291,1.494141,-0.10498,0.140959,0.119375,0.057822,-0.962402,-1.647461,0.685547,-0.046897,0.047164,0.046897,chewing,unknown,109.293,l_gy,non_chewing
6086263.0,-1.228027,1.479004,-0.108887,0.169737,0.122839,0.082603,-0.954102,-1.642578,0.677246,-0.065017,0.02638,0.079139,chewing,unknown,109.293,l_gy,non_chewing
6086273.0,-1.229492,1.474121,-0.098145,0.177464,0.142025,0.085801,-0.941895,-1.64502,0.672363,-0.081271,0.025847,0.072478,chewing,unknown,109.293,l_gy,non_chewing
6086283.0,-1.233398,1.477539,-0.101563,0.180395,0.174533,0.103121,-0.942383,-1.646484,0.666992,-0.076475,0.008793,0.096459,chewing,unknown,109.293,l_gy,non_chewing
6086293.0,-1.228027,1.47168,-0.086426,0.141225,0.246211,0.132165,-0.95459,-1.649902,0.672363,-0.075675,0.016787,0.086067,chewing,unknown,109.293,l_gy,non_chewing
6086303.0,-1.234375,1.462402,-0.091309,0.086334,0.297106,0.165207,-0.96582,-1.662109,0.665527,-0.064217,0.014389,0.103654,chewing,unknown,107.599,l_gy,non_chewing
6086313.0,-1.234375,1.453125,-0.085449,0.062352,0.339473,0.203577,-0.986328,-1.659668,0.666504,-0.058888,0.050894,0.107384,chewing,unknown,107.599,l_gy,non_chewing
6086323.0,-1.227051,1.458984,-0.096191,0.021317,0.40902,0.252873,-0.980469,-1.658691,0.689453,-0.051161,0.085801,0.102322,chewing,unknown,107.599,l_gy,non_chewing
6086333.0,-1.242188,1.484375,-0.088379,-0.026913,0.527329,0.306165,-0.972168,-1.644531,0.68457,-0.065283,0.124971,0.059155,chewing,unknown,107.599,l_gy,non_chewing
6086343.0,-1.230957,1.483398,-0.094727,-0.052227,0.650701,0.369051,-0.959473,-1.648438,0.693359,-0.076208,0.163608,-0.013856,chewing,unknown,107.599,l_gy,non_chewing
6086353.0,-1.207031,1.516602,-0.117676,-0.079406,0.673084,0.397029,-0.951172,-1.640137,0.689453,-0.072478,0.170003,-0.06928,chewing,unknown,107.599,l_gy,non_chewing
6086363.0,-1.252441,1.5,-0.125488,-0.200913,0.716251,0.424475,-0.952148,-1.632324,0.688965,-0.073277,0.153482,-0.136695,chewing,unknown,107.599,l_gy,non_chewing
6086373.0,-1.221191,1.572266,-0.145996,-0.092462,0.875329,0.432735,-0.972656,-1.632813,0.68457,-0.073277,0.118309,-0.146554,chewing,unknown,107.599,l_gy,non_chewing
6086383.0,-1.256348,1.518066,-0.153809,-0.006662,0.850548,0.468441,-0.974121,-1.63916,0.694824,-0.061819,0.090331,-0.16121,chewing,unknown,107.599,l_gy,non_chewing
6086393.0,-1.249512,1.543457,-0.150879,0.016254,0.800986,0.496686,-0.983398,-1.656738,0.692383,-0.042634,0.090864,-0.114046,chewing,unknown,107.599,l_gy,non_chewing
6086403.0,-1.185547,1.577637,-0.162109,0.064484,0.848683,0.427406,-0.98877,-1.677246,0.685547,-0.071945,0.094594,-0.080738,chewing,unknown,107.599,l_gy,non_chewing
6086413.0,-1.208496,1.567871,-0.166992,0.180129,0.897179,0.444726,-0.966797,-1.684082,0.696777,-0.079139,0.126037,-0.089531,chewing,unknown,107.599,l_gy,non_chewing
6086423.0,-1.209473,1.55957,-0.155273,0.234221,0.9129,0.466043,-0.954102,-1.676758,0.675293,-0.062086,0.158545,-0.112714,chewing,unknown,107.599,l_gy,non_chewing
6086433.0,-1.19873,1.569824,-0.152832,0.304567,0.951804,0.430337,-0.936523,-1.680176,0.692871,-0.043433,0.163075,-0.140426,chewing,unknown,107.599,l_gy,non_chewing
6086443.0,-1.190918,1.566406,-0.173828,0.292309,0.91823,0.366652,-0.939453,-1.654785,0.683594,-0.019718,0.132698,-0.157213,chewing,unknown,107.599,l_gy,non_chewing
6086453.0,-1.15918,1.565918,-0.192871,0.327216,0.842288,0.331746,-0.933594,-1.660156,0.695312,-0.01279,0.110848,-0.163341,chewing,unknown,107.599,l_gy,non_chewing
6086463.0,-1.146484,1.550781,-0.189453,0.288579,0.68694,0.306698,-0.94043,-1.659668,0.69043,-0.003464,0.077274,-0.179329,chewing,unknown,107.599,l_gy,non_chewing
6086473.0,-1.160645,1.541016,-0.200684,0.24781,0.612331,0.319222,-0.949219,-1.658203,0.706055,0.000266,0.049296,-0.160677,chewing,unknown,107.599,l_gy,non_chewing
6086483.0,-1.149902,1.518555,-0.219238,0.202778,0.451121,0.340006,-0.952148,-1.663086,0.694824,0.007727,0.027712,-0.126836,chewing,unknown,107.599,l_gy,non_chewing
6086493.0,-1.144531,1.507324,-0.194336,0.154282,0.292576,0.364254,-0.962402,-1.668945,0.69043,-0.002398,0.046897,-0.123639,chewing,unknown,107.599,l_gy,non_chewing
6086503.0,-1.177246,1.486816,-0.19043,0.060753,0.127902,0.401825,-0.973145,-1.651367,0.686035,-0.000266,0.06475,-0.129234,chewing,unknown,107.599,l_gy,non_chewing
6086513.0,-1.150391,1.506836,-0.180664,0.074077,0.092995,0.42181,-0.979492,-1.651855,0.671875,-0.009326,0.055424,-0.105786,chewing,unknown,107.599,l_gy,non_chewing
6086523.0,-1.151367,1.48877,-0.177734,-0.006662,0.017587,0.407421,-0.95459,-1.661621,0.675293,-0.015455,0.068214,-0.083936,chewing,unknown,107.599,l_gy,non_chewing
6086533.0,-1.15625,1.488281,-0.186035,0.002931,0.029311,0.45272,-0.962891,-1.66748,0.665527,-0.000266,0.10472,-0.114579,chewing,unknown,107.599,l_gy,non_chewing
6086543.0,-1.151855,1.509766,-0.178223,-0.10019,0.124172,0.448723,-0.944824,-1.668945,0.649902,0.002665,0.108983,-0.160943,chewing,unknown,107.599,l_gy,non_chewing
6086553.0,-1.113281,1.529785,-0.177734,-0.146288,0.188123,0.427139,-0.95752,-1.706055,0.632812,-0.020518,0.153749,-0.290444,chewing,unknown,107.599,l_gy,non_chewing
6086563.0,-1.090332,1.541992,-0.178223,-0.142557,0.224361,0.37438,-0.952148,-1.65918,0.652344,-0.031709,0.155614,-0.252073,chewing,unknown,107.599,l_gy,non_chewing
6086573.0,-1.068848,1.562988,-0.176758,-0.116977,0.191587,0.355994,-0.929199,-1.658203,0.654297,-0.006662,0.131632,-0.240083,chewing,unknown,107.599,l_gy,non_chewing
6086583.0,-1.062012,1.567383,-0.189941,-0.078873,0.104187,0.325884,-0.948242,-1.659668,0.670898,-0.046897,0.209972,-0.422343,chewing,unknown,107.599,l_gy,non_chewing
6086593.0,-1.062988,1.569336,-0.19873,-0.029577,-0.014655,0.313626,-0.950195,-1.660156,0.661133,-0.037305,0.140159,-0.331746,chewing,unknown,107.599,l_gy,non_chewing
6086603.0,-1.056152,1.566406,-0.206055,0.003464,-0.124704,0.296573,-0.947266,-1.655273,0.673828,-0.051427,0.170802,-0.424741,chewing,unknown,107.599,l_gy,non_chewing
6086613.0,-1.086426,1.562012,-0.189941,0.045832,-0.170003,0.287247,-0.96582,-1.672852,0.661621,-0.048763,0.182793,-0.403158,chewing,unknown,107.599,l_gy,non_chewing
6086623.0,-1.11377,1.558594,-0.162598,0.021051,-0.250475,0.294441,-0.905273,-1.638184,0.676758,-0.05649,0.170003,-0.361856,chewing,unknown,107.599,l_gy,non_chewing
6086633.0,-1.076172,1.597168,-0.184082,0.140426,-0.194784,0.271259,-0.935547,-1.666992,0.63623,-0.0429,0.207841,-0.324551,chewing,unknown,107.599,l_gy,non_chewing
6086643.0,-1.130371,1.558105,-0.179199,0.114046,-0.131899,0.258735,-0.939941,-1.672852,0.620117,-0.042634,0.228092,-0.325884,chewing,unknown,107.599,l_gy,non_chewing
6086653.0,-1.13623,1.568359,-0.180664,0.203044,-0.092462,0.207041,-0.942871,-1.677246,0.626953,-0.05649,0.228625,-0.334943,chewing,unknown,107.599,l_gy,non_chewing
6086663.0,-1.119629,1.554199,-0.173828,0.198781,0.058888,0.162542,-0.95459,-1.67627,0.649414,-0.060753,0.220897,-0.324018,chewing,unknown,107.599,l_gy,non_chewing
6086673.0,-1.135254,1.553711,-0.192871,0.16121,0.159611,0.124971,-0.955078,-1.674316,0.650879,-0.05276,0.268861,-0.413816,chewing,unknown,107.599,l_gy,non_chewing
6086683.0,-1.120117,1.538574,-0.182129,0.148686,0.202511,0.118309,-0.954102,-1.694336,0.661621,-0.018386,0.23049,-0.280052,chewing,unknown,107.599,l_gy,non_chewing
6086693.0,-1.133301,1.537109,-0.183105,0.149752,0.168138,0.115645,-0.95166,-1.655273,0.666504,-0.004796,0.258469,-0.266462,chewing,unknown,107.599,l_gy,non_chewing
6086703.0,-1.123535,1.539551,-0.171875,0.139626,0.107651,0.127103,-0.908691,-1.694336,0.679199,0.009859,0.2614,-0.279253,chewing,unknown,107.599,l_gy,non_chewing
6086713.0,-1.108887,1.563965,-0.178223,0.135629,0.10845,0.144956,-0.91748,-1.695801,0.665527,0.00826,0.264064,-0.255005,chewing,unknown,107.599,l_gy,non_chewing
6086723.0,-1.106934,1.564453,-0.181641,0.131899,0.104986,0.172401,-0.922852,-1.682129,0.65918,-0.021051,0.289378,-0.274456,chewing,unknown,107.599,l_gy,non_chewing
6086733.0,-1.088379,1.568359,-0.209961,0.13856,0.042101,0.170802,-0.942871,-1.6875,0.655273,-0.018386,0.289378,-0.332545,chewing,unknown,107.599,l_gy,non_chewing
6086743.0,-1.108398,1.565918,-0.20166,0.136695,0.029844,0.171069,-0.931152,-1.691895,0.634277,0.007994,0.231023,-0.30883,chewing,unknown,107.599,l_gy,non_chewing
6086753.0,-1.096191,1.560059,-0.198242,0.157213,-0.032242,0.205975,-0.932129,-1.70166,0.627441,0.046364,0.260334,-0.329614,chewing,unknown,107.599,l_gy,non_chewing
6086763.0,-1.147461,1.55127,-0.186035,0.066882,-0.016254,0.210505,-0.929687,-1.702637,0.652832,0.019185,0.257136,-0.320021,chewing,unknown,107.599,l_gy,non_chewing
6086773.0,-1.12793,1.561523,-0.209961,0.108184,-0.021317,0.20864,-0.936523,-1.702637,0.648926,0.006928,0.260334,-0.329614,chewing,unknown,107.599,l_gy,non_chewing
6086783.0,-1.111816,1.561523,-0.198242,0.081804,-0.02185,0.212371,-0.906738,-1.698242,0.654785,0.013057,0.305366,-0.357859,chewing,unknown,107.599,l_gy,non_chewing
6086793.0,-1.132324,1.575684,-0.191406,0.057023,-0.018919,0.239283,-0.910645,-1.685059,0.656738,0.02638,0.292842,-0.351198,chewing,unknown,107.599,l_gy,non_chewing
6086803.0,-1.134766,1.585938,-0.203613,0.071145,-0.037838,0.259801,-0.905273,-1.685547,0.651855,0.027712,0.290178,-0.362389,chewing,unknown,107.599,l_gy,non_chewing
6086813.0,-1.142578,1.565918,-0.203613,0.050894,-0.071678,0.328282,-0.914062,-1.706055,0.663086,0.025047,0.252073,-0.3917,chewing,unknown,107.599,l_gy,non_chewing
6086823.0,-1.117676,1.610352,-0.195312,0.043433,-0.06475,0.382374,-0.908203,-1.696777,0.649414,0.044499,0.217167,-0.385038,chewing,left_chewing,108.009,l_gy,non_chewing
6086833.0,-1.085449,1.624512,-0.182129,0.112181,-0.095926,0.380242,-0.906738,-1.696289,0.631348,0.06102,0.20944,-0.37891,chewing,left_chewing,108.009,l_gy,non_chewing
6086843.0,-1.104492,1.605957,-0.194824,0.164407,-0.140426,0.416747,-0.919922,-1.70752,0.631836,0.105786,0.236619,-0.393565,chewing,left_chewing,108.009,l_gy,non_chewing
6086853.0,-1.095703,1.630859,-0.150391,0.196116,-0.062885,0.405822,-0.916504,-1.713379,0.640625,0.116178,0.259801,-0.405289,chewing,left_chewing,108.009,l_gy,non_chewing
6086863.0,-1.077148,1.616699,-0.176758,0.270193,-0.002398,0.388769,-0.894531,-1.714844,0.654297,0.075142,0.356793,-0.474836,chewing,left_chewing,108.009,l_gy,non_chewing
6086873.0,-1.084961,1.597168,-0.163574,0.293109,0.028245,0.395164,-0.901855,-1.711914,0.630371,0.094061,0.33521,-0.46551,chewing,left_chewing,108.009,l_gy,non_chewing
6086883.0,-1.052246,1.61084,-0.18457,0.336276,0.087933,0.458049,-0.898437,-1.714844,0.635254,0.087133,0.273391,-0.476168,chewing,left_chewing,108.009,l_gy,non_chewing
6086893.0,-1.054199,1.608887,-0.195801,0.315492,0.121773,0.558505,-0.854004,-1.709473,0.629883,0.066083,0.198515,-0.431136,chewing,left_chewing,108.009,l_gy,non_chewing
6086903.0,-1.037109,1.612793,-0.202637,0.278986,0.094861,0.624588,-0.848145,-1.72168,0.625,0.075142,0.210239,-0.510542,chewing,left_chewing,108.009,l_gy,non_chewing
6086913.0,-1.013184,1.626953,-0.199707,0.360524,-0.027179,0.672018,-0.87793,-1.721191,0.621582,0.128701,0.210772,-0.476968,chewing,left_chewing,108.009,l_gy,non_chewing
6086923.0,-1.023926,1.595215,-0.18457,0.500949,-0.084735,0.799387,-0.871582,-1.717285,0.611328,0.137228,0.274989,-0.466842,chewing,left_chewing,108.009,l_gy,non_chewing
6086933.0,-1.040039,1.61377,-0.190918,0.392233,-0.242214,0.745296,-0.934082,-1.699219,0.615234,0.16041,0.403158,-0.575559,chewing,left_chewing,108.009,l_gy,non_chewing
6086943.0,-1.03418,1.618164,-0.201172,0.573161,-0.335476,0.774073,-0.904785,-1.715332,0.636719,0.173734,0.455384,-0.560637,chewing,left_chewing,108.009,l_gy,non_chewing
6086953.0,-1.02002,1.616211,-0.217285,0.567299,-0.41808,0.810312,-0.90918,-1.712402,0.649902,0.208374,0.458315,-0.551311,chewing,left_chewing,108.009,l_gy,non_chewing
6086963.0,-1.010254,1.595703,-0.222168,0.603537,-0.489225,0.808181,-0.868652,-1.71875,0.64502,0.174799,0.403957,-0.561969,chewing,left_chewing,108.009,l_gy,non_chewing
6086973.0,-1.023926,1.589844,-0.225098,0.598741,-0.536389,0.805516,-0.841309,-1.729004,0.662109,0.17773,0.35706,-0.555041,chewing,left_chewing,108.009,l_gy,non_chewing
6086983.0,-1.017578,1.597168,-0.219238,0.553176,-0.540119,0.78793,-0.793457,-1.749023,0.664551,0.108717,0.229691,-0.465776,chewing,left_chewing,108.009,l_gy,non_chewing
6086993.0,-1.014648,1.606445,-0.216797,0.479632,-0.459115,0.743697,-0.799316,-1.761719,0.659668,0.083136,0.171335,-0.483096,chewing,left_chewing,108.009,l_gy,non_chewing
6087003.0,-1.001465,1.614746,-0.215332,0.401026,-0.405822,0.667755,-0.796387,-1.736816,0.65918,0.084469,0.128968,-0.417014,chewing,left_chewing,108.009,l_gy,non_chewing
6087013.0,-1.044922,1.608887,-0.220215,0.347201,-0.257936,0.635247,-0.833984,-1.725586,0.651367,0.088199,0.135629,-0.431136,chewing,left_chewing,108.009,l_gy,non_chewing
6087023.0,-1.073242,1.586426,-0.20752,0.326949,-0.180395,0.615795,-0.862305,-1.714355,0.650391,0.136695,0.153482,-0.429271,chewing,left_chewing,108.009,l_gy,non_chewing
6087033.0,-1.066406,1.595703,-0.19873,0.332545,-0.124438,0.63498,-0.833008,-1.711914,0.642578,0.119908,0.193985,-0.468441,chewing,left_chewing,108.009,l_gy,non_chewing
6087043.0,-1.04248,1.597168,-0.219238,0.329081,-0.136162,0.654698,-0.825684,-1.720703,0.644531,0.135896,0.264864,-0.563302,chewing,left_chewing,108.009,l_gy,non_chewing
6087053.0,-0.996582,1.623047,-0.239258,0.32242,-0.110049,0.668554,-0.818848,-1.729004,0.662109,0.139893,0.281384,-0.609133,chewing,left_chewing,108.009,l_gy,non_chewing
6087063.0,-0.97168,1.62207,-0.23877,0.316291,-0.165473,0.676282,-0.796875,-1.735352,0.661133,0.132698,0.213703,-0.518003,chewing,left_chewing,108.009,l_gy,non_chewing
6087073.0,-0.955566,1.634766,-0.253906,0.31789,-0.22143,0.657896,-0.795898,-1.752441,0.660645,0.126303,0.181994,-0.486827,chewing,left_chewing,108.009,l_gy,non_chewing
6087083.0,-0.927246,1.634277,-0.247559,0.367985,-0.294708,0.592879,-0.776855,-1.758301,0.652344,0.126836,0.192119,-0.439663,chewing,left_chewing,108.009,l_gy,non_chewing
6087093.0,-0.934082,1.63916,-0.239746,0.373847,-0.264597,0.538521,-0.78125,-1.762207,0.63623,0.103654,0.220364,-0.423409,chewing,left_chewing,108.009,l_gy,non_chewing
6087103.0,-0.954102,1.596191,-0.23877,0.468974,-0.314426,0.498285,-0.798828,-1.72998,0.647949,0.07008,0.193452,-0.415681,chewing,left_chewing,108.009,l_gy,non_chewing
6087113.0,-0.956055,1.626953,-0.226074,0.477234,-0.32162,0.49189,-0.788086,-1.717773,0.64502,0.054092,0.198248,-0.390368,chewing,left_chewing,108.009,l_gy,non_chewing
6087123.0,-0.991211,1.598633,-0.236328,0.483629,-0.345868,0.536922,-0.822754,-1.731934,0.659668,0.093528,0.205975,-0.4346,chewing,left_chewing,108.009,l_gy,non_chewing
6087133.0,-1.018066,1.57373,-0.249512,0.43993,-0.337608,0.648037,-0.782715,-1.746094,0.691895,0.058888,0.165207,-0.376245,chewing,left_chewing,108.009,l_gy,non_chewing
6087143.0,-1.006348,1.592773,-0.228027,0.384239,-0.328548,0.714919,-0.788574,-1.760254,0.669922,0.081804,0.135096,-0.348799,chewing,left_chewing,108.009,l_gy,non_chewing
6087153.0,-0.961914,1.614258,-0.266602,0.342937,-0.370916,0.734637,-0.791504,-1.77002,0.688965,0.096992,0.168937,-0.40449,chewing,left_chewing,108.009,l_gy,non_chewing
6087163.0,-0.941406,1.628906,-0.246582,0.288579,-0.393032,0.713853,-0.848145,-1.806641,0.668945,0.091397,0.177464,-0.415149,chewing,left_chewing,108.009,l_gy,non_chewing
6087173.0,-0.930176,1.651855,-0.22998,0.253939,-0.371449,0.640576,-0.820312,-1.769531,0.680664,0.079939,0.133231,-0.341338,chewing,left_chewing,108.009,l_gy,non_chewing
6087183.0,-0.933594,1.659668,-0.211426,0.233155,-0.352263,0.544649,-0.806152,-1.769531,0.640625,0.061553,0.18226,-0.32242,chewing,left_chewing,108.009,l_gy,non_chewing
6087193.0,-0.954102,1.661621,-0.204102,0.250475,-0.298704,0.451121,-0.819824,-1.75,0.633789,0.077008,0.239816,-0.345868,chewing,left_chewing,108.009,l_gy,non_chewing
6087203.0,-0.946777,1.66748,-0.211914,0.287779,-0.301636,0.373047,-0.776367,-1.746094,0.643066,0.072744,0.229691,-0.35173,chewing,left_chewing,108.009,l_gy,non_chewing
6087213.0,-0.956055,1.651855,-0.23877,0.312294,-0.314692,0.380242,-0.787598,-1.730957,0.652832,0.105786,0.159078,-0.35626,chewing,left_chewing,108.009,l_gy,non_chewing
6087223.0,-0.925781,1.652832,-0.27002,0.305899,-0.358126,0.366652,-0.761719,-1.730469,0.672852,0.104453,0.053559,-0.271525,chewing,left_chewing,108.009,l_gy,non_chewing
6087233.0,-0.92041,1.656738,-0.268066,0.235819,-0.423409,0.387969,-0.776367,-1.729004,0.679199,0.095394,0.035706,-0.265397,chewing,left_chewing,108.009,l_gy,non_chewing
6087243.0,-0.901367,1.653809,-0.256348,0.154548,-0.450322,0.398894,-0.745117,-1.746094,0.678223,0.090597,0.025314,-0.219299,chewing,left_chewing,108.009,l_gy,non_chewing
6087253.0,-0.902832,1.647461,-0.264648,0.107118,-0.381841,0.410619,-0.776855,-1.763184,0.661133,0.071412,0.059688,-0.215835,chewing,left_chewing,108.009,l_gy,non_chewing
6087263.0,-0.951172,1.648926,-0.214844,0.104187,-0.198515,0.340539,-0.773926,-1.788086,0.640625,0.085801,0.076475,-0.171069,chewing,left_chewing,108.009,l_gy,non_chewing
6087273.0,-0.950195,1.64209,-0.211914,0.071678,0.017853,0.274456,-0.743652,-1.783203,0.627441,0.059954,0.086867,-0.176931,chewing,left_chewing,108.009,l_gy,non_chewing
6087283.0,-0.947754,1.635254,-0.214355,0.044499,0.124704,0.243547,-0.787109,-1.782715,0.640625,0.095394,0.102588,-0.200646,chewing,left_chewing,108.009,l_gy,non_chewing
6087293.0,-0.923828,1.666992,-0.232422,0.092995,0.205443,0.190254,-0.759277,-1.743164,0.665039,0.069547,0.119375,-0.284582,chewing,left_chewing,108.009,l_gy,non_chewing
6087303.0,-0.899902,1.681641,-0.277344,0.064484,0.16494,0.158279,-0.791992,-1.736328,0.687012,0.071145,0.097792,-0.299237,chewing,left_chewing,108.009,l_gy,non_chewing
6087313.0,-0.886719,1.69043,-0.275391,0.107651,0.03544,0.181461,-0.749512,-1.73877,0.69043,0.06928,0.12124,-0.315758,chewing,left_chewing,108.009,l_gy,non_chewing
6087323.0,-0.888184,1.699219,-0.264648,0.116711,-0.124704,0.154015,-0.788574,-1.760742,0.683105,0.078873,0.185724,-0.353596,chewing,left_chewing,108.009,l_gy,non_chewing
6087333.0,-0.885254,1.693848,-0.254395,0.167072,-0.244613,0.148686,-0.740723,-1.774902,0.680176,0.063152,0.204377,-0.380508,chewing,left_chewing,108.009,l_gy,non_chewing
6087343.0,-0.936523,1.674316,-0.239258,0.071678,-0.28245,0.174799,-0.75,-1.787109,0.663086,0.058888,0.170536,-0.338407,chewing,left_chewing,108.009,l_gy,non_chewing
6087353.0,-0.905273,1.677734,-0.237793,0.10845,-0.318156,0.173734,-0.711914,-1.784668,0.666992,0.027979,0.167072,-0.354395,chewing,left_chewing,108.009,l_gy,non_chewing
6087363.0,-0.880371,1.693848,-0.258301,0.149219,-0.340539,0.151351,-0.685547,-1.787598,0.67334,-0.001332,0.149219,-0.340273,chewing,left_chewing,106.218,l_gy,non_chewing
6087373.0,-0.898926,1.66748,-0.254883,0.095394,-0.264064,0.155614,-0.749023,-1.742188,0.673828,-0.004263,0.14762,-0.403691,chewing,left_chewing,106.218,l_gy,non_chewing
6087383.0,-0.910156,1.680664,-0.23877,0.108184,-0.294441,0.169204,-0.73291,-1.749023,0.67334,-0.003997,0.100723,-0.358392,chewing,left_chewing,106.218,l_gy,non_chewing
6087393.0,-0.926758,1.680664,-0.236328,0.071678,-0.30057,0.188389,-0.791504,-1.748047,0.658203,0.027712,0.094861,-0.395164,chewing,left_chewing,106.218,l_gy,non_chewing
6087403.0,-0.950684,1.661133,-0.224121,0.088998,-0.333611,0.212904,-0.74707,-1.767578,0.658203,0.046897,0.109516,-0.375979,chewing,left_chewing,106.218,l_gy,non_chewing
6087413.0,-0.945312,1.675781,-0.225586,0.110848,-0.400227,0.215835,-0.755371,-1.786621,0.651367,0.058355,0.157479,-0.410352,chewing,left_chewing,106.218,l_gy,non_chewing
6087423.0,-0.95752,1.682617,-0.209473,0.159078,-0.338407,0.298704,-0.730469,-1.793945,0.652344,0.060753,0.197182,-0.413017,chewing,left_chewing,106.218,l_gy,non_chewing
6087433.0,-0.929687,1.658203,-0.222656,0.18759,-0.333611,0.32615,-0.699219,-1.795898,0.645996,0.054358,0.196383,-0.435133,chewing,left_chewing,106.218,l_gy,non_chewing
6087443.0,-0.898437,1.687012,-0.223633,0.19132,-0.290444,0.385305,-0.698242,-1.781738,0.654785,0.079672,0.189455,-0.448456,chewing,left_chewing,106.218,l_gy,non_chewing
6087453.0,-0.883301,1.689941,-0.228027,0.222496,-0.277387,0.385305,-0.719238,-1.781738,0.666016,0.06555,0.179862,-0.50921,chewing,left_chewing,106.218,l_gy,non_chewing
6087463.0,-0.855957,1.700684,-0.254395,0.235819,-0.270459,0.449522,-0.695801,-1.784668,0.665527,0.066882,0.135363,-0.455384,chewing,left_chewing,106.218,l_gy,non_chewing
6087473.0,-0.867676,1.694824,-0.235352,0.202511,-0.229424,0.497752,-0.703125,-1.779297,0.670898,0.102055,0.160144,-0.463911,chewing,left_chewing,106.218,l_gy,non_chewing
6087483.0,-0.877441,1.687012,-0.242676,0.205443,-0.216101,0.540919,-0.719727,-1.786133,0.650879,0.115378,0.209706,-0.477767,chewing,left_chewing,106.218,l_gy,non_chewing
6087493.0,-0.896484,1.676758,-0.215332,0.193452,-0.223296,0.595011,-0.712402,-1.76709,0.666016,0.083936,0.220098,-0.441262,chewing,left_chewing,106.218,l_gy,non_chewing
6087503.0,-0.916504,1.668945,-0.232422,0.135363,-0.243014,0.657896,-0.731934,-1.778809,0.680176,0.109516,0.40449,-0.613397,chewing,left_chewing,106.218,l_gy,non_chewing
6087513.0,-0.906738,1.658691,-0.234863,0.081271,-0.205709,0.772208,-0.705566,-1.786621,0.657227,0.138827,0.502282,-0.618459,chewing,left_chewing,106.218,l_gy,non_chewing
6087523.0,-0.880371,1.711426,-0.255859,0.086067,-0.184126,0.831096,-0.682617,-1.793945,0.6875,0.149485,0.514006,-0.679746,chewing,left_chewing,106.218,l_gy,non_chewing
6087533.0,-0.832031,1.73877,-0.240234,0.149752,-0.202778,0.818573,-0.677734,-1.803223,0.653809,0.131366,0.540652,-0.755954,chewing,left_chewing,106.218,l_gy,non_chewing
6087543.0,-0.806641,1.751953,-0.23584,0.246211,-0.311228,0.7389,-0.673828,-1.808594,0.653809,0.160144,0.535323,-0.805783,chewing,left_chewing,106.218,l_gy,non_chewing
6087553.0,-0.79541,1.744141,-0.237305,0.326949,-0.405556,0.637378,-0.680176,-1.8125,0.662598,0.156946,0.535323,-0.832162,chewing,left_chewing,106.218,l_gy,non_chewing
6087563.0,-0.828613,1.736328,-0.22998,0.34347,-0.4354,0.542784,-0.691895,-1.808594,0.677246,0.200913,0.562502,-0.815908,chewing,left_chewing,106.218,l_gy,non_chewing
6087573.0,-0.856934,1.713867,-0.226562,0.383706,-0.431403,0.486827,-0.667969,-1.812988,0.684082,0.233688,0.642441,-0.795923,chewing,left_chewing,106.218,l_gy,non_chewing
6087583.0,-0.869629,1.712891,-0.231445,0.359991,-0.375979,0.510809,-0.651855,-1.822754,0.664062,0.248876,0.780735,-0.820171,chewing,left_chewing,106.218,l_gy,non_chewing
6087593.0,-0.891602,1.677734,-0.246094,0.301636,-0.238217,0.54758,-0.654785,-1.801758,0.668945,0.248343,0.86174,-0.814309,chewing,left_chewing,106.218,l_gy,non_chewing
6087603.0,-0.88916,1.678711,-0.249512,0.290178,-0.225694,0.56943,-0.627441,-1.797852,0.671875,0.264064,0.856144,-0.755421,chewing,left_chewing,106.218,l_gy,non_chewing
6087613.0,-0.848145,1.690918,-0.240723,0.292309,-0.247011,0.603005,-0.633301,-1.799316,0.67334,0.250741,0.804983,-0.707991,chewing,left_chewing,106.218,l_gy,non_chewing
6087623.0,-0.837402,1.68457,-0.241699,0.298704,-0.261133,0.5649,-0.645996,-1.796387,0.677246,0.220364,0.716518,-0.683743,chewing,left_chewing,106.218,l_gy,non_chewing
6087633.0,-0.813477,1.686523,-0.23877,0.26966,-0.250741,0.548913,-0.639648,-1.812988,0.672363,0.179329,0.582487,-0.643773,chewing,left_chewing,106.218,l_gy,non_chewing
6087643.0,-0.830566,1.672852,-0.251465,0.236352,-0.222496,0.523332,-0.637695,-1.817383,0.677734,0.194784,0.457516,-0.599807,chewing,left_chewing,106.218,l_gy,non_chewing
6087653.0,-0.835937,1.687012,-0.267578,0.227026,-0.241948,0.509743,-0.616699,-1.818359,0.680176,0.187057,0.350931,-0.550511,chewing,left_chewing,106.218,l_gy,non_chewing
6087663.0,-0.869629,1.662598,-0.26123,0.177464,-0.257936,0.501482,-0.594727,-1.80957,0.690918,0.178263,0.217167,-0.476701,chewing,left_chewing,106.218,l_gy,non_chewing
6087673.0,-0.905273,1.661621,-0.262695,0.120175,-0.231289,0.531593,-0.594238,-1.833496,0.701172,0.174799,0.090331,-0.36159,chewing,left_chewing,106.218,l_gy,non_chewing
6087683.0,-0.870117,1.679199,-0.269531,0.063418,-0.231822,0.551577,-0.572754,-1.81543,0.711426,0.137495,0.083936,-0.406888,chewing,left_chewing,106.218,l_gy,non_chewing
6087693.0,-0.847168,1.694336,-0.241699,0.046098,-0.205709,0.510542,-0.592285,-1.821289,0.690918,0.152949,0.004263,-0.346934,chewing,left_chewing,106.218,l_gy,non_chewing
6087703.0,-0.834473,1.692383,-0.239746,-0.011191,-0.148953,0.427672,-0.617676,-1.799316,0.692871,0.097792,0.009859,-0.37811,chewing,left_chewing,106.218,l_gy,non_chewing
6087713.0,-0.821289,1.709473,-0.232422,0.033841,-0.096459,0.340273,-0.623047,-1.816895,0.67041,0.092729,-0.003464,-0.29977,chewing,left_chewing,106.218,l_gy,non_chewing
6087723.0,-0.821289,1.708008,-0.222656,0.037038,0.017054,0.277121,-0.608398,-1.814941,0.65918,0.101789,0.005329,-0.23502,chewing,left_chewing,106.218,l_gy,non_chewing
6087733.0,-0.773926,1.71875,-0.237793,0.030643,0.05196,0.20864,-0.591309,-1.803223,0.667969,0.122573,0.081538,-0.174533,chewing,left_chewing,106.218,l_gy,non_chewing
6087743.0,-0.753906,1.734375,-0.257813,0.090597,0.068481,0.142824,-0.595703,-1.80957,0.672852,0.127103,0.106052,-0.094594,chewing,left_chewing,106.218,l_gy,non_chewing
6087753.0,-0.748535,1.747559,-0.259277,0.133498,0.008793,0.079939,-0.602539,-1.806641,0.696289,0.105253,0.230757,-0.200646,chewing,left_chewing,106.218,l_gy,non_chewing
6087763.0,-0.766602,1.724609,-0.265625,0.154015,-0.020784,0.07834,-0.595703,-1.791016,0.710937,0.014123,0.239017,-0.094061,chewing,left_chewing,106.218,l_gy,non_chewing
6087773.0,-0.767578,1.714355,-0.270508,0.165473,-0.03544,0.135896,-0.561523,-1.80127,0.705078,-0.042634,0.18759,-0.03011,chewing,left_chewing,106.218,l_gy,non_chewing
6087783.0,-0.780762,1.706055,-0.261719,0.12577,-0.076475,0.16121,-0.57666,-1.800781,0.723145,-0.123639,0.123372,0.035972,chewing,left_chewing,106.218,l_gy,non_chewing
6087793.0,-0.797363,1.706543,-0.254395,0.104453,-0.108717,0.172135,-0.604492,-1.849609,0.683594,-0.092995,-0.029311,0.119642,chewing,left_chewing,106.218,l_gy,non_chewing
6087803.0,-0.817871,1.690918,-0.25,-0.036505,-0.082603,0.181194,-0.591309,-1.831543,0.680176,-0.127636,-0.168937,0.236619,chewing,left_chewing,106.218,l_gy,non_chewing
6087813.0,-0.813477,1.693848,-0.226074,-0.12657,-0.007461,0.188655,-0.586426,-1.840332,0.683105,-0.175599,-0.177198,0.203844,chewing,left_chewing,106.218,l_gy,non_chewing
6087823.0,-0.820801,1.697266,-0.209961,-0.202778,0.043966,0.177997,-0.612305,-1.836426,0.672363,-0.178796,-0.131366,0.185991,chewing,left_chewing,106.218,l_gy,non_chewing
6087833.0,-0.796387,1.722656,-0.211426,-0.156413,0.019185,0.200646,-0.588379,-1.84375,0.668457,-0.075942,-0.083936,0.063418,chewing,left_chewing,106.218,l_gy,non_chewing
6087843.0,-0.814453,1.727539,-0.233398,-0.124704,-0.074876,0.109516,-0.645996,-1.80957,0.65918,-0.070879,-0.077008,-0.024248,chewing,left_chewing,106.218,l_gy,non_chewing
6087853.0,-0.788086,1.760742,-0.222168,-0.110049,-0.07008,0.075942,-0.671387,-1.81543,0.666992,-0.059421,-0.022649,-0.075409,chewing,left_chewing,106.218,l_gy,non_chewing
6087863.0,-0.759766,1.750488,-0.251465,-0.034374,-0.06555,0.058089,-0.68457,-1.829102,0.687012,-0.058089,-0.066616,0.052493,chewing,left_chewing,106.218,l_gy,non_chewing
6087873.0,-0.749023,1.747559,-0.235352,-0.010658,-0.090331,-0.018652,-0.650879,-1.812012,0.691895,-0.055158,0.074876,-0.135363,chewing,left_chewing,106.218,l_gy,non_chewing
6087883.0,-0.734863,1.771973,-0.243164,0.080738,-0.090064,-0.089798,-0.64209,-1.768555,0.686523,-0.168937,0.091397,-0.138294,chewing,left_chewing,106.218,l_gy,non_chewing
6087893.0,-0.679687,1.782715,-0.262207,0.122839,-0.141225,-0.156413,-0.573242,-1.824707,0.678223,-0.186524,0.027179,-0.037838,chewing,left_chewing,106.218,l_gy,non_chewing
6087903.0,-0.728027,1.772949,-0.276855,0.083669,-0.151884,-0.208907,-0.572754,-1.805664,0.682129,-0.148153,0.025047,-0.034374,chewing,unknown,106.586,l_gy,non_chewing
6087913.0,-0.793457,1.757813,-0.288086,0.068214,-0.278986,-0.251807,-0.567383,-1.833984,0.712891,-0.114046,-0.080738,0.003997,chewing,unknown,106.586,l_gy,non_chewing
6087923.0,-0.841797,1.793457,-0.274414,0.088199,-0.3917,-0.280851,-0.532227,-1.869629,0.708984,-0.114845,-0.129234,0.059954,chewing,unknown,106.586,l_gy,non_chewing
6087933.0,-0.84375,1.798828,-0.27002,0.14389,-0.42181,-0.318689,-0.580078,-1.879883,0.727051,-0.073544,-0.109516,-0.058888,chewing,unknown,106.586,l_gy,non_chewing
6087943.0,-0.868652,1.772949,-0.259766,0.155081,-0.436998,-0.345602,-0.566895,-1.853027,0.714844,-0.067681,-0.296306,-0.036772,chewing,unknown,106.586,l_gy,non_chewing
6087953.0,-0.846191,1.77832,-0.265625,0.117243,-0.350132,-0.342937,-0.572266,-1.868652,0.722168,-0.012257,-0.352796,-0.081804,chewing,unknown,106.586,l_gy,non_chewing
6087963.0,-0.825195,1.804688,-0.253906,0.089265,-0.15668,-0.38264,-0.547363,-1.860352,0.727539,0.015721,-0.445792,-0.085534,chewing,unknown,106.586,l_gy,non_chewing
6087973.0,-0.810547,1.782715,-0.259277,0.043966,0.043966,-0.379176,-0.546875,-1.834961,0.735352,0.006662,-0.386371,-0.103121,chewing,unknown,106.586,l_gy,non_chewing
6087983.0,-0.794434,1.768066,-0.244141,0.046098,0.159611,-0.318156,-0.563477,-1.812012,0.73877,-0.100989,-0.049029,-0.297639,chewing,unknown,106.586,l_gy,non_chewing
6087993.0,-0.756836,1.786133,-0.240234,-0.015721,0.253939,-0.22143,-0.586426,-1.801758,0.682129,-0.14309,0.232622,-0.38264,chewing,unknown,106.586,l_gy,non_chewing
6088003.0,-0.789551,1.728516,-0.223145,0.007461,0.200913,-0.221963,-0.572754,-1.790039,0.678223,-0.191853,0.39623,-0.43993,chewing,unknown,106.586,l_gy,non_chewing
6088013.0,-0.774902,1.71582,-0.214844,0.095926,0.167338,-0.113513,-0.480469,-1.791016,0.63623,-0.165207,0.569963,-0.390634,chewing,unknown,106.586,l_gy,non_chewing
6088023.0,-0.789062,1.703613,-0.186035,0.187856,0.05649,-0.035972,-0.48291,-1.790527,0.606445,-0.147087,0.673884,-0.446058,chewing,unknown,106.586,l_gy,non_chewing
6088033.0,-0.769531,1.693848,-0.210937,0.236885,0.01359,-0.065017,-0.511719,-1.749023,0.591309,-0.10925,0.454585,-0.183593,chewing,unknown,106.586,l_gy,non_chewing
6088043.0,-0.745117,1.711914,-0.188477,0.250741,-0.033574,-0.090864,-0.548828,-1.769043,0.615723,-0.091663,0.34347,0.041835,chewing,unknown,106.586,l_gy,non_chewing
6088053.0,-0.701172,1.696777,-0.199707,0.333877,0.028511,-0.099124,-0.597656,-1.769043,0.629395,-0.042634,0.305899,0.102588,chewing,unknown,106.586,l_gy,non_chewing
6088063.0,-0.713867,1.66748,-0.19873,0.37891,0.025047,-0.075142,-0.575195,-1.805664,0.63623,-0.02638,0.360257,0.1303,chewing,unknown,106.586,l_gy,non_chewing
6088073.0,-0.721191,1.619629,-0.173828,0.405023,-0.099657,-0.169737,-0.601562,-1.811035,0.623535,-0.124704,0.517737,0.111648,chewing,unknown,106.586,l_gy,non_chewing
6088083.0,-0.762207,1.572266,-0.163574,0.379975,-0.172668,-0.177464,-0.597168,-1.827148,0.620605,-0.154015,0.597675,0.109783,chewing,unknown,106.586,l_gy,non_chewing
6088093.0,-0.78125,1.574219,-0.184082,0.290977,-0.263265,-0.142291,-0.559082,-1.828613,0.593262,-0.152417,0.589415,0.195317,chewing,unknown,106.586,l_gy,non_chewing
6088103.0,-0.798828,1.562988,-0.194336,0.192119,-0.330413,-0.067149,-0.564941,-1.854004,0.629883,-0.116711,0.487093,0.239283,chewing,unknown,106.586,l_gy,non_chewing
6088113.0,-0.812988,1.568359,-0.195801,0.067948,-0.395697,-0.050894,-0.587402,-1.861328,0.617676,-0.116444,0.363988,0.279519,chewing,unknown,106.586,l_gy,non_chewing
6088123.0,-0.833008,1.633789,-0.213867,-0.07381,-0.48283,-0.139093,-0.624512,-1.871094,0.638672,-0.07834,0.272325,0.303234,chewing,unknown,106.586,l_gy,non_chewing
6088133.0,-0.862793,1.609863,-0.242187,-0.22143,-0.578224,-0.231289,-0.678223,-1.875488,0.649414,-0.045565,0.272591,0.262466,chewing,unknown,106.586,l_gy,non_chewing
