time_ms,l_ax,l_ay,l_az,l_gx,l_gy,l_gz,r_ax,r_ay,r_az,r_gx,r_gy,r_gz,label,elapsed_s,session_id
31187.0,0.178711,1.852539,0.92627,-3.110683,-1.433835,1.329115,0.243164,-1.661133,1.344238,0.545982,1.758919,2.314493,still,0.000000,session_20260606_121208
31197.0,0.252441,1.673828,1.016113,-3.437632,-1.427706,2.077075,-0.054199,-1.513184,1.246094,0.41728,1.617161,2.028312,still,0.010000,session_20260606_121208
31207.0,0.225586,1.808105,1.09082,-3.935651,-1.085035,2.365387,-0.277832,-1.342285,1.240723,0.963262,1.273691,1.007228,still,0.020000,session_20260606_121208
31217.0,-0.191895,2.10791,1.276367,-4.950873,-1.842854,2.043234,-0.260742,-1.319824,1.23291,0.980315,1.055191,0.468441,still,0.030000,session_20260606_121208
31227.0,-0.095215,2.230957,1.170898,-4.325752,-1.959032,2.672352,-0.192383,-1.276367,1.348633,0.775406,0.885188,0.27419,still,0.040000,session_20260606_121208
31237.0,0.297363,2.010742,0.748047,-2.890318,-2.742698,2.294775,-0.017578,-1.171387,1.489746,0.707991,1.087966,-0.098058,still,0.050000,session_20260606_121208
31247.0,0.32666,1.62793,0.878906,-0.874796,-2.876995,3.677449,0.159668,-1.309082,1.484863,0.530527,1.266496,-0.398095,still,0.060000,session_20260606_121208
31257.0,0.335449,1.797852,0.851074,0.024248,-2.708325,3.999335,0.150391,-1.474121,1.444824,0.504147,1.340306,-0.484429,still,0.070000,session_20260606_121208
31267.0,0.101563,1.069336,1.327148,0.118309,-0.80898,3.25404,0.085937,-1.486328,1.401367,0.058888,1.528695,-0.297372,still,0.080000,session_20260606_121208
31277.0,0.242676,1.533691,1.228516,0.774073,-0.964594,3.398196,-0.015137,-1.26709,1.408691,0.174799,1.262499,-0.654165,still,0.090000,session_20260606_121208
31287.0,0.515625,1.453125,1.143066,0.210505,-0.947541,2.479433,0.036621,-1.27832,1.400391,0.220631,1.508178,-0.746095,still,0.100000,session_20260606_121208
31297.0,0.748535,1.43457,1.186523,-0.072744,-0.33068,1.747461,0.177246,-1.368652,1.430176,-0.340806,1.25344,-0.580355,still,0.110000,session_20260606_121208
31307.0,0.763672,1.775391,1.166504,-0.302968,0.578224,1.883623,0.255859,-1.464844,1.464844,-0.586484,1.189222,-0.167871,still,0.120000,session_20260606_121208
31317.0,0.599609,1.658691,1.34375,-1.014689,0.757819,0.962995,0.32666,-1.659668,1.441895,-0.532925,1.008028,0.075142,still,0.130000,session_20260606_121208
31327.0,0.642578,2.061523,1.049805,-1.074643,0.750358,-0.35253,0.222656,-1.677246,1.397461,-0.291776,1.100224,0.252606,still,0.140000,session_20260606_121208
31337.0,0.77832,1.743164,1.015137,-0.904107,0.981115,-0.375179,0.07373,-1.650879,1.356445,-0.176398,0.986178,0.159877,still,0.150000,session_20260606_121208
31347.0,0.660645,1.84668,1.030762,-0.785265,1.295008,0.288845,0.032227,-1.651855,1.380371,0.035972,0.928355,0.220897,still,0.160000,session_20260606_121208
31357.0,0.560059,1.64209,1.169922,-0.231289,1.143657,0.222763,0.019043,-1.646973,1.348633,0.007461,0.795657,0.25687,still,0.170000,session_20260606_121208
31367.0,0.36084,1.798828,1.070313,0.093795,1.462879,0.860407,-0.033203,-1.591309,1.320313,0.123372,0.814842,0.242481,still,0.180000,session_20260606_121208
31377.0,0.327637,1.660156,1.101074,0.80445,1.849782,0.758885,-0.170898,-1.640625,1.296875,0.20944,0.810579,0.114579,still,0.190000,session_20260606_121208
31387.0,0.193359,2.093262,1.088379,1.001099,2.397096,0.436732,-0.226074,-1.586914,1.276855,0.137228,0.590214,0.066349,still,0.200000,session_20260606_121208
31397.0,0.28418,2.304688,1.07959,0.690404,2.120242,1.728276,-0.081543,-1.526367,1.356934,0.017054,0.623789,0.150818,still,0.210000,session_20260606_121208
31407.0,0.469727,1.913574,1.039551,0.459115,2.42774,0.732505,-0.186035,-1.519531,1.369629,-0.018919,0.664824,0.382907,still,0.220000,session_20260606_121208
31417.0,0.360352,1.86084,1.116699,0.578224,1.891351,0.646172,-1.307617,-1.727539,1.353516,1.172435,-1.326184,3.255106,still,0.230000,session_20260606_121208
31427.0,0.397949,1.538086,1.073242,0.703994,1.819672,0.893182,-0.380859,-2.021973,1.035156,2.720848,-2.551378,2.764815,still,0.240000,session_20260606_121208
31437.0,0.125,1.694336,1.22168,0.36079,1.193219,2.001666,0.140625,-2.227051,1.27002,2.186591,-2.118377,0.241681,still,0.250000,session_20260606_121208
31447.0,0.118164,1.848633,1.268555,0.382107,0.871599,1.928655,0.07666,-1.516113,1.390625,1.159645,-1.567599,0.433534,still,0.260000,session_20260606_121208
31457.0,0.039063,1.582031,1.246094,0.908904,-0.047697,2.183926,0.163086,-1.736328,1.430176,1.495654,-1.241449,-0.169204,still,0.270000,session_20260606_121208
31467.0,0.17627,1.25293,1.348145,1.701896,0.66136,2.066417,0.083984,-1.430664,1.327148,1.036006,-0.833495,-0.158279,still,0.280000,session_20260606_121208
31477.0,0.228516,1.436523,1.316895,2.043501,1.250508,1.858309,0.146973,-1.266113,1.561035,0.603804,-0.661893,-0.07381,still,0.290000,session_20260606_121208
31487.0,0.462402,1.348633,1.232422,3.765115,3.431237,2.116511,0.10498,-1.420898,1.540039,1.217201,0.007994,-0.337341,still,0.300000,session_20260606_121208
31497.0,0.716797,1.28125,0.913574,3.827734,3.568998,2.124772,0.123535,-1.51416,1.504395,0.96193,0.245678,0.015988,still,0.310000,session_20260606_121208
31507.0,0.902832,1.588867,0.835937,4.440597,6.763884,2.710989,-0.264648,-1.288574,1.258301,-0.515605,0.719982,0.232622,still,0.320000,session_20260606_121208
31517.0,0.770996,1.831055,1.015137,4.620726,6.654901,2.782934,0.070801,-1.325684,1.551758,-1.093029,0.788729,0.05649,still,0.330000,session_20260606_121208
31527.0,0.694336,2.049805,0.977539,4.116046,5.204012,1.6534,0.176758,-1.37793,1.613281,-1.246778,0.566499,0.308031,still,0.340000,session_20260606_121208
31537.0,0.872559,1.803711,0.78125,3.761118,3.430438,1.587051,0.282715,-1.448242,1.600098,-1.443161,0.318689,0.62592,still,0.350000,session_20260606_121208
31547.0,0.82666,1.839844,0.861328,3.315593,2.081072,1.1306,0.114746,-1.538086,1.554199,-1.557207,0.272858,0.878793,still,0.360000,session_20260606_121208
31557.0,0.882812,2.137207,0.762207,2.785599,1.977152,0.831096,-0.010254,-1.501953,1.46582,-1.548147,0.245145,0.803384,still,0.370000,session_20260606_121208
31567.0,0.833008,2.182617,0.513672,1.55774,1.815942,-0.027979,-0.080566,-1.55957,1.409668,-2.064551,0.233421,0.930753,still,0.380000,session_20260606_121208
31577.0,0.945801,1.68457,0.593262,1.432236,0.616861,-0.969923,-0.17041,-1.551758,1.303711,-2.826101,0.378643,1.21347,still,0.390000,session_20260606_121208
31587.0,0.846191,1.77002,0.609375,0.906239,-0.553709,-0.006395,-0.299316,-1.529297,1.246582,-3.055259,0.226227,1.19615,still,0.400000,session_20260606_121208
31597.0,0.623047,2.021973,0.61084,0.958732,-0.879859,0.304833,-0.212402,-1.540527,1.314941,-2.681678,-0.008527,0.982181,still,0.410000,session_20260606_121208
31607.0,0.506836,1.881836,0.797852,0.560371,-1.107684,-0.022916,-0.141113,-1.522461,1.35791,-2.323819,-0.153482,0.703994,still,0.420000,session_20260606_121208
31617.0,0.520508,1.809082,0.774414,0.627786,-0.921694,0.025847,-0.098145,-1.494141,1.351074,-2.102389,-0.062885,0.370916,still,0.430000,session_20260606_121208
31627.0,0.537109,1.687012,0.89502,0.618193,-0.641642,0.460447,-0.121094,-1.490234,1.345703,-1.857776,0.018919,0.120441,still,0.440000,session_20260606_121208
31637.0,0.609375,1.516113,0.887207,1.709357,-0.144156,0.520668,-0.129395,-1.520508,1.290039,-1.828998,0.120708,0.023182,still,0.450000,session_20260606_121208
31647.0,0.508301,1.693359,0.696289,1.853513,0.353063,0.152683,-0.141113,-1.533203,1.236328,-2.228159,0.266995,0.015988,still,0.460000,session_20260606_121208
31657.0,0.324707,1.793457,0.744629,1.856178,0.215302,-0.285381,-0.17334,-1.611816,1.197754,-2.652634,0.37438,0.003198,still,0.470000,session_20260606_121208
31667.0,0.313965,1.938965,0.70752,1.632349,-0.319222,-0.228092,-0.138184,-1.68457,1.183594,-2.542585,0.277121,0.018652,still,0.480000,session_20260606_121208
31677.0,0.335449,1.859375,0.70459,1.289145,-0.048763,-0.426073,-0.094238,-1.771484,1.174805,-2.219899,0.181194,-0.065017,still,0.490000,session_20260606_121208
31687.0,0.29834,1.889648,0.994141,1.119942,-0.325084,-0.12577,-0.125977,-1.755371,1.145996,-2.077608,0.254472,-0.051694,still,0.500000,session_20260606_121208
31697.0,0.606445,1.365234,0.660645,2.134897,0.383173,0.825767,-0.180664,-1.74707,1.133789,-2.119709,0.405289,-0.111648,still,0.510000,session_20260606_121208
31707.0,0.52002,1.662598,0.740234,2.481832,0.981914,1.053593,-0.132324,-1.813477,1.104004,-1.863639,0.194784,0.062885,still,0.520000,session_20260606_121208
31717.0,0.669434,1.870605,0.526855,2.132233,1.603038,0.528129,-0.127441,-1.861816,1.097656,-1.698965,0.013323,0.347201,still,0.530000,session_20260606_121208
31727.0,0.608887,2.053223,0.544434,1.850582,1.211605,-0.010925,-0.099609,-1.816895,1.098145,-1.440496,-0.324551,0.572894,still,0.540000,session_20260606_121208
31737.0,0.614258,2.210449,0.675293,1.406122,0.402625,-0.526796,-0.054199,-1.760742,1.127441,-1.524698,-0.523599,0.584885,still,0.550000,session_20260606_121208
31747.0,0.563965,2.233887,0.665527,1.185492,-0.379975,-1.260101,-0.097656,-1.68457,1.145508,-1.094095,-0.622989,0.540119,still,0.560000,session_20260606_121208
31757.0,0.591309,2.196289,0.57959,0.426606,-1.09676,-1.819672,-0.135254,-1.758301,1.150879,-0.975253,-0.771142,0.56943,still,0.570000,session_20260606_121208
31767.0,0.9375,1.728516,0.624512,0.294441,-1.231323,-1.88389,-0.134766,-1.700195,1.14502,-0.740233,-0.873997,0.662692,still,0.580000,session_20260606_121208
31777.0,1.07373,1.537598,0.626953,0.775939,-0.853479,-2.106652,-0.089844,-1.702148,1.16748,-0.51294,-0.679479,0.547314,still,0.590000,session_20260606_121208
31787.0,0.790527,1.630371,0.633301,1.365087,-0.142824,-1.98781,-0.072266,-1.655273,1.191406,-0.081538,-0.494554,0.130567,still,0.600000,session_20260606_121208
31797.0,0.335938,1.817383,0.567871,1.909737,-0.212904,-1.678447,-0.111816,-1.66748,1.111816,0.00906,-0.16121,-0.196916,still,0.610000,session_20260606_121208
31807.0,0.120117,2.089844,0.470703,1.796224,-0.489758,-1.584919,-0.183594,-1.731934,1.039063,0.001332,-0.305366,-0.343737,still,0.620000,session_20260606_121208
31817.0,0.320313,2.063477,0.492676,1.312594,-0.684809,-2.159145,-0.181641,-1.74707,1.02832,0.250741,-0.419678,-0.418879,still,0.630000,session_20260606_121208
31827.0,0.491699,2.087402,0.51123,0.887054,-1.22706,-3.172502,-0.098145,-1.719238,1.075195,0.626187,-0.468175,-0.684542,still,0.640000,session_20260606_121208
31837.0,0.590332,1.857422,0.560547,0.756221,-1.373081,-3.013957,0.020508,-1.745605,1.129395,0.97392,-0.379443,-1.195351,still,0.650000,session_20260606_121208
31847.0,0.431152,1.821777,0.584473,1.04853,-0.798055,-2.54072,0.006348,-1.745117,1.112793,1.16524,-0.036772,-1.515106,still,0.660000,session_20260606_121208
31857.0,0.291504,1.908691,0.53418,1.426374,-0.320554,-2.043234,-0.033203,-1.76123,1.056152,0.942744,0.323752,-1.691237,still,0.670000,session_20260606_121208
31867.0,0.102539,1.99707,0.520996,1.448224,-0.272058,-1.986744,-0.089844,-1.820801,1.047852,0.554508,0.413816,-1.376012,still,0.680000,session_20260606_121208
31877.0,0.129883,2.155762,0.489746,1.212937,-0.443926,-1.884956,-0.167969,-1.74707,0.986816,0.236885,0.211305,-0.911035,still,0.690000,session_20260606_121208
31887.0,0.327637,2.137207,0.408691,0.72691,-0.766346,-1.807415,-2.441406,-1.550781,1.950195,2.236686,-2.053093,4.443795,still,0.700000,session_20260606_121208
31897.0,0.408203,2.060059,0.45459,0.502548,-1.102355,-2.053893,0.075684,-1.67627,1.293457,1.061853,-0.405556,0.76155,still,0.710000,session_20260606_121208
31907.0,0.306152,2.051758,0.506348,0.80445,-0.91743,-1.802352,0.046875,-1.704102,1.182617,0.795124,-0.138294,0.573161,still,0.720000,session_20260606_121208
31917.0,0.297852,1.949707,0.430176,0.870266,-0.706925,-1.789562,0.222168,-1.82959,1.16748,0.358126,0.043966,0.176665,still,0.730000,session_20260606_121208
31927.0,0.21875,1.846191,0.46875,1.049329,-0.446058,-1.67072,-0.106934,-1.693848,1.162598,0.069014,0.0874,0.631516,still,0.740000,session_20260606_121208
31937.0,0.170898,1.788086,0.424316,1.249176,-0.259268,-1.721348,-0.14502,-1.856934,0.828125,-0.329614,0.074077,-0.059421,still,0.750000,session_20260606_121208
31947.0,0.121582,1.876465,0.432617,0.93475,-0.247011,-1.650469,-0.051758,-1.768555,1.123047,-0.205443,-0.080738,-0.147354,still,0.760000,session_20260606_121208
31957.0,0.117676,1.935547,0.393555,0.797789,-0.143623,-1.503115,-0.04248,-1.662598,1.15625,-0.096193,0.036772,-0.243014,still,0.770000,session_20260606_121208
31967.0,0.046387,1.988281,0.385254,0.636312,-0.121507,-1.191354,0.044922,-1.716797,1.179688,-0.086067,0.102588,-0.313626,still,0.780000,session_20260606_121208
31977.0,0.129395,1.865234,0.397949,0.799654,-0.03011,-0.820438,-0.025391,-1.738281,1.168457,0.057556,0.155881,-0.364254,still,0.790000,session_20260606_121208
31987.0,0.088867,2.010254,0.369629,0.919562,0.062885,-0.517737,-0.078613,-1.765625,1.131836,0.249942,0.155348,-0.377844,still,0.800000,session_20260606_121208
31997.0,0.06543,1.922852,0.39502,0.810312,0.365587,-0.214502,-0.140137,-1.712891,1.112793,0.089798,-0.069014,0.013323,still,0.810000,session_20260606_121208
32007.0,0.056641,2.027344,0.30957,0.855611,0.779936,0.18226,-0.165527,-1.625,1.160645,-0.134297,-0.235819,0.33894,still,0.820000,session_20260606_121208
32017.0,0.118652,1.932129,0.30957,0.668021,1.023482,0.086067,-0.150391,-1.594727,1.160645,-0.170802,-0.438331,0.467109,still,0.830000,session_20260606_121208
32027.0,0.087402,2.059082,0.319336,0.541185,1.056524,-0.120974,-0.084473,-1.62207,1.179199,-0.174799,-0.55291,0.445259,still,0.840000,session_20260606_121208
32037.0,0.191895,2.136719,0.23291,0.399694,0.780469,-0.265397,-0.07373,-1.697754,1.141602,0.005063,-0.591813,0.284582,still,0.850000,session_20260606_121208
32047.0,0.15625,2.05127,0.32373,0.431136,0.614462,-0.077008,-0.105469,-1.718262,1.085938,0.163608,-0.58755,0.107917,still,0.860000,session_20260606_121208
32057.0,0.250977,1.872559,0.348145,0.321354,0.588616,-0.083403,-0.112793,-1.723145,1.118652,-0.015188,-0.567565,0.232355,still,0.870000,session_20260606_121208
32067.0,0.178711,1.983887,0.379883,0.322953,0.85641,0.163874,-0.108398,-1.72168,1.136719,-0.029044,-0.588349,0.284582,still,0.880000,session_20260606_121208
32077.0,0.060059,2.013672,0.209961,0.212904,1.185492,0.31709,-0.084961,-1.694824,1.145508,-0.03464,-0.55211,0.276322,still,0.890000,session_20260606_121208
32087.0,0.154785,1.961914,0.357422,-0.057556,0.871865,0.48283,-0.081543,-1.71582,1.162109,-0.040502,-0.47004,0.236619,still,0.900000,session_20260606_121208
32097.0,0.154785,1.925781,0.444336,-0.0429,1.091697,1.014956,-0.083496,-1.702148,1.148438,0.066349,-0.365054,0.097259,still,0.910000,session_20260606_121208
32107.0,0.090332,1.890625,0.328125,0.053026,0.481764,1.229458,-0.061523,-1.705078,1.179688,0.231822,-0.16574,-0.091663,still,0.920000,session_20260606_121208
32117.0,0.227539,2.033203,0.396484,-0.046631,0.711721,1.824202,-0.018555,-1.724609,1.186035,0.371182,0.124704,-0.348533,still,0.930000,session_20260606_121208
32127.0,0.256836,1.978516,0.316895,-0.249142,0.751158,1.880426,0.010254,-1.722168,1.196777,0.563035,0.512407,-0.730374,still,0.940000,session_20260606_121208
32137.0,0.10791,1.913086,0.425781,-0.349066,0.633115,2.022184,0.001953,-1.70166,1.220215,0.722646,0.847617,-1.062919,still,0.950000,session_20260606_121208
32147.0,0.217773,1.900391,-0.335449,1.182028,-0.845752,3.239118,-0.012695,-1.693848,1.189453,0.793525,1.147387,-1.333911,still,0.960000,session_20260606_121208
32157.0,-0.144531,1.794434,0.474121,-0.160677,0.149485,2.215902,0.013184,-1.747559,1.17041,0.74423,1.236652,-1.414383,still,0.970000,session_20260606_121208
32167.0,0.38623,2.030273,0.317383,-0.862539,1.294741,2.618793,0.025391,-1.762207,1.16748,0.756753,1.259835,-1.403458,still,0.980000,session_20260606_121208
32177.0,-0.011719,1.98291,0.304199,-1.157779,2.317957,0.406089,0.013672,-1.76416,1.17627,0.902242,1.324851,-1.510842,still,0.990000,session_20260606_121208
32187.0,0.164551,1.858398,0.330078,-2.110116,1.623556,1.621957,0.019043,-1.708496,1.199707,1.169504,1.329381,-1.656864,still,1.000000,session_20260606_121208
32197.0,0.768066,2.021973,0.234375,-1.577724,2.752024,0.361057,0.037598,-1.674805,1.218262,1.539887,1.460214,-1.989409,still,1.010000,session_20260606_121208
32207.0,0.223633,3.46582,-0.278809,-0.284315,3.606037,-0.585951,0.073242,-1.688965,1.234375,1.910269,1.450888,-2.250542,still,1.020000,session_20260606_121208
32217.0,0.766602,2.090332,0.400879,-0.628319,3.094162,0.07834,0.012207,-1.744629,1.170898,2.250542,1.20974,-2.314759,still,1.030000,session_20260606_121208
32227.0,0.291504,1.901367,0.520996,-2.238818,2.312095,0.496686,-0.037598,-1.750488,1.161621,2.452521,0.746095,-1.923593,still,1.040000,session_20260606_121208
32237.0,0.159668,2.164063,0.404785,-2.353663,2.412551,0.643507,0.0,-1.66748,1.245117,2.558306,0.619792,-1.355761,still,1.050000,session_20260606_121208
32247.0,0.237793,2.095215,0.535645,-1.719216,2.16634,0.846551,0.086426,-1.599609,1.316406,1.625688,0.768744,-1.333378,still,1.060000,session_20260606_121208
32257.0,0.331055,1.87793,0.54541,-0.843354,1.995804,0.893449,0.102539,-1.560059,1.341309,1.403458,0.643507,-0.91743,still,1.070000,session_20260606_121208
32267.0,0.362305,2.010254,0.449219,-1.336576,1.871632,0.53932,0.075684,-1.615723,1.310547,1.268894,0.420744,-0.523332,still,1.080000,session_20260606_121208
32277.0,0.342773,2.022949,0.608398,-0.8263,1.258769,-0.259002,0.094238,-1.574707,1.321777,1.087966,0.3917,-0.422609,still,1.090000,session_20260606_121208
32287.0,0.303711,1.944336,0.584473,-0.659495,1.264364,-0.203044,0.041504,-1.558594,1.319336,1.127936,0.396496,-0.349332,still,1.100000,session_20260606_121208
32297.0,0.318359,2.055176,0.552246,-0.741032,1.798355,-0.009859,0.050781,-1.584961,1.325684,1.060254,0.279786,-0.236086,still,1.110000,session_20260606_121208
32307.0,0.078613,0.344238,0.949219,-0.271792,1.376279,-0.980315,0.114746,-1.566406,1.349609,0.945942,0.19132,-0.142557,still,1.120000,session_20260606_121208
32317.0,0.352051,2.01123,0.574219,-0.639243,0.515605,-0.990708,0.114746,-1.548828,1.375977,0.918496,-0.048763,0.140959,still,1.130000,session_20260606_121208
32327.0,0.242187,1.992188,0.624512,-0.636845,0.601672,-0.75702,0.133789,-1.517578,1.400391,1.127136,-0.287513,0.144956,still,1.140000,session_20260606_121208
32337.0,0.431152,1.885742,0.599121,-0.840956,0.888919,-0.595544,0.094727,-1.535645,1.376953,1.641942,-0.596876,0.00453,still,1.150000,session_20260606_121208
32347.0,-0.035645,1.924316,0.008301,0.239017,1.094628,-0.697599,0.053223,-1.65918,1.167969,2.038704,-0.863338,-0.110315,still,1.160000,session_20260606_121208
32357.0,0.333008,2.016113,0.472168,-0.581688,0.546515,-1.230524,0.048828,-1.53125,1.386719,2.578024,-1.037072,-0.077807,still,1.170000,session_20260606_121208
32367.0,0.21875,2.221191,0.54248,-1.550012,0.790594,-0.903041,0.09082,-1.460449,1.439453,2.851415,-0.9574,-0.281118,still,1.180000,session_20260606_121208
32377.0,0.520508,1.883789,0.668945,-1.066116,0.703994,-0.748227,0.049316,-1.483887,1.410645,2.931887,-1.038937,-0.45272,still,1.190000,session_20260606_121208
32387.0,0.315918,1.787109,0.678223,-0.240616,0.427139,-0.348266,0.005371,-1.483887,1.430176,3.305467,-1.205476,-0.622456,still,1.200000,session_20260606_121208
32397.0,0.152832,1.943848,0.653809,-0.368784,0.295507,-0.353596,0.025879,-1.460449,1.440918,3.442695,-1.300337,-0.394897,still,1.210000,session_20260606_121208
32407.0,0.233887,1.989258,0.635742,-0.408221,0.314159,-0.724512,0.11084,-1.505859,1.49707,3.592447,-1.362156,-0.563835,still,1.220000,session_20260606_121208
32417.0,0.21582,1.932129,0.655273,-0.180928,0.24781,-0.660028,0.195801,-1.444336,1.575684,3.917265,-1.338175,-0.529194,still,1.230000,session_20260606_121208
32427.0,0.130371,1.979004,0.625977,-0.359991,0.249675,-0.363988,0.698242,-1.408691,2.543945,3.460282,-1.568665,-4.295641,still,1.240000,session_20260606_121208
32437.0,0.291992,1.96582,0.672852,-0.472704,0.089265,-0.314159,0.380371,0.649902,1.777344,3.543951,-2.544717,3.97562,still,1.250000,session_20260606_121208
32447.0,0.28418,1.984863,0.658203,-0.189721,-0.390101,-0.384239,-0.016602,-0.96875,1.352539,2.695268,-1.738668,0.297639,still,1.260000,session_20260606_121208
32457.0,0.384277,1.921387,0.682129,0.23875,-0.987243,-0.318423,-0.064941,-0.004883,1.853027,3.148787,-1.274224,1.449822,still,1.270000,session_20260606_121208
32467.0,0.152832,1.995117,0.681152,0.616061,-1.545216,0.674417,0.182617,-0.911133,1.965332,2.591614,-0.997369,0.795124,still,1.280000,session_20260606_121208
32477.0,0.348145,2.051758,0.772949,1.337375,-1.071979,-0.192386,0.285645,-1.250977,1.62207,3.068582,-0.783666,0.511874,still,1.290000,session_20260606_121208
32487.0,0.43457,2.015625,0.638672,2.317691,-4.95487,0.693868,0.236328,-1.201172,1.79541,1.734404,-0.688539,0.686141,still,1.300000,session_20260606_121208
32497.0,0.115723,2.020508,0.439453,1.722147,-4.076077,0.968325,0.28418,-1.227051,1.777832,0.70879,-0.568897,0.613663,still,1.310000,session_20260606_121208
32507.0,0.276855,1.88623,0.404785,3.064585,-6.525666,1.105286,0.202148,-1.130859,1.733887,0.520668,-0.397029,0.300037,still,1.320000,session_20260606_121208
32517.0,0.923828,2.135742,0.47998,1.028812,-2.346469,0.650968,0.173828,-1.253906,1.727539,0.027446,-0.174799,0.229424,still,1.330000,session_20260606_121208
32527.0,0.723145,1.963867,0.630371,0.447124,-0.87453,0.689605,0.115234,-1.292969,1.689453,0.001865,-0.162276,-0.027446,still,1.340000,session_20260606_121208
32537.0,0.063477,1.825195,0.673828,0.839623,-0.847884,1.104487,0.225586,-1.118652,1.665039,0.558239,0.272058,-0.278187,still,1.350000,session_20260606_121208
32547.0,0.169434,1.843262,0.503906,1.075443,-2.049896,0.781801,0.1875,-1.372559,1.613281,0.507611,0.457783,-0.421277,still,1.360000,session_20260606_121208
32557.0,0.449219,2.000488,0.496094,0.967259,-2.591081,1.146322,-0.02002,-2.560547,1.577637,0.260867,0.649902,-0.98751,still,1.370000,session_20260606_121208
32567.0,0.461914,2.157715,0.493652,1.0003,-3.082704,1.164175,0.030762,-0.989258,1.625488,0.209173,1.485528,-1.413583,still,1.380000,session_20260606_121208
32577.0,0.360352,1.984375,0.505371,1.324319,-3.41898,1.304067,0.153809,-1.710938,0.744629,0.505746,1.622756,-7.751127,still,1.390000,session_20260606_121208
32587.0,0.169434,2.006836,0.596191,0.920361,-2.590015,1.851648,0.510742,-0.584961,1.291504,1.348567,4.425675,-8.300839,still,1.400000,session_20260606_121208
32597.0,0.085449,2.026367,0.563477,-0.594744,-1.25717,3.07551,0.821777,-0.421387,3.302246,1.086367,0.731972,-4.547982,still,1.410000,session_20260606_121208
32607.0,0.267578,2.071289,0.596191,-1.010959,-1.249443,3.372083,2.127441,2.730957,1.9375,3.385406,7.604573,-8.731442,still,1.420000,session_20260606_121208
32617.0,0.565918,1.838867,0.44873,-0.855877,-0.519069,3.402459,3.420898,2.029297,3.595703,0.588083,1.402126,1.601439,still,1.430000,session_20260606_121208
32627.0,0.672363,1.971191,0.501953,-0.48736,0.065017,2.551911,0.381348,-0.354492,2.085449,1.533225,1.772508,-2.235087,still,1.440000,session_20260606_121208
32637.0,0.65625,2.021973,0.462402,-0.775672,-0.227559,2.875396,0.358398,-0.708008,1.955078,0.875862,1.373348,-2.668888,still,1.450000,session_20260606_121208
32647.0,0.844727,1.752441,0.289551,0.14389,0.658962,2.513008,0.275391,-0.868652,1.801758,-0.371449,0.370916,-1.234521,still,1.460000,session_20260606_121208
32657.0,0.481934,1.990234,0.57373,-0.130833,1.056257,2.283051,0.300781,-0.953613,1.800293,-1.313394,0.450588,-0.712787,still,1.470000,session_20260606_121208
32667.0,0.600098,1.787109,0.697754,0.12657,1.393066,2.778138,0.352539,-1.049316,1.827637,-1.735737,0.366119,-0.376778,still,1.480000,session_20260606_121208
32677.0,0.557617,1.614258,0.477051,1.088766,0.515072,0.707991,0.31543,-1.095703,1.794922,-1.973954,0.36985,-0.044766,still,1.490000,session_20260606_121208
32687.0,0.431641,2.250488,0.415039,1.145789,1.55774,0.767145,0.330078,-1.113281,1.780273,-2.060554,0.384772,0.111115,still,1.500000,session_20260606_121208
32697.0,0.668457,2.273438,0.595703,0.249942,0.242747,0.542251,0.370117,-1.108398,1.806152,-2.510343,0.347201,0.196916,still,1.510000,session_20260606_121208
32707.0,0.650391,1.810547,0.462402,-0.023182,1.600907,0.103121,0.367188,-1.128906,1.804688,-2.534858,0.213703,0.144423,still,1.520000,session_20260606_121208
32717.0,0.608398,1.899414,0.415527,0.077541,0.860141,0.062086,0.376465,-1.148926,1.79541,-2.9143,0.083136,0.125237,still,1.530000,session_20260606_121208
32727.0,0.645996,2.003418,0.556152,-0.377577,0.190787,0.369317,0.470215,-1.143066,1.754883,-3.38061,-0.209972,0.358925,still,1.540000,session_20260606_121208
32737.0,0.443359,1.959961,0.503906,-1.266763,-0.425807,0.348799,0.364746,-1.192871,1.729004,-3.749926,-0.289378,0.597409,still,1.550000,session_20260606_121208
32747.0,0.291992,1.874512,0.588867,-1.442894,-0.609933,1.119409,0.354492,-1.230957,1.724121,-3.952438,-0.437531,0.497752,still,1.560000,session_20260606_121208
32757.0,0.602051,1.815918,0.546387,-0.842288,-0.162009,0.90011,0.239746,-1.226074,1.634766,-3.856778,-0.655231,0.550778,still,1.570000,session_20260606_121208
32767.0,0.750488,1.933594,0.551758,-0.447923,-0.179329,0.573694,0.208008,-1.302734,1.567871,-3.391801,-0.806582,0.298971,still,1.580000,session_20260606_121208
32777.0,0.580566,1.932129,0.510742,-0.575825,0.265397,0.244879,0.258301,-1.328125,1.574219,-2.934285,-0.859874,0.31709,still,1.590000,session_20260606_121208
32787.0,0.641113,1.095215,-0.395996,1.502848,2.37951,1.004297,0.300781,-1.350586,1.585449,-2.312628,-0.965394,0.732239,still,1.600000,session_20260606_121208
32797.0,0.605957,2.052246,0.613281,0.170003,1.321654,-0.174799,0.344727,-1.327148,1.549805,-2.042435,-1.020018,0.963528,still,1.610000,session_20260606_121208
32807.0,0.687988,1.920898,0.561523,-0.57023,1.833528,-0.37438,0.435547,-1.443848,1.584473,-1.672585,-0.886254,0.958732,still,1.620000,session_20260606_121208
32817.0,0.662109,1.959961,0.621094,-0.106585,1.229458,-0.31709,0.355957,-1.412598,1.532227,-1.558805,-0.665357,1.049063,still,1.630000,session_20260606_121208
32827.0,0.601562,1.99707,0.705566,0.248609,1.222263,-0.527329,0.289551,-1.312988,1.539063,-1.568665,-0.483896,1.081305,still,1.640000,session_20260606_121208
32837.0,0.662109,1.722656,0.353027,1.937982,1.344037,-3.921795,0.294922,-1.362305,1.526367,-1.647804,-0.423409,1.163109,still,1.650000,session_20260606_121208
32847.0,1.02832,2.246582,0.52832,4.754223,1.713087,-6.508613,0.171387,-1.393555,1.496582,-1.939314,-0.338674,1.227326,still,1.660000,session_20260606_121208
32857.0,0.099609,1.844238,0.044922,6.405758,8.55611,-4.966061,0.157227,-1.455566,1.480957,-2.25374,-0.431136,1.208141,still,1.670000,session_20260606_121208
32867.0,-1.195801,3.999878,2.519531,2.765881,8.731176,-0.931819,0.254395,-1.473145,1.456055,-2.093596,-0.702395,1.405323,still,1.680000,session_20260606_121208
32877.0,0.410645,2.083008,-0.09375,-1.443427,8.136432,2.272392,-1.737793,-2.533203,2.444336,-2.233755,-6.895782,4.070481,still,1.690000,session_20260606_121208
32887.0,0.627441,1.932129,0.527832,-2.07521,4.294309,-1.321121,0.186523,-1.658203,1.331543,-1.897213,-3.75792,2.086668,still,1.700000,session_20260606_121208
32897.0,0.434082,1.506836,0.279785,-1.141792,2.993173,-1.32272,0.183105,-1.545898,1.293457,-0.797789,-1.331513,1.621957,still,1.710000,session_20260606_121208
32907.0,0.327148,2.203125,0.575684,-1.715485,2.195917,-1.342971,0.253906,-1.543945,1.362793,-0.775939,-1.399727,1.460481,still,1.720000,session_20260606_121208
32917.0,0.228516,1.516602,0.361816,-1.259302,3.698766,-0.5649,0.286133,-1.542969,1.373535,-1.118609,-1.669387,1.402392,still,1.730000,session_20260606_121208
32927.0,0.243652,1.910645,0.701172,-0.946741,1.74453,-0.585152,0.197266,-1.419922,1.362305,-1.423443,-1.425308,1.225727,still,1.740000,session_20260606_121208
32937.0,0.414062,1.807617,0.79248,-0.261933,1.029611,-0.276322,0.236816,-1.530762,1.391602,-1.392266,-0.894248,0.9137,still,1.750000,session_20260606_121208
32947.0,0.318848,1.726074,0.67627,-0.566233,0.854012,0.274989,0.229004,-1.531738,1.389648,-1.832196,-0.576625,1.06585,still,1.760000,session_20260606_121208
32957.0,0.257324,1.991699,0.688965,-0.782067,-0.072744,0.694135,0.262207,-1.619141,1.365723,-1.75279,-0.42181,1.206276,still,1.770000,session_20260606_121208
32967.0,0.397949,2.010254,0.480469,-0.916631,-0.516404,-0.139093,0.228027,-1.667969,1.287598,-1.677115,-0.310429,1.443427,still,1.780000,session_20260606_121208
32977.0,0.475586,1.872559,0.600098,-0.395697,-0.704527,-0.499351,0.248535,-1.646484,1.280273,-1.688573,-0.266995,1.896147,still,1.790000,session_20260606_121208
32987.0,0.474121,1.862305,0.645508,-1.139127,-1.31739,-0.408487,0.238281,-1.653809,1.330078,-1.195884,0.272058,2.212971,still,1.800000,session_20260606_121208
32997.0,0.30127,1.965332,0.657227,-1.459149,-1.094628,-0.76075,0.208984,-1.686523,1.338379,-0.867069,0.410352,2.378977,still,1.810000,session_20260606_121208
33007.0,0.385254,1.870605,0.67334,-1.107951,-0.052227,-1.192953,0.20752,-1.592773,1.315918,-0.913167,0.448989,2.117577,still,1.820000,session_20260606_121208
33017.0,0.278809,1.924805,0.676758,-0.923559,1.255038,-1.313926,0.214844,-1.521973,1.291992,-0.818306,0.329881,2.202845,still,1.830000,session_20260606_121208
33027.0,0.258789,1.943848,0.643066,-1.123406,2.476502,-1.260634,0.305664,-1.603027,1.378418,-0.855078,0.632315,2.319023,still,1.840000,session_20260606_121208
33037.0,0.218262,1.919434,0.585937,-1.687507,3.866104,-1.512175,0.11084,-1.685059,1.251953,-1.082104,0.768211,2.250009,still,1.850000,session_20260606_121208
33047.0,0.385254,1.730469,0.52002,-2.405357,5.016955,-1.098358,0.018555,-1.601074,1.230469,-1.192686,0.688273,2.125838,still,1.860000,session_20260606_121208
33057.0,-0.362305,2.952148,1.263184,-3.568998,5.53256,-0.672551,0.137695,-1.611816,1.310059,-1.303801,0.548646,2.116511,still,1.870000,session_20260606_121208
33067.0,0.343262,1.944824,0.823242,-2.991041,5.49872,-0.643507,0.077148,-1.633789,1.26709,-1.371749,0.643507,2.090931,still,1.880000,session_20260606_121208
33077.0,0.154785,1.962402,0.87793,-2.470374,5.384407,-0.322953,0.067383,-1.624023,1.258789,-1.451954,0.661093,1.913201,still,1.890000,session_20260606_121208
33087.0,0.384766,1.818359,0.741211,-2.643574,4.442729,-0.298704,0.026367,-1.614258,1.24707,-1.502049,0.682677,1.770377,still,1.900000,session_20260606_121208
33097.0,0.285156,1.883301,0.845215,-2.635847,3.151185,-0.012257,0.042969,-1.62207,1.23291,-1.70909,0.641642,1.734138,still,1.910000,session_20260606_121208
33107.0,0.250977,1.939453,0.843262,-3.071779,2.293442,0.105253,-0.030273,-1.729492,1.157227,-1.631283,0.745828,1.635014,still,1.920000,session_20260606_121208
33117.0,0.286621,1.883301,0.834961,-3.59298,1.230524,0.132698,-0.036621,-1.731445,1.124512,-1.399461,0.633914,1.42211,still,1.930000,session_20260606_121208
33127.0,0.074707,1.963379,0.977539,-3.777106,1.138861,1.019219,-0.008789,-1.699707,1.186523,-1.350965,0.496686,1.336842,still,1.940000,session_20260606_121208
33137.0,0.17627,1.845703,0.995605,-3.356095,1.067449,1.212937,-0.001465,-1.698242,1.187012,-1.35736,0.411951,1.310196,still,1.950000,session_20260606_121208
33147.0,0.207031,1.838379,0.96875,-3.3489,1.202545,1.427173,-0.129883,-1.681152,1.10498,-1.329648,0.339473,1.097559,still,1.960000,session_20260606_121208
33157.0,0.314453,1.950684,1.080566,-3.499452,1.873231,0.872132,-0.119629,-1.671387,1.127441,-1.337375,0.313626,1.013357,still,1.970000,session_20260606_121208
33167.0,0.20752,1.810059,0.95166,-3.971357,1.774374,-0.54838,-0.095703,-1.699219,1.111816,-1.304067,0.386371,0.879326,still,1.980000,session_20260606_121208
33177.0,0.276367,1.750977,1.252441,-3.36249,2.173534,-0.746361,-0.150879,-1.71875,1.072266,-1.345902,0.402891,0.640043,still,1.990000,session_20260606_121208
33187.0,0.054687,1.830566,1.353027,-3.312395,2.360591,-2.2191,-0.183105,-1.746582,1.038574,-1.503115,0.440462,0.471639,still,2.000000,session_20260606_121208
33197.0,0.147461,1.563477,1.302734,-2.082404,2.491691,-2.355528,-0.171875,-1.767578,1.043945,-1.437032,0.411951,0.308564,still,2.010000,session_20260606_121208
33207.0,0.080078,1.543945,1.274902,-0.773008,2.359259,-2.311296,-0.117676,-1.763672,1.077148,-1.403724,0.46924,0.156946,still,2.020000,session_20260606_121208
33217.0,0.069336,1.551758,1.228516,0.413816,2.661694,-1.990741,-0.092773,-1.802734,1.09082,-1.22706,0.57396,0.102855,still,2.030000,session_20260606_121208
33227.0,0.077637,1.341797,1.195313,2.745629,3.078974,-1.488193,-0.164551,-1.766113,1.027832,-1.164708,0.6086,0.10019,still,2.040000,session_20260606_121208
33237.0,-0.086426,1.405273,1.22998,6.032711,2.268661,-0.469773,-0.081543,-1.770996,1.056152,-1.264631,0.567299,0.289911,still,2.050000,session_20260606_121208
33247.0,-0.0625,1.57959,1.259766,6.366055,2.181262,0.123639,-0.15625,-1.763184,1.022949,-1.115412,0.510009,0.432735,still,2.060000,session_20260606_121208
33257.0,-0.19043,1.702637,1.191406,5.660462,1.6097,0.110315,-0.182129,-1.792969,0.977539,-1.090364,0.411152,0.555841,still,2.070000,session_20260606_121208
33267.0,-0.095703,1.983887,1.007324,4.964462,1.183093,0.363721,-0.1875,-1.807617,0.949219,-1.027746,0.225161,0.509476,still,2.080000,session_20260606_121208
33277.0,-0.064941,1.992676,1.10791,4.556242,0.884655,0.715718,-0.141113,-1.791504,0.987793,-0.802585,0.048496,0.390634,still,2.090000,session_20260606_121208
33287.0,0.046387,2.17334,1.095215,4.394766,0.823636,0.558505,-0.152832,-1.816406,0.964844,-0.680812,-0.004796,0.276055,still,2.100000,session_20260606_121208
33297.0,0.07373,2.265137,1.109375,4.40729,0.884389,0.262998,-0.116699,-1.813965,0.965332,-0.740233,0.067681,0.201979,still,2.110000,session_20260606_121208
33307.0,0.218262,2.336914,1.037109,4.090466,0.423142,-0.257936,-0.09668,-1.8125,1.010742,-0.672285,0.058888,0.192919,still,2.120000,session_20260606_121208
33317.0,0.178223,2.338379,1.068359,3.796557,-0.091663,-0.800986,-0.094727,-1.838867,1.022461,-0.476701,0.065283,0.078606,still,2.130000,session_20260606_121208
33327.0,0.188477,2.323242,0.979004,3.230058,-0.948074,-0.764214,-0.182617,-1.803223,0.981445,-0.223029,0.153216,-0.06102,still,2.140000,session_20260606_121208
33337.0,0.020996,2.016113,0.869141,2.972122,-1.021351,-0.762616,-0.255859,-1.744629,0.946777,-0.071145,0.056757,-0.237951,still,2.150000,session_20260606_121208
33347.0,-0.158691,1.764648,0.751953,3.155982,-0.750891,-0.416214,-0.287109,-1.718262,0.920898,-0.099124,-0.031176,-0.332545,still,2.160000,session_20260606_121208
33357.0,-0.293945,1.865234,0.625488,3.075243,-0.523865,-0.314692,-0.262207,-1.780273,0.902344,-0.065283,-0.188922,-0.378377,still,2.170000,session_20260606_121208
33367.0,-0.244629,1.949707,0.650391,2.86687,-0.463112,-0.327482,-0.178223,-1.80127,0.928711,0.028511,-0.333611,-0.476168,still,2.180000,session_20260606_121208
33377.0,-0.138184,1.987793,0.67627,2.980116,-0.533191,-0.243547,-0.102051,-1.820313,0.986816,0.35173,0.00453,-0.6531,still,2.190000,session_20260606_121208
33387.0,-0.095703,2.008789,0.67627,3.269495,-0.458049,-0.014655,-0.06543,-1.837891,0.985352,0.389568,-0.021051,-0.657096,still,2.200000,session_20260606_121208
33397.0,-0.104492,1.788574,0.603027,3.965761,-0.748493,1.215069,-0.040527,-1.849609,1.005859,0.519602,0.036505,-0.658962,still,2.210000,session_20260606_121208
33407.0,-0.196777,1.921387,0.547852,3.321721,-1.524165,1.323253,-0.039551,-1.838867,1.029297,0.427672,-0.06475,-0.469507,still,2.220000,session_20260606_121208
33417.0,-0.164062,1.880859,0.477051,2.696334,-1.936649,1.62622,-0.12793,-1.785645,0.991699,0.454585,-0.016787,-0.468175,still,2.230000,session_20260606_121208
33427.0,-0.148437,1.868652,0.473145,2.230291,-1.724812,1.654466,-0.162109,-1.767578,0.990234,0.499084,0.027446,-0.514006,still,2.240000,session_20260606_121208
33437.0,-0.004395,1.950195,0.471191,2.092796,-1.105553,1.707758,-0.144043,-1.780762,1.000488,0.630184,0.053825,-0.588616,still,2.250000,session_20260606_121208
33447.0,0.111816,2.161621,0.505371,2.269194,-0.543583,1.571596,-0.106934,-1.819824,1.016113,0.844686,0.103654,-0.754622,still,2.260000,session_20260606_121208
33457.0,0.23877,2.233887,0.478027,2.529262,-0.436732,1.344836,-0.069336,-1.846191,1.022949,1.164974,0.202511,-0.879326,still,2.270000,session_20260606_121208
33467.0,0.289551,2.285645,0.418945,2.298239,-0.452986,1.010426,-0.099121,-1.842773,1.002441,1.482597,0.387436,-1.110349,still,2.280000,session_20260606_121208
33477.0,0.230957,2.104004,0.350098,1.702429,-0.228625,0.856943,-0.106934,-1.786133,1.005371,1.693103,0.50921,-1.324585,still,2.290000,session_20260606_121208
33487.0,0.118652,1.941895,0.271484,0.751691,-0.390101,0.70426,-0.112793,-1.754883,0.990723,1.699498,0.61313,-1.469274,still,2.300000,session_20260606_121208
33497.0,0.195312,1.916992,0.332031,0.110315,-0.199047,0.810046,-0.075684,-1.779785,1.030762,1.668588,0.765547,-1.619825,still,2.310000,session_20260606_121208
33507.0,0.115723,1.939453,0.337891,-0.126037,-0.101256,0.772475,-0.021484,-1.791504,1.080566,1.667256,0.783133,-1.769044,still,2.320000,session_20260606_121208
33517.0,0.109375,1.902344,0.358887,-0.12577,-0.076475,0.681078,-0.02002,-1.762207,1.092285,1.703228,0.898778,-1.8703,still,2.330000,session_20260606_121208
33527.0,0.087891,1.931641,0.362305,0.145755,-0.106319,0.4791,-0.000488,-1.762207,1.089844,1.605969,1.012291,-1.874564,still,2.340000,session_20260606_121208
33537.0,0.09668,1.943359,0.382324,0.319488,-0.081271,0.498551,-0.012695,-1.811035,1.078613,1.640876,1.021351,-1.915066,still,2.350000,session_20260606_121208
33547.0,0.08252,1.929199,0.435059,0.28698,0.625387,0.411418,-0.009277,-1.75293,1.108398,1.54042,0.880126,-1.70989,still,2.360000,session_20260606_121208
33557.0,0.130371,1.927246,0.378418,0.227825,0.875329,0.420744,0.041504,-1.750488,1.125488,1.423443,0.696799,-1.486328,still,2.370000,session_20260606_121208
33567.0,0.126953,1.924316,0.370605,0.007194,1.051727,0.474037,0.072266,-1.712891,1.178711,1.231856,0.501216,-1.181495,still,2.380000,session_20260606_121208
33577.0,0.037598,1.962891,0.347656,0.040769,0.992839,0.461779,0.093262,-1.671387,1.231445,1.062386,0.450055,-1.009093,still,2.390000,session_20260606_121208
33587.0,0.142578,2.052246,0.360352,-0.088199,0.934484,0.556907,0.063477,-1.621094,1.21582,0.901176,0.513207,-0.954469,still,2.400000,session_20260606_121208
33597.0,0.11377,2.078613,0.346191,-0.177464,0.7397,0.301103,0.038086,-1.645508,1.217285,0.669087,0.484429,-0.814842,still,2.410000,session_20260606_121208
33607.0,-0.035156,1.71582,0.51123,0.141225,-0.241415,-0.043167,0.015137,-1.67041,1.196289,0.493222,0.41728,-0.654698,still,2.420000,session_20260606_121208
33617.0,0.230469,2.092773,0.295898,-0.174799,-0.099923,0.401293,0.051758,-1.666504,1.233887,0.330147,0.310429,-0.580888,still,2.430000,session_20260606_121208
33627.0,0.160645,1.975098,0.354004,-0.083136,-0.094328,0.067149,0.086914,-1.690918,1.23877,0.36079,0.224628,-0.65683,still,2.440000,session_20260606_121208
33637.0,0.014648,1.830566,0.361328,-0.136695,-0.403691,0.079672,0.064941,-1.692871,1.229004,0.395963,0.182793,-0.794858,still,2.450000,session_20260606_121208
33647.0,0.224121,1.959473,0.336914,-0.231822,-0.763149,-0.085534,0.067383,-1.672852,1.223633,0.385838,0.156147,-0.876129,still,2.460000,session_20260606_121208
33657.0,0.060547,1.766602,0.437988,-0.059954,-1.499118,-0.077274,0.064453,-1.655273,1.231934,0.346934,-0.066349,-0.864671,still,2.470000,session_20260606_121208
33667.0,0.047852,1.888184,0.400391,-0.66056,-2.055225,-0.58222,0.02832,-1.641602,1.238281,0.192119,-0.406888,-0.788196,still,2.480000,session_20260606_121208
33677.0,0.090332,2.229492,0.489258,-1.472472,-3.663859,-0.835626,0.12207,-1.67334,1.250977,0.1303,-0.645639,-0.742364,still,2.490000,session_20260606_121208
33687.0,0.384766,2.064453,-0.146973,-0.822037,-4.587951,0.051694,0.067383,-1.667969,1.212891,0.147354,-0.609133,-0.768744,still,2.500000,session_20260606_121208
33697.0,0.098145,2.077637,0.3125,0.057822,-2.87966,-0.36079,0.050293,-1.69043,1.205566,0.161743,-0.715452,-0.743697,still,2.510000,session_20260606_121208
33707.0,0.100586,1.96875,0.372559,0.170003,-2.960132,-0.44819,0.102539,-1.67334,1.232422,0.168937,-0.741299,-0.64777,still,2.520000,session_20260606_121208
33717.0,0.136719,2.029785,0.398926,0.375446,-3.123207,-0.18226,0.163086,-1.678711,1.24707,0.194251,-0.657363,-0.645639,still,2.530000,session_20260606_121208
33727.0,0.109375,2.033691,0.365723,0.364787,-3.191688,0.10845,0.112793,-1.651855,1.230957,0.202245,-0.638444,-0.697865,still,2.540000,session_20260606_121208
33737.0,0.191895,1.966797,0.361328,0.469507,-3.19302,-0.022383,0.109375,-1.617676,1.201172,0.111115,-0.588083,-0.640043,still,2.550000,session_20260606_121208
33747.0,0.15918,2.006836,0.342285,0.52653,-2.983847,-0.066349,0.124512,-1.646973,1.213379,0.046098,-0.543583,-0.463112,still,2.560000,session_20260606_121208
33757.0,0.175781,2.024414,0.35498,0.508677,-2.696867,-0.149485,0.166504,-1.664063,1.22168,0.000266,-0.550511,-0.392766,still,2.570000,session_20260606_121208
33767.0,0.138184,2.025391,0.333984,0.456184,-2.493822,-0.334943,0.126465,-1.646484,1.206543,0.093262,-0.509743,-0.485495,still,2.580000,session_20260606_121208
33777.0,0.09668,2.018066,0.375488,0.346401,-2.223629,-0.191853,0.121094,-1.677246,1.192871,0.118309,-0.510542,-0.44819,still,2.590000,session_20260606_121208
33787.0,0.100586,1.969727,0.38916,0.282983,-2.09706,-0.078606,0.149414,-1.684082,1.197754,0.225161,-0.545182,-0.577957,still,2.600000,session_20260606_121208
33797.0,0.139648,1.980469,0.374023,0.216101,-2.188723,0.00906,0.144531,-1.671875,1.190918,0.312827,-0.519868,-0.677348,still,2.610000,session_20260606_121208
33807.0,0.155273,2.025391,0.353516,0.188655,-2.259602,-0.006928,0.192383,-1.697266,1.221191,0.355461,-0.586217,-0.701862,still,2.620000,session_20260606_121208
33817.0,0.120117,1.981445,0.347656,0.144956,-1.990475,-0.088466,0.22168,-1.65625,1.224609,0.348,-0.665357,-0.716784,still,2.630000,session_20260606_121208
33827.0,0.084473,1.987793,0.351563,0.112181,-1.618493,-0.100723,0.228516,-1.674805,1.213379,0.32242,-0.75702,-0.764481,still,2.640000,session_20260606_121208
33837.0,0.085937,1.999023,0.358887,0.087933,-1.37921,-0.101522,0.232422,-1.634766,1.208496,0.259002,-0.821237,-0.63498,still,2.650000,session_20260606_121208
33847.0,0.115723,2.01123,0.366211,0.05276,-1.288612,-0.072744,0.204102,-1.654297,1.208496,0.149752,-0.748493,-0.528662,still,2.660000,session_20260606_121208
33857.0,0.120117,2.007813,0.341309,0.007994,-1.20441,-0.015188,0.208496,-1.675293,1.206543,0.16041,-0.678413,-0.579289,still,2.670000,session_20260606_121208
33867.0,0.078125,2.019531,0.347168,-0.041302,-0.945942,0.046098,0.231934,-1.679199,1.226563,0.181461,-0.636312,-0.606735,still,2.680000,session_20260606_121208
33877.0,0.13623,1.978516,0.336426,0.006129,-0.967792,0.061286,0.25293,-1.67041,1.237793,0.162009,-0.590214,-0.571296,still,2.690000,session_20260606_121208
33887.0,0.116211,1.954102,0.351074,0.016254,-1.053859,0.077274,0.256348,-1.648926,1.243164,0.140159,-0.59581,-0.542784,still,2.700000,session_20260606_121208
33897.0,0.110352,1.973633,0.365723,0.006928,-1.215335,0.091397,0.266602,-1.660645,1.248047,0.096193,-0.584352,-0.428738,still,2.710000,session_20260606_121208
33907.0,0.11084,1.991699,0.334961,0.016787,-1.42211,0.049296,0.234375,-1.63623,1.258789,0.051161,-0.564634,-0.372515,still,2.720000,session_20260606_121208
33917.0,0.09668,2.009277,0.352051,0.065017,-1.592113,0.033841,0.223145,-1.63916,1.220703,0.015721,-0.547314,-0.335476,still,2.730000,session_20260606_121208
33927.0,0.15625,2.044922,0.31543,0.09566,-1.702162,0.054891,0.299805,-1.651855,1.259277,-0.049562,-0.527862,-0.306432,still,2.740000,session_20260606_121208
33937.0,0.114746,1.964355,0.336914,0.144423,-1.734138,0.052227,0.299805,-1.671387,1.246094,0.00826,-0.54385,-0.345069,still,2.750000,session_20260606_121208
33947.0,0.095703,1.976563,0.332031,0.066882,-1.75279,0.210239,0.289063,-1.665527,1.249023,0.037838,-0.576625,-0.357326,still,2.760000,session_20260606_121208
33957.0,0.101563,1.959961,0.338379,0.04823,-1.632882,0.197715,0.277344,-1.665039,1.248535,0.033841,-0.547314,-0.330147,still,2.770000,session_20260606_121208
33967.0,0.102051,1.976074,0.334961,0.02185,-1.523632,0.217966,0.244629,-1.625,1.228516,-0.015188,-0.562502,-0.261666,still,2.780000,session_20260606_121208
33977.0,0.110352,1.996582,0.328125,-0.000799,-1.510309,0.245145,0.278809,-1.651367,1.25,-0.073277,-0.572361,-0.148153,still,2.790000,session_20260606_121208
33987.0,0.106934,2.019531,0.336426,-0.064217,-1.519902,0.259268,0.269043,-1.661133,1.22998,0.001865,-0.685874,-0.060487,still,2.800000,session_20260606_121208
33997.0,0.177734,2.012695,0.319336,-0.074077,-1.568132,0.300836,0.141602,-1.677734,1.20166,0.384772,-1.302469,0.677348,still,2.810000,session_20260606_121208
34007.0,0.189453,1.984863,0.303711,-0.060487,-1.919329,0.282184,0.249023,-1.69873,1.192871,0.403691,-1.369351,0.447923,still,2.820000,session_20260606_121208
34017.0,0.150391,1.927246,0.338379,-0.009859,-2.002732,0.225161,0.188965,-1.634766,1.16748,0.302168,-1.515372,0.640309,still,2.830000,session_20260606_121208
34027.0,0.152344,1.931152,0.33252,0.05196,-1.950505,0.083403,0.435059,-1.576172,1.244629,0.114312,-1.702429,0.572894,still,2.840000,session_20260606_121208
34037.0,0.15625,1.97168,0.31543,0.172135,-1.838591,-0.035173,0.506348,-1.70459,1.169434,-0.144156,-1.583853,0.455917,still,2.850000,session_20260606_121208
34047.0,0.12793,1.984375,0.323242,0.197982,-1.752257,-0.070346,0.425781,-1.667969,1.250488,-0.228358,-1.314193,0.221697,still,2.860000,session_20260606_121208
34057.0,0.119141,2.026367,0.31543,0.228092,-1.658995,-0.021317,0.348145,-1.571289,1.255859,-0.256337,-1.338175,0.175599,still,2.870000,session_20260606_121208
34067.0,0.108398,2.006348,0.32666,0.255005,-1.580122,0.056224,0.344727,-1.588379,1.240234,-0.375979,-1.478067,0.226493,still,2.880000,session_20260606_121208
34077.0,0.117188,2.035156,0.317871,0.300037,-1.478067,0.044766,0.274902,-1.553711,1.27832,-0.629917,-1.979017,0.300037,still,2.890000,session_20260606_121208
34087.0,0.12793,2.003906,0.307129,0.265397,-1.479666,0.155881,0.085937,-1.541992,1.245117,-1.040802,-3.880493,0.544116,still,2.900000,session_20260606_121208
34097.0,0.197754,1.918945,0.299805,0.253939,-1.577191,0.002398,0.305664,-1.572754,1.381348,-1.770643,-6.902177,0.814043,still,2.910000,session_20260606_121208
34107.0,0.170898,1.932129,0.288086,0.249942,-1.698965,-0.092462,0.905762,-1.910156,0.888672,-1.365354,-5.070515,0.484695,still,2.920000,session_20260606_121208
34117.0,0.17627,1.961426,0.254883,0.282717,-1.771443,-0.164141,0.513184,-1.657227,1.087402,-1.023749,-2.958266,0.343737,still,2.930000,session_20260606_121208
34127.0,0.124023,1.972168,0.258301,0.307764,-1.625155,-0.301369,0.466797,-1.662598,1.119629,-0.722913,-2.113314,0.247544,still,2.940000,session_20260606_121208
34137.0,0.091309,1.979492,0.289063,0.271259,-1.284083,-0.411951,0.473633,-1.629883,1.123535,-0.617926,-1.803152,0.177198,still,2.950000,session_20260606_121208
34147.0,0.06543,1.979492,0.287109,0.210505,-0.88279,-0.486028,0.443359,-1.673828,1.105469,-0.569164,-1.333645,0.252873,still,2.960000,session_20260606_121208
34157.0,0.037598,1.973145,0.298828,0.20038,-0.566233,-0.504147,0.434082,-1.687988,1.11377,-0.446858,-0.793525,0.300303,still,2.970000,session_20260606_121208
34167.0,0.024414,1.998047,0.282227,0.148953,-0.215568,-0.524398,0.427734,-1.662109,1.119629,-0.401293,-0.458049,0.320021,still,2.980000,session_20260606_121208
34177.0,0.056152,2.016113,0.239746,0.185458,0.088199,-0.598475,0.467773,-1.664551,1.134766,-0.409286,-0.242481,0.452453,still,2.990000,session_20260606_121208
34187.0,0.039551,2.03418,0.242676,0.261666,0.316291,-0.665357,0.485352,-1.682129,1.139648,-0.375979,-0.137228,0.472971,still,3.000000,session_20260606_121208
34197.0,0.050781,2.053711,0.231934,0.255804,0.489225,-0.652567,0.470703,-1.677246,1.148926,-0.32162,-0.058888,0.45725,still,3.010000,session_20260606_121208
34207.0,0.09082,2.030273,0.214844,0.119642,0.194784,-0.483896,0.450684,-1.664551,1.135254,-0.2614,-0.133231,0.378643,still,3.020000,session_20260606_121208
34217.0,0.036621,2.005859,0.234375,-0.034907,-0.057822,-0.382907,0.483398,-1.650391,1.125,-0.230757,-0.170802,0.354928,still,3.030000,session_20260606_121208
34227.0,0.04834,2.007813,0.252441,-0.045832,-0.015721,-0.423675,0.483398,-1.664551,1.103027,-0.25234,-0.266729,0.390368,still,3.040000,session_20260606_121208
34237.0,0.031738,1.959961,0.274414,-0.010925,0.083669,-0.587816,0.445312,-1.690918,1.09668,-0.258469,-0.354662,0.370116,still,3.050000,session_20260606_121208
34247.0,0.015625,1.953613,0.272949,0.088466,0.212371,-0.711988,0.430176,-1.70166,1.080078,-0.263265,-0.375179,0.366919,still,3.060000,session_20260606_121208
34257.0,0.040039,1.962402,0.290039,0.15668,0.27872,-0.76528,0.433594,-1.690918,1.077637,-0.259534,-0.351464,0.383706,still,3.070000,session_20260606_121208
34267.0,0.034668,1.995605,0.285645,0.158279,0.322153,-0.69147,0.437012,-1.712402,1.081543,-0.275256,-0.344536,0.412217,still,3.080000,session_20260606_121208
34277.0,0.040039,2.032227,0.277344,0.206508,0.306432,-0.646172,0.433594,-1.719727,1.05957,-0.24408,-0.290711,0.459115,still,3.090000,session_20260606_121208
34287.0,0.048828,2.048828,0.280273,0.2606,0.347201,-0.605669,0.429199,-1.713867,1.065918,-0.203044,-0.225694,0.483629,still,3.100000,session_20260606_121208
34297.0,0.07373,2.02832,0.272461,0.175865,0.071145,-0.37891,0.415527,-1.698242,1.057129,-0.148153,-0.114845,0.494554,still,3.110000,session_20260606_121208
34307.0,0.080566,2.026855,0.265625,0.042634,-0.212904,-0.375712,0.404297,-1.709961,1.064453,-0.107651,-0.079672,0.463378,still,3.120000,session_20260606_121208
34317.0,0.066895,2.05127,0.270996,-0.005329,-0.083403,-0.35706,0.423828,-1.72168,1.074219,-0.124971,-0.083403,0.423675,still,3.130000,session_20260606_121208
34327.0,0.05127,1.970703,0.310547,-0.029044,-0.0429,-0.404224,0.412109,-1.730469,1.034668,-0.103387,-0.110848,0.370649,still,3.140000,session_20260606_121208
34337.0,0.028809,1.955566,0.312012,-0.050361,0.129234,-0.416481,0.414062,-1.745605,1.027344,-0.097792,-0.140692,0.37438,still,3.150000,session_20260606_121208
34347.0,-0.005859,1.984375,0.316895,-0.052227,0.297905,-0.44366,0.397949,-1.742188,1.021973,-0.10925,-0.164407,0.366919,still,3.160000,session_20260606_121208
34357.0,-0.005371,2.000488,0.302734,-0.015721,0.503081,-0.474037,0.415039,-1.733887,1.023926,-0.129767,-0.198248,0.377844,still,3.170000,session_20260606_121208
34367.0,-0.03125,2.024414,0.306641,0.022649,0.728775,-0.589415,0.453613,-1.726074,1.037109,-0.184126,-0.268861,0.191054,still,3.180000,session_20260606_121208
34377.0,-0.033691,2.021973,0.299805,0.064484,0.876662,-0.684809,0.468262,-1.73291,1.047852,-0.207841,-0.20864,0.390101,still,3.190000,session_20260606_121208
34387.0,-0.05127,2.020996,0.29248,0.046098,0.924358,-0.581155,0.447266,-1.72168,1.055176,-0.200913,-0.132698,0.379709,still,3.200000,session_20260606_121208
34397.0,-0.051758,2.008789,0.319824,-0.015455,0.885188,-0.430337,0.402344,-1.722168,1.052734,-0.214502,-0.073011,0.340806,still,3.210000,session_20260606_121208
34407.0,-0.047852,2.01416,0.313965,-0.127902,0.6523,-0.22596,0.449219,-1.75,1.046875,-0.184925,0.014389,0.314426,still,3.220000,session_20260606_121208
34417.0,-0.05127,2.029785,0.312012,-0.159877,0.445259,-0.119908,0.442383,-1.761719,1.041504,-0.1311,0.06475,0.244346,still,3.230000,session_20260606_121208
34427.0,-0.064941,1.960449,0.323242,-0.087133,0.349332,-0.098591,0.428223,-1.757324,1.024414,-0.074609,0.102588,0.161743,still,3.240000,session_20260606_121208
34437.0,-0.060059,2.010742,0.308594,-0.044233,0.340273,-0.076741,0.418457,-1.741699,1.019043,-0.073544,0.123639,0.158812,still,3.250000,session_20260606_121208
34447.0,-0.034668,1.97168,0.32666,-0.011991,0.273124,-0.139093,0.412598,-1.744141,1.03125,-0.080738,0.141225,0.171868,still,3.260000,session_20260606_121208
34457.0,-0.013672,1.984863,0.306641,-0.007994,0.207841,-0.198781,0.407227,-1.743652,1.023438,-0.081271,0.136962,0.151884,still,3.270000,session_20260606_121208
34467.0,0.004883,2.001953,0.333984,-0.005329,0.219565,-0.127103,0.424805,-1.748047,1.006348,-0.098591,0.13483,0.157746,still,3.280000,session_20260606_121208
34477.0,-0.028809,1.981445,0.325684,-0.127902,0.060753,-0.058089,0.40918,-1.751465,1.021484,-0.102322,0.131366,0.130833,still,3.290000,session_20260606_121208
34487.0,-0.041992,2.01123,0.335938,-0.198515,0.104453,0.000266,0.391602,-1.73584,1.00293,-0.127636,0.17773,0.126303,still,3.300000,session_20260606_121208
34497.0,-0.027344,2.017578,0.320313,-0.226227,0.166806,0.039703,0.379395,-1.753418,1.020996,-0.11298,0.214502,0.065017,still,3.310000,session_20260606_121208
34507.0,-0.011719,2.043945,0.310059,-0.192652,0.321087,0.068747,0.372559,-1.756348,1.008789,-0.106851,0.237685,0.002132,still,3.320000,session_20260606_121208
34517.0,-0.011719,1.992676,0.313477,-0.234221,0.321887,0.112181,0.37793,-1.750488,1.013184,-0.084735,0.241681,-0.039436,still,3.330000,session_20260606_121208
34527.0,-0.012695,1.98584,0.319336,-0.243014,0.429271,0.197715,0.375977,-1.772461,1.02832,-0.040502,0.26593,-0.098858,still,3.340000,session_20260606_121208
34537.0,-0.045898,2.003906,0.348145,-0.355994,0.527329,0.306432,0.369629,-1.783203,1.025879,0.004263,0.316025,-0.162276,still,3.350000,session_20260606_121208
34547.0,-0.03418,2.011719,0.335938,-0.423942,0.655498,0.405289,0.373535,-1.76123,1.025391,0.028778,0.371182,-0.240616,still,3.360000,session_20260606_121208
34557.0,-0.035156,2.016113,0.323242,-0.485761,0.895847,0.501216,0.378906,-1.76123,1.037109,0.063951,0.421011,-0.326683,still,3.370000,session_20260606_121208
34567.0,-0.060059,1.974121,0.322754,-0.549446,0.88279,0.630184,0.37207,-1.751953,1.027344,0.096726,0.446058,-0.431136,still,3.380000,session_20260606_121208
34577.0,-0.009277,1.97168,0.296875,-0.525997,0.915565,0.624322,0.388184,-1.78418,1.03418,0.140692,0.416214,-0.544116,still,3.390000,session_20260606_121208
34587.0,-0.071289,2.013672,0.303223,-0.46924,1.013623,0.658695,0.405762,-1.726563,1.06543,0.296306,0.431403,-0.287513,still,3.400000,session_20260606_121208
34597.0,0.061035,1.990234,0.249023,-0.466842,1.22706,0.798322,0.439941,-1.795898,1.0625,0.372781,0.621657,-0.654432,still,3.410000,session_20260606_121208
34607.0,-0.001465,2.010254,0.245117,-0.589415,1.637945,1.124472,0.430664,-1.774902,1.084961,0.487626,0.816441,-0.847351,still,3.420000,session_20260606_121208
34617.0,-0.064941,2.136719,0.248535,-0.86094,2.053893,1.40932,0.394531,-1.757324,1.120117,0.621923,0.998435,-0.996303,still,3.430000,session_20260606_121208
34627.0,-0.07373,1.975098,0.35498,-1.066116,1.512974,1.371482,0.375488,-1.754883,1.11377,0.746095,1.115412,-1.066116,still,3.440000,session_20260606_121208
34637.0,-0.04834,1.846191,0.366211,-1.801819,1.723213,1.110882,0.405273,-1.725098,1.124512,0.883323,1.225461,-1.109017,still,3.450000,session_20260606_121208
34647.0,0.036133,1.801758,0.313965,-2.32302,2.203112,0.214502,0.432129,-1.702637,1.13916,0.967525,1.42291,-1.12687,still,3.460000,session_20260606_121208
34657.0,-0.01123,1.712891,0.404297,-2.698199,1.953703,-1.711488,0.08252,-1.505371,1.05127,0.962995,2.014723,-1.193752,still,3.470000,session_20260606_121208
34667.0,-1.042969,3.999878,1.195801,-5.231724,1.598508,5.71109,1.227051,-1.987793,1.246094,0.86094,2.094661,-0.555841,still,3.480000,session_20260606_121208
34677.0,-0.092773,1.407227,0.20752,-3.857044,-0.926224,-0.016787,0.452637,-1.707031,1.165527,1.097825,1.814343,-1.141259,still,3.490000,session_20260606_121208
34687.0,0.118164,-1.833984,0.027344,-6.66396,0.725577,0.584352,0.238281,-1.559082,1.165039,1.108217,1.555075,-0.843887,still,3.500000,session_20260606_121208
34697.0,-2.82666,3.999878,0.914551,-8.731442,2.844754,8.731176,0.358887,-1.691895,1.208496,1.181761,1.375746,-0.753289,still,3.510000,session_20260606_121208
34707.0,1.837891,3.752441,-0.974121,-8.731442,8.731176,1.445292,0.503418,-1.645508,1.231934,1.141259,0.762083,-0.681877,still,3.520000,session_20260606_121208
34717.0,0.821777,2.025879,1.064941,-8.731442,8.162811,5.731874,0.332031,-1.636719,1.219238,1.009093,0.081804,-0.519868,still,3.530000,session_20260606_121208
34727.0,0.211914,2.21875,1.365234,-8.731442,4.253007,-0.01732,0.400391,-1.590332,1.152832,0.920095,0.262998,-0.067948,still,3.540000,session_20260606_121208
34737.0,-0.162109,1.953125,1.546387,-8.398364,4.574361,0.062619,0.456543,-1.601563,1.233398,1.022949,0.346401,0.089531,still,3.550000,session_20260606_121208
34747.0,0.123047,1.934082,1.510254,-5.257305,4.172802,-0.112447,0.350586,-1.421387,1.241699,1.134864,-0.106319,0.582487,still,3.560000,session_20260606_121208
34757.0,0.087891,1.833008,1.638672,-3.926591,2.551911,-0.820704,0.383789,-1.625977,1.165527,1.538554,0.226227,1.183626,still,3.570000,session_20260606_121208
34767.0,0.150391,1.696289,1.640137,-3.420579,1.44849,-0.645106,0.249512,-1.613281,1.180664,2.134631,0.000266,1.558805,still,3.580000,session_20260606_121208
34777.0,0.10498,1.760254,1.561523,-3.203146,0.10019,-0.514805,0.134766,-1.680176,1.28418,2.669421,-0.259534,0.336009,still,3.590000,session_20260606_121208
34787.0,0.143555,1.796387,1.542969,-2.514873,-0.918496,-0.223029,0.370605,-1.468262,1.095703,3.72861,-0.067948,-0.373847,still,3.600000,session_20260606_121208
34797.0,0.24707,1.810547,1.56543,-1.617694,-1.418646,-0.342404,0.032715,-3.226074,1.754883,4.816043,-0.798855,-0.375712,still,3.610000,session_20260606_121208
34807.0,0.116699,1.666016,1.594727,-0.504413,-1.916398,-0.496686,0.567871,0.796875,1.445313,5.573063,-0.757553,0.102322,still,3.620000,session_20260606_121208
34817.0,0.002441,1.602539,1.404785,-0.3917,-2.108251,-0.117243,0.256836,-0.07959,1.266113,3.883691,-2.281985,3.182628,still,3.630000,session_20260606_121208
34827.0,0.127441,1.717773,1.312988,-0.932885,-2.012058,0.144423,0.667969,0.563965,1.021973,4.152551,-3.773642,5.052129,still,3.640000,session_20260606_121208
34837.0,0.095215,1.668457,1.35498,-1.373881,-1.42664,-0.0437,0.621094,-2.76709,1.058594,4.235421,-2.46691,3.031277,still,3.650000,session_20260606_121208
34847.0,0.014648,1.644043,1.332031,-1.583054,-0.738367,0.111115,0.37207,-0.47168,1.899902,4.442996,-2.604671,2.964395,still,3.660000,session_20260606_121208
34857.0,0.046387,1.647949,1.426758,-2.061087,-0.042368,0.043433,0.381836,-1.255371,1.525879,4.077942,-2.068548,2.73577,still,3.670000,session_20260606_121208
34867.0,0.011719,1.534668,1.446777,-2.428806,0.383173,-0.075142,0.037109,-2.544922,1.607422,5.611966,-3.165041,1.965427,still,3.680000,session_20260606_121208
34877.0,-0.365234,0.325684,1.814453,-1.624622,0.09193,0.281118,0.317383,-2.032715,1.775879,4.770211,-2.479433,0.092196,still,3.690000,session_20260606_121208
34887.0,0.292969,2.149902,1.310059,-1.934784,0.89185,0.933951,-0.390625,-1.150879,1.777832,8.632052,-1.455685,1.559605,still,3.700000,session_20260606_121208
34897.0,0.081055,1.599609,1.510254,-3.011026,1.063985,-0.132165,0.269531,-2.597168,0.608398,7.347436,-2.053893,0.362389,still,3.710000,session_20260606_121208
34907.0,0.123535,1.546875,1.549316,-3.963629,1.246778,-0.846018,-0.132324,-1.13623,1.358887,8.676285,-0.786064,-3.542086,still,3.720000,session_20260606_121208
34917.0,0.382813,1.615723,1.56543,-5.589317,1.907072,-2.93615,1.034668,-0.331055,0.842285,5.966894,-1.575326,3.64121,still,3.730000,session_20260606_121208
34927.0,0.233887,1.484375,1.520996,-6.615198,2.376845,-5.014557,0.580566,-1.343262,1.519043,8.333614,2.974787,4.962597,still,3.740000,session_20260606_121208
34937.0,0.094727,1.568848,1.582031,-8.222233,2.408288,-7.379145,0.507812,-1.242188,2.046387,8.073813,5.411853,4.437133,still,3.750000,session_20260606_121208
34947.0,-0.079102,1.635254,1.743652,-8.731442,0.94834,-8.731442,0.264648,-0.952148,2.040039,8.731176,6.792129,3.393933,still,3.760000,session_20260606_121208
34957.0,-0.287109,1.573242,1.736816,-8.731442,0.171602,-8.731442,0.602051,-0.745605,2.044434,8.063154,6.07188,3.933519,still,3.770000,session_20260606_121208
34967.0,-0.53125,1.383789,1.838867,-8.731442,-0.993106,-8.164411,0.27002,-0.628418,1.781738,7.355963,3.594845,4.090466,still,3.780000,session_20260606_121208
34977.0,-0.361816,1.134277,1.782227,-8.731442,-0.942478,-7.415118,0.280762,-0.864746,1.97168,6.087335,4.813911,2.864205,still,3.790000,session_20260606_121208
34987.0,-0.166504,1.791504,1.926758,-8.731442,0.207841,-4.401694,0.674316,-1.247559,2.396973,1.543084,5.260769,0.67868,still,3.800000,session_20260606_121208
34997.0,-0.21875,1.814453,2.20166,-8.731442,2.422943,-0.282184,0.194824,-1.044434,2.398438,0.553443,3.387271,-1.134597,still,3.810000,session_20260606_121208
35007.0,-0.062012,1.009766,2.117676,-8.731442,2.538055,7.785234,0.062012,-1.616211,2.098145,1.058655,2.264665,-3.588983,still,3.820000,session_20260606_121208
35017.0,1.095703,0.552246,2.226563,-6.818775,2.102655,8.731176,-0.115234,-1.344238,2.238281,1.205743,1.530028,0.43993,still,3.830000,session_20260606_121208
35027.0,0.152344,1.229004,2.14502,-3.483997,-3.623623,-1.766646,0.146484,-1.657227,2.065918,0.207308,1.350165,1.778637,still,3.840000,session_20260606_121208
35037.0,-0.155273,1.226074,1.992188,-3.784833,-2.560438,-1.818074,0.238281,-1.121094,2.157715,0.114579,1.248377,2.22736,still,3.850000,session_20260606_121208
35047.0,0.382813,1.129883,2.3125,-3.689706,-1.535623,-2.603072,0.208496,-1.184082,1.941406,1.422643,1.667522,1.061853,still,3.860000,session_20260606_121208
35057.0,0.834473,0.608887,2.48877,-3.624689,0.502815,-3.429106,0.131348,-0.685547,2.123535,0.368518,1.078374,2.280119,still,3.870000,session_20260606_121208
35067.0,0.451172,0.329102,2.231934,-3.518104,2.238285,-3.360891,-0.21582,-0.650879,2.129883,-0.404757,1.65793,1.180162,still,3.880000,session_20260606_121208
35077.0,0.359375,0.334473,1.891113,-3.058456,2.869801,-3.356095,-0.510742,-0.379395,2.061523,-1.625688,0.452986,1.411985,still,3.890000,session_20260606_121208
35087.0,0.006348,0.376465,1.85791,-3.11015,2.725645,-3.41525,-0.467773,-0.460937,1.756836,-2.755488,-0.336809,1.251574,still,3.900000,session_20260606_121208
35097.0,0.293457,0.406738,2.052734,-3.482132,2.769078,-3.417381,-0.402832,-0.27002,1.580078,-1.550545,1.554009,0.600074,still,3.910000,session_20260606_121208
35107.0,0.26123,0.08252,1.994141,-3.420046,3.483464,-4.134965,-1.066895,-0.524902,1.956543,-2.305966,1.531093,3.500251,still,3.920000,session_20260606_121208
35117.0,0.429199,-0.614258,2.46875,-2.383507,3.862107,-4.474704,0.174805,-0.283203,1.76123,-1.678714,0.694934,5.267697,still,3.930000,session_20260606_121208
35127.0,0.166992,-0.544434,2.120117,-1.540686,3.770444,-3.625222,-1.731934,1.419922,3.705566,0.464178,-6.447593,1.242248,still,3.940000,session_20260606_121208
35137.0,0.299316,-1.163574,2.158203,-1.269161,3.438432,-2.449323,-0.373047,-0.878906,1.908203,2.631317,-4.39743,-8.731442,still,3.950000,session_20260606_121208
35147.0,-0.136719,-1.124512,1.94873,-0.78793,4.619393,-1.418646,-0.902832,2.025879,2.177246,-1.925191,0.491623,-8.731442,still,3.960000,session_20260606_121208
35157.0,-0.44043,-0.958496,1.817383,-0.31789,4.632184,-2.147155,0.499023,-1.285645,1.584473,-2.821305,4.315626,-8.731442,still,3.970000,session_20260606_121208
35167.0,-0.533691,-1.114258,1.831055,0.211838,4.53226,-2.704328,-0.714355,-1.874512,1.715332,2.702995,5.698034,-0.018919,still,3.980000,session_20260606_121208
35177.0,-0.353027,-1.167969,2.128418,0.382907,4.242349,-1.942778,-0.668945,0.482422,2.319824,2.820505,8.731176,1.138328,still,3.990000,session_20260606_121208
35187.0,-0.762695,-0.853516,2.021973,0.556907,4.047298,-1.928655,-0.856445,0.146973,1.766602,2.483697,6.173403,-0.412217,still,4.000000,session_20260606_121208
35197.0,-0.565918,-0.356934,2.135742,0.379443,3.871167,-2.25747,-0.611816,0.059082,1.801758,0.418346,3.754456,-0.071678,still,4.010000,session_20260606_121208
35207.0,-0.406738,-0.156738,2.136719,0.078873,4.169072,-3.147188,-0.552246,0.09375,1.907227,-0.980582,3.553544,-0.320021,still,4.020000,session_20260606_121208
35217.0,-0.166992,-0.483398,2.074219,0.723446,6.202447,-3.745929,-0.361328,-0.15625,1.992188,-2.897247,2.006729,0.855611,still,4.030000,session_20260606_121208
35227.0,-0.735352,-1.215332,1.666992,-0.222763,8.731176,-2.196184,-0.44043,0.288086,1.933105,-4.484031,2.463979,0.775939,still,4.040000,session_20260606_121208
35237.0,-1.072266,-1.564941,1.772461,1.245179,8.731176,-2.66276,-0.659668,0.42334,1.958984,-5.266897,1.981148,-1.33924,still,4.050000,session_20260606_121208
35247.0,-1.294434,-1.427246,1.677734,2.865537,8.731176,-3.959899,-0.32666,-0.422363,1.727051,-4.894649,2.174867,-5.287948,still,4.060000,session_20260606_121208
35257.0,-1.62207,-0.822266,1.712891,3.595911,8.731176,-5.070781,-0.494629,-1.071777,1.849121,-4.770478,0.969391,-3.022484,still,4.070000,session_20260606_121208
35267.0,-1.942871,0.012695,1.721191,3.587917,8.731176,-5.699632,-0.031738,-1.598145,1.64502,-3.251908,1.267828,-5.112082,still,4.080000,session_20260606_121208
35277.0,-1.652344,0.109375,1.900391,3.639344,8.731176,-5.77664,0.211426,-1.710449,2.291992,-4.116579,0.67415,-3.260168,still,4.090000,session_20260606_121208
35287.0,-1.661133,-0.299805,1.8125,3.309997,8.731176,-5.032677,0.322266,-1.225098,2.411133,-3.020086,1.632882,-2.310496,still,4.100000,session_20260606_121208
35297.0,-1.954102,-0.374023,1.572754,3.723547,8.731176,-4.64524,0.263184,-1.154785,2.268066,-1.427173,3.62762,-3.304934,still,4.110000,session_20260606_121208
35307.0,-1.88623,-0.486328,1.474121,3.792027,8.731176,-3.84532,0.536133,-0.94873,2.200195,-1.350432,4.468309,-4.030778,still,4.120000,session_20260606_121208
35317.0,-1.924316,-0.839844,1.370605,4.465378,8.731176,-3.194885,0.352051,-0.775879,2.037598,-1.477268,4.404358,-2.421611,still,4.130000,session_20260606_121208
35327.0,-2.146973,-1.191406,1.177734,5.68098,8.703731,-3.24578,0.387695,-0.089844,1.95166,-1.62622,5.111017,-2.522334,still,4.140000,session_20260606_121208
35337.0,-2.478516,-1.166504,1.054199,6.929357,8.207577,-3.885023,0.398438,0.479492,1.858398,-1.884689,5.890419,-3.817608,still,4.150000,session_20260606_121208
35347.0,-2.625,-0.821777,0.939453,7.567001,6.360459,-3.109351,0.225098,0.921875,1.515137,-2.736037,5.908805,-5.46701,still,4.160000,session_20260606_121208
35357.0,-2.571777,-0.349121,0.931152,8.731176,5.695902,-2.065617,-0.245117,-0.150391,1.310059,-2.94068,5.016156,-8.731442,still,4.170000,session_20260606_121208
35367.0,-2.315918,0.421875,0.892578,8.600077,5.178165,0.934484,-0.334961,-0.768066,1.073242,-4.491758,3.182894,-6.920031,still,4.180000,session_20260606_121208
35377.0,-1.92627,0.64209,0.696289,6.522735,5.165375,4.836294,-0.157227,-0.961914,1.359375,-4.553311,3.692904,-6.756689,still,4.190000,session_20260606_121208
35387.0,-2.34668,0.588379,0.788086,5.815011,4.645507,8.731176,0.010742,-0.849609,1.365234,-4.68894,4.203712,-5.846453,still,4.200000,session_20260606_121208
35397.0,-2.31543,0.458496,0.592773,5.034542,5.088634,8.731176,0.024902,-0.782715,1.177246,-4.322821,3.920196,-6.509945,still,4.210000,session_20260606_121208
35407.0,-2.750488,0.796387,0.642578,3.635081,3.100291,8.731176,0.027344,-0.827148,1.219727,-4.170937,4.209041,-6.770545,still,4.220000,session_20260606_121208
35417.0,-2.339355,0.674316,0.26416,4.784067,1.518303,8.372251,-0.05127,-0.649902,1.081055,-3.98015,4.05849,-7.576594,still,4.230000,session_20260606_121208
35427.0,-2.388672,0.697754,0.341797,5.825403,0.144689,4.229825,0.024414,-0.728516,1.086914,-3.963629,3.438165,-8.571565,still,4.240000,session_20260606_121208
35437.0,-2.290039,0.940918,0.323242,6.007663,-0.850282,-0.137228,0.21582,-0.45752,0.972168,-4.140561,3.210606,-8.731442,still,4.250000,session_20260606_121208
35447.0,-2.062988,1.370605,0.203613,5.152852,-0.757553,-0.158012,0.100586,-0.810059,0.650391,-4.115779,2.104521,-8.731442,still,4.260000,session_20260606_121208
35457.0,-1.50293,1.71582,0.504395,3.781369,-0.251008,1.74,-0.307129,-1.970215,0.383789,-3.750459,0.273391,-8.731442,still,4.270000,session_20260606_121208
35467.0,-1.370605,1.375,0.526855,2.45785,0.588616,2.210839,0.095215,-2.487793,0.714844,-3.951638,-0.312028,-8.731442,still,4.280000,session_20260606_121208
35477.0,-1.539551,0.987793,0.568359,2.135963,2.021118,1.836459,-1.097656,-4.0,0.070312,-8.731442,-8.731442,2.119442,still,4.290000,session_20260606_121208
35487.0,-1.584473,0.530762,0.609863,1.898812,2.336343,2.962263,0.909668,-4.0,1.493652,-8.731442,-8.731442,5.247179,still,4.300000,session_20260606_121208
35497.0,-1.637695,0.703613,0.519043,1.376812,2.304368,3.946842,0.165527,-4.0,0.931641,-8.731442,-5.045733,8.731176,still,4.310000,session_20260606_121208
35507.0,-1.580566,1.312012,0.560059,1.356028,2.529262,3.964962,0.319336,-2.591309,0.70752,-8.731442,-1.906006,8.731176,still,4.320000,session_20260606_121208
35517.0,-0.90918,1.112305,0.755859,1.502049,3.23139,3.930055,0.965332,-2.613281,0.539062,-8.731442,0.842021,4.29804,still,4.330000,session_20260606_121208
35527.0,-0.751465,0.945312,0.896484,1.1306,4.44113,3.77604,-0.106445,-2.596191,0.44043,-7.066319,4.193054,-4.919963,still,4.340000,session_20260606_121208
35537.0,-0.889648,0.911133,0.784668,1.323519,5.570664,3.570331,0.099609,-1.841797,0.307617,-8.731442,-0.156946,8.563038,still,4.350000,session_20260606_121208
35547.0,-0.79834,0.97998,0.831543,2.175933,6.277057,2.786664,-0.947266,-1.178711,-0.689941,-8.731442,0.023715,5.8715,still,4.360000,session_20260606_121208
35557.0,-0.568359,1.168945,0.745117,2.433335,6.751893,1.801819,-0.980469,-2.067383,-0.088867,-8.731442,1.287014,5.252775,still,4.370000,session_20260606_121208
35567.0,-1.062988,1.286621,0.362793,3.256438,7.523568,0.540119,-1.164063,-1.95752,0.008301,-8.731442,6.495556,6.133966,still,4.380000,session_20260606_121208
35577.0,-1.312988,1.254395,0.345703,3.853047,7.997605,-0.44366,-0.030762,-2.763672,-0.65625,-8.444729,6.821972,6.772144,still,4.390000,session_20260606_121208
35587.0,-1.397461,1.353027,0.21582,3.572196,7.6131,-0.532126,-0.466797,-2.402832,0.238281,-1.106619,7.02022,4.521868,still,4.400000,session_20260606_121208
35597.0,-1.994629,1.208496,-0.170898,3.356628,7.324787,-0.943011,-1.17041,-2.683105,-0.134766,3.803485,3.945243,4.427807,still,4.410000,session_20260606_121208
35607.0,-2.052246,1.436035,-0.195801,3.182095,6.579225,-1.208407,-1.25293,-2.556152,-0.313965,7.404459,0.878527,4.042236,still,4.420000,session_20260606_121208
35617.0,-1.708008,1.44043,-0.282715,2.799455,6.067617,-1.530827,-4.0,-2.564453,-1.143555,8.731176,-3.655599,-8.731442,still,4.430000,session_20260606_121208
35627.0,-0.905273,-1.665527,2.609863,0.174266,-2.811979,-4.805384,-2.751465,-4.0,1.645508,5.129669,-7.182496,-8.731442,still,4.440000,session_20260606_121208
35637.0,-1.785645,1.56543,-0.085937,1.077574,5.004432,-0.17027,2.431152,-1.782227,1.338379,-0.240349,-8.731442,-1.673651,still,4.450000,session_20260606_121208
35647.0,-2.392578,1.591309,-0.921387,0.331746,3.615896,-2.402959,2.915527,-2.549805,-1.901367,-2.685409,-6.249877,8.731176,still,4.460000,session_20260606_121208
35657.0,-1.974121,0.902344,-0.576172,0.839623,3.810413,-2.39683,-0.730957,-2.260742,0.112305,-2.247877,1.773841,2.246812,still,4.470000,session_20260606_121208
35667.0,-2.255859,1.04248,-0.69043,0.74876,3.398463,-2.167672,-0.037598,-2.815918,-0.0625,-1.518037,0.934484,1.993139,still,4.480000,session_20260606_121208
35677.0,-2.476563,1.0,-0.82666,0.484429,2.330214,-2.245479,-0.277832,-2.850586,-0.209961,-1.124738,1.525231,-0.162009,still,4.490000,session_20260606_121208
35687.0,-2.32373,1.084473,-0.832031,0.374646,1.611832,-2.789063,-0.511719,-2.762695,-0.064941,-1.012824,0.801519,-0.803384,still,4.500000,session_20260606_121208
35697.0,-1.998047,1.15918,-0.797852,0.000533,0.885455,-3.115213,-0.55957,-2.493652,0.041016,-1.464744,-1.199081,-0.898511,still,4.510000,session_20260606_121208
35707.0,-2.013184,1.01123,-0.739746,-0.301636,0.790594,-2.920962,-0.464844,-2.450684,0.000488,-1.573195,-1.956367,-1.139926,still,4.520000,session_20260606_121208
35717.0,-2.215332,0.85791,-0.69873,-0.920894,0.727975,-2.379776,-0.346191,-2.501953,-0.058594,-1.188956,-2.445859,-0.999234,still,4.530000,session_20260606_121208
35727.0,-2.282227,0.820801,-0.648926,-1.224662,0.04743,-1.940913,-0.279785,-2.553223,-0.093262,-0.372248,-2.472239,-0.967259,still,4.540000,session_20260606_121208
35737.0,-2.231445,0.766602,-0.558594,-1.383207,-0.425274,-1.364554,-0.149902,-2.520996,-0.190918,0.149219,-2.534591,-0.980315,still,4.550000,session_20260606_121208
35747.0,-2.147461,0.769043,-0.486328,-1.729075,-1.123139,-1.518303,-0.191406,-2.370605,-0.017578,0.63578,-2.494355,-1.292876,still,4.560000,session_20260606_121208
35757.0,-2.074219,0.860352,-0.318359,-1.851648,-1.181495,-1.172168,-0.137207,-2.265625,-0.043457,0.951804,-2.556441,-1.012557,still,4.570000,session_20260606_121208
35767.0,-1.857422,0.787598,-0.303711,-2.032043,-1.138328,-1.107418,-0.024902,-2.121582,0.026855,1.202012,-2.477302,-1.133798,still,4.580000,session_20260606_121208
35777.0,-1.862793,0.859863,-0.141602,-2.021917,-1.207075,-0.975253,-0.27002,-2.065918,-0.029297,1.253972,-2.438931,-2.36592,still,4.590000,session_20260606_121208
35787.0,-1.796875,0.737793,0.023437,-2.367253,-1.232655,-0.859874,0.039551,-2.008301,0.09082,1.59158,-2.787997,-2.488227,still,4.600000,session_20260606_121208
35797.0,-1.736816,0.681152,-0.054199,-2.528196,-0.9137,-0.217433,0.169922,-1.927246,0.230469,1.647804,-2.734704,-1.350965,still,4.610000,session_20260606_121208
35807.0,-1.80127,0.54248,0.042969,-2.424009,-0.501749,0.077008,0.485352,-2.049805,0.097656,1.672318,-2.565767,-1.093828,still,4.620000,session_20260606_121208
35817.0,-1.859375,0.62793,0.083496,-2.430671,-0.655498,0.123639,0.140625,-1.97168,0.072266,1.360024,-2.783201,-0.791927,still,4.630000,session_20260606_121208
35827.0,-1.938965,0.725586,0.080078,-2.1754,-0.523066,0.131366,0.078125,-2.125,0.346191,1.400793,-4.738769,-0.495087,still,4.640000,session_20260606_121208
35837.0,-1.51123,0.350586,-0.261719,-2.29744,-1.170303,-0.204643,0.259766,-2.109863,-0.158203,3.028346,-4.296175,-1.20068,still,4.650000,session_20260606_121208
35847.0,-1.859863,0.478516,0.152344,-1.810613,-1.03121,-0.154282,0.638672,-1.897949,-0.446777,2.492756,-1.76185,-0.820971,still,4.660000,session_20260606_121208
35857.0,-1.806152,0.270508,0.185547,-1.387737,-1.025614,-0.246744,0.441406,-1.790527,-0.23291,2.144757,-1.23532,-1.36562,still,4.670000,session_20260606_121208
35867.0,-1.890625,0.235352,0.169922,-1.060787,-1.084236,-0.043433,0.38623,-1.863281,-0.086914,2.754956,-2.328616,-0.38264,still,4.680000,session_20260606_121208
35877.0,-1.763184,0.397949,0.213379,-0.811112,-1.223596,-0.059954,0.26416,-1.824707,-0.074707,2.94441,-1.875629,-0.298971,still,4.690000,session_20260606_121208
35887.0,-1.678223,0.273926,0.220215,-0.418879,-0.954202,-0.016254,0.486816,-1.688965,-0.283203,2.598542,-0.733838,-0.524398,still,4.700000,session_20260606_121208
35897.0,-1.697266,0.262207,0.199707,-0.715718,-0.533458,0.133231,0.272949,-1.730469,0.00293,1.588649,-0.037571,-0.897712,still,4.710000,session_20260606_121208
35907.0,-1.744141,0.234375,0.226562,-0.25234,-0.716518,0.373314,0.235352,-1.731934,0.098633,1.13593,-0.721847,-0.558239,still,4.720000,session_20260606_121208
35917.0,-1.694824,0.355957,0.157715,0.296573,-1.149519,0.223029,0.334473,-1.782715,-0.067871,1.1314,0.135096,-0.517204,still,4.730000,session_20260606_121208
35927.0,-1.723633,0.373047,0.145996,0.273124,-0.925158,0.640309,0.368652,-1.75293,-0.014648,0.698665,0.526263,-0.560104,still,4.740000,session_20260606_121208
35937.0,-1.743164,0.444336,0.164551,0.301369,-1.099957,0.460447,0.202637,-1.759766,0.25,0.593412,1.445825,-0.675482,still,4.750000,session_20260606_121208
35947.0,-1.675781,0.574707,0.150879,0.499084,-1.109283,0.16041,0.204102,-1.777832,0.23291,0.415149,1.525498,-0.484695,still,4.760000,session_20260606_121208
35957.0,-1.649414,0.487793,0.178711,0.654432,-1.003498,-0.070613,0.217285,-1.791504,0.121582,0.368518,2.033109,-0.399694,still,4.770000,session_20260606_121208
35967.0,-1.656738,0.574219,0.143555,0.263798,-0.753822,0.339207,0.103516,-1.783203,0.268066,0.057556,2.019253,-0.163341,still,4.780000,session_20260606_121208
35977.0,-1.698242,0.57959,0.153809,0.110049,-0.612597,0.448456,0.155762,-1.815918,0.27002,-0.243813,1.957433,-0.270992,still,4.790000,session_20260606_121208
35987.0,-1.724609,0.644043,0.125977,-0.074876,-0.584352,0.561703,0.140625,-1.841309,0.250977,-0.429271,1.948107,-0.387703,still,4.800000,session_20260606_121208
35997.0,-1.749512,0.711914,0.080078,-0.162809,-0.714386,0.589415,0.157227,-1.904297,0.301758,-0.650968,1.832196,-0.428205,still,4.810000,session_20260606_121208
36007.0,-1.654785,0.743652,0.076172,-0.109783,-0.612064,0.521201,0.054687,-1.853027,0.294434,-1.051727,1.724012,-0.434334,still,4.820000,session_20260606_121208
36017.0,-1.637207,0.739258,0.089355,0.253939,-0.574493,0.102322,0.131348,-1.84082,0.257813,-1.698698,2.019786,-0.802585,still,4.830000,session_20260606_121208
36027.0,-1.733887,0.860352,0.068359,0.100456,-0.12204,0.309363,0.057129,-1.950684,0.375488,-2.264398,1.651001,-0.49109,still,4.840000,session_20260606_121208
36037.0,-1.843262,0.761719,0.030273,0.479899,-0.21317,0.122573,0.007324,-2.066406,0.321777,-1.948907,1.511908,-0.392233,still,4.850000,session_20260606_121208
36047.0,-1.919922,0.856934,-0.013672,0.516404,-0.292309,0.187856,0.017578,-2.134766,0.324219,-2.090398,1.457283,-0.462845,still,4.860000,session_20260606_121208
36057.0,-1.875977,0.80127,0.054199,0.355194,0.005329,0.035173,0.027344,-2.037598,0.234375,-2.309697,0.442328,-0.3909,still,4.870000,session_20260606_121208
36067.0,-1.844238,0.820312,0.054687,0.133764,-0.006395,0.072744,0.017578,-2.050293,0.358398,-1.933985,-0.916897,-0.36159,still,4.880000,session_20260606_121208
36077.0,-1.852539,0.925781,0.020996,-0.032508,-0.477234,0.304567,0.115723,-2.076172,0.449707,-1.158579,-0.637112,-0.170536,still,4.890000,session_20260606_121208
36087.0,-1.855957,0.999512,0.025879,-0.231556,-0.368784,0.505213,-0.00293,-2.091309,0.483887,-0.437531,-0.087666,-0.067149,still,4.900000,session_20260606_121208
36097.0,-1.893066,1.004883,0.075195,-0.225694,-0.363988,0.384505,0.113281,-2.124512,0.504883,0.047164,-0.192386,0.020251,still,4.910000,session_20260606_121208
36107.0,-1.894043,0.996094,0.077148,-0.548113,-0.394364,0.373314,0.107422,-2.140625,0.445312,0.545182,0.43087,-0.155348,still,4.920000,session_20260606_121208
36117.0,-1.87793,0.972656,0.091309,-0.899044,-0.302435,0.572095,0.089844,-2.116211,0.394043,0.740499,0.396496,-0.288312,still,4.930000,session_20260606_121208
36127.0,-1.833496,0.964844,0.150391,-0.797256,-0.092462,0.301902,0.130859,-2.0625,0.356445,0.754089,-0.24408,-0.330413,still,4.940000,session_20260606_121208
36137.0,-1.855957,0.915527,0.17334,-0.816441,-0.402092,0.419145,0.213867,-2.068359,0.35791,0.624588,-0.298704,-0.617394,still,4.950000,session_20260606_121208
36147.0,-1.847168,0.858398,0.17041,-0.618193,-0.783666,0.379709,0.1875,-2.070313,0.309082,0.633115,-0.471639,-0.757286,still,4.960000,session_20260606_121208
36157.0,-1.877441,0.789551,0.229004,-0.916897,-0.585951,0.64857,0.260254,-2.037598,0.26416,0.696799,-0.641375,-0.87,still,4.970000,session_20260606_121208
36167.0,-1.859375,0.784668,0.285645,-0.981914,-0.499617,0.62672,0.278809,-2.060059,0.247559,0.890784,-0.734637,-0.952337,still,4.980000,session_20260606_121208
36177.0,-1.851074,0.789062,0.274414,-1.409853,-0.259002,0.930487,0.312012,-2.007813,0.255371,0.928089,-0.867335,-0.804184,still,4.990000,session_20260606_121208
36187.0,-1.812012,0.787109,0.311035,-1.3491,-0.505746,0.824168,0.331543,-1.962402,0.255859,0.844953,-0.952337,-0.864937,still,5.000000,session_20260606_121208
36197.0,-1.774902,0.731934,0.348145,-1.410119,-0.491623,0.848683,0.34375,-1.898438,0.222656,0.675482,-0.981381,-0.829498,still,5.010000,session_20260606_121208
36207.0,-1.717285,0.669434,0.351563,-1.429571,-0.316557,0.804184,0.335449,-1.839844,0.1875,0.458848,-0.879593,-0.788462,still,5.020000,session_20260606_121208
36217.0,-1.688477,0.612305,0.366211,-1.378144,-0.287247,0.753556,0.34082,-1.79248,0.175293,0.492423,-0.7397,-0.587017,still,5.030000,session_20260606_121208
36227.0,-1.679199,0.618652,0.373047,-1.093828,-0.141758,0.620858,0.365723,-1.79541,0.120117,0.547847,-0.559038,-0.393299,still,5.040000,session_20260606_121208
36237.0,-1.647949,0.618164,0.348145,-0.912101,-0.17773,0.50841,0.346191,-1.753906,0.108398,0.345069,-0.311761,-0.309096,still,5.050000,session_20260606_121208
36247.0,-1.665527,0.57959,0.335938,-0.610199,-0.08207,0.338674,0.329102,-1.759766,0.064941,0.011724,-0.25607,-0.249675,still,5.060000,session_20260606_121208
36257.0,-1.685059,0.571289,0.307617,-0.314426,-0.016787,0.205443,0.299316,-1.777832,0.044434,-0.124971,-0.12657,-0.132165,still,5.070000,session_20260606_121208
36267.0,-1.686523,0.557617,0.290039,-0.073011,0.185724,0.078873,0.270508,-1.785156,0.009277,-0.325351,0.051694,0.0,still,5.080000,session_20260606_121208
36277.0,-1.686523,0.546387,0.243164,0.171868,0.366652,0.007461,0.262207,-1.796387,-0.032227,-0.554242,0.28245,0.075142,still,5.090000,session_20260606_121208
36287.0,-1.716309,0.556152,0.193359,0.315225,0.496953,-0.002665,0.212402,-1.821777,-0.010742,-0.710123,0.435933,0.183859,still,5.100000,session_20260606_121208
36297.0,-1.733398,0.595215,0.145996,0.550511,0.514805,-0.150285,0.183594,-1.869141,0.000977,-0.782067,0.515871,0.308031,still,5.110000,session_20260606_121208
36307.0,-1.745117,0.650879,0.108398,0.698931,0.577158,-0.203311,0.130371,-1.909668,0.032715,-0.932086,0.675482,0.387436,still,5.120000,session_20260606_121208
36317.0,-1.779297,0.678711,0.061035,0.915032,0.498285,-0.362389,0.118164,-1.942383,0.042969,-1.049862,0.885455,0.484162,still,5.130000,session_20260606_121208
36327.0,-1.792969,0.687988,0.033691,1.026946,0.466043,-0.370383,0.091797,-1.979004,0.068848,-0.997103,0.964861,0.607268,still,5.140000,session_20260606_121208
36337.0,-1.770996,0.747559,0.030273,1.170836,0.290977,-0.459648,0.083008,-1.975586,0.089844,-0.966726,0.967525,0.611531,still,5.150000,session_20260606_121208
36347.0,-1.779297,0.770508,0.010742,1.147654,0.253939,-0.396763,0.061523,-1.991211,0.130371,-0.910502,0.956334,0.607268,still,5.160000,session_20260606_121208
36357.0,-1.802734,0.770508,0.017578,1.035473,0.293642,-0.246744,0.06543,-2.017578,0.155273,-0.733838,0.858276,0.569963,still,5.170000,session_20260606_121208
36367.0,-1.825684,0.799805,0.01709,0.998701,0.249409,-0.07008,0.084961,-2.041016,0.16748,-0.446591,0.723179,0.55664,still,5.180000,session_20260606_121208
36377.0,-1.856445,0.863281,0.030273,0.912101,0.241681,0.008527,0.08252,-2.09668,0.194824,-0.278187,0.619259,0.533458,still,5.190000,session_20260606_121208
36387.0,-1.879395,0.919922,0.04541,0.811112,0.096193,0.070613,0.10791,-2.120605,0.243652,-0.166539,0.545982,0.435666,still,5.200000,session_20260606_121208
36397.0,-1.865723,0.96875,0.066895,0.727443,0.153482,0.077008,0.11084,-2.12793,0.277832,-0.121507,0.475369,0.349865,still,5.210000,session_20260606_121208
36407.0,-1.864746,0.972656,0.100586,0.53026,0.043433,0.115645,0.114258,-2.145996,0.266113,-0.113513,0.463911,0.246478,still,5.220000,session_20260606_121208
36417.0,-1.870117,0.928711,0.104004,0.340006,0.069813,0.20491,0.138672,-2.106445,0.264648,-0.031975,0.324551,0.187057,still,5.230000,session_20260606_121208
36427.0,-1.898926,0.928223,0.106934,0.265663,-0.146554,0.333877,0.159668,-2.129395,0.291016,0.134564,0.16494,0.213969,still,5.240000,session_20260606_121208
36437.0,-1.900391,0.96875,0.136719,0.133231,-0.173467,0.438864,0.165039,-2.161133,0.27832,0.213969,0.133498,0.175865,still,5.250000,session_20260606_121208
36447.0,-1.901367,1.005371,0.129883,0.172668,-0.049029,0.298704,0.171875,-2.175781,0.304199,0.280319,0.112447,0.032775,still,5.260000,session_20260606_121208
36457.0,-1.894043,0.962402,0.150879,0.029311,-0.202778,0.346135,0.176758,-2.132813,0.307129,0.251541,0.041835,-0.003997,still,5.270000,session_20260606_121208
36467.0,-1.88916,0.957031,0.160156,-0.014389,-0.242481,0.450855,0.178223,-2.137695,0.307129,0.400227,-0.017054,-0.066616,still,5.280000,session_20260606_121208
36477.0,-1.869629,0.987305,0.170898,-0.136429,-0.185458,0.46098,0.179199,-2.141113,0.314453,0.489492,0.006662,-0.116711,still,5.290000,session_20260606_121208
36487.0,-1.860352,0.966797,0.181641,-0.217167,-0.18679,0.428205,0.206543,-2.086914,0.318359,0.497485,0.009593,-0.199314,still,5.300000,session_20260606_121208
36497.0,-1.814941,0.942871,0.199219,-0.263798,-0.344802,0.366652,0.219238,-2.043457,0.302734,0.483896,0.001599,-0.316557,still,5.310000,session_20260606_121208
36507.0,-1.797852,0.911133,0.187988,-0.326949,-0.437798,0.394897,0.199707,-2.019531,0.297363,0.556907,-0.090864,-0.343737,still,5.320000,session_20260606_121208
36517.0,-1.749512,0.908691,0.237305,-0.387436,-0.455651,0.403158,0.207031,-1.959473,0.318359,0.63578,-0.181994,-0.374113,still,5.330000,session_20260606_121208
36527.0,-1.743652,0.886719,0.255859,-0.430337,-0.427139,0.460447,0.22168,-1.95459,0.305664,0.6531,-0.239816,-0.314692,still,5.340000,session_20260606_121208
36537.0,-1.736328,0.881836,0.246094,-0.406355,-0.43087,0.450055,0.241211,-1.961914,0.28418,0.628585,-0.187323,-0.282717,still,5.350000,session_20260606_121208
36547.0,-1.759766,0.871094,0.269531,-0.410619,-0.4346,0.436466,0.247559,-1.954102,0.268066,0.531593,-0.063685,-0.32162,still,5.360000,session_20260606_121208
36557.0,-1.748047,0.852539,0.291992,-0.386371,-0.505213,0.359991,0.260742,-1.943848,0.251953,0.467908,0.035972,-0.326683,still,5.370000,session_20260606_121208
36567.0,-1.714844,0.831543,0.285156,-0.329348,-0.515338,0.312827,0.248047,-1.903809,0.258301,0.438597,0.071412,-0.33068,still,5.380000,session_20260606_121208
36577.0,-1.647461,0.82666,0.307617,-0.272058,-0.425807,0.311495,0.229004,-1.850586,0.279297,0.358392,0.0429,-0.281118,still,5.390000,session_20260606_121208
36587.0,-1.641602,0.816406,0.289063,-0.213969,-0.31336,0.277654,0.226074,-1.838867,0.26416,0.287779,0.066349,-0.216368,still,5.400000,session_20260606_121208
36597.0,-1.671875,0.727051,0.30957,-0.187856,-0.177464,0.326683,0.227539,-1.836914,0.25293,0.192919,0.040502,-0.167072,still,5.410000,session_20260606_121208
36607.0,-1.683594,0.819824,0.280762,-0.075142,-0.074343,0.357593,0.272949,-1.858398,0.174316,0.146554,0.054625,-0.073544,still,5.420000,session_20260606_121208
36617.0,-1.698242,0.760254,0.286133,0.088199,-0.121773,0.250475,0.252441,-1.867676,0.193359,0.081538,0.154282,-0.072478,still,5.430000,session_20260606_121208
36627.0,-1.710449,0.749023,0.281738,0.257403,-0.107384,0.168404,0.246582,-1.866211,0.166016,0.008527,0.31789,-0.029844,still,5.440000,session_20260606_121208
36637.0,-1.682617,0.77832,0.253906,0.352796,-0.041568,0.113779,0.221191,-1.866211,0.183105,-0.050095,0.432469,0.03544,still,5.450000,session_20260606_121208
36647.0,-1.694336,0.750977,0.239746,0.415681,0.077541,0.104187,0.211426,-1.858887,0.170898,-0.157746,0.492156,0.111914,still,5.460000,session_20260606_121208
36657.0,-1.70166,0.740723,0.210449,0.500417,0.161476,0.117776,0.196289,-1.874512,0.157715,-0.166806,0.4783,0.196649,still,5.470000,session_20260606_121208
36667.0,-1.751465,0.740234,0.176758,0.563568,0.280851,0.193718,0.183105,-1.92627,0.132324,-0.289112,0.470839,0.233954,still,5.480000,session_20260606_121208
36677.0,-1.791992,0.762695,0.181152,0.543051,0.169204,0.127103,0.17627,-1.962891,0.143066,-0.104453,0.550778,0.410885,still,5.490000,session_20260606_121208
36687.0,-1.783691,0.817871,0.188965,0.614196,0.26966,0.228358,0.18457,-1.967285,0.174316,-0.166006,0.62592,0.428738,still,5.500000,session_20260606_121208
36697.0,-1.807129,0.875977,0.161133,0.700263,0.219832,0.153482,0.160156,-2.032715,0.220215,-0.232622,0.724512,0.478034,still,5.510000,session_20260606_121208
36707.0,-1.814453,0.901367,0.119141,0.7826,-0.018652,0.089265,0.150391,-2.055664,0.197754,-0.314159,0.754089,0.440462,still,5.520000,session_20260606_121208
36717.0,-1.846191,0.909668,0.14209,0.73517,-0.012524,0.045299,0.124512,-2.085938,0.21582,-0.367985,0.806315,0.352263,still,5.530000,session_20260606_121208
36727.0,-1.901367,0.935059,0.088379,0.712521,-0.07834,-0.023449,0.138672,-2.131836,0.239258,-0.220631,0.73064,0.190254,still,5.540000,session_20260606_121208
36737.0,-1.890625,0.938965,0.054199,0.523599,-0.172668,0.092196,0.096191,-2.136719,0.229492,-0.070346,0.560903,0.073277,still,5.550000,session_20260606_121208
36747.0,-1.835449,0.916504,0.063477,0.299504,-0.207041,0.205443,0.085449,-2.09668,0.253906,0.094061,0.490025,-0.090864,still,5.560000,session_20260606_121208
36757.0,-1.83252,0.904297,0.050781,0.183859,-0.292576,0.389302,0.083008,-2.081055,0.254395,0.322153,0.33068,-0.155348,still,5.570000,session_20260606_121208
36767.0,-1.861328,0.949219,0.045898,0.037305,-0.367185,0.450855,0.081055,-2.11084,0.259766,0.564368,0.232089,-0.258735,still,5.580000,session_20260606_121208
36777.0,-1.874023,0.969727,0.074219,-0.151351,-0.519069,0.496153,0.103027,-2.14209,0.264648,0.676548,0.219299,-0.354662,still,5.590000,session_20260606_121208
36787.0,-1.880371,0.924316,0.111816,-0.264064,-0.7826,0.516404,0.170898,-2.119629,0.232422,0.673351,0.240083,-0.556374,still,5.600000,session_20260606_121208
36797.0,-1.889648,0.868164,0.139648,-0.425807,-0.989908,0.634181,0.182129,-2.089355,0.211914,0.695201,0.208107,-0.75702,still,5.610000,session_20260606_121208
36807.0,-1.819336,0.854492,0.144531,-0.529727,-1.144989,0.803651,0.230469,-2.006348,0.18457,0.740499,0.205176,-0.9574,still,5.620000,session_20260606_121208
36817.0,-1.771484,0.805176,0.217773,-0.685874,-1.069314,0.978184,0.214355,-1.940918,0.211914,0.92276,0.229424,-1.018686,still,5.630000,session_20260606_121208
36827.0,-1.762207,0.779785,0.297852,-0.830564,-0.998701,1.259302,0.240723,-1.912598,0.244629,1.144989,0.023449,-0.86547,still,5.640000,session_20260606_121208
36837.0,-1.708008,0.817383,0.337891,-0.823103,-1.018153,1.341372,0.256836,-1.926758,0.285645,1.333378,0.014123,-0.796989,still,5.650000,session_20260606_121208
36847.0,-1.621094,0.828125,0.32666,-0.598208,-0.949406,1.235587,0.328125,-1.684082,0.196289,1.322986,-0.104986,-0.719982,still,5.660000,session_20260606_121208
36857.0,-1.748535,0.998047,0.313477,-0.766879,-1.042668,1.333645,0.368164,-1.952148,0.299316,1.248377,0.093795,-0.740499,still,5.670000,session_20260606_121208
36867.0,-1.648438,0.983887,0.36377,-0.651767,-1.064518,1.147121,0.237793,-1.92334,0.380859,1.218,0.125237,-0.789795,still,5.680000,session_20260606_121208
36877.0,-1.614746,0.929199,0.39502,-0.660294,-0.981914,1.233988,0.213867,-1.895508,0.420898,1.093562,0.222496,-0.811112,still,5.690000,session_20260606_121208
36887.0,-1.785156,1.112793,0.435547,-1.09676,-1.349633,1.228925,0.31543,-2.166016,0.565918,0.604337,0.180662,-0.985378,still,5.700000,session_20260606_121208
36897.0,-1.54834,0.954102,0.414551,-0.711188,-0.885188,1.259302,0.226074,-1.813965,0.419922,0.887853,-0.012257,-0.638977,still,5.710000,session_20260606_121208
36907.0,-1.59082,1.050293,0.43457,-0.568897,-0.917963,1.18336,0.304688,-1.876465,0.486816,0.901976,0.270992,-0.677881,still,5.720000,session_20260606_121208
36917.0,-1.558105,1.091309,0.466797,-0.527063,-0.803384,1.135397,0.270508,-1.875977,0.531738,0.758352,-0.01279,-0.579289,still,5.730000,session_20260606_121208
36927.0,-1.578613,1.101074,0.481934,-0.59208,-0.758086,0.943544,0.263672,-1.887207,0.540527,0.577691,-0.049828,-0.574227,still,5.740000,session_20260606_121208
36937.0,-1.570801,1.192871,0.394531,-0.439397,-0.620591,0.954469,0.40332,-1.84082,0.455078,0.364521,0.13856,-0.498018,still,5.750000,session_20260606_121208
36947.0,-1.632324,1.172363,0.400391,-0.488959,-0.579822,1.022949,0.291504,-1.937988,0.490723,0.52653,0.118309,-0.480165,still,5.760000,session_20260606_121208
36957.0,-1.591309,0.993164,0.418457,-0.424741,-0.555574,1.010159,0.191406,-2.016602,0.646973,0.434867,-0.079672,-0.57023,still,5.770000,session_20260606_121208
36967.0,-1.662598,1.040527,0.387695,-0.616861,-0.552377,1.105286,0.262695,-1.954102,0.475098,0.556907,-0.197182,-0.406622,still,5.780000,session_20260606_121208
36977.0,-1.656738,1.132813,0.381836,-0.741565,-0.556374,1.190021,0.264648,-1.960938,0.484863,0.656031,-0.098325,-0.400493,still,5.790000,session_20260606_121208
36987.0,-1.666016,1.130859,0.400391,-0.7826,-0.494554,1.164175,0.276855,-1.976563,0.432617,0.70426,-0.077541,-0.410619,still,5.800000,session_20260606_121208
36997.0,-1.664551,1.191895,0.368652,-0.390368,-0.79992,1.090098,0.271484,-2.033203,0.492676,1.059721,-0.039969,-0.498551,still,5.810000,session_20260606_121208
37007.0,-1.722168,1.182129,0.428711,-0.774873,-0.604603,1.286481,0.291504,-2.052734,0.53418,0.980049,-0.063418,-0.535323,still,5.820000,session_20260606_121208
37017.0,-1.732422,1.239258,0.414062,-0.756221,-1.023216,1.254505,0.328125,-2.099121,0.523926,1.151651,0.033574,-0.689605,still,5.830000,session_20260606_121208
37027.0,-1.72998,1.249512,0.44043,-1.034407,-1.090364,1.373348,0.345703,-2.064453,0.597656,1.3046,-0.08207,-0.896113,still,5.840000,session_20260606_121208
37037.0,-1.687988,1.240234,0.49707,-1.323519,-1.291011,1.483663,0.331055,-2.045898,0.624512,1.364021,-0.256337,-0.991773,still,5.850000,session_20260606_121208
37047.0,-1.598633,1.27832,0.551758,-1.465011,-1.387737,1.58785,0.370117,-1.962402,0.668945,1.438098,-0.333345,-1.012824,still,5.860000,session_20260606_121208
37057.0,-1.541016,1.285645,0.616699,-1.627553,-1.15698,1.656597,0.337402,-1.964355,0.710449,1.498319,-0.498285,-1.007495,still,5.870000,session_20260606_121208
37067.0,-1.549316,1.345703,0.617187,-1.523899,-1.519369,1.646205,0.398926,-1.936523,0.753906,1.469541,-0.533724,-0.993106,still,5.880000,session_20260606_121208
37077.0,-1.53125,1.305664,0.650879,-1.564934,-1.167639,1.581721,0.421875,-1.914551,0.719238,1.490858,-0.585685,-1.00856,still,5.890000,session_20260606_121208
37087.0,-1.492188,1.339844,0.640137,-1.701363,-1.130867,1.480199,0.436035,-1.936035,0.734863,1.482331,-0.572361,-1.020551,still,5.900000,session_20260606_121208
37097.0,-1.455078,1.312988,0.742676,-1.753323,-0.977917,1.46581,0.37207,-1.898438,0.68457,1.476202,-0.651501,-0.915032,still,5.910000,session_20260606_121208
37107.0,-1.479492,1.29248,0.722168,-1.351231,-0.831629,1.265697,0.4375,-1.875,0.697266,1.543351,-0.620591,-0.938747,still,5.920000,session_20260606_121208
37117.0,-1.498535,1.287598,0.738281,-1.29181,-1.05679,1.338175,0.436523,-1.87793,0.723633,1.386138,-0.525997,-0.856677,still,5.930000,session_20260606_121208
37127.0,-1.489258,1.325684,0.743164,-1.220132,-0.976851,1.122873,0.496094,-1.884766,0.723145,1.289678,-0.403158,-0.890518,still,5.940000,session_20260606_121208
37137.0,-1.467773,1.318848,0.750977,-1.110882,-1.048263,1.025081,0.471191,-1.874023,0.741699,1.206809,-0.321087,-0.841222,still,5.950000,session_20260606_121208
37147.0,-1.423828,1.306152,0.76416,-1.041602,-0.992839,0.964328,0.463379,-1.830566,0.734375,1.12607,-0.22143,-0.757553,still,5.960000,session_20260606_121208
37157.0,-1.378906,1.305176,0.808594,-0.96113,-0.855877,0.894515,0.484863,-1.787598,0.781738,0.951804,-0.14842,-0.705859,still,5.970000,session_20260606_121208
37167.0,-1.359375,1.264648,0.838379,-0.80898,-0.711721,0.806848,0.479004,-1.745117,0.719727,0.853213,-0.470306,-0.554242,still,5.980000,session_20260606_121208
37177.0,-1.373047,1.24707,0.859375,-0.736769,-0.565966,0.6531,0.563965,-1.782227,0.67627,0.85268,-0.077807,-0.383706,still,5.990000,session_20260606_121208
37187.0,-1.413574,1.328613,0.867187,-0.589149,-0.403957,0.538254,0.553711,-1.825684,0.730957,0.88359,-0.176132,-0.288579,still,6.000000,session_20260606_121208
37197.0,-1.431641,1.289551,0.891602,-0.307764,-0.358392,0.385305,0.577148,-1.808594,0.754395,0.80072,0.060487,-0.253939,still,6.010000,session_20260606_121208
37207.0,-1.432129,1.26416,0.875977,-0.078074,-0.395963,0.151084,0.543945,-1.842285,0.85791,1.175632,-0.114046,-0.148153,still,6.020000,session_20260606_121208
37217.0,-1.324707,1.222656,0.939453,0.18759,-0.242481,-0.071678,0.566895,-1.661621,0.648926,0.902775,0.533458,-0.19585,still,6.030000,session_20260606_121208
37227.0,-1.345703,1.272949,0.894531,0.104187,-0.142557,-0.015988,0.539551,-1.703125,0.811035,0.600606,0.059421,-0.078074,still,6.040000,session_20260606_121208
37237.0,-1.38916,1.216309,0.845703,0.221963,-0.067948,-0.08207,0.508789,-1.746582,0.763184,0.937681,0.20864,-0.035706,still,6.050000,session_20260606_121208
37247.0,-1.380859,1.259277,0.81543,0.358658,-0.100989,-0.105519,0.525879,-1.772949,0.797363,1.075709,0.058355,0.050628,still,6.060000,session_20260606_121208
37257.0,-1.463379,1.310547,0.805664,0.203311,0.108983,0.03011,0.463867,-1.828613,0.785156,0.726643,0.004796,0.066349,still,6.070000,session_20260606_121208
37267.0,-1.473145,1.269531,0.765625,0.124172,0.100989,0.099657,0.476074,-1.832031,0.759277,0.429804,-0.129234,0.100456,still,6.080000,session_20260606_121208
37277.0,-1.491211,1.266602,0.755371,0.112714,-0.06555,0.187856,0.476074,-1.857422,0.768066,0.407421,-0.128435,0.050095,still,6.090000,session_20260606_121208
37287.0,-1.491699,1.276855,0.753418,0.014123,-0.168404,0.251807,0.511719,-1.861328,0.762207,0.341871,-0.032775,-0.009326,still,6.100000,session_20260606_121208
37297.0,-1.482422,1.279297,0.753906,-0.158812,-0.038104,0.280319,0.459473,-1.847168,0.765137,0.329081,0.066083,-0.120175,still,6.110000,session_20260606_121208
37307.0,-1.455078,1.319824,0.750977,-0.104453,-0.092462,0.254472,0.460937,-1.842773,0.799316,0.399694,0.152417,-0.124971,still,6.120000,session_20260606_121208
37317.0,-1.445313,1.366211,0.742187,-0.164141,-0.248609,0.247544,0.450684,-1.865723,0.82959,0.304034,0.267528,-0.136429,still,6.130000,session_20260606_121208
37327.0,-1.472656,1.335449,0.76709,-0.254472,-0.187856,0.241681,0.469727,-1.846191,0.806641,0.144689,0.272858,-0.230224,still,6.140000,session_20260606_121208
37337.0,-1.490234,1.32666,0.769531,-0.212904,-0.318956,0.228625,0.481445,-1.875,0.806641,0.010126,0.240083,-0.284049,still,6.150000,session_20260606_121208
37347.0,-1.48584,1.314453,0.77832,-0.23875,-0.342937,0.262199,0.484375,-1.866211,0.822754,-0.025314,0.179596,-0.322153,still,6.160000,session_20260606_121208
37357.0,-1.466309,1.337402,0.782715,-0.282717,-0.385838,0.268594,0.453613,-1.866211,0.84668,0.016521,0.01279,-0.303767,still,6.170000,session_20260606_121208
37367.0,-1.442871,1.334961,0.78418,-0.346668,-0.362389,0.23049,0.484863,-1.839355,0.834961,-0.045032,0.022383,-0.375179,still,6.180000,session_20260606_121208
37377.0,-1.455566,1.300293,0.811523,-0.419678,-0.160144,0.253139,0.483398,-1.837891,0.826172,0.078074,-0.446858,-0.344802,still,6.190000,session_20260606_121208
37387.0,-1.473633,1.28125,0.831055,-0.368251,-0.233954,0.320021,0.497559,-1.827148,0.808105,0.212637,-0.362123,-0.292309,still,6.200000,session_20260606_121208
37397.0,-1.436523,1.313965,0.825684,-0.443394,-0.075675,0.257669,0.495117,-1.832031,0.793457,0.159345,-0.49642,-0.258469,still,6.210000,session_20260606_121208
37407.0,-1.427246,1.320801,0.827148,-0.435933,-0.024248,0.193185,0.517578,-1.838867,0.819336,0.06475,-0.478833,-0.287247,still,6.220000,session_20260606_121208
37417.0,-1.414063,1.311035,0.821777,-0.415948,0.085268,0.094594,0.532715,-1.802246,0.775879,-0.273923,-0.308297,-0.303767,still,6.230000,session_20260606_121208
37427.0,-1.439453,1.273926,0.813965,-0.199847,0.051427,-0.079939,0.507324,-1.823242,0.773926,-0.10392,-0.269127,-0.249142,still,6.240000,session_20260606_121208
37437.0,-1.441406,1.272949,0.799805,-0.188655,0.118842,0.01279,0.494629,-1.815918,0.778809,-0.012524,-0.501216,-0.09566,still,6.250000,session_20260606_121208
37447.0,-1.428223,1.310059,0.820312,-0.146021,-0.00826,-0.003997,0.499023,-1.822266,0.809082,0.115112,-0.300037,-0.055957,still,6.260000,session_20260606_121208
37457.0,-1.406738,1.342773,0.820312,-0.151617,0.071945,-0.046631,0.506348,-1.807617,0.815918,0.023715,-0.2177,-0.055691,still,6.270000,session_20260606_121208
37467.0,-1.430664,1.308105,0.826172,-0.136695,0.069014,-0.107384,0.53418,-1.819336,0.808105,0.070613,-0.20864,-0.095127,still,6.280000,session_20260606_121208
37477.0,-1.436035,1.290527,0.848633,-0.154548,-0.007194,-0.095394,0.547852,-1.824219,0.841309,0.248343,-0.268061,-0.077008,still,6.290000,session_20260606_121208
37487.0,-1.396484,1.285645,0.88916,-0.220098,0.071145,-0.054358,0.552246,-1.77832,0.799316,0.146554,-0.233688,-0.110049,still,6.300000,session_20260606_121208
37497.0,-1.369629,1.300781,0.884277,-0.233954,0.0437,-0.03464,0.561035,-1.751953,0.845215,-0.005862,-0.270193,-0.17773,still,6.310000,session_20260606_121208
37507.0,-1.34668,1.287109,0.901367,-0.328015,0.196916,-0.020518,0.562988,-1.724609,0.86084,-0.030643,-0.334943,-0.093795,still,6.320000,session_20260606_121208
37517.0,-1.340332,1.259766,0.918457,-0.334943,0.335743,0.012524,0.565918,-1.697754,0.836914,-0.050628,-0.476968,0.057023,still,6.330000,session_20260606_121208
37527.0,-1.35791,1.273926,0.928223,-0.310429,0.394364,0.014922,0.596191,-1.725586,0.818359,-0.117243,-0.464444,0.155081,still,6.340000,session_20260606_121208
37537.0,-1.421387,1.273926,0.913086,-0.237152,0.411418,-0.075142,0.60498,-1.783203,0.807129,-0.188389,-0.444193,0.170003,still,6.350000,session_20260606_121208
37547.0,-1.458496,1.238281,0.891602,-0.047164,0.314692,-0.203311,0.626465,-1.802246,0.729492,-0.266196,-0.268328,0.094594,still,6.360000,session_20260606_121208
37557.0,-1.470215,1.213379,0.88623,0.010925,0.203577,-0.290977,0.636719,-1.803223,0.71875,-0.257936,-0.213703,0.051427,still,6.370000,session_20260606_121208
37567.0,-1.458008,1.211426,0.90332,0.1311,0.189455,-0.332279,0.622559,-1.781738,0.737305,-0.249142,-0.153749,0.002132,still,6.380000,session_20260606_121208
37577.0,-1.418457,1.218262,0.913086,0.09566,0.148153,-0.288845,0.625,-1.753418,0.760742,-0.322953,-0.070879,-0.004263,still,6.390000,session_20260606_121208
37587.0,-1.403809,1.243164,0.917969,0.099124,0.185458,-0.265397,0.60498,-1.744629,0.794922,-0.344003,-0.046098,0.058355,still,6.400000,session_20260606_121208
37597.0,-1.377441,1.220703,0.918945,0.049029,0.164674,-0.175332,0.611328,-1.71582,0.79834,-0.321087,-0.074077,0.112447,still,6.410000,session_20260606_121208
37607.0,-1.382324,1.24707,0.92334,0.030377,0.295507,-0.127636,0.616699,-1.737305,0.793457,-0.25687,-0.138294,0.180662,still,6.420000,session_20260606_121208
37617.0,-1.400391,1.273438,0.923828,-0.001599,0.321354,-0.077274,0.61377,-1.754883,0.820801,-0.297372,-0.110315,0.209173,still,6.430000,session_20260606_121208
37627.0,-1.421875,1.271484,0.910645,-0.019452,0.301103,-0.096992,0.615234,-1.775879,0.815918,-0.319488,-0.097259,0.150018,still,6.440000,session_20260606_121208
37637.0,-1.435547,1.280273,0.901855,-0.016254,0.225694,-0.136162,0.601074,-1.788574,0.812988,-0.309096,0.009326,0.107917,still,6.450000,session_20260606_121208
37647.0,-1.415039,1.272461,0.914062,-0.040236,0.228358,-0.123639,0.599121,-1.774902,0.800293,-0.309629,0.026646,0.128168,still,6.460000,session_20260606_121208
37657.0,-1.381836,1.272461,0.905762,-0.02638,0.257136,-0.128968,0.590332,-1.73584,0.809082,-0.280052,-0.007461,0.219032,still,6.470000,session_20260606_121208
37667.0,-1.352051,1.257324,0.919434,0.01359,0.385571,-0.160677,0.567383,-1.716797,0.793945,-0.419145,-0.013323,0.306165,still,6.480000,session_20260606_121208
37677.0,-1.391602,1.242188,0.880371,0.104453,0.478567,-0.217966,0.569824,-1.740234,0.757812,-0.595544,-0.006662,0.344536,still,6.490000,session_20260606_121208
37687.0,-1.4375,1.212891,0.855469,0.198248,0.566233,-0.258202,0.550293,-1.788574,0.715332,-0.653366,0.015188,0.386104,still,6.500000,session_20260606_121208
37697.0,-1.472656,1.240234,0.833496,0.281118,0.616328,-0.280851,0.532227,-1.826172,0.719727,-0.660028,0.045299,0.442861,still,6.510000,session_20260606_121208
37707.0,-1.463379,1.241211,0.805664,0.342671,0.601939,-0.359458,0.526855,-1.830566,0.712891,-0.748493,0.127902,0.480965,still,6.520000,session_20260606_121208
37717.0,-1.475098,1.246582,0.791504,0.418613,0.591813,-0.413017,0.508301,-1.843262,0.690918,-0.856677,0.191853,0.50921,still,6.530000,session_20260606_121208
37727.0,-1.498047,1.238281,0.769531,0.46551,0.618726,-0.473237,0.490234,-1.858398,0.671875,-0.909436,0.231289,0.532126,still,6.540000,session_20260606_121208
37737.0,-1.542969,1.230469,0.703125,0.483096,0.623522,-0.474303,0.473633,-1.898438,0.647949,-0.899044,0.233954,0.519868,still,6.550000,session_20260606_121208
37747.0,-1.583496,1.212402,0.691406,0.493489,0.55744,-0.472172,0.461914,-1.928223,0.60791,-0.848417,0.234221,0.47377,still,6.560000,session_20260606_121208
37757.0,-1.577148,1.22998,0.651367,0.459914,0.503881,-0.472172,0.435547,-1.938477,0.607422,-0.807115,0.255271,0.433801,still,6.570000,session_20260606_121208
37767.0,-1.552246,1.228027,0.639648,0.407155,0.435666,-0.471106,0.412598,-1.92041,0.602539,-0.868135,0.242481,0.386904,still,6.580000,session_20260606_121208
37777.0,-1.564941,1.196289,0.606934,0.330413,0.450855,-0.450055,0.388184,-1.925293,0.577637,-0.882524,0.244346,0.346401,still,6.590000,session_20260606_121208
37787.0,-1.618652,1.158203,0.582031,0.251274,0.433002,-0.389035,0.375,-1.945313,0.531738,-0.773807,0.191853,0.291776,still,6.600000,session_20260606_121208
37797.0,-1.658691,1.16748,0.556152,0.158279,0.302701,-0.272591,0.383789,-2.003418,0.490234,-0.560903,0.112447,0.274723,still,6.610000,session_20260606_121208
37807.0,-1.686035,1.138184,0.533691,0.093795,0.171602,-0.202511,0.39502,-2.006348,0.462402,-0.396763,0.163075,0.170802,still,6.620000,session_20260606_121208
37817.0,-1.687012,1.110352,0.520996,0.041835,0.054092,-0.094328,0.378906,-1.995117,0.413086,-0.179329,0.226227,0.044233,still,6.630000,session_20260606_121208
37827.0,-1.727051,1.124023,0.531738,-0.078606,-0.005063,0.092995,0.379883,-2.030273,0.43457,0.023982,0.201979,0.014123,still,6.640000,session_20260606_121208
37837.0,-1.751465,1.14209,0.524902,-0.228092,-0.155614,0.237951,0.391602,-2.064941,0.428223,0.20491,0.201979,-0.150551,still,6.650000,session_20260606_121208
37847.0,-1.789063,1.128906,0.485352,-0.337608,-0.367452,0.324551,0.396973,-2.104004,0.393555,0.423942,0.257936,-0.338141,still,6.660000,session_20260606_121208
37857.0,-1.786133,1.104004,0.515625,-0.442861,-0.640842,0.462579,0.412109,-2.073242,0.394531,0.632049,0.290444,-0.498018,still,6.670000,session_20260606_121208
37867.0,-1.739258,1.125977,0.529297,-0.536123,-0.825234,0.530527,0.412109,-2.051758,0.429199,0.848683,0.286181,-0.689605,still,6.680000,session_20260606_121208
37877.0,-1.709961,1.125,0.553223,-0.632049,-0.999501,0.652034,0.388672,-2.011719,0.436035,1.003764,0.17853,-0.783666,still,6.690000,session_20260606_121208
37887.0,-1.667969,1.117188,0.552246,-0.735969,-1.121541,0.775672,0.368164,-1.96875,0.45166,1.138594,0.129767,-0.888386,still,6.700000,session_20260606_121208
37897.0,-1.644531,1.097168,0.55127,-0.801253,-1.188423,0.87906,0.372559,-1.95166,0.436035,1.251841,0.030643,-0.936882,still,6.710000,session_20260606_121208
37907.0,-1.629883,1.102539,0.550293,-0.957933,-1.258236,1.05306,0.368652,-1.931641,0.46875,1.41838,-0.036772,-1.036273,still,6.720000,session_20260606_121208
37917.0,-1.61084,1.098633,0.582031,-1.155115,-1.163375,1.173501,0.400879,-1.922363,0.46875,1.627819,-0.159611,-1.087433,still,6.730000,session_20260606_121208
37927.0,-1.607422,1.049805,0.585449,-1.192153,-1.196949,1.331513,0.404785,-1.907715,0.430176,1.883357,-0.214769,-1.156181,still,6.740000,session_20260606_121208
37937.0,-1.628906,1.044434,0.600098,-1.314459,-1.305933,1.536956,0.429199,-1.901855,0.455078,2.050695,-0.249142,-1.202545,still,6.750000,session_20260606_121208
37947.0,-1.578613,1.074219,0.631348,-1.243047,-1.533225,1.573727,0.445801,-1.877441,0.472656,2.161011,-0.178263,-1.264364,still,6.760000,session_20260606_121208
37957.0,-1.552246,1.072266,0.640625,-1.096493,-1.502582,1.526297,0.4375,-1.850586,0.47168,2.229758,-0.07008,-1.377611,still,6.770000,session_20260606_121208
37967.0,-1.530762,1.106934,0.708008,-1.149519,-1.814876,1.623289,0.508789,-1.820313,0.550293,2.249743,0.001599,-1.314193,still,6.780000,session_20260606_121208
37977.0,-1.474609,1.129395,0.74707,-1.028279,-2.06162,1.58785,0.495117,-1.805176,0.605957,2.358726,0.239816,-1.446358,still,6.790000,session_20260606_121208
37987.0,-1.445313,1.127441,0.79248,-0.903841,-1.849516,1.616894,0.535156,-1.742676,0.657227,2.452254,0.294974,-1.545482,still,6.800000,session_20260606_121208
37997.0,-1.363281,1.190918,0.865723,-0.808714,-2.117577,1.575326,0.588379,-1.71875,0.738281,2.55351,0.478567,-1.583586,still,6.810000,session_20260606_121208
38007.0,-1.313965,1.232422,0.932129,-0.836159,-2.136763,1.706959,0.590332,-1.669434,0.858887,2.618527,0.455917,-1.560138,still,6.820000,session_20260606_121208
38017.0,-1.213867,1.274902,0.978027,-0.867868,-1.989142,1.859375,0.53418,-1.669922,0.878418,2.726711,0.514006,-1.573461,still,6.830000,session_20260606_121208
38027.0,-1.13916,1.334473,1.103027,-0.140159,-2.974254,1.625155,0.609375,-1.523438,1.068359,2.672619,0.527063,-1.632616,still,6.840000,session_20260606_121208
38037.0,-1.077148,1.316895,1.18457,-1.525764,-1.303002,2.109317,0.600586,-1.48291,1.093262,2.461314,0.345335,-1.402925,still,6.850000,session_20260606_121208
38047.0,-1.038086,1.412598,1.215332,-0.707991,-1.976352,1.73094,0.739258,-1.508301,1.177734,2.508744,0.310695,-1.349633,still,6.860000,session_20260606_121208
38057.0,-1.050293,1.402832,1.272949,-1.218533,-1.470873,1.879093,0.770996,-1.456055,1.224609,2.341406,0.18679,-1.196683,still,6.870000,session_20260606_121208
38067.0,-1.011719,1.437988,1.37207,-0.829764,-1.767979,1.733605,0.787109,-1.455078,1.237305,2.201513,0.309363,-1.194018,still,6.880000,session_20260606_121208
38077.0,-1.001465,1.426758,1.354004,-0.776205,-1.555874,1.638211,0.839844,-1.452148,1.244141,1.976619,0.260067,-1.104487,still,6.890000,session_20260606_121208
38087.0,-1.016113,1.424316,1.416992,-0.740233,-1.352031,1.604104,0.8125,-1.445801,1.265625,1.928922,0.09113,-0.942211,still,6.900000,session_20260606_121208
38097.0,-1.003906,1.414063,1.422852,-0.634447,-1.348833,1.479666,0.913574,-1.46582,1.230957,1.604104,0.355994,-0.780202,still,6.910000,session_20260606_121208
38107.0,-1.010742,1.42334,1.41748,-0.556374,-1.107152,1.473005,0.902832,-1.444824,1.275391,1.781302,0.621124,-0.745029,still,6.920000,session_20260606_121208
38117.0,-0.988281,1.464355,1.431641,-0.411685,-0.867069,1.223329,0.840332,-1.461426,1.322266,2.024315,0.432469,-0.402891,still,6.930000,session_20260606_121208
38127.0,-0.919434,1.497559,1.46875,-0.348266,-0.684276,1.024015,0.863281,-1.337891,1.35498,1.882824,0.461513,-0.273124,still,6.940000,session_20260606_121208
38137.0,-0.872559,1.541992,1.443848,-0.172934,-0.680545,0.868934,0.915039,-1.393555,1.370117,1.269694,0.441795,-0.213969,still,6.950000,session_20260606_121208
38147.0,-0.909668,1.547852,1.415039,-0.084735,-0.591813,0.711988,0.823242,-1.448242,1.338867,0.887853,0.550245,-0.193718,still,6.960000,session_20260606_121208
38157.0,-0.947754,1.65332,1.446289,0.055691,-0.348533,0.608334,0.723633,-1.421387,1.490234,0.776472,0.596077,-0.131366,still,6.970000,session_20260606_121208
38167.0,-0.929199,1.522949,1.39209,0.171069,-0.206508,0.521201,0.744629,-1.441406,1.393066,0.867602,0.427939,0.059688,still,6.980000,session_20260606_121208
38177.0,-0.956055,1.513672,1.364258,0.239017,-0.295507,0.442861,0.734863,-1.436035,1.507324,0.861473,0.63951,0.245145,still,6.990000,session_20260606_121208
38187.0,-0.952148,1.553223,1.307617,0.208107,-0.124971,0.38264,0.757324,-1.428711,1.32959,0.294441,-0.224095,0.299504,still,7.000000,session_20260606_121208
38197.0,-1.025879,1.500488,1.301758,0.348,-0.004796,0.078873,0.745117,-1.471191,1.384766,1.026147,0.625654,0.269394,still,7.010000,session_20260606_121208
38207.0,-0.999023,1.464355,1.307617,0.346401,0.316824,0.096459,0.699219,-1.447266,1.282715,0.798322,0.04743,0.488426,still,7.020000,session_20260606_121208
38217.0,-1.012695,1.513672,1.264648,0.491623,0.002132,-0.077008,0.689453,-1.470215,1.331543,1.036006,-0.234487,0.532126,still,7.030000,session_20260606_121208
38227.0,-1.007813,1.512695,1.241699,0.631783,-0.046631,-0.130833,0.769043,-1.556152,1.467773,1.232123,0.210505,0.419145,still,7.040000,session_20260606_121208
38237.0,-0.949219,1.542969,1.23584,0.544916,-0.089531,0.144689,0.65918,-1.412598,1.309082,0.59581,-0.172934,0.442594,still,7.050000,session_20260606_121208
38247.0,-0.955566,1.587402,1.209473,0.280319,0.122306,0.137228,0.698242,-1.448242,1.29541,-0.288046,0.349599,0.270459,still,7.060000,session_20260606_121208
38257.0,-1.098633,1.466309,1.26123,0.15668,0.31789,0.065816,0.631836,-1.569824,1.27002,-0.53932,0.370916,0.068747,still,7.070000,session_20260606_121208
38267.0,-1.15332,1.495117,1.155762,0.080738,0.365587,0.1311,0.682617,-1.580566,1.322754,-0.398361,0.076475,0.184925,still,7.080000,session_20260606_121208
38277.0,-1.120605,1.499023,1.222168,0.208374,0.240882,0.085801,0.717773,-1.57373,1.272461,-0.357593,0.200913,0.130833,still,7.090000,session_20260606_121208
38287.0,-1.123047,1.502441,1.205078,0.326949,0.085801,-0.006395,0.691406,-1.577637,1.277832,-0.421277,0.363455,0.012524,still,7.100000,session_20260606_121208
38297.0,-1.138672,1.487305,1.201172,0.268594,0.017587,-0.000266,0.698242,-1.601074,1.285645,-0.32162,0.325351,0.020784,still,7.110000,session_20260606_121208
38307.0,-1.116211,1.46582,1.189453,0.340539,-0.058622,-0.061286,0.693359,-1.558105,1.245605,-0.389302,0.071145,0.033308,still,7.120000,session_20260606_121208
38317.0,-1.111816,1.47998,1.216309,0.18226,0.025047,0.017587,0.698242,-1.564453,1.258789,-0.294974,0.0437,0.010658,still,7.130000,session_20260606_121208
38327.0,-1.130859,1.474609,1.205078,0.175865,-0.071678,-0.010392,0.719727,-1.59082,1.251465,-0.247011,-0.037838,0.007461,still,7.140000,session_20260606_121208
38337.0,-1.130859,1.416016,1.212402,0.092196,0.038637,-0.027712,0.706055,-1.566895,1.217773,0.101789,-0.001599,-0.014389,still,7.150000,session_20260606_121208
38347.0,-1.085449,1.448242,1.229492,0.058888,0.000533,0.03011,0.733398,-1.527344,1.231445,0.169204,-0.107118,0.043433,still,7.160000,session_20260606_121208
38357.0,-1.07959,1.45166,1.233887,-0.015721,0.185991,-0.020251,0.689941,-1.514648,1.234375,0.042634,0.158812,-0.071412,still,7.170000,session_20260606_121208
38367.0,-1.072266,1.427246,1.21875,0.126836,0.067948,-0.141758,0.759766,-1.483887,1.219727,-0.157746,0.095394,-0.153216,still,7.180000,session_20260606_121208
38377.0,-1.120605,1.453125,1.182617,-0.099391,-0.112714,0.120175,0.703613,-1.554199,1.269043,-0.280319,0.232622,-0.085268,still,7.190000,session_20260606_121208
38387.0,-1.121094,1.456055,1.177734,-0.19585,-0.192652,0.285914,0.70752,-1.540527,1.225586,-0.437531,0.125504,-0.066882,still,7.200000,session_20260606_121208
38397.0,-1.063477,1.505859,1.169922,-0.147354,-0.534524,0.359191,0.619141,-1.556641,1.200195,-0.634181,0.298971,-0.223562,still,7.210000,session_20260606_121208
38407.0,-1.145996,1.495117,1.169434,-0.131899,0.090864,0.038637,0.668457,-1.673828,1.26123,-0.657896,0.420211,-0.303234,still,7.220000,session_20260606_121208
38417.0,-1.097656,1.400391,1.156738,0.085268,-0.011991,-0.050361,0.631348,-1.61377,1.385742,-0.454851,0.301369,-0.318956,still,7.230000,session_20260606_121208
38427.0,-1.098145,1.437988,1.160645,-0.049029,-0.012257,0.032508,0.660156,-1.535156,1.223145,-0.027979,-0.70879,0.009326,still,7.240000,session_20260606_121208
38437.0,-1.076172,1.527344,1.119141,-0.05196,-0.358392,0.183326,0.644531,-1.581055,1.192871,-0.310695,-0.185458,-0.044766,still,7.250000,session_20260606_121208
38447.0,-1.118164,1.513184,1.126953,-0.163075,-0.12577,0.018652,0.614746,-1.625488,1.199707,-0.260334,0.13483,-0.170003,still,7.260000,session_20260606_121208
38457.0,-1.130859,1.47168,1.095703,-0.340539,-0.00373,0.096459,0.651367,-1.606445,1.20752,-0.132432,0.039703,-0.142025,still,7.270000,session_20260606_121208
38467.0,-1.12793,1.40332,1.108887,-0.376778,0.007994,0.175865,0.632324,-1.594238,1.138184,0.123372,-0.113513,-0.158812,still,7.280000,session_20260606_121208
38477.0,-1.138672,1.40625,1.112305,-0.273124,-0.135896,0.203044,0.640137,-1.589844,1.163574,0.53932,-0.219832,-0.144156,still,7.290000,session_20260606_121208
38487.0,-1.129395,1.463379,1.144531,-0.364787,-0.196916,0.310162,0.651367,-1.603027,1.166504,0.580355,-0.181727,-0.185191,still,7.300000,session_20260606_121208
38497.0,-1.115234,1.467285,1.155273,-0.466842,-0.161476,0.322953,0.67334,-1.581543,1.189941,0.45272,-0.251541,-0.279786,still,7.310000,session_20260606_121208
38507.0,-1.109375,1.464355,1.166992,-0.46098,-0.302168,0.333345,0.670898,-1.571777,1.202637,0.449789,-0.140426,-0.312294,still,7.320000,session_20260606_121208
38517.0,-1.070801,1.483887,1.196777,-0.615262,-0.249142,0.401293,0.675781,-1.553711,1.227539,0.426606,-0.15668,-0.29604,still,7.330000,session_20260606_121208
38527.0,-1.049805,1.470703,1.223145,-0.659761,-0.157213,0.399694,0.687012,-1.521484,1.231445,0.393565,-0.326417,-0.263265,still,7.340000,session_20260606_121208
38537.0,-1.056152,1.465332,1.23877,-0.740766,-0.167605,0.475103,0.696289,-1.517578,1.260742,0.455384,-0.472704,-0.230224,still,7.350000,session_20260606_121208
38547.0,-1.05127,1.450684,1.249023,-0.71332,-0.130567,0.490824,0.720215,-1.525391,1.243164,0.513473,-0.560903,-0.202511,still,7.360000,session_20260606_121208
38557.0,-1.057129,1.466797,1.270996,-0.725044,-0.161743,0.495887,0.733398,-1.527832,1.262207,0.567032,-0.584352,-0.26513,still,7.370000,session_20260606_121208
38567.0,-1.013184,1.463867,1.301758,-0.662426,-0.22676,0.441528,0.741699,-1.493652,1.244629,0.493222,-0.498551,-0.290444,still,7.380000,session_20260606_121208
38577.0,-0.995117,1.484375,1.318359,-0.594211,-0.098325,0.326683,0.746582,-1.472168,1.276855,0.394364,-0.407421,-0.281384,still,7.390000,session_20260606_121208
38587.0,-0.985352,1.467773,1.315918,-0.564634,-0.075409,0.253406,0.771973,-1.463867,1.26123,0.248343,-0.336009,-0.267795,still,7.400000,session_20260606_121208
38597.0,-0.990234,1.447266,1.325684,-0.518536,-0.010392,0.252073,0.76123,-1.463867,1.291016,0.239816,-0.397296,-0.180662,still,7.410000,session_20260606_121208
38607.0,-0.993164,1.441406,1.341797,-0.488426,0.017054,0.246478,0.776855,-1.459961,1.269531,0.259268,-0.387969,-0.133231,still,7.420000,session_20260606_121208
38617.0,-1.003418,1.429688,1.335938,-0.426073,0.059688,0.241681,0.775879,-1.456543,1.253418,0.249675,-0.448456,-0.098858,still,7.430000,session_20260606_121208
38627.0,-1.007324,1.410645,1.325684,-0.366652,0.049828,0.207041,0.772461,-1.458008,1.224609,0.16121,-0.424741,-0.056224,still,7.440000,session_20260606_121208
38637.0,-1.011719,1.420898,1.319824,-0.323219,0.033574,0.106851,0.795898,-1.467773,1.246582,0.201446,-0.371982,-0.083136,still,7.450000,session_20260606_121208
38647.0,-0.987305,1.41748,1.34082,-0.346401,0.033841,0.101789,0.782227,-1.436035,1.265625,0.276588,-0.248609,-0.019452,still,7.460000,session_20260606_121208
38657.0,-0.992187,1.406738,1.349609,-0.340273,0.08287,0.124704,0.77832,-1.436523,1.226563,0.170003,-0.155081,0.010392,still,7.470000,session_20260606_121208
38667.0,-1.01123,1.430176,1.347656,-0.281384,0.00373,0.162542,0.800781,-1.473145,1.23291,0.053026,-0.065283,0.010925,still,7.480000,session_20260606_121208
38677.0,-1.047852,1.401367,1.303711,-0.228891,0.10925,0.116444,0.794434,-1.504395,1.199219,0.061553,-0.140692,0.037305,still,7.490000,session_20260606_121208
38687.0,-1.060059,1.411133,1.307617,-0.138827,-0.004263,0.090331,0.786133,-1.51123,1.194824,0.050628,-0.126303,0.047963,still,7.500000,session_20260606_121208
38697.0,-1.041016,1.41748,1.323242,-0.041835,0.053292,-0.010126,0.785156,-1.501953,1.216309,-0.002931,-0.094061,0.024248,still,7.510000,session_20260606_121208
38707.0,-1.026855,1.416016,1.319336,0.022383,0.033041,-0.066083,0.773437,-1.47998,1.226563,0.0,-0.006395,0.014123,still,7.520000,session_20260606_121208
38717.0,-1.009277,1.400879,1.30957,0.068747,0.058622,-0.081538,0.779297,-1.456543,1.223145,-0.004263,-0.010925,0.028245,still,7.530000,session_20260606_121208
38727.0,-1.019531,1.416016,1.310547,0.070613,0.038371,-0.037305,0.757324,-1.476563,1.228027,0.018919,-0.059421,0.081271,still,7.540000,session_20260606_121208
38737.0,-1.047363,1.401367,1.283691,0.05196,0.139626,-0.05649,0.773437,-1.507813,1.212402,0.128968,-0.028245,0.089798,still,7.550000,session_20260606_121208
38747.0,-1.040527,1.394043,1.291016,0.086067,0.07834,-0.055158,0.762207,-1.48584,1.206055,0.128968,0.015188,0.071145,still,7.560000,session_20260606_121208
38757.0,-1.060059,1.384277,1.296875,0.111381,0.111648,-0.052493,0.770508,-1.492676,1.177246,0.098858,-0.038637,0.080472,still,7.570000,session_20260606_121208
38767.0,-1.072754,1.39502,1.282227,0.146288,0.047963,-0.09113,0.782715,-1.506348,1.188477,0.100456,0.038104,0.071945,still,7.580000,session_20260606_121208
38777.0,-1.066406,1.425293,1.28418,0.173201,0.070613,-0.085534,0.746582,-1.518066,1.20752,0.119908,-0.009593,0.044499,still,7.590000,session_20260606_121208
38787.0,-1.051758,1.444824,1.279297,0.220364,0.043167,-0.109783,0.742676,-1.520508,1.242676,0.086067,0.058089,0.050894,still,7.600000,session_20260606_121208
38797.0,-1.061523,1.45166,1.263184,0.220631,0.065283,-0.168138,0.741211,-1.533203,1.261719,0.068214,0.083403,0.061286,still,7.610000,session_20260606_121208
38807.0,-1.065918,1.444336,1.267578,0.167605,0.054358,-0.152417,0.737305,-1.531738,1.23291,-0.016521,0.083669,0.037838,still,7.620000,session_20260606_121208
38817.0,-1.064941,1.437012,1.272461,0.080472,0.059954,-0.094328,0.744629,-1.5,1.200684,-0.026113,0.093528,-0.010658,still,7.630000,session_20260606_121208
38827.0,-1.075195,1.428223,1.247559,0.087933,0.01732,-0.106585,0.734863,-1.519043,1.205566,-0.003198,0.098591,-0.013057,still,7.640000,session_20260606_121208
38837.0,-1.081543,1.423828,1.256836,0.075675,-0.066349,-0.094594,0.745117,-1.532715,1.233887,0.249675,-0.008793,-0.006395,still,7.650000,session_20260606_121208
38847.0,-1.062988,1.431641,1.255859,0.013856,-0.148953,-0.037305,0.751953,-1.535645,1.241699,0.201979,-0.10845,-0.015188,still,7.660000,session_20260606_121208
38857.0,-1.047363,1.443848,1.282227,-0.009859,-0.110315,0.014389,0.739258,-1.496094,1.241211,0.188123,0.029044,-0.071412,still,7.670000,session_20260606_121208
38867.0,-1.061035,1.432129,1.302246,-0.106052,-0.078074,-0.018119,0.781738,-1.534668,1.248535,-0.053292,0.051427,-0.159345,still,7.680000,session_20260606_121208
38877.0,-1.036133,1.375,1.30127,0.014655,-0.119109,-0.076741,0.77832,-1.471191,1.218262,0.154282,0.059421,-0.142291,still,7.690000,session_20260606_121208
38887.0,-1.016113,1.390625,1.315918,0.003198,-0.080472,0.006129,0.788086,-1.464355,1.228516,0.13856,0.023982,-0.057023,still,7.700000,session_20260606_121208
38897.0,-1.02002,1.394043,1.321777,0.040769,-0.063685,-0.045032,0.802734,-1.452148,1.220215,-0.014655,0.085801,-0.075142,still,7.710000,session_20260606_121208
38907.0,-1.02002,1.406738,1.316895,0.004796,-0.008793,0.015455,0.789062,-1.450195,1.255859,-0.0437,0.050095,-0.062619,still,7.720000,session_20260606_121208
38917.0,-1.039551,1.379883,1.321289,0.031443,-0.058089,0.0874,0.778809,-1.424805,1.195313,-0.038637,-0.044766,-0.031176,still,7.730000,session_20260606_121208
38927.0,-1.029297,1.371094,1.330566,0.044766,-0.067149,0.059688,0.786621,-1.444336,1.200195,-0.026113,-0.00453,-0.026646,still,7.740000,session_20260606_121208
38937.0,-1.023438,1.389648,1.322754,0.026113,-0.093528,0.081538,0.791016,-1.444336,1.217773,-0.098058,0.029844,-0.052227,still,7.750000,session_20260606_121208
38947.0,-1.034668,1.367676,1.303711,0.073011,-0.062086,0.015455,0.792969,-1.452637,1.205566,-0.026646,0.063418,-0.044766,still,7.760000,session_20260606_121208
38957.0,-1.036621,1.384766,1.317383,0.079139,-0.138827,0.037838,0.791016,-1.460938,1.21875,-0.02558,0.130567,-0.015988,still,7.770000,session_20260606_121208
38967.0,-1.016113,1.396484,1.334473,0.04823,-0.129767,0.057556,0.794434,-1.450195,1.251953,0.014922,0.119908,-0.010925,still,7.780000,session_20260606_121208
38977.0,-0.98291,1.437988,1.31543,0.003997,-0.090064,0.083403,0.777344,-1.452148,1.257813,-0.155348,0.168937,0.013856,still,7.790000,session_20260606_121208
38987.0,-0.957031,1.419922,1.325195,-0.023449,0.087666,0.042368,0.773926,-1.416992,1.269531,-0.191853,0.089531,0.013856,still,7.800000,session_20260606_121208
38997.0,-0.998535,1.381836,1.318359,0.025847,0.115112,0.106585,0.768066,-1.424316,1.23291,-0.247011,0.028778,0.077274,still,7.810000,session_20260606_121208
39007.0,-1.05957,1.392578,1.282715,0.022916,0.113513,0.201446,0.760254,-1.500488,1.210938,-0.156147,-0.007727,0.099391,still,7.820000,session_20260606_121208
39017.0,-1.086426,1.424805,1.260742,0.071945,-0.010392,0.150018,0.755371,-1.532715,1.203125,-0.020518,0.009593,0.110582,still,7.830000,session_20260606_121208
39027.0,-1.038574,1.469238,1.268555,0.08287,-0.074876,0.107917,0.741699,-1.521973,1.227051,-0.173467,0.087933,0.042368,still,7.840000,session_20260606_121208
39037.0,-1.018066,1.46875,1.291016,0.101522,0.027979,0.018119,0.723633,-1.509766,1.270996,-0.260867,0.074343,-0.035972,still,7.850000,session_20260606_121208
39047.0,-1.044922,1.481934,1.257813,0.062352,0.062619,0.086867,0.70752,-1.521484,1.285645,-0.0866,0.01279,0.026113,still,7.860000,session_20260606_121208
39057.0,-1.050781,1.460449,1.269043,0.03091,0.058888,0.074876,0.735352,-1.538086,1.265625,0.069813,-0.077008,0.055424,still,7.870000,session_20260606_121208
39067.0,-1.058594,1.479492,1.279785,-0.052227,0.006129,0.06555,0.744629,-1.540039,1.271973,0.065017,0.033574,-0.00373,still,7.880000,session_20260606_121208
39077.0,-1.047363,1.467773,1.289063,-0.074077,-0.00906,0.053559,0.740723,-1.520996,1.265625,0.094328,-0.012524,-0.037038,still,7.890000,session_20260606_121208
39087.0,-1.038086,1.458496,1.288574,-0.092729,-0.034374,0.069813,0.750488,-1.513184,1.275391,0.112447,0.001332,-0.031443,still,7.900000,session_20260606_121208
39097.0,-1.025391,1.429688,1.295898,-0.086334,-0.001332,0.08287,0.75,-1.494629,1.253906,0.118576,-0.038637,-0.036505,still,7.910000,session_20260606_121208
39107.0,-1.044434,1.432129,1.305664,-0.085801,0.016254,0.119642,0.76709,-1.498047,1.236816,0.124438,-0.078606,-0.034374,still,7.920000,session_20260606_121208
39117.0,-1.068848,1.424805,1.305176,-0.076208,-0.031176,0.09193,0.777832,-1.510742,1.233398,0.142557,-0.103387,-0.039703,still,7.930000,session_20260606_121208
39127.0,-1.03125,1.416504,1.306152,-0.053292,-0.107651,0.023715,0.79248,-1.495117,1.223145,0.106052,-0.015988,-0.069813,still,7.940000,session_20260606_121208
39137.0,-0.998047,1.402344,1.338379,-0.035972,-0.078873,-0.002665,0.781738,-1.441406,1.237793,-0.063152,0.004796,-0.098325,still,7.950000,session_20260606_121208
39147.0,-1.022461,1.383301,1.323242,0.005596,-0.05196,0.03091,0.783203,-1.456543,1.220215,-0.077807,0.035173,-0.071412,still,7.960000,session_20260606_121208
