time_ms,ax,ay,az,gx,gy,gz,state,chewing_prob,cpm,chewing_side,side_prob,true_label
3826242.0,1.997559,-0.269531,0.132812,-0.039436,0.030377,0.013323,warming_up,0.000000,0.000,-,0.000000,left_chewing
3826252.0,2.001953,-0.275391,0.103027,-0.007461,0.054358,-0.009593,warming_up,0.000000,0.000,-,0.000000,left_chewing
3826262.0,1.991699,-0.272949,0.113281,-0.03091,0.040769,-0.00826,warming_up,0.000000,0.000,-,0.000000,left_chewing
3826272.0,1.991211,-0.260254,0.126953,-0.034374,0.037838,-0.005063,warming_up,0.000000,0.000,-,0.000000,left_chewing
3826282.0,2.008789,-0.282227,0.115234,-0.021583,0.049296,-0.017587,warming_up,0.000000,0.000,-,0.000000,left_chewing
3826292.0,1.998047,-0.269043,0.10498,-0.032508,0.031975,-0.000799,warming_up,0.000000,0.000,-,0.000000,left_chewing
3826302.0,2.004395,-0.259766,0.121582,-0.019452,0.046364,-0.005063,warming_up,0.000000,0.000,-,0.000000,left_chewing
3826312.0,2.005371,-0.28125,0.095215,-0.031176,0.041035,-0.010925,warming_up,0.000000,0.000,-,0.000000,left_chewing
3826322.0,1.996582,-0.268555,0.118652,-0.03464,0.034907,-0.006662,warming_up,0.000000,0.000,-,0.000000,left_chewing
3826332.0,2.003906,-0.271484,0.103027,-0.024248,0.056757,-0.015188,warming_up,0.000000,0.000,-,0.000000,left_chewing
3826342.0,1.994141,-0.272461,0.112305,-0.033308,0.029844,-0.006129,warming_up,0.000000,0.000,-,0.000000,left_chewing
3826352.0,1.993164,-0.258789,0.121582,-0.037838,0.040236,0.003198,warming_up,0.000000,0.000,-,0.000000,left_chewing
3826362.0,2.004883,-0.27832,0.11377,-0.025847,0.041568,-0.016254,warming_up,0.000000,0.000,-,0.000000,left_chewing
3826372.0,2.0,-0.274414,0.111328,-0.032508,0.03091,-0.006129,warming_up,0.000000,0.000,-,0.000000,left_chewing
3826382.0,1.992676,-0.269043,0.112793,-0.025314,0.057822,-0.00453,warming_up,0.000000,0.000,-,0.000000,left_chewing
3826392.0,2.000977,-0.280762,0.115723,-0.026913,0.035706,-0.007994,warming_up,0.000000,0.000,-,0.000000,left_chewing
3826402.0,1.998535,-0.269043,0.126465,-0.035972,0.028778,-0.001332,warming_up,0.000000,0.000,-,0.000000,left_chewing
3826412.0,2.003418,-0.268555,0.111328,-0.025314,0.053026,-0.007727,warming_up,0.000000,0.000,-,0.000000,left_chewing
3826422.0,1.997559,-0.272949,0.116699,-0.032775,0.042368,-0.000533,warming_up,0.000000,0.000,-,0.000000,left_chewing
3826432.0,1.996582,-0.258789,0.123535,-0.033574,0.046098,-0.005862,warming_up,0.000000,0.000,-,0.000000,left_chewing
3826442.0,2.0,-0.271484,0.103516,-0.024248,0.050894,-0.010392,warming_up,0.000000,0.000,-,0.000000,left_chewing
3826452.0,1.994629,-0.26709,0.098633,-0.027979,0.020784,0.00453,warming_up,0.000000,0.000,-,0.000000,left_chewing
3826462.0,1.99707,-0.262207,0.103027,-0.021051,0.053292,-0.003198,warming_up,0.000000,0.000,-,0.000000,left_chewing
3826472.0,2.008301,-0.274414,0.120117,-0.031443,0.025847,-0.006129,warming_up,0.000000,0.000,-,0.000000,left_chewing
3826482.0,1.995117,-0.275391,0.11084,-0.034907,0.040502,-0.005862,warming_up,0.000000,0.000,-,0.000000,left_chewing
3826492.0,1.995605,-0.269531,0.110352,-0.018652,0.062352,-0.018652,warming_up,0.000000,0.000,-,0.000000,left_chewing
3826502.0,1.98877,-0.268066,0.10791,-0.038637,0.03011,-0.001066,warming_up,0.000000,0.000,-,0.000000,left_chewing
3826512.0,2.0,-0.269531,0.116211,-0.027446,0.031443,-0.001599,warming_up,0.000000,0.000,-,0.000000,left_chewing
3826522.0,2.005371,-0.281738,0.108887,-0.036505,0.034107,-0.00906,warming_up,0.000000,0.000,-,0.000000,left_chewing
3826532.0,2.001953,-0.273926,0.097656,-0.029844,0.027446,0.002665,warming_up,0.000000,0.000,-,0.000000,left_chewing
3826542.0,1.998535,-0.273926,0.112305,-0.019452,0.063418,-0.007727,warming_up,0.000000,0.000,-,0.000000,left_chewing
3826552.0,1.995605,-0.276367,0.102051,-0.025047,0.049029,-0.009859,warming_up,0.000000,0.000,-,0.000000,left_chewing
3826562.0,2.000977,-0.267578,0.09668,-0.028778,0.028511,-0.000533,warming_up,0.000000,0.000,-,0.000000,left_chewing
3826572.0,2.012207,-0.279785,0.10498,-0.016254,0.0429,-0.011458,warming_up,0.000000,0.000,-,0.000000,left_chewing
3826582.0,1.996094,-0.283691,0.112793,-0.033308,0.042634,-0.008793,warming_up,0.000000,0.000,-,0.000000,left_chewing
3826592.0,2.001465,-0.26123,0.108398,-0.03091,0.047697,-0.003464,warming_up,0.000000,0.000,-,0.000000,left_chewing
3826602.0,2.008789,-0.286621,0.097168,-0.02638,0.037038,-0.019718,warming_up,0.000000,0.000,-,0.000000,left_chewing
3826612.0,1.993652,-0.264648,0.119141,-0.029044,0.03464,-0.001332,warming_up,0.000000,0.000,-,0.000000,left_chewing
3826622.0,1.989746,-0.260742,0.128418,-0.014389,0.042101,-0.003198,warming_up,0.000000,0.000,-,0.000000,left_chewing
3826632.0,2.008301,-0.276367,0.100098,-0.019718,0.045032,-0.006129,warming_up,0.000000,0.000,-,0.000000,left_chewing
3826642.0,1.993164,-0.265137,0.116211,-0.029577,0.037038,0.000266,warming_up,0.000000,0.000,-,0.000000,left_chewing
3826652.0,2.003418,-0.282715,0.101563,-0.018919,0.057822,-0.018386,warming_up,0.000000,0.000,-,0.000000,left_chewing
3826662.0,2.000488,-0.273926,0.097168,-0.039436,0.031443,-0.003464,warming_up,0.000000,0.000,-,0.000000,left_chewing
3826672.0,1.997559,-0.260254,0.118652,-0.013057,0.041835,-0.012524,warming_up,0.000000,0.000,-,0.000000,left_chewing
3826682.0,2.007813,-0.277344,0.10791,-0.022116,0.044499,-0.01279,warming_up,0.000000,0.000,-,0.000000,left_chewing
3826692.0,1.989258,-0.269531,0.105469,-0.035972,0.023182,-0.016254,warming_up,0.000000,0.000,-,0.000000,left_chewing
3826702.0,2.003418,-0.263184,0.094727,-0.019718,0.050361,-0.015721,warming_up,0.000000,0.000,-,0.000000,left_chewing
3826712.0,2.008789,-0.279297,0.10498,-0.028245,0.041568,-0.007994,warming_up,0.000000,0.000,-,0.000000,left_chewing
3826722.0,1.992676,-0.268066,0.121094,-0.035972,0.040769,-0.004263,warming_up,0.000000,0.000,-,0.000000,left_chewing
3826732.0,2.000977,-0.280273,0.113281,-0.016521,0.041835,-0.013856,warming_up,0.000000,0.000,-,0.000000,left_chewing
3826742.0,1.995605,-0.268555,0.100586,-0.03091,0.03011,-0.009859,warming_up,0.000000,0.000,-,0.000000,left_chewing
3826752.0,1.986328,-0.263184,0.127441,-0.024515,0.033574,-0.010925,warming_up,0.000000,0.000,-,0.000000,left_chewing
3826762.0,2.001953,-0.277344,0.110352,-0.022916,0.048763,-0.012257,warming_up,0.000000,0.000,-,0.000000,left_chewing
3826772.0,1.999023,-0.263672,0.109375,-0.029577,0.024781,0.001599,warming_up,0.000000,0.000,-,0.000000,left_chewing
3826782.0,2.000977,-0.274414,0.107422,-0.02185,0.053026,-0.008793,warming_up,0.000000,0.000,-,0.000000,left_chewing
3826792.0,1.990723,-0.269531,0.106934,-0.026913,0.032242,-0.009326,warming_up,0.000000,0.000,-,0.000000,left_chewing
3826802.0,1.994629,-0.26709,0.11084,-0.034907,0.033308,-0.008527,warming_up,0.000000,0.000,-,0.000000,left_chewing
3826812.0,2.000488,-0.286133,0.110352,-0.034107,0.051694,-0.006129,warming_up,0.000000,0.000,-,0.000000,left_chewing
3826822.0,2.0,-0.279297,0.109863,-0.023982,0.029844,-0.009859,warming_up,0.000000,0.000,-,0.000000,left_chewing
3826832.0,1.99707,-0.269043,0.124512,-0.021583,0.045299,-0.014922,warming_up,0.000000,0.000,-,0.000000,left_chewing
3826842.0,2.002441,-0.278809,0.111816,-0.02558,0.046364,-0.009593,warming_up,0.000000,0.000,-,0.000000,left_chewing
3826852.0,1.995117,-0.272949,0.109863,-0.038371,0.039436,-0.00453,warming_up,0.000000,0.000,-,0.000000,left_chewing
3826862.0,2.007813,-0.266602,0.092773,-0.017587,0.041568,-0.014123,warming_up,0.000000,0.000,-,0.000000,left_chewing
3826872.0,2.006836,-0.274902,0.092285,-0.02638,0.035706,-0.003198,warming_up,0.000000,0.000,-,0.000000,left_chewing
3826882.0,1.994629,-0.265625,0.125,-0.027446,0.034107,-0.011458,warming_up,0.000000,0.000,-,0.000000,left_chewing
3826892.0,2.008789,-0.287598,0.088379,-0.006129,0.063152,-0.019985,warming_up,0.000000,0.000,-,0.000000,left_chewing
3826902.0,2.008789,-0.282227,0.099121,-0.025047,0.03464,-0.007461,warming_up,0.000000,0.000,-,0.000000,left_chewing
3826912.0,1.999512,-0.262695,0.116699,-0.014922,0.047164,-0.010126,warming_up,0.000000,0.000,-,0.000000,left_chewing
3826922.0,1.99707,-0.273438,0.111328,-0.032508,0.032242,-0.004796,warming_up,0.000000,0.000,-,0.000000,left_chewing
3826932.0,2.006836,-0.26709,0.110352,-0.037038,0.037305,-0.010126,warming_up,0.000000,0.000,-,0.000000,left_chewing
3826942.0,1.999023,-0.275879,0.105469,-0.00906,0.063152,-0.016787,warming_up,0.000000,0.000,-,0.000000,left_chewing
3826952.0,2.000488,-0.270996,0.110352,-0.032508,0.027446,0.003198,warming_up,0.000000,0.000,-,0.000000,left_chewing
3826962.0,1.994141,-0.262695,0.113281,-0.025047,0.030377,0.000533,warming_up,0.000000,0.000,-,0.000000,left_chewing
3826972.0,2.012207,-0.272949,0.098633,-0.033308,0.03091,0.003997,warming_up,0.000000,0.000,-,0.000000,left_chewing
3826982.0,2.008301,-0.279785,0.108887,-0.033841,0.033574,-0.007727,warming_up,0.000000,0.000,-,0.000000,left_chewing
3826992.0,1.992188,-0.262207,0.103516,-0.022916,0.059688,-0.007461,warming_up,0.000000,0.000,-,0.000000,left_chewing
3827002.0,2.009277,-0.275391,0.105957,-0.034374,0.038904,-0.001865,warming_up,0.000000,0.000,-,0.000000,left_chewing
3827012.0,1.98584,-0.272949,0.124023,-0.03011,0.03091,0.003997,warming_up,0.000000,0.000,-,0.000000,left_chewing
3827022.0,2.002441,-0.278809,0.109375,-0.023182,0.039969,-0.00906,warming_up,0.000000,0.000,-,0.000000,left_chewing
3827032.0,1.998535,-0.272949,0.114258,-0.033041,0.041302,-0.011191,warming_up,0.000000,0.000,-,0.000000,left_chewing
3827042.0,1.999023,-0.272461,0.106445,-0.027712,0.046631,-0.011458,warming_up,0.000000,0.000,-,0.000000,left_chewing
3827052.0,1.998535,-0.279297,0.096191,-0.023449,0.054358,-0.00373,warming_up,0.000000,0.000,-,0.000000,left_chewing
3827062.0,2.003418,-0.270508,0.119141,-0.041035,0.020518,0.0,warming_up,0.000000,0.000,-,0.000000,left_chewing
3827072.0,2.00293,-0.279785,0.109863,-0.013856,0.039969,-0.00826,warming_up,0.000000,0.000,-,0.000000,left_chewing
3827082.0,2.005371,-0.275391,0.105469,-0.025314,0.046897,-0.001865,warming_up,0.000000,0.000,-,0.000000,left_chewing
3827092.0,2.003906,-0.277832,0.110352,-0.024781,0.051427,-0.01732,warming_up,0.000000,0.000,-,0.000000,left_chewing
3827102.0,1.994629,-0.272461,0.11377,-0.021583,0.074343,-0.006928,warming_up,0.000000,0.000,-,0.000000,left_chewing
3827112.0,2.009277,-0.279297,0.104492,-0.031975,0.023182,-0.00826,warming_up,0.000000,0.000,-,0.000000,left_chewing
3827122.0,2.001465,-0.258789,0.116211,-0.036239,0.026646,-0.009859,warming_up,0.000000,0.000,-,0.000000,left_chewing
3827132.0,2.004395,-0.274902,0.092773,-0.016787,0.059688,-0.010392,warming_up,0.000000,0.000,-,0.000000,left_chewing
3827142.0,2.00293,-0.27002,0.109375,-0.031176,0.04743,-0.008527,warming_up,0.000000,0.000,-,0.000000,left_chewing
3827152.0,1.991211,-0.279297,0.109863,-0.019718,0.045299,-0.010925,warming_up,0.000000,0.000,-,0.000000,left_chewing
3827162.0,2.009277,-0.276367,0.099121,-0.024248,0.044233,-0.014655,warming_up,0.000000,0.000,-,0.000000,left_chewing
3827172.0,1.998047,-0.260742,0.10791,-0.036239,0.027179,-0.002665,warming_up,0.000000,0.000,-,0.000000,left_chewing
3827182.0,2.0,-0.274902,0.111328,-0.016787,0.056757,-0.009859,warming_up,0.000000,0.000,-,0.000000,left_chewing
3827192.0,2.002441,-0.272461,0.10791,-0.020518,0.050628,-0.004263,warming_up,0.000000,0.000,-,0.000000,left_chewing
3827202.0,1.997559,-0.268066,0.11377,-0.024515,0.042368,-0.010925,warming_up,0.000000,0.000,-,0.000000,left_chewing
3827212.0,2.005371,-0.279297,0.103516,-0.020784,0.039436,-0.001599,warming_up,0.000000,0.000,-,0.000000,left_chewing
3827222.0,2.007324,-0.268555,0.108398,-0.027446,0.024248,-0.005862,warming_up,0.000000,0.000,-,0.000000,left_chewing
3827232.0,2.004395,-0.27002,0.099609,-0.017587,0.06102,-0.00906,warming_up,0.000000,0.000,-,0.000000,left_chewing
3827242.0,2.001953,-0.268555,0.116699,-0.036239,0.056757,-0.009326,warming_up,0.000000,0.000,-,0.000000,left_chewing
3827252.0,1.996582,-0.264648,0.125977,-0.025314,0.029844,-0.015188,warming_up,0.000000,0.000,-,0.000000,left_chewing
3827262.0,1.999512,-0.275879,0.113281,-0.022383,0.049029,-0.01359,warming_up,0.000000,0.000,-,0.000000,left_chewing
3827272.0,1.998535,-0.268555,0.113281,-0.026913,0.032242,0.000533,warming_up,0.000000,0.000,-,0.000000,left_chewing
3827282.0,1.993652,-0.275391,0.102539,-0.021583,0.05276,-0.010658,warming_up,0.000000,0.000,-,0.000000,left_chewing
3827292.0,2.009277,-0.27832,0.111328,-0.033308,0.048763,-0.005862,warming_up,0.000000,0.000,-,0.000000,left_chewing
3827302.0,1.98877,-0.268555,0.111328,-0.041302,0.041302,-0.015721,warming_up,0.000000,0.000,-,0.000000,left_chewing
3827312.0,2.002441,-0.275391,0.106445,-0.020784,0.057023,-0.002665,warming_up,0.000000,0.000,-,0.000000,left_chewing
3827322.0,2.004395,-0.275879,0.094727,-0.031443,0.035972,-0.002132,warming_up,0.000000,0.000,-,0.000000,left_chewing
3827332.0,2.006836,-0.276367,0.112305,-0.033574,0.031176,0.001332,warming_up,0.000000,0.000,-,0.000000,left_chewing
3827342.0,2.000488,-0.282715,0.105469,-0.031709,0.046364,-0.005862,warming_up,0.000000,0.000,-,0.000000,left_chewing
3827352.0,2.007813,-0.266113,0.105469,-0.025047,0.048763,-0.011724,warming_up,0.000000,0.000,-,0.000000,left_chewing
3827362.0,2.001953,-0.268066,0.116699,-0.020518,0.0437,-0.003198,warming_up,0.000000,0.000,-,0.000000,left_chewing
3827372.0,2.004395,-0.273926,0.106445,-0.028245,0.035173,-0.000266,warming_up,0.000000,0.000,-,0.000000,left_chewing
3827382.0,1.997559,-0.273438,0.102539,-0.037038,0.034374,-0.00906,warming_up,0.000000,0.000,-,0.000000,left_chewing
3827392.0,1.998047,-0.275391,0.10498,-0.015455,0.050894,-0.007994,warming_up,0.000000,0.000,-,0.000000,left_chewing
3827402.0,2.004395,-0.273926,0.120117,-0.033041,0.043433,-0.014389,warming_up,0.000000,0.000,-,0.000000,left_chewing
3827412.0,1.996582,-0.265137,0.11377,-0.027446,0.036772,-0.011191,warming_up,0.000000,0.000,-,0.000000,left_chewing
3827422.0,1.994141,-0.275879,0.097656,-0.028511,0.048763,-0.009326,warming_up,0.000000,0.000,-,0.000000,left_chewing
3827432.0,1.99707,-0.276367,0.102539,-0.035706,0.041035,-0.002931,warming_up,0.000000,0.000,-,0.000000,left_chewing
3827442.0,2.004395,-0.275879,0.105469,-0.026646,0.0429,-0.010392,warming_up,0.000000,0.000,-,0.000000,left_chewing
3827452.0,2.008789,-0.281738,0.106445,-0.022649,0.045565,-0.001332,warming_up,0.000000,0.000,-,0.000000,left_chewing
3827462.0,1.999512,-0.273438,0.120117,-0.040769,0.032242,-0.009326,warming_up,0.000000,0.000,-,0.000000,left_chewing
3827472.0,2.003906,-0.277832,0.117188,-0.019452,0.05196,-0.019452,warming_up,0.000000,0.000,-,0.000000,left_chewing
3827482.0,2.003418,-0.276367,0.104004,-0.023982,0.046364,-0.014655,warming_up,0.000000,0.000,-,0.000000,left_chewing
3827492.0,1.995605,-0.266113,0.120117,-0.027712,0.03544,-0.006129,warming_up,0.000000,0.000,-,0.000000,left_chewing
3827502.0,2.009766,-0.273438,0.10498,-0.015188,0.043167,0.006395,warming_up,0.000000,0.000,-,0.000000,left_chewing
3827512.0,2.006348,-0.265625,0.105469,-0.025314,0.03464,-0.005063,warming_up,0.000000,0.000,-,0.000000,left_chewing
3827522.0,1.98584,-0.270508,0.124512,-0.022383,0.06475,-0.010925,warming_up,0.000000,0.000,-,0.000000,left_chewing
3827532.0,2.002441,-0.27002,0.106445,-0.020784,0.060487,-0.006928,warming_up,0.000000,0.000,-,0.000000,left_chewing
3827542.0,1.997559,-0.268066,0.11377,-0.033308,0.045032,-0.012524,warming_up,0.000000,0.000,-,0.000000,left_chewing
3827552.0,1.992676,-0.275879,0.110352,-0.023982,0.028778,-0.005862,warming_up,0.000000,0.000,-,0.000000,left_chewing
3827562.0,1.999512,-0.265625,0.120117,-0.025847,0.03917,0.003198,warming_up,0.000000,0.000,-,0.000000,left_chewing
3827572.0,1.995117,-0.266113,0.107422,-0.024781,0.0437,-0.019452,warming_up,0.000000,0.000,-,0.000000,left_chewing
3827582.0,1.999023,-0.273926,0.109375,-0.031975,0.048763,-0.01279,warming_up,0.000000,0.000,-,0.000000,left_chewing
3827592.0,1.996582,-0.272949,0.116211,-0.022916,0.03544,-0.011191,warming_up,0.000000,0.000,-,0.000000,left_chewing
3827602.0,1.992676,-0.263184,0.109375,-0.011191,0.033308,-0.005596,warming_up,0.000000,0.000,-,0.000000,left_chewing
3827612.0,2.009277,-0.271973,0.105957,-0.027446,0.043167,-0.001599,warming_up,0.000000,0.000,-,0.000000,left_chewing
3827622.0,1.995605,-0.262695,0.10791,-0.03091,0.028511,-0.012524,warming_up,0.000000,0.000,-,0.000000,left_chewing
3827632.0,2.002441,-0.274902,0.113281,-0.023182,0.055691,0.003198,warming_up,0.000000,0.000,-,0.000000,left_chewing
3827642.0,1.997559,-0.273438,0.110352,-0.030643,0.045565,-0.000533,warming_up,0.000000,0.000,-,0.000000,left_chewing
3827652.0,1.993164,-0.266602,0.109375,-0.026113,0.042101,-0.006129,warming_up,0.000000,0.000,-,0.000000,left_chewing
3827662.0,2.000488,-0.277344,0.097656,-0.025847,0.043167,-0.006129,warming_up,0.000000,0.000,-,0.000000,left_chewing
3827672.0,2.0,-0.274902,0.100586,-0.025847,0.033841,-0.007727,warming_up,0.000000,0.000,-,0.000000,left_chewing
3827682.0,1.999023,-0.276855,0.101074,-0.018652,0.045832,-0.000266,warming_up,0.000000,0.000,-,0.000000,left_chewing
3827692.0,1.998047,-0.279297,0.112793,-0.027712,0.055158,-0.010658,warming_up,0.000000,0.000,-,0.000000,left_chewing
3827702.0,1.993164,-0.257813,0.111328,-0.034374,0.033574,-0.003997,warming_up,0.000000,0.000,-,0.000000,left_chewing
3827712.0,1.987305,-0.274902,0.104492,-0.019718,0.03544,-0.005063,warming_up,0.000000,0.000,-,0.000000,left_chewing
3827722.0,1.995117,-0.270508,0.108398,-0.038904,0.02638,-0.001865,warming_up,0.000000,0.000,-,0.000000,left_chewing
3827732.0,1.995117,-0.26709,0.119629,-0.024515,0.037838,-0.018119,warming_up,0.000000,0.000,-,0.000000,left_chewing
3827742.0,2.003906,-0.280762,0.111328,-0.020251,0.054891,-0.005063,warming_up,0.000000,0.000,-,0.000000,left_chewing
3827752.0,2.000977,-0.268555,0.111328,-0.03464,0.0437,-0.011191,warming_up,0.000000,0.000,-,0.000000,left_chewing
3827762.0,2.001953,-0.279785,0.104492,-0.012524,0.043167,-0.000799,warming_up,0.000000,0.000,-,0.000000,left_chewing
3827772.0,2.006348,-0.276367,0.110352,-0.03011,0.030377,-0.002665,warming_up,0.000000,0.000,-,0.000000,left_chewing
3827782.0,2.000488,-0.271484,0.11084,-0.027979,0.034907,-0.01359,warming_up,0.000000,0.000,-,0.000000,left_chewing
3827792.0,2.002441,-0.272949,0.111816,-0.019185,0.059688,-0.009593,warming_up,0.000000,0.000,-,0.000000,left_chewing
3827802.0,2.005371,-0.269043,0.121094,-0.031443,0.044499,-0.015721,warming_up,0.000000,0.000,-,0.000000,left_chewing
3827812.0,1.986816,-0.268066,0.108887,-0.036505,0.034374,-0.016521,warming_up,0.000000,0.000,-,0.000000,left_chewing
3827822.0,2.01123,-0.278809,0.101074,-0.027446,0.034374,0.005063,warming_up,0.000000,0.000,-,0.000000,left_chewing
3827832.0,2.000977,-0.28418,0.10791,-0.038637,0.045565,-0.014389,warming_up,0.000000,0.000,-,0.000000,left_chewing
3827842.0,1.995117,-0.284668,0.114746,-0.019718,0.039969,-0.009859,warming_up,0.000000,0.000,-,0.000000,left_chewing
3827852.0,2.003418,-0.269043,0.115234,-0.03464,0.048496,-0.002665,warming_up,0.000000,0.000,-,0.000000,left_chewing
3827862.0,2.000977,-0.272461,0.123047,-0.034374,0.034907,-0.009593,warming_up,0.000000,0.000,-,0.000000,left_chewing
3827872.0,1.998047,-0.271484,0.113281,-0.030377,0.040502,-0.002665,warming_up,0.000000,0.000,-,0.000000,left_chewing
3827882.0,2.009766,-0.268066,0.119141,-0.033308,0.03544,-0.011191,warming_up,0.000000,0.000,-,0.000000,left_chewing
3827892.0,1.996582,-0.27002,0.109863,-0.027979,0.038104,-0.014655,warming_up,0.000000,0.000,-,0.000000,left_chewing
3827902.0,2.014648,-0.276367,0.113281,-0.037038,0.057556,-0.006662,warming_up,0.000000,0.000,-,0.000000,left_chewing
3827912.0,1.992676,-0.259766,0.116211,-0.024781,0.032775,-0.011991,warming_up,0.000000,0.000,-,0.000000,left_chewing
3827922.0,1.994141,-0.276367,0.112793,-0.036772,0.043966,-0.006395,warming_up,0.000000,0.000,-,0.000000,left_chewing
3827932.0,2.009277,-0.278809,0.108398,-0.022916,0.03917,-0.005596,warming_up,0.000000,0.000,-,0.000000,left_chewing
3827942.0,1.998047,-0.269531,0.118164,-0.027712,0.037038,-0.01359,warming_up,0.000000,0.000,-,0.000000,left_chewing
3827952.0,1.995117,-0.27002,0.114258,-0.026646,0.046364,0.007194,warming_up,0.000000,0.000,-,0.000000,left_chewing
3827962.0,2.01123,-0.268555,0.105957,-0.031176,0.055158,-0.011724,warming_up,0.000000,0.000,-,0.000000,left_chewing
3827972.0,1.990723,-0.270508,0.106445,-0.026913,0.036505,-0.008793,warming_up,0.000000,0.000,-,0.000000,left_chewing
3827982.0,2.005371,-0.27832,0.105957,-0.028511,0.04743,0.006129,warming_up,0.000000,0.000,-,0.000000,left_chewing
3827992.0,2.010742,-0.273926,0.112793,-0.034107,0.031975,-0.017587,warming_up,0.000000,0.000,-,0.000000,left_chewing
3828002.0,2.001465,-0.279297,0.103027,-0.02558,0.040769,-0.006662,warming_up,0.000000,0.000,-,0.000000,left_chewing
3828012.0,2.005859,-0.265625,0.092773,-0.029311,0.03917,-0.007461,warming_up,0.000000,0.000,-,0.000000,left_chewing
3828022.0,1.994141,-0.271484,0.115234,-0.026913,0.0429,-0.010658,warming_up,0.000000,0.000,-,0.000000,left_chewing
3828032.0,1.996094,-0.276367,0.10791,-0.023449,0.039436,0.003464,warming_up,0.000000,0.000,-,0.000000,left_chewing
3828042.0,2.008789,-0.280273,0.10498,-0.034107,0.036505,-0.012524,warming_up,0.000000,0.000,-,0.000000,left_chewing
3828052.0,1.98877,-0.271484,0.112305,-0.02638,0.029311,-0.015188,warming_up,0.000000,0.000,-,0.000000,left_chewing
3828062.0,2.005371,-0.264648,0.111328,-0.024781,0.044766,-0.011991,warming_up,0.000000,0.000,-,0.000000,left_chewing
3828072.0,1.998047,-0.275879,0.117188,-0.03011,0.043966,-0.008527,warming_up,0.000000,0.000,-,0.000000,left_chewing
3828082.0,1.999512,-0.286621,0.101563,-0.01732,0.046364,-0.001066,warming_up,0.000000,0.000,-,0.000000,left_chewing
3828092.0,2.014648,-0.28125,0.117188,-0.031176,0.021051,-0.005596,warming_up,0.000000,0.000,-,0.000000,left_chewing
3828102.0,1.995605,-0.266602,0.110352,-0.023449,0.031176,-0.000266,warming_up,0.000000,0.000,-,0.000000,left_chewing
3828112.0,2.008301,-0.275391,0.108887,-0.030377,0.043433,0.001066,warming_up,0.000000,0.000,-,0.000000,left_chewing
3828122.0,2.010742,-0.272461,0.109863,-0.030377,0.035173,-0.015988,warming_up,0.000000,0.000,-,0.000000,left_chewing
3828132.0,1.996582,-0.276855,0.100098,-0.027979,0.033041,0.001599,warming_up,0.000000,0.000,-,0.000000,left_chewing
3828142.0,2.013672,-0.272949,0.116211,-0.038371,0.034107,-0.003464,warming_up,0.000000,0.000,-,0.000000,left_chewing
3828152.0,2.0,-0.282715,0.113281,-0.033841,0.050361,-0.017853,warming_up,0.000000,0.000,-,0.000000,left_chewing
3828162.0,1.996094,-0.273926,0.115234,-0.03091,0.035706,-0.002665,warming_up,0.000000,0.000,-,0.000000,left_chewing
3828172.0,2.012695,-0.272949,0.114746,-0.033574,0.039969,-0.006395,warming_up,0.000000,0.000,-,0.000000,left_chewing
3828182.0,1.990234,-0.270508,0.118164,-0.037305,0.035173,-0.006395,warming_up,0.000000,0.000,-,0.000000,left_chewing
3828192.0,2.005371,-0.27832,0.118652,-0.026646,0.043433,-0.007727,warming_up,0.000000,0.000,-,0.000000,left_chewing
3828202.0,2.011719,-0.276855,0.105957,-0.022916,0.042101,-0.021317,warming_up,0.000000,0.000,-,0.000000,left_chewing
3828212.0,1.98877,-0.277832,0.11084,-0.029044,0.040502,-0.003198,warming_up,0.000000,0.000,-,0.000000,left_chewing
3828222.0,1.993652,-0.276367,0.101074,-0.027979,0.049029,0.008527,warming_up,0.000000,0.000,-,0.000000,left_chewing
3828232.0,2.0,-0.263672,0.118652,-0.033041,0.023449,-0.015721,warming_up,0.000000,0.000,-,0.000000,left_chewing
3828242.0,2.001953,-0.271484,0.119629,-0.021583,0.033041,0.005329,warming_up,0.000000,0.000,-,0.000000,left_chewing
3828252.0,2.010742,-0.26709,0.108398,-0.030643,0.046897,0.003198,warming_up,0.000000,0.000,-,0.000000,left_chewing
3828262.0,1.999023,-0.266113,0.113281,-0.026646,0.033308,-0.007994,warming_up,0.000000,0.000,-,0.000000,left_chewing
3828272.0,1.995605,-0.275391,0.11377,-0.031709,0.047963,0.00906,warming_up,0.000000,0.000,-,0.000000,left_chewing
3828282.0,2.005371,-0.27002,0.116699,-0.032242,0.032508,-0.00906,warming_up,0.000000,0.000,-,0.000000,left_chewing
3828292.0,1.984375,-0.277832,0.104004,-0.021317,0.045565,-0.00373,warming_up,0.000000,0.000,-,0.000000,left_chewing
3828302.0,2.000977,-0.274414,0.112793,-0.030377,0.053026,0.000266,warming_up,0.000000,0.000,-,0.000000,left_chewing
3828312.0,2.002441,-0.275879,0.110352,-0.023982,0.036505,-0.021051,warming_up,0.000000,0.000,-,0.000000,left_chewing
3828322.0,1.999512,-0.275879,0.121094,-0.019452,0.051694,-0.002665,warming_up,0.000000,0.000,-,0.000000,left_chewing
3828332.0,2.005859,-0.269043,0.107422,-0.027979,0.04743,-0.003464,warming_up,0.000000,0.000,-,0.000000,left_chewing
3828342.0,1.996094,-0.271484,0.102539,-0.031176,0.040502,-0.018119,warming_up,0.000000,0.000,-,0.000000,left_chewing
3828352.0,1.997559,-0.275391,0.111816,-0.019985,0.04743,-0.003997,warming_up,0.000000,0.000,-,0.000000,left_chewing
3828362.0,2.009277,-0.266602,0.116699,-0.03544,0.026913,0.0,warming_up,0.000000,0.000,-,0.000000,left_chewing
3828372.0,1.994629,-0.279785,0.099121,-0.03091,0.028245,-0.00373,warming_up,0.000000,0.000,-,0.000000,left_chewing
3828382.0,1.996582,-0.270508,0.102539,-0.022116,0.061553,-0.003198,warming_up,0.000000,0.000,-,0.000000,left_chewing
3828392.0,1.994629,-0.271973,0.11084,-0.010392,0.043433,-0.008793,warming_up,0.000000,0.000,-,0.000000,left_chewing
3828402.0,1.999512,-0.276367,0.110352,-0.019985,0.042634,0.004263,warming_up,0.000000,0.000,-,0.000000,left_chewing
3828412.0,2.006836,-0.261719,0.110352,-0.037305,0.028511,-0.000533,warming_up,0.000000,0.000,-,0.000000,left_chewing
3828422.0,1.984863,-0.277344,0.111328,-0.028245,0.038637,-0.014389,warming_up,0.000000,0.000,-,0.000000,left_chewing
3828432.0,2.006348,-0.266113,0.11084,-0.027979,0.064484,0.003198,warming_up,0.000000,0.000,-,0.000000,left_chewing
3828442.0,2.015137,-0.271484,0.101074,-0.032242,0.038904,-0.015188,warming_up,0.000000,0.000,-,0.000000,left_chewing
3828452.0,2.001953,-0.270996,0.103027,-0.040502,0.047963,-0.003997,warming_up,0.000000,0.000,-,0.000000,left_chewing
3828462.0,1.997559,-0.270996,0.100586,-0.018919,0.053825,0.002665,warming_up,0.000000,0.000,-,0.000000,left_chewing
3828472.0,1.994629,-0.268555,0.113281,-0.02558,0.03544,-0.013323,warming_up,0.000000,0.000,-,0.000000,left_chewing
3828482.0,1.991699,-0.271484,0.112793,-0.040502,0.051161,0.011724,warming_up,0.000000,0.000,-,0.000000,left_chewing
3828492.0,2.003418,-0.275879,0.099121,-0.030643,0.041035,-0.002665,warming_up,0.000000,0.000,-,0.000000,left_chewing
3828502.0,1.993652,-0.270996,0.109863,-0.024515,0.037305,0.005063,warming_up,0.000000,0.000,-,0.000000,left_chewing
3828512.0,1.996582,-0.279785,0.115234,-0.025847,0.069014,-0.005063,warming_up,0.000000,0.000,-,0.000000,left_chewing
3828522.0,1.995605,-0.277344,0.116699,-0.025314,0.055158,-0.030377,warming_up,0.000000,0.000,-,0.000000,left_chewing
3828532.0,1.980469,-0.279297,0.119141,-0.027979,0.030643,-0.004796,warming_up,0.000000,0.000,-,0.000000,left_chewing
3828542.0,2.007324,-0.269043,0.110352,-0.036772,0.025847,-0.001599,warming_up,0.000000,0.000,-,0.000000,left_chewing
3828552.0,1.992676,-0.269531,0.111328,-0.029844,0.036239,-0.01279,warming_up,0.000000,0.000,-,0.000000,left_chewing
3828562.0,2.002441,-0.265625,0.108398,-0.031709,0.053026,-0.001599,warming_up,0.000000,0.000,-,0.000000,left_chewing
3828572.0,2.01416,-0.274902,0.100586,-0.03544,0.060221,-0.01359,warming_up,0.000000,0.000,-,0.000000,left_chewing
3828582.0,1.983887,-0.277832,0.106934,-0.040769,0.029044,-0.012257,warming_up,0.000000,0.000,-,0.000000,left_chewing
3828592.0,2.001465,-0.266113,0.120117,-0.03544,0.050628,0.002931,warming_up,0.000000,0.000,-,0.000000,left_chewing
3828602.0,2.001465,-0.272461,0.116211,-0.031176,0.035706,-0.022649,warming_up,0.000000,0.000,-,0.000000,left_chewing
3828612.0,1.994141,-0.268555,0.111816,-0.019185,0.023182,-0.000266,warming_up,0.000000,0.000,-,0.000000,left_chewing
3828622.0,2.007324,-0.277832,0.094727,-0.027979,0.041568,-0.003464,warming_up,0.000000,0.000,-,0.000000,left_chewing
3828632.0,1.995605,-0.277344,0.102051,-0.027179,0.03091,-0.019185,warming_up,0.000000,0.000,-,0.000000,left_chewing
3828642.0,1.992676,-0.275391,0.11084,-0.026113,0.058089,-0.001332,warming_up,0.000000,0.000,-,0.000000,left_chewing
3828652.0,1.998047,-0.265625,0.092285,-0.031709,0.062352,-0.00906,warming_up,0.000000,0.000,-,0.000000,left_chewing
3828662.0,1.999512,-0.28125,0.106934,-0.026646,0.03464,-0.018652,warming_up,0.000000,0.000,-,0.000000,left_chewing
3828672.0,2.000977,-0.260742,0.105957,-0.03917,0.032775,0.011991,warming_up,0.000000,0.000,-,0.000000,left_chewing
3828682.0,1.983398,-0.27832,0.107422,-0.028778,0.044499,-0.043167,warming_up,0.000000,0.000,-,0.000000,left_chewing
3828692.0,1.993652,-0.276855,0.119141,-0.022649,0.042368,-0.029844,warming_up,0.000000,0.000,-,0.000000,left_chewing
3828702.0,2.01709,-0.26123,0.116211,-0.02638,0.017853,0.022383,warming_up,0.000000,0.000,-,0.000000,left_chewing
3828712.0,2.227539,-0.086426,0.236816,-0.393032,0.521467,-0.077274,warming_up,0.000000,0.000,-,0.000000,left_chewing
3828722.0,2.090332,-0.444824,0.429687,-1.950505,1.327783,-2.748028,warming_up,0.000000,0.000,-,0.000000,left_chewing
3828732.0,2.603516,-0.51416,-0.064453,-2.706992,4.966061,-4.459249,warming_up,0.000000,0.000,-,0.000000,left_chewing
3828742.0,1.032715,-0.384766,0.035156,0.614729,-0.087666,-0.410619,warming_up,0.000000,0.000,-,0.000000,left_chewing
3828752.0,2.545898,0.0,0.100586,0.394631,0.638711,-3.302802,warming_up,0.000000,0.000,-,0.000000,left_chewing
3828762.0,1.97998,-0.319824,0.157715,-0.046897,1.75359,-2.571896,warming_up,0.000000,0.000,-,0.000000,left_chewing
3828772.0,1.868164,-0.247559,0.148926,0.270992,1.573461,-4.3508,warming_up,0.000000,0.000,-,0.000000,left_chewing
3828782.0,2.172363,-0.408203,0.080566,1.023216,0.116178,-1.337375,warming_up,0.000000,0.000,-,0.000000,left_chewing
3828792.0,2.174316,-0.405273,0.169434,1.104753,0.293642,-0.684542,warming_up,0.000000,0.000,-,0.000000,left_chewing
3828802.0,1.891113,-0.476562,0.01416,1.140193,-0.72158,3.354496,warming_up,0.000000,0.000,-,0.000000,left_chewing
3828812.0,1.446777,1.178223,0.338379,-0.843087,-5.86324,6.540588,warming_up,0.000000,0.000,-,0.000000,left_chewing
3828822.0,2.311035,0.324219,0.033203,-2.133565,-2.172469,-1.45755,warming_up,0.000000,0.000,-,0.000000,left_chewing
3828832.0,1.942871,-0.173828,-0.235352,-2.617461,-0.812444,-3.461614,warming_up,0.000000,0.000,-,0.000000,left_chewing
3828842.0,1.616699,-0.376953,1.096191,-0.070879,-0.276055,1.77464,warming_up,0.000000,0.000,-,0.000000,left_chewing
3828852.0,2.036621,-0.518066,0.245117,0.051427,1.738668,-2.307565,warming_up,0.000000,0.000,-,0.000000,left_chewing
3828862.0,2.085938,-0.44043,0.093262,0.902508,3.004098,-4.064352,warming_up,0.000000,0.000,-,0.000000,left_chewing
3828872.0,1.926758,-0.394043,0.202148,2.581755,3.469075,-4.61966,warming_up,0.000000,0.000,-,0.000000,left_chewing
3828882.0,1.991699,0.012695,-0.205078,1.710156,3.385939,-4.25807,warming_up,0.000000,0.000,-,0.000000,left_chewing
3828892.0,1.973145,0.029297,-0.110352,1.782101,3.290812,-4.059556,warming_up,0.000000,0.000,-,0.000000,left_chewing
3828902.0,2.021484,0.151855,0.227539,1.938248,3.813611,-4.72811,warming_up,0.000000,0.000,-,0.000000,left_chewing
3828912.0,1.913086,0.268066,0.352051,2.056824,4.095262,-5.430772,warming_up,0.000000,0.000,-,0.000000,left_chewing
3828922.0,2.052246,0.217773,0.336426,2.734438,3.240717,-4.950873,warming_up,0.000000,0.000,-,0.000000,left_chewing
3828932.0,1.912598,0.341309,0.121094,1.802619,4.899179,-6.358061,warming_up,0.000000,0.000,-,0.000000,left_chewing
3828942.0,2.09082,0.894043,0.48291,0.450322,2.607335,-1.539087,warming_up,0.000000,0.000,-,0.000000,left_chewing
3828952.0,2.293457,0.300293,0.539062,0.762882,3.821338,-0.290977,warming_up,0.000000,0.000,-,0.000000,left_chewing
3828962.0,2.091797,0.317871,0.282227,-0.559838,2.943611,-1.27902,warming_up,0.000000,0.000,-,0.000000,left_chewing
3828972.0,2.304199,0.489746,0.433594,-0.895847,2.927623,-0.916897,warming_up,0.000000,0.000,-,0.000000,left_chewing
3828982.0,2.642578,0.442383,0.47998,-1.849782,2.317691,-0.332279,warming_up,0.000000,0.000,-,0.000000,left_chewing
3828992.0,3.06543,0.417969,0.55957,-3.019286,2.750959,-0.681078,warming_up,0.000000,0.000,-,0.000000,left_chewing
3829002.0,3.282227,0.301758,0.694336,-5.587451,3.885023,-0.221164,warming_up,0.000000,0.000,-,0.000000,left_chewing
3829012.0,3.189453,0.237793,1.038574,-7.190224,3.925259,1.60517,warming_up,0.000000,0.000,-,0.000000,left_chewing
3829022.0,3.256836,0.312988,0.939941,-7.634683,3.892217,4.327617,warming_up,0.000000,0.000,-,0.000000,left_chewing
3829032.0,2.813965,0.452637,0.951172,-7.855047,4.167207,5.833663,warming_up,0.000000,0.000,-,0.000000,left_chewing
3829042.0,2.224609,0.119141,0.858398,-5.939715,3.695568,5.660995,warming_up,0.000000,0.000,-,0.000000,left_chewing
3829052.0,2.838379,0.195801,0.841797,-4.934885,2.198049,8.731176,warming_up,0.000000,0.000,-,0.000000,left_chewing
3829062.0,2.894043,0.259766,0.822754,-3.731807,2.489559,8.180664,warming_up,0.000000,0.000,-,0.000000,left_chewing
3829072.0,2.871094,0.208496,1.024414,-2.28758,2.567899,6.484098,warming_up,0.000000,0.000,-,0.000000,left_chewing
3829082.0,2.886719,-0.228516,1.077148,-1.434368,3.231923,6.550714,warming_up,0.000000,0.000,-,0.000000,left_chewing
3829092.0,2.867188,-0.664062,1.067383,-0.72691,5.625023,7.361026,warming_up,0.000000,0.000,-,0.000000,left_chewing
3829102.0,2.698242,-0.484863,1.06543,-0.380242,6.150487,8.129237,warming_up,0.000000,0.000,-,0.000000,left_chewing
3829112.0,2.245117,-1.271484,0.60791,-4.417415,4.526665,8.731176,warming_up,0.000000,0.000,-,0.000000,left_chewing
3829122.0,2.29248,-0.383301,1.041016,-3.188224,5.348968,8.731176,warming_up,0.000000,0.000,-,0.000000,left_chewing
3829132.0,2.036621,-0.42627,0.90332,-2.293442,3.762717,8.731176,warming_up,0.000000,0.000,-,0.000000,left_chewing
3829142.0,1.810059,-0.705078,0.741699,-1.697632,3.866904,8.731176,warming_up,0.000000,0.000,-,0.000000,left_chewing
3829152.0,1.800293,-1.213867,0.924316,0.323219,2.666756,6.974655,warming_up,0.000000,0.000,-,0.000000,left_chewing
3829162.0,1.741211,-1.18457,1.028809,1.752257,1.50578,6.921363,warming_up,0.000000,0.000,-,0.000000,left_chewing
3829172.0,1.640137,-1.131836,0.930664,2.154616,-0.440196,8.379978,warming_up,0.000000,0.000,-,0.000000,left_chewing
3829182.0,1.70166,-0.895996,0.974121,2.373914,-1.076508,8.731176,warming_up,0.000000,0.000,-,0.000000,left_chewing
3829192.0,0.594238,1.418945,0.494141,0.151884,-2.525265,8.731176,warming_up,0.000000,0.000,-,0.000000,left_chewing
3829202.0,1.524414,-1.413574,1.208984,1.463945,-1.675783,7.916334,warming_up,0.000000,0.000,-,0.000000,left_chewing
3829212.0,1.447266,0.037109,0.973633,3.90181,-0.5649,3.648937,warming_up,0.000000,0.000,-,0.000000,left_chewing
3829222.0,1.538574,0.020508,1.093262,3.488527,3.809614,1.871899,warming_up,0.000000,0.000,-,0.000000,left_chewing
3829232.0,0.788086,-0.498047,0.791016,3.896214,2.317424,0.135629,warming_up,0.000000,0.000,-,0.000000,left_chewing
3829242.0,0.481445,-0.574219,0.861816,4.403559,0.765813,-2.371516,warming_up,0.000000,0.000,-,0.000000,left_chewing
3829252.0,0.192383,-0.326172,1.022949,5.516306,0.014389,-4.456318,warming_up,0.000000,0.000,-,0.000000,left_chewing
3829262.0,0.282227,-0.21582,1.030762,6.246946,0.050095,-5.621026,warming_up,0.000000,0.000,-,0.000000,left_chewing
3829272.0,0.486328,-0.198242,1.194824,7.857446,0.155614,-5.776107,warming_up,0.000000,0.000,-,0.000000,left_chewing
3829282.0,0.588867,-0.041016,1.055176,8.57796,0.291776,-5.462481,warming_up,0.000000,0.000,-,0.000000,left_chewing
3829292.0,0.771484,-0.151855,1.230469,8.473773,-0.767678,-3.788563,warming_up,0.000000,0.000,-,0.000000,left_chewing
3829302.0,0.731445,0.067383,1.152832,7.052995,0.183859,-3.610567,warming_up,0.000000,0.000,-,0.000000,left_chewing
3829312.0,0.749512,0.042969,1.263672,6.503816,-0.745562,-3.360625,warming_up,0.000000,0.000,-,0.000000,left_chewing
3829322.0,0.679687,0.19043,1.120117,5.919464,-2.077608,-3.513574,warming_up,0.000000,0.000,-,0.000000,left_chewing
3829332.0,0.780273,0.078125,1.251465,4.78913,-1.988343,-3.866637,warming_up,0.000000,0.000,-,0.000000,left_chewing
3829342.0,0.974121,0.09668,1.34082,3.749127,-1.255305,-4.129902,warming_up,0.000000,0.000,-,0.000000,left_chewing
3829352.0,1.038574,0.10791,1.291504,3.083504,-1.1306,-4.233556,warming_up,0.000000,0.000,-,0.000000,left_chewing
3829362.0,1.220703,0.168457,1.308105,3.215936,-1.246245,-4.164542,warming_up,0.000000,0.000,-,0.000000,left_chewing
3829372.0,1.290039,-0.086426,1.374512,2.976652,-1.09676,-4.939148,warming_up,0.000000,0.000,-,0.000000,left_chewing
3829382.0,1.261719,-0.326172,1.459473,2.929222,-1.415182,-5.174169,warming_up,0.000000,0.000,-,0.000000,left_chewing
3829392.0,1.287598,-0.378418,1.461426,2.81864,-1.30007,-6.267997,warming_up,0.000000,0.000,-,0.000000,left_chewing
3829402.0,1.168457,-0.381348,1.439453,2.63185,-1.377078,-5.704162,warming_up,0.000000,0.000,-,0.000000,left_chewing
3829412.0,1.244629,-0.297363,1.288086,2.545516,-1.84472,-5.072113,warming_up,0.000000,0.000,-,0.000000,left_chewing
3829422.0,1.476563,-0.103516,1.376953,2.075743,-1.717084,-4.448325,warming_up,0.000000,0.000,-,0.000000,left_chewing
3829432.0,1.247559,-0.288086,1.240723,1.412784,-2.502616,-2.085335,warming_up,0.000000,0.000,-,0.000000,left_chewing
3829442.0,1.635742,-0.180664,1.439453,0.440462,-2.161544,-1.292343,warming_up,0.000000,0.000,-,0.000000,left_chewing
3829452.0,1.744141,-0.125977,1.466797,0.128968,-1.738668,-1.01389,warming_up,0.000000,0.000,-,0.000000,left_chewing
3829462.0,1.743652,-0.193848,1.378906,0.236885,-1.390934,-0.632582,warming_up,0.000000,0.000,-,0.000000,left_chewing
3829472.0,1.74707,-0.324219,1.401855,0.575292,-1.363222,-2.063485,warming_up,0.000000,0.000,-,0.000000,left_chewing
3829482.0,1.748047,0.011719,1.344238,0.884122,-1.041602,-3.05739,warming_up,0.000000,0.000,-,0.000000,left_chewing
3829492.0,1.677246,0.231934,1.34375,1.069847,-0.802851,-1.516438,warming_up,0.000000,0.000,-,0.000000,left_chewing
3829502.0,1.368652,0.125488,1.208496,1.316591,-0.627253,-1.488992,warming_up,0.000000,0.000,-,0.000000,left_chewing
3829512.0,1.319824,0.237793,1.232422,1.33098,-0.84442,-1.649669,warming_up,0.000000,0.000,-,0.000000,left_chewing
3829522.0,1.347168,0.252441,1.20166,1.374147,-0.949672,-0.780469,warming_up,0.000000,0.000,-,0.000000,left_chewing
3829532.0,1.021484,0.262695,1.208496,2.032043,-0.603537,-1.558539,warming_up,0.000000,0.000,-,0.000000,left_chewing
3829542.0,1.546875,0.412598,1.251953,2.951072,-3.251375,0.844686,warming_up,0.000000,0.000,-,0.000000,left_chewing
3829552.0,1.742676,0.492676,1.202637,3.082704,-4.569831,2.734438,warming_up,0.000000,0.000,-,0.000000,left_chewing
3829562.0,1.772461,0.67041,1.009277,3.392867,-5.645807,4.278322,warming_up,0.000000,0.000,-,0.000000,left_chewing
3829572.0,1.604004,0.673828,0.968262,3.149853,-6.931755,4.422478,warming_up,0.000000,0.000,-,0.000000,left_chewing
3829582.0,1.73291,0.526367,0.887207,2.833562,-3.474404,3.251375,warming_up,0.000000,0.000,-,0.000000,left_chewing
3829592.0,1.743164,0.568848,0.862305,2.327017,-2.725378,3.404325,warming_up,0.000000,0.000,-,0.000000,left_chewing
3829602.0,1.942383,0.628418,0.780273,2.303035,-2.086401,4.893583,warming_up,0.000000,0.000,-,0.000000,left_chewing
3829612.0,2.025879,0.48291,0.753906,2.269461,-1.266496,5.542953,warming_up,0.000000,0.000,-,0.000000,left_chewing
3829622.0,1.937012,0.33252,0.724609,2.270793,-0.088998,4.410487,warming_up,0.000000,0.000,-,0.000000,left_chewing
3829632.0,1.834961,0.302246,0.788574,1.938781,0.775406,2.644374,warming_up,0.000000,0.000,-,0.000000,left_chewing
3829642.0,1.891602,0.32373,0.895996,1.789029,0.916098,2.786132,warming_up,0.000000,0.000,-,0.000000,left_chewing
3829652.0,1.969727,0.265137,1.006348,2.080539,-0.272058,4.704928,warming_up,0.000000,0.000,-,0.000000,left_chewing
3829662.0,1.831055,-0.041992,0.92627,2.552711,-0.567565,5.601308,warming_up,0.000000,0.000,-,0.000000,left_chewing
3829672.0,1.85791,-0.162598,1.022949,2.071479,0.393299,3.858377,warming_up,0.000000,0.000,-,0.000000,left_chewing
3829682.0,1.994629,-0.010742,1.019531,1.771443,1.101556,1.83193,warming_up,0.000000,0.000,-,0.000000,left_chewing
3829692.0,1.939941,0.118164,0.928223,1.752257,1.641142,0.794058,warming_up,0.000000,0.000,-,0.000000,left_chewing
3829702.0,1.77002,0.15625,0.932129,1.325917,1.656864,1.215335,warming_up,0.000000,0.000,-,0.000000,left_chewing
3829712.0,2.110352,0.426758,0.757324,0.728242,3.138662,1.612364,warming_up,0.000000,0.000,-,0.000000,left_chewing
3829722.0,1.529297,0.448242,1.365723,-0.13483,4.347868,4.50588,warming_up,0.000000,0.000,-,0.000000,left_chewing
3829732.0,1.374512,-0.021973,1.604492,1.493256,0.967792,7.136931,warming_up,0.000000,0.000,-,0.000000,left_chewing
3829742.0,1.531738,-0.132324,1.458984,1.34377,0.082337,6.28585,warming_up,0.000000,0.000,-,0.000000,left_chewing
3829752.0,1.92041,-0.050781,1.299316,0.92649,-0.010658,7.385007,warming_up,0.000000,0.000,-,0.000000,left_chewing
3829762.0,2.26123,-0.119629,1.104004,1.820472,0.167338,8.731176,warming_up,0.000000,0.000,-,0.000000,left_chewing
3829772.0,2.461914,-0.0625,0.963379,2.053893,0.710123,8.731176,warming_up,0.000000,0.000,-,0.000000,left_chewing
3829782.0,2.242188,0.025879,0.980957,1.921994,1.080239,8.731176,warming_up,0.000000,0.000,-,0.000000,left_chewing
3829792.0,2.055176,0.300293,0.953125,1.429571,1.195084,8.472441,warming_up,0.000000,0.000,-,0.000000,left_chewing
3829802.0,1.851074,0.146973,0.939453,1.334711,1.245712,7.404193,warming_up,0.000000,0.000,-,0.000000,left_chewing
3829812.0,1.879883,-0.078125,0.998535,0.928622,1.579856,5.779838,warming_up,0.000000,0.000,-,0.000000,left_chewing
3829822.0,2.197266,-0.32373,0.914551,0.489225,2.399761,5.225329,warming_up,0.000000,0.000,-,0.000000,left_chewing
3829832.0,1.915039,-0.45459,0.974121,0.024781,2.791194,6.030845,warming_up,0.000000,0.000,-,0.000000,left_chewing
3829842.0,1.571289,-0.54834,1.301758,-2.330747,3.070714,0.471106,warming_up,0.000000,0.000,-,0.000000,left_chewing
3829852.0,1.657715,-0.398438,1.223633,-1.701629,3.960698,1.470873,warming_up,0.000000,0.000,-,0.000000,left_chewing
3829862.0,1.222656,-0.708008,1.084473,-1.552943,2.882325,-0.105786,warming_up,0.000000,0.000,-,0.000000,left_chewing
3829872.0,1.501465,-0.491699,1.233887,-1.529761,2.571629,-2.338475,warming_up,0.000000,0.000,-,0.000000,left_chewing
3829882.0,1.125488,-0.378418,1.124512,-2.572429,3.391268,-3.851715,warming_up,0.000000,0.000,-,0.000000,left_chewing
3829892.0,1.213867,-0.422852,1.483398,-1.228392,0.400227,-2.715253,warming_up,0.000000,0.000,-,0.000000,left_chewing
3829902.0,1.359863,-0.276367,1.437012,-1.315792,0.16947,-5.882692,warming_up,0.000000,0.000,-,0.000000,left_chewing
3829912.0,1.634277,0.387695,1.883789,-7.923795,6.309565,-8.731442,warming_up,0.000000,0.000,-,0.000000,left_chewing
3829922.0,1.739258,-0.092773,1.334961,-5.713222,4.162677,-8.731442,warming_up,0.000000,0.000,-,0.000000,left_chewing
3829932.0,1.362793,-0.244141,1.262695,-5.460083,3.119476,-4.469642,warming_up,0.000000,0.000,-,0.000000,left_chewing
3829942.0,1.180664,-0.700195,1.099121,-4.527197,1.833262,-0.021317,warming_up,0.000000,0.000,-,0.000000,left_chewing
3829952.0,0.96582,-0.583984,0.97998,-3.403525,1.027213,1.472472,warming_up,0.000000,0.000,-,0.000000,left_chewing
3829962.0,1.121582,-0.383789,1.255859,-3.108551,0.662159,0.85268,warming_up,0.000000,0.000,-,0.000000,left_chewing
3829972.0,1.422852,-0.753906,1.291992,-3.212738,1.017354,-0.868668,warming_up,0.000000,0.000,-,0.000000,left_chewing
3829982.0,1.598633,-1.093262,1.129883,-2.594279,0.779936,-0.484162,warming_up,0.000000,0.000,-,0.000000,left_chewing
3829992.0,1.798828,-0.958984,1.248047,-1.488726,0.048763,1.62702,warming_up,0.000000,0.000,-,0.000000,left_chewing
3830002.0,1.622559,-0.620117,1.313477,-0.950472,-0.593678,3.688107,warming_up,0.000000,0.000,-,0.000000,left_chewing
3830012.0,1.487793,-0.09082,1.349121,-1.721614,-0.362655,2.845819,warming_up,0.000000,0.000,-,0.000000,left_chewing
3830022.0,1.686035,-0.494141,1.098145,-1.218799,-0.855345,2.910303,warming_up,0.000000,0.000,-,0.000000,left_chewing
3830032.0,1.556641,-0.829102,1.164063,-1.767446,-0.389035,-0.150818,warming_up,0.000000,0.000,-,0.000000,left_chewing
3830042.0,1.198242,-1.053711,1.319336,-1.847118,-0.001865,-4.227427,warming_up,0.000000,0.000,-,0.000000,left_chewing
3830052.0,0.035645,-2.149414,1.598145,-1.423443,0.275789,-8.731442,warming_up,0.000000,0.000,-,0.000000,left_chewing
3830062.0,0.770996,-1.442871,1.389648,-1.680046,-0.12657,-6.937084,warming_up,0.000000,0.000,-,0.000000,left_chewing
3830072.0,1.079102,-0.842773,1.474121,-1.293942,0.310695,-6.046566,warming_up,0.000000,0.000,-,0.000000,left_chewing
3830082.0,0.974121,-1.366211,1.35498,-1.4794,0.369051,-6.640512,warming_up,0.000000,0.000,-,0.000000,left_chewing
3830092.0,1.924316,-0.467773,1.551758,-0.832695,-1.260634,-4.458184,warming_up,0.000000,0.000,-,0.000000,left_chewing
3830102.0,1.82959,-0.455078,1.895996,0.091663,-1.563602,-1.140459,warming_up,0.000000,0.000,-,0.000000,left_chewing
3830112.0,1.399902,-0.139648,1.350098,0.272858,-0.133231,2.187391,warming_up,0.000000,0.000,-,0.000000,left_chewing
3830122.0,1.312988,-0.714355,1.283203,0.908637,-0.285115,2.738168,warming_up,0.000000,0.000,-,0.000000,left_chewing
3830132.0,1.238281,-0.762207,1.284668,1.755988,-0.011991,2.813311,warming_up,0.000000,0.000,-,0.000000,left_chewing
3830142.0,1.518555,-0.671875,1.313477,1.325384,0.673617,2.598809,warming_up,0.000000,0.000,-,0.000000,left_chewing
3830152.0,1.487793,-0.79834,1.373047,1.684576,0.38717,3.64574,warming_up,0.000000,0.000,-,0.000000,left_chewing
3830162.0,1.254883,-0.866699,1.334961,2.469841,0.712254,3.001966,warming_up,0.000000,0.000,-,0.000000,left_chewing
3830172.0,1.21582,-1.097168,1.306641,3.330781,0.375712,4.590882,warming_up,0.000000,0.000,-,0.000000,left_chewing
3830182.0,1.542969,-0.788574,1.283203,3.84079,0.284049,5.089966,warming_up,0.000000,0.000,-,0.000000,left_chewing
3830192.0,1.717773,-0.589844,1.26416,3.614031,0.351464,3.383008,warming_up,0.000000,0.000,-,0.000000,left_chewing
3830202.0,1.626465,-0.387207,1.200684,3.629219,-0.302435,3.351032,warming_up,0.000000,0.000,-,0.000000,left_chewing
3830212.0,1.607422,-0.182129,1.219238,3.149054,-0.835093,3.28868,warming_up,0.000000,0.000,-,0.000000,left_chewing
3830222.0,1.875488,-0.079102,1.076172,1.762116,-1.61796,4.660962,warming_up,0.000000,0.000,-,0.000000,left_chewing
3830232.0,3.999878,0.453125,0.53125,2.791194,-0.463645,8.731176,warming_up,0.000000,0.000,-,0.000000,left_chewing
3830242.0,0.078613,-0.95166,0.940918,3.165574,0.168671,8.731176,warming_up,0.000000,0.000,-,0.000000,left_chewing
3830252.0,0.895508,-0.683105,1.318848,1.957167,-0.147354,1.675516,warming_up,0.000000,0.000,-,0.000000,left_chewing
3830262.0,1.772949,-0.359375,1.277832,2.026181,-0.444459,4.017188,warming_up,0.000000,0.000,-,0.000000,left_chewing
3830272.0,1.546875,-0.880371,1.426758,1.634481,-0.037838,4.788864,warming_up,0.000000,0.000,-,0.000000,left_chewing
3830282.0,1.407227,-0.828125,1.645996,1.902276,-0.397029,4.459516,warming_up,0.000000,0.000,-,0.000000,left_chewing
3830292.0,1.443359,-0.846191,1.665527,1.268894,-0.00906,7.589118,warming_up,0.000000,0.000,-,0.000000,left_chewing
3830302.0,1.927734,-1.486816,1.555176,3.869568,-0.553709,8.731176,warming_up,0.000000,0.000,-,0.000000,left_chewing
3830312.0,1.37793,-1.733398,1.362793,3.726744,-1.696833,8.731176,warming_up,0.000000,0.000,-,0.000000,left_chewing
3830322.0,1.110352,-1.585449,1.484375,4.93302,-2.384306,8.731176,warming_up,0.000000,0.000,-,0.000000,left_chewing
3830332.0,0.544434,-1.629883,1.521973,4.464313,-1.343237,8.731176,warming_up,0.000000,0.000,-,0.000000,left_chewing
3830342.0,0.472168,-1.214844,1.906738,5.254374,-2.612132,8.731176,warming_up,0.000000,0.000,-,0.000000,left_chewing
3830352.0,0.228027,-1.389648,1.428223,5.236521,-2.808781,8.731176,warming_up,0.000000,0.000,-,0.000000,left_chewing
3830362.0,0.144531,-1.382324,1.280762,3.390202,-3.776573,8.731176,warming_up,0.000000,0.000,-,0.000000,left_chewing
3830372.0,0.131348,-1.837402,1.038086,1.419179,-4.864805,8.731176,warming_up,0.000000,0.000,-,0.000000,left_chewing
3830382.0,1.135254,-1.453125,1.321777,1.126337,-2.636913,8.731176,warming_up,0.000000,0.000,-,0.000000,left_chewing
3830392.0,1.425781,-1.321289,1.086914,0.301636,-0.877727,8.731176,warming_up,0.000000,0.000,-,0.000000,left_chewing
3830402.0,0.478516,-1.356934,1.125,-0.679746,0.556107,8.340009,warming_up,0.000000,0.000,-,0.000000,left_chewing
3830412.0,0.715332,-0.739746,1.380371,-2.149819,0.681078,6.932554,warming_up,0.000000,0.000,-,0.000000,left_chewing
3830422.0,-0.253906,-1.592285,1.065918,-3.280686,0.414616,3.589516,warming_up,0.000000,0.000,-,0.000000,left_chewing
3830432.0,-1.366699,-1.486328,2.139648,-3.268429,-0.271525,2.674484,warming_up,0.000000,0.000,-,0.000000,left_chewing
3830442.0,-0.408203,-1.53125,1.240723,-2.826367,0.910236,1.171636,warming_up,0.000000,0.000,-,0.000000,left_chewing
3830452.0,1.265137,-1.23584,0.8125,-1.597975,0.650435,4.84109,warming_up,0.000000,0.000,-,0.000000,left_chewing
3830462.0,-0.109863,-1.762207,1.209473,-0.288046,4.161078,5.039339,warming_up,0.000000,0.000,-,0.000000,left_chewing
3830472.0,0.132324,-1.464355,0.9375,1.151118,3.502383,6.213372,warming_up,0.000000,0.000,-,0.000000,left_chewing
3830482.0,-0.967773,-1.945313,1.371094,4.003599,-1.907338,8.731176,warming_up,0.000000,0.000,-,0.000000,left_chewing
3830492.0,0.805664,-0.782227,1.570313,0.118576,1.934251,8.731176,warming_up,0.000000,0.000,-,0.000000,left_chewing
3830502.0,-0.159668,-2.458984,1.536133,-0.656297,-0.15215,8.731176,warming_up,0.000000,0.000,-,0.000000,left_chewing
3830512.0,0.951172,-1.412109,1.528809,0.002132,1.38374,1.365087,warming_up,0.000000,0.000,-,0.000000,left_chewing
3830522.0,0.067871,-1.625,1.578125,-0.095394,2.48796,2.591881,warming_up,0.000000,0.000,-,0.000000,left_chewing
3830532.0,-0.226562,-1.713867,1.360352,0.080738,2.617727,2.119442,warming_up,0.000000,0.000,-,0.000000,left_chewing
3830542.0,-0.09375,-1.665039,1.439941,0.088466,2.191387,0.617394,warming_up,0.000000,0.000,-,0.000000,left_chewing
3830552.0,-0.222656,-1.689453,1.390625,-0.032775,2.342205,-0.401825,warming_up,0.000000,0.000,-,0.000000,left_chewing
3830562.0,-0.203125,-1.501953,1.378418,-0.156147,2.265198,-1.185492,warming_up,0.000000,0.000,-,0.000000,left_chewing
3830572.0,-0.160645,-1.27832,1.424316,-0.235553,1.503115,-1.67525,warming_up,0.000000,0.000,-,0.000000,left_chewing
3830582.0,-0.115234,-1.119141,1.349609,-0.343737,1.406122,-1.334444,warming_up,0.000000,0.000,-,0.000000,left_chewing
3830592.0,0.161133,-1.405762,1.249512,-1.004297,0.406888,-0.054092,warming_up,0.000000,0.000,-,0.000000,left_chewing
3830602.0,-0.072266,-1.634766,1.273926,-0.605403,0.164674,0.33068,warming_up,0.000000,0.000,-,0.000000,left_chewing
3830612.0,-0.095215,-1.76709,1.295898,-0.235286,0.037305,0.95287,warming_up,0.000000,0.000,-,0.000000,left_chewing
3830622.0,-0.068848,-1.79541,1.26709,0.117243,-0.036505,1.195884,warming_up,0.000000,0.000,-,0.000000,left_chewing
3830632.0,-0.135254,-1.721191,1.302246,0.453253,-0.5649,1.245446,warming_up,0.000000,0.000,-,0.000000,left_chewing
3830642.0,-0.125977,-1.639648,1.338379,0.403424,-0.780469,1.459948,warming_up,0.000000,0.000,-,0.000000,left_chewing
3830652.0,-0.22998,-1.469727,1.348633,0.431936,-0.678413,1.738668,warming_up,0.000000,0.000,-,0.000000,left_chewing
3830662.0,-0.317383,-1.468262,1.390625,0.274723,-0.329081,1.894282,warming_up,0.000000,0.000,-,0.000000,left_chewing
3830672.0,-0.414062,-1.470703,1.42627,-0.001066,0.041302,1.861507,warming_up,0.000000,0.000,-,0.000000,left_chewing
3830682.0,-0.38623,-1.455566,1.403809,-0.402891,0.60034,1.983014,warming_up,0.000000,0.000,-,0.000000,left_chewing
3830692.0,-0.29248,-1.519043,1.406738,-0.67415,1.030144,1.991274,warming_up,0.000000,0.000,-,0.000000,left_chewing
3830702.0,-0.318359,-1.576172,1.472656,-0.69147,0.965127,1.657397,warming_up,0.000000,0.000,-,0.000000,left_chewing
3830712.0,-0.260742,-1.517578,1.458496,-0.802052,1.100224,1.436499,warming_up,0.000000,0.000,-,0.000000,left_chewing
3830722.0,-0.214844,-1.555664,1.428223,-0.289645,0.135629,0.882524,warming_up,0.000000,0.000,-,0.000000,left_chewing
3830732.0,-0.242676,-1.534668,1.381348,-0.229957,0.144956,0.555308,warming_up,0.000000,0.000,-,0.000000,left_chewing
3830742.0,-0.24707,-1.555176,1.331543,-0.221697,0.011991,0.071412,warming_up,0.000000,0.000,-,0.000000,left_chewing
3830752.0,-0.289063,-1.552246,1.354004,-0.228092,-0.089531,-0.337075,warming_up,0.000000,0.000,-,0.000000,left_chewing
3830762.0,-0.259277,-1.540039,1.329102,-0.248077,-0.199314,-0.747427,warming_up,0.000000,0.000,-,0.000000,left_chewing
3830772.0,-0.264648,-1.567871,1.311035,-0.202245,-0.213436,-1.146855,warming_up,0.000000,0.000,-,0.000000,left_chewing
3830782.0,-0.229492,-1.599609,1.293945,-0.104453,-0.250741,-1.37015,warming_up,0.000000,0.000,-,0.000000,left_chewing
3830792.0,-0.292969,-1.659668,1.317871,0.092462,-0.154015,-1.429838,warming_up,0.000000,0.000,-,0.000000,left_chewing
3830802.0,-0.256348,-1.65625,1.279785,0.208907,-0.050361,-1.170836,warming_up,0.000000,0.000,-,0.000000,left_chewing
3830812.0,-0.25,-1.599121,1.285645,0.267528,-0.008527,-0.742897,warming_up,0.000000,0.000,-,0.000000,left_chewing
3830822.0,-0.427246,-1.576172,1.251465,0.351464,-0.059155,-0.234487,warming_up,0.000000,0.000,-,0.000000,left_chewing
3830832.0,-0.434082,-1.587891,1.316406,0.320821,0.242747,-0.051427,warming_up,0.000000,0.000,-,0.000000,left_chewing
3830842.0,-0.347168,-1.495605,1.336914,0.387703,0.163608,-0.100723,warming_up,0.000000,0.000,-,0.000000,left_chewing
3830852.0,-0.310059,-1.511719,1.343262,0.270726,0.063951,-0.108184,warming_up,0.000000,0.000,-,0.000000,left_chewing
3830862.0,-0.262207,-1.615723,1.339355,0.247277,0.040502,-0.134564,warming_up,0.000000,0.000,-,0.000000,left_chewing
3830872.0,-0.228027,-1.599609,1.333496,0.049562,0.003464,-0.021051,warming_up,0.000000,0.000,-,0.000000,left_chewing
3830882.0,-0.226074,-1.583496,1.377441,-0.137761,-0.014123,0.071145,warming_up,0.000000,0.000,-,0.000000,left_chewing
3830892.0,-0.230957,-1.574219,1.36377,-0.294974,-0.024515,0.082337,warming_up,0.000000,0.000,-,0.000000,left_chewing
3830902.0,-0.286133,-1.61084,1.354492,-0.429804,0.00373,0.144423,warming_up,0.000000,0.000,-,0.000000,left_chewing
3830912.0,-0.306152,-1.563965,1.342285,-0.55744,-0.042368,0.173467,warming_up,0.000000,0.000,-,0.000000,left_chewing
3830922.0,-0.249512,-1.566895,1.374512,-0.618726,-0.035173,0.078074,warming_up,0.000000,0.000,-,0.000000,left_chewing
3830932.0,-0.27832,-1.607422,1.361328,-0.604337,0.043433,-0.065017,warming_up,0.000000,0.000,-,0.000000,left_chewing
3830942.0,-0.236816,-1.661133,1.332031,-0.673351,-0.103121,-0.183859,warming_up,0.000000,0.000,-,0.000000,left_chewing
3830952.0,-0.219727,-1.665527,1.341797,-0.656564,-0.217433,-0.349332,warming_up,0.000000,0.000,-,0.000000,left_chewing
3830962.0,-0.186523,-1.643066,1.327148,-0.678413,-0.211305,-0.492689,warming_up,0.000000,0.000,-,0.000000,left_chewing
3830972.0,-0.189453,-1.634277,1.316406,-0.701596,-0.1311,-0.507611,warming_up,0.000000,0.000,-,0.000000,left_chewing
3830982.0,-0.202148,-1.608398,1.333984,-0.590214,-0.000533,-0.555574,warming_up,0.000000,0.000,-,0.000000,left_chewing
3830992.0,-0.258789,-1.568848,1.347168,-0.347201,0.048763,-0.701063,warming_up,0.000000,0.000,-,0.000000,left_chewing
3831002.0,-0.321289,-1.539063,1.335449,-0.168671,0.023982,-0.710123,warming_up,0.000000,0.000,-,0.000000,left_chewing
3831012.0,-0.293457,-1.544922,1.334961,-0.034907,0.022116,-0.589681,warming_up,0.000000,0.000,-,0.000000,left_chewing
3831022.0,-0.274902,-1.536133,1.320313,-0.018119,0.088998,-0.369583,warming_up,0.000000,0.000,-,0.000000,left_chewing
3831032.0,-0.20166,-1.560059,1.320313,0.031709,0.046098,-0.254205,warming_up,0.000000,0.000,-,0.000000,left_chewing
3831042.0,-0.170898,-1.588379,1.31543,0.115645,-0.011991,-0.272058,warming_up,0.000000,0.000,-,0.000000,left_chewing
3831052.0,-0.187012,-1.629395,1.313965,0.219832,-0.071945,-0.416481,warming_up,0.000000,0.000,-,0.000000,left_chewing
3831062.0,-0.197754,-1.634766,1.300781,0.219299,-0.115378,-0.381841,warming_up,0.000000,0.000,-,0.000000,left_chewing
3831072.0,-0.215332,-1.635254,1.299805,0.273391,-0.096193,-0.375712,warming_up,0.000000,0.000,-,0.000000,left_chewing
3831082.0,-0.227539,-1.615234,1.317871,0.315492,-0.10019,-0.378643,warming_up,0.000000,0.000,-,0.000000,left_chewing
3831092.0,-0.21875,-1.572266,1.308105,0.315225,-0.109783,-0.302701,warming_up,0.000000,0.000,-,0.000000,left_chewing
3831102.0,-0.186523,-1.585449,1.322266,0.3043,-0.11751,-0.132165,warming_up,0.000000,0.000,-,0.000000,left_chewing
3831112.0,-0.168457,-1.61084,1.338867,0.300037,-0.154815,-0.044499,warming_up,0.000000,0.000,-,0.000000,left_chewing
3831122.0,-0.148926,-1.612793,1.351563,0.313093,-0.205176,-0.034374,warming_up,0.000000,0.000,-,0.000000,left_chewing
3831132.0,-0.124023,-1.603027,1.336914,0.280052,-0.205709,-0.052493,warming_up,0.000000,0.000,-,0.000000,left_chewing
3831142.0,-0.154297,-1.642578,1.334961,0.277387,-0.245412,-0.099124,warming_up,0.000000,0.000,-,0.000000,left_chewing
3831152.0,-0.185547,-1.62793,1.347656,0.23049,-0.259268,-0.127636,warming_up,0.000000,0.000,-,0.000000,left_chewing
3831162.0,-0.205566,-1.610352,1.368652,0.146554,-0.249942,-0.158545,warming_up,0.000000,0.000,-,0.000000,left_chewing
3831172.0,-0.23291,-1.587402,1.378906,0.079672,-0.20864,-0.139626,warming_up,0.000000,0.000,-,0.000000,left_chewing
3831182.0,-0.249023,-1.579102,1.388184,0.014123,-0.197715,-0.077541,warming_up,0.000000,0.000,-,0.000000,left_chewing
3831192.0,-0.189453,-1.573242,1.375977,0.005063,-0.176931,0.048763,warming_up,0.000000,0.000,-,0.000000,left_chewing
3831202.0,-0.161621,-1.55957,1.37207,-0.025314,-0.173734,0.111648,warming_up,0.000000,0.000,-,0.000000,left_chewing
3831212.0,-0.138672,-1.570801,1.341309,0.000533,-0.160677,0.14842,warming_up,0.000000,0.000,-,0.000000,left_chewing
3831222.0,-0.131348,-1.589355,1.350586,0.052493,-0.117776,0.161743,warming_up,0.000000,0.000,-,0.000000,left_chewing
3831232.0,-0.157227,-1.60498,1.330566,0.057289,-0.070613,0.154282,warming_up,0.000000,0.000,-,0.000000,left_chewing
3831242.0,-0.195312,-1.59668,1.337402,0.007994,-0.021317,0.129767,warming_up,0.000000,0.000,-,0.000000,left_chewing
3831252.0,-0.198242,-1.619141,1.358887,-0.103654,-0.013057,0.081271,chewing,1.000000,85.714,left_chewing,0.789500,left_chewing
3831262.0,-0.196777,-1.619629,1.407715,-0.179862,-0.067948,0.002931,chewing,1.000000,85.714,left_chewing,0.789500,left_chewing
3831272.0,-0.162109,-1.519043,1.286133,-0.227825,-0.014123,0.120441,chewing,1.000000,85.714,left_chewing,0.789500,left_chewing
3831282.0,-0.181641,-1.585449,1.291016,-0.452453,0.037305,0.304567,chewing,1.000000,85.714,left_chewing,0.789500,left_chewing
3831292.0,-0.197754,-1.642578,1.291992,-0.496953,-0.068747,0.319755,chewing,1.000000,85.714,left_chewing,0.789500,left_chewing
3831302.0,-0.203125,-1.603516,1.31543,-0.389035,-0.15668,0.27872,chewing,1.000000,85.714,left_chewing,0.789500,left_chewing
3831312.0,-0.200195,-1.511719,1.355469,-0.326949,-0.144156,0.303234,chewing,1.000000,85.714,left_chewing,0.789500,left_chewing
3831322.0,-0.178711,-1.474609,1.375977,-0.403957,0.03544,0.496953,chewing,1.000000,85.714,left_chewing,0.789500,left_chewing
3831332.0,-0.137207,-1.550293,1.359863,-0.463645,0.219832,0.568897,chewing,1.000000,85.714,left_chewing,0.789500,left_chewing
3831342.0,-0.121582,-1.597168,1.342285,-0.47457,0.284315,0.451121,chewing,1.000000,85.714,left_chewing,0.789500,left_chewing
3831352.0,-0.138672,-1.598145,1.321777,-0.483629,0.242214,0.275522,chewing,1.000000,85.714,left_chewing,0.789500,left_chewing
3831362.0,-0.150879,-1.567383,1.304688,-0.515338,0.20038,0.188389,chewing,1.000000,85.714,left_chewing,0.789500,left_chewing
3831372.0,-0.20459,-1.601074,1.314941,-0.457516,0.131899,0.146554,chewing,1.000000,85.714,left_chewing,0.789500,left_chewing
3831382.0,-0.20752,-1.595215,1.328613,-0.34347,0.017054,0.088732,chewing,1.000000,85.714,left_chewing,0.789500,left_chewing
3831392.0,-0.200684,-1.561523,1.333984,-0.287513,-0.046364,0.052493,chewing,1.000000,85.714,left_chewing,0.789500,left_chewing
3831402.0,-0.197754,-1.553711,1.329102,-0.3051,-0.038904,0.088466,chewing,1.000000,85.714,left_chewing,0.789500,left_chewing
3831412.0,-0.210449,-1.592773,1.31543,-0.316557,-0.015188,0.168671,chewing,1.000000,85.714,left_chewing,0.789500,left_chewing
3831422.0,-0.190918,-1.624512,1.322266,-0.337341,0.015455,0.251274,chewing,1.000000,85.714,left_chewing,0.789500,left_chewing
3831432.0,-0.194336,-1.63916,1.290527,-0.344536,0.038904,0.308564,chewing,1.000000,85.714,left_chewing,0.789500,left_chewing
3831442.0,-0.194824,-1.651367,1.310059,-0.366652,0.03011,0.324818,chewing,1.000000,85.714,left_chewing,0.789500,left_chewing
3831452.0,-0.223633,-1.659668,1.290039,-0.357593,0.0437,0.296573,chewing,1.000000,85.714,left_chewing,0.789500,left_chewing
3831462.0,-0.230469,-1.664063,1.27002,-0.379975,0.071945,0.259268,chewing,1.000000,85.714,left_chewing,0.789500,left_chewing
3831472.0,-0.23877,-1.662109,1.277344,-0.390634,0.089531,0.185458,chewing,1.000000,85.714,left_chewing,0.789500,left_chewing
3831482.0,-0.239746,-1.646484,1.278809,-0.395963,0.101522,0.146554,chewing,1.000000,85.714,left_chewing,0.789500,left_chewing
3831492.0,-0.212402,-1.614258,1.271484,-0.395963,0.110848,0.146021,chewing,1.000000,85.714,left_chewing,0.789500,left_chewing
3831502.0,-0.210937,-1.625977,1.276367,-0.373314,0.115645,0.17773,chewing,1.000000,85.714,left_chewing,0.789500,left_chewing
3831512.0,-0.208008,-1.642578,1.269531,-0.346668,0.114312,0.19132,chewing,1.000000,85.714,left_chewing,0.789500,left_chewing
3831522.0,-0.209473,-1.609375,1.256836,-0.332812,0.168937,0.215835,chewing,1.000000,85.714,left_chewing,0.789500,left_chewing
3831532.0,-0.20752,-1.603516,1.26416,-0.29977,0.188123,0.103387,chewing,1.000000,85.714,left_chewing,0.789500,left_chewing
3831542.0,-0.25,-1.620605,1.274902,-0.266729,0.174,0.07381,chewing,1.000000,85.714,left_chewing,0.789500,left_chewing
3831552.0,-0.242187,-1.606934,1.270996,-0.20944,0.193985,0.040769,chewing,1.000000,85.714,left_chewing,0.789500,left_chewing
3831562.0,-0.268066,-1.644043,1.270996,-0.161476,0.184392,0.030377,chewing,1.000000,85.714,left_chewing,0.789500,left_chewing
3831572.0,-0.243164,-1.612305,1.252441,-0.137761,0.294974,0.079406,chewing,1.000000,85.714,left_chewing,0.789500,left_chewing
3831582.0,-0.240723,-1.609863,1.269531,-0.095127,0.282184,-0.031709,chewing,1.000000,85.714,left_chewing,0.789500,left_chewing
3831592.0,-0.276855,-1.617188,1.283203,-0.045032,0.174266,-0.043433,chewing,1.000000,85.714,left_chewing,0.789500,left_chewing
3831602.0,-0.239258,-1.610352,1.280762,-0.043167,0.192919,-0.074077,chewing,1.000000,85.714,left_chewing,0.789500,left_chewing
3831612.0,-0.242676,-1.619629,1.278809,-0.014922,0.184658,0.005862,chewing,1.000000,85.714,left_chewing,0.789500,left_chewing
3831622.0,-0.228027,-1.655273,1.255859,0.068747,0.165207,0.011191,chewing,1.000000,85.714,left_chewing,0.789500,left_chewing
3831632.0,-0.267578,-1.530762,1.265625,0.148686,0.292043,0.197182,chewing,1.000000,85.714,left_chewing,0.789500,left_chewing
3831642.0,-0.169922,-1.681641,1.251953,0.289645,0.163341,-0.050628,chewing,1.000000,85.714,left_chewing,0.789500,left_chewing
3831652.0,-0.215332,-1.635742,1.22998,0.245945,0.098058,0.031709,chewing,1.000000,85.714,left_chewing,0.789500,left_chewing
3831662.0,-0.20752,-1.701172,1.233398,0.315492,0.039703,0.070613,chewing,1.000000,85.714,left_chewing,0.789500,left_chewing
3831672.0,-0.270996,-1.65332,1.285156,0.328815,-0.03544,0.059421,chewing,1.000000,85.714,left_chewing,0.789500,left_chewing
3831682.0,-0.300293,-1.594238,1.28418,0.291243,-0.01732,0.120708,chewing,1.000000,85.714,left_chewing,0.789500,left_chewing
3831692.0,-0.279785,-1.616211,1.296387,0.178796,-0.027979,0.242481,chewing,1.000000,85.714,left_chewing,0.789500,left_chewing
3831702.0,-0.291016,-1.605957,1.311035,-0.050361,-0.102588,0.358392,chewing,1.000000,85.714,left_chewing,0.789500,left_chewing
3831712.0,-0.220703,-1.604492,1.311035,-0.298704,-0.109516,0.427406,chewing,1.000000,85.714,left_chewing,0.789500,left_chewing
3831722.0,-0.192383,-1.63623,1.287598,-0.4354,-0.13856,0.34427,chewing,1.000000,85.714,left_chewing,0.789500,left_chewing
3831732.0,-0.195801,-1.675781,1.28125,-0.504413,-0.181194,0.182527,chewing,1.000000,85.714,left_chewing,0.789500,left_chewing
3831742.0,-0.19873,-1.670898,1.254883,-0.542518,-0.222763,0.067948,chewing,1.000000,85.714,left_chewing,0.789500,left_chewing
3831752.0,-0.212891,-1.651367,1.265625,-0.559838,-0.236885,-0.001865,chewing,1.000000,85.714,left_chewing,0.789500,left_chewing
3831762.0,-0.165039,-1.622559,1.227051,-0.653632,-0.476168,0.452453,chewing,1.000000,85.714,left_chewing,0.789500,left_chewing
3831772.0,-0.225098,-1.635742,1.290039,-0.514805,-0.309896,0.244346,chewing,1.000000,85.714,left_chewing,0.789500,left_chewing
3831782.0,-0.233398,-1.591309,1.288574,-0.132432,-0.189188,-0.043167,chewing,1.000000,85.714,left_chewing,0.789500,left_chewing
3831792.0,-0.266602,-1.575684,1.30127,0.215302,-0.145755,-0.308297,chewing,1.000000,85.714,left_chewing,0.789500,left_chewing
3831802.0,-0.280273,-1.59668,1.257813,0.343204,-0.157746,-0.281651,chewing,1.000000,85.714,left_chewing,0.789500,left_chewing
3831812.0,-0.251465,-1.598633,1.246094,0.326683,-0.177464,-0.205709,chewing,1.000000,85.714,left_chewing,0.789500,left_chewing
3831822.0,-0.248047,-1.614746,1.248047,0.298971,-0.149752,-0.140959,chewing,1.000000,85.714,left_chewing,0.789500,left_chewing
3831832.0,-0.242187,-1.631836,1.255371,0.319488,-0.129767,-0.094594,chewing,1.000000,85.714,left_chewing,0.789500,left_chewing
3831842.0,-0.24707,-1.640137,1.273438,0.285381,-0.163341,-0.105519,chewing,1.000000,85.714,left_chewing,0.789500,left_chewing
3831852.0,-0.249023,-1.641602,1.264648,0.251274,-0.123372,-0.055424,chewing,1.000000,85.714,left_chewing,0.789500,left_chewing
3831862.0,-0.242676,-1.632813,1.276855,0.19958,-0.075142,-0.007994,chewing,1.000000,85.714,left_chewing,0.789500,left_chewing
3831872.0,-0.23584,-1.653809,1.276367,0.148686,-0.059155,0.006662,chewing,1.000000,85.714,left_chewing,0.789500,left_chewing
3831882.0,-0.209473,-1.633301,1.276855,0.100456,-0.023982,-0.020784,chewing,1.000000,85.714,left_chewing,0.789500,left_chewing
3831892.0,-0.208496,-1.658691,1.265137,0.061286,0.00453,-0.03464,chewing,1.000000,85.714,left_chewing,0.789500,left_chewing
3831902.0,-0.229004,-1.650391,1.292969,0.015455,0.014123,-0.051694,chewing,1.000000,85.714,left_chewing,0.789500,left_chewing
3831912.0,-0.223145,-1.630859,1.277832,-0.026913,0.032775,-0.045299,chewing,1.000000,85.714,left_chewing,0.789500,left_chewing
3831922.0,-0.223633,-1.622559,1.284668,-0.050894,0.031709,-0.033574,chewing,1.000000,85.714,left_chewing,0.789500,left_chewing
3831932.0,-0.236328,-1.620117,1.270508,-0.065283,0.071945,-0.032775,chewing,1.000000,85.714,left_chewing,0.789500,left_chewing
3831942.0,-0.23584,-1.625488,1.288574,-0.086867,0.081538,-0.032508,chewing,1.000000,85.714,left_chewing,0.789500,left_chewing
3831952.0,-0.241211,-1.623535,1.294922,-0.0866,0.066882,0.002931,chewing,1.000000,85.714,left_chewing,0.789500,left_chewing
3831962.0,-0.209473,-1.594238,1.275879,-0.071678,0.06102,0.011991,chewing,1.000000,85.714,left_chewing,0.789500,left_chewing
3831972.0,-0.196777,-1.603516,1.275879,-0.050628,0.063152,0.04743,chewing,1.000000,85.714,left_chewing,0.789500,left_chewing
3831982.0,-0.208496,-1.621094,1.279297,-0.023449,0.068747,0.081005,chewing,1.000000,85.714,left_chewing,0.789500,left_chewing
3831992.0,-0.201172,-1.618652,1.272949,-0.000533,0.081804,0.096459,chewing,1.000000,85.714,left_chewing,0.789500,left_chewing
3832002.0,-0.219727,-1.618164,1.28418,0.007461,0.0874,0.104986,chewing,1.000000,85.714,left_chewing,0.789500,left_chewing
3832012.0,-0.224609,-1.601563,1.288086,0.017054,0.128168,0.12124,chewing,1.000000,85.714,left_chewing,0.789500,left_chewing
3832022.0,-0.243164,-1.615723,1.300781,-0.013057,0.138827,0.106052,chewing,1.000000,85.714,left_chewing,0.789500,left_chewing
3832032.0,-0.236328,-1.628906,1.283691,-0.031443,0.14309,0.1311,chewing,1.000000,85.714,left_chewing,0.789500,left_chewing
3832042.0,-0.243652,-1.65625,1.291992,-0.085268,0.164674,0.141758,chewing,1.000000,85.714,left_chewing,0.789500,left_chewing
3832052.0,-0.270996,-1.660156,1.331543,-0.129234,0.146821,0.111914,chewing,1.000000,85.714,left_chewing,0.789500,left_chewing
3832062.0,-0.211914,-1.539063,1.228027,-0.230757,0.309629,0.182793,chewing,1.000000,85.714,left_chewing,0.789500,left_chewing
3832072.0,-0.213379,-1.649902,1.20166,-0.456717,0.470839,0.288579,chewing,1.000000,85.714,left_chewing,0.789500,left_chewing
3832082.0,-0.236328,-1.750977,1.222656,-0.533991,0.401825,0.199314,chewing,1.000000,85.714,left_chewing,0.789500,left_chewing
3832092.0,-0.273438,-1.709473,1.234375,-0.538254,0.389568,0.214769,chewing,1.000000,85.714,left_chewing,0.789500,left_chewing
3832102.0,-0.298828,-1.668457,1.265137,-0.599807,0.33974,0.385305,chewing,1.000000,85.714,left_chewing,0.789500,left_chewing
3832112.0,-0.273926,-1.585938,1.290039,-0.543583,0.259801,0.346401,chewing,1.000000,85.714,left_chewing,0.789500,left_chewing
3832122.0,-0.256348,-1.643555,1.268066,-0.558772,0.247011,0.263798,chewing,1.000000,85.714,left_chewing,0.789500,left_chewing
3832132.0,-0.246582,-1.623535,1.271973,-0.464444,0.239283,0.077541,chewing,1.000000,85.714,left_chewing,0.789500,left_chewing
3832142.0,-0.270996,-1.611328,1.263672,-0.340539,0.21317,-0.099657,chewing,1.000000,85.714,left_chewing,0.789500,left_chewing
3832152.0,-0.279785,-1.599121,1.265625,-0.264331,0.201712,-0.179063,chewing,1.000000,85.714,left_chewing,0.789500,left_chewing
3832162.0,-0.286621,-1.606934,1.251465,-0.204643,0.200913,-0.163075,chewing,1.000000,85.714,left_chewing,0.789500,left_chewing
3832172.0,-0.295898,-1.617676,1.258301,-0.157746,0.188389,-0.057023,chewing,1.000000,85.714,left_chewing,0.789500,left_chewing
3832182.0,-0.305664,-1.699707,1.264648,-0.122573,0.143357,0.091397,chewing,1.000000,85.714,left_chewing,0.789500,left_chewing
3832192.0,-0.28125,-1.626953,1.256836,-0.029311,-0.049029,0.060753,chewing,1.000000,85.714,left_chewing,0.789500,left_chewing
3832202.0,-0.250488,-1.623535,1.230957,-0.06555,-0.021051,0.149752,chewing,1.000000,85.714,left_chewing,0.789500,left_chewing
3832212.0,-0.239258,-1.698242,1.226563,-0.044766,0.022383,0.180395,chewing,1.000000,85.714,left_chewing,0.789500,left_chewing
3832222.0,-0.263672,-1.711914,1.223633,0.01359,0.023449,0.123372,chewing,1.000000,85.714,left_chewing,0.789500,left_chewing
3832232.0,-0.273926,-1.668457,1.240723,0.00826,0.040236,0.086067,chewing,1.000000,85.714,left_chewing,0.789500,left_chewing
3832242.0,-0.311035,-1.654297,1.253906,-0.014655,0.094328,0.105253,chewing,1.000000,85.714,left_chewing,0.789500,left_chewing
3832252.0,-0.311523,-1.660645,1.243652,-0.027446,0.086334,0.093795,chewing,1.000000,85.714,left_chewing,0.789500,left_chewing
3832262.0,-0.320313,-1.637695,1.25293,0.00906,0.075675,0.10019,chewing,1.000000,85.714,left_chewing,0.789500,left_chewing
3832272.0,-0.286133,-1.62793,1.258301,0.032775,0.099124,0.057023,chewing,1.000000,85.714,left_chewing,0.789500,left_chewing
3832282.0,-0.275391,-1.621582,1.255859,0.062619,0.140426,0.013856,chewing,1.000000,85.714,left_chewing,0.789500,left_chewing
3832292.0,-0.263184,-1.644043,1.231445,0.087933,0.132165,-0.044499,chewing,1.000000,85.714,left_chewing,0.789500,left_chewing
3832302.0,-0.268555,-1.631836,1.234863,0.120708,0.112714,-0.076208,chewing,1.000000,30.000,unknown,0.574220,left_chewing
3832312.0,-0.260742,-1.625977,1.237793,0.114579,0.107917,-0.071678,chewing,1.000000,30.000,unknown,0.574220,left_chewing
3832322.0,-0.255859,-1.620117,1.258789,0.1303,0.134031,-0.037571,chewing,1.000000,30.000,unknown,0.574220,left_chewing
3832332.0,-0.253906,-1.614258,1.253418,0.148686,0.172934,-0.040236,chewing,1.000000,30.000,unknown,0.574220,left_chewing
3832342.0,-0.281738,-1.640625,1.256348,0.196649,0.176931,-0.107917,chewing,1.000000,30.000,unknown,0.574220,left_chewing
3832352.0,-0.284668,-1.633301,1.245605,0.22143,0.138294,-0.094061,chewing,1.000000,30.000,unknown,0.574220,left_chewing
3832362.0,-0.278809,-1.617676,1.254395,0.23955,0.12577,-0.097259,chewing,1.000000,30.000,unknown,0.574220,left_chewing
3832372.0,-0.275879,-1.633789,1.257813,0.259534,0.114579,-0.089265,chewing,1.000000,30.000,unknown,0.574220,left_chewing
3832382.0,-0.276855,-1.634277,1.260254,0.261133,0.081804,-0.069014,chewing,1.000000,30.000,unknown,0.574220,left_chewing
3832392.0,-0.262207,-1.642578,1.261719,0.261666,0.060487,-0.033041,chewing,1.000000,30.000,unknown,0.574220,left_chewing
3832402.0,-0.262695,-1.645508,1.237305,0.250475,0.057023,0.019452,chewing,1.000000,30.000,unknown,0.574220,left_chewing
3832412.0,-0.259277,-1.650391,1.244141,0.229424,0.076475,0.03464,chewing,1.000000,30.000,unknown,0.574220,left_chewing
3832422.0,-0.265625,-1.661133,1.273438,0.159345,0.053292,0.051427,chewing,1.000000,30.000,unknown,0.574220,left_chewing
3832432.0,-0.266113,-1.633789,1.263184,0.023182,-0.04743,0.0866,chewing,1.000000,30.000,unknown,0.574220,left_chewing
3832442.0,-0.271973,-1.628418,1.283691,-0.124172,-0.099124,0.095926,chewing,1.000000,30.000,unknown,0.574220,left_chewing
3832452.0,-0.255371,-1.639648,1.286133,-0.195583,-0.110049,0.081804,chewing,1.000000,30.000,unknown,0.574220,left_chewing
3832462.0,-0.265137,-1.629395,1.269043,-0.223029,-0.08207,0.040236,chewing,1.000000,30.000,unknown,0.574220,left_chewing
3832472.0,-0.263184,-1.65625,1.248535,-0.233155,-0.07834,0.01732,chewing,1.000000,30.000,unknown,0.574220,left_chewing
3832482.0,-0.264648,-1.652832,1.246094,-0.264864,-0.100989,0.021583,chewing,1.000000,30.000,unknown,0.574220,left_chewing
3832492.0,-0.277344,-1.655273,1.245605,-0.294175,-0.133764,0.051694,chewing,1.000000,30.000,unknown,0.574220,left_chewing
3832502.0,-0.251953,-1.666016,1.255371,-0.313626,-0.171602,0.075142,chewing,1.000000,30.000,unknown,0.574220,left_chewing
3832512.0,-0.234375,-1.67334,1.26416,-0.201446,-0.225427,0.008793,chewing,1.000000,30.000,unknown,0.574220,left_chewing
3832522.0,-0.249512,-1.606934,1.26123,0.03917,-0.169204,-0.200113,chewing,1.000000,30.000,unknown,0.574220,left_chewing
3832532.0,-0.29248,-1.631836,1.25293,0.163075,-0.0874,-0.23502,chewing,1.000000,30.000,unknown,0.574220,left_chewing
3832542.0,-0.281738,-1.638672,1.268555,0.27419,-0.139893,-0.241948,chewing,1.000000,30.000,unknown,0.574220,left_chewing
3832552.0,-0.28418,-1.621094,1.251953,0.284848,-0.108983,-0.181727,chewing,1.000000,30.000,unknown,0.574220,left_chewing
3832562.0,-0.277344,-1.643555,1.249512,0.244346,-0.040769,-0.063418,chewing,1.000000,30.000,unknown,0.574220,left_chewing
3832572.0,-0.292969,-1.655762,1.269531,0.249942,-0.054092,-0.092995,chewing,1.000000,30.000,unknown,0.574220,left_chewing
3832582.0,-0.289551,-1.652832,1.258301,0.201446,-0.03917,-0.155081,chewing,1.000000,30.000,unknown,0.574220,left_chewing
3832592.0,-0.276367,-1.656738,1.271973,0.141492,-0.008793,-0.16494,chewing,1.000000,30.000,unknown,0.574220,left_chewing
3832602.0,-0.268555,-1.650879,1.260742,0.116178,-0.009326,-0.179063,chewing,1.000000,30.000,unknown,0.574220,left_chewing
3832612.0,-0.257813,-1.645996,1.26709,0.060221,0.003198,-0.161476,chewing,1.000000,30.000,unknown,0.574220,left_chewing
3832622.0,-0.245117,-1.627441,1.273926,0.017054,0.017054,-0.146554,chewing,1.000000,30.000,unknown,0.574220,left_chewing
3832632.0,-0.238281,-1.616211,1.26709,-0.001865,0.036772,-0.132698,chewing,1.000000,30.000,unknown,0.574220,left_chewing
3832642.0,-0.243164,-1.626465,1.277832,-0.016521,0.033841,-0.098591,chewing,1.000000,30.000,unknown,0.574220,left_chewing
3832652.0,-0.253906,-1.613281,1.275391,-0.01359,0.018652,-0.070879,chewing,1.000000,30.000,unknown,0.574220,left_chewing
3832662.0,-0.246094,-1.605469,1.267578,0.001066,0.005596,-0.045032,chewing,1.000000,30.000,unknown,0.574220,left_chewing
3832672.0,-0.229492,-1.606445,1.287598,-0.024781,-0.025047,-0.037838,chewing,1.000000,30.000,unknown,0.574220,left_chewing
3832682.0,-0.218262,-1.610352,1.27832,-0.025047,-0.03464,-0.021317,chewing,1.000000,30.000,unknown,0.574220,left_chewing
3832692.0,-0.246582,-1.607422,1.27002,-0.029844,-0.031975,-0.010126,chewing,1.000000,30.000,unknown,0.574220,left_chewing
3832702.0,-0.265625,-1.606445,1.282227,-0.041035,-0.023182,-0.006395,chewing,1.000000,30.000,unknown,0.574220,left_chewing
3832712.0,-0.254395,-1.616211,1.274414,-0.039436,-0.024781,0.025047,chewing,1.000000,30.000,unknown,0.574220,left_chewing
3832722.0,-0.251953,-1.608887,1.272949,-0.024248,0.018119,0.052493,chewing,1.000000,30.000,unknown,0.574220,left_chewing
3832732.0,-0.244629,-1.62207,1.285645,-0.029044,0.03917,0.06928,chewing,1.000000,30.000,unknown,0.574220,left_chewing
3832742.0,-0.250977,-1.635254,1.27832,-0.027979,0.028778,0.056757,chewing,1.000000,30.000,unknown,0.574220,left_chewing
3832752.0,-0.249512,-1.63623,1.279785,-0.019452,0.043433,0.046364,chewing,1.000000,30.000,unknown,0.574220,left_chewing
3832762.0,-0.264648,-1.620117,1.286133,-0.027712,0.073544,0.038904,chewing,1.000000,30.000,unknown,0.574220,left_chewing
3832772.0,-0.273438,-1.603027,1.30127,-0.059421,0.107651,0.090064,chewing,1.000000,30.000,unknown,0.574220,left_chewing
3832782.0,-0.277344,-1.64502,1.354492,-0.078873,0.0874,0.108717,chewing,1.000000,30.000,unknown,0.574220,left_chewing
3832792.0,-0.243652,-1.587402,1.259277,-0.131899,0.207574,0.267262,chewing,1.000000,30.000,unknown,0.574220,left_chewing
3832802.0,-0.225098,-1.666504,1.233398,-0.277654,0.281118,0.347201,chewing,1.000000,30.000,unknown,0.574220,left_chewing
3832812.0,-0.251953,-1.697754,1.200195,-0.362922,0.219299,0.255005,chewing,1.000000,30.000,unknown,0.574220,left_chewing
3832822.0,-0.258789,-1.673828,1.214355,-0.488426,0.15668,0.28245,chewing,1.000000,30.000,unknown,0.574220,left_chewing
3832832.0,-0.267578,-1.672852,1.260742,-0.497752,0.136162,0.321887,chewing,1.000000,30.000,unknown,0.574220,left_chewing
3832842.0,-0.285156,-1.625,1.281738,-0.476168,0.117243,0.325084,chewing,1.000000,30.000,unknown,0.574220,left_chewing
3832852.0,-0.317871,-1.514648,1.321777,-0.656031,-0.022916,0.577691,chewing,1.000000,30.000,unknown,0.574220,left_chewing
3832862.0,-0.295898,-1.617676,1.253906,-0.514539,0.134297,0.368518,chewing,1.000000,30.000,unknown,0.574220,left_chewing
3832872.0,-0.285156,-1.603516,1.256836,-0.433002,0.177464,0.205709,chewing,1.000000,30.000,unknown,0.574220,left_chewing
3832882.0,-0.279785,-1.567383,1.241699,-0.308564,0.239017,0.106851,chewing,1.000000,30.000,unknown,0.574220,left_chewing
3832892.0,-0.274902,-1.564453,1.227539,-0.296573,0.287513,0.101522,chewing,1.000000,30.000,unknown,0.574220,left_chewing
3832902.0,-0.280273,-1.641113,1.259766,-0.22143,0.222763,0.10019,chewing,1.000000,30.000,unknown,0.574220,left_chewing
3832912.0,-0.273438,-1.643066,1.234375,-0.181994,0.181994,0.121773,chewing,1.000000,30.000,unknown,0.574220,left_chewing
3832922.0,-0.284668,-1.682617,1.217773,-0.14842,0.200113,0.172934,chewing,1.000000,30.000,unknown,0.574220,left_chewing
3832932.0,-0.273926,-1.694336,1.230957,-0.078074,0.127103,0.170536,chewing,1.000000,30.000,unknown,0.574220,left_chewing
3832942.0,-0.310059,-1.689453,1.217773,0.010126,0.078606,0.115911,chewing,1.000000,30.000,unknown,0.574220,left_chewing
3832952.0,-0.327148,-1.675781,1.234863,0.081271,0.061553,0.081005,chewing,1.000000,30.000,unknown,0.574220,left_chewing
3832962.0,-0.322754,-1.650391,1.250488,0.138827,0.097525,0.067415,chewing,1.000000,30.000,unknown,0.574220,left_chewing
3832972.0,-0.328125,-1.624512,1.238281,0.162542,0.129501,0.040769,chewing,1.000000,30.000,unknown,0.574220,left_chewing
3832982.0,-0.314941,-1.628906,1.241699,0.195583,0.198248,0.002132,chewing,1.000000,30.000,unknown,0.574220,left_chewing
3832992.0,-0.318848,-1.643555,1.250488,0.223029,0.210772,-0.062619,chewing,1.000000,30.000,unknown,0.574220,left_chewing
3833002.0,-0.300293,-1.626953,1.251465,0.257403,0.237951,-0.187856,chewing,1.000000,30.000,unknown,0.574220,left_chewing
3833012.0,-0.299316,-1.590332,1.233887,0.231289,0.256603,-0.1311,chewing,1.000000,30.000,unknown,0.574220,left_chewing
3833022.0,-0.29541,-1.608887,1.236816,0.239017,0.31336,-0.135629,chewing,1.000000,30.000,unknown,0.574220,left_chewing
3833032.0,-0.274414,-1.623047,1.248047,0.205975,0.330413,-0.220098,chewing,1.000000,30.000,unknown,0.574220,left_chewing
3833042.0,-0.282227,-1.66748,1.233887,0.252073,0.336809,-0.245145,chewing,1.000000,30.000,unknown,0.574220,left_chewing
3833052.0,-0.287109,-1.647949,1.242676,0.26966,0.311495,-0.230224,chewing,1.000000,30.000,unknown,0.574220,left_chewing
3833062.0,-0.299316,-1.651367,1.225586,0.311495,0.279519,-0.200913,chewing,1.000000,30.000,unknown,0.574220,left_chewing
3833072.0,-0.293945,-1.650391,1.228516,0.325884,0.276588,-0.154015,chewing,1.000000,30.000,unknown,0.574220,left_chewing
3833082.0,-0.3125,-1.640137,1.241699,0.315758,0.256337,-0.168138,chewing,1.000000,30.000,unknown,0.574220,left_chewing
3833092.0,-0.333496,-1.637207,1.257813,0.305899,0.184658,-0.176132,chewing,1.000000,30.000,unknown,0.574220,left_chewing
3833102.0,-0.318359,-1.620117,1.286621,0.281384,0.135896,-0.168138,chewing,1.000000,30.000,unknown,0.574220,left_chewing
3833112.0,-0.311035,-1.620117,1.287109,0.213436,0.049828,-0.135896,chewing,1.000000,30.000,unknown,0.574220,left_chewing
3833122.0,-0.297852,-1.620117,1.274902,0.053026,-0.000533,-0.033308,chewing,1.000000,30.000,unknown,0.574220,left_chewing
3833132.0,-0.296875,-1.645508,1.268066,-0.152949,-0.047164,0.122306,chewing,1.000000,30.000,unknown,0.574220,left_chewing
3833142.0,-0.274902,-1.646973,1.274902,-0.264864,-0.049828,0.190254,chewing,1.000000,30.000,unknown,0.574220,left_chewing
3833152.0,-0.28125,-1.65918,1.249512,-0.335476,-0.045565,0.20944,chewing,1.000000,30.000,unknown,0.574220,left_chewing
3833162.0,-0.293457,-1.656738,1.263672,-0.414616,-0.104453,0.184658,chewing,1.000000,30.000,unknown,0.574220,left_chewing
3833172.0,-0.277344,-1.64209,1.27832,-0.451654,-0.176665,0.126303,chewing,1.000000,30.000,unknown,0.574220,left_chewing
3833182.0,-0.265625,-1.616699,1.251465,-0.483363,-0.211305,0.078074,chewing,1.000000,30.000,unknown,0.574220,left_chewing
3833192.0,-0.258789,-1.663574,1.244141,-0.470839,-0.270992,0.11298,chewing,1.000000,30.000,unknown,0.574220,left_chewing
3833202.0,-0.252441,-1.635254,1.24707,-0.444992,-0.291776,0.093528,chewing,1.000000,30.000,unknown,0.574220,left_chewing
3833212.0,-0.262695,-1.617676,1.272461,-0.123106,-0.222763,-0.151351,chewing,1.000000,30.000,unknown,0.574220,left_chewing
3833222.0,-0.295898,-1.596191,1.27832,0.199314,-0.146821,-0.300303,chewing,1.000000,30.000,unknown,0.574220,left_chewing
3833232.0,-0.316895,-1.575195,1.26416,0.366386,-0.202511,-0.310695,chewing,1.000000,30.000,unknown,0.574220,left_chewing
3833242.0,-0.317871,-1.58252,1.225586,0.340806,-0.144423,-0.155614,chewing,1.000000,30.000,unknown,0.574220,left_chewing
3833252.0,-0.318848,-1.630859,1.22998,0.282184,-0.079672,0.000799,chewing,1.000000,30.000,unknown,0.574220,left_chewing
3833262.0,-0.300781,-1.677734,1.243164,0.288046,-0.101522,-0.062619,chewing,1.000000,30.000,unknown,0.574220,left_chewing
3833272.0,-0.284668,-1.653809,1.236328,0.22596,-0.067149,-0.129501,chewing,1.000000,30.000,unknown,0.574220,left_chewing
3833282.0,-0.28125,-1.651367,1.22998,0.165207,-0.05196,-0.168138,chewing,1.000000,30.000,unknown,0.574220,left_chewing
3833292.0,-0.289063,-1.669922,1.243164,0.086867,-0.01279,-0.134564,chewing,1.000000,81.633,unknown,0.630470,left_chewing
3833302.0,-0.283691,-1.675293,1.254395,0.016254,-0.003997,-0.131366,chewing,1.000000,81.633,unknown,0.630470,left_chewing
3833312.0,-0.287598,-1.657227,1.271973,-0.053559,0.054092,-0.115645,chewing,1.000000,81.633,unknown,0.630470,left_chewing
3833322.0,-0.300781,-1.626465,1.27832,-0.087133,0.080205,-0.114312,chewing,1.000000,81.633,unknown,0.630470,left_chewing
3833332.0,-0.281738,-1.607422,1.27832,-0.123106,0.0866,-0.09566,chewing,1.000000,81.633,unknown,0.630470,left_chewing
3833342.0,-0.242676,-1.620605,1.236816,-0.19132,0.116444,-0.094328,chewing,1.000000,81.633,unknown,0.630470,left_chewing
3833352.0,-0.275391,-1.61084,1.269531,-0.150551,0.087133,-0.057822,chewing,1.000000,81.633,unknown,0.630470,left_chewing
3833362.0,-0.272461,-1.605469,1.275879,-0.115645,0.032775,-0.030377,chewing,1.000000,81.633,unknown,0.630470,left_chewing
3833372.0,-0.265625,-1.60791,1.287109,-0.082337,0.020251,-0.037305,chewing,1.000000,81.633,unknown,0.630470,left_chewing
3833382.0,-0.254883,-1.604004,1.285645,-0.020518,-0.000533,-0.027179,chewing,1.000000,81.633,unknown,0.630470,left_chewing
3833392.0,-0.262695,-1.594238,1.279785,0.036505,-0.029044,0.010658,chewing,1.000000,81.633,unknown,0.630470,left_chewing
3833402.0,-0.278809,-1.628418,1.258789,0.045299,-0.025314,0.033041,chewing,1.000000,81.633,unknown,0.630470,left_chewing
3833412.0,-0.284668,-1.63623,1.264648,0.061553,-0.026113,0.038637,chewing,1.000000,81.633,unknown,0.630470,left_chewing
3833422.0,-0.274902,-1.650879,1.270996,0.059155,-0.009593,0.054891,chewing,1.000000,81.633,unknown,0.630470,left_chewing
3833432.0,-0.273438,-1.635254,1.259277,0.047697,0.004796,0.057289,chewing,1.000000,81.633,unknown,0.630470,left_chewing
3833442.0,-0.293457,-1.638672,1.27002,0.01732,0.034907,0.070613,chewing,1.000000,81.633,unknown,0.630470,left_chewing
3833452.0,-0.291016,-1.634766,1.28125,-0.043433,0.046631,0.102322,chewing,1.000000,81.633,unknown,0.630470,left_chewing
3833462.0,-0.276855,-1.624512,1.29541,-0.212104,-0.055691,0.099391,chewing,1.000000,81.633,unknown,0.630470,left_chewing
3833472.0,-0.263184,-1.648438,1.304688,-0.20491,-0.001066,0.01732,chewing,1.000000,81.633,unknown,0.630470,left_chewing
3833482.0,-0.287598,-1.568359,1.251953,-0.10925,0.197715,0.023182,chewing,1.000000,81.633,unknown,0.630470,left_chewing
3833492.0,-0.292969,-1.616699,1.215332,-0.13483,0.22676,0.084735,chewing,1.000000,81.633,unknown,0.630470,left_chewing
3833502.0,-0.282715,-1.697266,1.208496,-0.164407,0.169204,0.114845,chewing,1.000000,81.633,unknown,0.630470,left_chewing
3833512.0,-0.300781,-1.663086,1.228027,-0.146821,0.110582,0.139893,chewing,1.000000,81.633,unknown,0.630470,left_chewing
3833522.0,-0.279785,-1.610352,1.219727,-0.192119,0.113779,0.248077,chewing,1.000000,81.633,unknown,0.630470,left_chewing
3833532.0,-0.28125,-1.634766,1.214844,-0.370649,0.161743,0.379443,chewing,1.000000,81.633,unknown,0.630470,left_chewing
3833542.0,-0.277832,-1.699219,1.224121,-0.526796,0.172668,0.396496,chewing,1.000000,81.633,unknown,0.630470,left_chewing
3833552.0,-0.296387,-1.691895,1.223145,-0.582753,0.176132,0.41355,chewing,1.000000,81.633,unknown,0.630470,left_chewing
3833562.0,-0.312988,-1.665527,1.253418,-0.498551,0.172668,0.289645,chewing,1.000000,81.633,unknown,0.630470,left_chewing
3833572.0,-0.324219,-1.581055,1.25293,-0.6531,0.14842,0.446858,chewing,1.000000,81.633,unknown,0.630470,left_chewing
3833582.0,-0.333496,-1.594727,1.247559,-0.595011,0.243014,0.31709,chewing,1.000000,81.633,unknown,0.630470,left_chewing
3833592.0,-0.333008,-1.618164,1.249512,-0.630983,0.286181,0.349332,chewing,1.000000,81.633,unknown,0.630470,left_chewing
3833602.0,-0.346191,-1.630859,1.247559,-0.590481,0.290444,0.333078,chewing,1.000000,81.633,unknown,0.630470,left_chewing
3833612.0,-0.365234,-1.693359,1.261719,-0.530527,0.337341,0.260867,chewing,1.000000,81.633,unknown,0.630470,left_chewing
3833622.0,-0.306152,-1.64502,1.229004,-0.313626,0.22223,0.181994,chewing,1.000000,81.633,unknown,0.630470,left_chewing
3833632.0,-0.30127,-1.636719,1.217773,-0.173734,0.193718,0.090064,chewing,1.000000,81.633,unknown,0.630470,left_chewing
3833642.0,-0.298828,-1.649902,1.225098,0.017587,0.137228,-0.049562,chewing,1.000000,81.633,unknown,0.630470,left_chewing
3833652.0,-0.291992,-1.618652,1.239746,0.161743,0.099124,-0.152683,chewing,1.000000,81.633,unknown,0.630470,left_chewing
3833662.0,-0.31543,-1.608887,1.244141,0.179862,0.087133,-0.157746,chewing,1.000000,81.633,unknown,0.630470,left_chewing
3833672.0,-0.312988,-1.609375,1.235352,0.18759,0.098058,-0.132165,chewing,1.000000,81.633,unknown,0.630470,left_chewing
3833682.0,-0.322754,-1.617188,1.23584,0.185458,0.138827,-0.07834,chewing,1.000000,81.633,unknown,0.630470,left_chewing
3833692.0,-0.338867,-1.647949,1.225098,0.217966,0.137761,-0.063951,chewing,1.000000,81.633,unknown,0.630470,left_chewing
3833702.0,-0.334473,-1.64502,1.21582,0.25687,0.124438,-0.100989,chewing,1.000000,81.633,unknown,0.630470,left_chewing
3833712.0,-0.339355,-1.65918,1.213379,0.232888,0.136962,-0.098591,chewing,1.000000,81.633,unknown,0.630470,left_chewing
3833722.0,-0.350586,-1.67627,1.208008,0.297372,0.162009,-0.192652,chewing,1.000000,81.633,unknown,0.630470,left_chewing
3833732.0,-0.338867,-1.68457,1.205078,0.301636,0.123372,-0.086867,chewing,1.000000,81.633,unknown,0.630470,left_chewing
3833742.0,-0.328125,-1.686523,1.208984,0.293109,0.079939,-0.077008,chewing,1.000000,81.633,unknown,0.630470,left_chewing
3833752.0,-0.332031,-1.665039,1.220215,0.272591,0.039703,-0.075409,chewing,1.000000,81.633,unknown,0.630470,left_chewing
3833762.0,-0.32959,-1.652344,1.229492,0.224628,0.04743,-0.06102,chewing,1.000000,81.633,unknown,0.630470,left_chewing
3833772.0,-0.321289,-1.647949,1.222656,0.162809,0.039703,-0.080472,chewing,1.000000,81.633,unknown,0.630470,left_chewing
3833782.0,-0.320313,-1.655273,1.236816,0.085002,0.033841,-0.061286,chewing,1.000000,81.633,unknown,0.630470,left_chewing
3833792.0,-0.301758,-1.659668,1.214844,-0.036772,-0.016254,-0.014922,chewing,1.000000,81.633,unknown,0.630470,left_chewing
3833802.0,-0.30127,-1.652832,1.228516,-0.092729,0.006395,0.011724,chewing,1.000000,81.633,unknown,0.630470,left_chewing
3833812.0,-0.300781,-1.655273,1.234863,-0.144689,0.042101,-0.006129,chewing,1.000000,81.633,unknown,0.630470,left_chewing
3833822.0,-0.298828,-1.65332,1.220703,-0.201446,-0.020251,0.007194,chewing,1.000000,81.633,unknown,0.630470,left_chewing
3833832.0,-0.283691,-1.652832,1.22998,-0.284049,-0.02638,0.072744,chewing,1.000000,81.633,unknown,0.630470,left_chewing
3833842.0,-0.274414,-1.650879,1.217285,-0.315225,-0.0437,0.092995,chewing,1.000000,81.633,unknown,0.630470,left_chewing
3833852.0,-0.283691,-1.651367,1.217285,-0.325084,-0.095926,0.047963,chewing,1.000000,81.633,unknown,0.630470,left_chewing
3833862.0,-0.277344,-1.659668,1.261719,-0.203311,-0.1303,-0.078873,chewing,1.000000,81.633,unknown,0.630470,left_chewing
3833872.0,-0.29834,-1.620605,1.263672,0.039969,-0.096726,-0.227026,chewing,1.000000,81.633,unknown,0.630470,left_chewing
3833882.0,-0.318359,-1.606934,1.230469,0.209173,-0.028511,-0.221963,chewing,1.000000,81.633,unknown,0.630470,left_chewing
3833892.0,-0.335449,-1.632324,1.22998,0.318689,-0.047963,-0.168671,chewing,1.000000,81.633,unknown,0.630470,left_chewing
3833902.0,-0.337402,-1.617188,1.220703,0.341072,-0.101789,-0.114579,chewing,1.000000,81.633,unknown,0.630470,left_chewing
3833912.0,-0.32666,-1.618164,1.211426,0.32242,-0.059688,-0.026913,chewing,1.000000,81.633,unknown,0.630470,left_chewing
3833922.0,-0.320313,-1.647949,1.239746,0.323752,-0.056224,0.005063,chewing,1.000000,81.633,unknown,0.630470,left_chewing
3833932.0,-0.317871,-1.661621,1.227051,0.279786,-0.038637,-0.010925,chewing,1.000000,81.633,unknown,0.630470,left_chewing
3833942.0,-0.312988,-1.660156,1.23877,0.240616,0.004796,-0.042634,chewing,1.000000,81.633,unknown,0.630470,left_chewing
3833952.0,-0.313965,-1.661621,1.227539,0.167338,0.041035,-0.056757,chewing,1.000000,81.633,unknown,0.630470,left_chewing
3833962.0,-0.320801,-1.643555,1.241699,0.081538,0.04743,-0.081804,chewing,1.000000,81.633,unknown,0.630470,left_chewing
3833972.0,-0.320313,-1.651855,1.244141,0.014655,0.067681,-0.077008,chewing,1.000000,81.633,unknown,0.630470,left_chewing
3833982.0,-0.260254,-1.669922,1.200684,0.013323,-0.036505,-0.053026,chewing,1.000000,81.633,unknown,0.630470,left_chewing
3833992.0,-0.313477,-1.634277,1.261719,-0.032508,0.074609,-0.107651,chewing,1.000000,81.633,unknown,0.630470,left_chewing
3834002.0,-0.304199,-1.625,1.253418,-0.038637,0.056224,-0.086334,chewing,1.000000,81.633,unknown,0.630470,left_chewing
3834012.0,-0.299805,-1.624512,1.249512,-0.046098,0.045565,-0.054625,chewing,1.000000,81.633,unknown,0.630470,left_chewing
3834022.0,-0.298828,-1.62793,1.26709,-0.042101,0.030643,-0.05276,chewing,1.000000,81.633,unknown,0.630470,left_chewing
3834032.0,-0.303711,-1.629883,1.247559,-0.023982,0.018652,-0.042634,chewing,1.000000,81.633,unknown,0.630470,left_chewing
3834042.0,-0.318848,-1.633301,1.27002,-0.018919,-0.002398,-0.038104,chewing,1.000000,81.633,unknown,0.630470,left_chewing
3834052.0,-0.313965,-1.619141,1.268555,-0.015988,-0.009326,-0.035173,chewing,1.000000,81.633,unknown,0.630470,left_chewing
3834062.0,-0.308105,-1.620605,1.273438,-0.007994,-0.018386,-0.029844,chewing,1.000000,81.633,unknown,0.630470,left_chewing
3834072.0,-0.303223,-1.633789,1.285645,0.003997,-0.027179,-0.030643,chewing,1.000000,81.633,unknown,0.630470,left_chewing
3834082.0,-0.319336,-1.637695,1.272949,0.001066,-0.010925,-0.024248,chewing,1.000000,81.633,unknown,0.630470,left_chewing
3834092.0,-0.332031,-1.615234,1.263672,-0.015721,-0.017853,0.005063,chewing,1.000000,81.633,unknown,0.630470,left_chewing
3834102.0,-0.312988,-1.622559,1.287109,-0.04743,-0.016521,0.060221,chewing,1.000000,81.633,unknown,0.630470,left_chewing
3834112.0,-0.307617,-1.649414,1.273438,-0.067415,-0.007727,0.076208,chewing,1.000000,81.633,unknown,0.630470,left_chewing
3834122.0,-0.282715,-1.650391,1.26709,-0.019985,0.083669,0.051161,chewing,1.000000,81.633,unknown,0.630470,left_chewing
3834132.0,-0.297852,-1.621094,1.254395,-0.007994,0.185191,0.077008,chewing,1.000000,81.633,unknown,0.630470,left_chewing
3834142.0,-0.300293,-1.645508,1.221191,-0.123372,0.169204,0.088466,chewing,1.000000,81.633,unknown,0.630470,left_chewing
3834152.0,-0.303711,-1.67041,1.186523,-0.233688,0.130833,0.116977,chewing,1.000000,81.633,unknown,0.630470,left_chewing
3834162.0,-0.306152,-1.659668,1.196777,-0.355194,0.120974,0.225161,chewing,1.000000,81.633,unknown,0.630470,left_chewing
3834172.0,-0.307129,-1.676758,1.210938,-0.443926,0.131366,0.359991,chewing,1.000000,81.633,unknown,0.630470,left_chewing
3834182.0,-0.32666,-1.663574,1.257813,-0.366386,0.093262,0.268861,chewing,1.000000,81.633,unknown,0.630470,left_chewing
3834192.0,-0.333008,-1.654297,1.25,-0.499884,0.020784,0.446591,chewing,1.000000,81.633,unknown,0.630470,left_chewing
3834202.0,-0.318359,-1.594238,1.226563,-0.427672,0.149752,0.278453,chewing,1.000000,81.633,unknown,0.630470,left_chewing
3834212.0,-0.319824,-1.645996,1.263184,-0.374113,0.152949,0.171069,chewing,1.000000,81.633,unknown,0.630470,left_chewing
3834222.0,-0.311523,-1.617188,1.250488,-0.301902,0.18226,0.094861,chewing,1.000000,81.633,unknown,0.630470,left_chewing
3834232.0,-0.311035,-1.592773,1.239746,-0.257403,0.235819,0.023182,chewing,1.000000,81.633,unknown,0.630470,left_chewing
3834242.0,-0.31543,-1.606445,1.223633,-0.234753,0.258735,-0.005596,chewing,1.000000,81.633,unknown,0.630470,left_chewing
3834252.0,-0.318848,-1.64502,1.218262,-0.202511,0.234221,0.022116,chewing,1.000000,81.633,unknown,0.630470,left_chewing
3834262.0,-0.322266,-1.684082,1.227539,-0.130833,0.160144,0.060221,chewing,1.000000,81.633,unknown,0.630470,left_chewing
3834272.0,-0.317871,-1.664063,1.224609,-0.054625,0.085534,0.058622,chewing,1.000000,81.633,unknown,0.630470,left_chewing
3834282.0,-0.320801,-1.651367,1.215332,-0.003997,0.03917,0.051427,chewing,1.000000,81.633,unknown,0.630470,left_chewing
3834292.0,-0.327637,-1.663574,1.210449,0.063951,0.008527,0.022649,chewing,1.000000,81.633,unknown,0.630470,left_chewing
3834302.0,-0.322754,-1.646973,1.231445,0.10019,0.00826,-0.000799,chewing,1.000000,100.000,unknown,0.632470,left_chewing
3834312.0,-0.331543,-1.636719,1.238281,0.126303,0.031975,-0.006129,chewing,1.000000,100.000,unknown,0.632470,left_chewing
3834322.0,-0.337891,-1.633789,1.244629,0.136162,0.079672,-0.042634,chewing,1.000000,100.000,unknown,0.632470,left_chewing
3834332.0,-0.351074,-1.625977,1.241211,0.141758,0.092995,-0.033841,chewing,1.000000,100.000,unknown,0.632470,left_chewing
3834342.0,-0.351074,-1.624023,1.251953,0.167338,0.106851,-0.054625,chewing,1.000000,100.000,unknown,0.632470,left_chewing
3834352.0,-0.344238,-1.620117,1.238281,0.149485,0.085002,-0.074876,chewing,1.000000,100.000,unknown,0.632470,left_chewing
3834362.0,-0.33252,-1.640137,1.228027,0.137228,0.080738,-0.10019,chewing,1.000000,100.000,unknown,0.632470,left_chewing
3834372.0,-0.320801,-1.654297,1.223633,0.163874,0.096459,-0.135629,chewing,1.000000,100.000,unknown,0.632470,left_chewing
3834382.0,-0.327148,-1.649902,1.227051,0.205709,0.107651,-0.177464,chewing,1.000000,100.000,unknown,0.632470,left_chewing
3834392.0,-0.338379,-1.660156,1.237793,0.22143,0.085002,-0.118576,chewing,1.000000,100.000,unknown,0.632470,left_chewing
3834402.0,-0.339355,-1.644043,1.226563,0.235819,0.066083,-0.091663,chewing,1.000000,100.000,unknown,0.632470,left_chewing
3834412.0,-0.323242,-1.643066,1.232422,0.236086,0.077807,-0.081271,chewing,1.000000,100.000,unknown,0.632470,left_chewing
3834422.0,-0.327637,-1.651367,1.221191,0.223029,0.07381,-0.06475,chewing,1.000000,100.000,unknown,0.632470,left_chewing
3834432.0,-0.32959,-1.65625,1.235352,0.20038,0.072211,-0.040236,chewing,1.000000,100.000,unknown,0.632470,left_chewing
3834442.0,-0.325684,-1.649902,1.225098,0.167072,0.026646,-0.027446,chewing,1.000000,100.000,unknown,0.632470,left_chewing
3834452.0,-0.330566,-1.644531,1.23584,0.043433,-0.015721,0.031176,chewing,1.000000,100.000,unknown,0.632470,left_chewing
3834462.0,-0.3125,-1.646484,1.239258,-0.111115,-0.067149,0.104187,chewing,1.000000,100.000,unknown,0.632470,left_chewing
3834472.0,-0.302734,-1.64502,1.239746,-0.219832,-0.058622,0.135629,chewing,1.000000,100.000,unknown,0.632470,left_chewing
3834482.0,-0.312988,-1.63916,1.253418,-0.26513,-0.073277,0.114046,chewing,1.000000,100.000,unknown,0.632470,left_chewing
3834492.0,-0.304688,-1.640625,1.243652,-0.278453,-0.066882,0.077008,chewing,1.000000,100.000,unknown,0.632470,left_chewing
3834502.0,-0.302246,-1.645996,1.250488,-0.307764,-0.089531,0.054891,chewing,1.000000,100.000,unknown,0.632470,left_chewing
3834512.0,-0.310547,-1.651367,1.244629,-0.336809,-0.091663,0.054358,chewing,1.000000,100.000,unknown,0.632470,left_chewing
3834522.0,-0.293945,-1.637207,1.243164,-0.327749,-0.151351,0.028511,chewing,1.000000,100.000,unknown,0.632470,left_chewing
3834532.0,-0.303223,-1.638672,1.259766,-0.305366,-0.182793,0.001066,chewing,1.000000,100.000,unknown,0.632470,left_chewing
3834542.0,-0.311035,-1.648438,1.255859,-0.066083,-0.140692,-0.129767,chewing,1.000000,100.000,unknown,0.632470,left_chewing
3834552.0,-0.327637,-1.622559,1.245117,0.183326,-0.115645,-0.279786,chewing,1.000000,100.000,unknown,0.632470,left_chewing
3834562.0,-0.354004,-1.614746,1.253906,0.301369,-0.18226,-0.289645,chewing,1.000000,100.000,unknown,0.632470,left_chewing
3834572.0,-0.333008,-1.586914,1.225098,0.308564,-0.165207,-0.176931,chewing,1.000000,100.000,unknown,0.632470,left_chewing
3834582.0,-0.334473,-1.61377,1.23291,0.262466,-0.140426,-0.064484,chewing,1.000000,100.000,unknown,0.632470,left_chewing
3834592.0,-0.313477,-1.637695,1.234375,0.264331,-0.129234,-0.029577,chewing,1.000000,100.000,unknown,0.632470,left_chewing
3834602.0,-0.314453,-1.660645,1.211914,0.242747,-0.099923,-0.064484,chewing,1.000000,100.000,unknown,0.632470,left_chewing
3834612.0,-0.326172,-1.684082,1.223633,0.211838,-0.081538,-0.090331,chewing,1.000000,100.000,unknown,0.632470,left_chewing
3834622.0,-0.329102,-1.68457,1.230957,0.180129,-0.085002,-0.095926,chewing,1.000000,100.000,unknown,0.632470,left_chewing
3834632.0,-0.341309,-1.688477,1.237793,0.10019,-0.081538,-0.103387,chewing,1.000000,100.000,unknown,0.632470,left_chewing
3834642.0,-0.335938,-1.667969,1.249512,0.031176,-0.063951,-0.088732,chewing,1.000000,100.000,unknown,0.632470,left_chewing
3834652.0,-0.321777,-1.64209,1.25293,-0.030377,-0.028778,-0.093262,chewing,1.000000,100.000,unknown,0.632470,left_chewing
3834662.0,-0.312988,-1.627441,1.256348,-0.095394,0.000533,-0.104187,chewing,1.000000,100.000,unknown,0.632470,left_chewing
3834672.0,-0.31543,-1.632813,1.247559,-0.130567,0.022383,-0.106052,chewing,1.000000,100.000,unknown,0.632470,left_chewing
3834682.0,-0.29541,-1.624512,1.259277,-0.129234,0.031975,-0.114312,chewing,1.000000,100.000,unknown,0.632470,left_chewing
3834692.0,-0.289063,-1.624023,1.23877,-0.132432,0.025847,-0.102588,chewing,1.000000,100.000,unknown,0.632470,left_chewing
3834702.0,-0.284668,-1.641602,1.258789,-0.126836,0.023715,-0.119375,chewing,1.000000,100.000,unknown,0.632470,left_chewing
3834712.0,-0.331543,-1.565918,1.303223,0.048496,-0.167072,0.11298,chewing,1.000000,100.000,unknown,0.632470,left_chewing
3834722.0,-0.286133,-1.611328,1.249023,-0.066349,-0.043167,-0.069014,chewing,1.000000,100.000,unknown,0.632470,left_chewing
3834732.0,-0.275879,-1.610352,1.247559,-0.055691,-0.031443,-0.011458,chewing,1.000000,100.000,unknown,0.632470,left_chewing
3834742.0,-0.289063,-1.629395,1.256836,-0.0429,-0.022916,0.026913,chewing,1.000000,100.000,unknown,0.632470,left_chewing
3834752.0,-0.28125,-1.628906,1.258301,-0.060487,-0.019718,0.034107,chewing,1.000000,100.000,unknown,0.632470,left_chewing
3834762.0,-0.28418,-1.624023,1.243164,-0.111115,-0.038637,0.033574,chewing,1.000000,100.000,unknown,0.632470,left_chewing
3834772.0,-0.273926,-1.615723,1.259277,-0.171868,-0.048496,0.027979,chewing,1.000000,100.000,unknown,0.632470,left_chewing
3834782.0,-0.247559,-1.623535,1.249512,-0.248343,-0.038904,0.038104,chewing,1.000000,100.000,unknown,0.632470,left_chewing
3834792.0,-0.264648,-1.673828,1.298828,-0.083669,0.070879,-0.043167,chewing,1.000000,100.000,unknown,0.632470,left_chewing
3834802.0,-0.283691,-1.591797,1.23877,0.005329,0.170802,-0.000266,chewing,1.000000,100.000,unknown,0.632470,left_chewing
3834812.0,-0.282715,-1.625488,1.197754,-0.079939,0.207574,0.117776,chewing,1.000000,100.000,unknown,0.632470,left_chewing
3834822.0,-0.324707,-1.671387,1.208496,-0.025847,0.136695,0.095926,chewing,1.000000,100.000,unknown,0.632470,left_chewing
3834832.0,-0.314941,-1.649414,1.209473,-0.041035,0.112447,0.158279,chewing,1.000000,100.000,unknown,0.632470,left_chewing
3834842.0,-0.315918,-1.646484,1.212402,-0.173467,0.105786,0.333078,chewing,1.000000,100.000,unknown,0.632470,left_chewing
3834852.0,-0.310547,-1.678711,1.22168,-0.31336,0.102588,0.407954,chewing,1.000000,100.000,unknown,0.632470,left_chewing
3834862.0,-0.307617,-1.697266,1.227539,-0.420744,0.112447,0.370116,chewing,1.000000,100.000,unknown,0.632470,left_chewing
3834872.0,-0.311523,-1.700684,1.259277,-0.474037,0.159078,0.293908,chewing,1.000000,100.000,unknown,0.632470,left_chewing
3834882.0,-0.32666,-1.656738,1.259766,-0.475636,0.227825,0.206242,chewing,1.000000,100.000,unknown,0.632470,left_chewing
3834892.0,-0.324707,-1.620117,1.253418,-0.450055,0.302701,0.202511,chewing,1.000000,100.000,unknown,0.632470,left_chewing
3834902.0,-0.32373,-1.643066,1.219238,-0.545449,0.320021,0.37438,chewing,1.000000,100.000,unknown,0.632470,left_chewing
3834912.0,-0.338867,-1.627441,1.233398,-0.545715,0.342404,0.359191,chewing,1.000000,100.000,unknown,0.632470,left_chewing
3834922.0,-0.342773,-1.649414,1.224121,-0.464711,0.274456,0.292576,chewing,1.000000,100.000,unknown,0.632470,left_chewing
3834932.0,-0.317383,-1.647949,1.230957,-0.328815,0.203311,0.197982,chewing,1.000000,100.000,unknown,0.632470,left_chewing
3834942.0,-0.303223,-1.657227,1.213867,-0.206242,0.149485,0.116444,chewing,1.000000,100.000,unknown,0.632470,left_chewing
3834952.0,-0.311523,-1.665039,1.222168,-0.02558,0.08287,0.003198,chewing,1.000000,100.000,unknown,0.632470,left_chewing
3834962.0,-0.319336,-1.648438,1.225586,0.109783,0.037838,-0.055424,chewing,1.000000,100.000,unknown,0.632470,left_chewing
3834972.0,-0.33252,-1.611328,1.22168,0.158812,0.039969,-0.033041,chewing,1.000000,100.000,unknown,0.632470,left_chewing
3834982.0,-0.355957,-1.633301,1.22998,0.179063,0.047697,-0.01359,chewing,1.000000,100.000,unknown,0.632470,left_chewing
3834992.0,-0.34668,-1.631836,1.233887,0.228891,0.035173,-0.023449,chewing,1.000000,100.000,unknown,0.632470,left_chewing
3835002.0,-0.341309,-1.623047,1.218262,0.202511,0.054358,-0.011724,chewing,1.000000,100.000,unknown,0.632470,left_chewing
3835012.0,-0.344238,-1.647949,1.223633,0.181994,0.089265,-0.007727,chewing,1.000000,100.000,unknown,0.632470,left_chewing
3835022.0,-0.357422,-1.675293,1.212402,0.204377,0.094594,-0.011724,chewing,1.000000,100.000,unknown,0.632470,left_chewing
3835032.0,-0.340332,-1.670898,1.208496,0.188123,0.115112,-0.014123,chewing,1.000000,100.000,unknown,0.632470,left_chewing
3835042.0,-0.36377,-1.658691,1.222656,0.247277,0.172135,-0.199847,chewing,1.000000,100.000,unknown,0.632470,left_chewing
3835052.0,-0.354004,-1.651855,1.229004,0.171335,0.12204,-0.106585,chewing,1.000000,100.000,unknown,0.632470,left_chewing
3835062.0,-0.348633,-1.656738,1.214844,0.126037,0.117243,-0.086867,chewing,1.000000,100.000,unknown,0.632470,left_chewing
3835072.0,-0.347656,-1.653809,1.210938,0.101256,0.10925,-0.095127,chewing,1.000000,100.000,unknown,0.632470,left_chewing
3835082.0,-0.337891,-1.644043,1.210938,0.129501,0.106585,-0.106319,chewing,1.000000,100.000,unknown,0.632470,left_chewing
3835092.0,-0.345215,-1.659668,1.226074,0.13936,0.110848,-0.108184,chewing,1.000000,100.000,unknown,0.632470,left_chewing
3835102.0,-0.32666,-1.64209,1.223145,0.142824,0.101522,-0.098591,chewing,1.000000,100.000,unknown,0.632470,left_chewing
3835112.0,-0.324707,-1.628418,1.224609,0.107384,0.088199,-0.074077,chewing,1.000000,100.000,unknown,0.632470,left_chewing
3835122.0,-0.319336,-1.625488,1.230469,0.071412,0.072211,-0.050095,chewing,1.000000,100.000,unknown,0.632470,left_chewing
3835132.0,-0.319824,-1.634766,1.221191,-0.002665,0.041302,0.007994,chewing,1.000000,100.000,unknown,0.632470,left_chewing
3835142.0,-0.3125,-1.64502,1.231934,-0.053026,0.017853,0.049029,chewing,1.000000,100.000,unknown,0.632470,left_chewing
3835152.0,-0.308594,-1.639648,1.242676,-0.108717,-0.031975,0.053559,chewing,1.000000,100.000,unknown,0.632470,left_chewing
3835162.0,-0.328613,-1.638672,1.23291,-0.193452,-0.062885,0.095926,chewing,1.000000,100.000,unknown,0.632470,left_chewing
3835172.0,-0.317871,-1.641602,1.228027,-0.281917,-0.083669,0.149485,chewing,1.000000,100.000,unknown,0.632470,left_chewing
3835182.0,-0.320801,-1.67041,1.224609,-0.326683,-0.139093,0.132965,chewing,1.000000,100.000,unknown,0.632470,left_chewing
3835192.0,-0.319824,-1.668457,1.215332,-0.334144,-0.139893,0.08287,chewing,1.000000,100.000,unknown,0.632470,left_chewing
3835202.0,-0.308594,-1.655273,1.226563,-0.297106,-0.139093,0.033308,chewing,1.000000,100.000,unknown,0.632470,left_chewing
3835212.0,-0.308105,-1.660645,1.238281,-0.240083,-0.115911,-0.006662,chewing,1.000000,100.000,unknown,0.632470,left_chewing
3835222.0,-0.291504,-1.647949,1.215332,-0.097792,-0.11751,-0.105253,chewing,1.000000,100.000,unknown,0.632470,left_chewing
3835232.0,-0.310547,-1.63916,1.249512,0.090331,-0.094061,-0.209972,chewing,1.000000,100.000,unknown,0.632470,left_chewing
3835242.0,-0.327148,-1.614746,1.248535,0.250741,-0.100723,-0.253139,chewing,1.000000,100.000,unknown,0.632470,left_chewing
3835252.0,-0.354492,-1.614746,1.219727,0.29524,-0.11751,-0.207041,chewing,1.000000,100.000,unknown,0.632470,left_chewing
3835262.0,-0.35498,-1.642578,1.206543,0.266462,-0.120708,-0.096459,chewing,1.000000,100.000,unknown,0.632470,left_chewing
3835272.0,-0.331543,-1.65332,1.236816,0.244346,-0.106319,-0.046631,chewing,1.000000,100.000,unknown,0.632470,left_chewing
3835282.0,-0.333496,-1.662109,1.216797,0.211038,-0.080472,-0.050894,chewing,1.000000,100.000,unknown,0.632470,left_chewing
3835292.0,-0.324219,-1.661133,1.229492,0.178263,-0.065017,-0.068747,chewing,1.000000,100.000,unknown,0.632470,left_chewing
3835302.0,-0.330078,-1.648926,1.234375,0.111115,-0.01279,-0.082603,chewing,1.000000,100.000,unknown,0.632470,left_chewing
3835312.0,-0.32666,-1.660156,1.220703,0.061819,0.000266,-0.073544,chewing,1.000000,100.000,unknown,0.632470,left_chewing
3835322.0,-0.319824,-1.652832,1.232422,0.024781,0.049562,-0.067948,chewing,1.000000,91.603,right_chewing,0.665888,left_chewing
3835332.0,-0.321289,-1.647949,1.231445,-0.000799,0.048763,-0.06928,chewing,1.000000,91.603,right_chewing,0.665888,left_chewing
3835342.0,-0.310059,-1.644531,1.242188,-0.044766,0.067415,-0.066882,chewing,1.000000,91.603,right_chewing,0.665888,left_chewing
3835352.0,-0.310059,-1.633301,1.235352,-0.066616,0.059688,-0.060221,chewing,1.000000,91.603,right_chewing,0.665888,left_chewing
3835362.0,-0.304688,-1.649902,1.229004,-0.081538,0.03011,-0.046897,chewing,1.000000,91.603,right_chewing,0.665888,left_chewing
3835372.0,-0.302246,-1.644043,1.252441,-0.089798,0.004263,-0.03544,chewing,1.000000,91.603,right_chewing,0.665888,left_chewing
3835382.0,-0.303711,-1.642578,1.235352,-0.054092,-0.005063,-0.023715,chewing,1.000000,91.603,right_chewing,0.665888,left_chewing
3835392.0,-0.305176,-1.639648,1.245117,-0.024515,-0.025047,-0.002398,chewing,1.000000,91.603,right_chewing,0.665888,left_chewing
3835402.0,-0.296387,-1.629883,1.242676,-0.022116,-0.010392,0.005063,chewing,1.000000,91.603,right_chewing,0.665888,left_chewing
3835412.0,-0.298828,-1.61377,1.24707,-0.006129,-0.016521,0.018386,chewing,1.000000,91.603,right_chewing,0.665888,left_chewing
3835422.0,-0.29834,-1.617676,1.23877,0.005596,-0.020251,0.007994,chewing,1.000000,91.603,right_chewing,0.665888,left_chewing
3835432.0,-0.305176,-1.636719,1.246582,0.010392,-0.006129,0.017853,chewing,1.000000,91.603,right_chewing,0.665888,left_chewing
3835442.0,-0.314453,-1.646484,1.230957,0.003997,-0.00453,0.011991,chewing,1.000000,91.603,right_chewing,0.665888,left_chewing
3835452.0,-0.317383,-1.647949,1.23584,0.013856,0.010126,0.012524,chewing,1.000000,91.603,right_chewing,0.665888,left_chewing
3835462.0,-0.333496,-1.641113,1.246582,0.011991,0.018386,0.02185,chewing,1.000000,91.603,right_chewing,0.665888,left_chewing
3835472.0,-0.319824,-1.632324,1.256348,-0.041835,0.041302,0.028778,chewing,1.000000,91.603,right_chewing,0.665888,left_chewing
3835482.0,-0.327637,-1.644531,1.240723,-0.088199,0.063685,0.047164,chewing,1.000000,91.603,right_chewing,0.665888,left_chewing
3835492.0,-0.297852,-1.632324,1.278809,-0.137761,0.018652,0.03544,chewing,1.000000,91.603,right_chewing,0.665888,left_chewing
3835502.0,-0.308594,-1.575684,1.242188,-0.010925,0.229158,0.007461,chewing,1.000000,91.603,right_chewing,0.665888,left_chewing
3835512.0,-0.298828,-1.623047,1.209473,-0.065283,0.316291,0.132698,chewing,1.000000,91.603,right_chewing,0.665888,left_chewing
3835522.0,-0.299316,-1.702637,1.187988,-0.144956,0.26966,0.146554,chewing,1.000000,91.603,right_chewing,0.665888,left_chewing
3835532.0,-0.319336,-1.699707,1.180664,-0.23049,0.171602,0.152683,chewing,1.000000,91.603,right_chewing,0.665888,left_chewing
3835542.0,-0.302734,-1.675293,1.171875,-0.353063,0.156147,0.292043,chewing,1.000000,91.603,right_chewing,0.665888,left_chewing
3835552.0,-0.324707,-1.689941,1.214844,-0.48656,0.155614,0.415948,chewing,1.000000,91.603,right_chewing,0.665888,left_chewing
3835562.0,-0.360352,-1.697754,1.23291,-0.494021,0.121773,0.39543,chewing,1.000000,91.603,right_chewing,0.665888,left_chewing
3835572.0,-0.361816,-1.676758,1.233887,-0.435133,0.134297,0.402625,chewing,1.000000,91.603,right_chewing,0.665888,left_chewing
3835582.0,-0.360352,-1.645508,1.279785,-0.353329,0.104453,0.303234,chewing,1.000000,91.603,right_chewing,0.665888,left_chewing
3835592.0,-0.365234,-1.533691,1.277832,-0.436199,0.128435,0.393565,chewing,1.000000,91.603,right_chewing,0.665888,left_chewing
3835602.0,-0.355957,-1.608398,1.233887,-0.429271,0.197449,0.376511,chewing,1.000000,91.603,right_chewing,0.665888,left_chewing
3835612.0,-0.361328,-1.631348,1.236816,-0.436466,0.242481,0.290178,chewing,1.000000,91.603,right_chewing,0.665888,left_chewing
3835622.0,-0.373047,-1.658691,1.215332,-0.411418,0.254472,0.259268,chewing,1.000000,91.603,right_chewing,0.665888,left_chewing
3835632.0,-0.35498,-1.665039,1.231934,-0.28245,0.206508,0.156946,chewing,1.000000,91.603,right_chewing,0.665888,left_chewing
3835642.0,-0.386719,-1.66748,1.200195,-0.191853,0.176398,0.082337,chewing,1.000000,91.603,right_chewing,0.665888,left_chewing
3835652.0,-0.36084,-1.668457,1.227051,-0.030377,0.116178,0.02185,chewing,1.000000,91.603,right_chewing,0.665888,left_chewing
3835662.0,-0.348145,-1.639648,1.211426,0.111648,0.088998,-0.032242,chewing,1.000000,91.603,right_chewing,0.665888,left_chewing
3835672.0,-0.34668,-1.623535,1.209961,0.19585,0.079939,-0.057822,chewing,1.000000,91.603,right_chewing,0.665888,left_chewing
3835682.0,-0.357422,-1.618164,1.208008,0.251274,0.096193,-0.071412,chewing,1.000000,91.603,right_chewing,0.665888,left_chewing
3835692.0,-0.36377,-1.60498,1.210449,0.259801,0.126037,-0.050095,chewing,1.000000,91.603,right_chewing,0.665888,left_chewing
3835702.0,-0.350586,-1.624512,1.220215,0.27419,0.136162,-0.031709,chewing,1.000000,91.603,right_chewing,0.665888,left_chewing
3835712.0,-0.35791,-1.633789,1.20752,0.288046,0.158012,-0.056224,chewing,1.000000,91.603,right_chewing,0.665888,left_chewing
3835722.0,-0.383301,-1.644043,1.23584,0.33974,0.204643,-0.148686,chewing,1.000000,91.603,right_chewing,0.665888,left_chewing
3835732.0,-0.372559,-1.674316,1.215332,0.36079,0.209173,-0.189721,chewing,1.000000,91.603,right_chewing,0.665888,left_chewing
3835742.0,-0.378906,-1.67041,1.223633,0.358392,0.175599,-0.241415,chewing,1.000000,91.603,right_chewing,0.665888,left_chewing
3835752.0,-0.381836,-1.652832,1.227539,0.337075,0.166539,-0.262998,chewing,1.000000,91.603,right_chewing,0.665888,left_chewing
3835762.0,-0.378906,-1.643555,1.207031,0.327216,0.179862,-0.227292,chewing,1.000000,91.603,right_chewing,0.665888,left_chewing
3835772.0,-0.366211,-1.640137,1.201172,0.335743,0.213969,-0.203044,chewing,1.000000,91.603,right_chewing,0.665888,left_chewing
3835782.0,-0.354492,-1.664063,1.203125,0.33974,0.2177,-0.179862,chewing,1.000000,91.603,right_chewing,0.665888,left_chewing
3835792.0,-0.346191,-1.65625,1.219238,0.347467,0.175332,-0.17027,chewing,1.000000,91.603,right_chewing,0.665888,left_chewing
3835802.0,-0.338867,-1.640137,1.22998,0.301369,0.118576,-0.118309,chewing,1.000000,91.603,right_chewing,0.665888,left_chewing
3835812.0,-0.340332,-1.616699,1.250488,0.193718,0.067149,-0.057822,chewing,1.000000,91.603,right_chewing,0.665888,left_chewing
3835822.0,-0.338379,-1.629395,1.22998,0.003464,0.044499,0.054891,chewing,1.000000,91.603,right_chewing,0.665888,left_chewing
3835832.0,-0.332031,-1.64502,1.22998,-0.231556,-0.011991,0.162809,chewing,1.000000,91.603,right_chewing,0.665888,left_chewing
3835842.0,-0.331543,-1.672852,1.222656,-0.39996,-0.062619,0.245145,chewing,1.000000,91.603,right_chewing,0.665888,left_chewing
3835852.0,-0.313477,-1.69043,1.24707,-0.458582,-0.148953,0.199047,chewing,1.000000,91.603,right_chewing,0.665888,left_chewing
3835862.0,-0.325684,-1.653809,1.22168,-0.450588,-0.175865,0.114579,chewing,1.000000,91.603,right_chewing,0.665888,left_chewing
3835872.0,-0.325195,-1.650391,1.21582,-0.439663,-0.235553,0.054358,chewing,1.000000,91.603,right_chewing,0.665888,left_chewing
3835882.0,-0.31543,-1.682617,1.233887,-0.416747,-0.325617,0.085801,chewing,1.000000,91.603,right_chewing,0.665888,left_chewing
3835892.0,-0.310547,-1.638184,1.228027,-0.408487,-0.326417,0.065017,chewing,1.000000,91.603,right_chewing,0.665888,left_chewing
3835902.0,-0.311035,-1.635254,1.236816,-0.086067,-0.224361,-0.202245,chewing,1.000000,91.603,right_chewing,0.665888,left_chewing
3835912.0,-0.336914,-1.577637,1.23291,0.229424,-0.093528,-0.329348,chewing,1.000000,91.603,right_chewing,0.665888,left_chewing
3835922.0,-0.358887,-1.575684,1.222168,0.33974,-0.03464,-0.228358,chewing,1.000000,91.603,right_chewing,0.665888,left_chewing
3835932.0,-0.370605,-1.609375,1.234863,0.408487,-0.08287,-0.174266,chewing,1.000000,91.603,right_chewing,0.665888,left_chewing
3835942.0,-0.343262,-1.603516,1.216797,0.387436,-0.079139,-0.068481,chewing,1.000000,91.603,right_chewing,0.665888,left_chewing
3835952.0,-0.352051,-1.643066,1.208008,0.338407,-0.067415,-0.037571,chewing,1.000000,91.603,right_chewing,0.665888,left_chewing
3835962.0,-0.33252,-1.67041,1.222168,0.318689,-0.097792,-0.085534,chewing,1.000000,91.603,right_chewing,0.665888,left_chewing
3835972.0,-0.335449,-1.65625,1.219727,0.297106,-0.062885,-0.097525,chewing,1.000000,91.603,right_chewing,0.665888,left_chewing
3835982.0,-0.341309,-1.645996,1.243652,0.302968,0.024515,-0.2177,chewing,1.000000,91.603,right_chewing,0.665888,left_chewing
3835992.0,-0.33252,-1.65918,1.22998,0.208107,-0.023449,-0.107384,chewing,1.000000,91.603,right_chewing,0.665888,left_chewing
3836002.0,-0.332031,-1.637695,1.244141,0.148953,-0.00453,-0.112447,chewing,1.000000,91.603,right_chewing,0.665888,left_chewing
3836012.0,-0.345215,-1.626465,1.249023,0.070879,0.022116,-0.117243,chewing,1.000000,91.603,right_chewing,0.665888,left_chewing
3836022.0,-0.357422,-1.621582,1.242676,0.020251,0.03917,-0.123106,chewing,1.000000,91.603,right_chewing,0.665888,left_chewing
3836032.0,-0.338867,-1.616699,1.267578,-0.048496,0.038904,-0.089531,chewing,1.000000,91.603,right_chewing,0.665888,left_chewing
3836042.0,-0.338379,-1.632813,1.23877,-0.056757,0.034907,-0.037038,chewing,1.000000,91.603,right_chewing,0.665888,left_chewing
3836052.0,-0.328613,-1.633789,1.255859,-0.062885,0.004796,-0.002132,chewing,1.000000,91.603,right_chewing,0.665888,left_chewing
3836062.0,-0.306641,-1.635742,1.244141,-0.046364,-0.01359,-0.028511,chewing,1.000000,91.603,right_chewing,0.665888,left_chewing
3836072.0,-0.321777,-1.638672,1.249023,-0.036239,-0.009593,-0.043167,chewing,1.000000,91.603,right_chewing,0.665888,left_chewing
3836082.0,-0.330566,-1.646973,1.255859,-0.02185,-0.00453,-0.059954,chewing,1.000000,91.603,right_chewing,0.665888,left_chewing
3836092.0,-0.333984,-1.62793,1.262695,-0.027712,0.009859,-0.068214,chewing,1.000000,91.603,right_chewing,0.665888,left_chewing
3836102.0,-0.347168,-1.625488,1.265137,-0.020518,0.028778,-0.054092,chewing,1.000000,91.603,right_chewing,0.665888,left_chewing
3836112.0,-0.357422,-1.601563,1.263184,-0.01732,0.051694,-0.028245,chewing,1.000000,91.603,right_chewing,0.665888,left_chewing
3836122.0,-0.343262,-1.61084,1.263672,-0.014655,0.046364,0.011991,chewing,1.000000,91.603,right_chewing,0.665888,left_chewing
3836132.0,-0.330078,-1.609863,1.266602,-0.011458,0.058888,0.036772,chewing,1.000000,91.603,right_chewing,0.665888,left_chewing
3836142.0,-0.333008,-1.656738,1.237305,0.005063,0.069014,0.034107,chewing,1.000000,91.603,right_chewing,0.665888,left_chewing
3836152.0,-0.333984,-1.655273,1.250977,0.006129,0.068214,0.038104,chewing,1.000000,91.603,right_chewing,0.665888,left_chewing
3836162.0,-0.347168,-1.638184,1.250977,-0.005596,0.083936,0.046364,chewing,1.000000,91.603,right_chewing,0.665888,left_chewing
3836172.0,-0.351563,-1.625,1.258789,-0.031975,0.088732,0.073544,chewing,1.000000,91.603,right_chewing,0.665888,left_chewing
3836182.0,-0.336914,-1.64209,1.261719,-0.107917,0.048496,0.115645,chewing,1.000000,91.603,right_chewing,0.665888,left_chewing
3836192.0,-0.307617,-1.661621,1.317871,-0.176132,-0.006395,0.097792,chewing,1.000000,91.603,right_chewing,0.665888,left_chewing
3836202.0,-0.303711,-1.599609,1.224121,-0.124438,0.179329,0.1311,chewing,1.000000,91.603,right_chewing,0.665888,left_chewing
3836212.0,-0.329102,-1.658691,1.214355,-0.212104,0.235819,0.156946,chewing,1.000000,91.603,right_chewing,0.665888,left_chewing
3836222.0,-0.328125,-1.710938,1.183594,-0.297372,0.185724,0.153749,chewing,1.000000,91.603,right_chewing,0.665888,left_chewing
3836232.0,-0.357422,-1.683594,1.187988,-0.337874,0.146554,0.190254,chewing,1.000000,91.603,right_chewing,0.665888,left_chewing
3836242.0,-0.337891,-1.631348,1.208984,-0.474836,0.138028,0.347201,chewing,1.000000,91.603,right_chewing,0.665888,left_chewing
3836252.0,-0.350586,-1.660156,1.230469,-0.578224,0.135363,0.373847,chewing,1.000000,91.603,right_chewing,0.665888,left_chewing
3836262.0,-0.353027,-1.655273,1.228027,-0.535856,0.14842,0.294441,chewing,1.000000,91.603,right_chewing,0.665888,left_chewing
3836272.0,-0.388184,-1.556641,1.255859,-0.585418,0.113779,0.396763,chewing,1.000000,91.603,right_chewing,0.665888,left_chewing
3836282.0,-0.364746,-1.604004,1.225098,-0.571296,0.223296,0.374913,chewing,1.000000,91.603,right_chewing,0.665888,left_chewing
3836292.0,-0.365723,-1.619629,1.23877,-0.525464,0.251807,0.365054,chewing,1.000000,91.603,right_chewing,0.665888,left_chewing
3836302.0,-0.364258,-1.607422,1.220215,-0.44739,0.272858,0.300037,chewing,1.000000,91.603,right_chewing,0.665888,left_chewing
3836312.0,-0.366699,-1.635742,1.22168,-0.444193,0.341605,0.329081,chewing,1.000000,91.603,right_chewing,0.665888,left_chewing
3836322.0,-0.375,-1.67627,1.216797,-0.304833,0.279519,0.244879,chewing,1.000000,91.603,right_chewing,0.665888,left_chewing
3836332.0,-0.386719,-1.654785,1.219727,-0.167072,0.200113,0.149752,chewing,1.000000,91.603,right_chewing,0.665888,left_chewing
3836342.0,-0.377441,-1.635254,1.200684,-0.06555,0.175332,0.10925,chewing,1.000000,91.603,right_chewing,0.665888,left_chewing
3836352.0,-0.380859,-1.662598,1.21582,0.086867,0.121773,0.010925,chewing,1.000000,83.333,unknown,0.638720,left_chewing
3836362.0,-0.373047,-1.619629,1.224121,0.159078,0.0866,-0.039703,chewing,1.000000,83.333,unknown,0.638720,left_chewing
3836372.0,-0.364258,-1.625977,1.235352,0.19132,0.106052,-0.075675,chewing,1.000000,83.333,unknown,0.638720,left_chewing
3836382.0,-0.373047,-1.620605,1.219727,0.208374,0.157746,-0.068747,chewing,1.000000,83.333,unknown,0.638720,left_chewing
3836392.0,-0.387695,-1.652344,1.210449,0.221164,0.187323,-0.070879,chewing,1.000000,83.333,unknown,0.638720,left_chewing
3836402.0,-0.388672,-1.657227,1.208496,0.246744,0.187323,-0.09566,chewing,1.000000,83.333,unknown,0.638720,left_chewing
3836412.0,-0.392578,-1.642578,1.208984,0.263531,0.204377,-0.137495,chewing,1.000000,83.333,unknown,0.638720,left_chewing
3836422.0,-0.404785,-1.603516,1.212891,0.292576,0.225161,-0.272858,chewing,1.000000,83.333,unknown,0.638720,left_chewing
3836432.0,-0.414551,-1.653809,1.220215,0.297639,0.234753,-0.234487,chewing,1.000000,83.333,unknown,0.638720,left_chewing
3836442.0,-0.39209,-1.63916,1.208496,0.314426,0.218233,-0.211038,chewing,1.000000,83.333,unknown,0.638720,left_chewing
3836452.0,-0.371094,-1.663574,1.224121,0.316025,0.207574,-0.214769,chewing,1.000000,83.333,unknown,0.638720,left_chewing
3836462.0,-0.37793,-1.647461,1.214355,0.315758,0.205443,-0.226227,chewing,1.000000,83.333,unknown,0.638720,left_chewing
3836472.0,-0.367676,-1.624512,1.222168,0.290444,0.193985,-0.227292,chewing,1.000000,83.333,unknown,0.638720,left_chewing
3836482.0,-0.371582,-1.634277,1.219238,0.276055,0.178263,-0.205709,chewing,1.000000,83.333,unknown,0.638720,left_chewing
3836492.0,-0.379395,-1.645508,1.22168,0.268594,0.16947,-0.171069,chewing,1.000000,83.333,unknown,0.638720,left_chewing
3836502.0,-0.389648,-1.62207,1.23291,0.243813,0.223029,-0.185991,chewing,1.000000,83.333,unknown,0.638720,left_chewing
3836512.0,-0.383301,-1.639648,1.240234,0.208374,0.159611,-0.101789,chewing,1.000000,83.333,unknown,0.638720,left_chewing
3836522.0,-0.382813,-1.654297,1.217285,0.133764,0.03011,-0.025847,chewing,1.000000,83.333,unknown,0.638720,left_chewing
3836532.0,-0.365723,-1.622559,1.219238,-0.110848,-0.065017,0.099124,chewing,1.000000,83.333,unknown,0.638720,left_chewing
3836542.0,-0.35498,-1.637695,1.220215,-0.323219,-0.023449,0.199314,chewing,1.000000,83.333,unknown,0.638720,left_chewing
3836552.0,-0.354492,-1.670898,1.218262,-0.429538,-0.042101,0.212637,chewing,1.000000,83.333,unknown,0.638720,left_chewing
3836562.0,-0.339355,-1.654785,1.223145,-0.425807,-0.097525,0.153749,chewing,1.000000,83.333,unknown,0.638720,left_chewing
3836572.0,-0.337891,-1.641602,1.225586,-0.424741,-0.153216,0.086867,chewing,1.000000,83.333,unknown,0.638720,left_chewing
3836582.0,-0.349121,-1.607422,1.252441,-0.500949,-0.289645,0.198781,chewing,1.000000,83.333,unknown,0.638720,left_chewing
3836592.0,-0.339355,-1.64209,1.21582,-0.427939,-0.314159,0.120175,chewing,1.000000,83.333,unknown,0.638720,left_chewing
3836602.0,-0.334961,-1.668945,1.24707,-0.38344,-0.340273,0.053559,chewing,1.000000,83.333,unknown,0.638720,left_chewing
3836612.0,-0.346191,-1.631348,1.250488,-0.013323,-0.242481,-0.307231,chewing,1.000000,83.333,unknown,0.638720,left_chewing
3836622.0,-0.371582,-1.565918,1.25,0.312294,-0.118043,-0.431136,chewing,1.000000,83.333,unknown,0.638720,left_chewing
3836632.0,-0.401367,-1.575684,1.246094,0.448989,-0.130833,-0.383706,chewing,1.000000,83.333,unknown,0.638720,left_chewing
3836642.0,-0.376953,-1.584961,1.219238,0.452986,-0.169204,-0.227825,chewing,1.000000,83.333,unknown,0.638720,left_chewing
3836652.0,-0.361328,-1.591309,1.209473,0.400493,-0.106319,-0.040502,chewing,1.000000,83.333,unknown,0.638720,left_chewing
3836662.0,-0.353027,-1.647461,1.200195,0.373047,-0.087133,0.010658,chewing,1.000000,83.333,unknown,0.638720,left_chewing
3836672.0,-0.352051,-1.695313,1.209961,0.350398,-0.076741,-0.058888,chewing,1.000000,83.333,unknown,0.638720,left_chewing
3836682.0,-0.361816,-1.703125,1.208496,0.273657,-0.026113,-0.097792,chewing,1.000000,83.333,unknown,0.638720,left_chewing
3836692.0,-0.35791,-1.661621,1.206055,0.203311,-0.041568,-0.161476,chewing,1.000000,83.333,unknown,0.638720,left_chewing
3836702.0,-0.371582,-1.65332,1.240723,0.081271,-0.015721,-0.130034,chewing,1.000000,83.333,unknown,0.638720,left_chewing
3836712.0,-0.368652,-1.644531,1.24707,0.002132,0.012257,-0.147354,chewing,1.000000,83.333,unknown,0.638720,left_chewing
3836722.0,-0.375,-1.623047,1.25293,-0.064484,0.043966,-0.128168,chewing,1.000000,83.333,unknown,0.638720,left_chewing
3836732.0,-0.364258,-1.606445,1.253906,-0.098058,0.073544,-0.105786,chewing,1.000000,83.333,unknown,0.638720,left_chewing
3836742.0,-0.344727,-1.625,1.242188,-0.092995,0.084469,-0.090597,chewing,1.000000,83.333,unknown,0.638720,left_chewing
3836752.0,-0.344727,-1.623535,1.256348,-0.110315,0.06555,-0.079672,chewing,1.000000,83.333,unknown,0.638720,left_chewing
3836762.0,-0.330566,-1.632324,1.262695,-0.082337,0.06102,-0.087933,chewing,1.000000,83.333,unknown,0.638720,left_chewing
3836772.0,-0.32666,-1.614746,1.247559,-0.069813,0.030643,-0.086067,chewing,1.000000,83.333,unknown,0.638720,left_chewing
3836782.0,-0.333984,-1.621582,1.261719,-0.047697,0.014123,-0.079139,chewing,1.000000,83.333,unknown,0.638720,left_chewing
3836792.0,-0.348633,-1.626953,1.257813,-0.043167,-0.007461,-0.03091,chewing,1.000000,83.333,unknown,0.638720,left_chewing
3836802.0,-0.339844,-1.609375,1.259277,-0.03544,-0.00906,-0.002132,chewing,1.000000,83.333,unknown,0.638720,left_chewing
3836812.0,-0.330566,-1.606445,1.258301,-0.012524,0.0,0.015721,chewing,1.000000,83.333,unknown,0.638720,left_chewing
3836822.0,-0.352051,-1.617188,1.244629,-0.017587,0.026913,0.035972,chewing,1.000000,83.333,unknown,0.638720,left_chewing
3836832.0,-0.352539,-1.625488,1.26416,-0.017587,0.037571,0.042101,chewing,1.000000,83.333,unknown,0.638720,left_chewing
3836842.0,-0.352539,-1.628906,1.257324,-0.073277,0.043433,0.041302,chewing,1.000000,83.333,unknown,0.638720,left_chewing
3836852.0,-0.34375,-1.629883,1.259277,-0.146288,0.007461,0.042101,chewing,1.000000,83.333,unknown,0.638720,left_chewing
3836862.0,-0.32373,-1.59668,1.245117,-0.055424,0.202245,0.007461,chewing,1.000000,83.333,unknown,0.638720,left_chewing
3836872.0,-0.357422,-1.602051,1.211914,-0.153216,0.268594,0.075675,chewing,1.000000,83.333,unknown,0.638720,left_chewing
3836882.0,-0.330566,-1.672852,1.177734,-0.284049,0.264597,0.179063,chewing,1.000000,83.333,unknown,0.638720,left_chewing
3836892.0,-0.331543,-1.676758,1.153809,-0.42634,0.227559,0.262199,chewing,1.000000,83.333,unknown,0.638720,left_chewing
3836902.0,-0.32666,-1.703613,1.186035,-0.583819,0.211838,0.418613,chewing,1.000000,83.333,unknown,0.638720,left_chewing
3836912.0,-0.346191,-1.700195,1.202148,-0.56117,0.180129,0.422077,chewing,1.000000,83.333,unknown,0.638720,left_chewing
3836922.0,-0.385254,-1.631348,1.208984,-0.59128,0.192119,0.418346,chewing,1.000000,83.333,unknown,0.638720,left_chewing
3836932.0,-0.38916,-1.678223,1.205078,-0.671219,0.159877,0.553975,chewing,1.000000,83.333,unknown,0.638720,left_chewing
3836942.0,-0.391602,-1.638672,1.21875,-0.607002,0.206242,0.411418,chewing,1.000000,83.333,unknown,0.638720,left_chewing
3836952.0,-0.398926,-1.624512,1.246582,-0.462845,0.241681,0.258735,chewing,1.000000,83.333,unknown,0.638720,left_chewing
3836962.0,-0.385742,-1.606934,1.237305,-0.329881,0.275789,0.106585,chewing,1.000000,83.333,unknown,0.638720,left_chewing
3836972.0,-0.382324,-1.601074,1.230469,-0.263531,0.284049,0.01732,chewing,1.000000,83.333,unknown,0.638720,left_chewing
3836982.0,-0.332031,-1.57959,1.200195,-0.175865,0.257936,0.022383,chewing,1.000000,83.333,unknown,0.638720,left_chewing
3836992.0,-0.398438,-1.678223,1.202637,-0.150551,0.240616,0.053559,chewing,1.000000,83.333,unknown,0.638720,left_chewing
3837002.0,-0.395996,-1.671875,1.211426,-0.050095,0.158012,0.017587,chewing,1.000000,83.333,unknown,0.638720,left_chewing
3837012.0,-0.355957,-1.647461,1.195801,-0.023449,0.110049,-0.0429,chewing,1.000000,83.333,unknown,0.638720,left_chewing
3837022.0,-0.368164,-1.660645,1.193359,0.003198,0.081005,-0.023982,chewing,1.000000,83.333,unknown,0.638720,left_chewing
3837032.0,-0.37207,-1.665039,1.203125,0.050894,0.056757,0.009859,chewing,1.000000,83.333,unknown,0.638720,left_chewing
3837042.0,-0.381836,-1.665039,1.202637,0.093795,0.016787,0.036239,chewing,1.000000,83.333,unknown,0.638720,left_chewing
3837052.0,-0.387695,-1.649902,1.197266,0.107384,0.056224,0.057023,chewing,1.000000,83.333,unknown,0.638720,left_chewing
3837062.0,-0.401855,-1.657715,1.209961,0.119375,0.08287,0.011991,chewing,1.000000,83.333,unknown,0.638720,left_chewing
3837072.0,-0.397949,-1.654785,1.203613,0.135629,0.109783,-0.046631,chewing,1.000000,83.333,unknown,0.638720,left_chewing
3837082.0,-0.399902,-1.644531,1.208008,0.156946,0.114579,-0.114845,chewing,1.000000,83.333,unknown,0.638720,left_chewing
3837092.0,-0.401855,-1.625,1.217773,0.14762,0.134297,-0.126303,chewing,1.000000,83.333,unknown,0.638720,left_chewing
3837102.0,-0.393555,-1.625977,1.207031,0.132698,0.175332,-0.140159,chewing,1.000000,83.333,unknown,0.638720,left_chewing
3837112.0,-0.393555,-1.637695,1.200195,0.132432,0.180129,-0.138028,chewing,1.000000,83.333,unknown,0.638720,left_chewing
3837122.0,-0.390137,-1.638672,1.195313,0.161743,0.173734,-0.143357,chewing,1.000000,83.333,unknown,0.638720,left_chewing
3837132.0,-0.395508,-1.649902,1.191406,0.221164,0.248609,-0.25687,chewing,1.000000,83.333,unknown,0.638720,left_chewing
3837142.0,-0.394043,-1.649902,1.187012,0.216368,0.205709,-0.16041,chewing,1.000000,83.333,unknown,0.638720,left_chewing
3837152.0,-0.380859,-1.652344,1.191406,0.219032,0.203577,-0.151084,chewing,1.000000,83.333,unknown,0.638720,left_chewing
3837162.0,-0.385742,-1.650391,1.204102,0.231822,0.190254,-0.172934,chewing,1.000000,83.333,unknown,0.638720,left_chewing
3837172.0,-0.380371,-1.641602,1.216309,0.25234,0.165473,-0.168138,chewing,1.000000,83.333,unknown,0.638720,left_chewing
3837182.0,-0.375977,-1.637695,1.219238,0.250475,0.137761,-0.146821,chewing,1.000000,83.333,unknown,0.638720,left_chewing
3837192.0,-0.381836,-1.632324,1.212402,0.247544,0.118576,-0.135096,chewing,1.000000,83.333,unknown,0.638720,left_chewing
3837202.0,-0.373047,-1.643066,1.217773,0.210772,0.08287,-0.128168,chewing,1.000000,83.333,unknown,0.638720,left_chewing
3837212.0,-0.381836,-1.650879,1.212402,0.150551,0.038637,-0.055691,chewing,1.000000,83.333,unknown,0.638720,left_chewing
3837222.0,-0.380371,-1.654297,1.211914,-0.029577,-0.023449,0.090064,chewing,1.000000,83.333,unknown,0.638720,left_chewing
3837232.0,-0.385254,-1.655273,1.222656,-0.258202,-0.056757,0.215302,chewing,1.000000,83.333,unknown,0.638720,left_chewing
3837242.0,-0.367188,-1.659668,1.225098,-0.408753,-0.098858,0.262732,chewing,1.000000,83.333,unknown,0.638720,left_chewing
3837252.0,-0.36084,-1.659668,1.231934,-0.507877,-0.15215,0.218499,chewing,1.000000,83.333,unknown,0.638720,left_chewing
3837262.0,-0.348145,-1.656738,1.221191,-0.502015,-0.170536,0.126836,chewing,1.000000,83.333,unknown,0.638720,left_chewing
3837272.0,-0.327148,-1.712891,1.190918,-0.558239,-0.314959,0.259534,chewing,1.000000,83.333,unknown,0.638720,left_chewing
3837282.0,-0.357422,-1.643555,1.220703,-0.521467,-0.304034,0.096459,chewing,1.000000,83.333,unknown,0.638720,left_chewing
3837292.0,-0.321289,-1.652832,1.244141,-0.225694,-0.243547,-0.149219,chewing,1.000000,83.333,unknown,0.638720,left_chewing
3837302.0,-0.358887,-1.588379,1.262695,0.279786,-0.16041,-0.483096,chewing,1.000000,83.333,unknown,0.638720,left_chewing
3837312.0,-0.385742,-1.543457,1.208008,0.471106,-0.123905,-0.452187,chewing,1.000000,83.333,unknown,0.638720,left_chewing
3837322.0,-0.377441,-1.602051,1.176758,0.425274,-0.100989,-0.178796,chewing,1.000000,83.333,unknown,0.638720,left_chewing
3837332.0,-0.362793,-1.649414,1.188965,0.423942,-0.133231,-0.036239,chewing,1.000000,83.333,unknown,0.638720,left_chewing
3837342.0,-0.348145,-1.645996,1.197754,0.416481,-0.109516,0.011458,chewing,1.000000,83.333,unknown,0.638720,left_chewing
3837352.0,-0.357422,-1.661133,1.193848,0.367185,-0.054891,0.002398,chewing,1.000000,89.552,unknown,0.632470,left_chewing
3837362.0,-0.375488,-1.687988,1.188477,0.310162,-0.059954,-0.031176,chewing,1.000000,89.552,unknown,0.632470,left_chewing
3837372.0,-0.390625,-1.676758,1.223145,0.264331,-0.022916,-0.119375,chewing,1.000000,89.552,unknown,0.632470,left_chewing
3837382.0,-0.367188,-1.669434,1.222656,0.141758,-0.003997,-0.067681,chewing,1.000000,89.552,unknown,0.632470,left_chewing
3837392.0,-0.374512,-1.655762,1.23291,0.05196,-0.001865,-0.099124,chewing,1.000000,89.552,unknown,0.632470,left_chewing
3837402.0,-0.368164,-1.641602,1.243164,-0.037838,0.033308,-0.114312,chewing,1.000000,89.552,unknown,0.632470,left_chewing
3837412.0,-0.373535,-1.626465,1.242676,-0.06555,0.076475,-0.093262,chewing,1.000000,89.552,unknown,0.632470,left_chewing
3837422.0,-0.380859,-1.626465,1.234375,-0.071678,0.102322,-0.062885,chewing,1.000000,89.552,unknown,0.632470,left_chewing
3837432.0,-0.362793,-1.618652,1.229492,-0.07008,0.089798,-0.010126,chewing,1.000000,89.552,unknown,0.632470,left_chewing
3837442.0,-0.354004,-1.638184,1.235352,-0.0429,0.070613,0.012524,chewing,1.000000,89.552,unknown,0.632470,left_chewing
3837452.0,-0.34668,-1.632324,1.225098,-0.027712,0.042368,0.001066,chewing,1.000000,89.552,unknown,0.632470,left_chewing
3837462.0,-0.342285,-1.631836,1.237793,-0.015988,0.004263,-0.017587,chewing,1.000000,89.552,unknown,0.632470,left_chewing
3837472.0,-0.348633,-1.632324,1.236328,0.001599,-0.025847,-0.023182,chewing,1.000000,89.552,unknown,0.632470,left_chewing
3837482.0,-0.35498,-1.631348,1.239258,0.028778,-0.032242,-0.026646,chewing,1.000000,89.552,unknown,0.632470,left_chewing
3837492.0,-0.377441,-1.625488,1.222168,0.031709,0.010658,-0.024781,chewing,1.000000,89.552,unknown,0.632470,left_chewing
3837502.0,-0.390137,-1.613281,1.245605,0.0437,0.031709,-0.012257,chewing,1.000000,89.552,unknown,0.632470,left_chewing
3837512.0,-0.388672,-1.623535,1.237305,0.030643,0.070879,-0.005329,chewing,1.000000,89.552,unknown,0.632470,left_chewing
3837522.0,-0.390137,-1.633789,1.246094,0.000266,0.101522,0.017587,chewing,1.000000,89.552,unknown,0.632470,left_chewing
3837532.0,-0.380371,-1.647461,1.24707,-0.047963,0.104986,0.029044,chewing,1.000000,89.552,unknown,0.632470,left_chewing
3837542.0,-0.360352,-1.649414,1.257324,-0.124704,0.046897,0.054358,chewing,1.000000,89.552,unknown,0.632470,left_chewing
3837552.0,-0.334961,-1.658203,1.289551,-0.190521,-0.014922,0.019985,chewing,1.000000,89.552,unknown,0.632470,left_chewing
3837562.0,-0.347168,-1.580078,1.240723,-0.12657,0.208107,0.027179,chewing,1.000000,89.552,unknown,0.632470,left_chewing
3837572.0,-0.375,-1.623535,1.183105,-0.215302,0.219832,0.097259,chewing,1.000000,89.552,unknown,0.632470,left_chewing
3837582.0,-0.360352,-1.687012,1.17334,-0.256603,0.207308,0.12204,chewing,1.000000,89.552,unknown,0.632470,left_chewing
3837592.0,-0.359863,-1.67334,1.172363,-0.35253,0.16574,0.239017,chewing,1.000000,89.552,unknown,0.632470,left_chewing
3837602.0,-0.367676,-1.689453,1.193359,-0.468441,0.167605,0.373047,chewing,1.000000,89.552,unknown,0.632470,left_chewing
3837612.0,-0.393555,-1.681641,1.21582,-0.450055,0.1311,0.318956,chewing,1.000000,89.552,unknown,0.632470,left_chewing
3837622.0,-0.403809,-1.632324,1.226074,-0.437531,0.141225,0.252073,chewing,1.000000,89.552,unknown,0.632470,left_chewing
3837632.0,-0.410156,-1.643555,1.248047,-0.445792,0.163608,0.240349,chewing,1.000000,89.552,unknown,0.632470,left_chewing
3837642.0,-0.392578,-1.641113,1.198242,-0.544116,0.132965,0.439397,chewing,1.000000,89.552,unknown,0.632470,left_chewing
3837652.0,-0.397949,-1.643066,1.246094,-0.486028,0.213969,0.233688,chewing,1.000000,89.552,unknown,0.632470,left_chewing
3837662.0,-0.40332,-1.603516,1.22998,-0.377311,0.232355,0.121773,chewing,1.000000,89.552,unknown,0.632470,left_chewing
3837672.0,-0.389648,-1.592285,1.200684,-0.286447,0.249675,0.08207,chewing,1.000000,89.552,unknown,0.632470,left_chewing
3837682.0,-0.387207,-1.642578,1.196777,-0.237951,0.240882,0.10472,chewing,1.000000,89.552,unknown,0.632470,left_chewing
3837692.0,-0.375977,-1.664063,1.192871,-0.165473,0.185724,0.084202,chewing,1.000000,89.552,unknown,0.632470,left_chewing
3837702.0,-0.367676,-1.677246,1.191406,-0.032775,0.100456,0.032242,chewing,1.000000,89.552,unknown,0.632470,left_chewing
3837712.0,-0.365234,-1.659668,1.189941,0.067681,0.031709,-0.027179,chewing,1.000000,89.552,unknown,0.632470,left_chewing
3837722.0,-0.368652,-1.648926,1.185547,0.143623,0.006662,-0.038904,chewing,1.000000,89.552,unknown,0.632470,left_chewing
3837732.0,-0.387695,-1.635742,1.209473,0.19585,-0.00373,-0.036772,chewing,1.000000,89.552,unknown,0.632470,left_chewing
3837742.0,-0.403809,-1.626953,1.203613,0.197982,0.023982,-0.016521,chewing,1.000000,89.552,unknown,0.632470,left_chewing
3837752.0,-0.404785,-1.625977,1.206543,0.19585,0.06102,-0.008793,chewing,1.000000,89.552,unknown,0.632470,left_chewing
3837762.0,-0.416016,-1.645508,1.195801,0.192386,0.086867,-0.004796,chewing,1.000000,89.552,unknown,0.632470,left_chewing
3837772.0,-0.39502,-1.640625,1.209473,0.184392,0.086067,-0.054625,chewing,1.000000,89.552,unknown,0.632470,left_chewing
3837782.0,-0.389648,-1.64502,1.205566,0.157746,0.113513,-0.092462,chewing,1.000000,89.552,unknown,0.632470,left_chewing
3837792.0,-0.399414,-1.653809,1.205078,0.148153,0.136695,-0.12204,chewing,1.000000,89.552,unknown,0.632470,left_chewing
3837802.0,-0.405762,-1.666992,1.186523,0.190254,0.167605,-0.174533,chewing,1.000000,89.552,unknown,0.632470,left_chewing
3837812.0,-0.40332,-1.637207,1.203125,0.222763,0.173734,-0.198781,chewing,1.000000,89.552,unknown,0.632470,left_chewing
3837822.0,-0.398438,-1.644043,1.200195,0.248609,0.168937,-0.185724,chewing,1.000000,89.552,unknown,0.632470,left_chewing
3837832.0,-0.379395,-1.629883,1.199707,0.269926,0.168671,-0.17853,chewing,1.000000,89.552,unknown,0.632470,left_chewing
3837842.0,-0.39502,-1.642578,1.209961,0.268594,0.171069,-0.154015,chewing,1.000000,89.552,unknown,0.632470,left_chewing
3837852.0,-0.39209,-1.64502,1.228027,0.267528,0.129767,-0.135363,chewing,1.000000,89.552,unknown,0.632470,left_chewing
3837862.0,-0.391602,-1.645508,1.229492,0.236885,0.078074,-0.077274,chewing,1.000000,89.552,unknown,0.632470,left_chewing
3837872.0,-0.37207,-1.623535,1.213379,0.137228,0.023982,-0.026913,chewing,1.000000,89.552,unknown,0.632470,left_chewing
3837882.0,-0.390625,-1.655273,1.23584,-0.119375,-0.058622,0.111648,chewing,1.000000,89.552,unknown,0.632470,left_chewing
3837892.0,-0.368164,-1.65625,1.22998,-0.287247,-0.123905,0.175599,chewing,1.000000,89.552,unknown,0.632470,left_chewing
3837902.0,-0.368652,-1.652344,1.226074,-0.380508,-0.171868,0.156147,chewing,1.000000,89.552,unknown,0.632470,left_chewing
3837912.0,-0.373047,-1.655273,1.234375,-0.390634,-0.199047,0.09193,chewing,1.000000,89.552,unknown,0.632470,left_chewing
3837922.0,-0.356934,-1.645996,1.207031,-0.378643,-0.199314,0.03544,chewing,1.000000,89.552,unknown,0.632470,left_chewing
3837932.0,-0.337891,-1.658203,1.191406,-0.392233,-0.294974,0.175599,chewing,1.000000,89.552,unknown,0.632470,left_chewing
3837942.0,-0.348633,-1.644043,1.217773,-0.363721,-0.256603,0.04823,chewing,1.000000,89.552,unknown,0.632470,left_chewing
3837952.0,-0.347656,-1.636719,1.229004,-0.10845,-0.214769,-0.113513,chewing,1.000000,89.552,unknown,0.632470,left_chewing
3837962.0,-0.354004,-1.610352,1.23584,0.216634,-0.166273,-0.330413,chewing,1.000000,89.552,unknown,0.632470,left_chewing
3837972.0,-0.398926,-1.59082,1.220703,0.371182,-0.16574,-0.374913,chewing,1.000000,89.552,unknown,0.632470,left_chewing
3837982.0,-0.408203,-1.592285,1.198242,0.3917,-0.164407,-0.256337,chewing,1.000000,89.552,unknown,0.632470,left_chewing
3837992.0,-0.402832,-1.619141,1.202637,0.339207,-0.118842,-0.102055,chewing,1.000000,89.552,unknown,0.632470,left_chewing
3838002.0,-0.367676,-1.662598,1.205078,0.33894,-0.146821,-0.093528,chewing,1.000000,89.552,unknown,0.632470,left_chewing
3838012.0,-0.374512,-1.65625,1.208984,0.313093,-0.111648,-0.132965,chewing,1.000000,89.552,unknown,0.632470,left_chewing
3838022.0,-0.381348,-1.664551,1.20166,0.236352,-0.082603,-0.114312,chewing,1.000000,89.552,unknown,0.632470,left_chewing
3838032.0,-0.396973,-1.675293,1.211914,0.180928,-0.067948,-0.110049,chewing,1.000000,89.552,unknown,0.632470,left_chewing
3838042.0,-0.391602,-1.680176,1.220215,0.104453,-0.034107,-0.091397,chewing,1.000000,89.552,unknown,0.632470,left_chewing
3838052.0,-0.375977,-1.649414,1.241699,0.034107,-0.001066,-0.105519,chewing,1.000000,89.552,unknown,0.632470,left_chewing
3838062.0,-0.376465,-1.63916,1.240234,-0.047164,0.039703,-0.100456,chewing,1.000000,89.552,unknown,0.632470,left_chewing
3838072.0,-0.370605,-1.63623,1.233398,-0.073277,0.060221,-0.10392,chewing,1.000000,89.552,unknown,0.632470,left_chewing
3838082.0,-0.351074,-1.630371,1.24707,-0.100989,0.061819,-0.066882,chewing,1.000000,89.552,unknown,0.632470,left_chewing
3838092.0,-0.342773,-1.620605,1.234863,-0.088998,0.039969,-0.05196,chewing,1.000000,89.552,unknown,0.632470,left_chewing
3838102.0,-0.333008,-1.619141,1.236328,-0.070613,0.014655,-0.066349,chewing,1.000000,89.552,unknown,0.632470,left_chewing
3838112.0,-0.338867,-1.617188,1.241699,-0.04823,-0.011724,-0.051161,chewing,1.000000,89.552,unknown,0.632470,left_chewing
3838122.0,-0.337402,-1.611328,1.227051,-0.027446,-0.03091,-0.053292,chewing,1.000000,89.552,unknown,0.632470,left_chewing
3838132.0,-0.341309,-1.613281,1.246094,0.001865,-0.057023,-0.02638,chewing,1.000000,89.552,unknown,0.632470,left_chewing
3838142.0,-0.353027,-1.631348,1.243164,0.041302,-0.040236,-0.024248,chewing,1.000000,89.552,unknown,0.632470,left_chewing
3838152.0,-0.37207,-1.640137,1.245605,0.049029,-0.036772,-0.016521,chewing,1.000000,89.552,unknown,0.632470,left_chewing
3838162.0,-0.352539,-1.62207,1.224121,0.026113,-0.023449,0.00453,chewing,1.000000,89.552,unknown,0.632470,left_chewing
3838172.0,-0.36377,-1.626953,1.234375,-0.00453,0.013057,-0.005862,chewing,1.000000,89.552,unknown,0.632470,left_chewing
3838182.0,-0.356934,-1.633301,1.241699,-0.025047,0.013323,-0.016254,chewing,1.000000,89.552,unknown,0.632470,left_chewing
3838192.0,-0.354004,-1.632324,1.238281,-0.031709,0.036239,-0.019452,chewing,1.000000,89.552,unknown,0.632470,left_chewing
3838202.0,-0.358398,-1.64502,1.241211,-0.049562,0.021317,-0.007194,chewing,1.000000,89.552,unknown,0.632470,left_chewing
3838212.0,-0.356445,-1.660156,1.232422,-0.053292,0.034374,-0.033041,chewing,1.000000,89.552,unknown,0.632470,left_chewing
3838222.0,-0.35791,-1.641113,1.233398,-0.050894,0.041568,-0.034107,chewing,1.000000,89.552,unknown,0.632470,left_chewing
3838232.0,-0.352051,-1.628418,1.234863,-0.055691,0.039436,-0.039969,chewing,1.000000,89.552,unknown,0.632470,left_chewing
3838242.0,-0.353027,-1.648926,1.243652,-0.03544,0.027446,-0.041035,chewing,1.000000,89.552,unknown,0.632470,left_chewing
3838252.0,-0.351074,-1.64209,1.239258,-0.045832,0.009593,-0.018652,chewing,1.000000,89.552,unknown,0.632470,left_chewing
3838262.0,-0.345703,-1.629395,1.24707,-0.035706,0.005596,-0.015988,chewing,1.000000,89.552,unknown,0.632470,left_chewing
3838272.0,-0.354004,-1.633789,1.225586,-0.037838,0.011724,-0.007194,chewing,1.000000,89.552,unknown,0.632470,left_chewing
3838282.0,-0.358887,-1.633789,1.241699,-0.023982,0.013057,0.001332,chewing,1.000000,89.552,unknown,0.632470,left_chewing
3838292.0,-0.365234,-1.631348,1.23291,-0.025847,0.054358,0.008793,chewing,1.000000,89.552,unknown,0.632470,left_chewing
3838302.0,-0.362305,-1.629395,1.227051,-0.018652,0.07381,0.028511,chewing,1.000000,89.552,unknown,0.632470,left_chewing
3838312.0,-0.353027,-1.633789,1.243164,-0.038371,0.095127,0.052227,chewing,1.000000,89.552,unknown,0.632470,left_chewing
3838322.0,-0.358887,-1.637695,1.270996,-0.088732,0.109783,0.06555,chewing,1.000000,89.552,unknown,0.632470,left_chewing
3838332.0,-0.338867,-1.615234,1.262207,-0.106585,0.196916,0.1311,chewing,1.000000,89.552,unknown,0.632470,left_chewing
3838342.0,-0.327637,-1.59082,1.161133,-0.282983,0.228358,0.189455,chewing,1.000000,89.552,unknown,0.632470,left_chewing
3838352.0,-0.342285,-1.690918,1.164063,-0.415681,0.227559,0.255271,chewing,1.000000,89.552,unknown,0.632470,left_chewing
3838362.0,-0.347656,-1.728027,1.184082,-0.463378,0.136962,0.303767,chewing,1.000000,89.552,unknown,0.632470,left_chewing
3838372.0,-0.355957,-1.645508,1.197266,-0.468708,0.127369,0.400493,chewing,1.000000,89.552,unknown,0.632470,left_chewing
3838382.0,-0.396484,-1.623047,1.21875,-0.545982,0.1303,0.460181,chewing,1.000000,89.552,unknown,0.632470,left_chewing
3838392.0,-0.412598,-1.595703,1.260254,-0.627253,0.022383,0.522799,chewing,1.000000,89.552,unknown,0.632470,left_chewing
3838402.0,-0.411133,-1.666992,1.244141,-0.545449,0.043966,0.448989,chewing,1.000000,89.552,unknown,0.632470,left_chewing
3838412.0,-0.390137,-1.625977,1.230469,-0.361323,0.067948,0.212637,chewing,1.000000,95.238,unknown,0.626220,left_chewing
3838422.0,-0.401367,-1.60498,1.241699,-0.267528,0.159345,0.116178,chewing,1.000000,95.238,unknown,0.626220,left_chewing
3838432.0,-0.396973,-1.586914,1.206055,-0.140959,0.188922,0.033041,chewing,1.000000,95.238,unknown,0.626220,left_chewing
3838442.0,-0.393555,-1.615723,1.233887,-0.054625,0.20944,0.031443,chewing,1.000000,95.238,unknown,0.626220,left_chewing
3838452.0,-0.37793,-1.634277,1.17334,0.007194,0.200646,0.045299,chewing,1.000000,95.238,unknown,0.626220,left_chewing
3838462.0,-0.365723,-1.647949,1.191406,0.041835,0.139093,0.051161,chewing,1.000000,95.238,unknown,0.626220,left_chewing
3838472.0,-0.359375,-1.641602,1.180176,0.08287,0.10019,0.050628,chewing,1.000000,95.238,unknown,0.626220,left_chewing
3838482.0,-0.354492,-1.65918,1.17627,0.088466,0.051694,0.028778,chewing,1.000000,95.238,unknown,0.626220,left_chewing
3838492.0,-0.380859,-1.665039,1.202148,0.123905,0.006129,-0.007194,chewing,1.000000,95.238,unknown,0.626220,left_chewing
3838502.0,-0.384766,-1.660645,1.194336,0.141758,-0.002665,-0.014123,chewing,1.000000,95.238,unknown,0.626220,left_chewing
3838512.0,-0.40918,-1.661133,1.20166,0.143623,0.029044,0.000799,chewing,1.000000,95.238,unknown,0.626220,left_chewing
3838522.0,-0.403809,-1.665527,1.218262,0.166006,0.067415,0.009859,chewing,1.000000,95.238,unknown,0.626220,left_chewing
3838532.0,-0.415039,-1.662598,1.20752,0.17027,0.090331,-0.000799,chewing,1.000000,95.238,unknown,0.626220,left_chewing
3838542.0,-0.410645,-1.662598,1.212891,0.174266,0.132965,-0.073277,chewing,1.000000,95.238,unknown,0.626220,left_chewing
3838552.0,-0.402832,-1.64209,1.221191,0.159345,0.150018,-0.121773,chewing,1.000000,95.238,unknown,0.626220,left_chewing
3838562.0,-0.401855,-1.65625,1.203613,0.158812,0.158545,-0.118309,chewing,1.000000,95.238,unknown,0.626220,left_chewing
3838572.0,-0.401367,-1.653809,1.202148,0.15668,0.155348,-0.124172,chewing,1.000000,95.238,unknown,0.626220,left_chewing
3838582.0,-0.401367,-1.646484,1.216797,0.155881,0.140426,-0.074609,chewing,1.000000,95.238,unknown,0.626220,left_chewing
3838592.0,-0.387695,-1.631348,1.208984,0.149485,0.113779,-0.066616,chewing,1.000000,95.238,unknown,0.626220,left_chewing
3838602.0,-0.394043,-1.620605,1.216797,0.101522,0.070613,-0.041835,chewing,1.000000,95.238,unknown,0.626220,left_chewing
3838612.0,-0.37793,-1.631348,1.209961,0.001066,0.021317,-0.00453,chewing,1.000000,95.238,unknown,0.626220,left_chewing
3838622.0,-0.363281,-1.649414,1.21582,-0.143357,-0.050628,0.046897,chewing,1.000000,95.238,unknown,0.626220,left_chewing
3838632.0,-0.350586,-1.64209,1.22998,-0.238484,-0.09193,0.046364,chewing,1.000000,95.238,unknown,0.626220,left_chewing
3838642.0,-0.352539,-1.638672,1.226074,-0.295773,-0.099124,0.024781,chewing,1.000000,95.238,unknown,0.626220,left_chewing
3838652.0,-0.368164,-1.626465,1.216797,-0.310429,-0.134297,-0.002132,chewing,1.000000,95.238,unknown,0.626220,left_chewing
3838662.0,-0.358398,-1.626465,1.216797,-0.325351,-0.196383,-0.033041,chewing,1.000000,95.238,unknown,0.626220,left_chewing
3838672.0,-0.35791,-1.662598,1.22168,-0.338141,-0.24408,-0.03091,chewing,1.000000,95.238,unknown,0.626220,left_chewing
3838682.0,-0.30957,-1.682617,1.211914,-0.063685,-0.293908,-0.157213,chewing,1.000000,95.238,unknown,0.626220,left_chewing
3838692.0,-0.342285,-1.570313,1.239258,0.300037,-0.169204,-0.456717,chewing,1.000000,95.238,unknown,0.626220,left_chewing
3838702.0,-0.389648,-1.588867,1.213379,0.459914,-0.153749,-0.435666,chewing,1.000000,95.238,unknown,0.626220,left_chewing
3838712.0,-0.378418,-1.623535,1.165527,0.451121,-0.135096,-0.220098,chewing,1.000000,95.238,unknown,0.626220,left_chewing
3838722.0,-0.373535,-1.638184,1.180176,0.432202,-0.097525,-0.057822,chewing,1.000000,95.238,unknown,0.626220,left_chewing
3838732.0,-0.369629,-1.645996,1.173828,0.387436,-0.026113,0.062619,chewing,1.000000,95.238,unknown,0.626220,left_chewing
3838742.0,-0.383789,-1.686035,1.188477,0.334943,-0.027712,0.018386,chewing,1.000000,95.238,unknown,0.626220,left_chewing
3838752.0,-0.385254,-1.725098,1.205078,0.331213,0.040502,-0.217167,chewing,1.000000,95.238,unknown,0.626220,left_chewing
3838762.0,-0.395996,-1.669434,1.221191,0.178263,-0.01279,-0.100989,chewing,1.000000,95.238,unknown,0.626220,left_chewing
3838772.0,-0.385254,-1.654785,1.227051,0.042634,0.01359,-0.075142,chewing,1.000000,95.238,unknown,0.626220,left_chewing
3838782.0,-0.384277,-1.641113,1.244629,-0.051161,0.050894,-0.063685,chewing,1.000000,95.238,unknown,0.626220,left_chewing
3838792.0,-0.371582,-1.62207,1.239258,-0.110582,0.114579,-0.0874,chewing,1.000000,95.238,unknown,0.626220,left_chewing
3838802.0,-0.367188,-1.61377,1.239258,-0.139093,0.146554,-0.093262,chewing,1.000000,95.238,unknown,0.626220,left_chewing
3838812.0,-0.352539,-1.612305,1.238281,-0.13856,0.154815,-0.070879,chewing,1.000000,95.238,unknown,0.626220,left_chewing
3838822.0,-0.353027,-1.609863,1.249512,-0.127369,0.134031,-0.036772,chewing,1.000000,95.238,unknown,0.626220,left_chewing
3838832.0,-0.345703,-1.620605,1.248535,-0.110315,0.100989,-0.008527,chewing,1.000000,95.238,unknown,0.626220,left_chewing
3838842.0,-0.359863,-1.638672,1.225586,-0.079139,0.055691,-0.002398,chewing,1.000000,95.238,unknown,0.626220,left_chewing
3838852.0,-0.36377,-1.640625,1.228027,-0.021583,0.017587,0.012524,chewing,1.000000,95.238,unknown,0.626220,left_chewing
3838862.0,-0.352051,-1.620117,1.253906,0.025047,0.00373,0.021051,chewing,1.000000,95.238,unknown,0.626220,left_chewing
3838872.0,-0.364746,-1.623535,1.22998,0.052493,0.017853,0.043433,chewing,1.000000,95.238,unknown,0.626220,left_chewing
3838882.0,-0.371094,-1.627441,1.257324,0.063685,0.027712,0.052227,chewing,1.000000,95.238,unknown,0.626220,left_chewing
3838892.0,-0.376953,-1.626953,1.237305,0.057023,0.035706,0.024781,chewing,1.000000,95.238,unknown,0.626220,left_chewing
3838902.0,-0.388184,-1.642578,1.241699,0.042101,0.040502,0.002132,chewing,1.000000,95.238,unknown,0.626220,left_chewing
3838912.0,-0.382813,-1.664063,1.244629,0.022916,0.027979,-0.003464,chewing,1.000000,95.238,unknown,0.626220,left_chewing
3838922.0,-0.391113,-1.665527,1.23584,0.005596,0.029311,-0.002931,chewing,1.000000,95.238,unknown,0.626220,left_chewing
3838932.0,-0.393066,-1.643066,1.25,-0.063152,0.014123,-0.001865,chewing,1.000000,95.238,unknown,0.626220,left_chewing
3838942.0,-0.369141,-1.641602,1.243652,-0.203844,-0.062086,0.007194,chewing,1.000000,95.238,unknown,0.626220,left_chewing
3838952.0,-0.339844,-1.651367,1.267578,-0.268594,-0.105786,-0.002665,chewing,1.000000,95.238,unknown,0.626220,left_chewing
3838962.0,-0.348633,-1.625977,1.257324,-0.113779,0.11298,-0.055158,chewing,1.000000,95.238,unknown,0.626220,left_chewing
3838972.0,-0.386719,-1.585938,1.200195,-0.10925,0.179329,0.034907,chewing,1.000000,95.238,unknown,0.626220,left_chewing
3838982.0,-0.375,-1.654785,1.1875,-0.146554,0.138294,0.085801,chewing,1.000000,95.238,unknown,0.626220,left_chewing
3838992.0,-0.374512,-1.663574,1.183594,-0.114845,0.126037,0.091663,chewing,1.000000,95.238,unknown,0.626220,left_chewing
3839002.0,-0.364258,-1.615234,1.181152,-0.175066,0.16041,0.212104,chewing,1.000000,95.238,unknown,0.626220,left_chewing
3839012.0,-0.365723,-1.671875,1.161621,-0.365587,0.189455,0.353862,chewing,1.000000,95.238,unknown,0.626220,left_chewing
3839022.0,-0.361816,-1.731445,1.186523,-0.4791,0.175066,0.340539,chewing,1.000000,95.238,unknown,0.626220,left_chewing
3839032.0,-0.397461,-1.723145,1.241699,-0.455384,0.105253,0.191587,chewing,1.000000,95.238,unknown,0.626220,left_chewing
3839042.0,-0.414551,-1.638672,1.244141,-0.446325,0.137495,0.113247,chewing,1.000000,95.238,unknown,0.626220,left_chewing
3839052.0,-0.38623,-1.625488,1.224609,-0.532392,0.138827,0.337075,chewing,1.000000,95.238,unknown,0.626220,left_chewing
3839062.0,-0.413574,-1.595703,1.23291,-0.533458,0.226227,0.293375,chewing,1.000000,95.238,unknown,0.626220,left_chewing
3839072.0,-0.405273,-1.637207,1.23291,-0.459381,0.254738,0.262732,chewing,1.000000,95.238,unknown,0.626220,left_chewing
3839082.0,-0.383789,-1.609375,1.21582,-0.337075,0.231556,0.23502,chewing,1.000000,95.238,unknown,0.626220,left_chewing
3839092.0,-0.379883,-1.630859,1.20752,-0.240349,0.202511,0.173467,chewing,1.000000,95.238,unknown,0.626220,left_chewing
3839102.0,-0.366699,-1.629883,1.203125,-0.118043,0.134564,0.087933,chewing,1.000000,95.238,unknown,0.626220,left_chewing
3839112.0,-0.364258,-1.648438,1.198242,-0.025047,0.071412,0.001865,chewing,1.000000,95.238,unknown,0.626220,left_chewing
3839122.0,-0.375,-1.647461,1.20166,0.048763,0.031176,-0.066882,chewing,1.000000,95.238,unknown,0.626220,left_chewing
3839132.0,-0.382813,-1.637695,1.19043,0.088199,0.030377,-0.050095,chewing,1.000000,95.238,unknown,0.626220,left_chewing
3839142.0,-0.384766,-1.646484,1.189453,0.125504,0.037305,-0.007727,chewing,1.000000,95.238,unknown,0.626220,left_chewing
3839152.0,-0.397461,-1.665527,1.19043,0.179329,0.058089,0.014389,chewing,1.000000,95.238,unknown,0.626220,left_chewing
3839162.0,-0.405762,-1.650391,1.200684,0.199847,0.053825,0.014123,chewing,1.000000,95.238,unknown,0.626220,left_chewing
3839172.0,-0.428711,-1.641113,1.198242,0.202245,0.051694,-0.014123,chewing,1.000000,95.238,unknown,0.626220,left_chewing
3839182.0,-0.413574,-1.635254,1.194336,0.171069,0.104453,-0.054358,chewing,1.000000,95.238,unknown,0.626220,left_chewing
3839192.0,-0.421875,-1.661621,1.20166,0.160677,0.124172,-0.111115,chewing,1.000000,95.238,unknown,0.626220,left_chewing
3839202.0,-0.409668,-1.667969,1.196777,0.16494,0.160943,-0.122839,chewing,1.000000,95.238,unknown,0.626220,left_chewing
3839212.0,-0.401855,-1.674316,1.193359,0.173734,0.20864,-0.213969,chewing,1.000000,95.238,unknown,0.626220,left_chewing
3839222.0,-0.404785,-1.658203,1.201172,0.182793,0.174799,-0.185191,chewing,1.000000,95.238,unknown,0.626220,left_chewing
3839232.0,-0.404785,-1.644043,1.200684,0.200113,0.167072,-0.158545,chewing,1.000000,95.238,unknown,0.626220,left_chewing
3839242.0,-0.403809,-1.634766,1.209961,0.21317,0.16041,-0.165473,chewing,1.000000,95.238,unknown,0.626220,left_chewing
3839252.0,-0.404297,-1.636719,1.197754,0.2169,0.134564,-0.150018,chewing,1.000000,95.238,unknown,0.626220,left_chewing
3839262.0,-0.385254,-1.625977,1.216309,0.210505,0.119109,-0.150018,chewing,1.000000,95.238,unknown,0.626220,left_chewing
3839272.0,-0.38916,-1.629395,1.21582,0.170003,0.069014,-0.145755,chewing,1.000000,95.238,unknown,0.626220,left_chewing
3839282.0,-0.38916,-1.633301,1.214355,0.105786,0.022116,-0.103654,chewing,1.000000,95.238,unknown,0.626220,left_chewing
3839292.0,-0.381836,-1.626465,1.222656,0.012524,-0.019985,-0.021317,chewing,1.000000,95.238,unknown,0.626220,left_chewing
3839302.0,-0.380859,-1.658691,1.216309,-0.151884,-0.048763,0.097525,chewing,1.000000,95.238,unknown,0.626220,left_chewing
3839312.0,-0.359863,-1.640137,1.197754,-0.285914,-0.090864,0.150018,chewing,1.000000,95.238,unknown,0.626220,left_chewing
3839322.0,-0.354004,-1.663574,1.217773,-0.354928,-0.120974,0.112181,chewing,1.000000,95.238,unknown,0.626220,left_chewing
3839332.0,-0.364746,-1.650391,1.193848,-0.341338,-0.145222,0.028778,chewing,1.000000,95.238,unknown,0.626220,left_chewing
3839342.0,-0.34668,-1.648438,1.208984,-0.321887,-0.185191,-0.020784,chewing,1.000000,95.238,unknown,0.626220,left_chewing
3839352.0,-0.336426,-1.617188,1.208496,-0.371715,-0.284582,0.144423,chewing,1.000000,95.238,unknown,0.626220,left_chewing
3839362.0,-0.359863,-1.648438,1.242676,-0.189455,-0.228891,-0.077008,chewing,1.000000,95.238,unknown,0.626220,left_chewing
3839372.0,-0.370117,-1.613281,1.235352,0.109783,-0.141492,-0.284315,chewing,1.000000,95.238,unknown,0.626220,left_chewing
3839382.0,-0.404297,-1.588867,1.233887,0.305899,-0.084735,-0.311228,chewing,1.000000,95.238,unknown,0.626220,left_chewing
3839392.0,-0.413086,-1.616699,1.211914,0.389835,-0.106052,-0.266196,chewing,1.000000,95.238,unknown,0.626220,left_chewing
3839402.0,-0.409668,-1.616211,1.203613,0.342138,-0.077008,-0.108717,chewing,1.000000,95.238,unknown,0.626220,left_chewing
3839412.0,-0.396973,-1.67041,1.199707,0.32242,-0.057289,-0.024248,chewing,1.000000,95.238,unknown,0.626220,left_chewing
3839422.0,-0.374512,-1.692383,1.188477,0.272325,-0.048496,-0.035173,chewing,1.000000,83.916,unknown,0.632470,left_chewing
3839432.0,-0.375,-1.694336,1.20459,0.264864,-0.041035,-0.103654,chewing,1.000000,83.916,unknown,0.632470,left_chewing
3839442.0,-0.380859,-1.654297,1.211426,0.175865,0.016521,-0.150818,chewing,1.000000,83.916,unknown,0.632470,left_chewing
3839452.0,-0.391602,-1.684082,1.222168,0.107384,0.044233,-0.180662,chewing,1.000000,83.916,unknown,0.632470,left_chewing
3839462.0,-0.37207,-1.655762,1.217285,0.063418,0.057822,-0.168138,chewing,1.000000,83.916,unknown,0.632470,left_chewing
3839472.0,-0.376953,-1.619141,1.223145,-0.010126,0.093528,-0.11751,chewing,1.000000,83.916,unknown,0.632470,left_chewing
3839482.0,-0.367676,-1.608887,1.236328,-0.034374,0.097792,-0.085268,chewing,1.000000,83.916,unknown,0.632470,left_chewing
3839492.0,-0.351563,-1.609375,1.232422,-0.049562,0.107917,-0.070346,chewing,1.000000,83.916,unknown,0.632470,left_chewing
3839502.0,-0.343262,-1.597168,1.229004,-0.050361,0.067948,-0.067681,chewing,1.000000,83.916,unknown,0.632470,left_chewing
3839512.0,-0.34668,-1.621582,1.234375,-0.042368,0.045299,-0.040236,chewing,1.000000,83.916,unknown,0.632470,left_chewing
3839522.0,-0.338867,-1.615234,1.217285,-0.040236,0.006928,-0.01732,chewing,1.000000,83.916,unknown,0.632470,left_chewing
3839532.0,-0.289551,-1.617188,1.213867,-0.01279,0.049562,-0.042101,chewing,1.000000,83.916,unknown,0.632470,left_chewing
3839542.0,-0.399414,-1.64209,1.244141,-0.005596,-0.023982,-0.046631,chewing,1.000000,83.916,unknown,0.632470,left_chewing
3839552.0,-0.388184,-1.62207,1.25,0.022916,-0.001865,0.003997,chewing,1.000000,83.916,unknown,0.632470,left_chewing
3839562.0,-0.37793,-1.625488,1.241211,0.010658,0.023982,0.009326,chewing,1.000000,83.916,unknown,0.632470,left_chewing
3839572.0,-0.379395,-1.624023,1.245605,-0.006928,0.029311,-0.001332,chewing,1.000000,83.916,unknown,0.632470,left_chewing
3839582.0,-0.367188,-1.641113,1.239746,-0.025314,0.038104,0.003464,chewing,1.000000,83.916,unknown,0.632470,left_chewing
3839592.0,-0.366211,-1.63623,1.228516,-0.033574,0.035173,-0.011991,chewing,1.000000,83.916,unknown,0.632470,left_chewing
3839602.0,-0.368164,-1.635742,1.23877,-0.03917,0.030643,-0.029577,chewing,1.000000,83.916,unknown,0.632470,left_chewing
3839612.0,-0.373047,-1.632324,1.231445,-0.029577,0.038371,-0.029577,chewing,1.000000,83.916,unknown,0.632470,left_chewing
3839622.0,-0.404297,-1.615723,1.264648,0.062885,-0.021583,0.070879,chewing,1.000000,83.916,unknown,0.632470,left_chewing
3839632.0,-0.375977,-1.646484,1.231445,0.005596,0.065283,-0.020784,chewing,1.000000,83.916,unknown,0.632470,left_chewing
3839642.0,-0.373535,-1.63623,1.231934,0.014389,0.094594,0.011191,chewing,1.000000,83.916,unknown,0.632470,left_chewing
3839652.0,-0.368652,-1.624512,1.230957,-0.029577,0.114579,0.03011,chewing,1.000000,83.916,unknown,0.632470,left_chewing
3839662.0,-0.373535,-1.644043,1.247559,-0.076741,0.095926,0.044766,chewing,1.000000,83.916,unknown,0.632470,left_chewing
3839672.0,-0.36084,-1.630371,1.246582,-0.018386,0.101522,-0.03091,chewing,1.000000,83.916,unknown,0.632470,left_chewing
3839682.0,-0.356445,-1.587402,1.218262,-0.097792,0.187856,-0.002398,chewing,1.000000,83.916,unknown,0.632470,left_chewing
3839692.0,-0.341309,-1.655273,1.182129,-0.182793,0.209173,0.074077,chewing,1.000000,83.916,unknown,0.632470,left_chewing
3839702.0,-0.361328,-1.702148,1.174805,-0.237685,0.174533,0.108983,chewing,1.000000,83.916,unknown,0.632470,left_chewing
3839712.0,-0.359375,-1.679688,1.197754,-0.293375,0.141225,0.178796,chewing,1.000000,83.916,unknown,0.632470,left_chewing
3839722.0,-0.380371,-1.668945,1.203125,-0.39996,0.147354,0.268061,chewing,1.000000,83.916,unknown,0.632470,left_chewing
3839732.0,-0.389648,-1.676758,1.218262,-0.424741,0.151884,0.255005,chewing,1.000000,83.916,unknown,0.632470,left_chewing
3839742.0,-0.406738,-1.640137,1.208008,-0.401559,0.160144,0.218499,chewing,1.000000,83.916,unknown,0.632470,left_chewing
3839752.0,-0.404297,-1.614258,1.249023,-0.402358,0.159877,0.202245,chewing,1.000000,83.916,unknown,0.632470,left_chewing
3839762.0,-0.402832,-1.625488,1.233398,-0.416747,0.170003,0.257936,chewing,1.000000,83.916,unknown,0.632470,left_chewing
3839772.0,-0.387207,-1.606445,1.228516,-0.41275,0.216634,0.257403,chewing,1.000000,83.916,unknown,0.632470,left_chewing
3839782.0,-0.399414,-1.621094,1.202637,-0.380775,0.234221,0.260334,chewing,1.000000,83.916,unknown,0.632470,left_chewing
3839792.0,-0.398438,-1.677246,1.213867,-0.361856,0.290178,0.32242,chewing,1.000000,83.916,unknown,0.632470,left_chewing
3839802.0,-0.42041,-1.666504,1.243652,-0.201446,0.077274,0.146821,chewing,1.000000,83.916,unknown,0.632470,left_chewing
3839812.0,-0.398926,-1.578613,1.210938,-0.125237,0.049029,0.084735,chewing,1.000000,83.916,unknown,0.632470,left_chewing
3839822.0,-0.38916,-1.619141,1.209473,-0.092729,0.101256,0.090597,chewing,1.000000,83.916,unknown,0.632470,left_chewing
3839832.0,-0.40332,-1.67041,1.196777,0.004263,0.071678,0.032242,chewing,1.000000,83.916,unknown,0.632470,left_chewing
3839842.0,-0.397461,-1.67627,1.210449,0.086067,0.073277,0.01732,chewing,1.000000,83.916,unknown,0.632470,left_chewing
3839852.0,-0.399902,-1.646973,1.210449,0.176931,0.031975,-0.06928,chewing,1.000000,83.916,unknown,0.632470,left_chewing
3839862.0,-0.400391,-1.603516,1.206543,0.147887,0.053026,-0.072211,chewing,1.000000,83.916,unknown,0.632470,left_chewing
3839872.0,-0.405762,-1.633789,1.203613,0.116711,0.108983,-0.028245,chewing,1.000000,83.916,unknown,0.632470,left_chewing
3839882.0,-0.409668,-1.666016,1.195313,0.129234,0.098858,-0.014389,chewing,1.000000,83.916,unknown,0.632470,left_chewing
3839892.0,-0.398438,-1.656738,1.197754,0.140692,0.08287,-0.040502,chewing,1.000000,83.916,unknown,0.632470,left_chewing
3839902.0,-0.410645,-1.647461,1.194824,0.134031,0.104187,-0.048763,chewing,1.000000,83.916,unknown,0.632470,left_chewing
3839912.0,-0.421387,-1.657715,1.195801,0.140426,0.112447,-0.041035,chewing,1.000000,83.916,unknown,0.632470,left_chewing
3839922.0,-0.42041,-1.666016,1.192871,0.154548,0.112447,-0.046098,chewing,1.000000,83.916,unknown,0.632470,left_chewing
3839932.0,-0.407715,-1.659668,1.190918,0.158279,0.105786,-0.083403,chewing,1.000000,83.916,unknown,0.632470,left_chewing
3839942.0,-0.408691,-1.638672,1.209961,0.166006,0.13483,-0.157746,chewing,1.000000,83.916,unknown,0.632470,left_chewing
3839952.0,-0.416016,-1.641113,1.185547,0.135896,0.164407,-0.097792,chewing,1.000000,83.916,unknown,0.632470,left_chewing
3839962.0,-0.429199,-1.644531,1.210449,0.119642,0.177997,-0.068214,chewing,1.000000,83.916,unknown,0.632470,left_chewing
3839972.0,-0.417969,-1.646973,1.191895,0.065017,0.155348,-0.023982,chewing,1.000000,83.916,unknown,0.632470,left_chewing
3839982.0,-0.404785,-1.652344,1.222168,-0.0429,0.00453,0.035972,chewing,1.000000,83.916,unknown,0.632470,left_chewing
3839992.0,-0.390137,-1.645508,1.222656,-0.167871,-0.06475,0.040236,chewing,1.000000,83.916,unknown,0.632470,left_chewing
3840002.0,-0.371094,-1.649902,1.219238,-0.272058,-0.097259,0.028245,chewing,1.000000,83.916,unknown,0.632470,left_chewing
3840012.0,-0.359375,-1.653809,1.209961,-0.325351,-0.115911,-0.01732,chewing,1.000000,83.916,unknown,0.632470,left_chewing
3840022.0,-0.354004,-1.662598,1.207031,-0.31336,-0.176398,-0.056757,chewing,1.000000,83.916,unknown,0.632470,left_chewing
3840032.0,-0.349121,-1.655762,1.21582,-0.333611,-0.210772,-0.065816,chewing,1.000000,83.916,unknown,0.632470,left_chewing
3840042.0,-0.337402,-1.661621,1.248047,-0.118043,-0.219565,-0.216634,chewing,1.000000,83.916,unknown,0.632470,left_chewing
3840052.0,-0.365234,-1.612305,1.250488,0.233688,-0.151884,-0.401026,chewing,1.000000,83.916,unknown,0.632470,left_chewing
3840062.0,-0.392578,-1.568848,1.225586,0.4346,-0.136962,-0.446591,chewing,1.000000,83.916,unknown,0.632470,left_chewing
3840072.0,-0.401855,-1.595215,1.191895,0.436466,-0.099391,-0.237418,chewing,1.000000,83.916,unknown,0.632470,left_chewing
3840082.0,-0.400879,-1.623535,1.188477,0.387703,-0.095127,-0.047963,chewing,1.000000,83.916,unknown,0.632470,left_chewing
3840092.0,-0.391602,-1.649414,1.203125,0.367718,-0.091663,-0.021317,chewing,1.000000,83.916,unknown,0.632470,left_chewing
3840102.0,-0.377441,-1.728516,1.172363,0.410619,0.031176,-0.240083,chewing,1.000000,83.916,unknown,0.632470,left_chewing
3840112.0,-0.387695,-1.693359,1.205566,0.297106,-0.030377,-0.154282,chewing,1.000000,83.916,unknown,0.632470,left_chewing
3840122.0,-0.398926,-1.700684,1.199219,0.205443,-0.03464,-0.168138,chewing,1.000000,83.916,unknown,0.632470,left_chewing
3840132.0,-0.397461,-1.668945,1.224609,0.093528,-0.00373,-0.156413,chewing,1.000000,83.916,unknown,0.632470,left_chewing
3840142.0,-0.40625,-1.674316,1.225098,0.032775,0.031176,-0.145489,chewing,1.000000,83.916,unknown,0.632470,left_chewing
3840152.0,-0.393555,-1.643066,1.234375,-0.035173,0.082603,-0.156147,chewing,1.000000,83.916,unknown,0.632470,left_chewing
3840162.0,-0.386719,-1.615234,1.235352,-0.083936,0.106319,-0.139893,chewing,1.000000,83.916,unknown,0.632470,left_chewing
3840172.0,-0.375977,-1.609863,1.234375,-0.090864,0.10925,-0.12657,chewing,1.000000,83.916,unknown,0.632470,left_chewing
3840182.0,-0.354492,-1.622559,1.232422,-0.074077,0.098591,-0.089798,chewing,1.000000,83.916,unknown,0.632470,left_chewing
3840192.0,-0.348145,-1.630859,1.244629,-0.065816,0.077541,-0.056224,chewing,1.000000,83.916,unknown,0.632470,left_chewing
3840202.0,-0.348145,-1.632324,1.226563,-0.046897,0.025314,-0.055957,chewing,1.000000,83.916,unknown,0.632470,left_chewing
3840212.0,-0.350586,-1.64209,1.231934,-0.011191,-0.018386,-0.023982,chewing,1.000000,83.916,unknown,0.632470,left_chewing
3840222.0,-0.352051,-1.628418,1.238281,0.005063,-0.034374,-0.037305,chewing,1.000000,83.916,unknown,0.632470,left_chewing
3840232.0,-0.351563,-1.628418,1.237305,0.023449,-0.047697,-0.022916,chewing,1.000000,83.916,unknown,0.632470,left_chewing
3840242.0,-0.370605,-1.627441,1.245117,0.026913,-0.060487,-0.027446,chewing,1.000000,83.916,unknown,0.632470,left_chewing
3840252.0,-0.37207,-1.614746,1.25,0.010392,-0.027179,-0.032242,chewing,1.000000,83.916,unknown,0.632470,left_chewing
3840262.0,-0.37793,-1.608887,1.23291,0.011191,0.006395,-0.010925,chewing,1.000000,83.916,unknown,0.632470,left_chewing
3840272.0,-0.38623,-1.626465,1.245117,0.006928,0.017587,0.001599,chewing,1.000000,83.916,unknown,0.632470,left_chewing
3840282.0,-0.373535,-1.628418,1.23584,0.011724,0.049828,0.003464,chewing,1.000000,83.916,unknown,0.632470,left_chewing
3840292.0,-0.366211,-1.635742,1.249023,0.00826,0.066349,0.006129,chewing,1.000000,83.916,unknown,0.632470,left_chewing
3840302.0,-0.364258,-1.632813,1.234375,0.001865,0.084202,-0.004796,chewing,1.000000,83.916,unknown,0.632470,left_chewing
3840312.0,-0.37207,-1.636719,1.239258,-0.006662,0.090331,0.000533,chewing,1.000000,83.916,unknown,0.632470,left_chewing
3840322.0,-0.362793,-1.627441,1.22998,-0.043966,0.115911,0.019452,chewing,1.000000,83.916,unknown,0.632470,left_chewing
3840332.0,-0.352051,-1.635254,1.224609,-0.099657,0.094328,0.023182,chewing,1.000000,83.916,unknown,0.632470,left_chewing
3840342.0,-0.369629,-1.653809,1.246582,-0.151084,0.049562,0.02638,chewing,1.000000,83.916,unknown,0.632470,left_chewing
3840352.0,-0.368652,-1.641602,1.268555,-0.160677,0.008793,0.011724,chewing,1.000000,83.916,unknown,0.632470,left_chewing
3840362.0,-0.344727,-1.617188,1.248535,-0.123372,0.079139,0.031709,chewing,1.000000,83.916,unknown,0.632470,left_chewing
3840372.0,-0.353027,-1.647461,1.192871,-0.154548,0.085801,0.06475,chewing,1.000000,83.916,unknown,0.632470,left_chewing
3840382.0,-0.364258,-1.681641,1.190918,-0.105519,0.069547,0.038904,chewing,1.000000,83.916,unknown,0.632470,left_chewing
3840392.0,-0.374512,-1.682129,1.215332,-0.068747,0.049562,0.076475,chewing,1.000000,83.916,unknown,0.632470,left_chewing
3840402.0,-0.376953,-1.63916,1.216309,-0.075409,0.094861,0.153749,chewing,1.000000,83.916,unknown,0.632470,left_chewing
3840412.0,-0.38623,-1.640137,1.220703,-0.072478,0.116178,0.196916,chewing,1.000000,83.916,unknown,0.632470,left_chewing
3840422.0,-0.384766,-1.646484,1.211426,-0.129767,0.128701,0.216101,chewing,1.000000,83.916,unknown,0.632470,left_chewing
3840432.0,-0.380859,-1.658203,1.204102,-0.249409,0.14309,0.238217,chewing,1.000000,83.916,unknown,0.632470,left_chewing
3840442.0,-0.370117,-1.672363,1.224609,-0.307231,0.137228,0.263531,chewing,1.000000,92.308,unknown,0.634470,left_chewing
3840452.0,-0.39502,-1.631348,1.22168,-0.342138,0.123639,0.22676,chewing,1.000000,92.308,unknown,0.634470,left_chewing
3840462.0,-0.400879,-1.639648,1.244141,-0.345335,0.120175,0.188922,chewing,1.000000,92.308,unknown,0.634470,left_chewing
3840472.0,-0.385254,-1.619141,1.228516,-0.33068,0.139626,0.182527,chewing,1.000000,92.308,unknown,0.634470,left_chewing
3840482.0,-0.38623,-1.621582,1.229004,-0.314159,0.170536,0.172668,chewing,1.000000,92.308,unknown,0.634470,left_chewing
3840492.0,-0.402344,-1.633789,1.223633,-0.30057,0.188922,0.208907,chewing,1.000000,92.308,unknown,0.634470,left_chewing
3840502.0,-0.401367,-1.619141,1.208008,-0.311761,0.18306,0.274989,chewing,1.000000,92.308,unknown,0.634470,left_chewing
3840512.0,-0.391602,-1.625,1.208008,-0.353063,0.160144,0.33894,chewing,1.000000,92.308,unknown,0.634470,left_chewing
3840522.0,-0.400879,-1.64209,1.191895,-0.362123,0.145222,0.30057,chewing,1.000000,92.308,unknown,0.634470,left_chewing
3840532.0,-0.41748,-1.658203,1.205566,-0.341338,0.126037,0.292043,chewing,1.000000,92.308,unknown,0.634470,left_chewing
3840542.0,-0.416992,-1.65918,1.186523,-0.329348,0.126303,0.26593,chewing,1.000000,92.308,unknown,0.634470,left_chewing
3840552.0,-0.415527,-1.68457,1.19873,-0.213703,0.110315,0.211838,chewing,1.000000,92.308,unknown,0.634470,left_chewing
3840562.0,-0.418457,-1.668945,1.213379,-0.085002,0.066882,0.103121,chewing,1.000000,92.308,unknown,0.634470,left_chewing
3840572.0,-0.427246,-1.647949,1.20166,0.06102,0.075142,-0.007727,chewing,1.000000,92.308,unknown,0.634470,left_chewing
3840582.0,-0.405762,-1.615234,1.209473,0.205975,0.095394,-0.092462,chewing,1.000000,92.308,unknown,0.634470,left_chewing
3840592.0,-0.40332,-1.607422,1.20459,0.25607,0.146821,-0.106052,chewing,1.000000,92.308,unknown,0.634470,left_chewing
3840602.0,-0.410645,-1.610352,1.199707,0.264597,0.202245,-0.078074,chewing,1.000000,92.308,unknown,0.634470,left_chewing
3840612.0,-0.393555,-1.622559,1.201172,0.239017,0.205709,-0.070346,chewing,1.000000,92.308,unknown,0.634470,left_chewing
3840622.0,-0.357422,-1.635742,1.189453,0.259801,0.192919,-0.066616,chewing,1.000000,92.308,unknown,0.634470,left_chewing
3840632.0,-0.402832,-1.638672,1.203125,0.240083,0.145755,-0.107118,chewing,1.000000,92.308,unknown,0.634470,left_chewing
3840642.0,-0.401855,-1.618652,1.206543,0.272058,0.12124,-0.136162,chewing,1.000000,92.308,unknown,0.634470,left_chewing
3840652.0,-0.396973,-1.633789,1.223633,0.275256,0.107118,-0.11751,chewing,1.000000,92.308,unknown,0.634470,left_chewing
3840662.0,-0.35791,-1.607422,1.21582,0.267262,0.115645,-0.120175,chewing,1.000000,92.308,unknown,0.634470,left_chewing
3840672.0,-0.435059,-1.700684,1.240723,0.218233,0.072211,-0.1311,chewing,1.000000,92.308,unknown,0.634470,left_chewing
3840682.0,-0.412109,-1.67041,1.246582,0.22143,0.009326,-0.134564,chewing,1.000000,92.308,unknown,0.634470,left_chewing
3840692.0,-0.395508,-1.669434,1.23584,0.168671,-0.072744,-0.136162,chewing,1.000000,92.308,unknown,0.634470,left_chewing
3840702.0,-0.427734,-1.666992,1.237793,0.082337,-0.197449,-0.085534,chewing,1.000000,92.308,unknown,0.634470,left_chewing
3840712.0,-0.416016,-1.656738,1.223145,-0.060487,-0.267262,0.023982,chewing,1.000000,92.308,unknown,0.634470,left_chewing
3840722.0,-0.414551,-1.658691,1.228516,-0.160144,-0.260067,0.060487,chewing,1.000000,92.308,unknown,0.634470,left_chewing
3840732.0,-0.397461,-1.656738,1.227051,-0.201179,-0.254205,-0.038371,chewing,1.000000,92.308,unknown,0.634470,left_chewing
3840742.0,-0.389648,-1.647949,1.226074,-0.231023,-0.271525,-0.178263,chewing,1.000000,92.308,unknown,0.634470,left_chewing
3840752.0,-0.365234,-1.646484,1.209961,-0.332012,-0.35706,-0.093528,chewing,1.000000,92.308,unknown,0.634470,left_chewing
3840762.0,-0.390625,-1.651855,1.19043,-0.321887,-0.286714,-0.14762,chewing,1.000000,92.308,unknown,0.634470,left_chewing
3840772.0,-0.359863,-1.667969,1.220215,-0.001865,-0.33521,-0.189188,chewing,1.000000,92.308,unknown,0.634470,left_chewing
3840782.0,-0.366211,-1.65918,1.230469,0.327216,-0.220631,-0.463645,chewing,1.000000,92.308,unknown,0.634470,left_chewing
3840792.0,-0.390625,-1.456055,1.215332,0.422077,-0.150018,-0.547847,chewing,1.000000,92.308,unknown,0.634470,left_chewing
3840802.0,-0.41748,-1.610352,1.17627,0.47004,-0.124172,-0.370916,chewing,1.000000,92.308,unknown,0.634470,left_chewing
3840812.0,-0.374512,-1.654785,1.178711,0.423409,-0.045299,-0.094328,chewing,1.000000,92.308,unknown,0.634470,left_chewing
3840822.0,-0.361328,-1.64502,1.173828,0.354395,0.016254,0.016521,chewing,1.000000,92.308,unknown,0.634470,left_chewing
3840832.0,-0.355469,-1.658203,1.184082,0.279519,0.050361,0.003464,chewing,1.000000,92.308,unknown,0.634470,left_chewing
3840842.0,-0.383301,-1.674316,1.195313,0.237152,0.032242,-0.086067,chewing,1.000000,92.308,unknown,0.634470,left_chewing
3840852.0,-0.378418,-1.660156,1.191406,0.181461,0.061553,-0.094594,chewing,1.000000,92.308,unknown,0.634470,left_chewing
3840862.0,-0.402832,-1.663086,1.228516,0.147887,0.086334,-0.076741,chewing,1.000000,92.308,unknown,0.634470,left_chewing
3840872.0,-0.36377,-1.666016,1.236816,0.098591,0.129234,-0.011191,chewing,1.000000,92.308,unknown,0.634470,left_chewing
3840882.0,-0.375977,-1.657715,1.217285,0.04823,0.132432,-0.016254,chewing,1.000000,92.308,unknown,0.634470,left_chewing
3840892.0,-0.36084,-1.645508,1.233398,0.007461,0.127902,-0.017587,chewing,1.000000,92.308,unknown,0.634470,left_chewing
3840902.0,-0.364746,-1.620605,1.242188,-0.017054,0.10845,-0.06102,chewing,1.000000,92.308,unknown,0.634470,left_chewing
3840912.0,-0.330078,-1.623535,1.242188,-0.026913,0.115645,-0.068214,chewing,1.000000,92.308,unknown,0.634470,left_chewing
3840922.0,-0.289063,-1.64502,1.232422,-0.014922,0.139626,-0.067948,chewing,1.000000,92.308,unknown,0.634470,left_chewing
3840932.0,-0.336426,-1.650391,1.23291,-0.005596,0.108184,-0.102588,chewing,1.000000,92.308,unknown,0.634470,left_chewing
3840942.0,-0.34082,-1.629883,1.22998,0.005862,0.106585,-0.089798,chewing,1.000000,92.308,unknown,0.634470,left_chewing
3840952.0,-0.341797,-1.612793,1.23584,0.023449,0.112447,-0.115112,chewing,1.000000,92.308,unknown,0.634470,left_chewing
3840962.0,-0.335449,-1.619141,1.22998,0.035706,0.132698,-0.094594,chewing,1.000000,92.308,unknown,0.634470,left_chewing
3840972.0,-0.340332,-1.61377,1.247559,0.045032,0.133498,-0.076741,chewing,1.000000,92.308,unknown,0.634470,left_chewing
3840982.0,-0.345215,-1.610352,1.250488,0.043167,0.137761,-0.073277,chewing,1.000000,92.308,unknown,0.634470,left_chewing
3840992.0,-0.339355,-1.61377,1.243652,0.072744,0.116444,-0.051694,chewing,1.000000,92.308,unknown,0.634470,left_chewing
3841002.0,-0.369141,-1.598633,1.268066,0.085801,0.120708,-0.016787,chewing,1.000000,92.308,unknown,0.634470,left_chewing
3841012.0,-0.368164,-1.582031,1.280273,0.116977,0.140159,0.03917,chewing,1.000000,92.308,unknown,0.634470,left_chewing
3841022.0,-0.355469,-1.594238,1.276367,0.106585,0.16121,0.065017,chewing,1.000000,92.308,unknown,0.634470,left_chewing
3841032.0,-0.347168,-1.599121,1.276367,0.111115,0.198248,0.060221,chewing,1.000000,92.308,unknown,0.634470,left_chewing
3841042.0,-0.36377,-1.575195,1.270996,0.065017,0.212371,0.046098,chewing,1.000000,92.308,unknown,0.634470,left_chewing
3841052.0,-0.382813,-1.57959,1.279297,-0.003997,0.18306,0.058089,chewing,1.000000,92.308,unknown,0.634470,left_chewing
3841062.0,-0.385254,-1.592285,1.311523,-0.063951,0.097525,0.031443,chewing,1.000000,92.308,unknown,0.634470,left_chewing
3841072.0,-0.398438,-1.597656,1.349609,-0.10019,-0.014123,0.007194,chewing,1.000000,92.308,unknown,0.634470,left_chewing
3841082.0,-0.374512,-1.526367,1.269531,-0.168671,-0.099124,0.006129,chewing,1.000000,92.308,unknown,0.634470,left_chewing
3841092.0,-0.354492,-1.568359,1.251953,-0.119642,-0.092995,-0.017853,chewing,1.000000,92.308,unknown,0.634470,left_chewing
3841102.0,-0.376953,-1.649902,1.216797,-0.113513,-0.031709,0.029311,chewing,1.000000,92.308,unknown,0.634470,left_chewing
3841112.0,-0.400879,-1.710938,1.249512,-0.053559,-0.044766,0.031176,chewing,1.000000,92.308,unknown,0.634470,left_chewing
3841122.0,-0.447266,-1.646484,1.289063,0.01732,-0.092462,0.002931,chewing,1.000000,92.308,unknown,0.634470,left_chewing
3841132.0,-0.458496,-1.602539,1.283691,0.022383,-0.080738,-0.005063,chewing,1.000000,92.308,unknown,0.634470,left_chewing
3841142.0,-0.440918,-1.607422,1.270508,0.003464,-0.071945,0.01359,chewing,1.000000,92.308,unknown,0.634470,left_chewing
3841152.0,-0.44873,-1.608398,1.29248,0.116444,-0.232089,0.284582,chewing,1.000000,92.308,unknown,0.634470,left_chewing
3841162.0,-0.41748,-1.623535,1.236816,-0.060487,0.030643,0.118576,chewing,1.000000,92.308,unknown,0.634470,left_chewing
3841172.0,-0.423828,-1.642578,1.253418,-0.07381,0.076741,0.112447,chewing,1.000000,92.308,unknown,0.634470,left_chewing
3841182.0,-0.435059,-1.652344,1.230469,-0.071678,0.088466,0.075675,chewing,1.000000,92.308,unknown,0.634470,left_chewing
3841192.0,-0.421387,-1.658691,1.222168,-0.078074,0.063152,0.015188,chewing,1.000000,92.308,unknown,0.634470,left_chewing
3841202.0,-0.407227,-1.637207,1.215332,-0.139626,0.042101,-0.024515,chewing,1.000000,92.308,unknown,0.634470,left_chewing
3841212.0,-0.37793,-1.632324,1.205566,-0.222763,0.038637,-0.014389,chewing,1.000000,92.308,unknown,0.634470,left_chewing
3841222.0,-0.363281,-1.646484,1.1875,-0.3051,0.067948,0.018652,chewing,1.000000,92.308,unknown,0.634470,left_chewing
3841232.0,-0.347656,-1.65332,1.20752,-0.35706,0.088998,0.015988,chewing,1.000000,92.308,unknown,0.634470,left_chewing
3841242.0,-0.369629,-1.644531,1.217773,-0.376245,0.094061,-0.016254,chewing,1.000000,92.308,unknown,0.634470,left_chewing
3841252.0,-0.364258,-1.62207,1.199707,-0.393565,0.111381,-0.014922,chewing,1.000000,92.308,unknown,0.634470,left_chewing
3841262.0,-0.355469,-1.605469,1.210449,-0.412217,0.188655,0.018386,chewing,1.000000,92.308,unknown,0.634470,left_chewing
3841272.0,-0.351074,-1.60791,1.213379,-0.451121,0.136695,0.116977,chewing,1.000000,92.308,unknown,0.634470,left_chewing
3841282.0,-0.402832,-1.615723,1.214355,-0.411951,0.223828,0.118842,chewing,1.000000,92.308,unknown,0.634470,left_chewing
3841292.0,-0.384277,-1.633301,1.222168,-0.349599,0.230757,0.088998,chewing,1.000000,92.308,unknown,0.634470,left_chewing
3841302.0,-0.384766,-1.631348,1.242676,-0.295507,0.234753,0.005063,chewing,1.000000,92.308,unknown,0.634470,left_chewing
3841312.0,-0.387207,-1.629883,1.22998,-0.221697,0.213969,-0.087666,chewing,1.000000,92.308,unknown,0.634470,left_chewing
3841322.0,-0.389648,-1.647461,1.235352,-0.124704,0.200913,-0.127103,chewing,1.000000,92.308,unknown,0.634470,left_chewing
3841332.0,-0.382813,-1.640137,1.227051,-0.017054,0.170536,-0.170802,chewing,1.000000,92.308,unknown,0.634470,left_chewing
3841342.0,-0.364258,-1.633789,1.241699,0.058888,0.146821,-0.187856,chewing,1.000000,92.308,unknown,0.634470,left_chewing
3841352.0,-0.367188,-1.640625,1.214844,0.083403,0.151351,-0.126836,chewing,1.000000,92.308,unknown,0.634470,left_chewing
3841362.0,-0.353027,-1.663086,1.220215,0.115911,0.136162,-0.132165,chewing,1.000000,92.308,unknown,0.634470,left_chewing
3841372.0,-0.354004,-1.646973,1.220703,0.15215,0.069014,-0.138294,chewing,1.000000,92.308,unknown,0.634470,left_chewing
3841382.0,-0.362793,-1.630859,1.225098,0.14842,0.048496,-0.114046,chewing,1.000000,92.308,unknown,0.634470,left_chewing
3841392.0,-0.375488,-1.640625,1.231445,0.126836,0.022916,-0.074876,chewing,1.000000,92.308,unknown,0.634470,left_chewing
3841402.0,-0.379395,-1.65918,1.219727,0.144689,0.000799,-0.060221,chewing,1.000000,92.308,unknown,0.634470,left_chewing
3841412.0,-0.398926,-1.699219,1.238281,0.138028,-0.050894,-0.040502,chewing,1.000000,92.308,unknown,0.634470,left_chewing
3841422.0,-0.402344,-1.69873,1.210449,0.142557,-0.12204,-0.02638,chewing,1.000000,92.308,unknown,0.634470,left_chewing
3841432.0,-0.398438,-1.694336,1.220703,0.090597,-0.224361,-0.032242,chewing,1.000000,76.433,unknown,0.636720,left_chewing
3841442.0,-0.394531,-1.670898,1.213867,0.005329,-0.277121,-0.059155,chewing,1.000000,76.433,unknown,0.636720,left_chewing
3841452.0,-0.381348,-1.675293,1.208008,-0.084202,-0.289378,-0.087133,chewing,1.000000,76.433,unknown,0.636720,left_chewing
3841462.0,-0.355469,-1.700684,1.209473,-0.135629,-0.261133,-0.114579,chewing,1.000000,76.433,unknown,0.636720,left_chewing
3841472.0,-0.349121,-1.721191,1.257813,0.05649,-0.264331,-0.327216,chewing,1.000000,76.433,unknown,0.636720,left_chewing
3841482.0,-0.335449,-1.608398,1.264648,0.37438,-0.271525,-0.581954,chewing,1.000000,76.433,unknown,0.636720,left_chewing
3841492.0,-0.352539,-1.621582,1.220215,0.805516,-0.351464,-0.686141,chewing,1.000000,76.433,unknown,0.636720,left_chewing
3841502.0,-0.338379,-1.629395,1.203613,0.398628,-0.248609,-0.518536,chewing,1.000000,76.433,unknown,0.636720,left_chewing
3841512.0,-0.297363,-1.606934,1.240723,0.374913,-0.16574,-0.381841,chewing,1.000000,76.433,unknown,0.636720,left_chewing
3841522.0,-0.280762,-1.509277,1.234863,0.351997,-0.175066,-0.342404,chewing,1.000000,76.433,unknown,0.636720,left_chewing
3841532.0,-0.28125,-1.513184,1.232422,0.221164,-0.193985,-0.286181,chewing,1.000000,76.433,unknown,0.636720,left_chewing
3841542.0,-0.261719,-1.572266,1.240234,0.115378,-0.180928,-0.248609,chewing,1.000000,76.433,unknown,0.636720,left_chewing
3841552.0,-0.270508,-1.600586,1.251953,0.11298,-0.169204,-0.240616,chewing,1.000000,76.433,unknown,0.636720,left_chewing
3841562.0,-0.274902,-1.604004,1.239746,0.152417,-0.160943,-0.203577,chewing,1.000000,76.433,unknown,0.636720,left_chewing
3841572.0,-0.293457,-1.594238,1.262207,0.128701,-0.113513,-0.166539,chewing,1.000000,76.433,unknown,0.636720,left_chewing
3841582.0,-0.322754,-1.606445,1.271973,0.102055,-0.063685,-0.175332,chewing,1.000000,76.433,unknown,0.636720,left_chewing
3841592.0,-0.33252,-1.591797,1.287109,0.105786,-0.049828,-0.181194,chewing,1.000000,76.433,unknown,0.636720,left_chewing
3841602.0,-0.348633,-1.601563,1.286133,0.093262,-0.023182,-0.142291,chewing,1.000000,76.433,unknown,0.636720,left_chewing
3841612.0,-0.333496,-1.611816,1.266113,0.081538,0.026646,-0.090064,chewing,1.000000,76.433,unknown,0.636720,left_chewing
3841622.0,-0.338867,-1.629395,1.268066,0.048496,0.085268,-0.018652,chewing,1.000000,76.433,unknown,0.636720,left_chewing
3841632.0,-0.341797,-1.663574,1.251953,0.046364,0.089798,0.050628,chewing,1.000000,76.433,unknown,0.636720,left_chewing
3841642.0,-0.339355,-1.675781,1.241699,0.036239,0.083936,0.096193,chewing,1.000000,76.433,unknown,0.636720,left_chewing
3841652.0,-0.341797,-1.664063,1.246582,0.015721,0.077541,0.092995,chewing,1.000000,76.433,unknown,0.636720,left_chewing
3841662.0,-0.334961,-1.661133,1.258789,-0.004263,0.074077,0.096459,chewing,1.000000,76.433,unknown,0.636720,left_chewing
3841672.0,-0.334473,-1.670898,1.26416,-0.023449,0.079939,0.077541,chewing,1.000000,76.433,unknown,0.636720,left_chewing
3841682.0,-0.337891,-1.645508,1.249512,-0.029577,0.114845,0.053292,chewing,1.000000,76.433,unknown,0.636720,left_chewing
3841692.0,-0.339844,-1.625,1.260254,-0.040236,0.138294,0.067149,chewing,1.000000,76.433,unknown,0.636720,left_chewing
3841702.0,-0.32373,-1.612305,1.261719,-0.049029,0.151884,0.049029,chewing,1.000000,76.433,unknown,0.636720,left_chewing
3841712.0,-0.333008,-1.603027,1.250977,-0.054891,0.144689,0.039436,chewing,1.000000,76.433,unknown,0.636720,left_chewing
3841722.0,-0.349121,-1.605469,1.266113,-0.063951,0.134297,0.030643,chewing,1.000000,76.433,unknown,0.636720,left_chewing
3841732.0,-0.32666,-1.60791,1.265625,-0.033574,0.116178,0.036505,chewing,1.000000,76.433,unknown,0.636720,left_chewing
3841742.0,-0.305664,-1.622559,1.250977,-0.056224,0.117243,0.045565,chewing,1.000000,76.433,unknown,0.636720,left_chewing
3841752.0,-0.318359,-1.64209,1.280273,-0.05649,0.097792,0.053026,chewing,1.000000,76.433,unknown,0.636720,left_chewing
3841762.0,-0.33252,-1.611328,1.303711,-0.102588,0.039703,0.048496,chewing,1.000000,76.433,unknown,0.636720,left_chewing
3841772.0,-0.294922,-1.580078,1.275879,-0.098325,0.057556,0.032508,chewing,1.000000,76.433,unknown,0.636720,left_chewing
3841782.0,-0.311523,-1.600098,1.272949,-0.114579,0.041302,0.027446,chewing,1.000000,76.433,unknown,0.636720,left_chewing
3841792.0,-0.327637,-1.661621,1.262207,-0.011458,-0.040502,-0.021051,chewing,1.000000,76.433,unknown,0.636720,left_chewing
3841802.0,-0.331055,-1.651367,1.253906,0.034374,-0.070613,0.087933,chewing,1.000000,76.433,unknown,0.636720,left_chewing
3841812.0,-0.336914,-1.628418,1.257813,0.024248,-0.07381,0.249675,chewing,1.000000,76.433,unknown,0.636720,left_chewing
3841822.0,-0.354492,-1.676758,1.272461,0.070613,-0.066349,0.169204,chewing,1.000000,76.433,unknown,0.636720,left_chewing
3841832.0,-0.349121,-1.675781,1.253906,0.057556,-0.076208,0.114845,chewing,1.000000,76.433,unknown,0.636720,left_chewing
3841842.0,-0.355469,-1.671875,1.230469,-0.000266,-0.049828,0.120441,chewing,1.000000,76.433,unknown,0.636720,left_chewing
3841852.0,-0.364258,-1.649902,1.221191,-0.093262,-0.022116,0.207574,chewing,1.000000,76.433,unknown,0.636720,left_chewing
3841862.0,-0.365723,-1.641602,1.225586,-0.206775,0.002931,0.368784,chewing,1.000000,76.433,unknown,0.636720,left_chewing
3841872.0,-0.366211,-1.662109,1.266602,-0.281917,0.028778,0.424475,chewing,1.000000,76.433,unknown,0.636720,left_chewing
3841882.0,-0.385254,-1.634277,1.244629,-0.393565,0.064217,0.379975,chewing,1.000000,76.433,unknown,0.636720,left_chewing
3841892.0,-0.368164,-1.606445,1.262695,-0.392499,0.119375,0.403691,chewing,1.000000,76.433,unknown,0.636720,left_chewing
3841902.0,-0.342285,-1.597168,1.27002,-0.41355,0.193452,0.317357,chewing,1.000000,76.433,unknown,0.636720,left_chewing
3841912.0,-0.355469,-1.578613,1.265137,-0.424741,0.238217,0.39543,chewing,1.000000,76.433,unknown,0.636720,left_chewing
3841922.0,-0.361328,-1.645508,1.251953,-0.391433,0.227292,0.423142,chewing,1.000000,76.433,unknown,0.636720,left_chewing
3841932.0,-0.348145,-1.61084,1.268066,-0.281917,0.217433,0.35626,chewing,1.000000,76.433,unknown,0.636720,left_chewing
3841942.0,-0.337891,-1.600098,1.247559,-0.154815,0.175066,0.174,chewing,1.000000,76.433,unknown,0.636720,left_chewing
3841952.0,-0.367676,-1.618652,1.255371,-0.017853,0.118043,0.038371,chewing,1.000000,76.433,unknown,0.636720,left_chewing
3841962.0,-0.366699,-1.613281,1.268555,0.112447,0.106585,-0.111381,chewing,1.000000,76.433,unknown,0.636720,left_chewing
3841972.0,-0.34375,-1.583008,1.244629,0.170536,0.118576,-0.150285,chewing,1.000000,76.433,unknown,0.636720,left_chewing
3841982.0,-0.328125,-1.556152,1.237793,0.166273,0.179862,-0.116711,chewing,1.000000,76.433,unknown,0.636720,left_chewing
3841992.0,-0.351074,-1.571777,1.239258,0.140426,0.200113,-0.060221,chewing,1.000000,76.433,unknown,0.636720,left_chewing
3842002.0,-0.347168,-1.608398,1.230469,0.148153,0.22143,-0.026913,chewing,1.000000,76.433,unknown,0.636720,left_chewing
3842012.0,-0.342285,-1.625488,1.256836,0.195051,0.179862,0.025847,chewing,1.000000,76.433,unknown,0.636720,left_chewing
3842022.0,-0.354492,-1.617676,1.240723,0.223029,0.153749,0.018919,chewing,1.000000,76.433,unknown,0.636720,left_chewing
3842032.0,-0.344727,-1.636719,1.238281,0.242747,0.136162,-0.042101,chewing,1.000000,76.433,unknown,0.636720,left_chewing
3842042.0,-0.356445,-1.649414,1.240234,0.292576,0.137761,-0.069014,chewing,1.000000,76.433,unknown,0.636720,left_chewing
3842052.0,-0.362305,-1.603027,1.246582,0.334943,0.210772,-0.189188,chewing,1.000000,76.433,unknown,0.636720,left_chewing
3842062.0,-0.358398,-1.610352,1.23877,0.293375,0.259268,-0.156946,chewing,1.000000,76.433,unknown,0.636720,left_chewing
3842072.0,-0.36377,-1.634277,1.231445,0.255804,0.292309,-0.138028,chewing,1.000000,76.433,unknown,0.636720,left_chewing
3842082.0,-0.361328,-1.633789,1.215332,0.234221,0.35173,-0.111648,chewing,1.000000,76.433,unknown,0.636720,left_chewing
3842092.0,-0.378418,-1.645508,1.240234,0.226493,0.331746,-0.085801,chewing,1.000000,76.433,unknown,0.636720,left_chewing
3842102.0,-0.382813,-1.645508,1.268555,0.206508,0.210505,-0.039703,chewing,1.000000,76.433,unknown,0.636720,left_chewing
3842112.0,-0.394531,-1.612793,1.268066,0.168937,0.111648,-0.073011,chewing,1.000000,76.433,unknown,0.636720,left_chewing
3842122.0,-0.398438,-1.62207,1.268555,0.047164,0.046098,-0.025314,chewing,1.000000,76.433,unknown,0.636720,left_chewing
3842132.0,-0.381348,-1.623535,1.269043,-0.129767,-0.016787,0.052493,chewing,1.000000,76.433,unknown,0.636720,left_chewing
3842142.0,-0.360352,-1.632813,1.277344,-0.329614,-0.020251,0.11298,chewing,1.000000,76.433,unknown,0.636720,left_chewing
3842152.0,-0.329102,-1.646484,1.259277,-0.42181,-0.009593,0.108717,chewing,1.000000,76.433,unknown,0.636720,left_chewing
3842162.0,-0.32666,-1.647461,1.263184,-0.410619,-0.005063,-0.014655,chewing,1.000000,76.433,unknown,0.636720,left_chewing
3842172.0,-0.324707,-1.618164,1.256348,-0.414083,-0.032775,-0.081005,chewing,1.000000,76.433,unknown,0.636720,left_chewing
3842182.0,-0.334961,-1.63916,1.24707,-0.434067,-0.047164,-0.047164,chewing,1.000000,76.433,unknown,0.636720,left_chewing
3842192.0,-0.331055,-1.651855,1.288086,-0.144956,-0.030377,-0.257669,chewing,1.000000,76.433,unknown,0.636720,left_chewing
3842202.0,-0.373535,-1.572754,1.291016,0.210239,0.011458,-0.42634,chewing,1.000000,76.433,unknown,0.636720,left_chewing
3842212.0,-0.384766,-1.544434,1.256836,0.390634,-0.035173,-0.359191,chewing,1.000000,76.433,unknown,0.636720,left_chewing
3842222.0,-0.396484,-1.566895,1.253418,0.410352,-0.053825,-0.12657,chewing,1.000000,76.433,unknown,0.636720,left_chewing
3842232.0,-0.39502,-1.579102,1.258789,0.390368,-0.075675,0.006928,chewing,1.000000,76.433,unknown,0.636720,left_chewing
3842242.0,-0.352051,-1.602051,1.243652,0.364787,-0.068214,0.035706,chewing,1.000000,76.433,unknown,0.636720,left_chewing
3842252.0,-0.392578,-1.627441,1.244141,0.291776,0.023182,0.019452,chewing,1.000000,76.433,unknown,0.636720,left_chewing
3842262.0,-0.486816,-1.551758,1.313965,0.336276,0.002665,-0.221164,chewing,1.000000,76.433,unknown,0.636720,left_chewing
3842272.0,-0.395508,-1.671875,1.26416,0.203844,-0.033308,-0.14762,chewing,1.000000,76.433,unknown,0.636720,left_chewing
3842282.0,-0.373047,-1.653809,1.260254,0.121507,-0.001865,-0.11298,chewing,1.000000,76.433,unknown,0.636720,left_chewing
3842292.0,-0.369629,-1.635742,1.28125,0.01359,0.034907,-0.108983,chewing,1.000000,76.433,unknown,0.636720,left_chewing
3842302.0,-0.358887,-1.62793,1.280273,-0.077008,0.075675,-0.163874,chewing,1.000000,76.433,unknown,0.636720,left_chewing
3842312.0,-0.349121,-1.610352,1.277344,-0.101789,0.088199,-0.193185,chewing,1.000000,76.433,unknown,0.636720,left_chewing
3842322.0,-0.337891,-1.597656,1.259766,-0.107651,0.095127,-0.172668,chewing,1.000000,76.433,unknown,0.636720,left_chewing
3842332.0,-0.338867,-1.602051,1.275391,-0.111914,0.10019,-0.146554,chewing,1.000000,76.433,unknown,0.636720,left_chewing
3842342.0,-0.327148,-1.597656,1.269043,-0.078873,0.112181,-0.119642,chewing,1.000000,76.433,unknown,0.636720,left_chewing
3842352.0,-0.32959,-1.585938,1.292969,-0.074876,0.080472,-0.108717,chewing,1.000000,76.433,unknown,0.636720,left_chewing
3842362.0,-0.32959,-1.570313,1.278809,-0.039703,0.056224,-0.112181,chewing,1.000000,76.433,unknown,0.636720,left_chewing
3842372.0,-0.328613,-1.572266,1.28125,0.007994,0.041302,-0.106585,chewing,1.000000,76.433,unknown,0.636720,left_chewing
3842382.0,-0.338867,-1.585449,1.271484,0.038371,0.025314,-0.104187,chewing,1.000000,76.433,unknown,0.636720,left_chewing
3842392.0,-0.339355,-1.609863,1.271973,0.077008,-0.000533,-0.134031,chewing,1.000000,76.433,unknown,0.636720,left_chewing
3842402.0,-0.342773,-1.597656,1.286621,0.071945,0.010126,-0.170802,chewing,1.000000,76.433,unknown,0.636720,left_chewing
3842412.0,-0.337402,-1.620117,1.281738,0.11298,0.060487,-0.190521,chewing,1.000000,76.433,unknown,0.636720,left_chewing
3842422.0,-0.346191,-1.584961,1.283691,0.083936,0.06475,-0.159078,chewing,1.000000,76.433,unknown,0.636720,left_chewing
3842432.0,-0.361816,-1.60791,1.282715,0.040502,0.096992,-0.148953,chewing,1.000000,76.433,unknown,0.636720,left_chewing
3842442.0,-0.361328,-1.606934,1.291504,0.011991,0.1303,-0.104453,chewing,1.000000,82.192,unknown,0.632470,left_chewing
3842452.0,-0.348145,-1.623535,1.282227,-0.007994,0.132698,-0.119908,chewing,1.000000,82.192,unknown,0.632470,left_chewing
3842462.0,-0.32666,-1.623047,1.287109,-0.038371,0.132698,-0.062619,chewing,1.000000,82.192,unknown,0.632470,left_chewing
3842472.0,-0.344238,-1.635742,1.293945,-0.042368,0.126037,-0.048496,chewing,1.000000,82.192,unknown,0.632470,left_chewing
3842482.0,-0.359375,-1.650391,1.330566,0.007727,0.128435,-0.069813,chewing,1.000000,82.192,unknown,0.632470,left_chewing
3842492.0,-0.350586,-1.513672,1.232422,0.054891,0.170536,-0.03464,chewing,1.000000,82.192,unknown,0.632470,left_chewing
3842502.0,-0.33252,-1.647461,1.24707,-0.133231,0.216634,0.051427,chewing,1.000000,82.192,unknown,0.632470,left_chewing
3842512.0,-0.371094,-1.608887,1.308594,-0.15668,0.156946,0.016254,chewing,1.000000,82.192,unknown,0.632470,left_chewing
3842522.0,-0.369629,-1.595703,1.30127,-0.251807,0.070613,0.062885,chewing,1.000000,82.192,unknown,0.632470,left_chewing
3842532.0,-0.346191,-1.580566,1.297852,-0.278453,0.076741,0.153216,chewing,1.000000,82.192,unknown,0.632470,left_chewing
3842542.0,-0.370605,-1.598633,1.311523,-0.289645,0.081005,0.135096,chewing,1.000000,82.192,unknown,0.632470,left_chewing
3842552.0,-0.350098,-1.601563,1.29248,-0.264864,0.106052,0.110848,chewing,1.000000,82.192,unknown,0.632470,left_chewing
3842562.0,-0.335938,-1.602539,1.275879,-0.298172,0.104986,0.086334,chewing,1.000000,82.192,unknown,0.632470,left_chewing
3842572.0,-0.333496,-1.612305,1.26416,-0.327482,0.112447,0.10392,chewing,1.000000,82.192,unknown,0.632470,left_chewing
3842582.0,-0.330566,-1.610352,1.248047,-0.33441,0.094861,0.116178,chewing,1.000000,82.192,unknown,0.632470,left_chewing
3842592.0,-0.330566,-1.628418,1.248047,-0.323219,0.071945,0.169204,chewing,1.000000,82.192,unknown,0.632470,left_chewing
3842602.0,-0.352051,-1.663574,1.231934,-0.286447,0.020518,0.187323,chewing,1.000000,82.192,unknown,0.632470,left_chewing
3842612.0,-0.359375,-1.628418,1.250488,-0.231023,-0.044766,0.143623,chewing,1.000000,82.192,unknown,0.632470,left_chewing
3842622.0,-0.36084,-1.600586,1.255371,-0.231556,-0.020784,0.152417,chewing,1.000000,82.192,unknown,0.632470,left_chewing
3842632.0,-0.346191,-1.608887,1.248535,-0.208374,0.003198,0.091397,chewing,1.000000,82.192,unknown,0.632470,left_chewing
3842642.0,-0.34668,-1.611816,1.251953,-0.208374,0.070879,0.031443,chewing,1.000000,82.192,unknown,0.632470,left_chewing
3842652.0,-0.344238,-1.60791,1.248535,-0.168937,0.088199,-0.017587,chewing,1.000000,82.192,unknown,0.632470,left_chewing
3842662.0,-0.344238,-1.625488,1.243652,-0.137228,0.108983,-0.031443,chewing,1.000000,82.192,unknown,0.632470,left_chewing
3842672.0,-0.349609,-1.626953,1.237305,-0.114046,0.154548,-0.019185,chewing,1.000000,82.192,unknown,0.632470,left_chewing
3842682.0,-0.335938,-1.64502,1.223633,-0.106851,0.160943,-0.024515,chewing,1.000000,82.192,unknown,0.632470,left_chewing
3842692.0,-0.362305,-1.65625,1.223145,-0.048763,0.14842,-0.075142,chewing,1.000000,82.192,unknown,0.632470,left_chewing
3842702.0,-0.374023,-1.651855,1.233887,-0.011458,0.126037,-0.106052,chewing,1.000000,82.192,unknown,0.632470,left_chewing
3842712.0,-0.378906,-1.637207,1.235352,0.023982,0.105786,-0.123372,chewing,1.000000,82.192,unknown,0.632470,left_chewing
3842722.0,-0.361816,-1.623047,1.253418,0.033574,0.088732,-0.127369,chewing,1.000000,82.192,unknown,0.632470,left_chewing
3842732.0,-0.364258,-1.61377,1.25293,0.069813,0.112714,-0.118842,chewing,1.000000,82.192,unknown,0.632470,left_chewing
3842742.0,-0.35498,-1.61377,1.246582,0.10019,0.118043,-0.128968,chewing,1.000000,82.192,unknown,0.632470,left_chewing
3842752.0,-0.357422,-1.610352,1.254883,0.106851,0.134031,-0.133231,chewing,1.000000,82.192,unknown,0.632470,left_chewing
3842762.0,-0.363281,-1.619141,1.243164,0.119642,0.132432,-0.103121,chewing,1.000000,82.192,unknown,0.632470,left_chewing
3842772.0,-0.364258,-1.623047,1.255859,0.115911,0.145489,-0.099124,chewing,1.000000,82.192,unknown,0.632470,left_chewing
3842782.0,-0.36084,-1.628418,1.251465,0.115112,0.151084,-0.120175,chewing,1.000000,82.192,unknown,0.632470,left_chewing
3842792.0,-0.375,-1.617676,1.253418,0.112714,0.115911,-0.185724,chewing,1.000000,82.192,unknown,0.632470,left_chewing
3842802.0,-0.354004,-1.624512,1.269531,0.146554,0.082337,-0.185724,chewing,1.000000,82.192,unknown,0.632470,left_chewing
3842812.0,-0.347656,-1.606445,1.261719,0.133498,0.110049,-0.198781,chewing,1.000000,82.192,unknown,0.632470,left_chewing
3842822.0,-0.362305,-1.597168,1.269043,0.107917,0.0874,-0.163075,chewing,1.000000,82.192,unknown,0.632470,left_chewing
3842832.0,-0.370605,-1.600098,1.273926,0.074343,0.041835,-0.134031,chewing,1.000000,82.192,unknown,0.632470,left_chewing
3842842.0,-0.349609,-1.617188,1.284668,0.03091,-0.005063,-0.071678,chewing,1.000000,82.192,unknown,0.632470,left_chewing
3842852.0,-0.333008,-1.611328,1.28418,-0.041035,-0.037305,-0.006395,chewing,1.000000,82.192,unknown,0.632470,left_chewing
3842862.0,-0.341309,-1.61377,1.279785,-0.103121,-0.061553,0.014389,chewing,1.000000,82.192,unknown,0.632470,left_chewing
3842872.0,-0.34375,-1.616699,1.272949,-0.139093,-0.107118,0.005862,chewing,1.000000,82.192,unknown,0.632470,left_chewing
3842882.0,-0.331055,-1.644531,1.267578,-0.189988,-0.146288,0.046364,chewing,1.000000,82.192,unknown,0.632470,left_chewing
3842892.0,-0.313477,-1.646484,1.257813,-0.23049,-0.167338,0.027446,chewing,1.000000,82.192,unknown,0.632470,left_chewing
3842902.0,-0.310059,-1.651855,1.276855,-0.243813,-0.205176,-0.028245,chewing,1.000000,82.192,unknown,0.632470,left_chewing
3842912.0,-0.318848,-1.633301,1.278809,-0.10925,-0.211571,-0.205709,chewing,1.000000,82.192,unknown,0.632470,left_chewing
3842922.0,-0.324707,-1.612305,1.280762,0.113779,-0.163075,-0.333345,chewing,1.000000,82.192,unknown,0.632470,left_chewing
3842932.0,-0.361328,-1.601563,1.258301,0.29604,-0.146554,-0.320554,chewing,1.000000,82.192,unknown,0.632470,left_chewing
3842942.0,-0.348633,-1.612793,1.248047,0.406355,-0.179596,-0.269394,chewing,1.000000,82.192,unknown,0.632470,left_chewing
3842952.0,-0.32666,-1.612305,1.245605,0.369051,-0.159345,-0.145222,chewing,1.000000,82.192,unknown,0.632470,left_chewing
3842962.0,-0.305664,-1.611816,1.259277,0.365587,-0.144956,-0.125504,chewing,1.000000,82.192,unknown,0.632470,left_chewing
3842972.0,-0.314453,-1.628906,1.25,0.34347,-0.104453,-0.148953,chewing,1.000000,82.192,unknown,0.632470,left_chewing
3842982.0,-0.332031,-1.642578,1.259277,0.314692,-0.12657,-0.225694,chewing,1.000000,82.192,unknown,0.632470,left_chewing
3842992.0,-0.331543,-1.661621,1.246094,0.260867,-0.107651,-0.293908,chewing,1.000000,82.192,unknown,0.632470,left_chewing
3843002.0,-0.321289,-1.634277,1.252441,0.163075,-0.096992,-0.229158,chewing,1.000000,82.192,unknown,0.632470,left_chewing
3843012.0,-0.312012,-1.637695,1.267578,0.069014,-0.081538,-0.176398,chewing,1.000000,82.192,unknown,0.632470,left_chewing
3843022.0,-0.302734,-1.625488,1.26709,-0.018119,-0.045565,-0.123905,chewing,1.000000,82.192,unknown,0.632470,left_chewing
3843032.0,-0.298828,-1.61377,1.282227,-0.0437,-0.017587,-0.108184,chewing,1.000000,82.192,unknown,0.632470,left_chewing
3843042.0,-0.29541,-1.578125,1.256348,-0.062352,0.037305,-0.071412,chewing,1.000000,82.192,unknown,0.632470,left_chewing
3843052.0,-0.294434,-1.594727,1.266113,-0.099657,0.086334,-0.033308,chewing,1.000000,82.192,unknown,0.632470,left_chewing
3843062.0,-0.292969,-1.608887,1.274902,-0.101789,0.104453,-0.010658,chewing,1.000000,82.192,unknown,0.632470,left_chewing
3843072.0,-0.312988,-1.574219,1.27832,-0.066616,0.13936,-0.018652,chewing,1.000000,82.192,unknown,0.632470,left_chewing
3843082.0,-0.312012,-1.582031,1.270996,-0.054891,0.114845,0.006129,chewing,1.000000,82.192,unknown,0.632470,left_chewing
3843092.0,-0.286133,-1.602539,1.273438,-0.045832,0.102855,0.038904,chewing,1.000000,82.192,unknown,0.632470,left_chewing
3843102.0,-0.29541,-1.601074,1.273438,-0.03091,0.10019,0.05196,chewing,1.000000,82.192,unknown,0.632470,left_chewing
3843112.0,-0.300293,-1.615723,1.257813,-0.015188,0.099657,0.06102,chewing,1.000000,82.192,unknown,0.632470,left_chewing
3843122.0,-0.297363,-1.616211,1.282715,0.009859,0.102322,0.041035,chewing,1.000000,82.192,unknown,0.632470,left_chewing
3843132.0,-0.303223,-1.620605,1.279297,-0.009859,0.097259,0.037838,chewing,1.000000,82.192,unknown,0.632470,left_chewing
3843142.0,-0.302246,-1.624023,1.273438,-0.004263,0.091663,0.031443,chewing,1.000000,82.192,unknown,0.632470,left_chewing
3843152.0,-0.314941,-1.626953,1.276367,-0.022383,0.099923,0.019452,chewing,1.000000,82.192,unknown,0.632470,left_chewing
3843162.0,-0.314941,-1.632813,1.288574,-0.039703,0.102055,0.006928,chewing,1.000000,82.192,unknown,0.632470,left_chewing
3843172.0,-0.316895,-1.633789,1.293945,-0.063951,0.12577,-0.009593,chewing,1.000000,82.192,unknown,0.632470,left_chewing
3843182.0,-0.315918,-1.608887,1.288574,-0.06928,0.176931,-0.000533,chewing,1.000000,82.192,unknown,0.632470,left_chewing
3843192.0,-0.331543,-1.627441,1.299316,-0.117776,0.222496,0.011991,chewing,1.000000,82.192,unknown,0.632470,left_chewing
3843202.0,-0.325684,-1.621582,1.312012,-0.123905,0.203311,0.062352,chewing,1.000000,82.192,unknown,0.632470,left_chewing
3843212.0,-0.330566,-1.572754,1.269531,-0.16041,0.201179,0.057023,chewing,1.000000,82.192,unknown,0.632470,left_chewing
3843222.0,-0.319824,-1.583984,1.253418,-0.168138,0.192119,0.071412,chewing,1.000000,82.192,unknown,0.632470,left_chewing
3843232.0,-0.307617,-1.617676,1.215332,-0.322953,0.221164,0.221963,chewing,1.000000,82.192,unknown,0.632470,left_chewing
3843242.0,-0.311035,-1.671387,1.237793,-0.385305,0.206508,0.304567,chewing,1.000000,82.192,unknown,0.632470,left_chewing
3843252.0,-0.35498,-1.685059,1.304199,-0.376778,0.126037,0.220631,chewing,1.000000,82.192,unknown,0.632470,left_chewing
3843262.0,-0.32373,-1.595703,1.296875,-0.353063,0.122839,0.204643,chewing,1.000000,82.192,unknown,0.632470,left_chewing
3843272.0,-0.34082,-1.584473,1.291016,-0.363188,0.140692,0.135363,chewing,1.000000,82.192,unknown,0.632470,left_chewing
3843282.0,-0.326172,-1.592773,1.268555,-0.391966,0.088199,0.263798,chewing,1.000000,82.192,unknown,0.632470,left_chewing
3843292.0,-0.346191,-1.609863,1.268555,-0.304567,0.15668,0.15668,chewing,1.000000,82.192,unknown,0.632470,left_chewing
3843302.0,-0.356445,-1.602539,1.273438,-0.232089,0.160677,0.11298,chewing,1.000000,82.192,unknown,0.632470,left_chewing
3843312.0,-0.348145,-1.611328,1.261719,-0.170802,0.14309,0.116977,chewing,1.000000,82.192,unknown,0.632470,left_chewing
3843322.0,-0.354004,-1.637695,1.255859,-0.114046,0.12204,0.154015,chewing,1.000000,82.192,unknown,0.632470,left_chewing
3843332.0,-0.334961,-1.630859,1.23877,-0.067681,0.092729,0.168138,chewing,1.000000,82.192,unknown,0.632470,left_chewing
3843342.0,-0.341309,-1.65332,1.234863,-0.089265,0.083136,0.18679,chewing,1.000000,82.192,unknown,0.632470,left_chewing
3843352.0,-0.336426,-1.672363,1.229492,-0.108717,0.072744,0.15215,chewing,1.000000,82.192,unknown,0.632470,left_chewing
3843362.0,-0.34668,-1.660156,1.233398,-0.144689,0.046897,0.108184,chewing,1.000000,82.192,unknown,0.632470,left_chewing
3843372.0,-0.36084,-1.65625,1.258301,-0.15668,0.037571,0.087133,chewing,1.000000,82.192,unknown,0.632470,left_chewing
3843382.0,-0.384766,-1.625977,1.232422,-0.177997,0.032508,0.107651,chewing,1.000000,82.192,unknown,0.632470,left_chewing
3843392.0,-0.374512,-1.618652,1.241211,-0.172401,0.088732,0.124438,chewing,1.000000,82.192,unknown,0.632470,left_chewing
3843402.0,-0.359863,-1.648438,1.227051,-0.158279,0.117243,0.146821,chewing,1.000000,82.192,unknown,0.632470,left_chewing
3843412.0,-0.350098,-1.666992,1.239746,-0.093795,0.130034,0.114845,chewing,1.000000,82.192,unknown,0.632470,left_chewing
3843422.0,-0.347168,-1.651367,1.240723,-0.033574,0.11298,0.032242,chewing,1.000000,82.192,unknown,0.632470,left_chewing
3843432.0,-0.348633,-1.634766,1.240234,0.021317,0.135363,-0.00906,chewing,1.000000,82.192,unknown,0.632470,left_chewing
3843442.0,-0.359375,-1.637207,1.25,0.077807,0.119642,-0.071412,chewing,1.000000,82.192,unknown,0.632470,left_chewing
3843452.0,-0.35791,-1.609375,1.240723,0.069014,0.123639,-0.091397,chewing,1.000000,82.192,unknown,0.632470,left_chewing
3843462.0,-0.375977,-1.623535,1.246094,0.077807,0.1303,-0.047963,chewing,1.000000,82.192,unknown,0.632470,left_chewing
3843472.0,-0.37793,-1.613281,1.255859,0.090597,0.139093,-0.010658,chewing,1.000000,82.192,unknown,0.632470,left_chewing
3843482.0,-0.375977,-1.618652,1.238281,0.115378,0.154548,-0.021051,chewing,1.000000,38.961,unknown,0.619970,left_chewing
3843492.0,-0.37793,-1.603516,1.254395,0.124438,0.152417,-0.025047,chewing,1.000000,38.961,unknown,0.619970,left_chewing
3843502.0,-0.383301,-1.615723,1.250488,0.120175,0.161743,-0.041835,chewing,1.000000,38.961,unknown,0.619970,left_chewing
3843512.0,-0.370117,-1.635742,1.23877,0.138827,0.149485,-0.052493,chewing,1.000000,38.961,unknown,0.619970,left_chewing
3843522.0,-0.355469,-1.617188,1.222168,0.14309,0.126037,-0.060221,chewing,1.000000,38.961,unknown,0.619970,left_chewing
3843532.0,-0.370117,-1.638672,1.229004,0.108717,0.129767,-0.032775,chewing,1.000000,38.961,unknown,0.619970,left_chewing
3843542.0,-0.381836,-1.650879,1.246582,0.110049,0.10925,-0.00453,chewing,1.000000,38.961,unknown,0.619970,left_chewing
3843552.0,-0.377441,-1.658691,1.262207,0.065816,0.015188,-0.005862,chewing,1.000000,38.961,unknown,0.619970,left_chewing
3843562.0,-0.353516,-1.614258,1.27832,-0.088466,-0.100456,0.025047,chewing,1.000000,38.961,unknown,0.619970,left_chewing
3843572.0,-0.32959,-1.606934,1.266113,-0.271525,-0.120175,0.042368,chewing,1.000000,38.961,unknown,0.619970,left_chewing
3843582.0,-0.3125,-1.632324,1.254883,-0.36985,-0.085002,-0.007994,chewing,1.000000,38.961,unknown,0.619970,left_chewing
3843592.0,-0.300781,-1.654785,1.253906,-0.379443,-0.113779,-0.088466,chewing,1.000000,38.961,unknown,0.619970,left_chewing
3843602.0,-0.308105,-1.650879,1.255371,-0.349599,-0.142025,-0.098058,chewing,1.000000,38.961,unknown,0.619970,left_chewing
3843612.0,-0.315918,-1.643555,1.255859,-0.079672,-0.153482,-0.240349,chewing,1.000000,38.961,unknown,0.619970,left_chewing
3843622.0,-0.334473,-1.59668,1.272461,0.209173,-0.134031,-0.292309,chewing,1.000000,38.961,unknown,0.619970,left_chewing
3843632.0,-0.347656,-1.589844,1.246582,0.350665,-0.167871,-0.250741,chewing,1.000000,38.961,unknown,0.619970,left_chewing
3843642.0,-0.358398,-1.598145,1.25293,0.381308,-0.188123,-0.133231,chewing,1.000000,38.961,unknown,0.619970,left_chewing
3843652.0,-0.360352,-1.605469,1.25,0.336809,-0.180662,-0.008793,chewing,1.000000,38.961,unknown,0.619970,left_chewing
3843662.0,-0.359863,-1.60791,1.253418,0.290711,-0.133498,0.016787,chewing,1.000000,38.961,unknown,0.619970,left_chewing
3843672.0,-0.356445,-1.625,1.257324,0.246211,-0.106319,-0.051427,chewing,1.000000,38.961,unknown,0.619970,left_chewing
3843682.0,-0.353027,-1.640137,1.248047,0.197982,-0.057289,-0.085534,chewing,1.000000,38.961,unknown,0.619970,left_chewing
3843692.0,-0.345703,-1.655273,1.249512,0.141492,-0.024781,-0.088199,chewing,1.000000,38.961,unknown,0.619970,left_chewing
3843702.0,-0.350098,-1.651855,1.251465,0.079672,0.000533,-0.063951,chewing,1.000000,38.961,unknown,0.619970,left_chewing
3843712.0,-0.345703,-1.638672,1.259766,0.020784,-0.014123,-0.045565,chewing,1.000000,38.961,unknown,0.619970,left_chewing
3843722.0,-0.324707,-1.623535,1.261719,-0.02185,-0.006662,-0.046364,chewing,1.000000,38.961,unknown,0.619970,left_chewing
3843732.0,-0.316406,-1.609375,1.253418,-0.05276,-0.000799,-0.053559,chewing,1.000000,38.961,unknown,0.619970,left_chewing
3843742.0,-0.313965,-1.621582,1.271484,-0.06102,-0.00826,-0.048763,chewing,1.000000,38.961,unknown,0.619970,left_chewing
3843752.0,-0.316895,-1.619141,1.263672,-0.067415,-0.026113,-0.041302,chewing,1.000000,38.961,unknown,0.619970,left_chewing
3843762.0,-0.329102,-1.603027,1.265137,-0.067948,-0.009326,-0.026646,chewing,1.000000,38.961,unknown,0.619970,left_chewing
3843772.0,-0.339355,-1.605469,1.26709,-0.067948,-0.018119,0.002398,chewing,1.000000,38.961,unknown,0.619970,left_chewing
3843782.0,-0.334961,-1.611328,1.266602,-0.052227,-0.013856,0.018119,chewing,1.000000,38.961,unknown,0.619970,left_chewing
3843792.0,-0.335449,-1.602539,1.258301,-0.033841,0.002665,0.033041,chewing,1.000000,38.961,unknown,0.619970,left_chewing
3843802.0,-0.323242,-1.603027,1.264648,-0.015455,0.013856,0.033841,chewing,1.000000,38.961,unknown,0.619970,left_chewing
3843812.0,-0.323242,-1.595215,1.257813,-0.01732,0.043966,0.028511,chewing,1.000000,38.961,unknown,0.619970,left_chewing
3843822.0,-0.32373,-1.609863,1.252441,-0.016787,0.081271,0.006129,chewing,1.000000,38.961,unknown,0.619970,left_chewing
3843832.0,-0.332031,-1.619141,1.258301,-0.014123,0.094861,0.014655,chewing,1.000000,38.961,unknown,0.619970,left_chewing
3843842.0,-0.325195,-1.629883,1.243164,-0.006662,0.115645,0.04743,chewing,1.000000,38.961,unknown,0.619970,left_chewing
3843852.0,-0.322754,-1.622559,1.261719,-0.005063,0.125504,0.038637,chewing,1.000000,38.961,unknown,0.619970,left_chewing
3843862.0,-0.337891,-1.628906,1.257813,-0.023449,0.122839,0.018386,chewing,1.000000,38.961,unknown,0.619970,left_chewing
3843872.0,-0.35791,-1.625488,1.265137,-0.061553,0.114845,0.02638,chewing,1.000000,38.961,unknown,0.619970,left_chewing
3843882.0,-0.332031,-1.638184,1.3125,-0.098858,0.105786,0.022116,chewing,1.000000,38.961,unknown,0.619970,left_chewing
3843892.0,-0.339355,-1.596191,1.279297,-0.08207,0.12657,0.025047,chewing,1.000000,38.961,unknown,0.619970,left_chewing
3843902.0,-0.316406,-1.568359,1.212891,-0.154282,0.194518,0.053292,chewing,1.000000,38.961,unknown,0.619970,left_chewing
3843912.0,-0.330078,-1.657715,1.219727,-0.216634,0.245412,0.079139,chewing,1.000000,38.961,unknown,0.619970,left_chewing
3843922.0,-0.33252,-1.685547,1.246094,-0.228358,0.179329,0.06555,chewing,1.000000,38.961,unknown,0.619970,left_chewing
3843932.0,-0.329102,-1.64209,1.25293,-0.242214,0.163075,0.128968,chewing,1.000000,38.961,unknown,0.619970,left_chewing
3843942.0,-0.339355,-1.637207,1.240723,-0.3051,0.194251,0.214236,chewing,1.000000,38.961,unknown,0.619970,left_chewing
3843952.0,-0.35498,-1.660645,1.254395,-0.292309,0.155881,0.15215,chewing,1.000000,38.961,unknown,0.619970,left_chewing
3843962.0,-0.362305,-1.633789,1.265137,-0.262998,0.132698,0.077807,chewing,1.000000,38.961,unknown,0.619970,left_chewing
3843972.0,-0.380371,-1.633789,1.268066,-0.285115,0.153482,0.056757,chewing,1.000000,38.961,unknown,0.619970,left_chewing
3843982.0,-0.370605,-1.608887,1.249512,-0.302168,0.244879,0.144956,chewing,1.000000,38.961,unknown,0.619970,left_chewing
3843992.0,-0.398438,-1.612793,1.272949,-0.306432,0.221963,0.159611,chewing,1.000000,38.961,unknown,0.619970,left_chewing
3844002.0,-0.375977,-1.583984,1.25293,-0.359991,0.246478,0.215568,chewing,1.000000,38.961,unknown,0.619970,left_chewing
3844012.0,-0.376953,-1.616211,1.245605,-0.487093,0.276055,0.288312,chewing,1.000000,38.961,unknown,0.619970,left_chewing
3844022.0,-0.379395,-1.647461,1.235352,-0.465243,0.175332,0.379709,chewing,1.000000,38.961,unknown,0.619970,left_chewing
3844032.0,-0.375,-1.661621,1.246582,-0.36985,0.156147,0.29604,chewing,1.000000,38.961,unknown,0.619970,left_chewing
3844042.0,-0.382324,-1.661133,1.261719,-0.204643,0.087133,0.152417,chewing,1.000000,38.961,unknown,0.619970,left_chewing
3844052.0,-0.373047,-1.634277,1.254883,-0.01279,0.045299,0.022116,chewing,1.000000,38.961,unknown,0.619970,left_chewing
3844062.0,-0.369629,-1.61084,1.257324,0.125237,0.037305,-0.081804,chewing,1.000000,38.961,unknown,0.619970,left_chewing
3844072.0,-0.362793,-1.589844,1.250488,0.183593,0.048496,-0.126037,chewing,1.000000,38.961,unknown,0.619970,left_chewing
3844082.0,-0.353516,-1.608887,1.241211,0.168671,0.085534,-0.082337,chewing,1.000000,38.961,unknown,0.619970,left_chewing
3844092.0,-0.358887,-1.606445,1.239746,0.178263,0.087133,-0.083936,chewing,1.000000,38.961,unknown,0.619970,left_chewing
3844102.0,-0.358398,-1.603516,1.226074,0.158812,0.088466,-0.068747,chewing,1.000000,38.961,unknown,0.619970,left_chewing
3844112.0,-0.362793,-1.638672,1.218262,0.189988,0.083136,-0.05649,chewing,1.000000,38.961,unknown,0.619970,left_chewing
3844122.0,-0.356445,-1.652832,1.205566,0.244613,0.092729,-0.095926,chewing,1.000000,38.961,unknown,0.619970,left_chewing
3844132.0,-0.367676,-1.622559,1.222168,0.258202,0.123639,-0.142291,chewing,1.000000,38.961,unknown,0.619970,left_chewing
3844142.0,-0.373047,-1.632324,1.229492,0.272858,0.127902,-0.172401,chewing,1.000000,38.961,unknown,0.619970,left_chewing
3844152.0,-0.365234,-1.618652,1.228516,0.245678,0.163341,-0.190787,chewing,1.000000,38.961,unknown,0.619970,left_chewing
3844162.0,-0.373535,-1.62207,1.238281,0.232355,0.16947,-0.199047,chewing,1.000000,38.961,unknown,0.619970,left_chewing
3844172.0,-0.371582,-1.630371,1.233887,0.202511,0.159345,-0.168937,chewing,1.000000,38.961,unknown,0.619970,left_chewing
3844182.0,-0.367676,-1.629883,1.232422,0.194251,0.176132,-0.146288,chewing,1.000000,38.961,unknown,0.619970,left_chewing
3844192.0,-0.351563,-1.641602,1.23584,0.203577,0.175865,-0.155881,chewing,1.000000,38.961,unknown,0.619970,left_chewing
3844202.0,-0.356445,-1.637695,1.240234,0.176931,0.142824,-0.12577,chewing,1.000000,38.961,unknown,0.619970,left_chewing
3844212.0,-0.371094,-1.641602,1.25293,0.154282,0.102055,-0.07381,chewing,1.000000,38.961,unknown,0.619970,left_chewing
3844222.0,-0.356934,-1.631348,1.266113,0.121507,0.059688,-0.033841,chewing,1.000000,38.961,unknown,0.619970,left_chewing
3844232.0,-0.365723,-1.636719,1.257324,0.082603,0.014389,0.011191,chewing,1.000000,38.961,unknown,0.619970,left_chewing
3844242.0,-0.355469,-1.604004,1.262207,0.002665,-0.007727,0.081804,chewing,1.000000,38.961,unknown,0.619970,left_chewing
3844252.0,-0.350586,-1.602539,1.246094,-0.205709,0.0,0.203577,chewing,1.000000,38.961,unknown,0.619970,left_chewing
3844262.0,-0.34375,-1.643555,1.266113,-0.408753,-0.02638,0.289378,chewing,1.000000,38.961,unknown,0.619970,left_chewing
3844272.0,-0.333984,-1.655273,1.247559,-0.519602,-0.09113,0.246744,chewing,1.000000,38.961,unknown,0.619970,left_chewing
3844282.0,-0.334473,-1.680664,1.242188,-0.455917,-0.11751,0.119109,chewing,1.000000,38.961,unknown,0.619970,left_chewing
3844292.0,-0.331055,-1.673828,1.217285,-0.425541,-0.142557,0.135629,chewing,1.000000,38.961,unknown,0.619970,left_chewing
3844302.0,-0.337891,-1.633301,1.25,-0.387436,-0.181194,0.106319,chewing,1.000000,38.961,unknown,0.619970,left_chewing
3844312.0,-0.34668,-1.650879,1.274414,-0.313893,-0.190254,0.057822,chewing,1.000000,38.961,unknown,0.619970,left_chewing
3844322.0,-0.355957,-1.597168,1.270508,-0.001599,-0.127103,-0.185191,chewing,1.000000,38.961,unknown,0.619970,left_chewing
3844332.0,-0.38916,-1.54834,1.264648,0.263265,-0.078873,-0.290178,chewing,1.000000,38.961,unknown,0.619970,left_chewing
3844342.0,-0.392578,-1.578613,1.246094,0.336809,-0.111381,-0.203577,chewing,1.000000,38.961,unknown,0.619970,left_chewing
3844352.0,-0.367188,-1.60791,1.218262,0.303234,-0.068481,-0.031709,chewing,1.000000,38.961,unknown,0.619970,left_chewing
3844362.0,-0.352539,-1.641113,1.226074,0.289378,-0.02185,0.060753,chewing,1.000000,38.961,unknown,0.619970,left_chewing
3844372.0,-0.358398,-1.64209,1.217773,0.25687,0.010126,0.004796,chewing,1.000000,38.961,unknown,0.619970,left_chewing
3844382.0,-0.361328,-1.672363,1.210449,0.198781,0.044233,-0.027712,chewing,1.000000,38.961,unknown,0.619970,left_chewing
3844392.0,-0.375,-1.672363,1.226563,0.151351,0.051427,-0.124172,chewing,1.000000,38.961,unknown,0.619970,left_chewing
3844402.0,-0.368164,-1.627441,1.244141,0.094861,0.062352,-0.155614,chewing,1.000000,38.961,unknown,0.619970,left_chewing
3844412.0,-0.383789,-1.610352,1.247559,0.035706,0.079939,-0.1311,chewing,1.000000,38.961,unknown,0.619970,left_chewing
3844422.0,-0.375977,-1.604004,1.251465,-0.037571,0.075675,-0.081538,chewing,1.000000,38.961,unknown,0.619970,left_chewing
3844432.0,-0.362793,-1.59375,1.265625,-0.062352,0.079672,-0.046897,chewing,1.000000,38.961,unknown,0.619970,left_chewing
3844442.0,-0.358398,-1.586426,1.254395,-0.083669,0.090597,-0.009593,chewing,1.000000,38.961,unknown,0.619970,left_chewing
3844452.0,-0.347168,-1.603516,1.246094,-0.067415,0.088998,0.024248,chewing,1.000000,38.961,unknown,0.619970,left_chewing
3844462.0,-0.336426,-1.619141,1.255371,-0.06928,0.066616,0.004796,chewing,1.000000,38.961,unknown,0.619970,left_chewing
3844472.0,-0.331055,-1.631348,1.246582,-0.081271,0.041568,0.018119,chewing,1.000000,38.961,unknown,0.619970,left_chewing
3844482.0,-0.342285,-1.623047,1.259277,-0.108717,0.011991,0.002931,chewing,1.000000,38.961,unknown,0.619970,left_chewing
3844492.0,-0.34668,-1.626953,1.262695,-0.096459,0.029577,-0.005063,chewing,1.000000,38.961,unknown,0.619970,left_chewing
3844502.0,-0.352539,-1.618652,1.260742,-0.05276,0.049828,0.003464,chewing,1.000000,78.947,unknown,0.638720,left_chewing
3844512.0,-0.358887,-1.61377,1.266602,-0.047697,0.049562,0.009326,chewing,1.000000,78.947,unknown,0.638720,left_chewing
3844522.0,-0.369629,-1.612793,1.263672,-0.028511,0.061819,0.042634,chewing,1.000000,78.947,unknown,0.638720,left_chewing
3844532.0,-0.374023,-1.614258,1.268555,-0.019185,0.072744,0.071412,chewing,1.000000,78.947,unknown,0.638720,left_chewing
3844542.0,-0.369629,-1.618164,1.270508,-0.016521,0.062352,0.096193,chewing,1.000000,78.947,unknown,0.638720,left_chewing
3844552.0,-0.367676,-1.62207,1.259277,-0.006662,0.053559,0.071678,chewing,1.000000,78.947,unknown,0.638720,left_chewing
3844562.0,-0.363281,-1.639648,1.268555,-0.010925,0.047697,0.059421,chewing,1.000000,78.947,unknown,0.638720,left_chewing
3844572.0,-0.365723,-1.634277,1.274902,-0.013856,0.0429,0.043966,chewing,1.000000,78.947,unknown,0.638720,left_chewing
3844582.0,-0.366211,-1.637695,1.256836,-0.032242,0.037038,0.032508,chewing,1.000000,78.947,unknown,0.638720,left_chewing
3844592.0,-0.378418,-1.626465,1.271484,-0.052227,0.043966,0.023449,chewing,1.000000,78.947,unknown,0.638720,left_chewing
3844602.0,-0.376953,-1.629395,1.273438,-0.056224,0.057556,0.03091,chewing,1.000000,78.947,unknown,0.638720,left_chewing
3844612.0,-0.375488,-1.616699,1.270508,-0.077274,0.0866,0.032775,chewing,1.000000,78.947,unknown,0.638720,left_chewing
3844622.0,-0.366211,-1.628906,1.291504,-0.080205,0.091397,0.025847,chewing,1.000000,78.947,unknown,0.638720,left_chewing
3844632.0,-0.335938,-1.591797,1.273926,-0.011991,0.05649,-0.002132,chewing,1.000000,78.947,unknown,0.638720,left_chewing
3844642.0,-0.338379,-1.559082,1.220703,-0.135096,0.118842,0.043433,chewing,1.000000,78.947,unknown,0.638720,left_chewing
3844652.0,-0.32373,-1.649414,1.202637,-0.223828,0.125504,0.050361,chewing,1.000000,78.947,unknown,0.638720,left_chewing
3844662.0,-0.343262,-1.680176,1.199707,-0.280319,0.09113,0.071945,chewing,1.000000,78.947,unknown,0.638720,left_chewing
3844672.0,-0.335938,-1.681641,1.207031,-0.375446,0.076741,0.228092,chewing,1.000000,78.947,unknown,0.638720,left_chewing
3844682.0,-0.36377,-1.658203,1.223145,-0.371449,0.053825,0.249409,chewing,1.000000,78.947,unknown,0.638720,left_chewing
3844692.0,-0.390625,-1.614746,1.241699,-0.417813,0.095394,0.241415,chewing,1.000000,78.947,unknown,0.638720,left_chewing
3844702.0,-0.375977,-1.602051,1.234863,-0.488159,0.24408,0.131632,chewing,1.000000,78.947,unknown,0.638720,left_chewing
3844712.0,-0.369141,-1.587402,1.255859,-0.484429,0.126303,0.264064,chewing,1.000000,78.947,unknown,0.638720,left_chewing
3844722.0,-0.386719,-1.602539,1.212891,-0.397562,0.206508,0.14389,chewing,1.000000,78.947,unknown,0.638720,left_chewing
3844732.0,-0.391602,-1.602051,1.226074,-0.344802,0.248343,0.137495,chewing,1.000000,78.947,unknown,0.638720,left_chewing
3844742.0,-0.393066,-1.643066,1.240723,-0.228358,0.205709,0.099923,chewing,1.000000,78.947,unknown,0.638720,left_chewing
3844752.0,-0.387695,-1.654297,1.227539,-0.152683,0.16947,0.10472,chewing,1.000000,78.947,unknown,0.638720,left_chewing
3844762.0,-0.394043,-1.652832,1.225098,-0.042368,0.135363,0.057023,chewing,1.000000,78.947,unknown,0.638720,left_chewing
3844772.0,-0.384277,-1.649902,1.243652,0.06555,0.09566,-0.085002,chewing,1.000000,78.947,unknown,0.638720,left_chewing
3844782.0,-0.380371,-1.630371,1.237793,0.1303,0.114579,-0.130567,chewing,1.000000,78.947,unknown,0.638720,left_chewing
3844792.0,-0.368652,-1.606445,1.23291,0.128435,0.153482,-0.120441,chewing,1.000000,78.947,unknown,0.638720,left_chewing
3844802.0,-0.380371,-1.601563,1.231445,0.141758,0.14389,-0.117776,chewing,1.000000,78.947,unknown,0.638720,left_chewing
3844812.0,-0.388184,-1.628906,1.228516,0.166006,0.160677,-0.084735,chewing,1.000000,78.947,unknown,0.638720,left_chewing
3844822.0,-0.373535,-1.632324,1.224609,0.217433,0.18306,-0.021051,chewing,1.000000,78.947,unknown,0.638720,left_chewing
3844832.0,-0.374512,-1.654297,1.219238,0.255804,0.184658,-0.065816,chewing,1.000000,78.947,unknown,0.638720,left_chewing
3844842.0,-0.371094,-1.641113,1.230469,0.250475,0.155881,-0.11298,chewing,1.000000,78.947,unknown,0.638720,left_chewing
3844852.0,-0.375977,-1.641113,1.225586,0.214236,0.156147,-0.130034,chewing,1.000000,78.947,unknown,0.638720,left_chewing
3844862.0,-0.38916,-1.652344,1.222168,0.227292,0.14842,-0.174533,chewing,1.000000,78.947,unknown,0.638720,left_chewing
3844872.0,-0.379883,-1.630371,1.211914,0.23955,0.146288,-0.190254,chewing,1.000000,78.947,unknown,0.638720,left_chewing
3844882.0,-0.397949,-1.638184,1.240723,0.21317,0.13856,-0.186257,chewing,1.000000,78.947,unknown,0.638720,left_chewing
3844892.0,-0.391602,-1.630859,1.243652,0.205443,0.112181,-0.137761,chewing,1.000000,78.947,unknown,0.638720,left_chewing
3844902.0,-0.380371,-1.62207,1.23291,0.162276,0.152683,-0.096726,chewing,1.000000,78.947,unknown,0.638720,left_chewing
3844912.0,-0.391602,-1.653809,1.241211,0.119908,0.115112,-0.092462,chewing,1.000000,78.947,unknown,0.638720,left_chewing
3844922.0,-0.391113,-1.65625,1.22168,0.037571,0.051694,-0.022383,chewing,1.000000,78.947,unknown,0.638720,left_chewing
3844932.0,-0.373535,-1.68457,1.22998,-0.105519,-0.025847,0.095926,chewing,1.000000,78.947,unknown,0.638720,left_chewing
3844942.0,-0.374023,-1.667969,1.240723,-0.241948,-0.065017,0.131632,chewing,1.000000,78.947,unknown,0.638720,left_chewing
3844952.0,-0.371582,-1.663086,1.246582,-0.345868,-0.096193,0.11751,chewing,1.000000,78.947,unknown,0.638720,left_chewing
3844962.0,-0.362305,-1.645508,1.236816,-0.376511,-0.117776,0.066083,chewing,1.000000,78.947,unknown,0.638720,left_chewing
3844972.0,-0.36084,-1.645996,1.247559,-0.407155,-0.137228,0.004263,chewing,1.000000,78.947,unknown,0.638720,left_chewing
3844982.0,-0.320801,-1.612793,1.225098,-0.537188,-0.233155,0.180662,chewing,1.000000,78.947,unknown,0.638720,left_chewing
3844992.0,-0.339844,-1.655273,1.262207,-0.276855,-0.152683,-0.135629,chewing,1.000000,78.947,unknown,0.638720,left_chewing
3845002.0,-0.350586,-1.584473,1.270508,0.140159,-0.095127,-0.446058,chewing,1.000000,78.947,unknown,0.638720,left_chewing
3845012.0,-0.381836,-1.527832,1.224609,0.337075,-0.074609,-0.412217,chewing,1.000000,78.947,unknown,0.638720,left_chewing
3845022.0,-0.366211,-1.592285,1.216797,0.326949,-0.024781,-0.163608,chewing,1.000000,78.947,unknown,0.638720,left_chewing
3845032.0,-0.361816,-1.629883,1.227051,0.358925,-0.051694,0.001599,chewing,1.000000,78.947,unknown,0.638720,left_chewing
3845042.0,-0.358887,-1.637695,1.228516,0.358925,-0.051161,0.031176,chewing,1.000000,78.947,unknown,0.638720,left_chewing
3845052.0,-0.370117,-1.65625,1.226563,0.3043,-0.018386,-0.018919,chewing,1.000000,78.947,unknown,0.638720,left_chewing
3845062.0,-0.372559,-1.650391,1.241699,0.276322,-0.0429,-0.141758,chewing,1.000000,78.947,unknown,0.638720,left_chewing
3845072.0,-0.384766,-1.646973,1.236328,0.18226,-0.020518,-0.147887,chewing,1.000000,78.947,unknown,0.638720,left_chewing
3845082.0,-0.397461,-1.647461,1.237305,0.087933,-0.021583,-0.144956,chewing,1.000000,78.947,unknown,0.638720,left_chewing
3845092.0,-0.395996,-1.635254,1.262207,0.029311,-0.004263,-0.117776,chewing,1.000000,78.947,unknown,0.638720,left_chewing
3845102.0,-0.37793,-1.613281,1.27002,-0.024515,0.018386,-0.084469,chewing,1.000000,78.947,unknown,0.638720,left_chewing
3845112.0,-0.365723,-1.60498,1.26416,-0.070879,0.050894,-0.07381,chewing,1.000000,78.947,unknown,0.638720,left_chewing
3845122.0,-0.356445,-1.597656,1.263672,-0.096459,0.080738,-0.058089,chewing,1.000000,78.947,unknown,0.638720,left_chewing
3845132.0,-0.340332,-1.617676,1.254883,-0.10019,0.096726,-0.0437,chewing,1.000000,78.947,unknown,0.638720,left_chewing
3845142.0,-0.337891,-1.629883,1.251465,-0.093528,0.070879,-0.040769,chewing,1.000000,78.947,unknown,0.638720,left_chewing
3845152.0,-0.343262,-1.623047,1.259766,-0.064484,0.040769,-0.021051,chewing,1.000000,78.947,unknown,0.638720,left_chewing
3845162.0,-0.343262,-1.634766,1.247559,-0.049029,0.003198,-0.007994,chewing,1.000000,78.947,unknown,0.638720,left_chewing
3845172.0,-0.350586,-1.615234,1.26123,-0.02638,-0.002931,-0.006395,chewing,1.000000,78.947,unknown,0.638720,left_chewing
3845182.0,-0.363281,-1.602539,1.259766,0.000799,0.010126,-0.002398,chewing,1.000000,78.947,unknown,0.638720,left_chewing
3845192.0,-0.368164,-1.602051,1.251465,0.003464,0.050361,0.011991,chewing,1.000000,78.947,unknown,0.638720,left_chewing
3845202.0,-0.37207,-1.619141,1.244141,-0.007994,0.071145,0.012524,chewing,1.000000,78.947,unknown,0.638720,left_chewing
3845212.0,-0.362305,-1.634277,1.258789,0.001599,0.082337,0.004263,chewing,1.000000,78.947,unknown,0.638720,left_chewing
3845222.0,-0.37207,-1.628418,1.257813,-0.021051,0.057822,0.014389,chewing,1.000000,78.947,unknown,0.638720,left_chewing
3845232.0,-0.365234,-1.632324,1.24707,-0.01732,0.049296,0.036505,chewing,1.000000,78.947,unknown,0.638720,left_chewing
3845242.0,-0.359375,-1.638184,1.256836,-0.031443,0.054358,0.029844,chewing,1.000000,78.947,unknown,0.638720,left_chewing
3845252.0,-0.341309,-1.645996,1.254883,-0.042634,0.057822,0.00826,chewing,1.000000,78.947,unknown,0.638720,left_chewing
3845262.0,-0.356934,-1.625,1.26709,-0.024248,0.080205,0.002398,chewing,1.000000,78.947,unknown,0.638720,left_chewing
3845272.0,-0.366699,-1.616211,1.266113,-0.058888,0.081271,0.015455,chewing,1.000000,78.947,unknown,0.638720,left_chewing
3845282.0,-0.375488,-1.610352,1.287109,-0.066349,0.076741,0.024248,chewing,1.000000,78.947,unknown,0.638720,left_chewing
3845292.0,-0.333984,-1.647461,1.349121,-0.103387,0.074077,0.058089,chewing,1.000000,78.947,unknown,0.638720,left_chewing
3845302.0,-0.352539,-1.512695,1.215332,-0.176132,0.13483,0.057822,chewing,1.000000,78.947,unknown,0.638720,left_chewing
3845312.0,-0.339844,-1.619629,1.172852,-0.278986,0.212104,0.090331,chewing,1.000000,78.947,unknown,0.638720,left_chewing
3845322.0,-0.330566,-1.697754,1.19043,-0.305899,0.171069,0.112447,chewing,1.000000,78.947,unknown,0.638720,left_chewing
3845332.0,-0.334473,-1.687988,1.198242,-0.437798,0.168404,0.284848,chewing,1.000000,78.947,unknown,0.638720,left_chewing
3845342.0,-0.36377,-1.688965,1.22168,-0.426606,0.132698,0.328548,chewing,1.000000,78.947,unknown,0.638720,left_chewing
3845352.0,-0.401855,-1.637207,1.237305,-0.508943,0.147087,0.350931,chewing,1.000000,78.947,unknown,0.638720,left_chewing
3845362.0,-0.447266,-1.59375,1.276367,-0.625387,0.090864,0.42634,chewing,1.000000,78.947,unknown,0.638720,left_chewing
3845372.0,-0.447754,-1.67334,1.249023,-0.597142,0.083936,0.394364,chewing,1.000000,78.947,unknown,0.638720,left_chewing
3845382.0,-0.435547,-1.606934,1.267578,-0.405023,0.136962,0.227559,chewing,1.000000,78.947,unknown,0.638720,left_chewing
3845392.0,-0.412109,-1.562012,1.26123,-0.150551,0.172135,0.001865,chewing,1.000000,78.947,unknown,0.638720,left_chewing
3845402.0,-0.40625,-1.577148,1.270996,-0.091663,0.325351,-0.130833,chewing,1.000000,78.947,unknown,0.638720,left_chewing
3845412.0,-0.358398,-1.651367,1.220215,-0.027179,0.35173,-0.067948,chewing,1.000000,78.947,unknown,0.638720,left_chewing
3845422.0,-0.378418,-1.672363,1.223145,0.080472,0.25234,-0.077807,chewing,1.000000,78.947,unknown,0.638720,left_chewing
3845432.0,-0.36377,-1.657715,1.218262,0.20864,0.150018,-0.096193,chewing,1.000000,78.947,unknown,0.638720,left_chewing
3845442.0,-0.376465,-1.662109,1.21582,0.284049,0.105253,-0.06555,chewing,1.000000,78.947,unknown,0.638720,left_chewing
3845452.0,-0.367676,-1.674805,1.223633,0.334677,0.058888,-0.096992,chewing,1.000000,78.947,unknown,0.638720,left_chewing
3845462.0,-0.373047,-1.657227,1.211914,0.341072,0.092462,-0.185724,chewing,1.000000,78.947,unknown,0.638720,left_chewing
3845472.0,-0.394043,-1.650391,1.222168,0.294441,0.099124,-0.196116,chewing,1.000000,78.947,unknown,0.638720,left_chewing
3845482.0,-0.38916,-1.643066,1.22168,0.24781,0.171868,-0.226227,chewing,1.000000,78.947,unknown,0.638720,left_chewing
3845492.0,-0.405762,-1.650391,1.232422,0.205176,0.168404,-0.253139,chewing,1.000000,78.947,unknown,0.638720,left_chewing
3845502.0,-0.403809,-1.633789,1.225098,0.173467,0.149219,-0.2614,chewing,1.000000,78.947,unknown,0.638720,left_chewing
3845512.0,-0.402832,-1.61377,1.220703,0.176931,0.144956,-0.235553,chewing,1.000000,78.947,unknown,0.638720,left_chewing
3845522.0,-0.394043,-1.623047,1.234375,0.178796,0.146021,-0.200913,chewing,1.000000,78.947,unknown,0.638720,left_chewing
3845532.0,-0.368652,-1.604492,1.230957,0.207841,0.118576,-0.172401,chewing,1.000000,78.947,unknown,0.638720,left_chewing
3845542.0,-0.364258,-1.583008,1.239258,0.215302,0.10392,-0.175865,chewing,1.000000,78.947,unknown,0.638720,left_chewing
3845552.0,-0.354492,-1.580566,1.237793,0.233688,0.103654,-0.155081,chewing,1.000000,81.633,unknown,0.632470,left_chewing
3845562.0,-0.367676,-1.588379,1.256348,0.227825,0.103654,-0.138028,chewing,1.000000,81.633,unknown,0.632470,left_chewing
3845572.0,-0.359863,-1.596191,1.254395,0.218233,0.043966,-0.127902,chewing,1.000000,81.633,unknown,0.632470,left_chewing
3845582.0,-0.355469,-1.602539,1.248535,0.192119,-0.018919,-0.070613,chewing,1.000000,81.633,unknown,0.632470,left_chewing
3845592.0,-0.35791,-1.623047,1.256836,0.136162,-0.055691,0.006395,chewing,1.000000,81.633,unknown,0.632470,left_chewing
3845602.0,-0.348145,-1.630859,1.262207,0.059954,-0.099391,0.041835,chewing,1.000000,81.633,unknown,0.632470,left_chewing
3845612.0,-0.355957,-1.640137,1.260254,-0.039703,-0.076475,0.083136,chewing,1.000000,81.633,unknown,0.632470,left_chewing
3845622.0,-0.376953,-1.650879,1.243652,-0.119908,-0.016521,0.094061,chewing,1.000000,81.633,unknown,0.632470,left_chewing
3845632.0,-0.379883,-1.666992,1.228516,-0.239283,0.014389,0.10472,chewing,1.000000,81.633,unknown,0.632470,left_chewing
3845642.0,-0.37207,-1.668457,1.219238,-0.387969,-0.004796,0.170536,chewing,1.000000,81.633,unknown,0.632470,left_chewing
3845652.0,-0.366699,-1.699219,1.244629,-0.482297,-0.053026,0.201712,chewing,1.000000,81.633,unknown,0.632470,left_chewing
3845662.0,-0.369629,-1.691406,1.244629,-0.442861,-0.148953,0.098325,chewing,1.000000,81.633,unknown,0.632470,left_chewing
3845672.0,-0.348145,-1.684082,1.249512,-0.503348,-0.229424,0.091397,chewing,1.000000,81.633,unknown,0.632470,left_chewing
3845682.0,-0.353516,-1.615723,1.24707,-0.455384,-0.179329,0.058622,chewing,1.000000,81.633,unknown,0.632470,left_chewing
3845692.0,-0.362305,-1.652832,1.26123,-0.337075,-0.158545,-0.035972,chewing,1.000000,81.633,unknown,0.632470,left_chewing
3845702.0,-0.359375,-1.60498,1.274902,0.012524,-0.081804,-0.240616,chewing,1.000000,81.633,unknown,0.632470,left_chewing
3845712.0,-0.375977,-1.549316,1.253906,0.249942,0.00453,-0.246478,chewing,1.000000,81.633,unknown,0.632470,left_chewing
3845722.0,-0.387695,-1.587402,1.24707,0.354395,-0.049029,-0.184392,chewing,1.000000,81.633,unknown,0.632470,left_chewing
3845732.0,-0.375488,-1.605957,1.229004,0.356793,-0.125237,-0.104986,chewing,1.000000,81.633,unknown,0.632470,left_chewing
3845742.0,-0.349609,-1.62207,1.226563,0.335476,-0.142291,-0.070346,chewing,1.000000,81.633,unknown,0.632470,left_chewing
3845752.0,-0.350586,-1.625488,1.22998,0.301103,-0.117243,-0.066882,chewing,1.000000,81.633,unknown,0.632470,left_chewing
3845762.0,-0.35791,-1.630371,1.236328,0.274989,-0.066349,-0.086067,chewing,1.000000,81.633,unknown,0.632470,left_chewing
3845772.0,-0.369629,-1.632324,1.233887,0.239283,-0.028245,-0.134564,chewing,1.000000,81.633,unknown,0.632470,left_chewing
3845782.0,-0.361816,-1.625488,1.239746,0.182527,0.020518,-0.146821,chewing,1.000000,81.633,unknown,0.632470,left_chewing
3845792.0,-0.345215,-1.645508,1.225098,0.096726,0.023182,-0.158012,chewing,1.000000,81.633,unknown,0.632470,left_chewing
3845802.0,-0.360352,-1.64502,1.231445,0.013057,0.045299,-0.14309,chewing,1.000000,81.633,unknown,0.632470,left_chewing
3845812.0,-0.369629,-1.632813,1.257324,-0.029311,0.039969,-0.119109,chewing,1.000000,81.633,unknown,0.632470,left_chewing
3845822.0,-0.358887,-1.610352,1.248047,-0.061286,0.042368,-0.090864,chewing,1.000000,81.633,unknown,0.632470,left_chewing
3845832.0,-0.363281,-1.604004,1.251953,-0.049828,0.027979,-0.065283,chewing,1.000000,81.633,unknown,0.632470,left_chewing
3845842.0,-0.353516,-1.596191,1.252441,-0.047164,0.049562,-0.00906,chewing,1.000000,81.633,unknown,0.632470,left_chewing
3845852.0,-0.340332,-1.622559,1.25,-0.031443,0.041035,0.019452,chewing,1.000000,81.633,unknown,0.632470,left_chewing
3845862.0,-0.352539,-1.617676,1.249023,-0.00906,0.033041,0.031443,chewing,1.000000,81.633,unknown,0.632470,left_chewing
3845872.0,-0.359863,-1.635254,1.263672,-0.006395,0.03091,0.016787,chewing,1.000000,81.633,unknown,0.632470,left_chewing
3845882.0,-0.370117,-1.64209,1.260742,0.0,0.036239,0.001332,chewing,1.000000,81.633,unknown,0.632470,left_chewing
3845892.0,-0.370117,-1.625,1.26416,-0.019985,0.05276,-0.008793,chewing,1.000000,81.633,unknown,0.632470,left_chewing
3845902.0,-0.370605,-1.614258,1.265137,-0.038104,0.054891,-0.009593,chewing,1.000000,81.633,unknown,0.632470,left_chewing
3845912.0,-0.359863,-1.622559,1.260742,-0.053026,0.083669,0.001599,chewing,1.000000,81.633,unknown,0.632470,left_chewing
3845922.0,-0.358398,-1.625,1.259277,-0.0437,0.102855,0.015188,chewing,1.000000,81.633,unknown,0.632470,left_chewing
3845932.0,-0.362793,-1.624023,1.249512,-0.05649,0.123905,0.035173,chewing,1.000000,81.633,unknown,0.632470,left_chewing
3845942.0,-0.36377,-1.641113,1.266602,-0.069813,0.11751,0.05276,chewing,1.000000,81.633,unknown,0.632470,left_chewing
3845952.0,-0.36377,-1.62793,1.279297,-0.091397,0.073011,0.053559,chewing,1.000000,81.633,unknown,0.632470,left_chewing
3845962.0,-0.32666,-1.59082,1.275879,-0.13936,0.113513,0.097525,chewing,1.000000,81.633,unknown,0.632470,left_chewing
3845972.0,-0.35498,-1.58252,1.266113,-0.135896,0.120175,0.007727,chewing,1.000000,81.633,unknown,0.632470,left_chewing
3845982.0,-0.359375,-1.574707,1.214355,-0.158279,0.149219,-0.005862,chewing,1.000000,81.633,unknown,0.632470,left_chewing
3845992.0,-0.342773,-1.635742,1.209473,-0.243014,0.176398,0.097259,chewing,1.000000,81.633,unknown,0.632470,left_chewing
3846002.0,-0.337402,-1.668457,1.21582,-0.262466,0.133498,0.190254,chewing,1.000000,81.633,unknown,0.632470,left_chewing
3846012.0,-0.342773,-1.618164,1.225098,-0.393832,0.123905,0.282717,chewing,1.000000,81.633,unknown,0.632470,left_chewing
3846022.0,-0.375977,-1.669922,1.23877,-0.470573,0.120175,0.317357,chewing,1.000000,81.633,unknown,0.632470,left_chewing
3846032.0,-0.387695,-1.63623,1.233398,-0.493755,0.167605,0.328282,chewing,1.000000,81.633,unknown,0.632470,left_chewing
3846042.0,-0.42627,-1.585449,1.291016,-0.686407,0.093528,0.58302,chewing,1.000000,81.633,unknown,0.632470,left_chewing
3846052.0,-0.424805,-1.637207,1.23291,-0.719449,0.184925,0.581421,chewing,1.000000,81.633,unknown,0.632470,left_chewing
3846062.0,-0.428223,-1.675293,1.250977,-0.548913,0.193185,0.498285,chewing,1.000000,81.633,unknown,0.632470,left_chewing
3846072.0,-0.421875,-1.671387,1.262207,-0.091663,0.145489,0.175865,chewing,1.000000,81.633,unknown,0.632470,left_chewing
3846082.0,-0.402832,-1.55127,1.268066,0.26513,0.168138,-0.176665,chewing,1.000000,81.633,unknown,0.632470,left_chewing
3846092.0,-0.361816,-1.558594,1.251953,0.130034,0.283516,-0.115645,chewing,1.000000,81.633,unknown,0.632470,left_chewing
3846102.0,-0.352539,-1.586914,1.223145,0.154015,0.290444,-0.149752,chewing,1.000000,81.633,unknown,0.632470,left_chewing
3846112.0,-0.370117,-1.580078,1.23291,0.270726,0.215568,-0.185724,chewing,1.000000,81.633,unknown,0.632470,left_chewing
3846122.0,-0.366699,-1.589355,1.223145,0.353063,0.212104,-0.179596,chewing,1.000000,81.633,unknown,0.632470,left_chewing
3846132.0,-0.370117,-1.613281,1.208008,0.466842,0.24328,-0.207574,chewing,1.000000,81.633,unknown,0.632470,left_chewing
3846142.0,-0.374512,-1.656738,1.21875,0.492956,0.227292,-0.119375,chewing,1.000000,81.633,unknown,0.632470,left_chewing
3846152.0,-0.364258,-1.628418,1.218262,0.443127,0.277654,-0.114312,chewing,1.000000,81.633,unknown,0.632470,left_chewing
3846162.0,-0.387207,-1.690918,1.20752,0.39623,0.299504,-0.127636,chewing,1.000000,81.633,unknown,0.632470,left_chewing
3846172.0,-0.408691,-1.668457,1.233398,0.322953,0.230757,-0.144956,chewing,1.000000,81.633,unknown,0.632470,left_chewing
3846182.0,-0.424805,-1.669922,1.245605,0.249675,0.203311,-0.137228,chewing,1.000000,81.633,unknown,0.632470,left_chewing
3846192.0,-0.419434,-1.640625,1.236328,0.157746,0.185991,-0.136962,chewing,1.000000,81.633,unknown,0.632470,left_chewing
3846202.0,-0.414551,-1.621582,1.236816,0.062885,0.186524,-0.127369,chewing,1.000000,81.633,unknown,0.632470,left_chewing
3846212.0,-0.399902,-1.62207,1.238281,0.023449,0.193185,-0.125504,chewing,1.000000,81.633,unknown,0.632470,left_chewing
3846222.0,-0.384277,-1.608398,1.239258,0.020784,0.236086,-0.144156,chewing,1.000000,81.633,unknown,0.632470,left_chewing
3846232.0,-0.367676,-1.60498,1.249512,0.020251,0.249409,-0.133231,chewing,1.000000,81.633,unknown,0.632470,left_chewing
3846242.0,-0.371094,-1.585449,1.254395,0.026113,0.243813,-0.119109,chewing,1.000000,81.633,unknown,0.632470,left_chewing
3846252.0,-0.360352,-1.601563,1.239746,0.020251,0.227825,-0.123106,chewing,1.000000,81.633,unknown,0.632470,left_chewing
3846262.0,-0.366699,-1.623535,1.25,0.040502,0.179862,-0.090064,chewing,1.000000,81.633,unknown,0.632470,left_chewing
3846272.0,-0.369141,-1.619141,1.23877,0.039703,0.107384,-0.045032,chewing,1.000000,81.633,unknown,0.632470,left_chewing
3846282.0,-0.374512,-1.618164,1.24707,0.011724,0.044499,-0.007994,chewing,1.000000,81.633,unknown,0.632470,left_chewing
3846292.0,-0.416504,-1.60791,1.259766,0.001332,0.037038,-0.002132,chewing,1.000000,81.633,unknown,0.632470,left_chewing
3846302.0,-0.415527,-1.612793,1.249512,-0.002132,0.057289,0.039969,chewing,1.000000,81.633,unknown,0.632470,left_chewing
3846312.0,-0.425293,-1.628906,1.254395,0.009859,0.064217,0.083136,chewing,1.000000,81.633,unknown,0.632470,left_chewing
3846322.0,-0.414551,-1.628906,1.267578,0.02185,0.049562,0.111115,chewing,1.000000,81.633,unknown,0.632470,left_chewing
3846332.0,-0.412109,-1.634277,1.268555,-0.037838,-0.019452,0.122573,chewing,1.000000,81.633,unknown,0.632470,left_chewing
3846342.0,-0.390625,-1.615234,1.280762,-0.107651,-0.099923,0.09113,chewing,1.000000,81.633,unknown,0.632470,left_chewing
3846352.0,-0.38623,-1.609863,1.244141,-0.270992,-0.082603,0.112447,chewing,1.000000,81.633,unknown,0.632470,left_chewing
3846362.0,-0.369141,-1.629883,1.249512,-0.419678,-0.043966,0.190521,chewing,1.000000,81.633,unknown,0.632470,left_chewing
3846372.0,-0.35498,-1.626953,1.233398,-0.486827,-0.045299,0.195583,chewing,1.000000,81.633,unknown,0.632470,left_chewing
3846382.0,-0.347168,-1.649414,1.234863,-0.455917,-0.093262,0.135363,chewing,1.000000,81.633,unknown,0.632470,left_chewing
3846392.0,-0.350586,-1.657715,1.223145,-0.452453,-0.177198,0.185991,chewing,1.000000,81.633,unknown,0.632470,left_chewing
3846402.0,-0.349121,-1.631348,1.248535,-0.435666,-0.218499,0.145222,chewing,1.000000,81.633,unknown,0.632470,left_chewing
3846412.0,-0.371094,-1.624023,1.234863,-0.485761,-0.277387,0.189455,chewing,1.000000,81.633,unknown,0.632470,left_chewing
3846422.0,-0.359863,-1.624512,1.257324,-0.203844,-0.270459,-0.036239,chewing,1.000000,81.633,unknown,0.632470,left_chewing
3846432.0,-0.366699,-1.561523,1.289551,0.307764,-0.151084,-0.358658,chewing,1.000000,81.633,unknown,0.632470,left_chewing
3846442.0,-0.414062,-1.52002,1.244629,0.466842,-0.118842,-0.326417,chewing,1.000000,81.633,unknown,0.632470,left_chewing
3846452.0,-0.413086,-1.588379,1.224121,0.433268,-0.099923,-0.085268,chewing,1.000000,81.633,unknown,0.632470,left_chewing
3846462.0,-0.390625,-1.618164,1.21875,0.37438,-0.076208,0.041568,chewing,1.000000,81.633,unknown,0.632470,left_chewing
3846472.0,-0.397949,-1.633301,1.224121,0.364254,-0.07381,0.081271,chewing,1.000000,81.633,unknown,0.632470,left_chewing
3846482.0,-0.385742,-1.700684,1.211914,0.371449,-0.027446,-0.104187,chewing,1.000000,81.633,unknown,0.632470,left_chewing
3846492.0,-0.397949,-1.679199,1.21582,0.245412,-0.041568,-0.0874,chewing,1.000000,81.633,unknown,0.632470,left_chewing
3846502.0,-0.402344,-1.675293,1.236816,0.129501,-0.04823,-0.100456,chewing,1.000000,81.633,unknown,0.632470,left_chewing
3846512.0,-0.404785,-1.678223,1.253906,0.035706,-0.003198,-0.095926,chewing,1.000000,81.633,unknown,0.632470,left_chewing
3846522.0,-0.418457,-1.633789,1.26416,-0.042368,0.011458,-0.114046,chewing,1.000000,81.633,unknown,0.632470,left_chewing
3846532.0,-0.396484,-1.589355,1.266113,-0.122306,0.077008,-0.085268,chewing,1.000000,81.633,unknown,0.632470,left_chewing
3846542.0,-0.394531,-1.572754,1.269043,-0.154548,0.10392,-0.038637,chewing,1.000000,86.331,unknown,0.632470,left_chewing
3846552.0,-0.372559,-1.589355,1.256836,-0.155081,0.12577,-0.021051,chewing,1.000000,86.331,unknown,0.632470,left_chewing
3846562.0,-0.358398,-1.592285,1.26709,-0.115112,0.140692,0.003997,chewing,1.000000,86.331,unknown,0.632470,left_chewing
3846572.0,-0.352051,-1.591797,1.273926,-0.088199,0.102588,0.017587,chewing,1.000000,86.331,unknown,0.632470,left_chewing
3846582.0,-0.351074,-1.599121,1.253906,-0.056224,0.076208,0.050628,chewing,1.000000,86.331,unknown,0.632470,left_chewing
3846592.0,-0.355957,-1.601074,1.249023,-0.020251,0.028778,0.085801,chewing,1.000000,86.331,unknown,0.632470,left_chewing
3846602.0,-0.365234,-1.609863,1.243652,-0.001599,0.004263,0.094861,chewing,1.000000,86.331,unknown,0.632470,left_chewing
3846612.0,-0.333008,-1.640625,1.216309,-0.050361,-0.018919,0.092995,chewing,1.000000,86.331,unknown,0.632470,left_chewing
3846622.0,-0.387695,-1.600098,1.237793,-0.060221,0.005596,0.090864,chewing,1.000000,86.331,unknown,0.632470,left_chewing
3846632.0,-0.39209,-1.62207,1.248047,-0.129234,0.007994,0.116711,chewing,1.000000,86.331,unknown,0.632470,left_chewing
3846642.0,-0.391113,-1.655273,1.259766,-0.148686,0.015188,0.104187,chewing,1.000000,86.331,unknown,0.632470,left_chewing
3846652.0,-0.425293,-1.688965,1.341309,0.049296,0.083136,-0.077274,chewing,1.000000,86.331,unknown,0.632470,left_chewing
3846662.0,-0.442383,-1.496582,1.256836,-0.005329,0.201179,0.009859,chewing,1.000000,86.331,unknown,0.632470,left_chewing
3846672.0,-0.387207,-1.60498,1.199219,-0.176665,0.238484,0.139893,chewing,1.000000,86.331,unknown,0.632470,left_chewing
3846682.0,-0.371094,-1.706055,1.203613,-0.168138,0.21317,0.115911,chewing,1.000000,86.331,unknown,0.632470,left_chewing
3846692.0,-0.375488,-1.660156,1.174805,-0.243813,0.23875,0.198248,chewing,1.000000,86.331,unknown,0.632470,left_chewing
3846702.0,-0.381836,-1.658691,1.19043,-0.415681,0.260334,0.310962,chewing,1.000000,86.331,unknown,0.632470,left_chewing
3846712.0,-0.403809,-1.718262,1.215332,-0.578224,0.239816,0.346934,chewing,1.000000,86.331,unknown,0.632470,left_chewing
3846722.0,-0.411621,-1.775879,1.214844,-0.689871,0.110049,0.502282,chewing,1.000000,86.331,unknown,0.632470,left_chewing
3846732.0,-0.449707,-1.623047,1.264648,-0.535856,0.17773,0.263531,chewing,1.000000,86.331,unknown,0.632470,left_chewing
3846742.0,-0.459961,-1.562012,1.269531,-0.558239,0.175066,0.243014,chewing,1.000000,86.331,unknown,0.632470,left_chewing
3846752.0,-0.455566,-1.561523,1.254883,-0.577424,0.230224,0.244346,chewing,1.000000,86.331,unknown,0.632470,left_chewing
3846762.0,-0.431641,-1.59375,1.249023,-0.464444,0.268328,0.161476,chewing,1.000000,86.331,unknown,0.632470,left_chewing
3846772.0,-0.39502,-1.578125,1.232422,-0.329081,0.285115,0.041035,chewing,1.000000,86.331,unknown,0.632470,left_chewing
3846782.0,-0.412598,-1.597168,1.232422,-0.241681,0.262732,-0.025047,chewing,1.000000,86.331,unknown,0.632470,left_chewing
3846792.0,-0.397949,-1.606445,1.236816,-0.071412,0.205975,-0.117776,chewing,1.000000,86.331,unknown,0.632470,left_chewing
3846802.0,-0.39502,-1.603027,1.224121,0.042101,0.147087,-0.193185,chewing,1.000000,86.331,unknown,0.632470,left_chewing
3846812.0,-0.375488,-1.606934,1.211426,0.112181,0.135096,-0.200913,chewing,1.000000,86.331,unknown,0.632470,left_chewing
3846822.0,-0.369141,-1.627441,1.211426,0.129234,0.125504,-0.177198,chewing,1.000000,86.331,unknown,0.632470,left_chewing
3846832.0,-0.382324,-1.642578,1.211426,0.162276,0.115911,-0.140692,chewing,1.000000,86.331,unknown,0.632470,left_chewing
3846842.0,-0.395508,-1.639648,1.211914,0.179329,0.110315,-0.0874,chewing,1.000000,86.331,unknown,0.632470,left_chewing
3846852.0,-0.419922,-1.651855,1.19873,0.194251,0.089531,-0.036505,chewing,1.000000,86.331,unknown,0.632470,left_chewing
3846862.0,-0.435059,-1.640625,1.190918,0.201712,0.086334,-0.052493,chewing,1.000000,86.331,unknown,0.632470,left_chewing
3846872.0,-0.437988,-1.645996,1.204102,0.229424,0.119375,-0.114046,chewing,1.000000,86.331,unknown,0.632470,left_chewing
3846882.0,-0.41748,-1.658203,1.206543,0.207308,0.12577,-0.100723,chewing,1.000000,86.331,unknown,0.632470,left_chewing
3846892.0,-0.424805,-1.648926,1.212891,0.207041,0.106319,-0.134297,chewing,1.000000,86.331,unknown,0.632470,left_chewing
3846902.0,-0.413086,-1.633789,1.209961,0.178263,0.134297,-0.154548,chewing,1.000000,86.331,unknown,0.632470,left_chewing
3846912.0,-0.416504,-1.623047,1.212402,0.179329,0.176931,-0.143357,chewing,1.000000,86.331,unknown,0.632470,left_chewing
3846922.0,-0.413086,-1.638184,1.20166,0.188922,0.187323,-0.130833,chewing,1.000000,86.331,unknown,0.632470,left_chewing
3846932.0,-0.418457,-1.634277,1.222656,0.212904,0.181727,-0.11751,chewing,1.000000,86.331,unknown,0.632470,left_chewing
3846942.0,-0.40918,-1.649414,1.231445,0.237152,0.162542,-0.106052,chewing,1.000000,86.331,unknown,0.632470,left_chewing
3846952.0,-0.40918,-1.642578,1.212891,0.219565,0.1311,-0.109516,chewing,1.000000,86.331,unknown,0.632470,left_chewing
3846962.0,-0.410645,-1.633789,1.22168,0.207841,0.04823,-0.118842,chewing,1.000000,86.331,unknown,0.632470,left_chewing
3846972.0,-0.407227,-1.635742,1.22168,0.185991,0.004796,-0.089265,chewing,1.000000,86.331,unknown,0.632470,left_chewing
3846982.0,-0.395996,-1.630859,1.227051,0.189721,-0.014123,-0.065017,chewing,1.000000,86.331,unknown,0.632470,left_chewing
3846992.0,-0.414551,-1.621094,1.228027,0.200646,-0.00453,-0.063152,chewing,1.000000,86.331,unknown,0.632470,left_chewing
3847002.0,-0.396973,-1.604492,1.233887,0.192919,-0.006928,-0.067149,chewing,1.000000,86.331,unknown,0.632470,left_chewing
3847012.0,-0.410645,-1.605957,1.251465,0.106585,-0.016254,-0.01732,chewing,1.000000,86.331,unknown,0.632470,left_chewing
3847022.0,-0.397461,-1.594238,1.267578,0.047697,-0.005596,0.018919,chewing,1.000000,86.331,unknown,0.632470,left_chewing
3847032.0,-0.385254,-1.601074,1.250488,0.013323,0.013323,-0.002665,chewing,1.000000,86.331,unknown,0.632470,left_chewing
3847042.0,-0.400879,-1.620117,1.248047,-0.011191,-0.027712,-0.026913,chewing,1.000000,86.331,unknown,0.632470,left_chewing
3847052.0,-0.41748,-1.588867,1.250977,-0.097525,-0.071945,-0.032775,chewing,1.000000,86.331,unknown,0.632470,left_chewing
3847062.0,-0.415527,-1.615723,1.262695,-0.135896,-0.078074,0.019985,chewing,1.000000,86.331,unknown,0.632470,left_chewing
3847072.0,-0.399902,-1.60498,1.256836,-0.204643,-0.112447,0.04823,chewing,1.000000,86.331,unknown,0.632470,left_chewing
3847082.0,-0.402832,-1.613281,1.248535,-0.265663,-0.105253,0.063418,chewing,1.000000,86.331,unknown,0.632470,left_chewing
3847092.0,-0.393555,-1.628418,1.233398,-0.352263,-0.121507,0.063152,chewing,1.000000,86.331,unknown,0.632470,left_chewing
3847102.0,-0.381348,-1.661621,1.228027,-0.401026,-0.12204,0.050628,chewing,1.000000,86.331,unknown,0.632470,left_chewing
3847112.0,-0.36377,-1.66748,1.196289,-0.441528,-0.184392,0.165473,chewing,1.000000,86.331,unknown,0.632470,left_chewing
3847122.0,-0.380859,-1.661133,1.226563,-0.425274,-0.216634,0.022649,chewing,1.000000,86.331,unknown,0.632470,left_chewing
3847132.0,-0.379395,-1.662109,1.219727,-0.415149,-0.180662,-0.006129,chewing,1.000000,86.331,unknown,0.632470,left_chewing
3847142.0,-0.383301,-1.669922,1.24707,-0.237152,-0.164141,-0.217167,chewing,1.000000,86.331,unknown,0.632470,left_chewing
3847152.0,-0.359375,-1.608887,1.201172,0.037305,-0.41728,0.016521,chewing,1.000000,86.331,unknown,0.632470,left_chewing
3847162.0,-0.42041,-1.583984,1.227051,0.251008,-0.170802,-0.338674,chewing,1.000000,86.331,unknown,0.632470,left_chewing
3847172.0,-0.420898,-1.608887,1.220215,0.228891,-0.146288,-0.199314,chewing,1.000000,86.331,unknown,0.632470,left_chewing
3847182.0,-0.399902,-1.61084,1.224609,0.246478,-0.112714,0.029844,chewing,1.000000,86.331,unknown,0.632470,left_chewing
3847192.0,-0.394531,-1.630859,1.218262,0.244346,-0.087933,0.108983,chewing,1.000000,86.331,unknown,0.632470,left_chewing
3847202.0,-0.381348,-1.648438,1.222168,0.227825,-0.085268,0.070346,chewing,1.000000,86.331,unknown,0.632470,left_chewing
3847212.0,-0.382324,-1.654785,1.214844,0.205176,-0.071412,0.02185,chewing,1.000000,86.331,unknown,0.632470,left_chewing
3847222.0,-0.385742,-1.67334,1.217285,0.172934,-0.06928,-0.040502,chewing,1.000000,86.331,unknown,0.632470,left_chewing
3847232.0,-0.382324,-1.658691,1.232422,0.094594,-0.073544,-0.074876,chewing,1.000000,86.331,unknown,0.632470,left_chewing
3847242.0,-0.395508,-1.647949,1.21582,0.025314,-0.060487,-0.098591,chewing,1.000000,86.331,unknown,0.632470,left_chewing
3847252.0,-0.399902,-1.64209,1.239746,-0.018386,-0.047697,-0.128435,chewing,1.000000,86.331,unknown,0.632470,left_chewing
3847262.0,-0.388672,-1.618652,1.234375,-0.042634,-0.015455,-0.103654,chewing,1.000000,86.331,unknown,0.632470,left_chewing
3847272.0,-0.362793,-1.620117,1.234375,-0.080205,0.027446,-0.088732,chewing,1.000000,86.331,unknown,0.632470,left_chewing
3847282.0,-0.38623,-1.595703,1.234375,-0.059421,0.04743,-0.082337,chewing,1.000000,86.331,unknown,0.632470,left_chewing
3847292.0,-0.377441,-1.605469,1.246582,-0.059155,0.036505,-0.071945,chewing,1.000000,86.331,unknown,0.632470,left_chewing
3847302.0,-0.385254,-1.603027,1.246094,-0.032508,0.020784,-0.034107,chewing,1.000000,86.331,unknown,0.632470,left_chewing
3847312.0,-0.385254,-1.605957,1.239746,0.014655,-0.007461,0.011724,chewing,1.000000,86.331,unknown,0.632470,left_chewing
3847322.0,-0.387207,-1.607422,1.245117,0.047963,-0.020784,0.040769,chewing,1.000000,86.331,unknown,0.632470,left_chewing
3847332.0,-0.396484,-1.624023,1.25293,0.069547,-0.035173,0.047963,chewing,1.000000,86.331,unknown,0.632470,left_chewing
3847342.0,-0.380371,-1.639648,1.245605,0.044233,-0.035972,0.055158,chewing,1.000000,86.331,unknown,0.632470,left_chewing
3847352.0,-0.395996,-1.668457,1.239746,0.049029,-0.012524,0.040502,chewing,1.000000,86.331,unknown,0.632470,left_chewing
3847362.0,-0.385742,-1.67041,1.244141,0.004796,0.016787,0.01279,chewing,1.000000,86.331,unknown,0.632470,left_chewing
3847372.0,-0.384277,-1.640137,1.233398,-0.03544,0.051694,-0.03011,chewing,1.000000,86.331,unknown,0.632470,left_chewing
3847382.0,-0.40332,-1.625488,1.250977,-0.036239,0.118576,-0.059688,chewing,1.000000,86.331,unknown,0.632470,left_chewing
3847392.0,-0.396973,-1.648438,1.325684,-0.008793,0.143357,-0.07834,chewing,1.000000,86.331,unknown,0.632470,left_chewing
3847402.0,-0.371582,-1.566406,1.22168,-0.103121,0.192119,-0.03091,chewing,1.000000,86.331,unknown,0.632470,left_chewing
3847412.0,-0.322754,-1.614258,1.183594,-0.205176,0.263531,0.007461,chewing,1.000000,86.331,unknown,0.632470,left_chewing
3847422.0,-0.337402,-1.663086,1.184082,-0.240349,0.239816,0.042368,chewing,1.000000,86.331,unknown,0.632470,left_chewing
3847432.0,-0.347168,-1.658691,1.189453,-0.290178,0.229691,0.184925,chewing,1.000000,86.331,unknown,0.632470,left_chewing
3847442.0,-0.372559,-1.663574,1.237305,-0.354129,0.183326,0.296573,chewing,1.000000,86.331,unknown,0.632470,left_chewing
3847452.0,-0.364258,-1.600098,1.204102,-0.266729,0.136962,0.214236,chewing,1.000000,86.331,unknown,0.632470,left_chewing
3847462.0,-0.401367,-1.612305,1.250488,-0.320288,0.119642,0.148153,chewing,1.000000,86.331,unknown,0.632470,left_chewing
3847472.0,-0.413574,-1.607422,1.257813,-0.29977,0.12577,0.067415,chewing,1.000000,86.331,unknown,0.632470,left_chewing
3847482.0,-0.424316,-1.578125,1.237305,-0.287779,0.145489,0.077807,chewing,1.000000,86.331,unknown,0.632470,left_chewing
3847492.0,-0.412109,-1.598633,1.253906,-0.281384,0.171868,0.100456,chewing,1.000000,86.331,unknown,0.632470,left_chewing
3847502.0,-0.419922,-1.599609,1.242188,-0.245412,0.156413,0.119375,chewing,1.000000,86.331,unknown,0.632470,left_chewing
3847512.0,-0.415527,-1.63916,1.231445,-0.199314,0.137495,0.126037,chewing,1.000000,86.331,unknown,0.632470,left_chewing
3847522.0,-0.401367,-1.644531,1.215332,-0.157746,0.086867,0.123639,chewing,1.000000,86.331,unknown,0.632470,left_chewing
3847532.0,-0.39502,-1.652832,1.235352,-0.102055,0.044233,0.077008,chewing,1.000000,86.331,unknown,0.632470,left_chewing
3847542.0,-0.39209,-1.65918,1.199219,-0.083136,0.03544,0.082603,chewing,1.000000,86.331,unknown,0.632470,left_chewing
3847552.0,-0.395508,-1.647949,1.225098,-0.042368,0.025314,0.064484,chewing,1.000000,86.331,unknown,0.632470,left_chewing
3847562.0,-0.403809,-1.649414,1.229492,0.010658,-0.002398,0.047164,chewing,1.000000,86.331,unknown,0.632470,left_chewing
3847572.0,-0.397461,-1.634277,1.223633,0.029311,0.03011,0.069813,chewing,1.000000,91.603,unknown,0.632470,left_chewing
3847582.0,-0.401855,-1.655273,1.233398,0.080738,0.047697,0.058622,chewing,1.000000,91.603,unknown,0.632470,left_chewing
3847592.0,-0.404785,-1.63916,1.241211,0.146821,0.028245,0.009593,chewing,1.000000,91.603,unknown,0.632470,left_chewing
3847602.0,-0.408691,-1.609863,1.219727,0.14389,0.012524,-0.035173,chewing,1.000000,91.603,unknown,0.632470,left_chewing
3847612.0,-0.413574,-1.595703,1.224609,0.126836,0.021317,-0.057023,chewing,1.000000,91.603,unknown,0.632470,left_chewing
3847622.0,-0.410645,-1.606934,1.242188,0.115112,0.041035,-0.048763,chewing,1.000000,91.603,unknown,0.632470,left_chewing
3847632.0,-0.417969,-1.609863,1.225098,0.118309,0.0437,-0.046897,chewing,1.000000,91.603,unknown,0.632470,left_chewing
3847642.0,-0.40625,-1.62793,1.226563,0.121773,0.067149,-0.036239,chewing,1.000000,91.603,unknown,0.632470,left_chewing
3847652.0,-0.410156,-1.634277,1.208496,0.135096,0.083669,-0.019985,chewing,1.000000,91.603,unknown,0.632470,left_chewing
3847662.0,-0.407715,-1.643066,1.228516,0.154282,0.065017,-0.049828,chewing,1.000000,91.603,unknown,0.632470,left_chewing
3847672.0,-0.405273,-1.644043,1.222656,0.193185,0.068747,-0.09193,chewing,1.000000,91.603,unknown,0.632470,left_chewing
3847682.0,-0.403809,-1.615723,1.23584,0.207574,0.075675,-0.12657,chewing,1.000000,91.603,unknown,0.632470,left_chewing
3847692.0,-0.384277,-1.630859,1.220703,0.187057,0.089531,-0.117243,chewing,1.000000,91.603,unknown,0.632470,left_chewing
3847702.0,-0.387695,-1.623535,1.219727,0.18679,0.105253,-0.106585,chewing,1.000000,91.603,unknown,0.632470,left_chewing
3847712.0,-0.38916,-1.617676,1.235352,0.157213,0.089265,-0.064484,chewing,1.000000,91.603,unknown,0.632470,left_chewing
3847722.0,-0.385742,-1.600098,1.229492,0.046897,0.087133,0.013323,chewing,1.000000,91.603,unknown,0.632470,left_chewing
3847732.0,-0.391602,-1.628906,1.234863,-0.132965,0.000266,0.135096,chewing,1.000000,91.603,unknown,0.632470,left_chewing
3847742.0,-0.375,-1.642578,1.237305,-0.325884,-0.075942,0.199314,chewing,1.000000,91.603,unknown,0.632470,left_chewing
3847752.0,-0.360352,-1.655273,1.216309,-0.404757,-0.116178,0.182793,chewing,1.000000,91.603,unknown,0.632470,left_chewing
3847762.0,-0.359375,-1.652832,1.214844,-0.403957,-0.14842,0.090597,chewing,1.000000,91.603,unknown,0.632470,left_chewing
3847772.0,-0.361328,-1.655273,1.224121,-0.366919,-0.154548,0.006928,chewing,1.000000,91.603,unknown,0.632470,left_chewing
3847782.0,-0.363281,-1.696777,1.239746,-0.347734,-0.203844,0.062086,chewing,1.000000,91.603,unknown,0.632470,left_chewing
3847792.0,-0.380371,-1.630859,1.241211,-0.047164,-0.157213,-0.159345,chewing,1.000000,91.603,unknown,0.632470,left_chewing
3847802.0,-0.400391,-1.587891,1.254395,0.22223,-0.073011,-0.261933,chewing,1.000000,91.603,unknown,0.632470,left_chewing
3847812.0,-0.42334,-1.586426,1.242188,0.342937,-0.039703,-0.236619,chewing,1.000000,91.603,unknown,0.632470,left_chewing
3847822.0,-0.417969,-1.610352,1.204102,0.306698,-0.018386,-0.10392,chewing,1.000000,91.603,unknown,0.632470,left_chewing
3847832.0,-0.412598,-1.653809,1.209961,0.278187,-0.017054,-0.022383,chewing,1.000000,91.603,unknown,0.632470,left_chewing
3847842.0,-0.402344,-1.630859,1.229004,0.227559,-0.014922,-0.05196,chewing,1.000000,91.603,unknown,0.632470,left_chewing
3847852.0,-0.396484,-1.649902,1.242676,0.172401,-0.008527,-0.102855,chewing,1.000000,91.603,unknown,0.632470,left_chewing
3847862.0,-0.40332,-1.654297,1.220215,0.134297,0.029577,-0.148686,chewing,1.000000,91.603,unknown,0.632470,left_chewing
3847872.0,-0.402832,-1.636719,1.250488,0.086067,0.066616,-0.13483,chewing,1.000000,91.603,unknown,0.632470,left_chewing
3847882.0,-0.401855,-1.621582,1.248047,0.024781,0.084202,-0.07381,chewing,1.000000,91.603,unknown,0.632470,left_chewing
3847892.0,-0.385742,-1.591797,1.259766,-0.011991,0.08207,-0.077541,chewing,1.000000,91.603,unknown,0.632470,left_chewing
3847902.0,-0.387695,-1.59668,1.247559,-0.06475,0.091397,-0.072478,chewing,1.000000,91.603,unknown,0.632470,left_chewing
3847912.0,-0.366699,-1.595703,1.252441,-0.081804,0.085801,-0.069014,chewing,1.000000,91.603,unknown,0.632470,left_chewing
3847922.0,-0.365234,-1.615723,1.247559,-0.070346,0.036772,-0.046098,chewing,1.000000,91.603,unknown,0.632470,left_chewing
3847932.0,-0.36377,-1.625977,1.249512,-0.066616,-0.003198,0.018386,chewing,1.000000,91.603,unknown,0.632470,left_chewing
3847942.0,-0.363281,-1.632324,1.236816,-0.072744,-0.059954,0.01732,chewing,1.000000,91.603,unknown,0.632470,left_chewing
3847952.0,-0.368164,-1.622559,1.233398,-0.059155,-0.065816,0.042368,chewing,1.000000,91.603,unknown,0.632470,left_chewing
3847962.0,-0.385742,-1.635742,1.242676,-0.041835,-0.059155,0.032242,chewing,1.000000,91.603,unknown,0.632470,left_chewing
3847972.0,-0.399414,-1.624023,1.246582,-0.019718,-0.044499,-0.001865,chewing,1.000000,91.603,unknown,0.632470,left_chewing
3847982.0,-0.401855,-1.61084,1.249023,-0.022383,-0.00453,0.002132,chewing,1.000000,91.603,unknown,0.632470,left_chewing
3847992.0,-0.406738,-1.619629,1.248047,-0.015988,0.037838,0.025047,chewing,1.000000,91.603,unknown,0.632470,left_chewing
3848002.0,-0.397949,-1.623535,1.241211,-0.027446,0.068747,0.036239,chewing,1.000000,91.603,unknown,0.632470,left_chewing
3848012.0,-0.388672,-1.628906,1.249512,-0.031443,0.085002,0.019452,chewing,1.000000,91.603,unknown,0.632470,left_chewing
3848022.0,-0.381348,-1.640625,1.237793,-0.036505,0.085002,0.000533,chewing,1.000000,91.603,unknown,0.632470,left_chewing
3848032.0,-0.381348,-1.614258,1.229492,-0.054891,0.103121,-0.00826,chewing,1.000000,91.603,unknown,0.632470,left_chewing
3848042.0,-0.385742,-1.638184,1.241211,-0.066616,0.092462,0.002132,chewing,1.000000,91.603,unknown,0.632470,left_chewing
3848052.0,-0.379883,-1.620117,1.242676,-0.111115,0.104453,0.017054,chewing,1.000000,91.603,unknown,0.632470,left_chewing
3848062.0,-0.378906,-1.62207,1.240723,-0.096193,0.142025,0.027979,chewing,1.000000,91.603,unknown,0.632470,left_chewing
3848072.0,-0.389648,-1.626953,1.272461,-0.082337,0.150018,0.051161,chewing,1.000000,91.603,unknown,0.632470,left_chewing
3848082.0,-0.385742,-1.578125,1.234863,-0.135363,0.173467,0.070613,chewing,1.000000,91.603,unknown,0.632470,left_chewing
3848092.0,-0.32959,-1.589844,1.178223,-0.315492,0.166006,0.171868,chewing,1.000000,91.603,unknown,0.632470,left_chewing
3848102.0,-0.338867,-1.645508,1.164551,-0.458848,0.23955,0.210239,chewing,1.000000,91.603,unknown,0.632470,left_chewing
3848112.0,-0.379883,-1.705078,1.214355,-0.507611,0.199847,0.239816,chewing,1.000000,91.603,unknown,0.632470,left_chewing
3848122.0,-0.401855,-1.651855,1.198242,-0.487893,0.175599,0.300303,chewing,1.000000,91.603,unknown,0.632470,left_chewing
3848132.0,-0.415527,-1.660156,1.23877,-0.544383,0.03464,0.545449,chewing,1.000000,91.603,unknown,0.632470,left_chewing
3848142.0,-0.443848,-1.587891,1.266602,-0.362922,-0.000799,0.240083,chewing,1.000000,91.603,unknown,0.632470,left_chewing
3848152.0,-0.416016,-1.572266,1.244141,-0.284049,0.099391,0.170003,chewing,1.000000,91.603,unknown,0.632470,left_chewing
3848162.0,-0.412598,-1.611816,1.234863,-0.258469,0.17773,0.131366,chewing,1.000000,91.603,unknown,0.632470,left_chewing
3848172.0,-0.419434,-1.595215,1.209961,-0.224095,0.195317,0.126303,chewing,1.000000,91.603,unknown,0.632470,left_chewing
3848182.0,-0.404297,-1.605957,1.214355,-0.208907,0.215302,0.134297,chewing,1.000000,91.603,unknown,0.632470,left_chewing
3848192.0,-0.387695,-1.650391,1.20459,-0.22223,0.197715,0.171602,chewing,1.000000,91.603,unknown,0.632470,left_chewing
3848202.0,-0.385254,-1.682129,1.187988,-0.207841,0.15215,0.185724,chewing,1.000000,91.603,unknown,0.632470,left_chewing
3848212.0,-0.403809,-1.692871,1.180176,-0.15215,0.09113,0.17027,chewing,1.000000,91.603,unknown,0.632470,left_chewing
3848222.0,-0.412109,-1.670898,1.203125,-0.07834,0.060753,0.162809,chewing,1.000000,91.603,unknown,0.632470,left_chewing
3848232.0,-0.433105,-1.651855,1.224609,0.019452,0.047164,0.073011,chewing,1.000000,91.603,unknown,0.632470,left_chewing
3848242.0,-0.433105,-1.61377,1.222656,0.090597,0.07008,0.003997,chewing,1.000000,91.603,unknown,0.632470,left_chewing
3848252.0,-0.446777,-1.603027,1.223633,0.101789,0.149219,0.014389,chewing,1.000000,91.603,unknown,0.632470,left_chewing
3848262.0,-0.443359,-1.605469,1.225098,0.094861,0.16947,0.019185,chewing,1.000000,91.603,unknown,0.632470,left_chewing
3848272.0,-0.431152,-1.612793,1.217773,0.098591,0.154282,-0.006129,chewing,1.000000,91.603,unknown,0.632470,left_chewing
3848282.0,-0.411621,-1.619629,1.206055,0.109783,0.179063,0.005063,chewing,1.000000,91.603,unknown,0.632470,left_chewing
3848292.0,-0.411133,-1.631348,1.20752,0.12657,0.137495,-0.02185,chewing,1.000000,91.603,unknown,0.632470,left_chewing
3848302.0,-0.405273,-1.644043,1.205566,0.138827,0.106585,-0.047164,chewing,1.000000,91.603,unknown,0.632470,left_chewing
3848312.0,-0.409668,-1.632813,1.195801,0.133498,0.092995,-0.048763,chewing,1.000000,91.603,unknown,0.632470,left_chewing
3848322.0,-0.420898,-1.651855,1.205566,0.141758,0.085002,-0.04823,chewing,1.000000,91.603,unknown,0.632470,left_chewing
3848332.0,-0.429199,-1.634766,1.211914,0.126037,0.077274,-0.041035,chewing,1.000000,91.603,unknown,0.632470,left_chewing
3848342.0,-0.413574,-1.640625,1.188965,0.140959,0.115645,-0.019718,chewing,1.000000,91.603,unknown,0.632470,left_chewing
3848352.0,-0.430664,-1.627441,1.191895,0.097792,0.096193,-0.042368,chewing,1.000000,91.603,unknown,0.632470,left_chewing
3848362.0,-0.451172,-1.662598,1.185547,0.029577,0.06102,0.030377,chewing,1.000000,91.603,unknown,0.632470,left_chewing
3848372.0,-0.437012,-1.670898,1.213379,-0.05196,-0.017054,0.07008,chewing,1.000000,91.603,unknown,0.632470,left_chewing
3848382.0,-0.420898,-1.658203,1.224121,-0.135896,-0.033308,0.092196,chewing,1.000000,91.603,unknown,0.632470,left_chewing
3848392.0,-0.432129,-1.650391,1.204102,-0.229957,-0.055424,0.06928,chewing,1.000000,91.603,unknown,0.632470,left_chewing
3848402.0,-0.410156,-1.654785,1.211914,-0.281384,-0.080472,0.057822,chewing,1.000000,91.603,unknown,0.632470,left_chewing
3848412.0,-0.413574,-1.65918,1.212402,-0.309096,-0.106585,-0.019452,chewing,1.000000,91.603,unknown,0.632470,left_chewing
3848422.0,-0.404297,-1.664551,1.199707,-0.379176,-0.149752,-0.054891,chewing,1.000000,91.603,unknown,0.632470,left_chewing
3848432.0,-0.39502,-1.671387,1.228027,-0.254738,-0.148686,-0.183593,chewing,1.000000,91.603,unknown,0.632470,left_chewing
3848442.0,-0.388672,-1.616699,1.224609,0.045832,-0.098591,-0.352796,chewing,1.000000,91.603,unknown,0.632470,left_chewing
3848452.0,-0.401367,-1.58252,1.23291,0.359724,-0.041568,-0.44819,chewing,1.000000,91.603,unknown,0.632470,left_chewing
3848462.0,-0.416016,-1.556641,1.199707,0.427672,-0.046631,-0.271525,chewing,1.000000,91.603,unknown,0.632470,left_chewing
3848472.0,-0.400391,-1.604004,1.181152,0.403691,-0.030377,-0.062352,chewing,1.000000,91.603,unknown,0.632470,left_chewing
3848482.0,-0.407715,-1.619629,1.192383,0.36079,-0.019718,-0.027712,chewing,1.000000,91.603,unknown,0.632470,left_chewing
3848492.0,-0.401367,-1.647949,1.198242,0.337341,0.006395,-0.059688,chewing,1.000000,91.603,unknown,0.632470,left_chewing
3848502.0,-0.407227,-1.649414,1.218262,0.303501,-0.003464,-0.166806,chewing,1.000000,91.603,unknown,0.632470,left_chewing
3848512.0,-0.432129,-1.640625,1.228027,0.231822,-0.002665,-0.170003,chewing,1.000000,91.603,unknown,0.632470,left_chewing
3848522.0,-0.421387,-1.626953,1.226074,0.178263,-0.002132,-0.148153,chewing,1.000000,91.603,unknown,0.632470,left_chewing
3848532.0,-0.414062,-1.611816,1.242188,0.100989,0.017853,-0.116444,chewing,1.000000,91.603,unknown,0.632470,left_chewing
3848542.0,-0.412598,-1.62207,1.241699,0.049828,0.033308,-0.093795,chewing,1.000000,91.603,unknown,0.632470,left_chewing
3848552.0,-0.416016,-1.616211,1.239746,0.007461,0.037305,-0.053825,chewing,1.000000,91.603,unknown,0.632470,left_chewing
3848562.0,-0.40918,-1.615234,1.267578,-0.016521,0.074343,-0.003997,chewing,1.000000,91.603,unknown,0.632470,left_chewing
3848572.0,-0.396484,-1.628418,1.265137,-0.02638,0.062619,-0.005596,chewing,1.000000,91.603,unknown,0.632470,left_chewing
3848582.0,-0.526855,-1.500977,1.245605,-0.202245,-0.06928,-0.280319,chewing,1.000000,91.603,unknown,0.632470,left_chewing
3848592.0,-0.356934,-1.587402,1.240723,-0.079139,0.064217,0.028245,chewing,1.000000,91.603,unknown,0.632470,left_chewing
3848602.0,-0.395508,-1.635742,1.242676,-0.094328,0.029311,-0.041568,chewing,1.000000,83.916,unknown,0.626220,left_chewing
3848612.0,-0.387207,-1.646484,1.230957,-0.09113,0.014922,-0.020251,chewing,1.000000,83.916,unknown,0.626220,left_chewing
3848622.0,-0.395996,-1.642578,1.23877,-0.071678,-0.010925,-0.038904,chewing,1.000000,83.916,unknown,0.626220,left_chewing
3848632.0,-0.409668,-1.648926,1.233887,-0.040769,-0.001332,-0.037305,chewing,1.000000,83.916,unknown,0.626220,left_chewing
3848642.0,-0.407227,-1.611816,1.234863,-0.021583,0.027979,-0.007994,chewing,1.000000,83.916,unknown,0.626220,left_chewing
3848652.0,-0.403809,-1.607422,1.236328,0.00373,0.048496,0.006395,chewing,1.000000,83.916,unknown,0.626220,left_chewing
3848662.0,-0.398926,-1.617676,1.239746,-0.009593,0.04823,-0.000266,chewing,1.000000,83.916,unknown,0.626220,left_chewing
3848672.0,-0.405762,-1.610352,1.25,-0.007461,0.04823,-0.022116,chewing,1.000000,83.916,unknown,0.626220,left_chewing
3848682.0,-0.402344,-1.609375,1.237305,-0.020518,0.059155,-0.007194,chewing,1.000000,83.916,unknown,0.626220,left_chewing
3848692.0,-0.399902,-1.618652,1.242188,-0.025314,0.057556,0.000533,chewing,1.000000,83.916,unknown,0.626220,left_chewing
3848702.0,-0.400879,-1.623047,1.241211,-0.032508,0.059421,0.00453,chewing,1.000000,83.916,unknown,0.626220,left_chewing
3848712.0,-0.379395,-1.626465,1.240234,-0.028778,0.062619,0.011458,chewing,1.000000,83.916,unknown,0.626220,left_chewing
3848722.0,-0.394531,-1.634277,1.239258,-0.037571,0.078606,0.005862,chewing,1.000000,83.916,unknown,0.626220,left_chewing
3848732.0,-0.400879,-1.623535,1.233398,-0.037038,0.098591,0.013856,chewing,1.000000,83.916,unknown,0.626220,left_chewing
3848742.0,-0.413574,-1.631836,1.222656,-0.055424,0.116444,0.038904,chewing,1.000000,83.916,unknown,0.626220,left_chewing
3848752.0,-0.413086,-1.638184,1.240723,-0.099391,0.101789,0.065283,chewing,1.000000,83.916,unknown,0.626220,left_chewing
3848762.0,-0.415527,-1.646484,1.276367,-0.0429,0.145222,0.075142,chewing,1.000000,83.916,unknown,0.626220,left_chewing
3848772.0,-0.432617,-1.615234,1.237793,-0.147087,0.139626,0.103387,chewing,1.000000,83.916,unknown,0.626220,left_chewing
3848782.0,-0.405762,-1.621582,1.203613,-0.275256,0.144689,0.144956,chewing,1.000000,83.916,unknown,0.626220,left_chewing
3848792.0,-0.376465,-1.662598,1.192871,-0.411152,0.142025,0.22143,chewing,1.000000,83.916,unknown,0.626220,left_chewing
3848802.0,-0.383301,-1.676758,1.191406,-0.467642,0.132165,0.238484,chewing,1.000000,83.916,unknown,0.626220,left_chewing
3848812.0,-0.40918,-1.650879,1.200195,-0.474303,0.124704,0.246744,chewing,1.000000,83.916,unknown,0.626220,left_chewing
3848822.0,-0.421875,-1.648438,1.203125,-0.494288,0.100723,0.387703,chewing,1.000000,83.916,unknown,0.626220,left_chewing
3848832.0,-0.427734,-1.625,1.224121,-0.533458,0.138827,0.433801,chewing,1.000000,83.916,unknown,0.626220,left_chewing
3848842.0,-0.455078,-1.599121,1.211426,-0.454851,0.109783,0.367452,chewing,1.000000,83.916,unknown,0.626220,left_chewing
3848852.0,-0.429199,-1.625488,1.191406,-0.477234,0.192386,0.418879,chewing,1.000000,83.916,unknown,0.626220,left_chewing
3848862.0,-0.429199,-1.626465,1.192871,-0.468708,0.187856,0.350665,chewing,1.000000,83.916,unknown,0.626220,left_chewing
3848872.0,-0.401367,-1.580566,1.179199,-0.440462,0.259801,0.414616,chewing,1.000000,83.916,unknown,0.626220,left_chewing
3848882.0,-0.424805,-1.618652,1.194336,-0.444726,0.284848,0.372515,chewing,1.000000,83.916,unknown,0.626220,left_chewing
3848892.0,-0.459473,-1.64209,1.174805,-0.370116,0.293642,0.348533,chewing,1.000000,83.916,unknown,0.626220,left_chewing
3848902.0,-0.405273,-1.549316,1.217773,-0.443394,0.109783,0.00906,chewing,1.000000,83.916,unknown,0.626220,left_chewing
3848912.0,-0.435547,-1.617676,1.181152,-0.255271,0.277654,0.248343,chewing,1.000000,83.916,unknown,0.626220,left_chewing
3848922.0,-0.453613,-1.625488,1.179688,-0.194784,0.243014,0.180928,chewing,1.000000,83.916,unknown,0.626220,left_chewing
3848932.0,-0.456055,-1.617676,1.179199,-0.149485,0.236086,0.19585,chewing,1.000000,83.916,unknown,0.626220,left_chewing
3848942.0,-0.446777,-1.605469,1.178223,-0.119375,0.263531,0.178796,chewing,1.000000,83.916,unknown,0.626220,left_chewing
3848952.0,-0.442383,-1.626953,1.15332,-0.106851,0.272591,0.184658,chewing,1.000000,83.916,unknown,0.626220,left_chewing
3848962.0,-0.42627,-1.647949,1.169434,-0.070346,0.317357,0.184925,chewing,1.000000,83.916,unknown,0.626220,left_chewing
3848972.0,-0.401367,-1.57666,1.154785,-0.090864,0.329614,0.186257,chewing,1.000000,83.916,unknown,0.626220,left_chewing
3848982.0,-0.524902,-1.716797,1.177734,-0.038371,0.329081,0.232355,chewing,1.000000,83.916,unknown,0.626220,left_chewing
3848992.0,-0.494629,-1.681641,1.175781,-0.00453,0.33974,0.207308,chewing,1.000000,83.916,unknown,0.626220,left_chewing
3849002.0,-0.478516,-1.689453,1.191895,-0.003198,0.334943,0.031443,chewing,1.000000,83.916,unknown,0.626220,left_chewing
3849012.0,-0.481934,-1.623047,1.188477,0.002665,0.305632,-0.05649,chewing,1.000000,83.916,unknown,0.626220,left_chewing
3849022.0,-0.48291,-1.623535,1.177246,-0.019185,0.299504,-0.050095,chewing,1.000000,83.916,unknown,0.626220,left_chewing
3849032.0,-0.472656,-1.637207,1.171875,-0.006928,0.255005,0.044233,chewing,1.000000,83.916,unknown,0.626220,left_chewing
3849042.0,-0.478516,-1.632324,1.185547,-0.004263,0.188655,0.117776,chewing,1.000000,83.916,unknown,0.626220,left_chewing
3849052.0,-0.453613,-1.62793,1.167969,-0.02558,0.083936,0.188655,chewing,1.000000,83.916,unknown,0.626220,left_chewing
3849062.0,-0.466797,-1.647461,1.180664,-0.088732,0.038637,0.226493,chewing,1.000000,83.916,unknown,0.626220,left_chewing
3849072.0,-0.459961,-1.679199,1.157227,-0.176398,0.01732,0.260067,chewing,1.000000,83.916,unknown,0.626220,left_chewing
3849082.0,-0.470215,-1.680176,1.17334,-0.211305,-0.059421,0.219832,chewing,1.000000,83.916,unknown,0.626220,left_chewing
3849092.0,-0.473633,-1.685059,1.185059,-0.215302,-0.091397,0.139626,chewing,1.000000,83.916,unknown,0.626220,left_chewing
3849102.0,-0.465332,-1.647949,1.190918,-0.121773,-0.087666,-0.002398,chewing,1.000000,83.916,unknown,0.626220,left_chewing
3849112.0,-0.477051,-1.626465,1.197266,0.039436,-0.036772,-0.130567,chewing,1.000000,83.916,unknown,0.626220,left_chewing
3849122.0,-0.492187,-1.597168,1.190918,0.238484,0.011724,-0.175599,chewing,1.000000,83.916,unknown,0.626220,left_chewing
3849132.0,-0.495605,-1.608887,1.169922,0.293109,0.049029,-0.085002,chewing,1.000000,83.916,unknown,0.626220,left_chewing
3849142.0,-0.493164,-1.634766,1.141602,0.31336,0.054358,0.037571,chewing,1.000000,83.916,unknown,0.626220,left_chewing
3849152.0,-0.48291,-1.653809,1.145508,0.333345,0.05649,0.099124,chewing,1.000000,83.916,unknown,0.626220,left_chewing
3849162.0,-0.486328,-1.672852,1.15625,0.329348,0.059954,0.111914,chewing,1.000000,83.916,unknown,0.626220,left_chewing
3849172.0,-0.530762,-1.686035,1.166504,0.392766,0.137761,-0.135096,chewing,1.000000,83.916,unknown,0.626220,left_chewing
3849182.0,-0.505371,-1.645508,1.168945,0.2606,0.080472,0.125237,chewing,1.000000,83.916,unknown,0.626220,left_chewing
3849192.0,-0.526367,-1.65625,1.177734,0.181994,0.048763,0.141758,chewing,1.000000,83.916,unknown,0.626220,left_chewing
3849202.0,-0.52002,-1.648438,1.180664,0.147887,0.055957,0.173201,chewing,1.000000,83.916,unknown,0.626220,left_chewing
3849212.0,-0.503418,-1.628418,1.196289,0.089531,0.058355,0.193185,chewing,1.000000,83.916,unknown,0.626220,left_chewing
3849222.0,-0.507812,-1.603516,1.173828,0.04823,0.126836,0.140692,chewing,1.000000,83.916,unknown,0.626220,left_chewing
3849232.0,-0.48877,-1.614746,1.187988,0.001599,0.155348,0.08207,chewing,1.000000,83.916,unknown,0.626220,left_chewing
3849242.0,-0.495117,-1.630371,1.190918,-0.028245,0.162009,0.06102,chewing,1.000000,83.916,unknown,0.626220,left_chewing
3849252.0,-0.48584,-1.622559,1.18457,-0.043966,0.160943,0.060221,chewing,1.000000,83.916,unknown,0.626220,left_chewing
3849262.0,-0.489746,-1.651855,1.19043,-0.043167,0.134297,0.075675,chewing,1.000000,83.916,unknown,0.626220,left_chewing
3849272.0,-0.489258,-1.642578,1.191895,-0.040236,0.081271,0.049296,chewing,1.000000,83.916,unknown,0.626220,left_chewing
3849282.0,-0.5,-1.640625,1.18457,-0.065283,0.046897,0.075675,chewing,1.000000,83.916,unknown,0.626220,left_chewing
3849292.0,-0.489746,-1.62207,1.185059,-0.05196,0.025047,0.100456,chewing,1.000000,83.916,unknown,0.626220,left_chewing
3849302.0,-0.516602,-1.623535,1.199707,-0.059421,0.01279,0.116977,chewing,1.000000,83.916,unknown,0.626220,left_chewing
3849312.0,-0.513184,-1.63623,1.206543,-0.057289,0.00826,0.122573,chewing,1.000000,83.916,unknown,0.626220,left_chewing
3849322.0,-0.516113,-1.63916,1.200684,-0.045032,0.002931,0.11751,chewing,1.000000,83.916,unknown,0.626220,left_chewing
3849332.0,-0.524414,-1.629395,1.203125,-0.049296,-0.008527,0.093262,chewing,1.000000,83.916,unknown,0.626220,left_chewing
3849342.0,-0.533203,-1.635254,1.204102,-0.049296,-0.005063,0.08207,chewing,1.000000,83.916,unknown,0.626220,left_chewing
3849352.0,-0.523926,-1.633301,1.190918,-0.045565,-0.008527,0.059155,chewing,1.000000,83.916,unknown,0.626220,left_chewing
3849362.0,-0.526855,-1.63916,1.194336,-0.034374,-0.013057,0.053559,chewing,1.000000,83.916,unknown,0.626220,left_chewing
3849372.0,-0.52002,-1.619141,1.20459,-0.023182,-0.015721,0.068747,chewing,1.000000,83.916,unknown,0.626220,left_chewing
3849382.0,-0.524902,-1.624512,1.183594,-0.009593,-0.005063,0.092196,chewing,1.000000,83.916,unknown,0.626220,left_chewing
3849392.0,-0.516602,-1.629883,1.181641,0.005596,-0.007194,0.084735,chewing,1.000000,83.916,unknown,0.626220,left_chewing
3849402.0,-0.505371,-1.622559,1.19043,0.002398,0.005862,0.055158,chewing,1.000000,83.916,unknown,0.626220,left_chewing
3849412.0,-0.51709,-1.626465,1.185059,-0.001066,0.02185,0.049828,chewing,1.000000,83.916,unknown,0.626220,left_chewing
3849422.0,-0.508301,-1.633301,1.166992,0.014123,0.044233,0.045299,chewing,1.000000,83.916,unknown,0.626220,left_chewing
3849432.0,-0.509766,-1.633301,1.166504,-0.020784,0.068481,0.063418,chewing,1.000000,83.916,unknown,0.626220,left_chewing
3849442.0,-0.531738,-1.617676,1.195801,-0.078873,0.075675,0.107384,chewing,1.000000,83.916,unknown,0.626220,left_chewing
3849452.0,-0.511719,-1.628418,1.1875,-0.050361,0.102322,0.115112,chewing,1.000000,83.916,unknown,0.626220,left_chewing
3849462.0,-0.512695,-1.635742,1.177246,-0.070346,0.094861,0.109783,chewing,1.000000,83.916,unknown,0.626220,left_chewing
3849472.0,-0.517578,-1.666992,1.228516,0.06555,0.142557,0.035972,chewing,1.000000,83.916,unknown,0.626220,left_chewing
3849482.0,-0.509766,-1.590332,1.194824,-0.06555,0.106585,0.009859,chewing,1.000000,83.916,unknown,0.626220,left_chewing
3849492.0,-0.484863,-1.588379,1.177246,-0.108184,0.144423,0.007461,chewing,1.000000,83.916,unknown,0.626220,left_chewing
3849502.0,-0.474121,-1.637207,1.178223,-0.128968,0.14309,0.010925,chewing,1.000000,83.916,unknown,0.626220,left_chewing
3849512.0,-0.475586,-1.625488,1.168945,-0.180129,0.137495,0.062352,chewing,1.000000,83.916,unknown,0.626220,left_chewing
3849522.0,-0.489746,-1.62207,1.165527,-0.176665,0.118576,0.10392,chewing,1.000000,83.916,unknown,0.626220,left_chewing
3849532.0,-0.48584,-1.628418,1.16748,-0.19585,0.112714,0.152683,chewing,1.000000,83.916,unknown,0.626220,left_chewing
3849542.0,-0.51709,-1.651367,1.168945,-0.196116,0.079139,0.140959,chewing,1.000000,83.916,unknown,0.626220,left_chewing
3849552.0,-0.535156,-1.63916,1.180176,-0.197449,0.080472,0.11298,chewing,1.000000,83.916,unknown,0.626220,left_chewing
3849562.0,-0.522461,-1.614258,1.1875,-0.209706,0.105786,0.0874,chewing,1.000000,83.916,unknown,0.626220,left_chewing
3849572.0,-0.518066,-1.617676,1.175781,-0.227292,0.198781,0.071412,chewing,1.000000,83.916,unknown,0.626220,left_chewing
3849582.0,-0.535645,-1.643066,1.168945,-0.243014,0.212904,0.047164,chewing,1.000000,83.916,unknown,0.626220,left_chewing
3849592.0,-0.556641,-1.630371,1.160645,-0.222496,0.188655,0.097792,chewing,1.000000,83.916,unknown,0.626220,left_chewing
3849602.0,-0.558594,-1.657715,1.174805,-0.202511,0.160677,0.104986,chewing,1.000000,83.916,unknown,0.626220,left_chewing
3849612.0,-0.556641,-1.677246,1.160156,-0.270193,0.179862,0.104187,chewing,1.000000,83.916,unknown,0.626220,left_chewing
3849622.0,-0.556641,-1.627441,1.183105,-0.133498,0.132432,0.046364,chewing,1.000000,83.916,unknown,0.626220,left_chewing
3849632.0,-0.533203,-1.617676,1.162109,-0.128435,0.098858,0.027179,chewing,1.000000,83.916,unknown,0.626220,left_chewing
3849642.0,-0.543945,-1.633789,1.17041,-0.115378,0.104187,0.01279,chewing,1.000000,83.916,unknown,0.626220,left_chewing
3849652.0,-0.544434,-1.633789,1.169434,-0.089265,0.093262,0.032242,chewing,1.000000,83.916,unknown,0.626220,left_chewing
3849662.0,-0.559082,-1.663574,1.175781,-0.062885,0.10019,0.012524,chewing,1.000000,78.947,right_chewing,0.661720,left_chewing
3849672.0,-0.555664,-1.646484,1.155762,-0.061553,0.094328,0.04823,chewing,1.000000,78.947,right_chewing,0.661720,left_chewing
3849682.0,-0.533203,-1.628418,1.169922,-0.000799,0.036239,-0.060221,chewing,1.000000,78.947,right_chewing,0.661720,left_chewing
3849692.0,-0.520508,-1.598633,1.150879,-0.023982,0.076475,-0.091397,chewing,1.000000,78.947,right_chewing,0.661720,left_chewing
3849702.0,-0.540039,-1.631348,1.170898,0.002931,0.092462,-0.092462,chewing,1.000000,78.947,right_chewing,0.661720,left_chewing
3849712.0,-0.546387,-1.612305,1.164063,0.022383,0.065283,-0.082603,chewing,1.000000,78.947,right_chewing,0.661720,left_chewing
3849722.0,-0.545898,-1.626465,1.166504,0.060753,0.007194,-0.070613,chewing,1.000000,78.947,right_chewing,0.661720,left_chewing
3849732.0,-0.545898,-1.609375,1.180664,0.051161,-0.005063,-0.07008,chewing,1.000000,78.947,right_chewing,0.661720,left_chewing
3849742.0,-0.53418,-1.623535,1.173828,0.044499,-0.034374,-0.075675,chewing,1.000000,78.947,right_chewing,0.661720,left_chewing
3849752.0,-0.536133,-1.631836,1.164063,0.029044,-0.032508,-0.067681,chewing,1.000000,78.947,right_chewing,0.661720,left_chewing
3849762.0,-0.52832,-1.661621,1.161133,0.018652,-0.014389,-0.032775,chewing,1.000000,78.947,right_chewing,0.661720,left_chewing
3849772.0,-0.519531,-1.652344,1.161621,0.013856,-0.008527,-0.029844,chewing,1.000000,78.947,right_chewing,0.661720,left_chewing
3849782.0,-0.516113,-1.652832,1.163086,0.013856,-0.000799,-0.053292,chewing,1.000000,78.947,right_chewing,0.661720,left_chewing
3849792.0,-0.516602,-1.625488,1.166504,-0.000799,-0.003198,-0.058888,chewing,1.000000,78.947,right_chewing,0.661720,left_chewing
3849802.0,-0.518555,-1.616211,1.170898,-0.004263,0.023715,-0.019185,chewing,1.000000,78.947,right_chewing,0.661720,left_chewing
3849812.0,-0.515137,-1.618164,1.173828,0.013323,0.001066,-0.038637,chewing,1.000000,78.947,right_chewing,0.661720,left_chewing
3849822.0,-0.518555,-1.614746,1.157227,0.029577,0.011191,-0.018919,chewing,1.000000,78.947,right_chewing,0.661720,left_chewing
3849832.0,-0.501465,-1.64209,1.157715,0.069813,-0.002398,-0.034107,chewing,1.000000,78.947,right_chewing,0.661720,left_chewing
3849842.0,-0.490723,-1.618652,1.164551,0.104453,-0.029044,-0.103121,chewing,1.000000,78.947,right_chewing,0.661720,left_chewing
3849852.0,-0.512207,-1.612305,1.163574,0.125237,-0.028778,-0.141758,chewing,1.000000,78.947,right_chewing,0.661720,left_chewing
3849862.0,-0.51416,-1.626953,1.161621,0.151351,-0.041835,-0.127636,chewing,1.000000,78.947,right_chewing,0.661720,left_chewing
3849872.0,-0.502441,-1.624512,1.162109,0.159611,-0.017054,-0.074343,chewing,1.000000,78.947,right_chewing,0.661720,left_chewing
3849882.0,-0.508301,-1.628906,1.164063,0.174533,0.004796,-0.018919,chewing,1.000000,78.947,right_chewing,0.661720,left_chewing
3849892.0,-0.501953,-1.638184,1.168945,0.142557,0.044233,-0.006129,chewing,1.000000,78.947,right_chewing,0.661720,left_chewing
3849902.0,-0.515137,-1.646973,1.165527,0.123639,0.037838,-0.026913,chewing,1.000000,78.947,right_chewing,0.661720,left_chewing
3849912.0,-0.519043,-1.645508,1.168945,0.094328,0.039703,-0.046631,chewing,1.000000,78.947,right_chewing,0.661720,left_chewing
3849922.0,-0.528809,-1.645508,1.173828,0.045832,0.021583,-0.075409,chewing,1.000000,78.947,right_chewing,0.661720,left_chewing
3849932.0,-0.531738,-1.632324,1.175781,0.045032,0.014123,-0.076741,chewing,1.000000,78.947,right_chewing,0.661720,left_chewing
3849942.0,-0.533203,-1.609863,1.1875,-0.002398,0.042101,-0.067415,chewing,1.000000,78.947,right_chewing,0.661720,left_chewing
3849952.0,-0.52832,-1.609375,1.19043,0.019185,0.06102,-0.06102,chewing,1.000000,78.947,right_chewing,0.661720,left_chewing
3849962.0,-0.524902,-1.623047,1.184082,0.035972,0.064484,-0.023982,chewing,1.000000,78.947,right_chewing,0.661720,left_chewing
3849972.0,-0.50293,-1.608887,1.192871,0.049029,0.059421,-0.000533,chewing,1.000000,78.947,right_chewing,0.661720,left_chewing
3849982.0,-0.505859,-1.617676,1.191895,0.037571,0.052227,0.0,chewing,1.000000,78.947,right_chewing,0.661720,left_chewing
3849992.0,-0.495117,-1.625,1.196289,0.020518,0.020251,-0.031176,chewing,1.000000,78.947,right_chewing,0.661720,left_chewing
3850002.0,-0.51416,-1.61377,1.187988,0.000533,-0.001332,-0.044499,chewing,1.000000,78.947,right_chewing,0.661720,left_chewing
3850012.0,-0.521484,-1.616699,1.19043,0.002665,-0.018919,-0.040769,chewing,1.000000,78.947,right_chewing,0.661720,left_chewing
3850022.0,-0.51416,-1.626465,1.174316,0.012257,-0.0429,-0.03464,chewing,1.000000,78.947,right_chewing,0.661720,left_chewing
3850032.0,-0.511719,-1.631836,1.186523,0.003198,-0.058622,-0.021051,chewing,1.000000,78.947,right_chewing,0.661720,left_chewing
3850042.0,-0.507812,-1.621094,1.195313,-0.002931,-0.050095,0.006395,chewing,1.000000,78.947,right_chewing,0.661720,left_chewing
3850052.0,-0.517578,-1.635742,1.189453,-0.017054,-0.057822,-0.014389,chewing,1.000000,78.947,right_chewing,0.661720,left_chewing
3850062.0,-0.518066,-1.640625,1.175293,-0.005329,-0.052227,-0.035972,chewing,1.000000,78.947,right_chewing,0.661720,left_chewing
3850072.0,-0.53125,-1.637695,1.191406,-0.015455,-0.021317,-0.071145,chewing,1.000000,78.947,right_chewing,0.661720,left_chewing
3850082.0,-0.532715,-1.633789,1.197754,-0.027446,0.007994,-0.068747,chewing,1.000000,78.947,right_chewing,0.661720,left_chewing
3850092.0,-0.531738,-1.626953,1.169922,-0.024781,0.032242,-0.054358,chewing,1.000000,78.947,right_chewing,0.661720,left_chewing
3850102.0,-0.519043,-1.634277,1.182129,-0.012257,0.061553,-0.0429,chewing,1.000000,78.947,right_chewing,0.661720,left_chewing
3850112.0,-0.513184,-1.625488,1.1875,-0.02558,0.066882,-0.041035,chewing,1.000000,78.947,right_chewing,0.661720,left_chewing
3850122.0,-0.520508,-1.628906,1.187988,-0.020251,0.073011,-0.031176,chewing,1.000000,78.947,right_chewing,0.661720,left_chewing
3850132.0,-0.505371,-1.625977,1.191406,-0.024515,0.083403,-0.020251,chewing,1.000000,78.947,right_chewing,0.661720,left_chewing
3850142.0,-0.505371,-1.61084,1.201172,-0.011991,0.086867,-0.017054,chewing,1.000000,78.947,right_chewing,0.661720,left_chewing
3850152.0,-0.504395,-1.604492,1.1875,-0.013057,0.109516,-0.031975,chewing,1.000000,78.947,right_chewing,0.661720,left_chewing
3850162.0,-0.504395,-1.615723,1.17627,-0.027979,0.106851,0.006928,chewing,1.000000,78.947,right_chewing,0.661720,left_chewing
3850172.0,-0.496582,-1.630371,1.210938,-0.021317,0.096726,0.014655,chewing,1.000000,78.947,right_chewing,0.661720,left_chewing
3850182.0,-0.495117,-1.609863,1.192383,0.031443,0.084735,-0.00826,chewing,1.000000,78.947,right_chewing,0.661720,left_chewing
3850192.0,-0.499023,-1.589844,1.173828,-0.062086,0.051427,0.03091,chewing,1.000000,78.947,right_chewing,0.661720,left_chewing
3850202.0,-0.500977,-1.601074,1.155762,-0.188655,0.071945,0.077541,chewing,1.000000,78.947,right_chewing,0.661720,left_chewing
3850212.0,-0.493652,-1.636719,1.150391,-0.280585,0.084469,0.144156,chewing,1.000000,78.947,right_chewing,0.661720,left_chewing
3850222.0,-0.501953,-1.649414,1.147461,-0.336809,0.099657,0.187856,chewing,1.000000,78.947,right_chewing,0.661720,left_chewing
3850232.0,-0.526367,-1.666992,1.177734,-0.349332,0.074077,0.197715,chewing,1.000000,78.947,right_chewing,0.661720,left_chewing
3850242.0,-0.527832,-1.624023,1.187988,-0.351997,0.102322,0.189188,chewing,1.000000,78.947,right_chewing,0.661720,left_chewing
3850252.0,-0.534668,-1.618652,1.209473,-0.366386,0.071145,0.170802,chewing,1.000000,78.947,right_chewing,0.661720,left_chewing
3850262.0,-0.524902,-1.65918,1.187012,-0.405822,0.084202,0.202511,chewing,1.000000,78.947,right_chewing,0.661720,left_chewing
3850272.0,-0.515625,-1.616699,1.187012,-0.356793,0.067149,0.108184,chewing,1.000000,78.947,right_chewing,0.661720,left_chewing
3850282.0,-0.509277,-1.584961,1.158203,-0.351464,0.134564,0.115378,chewing,1.000000,78.947,right_chewing,0.661720,left_chewing
3850292.0,-0.495605,-1.624512,1.145508,-0.274989,0.171602,0.10472,chewing,1.000000,78.947,right_chewing,0.661720,left_chewing
3850302.0,-0.54248,-1.646973,1.15918,-0.195583,0.090864,0.060487,chewing,1.000000,78.947,right_chewing,0.661720,left_chewing
3850312.0,-0.535645,-1.634766,1.155273,-0.136429,0.077008,0.117243,chewing,1.000000,78.947,right_chewing,0.661720,left_chewing
3850322.0,-0.524902,-1.649902,1.158203,-0.116444,0.03011,0.132965,chewing,1.000000,78.947,right_chewing,0.661720,left_chewing
3850332.0,-0.516602,-1.635742,1.159668,-0.098058,-0.00373,0.102055,chewing,1.000000,78.947,right_chewing,0.661720,left_chewing
3850342.0,-0.518066,-1.650391,1.156738,-0.10392,-0.00453,0.065283,chewing,1.000000,78.947,right_chewing,0.661720,left_chewing
3850352.0,-0.545898,-1.643066,1.147461,-0.079139,0.001865,0.014922,chewing,1.000000,78.947,right_chewing,0.661720,left_chewing
3850362.0,-0.561035,-1.636719,1.138672,-0.062885,-0.002132,0.025314,chewing,1.000000,78.947,right_chewing,0.661720,left_chewing
3850372.0,-0.563477,-1.629883,1.165527,-0.053026,0.023182,0.057023,chewing,1.000000,78.947,right_chewing,0.661720,left_chewing
3850382.0,-0.549316,-1.629883,1.15918,-0.038904,0.026913,0.057289,chewing,1.000000,78.947,right_chewing,0.661720,left_chewing
3850392.0,-0.536621,-1.641113,1.161621,-0.047164,0.049562,0.031176,chewing,1.000000,78.947,right_chewing,0.661720,left_chewing
3850402.0,-0.533203,-1.646484,1.154785,-0.03091,0.037038,-0.025847,chewing,1.000000,78.947,right_chewing,0.661720,left_chewing
3850412.0,-0.535156,-1.637207,1.160156,-0.017853,0.036772,-0.037305,chewing,1.000000,78.947,right_chewing,0.661720,left_chewing
3850422.0,-0.537598,-1.63623,1.150391,0.018919,0.019452,-0.046098,chewing,1.000000,78.947,right_chewing,0.661720,left_chewing
3850432.0,-0.526855,-1.628418,1.166992,0.054891,0.001599,-0.02558,chewing,1.000000,78.947,right_chewing,0.661720,left_chewing
3850442.0,-0.516602,-1.63623,1.164063,0.081804,-0.006662,-0.066616,chewing,1.000000,78.947,right_chewing,0.661720,left_chewing
3850452.0,-0.518555,-1.618652,1.175781,0.102055,-0.03917,-0.104453,chewing,1.000000,78.947,right_chewing,0.661720,left_chewing
3850462.0,-0.530762,-1.616211,1.17041,0.080205,-0.058622,-0.125504,chewing,1.000000,78.947,right_chewing,0.661720,left_chewing
3850472.0,-0.521973,-1.628418,1.168457,0.065816,-0.092995,-0.141225,chewing,1.000000,78.947,right_chewing,0.661720,left_chewing
3850482.0,-0.510254,-1.619141,1.175293,0.044499,-0.097259,-0.132698,chewing,1.000000,78.947,right_chewing,0.661720,left_chewing
3850492.0,-0.513184,-1.640625,1.181641,0.050361,-0.086067,-0.141225,chewing,1.000000,78.947,right_chewing,0.661720,left_chewing
3850502.0,-0.495117,-1.637695,1.15332,0.10845,-0.071145,-0.175066,chewing,1.000000,78.947,right_chewing,0.661720,left_chewing
3850512.0,-0.51123,-1.633301,1.145996,0.167072,-0.079406,-0.16041,chewing,1.000000,78.947,right_chewing,0.661720,left_chewing
3850522.0,-0.520508,-1.65625,1.149902,0.240083,-0.087133,-0.184925,chewing,1.000000,78.947,right_chewing,0.661720,left_chewing
3850532.0,-0.517578,-1.641113,1.143066,0.258469,-0.084202,-0.191853,chewing,1.000000,78.947,right_chewing,0.661720,left_chewing
3850542.0,-0.520508,-1.643066,1.146973,0.233421,-0.058355,-0.154815,chewing,1.000000,78.947,right_chewing,0.661720,left_chewing
3850552.0,-0.523437,-1.65918,1.171875,0.232089,-0.037038,-0.140692,chewing,1.000000,78.947,right_chewing,0.661720,left_chewing
3850562.0,-0.515625,-1.649414,1.151855,0.227026,0.001066,-0.133498,chewing,1.000000,78.947,right_chewing,0.661720,left_chewing
3850572.0,-0.511719,-1.652832,1.163574,0.222763,0.067149,-0.156147,chewing,1.000000,78.947,right_chewing,0.661720,left_chewing
3850582.0,-0.527344,-1.634766,1.181641,0.15215,0.052493,-0.081271,chewing,1.000000,78.947,right_chewing,0.661720,left_chewing
3850592.0,-0.51709,-1.64502,1.186523,0.111648,0.042368,-0.074077,chewing,1.000000,78.947,right_chewing,0.661720,left_chewing
3850602.0,-0.513184,-1.647461,1.189941,0.070346,0.021583,-0.062619,chewing,1.000000,78.947,right_chewing,0.661720,left_chewing
3850612.0,-0.50293,-1.625,1.192871,0.028245,0.026913,-0.06555,chewing,1.000000,78.947,right_chewing,0.661720,left_chewing
3850622.0,-0.5,-1.617188,1.189941,0.006662,0.047164,-0.070613,chewing,1.000000,78.947,right_chewing,0.661720,left_chewing
3850632.0,-0.501465,-1.608398,1.192383,-0.014123,0.045565,-0.098858,chewing,1.000000,78.947,right_chewing,0.661720,left_chewing
3850642.0,-0.497559,-1.608887,1.195313,-0.017054,0.034374,-0.096726,chewing,1.000000,78.947,right_chewing,0.661720,left_chewing
3850652.0,-0.494141,-1.599121,1.193359,-0.032242,0.013856,-0.053026,chewing,1.000000,78.947,right_chewing,0.661720,left_chewing
3850662.0,-0.469727,-1.610352,1.181641,-0.038104,0.027979,-0.014655,chewing,1.000000,78.947,right_chewing,0.661720,left_chewing
3850672.0,-0.47998,-1.603516,1.182129,-0.033041,0.014655,0.014389,chewing,1.000000,90.909,right_chewing,0.694000,left_chewing
3850682.0,-0.490723,-1.621094,1.185059,-0.015455,-0.001865,0.061286,chewing,1.000000,90.909,right_chewing,0.694000,left_chewing
3850692.0,-0.495605,-1.632324,1.192383,-0.009326,-0.029044,0.060753,chewing,1.000000,90.909,right_chewing,0.694000,left_chewing
3850702.0,-0.501953,-1.628906,1.19043,-0.018386,-0.014123,0.049029,chewing,1.000000,90.909,right_chewing,0.694000,left_chewing
3850712.0,-0.502441,-1.623047,1.189453,-0.016521,-0.003464,0.018386,chewing,1.000000,90.909,right_chewing,0.694000,left_chewing
3850722.0,-0.508301,-1.611328,1.188477,-0.040236,0.00826,0.005596,chewing,1.000000,90.909,right_chewing,0.694000,left_chewing
3850732.0,-0.515137,-1.62793,1.193359,-0.048763,0.052227,0.023182,chewing,1.000000,90.909,right_chewing,0.694000,left_chewing
3850742.0,-0.513184,-1.631836,1.193848,-0.055957,0.058888,0.012524,chewing,1.000000,90.909,right_chewing,0.694000,left_chewing
3850752.0,-0.512207,-1.634277,1.199219,-0.043966,0.056757,-0.006129,chewing,1.000000,90.909,right_chewing,0.694000,left_chewing
3850762.0,-0.510254,-1.624512,1.183594,-0.040236,0.041035,-0.01732,chewing,1.000000,90.909,right_chewing,0.694000,left_chewing
3850772.0,-0.504395,-1.632324,1.181641,-0.027179,0.040502,-0.013057,chewing,1.000000,90.909,right_chewing,0.694000,left_chewing
3850782.0,-0.510742,-1.624512,1.189453,-0.026646,0.033841,-0.009593,chewing,1.000000,90.909,right_chewing,0.694000,left_chewing
3850792.0,-0.501953,-1.62207,1.181641,0.003198,0.009593,-0.001066,chewing,1.000000,90.909,right_chewing,0.694000,left_chewing
3850802.0,-0.511719,-1.619141,1.193359,0.011191,0.038104,0.015188,chewing,1.000000,90.909,right_chewing,0.694000,left_chewing
3850812.0,-0.505859,-1.617188,1.176758,0.01279,0.065816,0.030377,chewing,1.000000,90.909,right_chewing,0.694000,left_chewing
3850822.0,-0.512695,-1.638672,1.182129,-0.006129,0.077541,0.042101,chewing,1.000000,90.909,right_chewing,0.694000,left_chewing
3850832.0,-0.490723,-1.625,1.179688,0.035173,0.042368,0.00826,chewing,1.000000,90.909,right_chewing,0.694000,left_chewing
3850842.0,-0.455566,-1.567871,1.175293,-0.159611,0.161476,0.060753,chewing,1.000000,90.909,right_chewing,0.694000,left_chewing
3850852.0,-0.507812,-1.644043,1.111328,-0.338141,0.16574,0.075409,chewing,1.000000,90.909,right_chewing,0.694000,left_chewing
3850862.0,-0.53125,-1.711426,1.135254,-0.35626,0.172668,0.167605,chewing,1.000000,90.909,right_chewing,0.694000,left_chewing
3850872.0,-0.514648,-1.665039,1.135742,-0.351464,0.161743,0.291776,chewing,1.000000,90.909,right_chewing,0.694000,left_chewing
3850882.0,-0.514648,-1.692383,1.183594,-0.4791,0.144689,0.47377,chewing,1.000000,90.909,right_chewing,0.694000,left_chewing
3850892.0,-0.527832,-1.619629,1.199707,-0.450322,0.09113,0.274723,chewing,1.000000,90.909,right_chewing,0.694000,left_chewing
3850902.0,-0.555664,-1.606934,1.195313,-0.446591,0.127636,0.117776,chewing,1.000000,90.909,right_chewing,0.694000,left_chewing
3850912.0,-0.555664,-1.680176,1.183105,-0.41275,0.137495,0.084469,chewing,1.000000,90.909,right_chewing,0.694000,left_chewing
3850922.0,-0.54834,-1.607422,1.171875,-0.27872,0.12204,0.050894,chewing,1.000000,90.909,right_chewing,0.694000,left_chewing
3850932.0,-0.550781,-1.595703,1.191895,-0.145755,0.118842,0.026913,chewing,1.000000,90.909,right_chewing,0.694000,left_chewing
3850942.0,-0.527344,-1.610352,1.185059,-0.070346,0.138028,0.048496,chewing,1.000000,90.909,right_chewing,0.694000,left_chewing
3850952.0,-0.506836,-1.63916,1.171387,0.037038,0.088199,0.00826,chewing,1.000000,90.909,right_chewing,0.694000,left_chewing
3850962.0,-0.516602,-1.611328,1.17334,0.080472,0.023982,-0.015721,chewing,1.000000,90.909,right_chewing,0.694000,left_chewing
3850972.0,-0.508301,-1.642578,1.148926,0.08287,0.016787,-0.022116,chewing,1.000000,90.909,right_chewing,0.694000,left_chewing
3850982.0,-0.507812,-1.650879,1.168945,0.097525,-0.001865,-0.03544,chewing,1.000000,90.909,right_chewing,0.694000,left_chewing
3850992.0,-0.52832,-1.644531,1.15918,0.112714,-0.001332,-0.065283,chewing,1.000000,90.909,right_chewing,0.694000,left_chewing
3851002.0,-0.537598,-1.643555,1.174805,0.118842,0.001066,-0.099124,chewing,1.000000,90.909,right_chewing,0.694000,left_chewing
3851012.0,-0.546387,-1.632813,1.179199,0.11298,0.016521,-0.098858,chewing,1.000000,90.909,right_chewing,0.694000,left_chewing
3851022.0,-0.520996,-1.623535,1.151367,0.120708,0.033841,-0.085268,chewing,1.000000,90.909,right_chewing,0.694000,left_chewing
3851032.0,-0.536133,-1.648926,1.158203,0.083936,0.053026,-0.07381,chewing,1.000000,90.909,right_chewing,0.694000,left_chewing
3851042.0,-0.523437,-1.660156,1.152832,0.079406,0.098058,-0.056757,chewing,1.000000,90.909,right_chewing,0.694000,left_chewing
3851052.0,-0.518555,-1.65918,1.162598,0.06555,0.105253,-0.080472,chewing,1.000000,90.909,right_chewing,0.694000,left_chewing
3851062.0,-0.525879,-1.656738,1.144531,0.044233,0.09566,-0.117776,chewing,1.000000,90.909,right_chewing,0.694000,left_chewing
3851072.0,-0.530273,-1.633789,1.16748,0.01732,0.046897,-0.114046,chewing,1.000000,90.909,right_chewing,0.694000,left_chewing
3851082.0,-0.523926,-1.621582,1.180176,-0.008793,0.002665,-0.077008,chewing,1.000000,90.909,right_chewing,0.694000,left_chewing
3851092.0,-0.512695,-1.615723,1.175293,-0.021317,-0.026113,-0.065017,chewing,1.000000,90.909,right_chewing,0.694000,left_chewing
3851102.0,-0.495117,-1.602051,1.178223,-0.043167,-0.03917,-0.058355,chewing,1.000000,90.909,right_chewing,0.694000,left_chewing
3851112.0,-0.494629,-1.604492,1.178711,-0.073544,-0.031443,-0.018652,chewing,1.000000,90.909,right_chewing,0.694000,left_chewing
3851122.0,-0.491699,-1.616699,1.168945,-0.103121,-0.03011,0.008793,chewing,1.000000,90.909,right_chewing,0.694000,left_chewing
3851132.0,-0.498535,-1.63916,1.179688,-0.138827,-0.049029,0.044766,chewing,1.000000,90.909,right_chewing,0.694000,left_chewing
3851142.0,-0.479004,-1.632324,1.162109,-0.174533,-0.091397,0.031176,chewing,1.000000,90.909,right_chewing,0.694000,left_chewing
3851152.0,-0.477539,-1.619141,1.163086,-0.238484,-0.112181,0.022383,chewing,1.000000,90.909,right_chewing,0.694000,left_chewing
3851162.0,-0.483887,-1.644043,1.17334,-0.255538,-0.10925,0.015188,chewing,1.000000,90.909,right_chewing,0.694000,left_chewing
3851172.0,-0.48584,-1.648438,1.183594,-0.113247,-0.118576,-0.099923,chewing,1.000000,90.909,right_chewing,0.694000,left_chewing
3851182.0,-0.495117,-1.604004,1.201172,0.072478,-0.083669,-0.18759,chewing,1.000000,90.909,right_chewing,0.694000,left_chewing
3851192.0,-0.510254,-1.59668,1.192871,0.232622,-0.045565,-0.197982,chewing,1.000000,90.909,right_chewing,0.694000,left_chewing
3851202.0,-0.512207,-1.606934,1.18457,0.292043,-0.049296,-0.137761,chewing,1.000000,90.909,right_chewing,0.694000,left_chewing
3851212.0,-0.515625,-1.618652,1.172363,0.303501,-0.094328,-0.078873,chewing,1.000000,90.909,right_chewing,0.694000,left_chewing
3851222.0,-0.516113,-1.629395,1.148438,0.279253,-0.100989,-0.020784,chewing,1.000000,90.909,right_chewing,0.694000,left_chewing
3851232.0,-0.501465,-1.652832,1.156738,0.229158,-0.055957,-0.015188,chewing,1.000000,90.909,right_chewing,0.694000,left_chewing
3851242.0,-0.508301,-1.674316,1.155762,0.188123,-0.060753,-0.066083,chewing,1.000000,90.909,right_chewing,0.694000,left_chewing
3851252.0,-0.518066,-1.679688,1.157227,0.134031,-0.007994,-0.119642,chewing,1.000000,90.909,right_chewing,0.694000,left_chewing
3851262.0,-0.51123,-1.651855,1.173828,0.07381,0.004796,-0.14389,chewing,1.000000,90.909,right_chewing,0.694000,left_chewing
3851272.0,-0.525391,-1.645996,1.165039,0.034907,0.061553,-0.136962,chewing,1.000000,90.909,right_chewing,0.694000,left_chewing
3851282.0,-0.517578,-1.62793,1.188965,0.018386,0.060221,-0.133498,chewing,1.000000,90.909,right_chewing,0.694000,left_chewing
3851292.0,-0.510742,-1.615234,1.189453,0.018652,0.081271,-0.092196,chewing,1.000000,90.909,right_chewing,0.694000,left_chewing
3851302.0,-0.503906,-1.615234,1.180176,-0.00373,0.0874,-0.055158,chewing,1.000000,90.909,right_chewing,0.694000,left_chewing
3851312.0,-0.488281,-1.624512,1.177246,-0.044233,0.078074,-0.011458,chewing,1.000000,90.909,right_chewing,0.694000,left_chewing
3851322.0,-0.490723,-1.648438,1.180664,-0.053559,0.044233,0.002132,chewing,1.000000,90.909,right_chewing,0.694000,left_chewing
3851332.0,-0.477051,-1.627441,1.186523,-0.021583,0.017587,-0.020251,chewing,1.000000,90.909,right_chewing,0.694000,left_chewing
3851342.0,-0.490234,-1.640137,1.177246,-0.022116,0.010925,-0.01279,chewing,1.000000,90.909,right_chewing,0.694000,left_chewing
3851352.0,-0.498535,-1.633301,1.185059,-0.032242,0.003198,-0.013856,chewing,1.000000,90.909,right_chewing,0.694000,left_chewing
3851362.0,-0.503906,-1.631348,1.186523,-0.0429,-0.005329,-0.012524,chewing,1.000000,90.909,right_chewing,0.694000,left_chewing
3851372.0,-0.509277,-1.636719,1.192383,-0.039969,-0.022649,-0.027179,chewing,1.000000,90.909,right_chewing,0.694000,left_chewing
3851382.0,-0.524902,-1.633789,1.213379,-0.045832,0.00373,-0.030643,chewing,1.000000,90.909,right_chewing,0.694000,left_chewing
3851392.0,-0.519043,-1.632813,1.202148,-0.049562,0.024781,-0.02558,chewing,1.000000,90.909,right_chewing,0.694000,left_chewing
3851402.0,-0.512695,-1.641602,1.181641,-0.053559,0.036505,-0.026113,chewing,1.000000,90.909,right_chewing,0.694000,left_chewing
3851412.0,-0.51123,-1.635742,1.194824,-0.061286,0.063951,0.000799,chewing,1.000000,90.909,right_chewing,0.694000,left_chewing
3851422.0,-0.493652,-1.634277,1.175781,-0.047164,0.073544,0.001066,chewing,1.000000,90.909,right_chewing,0.694000,left_chewing
3851432.0,-0.495605,-1.63623,1.183594,-0.05196,0.071678,-0.015455,chewing,1.000000,90.909,right_chewing,0.694000,left_chewing
3851442.0,-0.486816,-1.62793,1.196289,-0.041835,0.059421,-0.0437,chewing,1.000000,90.909,right_chewing,0.694000,left_chewing
3851452.0,-0.496582,-1.625,1.185547,-0.041302,0.07834,-0.061553,chewing,1.000000,90.909,right_chewing,0.694000,left_chewing
3851462.0,-0.495605,-1.611328,1.19873,-0.044233,0.088466,-0.03464,chewing,1.000000,90.909,right_chewing,0.694000,left_chewing
3851472.0,-0.504883,-1.614258,1.186523,-0.055424,0.116178,0.003997,chewing,1.000000,90.909,right_chewing,0.694000,left_chewing
3851482.0,-0.496094,-1.633789,1.234863,-0.016521,0.145755,0.008527,chewing,1.000000,90.909,right_chewing,0.694000,left_chewing
3851492.0,-0.459961,-1.560059,1.179199,-0.050894,0.123905,0.042368,chewing,1.000000,90.909,right_chewing,0.694000,left_chewing
3851502.0,-0.478516,-1.589844,1.15918,-0.152683,0.19132,0.080205,chewing,1.000000,90.909,right_chewing,0.694000,left_chewing
3851512.0,-0.483887,-1.657715,1.142578,-0.170003,0.156413,0.071678,chewing,1.000000,90.909,right_chewing,0.694000,left_chewing
3851522.0,-0.494141,-1.665527,1.138672,-0.208907,0.116711,0.122839,chewing,1.000000,90.909,right_chewing,0.694000,left_chewing
3851532.0,-0.488281,-1.650391,1.143555,-0.253139,0.063951,0.194518,chewing,1.000000,90.909,right_chewing,0.694000,left_chewing
3851542.0,-0.498047,-1.662109,1.175293,-0.252873,0.041302,0.217167,chewing,1.000000,90.909,right_chewing,0.694000,left_chewing
3851552.0,-0.510742,-1.661133,1.176758,-0.239017,0.024248,0.160943,chewing,1.000000,90.909,right_chewing,0.694000,left_chewing
3851562.0,-0.525879,-1.633301,1.194336,-0.244346,0.056224,0.105519,chewing,1.000000,90.909,right_chewing,0.694000,left_chewing
3851572.0,-0.523926,-1.623047,1.186035,-0.257936,0.141225,0.088732,chewing,1.000000,90.909,right_chewing,0.694000,left_chewing
3851582.0,-0.531738,-1.623047,1.160156,-0.217966,0.161743,0.031975,chewing,1.000000,90.909,right_chewing,0.694000,left_chewing
3851592.0,-0.522461,-1.626953,1.182129,-0.223562,0.161743,0.036505,chewing,1.000000,90.909,right_chewing,0.694000,left_chewing
3851602.0,-0.523437,-1.633301,1.17627,-0.207841,0.150551,0.114312,chewing,1.000000,90.909,right_chewing,0.694000,left_chewing
3851612.0,-0.500977,-1.634277,1.176758,-0.210239,0.109516,0.166806,chewing,1.000000,90.909,right_chewing,0.694000,left_chewing
3851622.0,-0.499023,-1.633789,1.171875,-0.195317,0.040502,0.213436,chewing,1.000000,90.909,right_chewing,0.694000,left_chewing
3851632.0,-0.49707,-1.63916,1.165527,-0.192386,-0.009326,0.194518,chewing,1.000000,90.909,right_chewing,0.694000,left_chewing
3851642.0,-0.513184,-1.647949,1.163574,-0.173467,-0.043167,0.167605,chewing,1.000000,90.909,right_chewing,0.694000,left_chewing
3851652.0,-0.518066,-1.634766,1.170898,-0.118576,-0.019185,0.117776,chewing,1.000000,90.909,right_chewing,0.694000,left_chewing
3851662.0,-0.543945,-1.639648,1.151855,-0.095926,-0.006662,0.081005,chewing,1.000000,91.603,right_chewing,0.713720,left_chewing
3851672.0,-0.554687,-1.647461,1.158691,-0.065283,0.051694,0.046897,chewing,1.000000,91.603,right_chewing,0.713720,left_chewing
3851682.0,-0.537598,-1.650391,1.15332,-0.06102,0.067948,0.01732,chewing,1.000000,91.603,right_chewing,0.713720,left_chewing
3851692.0,-0.544434,-1.669922,1.154785,-0.018652,0.091397,-0.036505,chewing,1.000000,91.603,right_chewing,0.713720,left_chewing
3851702.0,-0.541992,-1.652832,1.161133,0.037571,0.086867,-0.081005,chewing,1.000000,91.603,right_chewing,0.713720,left_chewing
3851712.0,-0.533691,-1.635742,1.168457,0.074876,0.112714,-0.105519,chewing,1.000000,91.603,right_chewing,0.713720,left_chewing
3851722.0,-0.530762,-1.620117,1.166504,0.096726,0.120974,-0.079939,chewing,1.000000,91.603,right_chewing,0.713720,left_chewing
3851732.0,-0.515137,-1.627441,1.149902,0.098058,0.127103,-0.075409,chewing,1.000000,91.603,right_chewing,0.713720,left_chewing
3851742.0,-0.506348,-1.639648,1.150391,0.110582,0.124438,-0.04743,chewing,1.000000,91.603,right_chewing,0.713720,left_chewing
3851752.0,-0.503906,-1.65332,1.144531,0.116711,0.140426,-0.036505,chewing,1.000000,91.603,right_chewing,0.713720,left_chewing
3851762.0,-0.512695,-1.643066,1.160645,0.127369,0.119109,-0.0437,chewing,1.000000,91.603,right_chewing,0.713720,left_chewing
3851772.0,-0.524414,-1.628418,1.160645,0.140159,0.100456,-0.046098,chewing,1.000000,91.603,right_chewing,0.713720,left_chewing
3851782.0,-0.525879,-1.645996,1.178223,0.142557,0.095394,-0.041035,chewing,1.000000,91.603,right_chewing,0.713720,left_chewing
3851792.0,-0.506348,-1.632324,1.171875,0.13483,0.067681,-0.089798,chewing,1.000000,91.603,right_chewing,0.713720,left_chewing
3851802.0,-0.519531,-1.638184,1.165039,0.089531,0.029044,-0.108983,chewing,1.000000,91.603,right_chewing,0.713720,left_chewing
3851812.0,-0.508301,-1.629883,1.169434,-0.002398,-0.075675,-0.082337,chewing,1.000000,91.603,right_chewing,0.713720,left_chewing
3851822.0,-0.49707,-1.630371,1.164063,-0.157746,-0.124172,-0.027179,chewing,1.000000,91.603,right_chewing,0.713720,left_chewing
3851832.0,-0.495605,-1.64209,1.152344,-0.237418,-0.122573,-0.005596,chewing,1.000000,91.603,right_chewing,0.713720,left_chewing
3851842.0,-0.484375,-1.645996,1.14209,-0.266995,-0.163341,-0.018119,chewing,1.000000,91.603,right_chewing,0.713720,left_chewing
3851852.0,-0.46875,-1.688477,1.191895,-0.193185,-0.199314,-0.163341,chewing,1.000000,91.603,right_chewing,0.713720,left_chewing
3851862.0,-0.474609,-1.605469,1.209961,0.165473,-0.16947,-0.398894,chewing,1.000000,91.603,right_chewing,0.713720,left_chewing
3851872.0,-0.44873,-1.483398,1.125,0.467908,-0.098325,-0.52653,chewing,1.000000,91.603,right_chewing,0.713720,left_chewing
3851882.0,-0.519043,-1.612305,1.158203,0.467109,-0.13936,-0.350665,chewing,1.000000,91.603,right_chewing,0.713720,left_chewing
3851892.0,-0.484863,-1.624512,1.148438,0.437798,-0.051161,-0.06102,chewing,1.000000,91.603,right_chewing,0.713720,left_chewing
3851902.0,-0.510742,-1.654785,1.154785,0.455118,-0.060753,-0.005862,chewing,1.000000,91.603,right_chewing,0.713720,left_chewing
3851912.0,-0.498535,-1.661621,1.147949,0.379975,-0.046364,0.003997,chewing,1.000000,91.603,right_chewing,0.713720,left_chewing
3851922.0,-0.513672,-1.664063,1.165039,0.279253,-0.021583,-0.038637,chewing,1.000000,91.603,right_chewing,0.713720,left_chewing
3851932.0,-0.520508,-1.672852,1.177734,0.128168,-0.019718,-0.068214,chewing,1.000000,91.603,right_chewing,0.713720,left_chewing
3851942.0,-0.528809,-1.651855,1.193359,0.017054,-0.026646,-0.073544,chewing,1.000000,91.603,right_chewing,0.713720,left_chewing
3851952.0,-0.524902,-1.644531,1.187012,-0.058622,0.006662,-0.0874,chewing,1.000000,91.603,right_chewing,0.713720,left_chewing
3851962.0,-0.518555,-1.607422,1.197266,-0.094328,0.059155,-0.070613,chewing,1.000000,91.603,right_chewing,0.713720,left_chewing
3851972.0,-0.514648,-1.58252,1.193848,-0.100456,0.088466,-0.041568,chewing,1.000000,91.603,right_chewing,0.713720,left_chewing
3851982.0,-0.491211,-1.591797,1.19873,-0.084469,0.073277,-0.022116,chewing,1.000000,91.603,right_chewing,0.713720,left_chewing
3851992.0,-0.478027,-1.605469,1.185547,-0.06102,0.063152,-0.001865,chewing,1.000000,91.603,right_chewing,0.713720,left_chewing
3852002.0,-0.459961,-1.61084,1.190918,-0.029311,0.034907,-0.000799,chewing,1.000000,91.603,right_chewing,0.713720,left_chewing
3852012.0,-0.458008,-1.622559,1.189941,-0.039703,0.025314,0.009859,chewing,1.000000,91.603,right_chewing,0.713720,left_chewing
3852022.0,-0.475586,-1.643066,1.17041,-0.002398,-0.003997,0.001599,chewing,1.000000,91.603,right_chewing,0.713720,left_chewing
3852032.0,-0.48877,-1.645508,1.176758,0.023982,-0.005862,0.026113,chewing,1.000000,91.603,right_chewing,0.713720,left_chewing
3852042.0,-0.504883,-1.632813,1.180176,0.023182,0.000533,0.03091,chewing,1.000000,91.603,right_chewing,0.713720,left_chewing
3852052.0,-0.518066,-1.627441,1.194824,0.02558,0.02638,0.016521,chewing,1.000000,91.603,right_chewing,0.713720,left_chewing
3852062.0,-0.512695,-1.625488,1.182129,0.013856,0.059155,0.001332,chewing,1.000000,91.603,right_chewing,0.713720,left_chewing
3852072.0,-0.507324,-1.63623,1.189453,-0.011191,0.071145,0.004796,chewing,1.000000,91.603,right_chewing,0.713720,left_chewing
3852082.0,-0.498047,-1.643066,1.178223,-0.041568,0.077541,-0.010658,chewing,1.000000,91.603,right_chewing,0.713720,left_chewing
3852092.0,-0.49707,-1.643066,1.189941,-0.060487,0.06475,-0.028511,chewing,1.000000,91.603,right_chewing,0.713720,left_chewing
3852102.0,-0.492187,-1.633789,1.183594,-0.061819,0.058089,-0.025847,chewing,1.000000,91.603,right_chewing,0.713720,left_chewing
3852112.0,-0.484375,-1.634766,1.192871,-0.062352,0.069014,-0.032508,chewing,1.000000,91.603,right_chewing,0.713720,left_chewing
3852122.0,-0.494141,-1.625977,1.187988,-0.061819,0.094328,-0.032508,chewing,1.000000,91.603,right_chewing,0.713720,left_chewing
3852132.0,-0.492187,-1.629395,1.191895,-0.051161,0.103121,-0.031709,chewing,1.000000,91.603,right_chewing,0.713720,left_chewing
3852142.0,-0.5,-1.602539,1.20459,-0.049562,0.135096,-0.016787,chewing,1.000000,91.603,right_chewing,0.713720,left_chewing
3852152.0,-0.500977,-1.609863,1.20166,-0.073011,0.125504,0.020784,chewing,1.000000,91.603,right_chewing,0.713720,left_chewing
3852162.0,-0.518066,-1.62793,1.214355,-0.01732,0.159877,0.071145,chewing,1.000000,91.603,right_chewing,0.713720,left_chewing
3852172.0,-0.476562,-1.61377,1.188965,-0.075942,0.060221,0.098591,chewing,1.000000,91.603,right_chewing,0.713720,left_chewing
3852182.0,-0.479004,-1.597656,1.154297,-0.155614,0.099391,0.075142,chewing,1.000000,91.603,right_chewing,0.713720,left_chewing
3852192.0,-0.495117,-1.68457,1.15918,-0.145222,0.117243,0.084202,chewing,1.000000,91.603,right_chewing,0.713720,left_chewing
3852202.0,-0.495605,-1.693848,1.178711,-0.148686,0.054092,0.120175,chewing,1.000000,91.603,right_chewing,0.713720,left_chewing
3852212.0,-0.492187,-1.624023,1.19043,-0.200913,0.030377,0.162542,chewing,1.000000,91.603,right_chewing,0.713720,left_chewing
3852222.0,-0.48584,-1.618652,1.19043,-0.280585,0.070346,0.179596,chewing,1.000000,91.603,right_chewing,0.713720,left_chewing
3852232.0,-0.484375,-1.613281,1.186523,-0.332279,0.127902,0.127369,chewing,1.000000,91.603,right_chewing,0.713720,left_chewing
3852242.0,-0.495605,-1.619629,1.180176,-0.332545,0.131366,0.093528,chewing,1.000000,91.603,right_chewing,0.713720,left_chewing
3852252.0,-0.502441,-1.623047,1.176758,-0.366919,0.149485,0.165207,chewing,1.000000,91.603,right_chewing,0.713720,left_chewing
3852262.0,-0.503906,-1.646973,1.173828,-0.35706,0.12577,0.190521,chewing,1.000000,91.603,right_chewing,0.713720,left_chewing
3852272.0,-0.521484,-1.668945,1.150391,-0.347734,0.069547,0.242747,chewing,1.000000,91.603,right_chewing,0.713720,left_chewing
3852282.0,-0.521484,-1.647461,1.161621,-0.326949,0.039436,0.268328,chewing,1.000000,91.603,right_chewing,0.713720,left_chewing
3852292.0,-0.528809,-1.657227,1.152832,-0.231023,0.026913,0.215035,chewing,1.000000,91.603,right_chewing,0.713720,left_chewing
3852302.0,-0.52832,-1.634766,1.152344,-0.179063,0.036239,0.163341,chewing,1.000000,91.603,right_chewing,0.713720,left_chewing
3852312.0,-0.519043,-1.638672,1.171875,-0.085801,0.055158,0.055957,chewing,1.000000,91.603,right_chewing,0.713720,left_chewing
3852322.0,-0.515625,-1.626465,1.165527,-0.044233,0.100989,-0.010925,chewing,1.000000,91.603,right_chewing,0.713720,left_chewing
3852332.0,-0.533203,-1.637695,1.172852,0.03011,0.115645,-0.088732,chewing,1.000000,91.603,right_chewing,0.713720,left_chewing
3852342.0,-0.522461,-1.62207,1.180176,0.047697,0.129501,-0.100989,chewing,1.000000,91.603,right_chewing,0.713720,left_chewing
3852352.0,-0.521973,-1.629883,1.165527,0.059421,0.113779,-0.066083,chewing,1.000000,91.603,right_chewing,0.713720,left_chewing
3852362.0,-0.519043,-1.639648,1.158691,0.080472,0.085801,-0.061819,chewing,1.000000,91.603,right_chewing,0.713720,left_chewing
3852372.0,-0.517578,-1.633789,1.15625,0.099923,0.043966,-0.040236,chewing,1.000000,91.603,right_chewing,0.713720,left_chewing
3852382.0,-0.514648,-1.63916,1.148926,0.101522,0.02558,-0.020518,chewing,1.000000,91.603,right_chewing,0.713720,left_chewing
3852392.0,-0.504883,-1.64209,1.159668,0.093795,0.009326,-0.027179,chewing,1.000000,91.603,right_chewing,0.713720,left_chewing
3852402.0,-0.516113,-1.644043,1.140137,0.084469,0.00373,-0.011991,chewing,1.000000,91.603,right_chewing,0.713720,left_chewing
3852412.0,-0.51709,-1.648438,1.142578,0.0874,0.021051,-0.025847,chewing,1.000000,91.603,right_chewing,0.713720,left_chewing
3852422.0,-0.521973,-1.655762,1.154297,0.062619,0.008793,-0.013856,chewing,1.000000,91.603,right_chewing,0.713720,left_chewing
3852432.0,-0.532715,-1.637695,1.165527,0.047697,0.029044,-0.024781,chewing,1.000000,91.603,right_chewing,0.713720,left_chewing
3852442.0,-0.523437,-1.620117,1.170898,0.046098,0.051694,-0.0437,chewing,1.000000,91.603,right_chewing,0.713720,left_chewing
3852452.0,-0.517578,-1.621094,1.184082,0.028511,0.066616,-0.049296,chewing,1.000000,91.603,right_chewing,0.713720,left_chewing
3852462.0,-0.51416,-1.613281,1.180664,0.018652,0.080205,-0.050894,chewing,1.000000,91.603,right_chewing,0.713720,left_chewing
3852472.0,-0.512207,-1.618652,1.166504,-0.001865,0.098591,-0.037305,chewing,1.000000,91.603,right_chewing,0.713720,left_chewing
3852482.0,-0.492187,-1.625977,1.159668,0.003198,0.069547,-0.000266,chewing,1.000000,91.603,right_chewing,0.713720,left_chewing
3852492.0,-0.48584,-1.647461,1.178711,0.014922,0.061553,-0.006662,chewing,1.000000,91.603,right_chewing,0.713720,left_chewing
3852502.0,-0.498047,-1.642578,1.157227,0.028778,0.041035,-0.000533,chewing,1.000000,91.603,right_chewing,0.713720,left_chewing
3852512.0,-0.509766,-1.634277,1.178223,0.038371,0.014922,-0.018919,chewing,1.000000,91.603,right_chewing,0.713720,left_chewing
3852522.0,-0.51123,-1.640137,1.160156,0.033308,0.030643,0.014922,chewing,1.000000,91.603,right_chewing,0.713720,left_chewing
3852532.0,-0.526367,-1.654785,1.188965,0.026646,0.029044,0.018652,chewing,1.000000,91.603,right_chewing,0.713720,left_chewing
3852542.0,-0.530273,-1.65625,1.176758,0.015721,0.008527,0.030377,chewing,1.000000,91.603,right_chewing,0.713720,left_chewing
3852552.0,-0.530762,-1.628418,1.169922,-0.037038,-0.004263,0.012257,chewing,1.000000,91.603,right_chewing,0.713720,left_chewing
3852562.0,-0.529297,-1.625488,1.175293,-0.093528,-0.015455,0.004796,chewing,1.000000,91.603,right_chewing,0.713720,left_chewing
3852572.0,-0.518555,-1.64502,1.181641,-0.150018,-0.026646,-0.007727,chewing,1.000000,91.603,right_chewing,0.713720,left_chewing
3852582.0,-0.512695,-1.645508,1.168457,-0.162542,-0.033574,-0.020784,chewing,1.000000,91.603,right_chewing,0.713720,left_chewing
3852592.0,-0.493164,-1.655273,1.154785,-0.166806,-0.059954,-0.025047,chewing,1.000000,91.603,right_chewing,0.713720,left_chewing
3852602.0,-0.494629,-1.657227,1.173828,-0.174799,-0.105519,-0.035706,chewing,1.000000,91.603,right_chewing,0.713720,left_chewing
3852612.0,-0.481445,-1.644043,1.168945,-0.114579,-0.119908,-0.095127,chewing,1.000000,91.603,right_chewing,0.713720,left_chewing
3852622.0,-0.479492,-1.634766,1.185059,0.0429,-0.083403,-0.188655,chewing,1.000000,91.603,right_chewing,0.713720,left_chewing
3852632.0,-0.495605,-1.604492,1.179199,0.216101,-0.050095,-0.281118,chewing,1.000000,91.603,right_chewing,0.713720,left_chewing
3852642.0,-0.508789,-1.609863,1.166992,0.26593,-0.04743,-0.247277,chewing,1.000000,91.603,right_chewing,0.713720,left_chewing
3852652.0,-0.474121,-1.602539,1.151367,0.30057,-0.021583,-0.248077,chewing,1.000000,91.603,right_chewing,0.713720,left_chewing
3852662.0,-0.496582,-1.611328,1.152832,0.248343,-0.015988,-0.1303,chewing,1.000000,91.603,right_chewing,0.713720,left_chewing
3852672.0,-0.513184,-1.605469,1.157227,0.23955,-0.002665,-0.071145,chewing,1.000000,91.603,right_chewing,0.713720,left_chewing
3852682.0,-0.500977,-1.61377,1.164063,0.171069,0.044766,-0.041035,chewing,1.000000,91.603,right_chewing,0.713720,left_chewing
3852692.0,-0.5,-1.65918,1.167969,0.131632,0.062352,-0.060753,chewing,1.000000,91.603,right_chewing,0.713720,left_chewing
3852702.0,-0.50293,-1.649902,1.155273,0.083136,0.079939,-0.062619,chewing,1.000000,91.603,right_chewing,0.713720,left_chewing
3852712.0,-0.513672,-1.661621,1.181152,0.017853,0.068214,-0.059155,chewing,1.000000,91.603,right_chewing,0.713720,left_chewing
3852722.0,-0.519531,-1.654785,1.1875,-0.03011,0.054625,-0.087933,chewing,1.000000,90.909,right_chewing,0.705470,left_chewing
3852732.0,-0.501465,-1.619629,1.189941,-0.050628,0.059688,-0.09113,chewing,1.000000,90.909,right_chewing,0.705470,left_chewing
3852742.0,-0.513184,-1.608887,1.200195,-0.053026,0.073277,-0.078873,chewing,1.000000,90.909,right_chewing,0.705470,left_chewing
3852752.0,-0.521484,-1.631348,1.194824,-0.062619,0.07008,-0.058888,chewing,1.000000,90.909,right_chewing,0.705470,left_chewing
3852762.0,-0.509766,-1.62207,1.209961,-0.054358,0.054625,-0.047697,chewing,1.000000,90.909,right_chewing,0.705470,left_chewing
3852772.0,-0.513672,-1.632324,1.206055,-0.037305,0.0437,-0.039703,chewing,1.000000,90.909,right_chewing,0.705470,left_chewing
3852782.0,-0.508301,-1.633789,1.195801,-0.026113,0.055158,-0.017853,chewing,1.000000,90.909,right_chewing,0.705470,left_chewing
3852792.0,-0.501465,-1.625977,1.192383,0.010126,0.045032,-0.010126,chewing,1.000000,90.909,right_chewing,0.705470,left_chewing
3852802.0,-0.506348,-1.633301,1.188965,0.020251,0.029844,0.002665,chewing,1.000000,90.909,right_chewing,0.705470,left_chewing
3852812.0,-0.512695,-1.649902,1.191406,0.014655,0.027712,0.001066,chewing,1.000000,90.909,right_chewing,0.705470,left_chewing
3852822.0,-0.510254,-1.65332,1.189453,0.004796,0.025847,-0.006129,chewing,1.000000,90.909,right_chewing,0.705470,left_chewing
3852832.0,-0.5,-1.635254,1.191895,-0.004263,0.038104,-0.028511,chewing,1.000000,90.909,right_chewing,0.705470,left_chewing
3852842.0,-0.500977,-1.617188,1.195313,-0.021317,0.062619,-0.027979,chewing,1.000000,90.909,right_chewing,0.705470,left_chewing
3852852.0,-0.496582,-1.617676,1.188477,-0.072478,0.09193,0.018919,chewing,1.000000,90.909,right_chewing,0.705470,left_chewing
3852862.0,-0.500488,-1.64209,1.203125,-0.100456,0.110582,0.011191,chewing,1.000000,90.909,right_chewing,0.705470,left_chewing
3852872.0,-0.48877,-1.652832,1.247559,-0.062619,0.096726,-0.030377,chewing,1.000000,90.909,right_chewing,0.705470,left_chewing
3852882.0,-0.472656,-1.549805,1.171387,-0.12204,0.098858,-0.021051,chewing,1.000000,90.909,right_chewing,0.705470,left_chewing
3852892.0,-0.474121,-1.585938,1.139648,-0.22223,0.161743,0.007461,chewing,1.000000,90.909,right_chewing,0.705470,left_chewing
3852902.0,-0.465332,-1.664551,1.150879,-0.226493,0.1311,0.047697,chewing,1.000000,90.909,right_chewing,0.705470,left_chewing
3852912.0,-0.461426,-1.671875,1.164063,-0.216368,0.067149,0.129234,chewing,1.000000,90.909,right_chewing,0.705470,left_chewing
3852922.0,-0.481445,-1.626465,1.17334,-0.263798,0.043966,0.198781,chewing,1.000000,90.909,right_chewing,0.705470,left_chewing
3852932.0,-0.506836,-1.633789,1.207031,-0.318423,0.032242,0.200913,chewing,1.000000,90.909,right_chewing,0.705470,left_chewing
3852942.0,-0.503906,-1.615723,1.175293,-0.277654,0.034374,0.150285,chewing,1.000000,90.909,right_chewing,0.705470,left_chewing
3852952.0,-0.520996,-1.628418,1.194336,-0.266196,0.06555,0.12124,chewing,1.000000,90.909,right_chewing,0.705470,left_chewing
3852962.0,-0.518555,-1.613281,1.181152,-0.228092,0.094861,0.14762,chewing,1.000000,90.909,right_chewing,0.705470,left_chewing
3852972.0,-0.508301,-1.591797,1.17627,-0.219565,0.097259,0.200646,chewing,1.000000,90.909,right_chewing,0.705470,left_chewing
3852982.0,-0.497559,-1.600098,1.170898,-0.198248,0.0874,0.248609,chewing,1.000000,90.909,right_chewing,0.705470,left_chewing
3852992.0,-0.500977,-1.589355,1.155273,-0.140959,0.023182,0.366652,chewing,1.000000,90.909,right_chewing,0.705470,left_chewing
3853002.0,-0.470703,-1.625,1.158691,-0.137228,0.058355,0.324285,chewing,1.000000,90.909,right_chewing,0.705470,left_chewing
3853012.0,-0.484375,-1.637695,1.162109,-0.089798,-0.006395,0.273657,chewing,1.000000,90.909,right_chewing,0.705470,left_chewing
3853022.0,-0.547852,-1.689453,1.15625,-0.024781,-0.047963,0.323752,chewing,1.000000,90.909,right_chewing,0.705470,left_chewing
3853032.0,-0.54834,-1.647461,1.169434,0.027446,-0.066882,0.410352,chewing,1.000000,90.909,right_chewing,0.705470,left_chewing
3853042.0,-0.525391,-1.61084,1.17041,0.072211,-0.08287,0.387703,chewing,1.000000,90.909,right_chewing,0.705470,left_chewing
3853052.0,-0.540527,-1.634277,1.180664,0.081804,-0.050361,0.310429,chewing,1.000000,90.909,right_chewing,0.705470,left_chewing
3853062.0,-0.523437,-1.63623,1.17627,0.086067,-0.006395,0.225161,chewing,1.000000,90.909,right_chewing,0.705470,left_chewing
3853072.0,-0.555176,-1.638184,1.178223,0.102588,0.029577,0.073277,chewing,1.000000,90.909,right_chewing,0.705470,left_chewing
3853082.0,-0.573242,-1.627441,1.179199,0.132432,0.086867,-0.012257,chewing,1.000000,90.909,right_chewing,0.705470,left_chewing
3853092.0,-0.560547,-1.639648,1.177246,0.141225,0.145489,-0.071145,chewing,1.000000,90.909,right_chewing,0.705470,left_chewing
3853102.0,-0.55957,-1.657227,1.17627,0.161743,0.161476,-0.114579,chewing,1.000000,90.909,right_chewing,0.705470,left_chewing
3853112.0,-0.560547,-1.626465,1.185059,0.162009,0.191054,-0.132165,chewing,1.000000,90.909,right_chewing,0.705470,left_chewing
3853122.0,-0.550781,-1.633789,1.163574,0.139093,0.185991,-0.151084,chewing,1.000000,90.909,right_chewing,0.705470,left_chewing
3853132.0,-0.540527,-1.622559,1.172363,0.13856,0.160677,-0.153216,chewing,1.000000,90.909,right_chewing,0.705470,left_chewing
3853142.0,-0.525391,-1.635254,1.166992,0.137761,0.145755,-0.12657,chewing,1.000000,90.909,right_chewing,0.705470,left_chewing
3853152.0,-0.53125,-1.636719,1.171875,0.177198,0.147087,-0.189455,chewing,1.000000,90.909,right_chewing,0.705470,left_chewing
3853162.0,-0.526367,-1.623047,1.158691,0.171069,0.119642,-0.089265,chewing,1.000000,90.909,right_chewing,0.705470,left_chewing
3853172.0,-0.521484,-1.640625,1.173828,0.170003,0.123905,-0.06928,chewing,1.000000,90.909,right_chewing,0.705470,left_chewing
3853182.0,-0.536133,-1.626465,1.181641,0.171335,0.105786,-0.104453,chewing,1.000000,90.909,right_chewing,0.705470,left_chewing
3853192.0,-0.530762,-1.614746,1.174316,0.172401,0.107651,-0.147354,chewing,1.000000,90.909,right_chewing,0.705470,left_chewing
3853202.0,-0.538086,-1.616211,1.195801,0.142291,0.102855,-0.190521,chewing,1.000000,90.909,right_chewing,0.705470,left_chewing
3853212.0,-0.521484,-1.616699,1.183105,0.068214,0.077541,-0.194251,chewing,1.000000,90.909,right_chewing,0.705470,left_chewing
3853222.0,-0.513672,-1.620117,1.186035,-0.049828,0.046631,-0.116711,chewing,1.000000,90.909,right_chewing,0.705470,left_chewing
3853232.0,-0.494629,-1.628906,1.187988,-0.166273,-0.044766,-0.043966,chewing,1.000000,90.909,right_chewing,0.705470,left_chewing
3853242.0,-0.475098,-1.646484,1.195313,-0.235553,-0.120175,-0.057822,chewing,1.000000,90.909,right_chewing,0.705470,left_chewing
3853252.0,-0.475098,-1.637695,1.191406,-0.243813,-0.189188,-0.060487,chewing,1.000000,90.909,right_chewing,0.705470,left_chewing
3853262.0,-0.445312,-1.61084,1.208984,-0.245145,-0.256337,-0.131366,chewing,1.000000,90.909,right_chewing,0.705470,left_chewing
3853272.0,-0.44873,-1.587891,1.21582,-0.26513,-0.264597,-0.217966,chewing,1.000000,90.909,right_chewing,0.705470,left_chewing
3853282.0,-0.427246,-1.611328,1.262207,-0.016521,-0.267262,-0.467109,chewing,1.000000,90.909,right_chewing,0.705470,left_chewing
3853292.0,-0.453613,-1.520508,1.224609,0.427406,-0.245945,-0.765547,chewing,1.000000,90.909,right_chewing,0.705470,left_chewing
3853302.0,-0.541992,-1.482422,1.1875,0.49189,-0.301902,-0.589415,chewing,1.000000,90.909,right_chewing,0.705470,left_chewing
3853312.0,-0.494141,-1.583984,1.172363,0.414616,-0.182527,-0.275789,chewing,1.000000,90.909,right_chewing,0.705470,left_chewing
3853322.0,-0.519043,-1.65625,1.181152,0.503348,-0.242747,-0.080205,chewing,1.000000,90.909,right_chewing,0.705470,left_chewing
3853332.0,-0.532715,-1.645508,1.221191,0.573694,-0.518802,0.273124,chewing,1.000000,90.909,right_chewing,0.705470,left_chewing
3853342.0,-0.523926,-1.692383,1.169434,0.375179,-0.229957,-0.053559,chewing,1.000000,90.909,right_chewing,0.705470,left_chewing
3853352.0,-0.51416,-1.695801,1.180664,0.27872,-0.210239,-0.080205,chewing,1.000000,90.909,right_chewing,0.705470,left_chewing
3853362.0,-0.524902,-1.700684,1.183594,0.205176,-0.189988,-0.163874,chewing,1.000000,90.909,right_chewing,0.705470,left_chewing
3853372.0,-0.534668,-1.692383,1.183105,0.17027,-0.158545,-0.242214,chewing,1.000000,90.909,right_chewing,0.705470,left_chewing
3853382.0,-0.526367,-1.667969,1.201172,0.109783,-0.110848,-0.280319,chewing,1.000000,90.909,right_chewing,0.705470,left_chewing
3853392.0,-0.522949,-1.645508,1.220703,0.070613,-0.046631,-0.302701,chewing,1.000000,90.909,right_chewing,0.705470,left_chewing
3853402.0,-0.532715,-1.638184,1.218262,0.021583,0.005862,-0.292043,chewing,1.000000,90.909,right_chewing,0.705470,left_chewing
3853412.0,-0.491211,-1.603516,1.224609,0.055424,0.033841,-0.271792,chewing,1.000000,90.909,right_chewing,0.705470,left_chewing
3853422.0,-0.470703,-1.59375,1.230957,0.028778,0.023715,-0.280851,chewing,1.000000,90.909,right_chewing,0.705470,left_chewing
3853432.0,-0.478027,-1.635254,1.228516,0.025847,0.012524,-0.252073,chewing,1.000000,90.909,right_chewing,0.705470,left_chewing
3853442.0,-0.466309,-1.628906,1.216309,0.050628,-0.007727,-0.187323,chewing,1.000000,90.909,right_chewing,0.705470,left_chewing
3853452.0,-0.463867,-1.632324,1.225586,0.052227,-0.025847,-0.158279,chewing,1.000000,90.909,right_chewing,0.705470,left_chewing
3853462.0,-0.464844,-1.620605,1.227539,0.081271,-0.031443,-0.123106,chewing,1.000000,90.909,right_chewing,0.705470,left_chewing
3853472.0,-0.473633,-1.605469,1.23291,0.065283,-0.024515,-0.097792,chewing,1.000000,90.909,right_chewing,0.705470,left_chewing
3853482.0,-0.469727,-1.618164,1.224609,0.049296,0.005063,-0.115378,chewing,1.000000,90.909,right_chewing,0.705470,left_chewing
3853492.0,-0.467285,-1.612793,1.255371,0.028778,0.052493,-0.131632,chewing,1.000000,90.909,right_chewing,0.705470,left_chewing
3853502.0,-0.465332,-1.598145,1.231934,0.011458,0.076475,-0.149485,chewing,1.000000,90.909,right_chewing,0.705470,left_chewing
3853512.0,-0.44873,-1.605469,1.229004,-0.00826,0.100723,-0.136962,chewing,1.000000,90.909,right_chewing,0.705470,left_chewing
3853522.0,-0.447754,-1.59082,1.237793,-0.016254,0.102588,-0.123639,chewing,1.000000,90.909,right_chewing,0.705470,left_chewing
3853532.0,-0.440918,-1.609375,1.248047,-0.010925,0.082337,-0.131632,chewing,1.000000,90.909,right_chewing,0.705470,left_chewing
3853542.0,-0.439941,-1.59668,1.227051,-0.019185,0.086867,-0.108983,chewing,1.000000,90.909,right_chewing,0.705470,left_chewing
3853552.0,-0.436523,-1.603516,1.237793,-0.027179,0.059688,-0.096992,chewing,1.000000,90.909,right_chewing,0.705470,left_chewing
3853562.0,-0.449219,-1.587402,1.26709,-0.058355,0.048496,-0.088732,chewing,1.000000,90.909,right_chewing,0.705470,left_chewing
3853572.0,-0.437012,-1.578613,1.287109,-0.016254,0.019718,-0.126836,chewing,1.000000,90.909,right_chewing,0.705470,left_chewing
3853582.0,-0.428223,-1.48877,1.1875,-0.157746,0.099124,-0.059954,chewing,1.000000,90.909,right_chewing,0.705470,left_chewing
3853592.0,-0.411133,-1.602051,1.176758,-0.187323,0.157746,0.003198,chewing,1.000000,90.909,right_chewing,0.705470,left_chewing
3853602.0,-0.410156,-1.663574,1.1875,-0.193718,0.129501,0.064484,chewing,1.000000,90.909,right_chewing,0.705470,left_chewing
3853612.0,-0.435059,-1.676758,1.186035,-0.289112,0.097525,0.162542,chewing,1.000000,90.909,right_chewing,0.705470,left_chewing
3853622.0,-0.451172,-1.657715,1.216309,-0.324818,0.041835,0.18759,chewing,1.000000,90.909,right_chewing,0.705470,left_chewing
3853632.0,-0.45752,-1.614746,1.22168,-0.340539,0.071678,0.154548,chewing,1.000000,90.909,right_chewing,0.705470,left_chewing
3853642.0,-0.47168,-1.63623,1.229004,-0.362655,0.096459,0.124704,chewing,1.000000,90.909,right_chewing,0.705470,left_chewing
3853652.0,-0.482422,-1.616699,1.23291,-0.364787,0.130567,0.116711,chewing,1.000000,90.909,right_chewing,0.705470,left_chewing
3853662.0,-0.485352,-1.616211,1.218262,-0.366386,0.179329,0.190521,chewing,1.000000,90.909,right_chewing,0.705470,left_chewing
3853672.0,-0.477539,-1.61377,1.223633,-0.346668,0.184126,0.217433,chewing,1.000000,90.909,right_chewing,0.705470,left_chewing
3853682.0,-0.486328,-1.642578,1.213867,-0.316025,0.191054,0.235819,chewing,1.000000,90.909,right_chewing,0.705470,left_chewing
3853692.0,-0.484863,-1.657227,1.205078,-0.250208,0.1303,0.197449,chewing,1.000000,90.909,right_chewing,0.705470,left_chewing
3853702.0,-0.464844,-1.646973,1.197266,-0.130567,0.06555,0.122306,chewing,1.000000,90.909,right_chewing,0.705470,left_chewing
3853712.0,-0.460449,-1.628906,1.193359,-0.029044,0.064484,0.022383,chewing,1.000000,90.909,right_chewing,0.705470,left_chewing
3853722.0,-0.455078,-1.623535,1.211426,0.057556,0.071945,-0.022383,chewing,1.000000,90.909,right_chewing,0.705470,left_chewing
3853732.0,-0.455566,-1.614746,1.213867,0.138294,0.078606,-0.07008,chewing,1.000000,90.909,right_chewing,0.705470,left_chewing
3853742.0,-0.458984,-1.59668,1.213379,0.156413,0.104986,-0.08287,chewing,1.000000,90.909,right_chewing,0.705470,left_chewing
3853752.0,-0.459473,-1.599121,1.202637,0.15215,0.114046,-0.071678,chewing,1.000000,90.909,right_chewing,0.705470,left_chewing
3853762.0,-0.455566,-1.635742,1.206055,0.152683,0.09113,-0.059954,chewing,1.000000,90.909,right_chewing,0.705470,left_chewing
3853772.0,-0.456543,-1.628418,1.197754,0.173467,0.0866,-0.039969,chewing,1.000000,65.217,unknown,0.631439,left_chewing
3853782.0,-0.456055,-1.628418,1.189453,0.162542,0.091397,-0.033308,chewing,1.000000,65.217,unknown,0.631439,left_chewing
3853792.0,-0.455078,-1.644043,1.186035,0.166273,0.065816,-0.03011,chewing,1.000000,65.217,unknown,0.631439,left_chewing
3853802.0,-0.464844,-1.623047,1.192383,0.182793,0.057822,-0.063152,chewing,1.000000,65.217,unknown,0.631439,left_chewing
3853812.0,-0.474609,-1.602539,1.202637,0.170003,0.070346,-0.067149,chewing,1.000000,65.217,unknown,0.631439,left_chewing
3853822.0,-0.479004,-1.608398,1.230469,0.149219,0.114312,-0.092196,chewing,1.000000,65.217,unknown,0.631439,left_chewing
3853832.0,-0.480957,-1.599609,1.212402,0.13936,0.165207,-0.116711,chewing,1.000000,65.217,unknown,0.631439,left_chewing
3853842.0,-0.478027,-1.62793,1.217773,0.117776,0.17853,-0.081804,chewing,1.000000,65.217,unknown,0.631439,left_chewing
3853852.0,-0.469238,-1.634766,1.209473,0.110582,0.142025,-0.0874,chewing,1.000000,65.217,unknown,0.631439,left_chewing
3853862.0,-0.469238,-1.621094,1.219727,0.059688,0.097792,-0.078074,chewing,1.000000,65.217,unknown,0.631439,left_chewing
3853872.0,-0.461914,-1.626465,1.217285,-0.007194,0.072478,-0.049029,chewing,1.000000,65.217,unknown,0.631439,left_chewing
3853882.0,-0.455566,-1.643555,1.21582,-0.059688,0.057556,-0.016521,chewing,1.000000,65.217,unknown,0.631439,left_chewing
3853892.0,-0.460937,-1.641113,1.216797,-0.09566,0.015455,0.014389,chewing,1.000000,65.217,unknown,0.631439,left_chewing
3853902.0,-0.456543,-1.634766,1.221191,-0.119908,-0.018119,0.025847,chewing,1.000000,65.217,unknown,0.631439,left_chewing
3853912.0,-0.452637,-1.622559,1.220215,-0.144689,-0.031176,0.041568,chewing,1.000000,65.217,unknown,0.631439,left_chewing
3853922.0,-0.473145,-1.640625,1.21875,-0.161476,-0.068747,0.033841,chewing,1.000000,65.217,unknown,0.631439,left_chewing
3853932.0,-0.476074,-1.642578,1.240234,-0.147354,-0.080738,-0.003198,chewing,1.000000,65.217,unknown,0.631439,left_chewing
3853942.0,-0.468262,-1.612305,1.208496,-0.099391,-0.070346,0.0,chewing,1.000000,65.217,unknown,0.631439,left_chewing
3853952.0,-0.458984,-1.637695,1.207031,-0.136695,-0.049296,0.010658,chewing,1.000000,65.217,unknown,0.631439,left_chewing
3853962.0,-0.45459,-1.635254,1.225586,-0.147354,-0.067149,-0.019452,chewing,1.000000,65.217,unknown,0.631439,left_chewing
3853972.0,-0.453613,-1.620605,1.21875,-0.120175,-0.081005,-0.043966,chewing,1.000000,65.217,unknown,0.631439,left_chewing
3853982.0,-0.444824,-1.623535,1.233398,-0.022649,-0.098058,-0.127902,chewing,1.000000,65.217,unknown,0.631439,left_chewing
3853992.0,-0.446289,-1.600586,1.245605,0.12577,-0.063951,-0.224628,chewing,1.000000,65.217,unknown,0.631439,left_chewing
3854002.0,-0.456543,-1.59082,1.238281,0.301369,-0.057289,-0.29604,chewing,1.000000,65.217,unknown,0.631439,left_chewing
3854012.0,-0.459961,-1.578613,1.215332,0.348533,-0.083669,-0.247277,chewing,1.000000,65.217,unknown,0.631439,left_chewing
3854022.0,-0.458984,-1.587402,1.201172,0.315758,-0.071678,-0.155614,chewing,1.000000,65.217,unknown,0.631439,left_chewing
3854032.0,-0.456543,-1.619629,1.193359,0.294708,-0.02638,-0.087933,chewing,1.000000,65.217,unknown,0.631439,left_chewing
3854042.0,-0.454102,-1.634766,1.199707,0.272325,0.006129,-0.069813,chewing,1.000000,65.217,unknown,0.631439,left_chewing
3854052.0,-0.45166,-1.649902,1.208496,0.207308,0.028245,-0.069813,chewing,1.000000,65.217,unknown,0.631439,left_chewing
3854062.0,-0.464355,-1.65332,1.211914,0.13483,0.014123,-0.122306,chewing,1.000000,65.217,unknown,0.631439,left_chewing
3854072.0,-0.459473,-1.643555,1.216797,0.049828,0.009859,-0.127369,chewing,1.000000,65.217,unknown,0.631439,left_chewing
3854082.0,-0.455078,-1.625,1.239258,-0.019718,0.038637,-0.117776,chewing,1.000000,65.217,unknown,0.631439,left_chewing
3854092.0,-0.450684,-1.621094,1.240723,-0.072478,0.067149,-0.10472,chewing,1.000000,65.217,unknown,0.631439,left_chewing
3854102.0,-0.444336,-1.601074,1.244141,-0.075409,0.080738,-0.100723,chewing,1.000000,65.217,unknown,0.631439,left_chewing
3854112.0,-0.452148,-1.584961,1.24707,-0.086067,0.106851,-0.077807,chewing,1.000000,65.217,unknown,0.631439,left_chewing
3854122.0,-0.444824,-1.59082,1.236328,-0.087933,0.104986,-0.046098,chewing,1.000000,65.217,unknown,0.631439,left_chewing
3854132.0,-0.437012,-1.60791,1.241699,-0.069813,0.073544,-0.02638,chewing,1.000000,65.217,unknown,0.631439,left_chewing
3854142.0,-0.432617,-1.616211,1.238281,-0.024515,0.045032,-0.02638,chewing,1.000000,65.217,unknown,0.631439,left_chewing
3854152.0,-0.43457,-1.616699,1.234375,-0.006395,0.045832,-0.019718,chewing,1.000000,65.217,unknown,0.631439,left_chewing
3854162.0,-0.450195,-1.628418,1.233398,0.017587,0.025314,-0.002665,chewing,1.000000,65.217,unknown,0.631439,left_chewing
3854172.0,-0.452637,-1.613281,1.251953,0.019718,0.01359,-0.014922,chewing,1.000000,65.217,unknown,0.631439,left_chewing
3854182.0,-0.467285,-1.614258,1.239258,0.007727,0.027446,-0.008793,chewing,1.000000,65.217,unknown,0.631439,left_chewing
3854192.0,-0.455078,-1.612793,1.243164,0.000266,0.060221,0.015988,chewing,1.000000,65.217,unknown,0.631439,left_chewing
3854202.0,-0.460449,-1.623047,1.22998,-0.018919,0.062086,-0.022383,chewing,1.000000,65.217,unknown,0.631439,left_chewing
3854212.0,-0.459961,-1.626953,1.243652,-0.018919,0.049828,-0.037305,chewing,1.000000,65.217,unknown,0.631439,left_chewing
3854222.0,-0.443359,-1.612793,1.240234,-0.040236,0.037571,-0.0429,chewing,1.000000,65.217,unknown,0.631439,left_chewing
3854232.0,-0.44873,-1.614746,1.235352,-0.040502,0.032775,-0.02558,chewing,1.000000,65.217,unknown,0.631439,left_chewing
3854242.0,-0.431641,-1.619141,1.23877,-0.039703,0.043433,-0.010925,chewing,1.000000,65.217,unknown,0.631439,left_chewing
3854252.0,-0.447266,-1.620117,1.252441,0.015721,0.074876,-0.043966,chewing,1.000000,65.217,unknown,0.631439,left_chewing
3854262.0,-0.471191,-1.55957,1.243164,0.188389,0.135363,-0.044499,chewing,1.000000,65.217,unknown,0.631439,left_chewing
3854272.0,-0.439941,-1.528809,1.170898,-0.002132,0.214236,0.072478,chewing,1.000000,65.217,unknown,0.631439,left_chewing
3854282.0,-0.431641,-1.709961,1.198242,-0.159877,0.16121,0.14389,chewing,1.000000,65.217,unknown,0.631439,left_chewing
3854292.0,-0.416504,-1.689941,1.200684,-0.239017,0.063951,0.156413,chewing,1.000000,65.217,unknown,0.631439,left_chewing
3854302.0,-0.440918,-1.626953,1.22998,-0.348799,0.037038,0.173201,chewing,1.000000,65.217,unknown,0.631439,left_chewing
3854312.0,-0.455566,-1.602051,1.240234,-0.412484,0.053825,0.133231,chewing,1.000000,65.217,unknown,0.631439,left_chewing
3854322.0,-0.443359,-1.592773,1.239746,-0.481764,0.137495,0.179596,chewing,1.000000,65.217,unknown,0.631439,left_chewing
3854332.0,-0.453125,-1.610352,1.22168,-0.519335,0.196116,0.219565,chewing,1.000000,65.217,unknown,0.631439,left_chewing
3854342.0,-0.452637,-1.632813,1.208496,-0.53559,0.224628,0.287247,chewing,1.000000,65.217,unknown,0.631439,left_chewing
3854352.0,-0.46875,-1.62793,1.194824,-0.478833,0.175332,0.296306,chewing,1.000000,65.217,unknown,0.631439,left_chewing
3854362.0,-0.476074,-1.641602,1.20166,-0.396763,0.167072,0.27792,chewing,1.000000,65.217,unknown,0.631439,left_chewing
3854372.0,-0.47998,-1.634277,1.203613,-0.273657,0.112447,0.210239,chewing,1.000000,65.217,unknown,0.631439,left_chewing
3854382.0,-0.48291,-1.62793,1.182617,-0.162809,0.094061,0.144956,chewing,1.000000,65.217,unknown,0.631439,left_chewing
3854392.0,-0.479004,-1.650879,1.204102,-0.05276,0.092995,0.102855,chewing,1.000000,65.217,unknown,0.631439,left_chewing
3854402.0,-0.471191,-1.629395,1.210449,0.034107,0.074343,0.001066,chewing,1.000000,65.217,unknown,0.631439,left_chewing
3854412.0,-0.469727,-1.612793,1.21582,0.076208,0.084735,-0.037305,chewing,1.000000,65.217,unknown,0.631439,left_chewing
3854422.0,-0.480469,-1.61377,1.200684,0.078074,0.102322,-0.057822,chewing,1.000000,65.217,unknown,0.631439,left_chewing
3854432.0,-0.481445,-1.616699,1.210449,0.097525,0.096193,-0.045832,chewing,1.000000,65.217,unknown,0.631439,left_chewing
3854442.0,-0.490234,-1.615723,1.198242,0.106319,0.066349,-0.043966,chewing,1.000000,65.217,unknown,0.631439,left_chewing
3854452.0,-0.487793,-1.641113,1.203613,0.050095,-0.011724,-0.054092,chewing,1.000000,65.217,unknown,0.631439,left_chewing
3854462.0,-0.470215,-1.62793,1.203613,-0.038104,-0.081271,-0.030643,chewing,1.000000,65.217,unknown,0.631439,left_chewing
3854472.0,-0.460449,-1.646973,1.209961,-0.113247,-0.128701,-0.017853,chewing,1.000000,65.217,unknown,0.631439,left_chewing
3854482.0,-0.436523,-1.640625,1.21582,-0.120974,-0.153216,-0.042368,chewing,1.000000,65.217,unknown,0.631439,left_chewing
3854492.0,-0.429687,-1.640137,1.226074,0.007194,-0.157213,-0.18306,chewing,1.000000,65.217,unknown,0.631439,left_chewing
3854502.0,-0.445801,-1.604004,1.226074,0.185458,-0.119109,-0.319755,chewing,1.000000,65.217,unknown,0.631439,left_chewing
3854512.0,-0.44873,-1.578613,1.227539,0.349066,-0.062619,-0.368784,chewing,1.000000,65.217,unknown,0.631439,left_chewing
3854522.0,-0.456055,-1.597168,1.214844,0.402358,-0.084202,-0.319488,chewing,1.000000,65.217,unknown,0.631439,left_chewing
3854532.0,-0.437012,-1.57373,1.195801,0.430337,-0.097792,-0.219832,chewing,1.000000,65.217,unknown,0.631439,left_chewing
3854542.0,-0.442383,-1.601563,1.19873,0.362123,-0.057556,-0.093795,chewing,1.000000,65.217,unknown,0.631439,left_chewing
3854552.0,-0.4375,-1.649414,1.183105,0.335743,0.018119,-0.074609,chewing,1.000000,65.217,unknown,0.631439,left_chewing
3854562.0,-0.436035,-1.647461,1.19043,0.320554,0.018119,-0.140692,chewing,1.000000,65.217,unknown,0.631439,left_chewing
3854572.0,-0.443359,-1.674805,1.199707,0.264331,0.020518,-0.164407,chewing,1.000000,65.217,unknown,0.631439,left_chewing
3854582.0,-0.454102,-1.662109,1.209961,0.187323,0.019452,-0.175332,chewing,1.000000,65.217,unknown,0.631439,left_chewing
3854592.0,-0.458496,-1.637695,1.214355,0.113779,0.011191,-0.182527,chewing,1.000000,65.217,unknown,0.631439,left_chewing
3854602.0,-0.470215,-1.627441,1.225098,0.037838,0.045032,-0.166006,chewing,1.000000,65.217,unknown,0.631439,left_chewing
3854612.0,-0.462891,-1.617676,1.240234,-0.014655,0.069813,-0.138028,chewing,1.000000,65.217,unknown,0.631439,left_chewing
3854622.0,-0.46582,-1.607422,1.244141,-0.054625,0.083669,-0.116178,chewing,1.000000,65.217,unknown,0.631439,left_chewing
3854632.0,-0.456543,-1.617676,1.254883,-0.079939,0.092995,-0.06555,chewing,1.000000,65.217,unknown,0.631439,left_chewing
3854642.0,-0.45166,-1.620605,1.248047,-0.100456,0.097259,-0.043433,chewing,1.000000,65.217,unknown,0.631439,left_chewing
3854652.0,-0.440918,-1.618164,1.253906,-0.092196,0.076208,-0.021583,chewing,1.000000,65.217,unknown,0.631439,left_chewing
3854662.0,-0.435059,-1.617188,1.234375,-0.065283,0.075942,-0.015455,chewing,1.000000,65.217,unknown,0.631439,left_chewing
3854672.0,-0.43457,-1.601563,1.23877,-0.032775,0.074609,-0.035173,chewing,1.000000,65.217,unknown,0.631439,left_chewing
3854682.0,-0.462402,-1.601563,1.23584,-0.022649,0.078606,-0.012524,chewing,1.000000,65.217,unknown,0.631439,left_chewing
3854692.0,-0.436523,-1.586914,1.248535,-0.005596,0.072744,0.003198,chewing,1.000000,65.217,unknown,0.631439,left_chewing
3854702.0,-0.43457,-1.598145,1.231445,-0.016787,0.074609,0.035173,chewing,1.000000,65.217,unknown,0.631439,left_chewing
3854712.0,-0.442383,-1.626465,1.237305,-0.008793,0.088466,0.057822,chewing,1.000000,65.217,unknown,0.631439,left_chewing
3854722.0,-0.4375,-1.609863,1.230957,-0.011458,0.069014,0.035173,chewing,1.000000,65.217,unknown,0.631439,left_chewing
3854732.0,-0.44873,-1.611816,1.234375,-0.013057,0.076741,0.035706,chewing,1.000000,65.217,unknown,0.631439,left_chewing
3854742.0,-0.440918,-1.60498,1.232422,-0.012524,0.057556,0.011458,chewing,1.000000,65.217,unknown,0.631439,left_chewing
3854752.0,-0.454102,-1.60498,1.236816,-0.029844,0.063418,0.005862,chewing,1.000000,65.217,unknown,0.631439,left_chewing
3854762.0,-0.448242,-1.613281,1.231445,-0.029844,0.073277,0.011458,chewing,1.000000,92.308,unknown,0.632470,left_chewing
3854772.0,-0.4375,-1.612305,1.241211,-0.028245,0.076475,0.019452,chewing,1.000000,92.308,unknown,0.632470,left_chewing
3854782.0,-0.458496,-1.620117,1.24707,-0.023182,0.087933,0.019718,chewing,1.000000,92.308,unknown,0.632470,left_chewing
3854792.0,-0.455566,-1.602539,1.232422,-0.004263,0.130567,0.001599,chewing,1.000000,92.308,unknown,0.632470,left_chewing
3854802.0,-0.468262,-1.609375,1.23584,-0.053559,0.14762,0.029311,chewing,1.000000,92.308,unknown,0.632470,left_chewing
3854812.0,-0.458496,-1.645508,1.29834,-0.057289,0.167338,0.008793,chewing,1.000000,92.308,unknown,0.632470,left_chewing
3854822.0,-0.428223,-1.551758,1.23584,-0.118576,0.104986,0.014655,chewing,1.000000,92.308,unknown,0.632470,left_chewing
3854832.0,-0.432617,-1.560547,1.178711,-0.25687,0.173467,0.069547,chewing,1.000000,92.308,unknown,0.632470,left_chewing
3854842.0,-0.433594,-1.67627,1.190918,-0.292842,0.159345,0.102588,chewing,1.000000,92.308,unknown,0.632470,left_chewing
3854852.0,-0.428223,-1.681152,1.178223,-0.306698,0.115911,0.194518,chewing,1.000000,92.308,unknown,0.632470,left_chewing
3854862.0,-0.460449,-1.674805,1.219238,-0.396763,0.097525,0.271259,chewing,1.000000,92.308,unknown,0.632470,left_chewing
3854872.0,-0.464844,-1.622559,1.219727,-0.40902,0.129234,0.277387,chewing,1.000000,92.308,unknown,0.632470,left_chewing
3854882.0,-0.476562,-1.656738,1.217285,-0.434067,0.141492,0.227292,chewing,1.000000,92.308,unknown,0.632470,left_chewing
3854892.0,-0.499023,-1.650879,1.212402,-0.41728,0.142025,0.168671,chewing,1.000000,92.308,unknown,0.632470,left_chewing
3854902.0,-0.496582,-1.65332,1.220215,-0.422609,0.093795,0.235819,chewing,1.000000,92.308,unknown,0.632470,left_chewing
3854912.0,-0.496582,-1.601074,1.222656,-0.325884,0.123372,0.145755,chewing,1.000000,92.308,unknown,0.632470,left_chewing
3854922.0,-0.485352,-1.605957,1.219727,-0.284049,0.167072,0.152417,chewing,1.000000,92.308,unknown,0.632470,left_chewing
3854932.0,-0.485352,-1.636719,1.219238,-0.262998,0.176931,0.14389,chewing,1.000000,92.308,unknown,0.632470,left_chewing
3854942.0,-0.473145,-1.654297,1.200195,-0.142291,0.130034,0.074609,chewing,1.000000,92.308,unknown,0.632470,left_chewing
3854952.0,-0.461914,-1.625,1.188965,-0.085002,0.099391,0.02638,chewing,1.000000,92.308,unknown,0.632470,left_chewing
3854962.0,-0.462402,-1.643555,1.201172,-0.019718,0.061286,0.004796,chewing,1.000000,92.308,unknown,0.632470,left_chewing
3854972.0,-0.458984,-1.626953,1.193359,0.062352,0.054092,-0.051427,chewing,1.000000,92.308,unknown,0.632470,left_chewing
3854982.0,-0.462891,-1.608398,1.201172,0.110049,0.037305,-0.081804,chewing,1.000000,92.308,unknown,0.632470,left_chewing
3854992.0,-0.467285,-1.606934,1.205078,0.149219,0.047164,-0.107651,chewing,1.000000,92.308,unknown,0.632470,left_chewing
3855002.0,-0.460449,-1.599121,1.207031,0.152949,0.086067,-0.072211,chewing,1.000000,92.308,unknown,0.632470,left_chewing
3855012.0,-0.462402,-1.599609,1.218262,0.132165,0.100989,-0.051694,chewing,1.000000,92.308,unknown,0.632470,left_chewing
3855022.0,-0.465332,-1.591797,1.208008,0.133498,0.12124,-0.052227,chewing,1.000000,92.308,unknown,0.632470,left_chewing
3855032.0,-0.460937,-1.600586,1.19873,0.145222,0.135896,-0.060487,chewing,1.000000,92.308,unknown,0.632470,left_chewing
3855042.0,-0.472168,-1.624512,1.197754,0.171335,0.139626,-0.042634,chewing,1.000000,92.308,unknown,0.632470,left_chewing
3855052.0,-0.466309,-1.616699,1.19873,0.194784,0.133498,-0.077807,chewing,1.000000,92.308,unknown,0.632470,left_chewing
3855062.0,-0.48291,-1.60791,1.229004,0.251541,0.201179,-0.220364,chewing,1.000000,92.308,unknown,0.632470,left_chewing
3855072.0,-0.483398,-1.614746,1.207031,0.259534,0.201979,-0.256337,chewing,1.000000,92.308,unknown,0.632470,left_chewing
3855082.0,-0.391602,-1.679199,1.148926,0.172135,0.369051,-0.487093,chewing,1.000000,92.308,unknown,0.632470,left_chewing
3855092.0,-0.470703,-1.617676,1.202148,0.259268,0.304034,-0.328548,chewing,1.000000,92.308,unknown,0.632470,left_chewing
3855102.0,-0.490234,-1.625488,1.216797,0.240616,0.248876,-0.273657,chewing,1.000000,92.308,unknown,0.632470,left_chewing
3855112.0,-0.470703,-1.656738,1.211914,0.23049,0.186257,-0.223562,chewing,1.000000,92.308,unknown,0.632470,left_chewing
3855122.0,-0.465332,-1.643555,1.218262,0.213436,0.129234,-0.200646,chewing,1.000000,92.308,unknown,0.632470,left_chewing
3855132.0,-0.474121,-1.652344,1.21582,0.212371,0.083403,-0.189988,chewing,1.000000,92.308,unknown,0.632470,left_chewing
3855142.0,-0.470703,-1.650879,1.224121,0.204643,0.016787,-0.149752,chewing,1.000000,92.308,unknown,0.632470,left_chewing
3855152.0,-0.467773,-1.623535,1.217285,0.18759,0.002132,-0.127369,chewing,1.000000,92.308,unknown,0.632470,left_chewing
3855162.0,-0.466797,-1.614746,1.22998,0.192119,-0.009593,-0.096726,chewing,1.000000,92.308,unknown,0.632470,left_chewing
3855172.0,-0.475098,-1.618652,1.219727,0.16574,-0.01359,-0.085268,chewing,1.000000,92.308,unknown,0.632470,left_chewing
3855182.0,-0.479492,-1.611328,1.242188,0.118043,-0.018119,-0.049562,chewing,1.000000,92.308,unknown,0.632470,left_chewing
3855192.0,-0.468262,-1.605957,1.248047,0.060487,-0.029044,-0.021317,chewing,1.000000,92.308,unknown,0.632470,left_chewing
3855202.0,-0.459961,-1.613281,1.239746,-0.002931,-0.042634,-0.008793,chewing,1.000000,92.308,unknown,0.632470,left_chewing
3855212.0,-0.454102,-1.625977,1.227051,-0.075142,-0.028511,0.009593,chewing,1.000000,92.308,unknown,0.632470,left_chewing
3855222.0,-0.447266,-1.645508,1.244629,-0.134564,-0.067948,0.03464,chewing,1.000000,92.308,unknown,0.632470,left_chewing
3855232.0,-0.446777,-1.633301,1.225098,-0.206508,-0.085801,0.066083,chewing,1.000000,92.308,unknown,0.632470,left_chewing
3855242.0,-0.436523,-1.624023,1.202148,-0.28245,-0.097259,0.109516,chewing,1.000000,92.308,unknown,0.632470,left_chewing
3855252.0,-0.448242,-1.641602,1.197266,-0.385038,-0.096726,0.185458,chewing,1.000000,92.308,unknown,0.632470,left_chewing
3855262.0,-0.439453,-1.674805,1.217773,-0.471905,-0.136162,0.203044,chewing,1.000000,92.308,unknown,0.632470,left_chewing
3855272.0,-0.422363,-1.695313,1.225586,-0.424475,-0.257669,0.122839,chewing,1.000000,92.308,unknown,0.632470,left_chewing
3855282.0,-0.424316,-1.632813,1.202148,-0.375446,-0.297905,-0.002132,chewing,1.000000,92.308,unknown,0.632470,left_chewing
3855292.0,-0.433594,-1.62793,1.206055,-0.416214,-0.325617,-0.033574,chewing,1.000000,92.308,unknown,0.632470,left_chewing
3855302.0,-0.441895,-1.6875,1.265625,-0.252606,-0.340006,-0.140159,chewing,1.000000,92.308,unknown,0.632470,left_chewing
3855312.0,-0.441895,-1.585449,1.265625,0.236619,-0.222763,-0.501749,chewing,1.000000,92.308,unknown,0.632470,left_chewing
3855322.0,-0.462402,-1.517578,1.242676,0.474303,-0.161476,-0.51747,chewing,1.000000,92.308,unknown,0.632470,left_chewing
3855332.0,-0.437988,-1.568359,1.188477,0.401559,-0.075409,-0.220631,chewing,1.000000,92.308,unknown,0.632470,left_chewing
3855342.0,-0.42041,-1.623535,1.195313,0.384772,-0.061286,-0.099657,chewing,1.000000,92.308,unknown,0.632470,left_chewing
3855352.0,-0.413574,-1.616211,1.209961,0.381841,-0.073011,-0.147887,chewing,1.000000,92.308,unknown,0.632470,left_chewing
3855362.0,-0.423828,-1.666992,1.210449,0.375979,0.00826,-0.293109,chewing,1.000000,92.308,unknown,0.632470,left_chewing
3855372.0,-0.422852,-1.665527,1.214355,0.297639,-0.010925,-0.301902,chewing,1.000000,92.308,unknown,0.632470,left_chewing
3855382.0,-0.427734,-1.635254,1.220215,0.182527,-0.028245,-0.254738,chewing,1.000000,92.308,unknown,0.632470,left_chewing
3855392.0,-0.425781,-1.603516,1.223145,0.073277,-0.015188,-0.223296,chewing,1.000000,92.308,unknown,0.632470,left_chewing
3855402.0,-0.425293,-1.61084,1.236816,0.002132,-0.000799,-0.211038,chewing,1.000000,92.308,unknown,0.632470,left_chewing
3855412.0,-0.412598,-1.596191,1.246582,-0.02185,0.000799,-0.200113,chewing,1.000000,92.308,unknown,0.632470,left_chewing
3855422.0,-0.413574,-1.588867,1.246094,-0.043167,0.016254,-0.160144,chewing,1.000000,92.308,unknown,0.632470,left_chewing
3855432.0,-0.40332,-1.595703,1.237793,-0.075675,0.049828,-0.102055,chewing,1.000000,92.308,unknown,0.632470,left_chewing
3855442.0,-0.401855,-1.603027,1.257324,-0.100723,0.061286,-0.068747,chewing,1.000000,92.308,unknown,0.632470,left_chewing
3855452.0,-0.398926,-1.604492,1.235352,-0.09566,0.042101,-0.052493,chewing,1.000000,92.308,unknown,0.632470,left_chewing
3855462.0,-0.399414,-1.597168,1.245605,-0.080738,0.045299,-0.031176,chewing,1.000000,92.308,unknown,0.632470,left_chewing
3855472.0,-0.398926,-1.600586,1.238281,-0.05196,0.06102,0.005063,chewing,1.000000,92.308,unknown,0.632470,left_chewing
3855482.0,-0.396973,-1.611328,1.255859,-0.030377,0.070346,0.037305,chewing,1.000000,92.308,unknown,0.632470,left_chewing
3855492.0,-0.411621,-1.616211,1.234863,-0.005596,0.059954,0.042101,chewing,1.000000,92.308,unknown,0.632470,left_chewing
3855502.0,-0.414551,-1.592285,1.24707,0.003464,0.048496,0.077008,chewing,1.000000,92.308,unknown,0.632470,left_chewing
3855512.0,-0.413086,-1.600586,1.24707,0.002132,0.04823,0.079406,chewing,1.000000,92.308,unknown,0.632470,left_chewing
3855522.0,-0.410645,-1.617188,1.25,-0.011724,0.06555,0.06475,chewing,1.000000,92.308,unknown,0.632470,left_chewing
3855532.0,-0.432617,-1.612793,1.248535,-0.033041,0.057556,0.063685,chewing,1.000000,92.308,unknown,0.632470,left_chewing
3855542.0,-0.430176,-1.622559,1.255371,-0.038104,0.084469,0.061286,chewing,1.000000,92.308,unknown,0.632470,left_chewing
3855552.0,-0.42627,-1.624023,1.246582,-0.066083,0.080472,0.079939,chewing,1.000000,92.308,unknown,0.632470,left_chewing
3855562.0,-0.42627,-1.631348,1.255859,-0.08207,0.094328,0.083403,chewing,1.000000,92.308,unknown,0.632470,left_chewing
3855572.0,-0.416016,-1.612305,1.243164,-0.07381,0.110049,0.086334,chewing,1.000000,92.308,unknown,0.632470,left_chewing
3855582.0,-0.421875,-1.606445,1.251953,-0.097792,0.109783,0.090331,chewing,1.000000,92.308,unknown,0.632470,left_chewing
3855592.0,-0.42627,-1.597168,1.269043,-0.0866,0.109516,0.088998,chewing,1.000000,92.308,unknown,0.632470,left_chewing
3855602.0,-0.424805,-1.598633,1.26123,-0.085002,0.101256,0.105786,chewing,1.000000,92.308,unknown,0.632470,left_chewing
3855612.0,-0.413086,-1.59375,1.209961,-0.125504,0.081538,0.140959,chewing,1.000000,92.308,unknown,0.632470,left_chewing
3855622.0,-0.416992,-1.619629,1.208008,-0.126836,0.068214,0.139893,chewing,1.000000,92.308,unknown,0.632470,left_chewing
3855632.0,-0.421875,-1.65332,1.203125,-0.105519,0.097259,0.16041,chewing,1.000000,92.308,unknown,0.632470,left_chewing
3855642.0,-0.442383,-1.652344,1.220215,-0.102055,0.0866,0.148953,chewing,1.000000,92.308,unknown,0.632470,left_chewing
3855652.0,-0.455566,-1.631836,1.236328,-0.107384,0.099391,0.127103,chewing,1.000000,92.308,unknown,0.632470,left_chewing
3855662.0,-0.455566,-1.621582,1.227539,-0.134564,0.126303,0.075409,chewing,1.000000,92.308,unknown,0.632470,left_chewing
3855672.0,-0.456543,-1.614746,1.227051,-0.175332,0.173734,0.062885,chewing,1.000000,92.308,unknown,0.632470,left_chewing
3855682.0,-0.447754,-1.623535,1.239746,-0.207308,0.179063,0.07834,chewing,1.000000,92.308,unknown,0.632470,left_chewing
3855692.0,-0.459473,-1.609863,1.223145,-0.240882,0.167072,0.120974,chewing,1.000000,92.308,unknown,0.632470,left_chewing
3855702.0,-0.449219,-1.613281,1.203613,-0.259002,0.158012,0.189188,chewing,1.000000,92.308,unknown,0.632470,left_chewing
3855712.0,-0.441895,-1.658691,1.227051,-0.245412,0.126037,0.196383,chewing,1.000000,92.308,unknown,0.632470,left_chewing
3855722.0,-0.445312,-1.660156,1.218262,-0.231556,0.098058,0.160943,chewing,1.000000,92.308,unknown,0.632470,left_chewing
3855732.0,-0.426758,-1.621582,1.177246,-0.223296,0.094328,0.145489,chewing,1.000000,92.308,unknown,0.632470,left_chewing
3855742.0,-0.458496,-1.626953,1.230957,-0.255538,0.11751,0.137228,chewing,1.000000,92.308,unknown,0.632470,left_chewing
3855752.0,-0.480957,-1.615723,1.233398,-0.312028,0.083669,0.233954,chewing,1.000000,92.308,unknown,0.632470,left_chewing
3855762.0,-0.472168,-1.628418,1.209473,-0.295507,0.133498,0.2169,chewing,1.000000,92.308,unknown,0.632470,left_chewing
3855772.0,-0.479492,-1.627441,1.216797,-0.294175,0.099124,0.228891,chewing,1.000000,92.308,unknown,0.632470,left_chewing
3855782.0,-0.474121,-1.618652,1.214844,-0.285381,0.083669,0.216634,chewing,1.000000,92.308,unknown,0.632470,left_chewing
3855792.0,-0.458496,-1.616699,1.194336,-0.267262,0.111381,0.183326,chewing,1.000000,92.308,unknown,0.632470,left_chewing
3855802.0,-0.459473,-1.64502,1.198242,-0.225427,0.108717,0.138028,chewing,1.000000,92.308,unknown,0.632470,left_chewing
3855812.0,-0.46875,-1.634766,1.20752,-0.188123,0.098591,0.109516,chewing,1.000000,92.308,unknown,0.632470,left_chewing
3855822.0,-0.46875,-1.624023,1.182129,-0.184658,0.106585,0.118309,chewing,1.000000,82.192,unknown,0.628220,left_chewing
3855832.0,-0.46875,-1.630859,1.194824,-0.125504,0.111115,0.094061,chewing,1.000000,82.192,unknown,0.628220,left_chewing
3855842.0,-0.465332,-1.635254,1.192871,-0.05649,0.109783,0.067681,chewing,1.000000,82.192,unknown,0.628220,left_chewing
3855852.0,-0.473145,-1.597656,1.208984,0.00826,0.09193,0.010925,chewing,1.000000,82.192,unknown,0.628220,left_chewing
3855862.0,-0.460449,-1.597168,1.211914,0.033308,0.107384,-0.008793,chewing,1.000000,82.192,unknown,0.628220,left_chewing
3855872.0,-0.460937,-1.625,1.218262,0.066349,0.107384,-0.018119,chewing,1.000000,82.192,unknown,0.628220,left_chewing
3855882.0,-0.458984,-1.634766,1.20166,0.122306,0.077541,-0.068214,chewing,1.000000,82.192,unknown,0.628220,left_chewing
3855892.0,-0.46582,-1.620117,1.213379,0.151351,0.064217,-0.089531,chewing,1.000000,82.192,unknown,0.628220,left_chewing
3855902.0,-0.451172,-1.605957,1.214844,0.149219,0.050095,-0.087933,chewing,1.000000,82.192,unknown,0.628220,left_chewing
3855912.0,-0.463867,-1.605957,1.203125,0.131366,0.059954,-0.053559,chewing,1.000000,82.192,unknown,0.628220,left_chewing
3855922.0,-0.464355,-1.61084,1.193359,0.098058,0.07834,-0.015988,chewing,1.000000,82.192,unknown,0.628220,left_chewing
3855932.0,-0.453125,-1.643066,1.198242,0.084469,0.065816,0.002665,chewing,1.000000,82.192,unknown,0.628220,left_chewing
3855942.0,-0.458008,-1.639648,1.170898,0.062619,0.055424,0.037571,chewing,1.000000,82.192,unknown,0.628220,left_chewing
3855952.0,-0.469238,-1.677246,1.20166,0.037305,-0.035173,0.019718,chewing,1.000000,82.192,unknown,0.628220,left_chewing
3855962.0,-0.468262,-1.65625,1.207031,0.030377,-0.080738,-0.051427,chewing,1.000000,82.192,unknown,0.628220,left_chewing
3855972.0,-0.483887,-1.625488,1.225586,0.000266,-0.07834,-0.094594,chewing,1.000000,82.192,unknown,0.628220,left_chewing
3855982.0,-0.475098,-1.610352,1.227539,-0.004263,-0.068747,-0.120441,chewing,1.000000,82.192,unknown,0.628220,left_chewing
3855992.0,-0.464355,-1.592285,1.220703,-0.087666,-0.054092,-0.093262,chewing,1.000000,82.192,unknown,0.628220,left_chewing
3856002.0,-0.442871,-1.599609,1.210938,-0.142557,-0.077008,-0.029044,chewing,1.000000,82.192,unknown,0.628220,left_chewing
3856012.0,-0.432617,-1.61377,1.213379,-0.204377,-0.111914,-0.015721,chewing,1.000000,82.192,unknown,0.628220,left_chewing
3856022.0,-0.404297,-1.633789,1.20752,-0.100456,-0.163341,-0.098058,chewing,1.000000,82.192,unknown,0.628220,left_chewing
3856032.0,-0.414551,-1.630859,1.226074,0.132965,-0.147354,-0.229691,chewing,1.000000,82.192,unknown,0.628220,left_chewing
3856042.0,-0.433594,-1.608887,1.212402,0.368518,-0.12657,-0.316557,chewing,1.000000,82.192,unknown,0.628220,left_chewing
3856052.0,-0.446289,-1.62207,1.199707,0.405289,-0.132698,-0.234753,chewing,1.000000,82.192,unknown,0.628220,left_chewing
3856062.0,-0.444824,-1.647949,1.175781,0.410352,-0.098591,-0.124971,chewing,1.000000,82.192,unknown,0.628220,left_chewing
3856072.0,-0.451172,-1.646484,1.194824,0.363455,-0.059954,-0.082337,chewing,1.000000,82.192,unknown,0.628220,left_chewing
3856082.0,-0.481445,-1.638184,1.228516,0.415149,0.04823,-0.280585,chewing,1.000000,82.192,unknown,0.628220,left_chewing
3856092.0,-0.46582,-1.65625,1.19873,0.278453,0.041568,-0.153482,chewing,1.000000,82.192,unknown,0.628220,left_chewing
3856102.0,-0.471191,-1.646484,1.224609,0.185724,0.064217,-0.16041,chewing,1.000000,82.192,unknown,0.628220,left_chewing
3856112.0,-0.464355,-1.634277,1.218262,0.107651,0.083669,-0.165207,chewing,1.000000,82.192,unknown,0.628220,left_chewing
3856122.0,-0.462402,-1.623535,1.224121,0.020251,0.07834,-0.162276,chewing,1.000000,82.192,unknown,0.628220,left_chewing
3856132.0,-0.451172,-1.620605,1.222168,-0.06555,0.092995,-0.130833,chewing,1.000000,82.192,unknown,0.628220,left_chewing
3856142.0,-0.445312,-1.606934,1.230469,-0.067681,0.103387,-0.093262,chewing,1.000000,82.192,unknown,0.628220,left_chewing
3856152.0,-0.441406,-1.596191,1.236816,-0.072211,0.101522,-0.044766,chewing,1.000000,82.192,unknown,0.628220,left_chewing
3856162.0,-0.425781,-1.59668,1.245117,-0.081538,0.095394,-0.038104,chewing,1.000000,82.192,unknown,0.628220,left_chewing
3856172.0,-0.436035,-1.608887,1.242188,-0.076741,0.071678,0.000266,chewing,1.000000,82.192,unknown,0.628220,left_chewing
3856182.0,-0.43457,-1.620117,1.242676,-0.055158,0.02638,0.005862,chewing,1.000000,82.192,unknown,0.628220,left_chewing
3856192.0,-0.450684,-1.615723,1.230957,-0.041035,0.001599,0.018119,chewing,1.000000,82.192,unknown,0.628220,left_chewing
3856202.0,-0.441895,-1.601563,1.246582,-0.02638,-0.02638,0.035173,chewing,1.000000,82.192,unknown,0.628220,left_chewing
3856212.0,-0.450195,-1.615723,1.24707,-0.019452,-0.004796,0.062352,chewing,1.000000,82.192,unknown,0.628220,left_chewing
3856222.0,-0.451172,-1.614746,1.249512,-0.023449,0.010126,0.060221,chewing,1.000000,82.192,unknown,0.628220,left_chewing
3856232.0,-0.446289,-1.61084,1.244629,-0.024515,0.037571,0.060487,chewing,1.000000,82.192,unknown,0.628220,left_chewing
3856242.0,-0.45166,-1.607422,1.244141,-0.036772,0.031176,0.045299,chewing,1.000000,82.192,unknown,0.628220,left_chewing
3856252.0,-0.443359,-1.606934,1.246582,-0.070613,0.062619,0.034374,chewing,1.000000,82.192,unknown,0.628220,left_chewing
3856262.0,-0.431641,-1.613281,1.243164,-0.088199,0.061553,0.033041,chewing,1.000000,82.192,unknown,0.628220,left_chewing
3856272.0,-0.438477,-1.625977,1.25293,-0.085268,0.048496,0.027179,chewing,1.000000,82.192,unknown,0.628220,left_chewing
3856282.0,-0.415527,-1.61084,1.231445,-0.013323,0.059421,0.039703,chewing,1.000000,82.192,unknown,0.628220,left_chewing
3856292.0,-0.410156,-1.544922,1.190918,-0.132698,0.088732,0.051427,chewing,1.000000,82.192,unknown,0.628220,left_chewing
3856302.0,-0.39502,-1.614258,1.155762,-0.213969,0.120175,0.118309,chewing,1.000000,82.192,unknown,0.628220,left_chewing
3856312.0,-0.418945,-1.665527,1.161621,-0.239816,0.092462,0.138028,chewing,1.000000,82.192,unknown,0.628220,left_chewing
3856322.0,-0.427734,-1.66748,1.185059,-0.333611,0.054625,0.236352,chewing,1.000000,82.192,unknown,0.628220,left_chewing
3856332.0,-0.442871,-1.675293,1.209473,-0.43007,0.029311,0.286447,chewing,1.000000,82.192,unknown,0.628220,left_chewing
3856342.0,-0.474609,-1.661133,1.234863,-0.423142,0.054891,0.249409,chewing,1.000000,82.192,unknown,0.628220,left_chewing
3856352.0,-0.491699,-1.609375,1.225098,-0.463112,0.084735,0.201979,chewing,1.000000,82.192,unknown,0.628220,left_chewing
3856362.0,-0.489746,-1.641113,1.220215,-0.491357,0.10845,0.22676,chewing,1.000000,82.192,unknown,0.628220,left_chewing
3856372.0,-0.490723,-1.61377,1.220703,-0.450055,0.158279,0.236619,chewing,1.000000,82.192,unknown,0.628220,left_chewing
3856382.0,-0.480957,-1.593262,1.212402,-0.391433,0.153482,0.200646,chewing,1.000000,82.192,unknown,0.628220,left_chewing
3856392.0,-0.45752,-1.595215,1.210449,-0.339207,0.168138,0.187856,chewing,1.000000,82.192,unknown,0.628220,left_chewing
3856402.0,-0.45752,-1.62793,1.202637,-0.277654,0.135096,0.173467,chewing,1.000000,82.192,unknown,0.628220,left_chewing
3856412.0,-0.429199,-1.632324,1.192871,-0.179329,0.079672,0.146554,chewing,1.000000,82.192,unknown,0.628220,left_chewing
3856422.0,-0.436523,-1.629395,1.196777,-0.095926,0.033308,0.114845,chewing,1.000000,82.192,unknown,0.628220,left_chewing
3856432.0,-0.451172,-1.636719,1.191406,-0.053292,0.015721,0.110315,chewing,1.000000,82.192,unknown,0.628220,left_chewing
3856442.0,-0.469238,-1.658203,1.208496,-0.018919,-0.022116,0.092196,chewing,1.000000,82.192,unknown,0.628220,left_chewing
3856452.0,-0.47168,-1.645996,1.204102,0.020784,-0.017853,0.077541,chewing,1.000000,82.192,unknown,0.628220,left_chewing
3856462.0,-0.498535,-1.650879,1.205078,0.058622,0.000799,0.063685,chewing,1.000000,82.192,unknown,0.628220,left_chewing
3856472.0,-0.489746,-1.633789,1.191895,0.107118,0.011724,0.005329,chewing,1.000000,82.192,unknown,0.628220,left_chewing
3856482.0,-0.483398,-1.624023,1.190918,0.108983,0.074343,-0.033041,chewing,1.000000,82.192,unknown,0.628220,left_chewing
3856492.0,-0.492187,-1.621582,1.194824,0.094594,0.124438,-0.07008,chewing,1.000000,82.192,unknown,0.628220,left_chewing
3856502.0,-0.477051,-1.634277,1.20166,0.097259,0.132698,-0.087933,chewing,1.000000,82.192,unknown,0.628220,left_chewing
3856512.0,-0.460937,-1.644531,1.201172,0.096992,0.130833,-0.065283,chewing,1.000000,82.192,unknown,0.628220,left_chewing
3856522.0,-0.456055,-1.630371,1.188477,0.090864,0.129767,-0.058888,chewing,1.000000,82.192,unknown,0.628220,left_chewing
3856532.0,-0.459961,-1.62793,1.197266,0.092196,0.127369,-0.07834,chewing,1.000000,82.192,unknown,0.628220,left_chewing
3856542.0,-0.464355,-1.618652,1.194336,0.10019,0.124704,-0.084735,chewing,1.000000,82.192,unknown,0.628220,left_chewing
3856552.0,-0.471191,-1.603516,1.206543,0.128968,0.112447,-0.080205,chewing,1.000000,82.192,unknown,0.628220,left_chewing
3856562.0,-0.474609,-1.595703,1.192871,0.136695,0.110848,-0.080472,chewing,1.000000,82.192,unknown,0.628220,left_chewing
3856572.0,-0.463867,-1.60498,1.189941,0.164674,0.1311,-0.10019,chewing,1.000000,82.192,unknown,0.628220,left_chewing
3856582.0,-0.475098,-1.611328,1.215332,0.183326,0.134297,-0.07381,chewing,1.000000,82.192,unknown,0.628220,left_chewing
3856592.0,-0.48291,-1.628906,1.202148,0.180129,0.113779,-0.06928,chewing,1.000000,82.192,unknown,0.628220,left_chewing
3856602.0,-0.475586,-1.639648,1.204102,0.171069,0.094061,-0.058089,chewing,1.000000,82.192,unknown,0.628220,left_chewing
3856612.0,-0.471191,-1.633301,1.206543,0.133764,0.059954,-0.061286,chewing,1.000000,82.192,unknown,0.628220,left_chewing
3856622.0,-0.479004,-1.636719,1.20459,0.051427,0.010392,-0.033041,chewing,1.000000,82.192,unknown,0.628220,left_chewing
3856632.0,-0.469727,-1.645996,1.218262,-0.067415,-0.047697,0.031709,chewing,1.000000,82.192,unknown,0.628220,left_chewing
3856642.0,-0.457031,-1.642578,1.208984,-0.182527,-0.082603,0.082603,chewing,1.000000,82.192,unknown,0.628220,left_chewing
3856652.0,-0.452148,-1.644043,1.215332,-0.227559,-0.115378,0.078606,chewing,1.000000,82.192,unknown,0.628220,left_chewing
3856662.0,-0.446289,-1.645508,1.209961,-0.257136,-0.11298,0.07381,chewing,1.000000,82.192,unknown,0.628220,left_chewing
3856672.0,-0.44873,-1.647949,1.192383,-0.269926,-0.116977,0.063152,chewing,1.000000,82.192,unknown,0.628220,left_chewing
3856682.0,-0.429199,-1.648438,1.194824,-0.26513,-0.163075,0.007727,chewing,1.000000,82.192,unknown,0.628220,left_chewing
3856692.0,-0.438965,-1.618652,1.203125,-0.307764,-0.196116,-0.021317,chewing,1.000000,82.192,unknown,0.628220,left_chewing
3856702.0,-0.438965,-1.661621,1.241699,-0.124438,-0.232355,-0.167605,chewing,1.000000,82.192,unknown,0.628220,left_chewing
3856712.0,-0.447266,-1.569824,1.259277,0.244346,-0.115645,-0.440995,chewing,1.000000,82.192,unknown,0.628220,left_chewing
3856722.0,-0.476562,-1.51709,1.217773,0.47457,-0.108717,-0.428472,chewing,1.000000,82.192,unknown,0.628220,left_chewing
3856732.0,-0.455078,-1.558105,1.17334,0.422876,-0.066083,-0.155348,chewing,1.000000,82.192,unknown,0.628220,left_chewing
3856742.0,-0.441406,-1.619141,1.186035,0.377044,-0.018386,0.027179,chewing,1.000000,82.192,unknown,0.628220,left_chewing
3856752.0,-0.447266,-1.650879,1.177734,0.320021,-0.001066,0.037305,chewing,1.000000,82.192,unknown,0.628220,left_chewing
3856762.0,-0.448242,-1.702637,1.194824,0.304567,0.042634,-0.086067,chewing,1.000000,82.192,unknown,0.628220,left_chewing
3856772.0,-0.464355,-1.669922,1.195801,0.202245,-0.009326,-0.136695,chewing,1.000000,82.192,unknown,0.628220,left_chewing
3856782.0,-0.46875,-1.663086,1.202148,0.098591,0.020518,-0.128168,chewing,1.000000,82.192,unknown,0.628220,left_chewing
3856792.0,-0.472656,-1.657227,1.214844,-0.001599,0.033041,-0.104453,chewing,1.000000,82.192,unknown,0.628220,left_chewing
3856802.0,-0.459473,-1.636719,1.220215,-0.045565,0.036505,-0.106319,chewing,1.000000,82.192,unknown,0.628220,left_chewing
3856812.0,-0.456543,-1.596191,1.232422,-0.0874,0.069813,-0.081804,chewing,1.000000,82.192,unknown,0.628220,left_chewing
3856822.0,-0.44873,-1.583984,1.227539,-0.099391,0.097792,-0.041568,chewing,1.000000,82.192,unknown,0.628220,left_chewing
3856832.0,-0.4375,-1.586914,1.251465,-0.096459,0.102588,-0.018119,chewing,1.000000,84.507,unknown,0.621970,left_chewing
3856842.0,-0.434082,-1.614258,1.223633,-0.092462,0.075142,-0.009326,chewing,1.000000,84.507,unknown,0.621970,left_chewing
3856852.0,-0.434082,-1.630859,1.219238,-0.06555,0.027446,0.007727,chewing,1.000000,84.507,unknown,0.621970,left_chewing
3856862.0,-0.433594,-1.629395,1.230469,-0.028778,0.003464,0.00453,chewing,1.000000,84.507,unknown,0.621970,left_chewing
3856872.0,-0.444824,-1.606934,1.216309,-0.006662,-0.007727,0.040769,chewing,1.000000,84.507,unknown,0.621970,left_chewing
3856882.0,-0.445801,-1.618652,1.220703,0.010126,0.0,0.070346,chewing,1.000000,84.507,unknown,0.621970,left_chewing
3856892.0,-0.449219,-1.620605,1.234375,0.001066,0.025847,0.047697,chewing,1.000000,84.507,unknown,0.621970,left_chewing
3856902.0,-0.459961,-1.631348,1.230469,-0.011724,0.035972,0.01279,chewing,1.000000,84.507,unknown,0.621970,left_chewing
3856912.0,-0.455078,-1.634766,1.223145,-0.024248,0.057023,-0.012257,chewing,1.000000,84.507,unknown,0.621970,left_chewing
3856922.0,-0.468262,-1.622559,1.228027,-0.040502,0.054358,-0.011191,chewing,1.000000,84.507,unknown,0.621970,left_chewing
3856932.0,-0.459473,-1.625488,1.226074,-0.078606,0.059421,-0.01279,chewing,1.000000,84.507,unknown,0.621970,left_chewing
3856942.0,-0.458984,-1.609375,1.224609,-0.114046,0.079939,0.016254,chewing,1.000000,84.507,unknown,0.621970,left_chewing
3856952.0,-0.447266,-1.615234,1.237305,-0.128968,0.079406,0.023182,chewing,1.000000,84.507,unknown,0.621970,left_chewing
3856962.0,-0.454102,-1.617676,1.25293,-0.124172,0.058089,0.019718,chewing,1.000000,84.507,unknown,0.621970,left_chewing
3856972.0,-0.452148,-1.649414,1.296875,-0.063418,0.068481,-0.00373,chewing,1.000000,84.507,unknown,0.621970,left_chewing
3856982.0,-0.444824,-1.574219,1.235352,-0.03464,0.103121,0.035173,chewing,1.000000,84.507,unknown,0.621970,left_chewing
3856992.0,-0.42627,-1.578613,1.188477,-0.085002,0.125504,0.061819,chewing,1.000000,84.507,unknown,0.621970,left_chewing
3857002.0,-0.4375,-1.665527,1.181152,-0.160943,0.111648,0.08287,chewing,1.000000,84.507,unknown,0.621970,left_chewing
3857012.0,-0.444336,-1.674805,1.194336,-0.212371,0.08207,0.12124,chewing,1.000000,84.507,unknown,0.621970,left_chewing
3857022.0,-0.45752,-1.656738,1.199219,-0.2606,0.07008,0.132165,chewing,1.000000,84.507,unknown,0.621970,left_chewing
3857032.0,-0.472168,-1.641113,1.202637,-0.339207,0.090331,0.16041,chewing,1.000000,84.507,unknown,0.621970,left_chewing
3857042.0,-0.476074,-1.661133,1.224121,-0.405822,0.112181,0.158545,chewing,1.000000,84.507,unknown,0.621970,left_chewing
3857052.0,-0.47998,-1.64502,1.211426,-0.393832,0.144956,0.130567,chewing,1.000000,84.507,unknown,0.621970,left_chewing
3857062.0,-0.481934,-1.64209,1.234375,-0.376245,0.129767,0.084202,chewing,1.000000,84.507,unknown,0.621970,left_chewing
3857072.0,-0.503906,-1.555664,1.246094,-0.454052,0.043167,0.23502,chewing,1.000000,84.507,unknown,0.621970,left_chewing
3857082.0,-0.478027,-1.603516,1.206543,-0.384239,0.097259,0.17027,chewing,1.000000,84.507,unknown,0.621970,left_chewing
3857092.0,-0.476074,-1.616211,1.212891,-0.37438,0.09113,0.17853,chewing,1.000000,84.507,unknown,0.621970,left_chewing
3857102.0,-0.464844,-1.621582,1.202148,-0.308031,0.075142,0.159345,chewing,1.000000,84.507,unknown,0.621970,left_chewing
3857112.0,-0.460449,-1.638672,1.207031,-0.215835,0.028245,0.110049,chewing,1.000000,84.507,unknown,0.621970,left_chewing
3857122.0,-0.459961,-1.637695,1.200684,-0.150818,-0.008527,0.085534,chewing,1.000000,84.507,unknown,0.621970,left_chewing
3857132.0,-0.455566,-1.63623,1.188477,-0.077807,-0.03917,0.066616,chewing,1.000000,84.507,unknown,0.621970,left_chewing
3857142.0,-0.459473,-1.646484,1.184082,-0.045832,-0.022116,0.036772,chewing,1.000000,84.507,unknown,0.621970,left_chewing
3857152.0,-0.463379,-1.644531,1.186035,0.003997,-0.01732,0.003464,chewing,1.000000,84.507,unknown,0.621970,left_chewing
3857162.0,-0.479492,-1.643555,1.187012,0.063685,-0.029311,-0.062885,chewing,1.000000,84.507,unknown,0.621970,left_chewing
3857172.0,-0.488281,-1.623047,1.189453,0.0866,-0.002398,-0.086067,chewing,1.000000,84.507,unknown,0.621970,left_chewing
3857182.0,-0.464844,-1.625488,1.185547,0.081804,0.041835,-0.069014,chewing,1.000000,84.507,unknown,0.621970,left_chewing
3857192.0,-0.479004,-1.638672,1.178711,0.088998,0.059421,-0.078606,chewing,1.000000,84.507,unknown,0.621970,left_chewing
3857202.0,-0.462891,-1.621582,1.185547,0.116711,0.062885,-0.090064,chewing,1.000000,84.507,unknown,0.621970,left_chewing
3857212.0,-0.47168,-1.624023,1.192383,0.139093,0.058355,-0.084735,chewing,1.000000,84.507,unknown,0.621970,left_chewing
3857222.0,-0.460449,-1.623535,1.180176,0.153216,0.074343,-0.081271,chewing,1.000000,84.507,unknown,0.621970,left_chewing
