time_ms,ax,ay,az,gx,gy,gz,state,chewing_prob,cpm,chewing_side,side_prob,true_label
2899188.0,-0.053711,-1.749023,1.107422,0.051694,0.037038,-0.019985,warming_up,0.000000,0.000,-,0.000000,right_chewing
2899198.0,-0.066406,-1.739258,1.103516,0.044233,0.032775,0.01732,warming_up,0.000000,0.000,-,0.000000,right_chewing
2899208.0,-0.069824,-1.768555,1.109863,0.000799,-0.02638,0.06102,warming_up,0.000000,0.000,-,0.000000,right_chewing
2899218.0,-0.056152,-1.782227,1.103027,-0.046897,-0.041302,0.083936,warming_up,0.000000,0.000,-,0.000000,right_chewing
2899228.0,-0.030762,-1.756836,1.103516,-0.088998,-0.056224,0.070346,warming_up,0.000000,0.000,-,0.000000,right_chewing
2899238.0,-0.03418,-1.730469,1.083008,-0.156147,0.024781,0.070613,warming_up,0.000000,0.000,-,0.000000,right_chewing
2899248.0,-0.0625,-1.73877,1.095215,-0.176132,0.066616,0.110315,warming_up,0.000000,0.000,-,0.000000,right_chewing
2899258.0,-0.037598,-1.74707,1.09082,-0.175332,0.085801,0.166806,warming_up,0.000000,0.000,-,0.000000,right_chewing
2899268.0,-0.033691,-1.74707,1.081543,-0.227825,0.058888,0.166273,warming_up,0.000000,0.000,-,0.000000,right_chewing
2899278.0,-0.055664,-1.752441,1.077148,-0.234487,0.075142,0.080472,warming_up,0.000000,0.000,-,0.000000,right_chewing
2899288.0,-0.089355,-1.743164,1.086914,-0.249409,0.060221,0.019985,warming_up,0.000000,0.000,-,0.000000,right_chewing
2899298.0,-0.088379,-1.746582,1.087891,-0.30057,0.045299,0.090597,warming_up,0.000000,0.000,-,0.000000,right_chewing
2899308.0,-0.037598,-1.74707,1.085449,-0.355461,0.036772,0.160144,warming_up,0.000000,0.000,-,0.000000,right_chewing
2899318.0,-0.026367,-1.758301,1.064941,-0.40076,0.067681,0.147354,warming_up,0.000000,0.000,-,0.000000,right_chewing
2899328.0,-0.035645,-1.780762,1.075684,-0.450055,0.067681,0.10392,warming_up,0.000000,0.000,-,0.000000,right_chewing
2899338.0,-0.058105,-1.779785,1.09375,-0.471106,0.074876,0.104187,warming_up,0.000000,0.000,-,0.000000,right_chewing
2899348.0,-0.054199,-1.744141,1.095703,-0.489225,0.042634,0.168937,warming_up,0.000000,0.000,-,0.000000,right_chewing
2899358.0,-0.055664,-1.75,1.080078,-0.496153,-0.017054,0.175599,warming_up,0.000000,0.000,-,0.000000,right_chewing
2899368.0,-0.039551,-1.76123,1.053711,-0.509743,-0.042101,0.118309,warming_up,0.000000,0.000,-,0.000000,right_chewing
2899378.0,-0.02002,-1.789063,1.06543,-0.583819,-0.021317,-0.026646,warming_up,0.000000,0.000,-,0.000000,right_chewing
2899388.0,-0.089355,-1.75,1.076172,-0.385305,-0.03464,0.074876,warming_up,0.000000,0.000,-,0.000000,right_chewing
2899398.0,-0.087891,-1.751953,1.071777,-0.311761,-0.074609,0.068747,warming_up,0.000000,0.000,-,0.000000,right_chewing
2899408.0,-0.083496,-1.734863,1.068848,-0.303767,-0.065283,0.128701,warming_up,0.000000,0.000,-,0.000000,right_chewing
2899418.0,-0.040039,-1.775879,1.070313,-0.294175,-0.062086,0.096992,warming_up,0.000000,0.000,-,0.000000,right_chewing
2899428.0,-0.04541,-1.78125,1.047852,-0.241415,-0.046364,-0.00373,warming_up,0.000000,0.000,-,0.000000,right_chewing
2899438.0,-0.074219,-1.78418,1.048828,-0.147087,-0.025314,-0.097525,warming_up,0.000000,0.000,-,0.000000,right_chewing
2899448.0,-0.093262,-1.771484,1.057617,-0.081804,-0.017853,-0.064217,warming_up,0.000000,0.000,-,0.000000,right_chewing
2899458.0,-0.085449,-1.767578,1.055176,-0.0437,0.006395,-0.050894,warming_up,0.000000,0.000,-,0.000000,right_chewing
2899468.0,-0.071289,-1.768066,1.035156,-0.020784,0.000799,-0.058622,warming_up,0.000000,0.000,-,0.000000,right_chewing
2899478.0,-0.067383,-1.79541,1.051758,-0.014123,0.016787,-0.04743,warming_up,0.000000,0.000,-,0.000000,right_chewing
2899488.0,-0.053223,-1.79834,1.053223,0.036239,0.018919,-0.06102,warming_up,0.000000,0.000,-,0.000000,right_chewing
2899498.0,-0.058594,-1.777832,1.052246,0.060487,0.015188,-0.100989,warming_up,0.000000,0.000,-,0.000000,right_chewing
2899508.0,-0.080566,-1.766602,1.054688,0.123905,0.033574,-0.121773,warming_up,0.000000,0.000,-,0.000000,right_chewing
2899518.0,-0.078613,-1.756836,1.064453,0.194518,0.065017,-0.113779,warming_up,0.000000,0.000,-,0.000000,right_chewing
2899528.0,-0.062012,-1.74707,1.062988,0.27872,0.114312,-0.120708,warming_up,0.000000,0.000,-,0.000000,right_chewing
2899538.0,-0.047852,-1.758789,1.07373,0.348799,0.149219,-0.136695,warming_up,0.000000,0.000,-,0.000000,right_chewing
2899548.0,-0.036133,-1.780762,1.066406,0.431936,0.164407,-0.14389,warming_up,0.000000,0.000,-,0.000000,right_chewing
2899558.0,-0.026367,-1.777832,1.041504,0.390101,0.158545,-0.101256,warming_up,0.000000,0.000,-,0.000000,right_chewing
2899568.0,-0.030273,-1.79834,1.036133,0.249942,0.116178,-0.084202,warming_up,0.000000,0.000,-,0.000000,right_chewing
2899578.0,-0.039551,-1.820801,1.034668,0.141758,0.026113,-0.09113,warming_up,0.000000,0.000,-,0.000000,right_chewing
2899588.0,-0.066895,-1.826172,1.038574,0.059954,-0.021051,-0.074343,warming_up,0.000000,0.000,-,0.000000,right_chewing
2899598.0,-0.085937,-1.800293,1.080566,0.041302,-0.032242,-0.055957,warming_up,0.000000,0.000,-,0.000000,right_chewing
2899608.0,-0.066406,-1.752441,1.097168,-0.020518,-0.045032,0.021317,warming_up,0.000000,0.000,-,0.000000,right_chewing
2899618.0,-0.061523,-1.745605,1.088379,-0.031176,-0.046897,0.055158,warming_up,0.000000,0.000,-,0.000000,right_chewing
2899628.0,-0.056152,-1.749023,1.08252,-0.090331,-0.037571,0.081271,warming_up,0.000000,0.000,-,0.000000,right_chewing
2899638.0,-0.053711,-1.771973,1.068848,-0.060221,0.003198,0.058622,warming_up,0.000000,0.000,-,0.000000,right_chewing
2899648.0,-0.050293,-1.780762,1.057617,-0.088466,0.065017,0.03544,warming_up,0.000000,0.000,-,0.000000,right_chewing
2899658.0,-0.054687,-1.794434,1.05127,-0.097525,0.126037,0.029844,warming_up,0.000000,0.000,-,0.000000,right_chewing
2899668.0,-0.056152,-1.773926,1.066406,-0.079406,0.167338,-0.006395,warming_up,0.000000,0.000,-,0.000000,right_chewing
2899678.0,-0.054687,-1.749512,1.063477,-0.074343,0.189455,-0.040769,warming_up,0.000000,0.000,-,0.000000,right_chewing
2899688.0,-0.0625,-1.752441,1.079102,-0.037571,0.225694,-0.021583,warming_up,0.000000,0.000,-,0.000000,right_chewing
2899698.0,-0.070801,-1.746582,1.085938,-0.050628,0.236086,0.014922,warming_up,0.000000,0.000,-,0.000000,right_chewing
2899708.0,-0.064453,-1.759766,1.071777,-0.01732,0.23049,0.024248,warming_up,0.000000,0.000,-,0.000000,right_chewing
2899718.0,-0.062988,-1.772949,1.070801,-0.018652,0.194251,0.018919,warming_up,0.000000,0.000,-,0.000000,right_chewing
2899728.0,-0.067871,-1.78125,1.078613,0.019185,0.185991,0.033841,warming_up,0.000000,0.000,-,0.000000,right_chewing
2899738.0,-0.063965,-1.772461,1.070801,0.028511,0.193452,0.006928,warming_up,0.000000,0.000,-,0.000000,right_chewing
2899748.0,-0.069824,-1.773438,1.0625,0.009859,0.162809,0.020518,warming_up,0.000000,0.000,-,0.000000,right_chewing
2899758.0,-0.052734,-1.775879,1.054688,0.033841,0.159345,0.038104,warming_up,0.000000,0.000,-,0.000000,right_chewing
2899768.0,-0.053711,-1.793457,1.060059,0.045032,0.129234,0.033041,warming_up,0.000000,0.000,-,0.000000,right_chewing
2899778.0,-0.05127,-1.786133,1.061035,0.039436,0.112447,-0.003997,warming_up,0.000000,0.000,-,0.000000,right_chewing
2899788.0,-0.047363,-1.777344,1.061035,0.037838,0.082337,-0.07834,warming_up,0.000000,0.000,-,0.000000,right_chewing
2899798.0,-0.069824,-1.769531,1.077637,0.044499,0.070346,-0.09566,warming_up,0.000000,0.000,-,0.000000,right_chewing
2899808.0,-0.077637,-1.777344,1.099609,0.052493,0.114312,-0.066349,warming_up,0.000000,0.000,-,0.000000,right_chewing
2899818.0,-0.069336,-1.772949,1.075195,0.021051,0.132165,-0.020784,warming_up,0.000000,0.000,-,0.000000,right_chewing
2899828.0,-0.072266,-1.775391,1.08252,0.005596,0.132432,-0.03011,warming_up,0.000000,0.000,-,0.000000,right_chewing
2899838.0,-0.069824,-1.775391,1.07959,0.005329,0.149485,-0.013856,warming_up,0.000000,0.000,-,0.000000,right_chewing
2899848.0,-0.066406,-1.758789,1.066406,-0.009326,0.130034,-0.008527,warming_up,0.000000,0.000,-,0.000000,right_chewing
2899858.0,-0.065918,-1.73291,1.069824,-0.026113,0.150551,0.050095,warming_up,0.000000,0.000,-,0.000000,right_chewing
2899868.0,-0.067871,-1.738281,1.06543,-0.022916,0.126037,0.111914,warming_up,0.000000,0.000,-,0.000000,right_chewing
2899878.0,-0.053223,-1.743164,1.072754,-0.033841,0.137495,0.123106,warming_up,0.000000,0.000,-,0.000000,right_chewing
2899888.0,-0.054199,-1.76709,1.084961,-0.036772,0.132432,0.107917,warming_up,0.000000,0.000,-,0.000000,right_chewing
2899898.0,-0.053711,-1.770508,1.080566,-0.045832,0.129234,0.097525,warming_up,0.000000,0.000,-,0.000000,right_chewing
2899908.0,-0.030273,-1.793457,1.072754,-0.097259,0.078606,0.123372,warming_up,0.000000,0.000,-,0.000000,right_chewing
2899918.0,-0.010742,-1.800293,1.078125,-0.110582,0.03464,0.142025,warming_up,0.000000,0.000,-,0.000000,right_chewing
2899928.0,-0.042969,-1.782227,1.074219,-0.14842,0.044233,0.124971,warming_up,0.000000,0.000,-,0.000000,right_chewing
2899938.0,-0.066406,-1.766602,1.085938,-0.144423,0.030377,0.117243,warming_up,0.000000,0.000,-,0.000000,right_chewing
2899948.0,-0.080078,-1.744141,1.086426,-0.138294,0.018652,0.198781,warming_up,0.000000,0.000,-,0.000000,right_chewing
2899958.0,-0.074707,-1.753906,1.074219,-0.141225,-0.004796,0.280319,warming_up,0.000000,0.000,-,0.000000,right_chewing
2899968.0,-0.056152,-1.783203,1.071777,-0.180662,-0.063685,0.271792,warming_up,0.000000,0.000,-,0.000000,right_chewing
2899978.0,-0.05957,-1.804199,1.062988,-0.180129,-0.100723,0.200113,warming_up,0.000000,0.000,-,0.000000,right_chewing
2899988.0,-0.07666,-1.78125,1.069336,-0.184392,-0.114312,0.161476,warming_up,0.000000,0.000,-,0.000000,right_chewing
2899998.0,-0.087402,-1.762207,1.064941,-0.171335,-0.103387,0.188655,warming_up,0.000000,0.000,-,0.000000,right_chewing
2900008.0,-0.095703,-1.751465,1.081543,-0.163874,-0.077541,0.190254,warming_up,0.000000,0.000,-,0.000000,right_chewing
2900018.0,-0.116699,-1.75293,1.052246,-0.149485,-0.084469,0.19132,warming_up,0.000000,0.000,-,0.000000,right_chewing
2900028.0,-0.123047,-1.773438,1.045898,-0.193452,-0.099923,0.214236,warming_up,0.000000,0.000,-,0.000000,right_chewing
2900038.0,-0.099121,-1.775391,1.051758,-0.228092,-0.132165,0.244346,warming_up,0.000000,0.000,-,0.000000,right_chewing
2900048.0,-0.095215,-1.766602,1.065918,-0.226227,-0.17853,0.194784,warming_up,0.000000,0.000,-,0.000000,right_chewing
2900058.0,-0.077637,-1.753418,1.060059,-0.237418,-0.199047,0.142291,warming_up,0.000000,0.000,-,0.000000,right_chewing
2900068.0,-0.072754,-1.759277,1.055664,-0.220098,-0.170003,0.119109,warming_up,0.000000,0.000,-,0.000000,right_chewing
2900078.0,-0.0625,-1.762695,1.064453,-0.216634,-0.156413,0.087933,warming_up,0.000000,0.000,-,0.000000,right_chewing
2900088.0,-0.065918,-1.77002,1.047363,-0.180662,-0.15215,0.098325,warming_up,0.000000,0.000,-,0.000000,right_chewing
2900098.0,-0.061523,-1.78125,1.057617,-0.12204,-0.172401,0.071145,warming_up,0.000000,0.000,-,0.000000,right_chewing
2900108.0,-0.084961,-1.761719,1.041992,-0.077008,-0.174,0.047963,warming_up,0.000000,0.000,-,0.000000,right_chewing
2900118.0,-0.087891,-1.780273,1.033691,-0.022649,-0.135096,0.003198,warming_up,0.000000,0.000,-,0.000000,right_chewing
2900128.0,-0.098145,-1.794922,1.053711,0.030643,-0.100723,-0.02558,warming_up,0.000000,0.000,-,0.000000,right_chewing
2900138.0,-0.109863,-1.798828,1.054688,0.064217,-0.097525,-0.067149,warming_up,0.000000,0.000,-,0.000000,right_chewing
2900148.0,-0.102539,-1.756836,1.05127,0.100989,-0.092995,-0.055691,warming_up,0.000000,0.000,-,0.000000,right_chewing
2900158.0,-0.091309,-1.765137,1.046875,0.11751,-0.049562,-0.083936,warming_up,0.000000,0.000,-,0.000000,right_chewing
2900168.0,-0.09375,-1.807129,1.0625,0.121507,-0.033574,-0.071145,warming_up,0.000000,0.000,-,0.000000,right_chewing
2900178.0,-0.108398,-1.786621,1.050293,0.094061,-0.026913,-0.066083,warming_up,0.000000,0.000,-,0.000000,right_chewing
2900188.0,-0.101074,-1.787109,1.053223,0.062619,0.005063,-0.050628,warming_up,0.000000,0.000,-,0.000000,right_chewing
2900198.0,-0.087891,-1.774414,1.072266,0.054092,0.007727,-0.070613,warming_up,0.000000,0.000,-,0.000000,right_chewing
2900208.0,-0.089844,-1.783691,1.060059,0.037305,0.059155,-0.082337,warming_up,0.000000,0.000,-,0.000000,right_chewing
2900218.0,-0.103027,-1.783203,1.063965,0.044499,0.10845,-0.072211,warming_up,0.000000,0.000,-,0.000000,right_chewing
2900228.0,-0.09375,-1.776367,1.072266,0.027446,0.124172,-0.018386,warming_up,0.000000,0.000,-,0.000000,right_chewing
2900238.0,-0.072266,-1.769531,1.066406,0.042368,0.14842,-0.024781,warming_up,0.000000,0.000,-,0.000000,right_chewing
2900248.0,-0.078613,-1.78125,1.06543,0.094594,0.20038,-0.090064,warming_up,0.000000,0.000,-,0.000000,right_chewing
2900258.0,-0.083984,-1.780273,1.062012,0.159078,0.236885,-0.119109,warming_up,0.000000,0.000,-,0.000000,right_chewing
2900268.0,-0.083984,-1.763672,1.065918,0.164407,0.208107,-0.119642,warming_up,0.000000,0.000,-,0.000000,right_chewing
2900278.0,-0.082031,-1.773438,1.068359,0.108184,0.174266,-0.093262,warming_up,0.000000,0.000,-,0.000000,right_chewing
2900288.0,-0.079102,-1.763672,1.087891,0.078606,0.125504,-0.064217,warming_up,0.000000,0.000,-,0.000000,right_chewing
2900298.0,-0.061523,-1.753418,1.085938,0.02185,0.104187,-0.054625,warming_up,0.000000,0.000,-,0.000000,right_chewing
2900308.0,-0.041016,-1.760742,1.081543,-0.097525,0.006928,-0.050361,warming_up,0.000000,0.000,-,0.000000,right_chewing
2900318.0,-0.032715,-1.77002,1.09082,-0.071945,0.005063,-0.0866,warming_up,0.000000,0.000,-,0.000000,right_chewing
2900328.0,-0.044922,-1.757324,1.075195,-0.083403,0.008793,-0.084469,warming_up,0.000000,0.000,-,0.000000,right_chewing
2900338.0,-0.027832,-1.742676,1.070313,-0.071412,0.049562,-0.049562,warming_up,0.000000,0.000,-,0.000000,right_chewing
2900348.0,-0.042969,-1.742188,1.072754,-0.006662,0.228891,-0.079672,warming_up,0.000000,0.000,-,0.000000,right_chewing
2900358.0,-0.075684,-1.769531,1.080566,-0.001066,0.274989,-0.066616,warming_up,0.000000,0.000,-,0.000000,right_chewing
2900368.0,-0.088867,-1.767578,1.072266,0.069014,0.205443,-0.013856,warming_up,0.000000,0.000,-,0.000000,right_chewing
2900378.0,-0.083496,-1.769043,1.058594,0.047963,0.223029,0.045032,warming_up,0.000000,0.000,-,0.000000,right_chewing
2900388.0,-0.046387,-1.785156,1.043945,0.073544,0.186257,0.027979,warming_up,0.000000,0.000,-,0.000000,right_chewing
2900398.0,-0.06543,-1.789063,1.075684,0.075942,0.160144,0.001865,warming_up,0.000000,0.000,-,0.000000,right_chewing
2900408.0,-0.078125,-1.791016,1.078613,0.0874,0.119908,-0.034907,warming_up,0.000000,0.000,-,0.000000,right_chewing
2900418.0,-0.086914,-1.782227,1.090332,0.091397,0.090864,-0.014922,warming_up,0.000000,0.000,-,0.000000,right_chewing
2900428.0,-0.085937,-1.788086,1.083496,0.110848,0.070346,-0.046364,warming_up,0.000000,0.000,-,0.000000,right_chewing
2900438.0,-0.089355,-1.795898,1.075195,0.114845,0.09566,-0.047963,warming_up,0.000000,0.000,-,0.000000,right_chewing
2900448.0,-0.099121,-1.785156,1.081055,0.137761,0.113513,-0.06475,warming_up,0.000000,0.000,-,0.000000,right_chewing
2900458.0,-0.104004,-1.772461,1.077148,0.145489,0.123905,-0.062619,warming_up,0.000000,0.000,-,0.000000,right_chewing
2900468.0,-0.105957,-1.76416,1.094238,0.131632,0.135629,-0.039969,warming_up,0.000000,0.000,-,0.000000,right_chewing
2900478.0,-0.080078,-1.762695,1.080566,0.10925,0.124438,-0.042368,warming_up,0.000000,0.000,-,0.000000,right_chewing
2900488.0,-0.09375,-1.766113,1.083496,0.12204,0.138827,-0.007727,warming_up,0.000000,0.000,-,0.000000,right_chewing
2900498.0,-0.07959,-1.749512,1.064453,0.105253,0.136962,-0.006129,warming_up,0.000000,0.000,-,0.000000,right_chewing
2900508.0,-0.069824,-1.746094,1.082031,0.075409,0.106585,-0.017853,warming_up,0.000000,0.000,-,0.000000,right_chewing
2900518.0,-0.074219,-1.760742,1.058105,0.050095,0.109783,-0.010925,warming_up,0.000000,0.000,-,0.000000,right_chewing
2900528.0,-0.083008,-1.763672,1.078125,0.023182,0.087933,0.006928,warming_up,0.000000,0.000,-,0.000000,right_chewing
2900538.0,-0.068359,-1.76709,1.081055,0.006662,0.077274,0.020518,warming_up,0.000000,0.000,-,0.000000,right_chewing
2900548.0,-0.083496,-1.76123,1.098633,-0.007194,0.031443,-0.00826,warming_up,0.000000,0.000,-,0.000000,right_chewing
2900558.0,-0.081543,-1.739746,1.096191,-0.011991,0.01359,0.017587,warming_up,0.000000,0.000,-,0.000000,right_chewing
2900568.0,-0.072754,-1.751953,1.07959,0.008527,0.015988,0.03091,warming_up,0.000000,0.000,-,0.000000,right_chewing
2900578.0,-0.05127,-1.773926,1.087891,0.001332,0.006395,0.040236,warming_up,0.000000,0.000,-,0.000000,right_chewing
2900588.0,-0.034668,-1.756836,1.07959,-0.004796,-0.004263,0.097792,warming_up,0.000000,0.000,-,0.000000,right_chewing
2900598.0,0.000977,-1.778809,1.064453,-0.020251,0.001332,0.077008,warming_up,0.000000,0.000,-,0.000000,right_chewing
2900608.0,-0.072266,-1.767578,1.04541,-0.073277,0.006662,-0.006662,warming_up,0.000000,0.000,-,0.000000,right_chewing
2900618.0,-0.129395,-1.76709,1.081055,-0.076208,-0.044233,0.102588,warming_up,0.000000,0.000,-,0.000000,right_chewing
2900628.0,-0.147949,-1.742676,1.062988,-0.085002,-0.067948,0.229691,warming_up,0.000000,0.000,-,0.000000,right_chewing
2900638.0,-0.126953,-1.76709,1.08252,-0.109783,-0.076208,0.331479,warming_up,0.000000,0.000,-,0.000000,right_chewing
2900648.0,-0.089844,-1.780273,1.077148,-0.106851,-0.05649,0.290178,warming_up,0.000000,0.000,-,0.000000,right_chewing
2900658.0,-0.064941,-1.789551,1.081543,-0.146554,-0.042634,0.181461,warming_up,0.000000,0.000,-,0.000000,right_chewing
2900668.0,-0.059082,-1.770996,1.072754,-0.172668,-0.00453,0.071412,warming_up,0.000000,0.000,-,0.000000,right_chewing
2900678.0,-0.071777,-1.760254,1.070313,-0.185458,0.038104,0.030377,warming_up,0.000000,0.000,-,0.000000,right_chewing
2900688.0,-0.087402,-1.765137,1.084473,-0.201712,0.063685,0.021317,warming_up,0.000000,0.000,-,0.000000,right_chewing
2900698.0,-0.124512,-1.765625,1.09082,-0.176398,0.079939,0.041302,warming_up,0.000000,0.000,-,0.000000,right_chewing
2900708.0,-0.128906,-1.752441,1.101074,-0.153216,0.054625,0.055424,warming_up,0.000000,0.000,-,0.000000,right_chewing
2900718.0,-0.105469,-1.759277,1.099609,-0.151351,0.026646,0.102588,warming_up,0.000000,0.000,-,0.000000,right_chewing
2900728.0,-0.09375,-1.752441,1.08252,-0.151884,0.022916,0.115911,warming_up,0.000000,0.000,-,0.000000,right_chewing
2900738.0,-0.092773,-1.76709,1.076172,-0.16947,0.032508,0.084735,warming_up,0.000000,0.000,-,0.000000,right_chewing
2900748.0,-0.086426,-1.758789,1.074219,-0.170802,0.019452,0.043167,warming_up,0.000000,0.000,-,0.000000,right_chewing
2900758.0,-0.085937,-1.750488,1.08252,-0.164141,0.037571,0.027446,warming_up,0.000000,0.000,-,0.000000,right_chewing
2900768.0,-0.094727,-1.739258,1.077148,-0.132698,0.034107,0.01732,warming_up,0.000000,0.000,-,0.000000,right_chewing
2900778.0,-0.11377,-1.770996,1.077148,-0.095926,0.050361,0.014123,warming_up,0.000000,0.000,-,0.000000,right_chewing
2900788.0,-0.09375,-1.768066,1.091309,-0.088732,-0.011458,0.062352,warming_up,0.000000,0.000,-,0.000000,right_chewing
2900798.0,-0.073242,-1.76709,1.068359,-0.132965,-0.074343,0.068481,warming_up,0.000000,0.000,-,0.000000,right_chewing
2900808.0,-0.074219,-1.768555,1.063965,-0.142025,-0.117243,0.045565,warming_up,0.000000,0.000,-,0.000000,right_chewing
2900818.0,-0.091309,-1.779297,1.054688,-0.155348,-0.151084,0.055158,warming_up,0.000000,0.000,-,0.000000,right_chewing
2900828.0,-0.092285,-1.772949,1.057617,-0.162542,-0.154015,0.049828,warming_up,0.000000,0.000,-,0.000000,right_chewing
2900838.0,-0.090332,-1.785645,1.062988,-0.229691,-0.183326,0.070613,warming_up,0.000000,0.000,-,0.000000,right_chewing
2900848.0,-0.089844,-1.768555,1.054688,-0.253406,-0.145489,0.092729,warming_up,0.000000,0.000,-,0.000000,right_chewing
2900858.0,-0.092773,-1.772949,1.053223,-0.259268,-0.171602,0.106585,warming_up,0.000000,0.000,-,0.000000,right_chewing
2900868.0,-0.114746,-1.772461,1.063477,-0.296573,-0.157479,0.076475,warming_up,0.000000,0.000,-,0.000000,right_chewing
2900878.0,-0.119629,-1.772461,1.062988,-0.31256,-0.185991,0.079406,warming_up,0.000000,0.000,-,0.000000,right_chewing
2900888.0,-0.117188,-1.77832,1.061035,-0.286447,-0.174533,0.086867,warming_up,0.000000,0.000,-,0.000000,right_chewing
2900898.0,-0.115723,-1.777832,1.054688,-0.251274,-0.092196,0.129234,warming_up,0.000000,0.000,-,0.000000,right_chewing
2900908.0,-0.115234,-1.77832,1.052734,-0.240882,-0.076208,0.138294,warming_up,0.000000,0.000,-,0.000000,right_chewing
2900918.0,-0.134277,-1.772949,1.049316,-0.181727,-0.068214,0.134564,warming_up,0.000000,0.000,-,0.000000,right_chewing
2900928.0,-0.145996,-1.771973,1.056152,-0.176665,-0.025314,0.14389,warming_up,0.000000,0.000,-,0.000000,right_chewing
2900938.0,-0.121582,-1.780273,1.060547,-0.156413,0.008793,0.119109,warming_up,0.000000,0.000,-,0.000000,right_chewing
2900948.0,-0.102051,-1.769531,1.047363,-0.100723,0.064484,0.105519,warming_up,0.000000,0.000,-,0.000000,right_chewing
2900958.0,-0.105957,-1.775391,1.049805,0.004263,0.131899,0.043966,warming_up,0.000000,0.000,-,0.000000,right_chewing
2900968.0,-0.101563,-1.76416,1.056641,0.155881,0.180662,-0.072211,warming_up,0.000000,0.000,-,0.000000,right_chewing
2900978.0,-0.101074,-1.768066,1.071289,0.291243,0.226227,-0.13483,warming_up,0.000000,0.000,-,0.000000,right_chewing
2900988.0,-0.083984,-1.769043,1.057129,0.347467,0.239816,-0.145222,warming_up,0.000000,0.000,-,0.000000,right_chewing
2900998.0,-0.055664,-1.778809,1.04541,0.358925,0.249942,-0.190521,warming_up,0.000000,0.000,-,0.000000,right_chewing
2901008.0,-0.062012,-1.786621,1.047363,0.355461,0.267528,-0.245145,warming_up,0.000000,0.000,-,0.000000,right_chewing
2901018.0,-0.084961,-1.780273,1.049805,0.318423,0.252606,-0.293375,warming_up,0.000000,0.000,-,0.000000,right_chewing
2901028.0,-0.077637,-1.784668,1.039063,0.25234,0.223828,-0.253939,warming_up,0.000000,0.000,-,0.000000,right_chewing
2901038.0,-0.084961,-1.791504,1.053711,0.167871,0.16947,-0.20864,warming_up,0.000000,0.000,-,0.000000,right_chewing
2901048.0,-0.084961,-1.786621,1.063477,0.127369,0.119375,-0.197715,warming_up,0.000000,0.000,-,0.000000,right_chewing
2901058.0,-0.085937,-1.747559,1.068848,0.078074,0.054358,-0.191587,warming_up,0.000000,0.000,-,0.000000,right_chewing
2901068.0,-0.060059,-1.763184,1.077637,0.057556,0.034107,-0.13856,warming_up,0.000000,0.000,-,0.000000,right_chewing
2901078.0,-0.048828,-1.77002,1.071777,0.01359,0.032508,-0.126303,warming_up,0.000000,0.000,-,0.000000,right_chewing
2901088.0,-0.054199,-1.762695,1.070313,-0.010126,0.020251,-0.174533,warming_up,0.000000,0.000,-,0.000000,right_chewing
2901098.0,-0.061523,-1.760742,1.067383,-0.030377,0.029577,-0.159877,warming_up,0.000000,0.000,-,0.000000,right_chewing
2901108.0,-0.086426,-1.763184,1.075684,-0.07381,0.010925,-0.085801,warming_up,0.000000,0.000,-,0.000000,right_chewing
2901118.0,-0.078125,-1.779785,1.071289,-0.06555,-0.009859,-0.014123,warming_up,0.000000,0.000,-,0.000000,right_chewing
2901128.0,-0.072754,-1.79541,1.074707,-0.06928,-0.018119,0.019452,warming_up,0.000000,0.000,-,0.000000,right_chewing
2901138.0,-0.0625,-1.779297,1.07666,-0.089265,-0.000799,0.015721,warming_up,0.000000,0.000,-,0.000000,right_chewing
2901148.0,-0.075684,-1.766113,1.073242,-0.116178,0.026913,-0.024515,warming_up,0.000000,0.000,-,0.000000,right_chewing
2901158.0,-0.085449,-1.768066,1.079102,-0.116178,0.019718,-0.059421,warming_up,0.000000,0.000,-,0.000000,right_chewing
2901168.0,-0.104004,-1.76416,1.075195,-0.115911,0.076741,-0.018652,warming_up,0.000000,0.000,-,0.000000,right_chewing
2901178.0,-0.072754,-1.766602,1.080566,-0.08207,0.119375,-0.014123,warming_up,0.000000,0.000,-,0.000000,right_chewing
2901188.0,-0.065918,-1.775879,1.080566,-0.019985,0.146554,-0.012257,warming_up,0.000000,0.000,-,0.000000,right_chewing
2901198.0,-0.084961,-1.760742,1.07959,0.013856,0.154548,-0.023449,warming_up,0.000000,0.000,-,0.000000,right_chewing
2901208.0,-0.084961,-1.774414,1.082031,0.015721,0.156413,-0.010126,warming_up,0.000000,0.000,-,0.000000,right_chewing
2901218.0,-0.074707,-1.768066,1.072754,0.034374,0.140426,0.013323,warming_up,0.000000,0.000,-,0.000000,right_chewing
2901228.0,-0.089844,-1.770996,1.073242,0.039703,0.13483,-0.010126,warming_up,0.000000,0.000,-,0.000000,right_chewing
2901238.0,-0.077637,-1.775391,1.07666,0.068747,0.126836,-0.023982,warming_up,0.000000,0.000,-,0.000000,right_chewing
2901248.0,-0.07959,-1.774414,1.07666,0.090864,0.091397,-0.008793,warming_up,0.000000,0.000,-,0.000000,right_chewing
2901258.0,-0.081055,-1.77832,1.080078,0.136162,0.088732,-0.004263,warming_up,0.000000,0.000,-,0.000000,right_chewing
2901268.0,-0.075684,-1.766602,1.067383,0.148953,0.05276,-0.003198,warming_up,0.000000,0.000,-,0.000000,right_chewing
2901278.0,-0.084961,-1.760742,1.074707,0.141492,0.046098,0.016787,warming_up,0.000000,0.000,-,0.000000,right_chewing
2901288.0,-0.083984,-1.754395,1.0625,0.145489,0.054092,-0.00826,warming_up,0.000000,0.000,-,0.000000,right_chewing
2901298.0,-0.083496,-1.754395,1.070801,0.126303,0.083669,0.001599,warming_up,0.000000,0.000,-,0.000000,right_chewing
2901308.0,-0.070312,-1.77832,1.063965,0.127902,0.092995,-0.005862,warming_up,0.000000,0.000,-,0.000000,right_chewing
2901318.0,-0.072266,-1.779785,1.078125,0.124704,0.071678,-0.032242,warming_up,0.000000,0.000,-,0.000000,right_chewing
2901328.0,-0.083984,-1.783203,1.080078,0.101256,0.003997,-0.058089,warming_up,0.000000,0.000,-,0.000000,right_chewing
2901338.0,-0.092773,-1.765625,1.083984,0.070613,-0.028778,-0.06475,warming_up,0.000000,0.000,-,0.000000,right_chewing
2901348.0,-0.084473,-1.751953,1.080566,0.070879,-0.0437,-0.057556,warming_up,0.000000,0.000,-,0.000000,right_chewing
2901358.0,-0.081055,-1.773926,1.086914,0.054092,-0.016787,-0.03544,warming_up,0.000000,0.000,-,0.000000,right_chewing
2901368.0,-0.069824,-1.77002,1.089355,0.070879,0.028511,-0.009326,warming_up,0.000000,0.000,-,0.000000,right_chewing
2901378.0,-0.070312,-1.757813,1.068848,0.065816,0.05649,-0.00453,warming_up,0.000000,0.000,-,0.000000,right_chewing
2901388.0,-0.077637,-1.76709,1.085938,0.054092,0.067415,-0.001599,warming_up,0.000000,0.000,-,0.000000,right_chewing
2901398.0,-0.089355,-1.769531,1.097168,0.0437,0.054625,0.045565,warming_up,0.000000,0.000,-,0.000000,right_chewing
2901408.0,-0.085937,-1.754395,1.088379,0.025847,0.049828,0.089265,warming_up,0.000000,0.000,-,0.000000,right_chewing
2901418.0,-0.073242,-1.748535,1.084473,0.024781,0.044233,0.075942,warming_up,0.000000,0.000,-,0.000000,right_chewing
2901428.0,-0.052246,-1.755371,1.112305,0.000266,-0.086067,0.081804,warming_up,0.000000,0.000,-,0.000000,right_chewing
2901438.0,-0.029785,-1.74707,1.069336,-0.048763,-0.126836,0.096193,warming_up,0.000000,0.000,-,0.000000,right_chewing
2901448.0,-0.035156,-1.775391,1.039063,-0.072211,-0.068481,0.03464,warming_up,0.000000,0.000,-,0.000000,right_chewing
2901458.0,-0.091309,-1.790527,1.059082,-0.093528,-0.033841,-0.062619,warming_up,0.000000,0.000,-,0.000000,right_chewing
2901468.0,-0.151367,-1.766113,1.083008,-0.095926,-0.039436,0.067415,warming_up,0.000000,0.000,-,0.000000,right_chewing
2901478.0,-0.135254,-1.742676,1.082031,-0.083669,-0.03917,0.184925,warming_up,0.000000,0.000,-,0.000000,right_chewing
2901488.0,-0.10791,-1.734375,1.097656,-0.084469,-0.04743,0.259534,warming_up,0.000000,0.000,-,0.000000,right_chewing
2901498.0,-0.086426,-1.754883,1.09668,-0.083669,-0.018652,0.228092,warming_up,0.000000,0.000,-,0.000000,right_chewing
2901508.0,-0.053711,-1.76709,1.077637,-0.096992,0.045565,0.123106,warming_up,0.000000,0.000,-,0.000000,right_chewing
2901518.0,-0.066406,-1.786621,1.066406,-0.108983,0.123639,0.015188,warming_up,0.000000,0.000,-,0.000000,right_chewing
2901528.0,-0.09668,-1.786133,1.086426,-0.114312,0.157479,-0.049029,warming_up,0.000000,0.000,-,0.000000,right_chewing
2901538.0,-0.107422,-1.76709,1.083984,-0.137761,0.141758,-0.049828,warming_up,0.000000,0.000,-,0.000000,right_chewing
2901548.0,-0.097656,-1.742676,1.083008,-0.158012,0.117243,-0.01279,warming_up,0.000000,0.000,-,0.000000,right_chewing
2901558.0,-0.098633,-1.765625,1.092773,-0.175599,0.10019,0.022383,warming_up,0.000000,0.000,-,0.000000,right_chewing
2901568.0,-0.087891,-1.772949,1.07666,-0.175332,0.10392,0.039703,warming_up,0.000000,0.000,-,0.000000,right_chewing
2901578.0,-0.085937,-1.776855,1.077148,-0.166006,0.062619,0.050894,warming_up,0.000000,0.000,-,0.000000,right_chewing
2901588.0,-0.075195,-1.76416,1.076172,-0.16041,0.055957,0.054092,warming_up,0.000000,0.000,-,0.000000,right_chewing
2901598.0,-0.077637,-1.763672,1.076172,-0.147887,0.041835,0.037038,warming_up,0.000000,0.000,-,0.000000,right_chewing
2901608.0,-0.07373,-1.765137,1.064941,-0.150018,0.031975,0.046364,warming_up,0.000000,0.000,-,0.000000,right_chewing
2901618.0,-0.08252,-1.763184,1.085938,-0.144423,0.036772,0.053825,warming_up,0.000000,0.000,-,0.000000,right_chewing
2901628.0,-0.083496,-1.757813,1.075684,-0.132965,0.022649,0.042368,warming_up,0.000000,0.000,-,0.000000,right_chewing
2901638.0,-0.078125,-1.766602,1.070801,-0.132965,0.002132,0.02558,warming_up,0.000000,0.000,-,0.000000,right_chewing
2901648.0,-0.084961,-1.769043,1.070313,-0.148153,-0.03011,0.005329,warming_up,0.000000,0.000,-,0.000000,right_chewing
2901658.0,-0.091309,-1.756836,1.065918,-0.155348,-0.03544,0.023982,warming_up,0.000000,0.000,-,0.000000,right_chewing
2901668.0,-0.09375,-1.763184,1.076172,-0.189988,-0.038104,0.030377,warming_up,0.000000,0.000,-,0.000000,right_chewing
2901678.0,-0.108398,-1.763184,1.074219,-0.178796,-0.01359,0.067681,warming_up,0.000000,0.000,-,0.000000,right_chewing
2901688.0,-0.097656,-1.759766,1.078613,-0.174266,-0.017054,0.110582,warming_up,0.000000,0.000,-,0.000000,right_chewing
2901698.0,-0.081055,-1.761719,1.060059,-0.186524,-0.001599,0.116178,warming_up,0.000000,0.000,-,0.000000,right_chewing
2901708.0,-0.080566,-1.763672,1.056152,-0.178263,0.022916,0.104986,warming_up,0.000000,0.000,-,0.000000,right_chewing
2901718.0,-0.093262,-1.765625,1.0625,-0.166273,0.031709,0.094594,warming_up,0.000000,0.000,-,0.000000,right_chewing
2901728.0,-0.095703,-1.778809,1.062012,-0.157213,0.047697,0.094861,warming_up,0.000000,0.000,-,0.000000,right_chewing
2901738.0,-0.100586,-1.779297,1.068848,-0.128701,0.03917,0.058622,warming_up,0.000000,0.000,-,0.000000,right_chewing
2901748.0,-0.104492,-1.759277,1.058594,-0.0866,0.024781,0.032775,warming_up,0.000000,0.000,-,0.000000,right_chewing
2901758.0,-0.098145,-1.762207,1.076172,-0.038637,0.028511,-0.019452,warming_up,0.000000,0.000,-,0.000000,right_chewing
2901768.0,-0.114746,-1.772461,1.080078,-0.02185,0.044233,-0.044233,warming_up,0.000000,0.000,-,0.000000,right_chewing
2901778.0,-0.119629,-1.774902,1.07373,0.058355,0.067948,-0.076741,warming_up,0.000000,0.000,-,0.000000,right_chewing
2901788.0,-0.118652,-1.775879,1.08252,0.141492,0.112181,-0.10019,warming_up,0.000000,0.000,-,0.000000,right_chewing
2901798.0,-0.100586,-1.776855,1.076172,0.180395,0.134031,-0.111115,warming_up,0.000000,0.000,-,0.000000,right_chewing
2901808.0,-0.088379,-1.766602,1.071777,0.221164,0.181194,-0.1311,warming_up,0.000000,0.000,-,0.000000,right_chewing
2901818.0,-0.091309,-1.783203,1.068359,0.209173,0.210772,-0.151351,warming_up,0.000000,0.000,-,0.000000,right_chewing
2901828.0,-0.104492,-1.797852,1.070801,0.186257,0.181461,-0.151084,warming_up,0.000000,0.000,-,0.000000,right_chewing
2901838.0,-0.104004,-1.775879,1.062988,0.159345,0.151084,-0.099657,warming_up,0.000000,0.000,-,0.000000,right_chewing
2901848.0,-0.09668,-1.800781,1.064453,0.093795,0.1311,-0.05649,warming_up,0.000000,0.000,-,0.000000,right_chewing
2901858.0,-0.07959,-1.791992,1.070801,0.059155,0.118043,-0.077008,warming_up,0.000000,0.000,-,0.000000,right_chewing
2901868.0,-0.088379,-1.763184,1.077148,0.009859,0.115911,-0.107118,warming_up,0.000000,0.000,-,0.000000,right_chewing
2901878.0,-0.087402,-1.748535,1.071777,0.003198,0.09566,-0.096193,warming_up,0.000000,0.000,-,0.000000,right_chewing
2901888.0,-0.094238,-1.75,1.085938,-0.001599,0.08287,-0.06102,warming_up,0.000000,0.000,-,0.000000,right_chewing
2901898.0,-0.07959,-1.768555,1.075195,0.006662,0.092995,-0.023715,warming_up,0.000000,0.000,-,0.000000,right_chewing
2901908.0,-0.087402,-1.766602,1.074219,-0.022649,0.118842,0.011991,warming_up,0.000000,0.000,-,0.000000,right_chewing
2901918.0,-0.070312,-1.771484,1.080566,-0.057822,0.102322,0.036772,warming_up,0.000000,0.000,-,0.000000,right_chewing
2901928.0,-0.072266,-1.750488,1.092285,-0.096193,0.046098,0.015455,warming_up,0.000000,0.000,-,0.000000,right_chewing
2901938.0,-0.07959,-1.75,1.080078,-0.09566,0.06555,-0.018919,warming_up,0.000000,0.000,-,0.000000,right_chewing
2901948.0,-0.061523,-1.75,1.081055,-0.120175,0.053559,-0.00453,warming_up,0.000000,0.000,-,0.000000,right_chewing
2901958.0,-0.058594,-1.774414,1.061035,-0.113779,0.088199,-0.027979,warming_up,0.000000,0.000,-,0.000000,right_chewing
2901968.0,-0.061035,-1.762207,1.077637,-0.088466,0.120441,-0.022649,warming_up,0.000000,0.000,-,0.000000,right_chewing
2901978.0,-0.067383,-1.756836,1.066406,-0.072211,0.133231,-0.01279,warming_up,0.000000,0.000,-,0.000000,right_chewing
2901988.0,-0.077148,-1.758301,1.087402,-0.045565,0.177464,-0.013856,warming_up,0.000000,0.000,-,0.000000,right_chewing
2901998.0,-0.099121,-1.755371,1.084961,-0.004263,0.163075,-0.002398,warming_up,0.000000,0.000,-,0.000000,right_chewing
2902008.0,-0.110352,-1.742676,1.098633,0.019185,0.127902,0.002931,warming_up,0.000000,0.000,-,0.000000,right_chewing
2902018.0,-0.113281,-1.76123,1.083984,0.031176,0.113247,0.020518,warming_up,0.000000,0.000,-,0.000000,right_chewing
2902028.0,-0.102539,-1.78125,1.081055,0.043167,0.111115,0.014123,warming_up,0.000000,0.000,-,0.000000,right_chewing
2902038.0,-0.101074,-1.780762,1.07666,0.061553,0.110582,0.002931,warming_up,0.000000,0.000,-,0.000000,right_chewing
2902048.0,-0.088379,-1.765625,1.072754,0.083936,0.099391,-0.03464,warming_up,0.000000,0.000,-,0.000000,right_chewing
2902058.0,-0.088379,-1.770996,1.071289,0.090331,0.105519,-0.06102,warming_up,0.000000,0.000,-,0.000000,right_chewing
2902068.0,-0.091309,-1.770508,1.071289,0.137228,0.108983,-0.066882,warming_up,0.000000,0.000,-,0.000000,right_chewing
2902078.0,-0.111816,-1.774902,1.072266,0.122306,0.10392,-0.065283,warming_up,0.000000,0.000,-,0.000000,right_chewing
2902088.0,-0.097656,-1.783203,1.078125,0.133498,0.100723,-0.037038,warming_up,0.000000,0.000,-,0.000000,right_chewing
2902098.0,-0.112793,-1.769531,1.082031,0.123905,0.090864,-0.029577,warming_up,0.000000,0.000,-,0.000000,right_chewing
2902108.0,-0.099609,-1.749512,1.083496,0.109516,0.071412,-0.019185,warming_up,0.000000,0.000,-,0.000000,right_chewing
2902118.0,-0.087402,-1.75293,1.080566,0.08207,0.090331,0.001066,warming_up,0.000000,0.000,-,0.000000,right_chewing
2902128.0,-0.085449,-1.760742,1.065918,0.079406,0.066349,0.016254,warming_up,0.000000,0.000,-,0.000000,right_chewing
2902138.0,-0.08252,-1.773926,1.07959,0.077541,0.061286,0.017587,warming_up,0.000000,0.000,-,0.000000,right_chewing
2902148.0,-0.091309,-1.771484,1.075684,0.061819,0.009593,-0.018386,warming_up,0.000000,0.000,-,0.000000,right_chewing
2902158.0,-0.09375,-1.763672,1.088867,0.03917,-0.017587,0.001332,warming_up,0.000000,0.000,-,0.000000,right_chewing
2902168.0,-0.092773,-1.762207,1.096191,0.03011,-0.036239,0.005063,warming_up,0.000000,0.000,-,0.000000,right_chewing
2902178.0,-0.077637,-1.744141,1.099609,0.017853,-0.023182,0.025047,warming_up,0.000000,0.000,-,0.000000,right_chewing
2902188.0,-0.053223,-1.758789,1.094727,-0.021051,-0.050095,0.013057,warming_up,0.000000,0.000,-,0.000000,right_chewing
2902198.0,-0.059082,-1.750977,1.105469,-0.033041,-0.072478,0.002132,warming_up,0.000000,0.000,-,0.000000,right_chewing
2902208.0,-0.080078,-1.748047,1.069824,-0.024515,-0.075142,0.035173,warming_up,0.000000,0.000,-,0.000000,right_chewing
2902218.0,-0.074707,-1.787109,1.090332,-0.066616,-0.108184,0.088466,warming_up,0.000000,0.000,-,0.000000,right_chewing
2902228.0,-0.09375,-1.776367,1.07666,-0.084735,-0.06555,0.118043,warming_up,0.000000,0.000,-,0.000000,right_chewing
2902238.0,-0.100098,-1.783203,1.077148,-0.123372,-0.051161,0.088466,warming_up,0.000000,0.000,-,0.000000,right_chewing
2902248.0,-0.091797,-1.750977,1.063965,-0.142025,-0.023449,0.132698,warming_up,0.000000,0.000,-,0.000000,right_chewing
2902258.0,-0.132324,-1.740723,1.066895,-0.201446,0.019718,0.116178,warming_up,0.000000,0.000,-,0.000000,right_chewing
2902268.0,-0.12207,-1.772949,1.081543,-0.185724,0.013057,0.148153,warming_up,0.000000,0.000,-,0.000000,right_chewing
2902278.0,-0.106934,-1.770996,1.08252,-0.162542,0.01732,0.166806,warming_up,0.000000,0.000,-,0.000000,right_chewing
2902288.0,-0.092773,-1.761719,1.078125,-0.142291,0.037838,0.150818,warming_up,0.000000,0.000,-,0.000000,right_chewing
2902298.0,-0.089355,-1.767578,1.078125,-0.144956,0.074609,0.0866,warming_up,0.000000,0.000,-,0.000000,right_chewing
2902308.0,-0.095215,-1.773438,1.080078,-0.150018,0.09193,0.033041,warming_up,0.000000,0.000,-,0.000000,right_chewing
2902318.0,-0.113281,-1.762207,1.075684,-0.149219,0.150551,0.027446,warming_up,0.000000,0.000,-,0.000000,right_chewing
2902328.0,-0.108398,-1.765137,1.078125,-0.153482,0.113513,0.031975,warming_up,0.000000,0.000,-,0.000000,right_chewing
2902338.0,-0.11377,-1.754883,1.08252,-0.168937,0.111115,0.028511,warming_up,0.000000,0.000,-,0.000000,right_chewing
2902348.0,-0.12793,-1.765625,1.077148,-0.181461,0.075142,0.043433,warming_up,0.000000,0.000,-,0.000000,right_chewing
2902358.0,-0.12793,-1.769531,1.07959,-0.201179,0.032508,0.079939,warming_up,0.000000,0.000,-,0.000000,right_chewing
2902368.0,-0.112305,-1.773438,1.074707,-0.217167,0.001599,0.127636,warming_up,0.000000,0.000,-,0.000000,right_chewing
2902378.0,-0.089355,-1.750488,1.076172,-0.248609,-0.00826,0.106585,warming_up,0.000000,0.000,-,0.000000,right_chewing
2902388.0,-0.088867,-1.758301,1.061035,-0.290977,-0.006395,0.098325,warming_up,0.000000,0.000,-,0.000000,right_chewing
2902398.0,-0.089355,-1.776855,1.076172,-0.292309,-0.006928,0.10019,warming_up,0.000000,0.000,-,0.000000,right_chewing
2902408.0,-0.096191,-1.766602,1.071777,-0.277654,-0.007194,0.138294,warming_up,0.000000,0.000,-,0.000000,right_chewing
2902418.0,-0.091309,-1.762207,1.082031,-0.257136,-0.038637,0.152683,warming_up,0.000000,0.000,-,0.000000,right_chewing
2902428.0,-0.099609,-1.747559,1.06543,-0.226227,-0.028778,0.079406,warming_up,0.000000,0.000,-,0.000000,right_chewing
2902438.0,-0.111328,-1.755859,1.06543,-0.208374,-0.035173,0.055691,warming_up,0.000000,0.000,-,0.000000,right_chewing
2902448.0,-0.112305,-1.762207,1.061035,-0.179063,-0.020518,0.040502,warming_up,0.000000,0.000,-,0.000000,right_chewing
2902458.0,-0.125977,-1.760254,1.049316,-0.162809,0.005329,-0.008793,warming_up,0.000000,0.000,-,0.000000,right_chewing
2902468.0,-0.125,-1.768066,1.072266,-0.118576,0.051427,-0.022916,warming_up,0.000000,0.000,-,0.000000,right_chewing
2902478.0,-0.120605,-1.75,1.067871,-0.077274,0.092729,-0.011991,warming_up,0.000000,0.000,-,0.000000,right_chewing
2902488.0,-0.136719,-1.769531,1.076172,0.002931,0.12657,-0.029844,warming_up,0.000000,0.000,-,0.000000,right_chewing
2902498.0,-0.119629,-1.775879,1.066406,0.066349,0.177464,-0.033308,warming_up,0.000000,0.000,-,0.000000,right_chewing
2902508.0,-0.096191,-1.780273,1.077148,0.179596,0.223296,-0.092462,warming_up,0.000000,0.000,-,0.000000,right_chewing
2902518.0,-0.083984,-1.771973,1.069824,0.265397,0.272058,-0.151884,warming_up,0.000000,0.000,-,0.000000,right_chewing
2902528.0,-0.080566,-1.763184,1.056152,0.406355,0.35706,-0.214769,warming_up,0.000000,0.000,-,0.000000,right_chewing
2902538.0,-0.108398,-1.769531,1.04834,0.428472,0.398628,-0.223828,warming_up,0.000000,0.000,-,0.000000,right_chewing
2902548.0,-0.121582,-1.819824,1.045898,0.29977,0.31336,-0.158279,warming_up,0.000000,0.000,-,0.000000,right_chewing
2902558.0,-0.13623,-1.827637,1.056641,0.123905,0.202778,-0.090864,warming_up,0.000000,0.000,-,0.000000,right_chewing
2902568.0,-0.153809,-1.814453,1.065918,-0.004796,0.071678,-0.076475,warming_up,0.000000,0.000,-,0.000000,right_chewing
2902578.0,-0.159668,-1.789551,1.079102,-0.037838,0.048496,0.011724,warming_up,0.000000,0.000,-,0.000000,right_chewing
2902588.0,-0.135254,-1.75293,1.095215,-0.061286,0.076475,0.061553,warming_up,0.000000,0.000,-,0.000000,right_chewing
2902598.0,-0.111328,-1.730469,1.087891,-0.110848,0.137495,0.092729,warming_up,0.000000,0.000,-,0.000000,right_chewing
2902608.0,-0.074707,-1.741699,1.104492,-0.071678,0.127636,0.049029,warming_up,0.000000,0.000,-,0.000000,right_chewing
2902618.0,-0.062988,-1.769043,1.069824,-0.059421,0.127902,0.065017,warming_up,0.000000,0.000,-,0.000000,right_chewing
2902628.0,-0.074219,-1.78125,1.080078,-0.111648,0.121507,0.036772,warming_up,0.000000,0.000,-,0.000000,right_chewing
2902638.0,-0.080566,-1.776855,1.085449,-0.054092,0.105519,-0.015188,warming_up,0.000000,0.000,-,0.000000,right_chewing
2902648.0,-0.079102,-1.757324,1.06543,-0.041568,0.110049,-0.059155,warming_up,0.000000,0.000,-,0.000000,right_chewing
2902658.0,-0.095215,-1.736816,1.060059,0.004796,0.138827,-0.085801,warming_up,0.000000,0.000,-,0.000000,right_chewing
2902668.0,-0.105957,-1.727539,1.076172,0.037305,0.136962,-0.058089,warming_up,0.000000,0.000,-,0.000000,right_chewing
2902678.0,-0.114746,-1.724609,1.058594,0.033041,0.140426,-0.00906,warming_up,0.000000,0.000,-,0.000000,right_chewing
2902688.0,-0.104004,-1.762207,1.073242,0.04823,0.119908,0.028511,warming_up,0.000000,0.000,-,0.000000,right_chewing
2902698.0,-0.100586,-1.770508,1.067383,0.067681,0.067149,0.021583,warming_up,0.000000,0.000,-,0.000000,right_chewing
2902708.0,-0.092285,-1.774414,1.077148,0.055957,0.036772,-0.030643,warming_up,0.000000,0.000,-,0.000000,right_chewing
2902718.0,-0.09082,-1.776367,1.066406,0.058622,0.022383,-0.075675,warming_up,0.000000,0.000,-,0.000000,right_chewing
2902728.0,-0.097656,-1.782227,1.0625,0.059954,0.011191,-0.081005,warming_up,0.000000,0.000,-,0.000000,right_chewing
2902738.0,-0.112793,-1.773926,1.058594,0.057556,0.005862,-0.098058,warming_up,0.000000,0.000,-,0.000000,right_chewing
2902748.0,-0.10791,-1.755371,1.057617,0.094594,0.003997,-0.0866,warming_up,0.000000,0.000,-,0.000000,right_chewing
2902758.0,-0.114746,-1.767578,1.072266,0.098591,0.015988,-0.073011,warming_up,0.000000,0.000,-,0.000000,right_chewing
2902768.0,-0.112305,-1.772461,1.059082,0.092729,-0.001332,-0.049562,warming_up,0.000000,0.000,-,0.000000,right_chewing
2902778.0,-0.106934,-1.773438,1.077148,0.099124,0.010392,-0.066349,warming_up,0.000000,0.000,-,0.000000,right_chewing
2902788.0,-0.118164,-1.776855,1.072266,0.080738,0.003464,-0.055158,warming_up,0.000000,0.000,-,0.000000,right_chewing
2902798.0,-0.117676,-1.771973,1.080566,0.066349,-0.020251,-0.046098,warming_up,0.000000,0.000,-,0.000000,right_chewing
2902808.0,-0.106934,-1.766602,1.085449,0.081804,-0.002931,-0.019985,warming_up,0.000000,0.000,-,0.000000,right_chewing
2902818.0,-0.106934,-1.759277,1.101563,0.07008,0.009593,0.01359,warming_up,0.000000,0.000,-,0.000000,right_chewing
2902828.0,-0.100586,-1.757813,1.089844,0.052493,0.011991,0.028511,warming_up,0.000000,0.000,-,0.000000,right_chewing
2902838.0,-0.103027,-1.76709,1.093262,0.045299,-0.000533,0.030643,warming_up,0.000000,0.000,-,0.000000,right_chewing
2902848.0,-0.096191,-1.76123,1.086426,0.011458,-0.042101,0.036505,warming_up,0.000000,0.000,-,0.000000,right_chewing
2902858.0,-0.07959,-1.756836,1.091309,-0.006129,-0.130833,0.065816,warming_up,0.000000,0.000,-,0.000000,right_chewing
2902868.0,-0.09082,-1.775391,1.08252,-0.046098,0.036505,0.027712,warming_up,0.000000,0.000,-,0.000000,right_chewing
2902878.0,-0.102539,-1.774414,1.058594,-0.016787,0.045299,0.041035,warming_up,0.000000,0.000,-,0.000000,right_chewing
2902888.0,-0.09668,-1.787109,1.060547,-0.071412,0.025847,0.066616,warming_up,0.000000,0.000,-,0.000000,right_chewing
2902898.0,-0.12207,-1.758301,1.056641,-0.10472,0.014922,0.120441,warming_up,0.000000,0.000,-,0.000000,right_chewing
2902908.0,-0.139648,-1.753906,1.098145,-0.140426,-0.003198,0.102322,warming_up,0.000000,0.000,-,0.000000,right_chewing
2902918.0,-0.130859,-1.759766,1.087402,-0.119109,0.010126,0.174266,warming_up,0.000000,0.000,-,0.000000,right_chewing
2902928.0,-0.090332,-1.760742,1.074707,-0.119109,0.001332,0.193985,warming_up,0.000000,0.000,-,0.000000,right_chewing
2902938.0,-0.092773,-1.770508,1.067383,-0.15215,0.000799,0.128168,warming_up,0.000000,0.000,-,0.000000,right_chewing
2902948.0,-0.106934,-1.786621,1.070313,-0.172668,-0.000799,0.057822,warming_up,0.000000,0.000,-,0.000000,right_chewing
2902958.0,-0.123047,-1.768066,1.084473,-0.176132,-0.020251,0.038104,warming_up,0.000000,0.000,-,0.000000,right_chewing
2902968.0,-0.125977,-1.744141,1.091309,-0.216368,-0.012257,0.075942,warming_up,0.000000,0.000,-,0.000000,right_chewing
2902978.0,-0.141602,-1.728027,1.078613,-0.209706,0.002931,0.106585,warming_up,0.000000,0.000,-,0.000000,right_chewing
2902988.0,-0.116211,-1.770508,1.066895,-0.205975,0.00373,0.117243,warming_up,0.000000,0.000,-,0.000000,right_chewing
2902998.0,-0.112305,-1.774902,1.057617,-0.190254,-0.017587,0.12204,warming_up,0.000000,0.000,-,0.000000,right_chewing
2903008.0,-0.109863,-1.757813,1.087891,-0.160677,-0.017853,0.085268,warming_up,0.000000,0.000,-,0.000000,right_chewing
2903018.0,-0.133789,-1.76416,1.081543,-0.136695,-0.03544,0.075409,warming_up,0.000000,0.000,-,0.000000,right_chewing
2903028.0,-0.119141,-1.755859,1.072266,-0.118309,-0.042368,0.083403,warming_up,0.000000,0.000,-,0.000000,right_chewing
2903038.0,-0.109863,-1.775879,1.061523,-0.106319,-0.001066,0.061819,warming_up,0.000000,0.000,-,0.000000,right_chewing
2903048.0,-0.103027,-1.777344,1.068848,-0.115378,0.027979,0.015721,warming_up,0.000000,0.000,-,0.000000,right_chewing
2903058.0,-0.103027,-1.773438,1.08252,-0.111914,0.037571,-0.004796,warming_up,0.000000,0.000,-,0.000000,right_chewing
2903068.0,-0.109863,-1.759277,1.078125,-0.088998,0.04823,-0.029577,warming_up,0.000000,0.000,-,0.000000,right_chewing
2903078.0,-0.112305,-1.75,1.068848,-0.066083,0.093262,-0.019985,warming_up,0.000000,0.000,-,0.000000,right_chewing
2903088.0,-0.112793,-1.756348,1.067871,-0.019985,0.115378,-0.002398,warming_up,0.000000,0.000,-,0.000000,right_chewing
2903098.0,-0.10498,-1.775879,1.075684,-0.00826,0.128435,-0.003464,warming_up,0.000000,0.000,-,0.000000,right_chewing
2903108.0,-0.109863,-1.779785,1.069336,0.017587,0.136695,-0.029577,warming_up,0.000000,0.000,-,0.000000,right_chewing
2903118.0,-0.105469,-1.77832,1.07666,0.027712,0.125504,-0.026913,warming_up,0.000000,0.000,-,0.000000,right_chewing
2903128.0,-0.10791,-1.75293,1.075195,0.032242,0.111115,-0.040502,warming_up,0.000000,0.000,-,0.000000,right_chewing
2903138.0,-0.101074,-1.755371,1.071777,0.036505,0.115645,-0.035173,warming_up,0.000000,0.000,-,0.000000,right_chewing
2903148.0,-0.10498,-1.761719,1.073242,0.051161,0.149752,-0.037038,warming_up,0.000000,0.000,-,0.000000,right_chewing
2903158.0,-0.111328,-1.740723,1.070313,0.079406,0.214236,-0.029577,warming_up,0.000000,0.000,-,0.000000,right_chewing
2903168.0,-0.114258,-1.747559,1.07373,0.085801,0.246478,-0.014922,warming_up,0.000000,0.000,-,0.000000,right_chewing
2903178.0,-0.124023,-1.759766,1.063477,0.130833,0.272591,0.007461,warming_up,0.000000,0.000,-,0.000000,right_chewing
2903188.0,-0.138672,-1.780762,1.071289,0.126303,0.25234,0.033041,warming_up,0.000000,0.000,-,0.000000,right_chewing
2903198.0,-0.123047,-1.793945,1.097168,0.114312,0.18679,0.084469,warming_up,0.000000,0.000,-,0.000000,right_chewing
2903208.0,-0.100586,-1.768555,1.098145,0.10925,0.103387,0.094594,warming_up,0.000000,0.000,-,0.000000,right_chewing
2903218.0,-0.082031,-1.748535,1.088379,0.077807,0.11751,0.05196,warming_up,0.000000,0.000,-,0.000000,right_chewing
2903228.0,-0.085449,-1.769531,1.089844,0.056224,0.11751,0.010392,warming_up,0.000000,0.000,-,0.000000,right_chewing
2903238.0,-0.09668,-1.759766,1.086426,0.066616,0.106851,0.010658,warming_up,0.000000,0.000,-,0.000000,right_chewing
2903248.0,-0.100098,-1.747559,1.098145,0.080472,0.047963,0.032508,warming_up,0.000000,0.000,-,0.000000,right_chewing
2903258.0,-0.115723,-1.753906,1.083496,0.090064,0.00906,0.035173,warming_up,0.000000,0.000,-,0.000000,right_chewing
2903268.0,-0.106445,-1.766113,1.064453,0.066616,-0.018386,0.058089,warming_up,0.000000,0.000,-,0.000000,right_chewing
2903278.0,-0.100586,-1.746582,1.083008,0.06555,-0.074609,0.066349,warming_up,0.000000,0.000,-,0.000000,right_chewing
2903288.0,-0.102051,-1.742188,1.075684,0.054625,-0.064217,0.060753,warming_up,0.000000,0.000,-,0.000000,right_chewing
2903298.0,-0.105957,-1.743164,1.064453,0.040236,-0.037571,0.054092,warming_up,0.000000,0.000,-,0.000000,right_chewing
2903308.0,-0.095703,-1.762207,1.071289,0.020251,0.007727,0.028511,warming_up,0.000000,0.000,-,0.000000,right_chewing
2903318.0,-0.115234,-1.762207,1.058594,0.045032,0.024515,0.030643,warming_up,0.000000,0.000,-,0.000000,right_chewing
2903328.0,-0.120605,-1.753906,1.065918,0.055158,0.051694,0.011991,warming_up,0.000000,0.000,-,0.000000,right_chewing
2903338.0,-0.130371,-1.765625,1.076172,0.025847,0.06102,0.031975,warming_up,0.000000,0.000,-,0.000000,right_chewing
2903348.0,-0.14209,-1.764648,1.077148,0.040769,0.068481,0.027979,warming_up,0.000000,0.000,-,0.000000,right_chewing
2903358.0,-0.136719,-1.772461,1.09375,0.048763,0.113779,0.012257,warming_up,0.000000,0.000,-,0.000000,right_chewing
2903368.0,-0.145996,-1.765625,1.087402,0.066616,0.133498,-0.006662,warming_up,0.000000,0.000,-,0.000000,right_chewing
2903378.0,-0.144531,-1.763672,1.086426,0.077008,0.14389,-0.000799,warming_up,0.000000,0.000,-,0.000000,right_chewing
2903388.0,-0.158203,-1.78125,1.085449,0.087666,0.128701,-0.00453,warming_up,0.000000,0.000,-,0.000000,right_chewing
2903398.0,-0.160645,-1.783203,1.098145,0.101256,0.118576,0.010925,warming_up,0.000000,0.000,-,0.000000,right_chewing
2903408.0,-0.163086,-1.777344,1.094727,0.124172,0.088199,0.005063,warming_up,0.000000,0.000,-,0.000000,right_chewing
2903418.0,-0.139648,-1.76709,1.095703,0.150285,0.096459,0.007194,warming_up,0.000000,0.000,-,0.000000,right_chewing
2903428.0,-0.138672,-1.758789,1.099121,0.145222,0.110049,-0.019718,warming_up,0.000000,0.000,-,0.000000,right_chewing
2903438.0,-0.141113,-1.760742,1.108398,0.149752,0.104453,-0.030377,warming_up,0.000000,0.000,-,0.000000,right_chewing
2903448.0,-0.150879,-1.770508,1.103516,0.153482,0.111115,-0.00826,warming_up,0.000000,0.000,-,0.000000,right_chewing
2903458.0,-0.149902,-1.76709,1.100098,0.138827,0.088998,-0.011724,warming_up,0.000000,0.000,-,0.000000,right_chewing
2903468.0,-0.138184,-1.759277,1.109863,0.161476,0.071945,-0.032242,warming_up,0.000000,0.000,-,0.000000,right_chewing
2903478.0,-0.138184,-1.770508,1.105469,0.158545,0.08207,-0.011991,warming_up,0.000000,0.000,-,0.000000,right_chewing
2903488.0,-0.125488,-1.753906,1.094238,0.151084,0.074077,-0.03011,warming_up,0.000000,0.000,-,0.000000,right_chewing
2903498.0,-0.130859,-1.757813,1.105957,0.148153,0.085534,-0.065816,warming_up,0.000000,0.000,-,0.000000,right_chewing
2903508.0,-0.141602,-1.745605,1.090332,0.136429,0.099923,-0.060487,warming_up,0.000000,0.000,-,0.000000,right_chewing
2903518.0,-0.145508,-1.752441,1.108398,0.090864,0.10925,-0.053825,warming_up,0.000000,0.000,-,0.000000,right_chewing
2903528.0,-0.147949,-1.741699,1.103516,0.081804,0.099391,-0.075142,warming_up,0.000000,0.000,-,0.000000,right_chewing
2903538.0,-0.132812,-1.75,1.105957,0.057023,0.126037,-0.061286,warming_up,0.000000,0.000,-,0.000000,right_chewing
2903548.0,-0.126465,-1.757813,1.108398,0.031709,0.133231,-0.100723,warming_up,0.000000,0.000,-,0.000000,right_chewing
2903558.0,-0.13623,-1.74707,1.110352,-0.00453,0.14762,-0.119908,warming_up,0.000000,0.000,-,0.000000,right_chewing
2903568.0,-0.113281,-1.760742,1.133789,-0.023982,0.096459,-0.081538,warming_up,0.000000,0.000,-,0.000000,right_chewing
2903578.0,-0.03418,-1.758301,1.102539,-0.041568,-0.023715,0.013323,warming_up,0.000000,0.000,-,0.000000,right_chewing
2903588.0,-0.094238,-1.727539,1.085449,-0.150551,0.023182,-0.175865,warming_up,0.000000,0.000,-,0.000000,right_chewing
2903598.0,-0.192871,-1.754883,1.09375,-0.180662,0.015455,-0.185191,warming_up,0.000000,0.000,-,0.000000,right_chewing
2903608.0,-0.211914,-1.749023,1.104492,-0.211305,-0.024515,0.02638,warming_up,0.000000,0.000,-,0.000000,right_chewing
2903618.0,-0.17041,-1.75,1.108887,-0.240616,-0.132698,0.190254,warming_up,0.000000,0.000,-,0.000000,right_chewing
2903628.0,-0.125,-1.760254,1.092285,-0.345602,-0.198781,0.224095,warming_up,0.000000,0.000,-,0.000000,right_chewing
2903638.0,-0.098145,-1.777832,1.097656,-0.360524,-0.203577,0.086334,warming_up,0.000000,0.000,-,0.000000,right_chewing
2903648.0,-0.112793,-1.767578,1.098145,-0.367185,-0.175066,0.011724,warming_up,0.000000,0.000,-,0.000000,right_chewing
2903658.0,-0.124023,-1.763184,1.081543,-0.405556,-0.134031,0.01732,warming_up,0.000000,0.000,-,0.000000,right_chewing
2903668.0,-0.141113,-1.770508,1.109375,-0.401026,-0.093528,0.033841,warming_up,0.000000,0.000,-,0.000000,right_chewing
2903678.0,-0.157227,-1.763184,1.101563,-0.367185,-0.088199,0.083403,warming_up,0.000000,0.000,-,0.000000,right_chewing
2903688.0,-0.158203,-1.745117,1.106934,-0.309096,-0.07834,0.124971,warming_up,0.000000,0.000,-,0.000000,right_chewing
2903698.0,-0.150879,-1.741211,1.089355,-0.293908,-0.065283,0.157746,warming_up,0.000000,0.000,-,0.000000,right_chewing
2903708.0,-0.137207,-1.75293,1.075684,-0.316291,-0.04743,0.205443,warming_up,0.000000,0.000,-,0.000000,right_chewing
2903718.0,-0.135742,-1.775391,1.073242,-0.31789,-0.047697,0.196916,warming_up,0.000000,0.000,-,0.000000,right_chewing
2903728.0,-0.132812,-1.763184,1.074219,-0.308297,-0.019718,0.15668,warming_up,0.000000,0.000,-,0.000000,right_chewing
2903738.0,-0.140137,-1.738281,1.077148,-0.262732,-0.027179,0.149485,warming_up,0.000000,0.000,-,0.000000,right_chewing
2903748.0,-0.114746,-1.746582,1.083496,-0.264331,-0.031443,0.151884,warming_up,0.000000,0.000,-,0.000000,right_chewing
2903758.0,-0.133301,-1.759277,1.067871,-0.205176,-0.029044,0.146821,warming_up,0.000000,0.000,-,0.000000,right_chewing
2903768.0,-0.116211,-1.770508,1.092773,-0.160677,-0.023182,0.092995,warming_up,0.000000,0.000,-,0.000000,right_chewing
2903778.0,-0.123535,-1.749512,1.074219,-0.159078,-0.015188,0.06475,warming_up,0.000000,0.000,-,0.000000,right_chewing
2903788.0,-0.125977,-1.757324,1.064941,-0.125504,0.011191,0.055691,warming_up,0.000000,0.000,-,0.000000,right_chewing
2903798.0,-0.131348,-1.751465,1.071777,-0.133231,0.058355,0.061286,warming_up,0.000000,0.000,-,0.000000,right_chewing
2903808.0,-0.132324,-1.749023,1.065918,-0.14309,0.087933,0.052227,warming_up,0.000000,0.000,-,0.000000,right_chewing
2903818.0,-0.120117,-1.756348,1.067871,-0.134564,0.070613,0.063951,warming_up,0.000000,0.000,-,0.000000,right_chewing
2903828.0,-0.111328,-1.775879,1.064453,-0.151617,0.053026,0.057556,warming_up,0.000000,0.000,-,0.000000,right_chewing
2903838.0,-0.110352,-1.787109,1.057617,-0.164141,0.032242,0.033841,warming_up,0.000000,0.000,-,0.000000,right_chewing
2903848.0,-0.133789,-1.780762,1.060547,-0.131366,0.020518,-0.007461,warming_up,0.000000,0.000,-,0.000000,right_chewing
2903858.0,-0.151855,-1.775879,1.058105,-0.123106,0.001865,-0.019185,warming_up,0.000000,0.000,-,0.000000,right_chewing
2903868.0,-0.155762,-1.777344,1.05127,-0.107651,-0.035173,-0.004796,warming_up,0.000000,0.000,-,0.000000,right_chewing
2903878.0,-0.140137,-1.790039,1.064453,-0.113779,-0.021583,0.023182,warming_up,0.000000,0.000,-,0.000000,right_chewing
2903888.0,-0.133301,-1.80127,1.063477,-0.101789,0.015721,0.042368,warming_up,0.000000,0.000,-,0.000000,right_chewing
2903898.0,-0.120117,-1.785645,1.057129,-0.11298,0.022116,0.03091,warming_up,0.000000,0.000,-,0.000000,right_chewing
2903908.0,-0.137207,-1.769043,1.069824,-0.114312,0.019985,0.038371,warming_up,0.000000,0.000,-,0.000000,right_chewing
2903918.0,-0.14502,-1.750488,1.072266,-0.092995,-0.021317,0.053825,warming_up,0.000000,0.000,-,0.000000,right_chewing
2903928.0,-0.116211,-1.754395,1.056152,-0.080205,-0.036772,0.088732,warming_up,0.000000,0.000,-,0.000000,right_chewing
2903938.0,-0.115723,-1.771973,1.043945,-0.096193,-0.020251,0.066882,warming_up,0.000000,0.000,-,0.000000,right_chewing
2903948.0,-0.111816,-1.774902,1.050293,-0.116444,-0.027712,0.018919,warming_up,0.000000,0.000,-,0.000000,right_chewing
2903958.0,-0.128906,-1.759277,1.047852,-0.127636,-0.050361,0.000266,warming_up,0.000000,0.000,-,0.000000,right_chewing
2903968.0,-0.138184,-1.756836,1.058105,-0.126836,-0.054891,0.033841,warming_up,0.000000,0.000,-,0.000000,right_chewing
2903978.0,-0.118652,-1.763672,1.07373,-0.114312,-0.073544,0.046364,warming_up,0.000000,0.000,-,0.000000,right_chewing
2903988.0,-0.113281,-1.763184,1.075195,-0.077008,-0.14842,0.033841,warming_up,0.000000,0.000,-,0.000000,right_chewing
2903998.0,-0.116211,-1.757813,1.062012,-0.013856,-0.218499,-0.050894,warming_up,0.000000,0.000,-,0.000000,right_chewing
2904008.0,-0.106934,-1.750488,1.062012,0.043167,-0.224095,-0.088199,warming_up,0.000000,0.000,-,0.000000,right_chewing
2904018.0,-0.093262,-1.754883,1.058594,0.127369,-0.180662,-0.16041,warming_up,0.000000,0.000,-,0.000000,right_chewing
2904028.0,-0.08252,-1.75,1.0625,0.228092,-0.053292,-0.232888,warming_up,0.000000,0.000,-,0.000000,right_chewing
2904038.0,-0.09668,-1.749512,1.061523,0.306965,0.10845,-0.29977,warming_up,0.000000,0.000,-,0.000000,right_chewing
2904048.0,-0.10791,-1.742676,1.069336,0.355194,0.236619,-0.303501,warming_up,0.000000,0.000,-,0.000000,right_chewing
2904058.0,-0.112793,-1.756348,1.074219,0.361856,0.278453,-0.253406,warming_up,0.000000,0.000,-,0.000000,right_chewing
2904068.0,-0.131348,-1.76709,1.084473,0.417547,0.288046,-0.212371,warming_up,0.000000,0.000,-,0.000000,right_chewing
2904078.0,-0.126953,-1.764648,1.08252,0.440462,0.315758,-0.113513,warming_up,0.000000,0.000,-,0.000000,right_chewing
2904088.0,-0.117676,-1.768066,1.070313,0.431136,0.314959,-0.033041,warming_up,0.000000,0.000,-,0.000000,right_chewing
2904098.0,-0.116699,-1.789551,1.070801,0.38717,0.270459,-0.005063,warming_up,0.000000,0.000,-,0.000000,right_chewing
2904108.0,-0.099609,-1.809082,1.063965,0.297639,0.167871,-0.010925,warming_up,0.000000,0.000,-,0.000000,right_chewing
2904118.0,-0.135254,-1.822754,1.078125,0.208107,0.064484,-0.037305,warming_up,0.000000,0.000,-,0.000000,right_chewing
2904128.0,-0.152344,-1.816406,1.087402,0.188389,0.012257,-0.002132,warming_up,0.000000,0.000,-,0.000000,right_chewing
2904138.0,-0.161133,-1.800781,1.102051,0.130833,-0.010925,0.043966,warming_up,0.000000,0.000,-,0.000000,right_chewing
2904148.0,-0.139648,-1.777344,1.089355,0.079139,-0.05196,0.067948,warming_up,0.000000,0.000,-,0.000000,right_chewing
2904158.0,-0.152832,-1.749512,1.109375,0.052227,-0.021317,0.090864,warming_up,0.000000,0.000,-,0.000000,right_chewing
2904168.0,-0.141113,-1.724609,1.105957,0.00373,0.031975,0.082603,warming_up,0.000000,0.000,-,0.000000,right_chewing
2904178.0,-0.147461,-1.727051,1.110352,-0.048496,0.104986,0.10392,warming_up,0.000000,0.000,-,0.000000,right_chewing
2904188.0,-0.133301,-1.748535,1.108887,-0.054092,0.145489,0.118576,warming_up,0.000000,0.000,-,0.000000,right_chewing
2904198.0,-0.116211,-1.758301,1.098145,-0.098058,0.166539,0.102588,warming_up,0.000000,0.000,-,0.000000,right_chewing
2904208.0,-0.105469,-1.742676,1.102539,-0.060487,0.194518,0.063152,warming_up,0.000000,0.000,-,0.000000,right_chewing
2904218.0,-0.126465,-1.73291,1.094238,-0.020518,0.239283,0.002931,warming_up,0.000000,0.000,-,0.000000,right_chewing
2904228.0,-0.125,-1.726074,1.091309,0.022916,0.270726,0.008793,warming_up,0.000000,0.000,-,0.000000,right_chewing
2904238.0,-0.130371,-1.714355,1.095215,0.041835,0.267795,0.023715,warming_up,0.000000,0.000,-,0.000000,right_chewing
2904248.0,-0.128418,-1.755859,1.091309,0.056224,0.236086,0.073544,warming_up,0.000000,0.000,-,0.000000,right_chewing
2904258.0,-0.119141,-1.753418,1.091309,0.05649,0.206508,0.049562,warming_up,0.000000,0.000,-,0.000000,right_chewing
2904268.0,-0.120605,-1.756348,1.091309,0.057023,0.180395,0.037305,chewing,1.000000,75.000,left_chewing,0.981482,right_chewing
2904278.0,-0.10498,-1.744141,1.078613,0.069813,0.154548,-0.026646,chewing,1.000000,75.000,left_chewing,0.981482,right_chewing
2904288.0,-0.120605,-1.763184,1.089844,0.053825,0.134297,-0.058089,chewing,1.000000,75.000,left_chewing,0.981482,right_chewing
2904298.0,-0.140137,-1.75293,1.093262,0.07381,0.131899,-0.084735,chewing,1.000000,75.000,left_chewing,0.981482,right_chewing
2904308.0,-0.149414,-1.753906,1.087402,0.059421,0.114579,-0.070613,chewing,1.000000,75.000,left_chewing,0.981482,right_chewing
2904318.0,-0.154297,-1.75293,1.105957,0.076208,0.111914,-0.010658,chewing,1.000000,75.000,left_chewing,0.981482,right_chewing
2904328.0,-0.145508,-1.76416,1.098633,0.081538,0.098058,0.00826,chewing,1.000000,75.000,left_chewing,0.981482,right_chewing
2904338.0,-0.138184,-1.761719,1.098633,0.081005,0.093795,0.007994,chewing,1.000000,75.000,left_chewing,0.981482,right_chewing
2904348.0,-0.138672,-1.752441,1.098145,0.065816,0.078873,0.013057,chewing,1.000000,75.000,left_chewing,0.981482,right_chewing
2904358.0,-0.14209,-1.750488,1.103027,0.049828,0.067149,0.000266,chewing,1.000000,75.000,left_chewing,0.981482,right_chewing
2904368.0,-0.14209,-1.754395,1.099121,0.050095,0.077807,-0.00453,chewing,1.000000,75.000,left_chewing,0.981482,right_chewing
2904378.0,-0.14209,-1.745605,1.102051,0.017587,0.08287,0.006395,chewing,1.000000,75.000,left_chewing,0.981482,right_chewing
2904388.0,-0.144043,-1.747559,1.098145,-0.001066,0.08207,0.017587,chewing,1.000000,75.000,left_chewing,0.981482,right_chewing
2904398.0,-0.138184,-1.740723,1.106445,-0.005862,0.084735,0.015988,chewing,1.000000,75.000,left_chewing,0.981482,right_chewing
2904408.0,-0.130371,-1.746094,1.116699,-0.015721,0.023715,0.029044,chewing,1.000000,75.000,left_chewing,0.981482,right_chewing
2904418.0,-0.057129,-1.708496,1.051758,0.061819,0.044766,0.097792,chewing,1.000000,75.000,left_chewing,0.981482,right_chewing
2904428.0,-0.060547,-1.744141,1.04541,-0.087666,0.109783,-0.033041,chewing,1.000000,75.000,left_chewing,0.981482,right_chewing
2904438.0,-0.179687,-1.787109,1.081055,-0.13936,0.129767,-0.116178,chewing,1.000000,75.000,left_chewing,0.981482,right_chewing
2904448.0,-0.223633,-1.786133,1.116211,-0.173467,0.060753,0.031975,chewing,1.000000,75.000,left_chewing,0.981482,right_chewing
2904458.0,-0.213379,-1.736328,1.106445,-0.164674,-0.010925,0.246211,chewing,1.000000,75.000,left_chewing,0.981482,right_chewing
2904468.0,-0.145508,-1.743164,1.094238,-0.173201,-0.049562,0.318689,chewing,1.000000,75.000,left_chewing,0.981482,right_chewing
2904478.0,-0.115234,-1.769043,1.104004,-0.192386,-0.037838,0.231289,chewing,1.000000,75.000,left_chewing,0.981482,right_chewing
2904488.0,-0.111328,-1.787109,1.081055,-0.22676,-0.011724,0.10472,chewing,1.000000,75.000,left_chewing,0.981482,right_chewing
2904498.0,-0.137695,-1.772461,1.101074,-0.23955,-0.015988,0.054891,chewing,1.000000,75.000,left_chewing,0.981482,right_chewing
2904508.0,-0.161621,-1.750488,1.094727,-0.241415,-0.014389,0.088998,chewing,1.000000,75.000,left_chewing,0.981482,right_chewing
2904518.0,-0.15332,-1.749023,1.088379,-0.232622,-0.010925,0.09193,chewing,1.000000,75.000,left_chewing,0.981482,right_chewing
2904528.0,-0.154785,-1.76416,1.091309,-0.221164,-0.028245,0.076475,chewing,1.000000,75.000,left_chewing,0.981482,right_chewing
2904538.0,-0.166504,-1.74707,1.100098,-0.194784,-0.06102,0.075142,chewing,1.000000,75.000,left_chewing,0.981482,right_chewing
2904548.0,-0.159668,-1.736328,1.102051,-0.196916,-0.065283,0.099124,chewing,1.000000,75.000,left_chewing,0.981482,right_chewing
2904558.0,-0.148926,-1.765137,1.084473,-0.189188,-0.082603,0.096193,chewing,1.000000,75.000,left_chewing,0.981482,right_chewing
2904568.0,-0.137207,-1.756348,1.091797,-0.162542,-0.078606,0.067948,chewing,1.000000,75.000,left_chewing,0.981482,right_chewing
2904578.0,-0.137695,-1.751465,1.075684,-0.16121,-0.041302,0.056757,chewing,1.000000,75.000,left_chewing,0.981482,right_chewing
2904588.0,-0.138672,-1.756348,1.081543,-0.146554,-0.0429,0.03917,chewing,1.000000,75.000,left_chewing,0.981482,right_chewing
2904598.0,-0.138672,-1.749023,1.07373,-0.135629,-0.043966,0.0437,chewing,1.000000,75.000,left_chewing,0.981482,right_chewing
2904608.0,-0.149414,-1.75,1.084473,-0.1311,-0.037838,0.052227,chewing,1.000000,75.000,left_chewing,0.981482,right_chewing
2904618.0,-0.141113,-1.768066,1.081543,-0.129501,-0.060221,0.068747,chewing,1.000000,75.000,left_chewing,0.981482,right_chewing
2904628.0,-0.157227,-1.76709,1.085449,-0.148953,-0.117776,0.072211,chewing,1.000000,75.000,left_chewing,0.981482,right_chewing
2904638.0,-0.148437,-1.747559,1.068848,-0.132698,-0.04823,0.063951,chewing,1.000000,75.000,left_chewing,0.981482,right_chewing
2904648.0,-0.158691,-1.744629,1.068359,-0.123372,-0.057556,0.020251,chewing,1.000000,75.000,left_chewing,0.981482,right_chewing
2904658.0,-0.158691,-1.76416,1.065918,-0.114579,-0.028778,0.018386,chewing,1.000000,75.000,left_chewing,0.981482,right_chewing
2904668.0,-0.154785,-1.761719,1.059082,-0.10925,-0.020518,0.020251,chewing,1.000000,75.000,left_chewing,0.981482,right_chewing
2904678.0,-0.147461,-1.765137,1.074219,-0.094861,-0.009859,-0.008527,chewing,1.000000,75.000,left_chewing,0.981482,right_chewing
2904688.0,-0.15625,-1.773926,1.060547,-0.073544,0.011991,-0.03464,chewing,1.000000,75.000,left_chewing,0.981482,right_chewing
2904698.0,-0.158203,-1.769531,1.083496,-0.035706,0.008793,-0.092729,chewing,1.000000,75.000,left_chewing,0.981482,right_chewing
2904708.0,-0.157715,-1.762695,1.084961,-0.00906,0.020784,-0.153216,chewing,1.000000,75.000,left_chewing,0.981482,right_chewing
2904718.0,-0.162598,-1.752441,1.09082,0.061286,0.054092,-0.171868,chewing,1.000000,75.000,left_chewing,0.981482,right_chewing
2904728.0,-0.149902,-1.748047,1.083984,0.099923,0.094594,-0.172934,chewing,1.000000,75.000,left_chewing,0.981482,right_chewing
2904738.0,-0.156738,-1.751953,1.092285,0.168671,0.146554,-0.168138,chewing,1.000000,75.000,left_chewing,0.981482,right_chewing
2904748.0,-0.15332,-1.753906,1.088867,0.167338,0.16121,-0.14389,chewing,1.000000,75.000,left_chewing,0.981482,right_chewing
2904758.0,-0.132812,-1.768555,1.087891,0.154548,0.17027,-0.106585,chewing,1.000000,75.000,left_chewing,0.981482,right_chewing
2904768.0,-0.134277,-1.785645,1.072754,0.127103,0.134564,-0.144956,chewing,1.000000,75.000,left_chewing,0.981482,right_chewing
2904778.0,-0.151367,-1.779785,1.091309,0.116178,0.127369,-0.147887,chewing,1.000000,75.000,left_chewing,0.981482,right_chewing
2904788.0,-0.145996,-1.758789,1.074707,0.096459,0.10925,-0.10845,chewing,1.000000,75.000,left_chewing,0.981482,right_chewing
2904798.0,-0.12793,-1.760742,1.059082,0.075142,0.088466,-0.072211,chewing,1.000000,75.000,left_chewing,0.981482,right_chewing
2904808.0,-0.131836,-1.767578,1.074707,0.007194,0.041302,-0.038371,chewing,1.000000,75.000,left_chewing,0.981482,right_chewing
2904818.0,-0.141113,-1.776367,1.088379,-0.001066,0.004263,-0.042634,chewing,1.000000,75.000,left_chewing,0.981482,right_chewing
2904828.0,-0.15625,-1.763672,1.09375,0.017587,-0.006395,-0.063685,chewing,1.000000,75.000,left_chewing,0.981482,right_chewing
2904838.0,-0.155762,-1.741211,1.07959,0.005329,0.029844,-0.064484,chewing,1.000000,75.000,left_chewing,0.981482,right_chewing
2904848.0,-0.13916,-1.743164,1.069336,0.012524,0.113779,-0.072744,chewing,1.000000,75.000,left_chewing,0.981482,right_chewing
2904858.0,-0.128418,-1.746094,1.081543,0.025847,0.137228,-0.064484,chewing,1.000000,75.000,left_chewing,0.981482,right_chewing
2904868.0,-0.129395,-1.75,1.091309,-0.019718,0.155881,-0.047963,chewing,1.000000,75.000,left_chewing,0.981482,right_chewing
2904878.0,-0.120117,-1.741699,1.094727,-0.054625,0.1311,-0.043167,chewing,1.000000,75.000,left_chewing,0.981482,right_chewing
2904888.0,-0.113281,-1.744141,1.089844,-0.04743,0.133764,-0.018652,chewing,1.000000,75.000,left_chewing,0.981482,right_chewing
2904898.0,-0.121094,-1.731934,1.088379,-0.068481,0.130833,-0.006662,chewing,1.000000,75.000,left_chewing,0.981482,right_chewing
2904908.0,-0.126465,-1.743164,1.091797,-0.066616,0.096726,0.001066,chewing,1.000000,75.000,left_chewing,0.981482,right_chewing
2904918.0,-0.10791,-1.759277,1.082031,-0.087666,0.1311,0.015455,chewing,1.000000,75.000,left_chewing,0.981482,right_chewing
2904928.0,-0.134277,-1.744629,1.075195,-0.073277,0.123905,-0.000799,chewing,1.000000,75.000,left_chewing,0.981482,right_chewing
2904938.0,-0.128906,-1.76416,1.074219,-0.095926,0.173201,0.012524,chewing,1.000000,75.000,left_chewing,0.981482,right_chewing
2904948.0,-0.153809,-1.762207,1.066895,-0.07381,0.191587,0.00453,chewing,1.000000,75.000,left_chewing,0.981482,right_chewing
2904958.0,-0.161621,-1.732422,1.074219,-0.06928,0.250208,-0.002931,chewing,1.000000,75.000,left_chewing,0.981482,right_chewing
2904968.0,-0.163086,-1.745605,1.084961,-0.063152,0.290977,-0.012524,chewing,1.000000,75.000,left_chewing,0.981482,right_chewing
2904978.0,-0.151855,-1.745117,1.079102,-0.049828,0.301103,-0.031709,chewing,1.000000,75.000,left_chewing,0.981482,right_chewing
2904988.0,-0.165039,-1.728516,1.084473,-0.053559,0.32242,-0.014389,chewing,1.000000,75.000,left_chewing,0.981482,right_chewing
2904998.0,-0.161621,-1.734863,1.102539,-0.058888,0.362655,-0.015721,chewing,1.000000,75.000,left_chewing,0.981482,right_chewing
2905008.0,-0.155762,-1.775391,1.099121,-0.0437,0.392499,-0.055691,chewing,1.000000,75.000,left_chewing,0.981482,right_chewing
2905018.0,-0.165527,-1.722168,1.099609,-0.02638,0.420211,-0.037305,chewing,1.000000,75.000,left_chewing,0.981482,right_chewing
2905028.0,-0.156738,-1.782715,1.114746,0.031443,0.418879,-0.033841,chewing,1.000000,75.000,left_chewing,0.981482,right_chewing
2905038.0,-0.151855,-1.785156,1.104004,0.0437,0.399161,-0.010658,chewing,1.000000,75.000,left_chewing,0.981482,right_chewing
2905048.0,-0.130371,-1.772461,1.091797,0.067415,0.327749,0.008793,chewing,1.000000,75.000,left_chewing,0.981482,right_chewing
2905058.0,-0.121582,-1.758301,1.112305,0.054891,0.284848,0.025047,chewing,1.000000,75.000,left_chewing,0.981482,right_chewing
2905068.0,-0.130371,-1.749512,1.095215,0.076208,0.256603,0.042101,chewing,1.000000,75.000,left_chewing,0.981482,right_chewing
2905078.0,-0.134277,-1.746094,1.102051,0.088199,0.235286,0.071412,chewing,1.000000,75.000,left_chewing,0.981482,right_chewing
2905088.0,-0.134766,-1.745117,1.094727,0.080738,0.217966,0.092995,chewing,1.000000,75.000,left_chewing,0.981482,right_chewing
2905098.0,-0.133789,-1.736816,1.109375,0.084469,0.206508,0.12577,chewing,1.000000,75.000,left_chewing,0.981482,right_chewing
2905108.0,-0.130371,-1.733398,1.100586,0.055158,0.168671,0.124438,chewing,1.000000,75.000,left_chewing,0.981482,right_chewing
2905118.0,-0.120117,-1.744629,1.102051,0.051161,0.118309,0.105519,chewing,1.000000,75.000,left_chewing,0.981482,right_chewing
2905128.0,-0.143555,-1.736328,1.100586,0.031176,0.068214,0.132965,chewing,1.000000,75.000,left_chewing,0.981482,right_chewing
2905138.0,-0.141113,-1.736328,1.083496,0.018386,0.005596,0.143623,chewing,1.000000,75.000,left_chewing,0.981482,right_chewing
2905148.0,-0.136719,-1.745117,1.078125,-0.026646,0.013856,0.127636,chewing,1.000000,75.000,left_chewing,0.981482,right_chewing
2905158.0,-0.109375,-1.793945,1.142578,-0.065017,-0.037305,0.119642,chewing,1.000000,75.000,left_chewing,0.981482,right_chewing
2905168.0,-0.075684,-1.726074,1.047363,-0.014123,0.025047,0.121507,chewing,1.000000,75.000,left_chewing,0.981482,right_chewing
2905178.0,-0.195801,-1.717773,1.034668,-0.19132,0.119375,-0.224361,chewing,1.000000,75.000,left_chewing,0.981482,right_chewing
2905188.0,-0.283203,-1.774902,1.07373,-0.219832,0.104453,-0.189721,chewing,1.000000,75.000,left_chewing,0.981482,right_chewing
2905198.0,-0.257324,-1.792969,1.081543,-0.169737,0.036239,0.123372,chewing,1.000000,75.000,left_chewing,0.981482,right_chewing
2905208.0,-0.177246,-1.775879,1.072266,-0.085268,0.03917,0.349332,chewing,1.000000,75.000,left_chewing,0.981482,right_chewing
2905218.0,-0.133301,-1.815918,1.067871,-0.071145,0.041568,0.320288,chewing,1.000000,75.000,left_chewing,0.981482,right_chewing
2905228.0,-0.123535,-1.805176,1.064941,-0.055158,0.066083,0.209706,chewing,1.000000,75.000,left_chewing,0.981482,right_chewing
2905238.0,-0.119629,-1.8125,1.064941,-0.138028,0.037038,0.126836,chewing,1.000000,75.000,left_chewing,0.981482,right_chewing
2905248.0,-0.17334,-1.753906,1.078613,-0.086867,0.089798,0.109783,chewing,1.000000,75.949,left_chewing,0.981482,right_chewing
2905258.0,-0.190918,-1.751953,1.081543,-0.103121,0.043167,0.140426,chewing,1.000000,75.949,left_chewing,0.981482,right_chewing
2905268.0,-0.182617,-1.740234,1.091309,-0.077807,0.034107,0.211038,chewing,1.000000,75.949,left_chewing,0.981482,right_chewing
2905278.0,-0.177734,-1.750488,1.088379,-0.093528,0.003198,0.233688,chewing,1.000000,75.949,left_chewing,0.981482,right_chewing
2905288.0,-0.186523,-1.75293,1.084961,-0.054092,-0.028778,0.254738,chewing,1.000000,75.949,left_chewing,0.981482,right_chewing
2905298.0,-0.187012,-1.763672,1.083984,-0.055158,-0.054358,0.241948,chewing,1.000000,75.949,left_chewing,0.981482,right_chewing
2905308.0,-0.178711,-1.766602,1.082031,-0.056757,-0.056757,0.203844,chewing,1.000000,75.949,left_chewing,0.981482,right_chewing
2905318.0,-0.175781,-1.764648,1.081543,-0.060487,-0.041302,0.210505,chewing,1.000000,75.949,left_chewing,0.981482,right_chewing
2905328.0,-0.179687,-1.741699,1.083496,-0.060487,-0.062352,0.207574,chewing,1.000000,75.949,left_chewing,0.981482,right_chewing
2905338.0,-0.197266,-1.73584,1.075684,-0.084735,-0.061286,0.224894,chewing,1.000000,75.949,left_chewing,0.981482,right_chewing
2905348.0,-0.198242,-1.743164,1.087402,-0.094861,-0.072478,0.230757,chewing,1.000000,75.949,left_chewing,0.981482,right_chewing
2905358.0,-0.208984,-1.745605,1.074219,-0.092729,-0.081005,0.235819,chewing,1.000000,75.949,left_chewing,0.981482,right_chewing
2905368.0,-0.213379,-1.754395,1.089844,-0.115645,-0.071145,0.23955,chewing,1.000000,75.949,left_chewing,0.981482,right_chewing
2905378.0,-0.210449,-1.742676,1.078125,-0.120708,-0.060221,0.266995,chewing,1.000000,75.949,left_chewing,0.981482,right_chewing
2905388.0,-0.186523,-1.759766,1.062988,-0.134297,-0.070879,0.272058,chewing,1.000000,75.949,left_chewing,0.981482,right_chewing
2905398.0,-0.197754,-1.761719,1.071777,-0.154815,-0.052493,0.22143,chewing,1.000000,75.949,left_chewing,0.981482,right_chewing
2905408.0,-0.20459,-1.764648,1.058105,-0.147087,-0.067681,0.165207,chewing,1.000000,75.949,left_chewing,0.981482,right_chewing
2905418.0,-0.225586,-1.766113,1.071777,-0.100456,-0.04743,0.137761,chewing,1.000000,75.949,left_chewing,0.981482,right_chewing
2905428.0,-0.221191,-1.755859,1.07959,-0.063951,-0.016521,0.155348,chewing,1.000000,75.949,left_chewing,0.981482,right_chewing
2905438.0,-0.224609,-1.757324,1.083496,-0.057023,0.013057,0.122306,chewing,1.000000,75.949,left_chewing,0.981482,right_chewing
2905448.0,-0.23584,-1.755371,1.075684,-0.048496,0.053292,0.09113,chewing,1.000000,75.949,left_chewing,0.981482,right_chewing
2905458.0,-0.244141,-1.757324,1.074707,-0.040236,0.084735,0.086334,chewing,1.000000,75.949,left_chewing,0.981482,right_chewing
2905468.0,-0.236328,-1.754395,1.09082,-0.016521,0.101789,0.067415,chewing,1.000000,75.949,left_chewing,0.981482,right_chewing
2905478.0,-0.233887,-1.750977,1.077637,-0.006662,0.131366,0.059421,chewing,1.000000,75.949,left_chewing,0.981482,right_chewing
2905488.0,-0.236328,-1.750977,1.097168,0.031709,0.145222,0.006129,chewing,1.000000,75.949,left_chewing,0.981482,right_chewing
2905498.0,-0.237305,-1.750488,1.085449,0.096726,0.167871,-0.041035,chewing,1.000000,75.949,left_chewing,0.981482,right_chewing
2905508.0,-0.216797,-1.763184,1.095215,0.16494,0.215302,-0.066616,chewing,1.000000,75.949,left_chewing,0.981482,right_chewing
2905518.0,-0.205078,-1.747559,1.065918,0.208907,0.253939,-0.106585,chewing,1.000000,75.949,left_chewing,0.981482,right_chewing
2905528.0,-0.197266,-1.756348,1.081055,0.244879,0.286447,-0.161743,chewing,1.000000,75.949,left_chewing,0.981482,right_chewing
2905538.0,-0.195801,-1.760254,1.069336,0.252606,0.311228,-0.183326,chewing,1.000000,75.949,left_chewing,0.981482,right_chewing
2905548.0,-0.208496,-1.766113,1.075684,0.215035,0.330147,-0.181194,chewing,1.000000,75.949,left_chewing,0.981482,right_chewing
2905558.0,-0.224609,-1.766602,1.068359,0.181727,0.29151,-0.153216,chewing,1.000000,75.949,left_chewing,0.981482,right_chewing
2905568.0,-0.224121,-1.788574,1.073242,0.136429,0.226227,-0.066083,chewing,1.000000,75.949,left_chewing,0.981482,right_chewing
2905578.0,-0.210937,-1.772949,1.092285,0.091663,0.166806,-0.030643,chewing,1.000000,75.949,left_chewing,0.981482,right_chewing
2905588.0,-0.225098,-1.756836,1.097656,0.015455,0.129501,-0.009593,chewing,1.000000,75.949,left_chewing,0.981482,right_chewing
2905598.0,-0.212891,-1.748535,1.09668,0.023449,0.111381,-0.024515,chewing,1.000000,75.949,left_chewing,0.981482,right_chewing
2905608.0,-0.1875,-1.749023,1.070801,-0.016254,0.093262,-0.013323,chewing,1.000000,75.949,left_chewing,0.981482,right_chewing
2905618.0,-0.196777,-1.759766,1.081055,-0.029311,0.114046,-0.03917,chewing,1.000000,75.949,left_chewing,0.981482,right_chewing
2905628.0,-0.205566,-1.75293,1.09375,-0.044233,0.073011,-0.051427,chewing,1.000000,75.949,left_chewing,0.981482,right_chewing
2905638.0,-0.205078,-1.741699,1.104004,-0.044499,0.053026,-0.041035,chewing,1.000000,75.949,left_chewing,0.981482,right_chewing
2905648.0,-0.211914,-1.730469,1.096191,-0.042101,0.059421,-0.03464,chewing,1.000000,75.949,left_chewing,0.981482,right_chewing
2905658.0,-0.202148,-1.743652,1.098145,-0.055957,0.063152,-0.033308,chewing,1.000000,75.949,left_chewing,0.981482,right_chewing
2905668.0,-0.19873,-1.768066,1.091797,-0.082603,0.076475,-0.033308,chewing,1.000000,75.949,left_chewing,0.981482,right_chewing
2905678.0,-0.206055,-1.752441,1.097656,-0.072478,0.132698,-0.029044,chewing,1.000000,75.949,left_chewing,0.981482,right_chewing
2905688.0,-0.203613,-1.744141,1.083496,-0.05196,0.144156,-0.049029,chewing,1.000000,75.949,left_chewing,0.981482,right_chewing
2905698.0,-0.20459,-1.730469,1.088867,-0.011458,0.165207,-0.046364,chewing,1.000000,75.949,left_chewing,0.981482,right_chewing
2905708.0,-0.196777,-1.729492,1.092773,0.01359,0.179063,-0.027712,chewing,1.000000,75.949,left_chewing,0.981482,right_chewing
2905718.0,-0.195801,-1.746582,1.102051,0.037038,0.164674,-0.006662,chewing,1.000000,75.949,left_chewing,0.981482,right_chewing
2905728.0,-0.193848,-1.743164,1.096191,0.062619,0.15215,-0.014123,chewing,1.000000,75.949,left_chewing,0.981482,right_chewing
2905738.0,-0.200195,-1.750977,1.099121,0.052227,0.130833,-0.018386,chewing,1.000000,75.949,left_chewing,0.981482,right_chewing
2905748.0,-0.213379,-1.754395,1.086426,0.058888,0.08287,-0.025047,chewing,1.000000,75.949,left_chewing,0.981482,right_chewing
2905758.0,-0.21582,-1.755371,1.091797,0.059688,0.02558,0.001066,chewing,1.000000,75.949,left_chewing,0.981482,right_chewing
2905768.0,-0.212402,-1.755371,1.096191,0.08207,0.007194,0.012257,chewing,1.000000,75.949,left_chewing,0.981482,right_chewing
2905778.0,-0.197754,-1.749512,1.091797,0.113247,-0.008793,0.019718,chewing,1.000000,75.949,left_chewing,0.981482,right_chewing
2905788.0,-0.204102,-1.751465,1.094727,0.105786,-0.01732,0.024781,chewing,1.000000,75.949,left_chewing,0.981482,right_chewing
2905798.0,-0.229004,-1.754395,1.099609,0.122573,-0.015721,0.058089,chewing,1.000000,75.949,left_chewing,0.981482,right_chewing
2905808.0,-0.225586,-1.757813,1.101074,0.13483,-0.021051,0.063951,chewing,1.000000,75.949,left_chewing,0.981482,right_chewing
2905818.0,-0.222168,-1.753906,1.101074,0.135629,-0.034907,0.040236,chewing,1.000000,75.949,left_chewing,0.981482,right_chewing
2905828.0,-0.224609,-1.745605,1.108887,0.126037,-0.055691,0.053825,chewing,1.000000,75.949,left_chewing,0.981482,right_chewing
2905838.0,-0.230957,-1.757324,1.111816,0.115112,-0.053825,0.067149,chewing,1.000000,75.949,left_chewing,0.981482,right_chewing
2905848.0,-0.235352,-1.766113,1.118164,0.102055,-0.054092,0.063152,chewing,1.000000,75.949,left_chewing,0.981482,right_chewing
2905858.0,-0.221191,-1.733887,1.109863,0.097525,-0.015721,0.036239,chewing,1.000000,75.949,left_chewing,0.981482,right_chewing
2905868.0,-0.219727,-1.728027,1.109863,0.065816,-0.022649,0.033041,chewing,1.000000,75.949,left_chewing,0.981482,right_chewing
2905878.0,-0.205078,-1.744141,1.105469,0.0437,-0.087666,0.04743,chewing,1.000000,75.949,left_chewing,0.981482,right_chewing
2905888.0,-0.204102,-1.736328,1.120605,0.02638,-0.14842,0.043966,chewing,1.000000,75.949,left_chewing,0.981482,right_chewing
2905898.0,-0.211426,-1.722656,1.090332,0.018119,-0.076475,0.001332,chewing,1.000000,75.949,left_chewing,0.981482,right_chewing
2905908.0,-0.210937,-1.733398,1.10791,-0.001865,-0.049296,-0.013057,chewing,1.000000,75.949,left_chewing,0.981482,right_chewing
2905918.0,-0.178223,-1.719727,1.105469,0.022649,-0.051427,0.031975,chewing,1.000000,75.949,left_chewing,0.981482,right_chewing
2905928.0,-0.163086,-1.727539,1.108398,0.000533,-0.006129,0.054891,chewing,1.000000,75.949,left_chewing,0.981482,right_chewing
2905938.0,-0.209961,-1.731445,1.091797,-0.053559,0.016254,-0.061553,chewing,1.000000,75.949,left_chewing,0.981482,right_chewing
2905948.0,-0.248047,-1.741699,1.117676,-0.097525,0.028245,-0.059155,chewing,1.000000,75.949,left_chewing,0.981482,right_chewing
2905958.0,-0.26416,-1.715332,1.112305,-0.108184,0.012257,0.040502,chewing,1.000000,75.949,left_chewing,0.981482,right_chewing
2905968.0,-0.240723,-1.70459,1.100098,-0.16121,0.003997,0.129234,chewing,1.000000,75.949,left_chewing,0.981482,right_chewing
2905978.0,-0.203613,-1.736816,1.09082,-0.231289,-0.036239,0.179063,chewing,1.000000,75.949,left_chewing,0.981482,right_chewing
2905988.0,-0.196777,-1.772461,1.077148,-0.31256,-0.094861,0.159877,chewing,1.000000,75.949,left_chewing,0.981482,right_chewing
2905998.0,-0.220703,-1.788086,1.083984,-0.383972,-0.133231,0.086067,chewing,1.000000,75.949,left_chewing,0.981482,right_chewing
2906008.0,-0.242676,-1.766113,1.094727,-0.382907,-0.135629,0.124971,chewing,1.000000,75.949,left_chewing,0.981482,right_chewing
2906018.0,-0.229004,-1.731934,1.100586,-0.396496,-0.126836,0.146554,chewing,1.000000,75.949,left_chewing,0.981482,right_chewing
2906028.0,-0.249023,-1.737305,1.109375,-0.380242,-0.096193,0.129767,chewing,1.000000,75.949,left_chewing,0.981482,right_chewing
2906038.0,-0.217773,-1.735352,1.091309,-0.38264,-0.061286,0.163341,chewing,1.000000,75.949,left_chewing,0.981482,right_chewing
2906048.0,-0.226074,-1.753418,1.097656,-0.368518,-0.067415,0.120175,chewing,1.000000,75.949,left_chewing,0.981482,right_chewing
2906058.0,-0.240723,-1.746094,1.106445,-0.297905,-0.071678,0.144423,chewing,1.000000,75.949,left_chewing,0.981482,right_chewing
2906068.0,-0.233398,-1.736816,1.086914,-0.262199,-0.059954,0.193185,chewing,1.000000,75.949,left_chewing,0.981482,right_chewing
2906078.0,-0.213867,-1.740723,1.085449,-0.238484,-0.041568,0.190254,chewing,1.000000,75.949,left_chewing,0.981482,right_chewing
2906088.0,-0.197266,-1.760254,1.085449,-0.212371,-0.045299,0.140959,chewing,1.000000,75.949,left_chewing,0.981482,right_chewing
2906098.0,-0.199707,-1.76123,1.095703,-0.179596,-0.066616,0.102055,chewing,1.000000,75.949,left_chewing,0.981482,right_chewing
2906108.0,-0.203125,-1.733887,1.085449,-0.180662,-0.072211,0.045832,chewing,1.000000,75.949,left_chewing,0.981482,right_chewing
2906118.0,-0.199707,-1.756836,1.077148,-0.166273,-0.052227,0.041035,chewing,1.000000,75.949,left_chewing,0.981482,right_chewing
2906128.0,-0.209961,-1.758789,1.080078,-0.168138,-0.038904,0.019718,chewing,1.000000,75.949,left_chewing,0.981482,right_chewing
2906138.0,-0.213867,-1.767578,1.084473,-0.14309,-0.034907,-0.018119,chewing,1.000000,75.949,left_chewing,0.981482,right_chewing
2906148.0,-0.204102,-1.774414,1.08252,-0.085801,-0.032508,-0.031709,chewing,1.000000,75.949,left_chewing,0.981482,right_chewing
2906158.0,-0.199707,-1.742188,1.083496,-0.031709,-0.023715,-0.071945,chewing,1.000000,75.949,left_chewing,0.981482,right_chewing
2906168.0,-0.20166,-1.742188,1.052246,0.00373,0.037838,-0.095394,chewing,1.000000,75.949,left_chewing,0.981482,right_chewing
2906178.0,-0.208496,-1.759766,1.060547,0.026113,0.078873,-0.117776,chewing,1.000000,75.949,left_chewing,0.981482,right_chewing
2906188.0,-0.230469,-1.756348,1.064941,0.045032,0.112181,-0.110848,chewing,1.000000,75.949,left_chewing,0.981482,right_chewing
2906198.0,-0.218262,-1.755371,1.05957,0.070879,0.123905,-0.152949,chewing,1.000000,75.949,left_chewing,0.981482,right_chewing
2906208.0,-0.225098,-1.749023,1.084473,0.099923,0.119908,-0.176931,chewing,1.000000,75.949,left_chewing,0.981482,right_chewing
2906218.0,-0.211914,-1.729004,1.109863,0.157746,0.126037,-0.189721,chewing,1.000000,75.949,left_chewing,0.981482,right_chewing
2906228.0,-0.202637,-1.729492,1.087891,0.20864,0.168671,-0.181194,chewing,1.000000,75.949,left_chewing,0.981482,right_chewing
2906238.0,-0.19873,-1.736328,1.098145,0.267262,0.21317,-0.20038,chewing,1.000000,75.949,left_chewing,0.981482,right_chewing
2906248.0,-0.190918,-1.743164,1.097168,0.35173,0.2606,-0.25234,chewing,1.000000,75.949,left_chewing,0.981482,right_chewing
2906258.0,-0.190918,-1.726563,1.078613,0.421544,0.352796,-0.279253,chewing,1.000000,75.949,left_chewing,0.981482,right_chewing
2906268.0,-0.183105,-1.731934,1.075684,0.447923,0.391167,-0.337341,chewing,1.000000,105.263,left_chewing,0.950728,right_chewing
2906278.0,-0.211426,-1.73584,1.071777,0.329614,0.367718,-0.330413,chewing,1.000000,105.263,left_chewing,0.950728,right_chewing
2906288.0,-0.197754,-1.763672,1.083008,0.267795,0.274456,-0.229158,chewing,1.000000,105.263,left_chewing,0.950728,right_chewing
2906298.0,-0.196777,-1.786133,1.074219,0.153749,0.210772,-0.227825,chewing,1.000000,105.263,left_chewing,0.950728,right_chewing
2906308.0,-0.206543,-1.799805,1.06543,0.0866,0.142025,-0.167605,chewing,1.000000,105.263,left_chewing,0.950728,right_chewing
2906318.0,-0.199219,-1.789551,1.07666,0.066349,0.096193,-0.11751,chewing,1.000000,105.263,left_chewing,0.950728,right_chewing
2906328.0,-0.197754,-1.756836,1.087402,0.041568,0.073277,-0.103121,chewing,1.000000,105.263,left_chewing,0.950728,right_chewing
2906338.0,-0.206543,-1.744629,1.089844,0.014655,0.089531,-0.107917,chewing,1.000000,105.263,left_chewing,0.950728,right_chewing
2906348.0,-0.200684,-1.738281,1.097656,0.029044,0.104986,-0.0874,chewing,1.000000,105.263,left_chewing,0.950728,right_chewing
2906358.0,-0.206543,-1.751465,1.104004,0.000266,0.090864,-0.057822,chewing,1.000000,105.263,left_chewing,0.950728,right_chewing
2906368.0,-0.22168,-1.755371,1.130859,-0.001332,0.076741,-0.115911,chewing,1.000000,105.263,left_chewing,0.950728,right_chewing
2906378.0,-0.201172,-1.743164,1.131348,0.011991,0.067681,-0.093528,chewing,1.000000,105.263,left_chewing,0.950728,right_chewing
2906388.0,-0.199219,-1.737305,1.132813,-0.034907,0.098858,-0.061553,chewing,1.000000,105.263,left_chewing,0.950728,right_chewing
2906398.0,-0.192871,-1.743164,1.114258,-0.056757,0.114845,-0.040769,chewing,1.000000,105.263,left_chewing,0.950728,right_chewing
2906408.0,-0.197266,-1.740723,1.102051,-0.020251,0.123639,-0.027179,chewing,1.000000,105.263,left_chewing,0.950728,right_chewing
2906418.0,-0.192383,-1.74707,1.098633,0.01279,0.113779,-0.021583,chewing,1.000000,105.263,left_chewing,0.950728,right_chewing
2906428.0,-0.199707,-1.74707,1.098633,0.011724,0.151351,-0.026913,chewing,1.000000,105.263,left_chewing,0.950728,right_chewing
2906438.0,-0.185547,-1.764648,1.108398,0.026913,0.162009,-0.036239,chewing,1.000000,105.263,left_chewing,0.950728,right_chewing
2906448.0,-0.20166,-1.737793,1.120605,0.042368,0.201179,-0.037305,chewing,1.000000,105.263,left_chewing,0.950728,right_chewing
2906458.0,-0.193359,-1.736816,1.118652,0.091663,0.171868,-0.04823,chewing,1.000000,105.263,left_chewing,0.950728,right_chewing
2906468.0,-0.203613,-1.734375,1.105469,0.094594,0.172135,-0.029044,chewing,1.000000,105.263,left_chewing,0.950728,right_chewing
2906478.0,-0.200195,-1.724121,1.116699,0.104986,0.147887,-0.05196,chewing,1.000000,105.263,left_chewing,0.950728,right_chewing
2906488.0,-0.196289,-1.717773,1.09375,0.092196,0.124438,-0.087133,chewing,1.000000,105.263,left_chewing,0.950728,right_chewing
2906498.0,-0.194336,-1.732422,1.109863,0.077807,0.123372,-0.12204,chewing,1.000000,105.263,left_chewing,0.950728,right_chewing
2906508.0,-0.195312,-1.745117,1.094727,0.07008,0.110582,-0.163341,chewing,1.000000,105.263,left_chewing,0.950728,right_chewing
2906518.0,-0.202148,-1.760254,1.087402,0.088466,0.09113,-0.175865,chewing,1.000000,105.263,left_chewing,0.950728,right_chewing
2906528.0,-0.212891,-1.75293,1.112793,0.096459,0.018652,-0.203577,chewing,1.000000,105.263,left_chewing,0.950728,right_chewing
2906538.0,-0.231934,-1.736816,1.103516,0.140692,-0.002398,-0.195583,chewing,1.000000,105.263,left_chewing,0.950728,right_chewing
2906548.0,-0.199219,-1.711426,1.120605,0.158812,0.005862,-0.140426,chewing,1.000000,105.263,left_chewing,0.950728,right_chewing
2906558.0,-0.18457,-1.733398,1.10791,0.151351,0.007461,-0.127902,chewing,1.000000,105.263,left_chewing,0.950728,right_chewing
2906568.0,-0.189453,-1.763184,1.111816,0.167871,0.02185,-0.133231,chewing,1.000000,105.263,left_chewing,0.950728,right_chewing
2906578.0,-0.18457,-1.751953,1.102051,0.18679,0.023449,-0.14309,chewing,1.000000,105.263,left_chewing,0.950728,right_chewing
2906588.0,-0.169922,-1.754883,1.112793,0.187856,0.038904,-0.185458,chewing,1.000000,105.263,left_chewing,0.950728,right_chewing
2906598.0,-0.192871,-1.731934,1.108887,0.167072,0.038371,-0.196383,chewing,1.000000,105.263,left_chewing,0.950728,right_chewing
2906608.0,-0.205566,-1.727539,1.129395,0.163075,0.056757,-0.185724,chewing,1.000000,105.263,left_chewing,0.950728,right_chewing
2906618.0,-0.188477,-1.734863,1.131836,0.159345,0.070346,-0.129501,chewing,1.000000,105.263,left_chewing,0.950728,right_chewing
2906628.0,-0.175293,-1.714355,1.120605,0.139093,0.051427,-0.101522,chewing,1.000000,105.263,left_chewing,0.950728,right_chewing
2906638.0,-0.172852,-1.732422,1.126465,0.112447,0.036505,-0.080472,chewing,1.000000,105.263,left_chewing,0.950728,right_chewing
2906648.0,-0.16748,-1.726563,1.118164,0.063685,0.005596,-0.090064,chewing,1.000000,105.263,left_chewing,0.950728,right_chewing
2906658.0,-0.164551,-1.722168,1.112793,0.013323,-0.028511,-0.072744,chewing,1.000000,105.263,left_chewing,0.950728,right_chewing
2906668.0,-0.178223,-1.728027,1.106445,-0.011991,-0.014655,-0.068481,chewing,1.000000,105.263,left_chewing,0.950728,right_chewing
2906678.0,-0.158691,-1.740234,1.125488,-0.02558,0.007194,-0.053026,chewing,1.000000,105.263,left_chewing,0.950728,right_chewing
2906688.0,-0.160645,-1.736328,1.123047,-0.031975,0.021051,-0.028778,chewing,1.000000,105.263,left_chewing,0.950728,right_chewing
2906698.0,-0.159668,-1.736328,1.120605,-0.084202,0.018386,0.00906,chewing,1.000000,105.263,left_chewing,0.950728,right_chewing
2906708.0,-0.181641,-1.737305,1.119629,-0.139626,0.045299,0.014123,chewing,1.000000,105.263,left_chewing,0.950728,right_chewing
2906718.0,-0.20459,-1.736328,1.127441,-0.171602,0.038904,0.072211,chewing,1.000000,105.263,left_chewing,0.950728,right_chewing
2906728.0,-0.195312,-1.722656,1.127441,-0.169204,0.026913,0.11298,chewing,1.000000,105.263,left_chewing,0.950728,right_chewing
2906738.0,-0.1875,-1.723145,1.112793,-0.184392,0.02638,0.133231,chewing,1.000000,105.263,left_chewing,0.950728,right_chewing
2906748.0,-0.17627,-1.760254,1.12793,-0.187856,0.024248,0.13856,chewing,1.000000,105.263,left_chewing,0.950728,right_chewing
2906758.0,-0.178223,-1.756348,1.112305,-0.194784,0.02638,0.121773,chewing,1.000000,105.263,left_chewing,0.950728,right_chewing
2906768.0,-0.177246,-1.746094,1.114746,-0.20944,0.032242,0.068481,chewing,1.000000,105.263,left_chewing,0.950728,right_chewing
2906778.0,-0.196777,-1.738281,1.12207,-0.251274,0.056757,0.033841,chewing,1.000000,105.263,left_chewing,0.950728,right_chewing
2906788.0,-0.196289,-1.742676,1.121094,-0.230757,0.054092,0.035173,chewing,1.000000,105.263,left_chewing,0.950728,right_chewing
2906798.0,-0.197754,-1.743652,1.129883,-0.218499,0.041035,0.02638,chewing,1.000000,105.263,left_chewing,0.950728,right_chewing
2906808.0,-0.198242,-1.729492,1.113281,-0.211038,0.050361,0.022383,chewing,1.000000,105.263,left_chewing,0.950728,right_chewing
2906818.0,-0.193359,-1.724121,1.109375,-0.227559,0.042368,0.002931,chewing,1.000000,105.263,left_chewing,0.950728,right_chewing
2906828.0,-0.192871,-1.749512,1.107422,-0.234221,0.023715,-0.03091,chewing,1.000000,105.263,left_chewing,0.950728,right_chewing
2906838.0,-0.20166,-1.750977,1.103516,-0.192652,0.037305,-0.012524,chewing,1.000000,105.263,left_chewing,0.950728,right_chewing
2906848.0,-0.176758,-1.732422,1.131836,-0.160677,0.049029,0.010658,chewing,1.000000,105.263,left_chewing,0.950728,right_chewing
2906858.0,-0.180176,-1.734375,1.106934,-0.182793,0.023182,0.035706,chewing,1.000000,105.263,left_chewing,0.950728,right_chewing
2906868.0,-0.175293,-1.743164,1.113281,-0.150018,0.045565,0.014123,chewing,1.000000,105.263,left_chewing,0.950728,right_chewing
2906878.0,-0.178711,-1.728516,1.114258,-0.135363,0.060487,-0.01359,chewing,1.000000,105.263,left_chewing,0.950728,right_chewing
2906888.0,-0.185059,-1.725098,1.094238,-0.110315,0.057556,-0.036505,chewing,1.000000,105.263,left_chewing,0.950728,right_chewing
2906898.0,-0.177734,-1.736816,1.106934,-0.104453,0.038637,-0.050628,chewing,1.000000,105.263,left_chewing,0.950728,right_chewing
2906908.0,-0.179199,-1.729004,1.11377,-0.084735,0.060487,-0.05649,chewing,1.000000,105.263,left_chewing,0.950728,right_chewing
2906918.0,-0.188477,-1.72998,1.106934,-0.068214,0.060221,-0.083136,chewing,1.000000,105.263,left_chewing,0.950728,right_chewing
2906928.0,-0.187012,-1.73877,1.112305,-0.051161,0.082337,-0.087133,chewing,1.000000,105.263,left_chewing,0.950728,right_chewing
2906938.0,-0.185547,-1.726074,1.114746,-0.019985,0.129767,-0.088998,chewing,1.000000,105.263,left_chewing,0.950728,right_chewing
2906948.0,-0.189453,-1.724121,1.119141,0.03917,0.18306,-0.118309,chewing,1.000000,105.263,left_chewing,0.950728,right_chewing
2906958.0,-0.195312,-1.727539,1.115234,0.086334,0.224361,-0.101789,chewing,1.000000,105.263,left_chewing,0.950728,right_chewing
2906968.0,-0.181641,-1.727051,1.104492,0.104986,0.241415,-0.063685,chewing,1.000000,105.263,left_chewing,0.950728,right_chewing
2906978.0,-0.180664,-1.734375,1.104004,0.10019,0.232622,-0.053559,chewing,1.000000,105.263,left_chewing,0.950728,right_chewing
2906988.0,-0.166992,-1.757813,1.101563,0.078873,0.224894,-0.054625,chewing,1.000000,105.263,left_chewing,0.950728,right_chewing
2906998.0,-0.180664,-1.763672,1.116211,0.053825,0.201179,-0.073011,chewing,1.000000,105.263,left_chewing,0.950728,right_chewing
2907008.0,-0.1875,-1.760742,1.120605,0.046897,0.183593,-0.052493,chewing,1.000000,105.263,left_chewing,0.950728,right_chewing
2907018.0,-0.190918,-1.757813,1.11084,0.03011,0.149752,-0.002931,chewing,1.000000,105.263,left_chewing,0.950728,right_chewing
2907028.0,-0.179199,-1.732422,1.108398,0.03464,0.125237,0.031443,chewing,1.000000,105.263,left_chewing,0.950728,right_chewing
2907038.0,-0.175781,-1.736816,1.100098,0.015988,0.115112,0.040769,chewing,1.000000,105.263,left_chewing,0.950728,right_chewing
2907048.0,-0.16748,-1.756348,1.101563,0.007194,0.099657,0.015988,chewing,1.000000,105.263,left_chewing,0.950728,right_chewing
2907058.0,-0.172852,-1.756348,1.120605,0.015188,0.084202,0.022916,chewing,1.000000,105.263,left_chewing,0.950728,right_chewing
2907068.0,-0.168945,-1.734375,1.117676,0.004796,0.062619,-0.010392,chewing,1.000000,105.263,left_chewing,0.950728,right_chewing
2907078.0,-0.161133,-1.740723,1.105469,0.002931,0.053026,-0.018652,chewing,1.000000,105.263,left_chewing,0.950728,right_chewing
2907088.0,-0.170898,-1.736816,1.106934,-0.010658,0.063951,-0.012524,chewing,1.000000,105.263,left_chewing,0.950728,right_chewing
2907098.0,-0.188965,-1.731445,1.114746,-0.011991,0.086334,0.002132,chewing,1.000000,105.263,left_chewing,0.950728,right_chewing
2907108.0,-0.185547,-1.729492,1.119629,-0.012257,0.063685,-0.024781,chewing,1.000000,105.263,left_chewing,0.950728,right_chewing
2907118.0,-0.189453,-1.728516,1.109863,-0.014922,0.055957,-0.018919,chewing,1.000000,105.263,left_chewing,0.950728,right_chewing
2907128.0,-0.178223,-1.744629,1.097168,-0.047697,0.060753,-0.014389,chewing,1.000000,105.263,left_chewing,0.950728,right_chewing
2907138.0,-0.174805,-1.758789,1.105957,-0.065017,0.053292,-0.029311,chewing,1.000000,105.263,left_chewing,0.950728,right_chewing
2907148.0,-0.184082,-1.72998,1.105957,-0.073277,0.039969,-0.059421,chewing,1.000000,105.263,left_chewing,0.950728,right_chewing
2907158.0,-0.181641,-1.750488,1.095703,-0.098858,0.084202,-0.043433,chewing,1.000000,105.263,left_chewing,0.950728,right_chewing
2907168.0,-0.188965,-1.75,1.11084,-0.062352,0.079406,-0.016254,chewing,1.000000,105.263,left_chewing,0.950728,right_chewing
2907178.0,-0.202637,-1.734375,1.093262,-0.069813,0.110049,-0.012257,chewing,1.000000,105.263,left_chewing,0.950728,right_chewing
2907188.0,-0.185547,-1.747559,1.105469,-0.050628,0.10925,-0.032775,chewing,1.000000,105.263,left_chewing,0.950728,right_chewing
2907198.0,-0.205566,-1.731934,1.106934,-0.039703,0.082337,-0.0437,chewing,1.000000,105.263,left_chewing,0.950728,right_chewing
2907208.0,-0.205566,-1.747559,1.112793,-0.028245,0.099657,-0.020784,chewing,1.000000,105.263,left_chewing,0.950728,right_chewing
2907218.0,-0.199707,-1.745117,1.109863,-0.021317,0.126037,-0.009326,chewing,1.000000,105.263,left_chewing,0.950728,right_chewing
2907228.0,-0.199219,-1.752441,1.099609,-0.027712,0.128701,0.0,chewing,1.000000,105.263,left_chewing,0.950728,right_chewing
2907238.0,-0.196289,-1.766113,1.10791,-0.029577,0.10925,-0.001865,chewing,1.000000,105.263,left_chewing,0.950728,right_chewing
2907248.0,-0.193848,-1.772949,1.104492,-0.016521,0.091397,-0.023449,chewing,1.000000,105.263,left_chewing,0.950728,right_chewing
2907258.0,-0.197266,-1.754883,1.101074,-0.015988,0.069547,-0.046631,chewing,1.000000,105.263,left_chewing,0.950728,right_chewing
2907268.0,-0.209473,-1.741211,1.10498,0.004796,0.059688,-0.057822,chewing,1.000000,105.263,left_chewing,0.950728,right_chewing
2907278.0,-0.203613,-1.739746,1.096191,0.018919,0.077807,-0.036239,chewing,1.000000,83.916,left_chewing,0.963029,right_chewing
2907288.0,-0.194824,-1.749023,1.104492,0.035173,0.072744,-0.021317,chewing,1.000000,83.916,left_chewing,0.963029,right_chewing
2907298.0,-0.20752,-1.76709,1.116211,0.05649,0.06475,-0.007994,chewing,1.000000,83.916,left_chewing,0.963029,right_chewing
2907308.0,-0.186523,-1.749023,1.106445,0.069813,0.062619,-0.005063,chewing,1.000000,83.916,left_chewing,0.963029,right_chewing
2907318.0,-0.186035,-1.73291,1.103516,0.098058,0.069014,-0.01359,chewing,1.000000,83.916,left_chewing,0.963029,right_chewing
2907328.0,-0.177734,-1.72168,1.104004,0.073011,0.083669,-0.037305,chewing,1.000000,83.916,left_chewing,0.963029,right_chewing
2907338.0,-0.174805,-1.736328,1.102051,0.060753,0.086067,-0.037305,chewing,1.000000,83.916,left_chewing,0.963029,right_chewing
2907348.0,-0.18457,-1.750977,1.120117,0.035706,0.078873,-0.04823,chewing,1.000000,83.916,left_chewing,0.963029,right_chewing
2907358.0,-0.187012,-1.73877,1.112305,0.041035,0.042634,-0.019185,chewing,1.000000,83.916,left_chewing,0.963029,right_chewing
2907368.0,-0.177246,-1.730957,1.131348,0.022116,-0.018919,-0.038104,chewing,1.000000,83.916,left_chewing,0.963029,right_chewing
2907378.0,-0.176758,-1.728516,1.108398,0.019718,-0.040236,-0.05276,chewing,1.000000,83.916,left_chewing,0.963029,right_chewing
2907388.0,-0.168945,-1.723145,1.123535,0.012257,-0.041835,-0.03011,chewing,1.000000,83.916,left_chewing,0.963029,right_chewing
2907398.0,-0.163086,-1.70752,1.098633,0.011991,-0.077807,0.025847,chewing,1.000000,83.916,left_chewing,0.963029,right_chewing
2907408.0,-0.130859,-1.743164,1.094727,-0.01279,-0.020251,0.006662,chewing,1.000000,83.916,left_chewing,0.963029,right_chewing
2907418.0,-0.156738,-1.745605,1.089355,-0.06102,-0.018119,-0.007727,chewing,1.000000,83.916,left_chewing,0.963029,right_chewing
2907428.0,-0.171875,-1.742676,1.103027,-0.092196,-0.041835,0.000799,chewing,1.000000,83.916,left_chewing,0.963029,right_chewing
2907438.0,-0.179687,-1.73584,1.097656,-0.122306,-0.024781,0.05196,chewing,1.000000,83.916,left_chewing,0.963029,right_chewing
2907448.0,-0.199707,-1.719727,1.098145,-0.127103,-0.00826,0.076741,chewing,1.000000,83.916,left_chewing,0.963029,right_chewing
2907458.0,-0.220703,-1.730957,1.11084,-0.131899,0.001865,0.13483,chewing,1.000000,83.916,left_chewing,0.963029,right_chewing
2907468.0,-0.197266,-1.753906,1.103516,-0.140159,0.055957,0.188389,chewing,1.000000,83.916,left_chewing,0.963029,right_chewing
2907478.0,-0.178223,-1.751953,1.10791,-0.136162,0.075142,0.185191,chewing,1.000000,83.916,left_chewing,0.963029,right_chewing
2907488.0,-0.185059,-1.753906,1.104004,-0.148153,0.081804,0.112181,chewing,1.000000,83.916,left_chewing,0.963029,right_chewing
2907498.0,-0.194336,-1.752441,1.108398,-0.161476,0.061553,0.050095,chewing,1.000000,83.916,left_chewing,0.963029,right_chewing
2907508.0,-0.187988,-1.733398,1.09668,-0.160144,0.035972,0.034907,chewing,1.000000,83.916,left_chewing,0.963029,right_chewing
2907518.0,-0.192871,-1.723633,1.125,-0.143623,0.017054,0.053026,chewing,1.000000,83.916,left_chewing,0.963029,right_chewing
2907528.0,-0.20166,-1.729004,1.114746,-0.134564,0.014123,0.081271,chewing,1.000000,83.916,left_chewing,0.963029,right_chewing
2907538.0,-0.201172,-1.751953,1.09082,-0.127369,0.029577,0.10392,chewing,1.000000,83.916,left_chewing,0.963029,right_chewing
2907548.0,-0.202148,-1.770996,1.105469,-0.113779,0.014655,0.097259,chewing,1.000000,83.916,left_chewing,0.963029,right_chewing
2907558.0,-0.211914,-1.758301,1.108398,-0.098058,-0.014655,0.077008,chewing,1.000000,83.916,left_chewing,0.963029,right_chewing
2907568.0,-0.206543,-1.727539,1.109863,-0.088466,-0.033308,0.050894,chewing,1.000000,83.916,left_chewing,0.963029,right_chewing
2907578.0,-0.200684,-1.75,1.094238,-0.108717,-0.038371,0.072744,chewing,1.000000,83.916,left_chewing,0.963029,right_chewing
2907588.0,-0.199219,-1.746582,1.089355,-0.113513,-0.016521,0.064484,chewing,1.000000,83.916,left_chewing,0.963029,right_chewing
2907598.0,-0.192871,-1.755859,1.118164,-0.089798,-0.007194,0.057822,chewing,1.000000,83.916,left_chewing,0.963029,right_chewing
2907608.0,-0.188477,-1.739746,1.100586,-0.102588,-0.01359,0.059155,chewing,1.000000,83.916,left_chewing,0.963029,right_chewing
2907618.0,-0.192383,-1.741699,1.101074,-0.083669,-0.013856,0.032508,chewing,1.000000,83.916,left_chewing,0.963029,right_chewing
2907628.0,-0.195312,-1.736328,1.090332,-0.106319,-0.015721,0.017587,chewing,1.000000,83.916,left_chewing,0.963029,right_chewing
2907638.0,-0.189453,-1.739258,1.103516,-0.126303,-0.045299,-0.002931,chewing,1.000000,83.916,left_chewing,0.963029,right_chewing
2907648.0,-0.200195,-1.752441,1.100586,-0.123372,-0.028511,-0.014123,chewing,1.000000,83.916,left_chewing,0.963029,right_chewing
2907658.0,-0.215332,-1.726563,1.114746,-0.085534,-0.024781,-0.013856,chewing,1.000000,83.916,left_chewing,0.963029,right_chewing
2907668.0,-0.213379,-1.724609,1.109375,-0.043966,0.014655,0.016787,chewing,1.000000,83.916,left_chewing,0.963029,right_chewing
2907678.0,-0.20459,-1.722168,1.102539,-0.031975,0.027712,0.049029,chewing,1.000000,83.916,left_chewing,0.963029,right_chewing
2907688.0,-0.185059,-1.752441,1.096191,-0.0429,0.043167,0.0429,chewing,1.000000,83.916,left_chewing,0.963029,right_chewing
2907698.0,-0.194336,-1.758789,1.09668,-0.061286,0.039969,0.004796,chewing,1.000000,83.916,left_chewing,0.963029,right_chewing
2907708.0,-0.202637,-1.753418,1.097168,-0.032775,0.051427,-0.000266,chewing,1.000000,83.916,left_chewing,0.963029,right_chewing
2907718.0,-0.195312,-1.742676,1.097168,-0.018919,0.037838,0.013323,chewing,1.000000,83.916,left_chewing,0.963029,right_chewing
2907728.0,-0.19043,-1.744629,1.097168,-0.008527,0.063685,0.013856,chewing,1.000000,83.916,left_chewing,0.963029,right_chewing
2907738.0,-0.194336,-1.743164,1.101074,0.03091,0.07008,-0.006662,chewing,1.000000,83.916,left_chewing,0.963029,right_chewing
2907748.0,-0.202637,-1.724121,1.112793,0.076208,0.087666,-0.018119,chewing,1.000000,83.916,left_chewing,0.963029,right_chewing
2907758.0,-0.212402,-1.730957,1.121094,0.123639,0.126303,-0.02558,chewing,1.000000,83.916,left_chewing,0.963029,right_chewing
2907768.0,-0.204102,-1.73291,1.111328,0.157479,0.140959,-0.037571,chewing,1.000000,83.916,left_chewing,0.963029,right_chewing
2907778.0,-0.192383,-1.743164,1.103516,0.19132,0.174,-0.071412,chewing,1.000000,83.916,left_chewing,0.963029,right_chewing
2907788.0,-0.205078,-1.745117,1.097168,0.193718,0.195317,-0.095394,chewing,1.000000,83.916,left_chewing,0.963029,right_chewing
2907798.0,-0.204102,-1.75293,1.11084,0.188389,0.185191,-0.118309,chewing,1.000000,83.916,left_chewing,0.963029,right_chewing
2907808.0,-0.20459,-1.756836,1.096191,0.155614,0.160144,-0.086867,chewing,1.000000,83.916,left_chewing,0.963029,right_chewing
2907818.0,-0.194336,-1.753906,1.103516,0.094061,0.082603,-0.061819,chewing,1.000000,83.916,left_chewing,0.963029,right_chewing
2907828.0,-0.184082,-1.76416,1.102051,0.041835,0.051427,-0.027979,chewing,1.000000,83.916,left_chewing,0.963029,right_chewing
2907838.0,-0.17627,-1.761719,1.112793,0.027446,0.032508,-0.036505,chewing,1.000000,83.916,left_chewing,0.963029,right_chewing
2907848.0,-0.175781,-1.740234,1.097656,0.027979,0.049562,-0.070613,chewing,1.000000,83.916,left_chewing,0.963029,right_chewing
2907858.0,-0.181152,-1.740723,1.113281,0.023449,0.042101,-0.082337,chewing,1.000000,83.916,left_chewing,0.963029,right_chewing
2907868.0,-0.196777,-1.726074,1.104492,0.023182,0.064484,-0.062885,chewing,1.000000,83.916,left_chewing,0.963029,right_chewing
2907878.0,-0.199219,-1.738281,1.096191,0.037038,0.121773,-0.050095,chewing,1.000000,83.916,left_chewing,0.963029,right_chewing
2907888.0,-0.198242,-1.741699,1.107422,0.001332,0.124172,-0.044499,chewing,1.000000,83.916,left_chewing,0.963029,right_chewing
2907898.0,-0.194336,-1.745605,1.114258,-0.041035,0.116711,-0.03917,chewing,1.000000,83.916,left_chewing,0.963029,right_chewing
2907908.0,-0.191406,-1.73877,1.11084,-0.050361,0.099124,-0.055957,chewing,1.000000,83.916,left_chewing,0.963029,right_chewing
2907918.0,-0.193848,-1.73877,1.109375,-0.071412,0.078873,-0.042368,chewing,1.000000,83.916,left_chewing,0.963029,right_chewing
2907928.0,-0.188477,-1.731934,1.106934,-0.119109,0.098858,-0.035972,chewing,1.000000,83.916,left_chewing,0.963029,right_chewing
2907938.0,-0.160645,-1.735352,1.110352,-0.120974,0.099391,-0.066882,chewing,1.000000,83.916,left_chewing,0.963029,right_chewing
2907948.0,-0.182617,-1.728516,1.105469,-0.097259,0.084469,-0.066616,chewing,1.000000,83.916,left_chewing,0.963029,right_chewing
2907958.0,-0.194824,-1.755859,1.126465,-0.071412,0.094328,-0.054891,chewing,1.000000,83.916,left_chewing,0.963029,right_chewing
2907968.0,-0.199219,-1.741699,1.112793,-0.071678,0.114845,-0.029311,chewing,1.000000,83.916,left_chewing,0.963029,right_chewing
2907978.0,-0.206543,-1.741211,1.109375,-0.021051,0.101789,-0.031176,chewing,1.000000,83.916,left_chewing,0.963029,right_chewing
2907988.0,-0.196289,-1.74707,1.116211,-0.013057,0.114579,-0.014922,chewing,1.000000,83.916,left_chewing,0.963029,right_chewing
2907998.0,-0.192383,-1.73584,1.121094,0.020784,0.099391,-0.013323,chewing,1.000000,83.916,left_chewing,0.963029,right_chewing
2908008.0,-0.184082,-1.739258,1.112793,0.027179,0.09193,-0.040236,chewing,1.000000,83.916,left_chewing,0.963029,right_chewing
2908018.0,-0.19043,-1.75293,1.120117,0.044766,0.078074,-0.058622,chewing,1.000000,83.916,left_chewing,0.963029,right_chewing
2908028.0,-0.189453,-1.745605,1.114746,0.062619,0.053026,-0.077807,chewing,1.000000,83.916,left_chewing,0.963029,right_chewing
2908038.0,-0.197754,-1.739746,1.117188,0.105253,0.042368,-0.080738,chewing,1.000000,83.916,left_chewing,0.963029,right_chewing
2908048.0,-0.212891,-1.733398,1.10791,0.088466,0.0429,-0.040502,chewing,1.000000,83.916,left_chewing,0.963029,right_chewing
2908058.0,-0.193848,-1.739746,1.108398,0.104187,0.045032,-0.042101,chewing,1.000000,83.916,left_chewing,0.963029,right_chewing
2908068.0,-0.19873,-1.744141,1.112305,0.089531,0.060221,-0.027979,chewing,1.000000,83.916,left_chewing,0.963029,right_chewing
2908078.0,-0.197266,-1.73291,1.103027,0.084202,0.055424,-0.016521,chewing,1.000000,83.916,left_chewing,0.963029,right_chewing
2908088.0,-0.203613,-1.734863,1.098145,0.071145,0.050095,-0.010126,chewing,1.000000,83.916,left_chewing,0.963029,right_chewing
2908098.0,-0.201172,-1.741211,1.102539,0.066083,0.053292,-0.021583,chewing,1.000000,83.916,left_chewing,0.963029,right_chewing
2908108.0,-0.193359,-1.745605,1.107422,0.047697,0.068214,-0.039969,chewing,1.000000,83.916,left_chewing,0.963029,right_chewing
2908118.0,-0.195312,-1.748047,1.117188,0.037305,0.081804,-0.018119,chewing,1.000000,83.916,left_chewing,0.963029,right_chewing
2908128.0,-0.188965,-1.750488,1.108398,0.03464,0.089798,-0.027446,chewing,1.000000,83.916,left_chewing,0.963029,right_chewing
2908138.0,-0.205566,-1.726074,1.116699,0.009859,0.085801,-0.042101,chewing,1.000000,83.916,left_chewing,0.963029,right_chewing
2908148.0,-0.199707,-1.70752,1.117188,-0.01359,0.089531,-0.049562,chewing,1.000000,83.916,left_chewing,0.963029,right_chewing
2908158.0,-0.20166,-1.71875,1.122559,-0.051427,0.115378,-0.010392,chewing,1.000000,83.916,left_chewing,0.963029,right_chewing
2908168.0,-0.186035,-1.723633,1.111328,-0.07381,0.132165,0.019452,chewing,1.000000,83.916,left_chewing,0.963029,right_chewing
2908178.0,-0.164062,-1.739746,1.121094,-0.084735,0.106851,0.029311,chewing,1.000000,83.916,left_chewing,0.963029,right_chewing
2908188.0,-0.162109,-1.740234,1.120605,-0.070613,0.118576,0.047963,chewing,1.000000,83.916,left_chewing,0.963029,right_chewing
2908198.0,-0.151367,-1.72998,1.118652,-0.053292,0.039436,0.033841,chewing,1.000000,83.916,left_chewing,0.963029,right_chewing
2908208.0,-0.103516,-1.734863,1.133301,-0.12577,-0.028511,-0.018386,chewing,1.000000,83.916,left_chewing,0.963029,right_chewing
2908218.0,-0.181641,-1.71582,1.09375,-0.193452,-0.000533,-0.141758,chewing,1.000000,83.916,left_chewing,0.963029,right_chewing
2908228.0,-0.254883,-1.748047,1.112305,-0.223029,0.075409,-0.181994,chewing,1.000000,83.916,left_chewing,0.963029,right_chewing
2908238.0,-0.284668,-1.759277,1.126953,-0.184658,0.014123,0.06475,chewing,1.000000,83.916,left_chewing,0.963029,right_chewing
2908248.0,-0.223633,-1.74707,1.131836,-0.176665,-0.088998,0.282983,chewing,1.000000,83.916,left_chewing,0.963029,right_chewing
2908258.0,-0.17041,-1.739746,1.106445,-0.140959,-0.096193,0.319488,chewing,1.000000,83.916,left_chewing,0.963029,right_chewing
2908268.0,-0.149414,-1.766113,1.102539,-0.131632,-0.10019,0.176398,chewing,1.000000,83.916,left_chewing,0.963029,right_chewing
2908278.0,-0.178223,-1.769043,1.124512,-0.1303,-0.073277,0.009326,chewing,1.000000,83.916,left_chewing,0.963029,right_chewing
2908288.0,-0.196777,-1.736816,1.106445,-0.12204,-0.048496,-0.054891,chewing,1.000000,83.916,left_chewing,0.963029,right_chewing
2908298.0,-0.21875,-1.714844,1.112305,-0.110315,0.013057,-0.062352,chewing,1.000000,83.916,left_chewing,0.963029,right_chewing
2908308.0,-0.231934,-1.728027,1.119629,-0.062885,0.008793,-0.041835,chewing,1.000000,85.106,left_chewing,0.821118,right_chewing
2908318.0,-0.223633,-1.726074,1.113281,-0.008527,-0.001865,-0.002931,chewing,1.000000,85.106,left_chewing,0.821118,right_chewing
2908328.0,-0.207031,-1.732422,1.105469,0.006395,-0.018652,0.063152,chewing,1.000000,85.106,left_chewing,0.821118,right_chewing
2908338.0,-0.1875,-1.751953,1.091797,-0.001865,-0.009326,0.095394,chewing,1.000000,85.106,left_chewing,0.821118,right_chewing
2908348.0,-0.176758,-1.770508,1.086914,-0.035173,0.017853,0.067415,chewing,1.000000,85.106,left_chewing,0.821118,right_chewing
2908358.0,-0.190918,-1.764648,1.078613,-0.058622,0.014389,0.031975,chewing,1.000000,85.106,left_chewing,0.821118,right_chewing
2908368.0,-0.217285,-1.759766,1.109375,-0.081538,0.011991,-0.022916,chewing,1.000000,85.106,left_chewing,0.821118,right_chewing
2908378.0,-0.224609,-1.729004,1.122559,-0.084735,-0.005329,-0.004796,chewing,1.000000,85.106,left_chewing,0.821118,right_chewing
2908388.0,-0.202148,-1.731445,1.11084,-0.100989,-0.014655,0.009326,chewing,1.000000,85.106,left_chewing,0.821118,right_chewing
2908398.0,-0.195801,-1.742188,1.119141,-0.100989,0.0,0.00373,chewing,1.000000,85.106,left_chewing,0.821118,right_chewing
2908408.0,-0.187988,-1.751465,1.130371,-0.086867,0.010392,-0.024248,chewing,1.000000,85.106,left_chewing,0.821118,right_chewing
2908418.0,-0.178223,-1.73877,1.096191,-0.067948,0.020784,-0.009326,chewing,1.000000,85.106,left_chewing,0.821118,right_chewing
2908428.0,-0.187988,-1.730469,1.107422,-0.084202,0.028245,0.016521,chewing,1.000000,85.106,left_chewing,0.821118,right_chewing
2908438.0,-0.192383,-1.750977,1.085938,-0.092995,0.040502,0.00373,chewing,1.000000,85.106,left_chewing,0.821118,right_chewing
2908448.0,-0.195312,-1.73584,1.091309,-0.105253,0.028245,0.015188,chewing,1.000000,85.106,left_chewing,0.821118,right_chewing
2908458.0,-0.187012,-1.727051,1.09082,-0.134564,0.021317,0.034907,chewing,1.000000,85.106,left_chewing,0.821118,right_chewing
2908468.0,-0.190918,-1.742188,1.097656,-0.16494,0.022916,0.013856,chewing,1.000000,85.106,left_chewing,0.821118,right_chewing
2908478.0,-0.177246,-1.726074,1.094727,-0.187057,0.037571,0.022916,chewing,1.000000,85.106,left_chewing,0.821118,right_chewing
2908488.0,-0.171387,-1.743164,1.07666,-0.212371,0.039703,0.063685,chewing,1.000000,85.106,left_chewing,0.821118,right_chewing
2908498.0,-0.169922,-1.749512,1.081055,-0.241149,0.035972,0.069813,chewing,1.000000,85.106,left_chewing,0.821118,right_chewing
2908508.0,-0.195312,-1.745605,1.088379,-0.229957,0.005063,0.056757,chewing,1.000000,85.106,left_chewing,0.821118,right_chewing
2908518.0,-0.220215,-1.754395,1.112793,-0.197982,-0.023182,0.072211,chewing,1.000000,85.106,left_chewing,0.821118,right_chewing
2908528.0,-0.21582,-1.733887,1.103027,-0.207574,-0.005063,0.100989,chewing,1.000000,85.106,left_chewing,0.821118,right_chewing
2908538.0,-0.188965,-1.740234,1.101074,-0.197182,-0.023449,0.094061,chewing,1.000000,85.106,left_chewing,0.821118,right_chewing
2908548.0,-0.18457,-1.767578,1.100586,-0.200113,-0.027179,0.084202,chewing,1.000000,85.106,left_chewing,0.821118,right_chewing
2908558.0,-0.201172,-1.76709,1.111816,-0.165207,0.037571,0.076741,chewing,1.000000,85.106,left_chewing,0.821118,right_chewing
2908568.0,-0.223633,-1.739746,1.10791,-0.107917,0.040236,0.021051,chewing,1.000000,85.106,left_chewing,0.821118,right_chewing
2908578.0,-0.230469,-1.734375,1.103516,-0.048496,0.035173,0.036239,chewing,1.000000,85.106,left_chewing,0.821118,right_chewing
2908588.0,-0.237793,-1.751465,1.103027,-0.011991,0.03091,0.057023,chewing,1.000000,85.106,left_chewing,0.821118,right_chewing
2908598.0,-0.228027,-1.756348,1.111816,0.029577,0.028778,0.000533,chewing,1.000000,85.106,left_chewing,0.821118,right_chewing
2908608.0,-0.219238,-1.744629,1.120117,0.095926,0.026113,-0.075142,chewing,1.000000,85.106,left_chewing,0.821118,right_chewing
2908618.0,-0.220215,-1.734863,1.117676,0.163075,0.062885,-0.074876,chewing,1.000000,85.106,left_chewing,0.821118,right_chewing
2908628.0,-0.222656,-1.720703,1.10791,0.185724,0.100723,-0.071945,chewing,1.000000,85.106,left_chewing,0.821118,right_chewing
2908638.0,-0.21875,-1.727051,1.097168,0.220364,0.167871,-0.094061,chewing,1.000000,85.106,left_chewing,0.821118,right_chewing
2908648.0,-0.194336,-1.745605,1.07666,0.28698,0.22596,-0.117243,chewing,1.000000,85.106,left_chewing,0.821118,right_chewing
2908658.0,-0.169922,-1.773438,1.07373,0.293109,0.243547,-0.104187,chewing,1.000000,85.106,left_chewing,0.821118,right_chewing
2908668.0,-0.173828,-1.797363,1.089844,0.196916,0.171602,-0.146821,chewing,1.000000,85.106,left_chewing,0.821118,right_chewing
2908678.0,-0.191895,-1.768066,1.094238,0.120441,0.098591,-0.212904,chewing,1.000000,85.106,left_chewing,0.821118,right_chewing
2908688.0,-0.202637,-1.75293,1.115723,0.072211,0.078606,-0.181727,chewing,1.000000,85.106,left_chewing,0.821118,right_chewing
2908698.0,-0.178223,-1.724121,1.102051,0.035972,0.091397,-0.127902,chewing,1.000000,85.106,left_chewing,0.821118,right_chewing
2908708.0,-0.163086,-1.70752,1.106934,0.029311,0.054891,-0.107651,chewing,1.000000,85.106,left_chewing,0.821118,right_chewing
2908718.0,-0.169922,-1.713379,1.100098,-0.017853,0.070346,-0.042101,chewing,1.000000,85.106,left_chewing,0.821118,right_chewing
2908728.0,-0.167969,-1.728516,1.101563,-0.013856,0.019185,0.001066,chewing,1.000000,85.106,left_chewing,0.821118,right_chewing
2908738.0,-0.156738,-1.745605,1.09375,-0.060487,-0.030377,0.028511,chewing,1.000000,85.106,left_chewing,0.821118,right_chewing
2908748.0,-0.174316,-1.736816,1.091797,-0.072211,-0.033841,0.026913,chewing,1.000000,85.106,left_chewing,0.821118,right_chewing
2908758.0,-0.186523,-1.760254,1.094238,-0.119642,-0.006662,0.052493,chewing,1.000000,85.106,left_chewing,0.821118,right_chewing
2908768.0,-0.183594,-1.770508,1.097656,-0.096726,0.033308,0.046364,chewing,1.000000,85.106,left_chewing,0.821118,right_chewing
2908778.0,-0.189453,-1.751465,1.094727,-0.097525,0.089798,0.001066,chewing,1.000000,85.106,left_chewing,0.821118,right_chewing
2908788.0,-0.1875,-1.734863,1.095703,-0.097525,0.135896,-0.038104,chewing,1.000000,85.106,left_chewing,0.821118,right_chewing
2908798.0,-0.195312,-1.744629,1.114258,-0.081804,0.198515,-0.066882,chewing,1.000000,85.106,left_chewing,0.821118,right_chewing
2908808.0,-0.206055,-1.730957,1.109375,-0.019985,0.189988,-0.066349,chewing,1.000000,85.106,left_chewing,0.821118,right_chewing
2908818.0,-0.209473,-1.729004,1.112793,0.004263,0.161743,-0.034907,chewing,1.000000,85.106,left_chewing,0.821118,right_chewing
2908828.0,-0.214355,-1.75,1.109863,0.038104,0.132432,-0.006395,chewing,1.000000,85.106,left_chewing,0.821118,right_chewing
2908838.0,-0.196289,-1.758301,1.102051,0.063685,0.114046,0.015188,chewing,1.000000,85.106,left_chewing,0.821118,right_chewing
2908848.0,-0.19873,-1.758789,1.106445,0.065283,0.085801,-0.018119,chewing,1.000000,85.106,left_chewing,0.821118,right_chewing
2908858.0,-0.183594,-1.749023,1.110352,0.092729,0.062352,-0.061286,chewing,1.000000,85.106,left_chewing,0.821118,right_chewing
2908868.0,-0.199219,-1.746094,1.098633,0.125504,0.057289,-0.084735,chewing,1.000000,85.106,left_chewing,0.821118,right_chewing
2908878.0,-0.19873,-1.747559,1.107422,0.128435,0.059954,-0.050361,chewing,1.000000,85.106,left_chewing,0.821118,right_chewing
2908888.0,-0.208984,-1.737793,1.110352,0.132165,0.051427,-0.041568,chewing,1.000000,85.106,left_chewing,0.821118,right_chewing
2908898.0,-0.200195,-1.740723,1.117676,0.145755,0.079672,-0.044766,chewing,1.000000,85.106,left_chewing,0.821118,right_chewing
2908908.0,-0.208496,-1.751953,1.114746,0.127369,0.071678,-0.03091,chewing,1.000000,85.106,left_chewing,0.821118,right_chewing
2908918.0,-0.217773,-1.745117,1.120605,0.108717,0.081804,0.002931,chewing,1.000000,85.106,left_chewing,0.821118,right_chewing
2908928.0,-0.202637,-1.740234,1.099121,0.063685,0.083403,0.001865,chewing,1.000000,85.106,left_chewing,0.821118,right_chewing
2908938.0,-0.177734,-1.748047,1.102539,0.03011,0.080472,0.000266,chewing,1.000000,85.106,left_chewing,0.821118,right_chewing
2908948.0,-0.193359,-1.748047,1.100586,0.002665,0.074876,0.007994,chewing,1.000000,85.106,left_chewing,0.821118,right_chewing
2908958.0,-0.183105,-1.746582,1.102539,-0.027979,0.086067,0.004263,chewing,1.000000,85.106,left_chewing,0.821118,right_chewing
2908968.0,-0.199219,-1.741211,1.102539,-0.049296,0.080472,0.021051,chewing,1.000000,85.106,left_chewing,0.821118,right_chewing
2908978.0,-0.180664,-1.731934,1.113281,-0.064217,0.065816,0.04823,chewing,1.000000,85.106,left_chewing,0.821118,right_chewing
2908988.0,-0.154297,-1.731445,1.114258,-0.073277,0.035706,0.068214,chewing,1.000000,85.106,left_chewing,0.821118,right_chewing
2908998.0,-0.128418,-1.718262,1.126953,-0.12204,-0.047164,0.071412,chewing,1.000000,85.106,left_chewing,0.821118,right_chewing
2909008.0,-0.168457,-1.709961,1.104004,-0.162276,-0.04743,0.010925,chewing,1.000000,85.106,left_chewing,0.821118,right_chewing
2909018.0,-0.208008,-1.733887,1.106934,-0.175599,-0.045299,0.000266,chewing,1.000000,85.106,left_chewing,0.821118,right_chewing
2909028.0,-0.229004,-1.747559,1.112305,-0.177997,-0.075142,0.082603,chewing,1.000000,85.106,left_chewing,0.821118,right_chewing
2909038.0,-0.203613,-1.753906,1.104004,-0.215035,-0.119908,0.175332,chewing,1.000000,85.106,left_chewing,0.821118,right_chewing
2909048.0,-0.195312,-1.790527,1.098633,-0.224095,-0.164141,0.153216,chewing,1.000000,85.106,left_chewing,0.821118,right_chewing
2909058.0,-0.195801,-1.788574,1.092773,-0.260334,-0.174533,0.163341,chewing,1.000000,85.106,left_chewing,0.821118,right_chewing
2909068.0,-0.206055,-1.759766,1.092285,-0.25607,-0.151884,0.09566,chewing,1.000000,85.106,left_chewing,0.821118,right_chewing
2909078.0,-0.221191,-1.751465,1.102051,-0.248077,-0.102322,0.079139,chewing,1.000000,85.106,left_chewing,0.821118,right_chewing
2909088.0,-0.231934,-1.756836,1.096191,-0.236352,-0.059688,0.096193,chewing,1.000000,85.106,left_chewing,0.821118,right_chewing
2909098.0,-0.220703,-1.762207,1.104492,-0.233954,-0.033841,0.094861,chewing,1.000000,85.106,left_chewing,0.821118,right_chewing
2909108.0,-0.217285,-1.761719,1.097656,-0.199047,-0.039703,0.116178,chewing,1.000000,85.106,left_chewing,0.821118,right_chewing
2909118.0,-0.20752,-1.73877,1.103516,-0.180928,-0.050361,0.119908,chewing,1.000000,85.106,left_chewing,0.821118,right_chewing
2909128.0,-0.208008,-1.742188,1.104004,-0.184658,-0.022916,0.12577,chewing,1.000000,85.106,left_chewing,0.821118,right_chewing
2909138.0,-0.202148,-1.750488,1.088867,-0.163341,-0.01279,0.083136,chewing,1.000000,85.106,left_chewing,0.821118,right_chewing
2909148.0,-0.19043,-1.746094,1.097656,-0.132165,-0.022916,0.029311,chewing,1.000000,85.106,left_chewing,0.821118,right_chewing
2909158.0,-0.201172,-1.743652,1.091309,-0.220631,0.002398,0.006129,chewing,1.000000,85.106,left_chewing,0.821118,right_chewing
2909168.0,-0.189453,-1.725586,1.096191,-0.146288,-0.00826,-0.064484,chewing,1.000000,85.106,left_chewing,0.821118,right_chewing
2909178.0,-0.205566,-1.750488,1.087891,-0.123905,-0.027712,-0.092729,chewing,1.000000,85.106,left_chewing,0.821118,right_chewing
2909188.0,-0.196777,-1.740234,1.097168,-0.126303,-0.040236,-0.096193,chewing,1.000000,85.106,left_chewing,0.821118,right_chewing
2909198.0,-0.178711,-1.739746,1.091309,-0.154015,-0.031176,-0.072211,chewing,1.000000,85.106,left_chewing,0.821118,right_chewing
2909208.0,-0.183594,-1.757324,1.095703,-0.158545,-0.040769,-0.083936,chewing,1.000000,85.106,left_chewing,0.821118,right_chewing
2909218.0,-0.203613,-1.72998,1.091797,-0.155614,-0.031975,-0.040502,chewing,1.000000,85.106,left_chewing,0.821118,right_chewing
2909228.0,-0.209961,-1.739258,1.092773,-0.153749,-0.046897,-0.001599,chewing,1.000000,85.106,left_chewing,0.821118,right_chewing
2909238.0,-0.194824,-1.740723,1.089844,-0.188922,-0.041835,0.069813,chewing,1.000000,85.106,left_chewing,0.821118,right_chewing
2909248.0,-0.196777,-1.742676,1.091797,-0.166539,-0.055691,0.038371,chewing,1.000000,85.106,left_chewing,0.821118,right_chewing
2909258.0,-0.200684,-1.742188,1.083496,-0.207041,-0.054092,0.064484,chewing,1.000000,85.106,left_chewing,0.821118,right_chewing
2909268.0,-0.190918,-1.762207,1.076172,-0.197715,-0.050628,0.051694,chewing,1.000000,85.106,left_chewing,0.821118,right_chewing
2909278.0,-0.188477,-1.757813,1.066895,-0.23502,-0.034374,0.057289,chewing,1.000000,85.106,left_chewing,0.821118,right_chewing
2909288.0,-0.208496,-1.771484,1.083008,-0.206508,-0.012257,0.055424,chewing,1.000000,85.106,left_chewing,0.821118,right_chewing
2909298.0,-0.224121,-1.754395,1.082031,-0.177198,-0.004796,0.055158,chewing,1.000000,85.106,left_chewing,0.821118,right_chewing
2909308.0,-0.197754,-1.744629,1.085449,-0.190787,0.014123,0.091663,chewing,1.000000,85.106,left_chewing,0.821118,right_chewing
2909318.0,-0.203613,-1.744141,1.077637,-0.13936,0.030377,0.06928,chewing,1.000000,85.106,left_chewing,0.821118,right_chewing
2909328.0,-0.198242,-1.749023,1.074219,-0.102588,0.062885,0.051694,chewing,1.000000,85.106,left_chewing,0.821118,right_chewing
2909338.0,-0.187012,-1.763184,1.083496,-0.077008,0.058888,0.014389,chewing,1.000000,60.606,left_chewing,0.820921,right_chewing
2909348.0,-0.194336,-1.753906,1.075684,-0.054358,0.056224,-0.014389,chewing,1.000000,60.606,left_chewing,0.820921,right_chewing
2909358.0,-0.192871,-1.753418,1.071777,-0.007994,0.041568,-0.052227,chewing,1.000000,60.606,left_chewing,0.820921,right_chewing
2909368.0,-0.220215,-1.746094,1.101563,0.047164,0.013323,-0.108983,chewing,1.000000,60.606,left_chewing,0.820921,right_chewing
2909378.0,-0.233398,-1.739746,1.089355,0.12124,-0.002132,-0.124438,chewing,1.000000,60.606,left_chewing,0.820921,right_chewing
2909388.0,-0.21582,-1.740234,1.097168,0.228891,0.036505,-0.162542,chewing,1.000000,60.606,left_chewing,0.820921,right_chewing
2909398.0,-0.187988,-1.743652,1.111328,0.340539,0.081804,-0.219832,chewing,1.000000,60.606,left_chewing,0.820921,right_chewing
2909408.0,-0.163086,-1.73877,1.103027,0.423675,0.173734,-0.297372,chewing,1.000000,60.606,left_chewing,0.820921,right_chewing
2909418.0,-0.152344,-1.734375,1.080566,0.477767,0.267262,-0.328015,chewing,1.000000,60.606,left_chewing,0.820921,right_chewing
2909428.0,-0.151367,-1.763184,1.061523,0.473504,0.333078,-0.30883,chewing,1.000000,60.606,left_chewing,0.820921,right_chewing
2909438.0,-0.166992,-1.771973,1.048828,0.4346,0.338674,-0.24408,chewing,1.000000,60.606,left_chewing,0.820921,right_chewing
2909448.0,-0.154785,-1.802734,1.062988,0.288845,0.237951,-0.149219,chewing,1.000000,60.606,left_chewing,0.820921,right_chewing
2909458.0,-0.197266,-1.817383,1.060059,0.121773,0.065017,-0.135096,chewing,1.000000,60.606,left_chewing,0.820921,right_chewing
2909468.0,-0.206055,-1.795898,1.075195,-0.001865,-0.016521,-0.067681,chewing,1.000000,60.606,left_chewing,0.820921,right_chewing
2909478.0,-0.217285,-1.76416,1.109863,-0.039703,-0.051161,-0.05196,chewing,1.000000,60.606,left_chewing,0.820921,right_chewing
2909488.0,-0.208008,-1.72168,1.115234,-0.048763,-0.000266,-0.082337,chewing,1.000000,60.606,left_chewing,0.820921,right_chewing
2909498.0,-0.197266,-1.693359,1.114746,-0.080472,0.053559,-0.051427,chewing,1.000000,60.606,left_chewing,0.820921,right_chewing
2909508.0,-0.17627,-1.718262,1.112793,-0.076741,0.074876,-0.024515,chewing,1.000000,60.606,left_chewing,0.820921,right_chewing
2909518.0,-0.188477,-1.757813,1.111328,-0.064484,0.092196,0.005063,chewing,1.000000,60.606,left_chewing,0.820921,right_chewing
2909528.0,-0.168945,-1.782715,1.106445,-0.002398,0.071945,-0.014123,chewing,1.000000,60.606,left_chewing,0.820921,right_chewing
2909538.0,-0.164551,-1.765625,1.103027,-0.014655,0.058622,-0.04743,chewing,1.000000,60.606,left_chewing,0.820921,right_chewing
2909548.0,-0.182617,-1.759766,1.109375,-0.014123,0.055691,-0.04743,chewing,1.000000,60.606,left_chewing,0.820921,right_chewing
2909558.0,-0.181641,-1.744141,1.105957,0.00373,0.03011,-0.037305,chewing,1.000000,60.606,left_chewing,0.820921,right_chewing
2909568.0,-0.164551,-1.718262,1.105957,-0.007727,0.074609,0.0,chewing,1.000000,60.606,left_chewing,0.820921,right_chewing
2909578.0,-0.174805,-1.743164,1.088867,-0.012524,0.089798,-0.026113,chewing,1.000000,60.606,left_chewing,0.820921,right_chewing
2909588.0,-0.183105,-1.743652,1.092773,-0.015988,0.099391,-0.020518,chewing,1.000000,60.606,left_chewing,0.820921,right_chewing
2909598.0,-0.188477,-1.744141,1.100098,-0.006129,0.108717,-0.017587,chewing,1.000000,60.606,left_chewing,0.820921,right_chewing
2909608.0,-0.197754,-1.749023,1.085449,-0.014922,0.117776,-0.011191,chewing,1.000000,60.606,left_chewing,0.820921,right_chewing
2909618.0,-0.189453,-1.748535,1.09082,-0.001599,0.094328,-0.001599,chewing,1.000000,60.606,left_chewing,0.820921,right_chewing
2909628.0,-0.190918,-1.750488,1.088867,-0.008793,0.090597,-0.015188,chewing,1.000000,60.606,left_chewing,0.820921,right_chewing
2909638.0,-0.181152,-1.747559,1.088379,-0.001865,0.102322,-0.047697,chewing,1.000000,60.606,left_chewing,0.820921,right_chewing
2909648.0,-0.193848,-1.75293,1.092773,0.01279,0.089265,-0.077807,chewing,1.000000,60.606,left_chewing,0.820921,right_chewing
2909658.0,-0.179199,-1.750977,1.095215,0.045032,0.097792,-0.081005,chewing,1.000000,60.606,left_chewing,0.820921,right_chewing
2909668.0,-0.194336,-1.749023,1.092773,0.075942,0.09193,-0.091397,chewing,1.000000,60.606,left_chewing,0.820921,right_chewing
2909678.0,-0.185059,-1.75293,1.106934,0.079406,0.084469,-0.074876,chewing,1.000000,60.606,left_chewing,0.820921,right_chewing
2909688.0,-0.19043,-1.749023,1.111816,0.082603,0.059954,-0.072211,chewing,1.000000,60.606,left_chewing,0.820921,right_chewing
2909698.0,-0.185547,-1.749512,1.101074,0.097259,0.015455,-0.062352,chewing,1.000000,60.606,left_chewing,0.820921,right_chewing
2909708.0,-0.176758,-1.741699,1.11084,0.089798,0.008793,-0.033308,chewing,1.000000,60.606,left_chewing,0.820921,right_chewing
2909718.0,-0.177734,-1.74707,1.106934,0.090597,0.013323,-0.040769,chewing,1.000000,60.606,left_chewing,0.820921,right_chewing
2909728.0,-0.17627,-1.742676,1.106934,0.05196,0.009326,-0.054625,chewing,1.000000,60.606,left_chewing,0.820921,right_chewing
2909738.0,-0.187988,-1.741699,1.109375,0.027446,0.001599,-0.055424,chewing,1.000000,60.606,left_chewing,0.820921,right_chewing
2909748.0,-0.18457,-1.750488,1.114746,0.018119,0.00826,-0.036239,chewing,1.000000,60.606,left_chewing,0.820921,right_chewing
2909758.0,-0.166992,-1.743164,1.108398,0.010126,0.017853,-0.0437,chewing,1.000000,60.606,left_chewing,0.820921,right_chewing
2909768.0,-0.166992,-1.743652,1.119141,0.012257,0.037571,-0.030643,chewing,1.000000,60.606,left_chewing,0.820921,right_chewing
2909778.0,-0.185547,-1.733398,1.111328,0.007461,0.033574,-0.037571,chewing,1.000000,60.606,left_chewing,0.820921,right_chewing
2909788.0,-0.172363,-1.741211,1.101563,-0.001332,0.031975,-0.010392,chewing,1.000000,60.606,left_chewing,0.820921,right_chewing
2909798.0,-0.17627,-1.736816,1.104492,-0.005063,0.045032,-0.010925,chewing,1.000000,60.606,left_chewing,0.820921,right_chewing
2909808.0,-0.168457,-1.734863,1.099121,-0.043433,-0.023982,-0.015721,chewing,1.000000,60.606,left_chewing,0.820921,right_chewing
2909818.0,-0.157227,-1.746094,1.09082,-0.05649,-0.009859,-0.014655,chewing,1.000000,60.606,left_chewing,0.820921,right_chewing
2909828.0,-0.169434,-1.753418,1.09668,-0.053825,-0.020518,0.020518,chewing,1.000000,60.606,left_chewing,0.820921,right_chewing
2909838.0,-0.137207,-1.768066,1.130371,-0.085534,-0.074609,0.02185,chewing,1.000000,60.606,left_chewing,0.820921,right_chewing
2909848.0,-0.098145,-1.721191,1.085938,-0.042368,-0.010392,0.065816,chewing,1.000000,60.606,left_chewing,0.820921,right_chewing
2909858.0,-0.197266,-1.722656,1.081055,-0.125237,-0.026113,-0.157479,chewing,1.000000,60.606,left_chewing,0.820921,right_chewing
2909868.0,-0.256836,-1.762695,1.109863,-0.122573,-0.018386,-0.031709,chewing,1.000000,60.606,left_chewing,0.820921,right_chewing
2909878.0,-0.229492,-1.742676,1.117676,-0.10392,-0.036239,0.123372,chewing,1.000000,60.606,left_chewing,0.820921,right_chewing
2909888.0,-0.186035,-1.747559,1.114258,-0.107118,-0.026913,0.159611,chewing,1.000000,60.606,left_chewing,0.820921,right_chewing
2909898.0,-0.166016,-1.772949,1.108398,-0.089531,-0.011991,0.103387,chewing,1.000000,60.606,left_chewing,0.820921,right_chewing
2909908.0,-0.171875,-1.769043,1.10498,-0.074077,0.043167,0.05276,chewing,1.000000,60.606,left_chewing,0.820921,right_chewing
2909918.0,-0.17334,-1.760254,1.104492,-0.068481,0.050095,0.036239,chewing,1.000000,60.606,left_chewing,0.820921,right_chewing
2909928.0,-0.172852,-1.743164,1.09082,-0.104187,0.034374,0.019718,chewing,1.000000,60.606,left_chewing,0.820921,right_chewing
2909938.0,-0.167969,-1.762207,1.100586,-0.14309,0.003997,0.033308,chewing,1.000000,60.606,left_chewing,0.820921,right_chewing
2909948.0,-0.171875,-1.742676,1.100098,-0.17027,-0.038637,0.03464,chewing,1.000000,60.606,left_chewing,0.820921,right_chewing
2909958.0,-0.177246,-1.737793,1.095215,-0.198515,-0.075942,0.028511,chewing,1.000000,60.606,left_chewing,0.820921,right_chewing
2909968.0,-0.182129,-1.739258,1.092285,-0.212904,-0.085534,0.033841,chewing,1.000000,60.606,left_chewing,0.820921,right_chewing
2909978.0,-0.167969,-1.746582,1.09082,-0.226227,-0.057023,0.074609,chewing,1.000000,60.606,left_chewing,0.820921,right_chewing
2909988.0,-0.165527,-1.758301,1.088867,-0.194251,-0.030377,0.032775,chewing,1.000000,60.606,left_chewing,0.820921,right_chewing
2909998.0,-0.152344,-1.745117,1.097656,-0.223562,-0.040769,0.000799,chewing,1.000000,60.606,left_chewing,0.820921,right_chewing
2910008.0,-0.176758,-1.760254,1.09668,-0.202245,-0.037305,0.016521,chewing,1.000000,60.606,left_chewing,0.820921,right_chewing
2910018.0,-0.180664,-1.757813,1.099609,-0.197982,-0.02185,0.051161,chewing,1.000000,60.606,left_chewing,0.820921,right_chewing
2910028.0,-0.192383,-1.75,1.100098,-0.185724,-0.007994,0.08207,chewing,1.000000,60.606,left_chewing,0.820921,right_chewing
2910038.0,-0.175293,-1.739746,1.083008,-0.183593,-0.002398,0.078074,chewing,1.000000,60.606,left_chewing,0.820921,right_chewing
2910048.0,-0.175781,-1.755859,1.09668,-0.163341,-0.00453,0.101522,chewing,1.000000,60.606,left_chewing,0.820921,right_chewing
2910058.0,-0.161621,-1.749512,1.096191,-0.166006,0.009326,0.071678,chewing,1.000000,60.606,left_chewing,0.820921,right_chewing
2910068.0,-0.179199,-1.748535,1.086426,-0.184658,0.022916,0.061819,chewing,1.000000,60.606,left_chewing,0.820921,right_chewing
2910078.0,-0.18457,-1.749512,1.083008,-0.196383,0.01732,0.062885,chewing,1.000000,60.606,left_chewing,0.820921,right_chewing
2910088.0,-0.177734,-1.76416,1.088379,-0.191054,0.000533,0.066349,chewing,1.000000,60.606,left_chewing,0.820921,right_chewing
2910098.0,-0.179199,-1.744629,1.077637,-0.176665,0.00373,0.108717,chewing,1.000000,60.606,left_chewing,0.820921,right_chewing
2910108.0,-0.176758,-1.755371,1.072754,-0.181461,-0.017853,0.116444,chewing,1.000000,60.606,left_chewing,0.820921,right_chewing
2910118.0,-0.178711,-1.758301,1.086914,-0.166006,-0.008793,0.094861,chewing,1.000000,60.606,left_chewing,0.820921,right_chewing
2910128.0,-0.183594,-1.751953,1.084961,-0.135629,0.015721,0.076208,chewing,1.000000,60.606,left_chewing,0.820921,right_chewing
2910138.0,-0.182129,-1.73877,1.074219,-0.098325,0.041302,0.041835,chewing,1.000000,60.606,left_chewing,0.820921,right_chewing
2910148.0,-0.184082,-1.746094,1.085449,-0.034907,0.07008,0.006395,chewing,1.000000,60.606,left_chewing,0.820921,right_chewing
2910158.0,-0.188965,-1.753906,1.090332,0.013856,0.083936,0.001332,chewing,1.000000,60.606,left_chewing,0.820921,right_chewing
2910168.0,-0.198242,-1.755371,1.089844,0.102588,0.098858,-0.041035,chewing,1.000000,60.606,left_chewing,0.820921,right_chewing
2910178.0,-0.20752,-1.753418,1.100586,0.185991,0.162009,-0.072211,chewing,1.000000,60.606,left_chewing,0.820921,right_chewing
2910188.0,-0.21582,-1.728516,1.106445,0.310962,0.200646,-0.132165,chewing,1.000000,60.606,left_chewing,0.820921,right_chewing
2910198.0,-0.184082,-1.715332,1.107422,0.375979,0.260867,-0.145489,chewing,1.000000,60.606,left_chewing,0.820921,right_chewing
2910208.0,-0.150879,-1.727539,1.085938,0.402625,0.32162,-0.145222,chewing,1.000000,60.606,left_chewing,0.820921,right_chewing
2910218.0,-0.147949,-1.768555,1.076172,0.368251,0.329881,-0.154548,chewing,1.000000,60.606,left_chewing,0.820921,right_chewing
2910228.0,-0.151855,-1.806641,1.067383,0.299504,0.295507,-0.163874,chewing,1.000000,60.606,left_chewing,0.820921,right_chewing
2910238.0,-0.167969,-1.794922,1.080078,0.192919,0.171868,-0.139626,chewing,1.000000,60.606,left_chewing,0.820921,right_chewing
2910248.0,-0.190918,-1.770508,1.086426,0.097525,0.048496,-0.126037,chewing,1.000000,60.606,left_chewing,0.820921,right_chewing
2910258.0,-0.208008,-1.733887,1.091309,0.03464,-0.03544,-0.040769,chewing,1.000000,60.606,left_chewing,0.820921,right_chewing
2910268.0,-0.197266,-1.739258,1.087402,-0.068481,-0.054092,0.034374,chewing,1.000000,60.606,left_chewing,0.820921,right_chewing
2910278.0,-0.17334,-1.730469,1.087402,-0.107917,-0.037038,0.059688,chewing,1.000000,60.606,left_chewing,0.820921,right_chewing
2910288.0,-0.186035,-1.747559,1.092285,-0.095394,-0.063685,0.065816,chewing,1.000000,60.606,left_chewing,0.820921,right_chewing
2910298.0,-0.178711,-1.760742,1.103516,-0.102588,-0.03544,0.081538,chewing,1.000000,60.606,left_chewing,0.820921,right_chewing
2910308.0,-0.177246,-1.762207,1.092773,-0.129767,0.009593,0.074077,chewing,1.000000,60.606,left_chewing,0.820921,right_chewing
2910318.0,-0.184082,-1.766602,1.099121,-0.131899,0.044766,0.033841,chewing,1.000000,60.606,left_chewing,0.820921,right_chewing
2910328.0,-0.182129,-1.750488,1.10791,-0.088466,0.052227,-0.006662,chewing,1.000000,60.606,left_chewing,0.820921,right_chewing
2910338.0,-0.192871,-1.760254,1.106445,-0.091663,0.112181,0.003198,chewing,1.000000,85.106,left_chewing,0.919810,right_chewing
2910348.0,-0.184082,-1.749512,1.090332,-0.090597,0.132965,-0.022116,chewing,1.000000,85.106,left_chewing,0.919810,right_chewing
2910358.0,-0.167969,-1.756836,1.101563,-0.081804,0.131366,-0.069547,chewing,1.000000,85.106,left_chewing,0.919810,right_chewing
2910368.0,-0.176758,-1.75293,1.09668,-0.03544,0.151351,-0.091663,chewing,1.000000,85.106,left_chewing,0.919810,right_chewing
2910378.0,-0.188965,-1.743652,1.09375,0.005063,0.158012,-0.069813,chewing,1.000000,85.106,left_chewing,0.919810,right_chewing
2910388.0,-0.190918,-1.740723,1.088379,0.007461,0.161476,-0.019452,chewing,1.000000,85.106,left_chewing,0.919810,right_chewing
2910398.0,-0.185547,-1.758301,1.093262,0.002132,0.135629,0.002931,chewing,1.000000,85.106,left_chewing,0.919810,right_chewing
2910408.0,-0.177246,-1.762695,1.08252,-0.007461,0.114312,0.006662,chewing,1.000000,85.106,left_chewing,0.919810,right_chewing
2910418.0,-0.185547,-1.758789,1.088867,-0.024781,0.079939,0.007461,chewing,1.000000,85.106,left_chewing,0.919810,right_chewing
2910428.0,-0.195312,-1.757324,1.090332,-0.015721,0.063685,0.000799,chewing,1.000000,85.106,left_chewing,0.919810,right_chewing
2910438.0,-0.185547,-1.739746,1.100586,-0.015721,0.070346,-0.016254,chewing,1.000000,85.106,left_chewing,0.919810,right_chewing
2910448.0,-0.19043,-1.747559,1.106934,0.024515,0.060753,-0.02558,chewing,1.000000,85.106,left_chewing,0.919810,right_chewing
2910458.0,-0.181152,-1.742188,1.104004,0.040236,0.074077,-0.038371,chewing,1.000000,85.106,left_chewing,0.919810,right_chewing
2910468.0,-0.187012,-1.733887,1.101563,0.07834,0.090064,-0.053559,chewing,1.000000,85.106,left_chewing,0.919810,right_chewing
2910478.0,-0.179687,-1.749023,1.104004,0.104453,0.075942,-0.052227,chewing,1.000000,85.106,left_chewing,0.919810,right_chewing
2910488.0,-0.171387,-1.748535,1.094238,0.123905,0.059155,-0.060487,chewing,1.000000,85.106,left_chewing,0.919810,right_chewing
2910498.0,-0.178223,-1.740234,1.111816,0.109783,0.037038,-0.054358,chewing,1.000000,85.106,left_chewing,0.919810,right_chewing
2910508.0,-0.172363,-1.741699,1.101074,0.088998,0.03464,-0.053825,chewing,1.000000,85.106,left_chewing,0.919810,right_chewing
2910518.0,-0.183594,-1.744141,1.103027,0.064217,0.035706,-0.033041,chewing,1.000000,85.106,left_chewing,0.919810,right_chewing
2910528.0,-0.169922,-1.728027,1.111328,0.051427,0.039969,-0.023449,chewing,1.000000,85.106,left_chewing,0.919810,right_chewing
2910538.0,-0.180664,-1.733887,1.109375,0.026913,0.039969,-0.007727,chewing,1.000000,85.106,left_chewing,0.919810,right_chewing
2910548.0,-0.182129,-1.757324,1.106934,0.023715,0.03917,0.007994,chewing,1.000000,85.106,left_chewing,0.919810,right_chewing
2910558.0,-0.171387,-1.746582,1.105469,0.01732,0.028778,0.007461,chewing,1.000000,85.106,left_chewing,0.919810,right_chewing
2910568.0,-0.169922,-1.755371,1.12207,0.001599,-0.001865,0.006928,chewing,1.000000,85.106,left_chewing,0.919810,right_chewing
2910578.0,-0.153809,-1.742676,1.129883,-0.017054,-0.092729,0.007194,chewing,1.000000,85.106,left_chewing,0.919810,right_chewing
2910588.0,-0.134277,-1.735352,1.103027,-0.041568,-0.075409,0.046897,chewing,1.000000,85.106,left_chewing,0.919810,right_chewing
2910598.0,-0.124512,-1.765137,1.094727,-0.035706,-0.087666,-0.000533,chewing,1.000000,85.106,left_chewing,0.919810,right_chewing
2910608.0,-0.169434,-1.762207,1.085449,-0.102588,-0.049828,-0.018119,chewing,1.000000,85.106,left_chewing,0.919810,right_chewing
2910618.0,-0.220215,-1.757813,1.112305,-0.086067,-0.068214,0.019985,chewing,1.000000,85.106,left_chewing,0.919810,right_chewing
2910628.0,-0.216797,-1.729492,1.096191,-0.08287,-0.08287,0.125237,chewing,1.000000,85.106,left_chewing,0.919810,right_chewing
2910638.0,-0.196777,-1.737793,1.087891,-0.098325,-0.057822,0.182527,chewing,1.000000,85.106,left_chewing,0.919810,right_chewing
2910648.0,-0.186523,-1.744141,1.090332,-0.099923,-0.015988,0.164674,chewing,1.000000,85.106,left_chewing,0.919810,right_chewing
2910658.0,-0.167969,-1.751465,1.115723,-0.116444,0.029844,0.106319,chewing,1.000000,85.106,left_chewing,0.919810,right_chewing
2910668.0,-0.169922,-1.76709,1.078613,-0.132965,0.048496,0.054092,chewing,1.000000,85.106,left_chewing,0.919810,right_chewing
2910678.0,-0.190918,-1.780762,1.095215,-0.14842,0.046631,0.071412,chewing,1.000000,85.106,left_chewing,0.919810,right_chewing
2910688.0,-0.200195,-1.771484,1.103027,-0.154015,0.010925,0.062619,chewing,1.000000,85.106,left_chewing,0.919810,right_chewing
2910698.0,-0.204102,-1.749512,1.098145,-0.176931,-0.027446,0.050095,chewing,1.000000,85.106,left_chewing,0.919810,right_chewing
2910708.0,-0.202148,-1.74707,1.097168,-0.219565,-0.070613,0.032508,chewing,1.000000,85.106,left_chewing,0.919810,right_chewing
2910718.0,-0.205566,-1.745117,1.091797,-0.209706,-0.096193,0.013323,chewing,1.000000,85.106,left_chewing,0.919810,right_chewing
2910728.0,-0.171387,-1.753418,1.088379,-0.218233,-0.090864,0.018119,chewing,1.000000,85.106,left_chewing,0.919810,right_chewing
2910738.0,-0.169922,-1.761719,1.078125,-0.216101,-0.055158,0.023715,chewing,1.000000,85.106,left_chewing,0.919810,right_chewing
2910748.0,-0.163574,-1.766113,1.088867,-0.223828,-0.047697,0.047963,chewing,1.000000,85.106,left_chewing,0.919810,right_chewing
2910758.0,-0.172363,-1.770508,1.097656,-0.219032,-0.072478,0.025047,chewing,1.000000,85.106,left_chewing,0.919810,right_chewing
2910768.0,-0.181152,-1.751465,1.091309,-0.230224,-0.081538,0.040769,chewing,1.000000,85.106,left_chewing,0.919810,right_chewing
2910778.0,-0.179199,-1.737793,1.087402,-0.229691,-0.102055,0.039703,chewing,1.000000,85.106,left_chewing,0.919810,right_chewing
2910788.0,-0.170898,-1.754395,1.086914,-0.211571,-0.090597,0.036505,chewing,1.000000,85.106,left_chewing,0.919810,right_chewing
2910798.0,-0.182617,-1.749023,1.07666,-0.195583,-0.071412,0.065283,chewing,1.000000,85.106,left_chewing,0.919810,right_chewing
2910808.0,-0.16748,-1.755859,1.08252,-0.22596,-0.049296,0.06928,chewing,1.000000,85.106,left_chewing,0.919810,right_chewing
2910818.0,-0.17041,-1.757813,1.092773,-0.243014,-0.051161,0.057023,chewing,1.000000,85.106,left_chewing,0.919810,right_chewing
2910828.0,-0.183105,-1.756836,1.08252,-0.248609,-0.045832,0.075142,chewing,1.000000,85.106,left_chewing,0.919810,right_chewing
2910838.0,-0.166016,-1.748535,1.093262,-0.241149,-0.038637,0.076208,chewing,1.000000,85.106,left_chewing,0.919810,right_chewing
2910848.0,-0.180176,-1.749023,1.07666,-0.23955,-0.032508,0.078606,chewing,1.000000,85.106,left_chewing,0.919810,right_chewing
2910858.0,-0.175293,-1.760742,1.07373,-0.248343,-0.032242,0.07381,chewing,1.000000,85.106,left_chewing,0.919810,right_chewing
2910868.0,-0.17627,-1.733398,1.066406,-0.227292,-0.052493,0.034374,chewing,1.000000,85.106,left_chewing,0.919810,right_chewing
2910878.0,-0.208008,-1.766602,1.075195,-0.16574,0.031176,0.069014,chewing,1.000000,85.106,left_chewing,0.919810,right_chewing
2910888.0,-0.20459,-1.760742,1.077148,-0.144423,0.011724,0.060753,chewing,1.000000,85.106,left_chewing,0.919810,right_chewing
2910898.0,-0.203613,-1.749512,1.070801,-0.085268,0.018386,0.063152,chewing,1.000000,85.106,left_chewing,0.919810,right_chewing
2910908.0,-0.183105,-1.762695,1.066406,-0.071678,0.054358,0.03917,chewing,1.000000,85.106,left_chewing,0.919810,right_chewing
2910918.0,-0.181152,-1.76416,1.074707,-0.061819,0.079939,0.044233,chewing,1.000000,85.106,left_chewing,0.919810,right_chewing
2910928.0,-0.186523,-1.751953,1.077637,-0.053559,0.0874,0.027712,chewing,1.000000,85.106,left_chewing,0.919810,right_chewing
2910938.0,-0.194336,-1.758301,1.084473,-0.05276,0.08287,0.015721,chewing,1.000000,85.106,left_chewing,0.919810,right_chewing
2910948.0,-0.197266,-1.76416,1.074219,-0.024781,0.071945,0.013057,chewing,1.000000,85.106,left_chewing,0.919810,right_chewing
2910958.0,-0.191895,-1.758789,1.085449,0.036239,0.049029,-0.002665,chewing,1.000000,85.106,left_chewing,0.919810,right_chewing
2910968.0,-0.195801,-1.750977,1.080566,0.093262,0.011724,-0.051161,chewing,1.000000,85.106,left_chewing,0.919810,right_chewing
2910978.0,-0.188965,-1.741211,1.070313,0.15668,0.013856,-0.110315,chewing,1.000000,85.106,left_chewing,0.919810,right_chewing
2910988.0,-0.175293,-1.736816,1.076172,0.207574,0.052493,-0.131899,chewing,1.000000,85.106,left_chewing,0.919810,right_chewing
2910998.0,-0.164551,-1.749023,1.092285,0.255804,0.102322,-0.168404,chewing,1.000000,85.106,left_chewing,0.919810,right_chewing
2911008.0,-0.164551,-1.740723,1.080078,0.29524,0.137228,-0.2177,chewing,1.000000,85.106,left_chewing,0.919810,right_chewing
2911018.0,-0.166016,-1.758301,1.067383,0.313093,0.183593,-0.258469,chewing,1.000000,85.106,left_chewing,0.919810,right_chewing
2911028.0,-0.182617,-1.772949,1.07373,0.30883,0.234487,-0.255271,chewing,1.000000,85.106,left_chewing,0.919810,right_chewing
2911038.0,-0.177734,-1.76709,1.074707,0.302701,0.254472,-0.166806,chewing,1.000000,85.106,left_chewing,0.919810,right_chewing
2911048.0,-0.191406,-1.779785,1.071289,0.263798,0.233421,-0.119109,chewing,1.000000,85.106,left_chewing,0.919810,right_chewing
2911058.0,-0.180664,-1.775391,1.073242,0.211038,0.206508,-0.081271,chewing,1.000000,85.106,left_chewing,0.919810,right_chewing
2911068.0,-0.182617,-1.776367,1.068848,0.13856,0.150818,-0.047164,chewing,1.000000,85.106,left_chewing,0.919810,right_chewing
2911078.0,-0.189941,-1.754395,1.080078,0.061553,0.130567,-0.02558,chewing,1.000000,85.106,left_chewing,0.919810,right_chewing
2911088.0,-0.189453,-1.763672,1.083496,0.015188,0.123639,0.00453,chewing,1.000000,85.106,left_chewing,0.919810,right_chewing
2911098.0,-0.186523,-1.755859,1.09082,0.002398,0.120974,0.023449,chewing,1.000000,85.106,left_chewing,0.919810,right_chewing
2911108.0,-0.175781,-1.750488,1.086914,-0.010126,0.115911,0.031443,chewing,1.000000,85.106,left_chewing,0.919810,right_chewing
2911118.0,-0.175293,-1.754883,1.092285,-0.043433,0.115378,0.051161,chewing,1.000000,85.106,left_chewing,0.919810,right_chewing
2911128.0,-0.178223,-1.757324,1.084473,-0.04823,0.089265,0.089798,chewing,1.000000,85.106,left_chewing,0.919810,right_chewing
2911138.0,-0.17627,-1.76123,1.087402,-0.06475,0.077008,0.118309,chewing,1.000000,85.106,left_chewing,0.919810,right_chewing
2911148.0,-0.177246,-1.747559,1.096191,-0.064217,0.019185,0.0874,chewing,1.000000,85.106,left_chewing,0.919810,right_chewing
2911158.0,-0.178711,-1.758301,1.091309,-0.12124,0.016787,0.064217,chewing,1.000000,85.106,left_chewing,0.919810,right_chewing
2911168.0,-0.185059,-1.748047,1.089355,-0.104187,0.041835,0.051427,chewing,1.000000,85.106,left_chewing,0.919810,right_chewing
2911178.0,-0.182129,-1.744141,1.083008,-0.097525,0.034374,0.049029,chewing,1.000000,85.106,left_chewing,0.919810,right_chewing
2911188.0,-0.189453,-1.75293,1.091309,-0.104453,0.049029,0.050894,chewing,1.000000,85.106,left_chewing,0.919810,right_chewing
2911198.0,-0.194336,-1.757813,1.107422,-0.030377,0.081005,0.014123,chewing,1.000000,85.106,left_chewing,0.919810,right_chewing
2911208.0,-0.174805,-1.745117,1.105957,-0.034107,0.102322,0.009326,chewing,1.000000,85.106,left_chewing,0.919810,right_chewing
2911218.0,-0.180664,-1.737793,1.085938,-0.003464,0.071678,0.001865,chewing,1.000000,85.106,left_chewing,0.919810,right_chewing
2911228.0,-0.191406,-1.738281,1.083984,0.002132,0.066083,0.009593,chewing,1.000000,85.106,left_chewing,0.919810,right_chewing
2911238.0,-0.193359,-1.743164,1.080566,0.031709,0.087666,0.012524,chewing,1.000000,85.106,left_chewing,0.919810,right_chewing
2911248.0,-0.178711,-1.754883,1.072754,0.033308,0.124172,-0.014389,chewing,1.000000,85.106,left_chewing,0.919810,right_chewing
2911258.0,-0.19043,-1.757813,1.086914,0.04823,0.126303,-0.037038,chewing,1.000000,85.106,left_chewing,0.919810,right_chewing
2911268.0,-0.185059,-1.75,1.087402,0.065816,0.118842,-0.026646,chewing,1.000000,85.106,left_chewing,0.919810,right_chewing
2911278.0,-0.192871,-1.758789,1.091797,0.077541,0.111648,-0.055158,chewing,1.000000,85.106,left_chewing,0.919810,right_chewing
2911288.0,-0.199219,-1.757324,1.076172,0.088998,0.092729,-0.051427,chewing,1.000000,85.106,left_chewing,0.919810,right_chewing
2911298.0,-0.193848,-1.758301,1.085449,0.078074,0.072211,-0.053825,chewing,1.000000,85.106,left_chewing,0.919810,right_chewing
2911308.0,-0.19043,-1.753418,1.087891,0.094594,0.055158,-0.046098,chewing,1.000000,85.106,left_chewing,0.919810,right_chewing
2911318.0,-0.190918,-1.745117,1.095215,0.114312,0.063418,-0.067681,chewing,1.000000,85.106,left_chewing,0.919810,right_chewing
2911328.0,-0.193848,-1.743652,1.094238,0.105253,0.066349,-0.076475,chewing,1.000000,85.106,left_chewing,0.919810,right_chewing
2911338.0,-0.187012,-1.752441,1.098633,0.077008,0.062352,-0.085002,chewing,1.000000,85.106,left_chewing,0.919810,right_chewing
2911348.0,-0.186035,-1.753906,1.094727,0.058622,0.053559,-0.078873,chewing,1.000000,85.106,left_chewing,0.919810,right_chewing
2911358.0,-0.195801,-1.750488,1.102051,0.054358,0.057556,-0.050628,chewing,1.000000,76.923,left_chewing,0.895141,right_chewing
2911368.0,-0.19043,-1.745605,1.094238,0.038637,0.06555,-0.018386,chewing,1.000000,76.923,left_chewing,0.895141,right_chewing
2911378.0,-0.181152,-1.753906,1.101074,0.027712,0.090064,-0.000799,chewing,1.000000,76.923,left_chewing,0.895141,right_chewing
2911388.0,-0.174805,-1.753906,1.099121,-0.002931,0.107651,0.007194,chewing,1.000000,76.923,left_chewing,0.895141,right_chewing
2911398.0,-0.191895,-1.751953,1.105957,-0.022383,0.120175,-0.006928,chewing,1.000000,76.923,left_chewing,0.895141,right_chewing
2911408.0,-0.204102,-1.758301,1.110352,-0.050894,0.095127,0.013323,chewing,1.000000,76.923,left_chewing,0.895141,right_chewing
2911418.0,-0.174316,-1.769043,1.110352,-0.040769,0.041568,0.051161,chewing,1.000000,76.923,left_chewing,0.895141,right_chewing
2911428.0,-0.123535,-1.774902,1.130371,-0.111381,-0.017587,0.115645,chewing,1.000000,76.923,left_chewing,0.895141,right_chewing
2911438.0,-0.169922,-1.719238,1.078613,-0.069813,-0.084202,0.105253,chewing,1.000000,76.923,left_chewing,0.895141,right_chewing
2911448.0,-0.157227,-1.702637,1.079102,-0.092196,-0.02558,0.112714,chewing,1.000000,76.923,left_chewing,0.895141,right_chewing
2911458.0,-0.210937,-1.733398,1.087402,-0.097792,-0.040236,0.224894,chewing,1.000000,76.923,left_chewing,0.895141,right_chewing
2911468.0,-0.20166,-1.750977,1.103027,-0.10472,-0.14762,0.327482,chewing,1.000000,76.923,left_chewing,0.895141,right_chewing
2911478.0,-0.184082,-1.752441,1.09375,-0.119642,-0.212104,0.342404,chewing,1.000000,76.923,left_chewing,0.895141,right_chewing
2911488.0,-0.15332,-1.726074,1.094727,-0.157746,-0.189988,0.288046,chewing,1.000000,76.923,left_chewing,0.895141,right_chewing
2911498.0,-0.205566,-1.774902,1.108398,-0.154015,-0.224095,0.208107,chewing,1.000000,76.923,left_chewing,0.895141,right_chewing
2911508.0,-0.181641,-1.736816,1.090332,-0.180129,-0.159611,0.127636,chewing,1.000000,76.923,left_chewing,0.895141,right_chewing
2911518.0,-0.202148,-1.750488,1.089844,-0.167871,-0.133764,0.107651,chewing,1.000000,76.923,left_chewing,0.895141,right_chewing
2911528.0,-0.214355,-1.747559,1.094727,-0.160677,-0.119908,0.140426,chewing,1.000000,76.923,left_chewing,0.895141,right_chewing
2911538.0,-0.212402,-1.756836,1.07959,-0.13483,-0.149485,0.178263,chewing,1.000000,76.923,left_chewing,0.895141,right_chewing
2911548.0,-0.219727,-1.763184,1.091797,-0.134031,-0.10472,0.097792,chewing,1.000000,76.923,left_chewing,0.895141,right_chewing
2911558.0,-0.227051,-1.766113,1.095703,-0.152683,-0.119908,0.080205,chewing,1.000000,76.923,left_chewing,0.895141,right_chewing
2911568.0,-0.224609,-1.754395,1.083984,-0.138827,-0.081271,0.089265,chewing,1.000000,76.923,left_chewing,0.895141,right_chewing
2911578.0,-0.198242,-1.770508,1.074219,-0.173734,-0.055158,0.093262,chewing,1.000000,76.923,left_chewing,0.895141,right_chewing
2911588.0,-0.192871,-1.777344,1.060547,-0.215302,-0.039436,0.111115,chewing,1.000000,76.923,left_chewing,0.895141,right_chewing
2911598.0,-0.199707,-1.773926,1.069336,-0.217966,-0.023715,0.122306,chewing,1.000000,76.923,left_chewing,0.895141,right_chewing
2911608.0,-0.21582,-1.770508,1.078613,-0.215835,-0.039969,0.116977,chewing,1.000000,76.923,left_chewing,0.895141,right_chewing
2911618.0,-0.206543,-1.72998,1.066895,-0.202778,-0.041835,0.099923,chewing,1.000000,76.923,left_chewing,0.895141,right_chewing
2911628.0,-0.196289,-1.743652,1.074219,-0.179596,-0.02185,0.0866,chewing,1.000000,76.923,left_chewing,0.895141,right_chewing
2911638.0,-0.194336,-1.749023,1.079102,-0.179596,0.015188,0.058089,chewing,1.000000,76.923,left_chewing,0.895141,right_chewing
2911648.0,-0.188965,-1.756348,1.082031,-0.198515,0.013323,0.029577,chewing,1.000000,76.923,left_chewing,0.895141,right_chewing
2911658.0,-0.19043,-1.775879,1.074707,-0.22223,0.010392,0.004263,chewing,1.000000,76.923,left_chewing,0.895141,right_chewing
2911668.0,-0.21582,-1.754883,1.078125,-0.203044,0.014389,-0.00453,chewing,1.000000,76.923,left_chewing,0.895141,right_chewing
2911678.0,-0.211914,-1.722656,1.084961,-0.199314,0.019985,0.012524,chewing,1.000000,76.923,left_chewing,0.895141,right_chewing
2911688.0,-0.203613,-1.740234,1.080566,-0.139893,0.046897,0.032775,chewing,1.000000,76.923,left_chewing,0.895141,right_chewing
2911698.0,-0.192871,-1.729492,1.078125,-0.101522,0.059954,0.031176,chewing,1.000000,76.923,left_chewing,0.895141,right_chewing
2911708.0,-0.17627,-1.735352,1.072754,-0.118842,0.06555,0.003464,chewing,1.000000,76.923,left_chewing,0.895141,right_chewing
2911718.0,-0.183594,-1.750488,1.065918,-0.080738,0.075675,-0.032775,chewing,1.000000,76.923,left_chewing,0.895141,right_chewing
2911728.0,-0.202637,-1.755859,1.082031,-0.052227,0.098591,-0.049296,chewing,1.000000,76.923,left_chewing,0.895141,right_chewing
2911738.0,-0.219238,-1.740723,1.103516,-0.009593,0.109783,-0.063685,chewing,1.000000,76.923,left_chewing,0.895141,right_chewing
2911748.0,-0.202148,-1.727051,1.091797,0.064484,0.115645,-0.060221,chewing,1.000000,76.923,left_chewing,0.895141,right_chewing
2911758.0,-0.187012,-1.711426,1.118652,0.144956,0.100989,-0.117776,chewing,1.000000,76.923,left_chewing,0.895141,right_chewing
2911768.0,-0.166016,-1.70459,1.106445,0.184925,0.114579,-0.129501,chewing,1.000000,76.923,left_chewing,0.895141,right_chewing
2911778.0,-0.134766,-1.702637,1.094238,0.215568,0.168937,-0.147087,chewing,1.000000,76.923,left_chewing,0.895141,right_chewing
2911788.0,-0.140137,-1.728027,1.08252,0.25687,0.215835,-0.201446,chewing,1.000000,76.923,left_chewing,0.895141,right_chewing
2911798.0,-0.164551,-1.739258,1.067871,0.298971,0.304034,-0.208374,chewing,1.000000,76.923,left_chewing,0.895141,right_chewing
2911808.0,-0.21582,-1.776855,1.064941,0.262199,0.370649,-0.212104,chewing,1.000000,76.923,left_chewing,0.895141,right_chewing
2911818.0,-0.180664,-1.766113,1.060547,0.231289,0.265663,-0.211571,chewing,1.000000,76.923,left_chewing,0.895141,right_chewing
2911828.0,-0.206055,-1.779785,1.071289,0.255005,0.167072,-0.185191,chewing,1.000000,76.923,left_chewing,0.895141,right_chewing
2911838.0,-0.19873,-1.800781,1.068848,0.100723,0.108184,-0.191054,chewing,1.000000,76.923,left_chewing,0.895141,right_chewing
2911848.0,-0.208984,-1.794434,1.07666,0.062086,0.074343,-0.196116,chewing,1.000000,76.923,left_chewing,0.895141,right_chewing
2911858.0,-0.212891,-1.791016,1.092773,0.03011,0.067415,-0.184658,chewing,1.000000,76.923,left_chewing,0.895141,right_chewing
2911868.0,-0.204102,-1.779785,1.087891,0.010658,0.038904,-0.130833,chewing,1.000000,76.923,left_chewing,0.895141,right_chewing
2911878.0,-0.201172,-1.774414,1.091309,-0.012524,0.014389,-0.073544,chewing,1.000000,76.923,left_chewing,0.895141,right_chewing
2911888.0,-0.199707,-1.773438,1.10498,0.015188,0.018919,-0.029844,chewing,1.000000,76.923,left_chewing,0.895141,right_chewing
2911898.0,-0.196289,-1.759277,1.10498,0.119642,0.003464,0.013057,chewing,1.000000,76.923,left_chewing,0.895141,right_chewing
2911908.0,-0.203125,-1.771973,1.099609,0.03917,0.038371,0.073277,chewing,1.000000,76.923,left_chewing,0.895141,right_chewing
2911918.0,-0.199219,-1.790039,1.093262,0.026646,0.032775,0.096992,chewing,1.000000,76.923,left_chewing,0.895141,right_chewing
2911928.0,-0.20459,-1.779785,1.09082,0.042634,0.04743,0.106319,chewing,1.000000,76.923,left_chewing,0.895141,right_chewing
2911938.0,-0.209961,-1.778809,1.097168,0.030377,0.026913,0.089265,chewing,1.000000,76.923,left_chewing,0.895141,right_chewing
2911948.0,-0.214355,-1.758301,1.089844,0.013057,0.058089,0.106851,chewing,1.000000,76.923,left_chewing,0.895141,right_chewing
2911958.0,-0.211914,-1.755371,1.109863,0.009859,0.071145,0.100989,chewing,1.000000,76.923,left_chewing,0.895141,right_chewing
2911968.0,-0.199219,-1.73291,1.08252,0.009593,0.118043,0.077274,chewing,1.000000,76.923,left_chewing,0.895141,right_chewing
2911978.0,-0.20459,-1.736816,1.087891,-0.025314,0.116444,0.034374,chewing,1.000000,76.923,left_chewing,0.895141,right_chewing
2911988.0,-0.203125,-1.73877,1.105957,0.001865,0.125504,0.041835,chewing,1.000000,76.923,left_chewing,0.895141,right_chewing
2911998.0,-0.200195,-1.73584,1.097656,0.001066,0.118576,0.02185,chewing,1.000000,76.923,left_chewing,0.895141,right_chewing
2912008.0,-0.197754,-1.734863,1.100098,-0.010392,0.099391,-0.041835,chewing,1.000000,76.923,left_chewing,0.895141,right_chewing
2912018.0,-0.21582,-1.751953,1.102539,-0.015455,0.115112,-0.049029,chewing,1.000000,76.923,left_chewing,0.895141,right_chewing
2912028.0,-0.200684,-1.739746,1.095215,0.019718,0.122839,-0.062885,chewing,1.000000,76.923,left_chewing,0.895141,right_chewing
2912038.0,-0.205566,-1.743652,1.08252,0.028245,0.125504,-0.06102,chewing,1.000000,76.923,left_chewing,0.895141,right_chewing
2912048.0,-0.203125,-1.760254,1.086914,0.03011,0.124438,-0.065816,chewing,1.000000,76.923,left_chewing,0.895141,right_chewing
2912058.0,-0.200684,-1.749023,1.088867,0.06555,0.113779,-0.056224,chewing,1.000000,76.923,left_chewing,0.895141,right_chewing
2912068.0,-0.200195,-1.752441,1.09375,0.058888,0.102055,-0.072744,chewing,1.000000,76.923,left_chewing,0.895141,right_chewing
2912078.0,-0.197266,-1.746094,1.084473,0.068214,0.070879,-0.074343,chewing,1.000000,76.923,left_chewing,0.895141,right_chewing
2912088.0,-0.190918,-1.748535,1.086914,0.07008,0.041035,-0.079672,chewing,1.000000,76.923,left_chewing,0.895141,right_chewing
2912098.0,-0.205078,-1.748047,1.101563,0.058089,0.056757,-0.124172,chewing,1.000000,76.923,left_chewing,0.895141,right_chewing
2912108.0,-0.204102,-1.756836,1.094238,0.031709,0.088199,-0.156147,chewing,1.000000,76.923,left_chewing,0.895141,right_chewing
2912118.0,-0.20166,-1.74707,1.095215,0.043433,0.049562,-0.092995,chewing,1.000000,76.923,left_chewing,0.895141,right_chewing
2912128.0,-0.195312,-1.756836,1.097656,0.029311,0.055691,-0.090597,chewing,1.000000,76.923,left_chewing,0.895141,right_chewing
2912138.0,-0.194824,-1.740723,1.103027,0.040769,0.068214,-0.037305,chewing,1.000000,76.923,left_chewing,0.895141,right_chewing
2912148.0,-0.195801,-1.748047,1.101563,0.01279,0.063152,-0.039703,chewing,1.000000,76.923,left_chewing,0.895141,right_chewing
2912158.0,-0.194336,-1.755371,1.11084,-0.005596,0.06475,-0.057556,chewing,1.000000,76.923,left_chewing,0.895141,right_chewing
2912168.0,-0.181152,-1.744629,1.116699,-0.030377,0.08207,-0.090331,chewing,1.000000,76.923,left_chewing,0.895141,right_chewing
2912178.0,-0.197754,-1.739746,1.099121,-0.025314,0.103387,-0.086334,chewing,1.000000,76.923,left_chewing,0.895141,right_chewing
2912188.0,-0.195312,-1.737793,1.121094,-0.032508,0.090864,-0.054358,chewing,1.000000,76.923,left_chewing,0.895141,right_chewing
2912198.0,-0.171387,-1.760742,1.133789,-0.067149,0.039969,-0.023449,chewing,1.000000,76.923,left_chewing,0.895141,right_chewing
2912208.0,-0.136719,-1.733887,1.100098,-0.035706,0.025847,0.037571,chewing,1.000000,76.923,left_chewing,0.895141,right_chewing
2912218.0,-0.141602,-1.783203,1.095215,-0.132165,0.0,-0.031443,chewing,1.000000,76.923,left_chewing,0.895141,right_chewing
2912228.0,-0.239258,-1.751953,1.086426,-0.118842,-0.021317,-0.053026,chewing,1.000000,76.923,left_chewing,0.895141,right_chewing
2912238.0,-0.256836,-1.731934,1.110352,-0.142025,-0.052227,0.055957,chewing,1.000000,76.923,left_chewing,0.895141,right_chewing
2912248.0,-0.224609,-1.733887,1.103516,-0.155081,-0.057289,0.220631,chewing,1.000000,76.923,left_chewing,0.895141,right_chewing
2912258.0,-0.188477,-1.737793,1.100586,-0.147887,-0.072211,0.249409,chewing,1.000000,76.923,left_chewing,0.895141,right_chewing
2912268.0,-0.178711,-1.758301,1.091309,-0.172135,-0.035173,0.178263,chewing,1.000000,76.923,left_chewing,0.895141,right_chewing
2912278.0,-0.181152,-1.743164,1.088867,-0.148153,0.013057,0.080205,chewing,1.000000,76.923,left_chewing,0.895141,right_chewing
2912288.0,-0.200684,-1.766602,1.104004,-0.13483,0.013856,0.002398,chewing,1.000000,76.923,left_chewing,0.895141,right_chewing
2912298.0,-0.219727,-1.749023,1.114258,-0.106319,0.004796,-0.005063,chewing,1.000000,76.923,left_chewing,0.895141,right_chewing
2912308.0,-0.188477,-1.729004,1.103516,-0.065283,0.002132,-0.021583,chewing,1.000000,76.923,left_chewing,0.895141,right_chewing
2912318.0,-0.181641,-1.738281,1.083496,-0.038637,0.028245,-0.016787,chewing,1.000000,76.923,left_chewing,0.895141,right_chewing
2912328.0,-0.197754,-1.749512,1.086426,-0.010392,0.019985,-0.044766,chewing,1.000000,76.923,left_chewing,0.895141,right_chewing
2912338.0,-0.207031,-1.747559,1.081543,-0.106319,0.009859,0.031709,chewing,1.000000,76.923,left_chewing,0.895141,right_chewing
2912348.0,-0.19043,-1.753906,1.094238,-0.034107,0.018652,0.036772,chewing,1.000000,76.923,left_chewing,0.895141,right_chewing
2912358.0,-0.181152,-1.759277,1.095703,-0.100723,-0.025047,0.037838,chewing,1.000000,81.081,left_chewing,0.938377,right_chewing
2912368.0,-0.180176,-1.773438,1.091309,-0.160677,-0.00373,-0.010925,chewing,1.000000,81.081,left_chewing,0.938377,right_chewing
2912378.0,-0.211426,-1.747559,1.096191,-0.070346,0.001865,-0.023982,chewing,1.000000,81.081,left_chewing,0.938377,right_chewing
2912388.0,-0.184082,-1.740723,1.097656,-0.078074,-0.039436,-0.007994,chewing,1.000000,81.081,left_chewing,0.938377,right_chewing
2912398.0,-0.192871,-1.755859,1.079102,-0.088466,-0.013856,0.006129,chewing,1.000000,81.081,left_chewing,0.938377,right_chewing
2912408.0,-0.196289,-1.763184,1.084961,-0.113513,-0.038371,0.027179,chewing,1.000000,81.081,left_chewing,0.938377,right_chewing
2912418.0,-0.182617,-1.764648,1.086914,-0.103654,-0.015988,-0.003997,chewing,1.000000,81.081,left_chewing,0.938377,right_chewing
2912428.0,-0.180664,-1.763672,1.086426,-0.111648,-0.019185,0.004796,chewing,1.000000,81.081,left_chewing,0.938377,right_chewing
2912438.0,-0.176758,-1.772461,1.075684,-0.131366,-0.013057,0.01359,chewing,1.000000,81.081,left_chewing,0.938377,right_chewing
2912448.0,-0.183594,-1.769043,1.074707,-0.132432,-0.033841,0.035972,chewing,1.000000,81.081,left_chewing,0.938377,right_chewing
2912458.0,-0.177734,-1.770996,1.069336,-0.147087,-0.021317,0.049828,chewing,1.000000,81.081,left_chewing,0.938377,right_chewing
2912468.0,-0.187988,-1.73877,1.075684,-0.172934,-0.035706,0.065283,chewing,1.000000,81.081,left_chewing,0.938377,right_chewing
2912478.0,-0.194336,-1.756836,1.07959,-0.207308,-0.010925,0.085534,chewing,1.000000,81.081,left_chewing,0.938377,right_chewing
2912488.0,-0.199219,-1.76709,1.09082,-0.232355,-0.007461,0.09566,chewing,1.000000,81.081,left_chewing,0.938377,right_chewing
2912498.0,-0.21875,-1.76416,1.093262,-0.236086,-0.034374,0.075675,chewing,1.000000,81.081,left_chewing,0.938377,right_chewing
2912508.0,-0.216797,-1.752441,1.070801,-0.234753,-0.02558,0.094328,chewing,1.000000,81.081,left_chewing,0.938377,right_chewing
2912518.0,-0.20752,-1.750977,1.096191,-0.236885,-0.019985,0.059954,chewing,1.000000,81.081,left_chewing,0.938377,right_chewing
2912528.0,-0.221191,-1.746582,1.074707,-0.244613,-0.016787,0.029311,chewing,1.000000,81.081,left_chewing,0.938377,right_chewing
2912538.0,-0.227539,-1.753906,1.077637,-0.235819,-0.016787,0.01732,chewing,1.000000,81.081,left_chewing,0.938377,right_chewing
2912548.0,-0.205078,-1.750488,1.092773,-0.225161,-0.023449,0.032242,chewing,1.000000,81.081,left_chewing,0.938377,right_chewing
2912558.0,-0.187988,-1.750977,1.07959,-0.153216,-0.029844,-0.016787,chewing,1.000000,81.081,left_chewing,0.938377,right_chewing
2912568.0,-0.176758,-1.73584,1.074707,-0.076741,-0.00453,-0.062619,chewing,1.000000,81.081,left_chewing,0.938377,right_chewing
2912578.0,-0.18457,-1.755371,1.081543,-0.030643,0.010126,-0.087933,chewing,1.000000,81.081,left_chewing,0.938377,right_chewing
2912588.0,-0.195312,-1.77002,1.076172,0.06928,0.015988,-0.108184,chewing,1.000000,81.081,left_chewing,0.938377,right_chewing
2912598.0,-0.188477,-1.740234,1.075195,0.099923,0.040236,-0.096193,chewing,1.000000,81.081,left_chewing,0.938377,right_chewing
2912608.0,-0.191895,-1.748535,1.060547,0.143623,0.065816,-0.100989,chewing,1.000000,81.081,left_chewing,0.938377,right_chewing
2912618.0,-0.19873,-1.756348,1.073242,0.151084,0.078074,-0.096992,chewing,1.000000,81.081,left_chewing,0.938377,right_chewing
2912628.0,-0.1875,-1.765137,1.067383,0.157746,0.077541,-0.109783,chewing,1.000000,81.081,left_chewing,0.938377,right_chewing
2912638.0,-0.189453,-1.76416,1.067383,0.146021,0.09113,-0.133498,chewing,1.000000,81.081,left_chewing,0.938377,right_chewing
2912648.0,-0.201172,-1.760742,1.069336,0.167072,0.134031,-0.150818,chewing,1.000000,81.081,left_chewing,0.938377,right_chewing
2912658.0,-0.196777,-1.765137,1.051758,0.166006,0.162809,-0.131366,chewing,1.000000,81.081,left_chewing,0.938377,right_chewing
2912668.0,-0.181152,-1.757324,1.060547,0.178796,0.202778,-0.150018,chewing,1.000000,81.081,left_chewing,0.938377,right_chewing
2912678.0,-0.175781,-1.762695,1.075684,0.156413,0.220897,-0.158545,chewing,1.000000,81.081,left_chewing,0.938377,right_chewing
2912688.0,-0.187988,-1.770508,1.064453,0.100989,0.214769,-0.164674,chewing,1.000000,81.081,left_chewing,0.938377,right_chewing
2912698.0,-0.196289,-1.773926,1.087402,0.06475,0.196916,-0.174533,chewing,1.000000,81.081,left_chewing,0.938377,right_chewing
2912708.0,-0.193848,-1.76709,1.099609,0.020251,0.187323,-0.148153,chewing,1.000000,81.081,left_chewing,0.938377,right_chewing
2912718.0,-0.180176,-1.755371,1.083008,0.009859,0.170003,-0.095127,chewing,1.000000,81.081,left_chewing,0.938377,right_chewing
2912728.0,-0.172852,-1.747559,1.081055,-0.014655,0.146021,-0.035173,chewing,1.000000,81.081,left_chewing,0.938377,right_chewing
2912738.0,-0.170898,-1.755371,1.095703,-0.017587,0.121507,0.004796,chewing,1.000000,81.081,left_chewing,0.938377,right_chewing
2912748.0,-0.173828,-1.76123,1.080566,-0.045832,0.10392,-0.006129,chewing,1.000000,81.081,left_chewing,0.938377,right_chewing
2912758.0,-0.166016,-1.756836,1.094727,-0.044766,0.072744,-0.010126,chewing,1.000000,81.081,left_chewing,0.938377,right_chewing
2912768.0,-0.157715,-1.739746,1.076172,-0.050628,0.049828,-0.034107,chewing,1.000000,81.081,left_chewing,0.938377,right_chewing
2912778.0,-0.168457,-1.745117,1.100098,-0.073011,0.062352,-0.016254,chewing,1.000000,81.081,left_chewing,0.938377,right_chewing
2912788.0,-0.177246,-1.753906,1.099121,-0.042368,0.038637,0.011724,chewing,1.000000,81.081,left_chewing,0.938377,right_chewing
2912798.0,-0.175781,-1.73877,1.085938,-0.029311,0.038371,0.029844,chewing,1.000000,81.081,left_chewing,0.938377,right_chewing
2912808.0,-0.177246,-1.757813,1.096191,-0.066349,0.038637,0.027446,chewing,1.000000,81.081,left_chewing,0.938377,right_chewing
2912818.0,-0.201172,-1.75293,1.097168,-0.048496,0.043167,-0.001066,chewing,1.000000,81.081,left_chewing,0.938377,right_chewing
2912828.0,-0.195801,-1.748535,1.080078,-0.056224,0.057556,0.007461,chewing,1.000000,81.081,left_chewing,0.938377,right_chewing
2912838.0,-0.1875,-1.745117,1.101074,-0.029311,0.081271,-0.015455,chewing,1.000000,81.081,left_chewing,0.938377,right_chewing
2912848.0,-0.18457,-1.753906,1.088867,-0.035972,0.105253,-0.007727,chewing,1.000000,81.081,left_chewing,0.938377,right_chewing
2912858.0,-0.188965,-1.752441,1.081055,-0.018652,0.10845,-0.021051,chewing,1.000000,81.081,left_chewing,0.938377,right_chewing
2912868.0,-0.185547,-1.751953,1.088867,-0.011458,0.081538,-0.017054,chewing,1.000000,81.081,left_chewing,0.938377,right_chewing
2912878.0,-0.172363,-1.759277,1.088867,0.002665,0.074077,-0.020251,chewing,1.000000,81.081,left_chewing,0.938377,right_chewing
2912888.0,-0.191406,-1.750488,1.083496,0.000533,0.058089,-0.042634,chewing,1.000000,81.081,left_chewing,0.938377,right_chewing
2912898.0,-0.184082,-1.768555,1.093262,0.021317,0.051694,-0.075142,chewing,1.000000,81.081,left_chewing,0.938377,right_chewing
2912908.0,-0.201172,-1.765137,1.077148,0.058355,0.040236,-0.075942,chewing,1.000000,81.081,left_chewing,0.938377,right_chewing
2912918.0,-0.188965,-1.755371,1.088867,0.079406,0.038637,-0.068747,chewing,1.000000,81.081,left_chewing,0.938377,right_chewing
2912928.0,-0.193359,-1.74707,1.069824,0.068214,0.012524,-0.07008,chewing,1.000000,81.081,left_chewing,0.938377,right_chewing
2912938.0,-0.197754,-1.758789,1.086426,0.063418,0.024781,-0.077807,chewing,1.000000,81.081,left_chewing,0.938377,right_chewing
2912948.0,-0.197266,-1.768555,1.071289,0.070346,0.011191,-0.057822,chewing,1.000000,81.081,left_chewing,0.938377,right_chewing
2912958.0,-0.189453,-1.762207,1.080078,0.088998,0.010925,-0.046098,chewing,1.000000,81.081,left_chewing,0.938377,right_chewing
2912968.0,-0.196777,-1.769043,1.085449,0.088732,0.005862,-0.063418,chewing,1.000000,81.081,left_chewing,0.938377,right_chewing
2912978.0,-0.181641,-1.747559,1.080566,0.059954,0.00453,-0.099657,chewing,1.000000,81.081,left_chewing,0.938377,right_chewing
2912988.0,-0.188477,-1.758789,1.092773,0.059155,0.011991,-0.110315,chewing,1.000000,81.081,left_chewing,0.938377,right_chewing
2912998.0,-0.190918,-1.73877,1.102051,0.049296,0.031176,-0.092462,chewing,1.000000,81.081,left_chewing,0.938377,right_chewing
2913008.0,-0.185547,-1.743652,1.088379,0.026646,0.0429,-0.076741,chewing,1.000000,81.081,left_chewing,0.938377,right_chewing
2913018.0,-0.190918,-1.756348,1.097168,0.029044,0.060221,-0.045299,chewing,1.000000,81.081,left_chewing,0.938377,right_chewing
2913028.0,-0.193359,-1.745605,1.103027,0.022649,0.054092,-0.038637,chewing,1.000000,81.081,left_chewing,0.938377,right_chewing
2913038.0,-0.184082,-1.745605,1.108398,0.010126,0.06102,-0.011458,chewing,1.000000,81.081,left_chewing,0.938377,right_chewing
2913048.0,-0.174316,-1.750977,1.097656,0.000266,0.042368,0.004263,chewing,1.000000,81.081,left_chewing,0.938377,right_chewing
2913058.0,-0.155762,-1.754395,1.100586,-0.032775,-0.054625,0.0,chewing,1.000000,81.081,left_chewing,0.938377,right_chewing
2913068.0,-0.086914,-1.741699,1.089355,-0.077008,-0.212904,0.083403,chewing,1.000000,81.081,left_chewing,0.938377,right_chewing
2913078.0,-0.11084,-1.722168,1.051758,-0.086067,-0.093528,-0.013323,chewing,1.000000,81.081,left_chewing,0.938377,right_chewing
2913088.0,-0.233887,-1.731934,1.065918,-0.088466,0.005862,-0.101522,chewing,1.000000,81.081,left_chewing,0.938377,right_chewing
2913098.0,-0.254395,-1.768555,1.093262,-0.111648,0.001865,0.103387,chewing,1.000000,81.081,left_chewing,0.938377,right_chewing
2913108.0,-0.215332,-1.755859,1.100098,-0.116178,-0.002931,0.255271,chewing,1.000000,81.081,left_chewing,0.938377,right_chewing
2913118.0,-0.161133,-1.741211,1.084961,-0.124971,0.0,0.264331,chewing,1.000000,81.081,left_chewing,0.938377,right_chewing
2913128.0,-0.141602,-1.758789,1.091309,-0.123639,0.059155,0.160677,chewing,1.000000,81.081,left_chewing,0.938377,right_chewing
2913138.0,-0.166504,-1.768066,1.088379,-0.118043,0.107917,0.018919,chewing,1.000000,81.081,left_chewing,0.938377,right_chewing
2913148.0,-0.191895,-1.744629,1.080566,-0.138294,0.132698,-0.045832,chewing,1.000000,81.081,left_chewing,0.938377,right_chewing
2913158.0,-0.201172,-1.751465,1.077148,-0.158012,0.133764,0.001865,chewing,1.000000,81.081,left_chewing,0.938377,right_chewing
2913168.0,-0.189941,-1.764648,1.094238,-0.139626,0.109783,0.099391,chewing,1.000000,81.081,left_chewing,0.938377,right_chewing
2913178.0,-0.169922,-1.765625,1.077637,-0.125504,0.046098,0.155614,chewing,1.000000,81.081,left_chewing,0.938377,right_chewing
2913188.0,-0.161621,-1.775879,1.083008,-0.140959,0.038637,0.098058,chewing,1.000000,81.081,left_chewing,0.938377,right_chewing
2913198.0,-0.180176,-1.756348,1.078613,-0.154015,0.010658,0.036772,chewing,1.000000,81.081,left_chewing,0.938377,right_chewing
2913208.0,-0.200684,-1.746094,1.094727,-0.171868,0.015988,0.007727,chewing,1.000000,81.081,left_chewing,0.938377,right_chewing
2913218.0,-0.1875,-1.739258,1.10498,-0.157746,-0.010658,0.023182,chewing,1.000000,81.081,left_chewing,0.938377,right_chewing
2913228.0,-0.176758,-1.739258,1.092773,-0.146821,0.000266,0.06928,chewing,1.000000,81.081,left_chewing,0.938377,right_chewing
2913238.0,-0.172852,-1.763672,1.082031,-0.117243,0.015188,0.066083,chewing,1.000000,81.081,left_chewing,0.938377,right_chewing
2913248.0,-0.177246,-1.766113,1.079102,-0.106851,0.016254,0.053292,chewing,1.000000,81.081,left_chewing,0.938377,right_chewing
2913258.0,-0.187988,-1.771484,1.079102,-0.081538,-0.007194,0.024781,chewing,1.000000,81.081,left_chewing,0.938377,right_chewing
2913268.0,-0.186523,-1.742188,1.089844,-0.077541,-0.011191,0.050894,chewing,1.000000,81.081,left_chewing,0.938377,right_chewing
2913278.0,-0.167969,-1.73584,1.088867,-0.064484,-0.028511,0.041035,chewing,1.000000,81.081,left_chewing,0.938377,right_chewing
2913288.0,-0.190918,-1.740723,1.091309,-0.068747,-0.018386,0.043433,chewing,1.000000,81.081,left_chewing,0.938377,right_chewing
2913298.0,-0.185059,-1.756348,1.085938,-0.063152,-0.062086,0.012524,chewing,1.000000,81.081,left_chewing,0.938377,right_chewing
2913308.0,-0.191895,-1.751465,1.085449,-0.044233,-0.054092,-0.013323,chewing,1.000000,81.081,left_chewing,0.938377,right_chewing
2913318.0,-0.194336,-1.746582,1.092285,-0.033308,-0.069813,-0.039436,chewing,1.000000,81.081,left_chewing,0.938377,right_chewing
2913328.0,-0.177246,-1.750977,1.080078,-0.034907,-0.060487,-0.049296,chewing,1.000000,81.081,left_chewing,0.938377,right_chewing
2913338.0,-0.185059,-1.763672,1.076172,-0.045832,-0.054092,-0.097792,chewing,1.000000,81.081,left_chewing,0.938377,right_chewing
2913348.0,-0.205078,-1.765625,1.080078,-0.037838,-0.037305,-0.141758,chewing,1.000000,81.081,left_chewing,0.938377,right_chewing
2913358.0,-0.191895,-1.747559,1.086426,-0.015988,-0.032775,-0.163341,chewing,1.000000,65.217,left_chewing,0.895272,right_chewing
2913368.0,-0.189941,-1.748535,1.086426,-0.0429,-0.012257,-0.165207,chewing,1.000000,65.217,left_chewing,0.895272,right_chewing
2913378.0,-0.177734,-1.741211,1.087402,-0.041035,-0.027979,-0.166539,chewing,1.000000,65.217,left_chewing,0.895272,right_chewing
2913388.0,-0.169434,-1.743164,1.081543,-0.038637,-0.027446,-0.154815,chewing,1.000000,65.217,left_chewing,0.895272,right_chewing
2913398.0,-0.192383,-1.756836,1.074707,-0.041835,-0.00826,-0.071678,chewing,1.000000,65.217,left_chewing,0.895272,right_chewing
2913408.0,-0.179199,-1.766113,1.092773,-0.016254,0.000533,-0.002398,chewing,1.000000,65.217,left_chewing,0.895272,right_chewing
2913418.0,-0.181641,-1.765625,1.086914,-0.006928,0.004263,-0.027179,chewing,1.000000,65.217,left_chewing,0.895272,right_chewing
2913428.0,-0.174316,-1.748535,1.070801,0.009326,0.043433,-0.044766,chewing,1.000000,65.217,left_chewing,0.895272,right_chewing
2913438.0,-0.183105,-1.758789,1.076172,0.021317,0.045832,-0.043433,chewing,1.000000,65.217,left_chewing,0.895272,right_chewing
2913448.0,-0.16748,-1.772949,1.085938,0.0,0.079139,-0.05196,chewing,1.000000,65.217,left_chewing,0.895272,right_chewing
2913458.0,-0.185059,-1.763672,1.074707,0.007194,0.079139,-0.075942,chewing,1.000000,65.217,left_chewing,0.895272,right_chewing
2913468.0,-0.187988,-1.748535,1.074707,-0.002132,0.090064,-0.081271,chewing,1.000000,65.217,left_chewing,0.895272,right_chewing
2913478.0,-0.190918,-1.760254,1.074219,0.009326,0.102855,-0.081538,chewing,1.000000,65.217,left_chewing,0.895272,right_chewing
2913488.0,-0.182129,-1.754883,1.074707,0.029844,0.107917,-0.075409,chewing,1.000000,65.217,left_chewing,0.895272,right_chewing
2913498.0,-0.173828,-1.76709,1.077148,0.061819,0.122573,-0.073544,chewing,1.000000,65.217,left_chewing,0.895272,right_chewing
2913508.0,-0.164062,-1.76709,1.074707,0.062086,0.140959,-0.107651,chewing,1.000000,65.217,left_chewing,0.895272,right_chewing
2913518.0,-0.15625,-1.783203,1.084961,0.070613,0.158812,-0.175332,chewing,1.000000,65.217,left_chewing,0.895272,right_chewing
2913528.0,-0.17334,-1.769043,1.086914,0.074077,0.158545,-0.185458,chewing,1.000000,65.217,left_chewing,0.895272,right_chewing
2913538.0,-0.170898,-1.743652,1.100586,0.064484,0.174266,-0.134564,chewing,1.000000,65.217,left_chewing,0.895272,right_chewing
2913548.0,-0.160156,-1.751953,1.101074,0.046098,0.123905,-0.114845,chewing,1.000000,65.217,left_chewing,0.895272,right_chewing
2913558.0,-0.151367,-1.74707,1.116699,0.032508,0.085268,-0.094861,chewing,1.000000,65.217,left_chewing,0.895272,right_chewing
2913568.0,-0.168457,-1.741699,1.094238,0.046364,0.074876,-0.092729,chewing,1.000000,65.217,left_chewing,0.895272,right_chewing
2913578.0,-0.17041,-1.723145,1.098633,0.049828,0.092462,-0.076741,chewing,1.000000,65.217,left_chewing,0.895272,right_chewing
2913588.0,-0.155762,-1.746094,1.095215,0.040236,0.067948,-0.059688,chewing,1.000000,65.217,left_chewing,0.895272,right_chewing
2913598.0,-0.150879,-1.753418,1.094727,0.046897,0.075142,-0.06102,chewing,1.000000,65.217,left_chewing,0.895272,right_chewing
2913608.0,-0.161621,-1.748535,1.087402,0.037838,0.093262,-0.063685,chewing,1.000000,65.217,left_chewing,0.895272,right_chewing
2913618.0,-0.162109,-1.757813,1.089844,0.035173,0.084469,-0.048763,chewing,1.000000,65.217,left_chewing,0.895272,right_chewing
2913628.0,-0.172852,-1.763184,1.093262,0.035706,0.066616,-0.034907,chewing,1.000000,65.217,left_chewing,0.895272,right_chewing
2913638.0,-0.17334,-1.762207,1.091797,0.044766,0.063152,-0.017587,chewing,1.000000,65.217,left_chewing,0.895272,right_chewing
2913648.0,-0.171875,-1.756836,1.106934,0.05196,0.045565,0.015188,chewing,1.000000,65.217,left_chewing,0.895272,right_chewing
2913658.0,-0.18457,-1.77002,1.098633,0.009593,0.022649,0.071145,chewing,1.000000,65.217,left_chewing,0.895272,right_chewing
2913668.0,-0.186523,-1.776855,1.099121,0.0,0.003464,0.060221,chewing,1.000000,65.217,left_chewing,0.895272,right_chewing
2913678.0,-0.186523,-1.768066,1.093262,-0.018919,0.006129,0.044766,chewing,1.000000,65.217,left_chewing,0.895272,right_chewing
2913688.0,-0.186523,-1.777344,1.099609,-0.029844,0.018386,0.011991,chewing,1.000000,65.217,left_chewing,0.895272,right_chewing
2913698.0,-0.180664,-1.75293,1.071777,-0.055158,0.051694,0.010658,chewing,1.000000,65.217,left_chewing,0.895272,right_chewing
2913708.0,-0.174805,-1.753418,1.079102,-0.04823,0.077807,-0.003198,chewing,1.000000,65.217,left_chewing,0.895272,right_chewing
2913718.0,-0.178223,-1.75293,1.095703,-0.061553,0.095394,0.010392,chewing,1.000000,65.217,left_chewing,0.895272,right_chewing
2913728.0,-0.177734,-1.756836,1.08252,-0.058622,0.108184,-0.006928,chewing,1.000000,65.217,left_chewing,0.895272,right_chewing
2913738.0,-0.169922,-1.759277,1.087402,-0.045832,0.109516,-0.001865,chewing,1.000000,65.217,left_chewing,0.895272,right_chewing
2913748.0,-0.168945,-1.745605,1.092773,-0.029311,0.11751,-0.017853,chewing,1.000000,65.217,left_chewing,0.895272,right_chewing
2913758.0,-0.153809,-1.744141,1.083496,-0.00906,0.111381,-0.013856,chewing,1.000000,65.217,left_chewing,0.895272,right_chewing
2913768.0,-0.159668,-1.752441,1.078613,0.010658,0.110049,-0.022383,chewing,1.000000,65.217,left_chewing,0.895272,right_chewing
2913778.0,-0.16748,-1.759277,1.085938,-0.005596,0.094594,-0.049828,chewing,1.000000,65.217,left_chewing,0.895272,right_chewing
2913788.0,-0.180664,-1.758301,1.091309,0.015988,0.068481,-0.060221,chewing,1.000000,65.217,left_chewing,0.895272,right_chewing
2913798.0,-0.17627,-1.750488,1.097656,0.015721,0.049828,-0.070346,chewing,1.000000,65.217,left_chewing,0.895272,right_chewing
2913808.0,-0.169922,-1.746094,1.094727,0.033041,0.032775,-0.070879,chewing,1.000000,65.217,left_chewing,0.895272,right_chewing
2913818.0,-0.159668,-1.748535,1.09375,0.01279,0.049562,-0.080738,chewing,1.000000,65.217,left_chewing,0.895272,right_chewing
2913828.0,-0.165039,-1.755859,1.102051,0.024781,0.038104,-0.061286,chewing,1.000000,65.217,left_chewing,0.895272,right_chewing
2913838.0,-0.169434,-1.759766,1.094727,0.036239,0.046098,-0.06555,chewing,1.000000,65.217,left_chewing,0.895272,right_chewing
2913848.0,-0.179199,-1.743652,1.100586,0.028245,0.026646,-0.072211,chewing,1.000000,65.217,left_chewing,0.895272,right_chewing
2913858.0,-0.169922,-1.75293,1.120117,0.023982,0.023715,-0.053292,chewing,1.000000,65.217,left_chewing,0.895272,right_chewing
2913868.0,-0.169434,-1.753906,1.10498,0.018119,0.02638,-0.015721,chewing,1.000000,65.217,left_chewing,0.895272,right_chewing
2913878.0,-0.166504,-1.75,1.084473,0.015188,0.027712,-0.00826,chewing,1.000000,65.217,left_chewing,0.895272,right_chewing
2913888.0,-0.156738,-1.752441,1.123047,0.000266,0.024781,-0.002931,chewing,1.000000,65.217,left_chewing,0.895272,right_chewing
2913898.0,-0.150879,-1.748535,1.122559,0.012524,0.050628,0.01279,chewing,1.000000,65.217,left_chewing,0.895272,right_chewing
2913908.0,-0.145996,-1.742188,1.113281,-0.001066,0.034907,0.018386,chewing,1.000000,65.217,left_chewing,0.895272,right_chewing
2913918.0,-0.087891,-1.761719,1.152344,-0.020518,-0.066616,0.051161,chewing,1.000000,65.217,left_chewing,0.895272,right_chewing
2913928.0,-0.063965,-1.723633,1.076172,-0.023182,0.044233,0.043433,chewing,1.000000,65.217,left_chewing,0.895272,right_chewing
2913938.0,-0.133301,-1.755371,1.069824,-0.076475,0.029044,-0.028245,chewing,1.000000,65.217,left_chewing,0.895272,right_chewing
2913948.0,-0.207031,-1.76123,1.083496,-0.154015,-0.046098,-0.017587,chewing,1.000000,65.217,left_chewing,0.895272,right_chewing
2913958.0,-0.210937,-1.757324,1.092773,-0.195051,-0.135363,0.175066,chewing,1.000000,65.217,left_chewing,0.895272,right_chewing
2913968.0,-0.169922,-1.747559,1.084961,-0.209706,-0.140692,0.318689,chewing,1.000000,65.217,left_chewing,0.895272,right_chewing
2913978.0,-0.137695,-1.75,1.077637,-0.199847,-0.102588,0.294175,chewing,1.000000,65.217,left_chewing,0.895272,right_chewing
2913988.0,-0.15918,-1.775879,1.083008,-0.19958,-0.083136,0.220364,chewing,1.000000,65.217,left_chewing,0.895272,right_chewing
2913998.0,-0.169922,-1.780762,1.080078,-0.220098,-0.066083,0.127369,chewing,1.000000,65.217,left_chewing,0.895272,right_chewing
2914008.0,-0.188477,-1.774902,1.083008,-0.253406,-0.040502,0.111115,chewing,1.000000,65.217,left_chewing,0.895272,right_chewing
2914018.0,-0.202637,-1.768555,1.075684,-0.237418,-0.038904,0.086067,chewing,1.000000,65.217,left_chewing,0.895272,right_chewing
2914028.0,-0.20459,-1.760254,1.072754,-0.248077,-0.029844,0.099124,chewing,1.000000,65.217,left_chewing,0.895272,right_chewing
2914038.0,-0.202637,-1.781738,1.075195,-0.227026,-0.031176,0.100723,chewing,1.000000,65.217,left_chewing,0.895272,right_chewing
2914048.0,-0.209473,-1.777832,1.085449,-0.215835,-0.022116,0.115378,chewing,1.000000,65.217,left_chewing,0.895272,right_chewing
2914058.0,-0.200684,-1.765625,1.088379,-0.253139,-0.014389,0.082337,chewing,1.000000,65.217,left_chewing,0.895272,right_chewing
2914068.0,-0.200195,-1.770508,1.07959,-0.234753,0.015721,0.066349,chewing,1.000000,65.217,left_chewing,0.895272,right_chewing
2914078.0,-0.200684,-1.76709,1.081543,-0.247277,0.046631,0.041835,chewing,1.000000,65.217,left_chewing,0.895272,right_chewing
2914088.0,-0.197266,-1.772949,1.094238,-0.201179,0.035972,0.030643,chewing,1.000000,65.217,left_chewing,0.895272,right_chewing
2914098.0,-0.196289,-1.770508,1.093262,-0.189188,0.031975,0.062885,chewing,1.000000,65.217,left_chewing,0.895272,right_chewing
2914108.0,-0.194336,-1.771484,1.074707,-0.190254,0.039703,0.102322,chewing,1.000000,65.217,left_chewing,0.895272,right_chewing
2914118.0,-0.172363,-1.787109,1.068848,-0.20411,0.033841,0.117243,chewing,1.000000,65.217,left_chewing,0.895272,right_chewing
2914128.0,-0.181641,-1.771484,1.072754,-0.190787,0.021051,0.081005,chewing,1.000000,65.217,left_chewing,0.895272,right_chewing
2914138.0,-0.17627,-1.759766,1.078125,-0.177198,0.022649,0.085268,chewing,1.000000,65.217,left_chewing,0.895272,right_chewing
2914148.0,-0.184082,-1.750488,1.074707,-0.171335,0.014123,0.066882,chewing,1.000000,65.217,left_chewing,0.895272,right_chewing
2914158.0,-0.178711,-1.738281,1.069824,-0.154548,0.018652,0.04823,chewing,1.000000,65.217,left_chewing,0.895272,right_chewing
2914168.0,-0.172363,-1.739746,1.074707,-0.105786,0.027179,0.050894,chewing,1.000000,65.217,left_chewing,0.895272,right_chewing
2914178.0,-0.17334,-1.741699,1.064453,-0.131632,0.025047,0.071145,chewing,1.000000,65.217,left_chewing,0.895272,right_chewing
2914188.0,-0.217285,-1.751953,1.06543,-0.209972,0.085268,0.094328,chewing,1.000000,65.217,left_chewing,0.895272,right_chewing
2914198.0,-0.143555,-1.759277,1.055664,-0.173467,0.006662,0.069014,chewing,1.000000,65.217,left_chewing,0.895272,right_chewing
2914208.0,-0.186523,-1.768555,1.051758,-0.133231,-0.007994,0.038637,chewing,1.000000,65.217,left_chewing,0.895272,right_chewing
2914218.0,-0.187988,-1.760254,1.05127,-0.136962,0.013856,0.054092,chewing,1.000000,65.217,left_chewing,0.895272,right_chewing
2914228.0,-0.182129,-1.760254,1.062012,-0.134297,0.023982,0.065017,chewing,1.000000,65.217,left_chewing,0.895272,right_chewing
2914238.0,-0.186523,-1.75293,1.072754,-0.102855,0.013856,0.041568,chewing,1.000000,65.217,left_chewing,0.895272,right_chewing
2914248.0,-0.173828,-1.753418,1.047363,-0.107384,0.039703,0.064484,chewing,1.000000,65.217,left_chewing,0.895272,right_chewing
2914258.0,-0.154297,-1.757813,1.04248,-0.0874,0.05276,0.077541,chewing,1.000000,65.217,left_chewing,0.895272,right_chewing
2914268.0,-0.163086,-1.77832,1.044922,-0.074077,0.035173,0.039969,chewing,1.000000,65.217,left_chewing,0.895272,right_chewing
2914278.0,-0.174805,-1.77002,1.04541,-0.040502,0.018386,0.002398,chewing,1.000000,65.217,left_chewing,0.895272,right_chewing
2914288.0,-0.180664,-1.768555,1.051758,-0.027179,0.013057,0.012257,chewing,1.000000,65.217,left_chewing,0.895272,right_chewing
2914298.0,-0.1875,-1.761719,1.068848,0.002132,-0.000799,0.04743,chewing,1.000000,65.217,left_chewing,0.895272,right_chewing
2914308.0,-0.190918,-1.767578,1.055664,0.024781,-0.006662,0.063685,chewing,1.000000,65.217,left_chewing,0.895272,right_chewing
2914318.0,-0.200684,-1.76416,1.0625,0.058888,-0.00906,0.039703,chewing,1.000000,65.217,left_chewing,0.895272,right_chewing
2914328.0,-0.201172,-1.749512,1.057129,0.096193,-0.005862,-0.017054,chewing,1.000000,65.217,left_chewing,0.895272,right_chewing
2914338.0,-0.205078,-1.752441,1.067871,0.124971,-0.017587,-0.035972,chewing,1.000000,65.217,left_chewing,0.895272,right_chewing
2914348.0,-0.188965,-1.75,1.070313,0.185191,0.011458,-0.060221,chewing,1.000000,65.217,left_chewing,0.895272,right_chewing
2914358.0,-0.17334,-1.746582,1.064941,0.20411,0.049296,-0.092729,chewing,1.000000,71.429,left_chewing,0.913626,right_chewing
2914368.0,-0.174316,-1.76709,1.07666,0.23875,0.076208,-0.165473,chewing,1.000000,71.429,left_chewing,0.913626,right_chewing
2914378.0,-0.181152,-1.768555,1.055664,0.244879,0.092462,-0.193185,chewing,1.000000,71.429,left_chewing,0.913626,right_chewing
2914388.0,-0.194824,-1.759277,1.061523,0.240083,0.122306,-0.18759,chewing,1.000000,71.429,left_chewing,0.913626,right_chewing
2914398.0,-0.182617,-1.766113,1.065918,0.263798,0.148953,-0.191054,chewing,1.000000,71.429,left_chewing,0.913626,right_chewing
2914408.0,-0.16748,-1.76123,1.0625,0.250741,0.193452,-0.172934,chewing,1.000000,71.429,left_chewing,0.913626,right_chewing
2914418.0,-0.16748,-1.774902,1.057617,0.224095,0.20864,-0.165473,chewing,1.000000,71.429,left_chewing,0.913626,right_chewing
2914428.0,-0.160156,-1.78125,1.072266,0.214502,0.20411,-0.135896,chewing,1.000000,71.429,left_chewing,0.913626,right_chewing
2914438.0,-0.168457,-1.787109,1.072754,0.13856,0.166539,-0.119375,chewing,1.000000,71.429,left_chewing,0.913626,right_chewing
2914448.0,-0.182617,-1.780273,1.078613,0.110315,0.112447,-0.109516,chewing,1.000000,71.429,left_chewing,0.913626,right_chewing
2914458.0,-0.177734,-1.76416,1.079102,0.075675,0.044233,-0.073544,chewing,1.000000,71.429,left_chewing,0.913626,right_chewing
2914468.0,-0.15918,-1.755859,1.087891,0.052227,0.024515,-0.070346,chewing,1.000000,71.429,left_chewing,0.913626,right_chewing
2914478.0,-0.164062,-1.759766,1.080078,0.030643,0.029577,-0.080738,chewing,1.000000,71.429,left_chewing,0.913626,right_chewing
2914488.0,-0.17041,-1.763672,1.080078,0.036505,-0.021583,-0.06928,chewing,1.000000,71.429,left_chewing,0.913626,right_chewing
2914498.0,-0.178711,-1.73291,1.102051,0.036239,-0.029311,-0.058622,chewing,1.000000,71.429,left_chewing,0.913626,right_chewing
2914508.0,-0.163574,-1.730957,1.086914,0.038637,-0.01732,-0.043966,chewing,1.000000,71.429,left_chewing,0.913626,right_chewing
2914518.0,-0.176758,-1.743164,1.099609,0.051427,0.010392,-0.057023,chewing,1.000000,71.429,left_chewing,0.913626,right_chewing
2914528.0,-0.161133,-1.73584,1.075195,0.049828,0.085534,-0.094861,chewing,1.000000,71.429,left_chewing,0.913626,right_chewing
2914538.0,-0.193848,-1.787598,1.095703,0.042634,-0.010925,-0.050361,chewing,1.000000,71.429,left_chewing,0.913626,right_chewing
2914548.0,-0.164551,-1.76123,1.076172,0.028511,0.011991,-0.065283,chewing,1.000000,71.429,left_chewing,0.913626,right_chewing
2914558.0,-0.194824,-1.746094,1.094238,0.047697,0.001865,0.000799,chewing,1.000000,71.429,left_chewing,0.913626,right_chewing
2914568.0,-0.159668,-1.762695,1.066406,-0.008793,0.014123,-0.011724,chewing,1.000000,71.429,left_chewing,0.913626,right_chewing
2914578.0,-0.188477,-1.765625,1.093262,-0.015988,0.022383,-0.015455,chewing,1.000000,71.429,left_chewing,0.913626,right_chewing
2914588.0,-0.175781,-1.775879,1.081543,-0.063951,-0.001865,-0.063418,chewing,1.000000,71.429,left_chewing,0.913626,right_chewing
2914598.0,-0.194824,-1.768555,1.071777,-0.046364,0.031709,-0.050894,chewing,1.000000,71.429,left_chewing,0.913626,right_chewing
2914608.0,-0.173828,-1.756836,1.061035,-0.049828,0.067149,-0.063418,chewing,1.000000,71.429,left_chewing,0.913626,right_chewing
2914618.0,-0.202637,-1.762695,1.076172,-0.044499,0.044766,-0.002398,chewing,1.000000,71.429,left_chewing,0.913626,right_chewing
2914628.0,-0.201172,-1.766113,1.085938,-0.019452,0.069547,0.00453,chewing,1.000000,71.429,left_chewing,0.913626,right_chewing
2914638.0,-0.195801,-1.752441,1.086914,-0.020518,0.082603,0.021051,chewing,1.000000,71.429,left_chewing,0.913626,right_chewing
2914648.0,-0.181152,-1.752441,1.103516,-0.010392,0.119375,0.011724,chewing,1.000000,71.429,left_chewing,0.913626,right_chewing
2914658.0,-0.174805,-1.759766,1.089355,-0.005329,0.149485,-0.046364,chewing,1.000000,71.429,left_chewing,0.913626,right_chewing
2914668.0,-0.174805,-1.768066,1.084961,0.0,0.162276,-0.071145,chewing,1.000000,71.429,left_chewing,0.913626,right_chewing
2914678.0,-0.175293,-1.765625,1.087402,0.013323,0.166273,-0.079139,chewing,1.000000,71.429,left_chewing,0.913626,right_chewing
2914688.0,-0.179199,-1.766113,1.083008,0.032775,0.14389,-0.092729,chewing,1.000000,71.429,left_chewing,0.913626,right_chewing
2914698.0,-0.186523,-1.756348,1.092285,0.043433,0.137761,-0.082337,chewing,1.000000,71.429,left_chewing,0.913626,right_chewing
2914708.0,-0.17334,-1.766602,1.107422,0.058622,0.109516,-0.062352,chewing,1.000000,71.429,left_chewing,0.913626,right_chewing
2914718.0,-0.165527,-1.749512,1.088379,0.056224,0.093262,-0.05276,chewing,1.000000,71.429,left_chewing,0.913626,right_chewing
2914728.0,-0.16748,-1.761719,1.073242,0.048496,0.080738,-0.034907,chewing,1.000000,71.429,left_chewing,0.913626,right_chewing
2914738.0,-0.166992,-1.770508,1.080078,0.022649,0.063418,-0.026646,chewing,1.000000,71.429,left_chewing,0.913626,right_chewing
2914748.0,-0.168945,-1.760742,1.093262,0.006928,0.047697,-0.03917,chewing,1.000000,71.429,left_chewing,0.913626,right_chewing
2914758.0,-0.177246,-1.753418,1.101563,0.003464,0.061819,-0.020518,chewing,1.000000,71.429,left_chewing,0.913626,right_chewing
2914768.0,-0.145508,-1.75,1.089355,-0.002665,0.083936,-0.007461,chewing,1.000000,71.429,left_chewing,0.913626,right_chewing
2914778.0,-0.156738,-1.751465,1.097168,-0.019452,0.126037,0.011991,chewing,1.000000,71.429,left_chewing,0.913626,right_chewing
2914788.0,-0.142578,-1.763184,1.095215,-0.059421,0.116444,0.023715,chewing,1.000000,71.429,left_chewing,0.913626,right_chewing
2914798.0,-0.085449,-1.758301,1.093262,-0.093262,0.023982,0.103121,chewing,1.000000,71.429,left_chewing,0.913626,right_chewing
2914808.0,-0.148926,-1.70752,1.066895,-0.140692,-0.058089,0.002931,chewing,1.000000,71.429,left_chewing,0.913626,right_chewing
2914818.0,-0.197266,-1.726563,1.068359,-0.218499,-0.024248,0.014655,chewing,1.000000,71.429,left_chewing,0.913626,right_chewing
2914828.0,-0.206543,-1.756348,1.084473,-0.251807,-0.057556,0.211838,chewing,1.000000,71.429,left_chewing,0.913626,right_chewing
2914838.0,-0.150879,-1.745117,1.083008,-0.280319,-0.130034,0.344536,chewing,1.000000,71.429,left_chewing,0.913626,right_chewing
2914848.0,-0.128906,-1.760742,1.084473,-0.326949,-0.132165,0.327216,chewing,1.000000,71.429,left_chewing,0.913626,right_chewing
2914858.0,-0.14209,-1.775879,1.092773,-0.340539,-0.116178,0.227292,chewing,1.000000,71.429,left_chewing,0.913626,right_chewing
2914868.0,-0.163086,-1.776855,1.082031,-0.283516,-0.045565,0.127103,chewing,1.000000,71.429,left_chewing,0.913626,right_chewing
2914878.0,-0.184082,-1.743652,1.088379,-0.240083,-0.029844,0.140426,chewing,1.000000,71.429,left_chewing,0.913626,right_chewing
2914888.0,-0.199707,-1.738281,1.075684,-0.202511,-0.014389,0.168404,chewing,1.000000,71.429,left_chewing,0.913626,right_chewing
2914898.0,-0.221191,-1.755371,1.079102,-0.178796,-0.010126,0.190787,chewing,1.000000,71.429,left_chewing,0.913626,right_chewing
2914908.0,-0.215332,-1.783203,1.086914,-0.115378,-0.049828,0.166006,chewing,1.000000,71.429,left_chewing,0.913626,right_chewing
2914918.0,-0.212891,-1.781738,1.091309,-0.052227,-0.07834,0.128968,chewing,1.000000,71.429,left_chewing,0.913626,right_chewing
2914928.0,-0.188477,-1.759277,1.074219,0.014389,-0.077008,0.098325,chewing,1.000000,71.429,left_chewing,0.913626,right_chewing
2914938.0,-0.151367,-1.77002,1.050781,0.001599,-0.046098,0.057556,chewing,1.000000,71.429,left_chewing,0.913626,right_chewing
2914948.0,-0.160645,-1.78125,1.057129,0.007994,-0.008793,0.00453,chewing,1.000000,71.429,left_chewing,0.913626,right_chewing
2914958.0,-0.189453,-1.781738,1.06543,0.019185,0.013057,-0.001865,chewing,1.000000,71.429,left_chewing,0.913626,right_chewing
2914968.0,-0.197266,-1.757324,1.075195,0.018119,0.012524,0.025314,chewing,1.000000,71.429,left_chewing,0.913626,right_chewing
2914978.0,-0.178711,-1.740723,1.072266,0.019718,0.004796,0.06102,chewing,1.000000,71.429,left_chewing,0.913626,right_chewing
2914988.0,-0.172852,-1.753906,1.068359,0.015721,0.014123,0.04823,chewing,1.000000,71.429,left_chewing,0.913626,right_chewing
2914998.0,-0.163574,-1.759277,1.060547,0.012257,0.016521,0.032775,chewing,1.000000,71.429,left_chewing,0.913626,right_chewing
2915008.0,-0.181152,-1.763672,1.05957,-0.023715,0.021583,0.022649,chewing,1.000000,71.429,left_chewing,0.913626,right_chewing
2915018.0,-0.199707,-1.763184,1.055176,-0.046364,0.020518,0.022116,chewing,1.000000,71.429,left_chewing,0.913626,right_chewing
2915028.0,-0.193359,-1.751465,1.080566,-0.074077,0.018119,0.056757,chewing,1.000000,71.429,left_chewing,0.913626,right_chewing
2915038.0,-0.193848,-1.749512,1.079102,-0.112714,0.013323,0.064217,chewing,1.000000,71.429,left_chewing,0.913626,right_chewing
2915048.0,-0.185547,-1.749512,1.07373,-0.135896,0.00906,0.050095,chewing,1.000000,71.429,left_chewing,0.913626,right_chewing
2915058.0,-0.192871,-1.767578,1.078125,-0.161476,0.033308,0.049562,chewing,1.000000,71.429,left_chewing,0.913626,right_chewing
2915068.0,-0.197754,-1.752441,1.078613,-0.126303,0.040769,0.041568,chewing,1.000000,71.429,left_chewing,0.913626,right_chewing
2915078.0,-0.18457,-1.743164,1.07373,-0.105786,0.036772,0.065283,chewing,1.000000,71.429,left_chewing,0.913626,right_chewing
2915088.0,-0.181641,-1.748535,1.082031,-0.073011,0.017853,0.068481,chewing,1.000000,71.429,left_chewing,0.913626,right_chewing
2915098.0,-0.166016,-1.762207,1.074219,-0.050894,-0.003198,0.067948,chewing,1.000000,71.429,left_chewing,0.913626,right_chewing
2915108.0,-0.172852,-1.765625,1.073242,-0.047963,0.008793,0.073011,chewing,1.000000,71.429,left_chewing,0.913626,right_chewing
2915118.0,-0.186035,-1.753418,1.072754,-0.018919,0.007461,0.053026,chewing,1.000000,71.429,left_chewing,0.913626,right_chewing
2915128.0,-0.192383,-1.769043,1.074707,0.005862,0.030377,0.04743,chewing,1.000000,71.429,left_chewing,0.913626,right_chewing
2915138.0,-0.205566,-1.754883,1.07959,0.06102,0.049029,0.005862,chewing,1.000000,71.429,left_chewing,0.913626,right_chewing
2915148.0,-0.197266,-1.75293,1.071777,0.09113,0.086867,-0.002132,chewing,1.000000,71.429,left_chewing,0.913626,right_chewing
2915158.0,-0.200195,-1.74707,1.091797,0.105786,0.10392,-0.028511,chewing,1.000000,71.429,left_chewing,0.913626,right_chewing
2915168.0,-0.20752,-1.75293,1.091309,0.088199,0.116178,-0.028778,chewing,1.000000,71.429,left_chewing,0.913626,right_chewing
2915178.0,-0.209473,-1.766113,1.083008,0.065283,0.140159,-0.029044,chewing,1.000000,71.429,left_chewing,0.913626,right_chewing
2915188.0,-0.203613,-1.77832,1.077637,0.054092,0.148686,-0.029044,chewing,1.000000,71.429,left_chewing,0.913626,right_chewing
2915198.0,-0.213379,-1.766602,1.067871,0.061819,0.161476,-0.047164,chewing,1.000000,71.429,left_chewing,0.913626,right_chewing
2915208.0,-0.205078,-1.759277,1.080566,0.08287,0.185191,-0.053825,chewing,1.000000,71.429,left_chewing,0.913626,right_chewing
2915218.0,-0.187988,-1.745117,1.083008,0.094328,0.205443,-0.060487,chewing,1.000000,71.429,left_chewing,0.913626,right_chewing
2915228.0,-0.166504,-1.747559,1.07373,0.104986,0.219565,-0.075409,chewing,1.000000,71.429,left_chewing,0.913626,right_chewing
2915238.0,-0.164551,-1.75,1.066406,0.099923,0.223828,-0.070346,chewing,1.000000,71.429,left_chewing,0.913626,right_chewing
2915248.0,-0.175293,-1.753906,1.075684,0.09193,0.198781,-0.073011,chewing,1.000000,71.429,left_chewing,0.913626,right_chewing
2915258.0,-0.181641,-1.758789,1.081055,0.064217,0.173734,-0.03091,chewing,1.000000,71.429,left_chewing,0.913626,right_chewing
2915268.0,-0.173828,-1.759277,1.08252,0.047164,0.152949,-0.011724,chewing,1.000000,71.429,left_chewing,0.913626,right_chewing
2915278.0,-0.181152,-1.769043,1.074707,0.047963,0.143623,-0.000266,chewing,1.000000,71.429,left_chewing,0.913626,right_chewing
2915288.0,-0.187988,-1.762695,1.077148,0.058622,0.125504,-0.006395,chewing,1.000000,71.429,left_chewing,0.913626,right_chewing
2915298.0,-0.189941,-1.750488,1.084961,0.078074,0.102855,-0.001865,chewing,1.000000,71.429,left_chewing,0.913626,right_chewing
2915308.0,-0.196777,-1.745117,1.075195,0.078074,0.089798,0.027712,chewing,1.000000,71.429,left_chewing,0.913626,right_chewing
2915318.0,-0.176758,-1.748047,1.086914,0.056757,0.082337,0.042368,chewing,1.000000,71.429,left_chewing,0.913626,right_chewing
2915328.0,-0.1875,-1.741699,1.074707,0.051427,0.06928,0.054891,chewing,1.000000,71.429,left_chewing,0.913626,right_chewing
2915338.0,-0.184082,-1.751953,1.082031,0.029844,0.049296,0.0437,chewing,1.000000,71.429,left_chewing,0.913626,right_chewing
2915348.0,-0.201172,-1.743164,1.098145,0.027179,0.03464,0.035173,chewing,1.000000,71.429,left_chewing,0.913626,right_chewing
2915358.0,-0.191406,-1.734863,1.080566,-0.016787,0.027179,0.050628,chewing,1.000000,68.966,left_chewing,0.932128,right_chewing
2915368.0,-0.202637,-1.747559,1.085449,-0.038637,0.014389,0.046631,chewing,1.000000,68.966,left_chewing,0.932128,right_chewing
2915378.0,-0.203613,-1.751465,1.078125,-0.038104,0.042634,0.016787,chewing,1.000000,68.966,left_chewing,0.932128,right_chewing
2915388.0,-0.196289,-1.754883,1.071777,-0.05649,0.049029,0.014389,chewing,1.000000,68.966,left_chewing,0.932128,right_chewing
2915398.0,-0.202637,-1.772461,1.074707,-0.091663,0.050628,-0.002665,chewing,1.000000,68.966,left_chewing,0.932128,right_chewing
2915408.0,-0.20459,-1.762695,1.078613,-0.090597,0.063152,-0.031975,chewing,1.000000,68.966,left_chewing,0.932128,right_chewing
2915418.0,-0.203613,-1.750488,1.081543,-0.06475,0.058355,-0.031443,chewing,1.000000,68.966,left_chewing,0.932128,right_chewing
2915428.0,-0.204102,-1.740234,1.086914,-0.044233,0.061553,-0.023449,chewing,1.000000,68.966,left_chewing,0.932128,right_chewing
2915438.0,-0.203613,-1.752441,1.102051,-0.024248,0.070879,-0.019985,chewing,1.000000,68.966,left_chewing,0.932128,right_chewing
2915448.0,-0.213867,-1.755859,1.103516,-0.00826,0.069547,0.006662,chewing,1.000000,68.966,left_chewing,0.932128,right_chewing
2915458.0,-0.210449,-1.755371,1.112305,0.025314,0.06555,0.000266,chewing,1.000000,68.966,left_chewing,0.932128,right_chewing
2915468.0,-0.212891,-1.757324,1.109375,0.017054,0.083936,0.006395,chewing,1.000000,68.966,left_chewing,0.932128,right_chewing
2915478.0,-0.214355,-1.750977,1.12207,0.059954,0.094594,0.032508,chewing,1.000000,68.966,left_chewing,0.932128,right_chewing
2915488.0,-0.215332,-1.742188,1.123535,0.089265,0.089265,0.069014,chewing,1.000000,68.966,left_chewing,0.932128,right_chewing
2915498.0,-0.217773,-1.750488,1.115234,0.090864,0.046364,0.06928,chewing,1.000000,68.966,left_chewing,0.932128,right_chewing
2915508.0,-0.211426,-1.762207,1.111328,0.106585,0.014922,0.083403,chewing,1.000000,68.966,left_chewing,0.932128,right_chewing
2915518.0,-0.22168,-1.771484,1.096191,0.123106,-0.009859,0.080738,chewing,1.000000,68.966,left_chewing,0.932128,right_chewing
2915528.0,-0.220215,-1.775879,1.097168,0.121773,-0.046364,0.070613,chewing,1.000000,68.966,left_chewing,0.932128,right_chewing
2915538.0,-0.210937,-1.767578,1.085449,0.144156,-0.044233,0.073011,chewing,1.000000,68.966,left_chewing,0.932128,right_chewing
2915548.0,-0.211426,-1.743652,1.092285,0.154815,-0.050894,0.041302,chewing,1.000000,68.966,left_chewing,0.932128,right_chewing
2915558.0,-0.210449,-1.745605,1.089355,0.190787,-0.049828,-0.033308,chewing,1.000000,68.966,left_chewing,0.932128,right_chewing
2915568.0,-0.21582,-1.743164,1.083984,0.133498,-0.044233,-0.045299,chewing,1.000000,68.966,left_chewing,0.932128,right_chewing
2915578.0,-0.208008,-1.733887,1.077148,0.107917,-0.031443,-0.0437,chewing,1.000000,68.966,left_chewing,0.932128,right_chewing
2915588.0,-0.183105,-1.749512,1.081543,0.106052,-0.025314,-0.049029,chewing,1.000000,68.966,left_chewing,0.932128,right_chewing
2915598.0,-0.206543,-1.753906,1.074219,0.106585,-0.015188,-0.077541,chewing,1.000000,68.966,left_chewing,0.932128,right_chewing
2915608.0,-0.195801,-1.759277,1.070313,0.061286,0.01732,-0.103387,chewing,1.000000,68.966,left_chewing,0.932128,right_chewing
2915618.0,-0.226562,-1.757324,1.070801,0.052227,0.047697,-0.113513,chewing,1.000000,68.966,left_chewing,0.932128,right_chewing
2915628.0,-0.209961,-1.755371,1.083496,0.029044,0.071945,-0.091663,chewing,1.000000,68.966,left_chewing,0.932128,right_chewing
2915638.0,-0.20459,-1.72998,1.069336,0.014655,0.086334,-0.078606,chewing,1.000000,68.966,left_chewing,0.932128,right_chewing
2915648.0,-0.169922,-1.747559,1.078125,-0.005862,0.094328,-0.04743,chewing,1.000000,68.966,left_chewing,0.932128,right_chewing
2915658.0,-0.155273,-1.777832,1.082031,-0.036772,0.110582,-0.092995,chewing,1.000000,68.966,left_chewing,0.932128,right_chewing
2915668.0,-0.164551,-1.778809,1.089844,-0.060221,0.141492,-0.104986,chewing,1.000000,68.966,left_chewing,0.932128,right_chewing
2915678.0,-0.136719,-1.788574,1.10791,-0.125237,0.090064,-0.113779,chewing,1.000000,68.966,left_chewing,0.932128,right_chewing
2915688.0,-0.194336,-1.756348,1.094238,-0.209972,0.061286,-0.153482,chewing,1.000000,68.966,left_chewing,0.932128,right_chewing
2915698.0,-0.229492,-1.760742,1.121094,-0.183593,-0.009859,-0.117243,chewing,1.000000,68.966,left_chewing,0.932128,right_chewing
2915708.0,-0.229492,-1.737305,1.12207,-0.135629,-0.015721,0.015455,chewing,1.000000,68.966,left_chewing,0.932128,right_chewing
2915718.0,-0.201172,-1.723633,1.113281,-0.120708,-0.005862,0.159078,chewing,1.000000,68.966,left_chewing,0.932128,right_chewing
2915728.0,-0.183105,-1.740234,1.117676,-0.097259,0.008527,0.196116,chewing,1.000000,68.966,left_chewing,0.932128,right_chewing
2915738.0,-0.178223,-1.733398,1.12207,-0.082337,0.000533,0.130034,chewing,1.000000,68.966,left_chewing,0.932128,right_chewing
2915748.0,-0.166992,-1.742676,1.104492,-0.084202,0.008793,0.088199,chewing,1.000000,68.966,left_chewing,0.932128,right_chewing
2915758.0,-0.160156,-1.755859,1.121582,-0.094328,-0.046098,0.058622,chewing,1.000000,68.966,left_chewing,0.932128,right_chewing
2915768.0,-0.203613,-1.730957,1.118652,-0.042634,-0.074343,-0.000533,chewing,1.000000,68.966,left_chewing,0.932128,right_chewing
2915778.0,-0.187012,-1.71875,1.111816,-0.067149,-0.078074,0.00826,chewing,1.000000,68.966,left_chewing,0.932128,right_chewing
2915788.0,-0.187988,-1.722168,1.09082,-0.075409,-0.069014,0.025847,chewing,1.000000,68.966,left_chewing,0.932128,right_chewing
2915798.0,-0.204102,-1.737305,1.099609,-0.106585,-0.073011,0.084469,chewing,1.000000,68.966,left_chewing,0.932128,right_chewing
2915808.0,-0.217285,-1.742188,1.101074,-0.106052,-0.072744,0.12124,chewing,1.000000,68.966,left_chewing,0.932128,right_chewing
2915818.0,-0.199219,-1.726563,1.104004,-0.151351,-0.079406,0.18306,chewing,1.000000,68.966,left_chewing,0.932128,right_chewing
2915828.0,-0.203613,-1.738281,1.092773,-0.144423,-0.081271,0.198781,chewing,1.000000,68.966,left_chewing,0.932128,right_chewing
2915838.0,-0.211426,-1.736328,1.083984,-0.157746,-0.069014,0.188123,chewing,1.000000,68.966,left_chewing,0.932128,right_chewing
2915848.0,-0.224121,-1.758789,1.096191,-0.155881,-0.06102,0.147887,chewing,1.000000,68.966,left_chewing,0.932128,right_chewing
2915858.0,-0.236816,-1.762695,1.103516,-0.129767,-0.050361,0.116711,chewing,1.000000,68.966,left_chewing,0.932128,right_chewing
2915868.0,-0.229004,-1.739258,1.092285,-0.184126,-0.035173,0.10925,chewing,1.000000,68.966,left_chewing,0.932128,right_chewing
2915878.0,-0.217285,-1.742676,1.089844,-0.22143,-0.026913,0.058888,chewing,1.000000,68.966,left_chewing,0.932128,right_chewing
2915888.0,-0.22998,-1.724121,1.114746,-0.215568,0.000799,0.011458,chewing,1.000000,68.966,left_chewing,0.932128,right_chewing
2915898.0,-0.210937,-1.717773,1.107422,-0.192119,0.007727,-0.015721,chewing,1.000000,68.966,left_chewing,0.932128,right_chewing
2915908.0,-0.218262,-1.735352,1.101074,-0.197715,0.040502,-0.010658,chewing,1.000000,68.966,left_chewing,0.932128,right_chewing
2915918.0,-0.214355,-1.733398,1.085449,-0.175332,0.02638,0.017054,chewing,1.000000,68.966,left_chewing,0.932128,right_chewing
2915928.0,-0.200195,-1.758301,1.086426,-0.162009,0.006662,0.031443,chewing,1.000000,68.966,left_chewing,0.932128,right_chewing
2915938.0,-0.186035,-1.751953,1.084473,-0.138294,-0.012257,0.017054,chewing,1.000000,68.966,left_chewing,0.932128,right_chewing
2915948.0,-0.196777,-1.754883,1.095215,-0.066083,-0.014389,-0.02558,chewing,1.000000,68.966,left_chewing,0.932128,right_chewing
2915958.0,-0.215332,-1.744629,1.084961,-0.022383,-0.011458,-0.053026,chewing,1.000000,68.966,left_chewing,0.932128,right_chewing
2915968.0,-0.212402,-1.754883,1.101563,0.059421,0.006395,-0.090597,chewing,1.000000,68.966,left_chewing,0.932128,right_chewing
2915978.0,-0.20752,-1.746582,1.087402,0.135096,0.029044,-0.169204,chewing,1.000000,68.966,left_chewing,0.932128,right_chewing
2915988.0,-0.196777,-1.751465,1.084473,0.213436,0.071145,-0.241149,chewing,1.000000,68.966,left_chewing,0.932128,right_chewing
2915998.0,-0.191406,-1.749512,1.099121,0.278453,0.110049,-0.283783,chewing,1.000000,68.966,left_chewing,0.932128,right_chewing
2916008.0,-0.189941,-1.739258,1.095215,0.312827,0.137228,-0.284582,chewing,1.000000,68.966,left_chewing,0.932128,right_chewing
2916018.0,-0.185059,-1.765625,1.09082,0.34427,0.18306,-0.266462,chewing,1.000000,68.966,left_chewing,0.932128,right_chewing
2916028.0,-0.166016,-1.761719,1.071289,0.318689,0.231556,-0.270726,chewing,1.000000,68.966,left_chewing,0.932128,right_chewing
2916038.0,-0.193848,-1.833496,1.05127,0.272858,0.236352,-0.255538,chewing,1.000000,68.966,left_chewing,0.932128,right_chewing
2916048.0,-0.192383,-1.765625,1.07959,0.219032,0.240882,-0.250475,chewing,1.000000,68.966,left_chewing,0.932128,right_chewing
2916058.0,-0.182129,-1.771973,1.071289,0.143357,0.238217,-0.201179,chewing,1.000000,68.966,left_chewing,0.932128,right_chewing
2916068.0,-0.188965,-1.768066,1.080566,0.095394,0.214502,-0.178263,chewing,1.000000,68.966,left_chewing,0.932128,right_chewing
2916078.0,-0.177246,-1.748535,1.081055,0.046364,0.227825,-0.144156,chewing,1.000000,68.966,left_chewing,0.932128,right_chewing
2916088.0,-0.177734,-1.756836,1.076172,0.046897,0.248343,-0.11298,chewing,1.000000,68.966,left_chewing,0.932128,right_chewing
2916098.0,-0.147461,-1.771973,1.06543,0.023982,0.253406,-0.106585,chewing,1.000000,68.966,left_chewing,0.932128,right_chewing
2916108.0,-0.147461,-1.773926,1.065918,0.008793,0.287779,-0.152683,chewing,1.000000,68.966,left_chewing,0.932128,right_chewing
2916118.0,-0.154785,-1.804199,1.059082,0.007194,0.303767,-0.14762,chewing,1.000000,68.966,left_chewing,0.932128,right_chewing
2916128.0,-0.164062,-1.792969,1.092285,0.014389,0.257403,-0.247277,chewing,1.000000,68.966,left_chewing,0.932128,right_chewing
2916138.0,-0.172363,-1.741699,1.09668,-0.045032,0.22596,-0.292576,chewing,1.000000,68.966,left_chewing,0.932128,right_chewing
2916148.0,-0.180176,-1.686035,1.121094,-0.049296,0.179596,-0.226227,chewing,1.000000,68.966,left_chewing,0.932128,right_chewing
2916158.0,-0.170898,-1.677734,1.112305,-0.035173,0.187057,-0.114312,chewing,1.000000,68.966,left_chewing,0.932128,right_chewing
2916168.0,-0.174805,-1.703125,1.126953,-0.029311,0.140159,-0.070879,chewing,1.000000,68.966,left_chewing,0.932128,right_chewing
2916178.0,-0.184082,-1.73291,1.116211,-0.020518,0.132165,0.001332,chewing,1.000000,68.966,left_chewing,0.932128,right_chewing
2916188.0,-0.200684,-1.749512,1.115723,-0.020251,0.106052,0.005862,chewing,1.000000,68.966,left_chewing,0.932128,right_chewing
2916198.0,-0.196289,-1.755371,1.134766,-0.036772,0.097792,-0.024248,chewing,1.000000,68.966,left_chewing,0.932128,right_chewing
2916208.0,-0.208008,-1.745117,1.134766,-0.031975,0.085268,-0.054891,chewing,1.000000,68.966,left_chewing,0.932128,right_chewing
2916218.0,-0.229004,-1.724121,1.132813,-0.031176,0.065017,-0.028245,chewing,1.000000,68.966,left_chewing,0.932128,right_chewing
2916228.0,-0.211426,-1.734863,1.131348,-0.021317,0.041302,-0.00826,chewing,1.000000,68.966,left_chewing,0.932128,right_chewing
2916238.0,-0.201172,-1.769531,1.124023,-0.019985,0.019185,0.029044,chewing,1.000000,68.966,left_chewing,0.932128,right_chewing
2916248.0,-0.205078,-1.75,1.132324,-0.003198,-0.038104,0.029844,chewing,1.000000,68.966,left_chewing,0.932128,right_chewing
2916258.0,-0.214844,-1.726563,1.123047,-0.017853,-0.062352,0.017587,chewing,1.000000,68.966,left_chewing,0.932128,right_chewing
2916268.0,-0.203125,-1.711426,1.11377,-0.031975,-0.088199,0.02185,chewing,1.000000,68.966,left_chewing,0.932128,right_chewing
2916278.0,-0.192383,-1.709961,1.112793,-0.055424,-0.076208,0.041035,chewing,1.000000,68.966,left_chewing,0.932128,right_chewing
2916288.0,-0.180176,-1.723633,1.102051,-0.042634,-0.031975,0.01732,chewing,1.000000,68.966,left_chewing,0.932128,right_chewing
2916298.0,-0.162109,-1.73584,1.107422,-0.054891,0.015455,0.029044,chewing,1.000000,68.966,left_chewing,0.932128,right_chewing
2916308.0,-0.179687,-1.719238,1.092773,-0.023715,0.066616,0.026113,chewing,1.000000,68.966,left_chewing,0.932128,right_chewing
2916318.0,-0.181152,-1.731445,1.091309,-0.090864,0.078606,0.05276,chewing,1.000000,68.966,left_chewing,0.932128,right_chewing
2916328.0,-0.183594,-1.758789,1.093262,-0.073277,0.057556,0.040769,chewing,1.000000,68.966,left_chewing,0.932128,right_chewing
2916338.0,-0.169922,-1.74707,1.093262,-0.058355,0.027979,0.02638,chewing,1.000000,68.966,left_chewing,0.932128,right_chewing
2916348.0,-0.167969,-1.728027,1.089844,-0.052227,0.032508,-0.004263,chewing,1.000000,68.966,left_chewing,0.932128,right_chewing
2916358.0,-0.166016,-1.709473,1.101563,-0.037571,0.042368,0.021317,chewing,1.000000,68.966,left_chewing,0.932128,right_chewing
2916368.0,-0.168457,-1.72998,1.104492,-0.023182,0.0437,0.052227,chewing,1.000000,68.966,left_chewing,0.932128,right_chewing
2916378.0,-0.177246,-1.736328,1.114258,-0.002132,0.000799,0.066882,chewing,1.000000,68.966,left_chewing,0.932128,right_chewing
2916388.0,-0.175293,-1.729492,1.111816,0.026646,-0.029044,0.092995,chewing,1.000000,69.767,left_chewing,0.950629,right_chewing
2916398.0,-0.181641,-1.726563,1.09668,0.061819,-0.054891,0.127636,chewing,1.000000,69.767,left_chewing,0.950629,right_chewing
2916408.0,-0.178223,-1.729004,1.103516,0.068481,-0.066616,0.171069,chewing,1.000000,69.767,left_chewing,0.950629,right_chewing
2916418.0,-0.185059,-1.75293,1.110352,0.071678,-0.07008,0.199047,chewing,1.000000,69.767,left_chewing,0.950629,right_chewing
2916428.0,-0.195801,-1.767578,1.116699,0.058355,-0.083936,0.166539,chewing,1.000000,69.767,left_chewing,0.950629,right_chewing
2916438.0,-0.213379,-1.758789,1.123047,0.054358,-0.097259,0.13856,chewing,1.000000,69.767,left_chewing,0.950629,right_chewing
2916448.0,-0.234863,-1.756836,1.126465,0.05276,-0.109516,0.130567,chewing,1.000000,69.767,left_chewing,0.950629,right_chewing
2916458.0,-0.227539,-1.733398,1.135742,0.051161,-0.090597,0.158812,chewing,1.000000,69.767,left_chewing,0.950629,right_chewing
2916468.0,-0.216797,-1.724121,1.134766,0.027712,-0.093262,0.16121,chewing,1.000000,69.767,left_chewing,0.950629,right_chewing
2916478.0,-0.202637,-1.732422,1.112305,0.011991,-0.040502,0.149485,chewing,1.000000,69.767,left_chewing,0.950629,right_chewing
2916488.0,-0.213867,-1.75,1.101074,-0.000266,-0.023182,0.131899,chewing,1.000000,69.767,left_chewing,0.950629,right_chewing
2916498.0,-0.215332,-1.772461,1.112793,-0.009593,-0.054092,0.087666,chewing,1.000000,69.767,left_chewing,0.950629,right_chewing
2916508.0,-0.22168,-1.783203,1.102051,-0.043966,-0.104187,0.016787,chewing,1.000000,69.767,left_chewing,0.950629,right_chewing
2916518.0,-0.231934,-1.775879,1.083008,-0.07381,-0.090064,-0.072478,chewing,1.000000,69.767,left_chewing,0.950629,right_chewing
2916528.0,-0.229004,-1.777344,1.09375,-0.092196,-0.053825,-0.141758,chewing,1.000000,69.767,left_chewing,0.950629,right_chewing
2916538.0,-0.217285,-1.77002,1.077148,-0.135629,0.026913,-0.159078,chewing,1.000000,69.767,left_chewing,0.950629,right_chewing
2916548.0,-0.189941,-1.759766,1.07959,-0.174533,0.096726,-0.199847,chewing,1.000000,69.767,left_chewing,0.950629,right_chewing
2916558.0,-0.224121,-1.751953,1.072754,-0.226227,0.148153,-0.281651,chewing,1.000000,69.767,left_chewing,0.950629,right_chewing
2916568.0,-0.230957,-1.756836,1.086426,-0.252073,0.194518,-0.29977,chewing,1.000000,69.767,left_chewing,0.950629,right_chewing
2916578.0,-0.232422,-1.761719,1.080078,-0.267528,0.204377,-0.246211,chewing,1.000000,69.767,left_chewing,0.950629,right_chewing
2916588.0,-0.213379,-1.757813,1.062012,-0.288845,0.215835,-0.155614,chewing,1.000000,69.767,left_chewing,0.950629,right_chewing
2916598.0,-0.188965,-1.769043,1.054688,-0.309629,0.211571,-0.082603,chewing,1.000000,69.767,left_chewing,0.950629,right_chewing
2916608.0,-0.168457,-1.80127,1.07373,-0.327482,0.217167,-0.05276,chewing,1.000000,69.767,left_chewing,0.950629,right_chewing
2916618.0,-0.145508,-1.802734,1.101074,-0.362389,0.192386,-0.0874,chewing,1.000000,69.767,left_chewing,0.950629,right_chewing
2916628.0,-0.146973,-1.768066,1.09375,-0.372515,0.155081,-0.140426,chewing,1.000000,69.767,left_chewing,0.950629,right_chewing
2916638.0,-0.175781,-1.74707,1.098145,-0.372248,0.167605,-0.266196,chewing,1.000000,69.767,left_chewing,0.950629,right_chewing
2916648.0,-0.186523,-1.73291,1.112305,-0.378643,0.153216,-0.184392,chewing,1.000000,69.767,left_chewing,0.950629,right_chewing
2916658.0,-0.191895,-1.733887,1.09082,-0.393565,0.121507,-0.131632,chewing,1.000000,69.767,left_chewing,0.950629,right_chewing
2916668.0,-0.180176,-1.742188,1.081543,-0.361057,0.092729,0.028778,chewing,1.000000,69.767,left_chewing,0.950629,right_chewing
2916678.0,-0.15332,-1.752441,1.083496,-0.371982,0.075942,0.064217,chewing,1.000000,69.767,left_chewing,0.950629,right_chewing
2916688.0,-0.161133,-1.743164,1.091797,-0.356793,0.047697,0.068481,chewing,1.000000,69.767,left_chewing,0.950629,right_chewing
2916698.0,-0.138672,-1.759766,1.080566,-0.293642,0.078074,0.046364,chewing,1.000000,69.767,left_chewing,0.950629,right_chewing
2916708.0,-0.160645,-1.735352,1.084473,-0.274723,0.077008,-0.005862,chewing,1.000000,69.767,left_chewing,0.950629,right_chewing
2916718.0,-0.153809,-1.730469,1.085938,-0.249942,0.107118,0.066083,chewing,1.000000,69.767,left_chewing,0.950629,right_chewing
2916728.0,-0.157227,-1.751465,1.070801,-0.236619,0.095127,0.059155,chewing,1.000000,69.767,left_chewing,0.950629,right_chewing
2916738.0,-0.169922,-1.745117,1.072266,-0.171335,0.085002,0.023715,chewing,1.000000,69.767,left_chewing,0.950629,right_chewing
2916748.0,-0.157715,-1.731445,1.062988,-0.136429,0.095926,0.005063,chewing,1.000000,69.767,left_chewing,0.950629,right_chewing
2916758.0,-0.152344,-1.73584,1.044922,-0.117776,0.109516,0.007727,chewing,1.000000,69.767,left_chewing,0.950629,right_chewing
2916768.0,-0.164551,-1.745117,1.046875,-0.080738,0.124971,0.021583,chewing,1.000000,69.767,left_chewing,0.950629,right_chewing
2916778.0,-0.157715,-1.76416,1.052734,-0.053825,0.116711,0.028245,chewing,1.000000,69.767,left_chewing,0.950629,right_chewing
2916788.0,-0.158691,-1.767578,1.04248,-0.031709,0.113247,0.014655,chewing,1.000000,69.767,left_chewing,0.950629,right_chewing
2916798.0,-0.178711,-1.767578,1.070313,0.012524,0.102055,-0.021051,chewing,1.000000,69.767,left_chewing,0.950629,right_chewing
2916808.0,-0.182617,-1.760254,1.060547,0.019185,0.063951,-0.036239,chewing,1.000000,69.767,left_chewing,0.950629,right_chewing
2916818.0,-0.188477,-1.771484,1.061523,0.020251,0.010126,-0.037305,chewing,1.000000,69.767,left_chewing,0.950629,right_chewing
2916828.0,-0.174316,-1.776367,1.063965,0.026113,-0.049562,-0.036505,chewing,1.000000,69.767,left_chewing,0.950629,right_chewing
2916838.0,-0.17334,-1.79541,1.053711,0.005862,-0.094861,-0.050628,chewing,1.000000,69.767,left_chewing,0.950629,right_chewing
2916848.0,-0.174805,-1.785156,1.072754,0.011458,-0.127103,-0.07834,chewing,1.000000,69.767,left_chewing,0.950629,right_chewing
2916858.0,-0.172363,-1.76709,1.07373,0.042368,-0.113779,-0.126037,chewing,1.000000,69.767,left_chewing,0.950629,right_chewing
2916868.0,-0.163574,-1.763184,1.054688,0.093795,-0.03544,-0.156946,chewing,1.000000,69.767,left_chewing,0.950629,right_chewing
2916878.0,-0.172363,-1.76416,1.052246,0.176398,0.067415,-0.171868,chewing,1.000000,69.767,left_chewing,0.950629,right_chewing
2916888.0,-0.164062,-1.768555,1.058105,0.211038,0.111115,-0.187856,chewing,1.000000,69.767,left_chewing,0.950629,right_chewing
2916898.0,-0.173828,-1.789063,1.048828,0.229691,0.135629,-0.181994,chewing,1.000000,69.767,left_chewing,0.950629,right_chewing
2916908.0,-0.20752,-1.794434,1.058105,0.217167,0.149485,-0.153482,chewing,1.000000,69.767,left_chewing,0.950629,right_chewing
2916918.0,-0.209473,-1.794434,1.0625,0.168404,0.159345,-0.124172,chewing,1.000000,69.767,left_chewing,0.950629,right_chewing
2916928.0,-0.214355,-1.78418,1.068359,0.121773,0.140692,-0.116977,chewing,1.000000,69.767,left_chewing,0.950629,right_chewing
2916938.0,-0.197266,-1.773438,1.072266,0.062086,0.147087,-0.120175,chewing,1.000000,69.767,left_chewing,0.950629,right_chewing
2916948.0,-0.194824,-1.774414,1.066406,0.023182,0.120175,-0.133231,chewing,1.000000,69.767,left_chewing,0.950629,right_chewing
2916958.0,-0.187988,-1.772461,1.072754,0.008793,0.103121,-0.135629,chewing,1.000000,69.767,left_chewing,0.950629,right_chewing
2916968.0,-0.177734,-1.765137,1.075684,0.000799,0.066349,-0.104187,chewing,1.000000,69.767,left_chewing,0.950629,right_chewing
2916978.0,-0.175293,-1.77002,1.083008,0.006662,0.056757,-0.076208,chewing,1.000000,69.767,left_chewing,0.950629,right_chewing
2916988.0,-0.168457,-1.767578,1.081055,0.014123,0.053026,-0.044766,chewing,1.000000,69.767,left_chewing,0.950629,right_chewing
2916998.0,-0.160645,-1.762207,1.07666,0.005596,0.044233,-0.051694,chewing,1.000000,69.767,left_chewing,0.950629,right_chewing
2917008.0,-0.160156,-1.761719,1.073242,0.004796,0.026646,-0.059954,chewing,1.000000,69.767,left_chewing,0.950629,right_chewing
2917018.0,-0.164551,-1.758301,1.071777,-0.018386,0.019452,-0.061819,chewing,1.000000,69.767,left_chewing,0.950629,right_chewing
2917028.0,-0.167969,-1.759277,1.07373,-0.024248,0.014123,-0.088199,chewing,1.000000,69.767,left_chewing,0.950629,right_chewing
2917038.0,-0.148926,-1.745605,1.068359,-0.036772,0.023715,-0.093528,chewing,1.000000,69.767,left_chewing,0.950629,right_chewing
2917048.0,-0.157715,-1.749023,1.072754,-0.036505,0.028245,-0.078606,chewing,1.000000,69.767,left_chewing,0.950629,right_chewing
2917058.0,-0.155273,-1.755859,1.06543,-0.034374,0.042101,-0.077008,chewing,1.000000,69.767,left_chewing,0.950629,right_chewing
2917068.0,-0.159668,-1.751953,1.064941,-0.056757,0.040236,-0.070613,chewing,1.000000,69.767,left_chewing,0.950629,right_chewing
2917078.0,-0.168945,-1.76416,1.070801,-0.06102,0.039436,-0.063951,chewing,1.000000,69.767,left_chewing,0.950629,right_chewing
2917088.0,-0.172363,-1.741211,1.083984,-0.071412,0.041835,-0.060487,chewing,1.000000,69.767,left_chewing,0.950629,right_chewing
2917098.0,-0.185547,-1.760254,1.07666,-0.075142,0.047697,-0.024781,chewing,1.000000,69.767,left_chewing,0.950629,right_chewing
2917108.0,-0.154785,-1.769043,1.075684,-0.070879,0.065017,-0.035173,chewing,1.000000,69.767,left_chewing,0.950629,right_chewing
2917118.0,-0.157227,-1.769531,1.084473,-0.104187,0.06475,-0.043167,chewing,1.000000,69.767,left_chewing,0.950629,right_chewing
2917128.0,-0.162109,-1.766602,1.07373,-0.10845,0.097259,-0.053559,chewing,1.000000,69.767,left_chewing,0.950629,right_chewing
2917138.0,-0.158203,-1.764648,1.069336,-0.066882,0.127902,-0.091663,chewing,1.000000,69.767,left_chewing,0.950629,right_chewing
2917148.0,-0.166504,-1.749023,1.07959,-0.051427,0.157213,-0.09113,chewing,1.000000,69.767,left_chewing,0.950629,right_chewing
2917158.0,-0.155762,-1.748535,1.07666,-0.045832,0.176931,-0.069014,chewing,1.000000,69.767,left_chewing,0.950629,right_chewing
2917168.0,-0.167969,-1.765625,1.082031,-0.046364,0.17853,-0.069813,chewing,1.000000,69.767,left_chewing,0.950629,right_chewing
2917178.0,-0.157715,-1.755859,1.096191,-0.019452,0.166539,-0.053559,chewing,1.000000,69.767,left_chewing,0.950629,right_chewing
2917188.0,-0.168457,-1.750977,1.054688,-0.009859,0.140426,-0.049296,chewing,1.000000,69.767,left_chewing,0.950629,right_chewing
2917198.0,-0.175293,-1.763672,1.084473,0.015721,0.104986,-0.029044,chewing,1.000000,69.767,left_chewing,0.950629,right_chewing
2917208.0,-0.165527,-1.760254,1.075684,-0.000799,0.092196,-0.031443,chewing,1.000000,69.767,left_chewing,0.950629,right_chewing
2917218.0,-0.171875,-1.758301,1.067871,0.011458,0.061819,-0.031176,chewing,1.000000,69.767,left_chewing,0.950629,right_chewing
2917228.0,-0.168457,-1.760254,1.075684,0.025847,0.054891,-0.019185,chewing,1.000000,69.767,left_chewing,0.950629,right_chewing
2917238.0,-0.169434,-1.765137,1.068848,0.058355,0.041835,-0.00453,chewing,1.000000,69.767,left_chewing,0.950629,right_chewing
2917248.0,-0.159668,-1.76123,1.068359,0.064217,0.033574,0.003997,chewing,1.000000,69.767,left_chewing,0.950629,right_chewing
2917258.0,-0.170898,-1.768066,1.071777,0.049296,0.026113,-0.00453,chewing,1.000000,69.767,left_chewing,0.950629,right_chewing
2917268.0,-0.166992,-1.761719,1.074707,0.046631,0.02558,0.000533,chewing,1.000000,69.767,left_chewing,0.950629,right_chewing
2917278.0,-0.165039,-1.762207,1.078125,0.039969,0.033308,-0.007994,chewing,1.000000,69.767,left_chewing,0.950629,right_chewing
2917288.0,-0.175293,-1.758301,1.08252,0.022916,0.029044,-0.001865,chewing,1.000000,69.767,left_chewing,0.950629,right_chewing
2917298.0,-0.171387,-1.762695,1.065918,0.016787,0.022649,0.007194,chewing,1.000000,69.767,left_chewing,0.950629,right_chewing
2917308.0,-0.179687,-1.768066,1.084961,0.004263,0.037305,0.059954,chewing,1.000000,69.767,left_chewing,0.950629,right_chewing
2917318.0,-0.151855,-1.766113,1.074219,-0.011724,0.010392,0.013856,chewing,1.000000,69.767,left_chewing,0.950629,right_chewing
2917328.0,-0.167969,-1.773438,1.071289,-0.027979,-0.000799,-0.000266,chewing,1.000000,69.767,left_chewing,0.950629,right_chewing
2917338.0,-0.16748,-1.759277,1.078125,-0.036505,0.007461,0.000799,chewing,1.000000,69.767,left_chewing,0.950629,right_chewing
2917348.0,-0.163086,-1.762207,1.092285,-0.035173,0.009593,0.024515,chewing,1.000000,69.767,left_chewing,0.950629,right_chewing
2917358.0,-0.157227,-1.76416,1.074707,-0.027446,0.027179,0.027179,chewing,1.000000,69.767,left_chewing,0.950629,right_chewing
2917368.0,-0.157715,-1.772461,1.073242,-0.032508,0.025314,0.021583,chewing,1.000000,69.767,left_chewing,0.950629,right_chewing
2917378.0,-0.165527,-1.765137,1.07666,-0.021583,0.036505,0.022116,chewing,1.000000,69.767,left_chewing,0.950629,right_chewing
2917388.0,-0.164062,-1.759277,1.080566,-0.022649,0.038637,0.008793,chewing,1.000000,69.767,left_chewing,0.950629,right_chewing
2917398.0,-0.161133,-1.756836,1.080566,-0.028778,0.034107,0.03091,chewing,1.000000,69.767,left_chewing,0.950629,right_chewing
2917408.0,-0.165039,-1.74707,1.090332,-0.020784,-0.011724,0.039969,chewing,1.000000,69.767,left_chewing,0.950629,right_chewing
2917418.0,-0.123047,-1.724609,1.074219,-0.013323,-0.184925,0.075942,chewing,1.000000,49.587,left_chewing,0.956780,right_chewing
2917428.0,-0.090332,-1.75293,1.063477,-0.026646,-0.07381,0.027979,chewing,1.000000,49.587,left_chewing,0.956780,right_chewing
2917438.0,-0.137207,-1.776367,1.057617,-0.041302,-0.023982,-0.036772,chewing,1.000000,49.587,left_chewing,0.956780,right_chewing
2917448.0,-0.199707,-1.775391,1.056152,-0.051427,-0.020251,0.007727,chewing,1.000000,49.587,left_chewing,0.956780,right_chewing
2917458.0,-0.209961,-1.751465,1.08252,-0.072478,-0.028778,0.122306,chewing,1.000000,49.587,left_chewing,0.956780,right_chewing
2917468.0,-0.19873,-1.75,1.069824,-0.088466,-0.023715,0.186257,chewing,1.000000,49.587,left_chewing,0.956780,right_chewing
2917478.0,-0.17627,-1.773438,1.096191,-0.076475,0.02638,0.190521,chewing,1.000000,49.587,left_chewing,0.956780,right_chewing
2917488.0,-0.160645,-1.772949,1.073242,-0.092995,0.048763,0.108983,chewing,1.000000,49.587,left_chewing,0.956780,right_chewing
2917498.0,-0.167969,-1.787598,1.090332,-0.098325,0.065816,-0.003464,chewing,1.000000,49.587,left_chewing,0.956780,right_chewing
2917508.0,-0.172363,-1.760254,1.085938,-0.113513,0.072478,-0.059688,chewing,1.000000,49.587,left_chewing,0.956780,right_chewing
2917518.0,-0.181152,-1.759277,1.091309,-0.109516,0.06555,-0.082603,chewing,1.000000,49.587,left_chewing,0.956780,right_chewing
2917528.0,-0.191406,-1.771484,1.085938,-0.11751,0.057023,-0.025314,chewing,1.000000,49.587,left_chewing,0.956780,right_chewing
2917538.0,-0.182129,-1.759277,1.081055,-0.10472,0.007994,0.019718,chewing,1.000000,49.587,left_chewing,0.956780,right_chewing
2917548.0,-0.166992,-1.756348,1.074707,-0.100989,-0.03464,0.05196,chewing,1.000000,49.587,left_chewing,0.956780,right_chewing
2917558.0,-0.150879,-1.76123,1.079102,-0.095127,-0.038104,0.092729,chewing,1.000000,49.587,left_chewing,0.956780,right_chewing
2917568.0,-0.155273,-1.766113,1.065918,-0.112447,-0.036239,0.04823,chewing,1.000000,49.587,left_chewing,0.956780,right_chewing
2917578.0,-0.179199,-1.755371,1.068848,-0.116977,-0.02185,0.01732,chewing,1.000000,49.587,left_chewing,0.956780,right_chewing
2917588.0,-0.186523,-1.770508,1.078125,-0.100723,-0.01279,0.018919,chewing,1.000000,49.587,left_chewing,0.956780,right_chewing
2917598.0,-0.178711,-1.757813,1.074219,-0.100989,-0.02638,0.024781,chewing,1.000000,49.587,left_chewing,0.956780,right_chewing
2917608.0,-0.168945,-1.765137,1.057617,-0.106319,-0.051161,0.009326,chewing,1.000000,49.587,left_chewing,0.956780,right_chewing
2917618.0,-0.149902,-1.75293,1.056641,-0.116977,-0.057822,0.005596,chewing,1.000000,49.587,left_chewing,0.956780,right_chewing
2917628.0,-0.155762,-1.77002,1.071777,-0.112714,-0.033841,-0.003464,chewing,1.000000,49.587,left_chewing,0.956780,right_chewing
2917638.0,-0.173828,-1.770996,1.067383,-0.11298,-0.01279,-0.022649,chewing,1.000000,49.587,left_chewing,0.956780,right_chewing
2917648.0,-0.168945,-1.760254,1.060059,-0.088998,-0.006662,0.010126,chewing,1.000000,49.587,left_chewing,0.956780,right_chewing
2917658.0,-0.17627,-1.749023,1.072754,-0.077541,-0.018386,0.046098,chewing,1.000000,49.587,left_chewing,0.956780,right_chewing
2917668.0,-0.166016,-1.762207,1.069824,-0.099124,-0.019718,0.02638,chewing,1.000000,49.587,left_chewing,0.956780,right_chewing
2917678.0,-0.154297,-1.764648,1.067871,-0.104986,-0.02185,0.008527,chewing,1.000000,49.587,left_chewing,0.956780,right_chewing
2917688.0,-0.163086,-1.765625,1.062012,-0.126836,-0.009859,0.002931,chewing,1.000000,49.587,left_chewing,0.956780,right_chewing
2917698.0,-0.163574,-1.765625,1.064453,-0.120175,-0.011724,-0.002132,chewing,1.000000,49.587,left_chewing,0.956780,right_chewing
2917708.0,-0.174805,-1.771484,1.061523,-0.097792,0.005063,0.006395,chewing,1.000000,49.587,left_chewing,0.956780,right_chewing
2917718.0,-0.169922,-1.771973,1.054199,-0.094861,0.025047,-0.001332,chewing,1.000000,49.587,left_chewing,0.956780,right_chewing
2917728.0,-0.162598,-1.771973,1.071777,-0.087933,0.046098,-0.009326,chewing,1.000000,49.587,left_chewing,0.956780,right_chewing
2917738.0,-0.158203,-1.731445,1.062988,-0.107118,0.034907,-0.013856,chewing,1.000000,49.587,left_chewing,0.956780,right_chewing
2917748.0,-0.172852,-1.787109,1.062988,-0.092729,0.061553,-0.024248,chewing,1.000000,49.587,left_chewing,0.956780,right_chewing
2917758.0,-0.150391,-1.779785,1.050293,-0.09566,0.066616,-0.075409,chewing,1.000000,49.587,left_chewing,0.956780,right_chewing
2917768.0,-0.179687,-1.786621,1.055664,-0.114579,0.069813,-0.056757,chewing,1.000000,49.587,left_chewing,0.956780,right_chewing
2917778.0,-0.198242,-1.790039,1.055664,-0.095926,0.06928,-0.042101,chewing,1.000000,49.587,left_chewing,0.956780,right_chewing
2917788.0,-0.186523,-1.770508,1.06543,-0.088732,0.043433,-0.028778,chewing,1.000000,49.587,left_chewing,0.956780,right_chewing
2917798.0,-0.163574,-1.758789,1.05957,-0.089265,0.041302,-0.028511,chewing,1.000000,49.587,left_chewing,0.956780,right_chewing
2917808.0,-0.142578,-1.761719,1.066406,-0.081538,0.03544,-0.058355,chewing,1.000000,49.587,left_chewing,0.956780,right_chewing
2917818.0,-0.148926,-1.749023,1.067871,-0.0437,0.0437,-0.099124,chewing,1.000000,49.587,left_chewing,0.956780,right_chewing
2917828.0,-0.117188,-1.729004,1.041016,-0.066616,0.06475,-0.053292,chewing,1.000000,49.587,left_chewing,0.956780,right_chewing
2917838.0,-0.146973,-1.786621,1.079102,-0.024515,0.067149,-0.037038,chewing,1.000000,49.587,left_chewing,0.956780,right_chewing
2917848.0,-0.146484,-1.774414,1.053223,0.000266,0.057289,-0.06555,chewing,1.000000,49.587,left_chewing,0.956780,right_chewing
2917858.0,-0.162598,-1.77832,1.053223,0.038371,0.03011,-0.0429,chewing,1.000000,49.587,left_chewing,0.956780,right_chewing
2917868.0,-0.156738,-1.78125,1.055664,0.047697,0.039969,-0.011458,chewing,1.000000,49.587,left_chewing,0.956780,right_chewing
2917878.0,-0.160156,-1.776855,1.066895,0.033574,0.0429,-0.037571,chewing,1.000000,49.587,left_chewing,0.956780,right_chewing
2917888.0,-0.154297,-1.77002,1.057617,0.066882,0.051694,-0.083136,chewing,1.000000,49.587,left_chewing,0.956780,right_chewing
2917898.0,-0.165039,-1.777832,1.056152,0.060753,0.081005,-0.094328,chewing,1.000000,49.587,left_chewing,0.956780,right_chewing
2917908.0,-0.158203,-1.764648,1.046387,0.067149,0.096193,-0.098858,chewing,1.000000,49.587,left_chewing,0.956780,right_chewing
2917918.0,-0.161621,-1.776367,1.058105,0.060221,0.123639,-0.084735,chewing,1.000000,49.587,left_chewing,0.956780,right_chewing
2917928.0,-0.172852,-1.779297,1.055176,0.057023,0.127636,-0.078074,chewing,1.000000,49.587,left_chewing,0.956780,right_chewing
2917938.0,-0.161133,-1.782227,1.062012,0.036505,0.116977,-0.073277,chewing,1.000000,49.587,left_chewing,0.956780,right_chewing
2917948.0,-0.163086,-1.772461,1.0625,0.041302,0.096193,-0.055691,chewing,1.000000,49.587,left_chewing,0.956780,right_chewing
2917958.0,-0.146973,-1.77002,1.060547,0.016787,0.085534,-0.049029,chewing,1.000000,49.587,left_chewing,0.956780,right_chewing
2917968.0,-0.148926,-1.772949,1.05957,0.001332,0.08287,-0.033841,chewing,1.000000,49.587,left_chewing,0.956780,right_chewing
2917978.0,-0.154785,-1.775879,1.063477,0.018919,0.077274,-0.02558,chewing,1.000000,49.587,left_chewing,0.956780,right_chewing
2917988.0,-0.163574,-1.776367,1.068359,0.003198,0.054891,-0.038371,chewing,1.000000,49.587,left_chewing,0.956780,right_chewing
2917998.0,-0.156738,-1.773438,1.083496,0.011991,0.042634,-0.033841,chewing,1.000000,49.587,left_chewing,0.956780,right_chewing
2918008.0,-0.15625,-1.753418,1.068848,0.033308,0.041035,-0.041302,chewing,1.000000,49.587,left_chewing,0.956780,right_chewing
