time_ms,ax,ay,az,gx,gy,gz,state,chewing_prob,cpm,true_label
1953392.0,-0.060547,-1.778809,0.977539,-0.23955,0.466043,-0.216101,warming_up,0.000000,0.000,non_chewing
1953402.0,-0.051758,-1.755371,0.973145,-0.287513,0.448989,-0.232089,warming_up,0.000000,0.000,non_chewing
1953412.0,-0.032227,-1.796387,0.972656,-0.239283,0.417813,-0.268328,warming_up,0.000000,0.000,non_chewing
1953422.0,-0.047852,-1.799316,0.975586,-0.22676,0.357326,-0.367185,warming_up,0.000000,0.000,non_chewing
1953432.0,-0.009277,-1.830078,0.965332,-0.261133,0.340273,-0.387436,warming_up,0.000000,0.000,non_chewing
1953442.0,-0.004395,-1.822266,0.940918,-0.185458,0.328815,-0.315225,warming_up,0.000000,0.000,non_chewing
1953452.0,-0.010254,-1.833496,0.938477,-0.214236,0.336276,-0.353063,warming_up,0.000000,0.000,non_chewing
1953462.0,-0.03125,-1.812012,0.936035,-0.241415,0.406622,-0.3917,warming_up,0.000000,0.000,non_chewing
1953472.0,-0.080566,-1.82373,0.932617,-0.297639,0.402358,-0.320554,warming_up,0.000000,0.000,non_chewing
1953482.0,-0.07373,-1.856445,0.913086,-0.289911,0.380242,-0.259002,warming_up,0.000000,0.000,non_chewing
1953492.0,-0.044434,-1.866699,0.912598,-0.234753,0.347734,-0.16947,warming_up,0.000000,0.000,non_chewing
1953502.0,-0.003906,-1.861328,0.904297,-0.241681,0.404224,-0.227292,warming_up,0.000000,0.000,non_chewing
1953512.0,-0.021973,-1.847656,0.928223,-0.235819,0.502548,-0.364254,warming_up,0.000000,0.000,non_chewing
1953522.0,-0.026367,-1.835449,0.910645,-0.240349,0.559305,-0.447124,warming_up,0.000000,0.000,non_chewing
1953532.0,-0.012207,-1.837402,0.922363,-0.246744,0.5657,-0.482564,warming_up,0.000000,0.000,non_chewing
1953542.0,-0.01709,-1.820313,0.91748,-0.249942,0.554775,-0.401559,warming_up,0.000000,0.000,non_chewing
1953552.0,-0.01416,-1.838867,0.906738,-0.240349,0.538521,-0.352263,warming_up,0.000000,0.000,non_chewing
1953562.0,-0.023437,-1.853027,0.895996,-0.249142,0.496953,-0.338407,warming_up,0.000000,0.000,non_chewing
1953572.0,-0.020508,-1.854492,0.919922,-0.237418,0.499084,-0.406355,warming_up,0.000000,0.000,non_chewing
1953582.0,-0.002441,-1.849121,0.895996,-0.232888,0.470306,-0.43087,warming_up,0.000000,0.000,non_chewing
1953592.0,0.006348,-1.868164,0.900879,-0.281118,0.507611,-0.466842,warming_up,0.000000,0.000,non_chewing
1953602.0,0.019531,-1.884766,0.880371,-0.294708,0.484429,-0.458049,warming_up,0.000000,0.000,non_chewing
1953612.0,0.023926,-1.878906,0.904785,-0.331746,0.439663,-0.470839,warming_up,0.000000,0.000,non_chewing
1953622.0,0.021484,-1.854004,0.901367,-0.345335,0.411152,-0.495887,warming_up,0.000000,0.000,non_chewing
1953632.0,0.02002,-1.829102,0.888672,-0.381841,0.373314,-0.517204,warming_up,0.000000,0.000,non_chewing
1953642.0,0.030273,-1.813965,0.876465,-0.435133,0.391167,-0.43007,warming_up,0.000000,0.000,non_chewing
1953652.0,0.020996,-1.850098,0.870117,-0.476435,0.425008,-0.362123,warming_up,0.000000,0.000,non_chewing
1953662.0,0.04834,-1.892578,0.84082,-0.468441,0.432735,-0.409286,warming_up,0.000000,0.000,non_chewing
1953672.0,0.052734,-1.89209,0.834961,-0.470306,0.465776,-0.546248,warming_up,0.000000,0.000,non_chewing
1953682.0,0.058594,-1.897461,0.812988,-0.442328,0.509476,-0.713054,warming_up,0.000000,0.000,non_chewing
1953692.0,0.05127,-1.880859,0.833008,-0.438064,0.58222,-0.806049,warming_up,0.000000,0.000,non_chewing
1953702.0,0.064941,-1.865723,0.826172,-0.384239,0.638977,-0.868934,warming_up,0.000000,0.000,non_chewing
1953712.0,0.054687,-1.870117,0.818359,-0.330413,0.716784,-0.83083,warming_up,0.000000,0.000,non_chewing
1953722.0,0.046387,-1.871094,0.837402,-0.297639,0.770876,-0.836959,warming_up,0.000000,0.000,non_chewing
1953732.0,0.020996,-1.87793,0.812012,-0.271259,0.761017,-0.773274,warming_up,0.000000,0.000,non_chewing
1953742.0,0.039063,-1.90625,0.803711,-0.295507,0.789795,-0.90091,warming_up,0.000000,0.000,non_chewing
1953752.0,0.093262,-1.890625,0.783691,-0.310695,0.816441,-0.964594,warming_up,0.000000,0.000,non_chewing
1953762.0,0.155762,-1.902832,0.787109,-0.355994,0.913433,-1.085035,warming_up,0.000000,0.000,non_chewing
1953772.0,0.155762,-1.883301,0.789062,-0.462579,1.003764,-1.328848,warming_up,0.000000,0.000,non_chewing
1953782.0,0.11084,-1.900391,0.808594,-0.502815,1.05306,-1.401326,warming_up,0.000000,0.000,non_chewing
1953792.0,0.128906,-1.920898,0.795898,-0.522,0.998435,-1.259568,warming_up,0.000000,0.000,non_chewing
1953802.0,0.12793,-1.909668,0.793945,-0.546781,0.971789,-1.309397,warming_up,0.000000,0.000,non_chewing
1953812.0,0.105957,-1.933105,0.786133,-0.571562,0.928355,-1.20894,warming_up,0.000000,0.000,non_chewing
1953822.0,0.111816,-1.918457,0.781738,-0.616861,0.843887,-1.067449,warming_up,0.000000,0.000,non_chewing
1953832.0,0.13623,-1.916992,0.783691,-0.67415,0.794858,-1.01842,warming_up,0.000000,0.000,non_chewing
1953842.0,0.125977,-1.90625,0.762695,-0.714386,0.747427,-0.917963,warming_up,0.000000,0.000,non_chewing
1953852.0,0.126953,-1.921875,0.753418,-0.723446,0.698132,-0.800453,warming_up,0.000000,0.000,non_chewing
1953862.0,0.116211,-1.924805,0.770996,-0.705326,0.624855,-0.596609,warming_up,0.000000,0.000,non_chewing
1953872.0,0.145996,-1.933594,0.746094,-0.696533,0.557972,-0.380775,warming_up,0.000000,0.000,non_chewing
1953882.0,0.122559,-1.911621,0.742187,-0.656564,0.504413,-0.256337,warming_up,0.000000,0.000,non_chewing
1953892.0,0.131348,-1.919922,0.756836,-0.603537,0.471639,-0.20038,warming_up,0.000000,0.000,non_chewing
1953902.0,0.123535,-1.926758,0.748047,-0.641642,0.472172,-0.201712,warming_up,0.000000,0.000,non_chewing
1953912.0,0.069824,-1.827637,0.77002,-0.737302,0.510276,-0.166273,warming_up,0.000000,0.000,non_chewing
1953922.0,0.070801,-1.819824,0.759277,-0.79619,0.508677,-0.200646,warming_up,0.000000,0.000,non_chewing
1953932.0,0.115234,-1.829102,0.754395,-0.81804,0.522799,-0.191054,warming_up,0.000000,0.000,non_chewing
1953942.0,0.037109,-1.873047,0.759277,-0.684542,0.411685,-0.369317,warming_up,0.000000,0.000,non_chewing
1953952.0,0.095703,-1.856445,0.761719,-0.536922,0.200646,-0.237152,warming_up,0.000000,0.000,non_chewing
1953962.0,0.155762,-1.902832,0.726074,-0.3917,0.091663,-0.122573,warming_up,0.000000,0.000,non_chewing
1953972.0,0.167969,-1.934082,0.728027,-0.318423,0.024515,-0.12577,warming_up,0.000000,0.000,non_chewing
1953982.0,0.147949,-1.910156,0.732422,-0.235819,-0.016521,-0.00826,warming_up,0.000000,0.000,non_chewing
1953992.0,0.118164,-1.930664,0.73291,-0.201712,-0.046897,0.038637,warming_up,0.000000,0.000,non_chewing
1954002.0,0.133789,-1.916992,0.708984,-0.15215,-0.046364,0.120175,warming_up,0.000000,0.000,non_chewing
1954012.0,0.130371,-1.948242,0.699219,-0.132965,-0.08287,0.024515,warming_up,0.000000,0.000,non_chewing
1954022.0,0.125488,-1.92041,0.709961,-0.059688,0.077541,-0.063418,warming_up,0.000000,0.000,non_chewing
1954032.0,0.092285,-1.959473,0.679687,-0.092196,0.107384,-0.121773,warming_up,0.000000,0.000,non_chewing
1954042.0,0.095215,-1.937012,0.69043,-0.064484,0.13856,-0.044766,warming_up,0.000000,0.000,non_chewing
1954052.0,0.111328,-1.975586,0.681152,-0.005063,0.18226,-0.147354,warming_up,0.000000,0.000,non_chewing
1954062.0,0.137695,-1.948242,0.694824,0.024781,0.292309,-0.012257,warming_up,0.000000,0.000,non_chewing
1954072.0,0.101563,-1.992676,0.681641,0.078873,0.173734,0.152417,warming_up,0.000000,0.000,non_chewing
1954082.0,0.067383,-1.958984,0.697754,0.108983,0.133764,0.214502,warming_up,0.000000,0.000,non_chewing
1954092.0,0.075195,-1.910645,0.712891,0.085801,0.178263,0.163075,warming_up,0.000000,0.000,non_chewing
1954102.0,0.059082,-1.906738,0.70459,0.037838,0.225161,0.051427,warming_up,0.000000,0.000,non_chewing
1954112.0,0.078613,-1.913086,0.698242,0.010658,0.19585,0.045299,warming_up,0.000000,0.000,non_chewing
1954122.0,0.101563,-1.933594,0.694824,-0.031975,0.200646,0.039436,warming_up,0.000000,0.000,non_chewing
1954132.0,0.106445,-1.959473,0.69043,-0.041568,0.171069,0.051161,warming_up,0.000000,0.000,non_chewing
1954142.0,0.15332,-1.960449,0.691406,-0.00373,0.108184,0.108717,warming_up,0.000000,0.000,non_chewing
1954152.0,0.135742,-1.956055,0.683105,0.020784,0.05649,0.14309,warming_up,0.000000,0.000,non_chewing
1954162.0,0.105957,-1.956055,0.693848,0.066349,0.024515,0.099923,warming_up,0.000000,0.000,non_chewing
1954172.0,0.126953,-1.939941,0.70166,0.074609,-0.029044,0.071412,warming_up,0.000000,0.000,non_chewing
1954182.0,0.139648,-1.950684,0.690918,0.093262,-0.032242,0.004796,warming_up,0.000000,0.000,non_chewing
1954192.0,0.152344,-1.939941,0.699707,0.129234,-0.04743,0.025314,warming_up,0.000000,0.000,non_chewing
1954202.0,0.148437,-1.941406,0.695312,0.175865,-0.075409,0.034907,warming_up,0.000000,0.000,non_chewing
1954212.0,0.155273,-1.920898,0.703613,0.239816,-0.108184,0.15215,warming_up,0.000000,0.000,non_chewing
1954222.0,0.13916,-1.932129,0.702637,0.237685,-0.117243,0.045832,warming_up,0.000000,0.000,non_chewing
1954232.0,0.109863,-1.895996,0.708984,0.193185,-0.123905,-0.022649,warming_up,0.000000,0.000,non_chewing
1954242.0,0.118652,-1.896484,0.712891,0.160144,-0.157479,-0.045032,warming_up,0.000000,0.000,non_chewing
1954252.0,0.120117,-1.922363,0.71875,0.113513,-0.152417,-0.128968,warming_up,0.000000,0.000,non_chewing
1954262.0,0.115723,-1.928223,0.715332,0.08207,-0.187323,-0.155614,warming_up,0.000000,0.000,non_chewing
1954272.0,0.125,-1.921387,0.716309,0.098591,-0.181994,-0.206775,warming_up,0.000000,0.000,non_chewing
1954282.0,0.095703,-1.916016,0.70752,0.12204,-0.219565,-0.132432,warming_up,0.000000,0.000,non_chewing
1954292.0,0.079102,-1.90625,0.729492,0.14389,-0.234753,0.000799,warming_up,0.000000,0.000,non_chewing
1954302.0,0.084961,-1.911133,0.720703,0.174533,-0.240083,0.046098,warming_up,0.000000,0.000,non_chewing
1954312.0,0.071777,-1.90332,0.746582,0.197182,-0.237951,0.152683,warming_up,0.000000,0.000,non_chewing
1954322.0,0.083496,-1.893555,0.729004,0.195583,-0.203044,0.167605,warming_up,0.000000,0.000,non_chewing
1954332.0,0.099609,-1.871094,0.750488,0.163608,-0.115645,0.098058,warming_up,0.000000,0.000,non_chewing
1954342.0,0.096191,-1.876953,0.74707,0.128168,-0.073277,0.067149,warming_up,0.000000,0.000,non_chewing
1954352.0,0.112305,-1.900879,0.745117,0.14389,-0.033841,0.015188,warming_up,0.000000,0.000,non_chewing
1954362.0,0.133789,-1.938965,0.730469,0.161743,-0.005596,-0.092995,warming_up,0.000000,0.000,non_chewing
1954372.0,0.157715,-1.937012,0.726074,0.138827,0.006928,-0.212637,warming_up,0.000000,0.000,non_chewing
1954382.0,0.178223,-1.945801,0.724609,0.137228,-0.010658,-0.29977,warming_up,0.000000,0.000,non_chewing
1954392.0,0.19873,-1.949219,0.740723,0.111914,-0.02558,-0.377044,warming_up,0.000000,0.000,non_chewing
1954402.0,0.191406,-1.894531,0.758789,0.103654,-0.070613,-0.374913,warming_up,0.000000,0.000,non_chewing
1954412.0,0.165527,-1.885742,0.766113,0.081005,-0.146821,-0.322686,warming_up,0.000000,0.000,non_chewing
1954422.0,0.152832,-1.880371,0.766113,0.072478,-0.221164,-0.246211,warming_up,0.000000,0.000,non_chewing
1954432.0,0.171387,-1.889648,0.771484,0.060221,-0.29604,-0.176931,warming_up,0.000000,0.000,non_chewing
1954442.0,0.166016,-1.883301,0.775879,0.078873,-0.368251,-0.13856,warming_up,0.000000,0.000,non_chewing
1954452.0,0.178711,-1.87207,0.756348,0.09113,-0.416214,-0.098058,warming_up,0.000000,0.000,non_chewing
1954462.0,0.194336,-1.879883,0.76709,0.085002,-0.425008,-0.17773,warming_up,0.000000,0.000,non_chewing
1954472.0,0.205078,-1.876465,0.76123,0.12204,-0.480698,-0.2169,warming_up,0.000000,0.000,non_chewing
1954482.0,0.240234,-1.89209,0.758301,0.181994,-0.552643,-0.131366,warming_up,0.000000,0.000,non_chewing
1954492.0,0.222168,-1.897461,0.757812,0.250208,-0.63578,-0.143357,warming_up,0.000000,0.000,non_chewing
1954502.0,0.194824,-1.905762,0.776855,0.253139,-0.67415,-0.242747,warming_up,0.000000,0.000,non_chewing
1954512.0,0.200684,-1.895996,0.771484,0.229957,-0.747161,-0.409286,warming_up,0.000000,0.000,non_chewing
1954522.0,0.216797,-1.887695,0.772949,0.114312,-0.658695,-0.263531,warming_up,0.000000,0.000,non_chewing
1954532.0,0.199707,-1.90332,0.769043,0.103387,-0.673084,-0.327482,warming_up,0.000000,0.000,non_chewing
1954542.0,0.188477,-1.901367,0.779297,0.079672,-0.723979,-0.273657,warming_up,0.000000,0.000,non_chewing
1954552.0,0.19873,-1.896484,0.773926,0.007727,-0.746628,-0.318156,warming_up,0.000000,0.000,non_chewing
1954562.0,0.19043,-1.910645,0.771484,-0.073011,-0.737035,-0.374113,warming_up,0.000000,0.000,non_chewing
1954572.0,0.186523,-1.887207,0.776367,-0.10392,-0.68694,-0.29604,warming_up,0.000000,0.000,non_chewing
1954582.0,0.183594,-1.924316,0.773437,-0.106851,-0.617127,-0.297905,warming_up,0.000000,0.000,non_chewing
1954592.0,0.198242,-1.919434,0.755859,-0.099657,-0.574227,-0.290178,warming_up,0.000000,0.000,non_chewing
1954602.0,0.205078,-1.913086,0.760254,-0.062086,-0.487893,-0.254205,warming_up,0.000000,0.000,non_chewing
1954612.0,0.227539,-1.888184,0.75293,-0.040769,-0.348,-0.228891,warming_up,0.000000,0.000,non_chewing
1954622.0,0.242187,-1.902344,0.758789,-0.104453,-0.209706,-0.321087,warming_up,0.000000,0.000,non_chewing
1954632.0,0.259277,-1.887695,0.750488,-0.095394,-0.093795,-0.096459,warming_up,0.000000,0.000,non_chewing
1954642.0,0.252441,-1.947754,0.719238,-0.069813,-0.071678,-0.055158,warming_up,0.000000,0.000,non_chewing
1954652.0,0.250488,-1.908203,0.733398,-0.051427,-0.007194,0.037571,warming_up,0.000000,0.000,non_chewing
1954662.0,0.259766,-1.88916,0.717773,-0.005596,0.051161,0.181727,warming_up,0.000000,0.000,non_chewing
1954672.0,0.259277,-1.885254,0.726562,-0.019718,0.174266,0.171602,warming_up,0.000000,0.000,non_chewing
1954682.0,0.228027,-1.884766,0.727539,-0.018119,0.225694,0.212371,warming_up,0.000000,0.000,non_chewing
1954692.0,0.221191,-1.890137,0.727051,-0.005596,0.317357,0.170802,warming_up,0.000000,0.000,non_chewing
1954702.0,0.234375,-1.897461,0.725586,0.036239,0.362922,0.201179,warming_up,0.000000,0.000,non_chewing
1954712.0,0.215332,-1.914063,0.734375,0.055957,0.387703,0.270459,warming_up,0.000000,0.000,non_chewing
1954722.0,0.21875,-1.907715,0.737793,0.053559,0.435933,0.279786,warming_up,0.000000,0.000,non_chewing
1954732.0,0.233398,-1.921387,0.725586,0.052493,0.465243,0.235819,warming_up,0.000000,0.000,non_chewing
1954742.0,0.216309,-1.895996,0.740723,0.07008,0.483363,0.245412,warming_up,0.000000,0.000,non_chewing
1954752.0,0.194336,-1.88916,0.75,0.10392,0.470839,0.265397,warming_up,0.000000,0.000,non_chewing
1954762.0,0.19043,-1.919922,0.756348,0.14389,0.45725,0.260334,warming_up,0.000000,0.000,non_chewing
1954772.0,0.185059,-1.901367,0.763672,0.115378,0.432735,0.210239,warming_up,0.000000,0.000,non_chewing
1954782.0,0.214355,-1.888672,0.765137,0.102588,0.415415,0.187856,warming_up,0.000000,0.000,non_chewing
1954792.0,0.240723,-1.913086,0.765137,0.083936,0.422077,0.075675,warming_up,0.000000,0.000,non_chewing
1954802.0,0.20752,-1.882813,0.78125,0.016254,0.446858,-0.140159,warming_up,0.000000,0.000,non_chewing
1954812.0,0.193359,-1.867188,0.783203,-0.039703,0.436998,-0.262199,warming_up,0.000000,0.000,non_chewing
1954822.0,0.199219,-1.868652,0.786621,-0.052227,0.400227,-0.354928,warming_up,0.000000,0.000,non_chewing
1954832.0,0.174316,-1.864258,0.80127,-0.058622,0.356527,-0.355194,warming_up,0.000000,0.000,non_chewing
1954842.0,0.184082,-1.879883,0.78125,-0.017853,0.234221,-0.200646,warming_up,0.000000,0.000,non_chewing
1954852.0,0.181641,-1.894531,0.791504,0.02185,0.16041,-0.097259,warming_up,0.000000,0.000,non_chewing
1954862.0,0.188965,-1.866699,0.79248,0.005862,0.110049,-0.03011,warming_up,0.000000,0.000,non_chewing
1954872.0,0.19873,-1.865234,0.792969,0.007727,0.108717,-0.006928,warming_up,0.000000,0.000,non_chewing
1954882.0,0.210449,-1.880859,0.795898,-0.048763,0.158012,-0.062619,warming_up,0.000000,0.000,non_chewing
1954892.0,0.194824,-1.888184,0.784668,-0.054092,0.177997,-0.078074,warming_up,0.000000,0.000,non_chewing
1954902.0,0.19043,-1.881348,0.787598,-0.06475,0.182793,-0.088732,warming_up,0.000000,0.000,non_chewing
1954912.0,0.194336,-1.887207,0.78418,-0.061553,0.163075,-0.072478,warming_up,0.000000,0.000,non_chewing
1954922.0,0.208008,-1.894043,0.781738,-0.064217,0.163874,-0.083136,warming_up,0.000000,0.000,non_chewing
1954932.0,0.205078,-1.874512,0.782715,-0.079939,0.192652,-0.087133,warming_up,0.000000,0.000,non_chewing
1954942.0,0.21582,-1.89209,0.785156,-0.092995,0.192386,-0.121507,warming_up,0.000000,0.000,non_chewing
1954952.0,0.208496,-1.893066,0.781738,-0.0874,0.16947,-0.164141,warming_up,0.000000,0.000,non_chewing
1954962.0,0.229004,-1.908203,0.763672,-0.080738,0.143357,-0.162542,warming_up,0.000000,0.000,non_chewing
1954972.0,0.223145,-1.901367,0.768555,-0.094861,0.126836,-0.184392,warming_up,0.000000,0.000,non_chewing
1954982.0,0.227051,-1.876465,0.776855,-0.107118,0.127902,-0.166273,warming_up,0.000000,0.000,non_chewing
1954992.0,0.221191,-1.893555,0.755371,-0.090597,0.075675,-0.115112,warming_up,0.000000,0.000,non_chewing
1955002.0,0.220215,-1.896484,0.769531,-0.093795,0.037571,-0.033574,warming_up,0.000000,0.000,non_chewing
1955012.0,0.210449,-1.891602,0.765625,-0.058622,0.027712,0.014922,warming_up,0.000000,0.000,non_chewing
1955022.0,0.205566,-1.878418,0.758301,-0.047164,0.027446,0.035706,warming_up,0.000000,0.000,non_chewing
1955032.0,0.206055,-1.884766,0.750977,-0.039703,0.026113,0.093528,warming_up,0.000000,0.000,non_chewing
1955042.0,0.222656,-1.905273,0.753418,-0.023715,0.057556,0.053825,warming_up,0.000000,0.000,non_chewing
1955052.0,0.210449,-1.898438,0.761719,-0.021051,0.081538,0.0429,warming_up,0.000000,0.000,non_chewing
1955062.0,0.226074,-1.91748,0.751465,-0.033308,0.142291,-0.00826,warming_up,0.000000,0.000,non_chewing
1955072.0,0.21582,-1.909668,0.746094,-0.01279,0.159877,-0.027979,warming_up,0.000000,0.000,non_chewing
1955082.0,0.208496,-1.90332,0.751953,-0.021583,0.153482,0.030643,warming_up,0.000000,0.000,non_chewing
1955092.0,0.214844,-1.893555,0.756836,-0.041835,0.152683,0.040502,warming_up,0.000000,0.000,non_chewing
1955102.0,0.217285,-1.89502,0.756836,-0.054891,0.183326,0.036239,warming_up,0.000000,0.000,non_chewing
1955112.0,0.208008,-1.900879,0.760742,-0.06555,0.188123,0.02558,warming_up,0.000000,0.000,non_chewing
1955122.0,0.195801,-1.911621,0.748047,-0.060221,0.183326,0.069547,warming_up,0.000000,0.000,non_chewing
1955132.0,0.183105,-1.888184,0.759766,-0.063152,0.175332,0.115378,warming_up,0.000000,0.000,non_chewing
1955142.0,0.165527,-1.885742,0.757324,-0.038904,0.144689,0.171868,warming_up,0.000000,0.000,non_chewing
1955152.0,0.189453,-1.89502,0.750977,-0.033574,0.162009,0.193452,warming_up,0.000000,0.000,non_chewing
1955162.0,0.200195,-1.907715,0.736816,-0.01359,0.204377,0.14389,warming_up,0.000000,0.000,non_chewing
1955172.0,0.202637,-1.918457,0.744629,-0.018119,0.257136,0.10392,warming_up,0.000000,0.000,non_chewing
1955182.0,0.217285,-1.952637,0.745605,-0.030377,0.302701,0.019185,warming_up,0.000000,0.000,non_chewing
1955192.0,0.196289,-1.928711,0.74707,-0.045299,0.336009,-0.000799,warming_up,0.000000,0.000,non_chewing
1955202.0,0.174805,-1.916992,0.752441,-0.057822,0.316557,0.000533,warming_up,0.000000,0.000,non_chewing
1955212.0,0.163086,-1.893066,0.761719,-0.078873,0.290711,0.034107,warming_up,0.000000,0.000,non_chewing
1955222.0,0.169434,-1.889648,0.769531,-0.093262,0.26513,0.050894,warming_up,0.000000,0.000,non_chewing
1955232.0,0.171387,-1.899902,0.760254,-0.10392,0.261933,0.009326,warming_up,0.000000,0.000,non_chewing
1955242.0,0.177246,-1.897949,0.76416,-0.102055,0.224894,0.031975,warming_up,0.000000,0.000,non_chewing
1955252.0,0.179687,-1.877441,0.760254,-0.120441,0.189721,0.027712,warming_up,0.000000,0.000,non_chewing
1955262.0,0.165527,-1.878906,0.771484,-0.135363,0.143357,0.075942,warming_up,0.000000,0.000,non_chewing
1955272.0,0.16748,-1.881348,0.766602,-0.139893,0.068481,0.112447,warming_up,0.000000,0.000,non_chewing
1955282.0,0.195801,-1.895996,0.778809,-0.146821,0.0437,0.078074,warming_up,0.000000,0.000,non_chewing
1955292.0,0.20166,-1.900391,0.758789,-0.157479,0.014123,0.004796,warming_up,0.000000,0.000,non_chewing
1955302.0,0.201172,-1.907715,0.769531,-0.134031,-0.04823,-0.078873,warming_up,0.000000,0.000,non_chewing
1955312.0,0.211426,-1.893066,0.764648,-0.129767,-0.081005,-0.161743,warming_up,0.000000,0.000,non_chewing
1955322.0,0.196777,-1.88916,0.77002,-0.142557,-0.09566,-0.136962,warming_up,0.000000,0.000,non_chewing
1955332.0,0.206055,-1.887207,0.751953,-0.155081,-0.06475,-0.076741,warming_up,0.000000,0.000,non_chewing
1955342.0,0.209961,-1.894043,0.766113,-0.168404,-0.021583,-0.003464,warming_up,0.000000,0.000,non_chewing
1955352.0,0.194824,-1.891602,0.763672,-0.171868,-0.020251,0.053026,warming_up,0.000000,0.000,non_chewing
1955362.0,0.177734,-1.887207,0.749512,-0.185724,-0.034907,0.104187,warming_up,0.000000,0.000,non_chewing
1955372.0,0.197754,-1.89209,0.736816,-0.155081,-0.085002,0.235286,warming_up,0.000000,0.000,non_chewing
1955382.0,0.20166,-1.895508,0.751953,-0.156946,-0.123372,0.269127,warming_up,0.000000,0.000,non_chewing
1955392.0,0.209961,-1.89502,0.733887,-0.155348,-0.14309,0.387969,warming_up,0.000000,0.000,non_chewing
1955402.0,0.204102,-1.902832,0.749023,-0.117776,-0.184658,0.488426,warming_up,0.000000,0.000,non_chewing
1955412.0,0.19873,-1.900391,0.73877,-0.06928,-0.234487,0.666423,warming_up,0.000000,0.000,non_chewing
1955422.0,0.1875,-1.909668,0.744141,-0.033308,-0.236885,0.653899,warming_up,0.000000,0.000,non_chewing
1955432.0,0.204102,-1.931641,0.746094,-0.00826,-0.172401,0.505479,warming_up,0.000000,0.000,non_chewing
1955442.0,0.174805,-1.963867,0.733398,0.040769,-0.137228,0.492956,warming_up,0.000000,0.000,non_chewing
1955452.0,0.125488,-1.921875,0.75,0.067415,-0.108983,0.466842,warming_up,0.000000,0.000,non_chewing
1955462.0,0.13916,-1.874023,0.74707,0.069014,-0.083403,0.467109,warming_up,0.000000,0.000,non_chewing
1955472.0,0.132324,-1.875,0.750488,0.051694,-0.045565,0.524398,warming_up,0.000000,0.000,non_chewing
1955482.0,0.152344,-1.892578,0.756348,0.022383,-0.01279,0.401293,warming_up,0.000000,0.000,non_chewing
1955492.0,0.169434,-1.887207,0.739746,0.011458,-0.02638,0.377044,warming_up,0.000000,0.000,non_chewing
1955502.0,0.146484,-1.884766,0.760254,-0.006928,-0.088732,0.370649,warming_up,0.000000,0.000,non_chewing
1955512.0,0.152344,-1.903809,0.743652,-0.032508,-0.212904,0.423675,warming_up,0.000000,0.000,non_chewing
1955522.0,0.15918,-1.914551,0.74707,-0.033574,-0.359724,0.518802,warming_up,0.000000,0.000,non_chewing
1955532.0,0.163574,-1.921387,0.731934,-0.068481,-0.473504,0.611798,warming_up,0.000000,0.000,non_chewing
1955542.0,0.144531,-1.919434,0.739746,-0.029311,-0.57476,0.70426,warming_up,0.000000,0.000,non_chewing
1955552.0,0.131836,-1.930176,0.753418,0.023449,-0.644573,0.685341,warming_up,0.000000,0.000,non_chewing
1955562.0,0.12207,-1.916016,0.746094,0.080472,-0.695467,0.651767,warming_up,0.000000,0.000,non_chewing
1955572.0,0.14502,-1.916992,0.748047,0.155614,-0.707724,0.546781,warming_up,0.000000,0.000,non_chewing
1955582.0,0.126953,-1.901367,0.753418,0.244346,-0.650968,0.465776,warming_up,0.000000,0.000,non_chewing
1955592.0,0.110352,-1.896484,0.740723,0.313093,-0.586484,0.375979,warming_up,0.000000,0.000,non_chewing
1955602.0,0.094727,-1.937988,0.744141,0.437798,-0.52573,0.35173,warming_up,0.000000,0.000,non_chewing
1955612.0,0.139648,-1.973145,0.729004,0.605669,-0.468441,0.278453,warming_up,0.000000,0.000,non_chewing
1955622.0,0.097656,-1.942871,0.748535,0.67042,-0.405023,0.14842,warming_up,0.000000,0.000,non_chewing
1955632.0,0.069824,-1.889648,0.775391,0.624055,-0.377844,0.151084,warming_up,0.000000,0.000,non_chewing
1955642.0,0.033691,-1.85791,0.798828,0.545182,-0.337608,0.18759,warming_up,0.000000,0.000,non_chewing
1955652.0,0.063477,-1.826172,0.819824,0.323219,-0.153482,0.127103,warming_up,0.000000,0.000,non_chewing
1955662.0,0.033203,-1.816406,0.822266,0.115378,0.019452,0.180129,warming_up,0.000000,0.000,non_chewing
1955672.0,0.047852,-1.82959,0.818848,-0.058888,0.149485,0.207841,warming_up,0.000000,0.000,non_chewing
1955682.0,0.084473,-1.837402,0.805664,-0.247277,0.33894,0.22223,warming_up,0.000000,0.000,non_chewing
1955692.0,0.069824,-1.878418,0.782227,-0.310962,0.393299,0.349332,warming_up,0.000000,0.000,non_chewing
1955702.0,0.071289,-1.896484,0.780273,-0.326683,0.400493,0.310429,warming_up,0.000000,0.000,non_chewing
1955712.0,0.102539,-1.90625,0.769531,-0.335476,0.4791,0.24781,warming_up,0.000000,0.000,non_chewing
1955722.0,0.055664,-1.90918,0.783691,-0.311495,0.482297,0.270992,warming_up,0.000000,0.000,non_chewing
1955732.0,0.046387,-1.879883,0.793457,-0.323219,0.476701,0.262199,warming_up,0.000000,0.000,non_chewing
1955742.0,0.033691,-1.864746,0.784668,-0.346668,0.466576,0.269394,warming_up,0.000000,0.000,non_chewing
1955752.0,0.08252,-1.852051,0.773926,-0.400227,0.543051,0.194518,warming_up,0.000000,0.000,non_chewing
1955762.0,0.064453,-1.89502,0.757324,-0.438331,0.600873,0.101256,warming_up,0.000000,0.000,non_chewing
1955772.0,0.052246,-1.902344,0.764648,-0.431136,0.50468,0.090331,warming_up,0.000000,0.000,non_chewing
1955782.0,0.058105,-1.913574,0.762207,-0.389035,0.387969,0.140159,warming_up,0.000000,0.000,non_chewing
1955792.0,0.072266,-1.925781,0.757324,-0.358392,0.28325,0.138028,warming_up,0.000000,0.000,non_chewing
1955802.0,0.079102,-1.923828,0.736328,-0.312827,0.213703,0.161743,warming_up,0.000000,0.000,non_chewing
1955812.0,0.065918,-1.931641,0.732422,-0.28698,0.17773,0.11751,warming_up,0.000000,0.000,non_chewing
1955822.0,0.071289,-1.918457,0.742676,-0.308297,0.195583,0.085002,warming_up,0.000000,0.000,non_chewing
1955832.0,0.061035,-1.91748,0.737305,-0.312827,0.239017,0.066349,warming_up,0.000000,0.000,non_chewing
1955842.0,0.052246,-1.914551,0.732422,-0.277654,0.249675,0.066882,warming_up,0.000000,0.000,non_chewing
1955852.0,0.038574,-1.916016,0.719727,-0.232622,0.247011,0.119642,warming_up,0.000000,0.000,non_chewing
1955862.0,0.030273,-1.914063,0.71875,-0.18759,0.235819,0.120708,warming_up,0.000000,0.000,non_chewing
1955872.0,0.022461,-1.91748,0.728027,-0.129501,0.222763,0.09193,warming_up,0.000000,0.000,non_chewing
1955882.0,0.026367,-1.912598,0.71875,-0.07381,0.218233,0.094594,warming_up,0.000000,0.000,non_chewing
1955892.0,0.03125,-1.916016,0.711426,-0.037305,0.229424,0.088732,warming_up,0.000000,0.000,non_chewing
1955902.0,0.041016,-1.908691,0.710937,-0.019985,0.233421,0.044499,warming_up,0.000000,0.000,non_chewing
1955912.0,0.03418,-1.911621,0.708984,-0.010126,0.236352,0.051161,warming_up,0.000000,0.000,non_chewing
1955922.0,0.039063,-1.919434,0.70752,0.035706,0.211038,0.110315,warming_up,0.000000,0.000,non_chewing
1955932.0,0.036621,-1.924805,0.706055,0.046098,0.187323,0.144956,warming_up,0.000000,0.000,non_chewing
1955942.0,0.032227,-1.919434,0.708008,0.047164,0.175332,0.230757,warming_up,0.000000,0.000,non_chewing
1955952.0,0.025879,-1.910645,0.718262,0.051694,0.149752,0.246478,warming_up,0.000000,0.000,non_chewing
1955962.0,0.005371,-1.921387,0.72168,0.062086,0.140426,0.254738,warming_up,0.000000,0.000,non_chewing
1955972.0,0.012207,-1.915039,0.720215,0.064484,0.150818,0.26966,warming_up,0.000000,0.000,non_chewing
1955982.0,0.008789,-1.924805,0.730469,0.066882,0.202778,0.205443,warming_up,0.000000,0.000,non_chewing
1955992.0,-0.003906,-1.92627,0.731934,0.049828,0.22676,0.18679,warming_up,0.000000,0.000,non_chewing
1956002.0,0.021973,-1.949707,0.730957,0.036239,0.261133,0.099391,warming_up,0.000000,0.000,non_chewing
1956012.0,-0.003906,-1.92627,0.736328,0.027712,0.248609,0.007994,warming_up,0.000000,0.000,non_chewing
1956022.0,-0.006836,-1.914063,0.740234,0.049296,0.190254,-0.05276,warming_up,0.000000,0.000,non_chewing
1956032.0,0.000488,-1.911621,0.73877,0.059155,0.136695,-0.080205,warming_up,0.000000,0.000,non_chewing
1956042.0,0.001465,-1.905273,0.739746,0.05196,0.131366,-0.021583,warming_up,0.000000,0.000,non_chewing
1956052.0,0.012695,-1.903809,0.755859,0.014389,0.151084,-0.021051,warming_up,0.000000,0.000,non_chewing
1956062.0,0.019043,-1.910156,0.745117,-0.017587,0.163341,0.003997,warming_up,0.000000,0.000,non_chewing
1956072.0,0.015625,-1.907227,0.748047,-0.028245,0.155081,0.034374,warming_up,0.000000,0.000,non_chewing
1956082.0,0.013672,-1.916504,0.738281,-0.036772,0.140159,0.009593,warming_up,0.000000,0.000,non_chewing
1956092.0,0.029785,-1.930664,0.739258,-0.051161,0.143623,-0.03091,warming_up,0.000000,0.000,non_chewing
1956102.0,0.033203,-1.934082,0.742676,-0.034374,0.12577,-0.03011,warming_up,0.000000,0.000,non_chewing
1956112.0,0.014648,-1.918945,0.718262,-0.033041,0.105786,-0.041302,warming_up,0.000000,0.000,non_chewing
1956122.0,0.015137,-1.916016,0.73877,-0.053026,0.096992,0.007194,warming_up,0.000000,0.000,non_chewing
1956132.0,0.01709,-1.907227,0.737793,-0.038104,0.094328,0.054092,warming_up,0.000000,0.000,non_chewing
1956142.0,0.008789,-1.902344,0.734863,-0.046098,0.120441,0.069813,warming_up,0.000000,0.000,non_chewing
1956152.0,0.003418,-1.905273,0.739258,-0.051694,0.129234,0.0866,warming_up,0.000000,0.000,non_chewing
1956162.0,-0.001465,-1.912109,0.741699,-0.038904,0.128435,0.151084,warming_up,0.000000,0.000,non_chewing
1956172.0,-0.002441,-1.910156,0.734863,-0.026113,0.106851,0.149219,warming_up,0.000000,0.000,non_chewing
1956182.0,0.0,-1.90918,0.731934,-0.027446,0.125504,0.188655,warming_up,0.000000,0.000,non_chewing
1956192.0,0.005371,-1.916016,0.72168,-0.031176,0.128968,0.180662,warming_up,0.000000,0.000,non_chewing
1956202.0,0.009277,-1.928223,0.730957,-0.03917,0.134031,0.144423,warming_up,0.000000,0.000,non_chewing
1956212.0,0.014648,-1.931641,0.728027,-0.018119,0.127636,0.112714,warming_up,0.000000,0.000,non_chewing
1956222.0,0.004395,-1.916504,0.717773,-0.031709,0.129501,0.09566,warming_up,0.000000,0.000,non_chewing
1956232.0,-0.007813,-1.921875,0.741699,-0.028778,0.132965,0.076741,warming_up,0.000000,0.000,non_chewing
1956242.0,-0.010742,-1.909668,0.73291,-0.031975,0.144689,0.052227,warming_up,0.000000,0.000,non_chewing
1956252.0,-0.013672,-1.922852,0.735352,-0.038104,0.146554,0.093528,warming_up,0.000000,0.000,non_chewing
1956262.0,-0.035156,-1.906738,0.734375,-0.05276,0.123905,0.141758,warming_up,0.000000,0.000,non_chewing
1956272.0,-0.033203,-1.910156,0.739258,-0.020251,0.100723,0.174799,warming_up,0.000000,0.000,non_chewing
1956282.0,-0.027344,-1.913574,0.739258,-0.027446,0.077541,0.187057,warming_up,0.000000,0.000,non_chewing
1956292.0,-0.011719,-1.924805,0.736816,0.004796,0.096992,0.192386,warming_up,0.000000,0.000,non_chewing
1956302.0,-0.023437,-1.90918,0.731445,0.006662,0.11298,0.142025,warming_up,0.000000,0.000,non_chewing
1956312.0,-0.018066,-1.912109,0.726562,0.001865,0.12657,0.079672,warming_up,0.000000,0.000,non_chewing
1956322.0,-0.00293,-1.922363,0.736816,-0.003198,0.14389,0.030377,warming_up,0.000000,0.000,non_chewing
1956332.0,-0.01123,-1.921875,0.731445,0.023715,0.139893,-0.006395,warming_up,0.000000,0.000,non_chewing
1956342.0,-0.020996,-1.933105,0.724609,0.090331,0.112714,-0.03091,warming_up,0.000000,0.000,non_chewing
1956352.0,-0.023437,-1.941406,0.72168,0.106851,0.081005,-0.067948,warming_up,0.000000,0.000,non_chewing
1956362.0,-0.022949,-1.930176,0.739258,0.141758,0.048763,-0.023449,warming_up,0.000000,0.000,non_chewing
1956372.0,-0.029297,-1.915527,0.74707,0.169204,0.031975,-0.017853,warming_up,0.000000,0.000,non_chewing
1956382.0,-0.039551,-1.896484,0.744141,0.13936,0.035173,0.024248,warming_up,0.000000,0.000,non_chewing
1956392.0,-0.036133,-1.877441,0.760742,0.07834,0.065017,0.032508,warming_up,0.000000,0.000,non_chewing
1956402.0,-0.036621,-1.888184,0.76123,0.03464,0.111115,0.022383,warming_up,0.000000,0.000,non_chewing
1956412.0,-0.032715,-1.890137,0.756348,-0.018119,0.134564,0.038904,warming_up,0.000000,0.000,non_chewing
1956422.0,-0.018555,-1.905762,0.756348,-0.033041,0.163608,0.026646,warming_up,0.000000,0.000,non_chewing
1956432.0,-0.01709,-1.900879,0.759277,-0.039969,0.173467,0.02185,warming_up,0.000000,0.000,non_chewing
1956442.0,-0.01709,-1.915527,0.752441,-0.047164,0.17773,0.007461,warming_up,0.000000,0.000,non_chewing
1956452.0,-0.015625,-1.921387,0.746094,-0.045832,0.170802,-0.002132,warming_up,0.000000,0.000,non_chewing
1956462.0,-0.020508,-1.911621,0.747559,-0.035706,0.136162,0.0,warming_up,0.000000,0.000,non_chewing
1956472.0,-0.021484,-1.90625,0.754883,-0.026646,0.130833,-0.010925,warming_up,0.000000,0.000,non_chewing
1956482.0,-0.005859,-1.910645,0.754883,-0.018919,0.118043,-0.03917,warming_up,0.000000,0.000,non_chewing
1956492.0,-0.010742,-1.898438,0.745605,-0.041835,0.115378,0.007461,warming_up,0.000000,0.000,non_chewing
1956502.0,-0.013672,-1.897949,0.748535,-0.061286,0.144689,0.027979,warming_up,0.000000,0.000,non_chewing
1956512.0,-0.01123,-1.90625,0.741211,-0.071945,0.140692,0.033841,warming_up,0.000000,0.000,non_chewing
1956522.0,-0.023926,-1.914063,0.752441,-0.056224,0.133764,0.049562,warming_up,0.000000,0.000,non_chewing
1956532.0,-0.003906,-1.927246,0.740234,-0.059155,0.147887,0.016254,warming_up,0.000000,0.000,non_chewing
1956542.0,-0.030273,-1.914551,0.736328,-0.057023,0.125237,0.02185,warming_up,0.000000,0.000,non_chewing
1956552.0,-0.027344,-1.907715,0.735352,-0.04823,0.118309,0.054625,warming_up,0.000000,0.000,non_chewing
1956562.0,-0.023926,-1.909668,0.727051,-0.0429,0.110582,0.074876,warming_up,0.000000,0.000,non_chewing
1956572.0,-0.02832,-1.914063,0.739258,-0.04823,0.116178,0.069014,warming_up,0.000000,0.000,non_chewing
1956582.0,-0.033203,-1.902832,0.737793,-0.049828,0.123905,0.057556,warming_up,0.000000,0.000,non_chewing
1956592.0,-0.038086,-1.914551,0.737305,-0.044499,0.130034,0.060753,warming_up,0.000000,0.000,non_chewing
1956602.0,-0.022949,-1.901855,0.750977,-0.03464,0.138028,0.0437,warming_up,0.000000,0.000,non_chewing
1956612.0,-0.043945,-1.913086,0.737793,-0.017853,0.122306,0.044499,warming_up,0.000000,0.000,non_chewing
1956622.0,-0.038086,-1.900391,0.73291,-0.001865,0.099923,0.044766,warming_up,0.000000,0.000,non_chewing
1956632.0,-0.041504,-1.894043,0.745605,0.01279,0.085002,0.054358,warming_up,0.000000,0.000,non_chewing
1956642.0,-0.015625,-1.900391,0.743164,0.003464,0.099124,0.03011,warming_up,0.000000,0.000,non_chewing
1956652.0,-0.025879,-1.912109,0.746094,0.016254,0.131899,-0.05196,warming_up,0.000000,0.000,non_chewing
1956662.0,-0.024902,-1.913086,0.741211,0.031975,0.150018,-0.075409,warming_up,0.000000,0.000,non_chewing
1956672.0,-0.035645,-1.908691,0.755859,0.027446,0.182527,-0.132698,warming_up,0.000000,0.000,non_chewing
1956682.0,-0.029297,-1.912109,0.741211,0.016787,0.222763,-0.155614,warming_up,0.000000,0.000,non_chewing
1956692.0,-0.046387,-1.896973,0.765625,-0.011724,0.25607,-0.19132,warming_up,0.000000,0.000,non_chewing
1956702.0,-0.049316,-1.894043,0.747559,-0.047963,0.297372,-0.177464,warming_up,0.000000,0.000,non_chewing
1956712.0,-0.036621,-1.908691,0.756348,-0.080738,0.288845,-0.124172,warming_up,0.000000,0.000,non_chewing
1956722.0,-0.041016,-1.904785,0.734375,-0.117243,0.274723,-0.082603,warming_up,0.000000,0.000,non_chewing
1956732.0,-0.032715,-1.914551,0.75293,-0.128968,0.223828,0.006129,warming_up,0.000000,0.000,non_chewing
1956742.0,-0.025879,-1.919434,0.744629,-0.168404,0.216634,0.074876,warming_up,0.000000,0.000,non_chewing
1956752.0,-0.024902,-1.90332,0.734375,-0.177997,0.19132,0.162542,warming_up,0.000000,0.000,non_chewing
1956762.0,-0.042969,-1.932129,0.739746,-0.160677,0.130567,0.217433,warming_up,0.000000,0.000,non_chewing
1956772.0,-0.025879,-1.927246,0.743164,-0.091397,0.079672,0.149752,warming_up,0.000000,0.000,non_chewing
1956782.0,-0.022949,-1.908691,0.744629,-0.068214,0.049296,0.108184,warming_up,0.000000,0.000,non_chewing
1956792.0,-0.032227,-1.900391,0.741699,-0.046897,0.056757,0.09193,warming_up,0.000000,0.000,non_chewing
1956802.0,-0.015625,-1.902832,0.755859,-0.081804,0.101522,0.106052,warming_up,0.000000,0.000,non_chewing
1956812.0,-0.024414,-1.899902,0.742187,-0.112714,0.151884,0.102588,warming_up,0.000000,0.000,non_chewing
1956822.0,-0.040527,-1.908203,0.737305,-0.137228,0.176665,0.089531,warming_up,0.000000,0.000,non_chewing
1956832.0,-0.029297,-1.90918,0.739746,-0.14762,0.170536,0.054358,warming_up,0.000000,0.000,non_chewing
1956842.0,-0.022461,-1.909668,0.739258,-0.154548,0.159345,0.06475,warming_up,0.000000,0.000,non_chewing
1956852.0,-0.041016,-1.90625,0.737305,-0.14309,0.138028,0.083936,warming_up,0.000000,0.000,non_chewing
1956862.0,-0.045898,-1.916992,0.730957,-0.127103,0.122306,0.108983,warming_up,0.000000,0.000,non_chewing
1956872.0,-0.041992,-1.913574,0.729004,-0.151884,0.138028,0.088998,warming_up,0.000000,0.000,non_chewing
1956882.0,-0.046387,-1.910156,0.719727,-0.136162,0.150818,0.098591,warming_up,0.000000,0.000,non_chewing
1956892.0,-0.060059,-1.905762,0.725586,-0.135096,0.157213,0.09566,warming_up,0.000000,0.000,non_chewing
1956902.0,-0.043457,-1.896973,0.729004,-0.120708,0.152949,0.094861,warming_up,0.000000,0.000,non_chewing
1956912.0,-0.058105,-1.90918,0.72168,-0.102322,0.142291,0.135629,warming_up,0.000000,0.000,non_chewing
1956922.0,-0.054687,-1.90332,0.720703,-0.107917,0.13936,0.13856,warming_up,0.000000,0.000,non_chewing
1956932.0,-0.056641,-1.910156,0.737305,-0.104986,0.124704,0.154015,warming_up,0.000000,0.000,non_chewing
1956942.0,-0.064941,-1.922363,0.72168,-0.11751,0.126303,0.151084,warming_up,0.000000,0.000,non_chewing
1956952.0,-0.073242,-1.922852,0.725098,-0.098858,0.096459,0.163874,warming_up,0.000000,0.000,non_chewing
1956962.0,-0.062012,-1.916504,0.720215,-0.106851,0.081804,0.156946,warming_up,0.000000,0.000,non_chewing
1956972.0,-0.053711,-1.910645,0.717285,-0.111381,0.102322,0.135363,warming_up,0.000000,0.000,non_chewing
1956982.0,-0.063477,-1.915039,0.72998,-0.124438,0.10392,0.135096,warming_up,0.000000,0.000,non_chewing
1956992.0,-0.068848,-1.916992,0.720703,-0.123639,0.097792,0.115911,warming_up,0.000000,0.000,non_chewing
1957002.0,-0.077148,-1.921387,0.712402,-0.136695,0.107118,0.118043,warming_up,0.000000,0.000,non_chewing
1957012.0,-0.067871,-1.916016,0.706543,-0.12577,0.128701,0.111914,warming_up,0.000000,0.000,non_chewing
1957022.0,-0.074219,-1.927734,0.713867,-0.143623,0.119375,0.06928,warming_up,0.000000,0.000,non_chewing
1957032.0,-0.082031,-1.924316,0.710937,-0.131366,0.146554,-0.00453,warming_up,0.000000,0.000,non_chewing
1957042.0,-0.09668,-1.908203,0.714355,-0.146554,0.154282,-0.007727,warming_up,0.000000,0.000,non_chewing
1957052.0,-0.104492,-1.910645,0.721191,-0.143357,0.164141,0.002132,warming_up,0.000000,0.000,non_chewing
1957062.0,-0.095703,-1.907227,0.719238,-0.151084,0.180395,0.009593,warming_up,0.000000,0.000,non_chewing
1957072.0,-0.079102,-1.916504,0.705078,-0.155081,0.179329,-0.008527,warming_up,0.000000,0.000,non_chewing
1957082.0,-0.097656,-1.929688,0.706543,-0.155614,0.189721,-0.018919,warming_up,0.000000,0.000,non_chewing
1957092.0,-0.07959,-1.918457,0.701172,-0.163608,0.168138,-0.030643,warming_up,0.000000,0.000,non_chewing
1957102.0,-0.081055,-1.918457,0.705566,-0.168404,0.156147,0.032775,warming_up,0.000000,0.000,non_chewing
1957112.0,-0.071777,-1.941406,0.707031,-0.146554,0.126037,0.031443,warming_up,0.000000,0.000,non_chewing
1957122.0,-0.07666,-1.929688,0.699219,-0.125504,0.107118,0.006129,warming_up,0.000000,0.000,non_chewing
1957132.0,-0.081543,-1.913574,0.700684,-0.114845,0.109516,0.033574,warming_up,0.000000,0.000,non_chewing
1957142.0,-0.091797,-1.931152,0.694824,-0.067681,0.112714,0.015721,warming_up,0.000000,0.000,non_chewing
1957152.0,-0.085449,-1.926758,0.697266,-0.087666,0.130567,-0.02185,warming_up,0.000000,0.000,non_chewing
1957162.0,-0.080078,-1.920898,0.719238,-0.099124,0.135629,-0.015188,warming_up,0.000000,0.000,non_chewing
1957172.0,-0.083984,-1.916016,0.696777,-0.10845,0.135363,-0.019985,warming_up,0.000000,0.000,non_chewing
1957182.0,-0.090332,-1.91748,0.692383,-0.116977,0.118842,0.020251,warming_up,0.000000,0.000,non_chewing
1957192.0,-0.084961,-1.909668,0.708008,-0.120974,0.110049,0.027712,warming_up,0.000000,0.000,non_chewing
1957202.0,-0.092285,-1.904297,0.703125,-0.163075,0.103387,0.002665,warming_up,0.000000,0.000,non_chewing
1957212.0,-0.079102,-1.912109,0.708008,-0.161743,0.092995,0.021317,warming_up,0.000000,0.000,non_chewing
1957222.0,-0.080566,-1.922852,0.69873,-0.144956,0.086334,0.035972,warming_up,0.000000,0.000,non_chewing
1957232.0,-0.087891,-1.925293,0.698242,-0.14389,0.084735,-0.011458,warming_up,0.000000,0.000,non_chewing
1957242.0,-0.097656,-1.925293,0.686035,-0.132165,0.072211,0.018119,warming_up,0.000000,0.000,non_chewing
1957252.0,-0.088379,-1.906738,0.686035,-0.159877,0.077807,-0.023982,warming_up,0.000000,0.000,non_chewing
1957262.0,-0.10498,-1.905273,0.70166,-0.16121,0.092196,-0.050628,warming_up,0.000000,0.000,non_chewing
1957272.0,-0.103516,-1.898926,0.708496,-0.170802,0.088466,-0.110315,warming_up,0.000000,0.000,non_chewing
1957282.0,-0.098633,-1.905762,0.697754,-0.182527,0.101789,-0.132432,warming_up,0.000000,0.000,non_chewing
1957292.0,-0.092773,-1.907227,0.692383,-0.259801,0.142291,-0.151617,warming_up,0.000000,0.000,non_chewing
1957302.0,-0.106445,-1.916504,0.69043,-0.262998,0.10392,-0.12124,warming_up,0.000000,0.000,non_chewing
1957312.0,-0.069824,-1.920898,0.662109,-0.280052,0.077807,-0.140159,warming_up,0.000000,0.000,non_chewing
1957322.0,-0.051758,-1.939941,0.662109,-0.272591,0.083669,-0.156147,warming_up,0.000000,0.000,non_chewing
1957332.0,-0.051758,-1.942383,0.677246,-0.22223,0.074876,-0.193185,warming_up,0.000000,0.000,non_chewing
1957342.0,-0.057129,-1.944824,0.674316,-0.252606,0.116444,-0.241149,warming_up,0.000000,0.000,non_chewing
1957352.0,-0.054199,-1.937988,0.665527,-0.22596,0.13856,-0.300303,warming_up,0.000000,0.000,non_chewing
1957362.0,-0.048828,-1.902832,0.672363,-0.197982,0.128968,-0.332812,warming_up,0.000000,0.000,non_chewing
1957372.0,-0.077637,-1.913086,0.667969,-0.195317,0.135363,-0.3051,warming_up,0.000000,0.000,non_chewing
1957382.0,-0.088379,-1.930664,0.675781,-0.23049,0.125237,-0.227292,warming_up,0.000000,0.000,non_chewing
1957392.0,-0.066895,-1.925293,0.655273,-0.230224,0.089798,-0.212371,warming_up,0.000000,0.000,non_chewing
1957402.0,-0.060547,-1.933105,0.675293,-0.193718,0.045565,-0.164141,warming_up,0.000000,0.000,non_chewing
1957412.0,-0.058105,-1.950684,0.65918,-0.147087,0.005063,-0.117243,warming_up,0.000000,0.000,non_chewing
1957422.0,-0.047363,-1.962402,0.654785,-0.073011,-0.011191,-0.097792,warming_up,0.000000,0.000,non_chewing
1957432.0,-0.034668,-1.964355,0.666992,-0.000799,-0.02558,-0.067948,warming_up,0.000000,0.000,non_chewing
1957442.0,-0.047852,-1.955078,0.666992,-0.014922,-0.001865,-0.153216,warming_up,0.000000,0.000,non_chewing
1957452.0,-0.046875,-1.933105,0.662109,-0.018119,0.019985,-0.176931,warming_up,0.000000,0.000,non_chewing
1957462.0,-0.052734,-1.930664,0.654297,-0.018652,-0.009326,-0.189721,warming_up,0.000000,0.000,non_chewing
1957472.0,-0.032715,-1.937012,0.663574,-0.018119,-0.009593,-0.210505,warming_up,0.000000,0.000,non_chewing
1957482.0,-0.021484,-1.930176,0.665527,-0.050361,0.002398,-0.140692,warming_up,0.000000,0.000,non_chewing
1957492.0,-0.043945,-1.938477,0.661133,-0.060487,-0.018919,-0.062885,warming_up,0.000000,0.000,non_chewing
1957502.0,-0.029785,-1.940918,0.65332,-0.063152,-0.062086,-0.000799,warming_up,0.000000,0.000,non_chewing
1957512.0,-0.027832,-1.939941,0.658691,-0.069547,-0.110049,0.058622,warming_up,0.000000,0.000,non_chewing
1957522.0,-0.025391,-1.945313,0.635254,-0.10019,-0.110049,0.081804,warming_up,0.000000,0.000,non_chewing
1957532.0,-0.019531,-1.94043,0.647949,-0.10019,-0.114046,0.044233,warming_up,0.000000,0.000,non_chewing
1957542.0,-0.022461,-1.946777,0.646484,-0.073011,-0.104187,-0.034907,warming_up,0.000000,0.000,non_chewing
1957552.0,-0.043457,-1.958008,0.640137,-0.002398,-0.141225,-0.021051,warming_up,0.000000,0.000,non_chewing
1957562.0,-0.04834,-1.967285,0.636719,0.073544,-0.232089,0.045032,warming_up,0.000000,0.000,non_chewing
1957572.0,-0.050781,-1.947266,0.655762,0.06928,-0.333345,0.167072,warming_up,0.000000,0.000,non_chewing
1957582.0,-0.066895,-1.936523,0.654297,0.042634,-0.354129,0.16574,warming_up,0.000000,0.000,non_chewing
1957592.0,-0.053711,-1.933105,0.65918,0.073011,-0.350665,0.163874,warming_up,0.000000,0.000,non_chewing
1957602.0,-0.077148,-1.912109,0.664062,0.107118,-0.326949,0.114046,warming_up,0.000000,0.000,non_chewing
1957612.0,-0.057129,-1.939453,0.671875,0.135363,-0.289645,0.240349,warming_up,0.000000,0.000,non_chewing
1957622.0,-0.060059,-1.933105,0.667969,0.085801,-0.206508,0.068481,warming_up,0.000000,0.000,non_chewing
1957632.0,-0.033691,-1.888184,0.677246,0.009593,-0.146554,0.0866,warming_up,0.000000,0.000,non_chewing
1957642.0,-0.053223,-1.927734,0.664062,-0.034374,-0.115378,0.025847,warming_up,0.000000,0.000,non_chewing
1957652.0,-0.032715,-1.918457,0.680176,-0.088466,-0.11751,0.007727,warming_up,0.000000,0.000,non_chewing
1957662.0,-0.021973,-1.919434,0.67334,-0.112447,-0.111115,-0.033574,warming_up,0.000000,0.000,non_chewing
1957672.0,-0.028809,-1.908203,0.686035,-0.097792,-0.10845,-0.054891,warming_up,0.000000,0.000,non_chewing
1957682.0,-0.036621,-1.904785,0.700195,-0.074343,-0.166273,0.031443,warming_up,0.000000,0.000,non_chewing
1957692.0,-0.01416,-1.936523,0.684082,-0.114312,-0.120175,-0.094594,warming_up,0.000000,0.000,non_chewing
1957702.0,-0.033691,-1.924805,0.682129,-0.135096,-0.091663,-0.110582,warming_up,0.000000,0.000,non_chewing
1957712.0,-0.051758,-1.906738,0.67334,-0.09193,-0.133764,-0.022383,warming_up,0.000000,0.000,non_chewing
1957722.0,-0.034668,-1.945313,0.668457,-0.190254,-0.156946,-0.01732,warming_up,0.000000,0.000,non_chewing
1957732.0,-0.026855,-1.945801,0.659668,-0.271525,-0.144156,0.037838,warming_up,0.000000,0.000,non_chewing
1957742.0,-0.05127,-1.95459,0.669434,-0.292842,-0.199847,0.100723,warming_up,0.000000,0.000,non_chewing
1957752.0,-0.0625,-1.936523,0.659668,-0.345335,-0.245412,0.108184,warming_up,0.000000,0.000,non_chewing
1957762.0,-0.048828,-1.916992,0.662598,-0.355194,-0.21317,0.154548,warming_up,0.000000,0.000,non_chewing
1957772.0,-0.064941,-1.911133,0.659668,-0.359991,-0.184392,0.170802,warming_up,0.000000,0.000,non_chewing
1957782.0,-0.044922,-1.905762,0.638184,-0.273124,-0.103121,0.169737,warming_up,0.000000,0.000,non_chewing
1957792.0,-0.060547,-1.908691,0.657227,-0.24328,-0.057289,0.139093,warming_up,0.000000,0.000,non_chewing
1957802.0,-0.069336,-1.916016,0.658203,-0.148153,0.005329,0.09113,warming_up,0.000000,0.000,non_chewing
1957812.0,-0.061035,-1.916992,0.650391,-0.114579,0.061819,0.048763,warming_up,0.000000,0.000,non_chewing
1957822.0,-0.052246,-1.954102,0.616699,-0.05196,0.115112,0.034907,warming_up,0.000000,0.000,non_chewing
1957832.0,-0.064453,-1.933105,0.637207,-0.028778,0.15215,-0.011458,warming_up,0.000000,0.000,non_chewing
1957842.0,-0.06543,-1.922852,0.632324,-0.008793,0.189188,0.036239,warming_up,0.000000,0.000,non_chewing
1957852.0,-0.040527,-1.937012,0.633789,-0.049296,0.220897,0.032508,warming_up,0.000000,0.000,non_chewing
1957862.0,-0.018555,-1.943359,0.618652,-0.08287,0.297372,0.03464,warming_up,0.000000,0.000,non_chewing
1957872.0,-0.047363,-1.937988,0.631348,-0.095926,0.249942,0.09566,warming_up,0.000000,0.000,non_chewing
1957882.0,-0.051758,-1.929199,0.641113,-0.090864,0.168937,0.206775,warming_up,0.000000,0.000,non_chewing
1957892.0,-0.040039,-1.932617,0.615234,-0.12124,0.125237,0.265663,warming_up,0.000000,0.000,non_chewing
1957902.0,-0.036621,-1.941895,0.613281,-0.157479,0.089265,0.260867,warming_up,0.000000,0.000,non_chewing
1957912.0,-0.049316,-1.95166,0.624023,-0.168138,0.07381,0.223828,warming_up,0.000000,0.000,non_chewing
1957922.0,-0.093262,-1.946289,0.605957,-0.19585,0.029311,0.277387,warming_up,0.000000,0.000,non_chewing
1957932.0,-0.091309,-1.943359,0.61084,-0.197982,-0.023449,0.396763,warming_up,0.000000,0.000,non_chewing
1957942.0,-0.087402,-1.94043,0.605469,-0.201446,-0.085002,0.51827,warming_up,0.000000,0.000,non_chewing
1957952.0,-0.094238,-1.951172,0.595703,-0.267795,-0.124172,0.562502,warming_up,0.000000,0.000,non_chewing
1957962.0,-0.104492,-1.935547,0.601562,-0.393032,-0.113247,0.591014,warming_up,0.000000,0.000,non_chewing
1957972.0,-0.106445,-1.940918,0.603027,-0.46924,-0.041835,0.458848,warming_up,0.000000,0.000,non_chewing
1957982.0,-0.13623,-1.895996,0.622559,-0.536123,0.025314,0.357326,warming_up,0.000000,0.000,non_chewing
1957992.0,-0.151855,-1.914063,0.607422,-0.533724,0.083936,0.33521,warming_up,0.000000,0.000,non_chewing
1958002.0,-0.165039,-1.926758,0.602051,-0.405822,0.118842,0.348799,warming_up,0.000000,0.000,non_chewing
1958012.0,-0.159668,-1.934082,0.609375,-0.362655,0.189988,0.338141,warming_up,0.000000,0.000,non_chewing
1958022.0,-0.179687,-1.922852,0.590332,-0.320554,0.25234,0.313093,warming_up,0.000000,0.000,non_chewing
1958032.0,-0.179199,-1.942871,0.603027,-0.267795,0.288312,0.348799,warming_up,0.000000,0.000,non_chewing
1958042.0,-0.161621,-1.95459,0.585937,-0.207574,0.345335,0.397296,warming_up,0.000000,0.000,non_chewing
1958052.0,-0.143066,-1.956543,0.590332,-0.14309,0.432735,0.35253,warming_up,0.000000,0.000,non_chewing
1958062.0,-0.155273,-1.953613,0.578125,-0.101522,0.497485,0.36532,warming_up,0.000000,0.000,non_chewing
1958072.0,-0.154297,-1.943848,0.603027,-0.082337,0.534257,0.391167,warming_up,0.000000,0.000,non_chewing
1958082.0,-0.163574,-1.955078,0.59375,-0.05276,0.555574,0.41275,warming_up,0.000000,0.000,non_chewing
1958092.0,-0.147461,-1.964844,0.584961,-0.00906,0.581688,0.367185,warming_up,0.000000,0.000,non_chewing
1958102.0,-0.155273,-1.97998,0.575684,0.009859,0.602738,0.354129,warming_up,0.000000,0.000,non_chewing
1958112.0,-0.137207,-1.973145,0.565918,0.02638,0.620591,0.375446,warming_up,0.000000,0.000,non_chewing
1958122.0,-0.118164,-1.98877,0.56543,0.074343,0.663758,0.427939,warming_up,0.000000,0.000,non_chewing
1958132.0,-0.104004,-2.006836,0.562988,0.149485,0.702662,0.53932,warming_up,0.000000,0.000,non_chewing
1958142.0,-0.109375,-2.018066,0.561035,0.220098,0.770077,0.571828,warming_up,0.000000,0.000,non_chewing
1958152.0,-0.131836,-1.986816,0.574707,0.299237,0.837492,0.595011,warming_up,0.000000,0.000,non_chewing
1958162.0,-0.177246,-1.986816,0.56543,0.350665,0.875063,0.6094,warming_up,0.000000,0.000,non_chewing
1958172.0,-0.193848,-1.964844,0.583008,0.396496,0.851614,0.700263,warming_up,0.000000,0.000,non_chewing
1958182.0,-0.191895,-1.958008,0.581543,0.433801,0.867335,0.740766,warming_up,0.000000,0.000,non_chewing
1958192.0,-0.187988,-1.967285,0.592285,0.463378,0.880659,0.732772,warming_up,0.000000,0.000,non_chewing
1958202.0,-0.188965,-1.96582,0.59082,0.474303,0.879859,0.625121,warming_up,0.000000,0.000,non_chewing
1958212.0,-0.168945,-1.953125,0.595215,0.455917,0.900377,0.560903,warming_up,0.000000,0.000,non_chewing
1958222.0,-0.205566,-1.939453,0.611816,0.463112,0.871599,0.493222,warming_up,0.000000,0.000,non_chewing
1958232.0,-0.205078,-1.941895,0.60791,0.43993,0.832962,0.494554,warming_up,0.000000,0.000,non_chewing
1958242.0,-0.229004,-1.916992,0.607422,0.412484,0.74423,0.520934,warming_up,0.000000,0.000,non_chewing
1958252.0,-0.245117,-1.901367,0.62793,0.445792,0.638977,0.689072,warming_up,0.000000,0.000,non_chewing
1958262.0,-0.249023,-1.90918,0.616211,0.401293,0.576092,0.673351,warming_up,0.000000,0.000,non_chewing
1958272.0,-0.265625,-1.90625,0.621094,0.363721,0.496153,0.740766,warming_up,0.000000,0.000,non_chewing
1958282.0,-0.285156,-1.905762,0.637695,0.345602,0.422609,0.735436,warming_up,0.000000,0.000,non_chewing
1958292.0,-0.286621,-1.908691,0.632812,0.324818,0.414083,0.69147,warming_up,0.000000,0.000,non_chewing
1958302.0,-0.28418,-1.896973,0.64502,0.429271,0.382107,0.849749,warming_up,0.000000,0.000,non_chewing
1958312.0,-0.292969,-1.920898,0.666016,0.381308,0.394897,0.772475,warming_up,0.000000,0.000,non_chewing
1958322.0,-0.302734,-1.89502,0.652832,0.360257,0.455917,0.710922,warming_up,0.000000,0.000,non_chewing
1958332.0,-0.335449,-1.86084,0.663086,0.279519,0.457516,0.727975,warming_up,0.000000,0.000,non_chewing
1958342.0,-0.355469,-1.875488,0.67334,0.227026,0.497752,0.722913,warming_up,0.000000,0.000,non_chewing
1958352.0,-0.371094,-1.878418,0.652832,0.171335,0.507078,0.641908,warming_up,0.000000,0.000,non_chewing
1958362.0,-0.373535,-1.883301,0.648926,0.158812,0.545982,0.554775,warming_up,0.000000,0.000,non_chewing
1958372.0,-0.362305,-1.901367,0.639648,0.168937,0.518003,0.568364,warming_up,0.000000,0.000,non_chewing
1958382.0,-0.342773,-1.925781,0.635742,0.041835,0.599807,0.292043,warming_up,0.000000,0.000,non_chewing
1958392.0,-0.355469,-1.914063,0.638184,0.047164,0.641908,0.213703,warming_up,0.000000,0.000,non_chewing
1958402.0,-0.358887,-1.904297,0.646973,0.037038,0.620858,0.091397,warming_up,0.000000,0.000,non_chewing
1958412.0,-0.381836,-1.899414,0.652832,0.019718,0.566233,-0.002931,warming_up,0.000000,0.000,non_chewing
1958422.0,-0.383301,-1.871582,0.662109,0.017587,0.542784,-0.07381,warming_up,0.000000,0.000,non_chewing
1958432.0,-0.369141,-1.881836,0.641113,-0.04823,0.577957,-0.102588,warming_up,0.000000,0.000,non_chewing
1958442.0,-0.388672,-1.883301,0.655273,-0.059954,0.600606,-0.099391,warming_up,0.000000,0.000,non_chewing
1958452.0,-0.381836,-1.87207,0.650391,-0.032775,0.612864,-0.140959,warming_up,0.000000,0.000,non_chewing
1958462.0,-0.39209,-1.887207,0.641602,-0.053026,0.596876,-0.173734,warming_up,0.000000,0.000,non_chewing
1958472.0,-0.379883,-1.902832,0.637695,-0.027179,0.600873,-0.162276,warming_up,0.000000,0.000,non_chewing
1958482.0,-0.38623,-1.910156,0.631836,-0.046897,0.551311,-0.102055,warming_up,0.000000,0.000,non_chewing
1958492.0,-0.382324,-1.908203,0.627441,-0.044499,0.547314,-0.116444,warming_up,0.000000,0.000,non_chewing
1958502.0,-0.366211,-1.90332,0.632812,-0.059155,0.530793,-0.091397,warming_up,0.000000,0.000,non_chewing
1958512.0,-0.354004,-1.899902,0.63916,-0.011724,0.532392,-0.123372,warming_up,0.000000,0.000,non_chewing
1958522.0,-0.374023,-1.901367,0.631836,-0.047963,0.497752,-0.14309,warming_up,0.000000,0.000,non_chewing
1958532.0,-0.38623,-1.893066,0.641113,-0.106585,0.453253,-0.120974,warming_up,0.000000,0.000,non_chewing
1958542.0,-0.384277,-1.876953,0.648926,-0.128968,0.407155,-0.044233,warming_up,0.000000,0.000,non_chewing
1958552.0,-0.392578,-1.883301,0.63916,-0.150551,0.369583,0.035972,warming_up,0.000000,0.000,non_chewing
1958562.0,-0.385742,-1.893066,0.642578,-0.153482,0.373314,0.058622,warming_up,0.000000,0.000,non_chewing
1958572.0,-0.375488,-1.903809,0.628906,-0.118842,0.408221,0.06555,warming_up,0.000000,0.000,non_chewing
1958582.0,-0.38916,-1.919434,0.62793,-0.088199,0.451654,0.029311,warming_up,0.000000,0.000,non_chewing
1958592.0,-0.387207,-1.90918,0.635742,-0.068747,0.502015,-0.0429,warming_up,0.000000,0.000,non_chewing
1958602.0,-0.392578,-1.89209,0.619629,-0.031975,0.553975,-0.175066,warming_up,0.000000,0.000,non_chewing
1958612.0,-0.397461,-1.875488,0.633301,-0.06475,0.524132,-0.24328,warming_up,0.000000,0.000,non_chewing
1958622.0,-0.410645,-1.890625,0.637695,-0.081271,0.481231,-0.295773,warming_up,0.000000,0.000,non_chewing
1958632.0,-0.402832,-1.896973,0.613281,-0.118576,0.423142,-0.293908,warming_up,0.000000,0.000,non_chewing
1958642.0,-0.374023,-1.904785,0.625,-0.153749,0.354662,-0.244879,warming_up,0.000000,0.000,non_chewing
1958652.0,-0.379395,-1.906738,0.608887,-0.171335,0.268061,-0.116711,warming_up,0.000000,0.000,non_chewing
1958662.0,-0.367188,-1.924316,0.615723,-0.168404,0.204643,-0.085801,warming_up,0.000000,0.000,non_chewing
1958672.0,-0.363281,-1.939941,0.605957,-0.135629,0.173201,-0.076208,warming_up,0.000000,0.000,non_chewing
1958682.0,-0.374023,-1.931152,0.621094,-0.111115,0.167871,-0.098591,warming_up,0.000000,0.000,non_chewing
1958692.0,-0.371094,-1.901367,0.62207,-0.07381,0.187057,-0.10472,warming_up,0.000000,0.000,non_chewing
1958702.0,-0.382813,-1.905762,0.619629,-0.044233,0.214769,-0.094594,warming_up,0.000000,0.000,non_chewing
1958712.0,-0.378906,-1.90332,0.611816,-0.00906,0.212904,-0.118043,warming_up,0.000000,0.000,non_chewing
1958722.0,-0.374512,-1.913086,0.611816,0.022916,0.206242,-0.07834,warming_up,0.000000,0.000,non_chewing
1958732.0,-0.378906,-1.902344,0.610352,0.031176,0.216101,-0.059155,warming_up,0.000000,0.000,non_chewing
1958742.0,-0.356934,-1.896484,0.604004,-0.010925,0.158545,-0.041035,warming_up,0.000000,0.000,non_chewing
1958752.0,-0.361328,-1.900879,0.592285,-0.039703,0.108184,0.005329,warming_up,0.000000,0.000,non_chewing
1958762.0,-0.359375,-1.907227,0.597656,-0.078873,0.031709,0.062619,warming_up,0.000000,0.000,non_chewing
1958772.0,-0.367188,-1.891602,0.601562,-0.120974,-0.078873,0.206508,warming_up,0.000000,0.000,non_chewing
1958782.0,-0.353027,-1.88916,0.585449,-0.173734,-0.149485,0.259002,warming_up,0.000000,0.000,non_chewing
1958792.0,-0.323242,-1.891113,0.580078,-0.199847,-0.197449,0.205176,warming_up,0.000000,0.000,non_chewing
1958802.0,-0.323242,-1.916016,0.572266,-0.166273,-0.246478,0.120974,warming_up,0.000000,0.000,non_chewing
1958812.0,-0.342773,-1.966797,0.574219,-0.102855,-0.239283,-0.013323,warming_up,0.000000,0.000,non_chewing
1958822.0,-0.375488,-1.960938,0.592773,-0.00453,-0.209173,-0.141758,warming_up,0.000000,0.000,non_chewing
1958832.0,-0.380859,-1.939941,0.587402,0.014123,-0.215835,-0.054891,warming_up,0.000000,0.000,non_chewing
1958842.0,-0.407227,-1.944336,0.602051,0.010126,-0.233954,0.006395,warming_up,0.000000,0.000,non_chewing
1958852.0,-0.447266,-1.911621,0.620117,0.057556,-0.257936,0.097792,warming_up,0.000000,0.000,non_chewing
1958862.0,-0.450684,-1.910156,0.62793,0.03464,-0.211838,0.129767,warming_up,0.000000,0.000,non_chewing
1958872.0,-0.452637,-1.879395,0.638672,0.048763,-0.077274,0.062086,warming_up,0.000000,0.000,non_chewing
1958882.0,-0.446777,-1.910156,0.626953,0.102322,0.01279,0.031443,warming_up,0.000000,0.000,non_chewing
1958892.0,-0.420898,-1.910156,0.617187,0.156413,0.106585,-0.183326,warming_up,0.000000,0.000,non_chewing
1958902.0,-0.400879,-1.910156,0.621094,0.195317,0.167072,-0.290444,warming_up,0.000000,0.000,non_chewing
1958912.0,-0.39502,-1.902832,0.616699,0.160677,0.216368,-0.463112,warming_up,0.000000,0.000,non_chewing
1958922.0,-0.376465,-1.915039,0.613281,0.151084,0.211305,-0.520401,warming_up,0.000000,0.000,non_chewing
1958932.0,-0.342773,-1.919434,0.607422,0.125237,0.156946,-0.510276,warming_up,0.000000,0.000,non_chewing
1958942.0,-0.343262,-1.943848,0.620117,0.102855,0.101256,-0.431136,warming_up,0.000000,0.000,non_chewing
1958952.0,-0.323242,-1.943359,0.620605,0.075942,0.017853,-0.381574,warming_up,0.000000,0.000,non_chewing
1958962.0,-0.354492,-1.92334,0.620605,0.071145,-0.065017,-0.262732,warming_up,0.000000,0.000,non_chewing
1958972.0,-0.356445,-1.89502,0.612793,0.083936,-0.16041,-0.174799,warming_up,0.000000,0.000,non_chewing
1958982.0,-0.337891,-1.907715,0.620117,0.073544,-0.141758,-0.22676,warming_up,0.000000,0.000,non_chewing
1958992.0,-0.344727,-1.916504,0.617187,0.0866,-0.118842,-0.27419,warming_up,0.000000,0.000,non_chewing
1959002.0,-0.352051,-1.911621,0.629395,0.135096,-0.098591,-0.340539,warming_up,0.000000,0.000,non_chewing
1959012.0,-0.348145,-1.909668,0.634766,0.134297,-0.06475,-0.380508,warming_up,0.000000,0.000,non_chewing
1959022.0,-0.355957,-1.900391,0.611328,0.136695,-0.067415,-0.338407,warming_up,0.000000,0.000,non_chewing
1959032.0,-0.381348,-1.901367,0.628906,0.152683,-0.101256,-0.290711,warming_up,0.000000,0.000,non_chewing
1959042.0,-0.36084,-1.907227,0.636719,0.152417,-0.088199,-0.301103,warming_up,0.000000,0.000,non_chewing
1959052.0,-0.359375,-1.890625,0.645508,0.141758,-0.122839,-0.232622,warming_up,0.000000,0.000,non_chewing
1959062.0,-0.348145,-1.895508,0.651367,0.167072,-0.132432,-0.244346,warming_up,0.000000,0.000,non_chewing
1959072.0,-0.322266,-1.898926,0.661133,0.147087,-0.11298,-0.220631,warming_up,0.000000,0.000,non_chewing
1959082.0,-0.322266,-1.890137,0.650879,0.149219,-0.100989,-0.240616,warming_up,0.000000,0.000,non_chewing
1959092.0,-0.30127,-1.895508,0.666016,0.145755,-0.046897,-0.229957,warming_up,0.000000,0.000,non_chewing
1959102.0,-0.29541,-1.905762,0.665527,0.109783,0.016787,-0.280319,warming_up,0.000000,0.000,non_chewing
1959112.0,-0.29248,-1.895508,0.672852,0.107917,0.065017,-0.314159,warming_up,0.000000,0.000,non_chewing
1959122.0,-0.286133,-1.890625,0.667969,0.068481,0.087933,-0.367185,warming_up,0.000000,0.000,non_chewing
1959132.0,-0.277832,-1.882813,0.680664,0.063685,0.080738,-0.397828,warming_up,0.000000,0.000,non_chewing
1959142.0,-0.274414,-1.883301,0.673828,0.048763,0.071678,-0.434067,warming_up,0.000000,0.000,non_chewing
1959152.0,-0.262207,-1.882813,0.683594,0.025314,0.040236,-0.442328,warming_up,0.000000,0.000,non_chewing
1959162.0,-0.242187,-1.90625,0.668457,0.026113,0.003997,-0.45645,warming_up,0.000000,0.000,non_chewing
1959172.0,-0.234375,-1.916504,0.672363,0.019452,0.005862,-0.467908,warming_up,0.000000,0.000,non_chewing
1959182.0,-0.238281,-1.920898,0.665039,0.007461,-0.000799,-0.449522,warming_up,0.000000,0.000,non_chewing
1959192.0,-0.228027,-1.918945,0.651855,-0.00906,-0.026113,-0.39996,warming_up,0.000000,0.000,non_chewing
1959202.0,-0.230469,-1.920898,0.659668,0.0,-0.054625,-0.351198,warming_up,0.000000,0.000,non_chewing
1959212.0,-0.236816,-1.90332,0.664062,0.010925,-0.093528,-0.346401,warming_up,0.000000,0.000,non_chewing
1959222.0,-0.262207,-1.910645,0.668945,0.02185,-0.141225,-0.341072,warming_up,0.000000,0.000,non_chewing
1959232.0,-0.243652,-1.891113,0.67334,0.008793,-0.145222,-0.311495,warming_up,0.000000,0.000,non_chewing
1959242.0,-0.257324,-1.901855,0.671875,-0.007461,-0.108983,-0.300303,warming_up,0.000000,0.000,non_chewing
1959252.0,-0.24707,-1.903809,0.662109,-0.023715,-0.072478,-0.266462,warming_up,0.000000,0.000,non_chewing
1959262.0,-0.254883,-1.920898,0.647461,-0.039703,-0.055691,-0.270459,warming_up,0.000000,0.000,non_chewing
1959272.0,-0.257324,-1.924805,0.641113,-0.045832,-0.019452,-0.297372,warming_up,0.000000,0.000,non_chewing
1959282.0,-0.257813,-1.94873,0.645508,-0.037305,-0.01359,-0.350398,warming_up,0.000000,0.000,non_chewing
1959292.0,-0.263672,-1.902832,0.655273,-0.005329,0.002931,-0.284848,warming_up,0.000000,0.000,non_chewing
1959302.0,-0.271973,-1.926758,0.644043,0.045832,0.014123,-0.206508,warming_up,0.000000,0.000,non_chewing
1959312.0,-0.263184,-1.924805,0.646484,0.063951,0.032242,-0.207574,warming_up,0.000000,0.000,non_chewing
1959322.0,-0.25293,-1.919434,0.658203,0.086334,0.050894,-0.159078,warming_up,0.000000,0.000,non_chewing
1959332.0,-0.243164,-1.923828,0.658691,0.088998,0.077807,-0.167605,warming_up,0.000000,0.000,non_chewing
1959342.0,-0.25293,-1.916992,0.659668,0.071412,0.093262,-0.175865,warming_up,0.000000,0.000,non_chewing
1959352.0,-0.243652,-1.919922,0.656738,0.054891,0.080205,-0.203577,warming_up,0.000000,0.000,non_chewing
1959362.0,-0.24707,-1.92334,0.655762,0.064484,0.067948,-0.204643,warming_up,0.000000,0.000,non_chewing
1959372.0,-0.219238,-1.934082,0.652832,0.057023,0.071945,-0.227026,non_chewing,0.450000,0.000,non_chewing
1959382.0,-0.219727,-1.92627,0.666016,0.047164,0.051161,-0.253139,non_chewing,0.450000,0.000,non_chewing
1959392.0,-0.222656,-1.919922,0.651367,0.043167,0.067149,-0.249942,non_chewing,0.450000,0.000,non_chewing
1959402.0,-0.218262,-1.923828,0.668945,0.033841,0.062885,-0.269926,non_chewing,0.450000,0.000,non_chewing
1959412.0,-0.217285,-1.92334,0.659668,0.034374,0.053292,-0.307764,non_chewing,0.450000,0.000,non_chewing
1959422.0,-0.211914,-1.929199,0.664551,0.045032,0.029044,-0.294175,non_chewing,0.450000,0.000,non_chewing
1959432.0,-0.200195,-1.91748,0.671387,0.026913,0.016254,-0.283516,non_chewing,0.450000,0.000,non_chewing
1959442.0,-0.196289,-1.917969,0.667969,0.018386,0.022116,-0.244346,non_chewing,0.450000,0.000,non_chewing
1959452.0,-0.192383,-1.925781,0.664062,0.013856,0.0,-0.242481,non_chewing,0.450000,0.000,non_chewing
1959462.0,-0.1875,-1.916992,0.675293,0.016254,-0.014655,-0.231023,non_chewing,0.450000,0.000,non_chewing
1959472.0,-0.189453,-1.911621,0.662109,0.023449,-0.033308,-0.215568,non_chewing,0.450000,0.000,non_chewing
1959482.0,-0.188477,-1.922852,0.667969,0.012524,-0.057289,-0.2177,non_chewing,0.450000,0.000,non_chewing
1959492.0,-0.191406,-1.919922,0.675293,0.003997,-0.059954,-0.245145,non_chewing,0.450000,0.000,non_chewing
1959502.0,-0.170898,-1.925781,0.658203,0.011724,-0.032775,-0.281118,non_chewing,0.450000,0.000,non_chewing
1959512.0,-0.183594,-1.915527,0.682617,0.006662,-0.023449,-0.310695,non_chewing,0.450000,0.000,non_chewing
1959522.0,-0.186523,-1.906738,0.679199,-0.006129,-0.012524,-0.301636,non_chewing,0.450000,0.000,non_chewing
1959532.0,-0.190918,-1.930176,0.674805,-0.002665,0.001599,-0.281118,non_chewing,0.450000,0.000,non_chewing
1959542.0,-0.18457,-1.90918,0.663086,0.011458,-0.015188,-0.253406,non_chewing,0.450000,0.000,non_chewing
1959552.0,-0.1875,-1.904785,0.679687,0.033308,-0.053825,-0.162542,non_chewing,0.450000,0.000,non_chewing
1959562.0,-0.194824,-1.90625,0.678711,0.036239,-0.059954,-0.149485,non_chewing,0.450000,0.000,non_chewing
1959572.0,-0.173828,-1.910645,0.670898,0.028778,-0.062619,-0.129234,non_chewing,0.450000,0.000,non_chewing
1959582.0,-0.177734,-1.919434,0.675293,0.027712,-0.057023,-0.095394,non_chewing,0.450000,0.000,non_chewing
1959592.0,-0.185547,-1.92334,0.67334,0.033041,-0.033308,-0.11298,non_chewing,0.450000,0.000,non_chewing
1959602.0,-0.188965,-1.916016,0.686523,0.029311,-0.012257,-0.115112,non_chewing,0.450000,0.000,non_chewing
1959612.0,-0.190918,-1.90918,0.692383,0.004796,-0.008793,-0.124438,non_chewing,0.450000,0.000,non_chewing
1959622.0,-0.188477,-1.910645,0.677246,0.006129,-0.008527,-0.121773,non_chewing,0.450000,0.000,non_chewing
1959632.0,-0.180664,-1.905762,0.68457,-0.007727,0.017054,-0.138827,non_chewing,0.450000,0.000,non_chewing
1959642.0,-0.17041,-1.940918,0.667969,-0.077807,0.031176,-0.243547,non_chewing,0.450000,0.000,non_chewing
1959652.0,-0.172852,-1.887695,0.6875,-0.034374,0.044233,-0.183593,non_chewing,0.450000,0.000,non_chewing
1959662.0,-0.163086,-1.896973,0.685547,-0.148953,0.0437,-0.267795,non_chewing,0.450000,0.000,non_chewing
1959672.0,-0.146484,-1.911133,0.681152,-0.220098,0.069014,-0.348799,non_chewing,0.450000,0.000,non_chewing
1959682.0,-0.149902,-1.92041,0.675293,-0.234753,0.058355,-0.350931,non_chewing,0.450000,0.000,non_chewing
1959692.0,-0.166992,-1.922852,0.682617,-0.153216,0.057822,-0.2606,non_chewing,0.450000,0.000,non_chewing
1959702.0,-0.147461,-1.944336,0.674316,-0.106052,0.04823,-0.208374,non_chewing,0.450000,0.000,non_chewing
1959712.0,-0.15918,-1.915039,0.672363,-0.0437,0.071678,-0.134031,non_chewing,0.450000,0.000,non_chewing
1959722.0,-0.160156,-1.927734,0.673828,0.010658,0.035173,-0.129767,non_chewing,0.450000,0.000,non_chewing
1959732.0,-0.140137,-1.919922,0.663086,-0.003997,0.015455,-0.106851,non_chewing,0.450000,0.000,non_chewing
1959742.0,-0.141602,-1.910156,0.67041,-0.020784,0.033574,-0.10472,non_chewing,0.450000,0.000,non_chewing
1959752.0,-0.150879,-1.917969,0.682617,-0.031975,0.023715,-0.110049,non_chewing,0.450000,0.000,non_chewing
1959762.0,-0.148926,-1.906738,0.689453,-0.03917,0.002931,-0.086334,non_chewing,0.450000,0.000,non_chewing
1959772.0,-0.14209,-1.909668,0.668457,-0.054891,0.0,-0.105253,non_chewing,0.450000,0.000,non_chewing
1959782.0,-0.14209,-1.914551,0.678223,-0.077807,0.0,-0.126303,non_chewing,0.450000,0.000,non_chewing
1959792.0,-0.14209,-1.922363,0.672363,-0.095127,0.022649,-0.152417,non_chewing,0.450000,0.000,non_chewing
1959802.0,-0.13916,-1.925293,0.681152,-0.079672,0.023982,-0.11298,non_chewing,0.450000,0.000,non_chewing
1959812.0,-0.147949,-1.93457,0.663086,-0.081804,0.027979,-0.114845,non_chewing,0.450000,0.000,non_chewing
1959822.0,-0.146484,-1.922363,0.671387,-0.073544,0.03917,-0.05649,non_chewing,0.450000,0.000,non_chewing
1959832.0,-0.135742,-1.925293,0.65332,-0.051427,0.038904,-0.055424,non_chewing,0.450000,0.000,non_chewing
1959842.0,-0.14502,-1.93457,0.654785,-0.035706,0.052493,-0.026913,non_chewing,0.450000,0.000,non_chewing
1959852.0,-0.133301,-1.921387,0.660156,-0.028778,0.046631,-0.010392,non_chewing,0.450000,0.000,non_chewing
1959862.0,-0.133301,-1.930664,0.660645,-0.027979,0.052493,-0.040236,non_chewing,0.450000,0.000,non_chewing
1959872.0,-0.140625,-1.916016,0.661621,-0.011458,0.059155,-0.049562,non_chewing,0.450000,0.000,non_chewing
1959882.0,-0.13916,-1.91748,0.674316,-0.00453,0.03091,-0.019452,non_chewing,0.450000,0.000,non_chewing
1959892.0,-0.141602,-1.926758,0.665527,0.00373,0.023982,-0.022116,non_chewing,0.450000,0.000,non_chewing
1959902.0,-0.148926,-1.92041,0.669922,0.009326,0.021583,-0.005329,non_chewing,0.450000,0.000,non_chewing
1959912.0,-0.138672,-1.927246,0.675781,0.013057,0.009859,0.002398,non_chewing,0.450000,0.000,non_chewing
1959922.0,-0.141602,-1.91748,0.672852,-0.003464,0.005596,0.017587,non_chewing,0.450000,0.000,non_chewing
1959932.0,-0.125488,-1.931641,0.674316,-0.000533,0.032242,-0.027446,non_chewing,0.450000,0.000,non_chewing
1959942.0,-0.128906,-1.92334,0.679199,-0.014655,0.026913,-0.069014,non_chewing,0.450000,0.000,non_chewing
1959952.0,-0.130859,-1.919434,0.675293,-0.005862,0.039969,-0.10925,non_chewing,0.450000,0.000,non_chewing
1959962.0,-0.117676,-1.915039,0.679199,-0.009326,0.036772,-0.108717,non_chewing,0.450000,0.000,non_chewing
1959972.0,-0.13916,-1.922852,0.68457,-0.00906,0.023449,-0.088998,non_chewing,0.450000,0.000,non_chewing
1959982.0,-0.126953,-1.91748,0.670898,-0.018652,0.033041,-0.083669,non_chewing,0.450000,0.000,non_chewing
1959992.0,-0.123535,-1.92334,0.675293,-0.024515,0.027179,-0.050628,non_chewing,0.450000,0.000,non_chewing
1960002.0,-0.140137,-1.912598,0.66748,-0.019985,0.003464,-0.015721,non_chewing,0.450000,0.000,non_chewing
1960012.0,-0.148926,-1.920898,0.675293,-0.005063,-0.034374,-0.027446,non_chewing,0.450000,0.000,non_chewing
1960022.0,-0.137207,-1.925293,0.677734,0.019985,-0.091663,-0.030643,non_chewing,0.450000,0.000,non_chewing
1960032.0,-0.11377,-1.921875,0.687988,0.014655,-0.066882,-0.053292,non_chewing,0.450000,0.000,non_chewing
1960042.0,-0.12207,-1.934082,0.685547,0.007194,-0.03091,-0.061819,non_chewing,0.450000,0.000,non_chewing
1960052.0,-0.123047,-1.918945,0.682129,-0.013856,-0.022916,-0.09193,non_chewing,0.450000,0.000,non_chewing
1960062.0,-0.132812,-1.928711,0.666504,-0.019185,0.003198,-0.065816,non_chewing,0.450000,0.000,non_chewing
1960072.0,-0.135742,-1.935547,0.67334,-0.002398,-0.009326,-0.092196,non_chewing,0.450000,0.000,non_chewing
1960082.0,-0.133301,-1.93457,0.673828,0.001066,0.003464,-0.092729,non_chewing,0.450000,0.000,non_chewing
1960092.0,-0.133789,-1.922363,0.67334,-0.003997,-0.001865,-0.054092,non_chewing,0.450000,0.000,non_chewing
1960102.0,-0.124023,-1.938477,0.669434,0.015455,0.00906,-0.030377,non_chewing,0.450000,0.000,non_chewing
1960112.0,-0.121582,-1.917969,0.666992,0.003198,0.023182,-0.012524,non_chewing,0.450000,0.000,non_chewing
1960122.0,-0.130859,-1.927246,0.665527,0.008527,0.034374,0.018119,non_chewing,0.450000,0.000,non_chewing
1960132.0,-0.130859,-1.923828,0.684082,-0.014922,0.059954,0.023449,non_chewing,0.450000,0.000,non_chewing
1960142.0,-0.127441,-1.913086,0.672852,-0.00906,0.078606,-0.014123,non_chewing,0.450000,0.000,non_chewing
1960152.0,-0.135742,-1.911133,0.672852,-0.002931,0.079672,0.014123,non_chewing,0.450000,0.000,non_chewing
1960162.0,-0.141602,-1.933594,0.673828,0.005596,0.074876,0.026646,non_chewing,0.450000,0.000,non_chewing
1960172.0,-0.137207,-1.923828,0.672852,-0.002398,0.072744,0.045032,non_chewing,0.450000,0.000,non_chewing
1960182.0,-0.121582,-1.916992,0.67627,-0.012524,0.061286,0.069547,non_chewing,0.450000,0.000,non_chewing
1960192.0,-0.129883,-1.92334,0.674805,-0.022383,0.099657,0.045565,non_chewing,0.450000,0.000,non_chewing
1960202.0,-0.126465,-1.930664,0.661621,0.000799,0.121507,0.049562,non_chewing,0.450000,0.000,non_chewing
1960212.0,-0.118652,-1.952637,0.669922,0.007194,0.127369,-0.014922,non_chewing,0.450000,0.000,non_chewing
1960222.0,-0.125977,-1.940918,0.660156,-0.005596,0.137761,-0.03464,non_chewing,0.450000,0.000,non_chewing
1960232.0,-0.134766,-1.92041,0.670898,0.022116,0.105253,0.017587,non_chewing,0.450000,0.000,non_chewing
1960242.0,-0.134766,-1.931152,0.675781,0.019718,0.088199,0.073277,non_chewing,0.450000,0.000,non_chewing
1960252.0,-0.123535,-1.924316,0.677246,0.050095,0.077541,0.099923,non_chewing,0.450000,0.000,non_chewing
1960262.0,-0.132812,-1.916992,0.669922,0.032242,0.067149,0.106052,non_chewing,0.450000,0.000,non_chewing
1960272.0,-0.138672,-1.929199,0.676758,0.015721,0.052227,0.114845,non_chewing,0.450000,0.000,non_chewing
1960282.0,-0.132324,-1.900391,0.680176,0.003464,0.079672,0.101522,non_chewing,0.450000,0.000,non_chewing
1960292.0,-0.158203,-1.898438,0.691406,-0.023982,0.069014,0.086067,non_chewing,0.450000,0.000,non_chewing
1960302.0,-0.152832,-1.909668,0.679199,-0.039703,0.109783,0.035972,non_chewing,0.450000,0.000,non_chewing
1960312.0,-0.151855,-1.914551,0.679687,-0.051427,0.136695,0.018652,non_chewing,0.450000,0.000,non_chewing
1960322.0,-0.151855,-1.917969,0.69873,-0.044233,0.16121,0.006662,non_chewing,0.450000,0.000,non_chewing
1960332.0,-0.146973,-1.911133,0.689941,-0.08207,0.182793,-0.022116,non_chewing,0.450000,0.000,non_chewing
1960342.0,-0.149414,-1.920898,0.689941,-0.099923,0.182793,-0.005862,non_chewing,0.450000,0.000,non_chewing
1960352.0,-0.148437,-1.915527,0.666992,-0.100989,0.165473,0.004263,non_chewing,0.450000,0.000,non_chewing
1960362.0,-0.13623,-1.914551,0.678223,-0.122839,0.149485,-0.005862,non_chewing,0.450000,0.000,non_chewing
1960372.0,-0.139648,-1.924316,0.676758,-0.154282,0.142025,0.014655,non_chewing,0.450000,0.000,non_chewing
1960382.0,-0.147949,-1.915039,0.67041,-0.169204,0.129767,0.057023,non_chewing,0.450000,0.000,non_chewing
1960392.0,-0.138672,-1.919434,0.675293,-0.194518,0.120708,0.046364,non_chewing,0.450000,0.000,non_chewing
1960402.0,-0.152344,-1.928711,0.675293,-0.27792,0.19958,-0.112181,non_chewing,0.450000,0.000,non_chewing
1960412.0,-0.154297,-1.908691,0.680176,-0.306698,0.235819,-0.143623,non_chewing,0.450000,0.000,non_chewing
1960422.0,-0.163574,-1.928223,0.663574,-0.131632,0.170003,0.045832,non_chewing,0.450000,0.000,non_chewing
1960432.0,-0.175781,-1.939453,0.665527,-0.116444,0.114312,0.036239,non_chewing,0.450000,0.000,non_chewing
1960442.0,-0.155762,-1.930176,0.652344,-0.124971,0.130034,0.023449,non_chewing,0.450000,0.000,non_chewing
1960452.0,-0.15918,-1.92627,0.660645,-0.107384,0.114579,0.0437,non_chewing,0.450000,0.000,non_chewing
1960462.0,-0.168945,-1.934082,0.662598,-0.11298,0.111914,0.02558,non_chewing,0.450000,0.000,non_chewing
1960472.0,-0.149902,-1.932129,0.647949,-0.092995,0.094861,0.03917,non_chewing,0.450000,0.000,non_chewing
1960482.0,-0.151855,-1.933594,0.654297,-0.108717,0.105786,0.084469,non_chewing,0.450000,0.000,non_chewing
1960492.0,-0.177246,-1.912598,0.658691,-0.057822,0.118043,-0.049296,non_chewing,0.450000,0.000,non_chewing
1960502.0,-0.146973,-1.939453,0.652832,-0.059421,0.094328,-0.058888,non_chewing,0.450000,0.000,non_chewing
1960512.0,-0.152832,-1.941406,0.653809,-0.047963,0.075409,-0.039436,non_chewing,0.450000,0.000,non_chewing
1960522.0,-0.151367,-1.939453,0.653809,-0.033574,0.054625,-0.029577,non_chewing,0.450000,0.000,non_chewing
1960532.0,-0.143555,-1.946777,0.652832,-0.025047,0.054092,-0.036239,non_chewing,0.450000,0.000,non_chewing
1960542.0,-0.151855,-1.936035,0.648437,-0.011724,0.074077,-0.030643,non_chewing,0.450000,0.000,non_chewing
1960552.0,-0.159668,-1.927734,0.650879,0.006928,0.077541,-0.020251,non_chewing,0.450000,0.000,non_chewing
1960562.0,-0.166016,-1.925781,0.650879,0.001599,0.070346,0.019452,non_chewing,0.450000,0.000,non_chewing
1960572.0,-0.155273,-1.929688,0.654785,0.007461,0.082603,0.053292,non_chewing,0.450000,0.000,non_chewing
1960582.0,-0.160156,-1.92627,0.664551,-0.007994,0.087933,0.068481,non_chewing,0.450000,0.000,non_chewing
1960592.0,-0.145508,-1.931641,0.654297,-0.016254,0.100723,0.034374,non_chewing,0.450000,0.000,non_chewing
1960602.0,-0.148437,-1.924316,0.661621,-0.0429,0.10392,0.019185,non_chewing,0.450000,0.000,non_chewing
1960612.0,-0.132324,-1.940918,0.665039,-0.013323,0.086334,-0.013057,non_chewing,0.450000,0.000,non_chewing
1960622.0,-0.135742,-1.945801,0.664062,-0.014389,0.086067,-0.027979,non_chewing,0.450000,0.000,non_chewing
1960632.0,-0.139648,-1.928711,0.652832,-0.012257,0.044766,-0.03011,non_chewing,0.450000,0.000,non_chewing
1960642.0,-0.151855,-1.921387,0.662109,-0.003198,0.026913,0.029044,non_chewing,0.450000,0.000,non_chewing
1960652.0,-0.144043,-1.92627,0.669922,-0.00826,0.021051,0.0429,non_chewing,0.450000,0.000,non_chewing
1960662.0,-0.143555,-1.920898,0.669434,-0.029311,0.02185,0.023449,non_chewing,0.450000,0.000,non_chewing
1960672.0,-0.161621,-1.915527,0.668945,-0.05649,0.022383,0.015721,non_chewing,0.450000,0.000,non_chewing
1960682.0,-0.15918,-1.903809,0.665527,-0.046897,0.026646,0.001599,non_chewing,0.450000,0.000,non_chewing
1960692.0,-0.163086,-1.911133,0.660156,-0.06555,0.032242,0.01359,non_chewing,0.450000,0.000,non_chewing
1960702.0,-0.161621,-1.912598,0.666992,-0.050361,0.026646,0.026646,non_chewing,0.450000,0.000,non_chewing
1960712.0,-0.160156,-1.92041,0.674316,-0.047963,0.031443,0.017853,non_chewing,0.450000,0.000,non_chewing
1960722.0,-0.154785,-1.929688,0.656738,-0.058622,0.040236,-0.006395,non_chewing,0.450000,0.000,non_chewing
1960732.0,-0.150391,-1.931641,0.659668,-0.053292,0.037038,0.002398,non_chewing,0.450000,0.000,non_chewing
1960742.0,-0.159668,-1.914551,0.670898,-0.053292,0.028511,0.053292,non_chewing,0.450000,0.000,non_chewing
1960752.0,-0.17041,-1.908203,0.666016,-0.05649,0.008793,0.075409,non_chewing,0.450000,0.000,non_chewing
1960762.0,-0.154785,-1.92334,0.656738,-0.057023,-0.003464,0.091663,non_chewing,0.450000,0.000,non_chewing
1960772.0,-0.160156,-1.914063,0.67041,-0.03091,0.00826,0.13856,non_chewing,0.450000,0.000,non_chewing
1960782.0,-0.144531,-1.917969,0.648926,-0.004263,0.004263,0.18306,non_chewing,0.450000,0.000,non_chewing
1960792.0,-0.161621,-1.950195,0.668945,-0.026646,-0.006928,0.106319,non_chewing,0.450000,0.000,non_chewing
1960802.0,-0.15332,-1.918945,0.644043,-0.007461,-0.024515,0.098858,non_chewing,0.450000,0.000,non_chewing
1960812.0,-0.157715,-1.939453,0.660645,-0.029311,-0.016521,0.097792,non_chewing,0.450000,0.000,non_chewing
1960822.0,-0.150391,-1.939453,0.654785,-0.01359,-0.010658,0.044499,non_chewing,0.450000,0.000,non_chewing
1960832.0,-0.151367,-1.939453,0.648926,-0.009593,-0.011191,-0.022649,non_chewing,0.450000,0.000,non_chewing
1960842.0,-0.151367,-1.933594,0.653809,-0.022383,-0.007461,-0.062619,non_chewing,0.450000,0.000,non_chewing
1960852.0,-0.158203,-1.923828,0.653809,-0.018386,-0.005063,-0.10472,non_chewing,0.450000,0.000,non_chewing
1960862.0,-0.171387,-1.926758,0.671387,-0.021051,0.007461,-0.089798,non_chewing,0.450000,0.000,non_chewing
1960872.0,-0.166016,-1.903809,0.657715,-0.029311,0.022916,-0.061553,non_chewing,0.450000,0.000,non_chewing
1960882.0,-0.166992,-1.92334,0.655762,-0.03091,0.031975,0.010925,non_chewing,0.450000,0.000,non_chewing
1960892.0,-0.157715,-1.938965,0.65332,-0.042101,0.040236,0.008527,non_chewing,0.450000,0.000,non_chewing
1960902.0,-0.161133,-1.9375,0.644043,-0.04743,0.048763,0.010126,non_chewing,0.450000,0.000,non_chewing
1960912.0,-0.164551,-1.942871,0.650391,-0.020518,0.031975,0.017054,non_chewing,0.450000,0.000,non_chewing
1960922.0,-0.16748,-1.932129,0.652344,-0.026913,0.015455,0.001865,non_chewing,0.450000,0.000,non_chewing
1960932.0,-0.171387,-1.939453,0.654297,-0.016521,0.028511,-0.023182,non_chewing,0.450000,0.000,non_chewing
1960942.0,-0.166016,-1.919434,0.638672,-0.007994,0.032242,-0.023715,non_chewing,0.450000,0.000,non_chewing
1960952.0,-0.177734,-1.919922,0.655273,-0.002931,0.022649,0.010925,non_chewing,0.450000,0.000,non_chewing
1960962.0,-0.168457,-1.935059,0.647949,-0.020251,0.021051,0.001332,non_chewing,0.450000,0.000,non_chewing
1960972.0,-0.158203,-1.9375,0.651367,-0.01279,0.054358,-0.019985,non_chewing,0.450000,0.000,non_chewing
1960982.0,-0.160156,-1.925293,0.658691,-0.011724,0.063152,-0.024515,non_chewing,0.450000,0.000,non_chewing
1960992.0,-0.166992,-1.918457,0.645508,-0.031975,0.067681,-0.03544,non_chewing,0.450000,0.000,non_chewing
1961002.0,-0.157227,-1.927734,0.654785,-0.031176,0.062352,-0.025847,non_chewing,0.450000,0.000,non_chewing
1961012.0,-0.15332,-1.939453,0.65918,-0.044233,0.068747,-0.055424,non_chewing,0.450000,0.000,non_chewing
1961022.0,-0.158203,-1.935547,0.661133,-0.035706,0.058888,-0.042634,non_chewing,0.450000,0.000,non_chewing
1961032.0,-0.169434,-1.921387,0.660645,-0.027712,0.047963,-0.062086,non_chewing,0.450000,0.000,non_chewing
1961042.0,-0.160645,-1.919434,0.659668,-0.022383,0.049296,-0.055957,non_chewing,0.450000,0.000,non_chewing
1961052.0,-0.15918,-1.926758,0.653809,-0.037305,0.056224,-0.062086,non_chewing,0.450000,0.000,non_chewing
1961062.0,-0.162598,-1.925293,0.64502,-0.045832,0.075409,-0.062086,non_chewing,0.450000,0.000,non_chewing
1961072.0,-0.161621,-1.931152,0.655273,-0.043433,0.083403,-0.043167,non_chewing,0.450000,0.000,non_chewing
1961082.0,-0.161133,-1.933594,0.653809,-0.010392,0.083403,-0.021051,non_chewing,0.450000,0.000,non_chewing
1961092.0,-0.15918,-1.928711,0.640137,0.0,0.057289,-0.005862,non_chewing,0.450000,0.000,non_chewing
1961102.0,-0.158203,-1.934082,0.641113,-0.005596,0.042634,-0.006395,non_chewing,0.450000,0.000,non_chewing
1961112.0,-0.169434,-1.925781,0.654785,0.014123,0.038371,0.005596,non_chewing,0.450000,0.000,non_chewing
1961122.0,-0.161621,-1.916504,0.664062,-0.003464,0.054092,-0.001332,non_chewing,0.450000,0.000,non_chewing
1961132.0,-0.152832,-1.909668,0.651855,-0.015455,0.062352,0.007194,non_chewing,0.450000,0.000,non_chewing
1961142.0,-0.160645,-1.916016,0.674316,-0.01279,0.059688,0.024781,non_chewing,0.450000,0.000,non_chewing
1961152.0,-0.168945,-1.93457,0.647461,-0.041568,0.053559,0.039703,non_chewing,0.450000,0.000,non_chewing
1961162.0,-0.152832,-1.943359,0.652832,-0.040236,0.057822,-0.00826,non_chewing,0.450000,0.000,non_chewing
1961172.0,-0.148437,-1.935059,0.658203,-0.039436,0.07381,-0.078074,non_chewing,0.450000,0.000,non_chewing
1961182.0,-0.161133,-1.91748,0.664062,-0.041568,0.069813,-0.082603,non_chewing,0.450000,0.000,non_chewing
1961192.0,-0.162109,-1.925781,0.648926,-0.036772,0.062352,-0.050095,non_chewing,0.450000,0.000,non_chewing
1961202.0,-0.149902,-1.90625,0.667969,-0.049828,0.068747,-0.049029,non_chewing,0.450000,0.000,non_chewing
1961212.0,-0.161133,-1.916992,0.668457,-0.023982,0.074609,-0.028778,non_chewing,0.450000,0.000,non_chewing
1961222.0,-0.166992,-1.921875,0.653809,-0.022916,0.045299,-0.024248,non_chewing,0.450000,0.000,non_chewing
1961232.0,-0.160156,-1.924316,0.667969,-0.019185,0.047164,0.00373,non_chewing,0.450000,0.000,non_chewing
1961242.0,-0.161621,-1.921875,0.657715,-0.013057,0.039969,0.00453,non_chewing,0.450000,0.000,non_chewing
1961252.0,-0.169434,-1.924805,0.649902,-0.031975,0.042101,-0.007727,non_chewing,0.450000,0.000,non_chewing
1961262.0,-0.160645,-1.933105,0.666992,-0.035173,0.050628,-0.029311,non_chewing,0.450000,0.000,non_chewing
1961272.0,-0.147949,-1.928711,0.662598,-0.03544,0.0437,-0.039703,non_chewing,0.450000,0.000,non_chewing
1961282.0,-0.155273,-1.929688,0.657227,-0.024248,0.033041,-0.006395,non_chewing,0.450000,0.000,non_chewing
1961292.0,-0.163574,-1.934082,0.645996,-0.021583,0.03544,-0.015455,non_chewing,0.450000,0.000,non_chewing
1961302.0,-0.150879,-1.923828,0.649414,-0.032775,0.026913,-0.01359,non_chewing,0.450000,0.000,non_chewing
1961312.0,-0.157227,-1.938477,0.649902,-0.037305,0.014655,-0.002398,non_chewing,0.450000,0.000,non_chewing
1961322.0,-0.15332,-1.918457,0.662109,-0.051161,0.023715,-0.022383,non_chewing,0.450000,0.000,non_chewing
1961332.0,-0.165039,-1.927246,0.665039,-0.037038,0.028778,-0.037038,non_chewing,0.450000,0.000,non_chewing
1961342.0,-0.157227,-1.931641,0.642578,-0.019452,0.016787,-0.018919,non_chewing,0.450000,0.000,non_chewing
1961352.0,-0.159668,-1.924316,0.657227,-0.016521,0.013323,-0.031176,non_chewing,0.450000,0.000,non_chewing
1961362.0,-0.162109,-1.923828,0.655762,-0.021051,0.03011,-0.034374,non_chewing,0.450000,0.000,non_chewing
1961372.0,-0.151367,-1.922363,0.652344,-0.023982,0.030643,-0.072211,non_chewing,0.450000,0.000,non_chewing
1961382.0,-0.160645,-1.92627,0.650879,-0.02558,0.027979,-0.039969,non_chewing,0.450000,0.000,non_chewing
1961392.0,-0.163086,-1.930664,0.67041,-0.025847,0.035706,-0.025314,non_chewing,0.450000,0.000,non_chewing
1961402.0,-0.147461,-1.92334,0.643555,-0.002931,0.036505,0.013057,non_chewing,0.450000,0.000,non_chewing
1961412.0,-0.156738,-1.915527,0.658203,-0.025847,0.049828,0.017853,chewing,0.725000,89.552,non_chewing
1961422.0,-0.162598,-1.931641,0.652344,-0.0437,0.050095,0.032775,chewing,0.725000,89.552,non_chewing
1961432.0,-0.157227,-1.919922,0.661621,-0.045565,0.046364,0.048763,chewing,0.725000,89.552,non_chewing
1961442.0,-0.15918,-1.927246,0.650879,-0.039969,0.068481,0.02638,chewing,0.725000,89.552,non_chewing
1961452.0,-0.150391,-1.935059,0.666992,-0.03091,0.059688,-0.026646,chewing,0.725000,89.552,non_chewing
1961462.0,-0.161133,-1.92627,0.65332,-0.026913,0.069547,-0.068481,chewing,0.725000,89.552,non_chewing
1961472.0,-0.163086,-1.924316,0.654297,-0.026646,0.071412,-0.038637,chewing,0.725000,89.552,non_chewing
1961482.0,-0.155273,-1.927734,0.669922,-0.025847,0.055424,-0.003464,chewing,0.725000,89.552,non_chewing
1961492.0,-0.155762,-1.92627,0.654297,-0.036239,0.054358,-0.004796,chewing,0.725000,89.552,non_chewing
1961502.0,-0.159668,-1.934082,0.647949,-0.043966,0.059688,-0.016787,chewing,0.725000,89.552,non_chewing
1961512.0,-0.14502,-1.927246,0.652832,-0.041302,0.053292,0.001066,chewing,0.725000,89.552,non_chewing
1961522.0,-0.151855,-1.924316,0.641113,-0.046631,0.041302,0.002931,chewing,0.725000,89.552,non_chewing
1961532.0,-0.162598,-1.930664,0.652344,-0.060753,0.027712,0.00453,chewing,0.725000,89.552,non_chewing
1961542.0,-0.157715,-1.929688,0.650391,-0.066616,0.041035,0.00826,chewing,0.725000,89.552,non_chewing
1961552.0,-0.164551,-1.92334,0.654297,-0.033308,0.041835,-0.041035,chewing,0.725000,89.552,non_chewing
1961562.0,-0.163574,-1.928711,0.661133,-0.029844,0.051427,-0.042634,chewing,0.725000,89.552,non_chewing
1961572.0,-0.169922,-1.919434,0.65332,-0.019185,0.041035,-0.041035,chewing,0.725000,89.552,non_chewing
1961582.0,-0.166016,-1.925293,0.654785,-0.018386,0.045299,-0.006129,chewing,0.725000,89.552,non_chewing
1961592.0,-0.160156,-1.934082,0.645996,-0.019185,0.043167,0.000266,chewing,0.725000,89.552,non_chewing
1961602.0,-0.16748,-1.929688,0.651367,-0.025847,0.02638,0.005862,chewing,0.725000,89.552,non_chewing
1961612.0,-0.166992,-1.917969,0.630859,-0.029311,0.038637,0.005862,chewing,0.725000,89.552,non_chewing
1961622.0,-0.161621,-1.929199,0.655273,-0.03544,0.033841,-0.011191,chewing,0.725000,89.552,non_chewing
1961632.0,-0.163086,-1.936523,0.648926,-0.045832,0.035972,-0.004263,chewing,0.725000,89.552,non_chewing
1961642.0,-0.166016,-1.917969,0.655273,-0.03544,0.038904,-0.021051,chewing,0.725000,89.552,non_chewing
1961652.0,-0.163086,-1.927246,0.649902,-0.019985,0.060221,-0.074609,chewing,0.725000,89.552,non_chewing
1961662.0,-0.157227,-1.928223,0.63916,-0.029044,0.066349,-0.05196,chewing,0.725000,89.552,non_chewing
1961672.0,-0.166016,-1.93457,0.640625,-0.033841,0.065816,-0.045832,chewing,0.725000,89.552,non_chewing
1961682.0,-0.162109,-1.937012,0.645508,-0.033041,0.06555,-0.036505,chewing,0.725000,89.552,non_chewing
1961692.0,-0.147461,-1.931152,0.650879,-0.014123,0.054891,-0.016787,chewing,0.725000,89.552,non_chewing
1961702.0,-0.154785,-1.929199,0.64209,-0.021317,0.051427,0.043433,chewing,0.725000,89.552,non_chewing
1961712.0,-0.142578,-1.941406,0.645508,-0.015455,0.048496,0.027179,chewing,0.725000,89.552,non_chewing
1961722.0,-0.151367,-1.941406,0.643066,-0.021583,0.042634,-0.001066,chewing,0.725000,89.552,non_chewing
1961732.0,-0.157227,-1.931152,0.651855,-0.017853,0.011991,0.014389,chewing,0.725000,89.552,non_chewing
1961742.0,-0.158203,-1.922363,0.650391,-0.010126,0.006129,0.015188,chewing,0.725000,89.552,non_chewing
1961752.0,-0.166992,-1.92041,0.646484,-0.032242,0.018652,0.015721,chewing,0.725000,89.552,non_chewing
1961762.0,-0.162109,-1.92041,0.663086,-0.017054,0.043433,0.002665,chewing,0.725000,89.552,non_chewing
1961772.0,-0.172363,-1.934082,0.65332,-0.011191,0.049296,0.005063,chewing,0.725000,89.552,non_chewing
1961782.0,-0.164551,-1.934082,0.654785,-0.002931,0.062885,-0.027446,chewing,0.725000,89.552,non_chewing
1961792.0,-0.15918,-1.936035,0.667969,-0.00453,0.059954,-0.046098,chewing,0.725000,89.552,non_chewing
1961802.0,-0.165039,-1.927246,0.655762,-0.002132,0.052493,-0.028245,chewing,0.725000,89.552,non_chewing
1961812.0,-0.168945,-1.933105,0.656738,-0.022649,0.03011,0.014922,chewing,0.725000,89.552,non_chewing
1961822.0,-0.161621,-1.932617,0.654297,-0.010925,0.0429,0.012257,chewing,0.725000,89.552,non_chewing
1961832.0,-0.145996,-1.925781,0.660645,-0.024781,0.054625,0.012257,chewing,0.725000,89.552,non_chewing
1961842.0,-0.170898,-1.922363,0.656738,-0.014123,0.061286,0.031443,chewing,0.725000,89.552,non_chewing
1961852.0,-0.157227,-1.925293,0.649414,-0.033841,0.078873,0.00826,chewing,0.725000,89.552,non_chewing
1961862.0,-0.157715,-1.938965,0.647461,-0.034374,0.089531,-0.016787,chewing,0.725000,89.552,non_chewing
1961872.0,-0.15625,-1.929199,0.649902,-0.039703,0.086867,-0.046364,chewing,0.725000,89.552,non_chewing
1961882.0,-0.15625,-1.930664,0.658203,-0.03917,0.074876,-0.062352,chewing,0.725000,89.552,non_chewing
1961892.0,-0.162109,-1.931641,0.662109,-0.038104,0.059155,-0.031443,chewing,0.725000,89.552,non_chewing
1961902.0,-0.15918,-1.931152,0.659668,-0.042368,0.034374,-0.026913,chewing,0.725000,89.552,non_chewing
1961912.0,-0.15625,-1.932129,0.63916,-0.0437,0.015455,0.00906,chewing,0.725000,89.552,non_chewing
1961922.0,-0.152344,-1.935059,0.639648,-0.043433,0.005862,0.018386,chewing,0.725000,89.552,non_chewing
1961932.0,-0.150879,-1.939941,0.637207,-0.031176,0.002665,-0.008527,chewing,0.725000,89.552,non_chewing
1961942.0,-0.165039,-1.927246,0.651855,-0.011191,0.000533,0.008527,chewing,0.725000,89.552,non_chewing
1961952.0,-0.162598,-1.927734,0.666504,-0.029311,-0.007194,0.015188,chewing,0.725000,89.552,non_chewing
1961962.0,-0.15625,-1.933105,0.646973,-0.021583,0.007194,0.015188,chewing,0.725000,89.552,non_chewing
1961972.0,-0.162109,-1.926758,0.638672,-0.01359,0.01732,-0.001066,chewing,0.725000,89.552,non_chewing
1961982.0,-0.174316,-1.92334,0.642578,-0.003997,0.004796,-0.015988,chewing,0.725000,89.552,non_chewing
1961992.0,-0.167969,-1.922852,0.655762,-0.01359,0.014655,-0.042368,chewing,0.725000,89.552,non_chewing
1962002.0,-0.161621,-1.918457,0.65625,-0.024248,0.021583,-0.048763,chewing,0.725000,89.552,non_chewing
1962012.0,-0.166016,-1.919434,0.656738,-0.023449,0.022116,-0.045565,chewing,0.725000,89.552,non_chewing
1962022.0,-0.171387,-1.921875,0.657227,-0.028511,0.033308,-0.019985,chewing,0.725000,89.552,non_chewing
1962032.0,-0.150879,-1.922363,0.659668,-0.026646,0.035972,-0.035173,chewing,0.725000,89.552,non_chewing
1962042.0,-0.153809,-1.932129,0.65332,-0.016787,0.036239,-0.026113,chewing,0.725000,89.552,non_chewing
1962052.0,-0.156738,-1.926758,0.655762,-0.008793,0.03917,-0.036505,chewing,0.725000,89.552,non_chewing
1962062.0,-0.169922,-1.928711,0.649414,-0.02558,0.031176,-0.024515,chewing,0.725000,89.552,non_chewing
1962072.0,-0.161621,-1.92627,0.646484,-0.032242,0.00826,-0.002665,chewing,0.725000,89.552,non_chewing
1962082.0,-0.154297,-1.921875,0.648437,-0.047164,0.015721,-0.015721,chewing,0.725000,89.552,non_chewing
1962092.0,-0.155273,-1.92041,0.651855,-0.039703,0.010126,-0.038637,chewing,0.725000,89.552,non_chewing
1962102.0,-0.146973,-1.921875,0.658203,-0.045032,0.018386,-0.072211,chewing,0.725000,89.552,non_chewing
1962112.0,-0.158691,-1.910645,0.662109,-0.044499,0.03464,-0.072744,chewing,0.725000,89.552,non_chewing
1962122.0,-0.146973,-1.916016,0.651367,-0.038637,0.040236,-0.072744,chewing,0.725000,89.552,non_chewing
1962132.0,-0.165039,-1.92334,0.652832,-0.033841,0.029577,-0.057556,chewing,0.725000,89.552,non_chewing
1962142.0,-0.165039,-1.929199,0.658691,-0.047963,0.022649,-0.036772,chewing,0.725000,89.552,non_chewing
1962152.0,-0.147949,-1.931152,0.648437,-0.054625,0.012257,-0.023182,chewing,0.725000,89.552,non_chewing
1962162.0,-0.158691,-1.941406,0.649414,-0.053026,0.005329,-0.023449,chewing,0.725000,89.552,non_chewing
1962172.0,-0.141602,-1.937988,0.651367,-0.03544,-0.014922,-0.027446,chewing,0.725000,89.552,non_chewing
1962182.0,-0.14209,-1.936035,0.646484,-0.037038,-0.017853,-0.03917,chewing,0.725000,89.552,non_chewing
1962192.0,-0.142578,-1.944824,0.645996,-0.027179,-0.022916,-0.082603,chewing,0.725000,89.552,non_chewing
1962202.0,-0.165527,-1.927734,0.644043,-0.015455,-0.038637,-0.033308,chewing,0.725000,89.552,non_chewing
1962212.0,-0.169434,-1.933594,0.650879,-0.018919,-0.047164,-0.014123,chewing,0.725000,89.552,non_chewing
1962222.0,-0.166992,-1.916992,0.659668,-0.021583,-0.041035,-0.045832,chewing,0.725000,89.552,non_chewing
1962232.0,-0.15918,-1.932617,0.660156,-0.010658,-0.016521,-0.058888,chewing,0.725000,89.552,non_chewing
1962242.0,-0.158691,-1.912109,0.640625,-0.017587,0.024248,-0.070613,chewing,0.725000,89.552,non_chewing
1962252.0,-0.147461,-1.921387,0.645508,-0.0429,0.058622,-0.07008,chewing,0.725000,89.552,non_chewing
1962262.0,-0.151855,-1.942383,0.652344,-0.036772,0.061819,-0.051427,chewing,0.725000,89.552,non_chewing
1962272.0,-0.145508,-1.929199,0.646973,-0.034374,0.048496,-0.027446,chewing,0.725000,89.552,non_chewing
1962282.0,-0.144043,-1.943359,0.650391,-0.019185,0.032242,-0.001066,chewing,0.725000,89.552,non_chewing
1962292.0,-0.151855,-1.935547,0.650879,-0.029577,0.02185,-0.004796,chewing,0.725000,89.552,non_chewing
1962302.0,-0.151367,-1.932129,0.638672,-0.020518,0.011724,0.00826,chewing,0.725000,89.552,non_chewing
1962312.0,-0.158691,-1.924805,0.640137,-0.037305,0.017587,0.013323,chewing,0.725000,89.552,non_chewing
1962322.0,-0.161133,-1.922363,0.654297,-0.039969,0.049296,0.010925,chewing,0.725000,89.552,non_chewing
1962332.0,-0.157715,-1.940918,0.639648,-0.024248,0.042368,0.03011,chewing,0.725000,89.552,non_chewing
1962342.0,-0.164062,-1.932129,0.652344,-0.009593,0.0437,0.001599,chewing,0.725000,89.552,non_chewing
1962352.0,-0.150391,-1.925781,0.651855,-0.023982,0.029311,0.007994,chewing,0.725000,89.552,non_chewing
1962362.0,-0.152344,-1.929199,0.657227,-0.014389,0.033308,0.014123,chewing,0.725000,89.552,non_chewing
1962372.0,-0.159668,-1.92627,0.650391,-0.008793,0.051694,0.012257,chewing,0.725000,89.552,non_chewing
1962382.0,-0.148437,-1.92041,0.655762,-0.011191,0.053825,-0.002132,chewing,0.725000,89.552,non_chewing
1962392.0,-0.150879,-1.93457,0.657715,-0.028245,0.04823,0.004796,chewing,0.725000,89.552,non_chewing
1962402.0,-0.152344,-1.920898,0.648437,-0.029577,0.035173,0.031443,chewing,0.725000,30.000,non_chewing
1962412.0,-0.154297,-1.924316,0.654785,-0.026646,0.016521,0.058888,chewing,0.725000,30.000,non_chewing
1962422.0,-0.142578,-1.929199,0.644531,-0.030643,0.03011,0.029844,chewing,0.725000,30.000,non_chewing
1962432.0,-0.143066,-1.930176,0.648437,-0.044499,0.038904,-0.00373,chewing,0.725000,30.000,non_chewing
1962442.0,-0.15918,-1.922852,0.649902,-0.039436,0.031443,-0.023182,chewing,0.725000,30.000,non_chewing
1962452.0,-0.163086,-1.927246,0.647461,-0.027712,0.040236,-0.047963,chewing,0.725000,30.000,non_chewing
1962462.0,-0.159668,-1.928711,0.636719,-0.031709,0.033041,-0.046897,chewing,0.725000,30.000,non_chewing
1962472.0,-0.164062,-1.924805,0.648926,-0.03091,0.037038,-0.027712,chewing,0.725000,30.000,non_chewing
1962482.0,-0.155762,-1.943848,0.65332,-0.02185,0.040502,-0.005862,chewing,0.725000,30.000,non_chewing
1962492.0,-0.154785,-1.930176,0.643066,-0.023982,0.046897,-0.008793,chewing,0.725000,30.000,non_chewing
1962502.0,-0.156738,-1.928711,0.649902,-0.022383,0.033041,0.001066,chewing,0.725000,30.000,non_chewing
1962512.0,-0.149414,-1.934082,0.658691,-0.018652,0.037838,-0.007994,chewing,0.725000,30.000,non_chewing
1962522.0,-0.149414,-1.931152,0.639648,-0.019718,0.055691,-0.036772,chewing,0.725000,30.000,non_chewing
1962532.0,-0.164551,-1.930664,0.65918,-0.024781,0.03544,-0.029044,chewing,0.725000,30.000,non_chewing
1962542.0,-0.149414,-1.929688,0.647949,-0.023449,0.039703,-0.024781,chewing,0.725000,30.000,non_chewing
1962552.0,-0.152832,-1.930176,0.651855,-0.035173,0.033574,-0.020518,chewing,0.725000,30.000,non_chewing
1962562.0,-0.154785,-1.91748,0.657715,-0.020784,0.032508,0.011991,chewing,0.725000,30.000,non_chewing
1962572.0,-0.15625,-1.926758,0.653809,-0.025847,0.019185,0.010925,chewing,0.725000,30.000,non_chewing
1962582.0,-0.149902,-1.919434,0.648926,-0.033574,0.021583,0.01279,chewing,0.725000,30.000,non_chewing
1962592.0,-0.141602,-1.940918,0.652344,-0.038637,0.014922,0.009859,chewing,0.725000,30.000,non_chewing
1962602.0,-0.141113,-1.931152,0.653809,-0.031443,0.005063,-0.005329,chewing,0.725000,30.000,non_chewing
1962612.0,-0.147461,-1.941406,0.650879,-0.033308,-0.003997,-0.004796,chewing,0.725000,30.000,non_chewing
1962622.0,-0.147461,-1.944336,0.645996,-0.026913,-0.005596,-0.027979,chewing,0.725000,30.000,non_chewing
1962632.0,-0.148437,-1.93457,0.641113,-0.045032,0.006129,-0.03011,chewing,0.725000,30.000,non_chewing
1962642.0,-0.140625,-1.927246,0.650879,-0.031709,0.022116,-0.021583,chewing,0.725000,30.000,non_chewing
1962652.0,-0.131348,-1.93457,0.653809,-0.031709,0.009593,-0.062352,chewing,0.725000,30.000,non_chewing
1962662.0,-0.141113,-1.938477,0.638184,-0.040236,-0.017853,-0.073277,chewing,0.725000,30.000,non_chewing
1962672.0,-0.130371,-1.946777,0.646973,-0.032508,-0.035706,-0.137228,chewing,0.725000,30.000,non_chewing
1962682.0,-0.143066,-1.958008,0.652832,-0.154815,-0.026913,-0.46098,chewing,0.725000,30.000,non_chewing
1962692.0,-0.135742,-1.90332,0.650879,-0.183593,0.024248,-0.590214,chewing,0.725000,30.000,non_chewing
1962702.0,-0.112305,-1.916504,0.662598,-0.190521,0.027979,-0.530793,chewing,0.725000,30.000,non_chewing
1962712.0,-0.130371,-1.915039,0.661133,-0.130034,0.00826,-0.35253,chewing,0.725000,30.000,non_chewing
1962722.0,-0.13623,-1.942871,0.644531,-0.055691,-0.010658,-0.101522,chewing,0.725000,30.000,non_chewing
1962732.0,-0.138672,-1.964844,0.623047,0.037838,-0.071412,-0.126836,chewing,0.725000,30.000,non_chewing
1962742.0,-0.101563,-1.915039,0.645508,-0.023715,-0.070879,-0.112447,chewing,0.725000,30.000,non_chewing
1962752.0,-0.137207,-1.9375,0.650879,0.004263,-0.086867,-0.06475,chewing,0.725000,30.000,non_chewing
1962762.0,-0.149414,-1.919434,0.650391,-0.030643,-0.112714,-0.06475,chewing,0.725000,30.000,non_chewing
1962772.0,-0.146973,-1.917969,0.657227,-0.010925,-0.116711,-0.077807,chewing,0.725000,30.000,non_chewing
1962782.0,-0.141602,-1.93457,0.647461,-0.006662,-0.102322,-0.100989,chewing,0.725000,30.000,non_chewing
1962792.0,-0.128906,-1.931641,0.645508,0.014389,-0.078606,-0.080472,chewing,0.725000,30.000,non_chewing
1962802.0,-0.145508,-1.938965,0.651855,0.008527,-0.044499,-0.097792,chewing,0.725000,30.000,non_chewing
1962812.0,-0.157715,-1.925293,0.641602,0.032508,-0.029311,-0.132165,chewing,0.725000,30.000,non_chewing
1962822.0,-0.130859,-1.922363,0.647461,0.002132,-0.031176,-0.057822,chewing,0.725000,30.000,non_chewing
1962832.0,-0.133301,-1.928711,0.640137,0.022916,-0.004796,-0.019985,chewing,0.725000,30.000,non_chewing
1962842.0,-0.135742,-1.942383,0.635742,0.012524,-0.000533,0.002665,chewing,0.725000,30.000,non_chewing
1962852.0,-0.132324,-1.939453,0.637207,0.014123,0.008527,-0.045299,chewing,0.725000,30.000,non_chewing
1962862.0,-0.12793,-1.930176,0.658203,0.00373,0.006928,-0.038637,chewing,0.725000,30.000,non_chewing
1962872.0,-0.117676,-1.929688,0.642578,0.003198,0.005329,-0.011191,chewing,0.725000,30.000,non_chewing
1962882.0,-0.116211,-1.931152,0.668457,0.004796,0.000799,0.004796,chewing,0.725000,30.000,non_chewing
1962892.0,-0.112793,-1.934082,0.652832,-0.020784,0.005596,-0.016254,chewing,0.725000,30.000,non_chewing
1962902.0,-0.114746,-1.926758,0.649414,-0.037838,0.020784,-0.023715,chewing,0.725000,30.000,non_chewing
1962912.0,-0.108887,-1.920898,0.658203,-0.053292,0.006129,-0.039703,chewing,0.725000,30.000,non_chewing
1962922.0,-0.105469,-1.924805,0.648926,-0.049562,-0.016787,-0.00453,chewing,0.725000,30.000,non_chewing
1962932.0,-0.106934,-1.942871,0.655273,-0.064217,-0.050894,0.016521,chewing,0.725000,30.000,non_chewing
1962942.0,-0.093262,-1.936523,0.658691,-0.062619,-0.061819,0.001599,chewing,0.725000,30.000,non_chewing
1962952.0,-0.089355,-1.937988,0.65332,-0.05649,-0.081271,-0.006395,chewing,0.725000,30.000,non_chewing
1962962.0,-0.092773,-1.928223,0.658203,-0.061286,-0.080205,-0.005329,chewing,0.725000,30.000,non_chewing
1962972.0,-0.081543,-1.939453,0.647461,-0.046631,-0.090864,0.038371,chewing,0.725000,30.000,non_chewing
1962982.0,-0.103516,-1.937988,0.660645,-0.054625,-0.107118,0.014123,chewing,0.725000,30.000,non_chewing
1962992.0,-0.075195,-1.933594,0.660156,-0.046631,-0.117243,0.038104,chewing,0.725000,30.000,non_chewing
1963002.0,-0.088867,-1.926758,0.660156,-0.064484,-0.138028,0.062885,chewing,0.725000,30.000,non_chewing
1963012.0,-0.082031,-1.935547,0.651855,-0.057023,-0.151084,0.099391,chewing,0.725000,30.000,non_chewing
1963022.0,-0.092285,-1.940918,0.659668,-0.049029,-0.17027,0.136962,chewing,0.725000,30.000,non_chewing
1963032.0,-0.099609,-1.925781,0.660156,-0.042101,-0.195317,0.174266,chewing,0.725000,30.000,non_chewing
1963042.0,-0.102051,-1.936035,0.655762,-0.027979,-0.217966,0.19132,chewing,0.725000,30.000,non_chewing
1963052.0,-0.072266,-1.929199,0.659668,-0.038637,-0.211571,0.210505,chewing,0.725000,30.000,non_chewing
1963062.0,-0.092285,-1.928711,0.660156,-0.038371,-0.192652,0.242214,chewing,0.725000,30.000,non_chewing
1963072.0,-0.104492,-1.921875,0.658691,-0.018386,-0.201446,0.267795,chewing,0.725000,30.000,non_chewing
1963082.0,-0.089355,-1.930664,0.652344,0.030377,-0.220897,0.317357,chewing,0.725000,30.000,non_chewing
1963092.0,-0.113281,-1.933105,0.65332,0.055158,-0.234221,0.291243,chewing,0.725000,30.000,non_chewing
1963102.0,-0.118164,-1.936523,0.648437,0.094861,-0.273923,0.23875,chewing,0.725000,30.000,non_chewing
1963112.0,-0.126465,-1.931641,0.654785,0.145755,-0.288845,0.194784,chewing,0.725000,30.000,non_chewing
1963122.0,-0.110352,-1.930176,0.654785,0.114312,-0.318156,0.085801,chewing,0.725000,30.000,non_chewing
1963132.0,-0.119629,-1.920898,0.653809,0.095127,-0.337874,0.077807,chewing,0.725000,30.000,non_chewing
1963142.0,-0.133301,-1.92041,0.658203,0.060221,-0.376511,0.103387,chewing,0.725000,30.000,non_chewing
1963152.0,-0.129395,-1.903809,0.65332,0.020784,-0.40449,0.104187,chewing,0.725000,30.000,non_chewing
1963162.0,-0.155762,-1.918457,0.664551,0.017587,-0.440995,0.149485,chewing,0.725000,30.000,non_chewing
1963172.0,-0.162109,-1.90918,0.665039,-0.007994,-0.492956,0.210239,chewing,0.725000,30.000,non_chewing
1963182.0,-0.133301,-1.928223,0.653809,-0.029577,-0.467908,0.197182,chewing,0.725000,30.000,non_chewing
1963192.0,-0.152344,-1.921875,0.679687,-0.068214,-0.451387,0.224361,chewing,0.725000,30.000,non_chewing
1963202.0,-0.166016,-1.922363,0.669434,-0.069813,-0.438597,0.263798,chewing,0.725000,30.000,non_chewing
1963212.0,-0.134277,-1.945313,0.661621,-0.08287,-0.436998,0.310962,chewing,0.725000,30.000,non_chewing
1963222.0,-0.143555,-1.900391,0.65625,-0.104986,-0.385838,0.312028,chewing,0.725000,30.000,non_chewing
1963232.0,-0.149902,-1.931152,0.663086,-0.111914,-0.328548,0.248609,chewing,0.725000,30.000,non_chewing
1963242.0,-0.146973,-1.942871,0.658203,-0.129501,-0.322686,0.179063,chewing,0.725000,30.000,non_chewing
1963252.0,-0.146484,-1.933105,0.644043,-0.127902,-0.318689,0.135096,chewing,0.725000,30.000,non_chewing
1963262.0,-0.157227,-1.919434,0.67041,-0.13856,-0.319755,0.114579,chewing,0.725000,30.000,non_chewing
1963272.0,-0.152832,-1.936523,0.65918,-0.107917,-0.329614,0.162276,chewing,0.725000,30.000,non_chewing
1963282.0,-0.160156,-1.931152,0.657715,-0.106052,-0.321354,0.177198,chewing,0.725000,30.000,non_chewing
1963292.0,-0.160156,-1.930664,0.651855,-0.079939,-0.302168,0.168937,chewing,0.725000,30.000,non_chewing
1963302.0,-0.162109,-1.91748,0.668457,-0.079672,-0.297106,0.142824,chewing,0.725000,30.000,non_chewing
1963312.0,-0.182617,-1.913086,0.66748,-0.073544,-0.27872,0.155881,chewing,0.725000,30.000,non_chewing
1963322.0,-0.202637,-1.916504,0.650879,-0.074077,-0.276055,0.16494,chewing,0.725000,30.000,non_chewing
1963332.0,-0.172852,-1.936523,0.653809,-0.07381,-0.266995,0.193452,chewing,0.725000,30.000,non_chewing
1963342.0,-0.168457,-1.92627,0.663574,-0.079672,-0.227559,0.137495,chewing,0.725000,30.000,non_chewing
1963352.0,-0.157715,-1.930664,0.650391,-0.074077,-0.195317,0.119375,chewing,0.725000,30.000,non_chewing
1963362.0,-0.169922,-1.934082,0.646484,-0.064484,-0.157746,0.115911,chewing,0.725000,30.000,non_chewing
1963372.0,-0.168945,-1.932129,0.649414,-0.054625,-0.117243,0.058622,chewing,0.725000,30.000,non_chewing
1963382.0,-0.168457,-1.932617,0.654785,-0.038371,-0.092196,0.038904,chewing,0.725000,30.000,non_chewing
1963392.0,-0.171875,-1.925293,0.651855,-0.036772,-0.066882,0.020251,chewing,0.725000,30.000,non_chewing
1963402.0,-0.182617,-1.924805,0.675293,-0.022116,-0.040769,0.013856,non_chewing,0.450000,0.000,non_chewing
1963412.0,-0.183105,-1.921387,0.65332,-0.014922,-0.032775,0.036239,non_chewing,0.450000,0.000,non_chewing
1963422.0,-0.183105,-1.92627,0.658203,0.002665,-0.023715,0.012257,non_chewing,0.450000,0.000,non_chewing
1963432.0,-0.166016,-1.932129,0.661133,-0.001066,-0.00373,0.040502,non_chewing,0.450000,0.000,non_chewing
1963442.0,-0.157715,-1.936035,0.655273,0.01359,0.012257,-0.012257,non_chewing,0.450000,0.000,non_chewing
1963452.0,-0.149414,-1.930176,0.661621,-0.000799,0.028511,-0.0429,non_chewing,0.450000,0.000,non_chewing
1963462.0,-0.150879,-1.92627,0.654297,-0.009859,0.033841,-0.035706,non_chewing,0.450000,0.000,non_chewing
1963472.0,-0.14502,-1.925293,0.647461,-0.039969,0.041835,-0.04743,non_chewing,0.450000,0.000,non_chewing
1963482.0,-0.147949,-1.920898,0.661133,-0.048763,0.002665,-0.03011,non_chewing,0.450000,0.000,non_chewing
1963492.0,-0.144531,-1.928223,0.658203,-0.058888,-0.002665,-0.005596,non_chewing,0.450000,0.000,non_chewing
1963502.0,-0.130859,-1.941406,0.666992,-0.044233,-0.023982,-0.028511,non_chewing,0.450000,0.000,non_chewing
1963512.0,-0.148437,-1.923828,0.661621,-0.039436,-0.024248,-0.024515,non_chewing,0.450000,0.000,non_chewing
1963522.0,-0.15625,-1.922363,0.669434,-0.031975,-0.027712,-0.065816,non_chewing,0.450000,0.000,non_chewing
1963532.0,-0.149414,-1.928711,0.653809,-0.036505,-0.011724,-0.077807,non_chewing,0.450000,0.000,non_chewing
1963542.0,-0.152832,-1.929199,0.65332,-0.021051,-0.003464,-0.095394,non_chewing,0.450000,0.000,non_chewing
1963552.0,-0.146484,-1.91748,0.66748,-0.018119,-0.005063,-0.111648,non_chewing,0.450000,0.000,non_chewing
1963562.0,-0.148437,-1.937012,0.664551,-0.023715,0.006129,-0.09193,non_chewing,0.450000,0.000,non_chewing
1963572.0,-0.144043,-1.925293,0.658691,-0.022916,-0.015988,-0.057023,non_chewing,0.450000,0.000,non_chewing
1963582.0,-0.137695,-1.922363,0.65332,-0.023715,-0.018652,-0.016787,non_chewing,0.450000,0.000,non_chewing
1963592.0,-0.143066,-1.929199,0.650879,-0.026646,-0.015721,-0.007461,non_chewing,0.450000,0.000,non_chewing
1963602.0,-0.14209,-1.937012,0.646484,-0.015455,0.001599,-0.054891,non_chewing,0.450000,0.000,non_chewing
1963612.0,-0.144043,-1.930664,0.661133,0.006928,0.011724,-0.06555,non_chewing,0.450000,0.000,non_chewing
1963622.0,-0.140137,-1.937988,0.662109,-0.007461,0.02558,-0.077541,non_chewing,0.450000,0.000,non_chewing
1963632.0,-0.145996,-1.924805,0.651367,0.016787,0.054891,-0.097525,non_chewing,0.450000,0.000,non_chewing
1963642.0,-0.163574,-1.931641,0.659668,0.005063,0.0437,-0.045032,non_chewing,0.450000,0.000,non_chewing
1963652.0,-0.160156,-1.931152,0.651367,-0.002931,0.038904,-0.010658,non_chewing,0.450000,0.000,non_chewing
1963662.0,-0.149414,-1.942383,0.65332,0.023715,0.038371,0.005329,non_chewing,0.450000,0.000,non_chewing
1963672.0,-0.145508,-1.942871,0.654785,0.037038,0.023182,0.021051,non_chewing,0.450000,0.000,non_chewing
1963682.0,-0.158203,-1.938965,0.652832,0.027979,0.001066,0.01279,non_chewing,0.450000,0.000,non_chewing
1963692.0,-0.148437,-1.916016,0.674316,0.028778,-0.008527,-0.027179,non_chewing,0.450000,0.000,non_chewing
1963702.0,-0.135742,-1.92334,0.670898,0.011724,0.035706,-0.076475,non_chewing,0.450000,0.000,non_chewing
1963712.0,-0.14209,-1.921875,0.664551,-0.010392,0.037038,-0.088466,non_chewing,0.450000,0.000,non_chewing
1963722.0,-0.130371,-1.945313,0.657715,-0.021583,0.049029,-0.10925,non_chewing,0.450000,0.000,non_chewing
1963732.0,-0.126465,-1.929688,0.649414,-0.024781,0.04823,-0.12657,non_chewing,0.450000,0.000,non_chewing
1963742.0,-0.13623,-1.923828,0.655273,-0.016521,0.036239,-0.111648,non_chewing,0.450000,0.000,non_chewing
1963752.0,-0.155273,-1.918945,0.655273,-0.011191,0.03091,-0.063418,non_chewing,0.450000,0.000,non_chewing
1963762.0,-0.137695,-1.92627,0.657715,-0.015188,0.007727,-0.01359,non_chewing,0.450000,0.000,non_chewing
1963772.0,-0.131348,-1.914063,0.669434,-0.011724,0.014655,-0.008527,non_chewing,0.450000,0.000,non_chewing
1963782.0,-0.132812,-1.92627,0.652832,0.006129,0.033841,0.005329,non_chewing,0.450000,0.000,non_chewing
1963792.0,-0.113281,-1.931152,0.65332,0.027979,0.070346,-0.055691,non_chewing,0.450000,0.000,non_chewing
1963802.0,-0.12207,-1.919922,0.652832,0.021051,0.079672,-0.041568,non_chewing,0.450000,0.000,non_chewing
1963812.0,-0.137207,-1.912598,0.657715,-0.00373,0.09193,-0.019185,non_chewing,0.450000,0.000,non_chewing
1963822.0,-0.125488,-1.928711,0.654297,-0.010925,0.078074,-0.001599,non_chewing,0.450000,0.000,non_chewing
1963832.0,-0.134277,-1.924316,0.661621,-0.027179,0.08207,0.015721,non_chewing,0.450000,0.000,non_chewing
1963842.0,-0.143066,-1.933105,0.664551,-0.0429,0.059954,0.033574,non_chewing,0.450000,0.000,non_chewing
1963852.0,-0.128906,-1.928223,0.65625,-0.026646,0.056757,0.029044,non_chewing,0.450000,0.000,non_chewing
1963862.0,-0.143555,-1.928711,0.651367,-0.038371,0.075409,0.017054,non_chewing,0.450000,0.000,non_chewing
1963872.0,-0.147461,-1.937988,0.654297,-0.01279,0.070346,0.00906,non_chewing,0.450000,0.000,non_chewing
1963882.0,-0.145996,-1.931152,0.657227,0.00373,0.08287,0.001599,non_chewing,0.450000,0.000,non_chewing
1963892.0,-0.152344,-1.919434,0.665527,0.004263,0.098325,-0.018386,non_chewing,0.450000,0.000,non_chewing
1963902.0,-0.160156,-1.936523,0.650391,0.017853,0.08207,0.019718,non_chewing,0.450000,0.000,non_chewing
1963912.0,-0.138672,-1.931641,0.65625,-0.003464,0.119642,0.026646,non_chewing,0.450000,0.000,non_chewing
1963922.0,-0.148437,-1.93457,0.662109,-0.009859,0.111914,0.062619,non_chewing,0.450000,0.000,non_chewing
1963932.0,-0.147949,-1.938965,0.652344,-0.034907,0.15215,0.013323,non_chewing,0.450000,0.000,non_chewing
1963942.0,-0.15625,-1.916992,0.665527,-0.016254,0.122573,0.031443,non_chewing,0.450000,0.000,non_chewing
1963952.0,-0.136719,-1.929688,0.652344,-0.002665,0.122573,0.018119,non_chewing,0.450000,0.000,non_chewing
1963962.0,-0.130371,-1.92627,0.67041,-0.016521,0.124971,0.000799,non_chewing,0.450000,0.000,non_chewing
1963972.0,-0.14209,-1.931152,0.658691,-0.00826,0.111914,-0.022383,non_chewing,0.450000,0.000,non_chewing
1963982.0,-0.14502,-1.930176,0.684082,-0.014123,0.094861,-0.023449,non_chewing,0.450000,0.000,non_chewing
1963992.0,-0.146973,-1.921387,0.666016,-0.022116,0.112714,-0.043433,non_chewing,0.450000,0.000,non_chewing
1964002.0,-0.138184,-1.929688,0.66748,-0.022383,0.107118,-0.051161,non_chewing,0.450000,0.000,non_chewing
1964012.0,-0.138184,-1.929199,0.661133,-0.029577,0.100989,-0.032508,non_chewing,0.450000,0.000,non_chewing
1964022.0,-0.129395,-1.918457,0.669922,-0.027179,0.112714,-0.053559,non_chewing,0.450000,0.000,non_chewing
1964032.0,-0.143555,-1.930176,0.66748,-0.028245,0.074876,-0.020251,non_chewing,0.450000,0.000,non_chewing
1964042.0,-0.13916,-1.92041,0.669922,-0.032242,0.060753,-0.019985,non_chewing,0.450000,0.000,non_chewing
1964052.0,-0.129883,-1.92041,0.666016,-0.043966,0.049029,0.005063,non_chewing,0.450000,0.000,non_chewing
1964062.0,-0.136719,-1.934082,0.665039,-0.043433,0.045299,0.018119,non_chewing,0.450000,0.000,non_chewing
1964072.0,-0.143066,-1.918457,0.669434,-0.043167,0.039436,0.007194,non_chewing,0.450000,0.000,non_chewing
1964082.0,-0.141113,-1.931641,0.67041,-0.032508,0.053825,-0.015988,non_chewing,0.450000,0.000,non_chewing
1964092.0,-0.143066,-1.925781,0.661133,-0.045565,0.07381,-0.047164,non_chewing,0.450000,0.000,non_chewing
1964102.0,-0.151855,-1.90918,0.666016,-0.035706,0.067681,-0.024248,non_chewing,0.450000,0.000,non_chewing
1964112.0,-0.131836,-1.930176,0.683105,-0.022916,0.058888,-0.011724,non_chewing,0.450000,0.000,non_chewing
1964122.0,-0.131836,-1.921875,0.666992,-0.0437,0.066349,-0.022116,non_chewing,0.450000,0.000,non_chewing
1964132.0,-0.14209,-1.929199,0.675293,-0.031443,0.044499,-0.005596,non_chewing,0.450000,0.000,non_chewing
1964142.0,-0.15625,-1.920898,0.661621,-0.031443,0.037571,0.00906,non_chewing,0.450000,0.000,non_chewing
1964152.0,-0.140625,-1.933105,0.674316,-0.036505,0.029044,0.007194,non_chewing,0.450000,0.000,non_chewing
1964162.0,-0.125977,-1.929688,0.662109,-0.035173,0.03544,0.005862,non_chewing,0.450000,0.000,non_chewing
1964172.0,-0.152344,-1.931152,0.665527,-0.037571,0.038637,-0.014922,non_chewing,0.450000,0.000,non_chewing
1964182.0,-0.146973,-1.925293,0.666016,-0.026646,0.035972,0.00906,non_chewing,0.450000,0.000,non_chewing
1964192.0,-0.143066,-1.933105,0.661133,-0.041035,0.037571,0.000799,non_chewing,0.450000,0.000,non_chewing
1964202.0,-0.141113,-1.936523,0.65332,-0.02558,0.041035,0.000533,non_chewing,0.450000,0.000,non_chewing
1964212.0,-0.143066,-1.934082,0.655762,-0.032242,0.037305,-0.016787,non_chewing,0.450000,0.000,non_chewing
1964222.0,-0.150391,-1.933594,0.669922,-0.032508,0.037038,-0.00453,non_chewing,0.450000,0.000,non_chewing
1964232.0,-0.137207,-1.948242,0.65625,-0.041035,0.041035,-0.009326,non_chewing,0.450000,0.000,non_chewing
1964242.0,-0.135254,-1.931641,0.652344,-0.030643,0.052227,0.002132,non_chewing,0.450000,0.000,non_chewing
1964252.0,-0.133301,-1.92334,0.65332,-0.033574,0.06555,-0.002665,non_chewing,0.450000,0.000,non_chewing
1964262.0,-0.141113,-1.928711,0.658203,-0.033041,0.076741,-0.005329,non_chewing,0.450000,0.000,non_chewing
1964272.0,-0.138672,-1.937988,0.665039,-0.010392,0.085268,-0.011724,non_chewing,0.450000,0.000,non_chewing
1964282.0,-0.146973,-1.921875,0.649902,-0.00906,0.086867,-0.005063,non_chewing,0.450000,0.000,non_chewing
1964292.0,-0.146484,-1.922363,0.664551,0.000266,0.092995,0.009326,non_chewing,0.450000,0.000,non_chewing
1964302.0,-0.147461,-1.927246,0.647461,-0.014655,0.088998,0.019985,non_chewing,0.450000,0.000,non_chewing
1964312.0,-0.140625,-1.929199,0.662109,-0.020251,0.075142,0.027979,non_chewing,0.450000,0.000,non_chewing
1964322.0,-0.145508,-1.928711,0.659668,-0.018119,0.088732,0.037038,non_chewing,0.450000,0.000,non_chewing
1964332.0,-0.146484,-1.934082,0.663086,-0.008527,0.095926,-0.003198,non_chewing,0.450000,0.000,non_chewing
1964342.0,-0.142578,-1.931641,0.65625,-0.006928,0.098591,-0.03091,non_chewing,0.450000,0.000,non_chewing
1964352.0,-0.154785,-1.925781,0.67041,-0.013323,0.108983,-0.028245,non_chewing,0.450000,0.000,non_chewing
1964362.0,-0.147461,-1.920898,0.656738,-0.002665,0.122306,-0.028778,non_chewing,0.450000,0.000,non_chewing
1964372.0,-0.13916,-1.922852,0.662109,-0.009593,0.110848,-0.01732,non_chewing,0.450000,0.000,non_chewing
1964382.0,-0.13623,-1.925781,0.657227,-0.006395,0.082337,0.008527,non_chewing,0.450000,0.000,non_chewing
1964392.0,-0.13623,-1.927734,0.656738,-0.021317,0.059155,0.026646,non_chewing,0.450000,0.000,non_chewing
1964402.0,-0.137207,-1.930664,0.666992,-0.035706,0.061819,0.023182,non_chewing,0.450000,0.000,non_chewing
1964412.0,-0.147949,-1.922852,0.67041,-0.041835,0.05196,0.025314,non_chewing,0.450000,0.000,non_chewing
1964422.0,-0.152344,-1.927246,0.658691,-0.02558,0.039436,0.018919,non_chewing,0.450000,0.000,non_chewing
1964432.0,-0.146973,-1.930176,0.65918,-0.027979,0.047697,-0.005329,non_chewing,0.450000,0.000,non_chewing
1964442.0,-0.148437,-1.939453,0.67041,-0.011724,0.05276,-0.020518,chewing,0.725000,100.000,non_chewing
1964452.0,-0.154297,-1.925781,0.674316,-0.017587,0.049296,-0.007727,chewing,0.725000,100.000,non_chewing
1964462.0,-0.149902,-1.923828,0.664062,-0.021317,0.054358,-0.016787,chewing,0.725000,100.000,non_chewing
1964472.0,-0.151855,-1.934082,0.662109,-0.030643,0.055158,-0.020784,chewing,0.725000,100.000,non_chewing
1964482.0,-0.144043,-1.919434,0.65918,-0.035706,0.056224,-0.045032,chewing,0.725000,100.000,non_chewing
1964492.0,-0.141113,-1.935059,0.679687,-0.034907,0.044233,-0.02185,chewing,0.725000,100.000,non_chewing
1964502.0,-0.13916,-1.932617,0.654297,-0.021051,0.043433,-0.026646,chewing,0.725000,100.000,non_chewing
1964512.0,-0.148926,-1.921387,0.672363,-0.038904,0.028245,-0.019985,chewing,0.725000,100.000,non_chewing
1964522.0,-0.147949,-1.921387,0.65625,-0.031709,0.019452,0.014123,chewing,0.725000,100.000,non_chewing
1964532.0,-0.143555,-1.927246,0.659668,-0.037838,0.033574,0.015988,chewing,0.725000,100.000,non_chewing
1964542.0,-0.148437,-1.927246,0.65625,-0.023449,0.040236,0.007461,chewing,0.725000,100.000,non_chewing
1964552.0,-0.156738,-1.914551,0.661133,-0.014922,0.05276,0.000799,chewing,0.725000,100.000,non_chewing
1964562.0,-0.154785,-1.918945,0.661133,-0.02185,0.063685,0.015721,chewing,0.725000,100.000,non_chewing
1964572.0,-0.158203,-1.933594,0.661621,-0.00373,0.069547,-0.012257,chewing,0.725000,100.000,non_chewing
1964582.0,-0.154785,-1.919434,0.672363,-0.010126,0.077807,0.000266,chewing,0.725000,100.000,non_chewing
1964592.0,-0.149414,-1.928223,0.663574,-0.028778,0.079939,-0.002398,chewing,0.725000,100.000,non_chewing
1964602.0,-0.145508,-1.934082,0.648926,-0.031443,0.071412,0.020518,chewing,0.725000,100.000,non_chewing
1964612.0,-0.14502,-1.937988,0.652832,-0.034374,0.091663,-0.011991,chewing,0.725000,100.000,non_chewing
1964622.0,-0.142578,-1.937988,0.663086,-0.028511,0.106052,-0.045565,chewing,0.725000,100.000,non_chewing
1964632.0,-0.157227,-1.927734,0.657715,-0.021583,0.080738,-0.031709,chewing,0.725000,100.000,non_chewing
1964642.0,-0.166016,-1.921387,0.661621,-0.02558,0.07008,0.001865,chewing,0.725000,100.000,non_chewing
1964652.0,-0.164062,-1.933105,0.660156,-0.009593,0.084469,0.011991,chewing,0.725000,100.000,non_chewing
1964662.0,-0.144531,-1.936035,0.637207,-0.013057,0.110315,-0.009859,chewing,0.725000,100.000,non_chewing
1964672.0,-0.154297,-1.938965,0.649902,-0.004796,0.117776,-0.012257,chewing,0.725000,100.000,non_chewing
1964682.0,-0.157227,-1.931641,0.651855,-0.001865,0.098325,-0.001332,chewing,0.725000,100.000,non_chewing
1964692.0,-0.150391,-1.928711,0.65625,0.004796,0.071412,-0.027446,chewing,0.725000,100.000,non_chewing
1964702.0,-0.158203,-1.927734,0.676758,-0.003464,0.059688,-0.010658,chewing,0.725000,100.000,non_chewing
1964712.0,-0.154785,-1.915039,0.669922,-0.01732,0.065017,-0.023715,chewing,0.725000,100.000,non_chewing
1964722.0,-0.152344,-1.920898,0.665527,-0.01359,0.063951,0.006129,chewing,0.725000,100.000,non_chewing
1964732.0,-0.147461,-1.923828,0.657227,-0.010925,0.09193,-0.015988,chewing,0.725000,100.000,non_chewing
1964742.0,-0.145996,-1.922363,0.663574,-0.011724,0.082603,-0.031975,chewing,0.725000,100.000,non_chewing
1964752.0,-0.15625,-1.929199,0.660645,-0.010925,0.086067,-0.036239,chewing,0.725000,100.000,non_chewing
1964762.0,-0.154785,-1.925293,0.658691,-0.009326,0.085268,-0.024781,chewing,0.725000,100.000,non_chewing
1964772.0,-0.148437,-1.930664,0.67334,-0.014655,0.082337,-0.019718,chewing,0.725000,100.000,non_chewing
1964782.0,-0.146973,-1.938965,0.669434,-0.00826,0.085002,0.029044,chewing,0.725000,100.000,non_chewing
1964792.0,-0.151855,-1.921387,0.681641,-0.029844,0.115378,-0.005063,chewing,0.725000,100.000,non_chewing
1964802.0,-0.164062,-1.924805,0.666992,-0.026113,0.123372,-0.026913,chewing,0.725000,100.000,non_chewing
1964812.0,-0.151367,-1.924805,0.666504,-0.014655,0.130034,-0.061286,chewing,0.725000,100.000,non_chewing
1964822.0,-0.146484,-1.92627,0.673828,-0.021317,0.132432,-0.057822,chewing,0.725000,100.000,non_chewing
1964832.0,-0.149414,-1.927734,0.662598,-0.035173,0.153482,-0.075142,chewing,0.725000,100.000,non_chewing
1964842.0,-0.168945,-1.938965,0.666992,-0.0429,0.141492,-0.083403,chewing,0.725000,100.000,non_chewing
1964852.0,-0.122559,-1.935547,0.662598,-0.059688,0.13936,-0.077541,chewing,0.725000,100.000,non_chewing
1964862.0,-0.143066,-1.938477,0.665527,-0.055158,0.124704,-0.088199,chewing,0.725000,100.000,non_chewing
1964872.0,-0.145996,-1.915039,0.662598,-0.058622,0.102055,-0.075675,chewing,0.725000,100.000,non_chewing
1964882.0,-0.134277,-1.935547,0.668945,-0.065283,0.086067,-0.062352,chewing,0.725000,100.000,non_chewing
1964892.0,-0.146484,-1.921875,0.665527,-0.068214,0.081804,-0.034107,chewing,0.725000,100.000,non_chewing
1964902.0,-0.146484,-1.924805,0.658691,-0.055424,0.069547,-0.036505,chewing,0.725000,100.000,non_chewing
1964912.0,-0.137695,-1.930176,0.660645,-0.052227,0.071145,-0.032508,chewing,0.725000,100.000,non_chewing
1964922.0,-0.144043,-1.92627,0.65918,-0.044233,0.075675,-0.037038,chewing,0.725000,100.000,non_chewing
1964932.0,-0.135742,-1.922363,0.660645,-0.027979,0.087133,-0.059688,chewing,0.725000,100.000,non_chewing
1964942.0,-0.14502,-1.9375,0.657227,-0.023182,0.089531,-0.041568,chewing,0.725000,100.000,non_chewing
1964952.0,-0.125488,-1.928223,0.660645,-0.033041,0.09113,-0.013323,chewing,0.725000,100.000,non_chewing
1964962.0,-0.129883,-1.923828,0.655762,-0.011724,0.092462,-0.041302,chewing,0.725000,100.000,non_chewing
1964972.0,-0.133789,-1.929199,0.655762,-0.019452,0.094861,-0.03544,chewing,0.725000,100.000,non_chewing
1964982.0,-0.157715,-1.912598,0.663574,-0.010392,0.075409,0.005596,chewing,0.725000,100.000,non_chewing
1964992.0,-0.148437,-1.922852,0.653809,-0.019452,0.078873,0.028245,chewing,0.725000,100.000,non_chewing
1965002.0,-0.134766,-1.93457,0.664062,-0.025047,0.074609,0.031709,chewing,0.725000,100.000,non_chewing
1965012.0,-0.150879,-1.927734,0.67627,-0.021583,0.075675,0.053559,chewing,0.725000,100.000,non_chewing
1965022.0,-0.148926,-1.938477,0.659668,-0.018119,0.083669,0.012524,chewing,0.725000,100.000,non_chewing
1965032.0,-0.137695,-1.929199,0.665039,-0.033308,0.099124,0.001332,chewing,0.725000,100.000,non_chewing
1965042.0,-0.139648,-1.931152,0.660156,-0.028778,0.095926,-0.019452,chewing,0.725000,100.000,non_chewing
1965052.0,-0.146973,-1.92627,0.661133,-0.028511,0.085534,-0.007994,chewing,0.725000,100.000,non_chewing
1965062.0,-0.14209,-1.930176,0.661133,-0.029844,0.077807,-0.001865,chewing,0.725000,100.000,non_chewing
1965072.0,-0.147949,-1.928223,0.668457,-0.00826,0.061819,-0.005862,chewing,0.725000,100.000,non_chewing
1965082.0,-0.158691,-1.921875,0.659668,-0.019185,0.069547,-0.038371,chewing,0.725000,100.000,non_chewing
1965092.0,-0.143555,-1.928711,0.657227,-0.015188,0.067681,-0.039436,chewing,0.725000,100.000,non_chewing
1965102.0,-0.15625,-1.925781,0.657227,-0.021583,0.067681,-0.02558,chewing,0.725000,100.000,non_chewing
1965112.0,-0.154785,-1.930176,0.666992,-0.024781,0.07834,-0.012257,chewing,0.725000,100.000,non_chewing
1965122.0,-0.152832,-1.918457,0.652344,-0.028245,0.063152,-0.004263,chewing,0.725000,100.000,non_chewing
1965132.0,-0.154297,-1.925781,0.665039,-0.029577,0.055957,0.0,chewing,0.725000,100.000,non_chewing
1965142.0,-0.151367,-1.92041,0.654785,-0.022116,0.057556,0.031443,chewing,0.725000,100.000,non_chewing
1965152.0,-0.147949,-1.918945,0.663086,-0.03464,0.072211,0.035972,chewing,0.725000,100.000,non_chewing
1965162.0,-0.141113,-1.92627,0.666992,-0.015988,0.077274,-0.010925,chewing,0.725000,100.000,non_chewing
1965172.0,-0.145508,-1.931152,0.660156,-0.027179,0.064484,-0.033841,chewing,0.725000,100.000,non_chewing
1965182.0,-0.146973,-1.928223,0.666504,-0.02185,0.077008,-0.04743,chewing,0.725000,100.000,non_chewing
1965192.0,-0.152344,-1.926758,0.652832,-0.03091,0.079939,-0.043167,chewing,0.725000,100.000,non_chewing
1965202.0,-0.155273,-1.925781,0.649414,-0.032775,0.083403,-0.0874,chewing,0.725000,100.000,non_chewing
1965212.0,-0.150879,-1.932129,0.648437,-0.029311,0.079672,-0.075942,chewing,0.725000,100.000,non_chewing
1965222.0,-0.15625,-1.933105,0.660645,-0.034907,0.072478,-0.045565,chewing,0.725000,100.000,non_chewing
1965232.0,-0.131348,-1.924316,0.660156,-0.034107,0.059421,-0.011458,chewing,0.725000,100.000,non_chewing
1965242.0,-0.143066,-1.920898,0.667969,-0.015455,0.051694,0.02185,chewing,0.725000,100.000,non_chewing
1965252.0,-0.143555,-1.923828,0.674805,-0.031443,0.037571,0.031176,chewing,0.725000,100.000,non_chewing
1965262.0,-0.132812,-1.92627,0.667969,-0.027446,0.040236,0.024515,chewing,0.725000,100.000,non_chewing
1965272.0,-0.135254,-1.920898,0.657227,-0.027712,0.042368,0.023182,chewing,0.725000,100.000,non_chewing
1965282.0,-0.139648,-1.938477,0.648926,-0.038104,0.038104,-0.002665,chewing,0.725000,100.000,non_chewing
1965292.0,-0.155273,-1.922363,0.654297,-0.025314,0.0437,0.002132,chewing,0.725000,100.000,non_chewing
1965302.0,-0.146973,-1.931641,0.658203,-0.044499,0.043966,-0.003997,chewing,0.725000,100.000,non_chewing
1965312.0,-0.148926,-1.927734,0.662598,-0.028511,0.050894,-0.026913,chewing,0.725000,100.000,non_chewing
1965322.0,-0.15918,-1.926758,0.665039,-0.027446,0.057556,-0.020251,chewing,0.725000,100.000,non_chewing
1965332.0,-0.148926,-1.931641,0.660645,-0.030643,0.062086,-0.020518,chewing,0.725000,100.000,non_chewing
1965342.0,-0.148926,-1.923828,0.657227,-0.030643,0.067681,-0.006928,chewing,0.725000,100.000,non_chewing
1965352.0,-0.152344,-1.92041,0.665527,-0.032775,0.056757,-0.009593,chewing,0.725000,100.000,non_chewing
1965362.0,-0.150879,-1.928223,0.665527,-0.021317,0.053292,0.014922,chewing,0.725000,100.000,non_chewing
1965372.0,-0.155273,-1.924316,0.656738,-0.029844,0.046631,0.014389,chewing,0.725000,100.000,non_chewing
1965382.0,-0.148437,-1.92627,0.654785,-0.027446,0.046897,0.032242,chewing,0.725000,100.000,non_chewing
1965392.0,-0.143555,-1.929688,0.660156,-0.033308,0.040236,0.063951,chewing,0.725000,100.000,non_chewing
1965402.0,-0.154297,-1.925781,0.655273,-0.038637,0.026113,0.063685,chewing,0.725000,100.000,non_chewing
1965412.0,-0.151855,-1.929199,0.660156,-0.036772,0.04823,0.025047,chewing,0.725000,100.000,non_chewing
1965422.0,-0.153809,-1.927734,0.665039,-0.027179,0.050361,0.007194,chewing,0.725000,100.000,non_chewing
1965432.0,-0.146484,-1.929199,0.66748,-0.031975,0.055424,-0.017587,chewing,0.725000,100.000,non_chewing
1965442.0,-0.155273,-1.927734,0.660156,-0.031709,0.067681,-0.023982,chewing,0.725000,100.000,non_chewing
1965452.0,-0.157227,-1.931641,0.65332,-0.04823,0.053026,-0.027446,chewing,0.725000,100.000,non_chewing
1965462.0,-0.14502,-1.921387,0.663086,-0.033841,0.067415,-0.001332,chewing,0.725000,100.000,non_chewing
1965472.0,-0.151855,-1.92041,0.664062,-0.03011,0.058089,-0.001599,chewing,0.725000,66.667,non_chewing
1965482.0,-0.152344,-1.927734,0.663574,-0.033574,0.054891,0.009326,chewing,0.725000,66.667,non_chewing
1965492.0,-0.15625,-1.928711,0.657715,-0.021051,0.060753,0.025847,chewing,0.725000,66.667,non_chewing
1965502.0,-0.15332,-1.926758,0.659668,-0.025314,0.058888,0.015455,chewing,0.725000,66.667,non_chewing
1965512.0,-0.152832,-1.926758,0.650879,-0.024515,0.071945,-0.01732,chewing,0.725000,66.667,non_chewing
1965522.0,-0.149902,-1.935059,0.662109,-0.031443,0.070879,-0.038371,chewing,0.725000,66.667,non_chewing
1965532.0,-0.150391,-1.929688,0.659668,-0.022649,0.069014,-0.047697,chewing,0.725000,66.667,non_chewing
1965542.0,-0.163574,-1.929688,0.658691,-0.03464,0.057023,-0.007994,chewing,0.725000,66.667,non_chewing
1965552.0,-0.151367,-1.926758,0.655273,-0.03011,0.036772,0.016787,chewing,0.725000,66.667,non_chewing
1965562.0,-0.147949,-1.921387,0.670898,-0.027712,0.045832,0.022916,chewing,0.725000,66.667,non_chewing
1965572.0,-0.154785,-1.930664,0.670898,-0.022383,0.036772,0.007994,chewing,0.725000,66.667,non_chewing
1965582.0,-0.157227,-1.930176,0.659668,-0.020518,0.044499,0.017853,chewing,0.725000,66.667,non_chewing
1965592.0,-0.158203,-1.927734,0.669434,-0.019718,0.041035,0.02185,chewing,0.725000,66.667,non_chewing
1965602.0,-0.151367,-1.932129,0.660156,-0.018386,0.056224,-0.013323,chewing,0.725000,66.667,non_chewing
1965612.0,-0.155762,-1.924316,0.662109,-0.022649,0.06555,-0.035173,chewing,0.725000,66.667,non_chewing
1965622.0,-0.156738,-1.921387,0.658691,-0.025847,0.061286,-0.017587,chewing,0.725000,66.667,non_chewing
1965632.0,-0.147461,-1.92334,0.646484,-0.030643,0.050361,-0.023449,chewing,0.725000,66.667,non_chewing
1965642.0,-0.148437,-1.930664,0.663086,-0.017587,0.046098,-0.00826,chewing,0.725000,66.667,non_chewing
1965652.0,-0.141602,-1.937988,0.659668,-0.025047,0.037305,-0.037571,chewing,0.725000,66.667,non_chewing
1965662.0,-0.148437,-1.916992,0.65332,-0.031176,0.026913,-0.003198,chewing,0.725000,66.667,non_chewing
1965672.0,-0.148926,-1.932617,0.650391,-0.031176,0.014123,-0.006662,chewing,0.725000,66.667,non_chewing
1965682.0,-0.155273,-1.919434,0.643555,-0.022916,0.016521,0.002398,chewing,0.725000,66.667,non_chewing
1965692.0,-0.155762,-1.916016,0.657227,-0.014389,0.021051,0.017853,chewing,0.725000,66.667,non_chewing
1965702.0,-0.14502,-1.930176,0.65625,-0.010658,0.036505,0.006129,chewing,0.725000,66.667,non_chewing
1965712.0,-0.164551,-1.928711,0.65332,-0.00826,0.045832,0.006395,chewing,0.725000,66.667,non_chewing
1965722.0,-0.169434,-1.925293,0.65625,-0.00453,0.0437,0.019985,chewing,0.725000,66.667,non_chewing
1965732.0,-0.170898,-1.915527,0.669434,0.003198,0.014655,0.031975,chewing,0.725000,66.667,non_chewing
1965742.0,-0.163086,-1.923828,0.652832,-0.003198,0.016254,-0.005596,chewing,0.725000,66.667,non_chewing
1965752.0,-0.157715,-1.922852,0.667969,-0.004263,0.041568,-0.015188,chewing,0.725000,66.667,non_chewing
1965762.0,-0.156738,-1.914063,0.666016,-0.031709,0.051694,0.000266,chewing,0.725000,66.667,non_chewing
1965772.0,-0.148437,-1.934082,0.652344,-0.032508,0.058355,-0.015188,chewing,0.725000,66.667,non_chewing
1965782.0,-0.155762,-1.943359,0.65332,-0.027446,0.068214,-0.038371,chewing,0.725000,66.667,non_chewing
1965792.0,-0.13916,-1.941895,0.65332,-0.029311,0.066882,-0.057556,chewing,0.725000,66.667,non_chewing
1965802.0,-0.137207,-1.927246,0.656738,-0.029577,0.063418,-0.057289,chewing,0.725000,66.667,non_chewing
1965812.0,-0.158203,-1.931152,0.659668,0.002132,0.043167,-0.020784,chewing,0.725000,66.667,non_chewing
1965822.0,-0.15332,-1.927246,0.660645,-0.01359,0.027179,0.021051,chewing,0.725000,66.667,non_chewing
1965832.0,-0.158691,-1.926758,0.659668,-0.021583,0.028245,0.031176,chewing,0.725000,66.667,non_chewing
1965842.0,-0.160645,-1.928223,0.662598,-0.010925,0.039436,0.044499,chewing,0.725000,66.667,non_chewing
1965852.0,-0.152832,-1.928711,0.663086,-0.004263,0.064484,0.041568,chewing,0.725000,66.667,non_chewing
1965862.0,-0.154785,-1.935059,0.666016,-0.015721,0.092729,0.001599,chewing,0.725000,66.667,non_chewing
1965872.0,-0.14209,-1.935547,0.656738,-0.015721,0.116977,-0.055424,chewing,0.725000,66.667,non_chewing
1965882.0,-0.163086,-1.923828,0.67041,-0.024248,0.116178,-0.057289,chewing,0.725000,66.667,non_chewing
1965892.0,-0.158203,-1.92627,0.664062,-0.03091,0.101256,-0.024515,chewing,0.725000,66.667,non_chewing
1965902.0,-0.140625,-1.931641,0.670898,-0.045032,0.094061,-0.040502,chewing,0.725000,66.667,non_chewing
1965912.0,-0.15625,-1.919434,0.648437,-0.049562,0.073277,-0.011991,chewing,0.725000,66.667,non_chewing
1965922.0,-0.14502,-1.929199,0.662109,-0.05276,0.055691,0.000533,chewing,0.725000,66.667,non_chewing
1965932.0,-0.163574,-1.92627,0.654785,-0.033574,0.041568,0.021051,chewing,0.725000,66.667,non_chewing
1965942.0,-0.14502,-1.931641,0.664551,-0.03011,0.037571,0.029844,chewing,0.725000,66.667,non_chewing
1965952.0,-0.168945,-1.925781,0.657715,-0.020518,0.014123,0.055158,chewing,0.725000,66.667,non_chewing
1965962.0,-0.163574,-1.926758,0.660156,-0.009593,0.019985,0.042368,chewing,0.725000,66.667,non_chewing
1965972.0,-0.159668,-1.933105,0.65332,-0.002132,0.039436,0.034374,chewing,0.725000,66.667,non_chewing
1965982.0,-0.152344,-1.932129,0.652344,-0.009326,0.064217,0.00906,chewing,0.725000,66.667,non_chewing
1965992.0,-0.14502,-1.931152,0.656738,0.002665,0.081538,-0.019185,chewing,0.725000,66.667,non_chewing
1966002.0,-0.151855,-1.916504,0.662598,-0.007461,0.07381,-0.040769,chewing,0.725000,66.667,non_chewing
1966012.0,-0.15625,-1.916992,0.664551,-0.019985,0.063152,-0.03917,chewing,0.725000,66.667,non_chewing
1966022.0,-0.15625,-1.91748,0.666016,-0.035706,0.060221,-0.021317,chewing,0.725000,66.667,non_chewing
1966032.0,-0.147461,-1.922363,0.652832,-0.039436,0.064217,-0.013057,chewing,0.725000,66.667,non_chewing
1966042.0,-0.15625,-1.919434,0.673828,-0.052227,0.058888,0.01359,chewing,0.725000,66.667,non_chewing
1966052.0,-0.153809,-1.930664,0.660645,-0.037038,0.038104,0.033308,chewing,0.725000,66.667,non_chewing
1966062.0,-0.140625,-1.935059,0.66748,-0.031443,0.033041,0.024248,chewing,0.725000,66.667,non_chewing
1966072.0,-0.150879,-1.933105,0.663574,-0.006928,0.03917,0.023449,chewing,0.725000,66.667,non_chewing
1966082.0,-0.151855,-1.930176,0.658203,-0.016254,0.023449,0.0437,chewing,0.725000,66.667,non_chewing
1966092.0,-0.147461,-1.930176,0.660156,-0.017853,0.01359,0.040236,chewing,0.725000,66.667,non_chewing
1966102.0,-0.157715,-1.92041,0.650879,-0.036505,0.02185,0.041035,chewing,0.725000,66.667,non_chewing
1966112.0,-0.15625,-1.92627,0.655273,-0.030643,0.028245,-0.018386,chewing,0.725000,66.667,non_chewing
1966122.0,-0.158691,-1.921387,0.658691,-0.039969,0.036239,-0.038371,chewing,0.725000,66.667,non_chewing
1966132.0,-0.158691,-1.921387,0.64209,-0.045565,0.027712,-0.023715,chewing,0.725000,66.667,non_chewing
1966142.0,-0.17041,-1.917969,0.657227,-0.044499,0.034374,-0.011458,chewing,0.725000,66.667,non_chewing
1966152.0,-0.170898,-1.912109,0.666016,-0.039703,0.051694,0.014922,chewing,0.725000,66.667,non_chewing
1966162.0,-0.174316,-1.926758,0.651855,-0.02638,0.054092,0.023449,chewing,0.725000,66.667,non_chewing
1966172.0,-0.165039,-1.941406,0.666992,-0.022916,0.068214,0.030377,chewing,0.725000,66.667,non_chewing
1966182.0,-0.163086,-1.927734,0.661621,-0.011991,0.069014,0.027179,chewing,0.725000,66.667,non_chewing
1966192.0,-0.166016,-1.930176,0.661133,-0.014389,0.069014,-0.005063,chewing,0.725000,66.667,non_chewing
1966202.0,-0.164551,-1.929688,0.660645,-0.005596,0.074077,-0.015721,chewing,0.725000,66.667,non_chewing
1966212.0,-0.164062,-1.916992,0.67334,-0.01359,0.065816,-0.007727,chewing,0.725000,66.667,non_chewing
1966222.0,-0.154785,-1.922363,0.657227,-0.025047,0.054891,-0.015455,chewing,0.725000,66.667,non_chewing
1966232.0,-0.162598,-1.928711,0.649902,-0.029044,0.057822,-0.029844,chewing,0.725000,66.667,non_chewing
1966242.0,-0.149414,-1.915527,0.666992,-0.032508,0.063152,-0.048496,chewing,0.725000,66.667,non_chewing
1966252.0,-0.15332,-1.922852,0.653809,-0.03011,0.050095,-0.019985,chewing,0.725000,66.667,non_chewing
1966262.0,-0.161133,-1.928711,0.655273,-0.045299,0.056224,-0.013856,chewing,0.725000,66.667,non_chewing
1966272.0,-0.150391,-1.925293,0.655273,-0.044233,0.057556,-0.013323,chewing,0.725000,66.667,non_chewing
1966282.0,-0.166992,-1.924805,0.659668,-0.041035,0.061819,-0.022116,chewing,0.725000,66.667,non_chewing
1966292.0,-0.171875,-1.920898,0.668945,-0.03091,0.055957,0.010658,chewing,0.725000,66.667,non_chewing
1966302.0,-0.162598,-1.935059,0.646973,-0.034907,0.071945,-0.000266,chewing,0.725000,66.667,non_chewing
1966312.0,-0.163574,-1.938477,0.65918,-0.021317,0.066349,0.013856,chewing,0.725000,66.667,non_chewing
1966322.0,-0.157715,-1.934082,0.657227,-0.018386,0.068214,0.007727,chewing,0.725000,66.667,non_chewing
1966332.0,-0.160156,-1.931641,0.654785,-0.029311,0.06475,0.018919,chewing,0.725000,66.667,non_chewing
1966342.0,-0.160156,-1.931641,0.65625,-0.011991,0.057822,0.015988,chewing,0.725000,66.667,non_chewing
1966352.0,-0.169922,-1.928711,0.668457,-0.017054,0.051161,0.045565,chewing,0.725000,66.667,non_chewing
1966362.0,-0.162109,-1.924316,0.666992,-0.020251,0.038637,0.076208,chewing,0.725000,66.667,non_chewing
1966372.0,-0.169434,-1.92334,0.649414,-0.018652,0.039436,0.066882,chewing,0.725000,66.667,non_chewing
1966382.0,-0.168945,-1.924316,0.666992,-0.00906,0.040769,0.01732,chewing,0.725000,66.667,non_chewing
1966392.0,-0.166992,-1.933105,0.656738,-0.001599,0.076741,0.002132,chewing,0.725000,66.667,non_chewing
1966402.0,-0.169434,-1.922852,0.658203,-0.016254,0.081804,-0.028778,chewing,0.725000,66.667,non_chewing
1966412.0,-0.165527,-1.925781,0.661621,-0.002665,0.083403,-0.01732,chewing,0.725000,66.667,non_chewing
1966422.0,-0.160645,-1.925781,0.67041,-0.010925,0.097525,-0.034107,chewing,0.725000,66.667,non_chewing
1966432.0,-0.15332,-1.918945,0.670898,-0.025847,0.079939,-0.015721,chewing,0.725000,66.667,non_chewing
1966442.0,-0.160645,-1.928711,0.650391,-0.025314,0.066616,0.001332,chewing,0.725000,66.667,non_chewing
1966452.0,-0.162598,-1.929688,0.65332,-0.026646,0.068481,0.010126,chewing,0.725000,66.667,non_chewing
1966462.0,-0.17041,-1.933594,0.652344,-0.045299,0.049029,-0.008527,chewing,0.725000,66.667,non_chewing
1966472.0,-0.177246,-1.928711,0.665039,-0.03011,0.041302,0.002931,chewing,0.725000,66.667,non_chewing
1966482.0,-0.169434,-1.918457,0.654785,-0.053026,0.046631,0.012524,chewing,0.725000,66.667,non_chewing
1966492.0,-0.157715,-1.921387,0.658203,-0.046364,0.068747,0.008527,chewing,0.725000,66.667,non_chewing
1966502.0,-0.167969,-1.927246,0.650879,-0.041302,0.075942,0.015455,non_chewing,0.450000,0.000,non_chewing
1966512.0,-0.164551,-1.931152,0.662598,-0.048763,0.059954,0.000266,non_chewing,0.450000,0.000,non_chewing
1966522.0,-0.146484,-1.922363,0.654785,-0.047164,0.066083,-0.005329,non_chewing,0.450000,0.000,non_chewing
1966532.0,-0.156738,-1.927734,0.657715,-0.042101,0.063152,-0.014655,non_chewing,0.450000,0.000,non_chewing
1966542.0,-0.154297,-1.929199,0.646484,-0.04823,0.053026,-0.027446,non_chewing,0.450000,0.000,non_chewing
1966552.0,-0.161621,-1.932617,0.650391,-0.03544,0.042368,-0.016787,non_chewing,0.450000,0.000,non_chewing
1966562.0,-0.161133,-1.934082,0.656738,-0.037305,0.034107,-0.020518,non_chewing,0.450000,0.000,non_chewing
1966572.0,-0.157227,-1.932129,0.651855,-0.028245,0.03464,-0.022916,non_chewing,0.450000,0.000,non_chewing
1966582.0,-0.166992,-1.926758,0.649414,-0.024248,0.04823,-0.027712,non_chewing,0.450000,0.000,non_chewing
1966592.0,-0.162598,-1.925781,0.660645,-0.014389,0.05196,-0.034374,non_chewing,0.450000,0.000,non_chewing
1966602.0,-0.164062,-1.925293,0.652344,-0.020518,0.041835,-0.015721,non_chewing,0.450000,0.000,non_chewing
1966612.0,-0.160645,-1.929199,0.656738,-0.030643,0.043433,-0.022116,non_chewing,0.450000,0.000,non_chewing
1966622.0,-0.165039,-1.926758,0.656738,-0.02558,0.035706,-0.010126,non_chewing,0.450000,0.000,non_chewing
1966632.0,-0.160156,-1.925293,0.660156,-0.037838,0.025847,-0.011191,non_chewing,0.450000,0.000,non_chewing
1966642.0,-0.151855,-1.91748,0.663086,-0.040502,0.018386,0.00826,non_chewing,0.450000,0.000,non_chewing
1966652.0,-0.15918,-1.925293,0.659668,-0.041568,0.001066,0.036772,non_chewing,0.450000,0.000,non_chewing
1966662.0,-0.168457,-1.911621,0.666992,-0.043433,-0.019985,0.061553,non_chewing,0.450000,0.000,non_chewing
1966672.0,-0.166504,-1.914551,0.65625,-0.05649,-0.039436,0.102588,non_chewing,0.450000,0.000,non_chewing
1966682.0,-0.15918,-1.927734,0.661621,-0.067415,-0.057023,0.167072,non_chewing,0.450000,0.000,non_chewing
1966692.0,-0.152832,-1.918945,0.674316,-0.053026,-0.054092,0.148953,non_chewing,0.450000,0.000,non_chewing
1966702.0,-0.147461,-1.915039,0.663574,-0.044233,-0.040502,0.054625,non_chewing,0.450000,0.000,non_chewing
1966712.0,-0.174805,-1.92041,0.67334,-0.080738,-0.07381,-0.021317,non_chewing,0.450000,0.000,non_chewing
1966722.0,-0.176758,-1.91748,0.660645,-0.089531,-0.119908,-0.031176,non_chewing,0.450000,0.000,non_chewing
1966732.0,-0.174805,-1.928711,0.662109,-0.087933,-0.181461,-0.021051,non_chewing,0.450000,0.000,non_chewing
1966742.0,-0.181152,-1.931641,0.65332,-0.101522,-0.210239,-0.121507,non_chewing,0.450000,0.000,non_chewing
1966752.0,-0.195801,-1.942383,0.654297,-0.063951,-0.213969,-0.141492,non_chewing,0.450000,0.000,non_chewing
1966762.0,-0.182129,-1.92334,0.672852,-0.075675,-0.290977,-0.151351,non_chewing,0.450000,0.000,non_chewing
1966772.0,-0.177246,-1.95752,0.663086,-0.007461,-0.302701,-0.216368,non_chewing,0.450000,0.000,non_chewing
1966782.0,-0.154297,-1.898926,0.672852,-0.060487,-0.263798,-0.316557,non_chewing,0.450000,0.000,non_chewing
1966792.0,-0.169922,-1.923828,0.668457,-0.020518,-0.205709,-0.292043,non_chewing,0.450000,0.000,non_chewing
1966802.0,-0.170898,-1.915527,0.654785,-0.066083,-0.210772,-0.312827,non_chewing,0.450000,0.000,non_chewing
1966812.0,-0.12793,-1.922363,0.660645,-0.043167,-0.190521,-0.290178,non_chewing,0.450000,0.000,non_chewing
1966822.0,-0.140625,-1.913086,0.65332,-0.097792,-0.197982,-0.275789,non_chewing,0.450000,0.000,non_chewing
1966832.0,-0.129395,-1.927734,0.652832,-0.08207,-0.219832,-0.261133,non_chewing,0.450000,0.000,non_chewing
1966842.0,-0.133301,-1.931152,0.645996,-0.069547,-0.274723,-0.213969,non_chewing,0.450000,0.000,non_chewing
1966852.0,-0.133789,-1.903809,0.660645,-0.115645,-0.324551,-0.209972,non_chewing,0.450000,0.000,non_chewing
1966862.0,-0.161133,-1.859863,0.655762,-0.130567,-0.397029,-0.20491,non_chewing,0.450000,0.000,non_chewing
1966872.0,-0.179199,-1.896973,0.660645,-0.13936,-0.444193,-0.084469,non_chewing,0.450000,0.000,non_chewing
1966882.0,-0.088867,-1.935059,0.632812,-0.168404,-0.243813,-0.227559,non_chewing,0.450000,0.000,non_chewing
1966892.0,-0.080078,-1.958496,0.625488,-0.126836,-0.118842,-0.295773,non_chewing,0.450000,0.000,non_chewing
1966902.0,-0.050293,-1.994141,0.611328,-0.099923,-0.057556,-0.281651,non_chewing,0.450000,0.000,non_chewing
1966912.0,-0.080078,-1.965332,0.601074,-0.077541,-0.006928,-0.264331,non_chewing,0.450000,0.000,non_chewing
1966922.0,-0.101563,-1.95459,0.629395,-0.050361,-0.021583,-0.148953,non_chewing,0.450000,0.000,non_chewing
1966932.0,-0.111328,-1.95752,0.632812,-0.051161,-0.024515,0.027179,non_chewing,0.450000,0.000,non_chewing
1966942.0,-0.09082,-1.966309,0.618652,-0.014123,-0.011191,0.103654,non_chewing,0.450000,0.000,non_chewing
1966952.0,-0.11084,-1.964355,0.629395,0.002931,-0.011991,0.109516,non_chewing,0.450000,0.000,non_chewing
1966962.0,-0.101074,-1.952148,0.624023,0.012257,0.029844,0.06555,non_chewing,0.450000,0.000,non_chewing
1966972.0,-0.101074,-1.952637,0.635254,0.033041,0.065816,0.063951,non_chewing,0.450000,0.000,non_chewing
1966982.0,-0.099121,-1.945801,0.625,0.030377,0.125504,0.028778,non_chewing,0.450000,0.000,non_chewing
1966992.0,-0.119629,-1.938965,0.644043,0.026646,0.144156,0.035972,non_chewing,0.450000,0.000,non_chewing
1967002.0,-0.115234,-1.94873,0.63623,0.026113,0.180395,0.04823,non_chewing,0.450000,0.000,non_chewing
1967012.0,-0.131836,-1.929199,0.64502,0.034907,0.195583,0.058089,non_chewing,0.450000,0.000,non_chewing
1967022.0,-0.135742,-1.929199,0.647461,0.023715,0.214236,0.084469,non_chewing,0.450000,0.000,non_chewing
1967032.0,-0.146484,-1.929199,0.64502,0.021051,0.261133,0.078074,non_chewing,0.450000,0.000,non_chewing
1967042.0,-0.157227,-1.92334,0.661133,0.027179,0.256337,0.111115,non_chewing,0.450000,0.000,non_chewing
1967052.0,-0.149414,-1.911621,0.653809,0.020784,0.267795,0.131366,non_chewing,0.450000,0.000,non_chewing
1967062.0,-0.143066,-1.926758,0.65625,0.027712,0.291243,0.139893,non_chewing,0.450000,0.000,non_chewing
1967072.0,-0.132324,-1.932129,0.665527,0.040769,0.287779,0.142824,non_chewing,0.450000,0.000,non_chewing
1967082.0,-0.146484,-1.929688,0.664551,0.043966,0.24408,0.218766,non_chewing,0.450000,0.000,non_chewing
1967092.0,-0.135254,-1.955566,0.672363,0.038104,0.225427,0.249142,non_chewing,0.450000,0.000,non_chewing
1967102.0,-0.124512,-1.945801,0.664551,0.012524,0.231289,0.125237,non_chewing,0.450000,0.000,non_chewing
1967112.0,-0.126953,-1.950195,0.650391,0.029044,0.239283,0.06928,non_chewing,0.450000,0.000,non_chewing
1967122.0,-0.140625,-1.935547,0.657715,0.021051,0.228891,0.035972,non_chewing,0.450000,0.000,non_chewing
1967132.0,-0.152832,-1.919922,0.668945,0.018919,0.209173,0.013057,non_chewing,0.450000,0.000,non_chewing
1967142.0,-0.162109,-1.916504,0.667969,0.009859,0.170003,0.022116,non_chewing,0.450000,0.000,non_chewing
1967152.0,-0.154297,-1.911621,0.67041,-0.012524,0.157479,0.037305,non_chewing,0.450000,0.000,non_chewing
1967162.0,-0.162109,-1.911621,0.662598,-0.005329,0.150285,0.051427,non_chewing,0.450000,0.000,non_chewing
1967172.0,-0.161133,-1.924805,0.668457,-0.00826,0.148953,0.069014,non_chewing,0.450000,0.000,non_chewing
1967182.0,-0.151855,-1.922363,0.658691,-0.019185,0.139626,0.094594,non_chewing,0.450000,0.000,non_chewing
1967192.0,-0.145996,-1.91748,0.663086,-0.014655,0.145222,0.103387,non_chewing,0.450000,0.000,non_chewing
1967202.0,-0.165039,-1.919922,0.660645,-0.029844,0.12577,0.129501,non_chewing,0.450000,0.000,non_chewing
1967212.0,-0.141602,-1.924805,0.667969,-0.048763,0.139893,0.114579,non_chewing,0.450000,0.000,non_chewing
1967222.0,-0.151367,-1.933594,0.663574,-0.034107,0.135896,0.085534,non_chewing,0.450000,0.000,non_chewing
1967232.0,-0.152832,-1.934082,0.654297,-0.024248,0.114046,0.0437,non_chewing,0.450000,0.000,non_chewing
1967242.0,-0.148437,-1.932129,0.661621,-0.02185,0.087133,0.015455,non_chewing,0.450000,0.000,non_chewing
1967252.0,-0.154297,-1.925293,0.662598,-0.019985,0.088466,-0.043966,non_chewing,0.450000,0.000,non_chewing
1967262.0,-0.150879,-1.929199,0.655762,-0.027712,0.062086,-0.023982,non_chewing,0.450000,0.000,non_chewing
1967272.0,-0.144043,-1.916504,0.65918,-0.019452,0.03464,0.005862,non_chewing,0.450000,0.000,non_chewing
1967282.0,-0.133301,-1.924805,0.661133,-0.024515,0.027446,0.049828,non_chewing,0.450000,0.000,non_chewing
1967292.0,-0.112793,-1.934082,0.641602,-0.038371,0.023982,0.050628,non_chewing,0.450000,0.000,non_chewing
1967302.0,-0.113281,-1.948242,0.648926,-0.020518,0.020251,0.014389,non_chewing,0.450000,0.000,non_chewing
1967312.0,-0.111816,-1.933594,0.650879,-0.030377,0.014655,-0.058089,non_chewing,0.450000,0.000,non_chewing
1967322.0,-0.149902,-1.923828,0.663086,-0.037838,0.007994,-0.075942,non_chewing,0.450000,0.000,non_chewing
1967332.0,-0.162109,-1.915527,0.662598,-0.041568,-0.046631,-0.001599,non_chewing,0.450000,0.000,non_chewing
1967342.0,-0.148437,-1.92041,0.65625,-0.055424,-0.041835,0.022116,non_chewing,0.450000,0.000,non_chewing
1967352.0,-0.14209,-1.935059,0.673828,-0.038104,-0.043966,0.033574,non_chewing,0.450000,0.000,non_chewing
1967362.0,-0.131348,-1.928223,0.660645,-0.028511,-0.002398,-0.010925,non_chewing,0.450000,0.000,non_chewing
1967372.0,-0.152832,-1.919434,0.658691,-0.023982,0.029044,-0.049029,non_chewing,0.450000,0.000,non_chewing
1967382.0,-0.150879,-1.92041,0.671875,-0.031443,0.058355,-0.040502,non_chewing,0.450000,0.000,non_chewing
1967392.0,-0.15918,-1.918945,0.672852,-0.027712,0.063685,-0.003997,non_chewing,0.450000,0.000,non_chewing
1967402.0,-0.148437,-1.917969,0.65332,-0.023715,0.054358,0.023449,non_chewing,0.450000,0.000,non_chewing
1967412.0,-0.151367,-1.929199,0.64209,-0.027979,0.056757,0.021583,non_chewing,0.450000,0.000,non_chewing
1967422.0,-0.13916,-1.924805,0.660645,-0.036772,0.055957,0.000799,non_chewing,0.450000,0.000,non_chewing
1967432.0,-0.146973,-1.931152,0.669922,-0.023982,0.031975,0.010658,non_chewing,0.450000,0.000,non_chewing
1967442.0,-0.145508,-1.926758,0.641602,-0.034907,0.036505,-0.01359,non_chewing,0.450000,0.000,non_chewing
1967452.0,-0.152344,-1.933594,0.669922,-0.053825,0.013323,-0.005596,non_chewing,0.450000,0.000,non_chewing
1967462.0,-0.15918,-1.932129,0.666504,-0.0437,-0.011458,-0.000799,non_chewing,0.450000,0.000,non_chewing
1967472.0,-0.151367,-1.924805,0.657227,-0.049296,-0.028511,-0.000266,non_chewing,0.450000,0.000,non_chewing
1967482.0,-0.152832,-1.924805,0.649414,-0.0437,-0.021583,-0.003997,non_chewing,0.450000,0.000,non_chewing
1967492.0,-0.153809,-1.921875,0.656738,-0.039436,-0.018919,-0.010925,non_chewing,0.450000,0.000,non_chewing
1967502.0,-0.155762,-1.931152,0.651855,-0.044233,-0.012257,-0.01359,non_chewing,0.450000,0.000,non_chewing
1967512.0,-0.145508,-1.924316,0.647949,-0.051161,-0.012524,-0.015988,non_chewing,0.450000,0.000,non_chewing
1967522.0,-0.154297,-1.923828,0.640625,-0.036505,-0.013057,-0.023715,non_chewing,0.450000,0.000,non_chewing
1967532.0,-0.149902,-1.922852,0.650879,-0.034107,-0.019985,-0.022916,chewing,0.725000,107.143,non_chewing
1967542.0,-0.151367,-1.925293,0.64502,-0.053026,-0.050361,-0.025314,chewing,0.725000,107.143,non_chewing
1967552.0,-0.147461,-1.939453,0.655762,-0.055424,-0.027446,-0.056757,chewing,0.725000,107.143,non_chewing
1967562.0,-0.146484,-1.939941,0.64502,-0.045299,-0.05276,-0.067681,chewing,0.725000,107.143,non_chewing
1967572.0,-0.152832,-1.938965,0.643066,-0.038104,-0.046897,-0.105253,chewing,0.725000,107.143,non_chewing
1967582.0,-0.157715,-1.931641,0.648926,-0.04743,-0.037038,-0.106319,chewing,0.725000,107.143,non_chewing
1967592.0,-0.162598,-1.929688,0.646973,-0.058888,-0.011191,-0.109783,chewing,0.725000,107.143,non_chewing
1967602.0,-0.147949,-1.937012,0.642578,-0.038371,-0.000799,-0.090064,chewing,0.725000,107.143,non_chewing
1967612.0,-0.141602,-1.92627,0.655762,-0.034107,0.023715,-0.074077,chewing,0.725000,107.143,non_chewing
1967622.0,-0.149902,-1.929688,0.658691,-0.018119,0.019185,-0.017853,chewing,0.725000,107.143,non_chewing
1967632.0,-0.149414,-1.924316,0.668457,-0.023182,0.01732,-0.001332,chewing,0.725000,107.143,non_chewing
1967642.0,-0.141113,-1.930176,0.664551,-0.023182,0.013856,0.023715,chewing,0.725000,107.143,non_chewing
1967652.0,-0.133301,-1.930176,0.649414,-0.021317,0.021583,0.037571,chewing,0.725000,107.143,non_chewing
1967662.0,-0.129883,-1.925781,0.653809,-0.022649,0.031443,0.030643,chewing,0.725000,107.143,non_chewing
1967672.0,-0.12207,-1.929199,0.650391,-0.029577,0.048763,0.012257,chewing,0.725000,107.143,non_chewing
1967682.0,-0.135742,-1.930176,0.643555,-0.003464,0.071678,0.014655,chewing,0.725000,107.143,non_chewing
1967692.0,-0.135254,-1.928711,0.645996,-0.007727,0.070613,0.009326,chewing,0.725000,107.143,non_chewing
1967702.0,-0.149414,-1.932617,0.648926,-0.002132,0.070879,0.022916,chewing,0.725000,107.143,non_chewing
1967712.0,-0.129395,-1.93457,0.640137,0.017853,0.065816,0.079672,chewing,0.725000,107.143,non_chewing
1967722.0,-0.140137,-1.925781,0.664551,0.010658,0.061286,0.065816,chewing,0.725000,107.143,non_chewing
1967732.0,-0.129395,-1.927734,0.658691,0.005329,0.059954,0.078873,chewing,0.725000,107.143,non_chewing
1967742.0,-0.13623,-1.916992,0.647949,0.013323,0.078606,0.095127,chewing,0.725000,107.143,non_chewing
1967752.0,-0.133301,-1.940918,0.650879,0.016254,0.089265,0.132698,chewing,0.725000,107.143,non_chewing
1967762.0,-0.134766,-1.930176,0.647461,-0.002132,0.087133,0.104453,chewing,0.725000,107.143,non_chewing
1967772.0,-0.138184,-1.935059,0.657227,0.001332,0.095127,0.115112,chewing,0.725000,107.143,non_chewing
1967782.0,-0.159668,-1.931641,0.658691,-0.001332,0.085801,0.139893,chewing,0.725000,107.143,non_chewing
1967792.0,-0.149902,-1.931152,0.662598,-0.011724,0.096193,0.14762,chewing,0.725000,107.143,non_chewing
1967802.0,-0.152344,-1.937012,0.671875,0.009326,0.111381,0.102055,chewing,0.725000,107.143,non_chewing
1967812.0,-0.152832,-1.930176,0.667969,0.023982,0.084469,0.06475,chewing,0.725000,107.143,non_chewing
1967822.0,-0.156738,-1.919434,0.658203,0.017054,0.039436,0.005063,chewing,0.725000,107.143,non_chewing
1967832.0,-0.159668,-1.911133,0.668457,0.021583,0.022916,-0.004263,chewing,0.725000,107.143,non_chewing
1967842.0,-0.155273,-1.916992,0.655762,0.005862,0.015721,-0.017054,chewing,0.725000,107.143,non_chewing
1967852.0,-0.158691,-1.933594,0.662598,-0.007461,0.001066,-0.013323,chewing,0.725000,107.143,non_chewing
1967862.0,-0.147461,-1.932129,0.669434,-0.027446,0.006129,0.004796,chewing,0.725000,107.143,non_chewing
1967872.0,-0.161621,-1.932617,0.655273,-0.028511,-0.018652,0.02558,chewing,0.725000,107.143,non_chewing
1967882.0,-0.148926,-1.927246,0.661133,-0.03544,-0.011724,-0.010392,chewing,0.725000,107.143,non_chewing
1967892.0,-0.151367,-1.932129,0.664551,-0.024248,0.000799,-0.011724,chewing,0.725000,107.143,non_chewing
1967902.0,-0.154297,-1.933105,0.662598,-0.004796,0.022649,-0.00826,chewing,0.725000,107.143,non_chewing
1967912.0,-0.15625,-1.924805,0.658691,-0.015721,0.050628,-0.009859,chewing,0.725000,107.143,non_chewing
1967922.0,-0.146973,-1.91748,0.661133,-0.014655,0.068481,0.0,chewing,0.725000,107.143,non_chewing
1967932.0,-0.158203,-1.918945,0.667969,-0.018119,0.085801,-0.004263,chewing,0.725000,107.143,non_chewing
1967942.0,-0.150391,-1.911133,0.659668,-0.006129,0.085268,0.012257,chewing,0.725000,107.143,non_chewing
1967952.0,-0.156738,-1.919922,0.666504,-0.005862,0.087933,0.044766,chewing,0.725000,107.143,non_chewing
1967962.0,-0.154297,-1.924805,0.651367,-0.019452,0.084202,0.024515,chewing,0.725000,107.143,non_chewing
1967972.0,-0.154785,-1.932129,0.651855,-0.028511,0.070613,0.04743,chewing,0.725000,107.143,non_chewing
1967982.0,-0.159668,-1.92334,0.662598,-0.023449,0.07008,0.04823,chewing,0.725000,107.143,non_chewing
1967992.0,-0.161621,-1.92334,0.672852,-0.030643,0.057289,0.028511,chewing,0.725000,107.143,non_chewing
1968002.0,-0.156738,-1.927246,0.658691,-0.033841,0.055158,0.014655,chewing,0.725000,107.143,non_chewing
1968012.0,-0.157715,-1.925781,0.666504,-0.03091,0.053559,0.009593,chewing,0.725000,107.143,non_chewing
1968022.0,-0.156738,-1.925781,0.655273,-0.024781,0.020784,0.01732,chewing,0.725000,107.143,non_chewing
1968032.0,-0.15625,-1.927734,0.660156,-0.02638,0.02185,0.02185,chewing,0.725000,107.143,non_chewing
1968042.0,-0.162109,-1.928711,0.666504,-0.019452,0.00826,0.027712,chewing,0.725000,107.143,non_chewing
1968052.0,-0.146973,-1.928223,0.658691,-0.029044,0.01279,0.005329,chewing,0.725000,107.143,non_chewing
1968062.0,-0.162598,-1.927246,0.65918,-0.034374,0.028511,0.014655,chewing,0.725000,107.143,non_chewing
1968072.0,-0.157227,-1.935059,0.657715,-0.040769,0.041835,0.027979,chewing,0.725000,107.143,non_chewing
1968082.0,-0.155273,-1.931641,0.647461,-0.037305,0.051161,0.018119,chewing,0.725000,107.143,non_chewing
1968092.0,-0.152832,-1.930664,0.659668,-0.025847,0.047697,0.035972,chewing,0.725000,107.143,non_chewing
1968102.0,-0.152832,-1.921875,0.650879,-0.019185,0.053292,0.027179,chewing,0.725000,107.143,non_chewing
1968112.0,-0.181641,-1.919434,0.657715,-0.011991,0.053026,0.045032,chewing,0.725000,107.143,non_chewing
1968122.0,-0.179687,-1.922363,0.666504,-0.023449,0.059155,0.054891,chewing,0.725000,107.143,non_chewing
1968132.0,-0.180664,-1.925293,0.67041,-0.005329,0.075942,0.051694,chewing,0.725000,107.143,non_chewing
1968142.0,-0.164551,-1.936035,0.651367,0.007994,0.083136,0.058355,chewing,0.725000,107.143,non_chewing
1968152.0,-0.163574,-1.924805,0.658203,-0.006129,0.11298,0.03091,chewing,0.725000,107.143,non_chewing
1968162.0,-0.166992,-1.940918,0.657227,-0.002665,0.110848,0.016787,chewing,0.725000,107.143,non_chewing
1968172.0,-0.154785,-1.929688,0.657227,-0.019718,0.101256,0.025847,chewing,0.725000,107.143,non_chewing
1968182.0,-0.162109,-1.94043,0.660156,-0.017054,0.073011,0.066349,chewing,0.725000,107.143,non_chewing
1968192.0,-0.147461,-1.939941,0.655273,-0.022916,0.060487,0.054358,chewing,0.725000,107.143,non_chewing
1968202.0,-0.15918,-1.918945,0.651367,-0.027446,0.051161,0.046364,chewing,0.725000,107.143,non_chewing
1968212.0,-0.166992,-1.923828,0.65918,-0.022916,0.046897,0.049562,chewing,0.725000,107.143,non_chewing
1968222.0,-0.167969,-1.918945,0.658203,-0.044766,0.061553,0.031176,chewing,0.725000,107.143,non_chewing
1968232.0,-0.171875,-1.924316,0.65918,-0.034107,0.07008,0.01359,chewing,0.725000,107.143,non_chewing
1968242.0,-0.181641,-1.91748,0.671387,-0.022383,0.080472,0.006928,chewing,0.725000,107.143,non_chewing
1968252.0,-0.177246,-1.924316,0.657715,-0.007727,0.081005,0.052227,chewing,0.725000,107.143,non_chewing
1968262.0,-0.164551,-1.925293,0.650879,0.000799,0.086867,0.040236,chewing,0.725000,107.143,non_chewing
1968272.0,-0.172852,-1.928223,0.650391,-0.000266,0.0866,0.038104,chewing,0.725000,107.143,non_chewing
1968282.0,-0.179199,-1.924316,0.666504,0.002398,0.100723,0.018119,chewing,0.725000,107.143,non_chewing
1968292.0,-0.172852,-1.926758,0.659668,-0.000799,0.086867,0.039969,chewing,0.725000,107.143,non_chewing
1968302.0,-0.175293,-1.929688,0.664062,-0.006662,0.10019,0.041835,chewing,0.725000,107.143,non_chewing
1968312.0,-0.166992,-1.921875,0.657715,-0.008793,0.089798,0.043966,chewing,0.725000,107.143,non_chewing
1968322.0,-0.169434,-1.930176,0.669922,-0.037838,0.101256,0.003198,chewing,0.725000,107.143,non_chewing
1968332.0,-0.162598,-1.91748,0.651367,-0.023982,0.093528,-0.013057,chewing,0.725000,107.143,non_chewing
1968342.0,-0.193359,-1.928223,0.66748,-0.019452,0.068214,-0.000799,chewing,0.725000,107.143,non_chewing
1968352.0,-0.177246,-1.926758,0.654785,-0.027712,0.061286,0.00373,chewing,0.725000,107.143,non_chewing
1968362.0,-0.168945,-1.919922,0.664551,-0.019452,0.059688,-0.000266,chewing,0.725000,107.143,non_chewing
1968372.0,-0.171875,-1.935059,0.66748,-0.014123,0.050095,-0.004796,chewing,0.725000,107.143,non_chewing
1968382.0,-0.172363,-1.931152,0.661621,-0.01279,0.05649,0.019985,chewing,0.725000,107.143,non_chewing
1968392.0,-0.17041,-1.922363,0.655273,-0.019718,0.05649,0.049562,chewing,0.725000,107.143,non_chewing
1968402.0,-0.175293,-1.918457,0.648437,-0.023715,0.083669,0.037838,chewing,0.725000,107.143,non_chewing
1968412.0,-0.162598,-1.930664,0.659668,-0.005862,0.076208,0.038104,chewing,0.725000,107.143,non_chewing
1968422.0,-0.165039,-1.922363,0.658203,0.003997,0.093262,0.023715,chewing,0.725000,107.143,non_chewing
1968432.0,-0.169434,-1.923828,0.65918,0.003997,0.095127,0.011724,chewing,0.725000,107.143,non_chewing
1968442.0,-0.187012,-1.920898,0.661621,-0.002398,0.092995,0.021317,chewing,0.725000,107.143,non_chewing
1968452.0,-0.170898,-1.924316,0.660156,-0.014389,0.108717,-0.000533,chewing,0.725000,107.143,non_chewing
1968462.0,-0.180176,-1.916504,0.66748,-0.014389,0.121773,0.000533,chewing,0.725000,107.143,non_chewing
1968472.0,-0.183594,-1.918945,0.665039,-0.021317,0.110049,0.022916,chewing,0.725000,107.143,non_chewing
1968482.0,-0.182129,-1.927734,0.67334,-0.021583,0.107917,0.010126,chewing,0.725000,107.143,non_chewing
1968492.0,-0.17334,-1.933105,0.674316,-0.033841,0.084202,0.028245,chewing,0.725000,107.143,non_chewing
1968502.0,-0.165039,-1.936523,0.655273,-0.018919,0.092995,0.018386,chewing,0.725000,107.143,non_chewing
1968512.0,-0.170898,-1.925293,0.657715,-0.03091,0.079139,0.032242,chewing,0.725000,107.143,non_chewing
1968522.0,-0.180664,-1.932617,0.661133,-0.006129,0.065816,0.027979,chewing,0.725000,107.143,non_chewing
1968532.0,-0.182129,-1.92041,0.657227,-0.024515,0.05649,0.017853,chewing,0.725000,107.143,non_chewing
1968542.0,-0.175781,-1.931152,0.661621,-0.006395,0.069014,0.011458,chewing,0.725000,107.143,non_chewing
1968552.0,-0.179687,-1.919434,0.667969,-0.020251,0.068481,0.00373,chewing,0.725000,107.143,non_chewing
1968562.0,-0.176758,-1.924805,0.655762,-0.019452,0.090597,-0.033308,chewing,1.000000,90.909,non_chewing
1968572.0,-0.189453,-1.909668,0.663086,-0.024515,0.082337,-0.019185,chewing,1.000000,90.909,non_chewing
1968582.0,-0.178711,-1.921387,0.671387,-0.014389,0.079406,0.003997,chewing,1.000000,90.909,non_chewing
1968592.0,-0.180176,-1.916992,0.666016,-0.021051,0.084202,0.017587,chewing,1.000000,90.909,non_chewing
1968602.0,-0.177734,-1.930176,0.664062,-0.027446,0.090597,0.016521,chewing,1.000000,90.909,non_chewing
1968612.0,-0.176758,-1.930664,0.654297,-0.026113,0.08207,-0.009593,chewing,1.000000,90.909,non_chewing
1968622.0,-0.177246,-1.928711,0.644531,-0.028778,0.081005,-0.010658,chewing,1.000000,90.909,non_chewing
1968632.0,-0.17627,-1.923828,0.660645,-0.03544,0.076741,-0.061286,chewing,1.000000,90.909,non_chewing
1968642.0,-0.175293,-1.918945,0.65625,-0.022116,0.085268,-0.05649,chewing,1.000000,90.909,non_chewing
1968652.0,-0.179687,-1.924316,0.657715,-0.033041,0.074876,-0.054092,chewing,1.000000,90.909,non_chewing
1968662.0,-0.179687,-1.915527,0.662598,-0.043966,0.072478,-0.05649,chewing,1.000000,90.909,non_chewing
1968672.0,-0.191406,-1.915039,0.663574,-0.026913,0.05649,-0.000799,chewing,1.000000,90.909,non_chewing
1968682.0,-0.18457,-1.910645,0.662598,-0.027712,0.061553,0.00453,chewing,1.000000,90.909,non_chewing
1968692.0,-0.176758,-1.922363,0.671875,-0.034107,0.062619,0.037038,chewing,1.000000,90.909,non_chewing
1968702.0,-0.182617,-1.923828,0.66748,-0.027979,0.075409,0.035972,chewing,1.000000,90.909,non_chewing
1968712.0,-0.172363,-1.928223,0.646484,-0.029044,0.082337,-0.001599,chewing,1.000000,90.909,non_chewing
1968722.0,-0.175293,-1.92041,0.649902,-0.021051,0.082337,0.011458,chewing,1.000000,90.909,non_chewing
1968732.0,-0.182617,-1.916992,0.663574,-0.019185,0.084202,0.044499,chewing,1.000000,90.909,non_chewing
1968742.0,-0.179687,-1.927734,0.662598,-0.010925,0.083669,0.054891,chewing,1.000000,90.909,non_chewing
1968752.0,-0.177734,-1.929199,0.662598,-0.022383,0.089798,0.067681,chewing,1.000000,90.909,non_chewing
1968762.0,-0.181641,-1.921387,0.655273,-0.023982,0.089531,0.070879,chewing,1.000000,90.909,non_chewing
1968772.0,-0.180664,-1.904785,0.666992,-0.020251,0.052493,0.063418,chewing,1.000000,90.909,non_chewing
1968782.0,-0.203125,-1.909668,0.666504,-0.002398,0.022383,0.025847,chewing,1.000000,90.909,non_chewing
1968792.0,-0.187012,-1.911133,0.661621,-0.007994,0.011458,-0.011458,chewing,1.000000,90.909,non_chewing
1968802.0,-0.182129,-1.920898,0.662109,-0.019452,0.036505,-0.034374,chewing,1.000000,90.909,non_chewing
1968812.0,-0.173828,-1.92334,0.659668,-0.023715,0.059421,-0.065283,chewing,1.000000,90.909,non_chewing
1968822.0,-0.189453,-1.932129,0.656738,-0.039703,0.051427,-0.074343,chewing,1.000000,90.909,non_chewing
1968832.0,-0.170898,-1.934082,0.672852,-0.026113,0.036505,-0.051694,chewing,1.000000,90.909,non_chewing
1968842.0,-0.179199,-1.930176,0.657715,-0.021317,0.022383,-0.063418,chewing,1.000000,90.909,non_chewing
1968852.0,-0.184082,-1.929199,0.660645,-0.024781,0.007194,-0.037571,chewing,1.000000,90.909,non_chewing
1968862.0,-0.1875,-1.92627,0.666504,-0.01359,-0.000266,0.029044,chewing,1.000000,90.909,non_chewing
1968872.0,-0.183594,-1.922363,0.664551,-0.003198,0.003198,0.060753,chewing,1.000000,90.909,non_chewing
1968882.0,-0.186523,-1.915039,0.658691,0.001332,0.029044,0.083669,chewing,1.000000,90.909,non_chewing
1968892.0,-0.195801,-1.916992,0.666504,0.019718,0.053026,0.080472,chewing,1.000000,90.909,non_chewing
1968902.0,-0.189453,-1.922363,0.654785,-0.010925,0.061819,0.039969,chewing,1.000000,90.909,non_chewing
1968912.0,-0.190918,-1.932617,0.661133,-0.009326,0.102055,-0.004796,chewing,1.000000,90.909,non_chewing
1968922.0,-0.19873,-1.928711,0.66748,-0.033041,0.088732,-0.00906,chewing,1.000000,90.909,non_chewing
1968932.0,-0.184082,-1.92627,0.667969,-0.029311,0.071412,-0.011458,chewing,1.000000,90.909,non_chewing
1968942.0,-0.178223,-1.922852,0.65918,-0.042368,0.058355,-0.050628,chewing,1.000000,90.909,non_chewing
1968952.0,-0.1875,-1.935059,0.648437,-0.023449,0.034907,-0.075942,chewing,1.000000,90.909,non_chewing
1968962.0,-0.187012,-1.927246,0.65625,-0.027712,0.008527,-0.078074,chewing,1.000000,90.909,non_chewing
1968972.0,-0.194336,-1.937988,0.654785,-0.023449,0.00826,-0.051694,chewing,1.000000,90.909,non_chewing
1968982.0,-0.188477,-1.921875,0.663086,-0.018919,0.00373,-0.039436,chewing,1.000000,90.909,non_chewing
1968992.0,-0.190918,-1.924805,0.669434,0.003198,0.015188,-0.01359,chewing,1.000000,90.909,non_chewing
1969002.0,-0.191895,-1.930664,0.655273,0.0,0.027979,-0.035972,chewing,1.000000,90.909,non_chewing
1969012.0,-0.191406,-1.929199,0.673828,0.002931,0.037571,-0.059421,chewing,1.000000,90.909,non_chewing
1969022.0,-0.193359,-1.932129,0.66748,0.002398,0.054092,-0.033574,chewing,1.000000,90.909,non_chewing
1969032.0,-0.184082,-1.920898,0.669434,0.001865,0.054625,-0.010392,chewing,1.000000,90.909,non_chewing
1969042.0,-0.187988,-1.922363,0.678223,-0.002665,0.055424,0.016254,chewing,1.000000,90.909,non_chewing
1969052.0,-0.186035,-1.92041,0.658691,-0.002665,0.051694,0.028511,chewing,1.000000,90.909,non_chewing
1969062.0,-0.19043,-1.915039,0.667969,0.001332,0.057556,0.007994,chewing,1.000000,90.909,non_chewing
1969072.0,-0.19043,-1.92041,0.665039,-0.000799,0.059954,0.030377,chewing,1.000000,90.909,non_chewing
1969082.0,-0.17627,-1.924805,0.674316,-0.00826,0.075675,0.002132,chewing,1.000000,90.909,non_chewing
1969092.0,-0.182617,-1.924805,0.672852,-0.015988,0.070613,0.001332,chewing,1.000000,90.909,non_chewing
1969102.0,-0.183105,-1.926758,0.665527,-0.00373,0.090064,-0.009593,chewing,1.000000,90.909,non_chewing
1969112.0,-0.181641,-1.932129,0.672363,-0.018919,0.071945,-0.045299,chewing,1.000000,90.909,non_chewing
1969122.0,-0.175781,-1.928223,0.671875,-0.022916,0.054625,-0.026913,chewing,1.000000,90.909,non_chewing
1969132.0,-0.17041,-1.922852,0.658691,-0.009593,0.045299,0.011991,chewing,1.000000,90.909,non_chewing
1969142.0,-0.170898,-1.92334,0.675781,-0.010126,0.02638,0.036239,chewing,1.000000,90.909,non_chewing
1969152.0,-0.175781,-1.924805,0.65918,-0.015721,0.018652,0.0437,chewing,1.000000,90.909,non_chewing
1969162.0,-0.185547,-1.918945,0.671387,-0.016787,0.011458,0.053026,chewing,1.000000,90.909,non_chewing
1969172.0,-0.184082,-1.932617,0.669922,-0.009593,0.004263,0.065816,chewing,1.000000,90.909,non_chewing
1969182.0,-0.178223,-1.928223,0.660156,-0.013323,0.013323,0.049828,chewing,1.000000,90.909,non_chewing
1969192.0,-0.191406,-1.918945,0.668945,-0.001066,0.023982,0.088732,chewing,1.000000,90.909,non_chewing
1969202.0,-0.181152,-1.927246,0.671387,0.0,0.011191,0.09193,chewing,1.000000,90.909,non_chewing
1969212.0,-0.182617,-1.926758,0.65918,0.015988,0.042368,0.045299,chewing,1.000000,90.909,non_chewing
1969222.0,-0.191406,-1.933105,0.666992,0.018919,0.043966,0.035706,chewing,1.000000,90.909,non_chewing
1969232.0,-0.200195,-1.92627,0.65625,0.007727,0.03464,0.01732,chewing,1.000000,90.909,non_chewing
1969242.0,-0.201172,-1.910156,0.65918,0.010392,0.054625,-0.019452,chewing,1.000000,90.909,non_chewing
1969252.0,-0.197754,-1.922852,0.675293,-0.002665,0.041568,-0.02638,chewing,1.000000,90.909,non_chewing
1969262.0,-0.194824,-1.913086,0.677734,-0.009859,0.053825,-0.046897,chewing,1.000000,90.909,non_chewing
1969272.0,-0.194824,-1.929199,0.672852,-0.008793,0.045565,-0.036772,chewing,1.000000,90.909,non_chewing
1969282.0,-0.188965,-1.927246,0.666016,-0.009859,0.052493,-0.029844,chewing,1.000000,90.909,non_chewing
1969292.0,-0.189453,-1.916504,0.666504,-0.002665,0.039703,-0.006662,chewing,1.000000,90.909,non_chewing
1969302.0,-0.185059,-1.924805,0.664551,-0.007727,0.033308,-0.014389,chewing,1.000000,90.909,non_chewing
1969312.0,-0.182129,-1.926758,0.671387,-0.007994,0.047697,-0.017853,chewing,1.000000,90.909,non_chewing
1969322.0,-0.180664,-1.927734,0.663574,-0.004796,0.055424,-0.048763,chewing,1.000000,90.909,non_chewing
1969332.0,-0.18457,-1.911133,0.67041,-0.010126,0.053559,-0.050628,chewing,1.000000,90.909,non_chewing
1969342.0,-0.193848,-1.915039,0.673828,-0.006928,0.068747,-0.0429,chewing,1.000000,90.909,non_chewing
1969352.0,-0.166504,-1.916016,0.675293,-0.016787,0.073011,-0.060221,chewing,1.000000,90.909,non_chewing
1969362.0,-0.185547,-1.909668,0.671387,-0.015988,0.080472,-0.050361,chewing,1.000000,90.909,non_chewing
1969372.0,-0.177734,-1.919922,0.678223,0.001332,0.068747,-0.049296,chewing,1.000000,90.909,non_chewing
1969382.0,-0.167969,-1.919434,0.681152,-0.006662,0.059954,-0.039969,chewing,1.000000,90.909,non_chewing
1969392.0,-0.176758,-1.92334,0.675781,-0.011458,0.046364,-0.024781,chewing,1.000000,90.909,non_chewing
1969402.0,-0.178223,-1.932129,0.681152,-0.017587,0.050361,-0.032242,chewing,1.000000,90.909,non_chewing
1969412.0,-0.174805,-1.918457,0.667969,-0.015721,0.029311,-0.006395,chewing,1.000000,90.909,non_chewing
1969422.0,-0.185059,-1.934082,0.666992,-0.005862,0.03011,0.005063,chewing,1.000000,90.909,non_chewing
1969432.0,-0.184082,-1.929688,0.673828,-0.015188,0.037571,-0.010925,chewing,1.000000,90.909,non_chewing
1969442.0,-0.181152,-1.929199,0.684082,-0.005862,0.035706,-0.010925,chewing,1.000000,90.909,non_chewing
1969452.0,-0.192871,-1.912598,0.680664,-0.015455,0.041035,0.003198,chewing,1.000000,90.909,non_chewing
1969462.0,-0.186035,-1.921875,0.67627,-0.013057,0.059155,-0.038904,chewing,1.000000,90.909,non_chewing
1969472.0,-0.201172,-1.913574,0.674316,-0.016254,0.074077,-0.067948,chewing,1.000000,90.909,non_chewing
1969482.0,-0.193848,-1.914063,0.685059,-0.01732,0.066083,-0.075142,chewing,1.000000,90.909,non_chewing
1969492.0,-0.185059,-1.916992,0.679687,-0.018919,0.074609,-0.053559,chewing,1.000000,90.909,non_chewing
1969502.0,-0.189941,-1.918945,0.661133,-0.026113,0.057822,-0.031975,chewing,1.000000,90.909,non_chewing
1969512.0,-0.18457,-1.914551,0.66748,-0.018386,0.066083,0.006928,chewing,1.000000,90.909,non_chewing
1969522.0,-0.181152,-1.92041,0.66748,-0.008527,0.06475,0.035706,chewing,1.000000,90.909,non_chewing
1969532.0,-0.186523,-1.922363,0.672852,-0.007461,0.054092,0.052493,chewing,1.000000,90.909,non_chewing
1969542.0,-0.171387,-1.929199,0.67041,-0.004263,0.059421,0.0437,chewing,1.000000,90.909,non_chewing
1969552.0,-0.17627,-1.938477,0.667969,-0.006662,0.074876,0.017054,chewing,1.000000,90.909,non_chewing
1969562.0,-0.17041,-1.94043,0.658203,-0.001865,0.077807,-0.004796,chewing,1.000000,90.909,non_chewing
1969572.0,-0.17627,-1.92041,0.680664,-0.002931,0.092462,-0.03544,chewing,0.725000,44.118,non_chewing
1969582.0,-0.186523,-1.916992,0.67334,-0.01732,0.098325,-0.000799,chewing,0.725000,44.118,non_chewing
1969592.0,-0.187012,-1.917969,0.680664,-0.009326,0.090064,0.034907,chewing,0.725000,44.118,non_chewing
1969602.0,-0.181641,-1.916992,0.67627,-0.014922,0.106851,0.038904,chewing,0.725000,44.118,non_chewing
1969612.0,-0.181152,-1.913574,0.677246,-0.013057,0.11298,0.022383,chewing,0.725000,44.118,non_chewing
1969622.0,-0.182617,-1.913574,0.680664,-0.015721,0.124971,0.025047,chewing,0.725000,44.118,non_chewing
1969632.0,-0.179687,-1.916992,0.682617,-0.004796,0.125237,0.004796,chewing,0.725000,44.118,non_chewing
1969642.0,-0.180176,-1.912109,0.674316,-0.017587,0.108717,0.026913,chewing,0.725000,44.118,non_chewing
1969652.0,-0.170898,-1.91748,0.674316,-0.011991,0.104453,0.0437,chewing,0.725000,44.118,non_chewing
1969662.0,-0.175293,-1.928223,0.678223,-0.015455,0.085268,0.062619,chewing,0.725000,44.118,non_chewing
1969672.0,-0.181641,-1.910156,0.672852,-0.026913,0.087133,0.055158,chewing,0.725000,44.118,non_chewing
1969682.0,-0.178223,-1.922852,0.669922,-0.028778,0.092196,0.05649,chewing,0.725000,44.118,non_chewing
1969692.0,-0.188965,-1.929199,0.679199,-0.028245,0.116178,0.068214,chewing,0.725000,44.118,non_chewing
1969702.0,-0.180664,-1.908691,0.677734,-0.051427,0.106585,0.036239,chewing,0.725000,44.118,non_chewing
1969712.0,-0.194336,-1.916504,0.666016,-0.02558,0.140692,0.058622,chewing,0.725000,44.118,non_chewing
1969722.0,-0.192871,-1.910645,0.669922,-0.037038,0.155081,0.082337,chewing,0.725000,44.118,non_chewing
1969732.0,-0.188477,-1.916504,0.67041,-0.028245,0.149752,0.123639,chewing,0.725000,44.118,non_chewing
1969742.0,-0.192383,-1.910645,0.691895,-0.03091,0.128968,0.12577,chewing,0.725000,44.118,non_chewing
1969752.0,-0.196289,-1.907715,0.684082,-0.019985,0.081804,0.104453,chewing,0.725000,44.118,non_chewing
1969762.0,-0.19043,-1.907227,0.679687,-0.006662,0.066083,0.089531,chewing,0.725000,44.118,non_chewing
1969772.0,-0.187012,-1.916016,0.679687,-0.010658,0.072211,0.085002,chewing,0.725000,44.118,non_chewing
1969782.0,-0.186035,-1.918457,0.67334,-0.029044,0.092995,0.084202,chewing,0.725000,44.118,non_chewing
1969792.0,-0.193359,-1.918945,0.668945,-0.009326,0.123372,0.055158,chewing,0.725000,44.118,non_chewing
1969802.0,-0.186523,-1.917969,0.687988,-0.027446,0.117776,0.024781,chewing,0.725000,44.118,non_chewing
1969812.0,-0.193848,-1.920898,0.67627,-0.023182,0.099923,0.027179,chewing,0.725000,44.118,non_chewing
1969822.0,-0.19043,-1.924805,0.676758,-0.041035,0.089531,0.059954,chewing,0.725000,44.118,non_chewing
1969832.0,-0.186035,-1.918945,0.67334,-0.051694,0.088998,0.095394,chewing,0.725000,44.118,non_chewing
1969842.0,-0.187012,-1.912109,0.669434,-0.055691,0.08207,0.141492,chewing,0.725000,44.118,non_chewing
1969852.0,-0.19873,-1.913086,0.670898,-0.075675,0.103121,0.167338,chewing,0.725000,44.118,non_chewing
1969862.0,-0.202637,-1.929688,0.674316,-0.076208,0.147887,0.140692,chewing,0.725000,44.118,non_chewing
1969872.0,-0.214844,-1.918945,0.678223,-0.095394,0.18306,0.080205,chewing,0.725000,44.118,non_chewing
1969882.0,-0.216309,-1.914551,0.662109,-0.093795,0.215835,0.041568,chewing,0.725000,44.118,non_chewing
1969892.0,-0.209961,-1.924316,0.669922,-0.08207,0.20944,0.042368,chewing,0.725000,44.118,non_chewing
1969902.0,-0.211426,-1.93457,0.668457,-0.070613,0.211571,0.054891,chewing,0.725000,44.118,non_chewing
1969912.0,-0.216797,-1.933594,0.660645,-0.088466,0.196116,0.124172,chewing,0.725000,44.118,non_chewing
1969922.0,-0.209473,-1.906738,0.679687,-0.067149,0.168937,0.118576,chewing,0.725000,44.118,non_chewing
1969932.0,-0.206055,-1.932617,0.65625,-0.055424,0.16574,0.12657,chewing,0.725000,44.118,non_chewing
1969942.0,-0.194336,-1.927734,0.669922,-0.038104,0.151617,0.0874,chewing,0.725000,44.118,non_chewing
1969952.0,-0.202148,-1.928223,0.658203,-0.018652,0.159345,0.096459,chewing,0.725000,44.118,non_chewing
1969962.0,-0.209961,-1.920898,0.656738,-0.022116,0.139093,0.099391,chewing,0.725000,44.118,non_chewing
1969972.0,-0.216309,-1.924805,0.658691,-0.013057,0.150285,0.081271,chewing,0.725000,44.118,non_chewing
1969982.0,-0.229004,-1.925781,0.660645,-0.012257,0.126303,0.11751,chewing,0.725000,44.118,non_chewing
1969992.0,-0.228516,-1.918457,0.658203,-0.027712,0.130833,0.129767,chewing,0.725000,44.118,non_chewing
1970002.0,-0.231445,-1.920898,0.653809,-0.037838,0.115911,0.176931,chewing,0.725000,44.118,non_chewing
1970012.0,-0.231934,-1.92334,0.640625,-0.036505,0.127103,0.210505,chewing,0.725000,44.118,non_chewing
1970022.0,-0.242187,-1.92041,0.665527,-0.037305,0.132965,0.19585,chewing,0.725000,44.118,non_chewing
1970032.0,-0.239746,-1.90918,0.661133,-0.029577,0.108184,0.198248,chewing,0.725000,44.118,non_chewing
1970042.0,-0.239746,-1.905273,0.668945,-0.040502,0.118309,0.165207,chewing,0.725000,44.118,non_chewing
1970052.0,-0.25293,-1.914551,0.669922,-0.05276,0.123905,0.162009,chewing,0.725000,44.118,non_chewing
1970062.0,-0.257813,-1.905273,0.671875,-0.052227,0.132698,0.160677,chewing,0.725000,44.118,non_chewing
1970072.0,-0.261719,-1.915039,0.656738,-0.049029,0.129234,0.15668,chewing,0.725000,44.118,non_chewing
1970082.0,-0.269531,-1.916016,0.654297,-0.037838,0.140159,0.108184,chewing,0.725000,44.118,non_chewing
1970092.0,-0.263672,-1.919434,0.66748,-0.033041,0.126037,0.059155,chewing,0.725000,44.118,non_chewing
1970102.0,-0.265625,-1.918945,0.672363,-0.033574,0.13483,0.045565,chewing,0.725000,44.118,non_chewing
1970112.0,-0.26416,-1.912598,0.664551,-0.0429,0.144956,0.039436,chewing,0.725000,44.118,non_chewing
1970122.0,-0.266113,-1.91748,0.666992,-0.038371,0.112714,0.039969,chewing,0.725000,44.118,non_chewing
1970132.0,-0.263672,-1.922852,0.668945,-0.045032,0.090597,0.039969,chewing,0.725000,44.118,non_chewing
1970142.0,-0.260254,-1.91748,0.661621,-0.026913,0.083403,0.017054,chewing,0.725000,44.118,non_chewing
1970152.0,-0.265625,-1.918945,0.653809,-0.034907,0.07381,0.014655,chewing,0.725000,44.118,non_chewing
1970162.0,-0.269531,-1.915039,0.656738,-0.023715,0.067948,0.005862,chewing,0.725000,44.118,non_chewing
1970172.0,-0.264648,-1.916016,0.652832,-0.03011,0.090597,-0.022916,chewing,0.725000,44.118,non_chewing
1970182.0,-0.250488,-1.916992,0.658203,-0.026113,0.106585,-0.03091,chewing,0.725000,44.118,non_chewing
1970192.0,-0.26123,-1.905762,0.632812,-0.023982,0.102588,0.02558,chewing,0.725000,44.118,non_chewing
1970202.0,-0.250488,-1.917969,0.661621,-0.031176,0.104187,0.01279,chewing,0.725000,44.118,non_chewing
1970212.0,-0.254883,-1.906738,0.666016,-0.029577,0.109516,0.008793,chewing,0.725000,44.118,non_chewing
1970222.0,-0.259277,-1.916016,0.65625,-0.015721,0.104453,0.018652,chewing,0.725000,44.118,non_chewing
1970232.0,-0.247559,-1.910645,0.655273,-0.033041,0.099124,0.021583,chewing,0.725000,44.118,non_chewing
1970242.0,-0.251953,-1.921875,0.652344,-0.026913,0.10472,0.021051,chewing,0.725000,44.118,non_chewing
1970252.0,-0.235352,-1.919922,0.651855,-0.015721,0.068747,0.011458,chewing,0.725000,44.118,non_chewing
1970262.0,-0.238281,-1.927246,0.662598,-0.020518,0.066083,0.006662,chewing,0.725000,44.118,non_chewing
1970272.0,-0.253418,-1.913574,0.669434,-0.025047,0.043433,-0.00906,chewing,0.725000,44.118,non_chewing
1970282.0,-0.25,-1.928223,0.652832,-0.019985,0.058888,-0.026113,chewing,0.725000,44.118,non_chewing
1970292.0,-0.256836,-1.912598,0.649414,-0.015988,0.050894,-0.040236,chewing,0.725000,44.118,non_chewing
1970302.0,-0.255371,-1.91748,0.666504,-0.021051,0.054358,-0.037038,chewing,0.725000,44.118,non_chewing
1970312.0,-0.238281,-1.911621,0.673828,-0.021583,0.050894,-0.013856,chewing,0.725000,44.118,non_chewing
1970322.0,-0.253906,-1.916992,0.66748,-0.034907,0.046098,-0.016254,chewing,0.725000,44.118,non_chewing
1970332.0,-0.256836,-1.90918,0.66748,-0.038371,0.047697,0.027179,chewing,0.725000,44.118,non_chewing
1970342.0,-0.25,-1.910156,0.658203,-0.024515,0.039436,0.028778,chewing,0.725000,44.118,non_chewing
1970352.0,-0.249512,-1.912598,0.663086,-0.032242,0.034374,0.038904,chewing,0.725000,44.118,non_chewing
1970362.0,-0.256836,-1.912598,0.658691,-0.039436,0.035972,0.024248,chewing,0.725000,44.118,non_chewing
1970372.0,-0.24707,-1.929688,0.664551,-0.030377,0.043966,0.009859,chewing,0.725000,44.118,non_chewing
1970382.0,-0.258789,-1.921387,0.660156,-0.023449,0.061819,-0.039969,chewing,0.725000,44.118,non_chewing
1970392.0,-0.258789,-1.914551,0.649414,-0.019452,0.057822,-0.061553,chewing,0.725000,44.118,non_chewing
1970402.0,-0.255371,-1.90625,0.650391,-0.019452,0.062619,-0.048496,chewing,0.725000,44.118,non_chewing
1970412.0,-0.257324,-1.914063,0.67334,-0.027979,0.052227,-0.027979,chewing,0.725000,44.118,non_chewing
1970422.0,-0.24707,-1.914063,0.666504,-0.033041,0.05276,-0.018119,chewing,0.725000,44.118,non_chewing
1970432.0,-0.252441,-1.90918,0.654297,-0.033841,0.054358,-0.012257,chewing,0.725000,44.118,non_chewing
1970442.0,-0.257324,-1.910645,0.649414,-0.033841,0.041835,0.016787,chewing,0.725000,44.118,non_chewing
1970452.0,-0.25293,-1.913086,0.647461,-0.031176,0.027712,0.046364,chewing,0.725000,44.118,non_chewing
1970462.0,-0.240723,-1.916016,0.665527,-0.019185,0.030643,0.034374,chewing,0.725000,44.118,non_chewing
1970472.0,-0.25293,-1.924316,0.662598,-0.023982,0.035706,0.010126,chewing,0.725000,44.118,non_chewing
1970482.0,-0.249023,-1.912598,0.660645,-0.017054,0.054358,-0.015188,chewing,0.725000,44.118,non_chewing
1970492.0,-0.244629,-1.912598,0.653809,-0.027446,0.053026,-0.033041,chewing,0.725000,44.118,non_chewing
1970502.0,-0.253906,-1.915527,0.662109,-0.020518,0.051161,-0.031443,chewing,0.725000,44.118,non_chewing
1970512.0,-0.255371,-1.91748,0.666016,-0.027179,0.057556,-0.015721,chewing,0.725000,44.118,non_chewing
1970522.0,-0.257324,-1.919922,0.660156,-0.020784,0.055691,-0.007461,chewing,0.725000,44.118,non_chewing
1970532.0,-0.258789,-1.910156,0.651855,-0.030377,0.051694,0.010658,chewing,0.725000,44.118,non_chewing
1970542.0,-0.25293,-1.916992,0.67334,-0.020251,0.048496,0.043167,chewing,0.725000,44.118,non_chewing
1970552.0,-0.254395,-1.917969,0.651367,-0.019452,0.056224,0.043966,chewing,0.725000,44.118,non_chewing
1970562.0,-0.251465,-1.911133,0.650391,-0.034907,0.065283,0.021583,chewing,0.725000,44.118,non_chewing
1970572.0,-0.256348,-1.91748,0.668945,-0.038904,0.070613,0.028245,chewing,0.725000,44.118,non_chewing
1970582.0,-0.254395,-1.918457,0.66748,-0.03544,0.076741,0.020518,chewing,0.725000,44.118,non_chewing
1970592.0,-0.263184,-1.905762,0.660156,-0.03011,0.083136,0.014922,chewing,0.725000,44.118,non_chewing
1970602.0,-0.260742,-1.91748,0.655273,-0.042368,0.074343,0.031975,non_chewing,0.450000,0.000,non_chewing
1970612.0,-0.259277,-1.91748,0.648437,-0.019718,0.073011,0.027712,non_chewing,0.450000,0.000,non_chewing
1970622.0,-0.252441,-1.918945,0.643555,-0.03091,0.060221,0.031443,non_chewing,0.450000,0.000,non_chewing
1970632.0,-0.256836,-1.915039,0.662109,-0.033574,0.064217,0.050361,non_chewing,0.450000,0.000,non_chewing
1970642.0,-0.253906,-1.915039,0.653809,-0.034907,0.044766,0.058622,non_chewing,0.450000,0.000,non_chewing
1970652.0,-0.250488,-1.922363,0.646973,-0.045032,0.03091,0.097792,non_chewing,0.450000,0.000,non_chewing
1970662.0,-0.265137,-1.917969,0.65625,-0.042634,0.013323,0.105253,non_chewing,0.450000,0.000,non_chewing
1970672.0,-0.262207,-1.908203,0.647461,-0.043966,0.003198,0.136695,non_chewing,0.450000,0.000,non_chewing
1970682.0,-0.255371,-1.913574,0.65625,-0.055957,0.011191,0.148686,non_chewing,0.450000,0.000,non_chewing
1970692.0,-0.26416,-1.924316,0.640625,-0.049296,0.013856,0.159078,non_chewing,0.450000,0.000,non_chewing
1970702.0,-0.266113,-1.930176,0.655762,-0.054625,0.021583,0.085268,non_chewing,0.450000,0.000,non_chewing
1970712.0,-0.274414,-1.92334,0.674805,-0.034374,0.016254,0.009593,non_chewing,0.450000,0.000,non_chewing
1970722.0,-0.282715,-1.898926,0.652344,-0.019452,0.028778,-0.023449,non_chewing,0.450000,0.000,non_chewing
1970732.0,-0.274902,-1.897461,0.663086,-0.020784,0.044499,-0.020784,non_chewing,0.450000,0.000,non_chewing
1970742.0,-0.27832,-1.903809,0.66748,-0.009859,0.068747,-0.028778,non_chewing,0.450000,0.000,non_chewing
1970752.0,-0.273926,-1.905273,0.660645,0.001599,0.083669,-0.00453,non_chewing,0.450000,0.000,non_chewing
1970762.0,-0.267578,-1.911621,0.654785,-0.011724,0.097792,-0.015188,non_chewing,0.450000,0.000,non_chewing
1970772.0,-0.26709,-1.922852,0.650391,-0.014655,0.098058,-0.025847,non_chewing,0.450000,0.000,non_chewing
1970782.0,-0.268555,-1.920898,0.662109,-0.008527,0.088466,-0.051427,non_chewing,0.450000,0.000,non_chewing
1970792.0,-0.268066,-1.91748,0.647949,-0.012257,0.074609,-0.067681,non_chewing,0.450000,0.000,non_chewing
1970802.0,-0.252441,-1.916016,0.660645,-0.00826,0.058089,-0.043167,non_chewing,0.450000,0.000,non_chewing
1970812.0,-0.260742,-1.916992,0.683594,-0.021583,0.062619,-0.041302,non_chewing,0.450000,0.000,non_chewing
1970822.0,-0.263672,-1.904785,0.664062,-0.02638,0.044499,-0.02638,non_chewing,0.450000,0.000,non_chewing
1970832.0,-0.253906,-1.90918,0.665527,-0.033308,0.061286,0.013323,non_chewing,0.450000,0.000,non_chewing
1970842.0,-0.254883,-1.911133,0.653809,-0.02558,0.074876,-0.01359,non_chewing,0.450000,0.000,non_chewing
1970852.0,-0.250977,-1.90332,0.670898,-0.027712,0.055424,-0.011724,non_chewing,0.450000,0.000,non_chewing
1970862.0,-0.249023,-1.909668,0.664062,-0.025314,0.06475,-0.018386,non_chewing,0.450000,0.000,non_chewing
1970872.0,-0.262695,-1.926758,0.66748,-0.035972,0.05276,0.000266,non_chewing,0.450000,0.000,non_chewing
1970882.0,-0.26123,-1.903809,0.657715,-0.039969,0.052227,-0.020784,non_chewing,0.450000,0.000,non_chewing
1970892.0,-0.266113,-1.922363,0.647949,-0.021051,0.033041,0.009859,non_chewing,0.450000,0.000,non_chewing
1970902.0,-0.265625,-1.918457,0.661621,-0.016787,0.037305,-0.019718,non_chewing,0.450000,0.000,non_chewing
1970912.0,-0.271973,-1.899902,0.656738,-0.021583,0.051694,-0.01732,non_chewing,0.450000,0.000,non_chewing
1970922.0,-0.230469,-1.922852,0.660156,-0.094861,0.030377,-0.038904,non_chewing,0.450000,0.000,non_chewing
1970932.0,-0.253906,-1.86084,0.67041,-0.098858,0.058622,-0.03011,non_chewing,0.450000,0.000,non_chewing
1970942.0,-0.276367,-1.91748,0.655762,-0.002398,0.009593,0.032242,non_chewing,0.450000,0.000,non_chewing
1970952.0,-0.22998,-1.915527,0.664062,-0.05196,0.039436,-0.010392,non_chewing,0.450000,0.000,non_chewing
1970962.0,-0.246094,-1.895508,0.686035,-0.029844,0.051427,-0.049296,non_chewing,0.450000,0.000,non_chewing
1970972.0,-0.240723,-1.946777,0.669922,-0.060753,0.026913,0.001332,non_chewing,0.450000,0.000,non_chewing
1970982.0,-0.249512,-1.896973,0.675293,0.010126,0.01279,-0.027979,non_chewing,0.450000,0.000,non_chewing
1970992.0,-0.20752,-1.938477,0.664062,0.03091,0.011724,0.032508,non_chewing,0.450000,0.000,non_chewing
1971002.0,-0.270508,-1.890137,0.671387,0.070346,0.011991,-0.015988,non_chewing,0.450000,0.000,non_chewing
1971012.0,-0.249512,-1.898438,0.676758,0.038904,0.010126,-0.036239,non_chewing,0.450000,0.000,non_chewing
1971022.0,-0.250488,-1.887207,0.678223,0.027446,0.022649,-0.031709,non_chewing,0.450000,0.000,non_chewing
1971032.0,-0.266113,-1.900391,0.678711,0.016254,0.008527,0.008793,non_chewing,0.450000,0.000,non_chewing
1971042.0,-0.258789,-1.899902,0.683105,-0.018119,0.009593,0.03011,non_chewing,0.450000,0.000,non_chewing
1971052.0,-0.263672,-1.90332,0.680664,0.001332,0.037038,0.047963,non_chewing,0.450000,0.000,non_chewing
1971062.0,-0.257324,-1.921875,0.678223,-0.02638,0.020518,0.024781,non_chewing,0.450000,0.000,non_chewing
1971072.0,-0.252441,-1.911133,0.657227,-0.043966,0.046897,-0.01732,non_chewing,0.450000,0.000,non_chewing
1971082.0,-0.251465,-1.909668,0.673828,-0.039436,0.058355,-0.06102,non_chewing,0.450000,0.000,non_chewing
1971092.0,-0.250488,-1.92041,0.654785,-0.053292,0.065816,-0.072744,non_chewing,0.450000,0.000,non_chewing
1971102.0,-0.25293,-1.916016,0.653809,-0.07008,0.066083,-0.072211,non_chewing,0.450000,0.000,non_chewing
1971112.0,-0.244629,-1.92627,0.657227,-0.077807,0.031975,-0.019452,non_chewing,0.450000,0.000,non_chewing
1971122.0,-0.244141,-1.933105,0.642578,-0.084735,0.020251,-0.008527,non_chewing,0.450000,0.000,non_chewing
1971132.0,-0.23291,-1.929688,0.643066,-0.059155,0.030377,-0.011458,non_chewing,0.450000,0.000,non_chewing
1971142.0,-0.243652,-1.936035,0.631348,-0.044499,0.033841,0.004263,non_chewing,0.450000,0.000,non_chewing
1971152.0,-0.254883,-1.913574,0.637695,-0.027446,0.034107,0.012257,non_chewing,0.450000,0.000,non_chewing
1971162.0,-0.262207,-1.927734,0.63916,-0.022116,0.049562,0.012524,non_chewing,0.450000,0.000,non_chewing
1971172.0,-0.256348,-1.924316,0.639648,-0.018119,0.065816,0.000266,non_chewing,0.450000,0.000,non_chewing
1971182.0,-0.272461,-1.916504,0.642578,-0.021583,0.080472,0.008793,non_chewing,0.450000,0.000,non_chewing
1971192.0,-0.274902,-1.924805,0.640137,-0.018119,0.076208,0.041035,non_chewing,0.450000,0.000,non_chewing
1971202.0,-0.275391,-1.926758,0.646973,-0.014389,0.077541,0.075942,non_chewing,0.450000,0.000,non_chewing
1971212.0,-0.276367,-1.928223,0.640625,-0.000266,0.094328,0.054358,non_chewing,0.450000,0.000,non_chewing
1971222.0,-0.28125,-1.919434,0.652344,0.004263,0.096459,0.107384,non_chewing,0.450000,0.000,non_chewing
1971232.0,-0.276855,-1.932617,0.635742,0.015188,0.112714,0.110582,non_chewing,0.450000,0.000,non_chewing
1971242.0,-0.277344,-1.932617,0.63916,0.002665,0.12124,0.081271,non_chewing,0.450000,0.000,non_chewing
1971252.0,-0.28418,-1.92041,0.652832,0.011724,0.150018,0.065283,non_chewing,0.450000,0.000,non_chewing
1971262.0,-0.286621,-1.921875,0.650879,0.006662,0.164674,0.065017,non_chewing,0.450000,0.000,non_chewing
1971272.0,-0.273926,-1.927734,0.639648,-0.002398,0.166273,0.036239,non_chewing,0.450000,0.000,non_chewing
1971282.0,-0.291016,-1.924316,0.646484,0.008527,0.163075,0.020784,non_chewing,0.450000,0.000,non_chewing
1971292.0,-0.283203,-1.915039,0.642578,0.005596,0.159611,0.054891,non_chewing,0.450000,0.000,non_chewing
1971302.0,-0.280273,-1.92041,0.645996,0.004796,0.16494,0.043966,non_chewing,0.450000,0.000,non_chewing
1971312.0,-0.288086,-1.925293,0.649902,0.015455,0.171069,0.022916,non_chewing,0.450000,0.000,non_chewing
1971322.0,-0.292969,-1.912109,0.652832,0.011991,0.174266,-0.00373,non_chewing,0.450000,0.000,non_chewing
1971332.0,-0.287109,-1.910645,0.645996,0.007194,0.184925,0.003198,non_chewing,0.450000,0.000,non_chewing
1971342.0,-0.291016,-1.92334,0.64209,0.003464,0.193185,0.009326,non_chewing,0.450000,0.000,non_chewing
1971352.0,-0.294434,-1.90918,0.649414,0.003198,0.185191,0.057556,non_chewing,0.450000,0.000,non_chewing
1971362.0,-0.298828,-1.931152,0.655762,0.016787,0.181461,0.074876,non_chewing,0.450000,0.000,non_chewing
1971372.0,-0.296875,-1.907715,0.641113,0.029044,0.168671,0.085801,non_chewing,0.450000,0.000,non_chewing
1971382.0,-0.30127,-1.919922,0.657715,0.027179,0.171335,0.095394,non_chewing,0.450000,0.000,non_chewing
1971392.0,-0.291992,-1.921387,0.658203,0.025314,0.167072,0.07008,non_chewing,0.450000,0.000,non_chewing
1971402.0,-0.297363,-1.910645,0.66748,0.044233,0.170003,0.021051,non_chewing,0.450000,0.000,non_chewing
1971412.0,-0.307129,-1.914063,0.657715,0.044499,0.162009,0.01279,non_chewing,0.450000,0.000,non_chewing
1971422.0,-0.305664,-1.90918,0.655273,0.034907,0.148153,0.00826,non_chewing,0.450000,0.000,non_chewing
1971432.0,-0.307617,-1.907227,0.665039,0.03544,0.118309,0.011724,non_chewing,0.450000,0.000,non_chewing
1971442.0,-0.303711,-1.902344,0.665527,0.023982,0.120708,0.005862,non_chewing,0.450000,0.000,non_chewing
1971452.0,-0.293457,-1.897949,0.673828,0.019718,0.105253,0.001599,non_chewing,0.450000,0.000,non_chewing
1971462.0,-0.297363,-1.900879,0.676758,0.011191,0.097259,-0.022383,non_chewing,0.450000,0.000,non_chewing
1971472.0,-0.303223,-1.902832,0.675781,0.012524,0.090064,-0.042101,non_chewing,0.450000,0.000,non_chewing
1971482.0,-0.291016,-1.905273,0.66748,0.006129,0.084202,-0.065283,non_chewing,0.450000,0.000,non_chewing
1971492.0,-0.290527,-1.913574,0.674316,0.0,0.081804,-0.086867,non_chewing,0.450000,0.000,non_chewing
1971502.0,-0.283691,-1.917969,0.656738,0.003198,0.058622,-0.112447,non_chewing,0.450000,0.000,non_chewing
1971512.0,-0.279785,-1.913086,0.665039,0.015988,0.059421,-0.154282,non_chewing,0.450000,0.000,non_chewing
1971522.0,-0.29248,-1.927246,0.665527,0.034907,0.085534,-0.169204,non_chewing,0.450000,0.000,non_chewing
1971532.0,-0.276367,-1.914551,0.663086,0.054092,0.072478,-0.147887,non_chewing,0.450000,0.000,non_chewing
1971542.0,-0.26709,-1.916992,0.653809,0.070346,0.118309,-0.136162,non_chewing,0.450000,0.000,non_chewing
1971552.0,-0.255859,-1.93457,0.663086,0.12124,0.118309,-0.074876,non_chewing,0.450000,0.000,non_chewing
1971562.0,-0.275391,-1.912109,0.648926,0.107384,0.128435,-0.153749,non_chewing,0.450000,0.000,non_chewing
1971572.0,-0.26709,-1.922363,0.645996,0.092462,0.141225,-0.123106,non_chewing,0.450000,0.000,non_chewing
1971582.0,-0.247559,-1.940918,0.636719,0.092196,0.153482,-0.154548,non_chewing,0.450000,0.000,non_chewing
1971592.0,-0.26709,-1.907227,0.65625,0.065017,0.137495,-0.199847,non_chewing,0.450000,0.000,non_chewing
1971602.0,-0.267578,-1.930176,0.65625,0.053825,0.116178,-0.13856,non_chewing,0.450000,0.000,non_chewing
1971612.0,-0.263672,-1.917969,0.644043,0.067415,0.089265,-0.140426,non_chewing,0.450000,0.000,non_chewing
1971622.0,-0.27002,-1.914063,0.651367,0.07008,0.053825,-0.092196,non_chewing,0.450000,0.000,non_chewing
1971632.0,-0.270508,-1.925781,0.661621,0.075942,0.029044,-0.077274,chewing,0.725000,42.857,non_chewing
1971642.0,-0.254883,-1.922852,0.656738,0.110315,0.015455,-0.095926,chewing,0.725000,42.857,non_chewing
1971652.0,-0.271484,-1.913086,0.66748,0.134297,0.017853,-0.102855,chewing,0.725000,42.857,non_chewing
1971662.0,-0.280273,-1.905762,0.683594,0.152949,0.043433,-0.094861,chewing,0.725000,42.857,non_chewing
1971672.0,-0.272461,-1.890625,0.689941,0.135896,0.036772,-0.096193,chewing,0.725000,42.857,non_chewing
1971682.0,-0.277832,-1.867676,0.694824,0.134031,0.03917,-0.086867,chewing,0.725000,42.857,non_chewing
1971692.0,-0.305176,-1.864258,0.692871,0.112181,0.016521,-0.083403,chewing,0.725000,42.857,non_chewing
1971702.0,-0.294922,-1.895996,0.693359,0.114579,0.033308,-0.115645,chewing,0.725000,42.857,non_chewing
1971712.0,-0.246582,-1.904785,0.6875,0.106319,0.071678,-0.172401,chewing,0.725000,42.857,non_chewing
1971722.0,-0.233887,-1.922363,0.669922,0.128435,0.079672,-0.220364,chewing,0.725000,42.857,non_chewing
1971732.0,-0.205566,-1.924316,0.674316,0.090864,0.093795,-0.252606,chewing,0.725000,42.857,non_chewing
1971742.0,-0.216797,-1.932617,0.680664,0.097259,0.070879,-0.253939,chewing,0.725000,42.857,non_chewing
1971752.0,-0.223633,-1.930664,0.688477,0.085534,0.016254,-0.237685,chewing,0.725000,42.857,non_chewing
1971762.0,-0.234863,-1.898438,0.695312,0.072744,-0.043167,-0.177198,chewing,0.725000,42.857,non_chewing
1971772.0,-0.240723,-1.88916,0.700684,0.050361,-0.063951,-0.155081,chewing,0.725000,42.857,non_chewing
1971782.0,-0.227051,-1.88916,0.709961,0.043966,-0.046098,-0.138827,chewing,0.725000,42.857,non_chewing
1971792.0,-0.226074,-1.890137,0.69043,0.061819,-0.023449,-0.141492,chewing,0.725000,42.857,non_chewing
1971802.0,-0.230957,-1.91748,0.69873,0.078074,-0.000533,-0.129234,chewing,0.725000,42.857,non_chewing
1971812.0,-0.230957,-1.909668,0.699219,0.096992,-0.001066,-0.129501,chewing,0.725000,42.857,non_chewing
1971822.0,-0.238281,-1.901855,0.700684,0.104986,0.02185,-0.160677,chewing,0.725000,42.857,non_chewing
1971832.0,-0.234375,-1.912598,0.700684,0.083669,0.018652,-0.110582,chewing,0.725000,42.857,non_chewing
1971842.0,-0.223145,-1.910645,0.700684,0.081804,0.017587,-0.123106,chewing,0.725000,42.857,non_chewing
1971852.0,-0.233398,-1.896973,0.696777,0.075409,0.022116,-0.118043,chewing,0.725000,42.857,non_chewing
1971862.0,-0.225098,-1.907715,0.708496,0.054358,0.02638,-0.132165,chewing,0.725000,42.857,non_chewing
1971872.0,-0.233887,-1.915527,0.704102,0.072744,0.067415,-0.136695,chewing,0.725000,42.857,non_chewing
1971882.0,-0.231445,-1.925293,0.706055,0.068214,0.078873,-0.123639,chewing,0.725000,42.857,non_chewing
1971892.0,-0.240234,-1.914551,0.705566,0.096459,0.098325,-0.095926,chewing,0.725000,42.857,non_chewing
1971902.0,-0.249023,-1.898438,0.693359,0.093795,0.100456,-0.069014,chewing,0.725000,42.857,non_chewing
1971912.0,-0.238281,-1.901855,0.699707,0.085268,0.116444,-0.086067,chewing,0.725000,42.857,non_chewing
1971922.0,-0.23291,-1.902344,0.706055,0.086067,0.123106,-0.102588,chewing,0.725000,42.857,non_chewing
1971932.0,-0.224121,-1.906738,0.703125,0.080738,0.123905,-0.144423,chewing,0.725000,42.857,non_chewing
1971942.0,-0.222168,-1.911621,0.701172,0.066616,0.100723,-0.158012,chewing,0.725000,42.857,non_chewing
1971952.0,-0.232422,-1.907227,0.709961,0.053825,0.062619,-0.110582,chewing,0.725000,42.857,non_chewing
1971962.0,-0.238281,-1.898438,0.708008,0.044766,0.015455,-0.062619,chewing,0.725000,42.857,non_chewing
1971972.0,-0.235352,-1.898926,0.715332,0.038104,-0.001599,-0.024781,chewing,0.725000,42.857,non_chewing
1971982.0,-0.253906,-1.894043,0.714844,0.058089,-0.018652,-0.038371,chewing,0.725000,42.857,non_chewing
1971992.0,-0.249023,-1.902832,0.723633,0.065017,-0.025847,-0.079672,chewing,0.725000,42.857,non_chewing
1972002.0,-0.269043,-1.884766,0.726074,0.077807,-0.03544,-0.089265,chewing,0.725000,42.857,non_chewing
1972012.0,-0.26709,-1.889648,0.705566,0.063951,-0.022116,-0.104187,chewing,0.725000,42.857,non_chewing
1972022.0,-0.248535,-1.913086,0.728027,0.061286,0.001599,-0.141492,chewing,0.725000,42.857,non_chewing
1972032.0,-0.236816,-1.917969,0.700195,0.054625,0.005329,-0.196916,chewing,0.725000,42.857,non_chewing
1972042.0,-0.235352,-1.919434,0.713867,0.050628,0.002398,-0.218499,chewing,0.725000,42.857,non_chewing
1972052.0,-0.224609,-1.89209,0.717285,0.013057,-0.022916,-0.203577,chewing,0.725000,42.857,non_chewing
1972062.0,-0.220215,-1.89502,0.697754,0.007727,-0.039969,-0.164674,chewing,0.725000,42.857,non_chewing
1972072.0,-0.230957,-1.905273,0.725586,-0.001599,-0.033841,-0.156946,chewing,0.725000,42.857,non_chewing
1972082.0,-0.230469,-1.902832,0.713379,-0.00906,-0.050095,-0.139626,chewing,0.725000,42.857,non_chewing
1972092.0,-0.22998,-1.89502,0.70752,0.009859,-0.041568,-0.11751,chewing,0.725000,42.857,non_chewing
1972102.0,-0.227051,-1.895508,0.714844,0.008793,-0.031975,-0.099657,chewing,0.725000,42.857,non_chewing
1972112.0,-0.223145,-1.893555,0.717773,0.021051,-0.019452,-0.123905,chewing,0.725000,42.857,non_chewing
1972122.0,-0.217285,-1.885742,0.720215,0.004796,-0.038904,-0.130567,chewing,0.725000,42.857,non_chewing
1972132.0,-0.216797,-1.90332,0.716309,-0.013323,-0.019718,-0.144423,chewing,0.725000,42.857,non_chewing
1972142.0,-0.221191,-1.897461,0.71875,-0.027446,-0.030377,-0.142824,chewing,0.725000,42.857,non_chewing
1972152.0,-0.214355,-1.895996,0.705566,-0.014389,-0.011458,-0.16574,chewing,0.725000,42.857,non_chewing
1972162.0,-0.186035,-1.965332,0.692383,0.04823,-0.021583,-0.060221,chewing,0.725000,42.857,non_chewing
1972172.0,-0.216797,-1.902832,0.733887,-0.012257,0.012524,-0.192652,chewing,0.725000,42.857,non_chewing
1972182.0,-0.212402,-1.919922,0.716797,0.058355,0.016521,-0.155881,chewing,0.725000,42.857,non_chewing
1972192.0,-0.199707,-1.894043,0.722656,-0.015988,-0.023182,-0.185724,chewing,0.725000,42.857,non_chewing
1972202.0,-0.201172,-1.901855,0.712402,0.005862,-0.005329,-0.13483,chewing,0.725000,42.857,non_chewing
1972212.0,-0.213379,-1.918457,0.713379,0.017587,-0.025314,-0.102055,chewing,0.725000,42.857,non_chewing
1972222.0,-0.215332,-1.904785,0.724609,0.019718,-0.021317,-0.066616,chewing,0.725000,42.857,non_chewing
1972232.0,-0.216797,-1.911621,0.724121,0.016254,-0.017853,-0.042634,chewing,0.725000,42.857,non_chewing
1972242.0,-0.208496,-1.921387,0.711914,0.039703,0.02638,-0.088732,chewing,0.725000,42.857,non_chewing
1972252.0,-0.20459,-1.914063,0.727539,0.069014,0.05196,-0.1303,chewing,0.725000,42.857,non_chewing
1972262.0,-0.208496,-1.911621,0.721191,0.079672,0.097792,-0.14762,chewing,0.725000,42.857,non_chewing
1972272.0,-0.196289,-1.90918,0.709473,0.095926,0.113247,-0.145755,chewing,0.725000,42.857,non_chewing
1972282.0,-0.189453,-1.911133,0.715332,0.115112,0.115378,-0.132432,chewing,0.725000,42.857,non_chewing
1972292.0,-0.179199,-1.90332,0.735352,0.112447,0.121773,-0.119109,chewing,0.725000,42.857,non_chewing
1972302.0,-0.197754,-1.891602,0.728027,0.12657,0.111115,-0.077807,chewing,0.725000,42.857,non_chewing
1972312.0,-0.203613,-1.910156,0.751953,0.095127,0.101789,-0.052227,chewing,0.725000,42.857,non_chewing
1972322.0,-0.196289,-1.907715,0.738281,0.110315,0.093795,-0.037838,chewing,0.725000,42.857,non_chewing
1972332.0,-0.196777,-1.896973,0.743652,0.082337,0.098858,-0.048763,chewing,0.725000,42.857,non_chewing
1972342.0,-0.216797,-1.897461,0.73584,0.074876,0.108184,-0.054358,chewing,0.725000,42.857,non_chewing
1972352.0,-0.201172,-1.90625,0.749512,0.061819,0.117243,-0.037838,chewing,0.725000,42.857,non_chewing
1972362.0,-0.20459,-1.908203,0.748535,0.054358,0.123106,-0.038104,chewing,0.725000,42.857,non_chewing
1972372.0,-0.206055,-1.897949,0.758789,0.054891,0.114312,-0.03917,chewing,0.725000,42.857,non_chewing
1972382.0,-0.194824,-1.898438,0.768555,0.046364,0.095394,-0.01279,chewing,0.725000,42.857,non_chewing
1972392.0,-0.191406,-1.897461,0.76123,0.039436,0.108983,-0.027712,chewing,0.725000,42.857,non_chewing
1972402.0,-0.180176,-1.908203,0.747559,0.028511,0.097792,-0.029044,chewing,0.725000,42.857,non_chewing
1972412.0,-0.192871,-1.893555,0.756836,0.034907,0.10472,-0.042101,chewing,0.725000,42.857,non_chewing
1972422.0,-0.209473,-1.882324,0.766113,0.038371,0.089531,-0.019452,chewing,0.725000,42.857,non_chewing
1972432.0,-0.209961,-1.876465,0.767578,0.023982,0.098325,-0.046631,chewing,0.725000,42.857,non_chewing
1972442.0,-0.208984,-1.875,0.76123,0.029044,0.110315,-0.049828,chewing,0.725000,42.857,non_chewing
1972452.0,-0.213379,-1.856934,0.765625,0.05276,0.116444,-0.030377,chewing,0.725000,42.857,non_chewing
1972462.0,-0.208008,-1.874512,0.758301,0.039703,0.125504,-0.034907,chewing,0.725000,42.857,non_chewing
1972472.0,-0.179687,-1.87207,0.759766,0.019718,0.140959,-0.03464,chewing,0.725000,42.857,non_chewing
1972482.0,-0.189453,-1.873047,0.745117,0.031443,0.127636,0.027446,chewing,0.725000,42.857,non_chewing
1972492.0,-0.203125,-1.897949,0.744629,0.054358,0.092995,0.068747,chewing,0.725000,42.857,non_chewing
1972502.0,-0.186523,-1.905273,0.737793,0.051161,0.067415,0.075142,chewing,0.725000,42.857,non_chewing
1972512.0,-0.188965,-1.89502,0.749512,0.050095,0.040769,0.092196,chewing,0.725000,42.857,non_chewing
1972522.0,-0.176758,-1.895508,0.747559,0.057289,0.023182,0.093795,chewing,0.725000,42.857,non_chewing
1972532.0,-0.172363,-1.905762,0.74707,0.052493,0.007994,0.060221,chewing,0.725000,42.857,non_chewing
1972542.0,-0.164551,-1.876465,0.753906,0.054625,0.01279,0.085801,chewing,0.725000,42.857,non_chewing
1972552.0,-0.150391,-1.867188,0.757324,0.155881,0.046364,0.245945,chewing,0.725000,42.857,non_chewing
1972562.0,-0.218262,-1.876465,0.770508,0.110315,0.028511,0.174,chewing,0.725000,42.857,non_chewing
1972572.0,-0.161621,-1.893066,0.760254,0.050361,0.062885,0.045299,chewing,0.725000,42.857,non_chewing
1972582.0,-0.180176,-1.875,0.754883,0.101789,0.025847,0.122306,chewing,0.725000,42.857,non_chewing
1972592.0,-0.178223,-1.881348,0.760254,0.094594,0.058622,0.066616,chewing,0.725000,42.857,non_chewing
1972602.0,-0.178223,-1.852539,0.759277,0.121507,0.06555,-0.023715,chewing,0.725000,42.857,non_chewing
1972612.0,-0.228027,-1.873535,0.776855,0.118309,-0.009593,0.210505,chewing,0.725000,42.857,non_chewing
1972622.0,-0.208496,-1.868652,0.757324,0.070879,-0.009593,0.1311,chewing,0.725000,42.857,non_chewing
1972632.0,-0.202148,-1.86084,0.775879,0.091663,-0.005862,0.119642,chewing,0.725000,42.857,non_chewing
1972642.0,-0.200684,-1.879395,0.784668,0.083936,-0.016254,0.094328,chewing,0.725000,42.857,non_chewing
1972652.0,-0.208984,-1.866211,0.78125,0.095394,0.000266,0.037038,chewing,0.725000,42.857,non_chewing
1972662.0,-0.219727,-1.895508,0.778809,0.111648,0.011458,0.083936,chewing,0.725000,42.857,non_chewing
1972672.0,-0.21582,-1.90918,0.777832,0.040769,0.010126,-0.10845,chewing,0.725000,42.857,non_chewing
1972682.0,-0.19873,-1.903809,0.772461,0.038637,-0.02638,-0.070613,chewing,1.000000,56.075,non_chewing
1972692.0,-0.182617,-1.929199,0.768066,0.063418,-0.048763,-0.009859,chewing,1.000000,56.075,non_chewing
1972702.0,-0.216797,-1.935547,0.774902,0.016254,-0.07834,-0.07381,chewing,1.000000,56.075,non_chewing
1972712.0,-0.19873,-1.907227,0.779297,-0.03544,-0.08207,-0.087666,chewing,1.000000,56.075,non_chewing
1972722.0,-0.209473,-1.90625,0.760742,-0.054092,-0.076208,-0.121773,chewing,1.000000,56.075,non_chewing
1972732.0,-0.217285,-1.902832,0.758789,-0.07834,-0.088199,-0.094328,chewing,1.000000,56.075,non_chewing
1972742.0,-0.218262,-1.900391,0.763672,-0.093262,-0.093795,-0.066083,chewing,1.000000,56.075,non_chewing
1972752.0,-0.200195,-1.894531,0.743164,-0.085268,-0.086334,-0.046364,chewing,1.000000,56.075,non_chewing
1972762.0,-0.19873,-1.900879,0.743652,-0.070879,-0.076741,-0.050628,chewing,1.000000,56.075,non_chewing
1972772.0,-0.197754,-1.894043,0.752441,-0.066882,-0.076208,-0.030377,chewing,1.000000,56.075,non_chewing
1972782.0,-0.205566,-1.907715,0.753906,-0.074077,-0.085002,0.001332,chewing,1.000000,56.075,non_chewing
1972792.0,-0.192871,-1.891602,0.759277,-0.063951,-0.084469,-0.006129,chewing,1.000000,56.075,non_chewing
1972802.0,-0.192383,-1.893555,0.76709,-0.050894,-0.106851,0.007194,chewing,1.000000,56.075,non_chewing
1972812.0,-0.192383,-1.885254,0.762207,-0.040502,-0.113513,0.00906,chewing,1.000000,56.075,non_chewing
1972822.0,-0.206543,-1.882324,0.774414,-0.028778,-0.085534,-0.029044,chewing,1.000000,56.075,non_chewing
1972832.0,-0.205078,-1.904785,0.753906,-0.031975,-0.071145,-0.027446,chewing,1.000000,56.075,non_chewing
1972842.0,-0.197754,-1.892578,0.764648,-0.03544,-0.066083,-0.009326,chewing,1.000000,56.075,non_chewing
1972852.0,-0.177734,-1.897461,0.751465,-0.046364,-0.055424,0.023182,chewing,1.000000,56.075,non_chewing
1972862.0,-0.17627,-1.911621,0.747559,-0.072744,-0.008527,-0.039703,chewing,1.000000,56.075,non_chewing
1972872.0,-0.178223,-1.915527,0.753418,-0.096193,0.003464,-0.090064,chewing,1.000000,56.075,non_chewing
1972882.0,-0.181152,-1.90332,0.755859,-0.108717,0.050361,-0.122306,chewing,1.000000,56.075,non_chewing
1972892.0,-0.178711,-1.902832,0.761719,-0.117243,0.077008,-0.166273,chewing,1.000000,56.075,non_chewing
1972902.0,-0.179687,-1.904297,0.762695,-0.103121,0.084202,-0.157213,chewing,1.000000,56.075,non_chewing
1972912.0,-0.181152,-1.889648,0.751953,-0.121507,0.103121,-0.12124,chewing,1.000000,56.075,non_chewing
1972922.0,-0.186523,-1.891602,0.758789,-0.099657,0.093262,-0.059155,chewing,1.000000,56.075,non_chewing
1972932.0,-0.181152,-1.895996,0.754883,-0.094328,0.095926,-0.041835,chewing,1.000000,56.075,non_chewing
1972942.0,-0.1875,-1.88623,0.758789,-0.083936,0.09193,-0.039703,chewing,1.000000,56.075,non_chewing
1972952.0,-0.19873,-1.897949,0.754883,-0.069813,0.076741,-0.003198,chewing,1.000000,56.075,non_chewing
1972962.0,-0.195801,-1.903809,0.744141,-0.041568,0.077807,0.008527,chewing,1.000000,56.075,non_chewing
1972972.0,-0.205566,-1.900391,0.765137,-0.005862,0.082337,0.018386,chewing,1.000000,56.075,non_chewing
1972982.0,-0.202148,-1.883789,0.759766,0.007994,0.109516,0.020518,chewing,1.000000,56.075,non_chewing
1972992.0,-0.205566,-1.895508,0.760254,0.01732,0.146821,0.024248,chewing,1.000000,56.075,non_chewing
1973002.0,-0.200195,-1.895508,0.762695,-0.002132,0.175865,0.015455,chewing,1.000000,56.075,non_chewing
1973012.0,-0.199219,-1.887695,0.752441,-0.023982,0.184658,0.022916,chewing,1.000000,56.075,non_chewing
1973022.0,-0.19873,-1.902344,0.758789,-0.042368,0.185991,0.017853,chewing,1.000000,56.075,non_chewing
1973032.0,-0.207031,-1.90332,0.756348,-0.059421,0.168138,0.021051,chewing,1.000000,56.075,non_chewing
1973042.0,-0.195801,-1.900879,0.758789,-0.092196,0.131366,0.037571,chewing,1.000000,56.075,non_chewing
1973052.0,-0.198242,-1.900391,0.741699,-0.090064,0.103654,0.049828,chewing,1.000000,56.075,non_chewing
1973062.0,-0.192871,-1.911133,0.740723,-0.090331,0.099923,0.044766,chewing,1.000000,56.075,non_chewing
1973072.0,-0.202637,-1.898438,0.743652,-0.075942,0.072211,0.031176,chewing,1.000000,56.075,non_chewing
1973082.0,-0.207031,-1.912598,0.725586,-0.068481,0.054358,0.039436,chewing,1.000000,56.075,non_chewing
1973092.0,-0.206055,-1.905762,0.741699,-0.058089,0.0437,0.045565,chewing,1.000000,56.075,non_chewing
1973102.0,-0.210937,-1.892578,0.746582,-0.036772,0.037838,0.021317,chewing,1.000000,56.075,non_chewing
1973112.0,-0.210937,-1.896484,0.739258,-0.019985,0.036772,0.053825,chewing,1.000000,56.075,non_chewing
1973122.0,-0.208008,-1.894531,0.747559,-0.017587,0.031709,0.054092,chewing,1.000000,56.075,non_chewing
1973132.0,-0.206055,-1.898438,0.749023,-0.02638,0.039436,0.020518,chewing,1.000000,56.075,non_chewing
1973142.0,-0.213867,-1.900879,0.746094,-0.021583,0.029311,0.015721,chewing,1.000000,56.075,non_chewing
1973152.0,-0.213379,-1.908691,0.738281,-0.028245,0.035706,-0.017853,chewing,1.000000,56.075,non_chewing
1973162.0,-0.220215,-1.907227,0.726074,-0.010658,0.000799,-0.021051,chewing,1.000000,56.075,non_chewing
1973172.0,-0.226562,-1.900879,0.743652,-0.027979,-0.003198,-0.00906,chewing,1.000000,56.075,non_chewing
1973182.0,-0.227051,-1.907227,0.730469,-0.02558,0.00826,-0.027712,chewing,1.000000,56.075,non_chewing
1973192.0,-0.222168,-1.909668,0.741699,-0.020251,0.022649,-0.020784,chewing,1.000000,56.075,non_chewing
1973202.0,-0.228516,-1.909668,0.735352,-0.017853,0.049562,-0.052227,chewing,1.000000,56.075,non_chewing
1973212.0,-0.227539,-1.902832,0.745117,-0.016521,0.08207,-0.046364,chewing,1.000000,56.075,non_chewing
1973222.0,-0.223145,-1.895996,0.730469,-0.019985,0.096459,-0.074077,chewing,1.000000,56.075,non_chewing
1973232.0,-0.229492,-1.88623,0.747559,-0.023182,0.106052,-0.095926,chewing,1.000000,56.075,non_chewing
1973242.0,-0.226074,-1.880859,0.774414,-0.031709,0.109783,-0.086334,chewing,1.000000,56.075,non_chewing
1973252.0,-0.212402,-1.887695,0.754395,-0.053026,0.09193,-0.061819,chewing,1.000000,56.075,non_chewing
1973262.0,-0.197266,-1.913086,0.750488,-0.037838,0.087666,-0.054891,chewing,1.000000,56.075,non_chewing
1973272.0,-0.205566,-1.904785,0.765625,-0.024781,0.06928,-0.082603,chewing,1.000000,56.075,non_chewing
1973282.0,-0.20459,-1.897461,0.757324,-0.010658,0.026913,-0.061819,chewing,1.000000,56.075,non_chewing
1973292.0,-0.20166,-1.894043,0.753418,-0.009859,0.00906,-0.037038,chewing,1.000000,56.075,non_chewing
1973302.0,-0.207031,-1.902344,0.769043,-0.006662,-0.006928,-0.007727,chewing,1.000000,56.075,non_chewing
1973312.0,-0.196777,-1.880371,0.765137,0.009859,-0.011724,-0.034107,chewing,1.000000,56.075,non_chewing
1973322.0,-0.205078,-1.88623,0.762695,0.00906,-0.011991,-0.055424,chewing,1.000000,56.075,non_chewing
1973332.0,-0.20166,-1.878418,0.767578,0.016787,-0.019185,-0.047164,chewing,1.000000,56.075,non_chewing
1973342.0,-0.192871,-1.888184,0.762695,0.011724,-0.012257,-0.054358,chewing,1.000000,56.075,non_chewing
1973352.0,-0.178711,-1.892578,0.755371,0.011458,-0.016254,-0.075142,chewing,1.000000,56.075,non_chewing
1973362.0,-0.195312,-1.881836,0.770996,0.022383,-0.021583,-0.073011,chewing,1.000000,56.075,non_chewing
1973372.0,-0.186523,-1.890137,0.772949,0.014389,-0.030643,-0.057289,chewing,1.000000,56.075,non_chewing
1973382.0,-0.186523,-1.890625,0.765625,0.004263,-0.029844,-0.045299,chewing,1.000000,56.075,non_chewing
1973392.0,-0.210449,-1.886719,0.762695,0.016787,-0.036239,-0.044499,chewing,1.000000,56.075,non_chewing
1973402.0,-0.191895,-1.892578,0.774902,0.015721,-0.052227,-0.020784,chewing,1.000000,56.075,non_chewing
1973412.0,-0.202637,-1.892578,0.762207,-0.000799,-0.066882,-0.003464,chewing,1.000000,56.075,non_chewing
1973422.0,-0.177246,-1.898438,0.769531,0.002665,-0.082603,0.004263,chewing,1.000000,56.075,non_chewing
1973432.0,-0.1875,-1.905273,0.760742,0.006395,-0.077008,-0.019452,chewing,1.000000,56.075,non_chewing
1973442.0,-0.186035,-1.900879,0.759277,-0.006662,-0.095127,-0.006928,chewing,1.000000,56.075,non_chewing
1973452.0,-0.177246,-1.902832,0.754883,-0.010925,-0.092729,-0.067415,chewing,1.000000,56.075,non_chewing
1973462.0,-0.175293,-1.897461,0.758301,-0.020518,-0.10472,-0.056757,chewing,1.000000,56.075,non_chewing
1973472.0,-0.166504,-1.900391,0.73877,-0.021051,-0.093528,-0.059155,chewing,1.000000,56.075,non_chewing
1973482.0,-0.178223,-1.895996,0.738281,-0.030643,-0.089531,-0.044233,chewing,1.000000,56.075,non_chewing
1973492.0,-0.164062,-1.899902,0.742187,-0.016787,-0.091663,-0.007994,chewing,1.000000,56.075,non_chewing
1973502.0,-0.172852,-1.919434,0.749512,0.085002,-0.053825,-0.002665,chewing,1.000000,56.075,non_chewing
1973512.0,-0.169922,-1.885742,0.745117,0.003464,-0.081005,-0.041835,chewing,1.000000,56.075,non_chewing
1973522.0,-0.176758,-1.905762,0.740723,-0.001599,-0.0437,-0.025314,chewing,1.000000,56.075,non_chewing
1973532.0,-0.186523,-1.906738,0.741699,0.015455,-0.025047,-0.023182,chewing,1.000000,56.075,non_chewing
1973542.0,-0.178223,-1.899414,0.745117,0.035173,-0.010658,-0.018652,chewing,1.000000,56.075,non_chewing
1973552.0,-0.197266,-1.902344,0.74707,0.051694,0.018119,-0.005596,chewing,1.000000,56.075,non_chewing
1973562.0,-0.190918,-1.90332,0.748047,0.053026,0.023715,-0.009593,chewing,1.000000,56.075,non_chewing
1973572.0,-0.178711,-1.898438,0.755371,0.062619,0.030643,-0.022116,chewing,1.000000,56.075,non_chewing
1973582.0,-0.198242,-1.890137,0.762207,0.047963,0.026913,-0.003997,chewing,1.000000,56.075,non_chewing
1973592.0,-0.189941,-1.894043,0.760742,0.025847,0.033308,-0.007994,chewing,1.000000,56.075,non_chewing
1973602.0,-0.188477,-1.904297,0.760742,0.018386,0.051427,-0.03091,chewing,1.000000,56.075,non_chewing
1973612.0,-0.178711,-1.909668,0.787109,0.03091,0.054092,-0.045299,chewing,1.000000,56.075,non_chewing
1973622.0,-0.171875,-1.900879,0.775879,0.038904,0.044499,-0.075675,chewing,1.000000,56.075,non_chewing
1973632.0,-0.183594,-1.885742,0.779785,0.010126,0.055691,-0.101789,chewing,1.000000,56.075,non_chewing
1973642.0,-0.193848,-1.884766,0.791504,0.000533,0.040502,-0.081804,chewing,1.000000,56.075,non_chewing
1973652.0,-0.1875,-1.881836,0.780762,-0.01359,0.036772,-0.068214,chewing,1.000000,56.075,non_chewing
1973662.0,-0.192383,-1.892578,0.765625,-0.037838,0.017853,-0.041568,chewing,1.000000,56.075,non_chewing
1973672.0,-0.198242,-1.886719,0.773926,-0.037305,0.011191,-0.010126,chewing,1.000000,56.075,non_chewing
1973682.0,-0.191895,-1.902344,0.765625,-0.043433,-0.000799,-0.01279,chewing,1.000000,56.075,non_chewing
1973692.0,-0.190918,-1.897461,0.762695,-0.037305,-0.00906,0.005329,chewing,1.000000,56.075,non_chewing
1973702.0,-0.187012,-1.902832,0.766113,-0.036772,-0.019985,0.03011,chewing,1.000000,56.075,non_chewing
1973712.0,-0.168457,-1.905273,0.775879,-0.030377,0.006395,-0.026646,chewing,1.000000,98.361,non_chewing
1973722.0,-0.172363,-1.896973,0.771973,-0.034374,-0.002132,-0.045565,chewing,1.000000,98.361,non_chewing
1973732.0,-0.17041,-1.896484,0.766602,-0.031443,-0.005063,-0.100723,chewing,1.000000,98.361,non_chewing
1973742.0,-0.174316,-1.881836,0.769531,-0.035972,-0.002931,-0.101256,chewing,1.000000,98.361,non_chewing
1973752.0,-0.169922,-1.878418,0.774902,-0.043966,0.015721,-0.081271,chewing,1.000000,98.361,non_chewing
1973762.0,-0.168457,-1.891602,0.768066,-0.051161,0.027446,-0.091397,chewing,1.000000,98.361,non_chewing
1973772.0,-0.157715,-1.885254,0.76416,-0.056224,0.028245,-0.093262,chewing,1.000000,98.361,non_chewing
1973782.0,-0.163574,-1.891113,0.774902,-0.038104,0.029044,-0.071145,chewing,1.000000,98.361,non_chewing
1973792.0,-0.164551,-1.916504,0.753418,-0.021051,0.033308,-0.065283,chewing,1.000000,98.361,non_chewing
1973802.0,-0.161621,-1.897949,0.749023,-0.00373,0.027712,-0.065017,chewing,1.000000,98.361,non_chewing
1973812.0,-0.15332,-1.895508,0.754883,0.009326,0.002665,-0.051161,chewing,1.000000,98.361,non_chewing
1973822.0,-0.164062,-1.891113,0.755371,0.013057,0.008793,-0.042368,chewing,1.000000,98.361,non_chewing
1973832.0,-0.167969,-1.879883,0.772949,0.019985,-0.004796,-0.018119,chewing,1.000000,98.361,non_chewing
1973842.0,-0.174805,-1.883301,0.777344,0.015188,-0.007994,0.003464,chewing,1.000000,98.361,non_chewing
1973852.0,-0.170898,-1.891113,0.76709,0.011458,-0.005862,-0.015455,chewing,1.000000,98.361,non_chewing
1973862.0,-0.175293,-1.883301,0.761719,0.007994,0.006395,-0.015455,chewing,1.000000,98.361,non_chewing
1973872.0,-0.179199,-1.893555,0.776855,-0.019985,-0.002931,-0.013057,chewing,1.000000,98.361,non_chewing
1973882.0,-0.17334,-1.886719,0.777832,-0.031709,0.005862,-0.022649,chewing,1.000000,98.361,non_chewing
1973892.0,-0.172363,-1.893555,0.774414,-0.049296,0.004263,-0.009326,chewing,1.000000,98.361,non_chewing
1973902.0,-0.171387,-1.908691,0.76709,-0.053825,0.006662,-0.010126,chewing,1.000000,98.361,non_chewing
1973912.0,-0.175781,-1.900391,0.767578,-0.05276,-0.005063,-0.029044,chewing,1.000000,98.361,non_chewing
1973922.0,-0.165039,-1.894043,0.775391,-0.056757,-0.012257,-0.019185,chewing,1.000000,98.361,non_chewing
1973932.0,-0.16748,-1.897949,0.769531,-0.055158,-0.000799,-0.033841,chewing,1.000000,98.361,non_chewing
1973942.0,-0.154785,-1.895996,0.76709,-0.056224,-0.001332,-0.062352,chewing,1.000000,98.361,non_chewing
1973952.0,-0.151367,-1.88623,0.771484,-0.063685,-0.002132,-0.089798,chewing,1.000000,98.361,non_chewing
1973962.0,-0.163574,-1.875488,0.783203,-0.071145,0.010392,-0.12204,chewing,1.000000,98.361,non_chewing
1973972.0,-0.174805,-1.883789,0.77002,-0.057289,-0.000266,-0.055158,chewing,1.000000,98.361,non_chewing
1973982.0,-0.15332,-1.897949,0.754395,-0.040236,-0.025847,-0.028511,chewing,1.000000,98.361,non_chewing
1973992.0,-0.155273,-1.893066,0.759277,-0.011991,-0.014389,-0.021051,chewing,1.000000,98.361,non_chewing
1974002.0,-0.165527,-1.894531,0.763672,-0.005862,-0.016787,-0.003198,chewing,1.000000,98.361,non_chewing
1974012.0,-0.160645,-1.879883,0.76416,0.002132,-0.017587,-0.007194,chewing,1.000000,98.361,non_chewing
1974022.0,-0.160156,-1.879883,0.771973,0.015455,-0.000799,-0.024781,chewing,1.000000,98.361,non_chewing
1974032.0,-0.161621,-1.881836,0.781738,0.022649,0.004796,-0.001332,chewing,1.000000,98.361,non_chewing
1974042.0,-0.170898,-1.875977,0.780762,0.031176,0.011191,0.019985,chewing,1.000000,98.361,non_chewing
1974052.0,-0.164062,-1.887695,0.786133,0.014655,0.019185,0.041568,chewing,1.000000,98.361,non_chewing
1974062.0,-0.161621,-1.898926,0.79248,-0.008527,0.033308,0.006662,chewing,1.000000,98.361,non_chewing
1974072.0,-0.167969,-1.898438,0.79248,-0.012257,0.043433,-0.019185,chewing,1.000000,98.361,non_chewing
1974082.0,-0.15918,-1.890137,0.780273,-0.019985,0.028511,-0.007194,chewing,1.000000,98.361,non_chewing
1974092.0,-0.164551,-1.89502,0.779297,-0.053825,0.020251,0.001332,chewing,1.000000,98.361,non_chewing
1974102.0,-0.166504,-1.895508,0.773926,-0.055691,0.018119,0.00906,chewing,1.000000,98.361,non_chewing
1974112.0,-0.160156,-1.898438,0.774414,-0.057289,0.006395,0.029311,chewing,1.000000,98.361,non_chewing
1974122.0,-0.17041,-1.901855,0.756348,-0.053559,-0.017054,0.062086,chewing,1.000000,98.361,non_chewing
1974132.0,-0.171875,-1.898926,0.76123,-0.050095,-0.021051,0.062885,chewing,1.000000,98.361,non_chewing
1974142.0,-0.168945,-1.895508,0.767578,-0.03011,-0.033841,0.073277,chewing,1.000000,98.361,non_chewing
1974152.0,-0.166016,-1.89209,0.754395,-0.032508,-0.026646,0.058089,chewing,1.000000,98.361,non_chewing
1974162.0,-0.17627,-1.896484,0.758301,-0.022383,-0.012257,0.041835,chewing,1.000000,98.361,non_chewing
1974172.0,-0.168457,-1.886719,0.758301,-0.015188,-0.013856,0.017853,chewing,1.000000,98.361,non_chewing
1974182.0,-0.172363,-1.885742,0.767578,-0.012524,-0.016521,-0.011458,chewing,1.000000,98.361,non_chewing
1974192.0,-0.182129,-1.893066,0.76709,-0.007194,-0.025047,0.000266,chewing,1.000000,98.361,non_chewing
1974202.0,-0.176758,-1.890625,0.766113,-0.007461,-0.02185,0.002132,chewing,1.000000,98.361,non_chewing
1974212.0,-0.177734,-1.883301,0.775391,0.002931,-0.038637,0.029311,chewing,1.000000,98.361,non_chewing
1974222.0,-0.166992,-1.882813,0.757812,0.006662,-0.033041,0.018919,chewing,1.000000,98.361,non_chewing
1974232.0,-0.172363,-1.88916,0.766602,0.001332,-0.036239,0.002398,chewing,1.000000,98.361,non_chewing
1974242.0,-0.175781,-1.879883,0.785156,-0.002665,-0.03464,-0.029577,chewing,1.000000,98.361,non_chewing
1974252.0,-0.169434,-1.896484,0.775879,-0.001066,-0.034374,-0.038637,chewing,1.000000,98.361,non_chewing
1974262.0,-0.173828,-1.879395,0.783203,0.003464,-0.014655,-0.032242,chewing,1.000000,98.361,non_chewing
1974272.0,-0.168945,-1.885742,0.796387,0.005329,-0.035972,-0.002132,chewing,1.000000,98.361,non_chewing
1974282.0,-0.166992,-1.888184,0.801758,-0.00373,-0.035173,-0.013323,chewing,1.000000,98.361,non_chewing
1974292.0,-0.166504,-1.880859,0.790039,-0.019185,-0.026913,-0.025047,chewing,1.000000,98.361,non_chewing
1974302.0,-0.16748,-1.875977,0.796387,-0.043167,-0.02558,-0.050628,chewing,1.000000,98.361,non_chewing
1974312.0,-0.165039,-1.879883,0.800781,-0.052227,-0.019452,-0.040236,chewing,1.000000,98.361,non_chewing
1974322.0,-0.165039,-1.88623,0.791992,-0.071678,-0.017054,-0.04823,chewing,1.000000,98.361,non_chewing
1974332.0,-0.148437,-1.893555,0.789551,-0.060221,-0.011991,-0.060487,chewing,1.000000,98.361,non_chewing
1974342.0,-0.144043,-1.899414,0.761719,-0.062619,-0.011458,-0.070613,chewing,1.000000,98.361,non_chewing
1974352.0,-0.144043,-1.898926,0.763184,-0.058888,-0.037571,-0.055691,chewing,1.000000,98.361,non_chewing
1974362.0,-0.130859,-1.895508,0.76709,-0.043966,-0.04743,-0.029311,chewing,1.000000,98.361,non_chewing
1974372.0,-0.14502,-1.898926,0.757812,-0.023982,-0.07834,-0.017054,chewing,1.000000,98.361,non_chewing
1974382.0,-0.13623,-1.881348,0.758789,-0.049562,-0.074077,0.011458,chewing,1.000000,98.361,non_chewing
1974392.0,-0.154297,-1.88916,0.769043,-0.039436,-0.071412,0.012524,chewing,1.000000,98.361,non_chewing
1974402.0,-0.14502,-1.898926,0.768555,-0.042101,-0.06475,0.014922,chewing,1.000000,98.361,non_chewing
1974412.0,-0.14209,-1.895508,0.762207,-0.034107,-0.051694,0.003464,chewing,1.000000,98.361,non_chewing
1974422.0,-0.146973,-1.898926,0.768066,-0.033574,-0.017587,-0.014922,chewing,1.000000,98.361,non_chewing
1974432.0,-0.164062,-1.903809,0.765625,-0.026646,-0.013323,-0.005596,chewing,1.000000,98.361,non_chewing
1974442.0,-0.166992,-1.893066,0.765137,-0.025314,-0.001599,0.015455,chewing,1.000000,98.361,non_chewing
1974452.0,-0.160156,-1.888184,0.774414,-0.034107,-0.001599,0.045832,chewing,1.000000,98.361,non_chewing
1974462.0,-0.161621,-1.882813,0.765625,-0.027712,0.011458,0.046098,chewing,1.000000,98.361,non_chewing
1974472.0,-0.155273,-1.900879,0.759277,-0.022649,0.027446,0.017587,chewing,1.000000,98.361,non_chewing
1974482.0,-0.163086,-1.888184,0.763184,-0.021317,0.042634,0.023182,chewing,1.000000,98.361,non_chewing
1974492.0,-0.15918,-1.905762,0.76416,-0.031443,0.039703,0.042368,chewing,1.000000,98.361,non_chewing
1974502.0,-0.166016,-1.913574,0.758789,-0.03011,0.053559,0.053026,chewing,1.000000,98.361,non_chewing
1974512.0,-0.158691,-1.899902,0.759766,-0.040769,0.043167,0.0437,chewing,1.000000,98.361,non_chewing
1974522.0,-0.175293,-1.898438,0.76416,-0.041302,0.037571,0.055424,chewing,1.000000,98.361,non_chewing
1974532.0,-0.172852,-1.882813,0.765137,-0.035706,0.03011,0.079672,chewing,1.000000,98.361,non_chewing
1974542.0,-0.155273,-1.894531,0.768555,-0.032242,0.045565,0.047164,chewing,1.000000,98.361,non_chewing
1974552.0,-0.158203,-1.890625,0.760742,-0.022383,0.068747,0.018652,chewing,1.000000,98.361,non_chewing
1974562.0,-0.148437,-1.901367,0.769043,-0.006395,0.067149,0.012524,chewing,1.000000,98.361,non_chewing
1974572.0,-0.155762,-1.888672,0.777832,-0.020251,0.07381,0.014922,chewing,1.000000,98.361,non_chewing
1974582.0,-0.14209,-1.879395,0.780273,-0.022916,0.061819,0.04743,chewing,1.000000,98.361,non_chewing
1974592.0,-0.149902,-1.891602,0.773926,-0.019452,0.04743,0.068481,chewing,1.000000,98.361,non_chewing
1974602.0,-0.157227,-1.890137,0.773437,-0.031975,0.042634,0.06102,chewing,1.000000,98.361,non_chewing
1974612.0,-0.156738,-1.904297,0.787109,-0.036505,0.039703,0.039969,chewing,1.000000,98.361,non_chewing
1974622.0,-0.165527,-1.899902,0.765137,-0.040769,0.042101,0.037305,chewing,1.000000,98.361,non_chewing
1974632.0,-0.169434,-1.89502,0.785156,-0.045565,0.021583,0.040502,chewing,1.000000,98.361,non_chewing
1974642.0,-0.177734,-1.882813,0.78125,-0.055424,0.035173,0.05649,chewing,1.000000,98.361,non_chewing
1974652.0,-0.154297,-1.904785,0.772461,-0.054891,0.053559,0.014655,chewing,1.000000,98.361,non_chewing
1974662.0,-0.167969,-1.891113,0.778809,-0.047963,0.058355,-0.002398,chewing,1.000000,98.361,non_chewing
1974672.0,-0.163574,-1.88916,0.763672,-0.059688,0.050894,-0.006129,chewing,1.000000,98.361,non_chewing
1974682.0,-0.16748,-1.896973,0.768066,-0.054891,0.042101,0.001599,chewing,1.000000,98.361,non_chewing
1974692.0,-0.168945,-1.899414,0.760254,-0.065283,0.033308,0.016787,chewing,1.000000,98.361,non_chewing
1974702.0,-0.154785,-1.900879,0.756836,-0.055424,0.016787,0.031443,chewing,1.000000,98.361,non_chewing
1974712.0,-0.149414,-1.904785,0.76123,-0.060221,0.023449,0.034907,chewing,1.000000,98.361,non_chewing
1974722.0,-0.168457,-1.901367,0.759766,-0.051694,-0.002665,0.05276,chewing,1.000000,98.361,non_chewing
1974732.0,-0.161621,-1.895508,0.767578,-0.04743,-0.002931,0.010925,chewing,1.000000,98.361,non_chewing
1974742.0,-0.179687,-1.887207,0.776367,-0.048496,-0.001865,-0.00453,chewing,1.000000,98.361,non_chewing
1974752.0,-0.188477,-1.878906,0.771973,-0.041302,0.008527,0.001332,chewing,1.000000,74.534,non_chewing
1974762.0,-0.186523,-1.876465,0.780273,-0.051161,0.037305,0.02185,chewing,1.000000,74.534,non_chewing
1974772.0,-0.188477,-1.876953,0.771484,-0.05276,0.051427,0.032775,chewing,1.000000,74.534,non_chewing
1974782.0,-0.188965,-1.899414,0.769531,-0.040769,0.05196,0.033308,chewing,1.000000,74.534,non_chewing
1974792.0,-0.189453,-1.894531,0.763184,-0.026646,0.047164,0.055957,chewing,1.000000,74.534,non_chewing
1974802.0,-0.193359,-1.907227,0.763184,-0.009593,0.021317,0.09566,chewing,1.000000,74.534,non_chewing
1974812.0,-0.173828,-1.897461,0.755371,-0.019718,0.007994,0.103121,chewing,1.000000,74.534,non_chewing
1974822.0,-0.180664,-1.90332,0.764648,-0.002931,-0.006662,0.145755,chewing,1.000000,74.534,non_chewing
1974832.0,-0.187012,-1.894531,0.762207,0.004263,-0.024515,0.167338,chewing,1.000000,74.534,non_chewing
1974842.0,-0.197266,-1.88916,0.768066,0.009593,-0.021583,0.216368,chewing,1.000000,74.534,non_chewing
1974852.0,-0.177734,-1.882813,0.765137,0.002665,-0.014389,0.213436,chewing,1.000000,74.534,non_chewing
1974862.0,-0.179687,-1.884766,0.762695,-0.014123,0.013057,0.203044,chewing,1.000000,74.534,non_chewing
1974872.0,-0.184082,-1.910645,0.766602,-0.019985,0.03917,0.116977,chewing,1.000000,74.534,non_chewing
1974882.0,-0.182617,-1.899414,0.767578,-0.036505,0.077274,0.031975,chewing,1.000000,74.534,non_chewing
1974892.0,-0.180664,-1.898438,0.759766,-0.036772,0.110582,-0.056224,chewing,1.000000,74.534,non_chewing
1974902.0,-0.196289,-1.887695,0.768555,-0.039969,0.128701,-0.06555,chewing,1.000000,74.534,non_chewing
1974912.0,-0.185547,-1.887695,0.771484,-0.034107,0.114579,-0.037838,chewing,1.000000,74.534,non_chewing
1974922.0,-0.173828,-1.890137,0.769043,-0.021583,0.12657,-0.024515,chewing,1.000000,74.534,non_chewing
1974932.0,-0.180176,-1.891602,0.758301,-0.022916,0.120441,0.006662,chewing,1.000000,74.534,non_chewing
1974942.0,-0.182617,-1.900391,0.76416,-0.023715,0.087933,0.020784,chewing,1.000000,74.534,non_chewing
1974952.0,-0.184082,-1.908691,0.764648,-0.032242,0.083136,0.058355,chewing,1.000000,74.534,non_chewing
1974962.0,-0.17041,-1.909668,0.775879,-0.033574,0.074077,0.039436,chewing,1.000000,74.534,non_chewing
1974972.0,-0.179199,-1.891113,0.775879,-0.020518,0.068214,-0.00453,chewing,1.000000,74.534,non_chewing
1974982.0,-0.185547,-1.887207,0.767578,-0.019452,0.078074,-0.008527,chewing,1.000000,74.534,non_chewing
1974992.0,-0.183105,-1.893555,0.777344,-0.015988,0.063951,-0.023449,chewing,1.000000,74.534,non_chewing
1975002.0,-0.194824,-1.885742,0.759277,-0.011191,0.076208,-0.025047,chewing,1.000000,74.534,non_chewing
1975012.0,-0.191406,-1.882813,0.777344,-0.022116,0.06928,-0.01279,chewing,1.000000,74.534,non_chewing
1975022.0,-0.197266,-1.884277,0.76709,-0.026646,0.0429,0.003198,chewing,1.000000,74.534,non_chewing
1975032.0,-0.190918,-1.874023,0.777344,-0.039969,0.060221,0.019452,chewing,1.000000,74.534,non_chewing
1975042.0,-0.192383,-1.876465,0.77002,-0.047963,0.056757,0.00373,chewing,1.000000,74.534,non_chewing
1975052.0,-0.183594,-1.884766,0.782715,-0.039969,0.06102,-0.008793,chewing,1.000000,74.534,non_chewing
1975062.0,-0.196777,-1.896484,0.761719,-0.042634,0.069813,-0.022116,chewing,1.000000,74.534,non_chewing
1975072.0,-0.186035,-1.89209,0.756836,-0.035173,0.063685,-0.00826,chewing,1.000000,74.534,non_chewing
1975082.0,-0.188965,-1.902344,0.76416,-0.03917,0.053825,-0.002132,chewing,1.000000,74.534,non_chewing
1975092.0,-0.193848,-1.907227,0.757324,-0.051694,0.047697,0.0,chewing,1.000000,74.534,non_chewing
1975102.0,-0.19043,-1.89502,0.757324,-0.03544,0.036772,-0.013323,chewing,1.000000,74.534,non_chewing
1975112.0,-0.19873,-1.89502,0.763184,-0.046098,0.043167,-0.030377,chewing,1.000000,74.534,non_chewing
1975122.0,-0.193848,-1.895996,0.769531,-0.044499,0.057023,-0.024515,chewing,1.000000,74.534,non_chewing
1975132.0,-0.193359,-1.892578,0.762207,-0.041568,0.038637,-0.021317,chewing,1.000000,74.534,non_chewing
1975142.0,-0.192871,-1.89502,0.763184,-0.038637,0.057289,-0.018919,chewing,1.000000,74.534,non_chewing
1975152.0,-0.198242,-1.885742,0.760254,-0.021583,0.047164,0.00826,chewing,1.000000,74.534,non_chewing
1975162.0,-0.194336,-1.883789,0.755859,-0.034907,0.047164,0.031443,chewing,1.000000,74.534,non_chewing
1975172.0,-0.202637,-1.895996,0.757812,-0.035706,0.054891,0.030377,chewing,1.000000,74.534,non_chewing
1975182.0,-0.197754,-1.893555,0.768555,-0.033308,0.061553,0.00906,chewing,1.000000,74.534,non_chewing
1975192.0,-0.199219,-1.900879,0.775391,-0.029044,0.078606,-0.017853,chewing,1.000000,74.534,non_chewing
1975202.0,-0.19873,-1.898438,0.768066,-0.021051,0.072744,-0.024515,chewing,1.000000,74.534,non_chewing
1975212.0,-0.192871,-1.898438,0.765625,-0.018919,0.080472,-0.041302,chewing,1.000000,74.534,non_chewing
1975222.0,-0.194336,-1.906738,0.757812,-0.029311,0.069014,-0.018386,chewing,1.000000,74.534,non_chewing
1975232.0,-0.182129,-1.903809,0.766602,-0.029844,0.055691,-0.007194,chewing,1.000000,74.534,non_chewing
1975242.0,-0.202148,-1.893555,0.761719,-0.050894,0.036239,-0.004796,chewing,1.000000,74.534,non_chewing
1975252.0,-0.194824,-1.895508,0.765625,-0.055691,0.040236,-0.031709,chewing,1.000000,74.534,non_chewing
1975262.0,-0.191406,-1.893555,0.766602,-0.046098,0.037571,-0.04743,chewing,1.000000,74.534,non_chewing
1975272.0,-0.19043,-1.897461,0.760742,-0.049562,0.038904,-0.043966,chewing,1.000000,74.534,non_chewing
1975282.0,-0.184082,-1.887207,0.765625,-0.051694,0.036772,-0.046364,chewing,1.000000,74.534,non_chewing
1975292.0,-0.187988,-1.887207,0.760254,-0.034374,0.034107,-0.045832,chewing,1.000000,74.534,non_chewing
1975302.0,-0.18457,-1.899902,0.765137,-0.027179,0.038104,-0.017853,chewing,1.000000,74.534,non_chewing
1975312.0,-0.185059,-1.895996,0.767578,-0.040236,0.023182,-0.034907,chewing,1.000000,74.534,non_chewing
1975322.0,-0.188477,-1.889648,0.763672,-0.025047,0.027712,-0.02558,chewing,1.000000,74.534,non_chewing
1975332.0,-0.179687,-1.890625,0.776855,-0.028511,0.031975,-0.025314,chewing,1.000000,74.534,non_chewing
1975342.0,-0.184082,-1.890137,0.759766,-0.037305,0.023982,-0.017054,chewing,1.000000,74.534,non_chewing
1975352.0,-0.189941,-1.889648,0.759766,-0.033574,0.03544,-0.043966,chewing,1.000000,74.534,non_chewing
1975362.0,-0.172852,-1.893555,0.772461,-0.038371,0.046897,-0.026113,chewing,1.000000,74.534,non_chewing
1975372.0,-0.179687,-1.899902,0.766113,-0.029044,0.039436,-0.031709,chewing,1.000000,74.534,non_chewing
1975382.0,-0.169434,-1.891602,0.762695,-0.037838,0.052227,-0.055957,chewing,1.000000,74.534,non_chewing
1975392.0,-0.180176,-1.899414,0.74707,-0.024515,0.046364,-0.048496,chewing,1.000000,74.534,non_chewing
1975402.0,-0.181152,-1.880859,0.757324,-0.023715,0.044499,-0.039436,chewing,1.000000,74.534,non_chewing
1975412.0,-0.186035,-1.897461,0.76123,-0.029844,0.0437,-0.001066,chewing,1.000000,74.534,non_chewing
1975422.0,-0.183105,-1.893066,0.76709,-0.021051,0.025047,0.022649,chewing,1.000000,74.534,non_chewing
1975432.0,-0.186523,-1.894531,0.757324,-0.033841,0.035972,0.022383,chewing,1.000000,74.534,non_chewing
1975442.0,-0.186523,-1.892578,0.762207,-0.023449,0.050894,0.011458,chewing,1.000000,74.534,non_chewing
1975452.0,-0.189453,-1.895508,0.764648,-0.023182,0.049562,0.010126,chewing,1.000000,74.534,non_chewing
1975462.0,-0.179687,-1.895996,0.756836,-0.015455,0.053825,-0.006129,chewing,1.000000,74.534,non_chewing
1975472.0,-0.172852,-1.899902,0.780762,-0.007727,0.066882,-0.009859,chewing,1.000000,74.534,non_chewing
1975482.0,-0.197754,-1.88916,0.782715,-0.01359,0.049828,-0.002132,chewing,1.000000,74.534,non_chewing
1975492.0,-0.20166,-1.890137,0.76709,-0.020518,0.044766,0.010392,chewing,1.000000,74.534,non_chewing
1975502.0,-0.190918,-1.895996,0.769531,-0.023982,0.049562,-0.029311,chewing,1.000000,74.534,non_chewing
1975512.0,-0.194824,-1.891602,0.772949,-0.027179,0.053825,-0.055424,chewing,1.000000,74.534,non_chewing
1975522.0,-0.198242,-1.883301,0.769531,-0.039703,0.05196,-0.055158,chewing,1.000000,74.534,non_chewing
1975532.0,-0.186523,-1.89209,0.771973,-0.044233,0.058888,-0.045832,chewing,1.000000,74.534,non_chewing
1975542.0,-0.187988,-1.895508,0.775391,-0.033574,0.050894,-0.046897,chewing,1.000000,74.534,non_chewing
1975552.0,-0.172363,-1.888184,0.766602,-0.027446,0.061286,-0.059688,chewing,1.000000,74.534,non_chewing
1975562.0,-0.184082,-1.891113,0.789062,-0.031975,0.051694,-0.040502,chewing,1.000000,74.534,non_chewing
1975572.0,-0.176758,-1.89209,0.774902,-0.038371,0.049562,-0.029844,chewing,1.000000,74.534,non_chewing
1975582.0,-0.171875,-1.901855,0.765137,-0.039969,0.057822,-0.059954,chewing,1.000000,74.534,non_chewing
1975592.0,-0.177734,-1.885254,0.773437,-0.045832,0.044233,-0.057289,chewing,1.000000,74.534,non_chewing
1975602.0,-0.174805,-1.901367,0.776855,-0.038371,0.045299,-0.052493,chewing,1.000000,74.534,non_chewing
1975612.0,-0.17041,-1.883301,0.763672,-0.0429,0.044766,-0.050361,chewing,1.000000,74.534,non_chewing
1975622.0,-0.164062,-1.89209,0.757812,-0.033308,0.045832,-0.053026,chewing,1.000000,74.534,non_chewing
1975632.0,-0.175781,-1.896484,0.77002,-0.040769,0.02185,-0.039436,chewing,1.000000,74.534,non_chewing
1975642.0,-0.172852,-1.897461,0.766113,-0.0429,0.02638,-0.051427,chewing,1.000000,74.534,non_chewing
1975652.0,-0.180176,-1.89502,0.754395,-0.046631,0.026913,-0.049029,chewing,1.000000,74.534,non_chewing
1975662.0,-0.163574,-1.890625,0.77002,-0.034907,0.021583,-0.033574,chewing,1.000000,74.534,non_chewing
1975672.0,-0.169922,-1.89502,0.757812,-0.02638,0.021583,-0.022116,chewing,1.000000,74.534,non_chewing
1975682.0,-0.180664,-1.892578,0.759766,-0.027979,0.01279,-0.016254,chewing,1.000000,74.534,non_chewing
1975692.0,-0.17627,-1.884766,0.764648,-0.025047,0.017587,-0.008793,chewing,1.000000,74.534,non_chewing
1975702.0,-0.172852,-1.89209,0.767578,-0.040236,0.022116,-0.004263,chewing,1.000000,74.534,non_chewing
1975712.0,-0.179687,-1.901367,0.751953,-0.028511,0.022916,-0.011458,chewing,1.000000,74.534,non_chewing
1975722.0,-0.177734,-1.896973,0.76416,-0.039703,0.034374,-0.030377,chewing,1.000000,74.534,non_chewing
1975732.0,-0.179199,-1.899414,0.762207,-0.038371,0.033308,-0.022916,chewing,1.000000,74.534,non_chewing
1975742.0,-0.179199,-1.885254,0.751953,-0.019718,0.040769,-0.000533,chewing,1.000000,74.534,non_chewing
1975752.0,-0.1875,-1.892578,0.759277,-0.038371,0.045565,0.039436,chewing,1.000000,74.534,non_chewing
1975762.0,-0.189941,-1.905762,0.754883,-0.030377,0.047963,0.048763,chewing,1.000000,74.534,non_chewing
1975772.0,-0.184082,-1.902832,0.750977,-0.031709,0.058355,0.03011,chewing,1.000000,74.534,non_chewing
1975782.0,-0.184082,-1.90332,0.756348,-0.024248,0.060753,-0.013057,chewing,0.725000,66.667,non_chewing
1975792.0,-0.185547,-1.895996,0.772461,-0.00906,0.043966,-0.023982,chewing,0.725000,66.667,non_chewing
1975802.0,-0.183105,-1.887695,0.75293,-0.017587,0.036505,-0.02638,chewing,0.725000,66.667,non_chewing
1975812.0,-0.19043,-1.875977,0.770508,-0.017054,0.047697,-0.010392,chewing,0.725000,66.667,non_chewing
1975822.0,-0.181152,-1.895508,0.760742,-0.01359,0.053292,0.00826,chewing,0.725000,66.667,non_chewing
1975832.0,-0.19043,-1.891113,0.76416,-0.016254,0.054891,0.027446,chewing,0.725000,66.667,non_chewing
1975842.0,-0.183594,-1.896484,0.762207,-0.021051,0.049296,0.007461,chewing,0.725000,66.667,non_chewing
1975852.0,-0.179687,-1.890625,0.760254,-0.014389,0.049029,-0.016787,chewing,0.725000,66.667,non_chewing
1975862.0,-0.179199,-1.89502,0.765625,-0.014389,0.033841,-0.006928,chewing,0.725000,66.667,non_chewing
1975872.0,-0.168457,-1.897461,0.771973,-0.009326,0.049562,0.010392,chewing,0.725000,66.667,non_chewing
1975882.0,-0.166504,-1.891113,0.777344,-0.004263,0.037305,-0.023182,chewing,0.725000,66.667,non_chewing
1975892.0,-0.185059,-1.894531,0.76123,-0.012524,0.042101,-0.024515,chewing,0.725000,66.667,non_chewing
1975902.0,-0.173828,-1.898438,0.76123,-0.021051,0.050361,-0.013323,chewing,0.725000,66.667,non_chewing
1975912.0,-0.182617,-1.893555,0.788086,-0.011458,0.053825,-0.008527,chewing,0.725000,66.667,non_chewing
1975922.0,-0.188477,-1.885254,0.773926,-0.015988,0.054092,0.00453,chewing,0.725000,66.667,non_chewing
1975932.0,-0.183594,-1.887695,0.772949,-0.022116,0.053559,0.012524,chewing,0.725000,66.667,non_chewing
1975942.0,-0.186035,-1.88916,0.765137,-0.032775,0.05196,0.03544,chewing,0.725000,66.667,non_chewing
1975952.0,-0.166504,-1.898926,0.763184,-0.038371,0.051161,0.024781,chewing,0.725000,66.667,non_chewing
1975962.0,-0.17627,-1.904297,0.759766,-0.032508,0.053026,-0.002665,chewing,0.725000,66.667,non_chewing
1975972.0,-0.174805,-1.904297,0.762207,-0.031176,0.035706,0.00453,chewing,0.725000,66.667,non_chewing
1975982.0,-0.16748,-1.895508,0.773437,-0.028778,0.035972,-0.03544,chewing,0.725000,66.667,non_chewing
1975992.0,-0.182129,-1.896484,0.762207,-0.027712,0.045299,-0.06555,chewing,0.725000,66.667,non_chewing
1976002.0,-0.176758,-1.890625,0.767578,-0.020251,0.040236,-0.069014,chewing,0.725000,66.667,non_chewing
1976012.0,-0.179687,-1.883301,0.772949,-0.02558,0.032775,-0.045299,chewing,0.725000,66.667,non_chewing
1976022.0,-0.177734,-1.881348,0.773926,-0.02638,0.031709,-0.011191,chewing,0.725000,66.667,non_chewing
1976032.0,-0.182129,-1.880859,0.757812,-0.019452,0.033574,-0.002398,chewing,0.725000,66.667,non_chewing
1976042.0,-0.181152,-1.895996,0.758789,-0.012524,0.031176,0.023715,chewing,0.725000,66.667,non_chewing
1976052.0,-0.17334,-1.904297,0.744629,-0.033574,0.041835,0.014123,chewing,0.725000,66.667,non_chewing
1976062.0,-0.177246,-1.896973,0.760742,-0.017054,0.030377,0.022383,chewing,0.725000,66.667,non_chewing
1976072.0,-0.179687,-1.897949,0.770508,-0.035706,0.013323,0.017054,chewing,0.725000,66.667,non_chewing
1976082.0,-0.177246,-1.891113,0.758301,-0.031975,0.03464,0.010658,chewing,0.725000,66.667,non_chewing
1976092.0,-0.185059,-1.881836,0.760254,-0.024248,0.035173,0.006928,chewing,0.725000,66.667,non_chewing
1976102.0,-0.191895,-1.885742,0.767578,-0.027979,0.041302,0.011991,chewing,0.725000,66.667,non_chewing
1976112.0,-0.181152,-1.88916,0.762207,-0.028245,0.052227,0.00826,chewing,0.725000,66.667,non_chewing
1976122.0,-0.179199,-1.88916,0.763672,-0.025314,0.052493,0.022116,chewing,0.725000,66.667,non_chewing
1976132.0,-0.175293,-1.901855,0.767578,-0.033841,0.057023,0.027446,chewing,0.725000,66.667,non_chewing
1976142.0,-0.169922,-1.894043,0.766602,-0.033574,0.046098,0.027979,chewing,0.725000,66.667,non_chewing
1976152.0,-0.179687,-1.89502,0.762207,-0.038104,0.045565,0.038637,chewing,0.725000,66.667,non_chewing
1976162.0,-0.17627,-1.890137,0.776855,-0.035972,0.045565,0.058089,chewing,0.725000,66.667,non_chewing
1976172.0,-0.178223,-1.902344,0.758301,-0.022649,0.057822,0.044766,chewing,0.725000,66.667,non_chewing
1976182.0,-0.181152,-1.900879,0.771484,-0.029577,0.055691,0.021051,chewing,0.725000,66.667,non_chewing
1976192.0,-0.181641,-1.887207,0.755371,-0.024248,0.059155,0.02638,chewing,0.725000,66.667,non_chewing
1976202.0,-0.185059,-1.88623,0.771973,-0.02185,0.067948,0.02185,chewing,0.725000,66.667,non_chewing
1976212.0,-0.194824,-1.875,0.777832,-0.012257,0.074876,0.028511,chewing,0.725000,66.667,non_chewing
1976222.0,-0.182617,-1.895996,0.768066,-0.014655,0.058089,0.021583,chewing,0.725000,66.667,non_chewing
1976232.0,-0.189453,-1.88623,0.773437,-0.026113,0.074343,0.01732,chewing,0.725000,66.667,non_chewing
1976242.0,-0.1875,-1.896484,0.760254,-0.029044,0.056224,0.028245,chewing,0.725000,66.667,non_chewing
1976252.0,-0.183594,-1.894043,0.76416,-0.043167,0.053559,0.015721,chewing,0.725000,66.667,non_chewing
1976262.0,-0.183594,-1.912109,0.766602,-0.034107,0.037838,-0.005862,chewing,0.725000,66.667,non_chewing
1976272.0,-0.191895,-1.907227,0.765137,-0.041035,0.032775,-0.039436,chewing,0.725000,66.667,non_chewing
1976282.0,-0.192871,-1.89502,0.763184,-0.051161,0.024781,-0.043167,chewing,0.725000,66.667,non_chewing
1976292.0,-0.193848,-1.891602,0.76709,-0.042101,0.02558,-0.042634,chewing,0.725000,66.667,non_chewing
1976302.0,-0.191406,-1.898926,0.75293,-0.021317,0.027979,-0.051427,chewing,0.725000,66.667,non_chewing
1976312.0,-0.205566,-1.898438,0.762695,-0.026913,0.039436,-0.074609,chewing,0.725000,66.667,non_chewing
1976322.0,-0.188477,-1.887695,0.763672,-0.022383,0.0429,-0.057289,chewing,0.725000,66.667,non_chewing
1976332.0,-0.188965,-1.88916,0.755859,-0.028245,0.050361,-0.058089,chewing,0.725000,66.667,non_chewing
1976342.0,-0.188965,-1.894531,0.768555,-0.036505,0.043433,-0.049828,chewing,0.725000,66.667,non_chewing
1976352.0,-0.177246,-1.893555,0.76416,-0.023449,0.040502,-0.036505,chewing,0.725000,66.667,non_chewing
1976362.0,-0.166992,-1.885742,0.763184,-0.013856,0.028778,-0.002931,chewing,0.725000,66.667,non_chewing
1976372.0,-0.164551,-1.891113,0.75293,-0.023182,0.021051,-0.007994,chewing,0.725000,66.667,non_chewing
1976382.0,-0.160156,-1.903809,0.763184,-0.001599,0.030643,-0.010126,chewing,0.725000,66.667,non_chewing
1976392.0,-0.178711,-1.902344,0.760254,-0.000799,0.026913,-0.023182,chewing,0.725000,66.667,non_chewing
1976402.0,-0.172852,-1.894043,0.766113,-0.001066,0.036772,-0.026913,chewing,0.725000,66.667,non_chewing
1976412.0,-0.180176,-1.887695,0.765625,-0.006662,0.040236,-0.039969,chewing,0.725000,66.667,non_chewing
1976422.0,-0.183105,-1.887695,0.763672,-0.012524,0.041035,-0.026113,chewing,0.725000,66.667,non_chewing
1976432.0,-0.194824,-1.891113,0.768066,-0.032242,0.045832,-0.009326,chewing,0.725000,66.667,non_chewing
1976442.0,-0.193359,-1.891113,0.776855,-0.037571,0.052227,0.007461,chewing,0.725000,66.667,non_chewing
1976452.0,-0.192383,-1.890137,0.759277,-0.02638,0.04823,0.001599,chewing,0.725000,66.667,non_chewing
1976462.0,-0.188477,-1.891602,0.758301,-0.031975,0.049828,-0.010392,chewing,0.725000,66.667,non_chewing
1976472.0,-0.185547,-1.910156,0.763184,-0.044233,0.058089,-0.033041,chewing,0.725000,66.667,non_chewing
1976482.0,-0.178223,-1.884277,0.771973,-0.040502,0.052227,-0.045832,chewing,0.725000,66.667,non_chewing
1976492.0,-0.183594,-1.896973,0.749512,-0.03917,0.054092,-0.055691,chewing,0.725000,66.667,non_chewing
1976502.0,-0.181641,-1.891113,0.756348,-0.053292,0.044499,-0.032242,chewing,0.725000,66.667,non_chewing
1976512.0,-0.171875,-1.88916,0.770996,-0.046631,0.027446,0.000266,chewing,0.725000,66.667,non_chewing
1976522.0,-0.187012,-1.891602,0.768066,-0.050628,0.024248,0.0429,chewing,0.725000,66.667,non_chewing
1976532.0,-0.17041,-1.885742,0.765137,-0.046098,0.039436,0.014922,chewing,0.725000,66.667,non_chewing
1976542.0,-0.163086,-1.904785,0.758301,-0.045565,0.041035,-0.019452,chewing,0.725000,66.667,non_chewing
1976552.0,-0.176758,-1.904785,0.760254,-0.054358,0.045832,-0.03464,chewing,0.725000,66.667,non_chewing
1976562.0,-0.17041,-1.896484,0.768066,-0.043966,0.041302,-0.029844,chewing,0.725000,66.667,non_chewing
1976572.0,-0.17627,-1.902832,0.760254,-0.03544,0.047963,-0.051427,chewing,0.725000,66.667,non_chewing
1976582.0,-0.171875,-1.894531,0.758789,-0.031443,0.0429,-0.030377,chewing,0.725000,66.667,non_chewing
1976592.0,-0.180664,-1.89209,0.740234,-0.024781,0.041035,-0.010392,chewing,0.725000,66.667,non_chewing
1976602.0,-0.176758,-1.896484,0.752441,-0.023982,0.032508,0.01732,chewing,0.725000,66.667,non_chewing
1976612.0,-0.180176,-1.899414,0.748047,-0.026113,0.040236,0.017054,chewing,0.725000,66.667,non_chewing
1976622.0,-0.181641,-1.893066,0.751465,-0.034907,0.035972,0.010658,chewing,0.725000,66.667,non_chewing
1976632.0,-0.182617,-1.898926,0.762207,-0.026646,0.029044,0.009593,chewing,0.725000,66.667,non_chewing
1976642.0,-0.187988,-1.895996,0.76416,-0.020518,0.033841,0.007194,chewing,0.725000,66.667,non_chewing
1976652.0,-0.192383,-1.892578,0.745117,-0.012524,0.031709,0.010392,chewing,0.725000,66.667,non_chewing
1976662.0,-0.19873,-1.903809,0.748047,0.000799,0.025847,0.027979,chewing,0.725000,66.667,non_chewing
1976672.0,-0.19873,-1.896973,0.75293,0.007994,0.037838,-0.023982,chewing,0.725000,66.667,non_chewing
1976682.0,-0.203613,-1.893066,0.768555,-0.000799,0.055691,-0.024781,chewing,0.725000,66.667,non_chewing
1976692.0,-0.198242,-1.904785,0.766113,0.006662,0.079672,-0.023449,chewing,0.725000,66.667,non_chewing
1976702.0,-0.188477,-1.900879,0.777344,0.000266,0.072478,-0.050894,chewing,0.725000,66.667,non_chewing
1976712.0,-0.192871,-1.896484,0.762207,-0.002132,0.074876,-0.053026,chewing,0.725000,66.667,non_chewing
1976722.0,-0.186035,-1.899902,0.766602,-0.018919,0.070346,-0.055158,chewing,0.725000,66.667,non_chewing
1976732.0,-0.185547,-1.898926,0.769043,-0.018652,0.07008,-0.035173,chewing,0.725000,66.667,non_chewing
1976742.0,-0.183105,-1.892578,0.76416,-0.022116,0.057556,-0.024248,chewing,0.725000,66.667,non_chewing
1976752.0,-0.173828,-1.886719,0.769043,-0.028778,0.050894,-0.007994,chewing,0.725000,66.667,non_chewing
1976762.0,-0.177734,-1.899414,0.770996,-0.027179,0.055424,-0.012524,chewing,0.725000,66.667,non_chewing
1976772.0,-0.183105,-1.887695,0.763672,-0.032775,0.062352,-0.026913,chewing,0.725000,66.667,non_chewing
1976782.0,-0.184082,-1.893066,0.75293,-0.028511,0.071945,-0.0429,chewing,0.725000,66.667,non_chewing
1976792.0,-0.180176,-1.893555,0.776367,-0.027179,0.077008,-0.045299,non_chewing,0.450000,0.000,non_chewing
1976802.0,-0.176758,-1.893066,0.759766,-0.01279,0.080205,-0.042368,non_chewing,0.450000,0.000,non_chewing
1976812.0,-0.170898,-1.893555,0.763672,-0.026913,0.072478,-0.040769,non_chewing,0.450000,0.000,non_chewing
1976822.0,-0.161133,-1.901367,0.756836,-0.014922,0.07008,-0.019185,non_chewing,0.450000,0.000,non_chewing
1976832.0,-0.158691,-1.899414,0.762695,-0.029577,0.068747,-0.007994,non_chewing,0.450000,0.000,non_chewing
1976842.0,-0.177734,-1.891113,0.776367,-0.026113,0.038904,0.015721,non_chewing,0.450000,0.000,non_chewing
1976852.0,-0.167969,-1.896973,0.757812,-0.032775,-0.000266,0.057023,non_chewing,0.450000,0.000,non_chewing
1976862.0,-0.176758,-1.890625,0.765137,-0.027712,-0.027446,0.060221,non_chewing,0.450000,0.000,non_chewing
1976872.0,-0.173828,-1.878418,0.77832,-0.025847,-0.008793,0.057289,non_chewing,0.450000,0.000,non_chewing
1976882.0,-0.174805,-1.898926,0.779785,-0.027712,0.006928,0.034374,non_chewing,0.450000,0.000,non_chewing
1976892.0,-0.175781,-1.898926,0.76709,-0.033841,0.027446,-0.001066,non_chewing,0.450000,0.000,non_chewing
1976902.0,-0.177246,-1.897949,0.761719,-0.031443,0.061286,-0.055957,non_chewing,0.450000,0.000,non_chewing
1976912.0,-0.185059,-1.883789,0.77002,-0.032775,0.059954,-0.049828,non_chewing,0.450000,0.000,non_chewing
1976922.0,-0.172363,-1.890137,0.762207,-0.03011,0.031176,-0.041035,non_chewing,0.450000,0.000,non_chewing
1976932.0,-0.173828,-1.890625,0.770996,-0.029044,0.019718,-0.007994,non_chewing,0.450000,0.000,non_chewing
1976942.0,-0.179687,-1.895508,0.763184,-0.024781,-0.00826,0.023715,non_chewing,0.450000,0.000,non_chewing
1976952.0,-0.173828,-1.888184,0.771484,-0.026646,-0.018652,0.053825,non_chewing,0.450000,0.000,non_chewing
1976962.0,-0.171387,-1.900391,0.748047,-0.032242,-0.004263,0.024515,non_chewing,0.450000,0.000,non_chewing
1976972.0,-0.169434,-1.899414,0.759766,-0.027979,0.010392,0.015188,non_chewing,0.450000,0.000,non_chewing
1976982.0,-0.175293,-1.891113,0.759277,-0.030377,0.011991,-0.018119,non_chewing,0.450000,0.000,non_chewing
1976992.0,-0.177734,-1.885742,0.76123,-0.032775,0.025047,-0.02638,non_chewing,0.450000,0.000,non_chewing
1977002.0,-0.177734,-1.904297,0.76416,-0.047963,0.026646,-0.038904,non_chewing,0.450000,0.000,non_chewing
1977012.0,-0.179199,-1.894531,0.75,-0.040502,0.038104,-0.042634,non_chewing,0.450000,0.000,non_chewing
1977022.0,-0.182129,-1.901855,0.743652,-0.036505,0.036505,-0.04743,non_chewing,0.450000,0.000,non_chewing
1977032.0,-0.185059,-1.895996,0.76416,-0.041835,0.036505,-0.028778,non_chewing,0.450000,0.000,non_chewing
1977042.0,-0.182129,-1.90332,0.762695,-0.033841,0.03464,-0.015188,non_chewing,0.450000,0.000,non_chewing
1977052.0,-0.192383,-1.885254,0.749512,-0.022383,0.032508,0.002931,non_chewing,0.450000,0.000,non_chewing
1977062.0,-0.192871,-1.900879,0.762207,-0.018119,0.021317,0.015988,non_chewing,0.450000,0.000,non_chewing
1977072.0,-0.186523,-1.895508,0.759766,-0.023982,0.03091,0.01732,non_chewing,0.450000,0.000,non_chewing
1977082.0,-0.180664,-1.900391,0.754395,-0.01279,0.064217,-0.000533,non_chewing,0.450000,0.000,non_chewing
1977092.0,-0.184082,-1.898926,0.763184,-0.011724,0.063418,-0.013856,non_chewing,0.450000,0.000,non_chewing
1977102.0,-0.206543,-1.886719,0.771973,-0.011191,0.074876,-0.020784,non_chewing,0.450000,0.000,non_chewing
1977112.0,-0.194336,-1.88623,0.780273,-0.022116,0.103387,-0.024781,non_chewing,0.450000,0.000,non_chewing
1977122.0,-0.180176,-1.891602,0.756348,-0.022116,0.114046,-0.041568,non_chewing,0.450000,0.000,non_chewing
1977132.0,-0.1875,-1.892578,0.773437,-0.027446,0.098858,-0.029844,non_chewing,0.450000,0.000,non_chewing
1977142.0,-0.1875,-1.88623,0.77002,-0.031176,0.083136,-0.023449,non_chewing,0.450000,0.000,non_chewing
1977152.0,-0.163574,-1.889648,0.759766,-0.03917,0.088732,-0.047697,non_chewing,0.450000,0.000,non_chewing
1977162.0,-0.174316,-1.890625,0.775879,-0.028778,0.078873,-0.027446,non_chewing,0.450000,0.000,non_chewing
1977172.0,-0.168457,-1.896973,0.76123,-0.034374,0.070346,-0.011191,non_chewing,0.450000,0.000,non_chewing
1977182.0,-0.160645,-1.902832,0.766113,-0.03011,0.05196,-0.021583,non_chewing,0.450000,0.000,non_chewing
1977192.0,-0.171387,-1.89502,0.77002,-0.037038,0.049029,-0.029577,non_chewing,0.450000,0.000,non_chewing
1977202.0,-0.171875,-1.90332,0.762695,-0.034907,0.031176,-0.027179,non_chewing,0.450000,0.000,non_chewing
1977212.0,-0.176758,-1.897461,0.762207,-0.028511,0.028245,-0.021051,non_chewing,0.450000,0.000,non_chewing
1977222.0,-0.17041,-1.889648,0.76416,-0.031709,0.032242,-0.018652,non_chewing,0.450000,0.000,non_chewing
1977232.0,-0.178223,-1.892578,0.757324,-0.033574,0.021583,-0.026646,non_chewing,0.450000,0.000,non_chewing
1977242.0,-0.173828,-1.899414,0.765625,-0.029311,0.029577,-0.021317,non_chewing,0.450000,0.000,non_chewing
1977252.0,-0.174316,-1.897461,0.757324,-0.03091,0.033841,-0.033041,non_chewing,0.450000,0.000,non_chewing
1977262.0,-0.170898,-1.896973,0.753906,-0.031176,0.035706,-0.029311,non_chewing,0.450000,0.000,non_chewing
1977272.0,-0.180664,-1.901367,0.762695,-0.023982,0.05196,-0.033308,non_chewing,0.450000,0.000,non_chewing
1977282.0,-0.191406,-1.893555,0.768555,-0.019985,0.065017,-0.03544,non_chewing,0.450000,0.000,non_chewing
1977292.0,-0.188965,-1.878418,0.763184,-0.01732,0.081271,-0.035706,non_chewing,0.450000,0.000,non_chewing
1977302.0,-0.201172,-1.885742,0.756836,-0.027712,0.103654,-0.027446,non_chewing,0.450000,0.000,non_chewing
1977312.0,-0.191895,-1.891113,0.761719,-0.023982,0.115112,-0.0429,non_chewing,0.450000,0.000,non_chewing
1977322.0,-0.188965,-1.892578,0.766602,-0.028511,0.117243,-0.03091,non_chewing,0.450000,0.000,non_chewing
1977332.0,-0.180176,-1.891602,0.77002,-0.018919,0.115112,-0.001865,non_chewing,0.450000,0.000,non_chewing
1977342.0,-0.183594,-1.895996,0.771484,-0.030377,0.094861,-0.007994,non_chewing,0.450000,0.000,non_chewing
1977352.0,-0.183105,-1.896973,0.758301,-0.037305,0.103654,-0.030377,non_chewing,0.450000,0.000,non_chewing
1977362.0,-0.180176,-1.904785,0.762695,-0.051427,0.0866,-0.029844,non_chewing,0.450000,0.000,non_chewing
1977372.0,-0.188965,-1.895996,0.760254,-0.051161,0.079406,-0.036505,non_chewing,0.450000,0.000,non_chewing
1977382.0,-0.185059,-1.895508,0.759277,-0.039969,0.083403,-0.055158,non_chewing,0.450000,0.000,non_chewing
1977392.0,-0.178711,-1.893066,0.768555,-0.041302,0.074609,-0.050894,non_chewing,0.450000,0.000,non_chewing
1977402.0,-0.20459,-1.89209,0.753906,-0.049828,0.074609,-0.026113,non_chewing,0.450000,0.000,non_chewing
1977412.0,-0.197754,-1.889648,0.754883,-0.049029,0.051427,-0.041568,non_chewing,0.450000,0.000,non_chewing
1977422.0,-0.185547,-1.897461,0.758301,-0.050095,0.048763,-0.063152,non_chewing,0.450000,0.000,non_chewing
1977432.0,-0.186523,-1.906738,0.746094,-0.05649,0.043167,-0.062619,non_chewing,0.450000,0.000,non_chewing
1977442.0,-0.172852,-1.914551,0.760742,-0.047697,0.033574,-0.072211,non_chewing,0.450000,0.000,non_chewing
1977452.0,-0.1875,-1.899414,0.758301,-0.048763,0.007461,-0.085002,non_chewing,0.450000,0.000,non_chewing
1977462.0,-0.193848,-1.894043,0.756836,-0.035173,-0.003464,-0.058089,non_chewing,0.450000,0.000,non_chewing
1977472.0,-0.183594,-1.89209,0.768555,-0.044233,0.004263,-0.033574,non_chewing,0.450000,0.000,non_chewing
1977482.0,-0.187012,-1.895996,0.750977,-0.040502,0.010126,-0.0437,non_chewing,0.450000,0.000,non_chewing
1977492.0,-0.186035,-1.894531,0.75293,-0.034907,0.020784,-0.062086,non_chewing,0.450000,0.000,non_chewing
1977502.0,-0.185547,-1.895996,0.76416,-0.032775,0.020784,-0.086334,non_chewing,0.450000,0.000,non_chewing
1977512.0,-0.179199,-1.894531,0.754883,-0.022916,0.017587,-0.068481,non_chewing,0.450000,0.000,non_chewing
1977522.0,-0.164062,-1.897949,0.753418,-0.028778,0.015988,-0.068481,non_chewing,0.450000,0.000,non_chewing
1977532.0,-0.158691,-1.900879,0.753906,-0.017054,0.019718,-0.086067,non_chewing,0.450000,0.000,non_chewing
1977542.0,-0.152832,-1.906738,0.77002,-0.023982,0.021317,-0.101522,non_chewing,0.450000,0.000,non_chewing
1977552.0,-0.165039,-1.901855,0.757812,-0.022649,0.01279,-0.112714,non_chewing,0.450000,0.000,non_chewing
1977562.0,-0.154297,-1.890625,0.762207,-0.023715,0.015721,-0.12577,non_chewing,0.450000,0.000,non_chewing
1977572.0,-0.156738,-1.89502,0.76709,-0.043433,0.005596,-0.14309,non_chewing,0.450000,0.000,non_chewing
1977582.0,-0.123047,-1.899902,0.756348,-0.03464,0.043966,-0.114579,non_chewing,0.450000,0.000,non_chewing
1977592.0,-0.160645,-1.899414,0.763672,-0.025847,0.020518,-0.078606,non_chewing,0.450000,0.000,non_chewing
1977602.0,-0.160645,-1.88916,0.766113,-0.028511,0.022383,-0.062352,non_chewing,0.450000,0.000,non_chewing
1977612.0,-0.156738,-1.900391,0.765625,-0.037838,0.026113,-0.055158,non_chewing,0.450000,0.000,non_chewing
1977622.0,-0.149414,-1.893066,0.783691,-0.029577,0.025847,-0.050095,non_chewing,0.450000,0.000,non_chewing
1977632.0,-0.14209,-1.887207,0.770508,-0.034374,0.037038,-0.08287,non_chewing,0.450000,0.000,non_chewing
1977642.0,-0.141602,-1.894531,0.757812,-0.021051,0.055424,-0.102322,non_chewing,0.450000,0.000,non_chewing
1977652.0,-0.150879,-1.875977,0.783691,-0.033041,0.061553,-0.089265,non_chewing,0.450000,0.000,non_chewing
1977662.0,-0.14209,-1.887695,0.768066,-0.033308,0.077541,-0.055158,non_chewing,0.450000,0.000,non_chewing
1977672.0,-0.129883,-1.891602,0.770996,-0.034107,0.065017,-0.028778,non_chewing,0.450000,0.000,non_chewing
1977682.0,-0.147949,-1.891602,0.763184,-0.046364,0.055957,-0.028778,non_chewing,0.450000,0.000,non_chewing
1977692.0,-0.143555,-1.891113,0.750977,-0.035173,0.054625,-0.002132,non_chewing,0.450000,0.000,non_chewing
1977702.0,-0.144043,-1.90332,0.775391,-0.03464,0.044766,-0.012524,non_chewing,0.450000,0.000,non_chewing
1977712.0,-0.148437,-1.896484,0.758301,-0.031443,0.041035,-0.018919,non_chewing,0.450000,0.000,non_chewing
1977722.0,-0.15625,-1.892578,0.758789,-0.026113,0.039703,-0.015721,non_chewing,0.450000,0.000,non_chewing
1977732.0,-0.156738,-1.907715,0.758301,-0.02185,0.015988,-0.01279,non_chewing,0.450000,0.000,non_chewing
1977742.0,-0.156738,-1.912598,0.752441,-0.01732,0.03464,-0.011724,non_chewing,0.450000,0.000,non_chewing
1977752.0,-0.154297,-1.904297,0.768066,-0.02185,0.009859,-0.011991,non_chewing,0.450000,0.000,non_chewing
1977762.0,-0.164062,-1.892578,0.763184,-0.019718,0.00826,0.000799,non_chewing,0.450000,0.000,non_chewing
1977772.0,-0.165039,-1.894043,0.756348,-0.027979,0.009859,-0.003198,non_chewing,0.450000,0.000,non_chewing
1977782.0,-0.155762,-1.899414,0.749512,-0.025314,0.00826,0.001066,non_chewing,0.450000,0.000,non_chewing
1977792.0,-0.163574,-1.879395,0.76709,-0.028511,0.022116,-0.022116,non_chewing,0.450000,0.000,non_chewing
1977802.0,-0.165527,-1.895508,0.758789,-0.019718,0.023982,-0.02185,non_chewing,0.450000,0.000,non_chewing
1977812.0,-0.175293,-1.89502,0.752441,-0.037571,0.030377,-0.003464,non_chewing,0.450000,0.000,non_chewing
1977822.0,-0.167969,-1.894531,0.761719,-0.02638,0.043966,-0.03464,non_chewing,0.450000,0.000,non_chewing
1977832.0,-0.160645,-1.893555,0.763184,-0.031443,0.049029,-0.062352,non_chewing,0.450000,0.000,non_chewing
1977842.0,-0.161621,-1.903809,0.756348,-0.023982,0.045565,-0.058089,non_chewing,0.450000,0.000,non_chewing
1977852.0,-0.163086,-1.89502,0.754883,-0.026646,0.043433,-0.047164,non_chewing,0.450000,0.000,non_chewing
1977862.0,-0.148437,-1.895508,0.759766,-0.024515,0.027979,-0.042101,non_chewing,0.450000,0.000,non_chewing
1977872.0,-0.156738,-1.893066,0.753906,-0.022383,0.010925,-0.02638,non_chewing,0.450000,0.000,non_chewing
1977882.0,-0.158203,-1.901367,0.754883,-0.018119,0.014389,0.011991,non_chewing,0.450000,0.000,non_chewing
1977892.0,-0.165527,-1.894043,0.758301,-0.020784,0.027712,0.002931,non_chewing,0.450000,0.000,non_chewing
1977902.0,-0.16748,-1.904785,0.756348,-0.023982,0.018919,0.005596,non_chewing,0.450000,0.000,non_chewing
1977912.0,-0.155273,-1.893555,0.764648,-0.029311,0.00906,0.002398,non_chewing,0.450000,0.000,non_chewing
1977922.0,-0.152344,-1.89502,0.770996,-0.032775,-0.004263,-0.023715,non_chewing,0.450000,0.000,non_chewing
1977932.0,-0.146484,-1.893555,0.773437,-0.033041,0.009859,-0.040769,non_chewing,0.450000,0.000,non_chewing
1977942.0,-0.15332,-1.893066,0.760742,-0.027712,0.039969,-0.039436,non_chewing,0.450000,0.000,non_chewing
1977952.0,-0.152344,-1.914551,0.75,-0.03091,0.046364,-0.055158,non_chewing,0.450000,0.000,non_chewing
1977962.0,-0.15332,-1.91748,0.758301,-0.038104,0.049296,-0.081005,non_chewing,0.450000,0.000,non_chewing
1977972.0,-0.157715,-1.90918,0.763184,-0.03544,0.032508,-0.061819,non_chewing,0.450000,0.000,non_chewing
1977982.0,-0.153809,-1.890625,0.754395,-0.037038,0.017587,-0.057556,non_chewing,0.450000,0.000,non_chewing
1977992.0,-0.146973,-1.897949,0.760254,-0.030377,0.010392,-0.053559,non_chewing,0.450000,0.000,non_chewing
1978002.0,-0.151367,-1.902832,0.769043,-0.028511,0.005862,-0.040502,non_chewing,0.450000,0.000,non_chewing
1978012.0,-0.15625,-1.900391,0.747559,-0.029044,-0.003997,-0.048763,non_chewing,0.450000,0.000,non_chewing
1978022.0,-0.147461,-1.899414,0.753906,-0.025047,-0.00906,-0.047963,non_chewing,0.450000,0.000,non_chewing
1978032.0,-0.144531,-1.89502,0.756348,-0.029311,0.003997,-0.035972,non_chewing,0.450000,0.000,non_chewing
1978042.0,-0.148926,-1.895996,0.75,-0.025847,0.028511,-0.047963,non_chewing,0.450000,0.000,non_chewing
1978052.0,-0.159668,-1.900391,0.751953,-0.02638,0.031443,-0.058355,non_chewing,0.450000,0.000,non_chewing
1978062.0,-0.15625,-1.902832,0.762207,-0.024248,0.031709,-0.046897,non_chewing,0.450000,0.000,non_chewing
1978072.0,-0.165039,-1.893066,0.756836,-0.022383,0.045565,-0.049296,non_chewing,0.450000,0.000,non_chewing
1978082.0,-0.15918,-1.902832,0.756836,-0.023715,0.028245,-0.026646,non_chewing,0.450000,0.000,non_chewing
1978092.0,-0.149414,-1.90332,0.75,-0.025847,0.031176,-0.019718,non_chewing,0.450000,0.000,non_chewing
1978102.0,-0.14209,-1.898438,0.751953,-0.028778,0.031709,-0.03011,non_chewing,0.450000,0.000,non_chewing
1978112.0,-0.147461,-1.907715,0.754395,-0.017054,0.033841,-0.042368,non_chewing,0.450000,0.000,non_chewing
1978122.0,-0.151855,-1.89502,0.755859,-0.019985,0.032775,-0.041835,non_chewing,0.450000,0.000,non_chewing
1978132.0,-0.160645,-1.901367,0.748535,-0.01359,0.016254,-0.008793,non_chewing,0.450000,0.000,non_chewing
1978142.0,-0.165039,-1.898438,0.766602,-0.005862,0.01732,0.004796,non_chewing,0.450000,0.000,non_chewing
1978152.0,-0.164551,-1.899414,0.767578,-0.00373,0.038904,0.018919,non_chewing,0.450000,0.000,non_chewing
1978162.0,-0.164551,-1.901367,0.763184,-0.010925,0.037571,0.00453,non_chewing,0.450000,0.000,non_chewing
1978172.0,-0.145508,-1.907715,0.76709,-0.011191,0.04743,-0.010126,non_chewing,0.450000,0.000,non_chewing
1978182.0,-0.151367,-1.901367,0.766602,0.000533,0.062086,-0.031709,non_chewing,0.450000,0.000,non_chewing
1978192.0,-0.144531,-1.902344,0.748047,-0.012524,0.047697,-0.038371,non_chewing,0.450000,0.000,non_chewing
1978202.0,-0.164551,-1.898438,0.770996,-0.020518,0.045032,-0.011191,non_chewing,0.450000,0.000,non_chewing
1978212.0,-0.156738,-1.89209,0.755371,-0.019185,0.034374,-0.012257,non_chewing,0.450000,0.000,non_chewing
1978222.0,-0.150879,-1.899902,0.754395,-0.013323,0.03917,-0.012524,non_chewing,0.450000,0.000,non_chewing
1978232.0,-0.149414,-1.889648,0.76123,-0.021583,0.058622,-0.026646,non_chewing,0.450000,0.000,non_chewing
1978242.0,-0.141602,-1.897461,0.77002,-0.025314,0.050361,-0.041835,non_chewing,0.450000,0.000,non_chewing
1978252.0,-0.147949,-1.902832,0.753906,-0.00906,0.068481,-0.053825,non_chewing,0.450000,0.000,non_chewing
1978262.0,-0.140625,-1.913574,0.757812,-0.004796,0.053026,-0.092729,non_chewing,0.450000,0.000,non_chewing
1978272.0,-0.142578,-1.902344,0.755859,0.005329,0.037571,-0.092729,non_chewing,0.450000,0.000,non_chewing
1978282.0,-0.142578,-1.902344,0.76123,0.003464,0.016254,-0.083403,non_chewing,0.450000,0.000,non_chewing
1978292.0,-0.155762,-1.894531,0.76416,-0.00373,-0.00373,-0.042368,non_chewing,0.450000,0.000,non_chewing
1978302.0,-0.139648,-1.89209,0.760254,0.003464,-0.005329,-0.03544,non_chewing,0.450000,0.000,non_chewing
1978312.0,-0.15332,-1.901855,0.76709,0.007194,-0.000799,-0.036239,non_chewing,0.450000,0.000,non_chewing
1978322.0,-0.149414,-1.90625,0.766113,0.021317,0.005063,-0.06102,non_chewing,0.450000,0.000,non_chewing
1978332.0,-0.150391,-1.899902,0.770508,0.028511,0.006662,-0.046631,non_chewing,0.450000,0.000,non_chewing
1978342.0,-0.149902,-1.896484,0.772461,0.00826,0.010126,-0.028511,non_chewing,0.450000,0.000,non_chewing
1978352.0,-0.138184,-1.896484,0.759277,0.009326,0.018652,-0.043167,non_chewing,0.450000,0.000,non_chewing
1978362.0,-0.146484,-1.889648,0.771484,-0.000533,0.019985,-0.058622,non_chewing,0.450000,0.000,non_chewing
1978372.0,-0.143066,-1.897461,0.778809,0.000266,0.032775,-0.06555,non_chewing,0.450000,0.000,non_chewing
1978382.0,-0.139648,-1.884766,0.775879,-0.007461,0.038371,-0.070879,non_chewing,0.450000,0.000,non_chewing
1978392.0,-0.141602,-1.896973,0.786133,-0.016787,0.031709,-0.053026,non_chewing,0.450000,0.000,non_chewing
1978402.0,-0.133301,-1.899414,0.776367,-0.003464,0.024781,-0.072478,non_chewing,0.450000,0.000,non_chewing
1978412.0,-0.128418,-1.891113,0.772949,-0.021317,0.016254,-0.069014,non_chewing,0.450000,0.000,non_chewing
1978422.0,-0.125488,-1.904785,0.758789,-0.006928,0.007461,-0.069547,non_chewing,0.450000,0.000,non_chewing
1978432.0,-0.125,-1.896973,0.765625,-0.024515,0.008793,-0.088199,non_chewing,0.450000,0.000,non_chewing
1978442.0,-0.122559,-1.895508,0.764648,-0.026646,0.002132,-0.080205,non_chewing,0.450000,0.000,non_chewing
1978452.0,-0.117188,-1.904297,0.76709,-0.006662,-0.00373,-0.048763,non_chewing,0.450000,0.000,non_chewing
1978462.0,-0.121094,-1.899414,0.752441,-0.002132,-0.005063,-0.029311,non_chewing,0.450000,0.000,non_chewing
1978472.0,-0.126953,-1.89502,0.761719,-0.007194,0.008527,-0.018919,non_chewing,0.450000,0.000,non_chewing
1978482.0,-0.122559,-1.90625,0.768555,-0.006129,-0.000799,-0.030643,non_chewing,0.450000,0.000,non_chewing
1978492.0,-0.128418,-1.92334,0.748047,-0.012257,-0.020251,-0.039703,non_chewing,0.450000,0.000,non_chewing
1978502.0,-0.125488,-1.915039,0.751465,0.00453,-0.02638,-0.135096,non_chewing,0.450000,0.000,non_chewing
1978512.0,-0.151367,-1.921875,0.758301,0.000266,-0.034907,-0.273124,non_chewing,0.450000,0.000,non_chewing
1978522.0,-0.140625,-1.892578,0.770508,0.003198,-0.007994,-0.254205,non_chewing,0.450000,0.000,non_chewing
1978532.0,-0.138184,-1.919434,0.757812,0.062619,-0.020251,-0.232622,non_chewing,0.450000,0.000,non_chewing
1978542.0,-0.125977,-1.881348,0.763184,0.047164,0.039436,-0.239283,non_chewing,0.450000,0.000,non_chewing
1978552.0,-0.138184,-1.891113,0.767578,0.011458,0.043167,-0.201712,non_chewing,0.450000,0.000,non_chewing
1978562.0,-0.130859,-1.885254,0.776855,-0.050095,0.031709,-0.132965,non_chewing,0.450000,0.000,non_chewing
1978572.0,-0.114746,-1.879395,0.774414,-0.03091,0.034107,-0.046098,non_chewing,0.450000,0.000,non_chewing
1978582.0,-0.122559,-1.886719,0.765625,-0.01279,0.041035,-0.019985,non_chewing,0.450000,0.000,non_chewing
1978592.0,-0.10498,-1.894043,0.777344,-0.016521,0.058089,-0.027446,non_chewing,0.450000,0.000,non_chewing
1978602.0,-0.131348,-1.883301,0.773926,-0.017054,0.066616,0.001332,non_chewing,0.450000,0.000,non_chewing
1978612.0,-0.124023,-1.881836,0.777344,-0.013856,0.06928,0.048763,non_chewing,0.450000,0.000,non_chewing
1978622.0,-0.116211,-1.88623,0.789551,-0.023449,0.078606,0.049029,non_chewing,0.450000,0.000,non_chewing
1978632.0,-0.120605,-1.878906,0.767578,-0.017587,0.10392,0.037838,non_chewing,0.450000,0.000,non_chewing
1978642.0,-0.108887,-1.888184,0.773926,-0.029311,0.114845,0.027446,non_chewing,0.450000,0.000,non_chewing
1978652.0,-0.107422,-1.885254,0.774414,-0.031443,0.104187,0.054891,non_chewing,0.450000,0.000,non_chewing
1978662.0,-0.120117,-1.890625,0.771484,-0.038904,0.09113,0.066882,non_chewing,0.450000,0.000,non_chewing
1978672.0,-0.123047,-1.898926,0.776367,-0.027446,0.068747,0.072744,non_chewing,0.450000,0.000,non_chewing
1978682.0,-0.113281,-1.89209,0.788574,-0.022916,0.068481,0.082603,non_chewing,0.450000,0.000,non_chewing
1978692.0,-0.11084,-1.899902,0.778809,-0.033308,0.042634,0.073277,non_chewing,0.450000,0.000,non_chewing
1978702.0,-0.101563,-1.890137,0.768555,-0.024515,0.057289,0.064484,non_chewing,0.450000,0.000,non_chewing
1978712.0,-0.117188,-1.88623,0.783691,-0.026113,0.040502,0.064217,non_chewing,0.450000,0.000,non_chewing
1978722.0,-0.11377,-1.880859,0.775879,-0.02558,0.00906,0.062352,non_chewing,0.450000,0.000,non_chewing
1978732.0,-0.103516,-1.882324,0.776855,-0.018119,0.004796,0.134564,non_chewing,0.450000,0.000,non_chewing
1978742.0,-0.109863,-1.895508,0.778809,0.005862,0.005596,0.133764,non_chewing,0.450000,0.000,non_chewing
1978752.0,-0.126465,-1.884766,0.776855,-0.008527,0.029044,0.086334,non_chewing,0.450000,0.000,non_chewing
1978762.0,-0.117188,-1.899414,0.772461,0.002398,0.040769,0.090064,non_chewing,0.450000,0.000,non_chewing
1978772.0,-0.128418,-1.90332,0.767578,-0.008527,0.037571,0.051161,non_chewing,0.450000,0.000,non_chewing
1978782.0,-0.133789,-1.896484,0.775879,-0.009326,0.037571,0.058622,non_chewing,0.450000,0.000,non_chewing
1978792.0,-0.132812,-1.899902,0.77002,0.005596,0.038637,0.074343,non_chewing,0.450000,0.000,non_chewing
1978802.0,-0.138184,-1.900391,0.78125,0.013057,0.019985,0.09113,non_chewing,0.450000,0.000,non_chewing
1978812.0,-0.126465,-1.90918,0.766602,0.023982,0.026113,0.076208,non_chewing,0.450000,0.000,non_chewing
1978822.0,-0.142578,-1.904297,0.749512,0.004796,0.00826,0.094061,non_chewing,0.450000,0.000,non_chewing
1978832.0,-0.131348,-1.90918,0.777832,0.000799,-0.002132,0.093262,non_chewing,0.450000,0.000,non_chewing
1978842.0,-0.143066,-1.900879,0.775879,-0.018919,0.000533,0.078606,non_chewing,0.450000,0.000,non_chewing
1978852.0,-0.158203,-1.895508,0.770996,-0.016254,0.001332,0.058622,non_chewing,0.450000,0.000,non_chewing
1978862.0,-0.161133,-1.887207,0.774902,-0.032508,0.0,0.027712,non_chewing,0.450000,0.000,non_chewing
1978872.0,-0.166992,-1.901367,0.782227,-0.045032,0.014655,0.014389,non_chewing,0.450000,0.000,non_chewing
1978882.0,-0.159668,-1.892578,0.771973,-0.053026,0.018919,-0.001066,non_chewing,0.450000,0.000,non_chewing
1978892.0,-0.161133,-1.88916,0.774902,-0.054358,0.029844,-0.029311,non_chewing,0.450000,0.000,non_chewing
1978902.0,-0.152344,-1.879883,0.783691,-0.044233,0.028778,-0.030377,non_chewing,0.450000,0.000,non_chewing
1978912.0,-0.139648,-1.89209,0.765625,-0.053559,0.037038,-0.061553,non_chewing,0.450000,0.000,non_chewing
1978922.0,-0.134277,-1.884277,0.766602,-0.062086,0.051427,-0.031975,non_chewing,0.450000,0.000,non_chewing
1978932.0,-0.133789,-1.895996,0.772949,-0.063951,0.02558,-0.014922,non_chewing,0.450000,0.000,non_chewing
1978942.0,-0.135742,-1.887695,0.768555,-0.073011,0.031975,-0.014922,non_chewing,0.450000,0.000,non_chewing
1978952.0,-0.139648,-1.897949,0.77002,-0.073011,0.015988,-0.023982,non_chewing,0.450000,0.000,non_chewing
1978962.0,-0.136719,-1.89209,0.768555,-0.057822,-0.007461,-0.024248,non_chewing,0.450000,0.000,non_chewing
1978972.0,-0.124512,-1.902344,0.774902,-0.068481,-0.005063,-0.049029,non_chewing,0.450000,0.000,non_chewing
1978982.0,-0.117188,-1.885742,0.777832,-0.059421,0.005063,-0.054891,non_chewing,0.450000,0.000,non_chewing
1978992.0,-0.135742,-1.894531,0.764648,-0.034907,0.00906,-0.047963,non_chewing,0.450000,0.000,non_chewing
1979002.0,-0.126465,-1.897461,0.772461,-0.033841,-0.015188,-0.010925,non_chewing,0.450000,0.000,non_chewing
1979012.0,-0.125,-1.895996,0.766113,-0.038371,-0.023715,-0.002132,non_chewing,0.450000,0.000,non_chewing
1979022.0,-0.129395,-1.911133,0.779785,-0.041302,-0.029577,0.006662,non_chewing,0.450000,0.000,non_chewing
1979032.0,-0.124023,-1.895508,0.775879,-0.046364,-0.041302,0.01732,non_chewing,0.450000,0.000,non_chewing
1979042.0,-0.128418,-1.894043,0.761719,-0.048763,-0.049828,0.034374,non_chewing,0.450000,0.000,non_chewing
1979052.0,-0.138184,-1.894043,0.763672,-0.027446,-0.058089,0.072478,non_chewing,0.450000,0.000,non_chewing
1979062.0,-0.127441,-1.896973,0.770996,-0.022649,-0.054625,0.046098,non_chewing,0.450000,0.000,non_chewing
1979072.0,-0.132812,-1.891602,0.760254,-0.010925,-0.047963,0.014655,non_chewing,0.450000,0.000,non_chewing
1979082.0,-0.140137,-1.886719,0.773926,0.008527,-0.0429,0.028511,non_chewing,0.450000,0.000,non_chewing
1979092.0,-0.14502,-1.893066,0.76123,0.006662,-0.031975,0.021583,non_chewing,0.450000,0.000,non_chewing
1979102.0,-0.145508,-1.895996,0.748535,0.027712,-0.029044,0.039703,non_chewing,0.450000,0.000,non_chewing
1979112.0,-0.137207,-1.898438,0.759766,0.007461,-0.023182,0.055691,non_chewing,0.450000,0.000,non_chewing
1979122.0,-0.137695,-1.896973,0.762207,0.015988,-0.01359,0.065816,non_chewing,0.450000,0.000,non_chewing
1979132.0,-0.138672,-1.899414,0.779297,0.001066,-0.00373,0.063152,non_chewing,0.450000,0.000,non_chewing
1979142.0,-0.133789,-1.908203,0.762207,0.010126,0.0,0.047963,non_chewing,0.450000,0.000,non_chewing
1979152.0,-0.133301,-1.904297,0.750488,0.012524,-0.003464,0.04743,non_chewing,0.450000,0.000,non_chewing
1979162.0,-0.141113,-1.905762,0.764648,0.015188,0.01279,0.054891,non_chewing,0.450000,0.000,non_chewing
1979172.0,-0.132812,-1.890625,0.760254,0.002931,0.005329,0.033308,non_chewing,0.450000,0.000,non_chewing
1979182.0,-0.148437,-1.902344,0.77832,0.014922,0.010925,0.040236,non_chewing,0.450000,0.000,non_chewing
1979192.0,-0.148926,-1.896484,0.76416,0.019985,0.010126,0.038637,non_chewing,0.450000,0.000,non_chewing
1979202.0,-0.145996,-1.901855,0.771484,0.026913,0.026646,0.03011,non_chewing,0.450000,0.000,non_chewing
1979212.0,-0.147949,-1.889648,0.756348,0.029577,0.034107,0.022649,non_chewing,0.450000,0.000,non_chewing
1979222.0,-0.164062,-1.89502,0.76416,0.028245,0.045032,0.00826,non_chewing,0.450000,0.000,non_chewing
1979232.0,-0.155762,-1.898926,0.774414,0.020784,0.037571,0.018119,non_chewing,0.450000,0.000,non_chewing
1979242.0,-0.157715,-1.891113,0.769043,0.01732,0.03011,0.013057,non_chewing,0.450000,0.000,non_chewing
1979252.0,-0.140137,-1.880859,0.79248,0.020518,0.036239,-0.011724,non_chewing,0.450000,0.000,non_chewing
1979262.0,-0.148437,-1.895508,0.776855,0.013856,0.055957,-0.041835,non_chewing,0.450000,0.000,non_chewing
1979272.0,-0.158691,-1.89209,0.769531,0.006395,0.037838,-0.013323,non_chewing,0.450000,0.000,non_chewing
1979282.0,-0.155273,-1.896973,0.789062,0.015455,0.040502,-0.00826,non_chewing,0.450000,0.000,non_chewing
1979292.0,-0.156738,-1.892578,0.76416,0.022916,0.053559,-0.022916,non_chewing,0.450000,0.000,non_chewing
1979302.0,-0.163574,-1.900879,0.787109,0.025047,0.025314,0.013057,non_chewing,0.450000,0.000,non_chewing
1979312.0,-0.152832,-1.88916,0.789551,0.013323,0.042101,-0.004796,non_chewing,0.450000,0.000,non_chewing
1979322.0,-0.158203,-1.890137,0.785156,0.018386,0.022383,0.010392,non_chewing,0.450000,0.000,non_chewing
1979332.0,-0.147949,-1.895508,0.777832,0.014123,0.025847,0.009326,non_chewing,0.450000,0.000,non_chewing
1979342.0,-0.139648,-1.887695,0.781738,0.011191,0.029311,0.005862,non_chewing,0.450000,0.000,non_chewing
1979352.0,-0.138184,-1.888672,0.783203,0.00906,0.026913,-0.003198,non_chewing,0.450000,0.000,non_chewing
1979362.0,-0.146973,-1.893066,0.787109,0.001599,0.014922,0.0,non_chewing,0.450000,0.000,non_chewing
1979372.0,-0.137207,-1.889648,0.790039,-0.006395,0.010925,0.004796,non_chewing,0.450000,0.000,non_chewing
1979382.0,-0.143555,-1.878418,0.779297,-0.006928,0.021051,0.012524,non_chewing,0.450000,0.000,non_chewing
1979392.0,-0.141602,-1.884766,0.79248,0.003198,0.019452,-0.017587,non_chewing,0.450000,0.000,non_chewing
1979402.0,-0.152344,-1.879395,0.799805,0.009326,0.032775,-0.007461,non_chewing,0.450000,0.000,non_chewing
1979412.0,-0.150391,-1.87207,0.791504,0.009593,0.043167,0.000266,non_chewing,0.450000,0.000,non_chewing
1979422.0,-0.154297,-1.880371,0.792969,0.008793,0.037305,-0.004263,non_chewing,0.450000,0.000,non_chewing
1979432.0,-0.152832,-1.891602,0.796387,0.002665,0.031975,0.000266,non_chewing,0.450000,0.000,non_chewing
1979442.0,-0.137207,-1.89209,0.788574,0.009859,0.03011,-0.011458,non_chewing,0.450000,0.000,non_chewing
1979452.0,-0.141113,-1.891113,0.775879,0.003464,0.030377,0.000533,non_chewing,0.450000,0.000,non_chewing
1979462.0,-0.152832,-1.892578,0.794434,0.009326,0.023449,0.006129,non_chewing,0.450000,0.000,non_chewing
1979472.0,-0.139648,-1.890137,0.800293,0.004263,0.021051,-0.044766,non_chewing,0.450000,0.000,non_chewing
1979482.0,-0.175781,-1.873535,0.797363,0.007461,0.020251,-0.041835,non_chewing,0.450000,0.000,non_chewing
1979492.0,-0.170898,-1.888184,0.786133,-0.006928,0.039703,-0.057023,non_chewing,0.450000,0.000,non_chewing
1979502.0,-0.168457,-1.896484,0.769531,-0.017853,0.056224,-0.104187,non_chewing,0.450000,0.000,non_chewing
1979512.0,-0.166016,-1.906738,0.770996,-0.029311,0.089531,-0.135096,non_chewing,0.450000,0.000,non_chewing
1979522.0,-0.161621,-1.910645,0.770996,-0.041568,0.092729,-0.162809,non_chewing,0.450000,0.000,non_chewing
1979532.0,-0.152832,-1.908691,0.76709,-0.037571,0.114579,-0.172135,non_chewing,0.450000,0.000,non_chewing
1979542.0,-0.158203,-1.901855,0.777344,-0.060753,0.101522,-0.151351,non_chewing,0.450000,0.000,non_chewing
1979552.0,-0.14209,-1.891602,0.782227,-0.062619,0.095394,-0.150018,non_chewing,0.450000,0.000,non_chewing
1979562.0,-0.122559,-1.888184,0.77832,-0.06928,0.106585,-0.132698,non_chewing,0.450000,0.000,non_chewing
1979572.0,-0.109375,-1.892578,0.772949,-0.069813,0.097792,-0.128701,non_chewing,0.450000,0.000,non_chewing
1979582.0,-0.10498,-1.89209,0.777832,-0.06555,0.104986,-0.12657,non_chewing,0.450000,0.000,non_chewing
1979592.0,-0.101563,-1.888672,0.790039,-0.051694,0.102588,-0.103387,non_chewing,0.450000,0.000,non_chewing
1979602.0,-0.095215,-1.898926,0.762695,-0.004796,0.134297,-0.085268,non_chewing,0.450000,0.000,non_chewing
1979612.0,-0.09082,-1.893555,0.782227,0.005063,0.10392,-0.057289,non_chewing,0.450000,0.000,non_chewing
1979622.0,-0.097656,-1.887207,0.785645,0.00373,0.090331,-0.026913,non_chewing,0.450000,0.000,non_chewing
1979632.0,-0.113281,-1.893066,0.774414,0.00453,0.081538,0.026913,non_chewing,0.450000,0.000,non_chewing
1979642.0,-0.10791,-1.897949,0.778809,0.027179,0.059421,0.059688,non_chewing,0.450000,0.000,non_chewing
1979652.0,-0.108887,-1.890137,0.782715,0.022649,0.059155,0.050894,non_chewing,0.450000,0.000,non_chewing
1979662.0,-0.11377,-1.883789,0.799316,0.028778,0.05649,0.041035,non_chewing,0.450000,0.000,non_chewing
1979672.0,-0.114746,-1.89209,0.779297,0.025847,0.044766,0.033841,non_chewing,0.450000,0.000,non_chewing
1979682.0,-0.116699,-1.883789,0.79541,0.010126,0.056757,-0.011191,non_chewing,0.450000,0.000,non_chewing
1979692.0,-0.12207,-1.878906,0.80127,0.013057,0.067415,-0.022916,non_chewing,0.450000,0.000,non_chewing
1979702.0,-0.124023,-1.889648,0.794434,-0.005596,0.047164,-0.009326,non_chewing,0.450000,0.000,non_chewing
1979712.0,-0.118652,-1.883789,0.79834,-0.005596,0.042368,0.003997,non_chewing,0.450000,0.000,non_chewing
1979722.0,-0.118164,-1.898926,0.797363,-0.022649,0.042101,-0.015188,non_chewing,0.450000,0.000,non_chewing
1979732.0,-0.127441,-1.884766,0.797363,-0.017853,0.031443,-0.040502,non_chewing,0.450000,0.000,non_chewing
1979742.0,-0.135254,-1.887207,0.808594,-0.027179,0.007461,-0.049029,non_chewing,0.450000,0.000,non_chewing
1979752.0,-0.135254,-1.883301,0.805664,-0.031709,0.006129,-0.035706,non_chewing,0.450000,0.000,non_chewing
1979762.0,-0.128906,-1.890625,0.789551,-0.026646,-0.007994,-0.022116,non_chewing,0.450000,0.000,non_chewing
1979772.0,-0.131348,-1.89209,0.783203,-0.016521,-0.002398,-0.042368,non_chewing,0.450000,0.000,non_chewing
1979782.0,-0.120605,-1.89209,0.787109,-0.02638,-0.003997,-0.048763,non_chewing,0.450000,0.000,non_chewing
1979792.0,-0.112305,-1.895508,0.796875,-0.02185,0.0,-0.03917,non_chewing,0.450000,0.000,non_chewing
1979802.0,-0.115234,-1.905762,0.768555,-0.024781,0.014389,-0.039703,non_chewing,0.450000,0.000,non_chewing
1979812.0,-0.115234,-1.904297,0.767578,-0.022383,0.022916,-0.07008,non_chewing,0.450000,0.000,non_chewing
1979822.0,-0.112793,-1.901367,0.774414,0.000533,0.017853,-0.072211,non_chewing,0.450000,0.000,non_chewing
1979832.0,-0.124023,-1.901855,0.767578,-0.00906,0.019718,-0.051161,non_chewing,0.450000,0.000,non_chewing
1979842.0,-0.12793,-1.910645,0.78125,-0.001865,0.021051,0.007994,non_chewing,0.450000,0.000,non_chewing
1979852.0,-0.126953,-1.909668,0.767578,0.009593,0.028511,0.022383,non_chewing,0.450000,0.000,non_chewing
1979862.0,-0.133301,-1.899902,0.775879,0.023715,0.025047,0.028245,non_chewing,0.450000,0.000,non_chewing
1979872.0,-0.134277,-1.898926,0.76709,0.016521,0.011458,0.020251,non_chewing,0.450000,0.000,non_chewing
1979882.0,-0.132324,-1.897461,0.779297,0.007461,0.001865,0.010658,non_chewing,0.450000,0.000,non_chewing
1979892.0,-0.138184,-1.883789,0.781738,0.016521,0.002398,0.025314,non_chewing,0.450000,0.000,non_chewing
1979902.0,-0.138184,-1.898438,0.782715,0.014922,0.021583,0.031176,non_chewing,0.450000,0.000,non_chewing
1979912.0,-0.125488,-1.902344,0.794434,0.017054,0.020251,0.019718,non_chewing,0.450000,0.000,non_chewing
1979922.0,-0.135254,-1.896973,0.802734,0.009326,0.02558,0.002398,non_chewing,0.450000,0.000,non_chewing
1979932.0,-0.134766,-1.900879,0.794434,0.018119,0.00906,-0.001599,non_chewing,0.450000,0.000,non_chewing
1979942.0,-0.154297,-1.881836,0.804687,0.022916,0.00453,-0.002132,non_chewing,0.450000,0.000,non_chewing
1979952.0,-0.145508,-1.887207,0.804199,0.019452,-0.013323,0.026913,non_chewing,0.450000,0.000,non_chewing
1979962.0,-0.139648,-1.896973,0.802246,0.007727,-0.01732,-0.000266,non_chewing,0.450000,0.000,non_chewing
1979972.0,-0.144043,-1.880371,0.804687,0.016787,-0.021583,-0.025847,non_chewing,0.450000,0.000,non_chewing
1979982.0,-0.138672,-1.880859,0.815918,-0.001066,-0.027179,-0.071145,non_chewing,0.450000,0.000,non_chewing
1979992.0,-0.150391,-1.875488,0.806641,-0.006662,-0.032508,-0.088466,non_chewing,0.450000,0.000,non_chewing
1980002.0,-0.118164,-1.880371,0.802246,-0.01732,-0.016787,-0.115645,non_chewing,0.450000,0.000,non_chewing
1980012.0,-0.125,-1.881836,0.810059,-0.028245,-0.021317,-0.133231,non_chewing,0.450000,0.000,non_chewing
1980022.0,-0.124023,-1.874023,0.809082,-0.043966,-0.026646,-0.157746,non_chewing,0.450000,0.000,non_chewing
1980032.0,-0.120605,-1.897461,0.798828,-0.030643,-0.029044,-0.163075,non_chewing,0.450000,0.000,non_chewing
1980042.0,-0.12793,-1.893066,0.802246,-0.036772,-0.03544,-0.196916,non_chewing,0.450000,0.000,non_chewing
1980052.0,-0.121094,-1.885254,0.80127,-0.029311,-0.040769,-0.184658,non_chewing,0.450000,0.000,non_chewing
1980062.0,-0.123535,-1.888672,0.79541,-0.015188,-0.042634,-0.179063,non_chewing,0.450000,0.000,non_chewing
1980072.0,-0.09668,-1.881836,0.808594,-0.011724,-0.045565,-0.190787,non_chewing,0.450000,0.000,non_chewing
1980082.0,-0.088379,-1.884766,0.797852,0.023982,-0.038904,-0.181194,non_chewing,0.450000,0.000,non_chewing
1980092.0,-0.101563,-1.881836,0.804687,0.018119,-0.041835,-0.138294,non_chewing,0.450000,0.000,non_chewing
1980102.0,-0.090332,-1.887207,0.794922,0.029311,-0.049029,-0.128701,non_chewing,0.450000,0.000,non_chewing
1980112.0,-0.091309,-1.875977,0.78418,0.036505,-0.06102,-0.124704,non_chewing,0.450000,0.000,non_chewing
1980122.0,-0.12207,-1.859375,0.806641,0.029311,-0.073011,-0.083936,non_chewing,0.450000,0.000,non_chewing
1980132.0,-0.080566,-1.893066,0.805664,0.051427,-0.048496,-0.142824,non_chewing,0.450000,0.000,non_chewing
1980142.0,-0.104492,-1.895996,0.793945,0.062885,-0.074077,-0.133764,non_chewing,0.450000,0.000,non_chewing
1980152.0,-0.124512,-1.873047,0.804687,0.056757,-0.058888,-0.153749,non_chewing,0.450000,0.000,non_chewing
1980162.0,-0.060547,-1.871582,0.808594,0.046098,-0.026113,-0.215302,non_chewing,0.450000,0.000,non_chewing
1980172.0,-0.048828,-1.907227,0.810547,0.073011,0.015721,-0.242481,non_chewing,0.450000,0.000,non_chewing
1980182.0,-0.07666,-1.89502,0.809082,0.071412,-0.033308,-0.144956,non_chewing,0.450000,0.000,non_chewing
1980192.0,-0.077637,-1.879883,0.823242,0.045299,-0.05196,-0.099657,non_chewing,0.450000,0.000,non_chewing
1980202.0,-0.097656,-1.874023,0.817383,0.050361,-0.09566,-0.056757,non_chewing,0.450000,0.000,non_chewing
1980212.0,-0.089844,-1.896973,0.822754,0.067415,-0.115378,0.024515,non_chewing,0.450000,0.000,non_chewing
1980222.0,-0.081543,-1.880859,0.825684,0.031443,-0.071412,-0.046631,non_chewing,0.450000,0.000,non_chewing
1980232.0,-0.113281,-1.869141,0.82373,0.060221,-0.083936,-0.032508,non_chewing,0.450000,0.000,non_chewing
1980242.0,-0.130859,-1.862305,0.822754,0.043167,-0.05649,-0.031176,non_chewing,0.450000,0.000,non_chewing
1980252.0,-0.101563,-1.881348,0.814453,0.057556,-0.031975,-0.061819,non_chewing,0.450000,0.000,non_chewing
1980262.0,-0.121094,-1.859863,0.818848,0.059954,-0.036239,-0.028245,non_chewing,0.450000,0.000,non_chewing
1980272.0,-0.099609,-1.880859,0.81543,0.05196,-0.020518,-0.024248,non_chewing,0.450000,0.000,non_chewing
1980282.0,-0.094727,-1.874512,0.810059,0.038371,0.001865,-0.008793,non_chewing,0.450000,0.000,non_chewing
1980292.0,-0.106445,-1.88916,0.820312,0.037305,-0.002132,0.021583,non_chewing,0.450000,0.000,non_chewing
1980302.0,-0.087891,-1.883789,0.811523,0.007194,0.008793,0.001599,non_chewing,0.450000,0.000,non_chewing
1980312.0,-0.083984,-1.895996,0.80957,0.015455,-0.003198,0.035706,non_chewing,0.450000,0.000,non_chewing
1980322.0,-0.076172,-1.89502,0.812012,0.002665,0.002398,0.024515,non_chewing,0.450000,0.000,non_chewing
1980332.0,-0.078125,-1.883789,0.816895,-0.002931,-0.015455,0.041835,non_chewing,0.450000,0.000,non_chewing
1980342.0,-0.07373,-1.889648,0.794922,-0.028245,-0.019185,0.040236,non_chewing,0.450000,0.000,non_chewing
1980352.0,-0.090332,-1.884277,0.804199,-0.045565,-0.023182,0.047164,non_chewing,0.450000,0.000,non_chewing
1980362.0,-0.086426,-1.876953,0.812988,-0.058355,-0.044499,0.06555,non_chewing,0.450000,0.000,non_chewing
1980372.0,-0.069336,-1.89502,0.800781,-0.061286,-0.035173,0.062885,non_chewing,0.450000,0.000,non_chewing
1980382.0,-0.075684,-1.89502,0.802734,-0.080205,-0.029577,0.04743,non_chewing,0.450000,0.000,non_chewing
1980392.0,-0.080566,-1.895996,0.811523,-0.08287,-0.029577,0.04743,non_chewing,0.450000,0.000,non_chewing
1980402.0,-0.087402,-1.904785,0.791016,-0.097259,-0.02185,0.030643,non_chewing,0.450000,0.000,non_chewing
1980412.0,-0.088867,-1.894531,0.790527,-0.093795,-0.023982,0.053026,non_chewing,0.450000,0.000,non_chewing
1980422.0,-0.099609,-1.901855,0.796875,-0.086867,-0.020518,0.083669,non_chewing,0.450000,0.000,non_chewing
1980432.0,-0.091797,-1.894043,0.789062,-0.084469,-0.028778,0.064484,non_chewing,0.450000,0.000,non_chewing
1980442.0,-0.087402,-1.875488,0.787109,-0.076208,-0.009326,0.120441,non_chewing,0.450000,0.000,non_chewing
1980452.0,-0.097656,-1.89502,0.794434,-0.060753,-0.00453,0.127103,non_chewing,0.450000,0.000,non_chewing
1980462.0,-0.089844,-1.902344,0.786133,-0.075942,-0.002931,0.118842,non_chewing,0.450000,0.000,non_chewing
1980472.0,-0.083984,-1.902832,0.793945,-0.071412,0.00373,0.10845,non_chewing,0.450000,0.000,non_chewing
1980482.0,-0.088867,-1.894043,0.808594,-0.065816,0.009859,0.099124,non_chewing,0.450000,0.000,non_chewing
1980492.0,-0.091309,-1.901855,0.794434,-0.060753,0.015721,0.0874,non_chewing,0.450000,0.000,non_chewing
1980502.0,-0.09082,-1.893066,0.800781,-0.076741,0.006395,0.08287,non_chewing,0.450000,0.000,non_chewing
1980512.0,-0.103027,-1.902344,0.790527,-0.066616,0.014123,0.068481,non_chewing,0.450000,0.000,non_chewing
1980522.0,-0.106445,-1.891113,0.801758,-0.05196,0.011458,0.088466,non_chewing,0.450000,0.000,non_chewing
1980532.0,-0.108887,-1.89209,0.814453,-0.053026,0.015988,0.079406,non_chewing,0.450000,0.000,non_chewing
1980542.0,-0.115723,-1.892578,0.800293,-0.065816,0.025047,0.088998,non_chewing,0.450000,0.000,non_chewing
1980552.0,-0.110352,-1.892578,0.805176,-0.063418,-0.016787,0.107651,non_chewing,0.450000,0.000,non_chewing
1980562.0,-0.107422,-1.891113,0.804687,-0.072744,-0.00906,0.115645,non_chewing,0.450000,0.000,non_chewing
1980572.0,-0.106445,-1.905273,0.800781,-0.054358,-0.027712,0.116711,non_chewing,0.450000,0.000,non_chewing
1980582.0,-0.12207,-1.887207,0.805664,-0.068214,-0.050894,0.109516,non_chewing,0.450000,0.000,non_chewing
1980592.0,-0.125488,-1.885742,0.811035,-0.064217,-0.056757,0.121507,non_chewing,0.450000,0.000,non_chewing
1980602.0,-0.100586,-1.898438,0.8125,-0.089531,-0.042634,0.083136,non_chewing,0.450000,0.000,non_chewing
1980612.0,-0.102539,-1.881836,0.812988,-0.074609,-0.025314,0.021583,non_chewing,0.450000,0.000,non_chewing
1980622.0,-0.121094,-1.878906,0.805664,-0.077807,-0.033308,0.026113,non_chewing,0.450000,0.000,non_chewing
1980632.0,-0.110352,-1.874023,0.800781,-0.080472,-0.03464,0.020251,non_chewing,0.450000,0.000,non_chewing
1980642.0,-0.104004,-1.892578,0.802246,-0.084469,-0.011191,0.029844,non_chewing,0.450000,0.000,non_chewing
1980652.0,-0.098633,-1.888672,0.787109,-0.094861,-0.021583,0.060221,non_chewing,0.450000,0.000,non_chewing
1980662.0,-0.092285,-1.886719,0.786621,-0.075675,-0.033308,0.099657,non_chewing,0.450000,0.000,non_chewing
1980672.0,-0.092285,-1.887207,0.793457,-0.068747,-0.035972,0.155348,non_chewing,0.450000,0.000,non_chewing
1980682.0,-0.089355,-1.889648,0.787109,-0.065283,-0.043167,0.22676,non_chewing,0.450000,0.000,non_chewing
1980692.0,-0.089355,-1.895996,0.792969,-0.060753,-0.062885,0.253939,non_chewing,0.450000,0.000,non_chewing
1980702.0,-0.109863,-1.898438,0.776367,-0.06555,-0.063418,0.261133,non_chewing,0.450000,0.000,non_chewing
1980712.0,-0.111816,-1.898438,0.772949,-0.066882,-0.059954,0.262732,non_chewing,0.450000,0.000,non_chewing
1980722.0,-0.080566,-1.907715,0.788574,-0.061553,-0.03011,0.253672,non_chewing,0.450000,0.000,non_chewing
1980732.0,-0.097656,-1.908203,0.788086,-0.066349,-0.022916,0.246744,non_chewing,0.450000,0.000,non_chewing
1980742.0,-0.131836,-1.891602,0.786133,-0.066616,-0.022116,0.294175,non_chewing,0.450000,0.000,non_chewing
1980752.0,-0.135742,-1.862793,0.807617,-0.063152,-0.027179,0.356527,non_chewing,0.450000,0.000,non_chewing
1980762.0,-0.127441,-1.836426,0.823242,-0.26513,-0.095394,0.318689,non_chewing,0.450000,0.000,non_chewing
1980772.0,-0.14502,-1.911621,0.808594,-0.08287,-0.006928,0.353063,non_chewing,0.450000,0.000,non_chewing
1980782.0,-0.134277,-1.870605,0.819824,-0.085534,0.005596,0.278453,non_chewing,0.450000,0.000,non_chewing
1980792.0,-0.120605,-1.874512,0.824707,-0.093528,0.011724,0.259801,non_chewing,0.450000,0.000,non_chewing
1980802.0,-0.142578,-1.873535,0.824219,-0.116711,0.031176,0.22143,non_chewing,0.450000,0.000,non_chewing
1980812.0,-0.124512,-1.887695,0.811523,-0.107384,0.037305,0.118043,non_chewing,0.450000,0.000,non_chewing
1980822.0,-0.144531,-1.87207,0.816895,-0.107384,0.021051,0.090331,non_chewing,0.450000,0.000,non_chewing
1980832.0,-0.147461,-1.879883,0.805664,-0.115378,-0.003464,0.055424,non_chewing,0.450000,0.000,non_chewing
1980842.0,-0.149414,-1.879883,0.789062,-0.113779,-0.019985,0.050361,non_chewing,0.450000,0.000,non_chewing
1980852.0,-0.154785,-1.878906,0.807617,-0.10392,-0.028245,0.03011,non_chewing,0.450000,0.000,non_chewing
1980862.0,-0.148926,-1.875,0.800781,-0.0866,-0.038904,0.041302,non_chewing,0.450000,0.000,non_chewing
1980872.0,-0.164551,-1.879395,0.792969,-0.089265,-0.018652,0.042368,chewing,0.725000,68.182,non_chewing
1980882.0,-0.155762,-1.879883,0.790039,-0.07381,-0.018919,0.049828,chewing,0.725000,68.182,non_chewing
1980892.0,-0.145508,-1.88916,0.782227,-0.085268,-0.012524,0.010126,chewing,0.725000,68.182,non_chewing
1980902.0,-0.147949,-1.879395,0.784668,-0.071678,-0.00826,0.003198,chewing,0.725000,68.182,non_chewing
1980912.0,-0.139648,-1.883301,0.782715,-0.075675,0.02185,-0.046631,chewing,0.725000,68.182,non_chewing
1980922.0,-0.15332,-1.880859,0.775391,-0.075142,0.023982,-0.059155,chewing,0.725000,68.182,non_chewing
1980932.0,-0.140137,-1.880371,0.774902,-0.062352,0.025047,-0.053559,chewing,0.725000,68.182,non_chewing
1980942.0,-0.14209,-1.893555,0.782227,-0.06102,0.032775,-0.026646,chewing,0.725000,68.182,non_chewing
1980952.0,-0.128418,-1.887207,0.79541,-0.060753,0.03544,-0.018919,chewing,0.725000,68.182,non_chewing
1980962.0,-0.135254,-1.895996,0.767578,-0.058089,0.023715,-0.002398,chewing,0.725000,68.182,non_chewing
1980972.0,-0.133301,-1.887207,0.766602,-0.04743,0.031176,0.011458,chewing,0.725000,68.182,non_chewing
1980982.0,-0.141113,-1.895996,0.773437,-0.050095,0.040236,0.040502,chewing,0.725000,68.182,non_chewing
1980992.0,-0.138672,-1.88623,0.771484,-0.040502,0.066882,0.064484,chewing,0.725000,68.182,non_chewing
1981002.0,-0.132812,-1.913086,0.756348,-0.032242,0.096726,0.057822,chewing,0.725000,68.182,non_chewing
1981012.0,-0.135742,-1.896973,0.780762,-0.029577,0.102855,0.061286,chewing,0.725000,68.182,non_chewing
1981022.0,-0.145996,-1.893555,0.772461,-0.018386,0.102855,0.080205,chewing,0.725000,68.182,non_chewing
1981032.0,-0.146973,-1.874023,0.776367,-0.031176,0.093262,0.094061,chewing,0.725000,68.182,non_chewing
1981042.0,-0.141113,-1.890625,0.767578,-0.011724,0.098591,0.102855,chewing,0.725000,68.182,non_chewing
1981052.0,-0.144531,-1.883301,0.780273,-0.018119,0.116977,0.108184,chewing,0.725000,68.182,non_chewing
1981062.0,-0.155273,-1.874023,0.786133,0.006395,0.105519,0.157746,chewing,0.725000,68.182,non_chewing
1981072.0,-0.162109,-1.884766,0.788086,-0.007727,0.102588,0.143623,chewing,0.725000,68.182,non_chewing
1981082.0,-0.166504,-1.879395,0.803711,0.000799,0.088998,0.160144,chewing,0.725000,68.182,non_chewing
1981092.0,-0.175293,-1.881836,0.797852,-0.016787,0.092462,0.13856,chewing,0.725000,68.182,non_chewing
1981102.0,-0.182129,-1.883301,0.791016,-0.033574,0.083669,0.115378,chewing,0.725000,68.182,non_chewing
1981112.0,-0.167969,-1.885254,0.794434,-0.047963,0.077541,0.123372,chewing,0.725000,68.182,non_chewing
1981122.0,-0.182129,-1.897949,0.774414,-0.022916,0.07381,0.124172,chewing,0.725000,68.182,non_chewing
1981132.0,-0.192383,-1.88623,0.796387,-0.035972,0.06102,0.137228,chewing,0.725000,68.182,non_chewing
1981142.0,-0.207031,-1.89209,0.788086,-0.029844,0.032242,0.139893,chewing,0.725000,68.182,non_chewing
1981152.0,-0.175293,-1.867188,0.793457,-0.052227,0.057556,0.088998,chewing,0.725000,68.182,non_chewing
1981162.0,-0.197266,-1.883301,0.790039,-0.054625,0.050361,0.086334,chewing,0.725000,68.182,non_chewing
1981172.0,-0.176758,-1.894531,0.797363,-0.088998,0.068214,0.030643,chewing,0.725000,68.182,non_chewing
1981182.0,-0.148437,-1.895508,0.784668,-0.085268,0.064217,0.034107,chewing,0.725000,68.182,non_chewing
1981192.0,-0.146973,-1.889648,0.776855,-0.123639,0.055691,0.070879,chewing,0.725000,68.182,non_chewing
1981202.0,-0.152832,-1.937988,0.772949,-0.114579,0.015721,0.099923,chewing,0.725000,68.182,non_chewing
1981212.0,-0.15625,-1.886719,0.783203,-0.149752,-0.006395,0.111648,chewing,0.725000,68.182,non_chewing
1981222.0,-0.149902,-1.882813,0.785645,-0.151084,-0.027179,0.110049,chewing,0.725000,68.182,non_chewing
1981232.0,-0.172852,-1.899902,0.756836,-0.132698,-0.033308,0.112447,chewing,0.725000,68.182,non_chewing
1981242.0,-0.174805,-1.907715,0.76416,-0.123639,-0.0429,0.151617,chewing,0.725000,68.182,non_chewing
1981252.0,-0.176758,-1.867188,0.765625,-0.110582,-0.05649,0.142291,chewing,0.725000,68.182,non_chewing
1981262.0,-0.150391,-1.929199,0.742187,-0.106585,-0.081804,0.192919,chewing,0.725000,68.182,non_chewing
1981272.0,-0.141113,-1.919922,0.752441,-0.101789,-0.050095,0.106851,chewing,0.725000,68.182,non_chewing
1981282.0,-0.135254,-1.915039,0.756348,-0.066083,-0.077008,0.168138,chewing,0.725000,68.182,non_chewing
1981292.0,-0.143555,-1.911133,0.755859,-0.075409,-0.107651,0.226493,chewing,0.725000,68.182,non_chewing
1981302.0,-0.142578,-1.902832,0.772949,-0.059954,-0.15215,0.281118,chewing,0.725000,68.182,non_chewing
1981312.0,-0.160156,-1.878906,0.770508,-0.0866,-0.157479,0.296573,chewing,0.725000,68.182,non_chewing
1981322.0,-0.152344,-1.871094,0.750977,-0.172135,-0.184658,0.316025,chewing,0.725000,68.182,non_chewing
1981332.0,-0.18457,-1.899414,0.778809,-0.118043,-0.163341,0.33974,chewing,0.725000,68.182,non_chewing
1981342.0,-0.198242,-1.905273,0.767578,-0.061553,-0.207841,0.340273,chewing,0.725000,68.182,non_chewing
1981352.0,-0.180664,-1.895996,0.753418,-0.069014,-0.215035,0.281917,chewing,0.725000,68.182,non_chewing
1981362.0,-0.206543,-1.884766,0.770508,-0.062352,-0.215568,0.309896,chewing,0.725000,68.182,non_chewing
1981372.0,-0.211914,-1.897461,0.773926,-0.066616,-0.208374,0.294175,chewing,0.725000,68.182,non_chewing
1981382.0,-0.218262,-1.895508,0.775879,-0.081538,-0.206508,0.27872,chewing,0.725000,68.182,non_chewing
1981392.0,-0.241211,-1.894043,0.755859,-0.093795,-0.180395,0.22596,chewing,0.725000,68.182,non_chewing
1981402.0,-0.241211,-1.898926,0.758789,-0.09193,-0.172401,0.189188,chewing,0.725000,68.182,non_chewing
1981412.0,-0.248047,-1.905762,0.764648,-0.095394,-0.151884,0.176132,chewing,0.725000,68.182,non_chewing
1981422.0,-0.253906,-1.898438,0.752441,-0.11298,-0.107118,0.117776,chewing,0.725000,68.182,non_chewing
1981432.0,-0.240723,-1.896484,0.758301,-0.131899,-0.080738,0.050361,chewing,0.725000,68.182,non_chewing
1981442.0,-0.253418,-1.890625,0.743652,-0.136162,-0.046364,0.009859,chewing,0.725000,68.182,non_chewing
1981452.0,-0.242676,-1.903809,0.750488,-0.116977,-0.016521,-0.019718,chewing,0.725000,68.182,non_chewing
1981462.0,-0.232422,-1.901855,0.749512,-0.130833,0.028511,-0.085801,chewing,0.725000,68.182,non_chewing
1981472.0,-0.223145,-1.901855,0.740723,-0.13483,0.06475,-0.127636,chewing,0.725000,68.182,non_chewing
1981482.0,-0.225586,-1.910645,0.741211,-0.147087,0.091397,-0.17853,chewing,0.725000,68.182,non_chewing
1981492.0,-0.21582,-1.912598,0.71875,-0.146821,0.109516,-0.187057,chewing,0.725000,68.182,non_chewing
1981502.0,-0.215332,-1.91748,0.729492,-0.150285,0.108717,-0.190521,chewing,0.725000,68.182,non_chewing
1981512.0,-0.19043,-1.927246,0.734375,-0.154015,0.107651,-0.185458,chewing,0.725000,68.182,non_chewing
1981522.0,-0.178711,-1.92627,0.741699,-0.159877,0.120708,-0.238484,chewing,0.725000,68.182,non_chewing
1981532.0,-0.171387,-1.917969,0.73584,-0.151351,0.125237,-0.248876,chewing,0.725000,68.182,non_chewing
1981542.0,-0.173828,-1.915039,0.743164,-0.14389,0.097259,-0.299504,chewing,0.725000,68.182,non_chewing
1981552.0,-0.177734,-1.907227,0.748535,-0.15215,0.093262,-0.329348,chewing,0.725000,68.182,non_chewing
1981562.0,-0.185547,-1.890625,0.759766,-0.17773,0.095394,-0.366919,chewing,0.725000,68.182,non_chewing
1981572.0,-0.165527,-1.900879,0.766113,-0.16947,0.087133,-0.388769,chewing,0.725000,68.182,non_chewing
1981582.0,-0.185547,-1.899902,0.755371,-0.169737,0.060753,-0.370649,chewing,0.725000,68.182,non_chewing
1981592.0,-0.180176,-1.899902,0.737793,-0.159345,0.028511,-0.35706,chewing,0.725000,68.182,non_chewing
1981602.0,-0.167969,-1.901855,0.747559,-0.157213,0.002931,-0.33894,chewing,0.725000,68.182,non_chewing
1981612.0,-0.155762,-1.890137,0.741699,-0.156147,-0.026646,-0.310962,chewing,0.725000,68.182,non_chewing
1981622.0,-0.161133,-1.882324,0.748047,-0.159345,-0.031443,-0.324551,chewing,0.725000,68.182,non_chewing
1981632.0,-0.155273,-1.880371,0.760254,-0.161476,-0.041568,-0.324551,chewing,0.725000,68.182,non_chewing
1981642.0,-0.160156,-1.878906,0.762695,-0.156413,-0.041302,-0.302435,chewing,0.725000,68.182,non_chewing
1981652.0,-0.154297,-1.888672,0.761719,-0.16494,-0.041568,-0.257403,chewing,0.725000,68.182,non_chewing
1981662.0,-0.190918,-1.868164,0.753906,-0.193985,-0.017587,-0.258735,chewing,0.725000,68.182,non_chewing
1981672.0,-0.154297,-1.890137,0.742187,-0.167072,-0.03091,-0.20491,chewing,0.725000,68.182,non_chewing
1981682.0,-0.155273,-1.895508,0.742676,-0.145489,-0.027712,-0.170802,chewing,0.725000,68.182,non_chewing
1981692.0,-0.164551,-1.894531,0.753906,-0.144956,-0.057556,-0.145222,chewing,0.725000,68.182,non_chewing
1981702.0,-0.149414,-1.911133,0.746582,-0.119642,-0.061553,-0.127369,chewing,0.725000,68.182,non_chewing
1981712.0,-0.148926,-1.901367,0.734375,-0.098591,-0.071945,-0.108983,chewing,0.725000,68.182,non_chewing
1981722.0,-0.139648,-1.900879,0.746582,-0.083669,-0.060487,-0.090864,chewing,0.725000,68.182,non_chewing
1981732.0,-0.142578,-1.913574,0.753418,-0.061819,-0.078606,-0.058888,chewing,0.725000,68.182,non_chewing
1981742.0,-0.118164,-1.886719,0.739746,-0.074077,-0.059688,-0.059421,chewing,0.725000,68.182,non_chewing
1981752.0,-0.133301,-1.89209,0.743652,-0.098591,-0.022916,-0.062086,chewing,0.725000,68.182,non_chewing
1981762.0,-0.129395,-1.89209,0.739746,-0.10925,-0.038637,-0.058089,chewing,0.725000,68.182,non_chewing
1981772.0,-0.129883,-1.897949,0.745605,-0.117243,-0.059155,-0.058355,chewing,0.725000,68.182,non_chewing
1981782.0,-0.130859,-1.893066,0.759277,-0.104453,-0.088199,-0.033041,chewing,0.725000,68.182,non_chewing
1981792.0,-0.130859,-1.897949,0.75293,-0.115378,-0.112714,0.007994,chewing,0.725000,68.182,non_chewing
1981802.0,-0.125,-1.910645,0.753418,-0.105519,-0.106851,-0.005596,chewing,0.725000,68.182,non_chewing
1981812.0,-0.118652,-1.90918,0.754395,-0.12577,-0.086867,-0.014655,chewing,0.725000,68.182,non_chewing
1981822.0,-0.118652,-1.897461,0.749023,-0.12124,-0.066882,-0.010126,chewing,0.725000,68.182,non_chewing
1981832.0,-0.129883,-1.894531,0.731445,-0.12657,-0.059688,-0.024781,chewing,0.725000,68.182,non_chewing
1981842.0,-0.109863,-1.910156,0.73877,-0.122839,-0.060487,-0.005063,chewing,0.725000,68.182,non_chewing
1981852.0,-0.111328,-1.90625,0.729492,-0.115112,-0.042368,-0.006395,chewing,0.725000,68.182,non_chewing
1981862.0,-0.102539,-1.916992,0.721191,-0.109783,-0.062352,-0.000266,chewing,0.725000,68.182,non_chewing
1981872.0,-0.117676,-1.915039,0.736816,-0.116711,-0.045032,-0.033574,chewing,0.725000,68.182,non_chewing
1981882.0,-0.111816,-1.916504,0.725586,-0.108184,-0.074343,0.002398,chewing,1.000000,96.774,non_chewing
1981892.0,-0.10791,-1.90625,0.714355,-0.111914,-0.085801,0.009593,chewing,1.000000,96.774,non_chewing
1981902.0,-0.104492,-1.898926,0.734863,-0.095127,-0.108184,0.06555,chewing,1.000000,96.774,non_chewing
1981912.0,-0.126465,-1.910156,0.730469,-0.101522,-0.122573,0.089531,chewing,1.000000,96.774,non_chewing
1981922.0,-0.125,-1.908691,0.719238,-0.110049,-0.133764,0.065816,chewing,1.000000,96.774,non_chewing
1981932.0,-0.129395,-1.914551,0.722168,-0.116711,-0.128968,0.067149,chewing,1.000000,96.774,non_chewing
1981942.0,-0.130371,-1.923828,0.731934,-0.106851,-0.142824,0.039969,chewing,1.000000,96.774,non_chewing
1981952.0,-0.137695,-1.918457,0.709961,-0.106851,-0.139626,0.015988,chewing,1.000000,96.774,non_chewing
1981962.0,-0.138672,-1.907715,0.727051,-0.11298,-0.128435,-0.023449,chewing,1.000000,96.774,non_chewing
1981972.0,-0.136719,-1.908691,0.720215,-0.089531,-0.133231,-0.012524,chewing,1.000000,96.774,non_chewing
1981982.0,-0.146973,-1.912598,0.717285,-0.090064,-0.144956,-0.024248,chewing,1.000000,96.774,non_chewing
1981992.0,-0.137207,-1.91748,0.715332,-0.084469,-0.113513,-0.033041,chewing,1.000000,96.774,non_chewing
1982002.0,-0.138184,-1.92041,0.703125,-0.033841,-0.118043,-0.038637,chewing,1.000000,96.774,non_chewing
1982012.0,-0.131348,-1.906738,0.710449,-0.062885,-0.087666,-0.101789,chewing,1.000000,96.774,non_chewing
1982022.0,-0.136719,-1.90625,0.715332,-0.075942,-0.047164,-0.116977,chewing,1.000000,96.774,non_chewing
1982032.0,-0.142578,-1.918457,0.705078,-0.060753,-0.041035,-0.127103,chewing,1.000000,96.774,non_chewing
1982042.0,-0.13623,-1.910156,0.709961,-0.055691,-0.023449,-0.142557,chewing,1.000000,96.774,non_chewing
1982052.0,-0.134766,-1.908691,0.71582,-0.070879,-0.00826,-0.137495,chewing,1.000000,96.774,non_chewing
1982062.0,-0.135742,-1.904785,0.712891,-0.068481,-0.005862,-0.114579,chewing,1.000000,96.774,non_chewing
1982072.0,-0.121582,-1.930664,0.716797,-0.048763,-0.010658,-0.077807,chewing,1.000000,96.774,non_chewing
1982082.0,-0.107422,-1.92041,0.710937,-0.04743,-0.00373,-0.085801,chewing,1.000000,96.774,non_chewing
1982092.0,-0.109863,-1.919434,0.708496,-0.034107,0.021583,-0.086067,chewing,1.000000,96.774,non_chewing
1982102.0,-0.106445,-1.919434,0.704102,-0.055158,0.057289,-0.093262,chewing,1.000000,96.774,non_chewing
1982112.0,-0.116699,-1.929688,0.696777,-0.038104,0.02558,-0.047697,chewing,1.000000,96.774,non_chewing
1982122.0,-0.112793,-1.9375,0.706055,-0.037838,0.042368,-0.009326,chewing,1.000000,96.774,non_chewing
1982132.0,-0.119141,-1.928711,0.698242,-0.022649,0.031709,0.007194,chewing,1.000000,96.774,non_chewing
1982142.0,-0.122559,-1.917969,0.706543,-0.010392,0.033574,0.027979,chewing,1.000000,96.774,non_chewing
1982152.0,-0.113281,-1.896973,0.70166,-0.017054,0.044499,0.034107,chewing,1.000000,96.774,non_chewing
1982162.0,-0.102539,-1.893066,0.72168,-0.051427,0.071145,0.012524,chewing,1.000000,96.774,non_chewing
1982172.0,-0.123535,-1.910156,0.716797,-0.053026,0.075142,0.013323,chewing,1.000000,96.774,non_chewing
1982182.0,-0.106934,-1.895508,0.728027,-0.047697,0.069813,-0.006928,chewing,1.000000,96.774,non_chewing
1982192.0,-0.124023,-1.893555,0.735352,-0.053559,0.042101,0.003198,chewing,1.000000,96.774,non_chewing
1982202.0,-0.115723,-1.913574,0.723145,-0.046897,0.029577,0.01359,chewing,1.000000,96.774,non_chewing
1982212.0,-0.112305,-1.925293,0.730957,-0.049029,-0.002665,0.010392,chewing,1.000000,96.774,non_chewing
1982222.0,-0.124023,-1.910156,0.724121,-0.047963,-0.025847,0.016254,chewing,1.000000,96.774,non_chewing
1982232.0,-0.125,-1.922363,0.719727,-0.026646,-0.034907,0.019718,chewing,1.000000,96.774,non_chewing
1982242.0,-0.121582,-1.913086,0.703613,-0.025314,-0.03464,0.041302,chewing,1.000000,96.774,non_chewing
1982252.0,-0.133301,-1.92041,0.716797,-0.035706,-0.047697,0.050894,chewing,1.000000,96.774,non_chewing
1982262.0,-0.129395,-1.920898,0.709473,-0.031176,-0.023182,0.03464,chewing,1.000000,96.774,non_chewing
1982272.0,-0.125977,-1.922363,0.700684,-0.041035,-0.005862,-0.014655,chewing,1.000000,96.774,non_chewing
1982282.0,-0.129883,-1.913574,0.704102,-0.040502,0.016787,-0.062885,chewing,1.000000,96.774,non_chewing
1982292.0,-0.128418,-1.90625,0.704102,-0.027446,0.027446,-0.069813,chewing,1.000000,96.774,non_chewing
1982302.0,-0.118652,-1.908203,0.720703,-0.032508,0.043966,-0.056757,chewing,1.000000,96.774,non_chewing
1982312.0,-0.129883,-1.916016,0.70459,-0.014123,0.029577,-0.056224,chewing,1.000000,96.774,non_chewing
1982322.0,-0.131348,-1.910156,0.70166,-0.01279,0.052493,-0.020251,chewing,1.000000,96.774,non_chewing
1982332.0,-0.128906,-1.915039,0.702637,-0.003997,0.05649,-0.00453,chewing,1.000000,96.774,non_chewing
1982342.0,-0.137695,-1.918945,0.70166,0.007994,0.050894,-0.03544,chewing,1.000000,96.774,non_chewing
1982352.0,-0.141602,-1.916016,0.712402,0.003997,0.066616,-0.081804,chewing,1.000000,96.774,non_chewing
1982362.0,-0.130859,-1.919922,0.701172,0.007994,0.092196,-0.10845,chewing,1.000000,96.774,non_chewing
1982372.0,-0.116699,-1.907227,0.713379,0.012257,0.095127,-0.110848,chewing,1.000000,96.774,non_chewing
1982382.0,-0.095703,-1.924805,0.707031,-0.000266,0.118309,-0.127902,chewing,1.000000,96.774,non_chewing
1982392.0,-0.112793,-1.910645,0.711914,-0.054358,0.084469,-0.083136,chewing,1.000000,96.774,non_chewing
1982402.0,-0.133789,-1.922363,0.69873,-0.032242,0.080738,-0.022116,chewing,1.000000,96.774,non_chewing
1982412.0,-0.11084,-1.919922,0.700195,-0.03464,0.067948,-0.007461,chewing,1.000000,96.774,non_chewing
1982422.0,-0.11084,-1.925781,0.716309,-0.015455,0.074609,-0.026113,chewing,1.000000,96.774,non_chewing
1982432.0,-0.12793,-1.90918,0.718262,-0.015188,0.063418,-0.028245,chewing,1.000000,96.774,non_chewing
1982442.0,-0.119629,-1.902344,0.72998,-0.002665,0.078074,-0.032242,chewing,1.000000,96.774,non_chewing
1982452.0,-0.111328,-1.898438,0.71875,-0.009859,0.093262,-0.063951,chewing,1.000000,96.774,non_chewing
1982462.0,-0.100098,-1.927246,0.708984,-0.007994,0.101256,-0.068481,chewing,1.000000,96.774,non_chewing
1982472.0,-0.089355,-1.887695,0.708984,-0.013323,0.145489,-0.153749,chewing,1.000000,96.774,non_chewing
1982482.0,-0.097656,-1.897949,0.743164,-0.061286,0.099391,-0.098058,chewing,1.000000,96.774,non_chewing
1982492.0,-0.10498,-1.929199,0.707031,-0.018119,0.079672,-0.085268,chewing,1.000000,96.774,non_chewing
1982502.0,-0.095215,-1.931152,0.71875,-0.023182,0.080205,-0.10392,chewing,1.000000,96.774,non_chewing
1982512.0,-0.108887,-1.902832,0.711914,-0.015988,0.059421,-0.081538,chewing,1.000000,96.774,non_chewing
1982522.0,-0.122559,-1.90332,0.724609,-0.013323,0.063152,-0.043167,chewing,1.000000,96.774,non_chewing
1982532.0,-0.109863,-1.913086,0.720215,-0.012524,0.059155,-0.034107,chewing,1.000000,96.774,non_chewing
1982542.0,-0.114258,-1.913086,0.726562,-0.012257,0.047164,-0.023449,chewing,1.000000,96.774,non_chewing
1982552.0,-0.098145,-1.919922,0.72168,0.000533,0.029311,-0.010126,chewing,1.000000,96.774,non_chewing
1982562.0,-0.103516,-1.927246,0.713867,-0.012257,0.032242,-0.003997,chewing,1.000000,96.774,non_chewing
1982572.0,-0.100586,-1.915527,0.720215,-0.017054,0.02558,-0.007194,chewing,1.000000,96.774,non_chewing
1982582.0,-0.11084,-1.91748,0.71875,-0.014922,0.01359,-0.020518,chewing,1.000000,96.774,non_chewing
1982592.0,-0.103027,-1.910156,0.715332,-0.028778,0.031443,-0.050095,chewing,1.000000,96.774,non_chewing
1982602.0,-0.11377,-1.906738,0.725098,-0.014922,0.039703,-0.040769,chewing,1.000000,96.774,non_chewing
1982612.0,-0.112305,-1.924805,0.712402,-0.00826,0.052227,-0.043167,chewing,1.000000,96.774,non_chewing
1982622.0,-0.109375,-1.910645,0.710937,0.001066,0.05196,-0.030377,chewing,1.000000,96.774,non_chewing
1982632.0,-0.131836,-1.910645,0.711914,0.011724,0.046098,-0.023982,chewing,1.000000,96.774,non_chewing
1982642.0,-0.125977,-1.916992,0.700684,-0.000266,0.054625,-0.005063,chewing,1.000000,96.774,non_chewing
1982652.0,-0.123047,-1.913574,0.70459,0.004796,0.053026,-0.014123,chewing,1.000000,96.774,non_chewing
1982662.0,-0.118652,-1.914063,0.712402,0.00453,0.067681,-0.030377,chewing,1.000000,96.774,non_chewing
1982672.0,-0.128418,-1.917969,0.714355,0.006395,0.080472,-0.016254,chewing,1.000000,96.774,non_chewing
1982682.0,-0.125977,-1.911621,0.716797,0.000266,0.080205,-0.013057,chewing,1.000000,96.774,non_chewing
1982692.0,-0.116699,-1.922363,0.710937,0.001066,0.079139,-0.007994,chewing,1.000000,96.774,non_chewing
1982702.0,-0.11377,-1.932617,0.707031,0.001066,0.09193,-0.039703,chewing,1.000000,96.774,non_chewing
1982712.0,-0.114746,-1.919434,0.700195,0.005862,0.088466,-0.03091,chewing,1.000000,96.774,non_chewing
1982722.0,-0.122559,-1.919922,0.701172,0.002665,0.078606,-0.040236,chewing,1.000000,96.774,non_chewing
1982732.0,-0.125488,-1.919434,0.696289,0.00453,0.083136,-0.015188,chewing,1.000000,96.774,non_chewing
1982742.0,-0.121094,-1.92334,0.70166,0.01359,0.093262,-0.005596,chewing,1.000000,96.774,non_chewing
1982752.0,-0.125488,-1.916992,0.700684,0.018652,0.095127,-0.016521,chewing,1.000000,96.774,non_chewing
1982762.0,-0.113281,-1.912598,0.702637,0.035706,0.107917,-0.017054,chewing,1.000000,96.774,non_chewing
1982772.0,-0.111328,-1.909668,0.722168,0.02185,0.10845,0.013856,chewing,1.000000,96.774,non_chewing
1982782.0,-0.119141,-1.910645,0.709473,0.043966,0.101522,0.01359,chewing,1.000000,96.774,non_chewing
1982792.0,-0.108887,-1.916016,0.706543,0.028245,0.120974,0.019185,chewing,1.000000,96.774,non_chewing
1982802.0,-0.103516,-1.911133,0.71582,0.016787,0.127636,0.027712,chewing,1.000000,96.774,non_chewing
1982812.0,-0.112793,-1.923828,0.717773,0.014389,0.127636,0.01359,chewing,1.000000,96.774,non_chewing
1982822.0,-0.104492,-1.929688,0.706543,0.001865,0.1311,0.019185,chewing,1.000000,96.774,non_chewing
1982832.0,-0.09082,-1.92627,0.712891,0.011724,0.115911,0.034107,chewing,1.000000,96.774,non_chewing
1982842.0,-0.10791,-1.923828,0.713867,0.026113,0.120175,0.043433,chewing,1.000000,96.774,non_chewing
1982852.0,-0.11377,-1.921875,0.712402,0.028778,0.109516,0.075409,chewing,1.000000,96.774,non_chewing
1982862.0,-0.111328,-1.92627,0.724121,0.027179,0.090597,0.096459,chewing,1.000000,96.774,non_chewing
1982872.0,-0.097656,-1.929688,0.709473,0.051427,0.075675,0.134031,chewing,1.000000,96.774,non_chewing
1982882.0,-0.099609,-1.92334,0.726562,0.032775,0.074343,0.159877,chewing,1.000000,96.774,non_chewing
1982892.0,-0.103516,-1.914551,0.708984,0.032242,0.084735,0.205443,chewing,1.000000,96.774,non_chewing
1982902.0,-0.112793,-1.874512,0.712402,-0.124971,0.005596,0.24408,chewing,1.000000,68.966,non_chewing
1982912.0,-0.132324,-1.927246,0.716797,0.014389,0.082603,0.318689,chewing,1.000000,68.966,non_chewing
1982922.0,-0.114258,-1.893555,0.724609,0.011191,0.081271,0.273657,chewing,1.000000,68.966,non_chewing
1982932.0,-0.120117,-1.904297,0.73584,-0.020784,0.09566,0.272591,chewing,1.000000,68.966,non_chewing
1982942.0,-0.130859,-1.912598,0.726562,-0.024248,0.094328,0.219299,chewing,1.000000,68.966,non_chewing
1982952.0,-0.126465,-1.903809,0.742187,-0.014655,0.080472,0.179596,chewing,1.000000,68.966,non_chewing
1982962.0,-0.133301,-1.899902,0.739746,-0.002931,0.081005,0.142557,chewing,1.000000,68.966,non_chewing
1982972.0,-0.136719,-1.892578,0.745117,0.013856,0.085002,0.093795,chewing,1.000000,68.966,non_chewing
1982982.0,-0.132812,-1.897949,0.754883,0.019452,0.06475,0.092995,chewing,1.000000,68.966,non_chewing
1982992.0,-0.141602,-1.907715,0.737305,0.011458,0.049828,0.093528,chewing,1.000000,68.966,non_chewing
1983002.0,-0.147949,-1.898438,0.737793,0.016787,0.024515,0.13936,chewing,1.000000,68.966,non_chewing
1983012.0,-0.164551,-1.900879,0.742187,0.032242,-0.007194,0.154282,chewing,1.000000,68.966,non_chewing
1983022.0,-0.157715,-1.897461,0.736816,0.029311,-0.036772,0.168138,chewing,1.000000,68.966,non_chewing
1983032.0,-0.159668,-1.901855,0.720703,0.039703,-0.075675,0.150285,chewing,1.000000,68.966,non_chewing
1983042.0,-0.141113,-1.92334,0.732422,0.031176,-0.09193,0.132965,chewing,1.000000,68.966,non_chewing
1983052.0,-0.149414,-1.912598,0.723145,0.021317,-0.101789,0.080738,chewing,1.000000,68.966,non_chewing
1983062.0,-0.161621,-1.901367,0.733398,0.018652,-0.118309,0.082603,chewing,1.000000,68.966,non_chewing
1983072.0,-0.160156,-1.907715,0.729492,0.013323,-0.130567,0.076475,chewing,1.000000,68.966,non_chewing
1983082.0,-0.154297,-1.891113,0.735352,0.021051,-0.120441,0.053825,chewing,1.000000,68.966,non_chewing
1983092.0,-0.181641,-1.899414,0.742187,0.014922,-0.107384,0.070346,chewing,1.000000,68.966,non_chewing
1983102.0,-0.174316,-1.901367,0.731445,0.030643,-0.074609,0.048763,chewing,1.000000,68.966,non_chewing
1983112.0,-0.173828,-1.910645,0.726074,0.039703,-0.057289,0.029577,chewing,1.000000,68.966,non_chewing
1983122.0,-0.177246,-1.914063,0.706055,0.033841,-0.015988,-0.048763,chewing,1.000000,68.966,non_chewing
1983132.0,-0.178223,-1.907715,0.709961,0.02558,0.005862,-0.046631,chewing,1.000000,68.966,non_chewing
1983142.0,-0.17041,-1.917969,0.702148,0.011724,0.034374,-0.080205,chewing,1.000000,68.966,non_chewing
1983152.0,-0.155762,-1.897461,0.707031,-0.001332,0.053292,-0.107651,chewing,1.000000,68.966,non_chewing
1983162.0,-0.166504,-1.904297,0.719727,-0.013057,0.069014,-0.102055,chewing,1.000000,68.966,non_chewing
1983172.0,-0.13623,-1.923828,0.706055,-0.026913,0.075675,-0.09566,chewing,1.000000,68.966,non_chewing
1983182.0,-0.129395,-1.918945,0.705078,-0.034907,0.062352,-0.111381,chewing,1.000000,68.966,non_chewing
1983192.0,-0.14209,-1.916992,0.716797,-0.050894,0.057822,-0.098591,chewing,1.000000,68.966,non_chewing
1983202.0,-0.13916,-1.92041,0.720215,-0.06102,0.042101,-0.065017,chewing,1.000000,68.966,non_chewing
1983212.0,-0.120605,-1.915527,0.712402,-0.058888,0.027179,-0.077541,chewing,1.000000,68.966,non_chewing
1983222.0,-0.139648,-1.929199,0.722656,-0.054891,0.033308,-0.077807,chewing,1.000000,68.966,non_chewing
1983232.0,-0.143555,-1.90918,0.711914,-0.052493,0.038637,-0.056224,chewing,1.000000,68.966,non_chewing
1983242.0,-0.144531,-1.92041,0.731934,-0.038904,0.043433,-0.052493,chewing,1.000000,68.966,non_chewing
1983252.0,-0.152832,-1.910156,0.731934,-0.027712,0.050095,-0.027446,chewing,1.000000,68.966,non_chewing
1983262.0,-0.141113,-1.910156,0.710449,-0.028778,0.058355,0.014389,chewing,1.000000,68.966,non_chewing
1983272.0,-0.131836,-1.92334,0.716309,-0.020518,0.061819,0.01732,chewing,1.000000,68.966,non_chewing
1983282.0,-0.127441,-1.914551,0.730469,-0.032508,0.087933,-0.006395,chewing,1.000000,68.966,non_chewing
